county,precinct,office,district,candidate,party,votes
Madison,City of Oneida 1,State Proposition One,,Yes,,252
Madison,City of Oneida 1,State Proposition One,,No,,169
Madison,City of Oneida 1,State Proposition One,,Under Votes,,22
Madison,City of Oneida 1,State Proposition One,,Over Votes,,0
Madison,City of Oneida 2,State Proposition One,,Yes,,184
Madison,City of Oneida 2,State Proposition One,,No,,120
Madison,City of Oneida 2,State Proposition One,,Under Votes,,14
Madison,City of Oneida 2,State Proposition One,,Over Votes,,1
Madison,City of Oneida 3,State Proposition One,,Yes,,240
Madison,City of Oneida 3,State Proposition One,,No,,144
Madison,City of Oneida 3,State Proposition One,,Under Votes,,17
Madison,City of Oneida 3,State Proposition One,,Over Votes,,0
Madison,City of Oneida 4,State Proposition One,,Yes,,58
Madison,City of Oneida 4,State Proposition One,,No,,31
Madison,City of Oneida 4,State Proposition One,,Under Votes,,0
Madison,City of Oneida 4,State Proposition One,,Over Votes,,0
Madison,City of Oneida 5,State Proposition One,,Yes,,65
Madison,City of Oneida 5,State Proposition One,,No,,61
Madison,City of Oneida 5,State Proposition One,,Under Votes,,4
Madison,City of Oneida 5,State Proposition One,,Over Votes,,0
Madison,City of Oneida 6,State Proposition One,,Yes,,65
Madison,City of Oneida 6,State Proposition One,,No,,56
Madison,City of Oneida 6,State Proposition One,,Under Votes,,7
Madison,City of Oneida 6,State Proposition One,,Over Votes,,0
Madison,Town of Brookfield 1,State Proposition One,,Yes,,40
Madison,Town of Brookfield 1,State Proposition One,,No,,29
Madison,Town of Brookfield 1,State Proposition One,,Under Votes,,4
Madison,Town of Brookfield 1,State Proposition One,,Over Votes,,0
Madison,Town of Brookfield 2,State Proposition One,,Yes,,100
Madison,Town of Brookfield 2,State Proposition One,,No,,81
Madison,Town of Brookfield 2,State Proposition One,,Under Votes,,52
Madison,Town of Brookfield 2,State Proposition One,,Over Votes,,0
Madison,Town of Brookfield 3,State Proposition One,,Yes,,91
Madison,Town of Brookfield 3,State Proposition One,,No,,69
Madison,Town of Brookfield 3,State Proposition One,,Under Votes,,5
Madison,Town of Brookfield 3,State Proposition One,,Over Votes,,0
Madison,Town of Cazenovia 1,State Proposition One,,Yes,,111
Madison,Town of Cazenovia 1,State Proposition One,,No,,52
Madison,Town of Cazenovia 1,State Proposition One,,Under Votes,,5
Madison,Town of Cazenovia 1,State Proposition One,,Over Votes,,0
Madison,Town of Cazenovia 2,State Proposition One,,Yes,,157
Madison,Town of Cazenovia 2,State Proposition One,,No,,41
Madison,Town of Cazenovia 2,State Proposition One,,Under Votes,,13
Madison,Town of Cazenovia 2,State Proposition One,,Over Votes,,0
Madison,Town of Cazenovia 3,State Proposition One,,Yes,,152
Madison,Town of Cazenovia 3,State Proposition One,,No,,45
Madison,Town of Cazenovia 3,State Proposition One,,Under Votes,,12
Madison,Town of Cazenovia 3,State Proposition One,,Over Votes,,0
Madison,Town of Cazenovia 4,State Proposition One,,Yes,,230
Madison,Town of Cazenovia 4,State Proposition One,,No,,46
Madison,Town of Cazenovia 4,State Proposition One,,Under Votes,,12
Madison,Town of Cazenovia 4,State Proposition One,,Over Votes,,0
Madison,Town of Cazenovia 5,State Proposition One,,Yes,,158
Madison,Town of Cazenovia 5,State Proposition One,,No,,44
Madison,Town of Cazenovia 5,State Proposition One,,Under Votes,,4
Madison,Town of Cazenovia 5,State Proposition One,,Over Votes,,0
Madison,Town of Cazenovia 6,State Proposition One,,Yes,,116
Madison,Town of Cazenovia 6,State Proposition One,,No,,41
Madison,Town of Cazenovia 6,State Proposition One,,Under Votes,,5
Madison,Town of Cazenovia 6,State Proposition One,,Over Votes,,0
Madison,Town of DeRuyter 1,State Proposition One,,Yes,,142
Madison,Town of DeRuyter 1,State Proposition One,,No,,92
Madison,Town of DeRuyter 1,State Proposition One,,Under Votes,,13
Madison,Town of DeRuyter 1,State Proposition One,,Over Votes,,0
Madison,Town of Eaton 1,State Proposition One,,Yes,,162
Madison,Town of Eaton 1,State Proposition One,,No,,96
Madison,Town of Eaton 1,State Proposition One,,Under Votes,,10
Madison,Town of Eaton 1,State Proposition One,,Over Votes,,0
Madison,Town of Eaton 2,State Proposition One,,Yes,,126
Madison,Town of Eaton 2,State Proposition One,,No,,84
Madison,Town of Eaton 2,State Proposition One,,Under Votes,,9
Madison,Town of Eaton 2,State Proposition One,,Over Votes,,0
Madison,Town of Fenner 1,State Proposition One,,Yes,,146
Madison,Town of Fenner 1,State Proposition One,,No,,90
Madison,Town of Fenner 1,State Proposition One,,Under Votes,,10
Madison,Town of Fenner 1,State Proposition One,,Over Votes,,0
Madison,Town of Georgetown 1,State Proposition One,,Yes,,30
Madison,Town of Georgetown 1,State Proposition One,,No,,44
Madison,Town of Georgetown 1,State Proposition One,,Under Votes,,3
Madison,Town of Georgetown 1,State Proposition One,,Over Votes,,0
Madison,Town of Hamilton 1,State Proposition One,,Yes,,163
Madison,Town of Hamilton 1,State Proposition One,,No,,48
Madison,Town of Hamilton 1,State Proposition One,,Under Votes,,10
Madison,Town of Hamilton 1,State Proposition One,,Over Votes,,0
Madison,Town of Hamilton 2,State Proposition One,,Yes,,161
Madison,Town of Hamilton 2,State Proposition One,,No,,49
Madison,Town of Hamilton 2,State Proposition One,,Under Votes,,12
Madison,Town of Hamilton 2,State Proposition One,,Over Votes,,0
Madison,Town of Hamilton 3,State Proposition One,,Yes,,44
Madison,Town of Hamilton 3,State Proposition One,,No,,18
Madison,Town of Hamilton 3,State Proposition One,,Under Votes,,3
Madison,Town of Hamilton 3,State Proposition One,,Over Votes,,0
Madison,Town of Hamilton 4,State Proposition One,,Yes,,125
Madison,Town of Hamilton 4,State Proposition One,,No,,62
Madison,Town of Hamilton 4,State Proposition One,,Under Votes,,8
Madison,Town of Hamilton 4,State Proposition One,,Over Votes,,0
Madison,Town of Lebanon 1,State Proposition One,,Yes,,54
Madison,Town of Lebanon 1,State Proposition One,,No,,56
Madison,Town of Lebanon 1,State Proposition One,,Under Votes,,3
Madison,Town of Lebanon 1,State Proposition One,,Over Votes,,0
Madison,Town of Lebanon 2,State Proposition One,,Yes,,90
Madison,Town of Lebanon 2,State Proposition One,,No,,48
Madison,Town of Lebanon 2,State Proposition One,,Under Votes,,8
Madison,Town of Lebanon 2,State Proposition One,,Over Votes,,0
Madison,Town of Lenox 1,State Proposition One,,Yes,,212
Madison,Town of Lenox 1,State Proposition One,,No,,184
Madison,Town of Lenox 1,State Proposition One,,Under Votes,,12
Madison,Town of Lenox 1,State Proposition One,,Over Votes,,0
Madison,Town of Lenox 2,State Proposition One,,Yes,,117
Madison,Town of Lenox 2,State Proposition One,,No,,83
Madison,Town of Lenox 2,State Proposition One,,Under Votes,,14
Madison,Town of Lenox 2,State Proposition One,,Over Votes,,0
Madison,Town of Lenox 3,State Proposition One,,Yes,,193
Madison,Town of Lenox 3,State Proposition One,,No,,110
Madison,Town of Lenox 3,State Proposition One,,Under Votes,,27
Madison,Town of Lenox 3,State Proposition One,,Over Votes,,0
Madison,Town of Lenox 4,State Proposition One,,Yes,,157
Madison,Town of Lenox 4,State Proposition One,,No,,77
Madison,Town of Lenox 4,State Proposition One,,Under Votes,,12
Madison,Town of Lenox 4,State Proposition One,,Over Votes,,0
Madison,Town of Lenox 5,State Proposition One,,Yes,,189
Madison,Town of Lenox 5,State Proposition One,,No,,117
Madison,Town of Lenox 5,State Proposition One,,Under Votes,,13
Madison,Town of Lenox 5,State Proposition One,,Over Votes,,0
Madison,Town of Lenox 6,State Proposition One,,Yes,,65
Madison,Town of Lenox 6,State Proposition One,,No,,50
Madison,Town of Lenox 6,State Proposition One,,Under Votes,,12
Madison,Town of Lenox 6,State Proposition One,,Over Votes,,0
Madison,Town of Lincoln 1,State Proposition One,,Yes,,70
Madison,Town of Lincoln 1,State Proposition One,,No,,48
Madison,Town of Lincoln 1,State Proposition One,,Under Votes,,5
Madison,Town of Lincoln 1,State Proposition One,,Over Votes,,0
Madison,Town of Lincoln 2,State Proposition One,,Yes,,34
Madison,Town of Lincoln 2,State Proposition One,,No,,29
Madison,Town of Lincoln 2,State Proposition One,,Under Votes,,4
Madison,Town of Lincoln 2,State Proposition One,,Over Votes,,0
Madison,Town of Madison 1,State Proposition One,,Yes,,195
Madison,Town of Madison 1,State Proposition One,,No,,95
Madison,Town of Madison 1,State Proposition One,,Under Votes,,14
Madison,Town of Madison 1,State Proposition One,,Over Votes,,0
Madison,Town of Madison 2,State Proposition One,,Yes,,123
Madison,Town of Madison 2,State Proposition One,,No,,65
Madison,Town of Madison 2,State Proposition One,,Under Votes,,10
Madison,Town of Madison 2,State Proposition One,,Over Votes,,0
Madison,Town of Nelson 1,State Proposition One,,Yes,,142
Madison,Town of Nelson 1,State Proposition One,,No,,65
Madison,Town of Nelson 1,State Proposition One,,Under Votes,,14
Madison,Town of Nelson 1,State Proposition One,,Over Votes,,0
Madison,Town of Nelson 2,State Proposition One,,Yes,,179
Madison,Town of Nelson 2,State Proposition One,,No,,88
Madison,Town of Nelson 2,State Proposition One,,Under Votes,,32
Madison,Town of Nelson 2,State Proposition One,,Over Votes,,0
Madison,Town of Smithfield 1,State Proposition One,,Yes,,83
Madison,Town of Smithfield 1,State Proposition One,,No,,44
Madison,Town of Smithfield 1,State Proposition One,,Under Votes,,1
Madison,Town of Smithfield 1,State Proposition One,,Over Votes,,0
Madison,Town of Stockbridge 1,State Proposition One,,Yes,,57
Madison,Town of Stockbridge 1,State Proposition One,,No,,42
Madison,Town of Stockbridge 1,State Proposition One,,Under Votes,,1
Madison,Town of Stockbridge 1,State Proposition One,,Over Votes,,0
Madison,Town of Stockbridge 2,State Proposition One,,Yes,,89
Madison,Town of Stockbridge 2,State Proposition One,,No,,82
Madison,Town of Stockbridge 2,State Proposition One,,Under Votes,,9
Madison,Town of Stockbridge 2,State Proposition One,,Over Votes,,0
Madison,Town of Sullivan 1,State Proposition One,,Yes,,292
Madison,Town of Sullivan 1,State Proposition One,,No,,137
Madison,Town of Sullivan 1,State Proposition One,,Under Votes,,22
Madison,Town of Sullivan 1,State Proposition One,,Over Votes,,0
Madison,Town of Sullivan 2,State Proposition One,,Yes,,217
Madison,Town of Sullivan 2,State Proposition One,,No,,94
Madison,Town of Sullivan 2,State Proposition One,,Under Votes,,5
Madison,Town of Sullivan 2,State Proposition One,,Over Votes,,0
Madison,Town of Sullivan 3,State Proposition One,,Yes,,160
Madison,Town of Sullivan 3,State Proposition One,,No,,111
Madison,Town of Sullivan 3,State Proposition One,,Under Votes,,5
Madison,Town of Sullivan 3,State Proposition One,,Over Votes,,0
Madison,Town of Sullivan 4,State Proposition One,,Yes,,77
Madison,Town of Sullivan 4,State Proposition One,,No,,30
Madison,Town of Sullivan 4,State Proposition One,,Under Votes,,4
Madison,Town of Sullivan 4,State Proposition One,,Over Votes,,0
Madison,Town of Sullivan 5,State Proposition One,,Yes,,141
Madison,Town of Sullivan 5,State Proposition One,,No,,97
Madison,Town of Sullivan 5,State Proposition One,,Under Votes,,7
Madison,Town of Sullivan 5,State Proposition One,,Over Votes,,0
Madison,Town of Sullivan 6,State Proposition One,,Yes,,197
Madison,Town of Sullivan 6,State Proposition One,,No,,91
Madison,Town of Sullivan 6,State Proposition One,,Under Votes,,10
Madison,Town of Sullivan 6,State Proposition One,,Over Votes,,0
Madison,Town of Sullivan 7,State Proposition One,,Yes,,170
Madison,Town of Sullivan 7,State Proposition One,,No,,82
Madison,Town of Sullivan 7,State Proposition One,,Under Votes,,11
Madison,Town of Sullivan 7,State Proposition One,,Over Votes,,0
Madison,Town of Sullivan 8,State Proposition One,,Yes,,78
Madison,Town of Sullivan 8,State Proposition One,,No,,51
Madison,Town of Sullivan 8,State Proposition One,,Under Votes,,5
Madison,Town of Sullivan 8,State Proposition One,,Over Votes,,0
Madison,Town of Sullivan 9,State Proposition One,,Yes,,118
Madison,Town of Sullivan 9,State Proposition One,,No,,81
Madison,Town of Sullivan 9,State Proposition One,,Under Votes,,6
Madison,Town of Sullivan 9,State Proposition One,,Over Votes,,0
Madison,Town of Sullivan 10,State Proposition One,,Yes,,139
Madison,Town of Sullivan 10,State Proposition One,,No,,88
Madison,Town of Sullivan 10,State Proposition One,,Under Votes,,9
Madison,Town of Sullivan 10,State Proposition One,,Over Votes,,0
Madison,Town of Sullivan 11,State Proposition One,,Yes,,117
Madison,Town of Sullivan 11,State Proposition One,,No,,60
Madison,Town of Sullivan 11,State Proposition One,,Under Votes,,4
Madison,Town of Sullivan 11,State Proposition One,,Over Votes,,0
Madison,City of Oneida 1,Clerk,,Michael T. Keville II,CON,57
Madison,City of Oneida 1,Clerk,,Michael T. Keville II,REP,261
Madison,City of Oneida 1,Clerk,,Write-in,,7
Madison,City of Oneida 1,Clerk,,Under Votes,,118
Madison,City of Oneida 1,Clerk,,Over Votes,,0
Madison,City of Oneida 2,Clerk,,Michael T. Keville II,CON,52
Madison,City of Oneida 2,Clerk,,Michael T. Keville II,REP,187
Madison,City of Oneida 2,Clerk,,Write-in,,4
Madison,City of Oneida 2,Clerk,,Under Votes,,76
Madison,City of Oneida 2,Clerk,,Over Votes,,0
Madison,City of Oneida 3,Clerk,,Michael T. Keville II,CON,83
Madison,City of Oneida 3,Clerk,,Michael T. Keville II,REP,195
Madison,City of Oneida 3,Clerk,,Write-in,,2
Madison,City of Oneida 3,Clerk,,Under Votes,,121
Madison,City of Oneida 3,Clerk,,Over Votes,,0
Madison,City of Oneida 4,Clerk,,Michael T. Keville II,CON,16
Madison,City of Oneida 4,Clerk,,Michael T. Keville II,REP,53
Madison,City of Oneida 4,Clerk,,Write-in,,1
Madison,City of Oneida 4,Clerk,,Under Votes,,19
Madison,City of Oneida 4,Clerk,,Over Votes,,0
Madison,City of Oneida 5,Clerk,,Michael T. Keville II,REP,71
Madison,City of Oneida 5,Clerk,,Michael T. Keville II,CON,25
Madison,City of Oneida 5,Clerk,,Write-in,,2
Madison,City of Oneida 5,Clerk,,Under Votes,,32
Madison,City of Oneida 5,Clerk,,Over Votes,,0
Madison,City of Oneida 6,Clerk,,Michael T. Keville II,REP,79
Madison,City of Oneida 6,Clerk,,Michael T. Keville II,CON,22
Madison,City of Oneida 6,Clerk,,Write-in,,1
Madison,City of Oneida 6,Clerk,,Under Votes,,26
Madison,City of Oneida 6,Clerk,,Over Votes,,0
Madison,Town of Brookfield 1,Clerk,,Michael T. Keville II,REP,44
Madison,Town of Brookfield 1,Clerk,,Michael T. Keville II,CON,18
Madison,Town of Brookfield 1,Clerk,,Write-in,,0
Madison,Town of Brookfield 1,Clerk,,Under Votes,,11
Madison,Town of Brookfield 1,Clerk,,Over Votes,,0
Madison,Town of Brookfield 2,Clerk,,Michael T. Keville II,CON,31
Madison,Town of Brookfield 2,Clerk,,Michael T. Keville II,REP,136
Madison,Town of Brookfield 2,Clerk,,Write-in,,2
Madison,Town of Brookfield 2,Clerk,,Under Votes,,64
Madison,Town of Brookfield 2,Clerk,,Over Votes,,0
Madison,Town of Brookfield 3,Clerk,,Michael T. Keville II,CON,38
Madison,Town of Brookfield 3,Clerk,,Michael T. Keville II,REP,98
Madison,Town of Brookfield 3,Clerk,,Write-in,,0
Madison,Town of Brookfield 3,Clerk,,Under Votes,,29
Madison,Town of Brookfield 3,Clerk,,Over Votes,,0
Madison,Town of Cazenovia 1,Clerk,,Michael T. Keville II,REP,81
Madison,Town of Cazenovia 1,Clerk,,Michael T. Keville II,CON,33
Madison,Town of Cazenovia 1,Clerk,,Write-in,,5
Madison,Town of Cazenovia 1,Clerk,,Under Votes,,49
Madison,Town of Cazenovia 1,Clerk,,Over Votes,,0
Madison,Town of Cazenovia 2,Clerk,,Michael T. Keville II,CON,33
Madison,Town of Cazenovia 2,Clerk,,Michael T. Keville II,REP,85
Madison,Town of Cazenovia 2,Clerk,,Write-in,,3
Madison,Town of Cazenovia 2,Clerk,,Under Votes,,90
Madison,Town of Cazenovia 2,Clerk,,Over Votes,,0
Madison,Town of Cazenovia 3,Clerk,,Michael T. Keville II,REP,84
Madison,Town of Cazenovia 3,Clerk,,Michael T. Keville II,CON,36
Madison,Town of Cazenovia 3,Clerk,,Write-in,,6
Madison,Town of Cazenovia 3,Clerk,,Under Votes,,83
Madison,Town of Cazenovia 3,Clerk,,Over Votes,,0
Madison,Town of Cazenovia 4,Clerk,,Michael T. Keville II,REP,120
Madison,Town of Cazenovia 4,Clerk,,Michael T. Keville II,CON,37
Madison,Town of Cazenovia 4,Clerk,,Write-in,,9
Madison,Town of Cazenovia 4,Clerk,,Under Votes,,122
Madison,Town of Cazenovia 4,Clerk,,Over Votes,,0
Madison,Town of Cazenovia 5,Clerk,,Michael T. Keville II,CON,25
Madison,Town of Cazenovia 5,Clerk,,Michael T. Keville II,REP,98
Madison,Town of Cazenovia 5,Clerk,,Write-in,,5
Madison,Town of Cazenovia 5,Clerk,,Under Votes,,78
Madison,Town of Cazenovia 5,Clerk,,Over Votes,,0
Madison,Town of Cazenovia 6,Clerk,,Michael T. Keville II,REP,67
Madison,Town of Cazenovia 6,Clerk,,Michael T. Keville II,CON,33
Madison,Town of Cazenovia 6,Clerk,,Write-in,,5
Madison,Town of Cazenovia 6,Clerk,,Under Votes,,57
Madison,Town of Cazenovia 6,Clerk,,Over Votes,,0
Madison,Town of DeRuyter 1,Clerk,,Michael T. Keville II,CON,32
Madison,Town of DeRuyter 1,Clerk,,Michael T. Keville II,REP,174
Madison,Town of DeRuyter 1,Clerk,,Write-in,,3
Madison,Town of DeRuyter 1,Clerk,,Under Votes,,38
Madison,Town of DeRuyter 1,Clerk,,Over Votes,,0
Madison,Town of Eaton 1,Clerk,,Michael T. Keville II,CON,52
Madison,Town of Eaton 1,Clerk,,Michael T. Keville II,REP,130
Madison,Town of Eaton 1,Clerk,,Write-in,,14
Madison,Town of Eaton 1,Clerk,,Under Votes,,72
Madison,Town of Eaton 1,Clerk,,Over Votes,,0
Madison,Town of Eaton 2,Clerk,,Michael T. Keville II,CON,43
Madison,Town of Eaton 2,Clerk,,Michael T. Keville II,REP,113
Madison,Town of Eaton 2,Clerk,,Write-in,,7
Madison,Town of Eaton 2,Clerk,,Under Votes,,55
Madison,Town of Eaton 2,Clerk,,Over Votes,,1
Madison,Town of Fenner 1,Clerk,,Michael T. Keville II,REP,133
Madison,Town of Fenner 1,Clerk,,Michael T. Keville II,CON,50
Madison,Town of Fenner 1,Clerk,,Write-in,,6
Madison,Town of Fenner 1,Clerk,,Under Votes,,57
Madison,Town of Fenner 1,Clerk,,Over Votes,,0
Madison,Town of Georgetown 1,Clerk,,Michael T. Keville II,REP,56
Madison,Town of Georgetown 1,Clerk,,Michael T. Keville II,CON,15
Madison,Town of Georgetown 1,Clerk,,Write-in,,0
Madison,Town of Georgetown 1,Clerk,,Under Votes,,6
Madison,Town of Georgetown 1,Clerk,,Over Votes,,0
Madison,Town of Hamilton 1,Clerk,,Michael T. Keville II,REP,43
Madison,Town of Hamilton 1,Clerk,,Michael T. Keville II,CON,28
Madison,Town of Hamilton 1,Clerk,,Write-in,,18
Madison,Town of Hamilton 1,Clerk,,Under Votes,,132
Madison,Town of Hamilton 1,Clerk,,Over Votes,,0
Madison,Town of Hamilton 2,Clerk,,Michael T. Keville II,CON,24
Madison,Town of Hamilton 2,Clerk,,Michael T. Keville II,REP,60
Madison,Town of Hamilton 2,Clerk,,Write-in,,13
Madison,Town of Hamilton 2,Clerk,,Under Votes,,125
Madison,Town of Hamilton 2,Clerk,,Over Votes,,0
Madison,Town of Hamilton 3,Clerk,,Michael T. Keville II,REP,27
Madison,Town of Hamilton 3,Clerk,,Michael T. Keville II,CON,10
Madison,Town of Hamilton 3,Clerk,,Write-in,,2
Madison,Town of Hamilton 3,Clerk,,Under Votes,,26
Madison,Town of Hamilton 3,Clerk,,Over Votes,,0
Madison,Town of Hamilton 4,Clerk,,Michael T. Keville II,REP,76
Madison,Town of Hamilton 4,Clerk,,Michael T. Keville II,CON,29
Madison,Town of Hamilton 4,Clerk,,Write-in,,8
Madison,Town of Hamilton 4,Clerk,,Under Votes,,82
Madison,Town of Hamilton 4,Clerk,,Over Votes,,0
Madison,Town of Lebanon 1,Clerk,,Michael T. Keville II,CON,16
Madison,Town of Lebanon 1,Clerk,,Michael T. Keville II,REP,64
Madison,Town of Lebanon 1,Clerk,,Write-in,,1
Madison,Town of Lebanon 1,Clerk,,Under Votes,,32
Madison,Town of Lebanon 1,Clerk,,Over Votes,,0
Madison,Town of Lebanon 2,Clerk,,Michael T. Keville II,REP,74
Madison,Town of Lebanon 2,Clerk,,Michael T. Keville II,CON,23
Madison,Town of Lebanon 2,Clerk,,Write-in,,2
Madison,Town of Lebanon 2,Clerk,,Under Votes,,47
Madison,Town of Lebanon 2,Clerk,,Over Votes,,0
Madison,Town of Lenox 1,Clerk,,Michael T. Keville II,CON,80
Madison,Town of Lenox 1,Clerk,,Michael T. Keville II,REP,258
Madison,Town of Lenox 1,Clerk,,Write-in,,1
Madison,Town of Lenox 1,Clerk,,Under Votes,,69
Madison,Town of Lenox 1,Clerk,,Over Votes,,0
Madison,Town of Lenox 2,Clerk,,Michael T. Keville II,CON,40
Madison,Town of Lenox 2,Clerk,,Michael T. Keville II,REP,127
Madison,Town of Lenox 2,Clerk,,Write-in,,0
Madison,Town of Lenox 2,Clerk,,Under Votes,,47
Madison,Town of Lenox 2,Clerk,,Over Votes,,0
Madison,Town of Lenox 3,Clerk,,Michael T. Keville II,REP,198
Madison,Town of Lenox 3,Clerk,,Michael T. Keville II,CON,49
Madison,Town of Lenox 3,Clerk,,Write-in,,2
Madison,Town of Lenox 3,Clerk,,Under Votes,,81
Madison,Town of Lenox 3,Clerk,,Over Votes,,0
Madison,Town of Lenox 4,Clerk,,Michael T. Keville II,CON,47
Madison,Town of Lenox 4,Clerk,,Michael T. Keville II,REP,143
Madison,Town of Lenox 4,Clerk,,Write-in,,5
Madison,Town of Lenox 4,Clerk,,Under Votes,,51
Madison,Town of Lenox 4,Clerk,,Over Votes,,0
Madison,Town of Lenox 5,Clerk,,Michael T. Keville II,REP,186
Madison,Town of Lenox 5,Clerk,,Michael T. Keville II,CON,59
Madison,Town of Lenox 5,Clerk,,Write-in,,3
Madison,Town of Lenox 5,Clerk,,Under Votes,,71
Madison,Town of Lenox 5,Clerk,,Over Votes,,0
Madison,Town of Lenox 6,Clerk,,Michael T. Keville II,REP,73
Madison,Town of Lenox 6,Clerk,,Michael T. Keville II,CON,23
Madison,Town of Lenox 6,Clerk,,Write-in,,0
Madison,Town of Lenox 6,Clerk,,Under Votes,,31
Madison,Town of Lenox 6,Clerk,,Over Votes,,0
Madison,Town of Lincoln 1,Clerk,,Michael T. Keville II,REP,77
Madison,Town of Lincoln 1,Clerk,,Michael T. Keville II,CON,25
Madison,Town of Lincoln 1,Clerk,,Write-in,,2
Madison,Town of Lincoln 1,Clerk,,Under Votes,,18
Madison,Town of Lincoln 1,Clerk,,Over Votes,,1
Madison,Town of Lincoln 2,Clerk,,Michael T. Keville II,REP,46
Madison,Town of Lincoln 2,Clerk,,Michael T. Keville II,CON,12
Madison,Town of Lincoln 2,Clerk,,Write-in,,2
Madison,Town of Lincoln 2,Clerk,,Under Votes,,6
Madison,Town of Lincoln 2,Clerk,,Over Votes,,1
Madison,Town of Madison 1,Clerk,,Michael T. Keville II,REP,178
Madison,Town of Madison 1,Clerk,,Michael T. Keville II,CON,41
Madison,Town of Madison 1,Clerk,,Write-in,,7
Madison,Town of Madison 1,Clerk,,Under Votes,,78
Madison,Town of Madison 1,Clerk,,Over Votes,,0
Madison,Town of Madison 2,Clerk,,Michael T. Keville II,REP,101
Madison,Town of Madison 2,Clerk,,Michael T. Keville II,CON,35
Madison,Town of Madison 2,Clerk,,Write-in,,3
Madison,Town of Madison 2,Clerk,,Under Votes,,59
Madison,Town of Madison 2,Clerk,,Over Votes,,0
Madison,Town of Nelson 1,Clerk,,Michael T. Keville II,REP,122
Madison,Town of Nelson 1,Clerk,,Michael T. Keville II,CON,38
Madison,Town of Nelson 1,Clerk,,Write-in,,4
Madison,Town of Nelson 1,Clerk,,Under Votes,,57
Madison,Town of Nelson 1,Clerk,,Over Votes,,0
Madison,Town of Nelson 2,Clerk,,Michael T. Keville II,CON,45
Madison,Town of Nelson 2,Clerk,,Michael T. Keville II,REP,149
Madison,Town of Nelson 2,Clerk,,Write-in,,0
Madison,Town of Nelson 2,Clerk,,Under Votes,,105
Madison,Town of Nelson 2,Clerk,,Over Votes,,0
Madison,Town of Smithfield 1,Clerk,,Michael T. Keville II,CON,22
Madison,Town of Smithfield 1,Clerk,,Michael T. Keville II,REP,73
Madison,Town of Smithfield 1,Clerk,,Write-in,,1
Madison,Town of Smithfield 1,Clerk,,Under Votes,,32
Madison,Town of Smithfield 1,Clerk,,Over Votes,,0
Madison,Town of Stockbridge 1,Clerk,,Michael T. Keville II,CON,16
Madison,Town of Stockbridge 1,Clerk,,Michael T. Keville II,REP,62
Madison,Town of Stockbridge 1,Clerk,,Write-in,,0
Madison,Town of Stockbridge 1,Clerk,,Under Votes,,22
Madison,Town of Stockbridge 1,Clerk,,Over Votes,,0
Madison,Town of Stockbridge 2,Clerk,,Michael T. Keville II,REP,122
Madison,Town of Stockbridge 2,Clerk,,Michael T. Keville II,CON,24
Madison,Town of Stockbridge 2,Clerk,,Write-in,,0
Madison,Town of Stockbridge 2,Clerk,,Under Votes,,34
Madison,Town of Stockbridge 2,Clerk,,Over Votes,,0
Madison,Town of Sullivan 1,Clerk,,Michael T. Keville II,CON,88
Madison,Town of Sullivan 1,Clerk,,Michael T. Keville II,REP,255
Madison,Town of Sullivan 1,Clerk,,Write-in,,8
Madison,Town of Sullivan 1,Clerk,,Under Votes,,100
Madison,Town of Sullivan 1,Clerk,,Over Votes,,0
Madison,Town of Sullivan 2,Clerk,,Michael T. Keville II,REP,188
Madison,Town of Sullivan 2,Clerk,,Michael T. Keville II,CON,50
Madison,Town of Sullivan 2,Clerk,,Write-in,,5
Madison,Town of Sullivan 2,Clerk,,Under Votes,,73
Madison,Town of Sullivan 2,Clerk,,Over Votes,,0
Madison,Town of Sullivan 3,Clerk,,Michael T. Keville II,REP,142
Madison,Town of Sullivan 3,Clerk,,Michael T. Keville II,CON,57
Madison,Town of Sullivan 3,Clerk,,Write-in,,5
Madison,Town of Sullivan 3,Clerk,,Under Votes,,72
Madison,Town of Sullivan 3,Clerk,,Over Votes,,0
Madison,Town of Sullivan 4,Clerk,,Michael T. Keville II,REP,58
Madison,Town of Sullivan 4,Clerk,,Michael T. Keville II,CON,28
Madison,Town of Sullivan 4,Clerk,,Write-in,,0
Madison,Town of Sullivan 4,Clerk,,Under Votes,,25
Madison,Town of Sullivan 4,Clerk,,Over Votes,,0
Madison,Town of Sullivan 5,Clerk,,Michael T. Keville II,REP,126
Madison,Town of Sullivan 5,Clerk,,Michael T. Keville II,CON,45
Madison,Town of Sullivan 5,Clerk,,Write-in,,4
Madison,Town of Sullivan 5,Clerk,,Under Votes,,70
Madison,Town of Sullivan 5,Clerk,,Over Votes,,0
Madison,Town of Sullivan 6,Clerk,,Michael T. Keville II,REP,156
Madison,Town of Sullivan 6,Clerk,,Michael T. Keville II,CON,44
Madison,Town of Sullivan 6,Clerk,,Write-in,,9
Madison,Town of Sullivan 6,Clerk,,Under Votes,,89
Madison,Town of Sullivan 6,Clerk,,Over Votes,,0
Madison,Town of Sullivan 7,Clerk,,Michael T. Keville II,CON,45
Madison,Town of Sullivan 7,Clerk,,Michael T. Keville II,REP,157
Madison,Town of Sullivan 7,Clerk,,Write-in,,4
Madison,Town of Sullivan 7,Clerk,,Under Votes,,57
Madison,Town of Sullivan 7,Clerk,,Over Votes,,0
Madison,Town of Sullivan 8,Clerk,,Michael T. Keville II,CON,26
Madison,Town of Sullivan 8,Clerk,,Michael T. Keville II,REP,65
Madison,Town of Sullivan 8,Clerk,,Write-in,,7
Madison,Town of Sullivan 8,Clerk,,Under Votes,,36
Madison,Town of Sullivan 8,Clerk,,Over Votes,,0
Madison,Town of Sullivan 9,Clerk,,Michael T. Keville II,REP,124
Madison,Town of Sullivan 9,Clerk,,Michael T. Keville II,CON,42
Madison,Town of Sullivan 9,Clerk,,Write-in,,0
Madison,Town of Sullivan 9,Clerk,,Under Votes,,39
Madison,Town of Sullivan 9,Clerk,,Over Votes,,0
Madison,Town of Sullivan 10,Clerk,,Michael T. Keville II,CON,45
Madison,Town of Sullivan 10,Clerk,,Michael T. Keville II,REP,133
Madison,Town of Sullivan 10,Clerk,,Write-in,,7
Madison,Town of Sullivan 10,Clerk,,Under Votes,,51
Madison,Town of Sullivan 10,Clerk,,Over Votes,,0
Madison,Town of Sullivan 11,Clerk,,Michael T. Keville II,REP,92
Madison,Town of Sullivan 11,Clerk,,Michael T. Keville II,CON,44
Madison,Town of Sullivan 11,Clerk,,Write-in,,2
Madison,Town of Sullivan 11,Clerk,,Under Votes,,43
Madison,Town of Sullivan 11,Clerk,,Over Votes,,0
Madison,City of Oneida 1,Sheriff,,Todd Hood,REP,247
Madison,City of Oneida 1,Sheriff,,Todd Hood,CON,61
Madison,City of Oneida 1,Sheriff,,Write-in,,39
Madison,City of Oneida 1,Sheriff,,Under Votes,,96
Madison,City of Oneida 1,Sheriff,,Over Votes,,0
Madison,City of Oneida 2,Sheriff,,Todd Hood,CON,45
Madison,City of Oneida 2,Sheriff,,Todd Hood,REP,173
Madison,City of Oneida 2,Sheriff,,Write-in,,32
Madison,City of Oneida 2,Sheriff,,Under Votes,,69
Madison,City of Oneida 2,Sheriff,,Over Votes,,0
Madison,City of Oneida 3,Sheriff,,Todd Hood,REP,174
Madison,City of Oneida 3,Sheriff,,Todd Hood,CON,73
Madison,City of Oneida 3,Sheriff,,Write-in,,35
Madison,City of Oneida 3,Sheriff,,Under Votes,,119
Madison,City of Oneida 3,Sheriff,,Over Votes,,0
Madison,City of Oneida 4,Sheriff,,Todd Hood,REP,47
Madison,City of Oneida 4,Sheriff,,Todd Hood,CON,11
Madison,City of Oneida 4,Sheriff,,Write-in,,9
Madison,City of Oneida 4,Sheriff,,Under Votes,,22
Madison,City of Oneida 4,Sheriff,,Over Votes,,0
Madison,City of Oneida 5,Sheriff,,Todd Hood,REP,70
Madison,City of Oneida 5,Sheriff,,Todd Hood,CON,22
Madison,City of Oneida 5,Sheriff,,Write-in,,12
Madison,City of Oneida 5,Sheriff,,Under Votes,,26
Madison,City of Oneida 5,Sheriff,,Over Votes,,0
Madison,City of Oneida 6,Sheriff,,Todd Hood,REP,76
Madison,City of Oneida 6,Sheriff,,Todd Hood,CON,19
Madison,City of Oneida 6,Sheriff,,Write-in,,11
Madison,City of Oneida 6,Sheriff,,Under Votes,,22
Madison,City of Oneida 6,Sheriff,,Over Votes,,0
Madison,Town of Brookfield 1,Sheriff,,Todd Hood,CON,20
Madison,Town of Brookfield 1,Sheriff,,Todd Hood,REP,45
Madison,Town of Brookfield 1,Sheriff,,Write-in,,0
Madison,Town of Brookfield 1,Sheriff,,Under Votes,,8
Madison,Town of Brookfield 1,Sheriff,,Over Votes,,0
Madison,Town of Brookfield 2,Sheriff,,Todd Hood,REP,143
Madison,Town of Brookfield 2,Sheriff,,Todd Hood,CON,34
Madison,Town of Brookfield 2,Sheriff,,Write-in,,7
Madison,Town of Brookfield 2,Sheriff,,Under Votes,,48
Madison,Town of Brookfield 2,Sheriff,,Over Votes,,1
Madison,Town of Brookfield 3,Sheriff,,Todd Hood,CON,31
Madison,Town of Brookfield 3,Sheriff,,Todd Hood,REP,105
Madison,Town of Brookfield 3,Sheriff,,Write-in,,11
Madison,Town of Brookfield 3,Sheriff,,Under Votes,,18
Madison,Town of Brookfield 3,Sheriff,,Over Votes,,0
Madison,Town of Cazenovia 1,Sheriff,,Todd Hood,REP,73
Madison,Town of Cazenovia 1,Sheriff,,Todd Hood,CON,22
Madison,Town of Cazenovia 1,Sheriff,,Write-in,,42
Madison,Town of Cazenovia 1,Sheriff,,Under Votes,,31
Madison,Town of Cazenovia 1,Sheriff,,Over Votes,,0
Madison,Town of Cazenovia 2,Sheriff,,Todd Hood,REP,80
Madison,Town of Cazenovia 2,Sheriff,,Todd Hood,CON,19
Madison,Town of Cazenovia 2,Sheriff,,Write-in,,79
Madison,Town of Cazenovia 2,Sheriff,,Under Votes,,33
Madison,Town of Cazenovia 2,Sheriff,,Over Votes,,0
Madison,Town of Cazenovia 3,Sheriff,,Todd Hood,CON,27
Madison,Town of Cazenovia 3,Sheriff,,Todd Hood,REP,71
Madison,Town of Cazenovia 3,Sheriff,,Write-in,,75
Madison,Town of Cazenovia 3,Sheriff,,Under Votes,,36
Madison,Town of Cazenovia 3,Sheriff,,Over Votes,,0
Madison,Town of Cazenovia 4,Sheriff,,Todd Hood,CON,29
Madison,Town of Cazenovia 4,Sheriff,,Todd Hood,REP,95
Madison,Town of Cazenovia 4,Sheriff,,Write-in,,120
Madison,Town of Cazenovia 4,Sheriff,,Under Votes,,44
Madison,Town of Cazenovia 4,Sheriff,,Over Votes,,0
Madison,Town of Cazenovia 5,Sheriff,,Todd Hood,REP,88
Madison,Town of Cazenovia 5,Sheriff,,Todd Hood,CON,21
Madison,Town of Cazenovia 5,Sheriff,,Write-in,,62
Madison,Town of Cazenovia 5,Sheriff,,Under Votes,,35
Madison,Town of Cazenovia 5,Sheriff,,Over Votes,,0
Madison,Town of Cazenovia 6,Sheriff,,Todd Hood,CON,22
Madison,Town of Cazenovia 6,Sheriff,,Todd Hood,REP,57
Madison,Town of Cazenovia 6,Sheriff,,Write-in,,56
Madison,Town of Cazenovia 6,Sheriff,,Under Votes,,27
Madison,Town of Cazenovia 6,Sheriff,,Over Votes,,0
Madison,Town of DeRuyter 1,Sheriff,,Todd Hood,CON,33
Madison,Town of DeRuyter 1,Sheriff,,Todd Hood,REP,179
Madison,Town of DeRuyter 1,Sheriff,,Write-in,,13
Madison,Town of DeRuyter 1,Sheriff,,Under Votes,,22
Madison,Town of DeRuyter 1,Sheriff,,Over Votes,,0
Madison,Town of Eaton 1,Sheriff,,Todd Hood,CON,50
Madison,Town of Eaton 1,Sheriff,,Todd Hood,REP,132
Madison,Town of Eaton 1,Sheriff,,Write-in,,34
Madison,Town of Eaton 1,Sheriff,,Under Votes,,52
Madison,Town of Eaton 1,Sheriff,,Over Votes,,0
Madison,Town of Eaton 2,Sheriff,,Todd Hood,CON,34
Madison,Town of Eaton 2,Sheriff,,Todd Hood,REP,118
Madison,Town of Eaton 2,Sheriff,,Write-in,,32
Madison,Town of Eaton 2,Sheriff,,Under Votes,,35
Madison,Town of Eaton 2,Sheriff,,Over Votes,,0
Madison,Town of Fenner 1,Sheriff,,Todd Hood,REP,130
Madison,Town of Fenner 1,Sheriff,,Todd Hood,CON,43
Madison,Town of Fenner 1,Sheriff,,Write-in,,38
Madison,Town of Fenner 1,Sheriff,,Under Votes,,35
Madison,Town of Fenner 1,Sheriff,,Over Votes,,0
Madison,Town of Georgetown 1,Sheriff,,Todd Hood,REP,58
Madison,Town of Georgetown 1,Sheriff,,Todd Hood,CON,14
Madison,Town of Georgetown 1,Sheriff,,Write-in,,1
Madison,Town of Georgetown 1,Sheriff,,Under Votes,,4
Madison,Town of Georgetown 1,Sheriff,,Over Votes,,0
Madison,Town of Hamilton 1,Sheriff,,Todd Hood,REP,32
Madison,Town of Hamilton 1,Sheriff,,Todd Hood,CON,20
Madison,Town of Hamilton 1,Sheriff,,Write-in,,119
Madison,Town of Hamilton 1,Sheriff,,Under Votes,,50
Madison,Town of Hamilton 1,Sheriff,,Over Votes,,0
Madison,Town of Hamilton 2,Sheriff,,Todd Hood,CON,16
Madison,Town of Hamilton 2,Sheriff,,Todd Hood,REP,36
Madison,Town of Hamilton 2,Sheriff,,Write-in,,139
Madison,Town of Hamilton 2,Sheriff,,Under Votes,,31
Madison,Town of Hamilton 2,Sheriff,,Over Votes,,0
Madison,Town of Hamilton 3,Sheriff,,Todd Hood,CON,11
Madison,Town of Hamilton 3,Sheriff,,Todd Hood,REP,22
Madison,Town of Hamilton 3,Sheriff,,Write-in,,19
Madison,Town of Hamilton 3,Sheriff,,Under Votes,,13
Madison,Town of Hamilton 3,Sheriff,,Over Votes,,0
Madison,Town of Hamilton 4,Sheriff,,Todd Hood,REP,73
Madison,Town of Hamilton 4,Sheriff,,Todd Hood,CON,23
Madison,Town of Hamilton 4,Sheriff,,Write-in,,58
Madison,Town of Hamilton 4,Sheriff,,Under Votes,,41
Madison,Town of Hamilton 4,Sheriff,,Over Votes,,0
Madison,Town of Lebanon 1,Sheriff,,Todd Hood,REP,64
Madison,Town of Lebanon 1,Sheriff,,Todd Hood,CON,15
Madison,Town of Lebanon 1,Sheriff,,Write-in,,15
Madison,Town of Lebanon 1,Sheriff,,Under Votes,,19
Madison,Town of Lebanon 1,Sheriff,,Over Votes,,0
Madison,Town of Lebanon 2,Sheriff,,Todd Hood,CON,21
Madison,Town of Lebanon 2,Sheriff,,Todd Hood,REP,74
Madison,Town of Lebanon 2,Sheriff,,Write-in,,21
Madison,Town of Lebanon 2,Sheriff,,Under Votes,,30
Madison,Town of Lebanon 2,Sheriff,,Over Votes,,0
Madison,Town of Lenox 1,Sheriff,,Todd Hood,CON,76
Madison,Town of Lenox 1,Sheriff,,Todd Hood,REP,266
Madison,Town of Lenox 1,Sheriff,,Write-in,,14
Madison,Town of Lenox 1,Sheriff,,Under Votes,,52
Madison,Town of Lenox 1,Sheriff,,Over Votes,,0
Madison,Town of Lenox 2,Sheriff,,Todd Hood,REP,133
Madison,Town of Lenox 2,Sheriff,,Todd Hood,CON,41
Madison,Town of Lenox 2,Sheriff,,Write-in,,6
Madison,Town of Lenox 2,Sheriff,,Under Votes,,34
Madison,Town of Lenox 2,Sheriff,,Over Votes,,0
Madison,Town of Lenox 3,Sheriff,,Todd Hood,CON,48
Madison,Town of Lenox 3,Sheriff,,Todd Hood,REP,203
Madison,Town of Lenox 3,Sheriff,,Write-in,,15
Madison,Town of Lenox 3,Sheriff,,Under Votes,,64
Madison,Town of Lenox 3,Sheriff,,Over Votes,,0
Madison,Town of Lenox 4,Sheriff,,Todd Hood,CON,48
Madison,Town of Lenox 4,Sheriff,,Todd Hood,REP,144
Madison,Town of Lenox 4,Sheriff,,Write-in,,12
Madison,Town of Lenox 4,Sheriff,,Under Votes,,42
Madison,Town of Lenox 4,Sheriff,,Over Votes,,0
Madison,Town of Lenox 5,Sheriff,,Todd Hood,CON,57
Madison,Town of Lenox 5,Sheriff,,Todd Hood,REP,192
Madison,Town of Lenox 5,Sheriff,,Write-in,,13
Madison,Town of Lenox 5,Sheriff,,Under Votes,,57
Madison,Town of Lenox 5,Sheriff,,Over Votes,,0
Madison,Town of Lenox 6,Sheriff,,Todd Hood,REP,83
Madison,Town of Lenox 6,Sheriff,,Todd Hood,CON,20
Madison,Town of Lenox 6,Sheriff,,Write-in,,1
Madison,Town of Lenox 6,Sheriff,,Under Votes,,23
Madison,Town of Lenox 6,Sheriff,,Over Votes,,0
Madison,Town of Lincoln 1,Sheriff,,Todd Hood,CON,23
Madison,Town of Lincoln 1,Sheriff,,Todd Hood,REP,77
Madison,Town of Lincoln 1,Sheriff,,Write-in,,9
Madison,Town of Lincoln 1,Sheriff,,Under Votes,,14
Madison,Town of Lincoln 1,Sheriff,,Over Votes,,0
Madison,Town of Lincoln 2,Sheriff,,Todd Hood,CON,12
Madison,Town of Lincoln 2,Sheriff,,Todd Hood,REP,43
Madison,Town of Lincoln 2,Sheriff,,Write-in,,7
Madison,Town of Lincoln 2,Sheriff,,Under Votes,,5
Madison,Town of Lincoln 2,Sheriff,,Over Votes,,0
Madison,Town of Madison 1,Sheriff,,Todd Hood,REP,165
Madison,Town of Madison 1,Sheriff,,Todd Hood,CON,28
Madison,Town of Madison 1,Sheriff,,Write-in,,81
Madison,Town of Madison 1,Sheriff,,Under Votes,,30
Madison,Town of Madison 1,Sheriff,,Over Votes,,0
Madison,Town of Madison 2,Sheriff,,Todd Hood,CON,35
Madison,Town of Madison 2,Sheriff,,Todd Hood,REP,93
Madison,Town of Madison 2,Sheriff,,Write-in,,40
Madison,Town of Madison 2,Sheriff,,Under Votes,,30
Madison,Town of Madison 2,Sheriff,,Over Votes,,0
Madison,Town of Nelson 1,Sheriff,,Todd Hood,REP,120
Madison,Town of Nelson 1,Sheriff,,Todd Hood,CON,32
Madison,Town of Nelson 1,Sheriff,,Write-in,,35
Madison,Town of Nelson 1,Sheriff,,Under Votes,,34
Madison,Town of Nelson 1,Sheriff,,Over Votes,,0
Madison,Town of Nelson 2,Sheriff,,Todd Hood,REP,135
Madison,Town of Nelson 2,Sheriff,,Todd Hood,CON,41
Madison,Town of Nelson 2,Sheriff,,Write-in,,53
Madison,Town of Nelson 2,Sheriff,,Under Votes,,70
Madison,Town of Nelson 2,Sheriff,,Over Votes,,0
Madison,Town of Smithfield 1,Sheriff,,Todd Hood,REP,63
Madison,Town of Smithfield 1,Sheriff,,Todd Hood,CON,22
Madison,Town of Smithfield 1,Sheriff,,Write-in,,20
Madison,Town of Smithfield 1,Sheriff,,Under Votes,,23
Madison,Town of Smithfield 1,Sheriff,,Over Votes,,0
Madison,Town of Stockbridge 1,Sheriff,,Todd Hood,REP,65
Madison,Town of Stockbridge 1,Sheriff,,Todd Hood,CON,14
Madison,Town of Stockbridge 1,Sheriff,,Write-in,,9
Madison,Town of Stockbridge 1,Sheriff,,Under Votes,,12
Madison,Town of Stockbridge 1,Sheriff,,Over Votes,,0
Madison,Town of Stockbridge 2,Sheriff,,Todd Hood,CON,20
Madison,Town of Stockbridge 2,Sheriff,,Todd Hood,REP,125
Madison,Town of Stockbridge 2,Sheriff,,Write-in,,16
Madison,Town of Stockbridge 2,Sheriff,,Under Votes,,19
Madison,Town of Stockbridge 2,Sheriff,,Over Votes,,0
Madison,Town of Sullivan 1,Sheriff,,Todd Hood,CON,84
Madison,Town of Sullivan 1,Sheriff,,Todd Hood,REP,231
Madison,Town of Sullivan 1,Sheriff,,Write-in,,20
Madison,Town of Sullivan 1,Sheriff,,Under Votes,,116
Madison,Town of Sullivan 1,Sheriff,,Over Votes,,0
Madison,Town of Sullivan 2,Sheriff,,Todd Hood,REP,179
Madison,Town of Sullivan 2,Sheriff,,Todd Hood,CON,50
Madison,Town of Sullivan 2,Sheriff,,Write-in,,7
Madison,Town of Sullivan 2,Sheriff,,Under Votes,,80
Madison,Town of Sullivan 2,Sheriff,,Over Votes,,0
Madison,Town of Sullivan 3,Sheriff,,Todd Hood,CON,57
Madison,Town of Sullivan 3,Sheriff,,Todd Hood,REP,134
Madison,Town of Sullivan 3,Sheriff,,Write-in,,12
Madison,Town of Sullivan 3,Sheriff,,Under Votes,,73
Madison,Town of Sullivan 3,Sheriff,,Over Votes,,0
Madison,Town of Sullivan 4,Sheriff,,Todd Hood,REP,57
Madison,Town of Sullivan 4,Sheriff,,Todd Hood,CON,28
Madison,Town of Sullivan 4,Sheriff,,Write-in,,1
Madison,Town of Sullivan 4,Sheriff,,Under Votes,,25
Madison,Town of Sullivan 4,Sheriff,,Over Votes,,0
Madison,Town of Sullivan 5,Sheriff,,Todd Hood,REP,130
Madison,Town of Sullivan 5,Sheriff,,Todd Hood,CON,47
Madison,Town of Sullivan 5,Sheriff,,Write-in,,7
Madison,Town of Sullivan 5,Sheriff,,Under Votes,,61
Madison,Town of Sullivan 5,Sheriff,,Over Votes,,0
Madison,Town of Sullivan 6,Sheriff,,Todd Hood,CON,42
Madison,Town of Sullivan 6,Sheriff,,Todd Hood,REP,148
Madison,Town of Sullivan 6,Sheriff,,Write-in,,21
Madison,Town of Sullivan 6,Sheriff,,Under Votes,,87
Madison,Town of Sullivan 6,Sheriff,,Over Votes,,0
Madison,Town of Sullivan 7,Sheriff,,Todd Hood,REP,157
Madison,Town of Sullivan 7,Sheriff,,Todd Hood,CON,46
Madison,Town of Sullivan 7,Sheriff,,Write-in,,5
Madison,Town of Sullivan 7,Sheriff,,Under Votes,,55
Madison,Town of Sullivan 7,Sheriff,,Over Votes,,0
Madison,Town of Sullivan 8,Sheriff,,Todd Hood,REP,63
Madison,Town of Sullivan 8,Sheriff,,Todd Hood,CON,29
Madison,Town of Sullivan 8,Sheriff,,Write-in,,17
Madison,Town of Sullivan 8,Sheriff,,Under Votes,,25
Madison,Town of Sullivan 8,Sheriff,,Over Votes,,0
Madison,Town of Sullivan 9,Sheriff,,Todd Hood,CON,41
Madison,Town of Sullivan 9,Sheriff,,Todd Hood,REP,121
Madison,Town of Sullivan 9,Sheriff,,Write-in,,9
Madison,Town of Sullivan 9,Sheriff,,Under Votes,,34
Madison,Town of Sullivan 9,Sheriff,,Over Votes,,0
Madison,Town of Sullivan 10,Sheriff,,Todd Hood,REP,128
Madison,Town of Sullivan 10,Sheriff,,Todd Hood,CON,45
Madison,Town of Sullivan 10,Sheriff,,Write-in,,19
Madison,Town of Sullivan 10,Sheriff,,Under Votes,,44
Madison,Town of Sullivan 10,Sheriff,,Over Votes,,0
Madison,Town of Sullivan 11,Sheriff,,Todd Hood,CON,39
Madison,Town of Sullivan 11,Sheriff,,Todd Hood,REP,92
Madison,Town of Sullivan 11,Sheriff,,Write-in,,11
Madison,Town of Sullivan 11,Sheriff,,Under Votes,,39
Madison,Town of Sullivan 11,Sheriff,,Over Votes,,0
Madison,City of Oneida 1,District Attorney,,Robert A. Mascari,CON,58
Madison,City of Oneida 1,District Attorney,,Robert A. Mascari,REP,257
Madison,City of Oneida 1,District Attorney,,Write-in,,4
Madison,City of Oneida 1,District Attorney,,Under Votes,,124
Madison,City of Oneida 1,District Attorney,,Over Votes,,0
Madison,City of Oneida 2,District Attorney,,Robert A. Mascari,REP,187
Madison,City of Oneida 2,District Attorney,,Robert A. Mascari,CON,51
Madison,City of Oneida 2,District Attorney,,Write-in,,6
Madison,City of Oneida 2,District Attorney,,Under Votes,,75
Madison,City of Oneida 2,District Attorney,,Over Votes,,0
Madison,City of Oneida 3,District Attorney,,Robert A. Mascari,REP,194
Madison,City of Oneida 3,District Attorney,,Robert A. Mascari,CON,84
Madison,City of Oneida 3,District Attorney,,Write-in,,4
Madison,City of Oneida 3,District Attorney,,Under Votes,,119
Madison,City of Oneida 3,District Attorney,,Over Votes,,0
Madison,City of Oneida 4,District Attorney,,Robert A. Mascari,CON,16
Madison,City of Oneida 4,District Attorney,,Robert A. Mascari,REP,49
Madison,City of Oneida 4,District Attorney,,Write-in,,5
Madison,City of Oneida 4,District Attorney,,Under Votes,,19
Madison,City of Oneida 4,District Attorney,,Over Votes,,0
Madison,City of Oneida 5,District Attorney,,Robert A. Mascari,REP,70
Madison,City of Oneida 5,District Attorney,,Robert A. Mascari,CON,24
Madison,City of Oneida 5,District Attorney,,Write-in,,2
Madison,City of Oneida 5,District Attorney,,Under Votes,,34
Madison,City of Oneida 5,District Attorney,,Over Votes,,0
Madison,City of Oneida 6,District Attorney,,Robert A. Mascari,CON,21
Madison,City of Oneida 6,District Attorney,,Robert A. Mascari,REP,77
Madison,City of Oneida 6,District Attorney,,Write-in,,1
Madison,City of Oneida 6,District Attorney,,Under Votes,,29
Madison,City of Oneida 6,District Attorney,,Over Votes,,0
Madison,Town of Brookfield 1,District Attorney,,Robert A. Mascari,CON,19
Madison,Town of Brookfield 1,District Attorney,,Robert A. Mascari,REP,43
Madison,Town of Brookfield 1,District Attorney,,Write-in,,0
Madison,Town of Brookfield 1,District Attorney,,Under Votes,,11
Madison,Town of Brookfield 1,District Attorney,,Over Votes,,0
Madison,Town of Brookfield 2,District Attorney,,Robert A. Mascari,REP,133
Madison,Town of Brookfield 2,District Attorney,,Robert A. Mascari,CON,33
Madison,Town of Brookfield 2,District Attorney,,Write-in,,1
Madison,Town of Brookfield 2,District Attorney,,Under Votes,,66
Madison,Town of Brookfield 2,District Attorney,,Over Votes,,0
Madison,Town of Brookfield 3,District Attorney,,Robert A. Mascari,REP,96
Madison,Town of Brookfield 3,District Attorney,,Robert A. Mascari,CON,36
Madison,Town of Brookfield 3,District Attorney,,Write-in,,0
Madison,Town of Brookfield 3,District Attorney,,Under Votes,,33
Madison,Town of Brookfield 3,District Attorney,,Over Votes,,0
Madison,Town of Cazenovia 1,District Attorney,,Robert A. Mascari,CON,32
Madison,Town of Cazenovia 1,District Attorney,,Robert A. Mascari,REP,77
Madison,Town of Cazenovia 1,District Attorney,,Write-in,,4
Madison,Town of Cazenovia 1,District Attorney,,Under Votes,,55
Madison,Town of Cazenovia 1,District Attorney,,Over Votes,,0
Madison,Town of Cazenovia 2,District Attorney,,Robert A. Mascari,CON,34
Madison,Town of Cazenovia 2,District Attorney,,Robert A. Mascari,REP,84
Madison,Town of Cazenovia 2,District Attorney,,Write-in,,3
Madison,Town of Cazenovia 2,District Attorney,,Under Votes,,90
Madison,Town of Cazenovia 2,District Attorney,,Over Votes,,0
Madison,Town of Cazenovia 3,District Attorney,,Robert A. Mascari,CON,34
Madison,Town of Cazenovia 3,District Attorney,,Robert A. Mascari,REP,81
Madison,Town of Cazenovia 3,District Attorney,,Write-in,,4
Madison,Town of Cazenovia 3,District Attorney,,Under Votes,,90
Madison,Town of Cazenovia 3,District Attorney,,Over Votes,,0
Madison,Town of Cazenovia 4,District Attorney,,Robert A. Mascari,REP,122
Madison,Town of Cazenovia 4,District Attorney,,Robert A. Mascari,CON,36
Madison,Town of Cazenovia 4,District Attorney,,Write-in,,6
Madison,Town of Cazenovia 4,District Attorney,,Under Votes,,124
Madison,Town of Cazenovia 4,District Attorney,,Over Votes,,0
Madison,Town of Cazenovia 5,District Attorney,,Robert A. Mascari,CON,26
Madison,Town of Cazenovia 5,District Attorney,,Robert A. Mascari,REP,98
Madison,Town of Cazenovia 5,District Attorney,,Write-in,,2
Madison,Town of Cazenovia 5,District Attorney,,Under Votes,,80
Madison,Town of Cazenovia 5,District Attorney,,Over Votes,,0
Madison,Town of Cazenovia 6,District Attorney,,Robert A. Mascari,CON,31
Madison,Town of Cazenovia 6,District Attorney,,Robert A. Mascari,REP,70
Madison,Town of Cazenovia 6,District Attorney,,Write-in,,3
Madison,Town of Cazenovia 6,District Attorney,,Under Votes,,58
Madison,Town of Cazenovia 6,District Attorney,,Over Votes,,0
Madison,Town of DeRuyter 1,District Attorney,,Robert A. Mascari,CON,33
Madison,Town of DeRuyter 1,District Attorney,,Robert A. Mascari,REP,163
Madison,Town of DeRuyter 1,District Attorney,,Write-in,,4
Madison,Town of DeRuyter 1,District Attorney,,Under Votes,,47
Madison,Town of DeRuyter 1,District Attorney,,Over Votes,,0
Madison,Town of Eaton 1,District Attorney,,Robert A. Mascari,CON,55
Madison,Town of Eaton 1,District Attorney,,Robert A. Mascari,REP,130
Madison,Town of Eaton 1,District Attorney,,Write-in,,4
Madison,Town of Eaton 1,District Attorney,,Under Votes,,79
Madison,Town of Eaton 1,District Attorney,,Over Votes,,0
Madison,Town of Eaton 2,District Attorney,,Robert A. Mascari,REP,112
Madison,Town of Eaton 2,District Attorney,,Robert A. Mascari,CON,39
Madison,Town of Eaton 2,District Attorney,,Write-in,,5
Madison,Town of Eaton 2,District Attorney,,Under Votes,,62
Madison,Town of Eaton 2,District Attorney,,Over Votes,,1
Madison,Town of Fenner 1,District Attorney,,Robert A. Mascari,REP,136
Madison,Town of Fenner 1,District Attorney,,Robert A. Mascari,CON,51
Madison,Town of Fenner 1,District Attorney,,Write-in,,4
Madison,Town of Fenner 1,District Attorney,,Under Votes,,55
Madison,Town of Fenner 1,District Attorney,,Over Votes,,0
Madison,Town of Georgetown 1,District Attorney,,Robert A. Mascari,REP,57
Madison,Town of Georgetown 1,District Attorney,,Robert A. Mascari,CON,14
Madison,Town of Georgetown 1,District Attorney,,Write-in,,0
Madison,Town of Georgetown 1,District Attorney,,Under Votes,,6
Madison,Town of Georgetown 1,District Attorney,,Over Votes,,0
Madison,Town of Hamilton 1,District Attorney,,Robert A. Mascari,CON,29
Madison,Town of Hamilton 1,District Attorney,,Robert A. Mascari,REP,41
Madison,Town of Hamilton 1,District Attorney,,Write-in,,16
Madison,Town of Hamilton 1,District Attorney,,Under Votes,,135
Madison,Town of Hamilton 1,District Attorney,,Over Votes,,0
Madison,Town of Hamilton 2,District Attorney,,Robert A. Mascari,CON,24
Madison,Town of Hamilton 2,District Attorney,,Robert A. Mascari,REP,55
Madison,Town of Hamilton 2,District Attorney,,Write-in,,14
Madison,Town of Hamilton 2,District Attorney,,Under Votes,,129
Madison,Town of Hamilton 2,District Attorney,,Over Votes,,0
Madison,Town of Hamilton 3,District Attorney,,Robert A. Mascari,CON,11
Madison,Town of Hamilton 3,District Attorney,,Robert A. Mascari,REP,25
Madison,Town of Hamilton 3,District Attorney,,Write-in,,2
Madison,Town of Hamilton 3,District Attorney,,Under Votes,,27
Madison,Town of Hamilton 3,District Attorney,,Over Votes,,0
Madison,Town of Hamilton 4,District Attorney,,Robert A. Mascari,REP,79
Madison,Town of Hamilton 4,District Attorney,,Robert A. Mascari,CON,27
Madison,Town of Hamilton 4,District Attorney,,Write-in,,7
Madison,Town of Hamilton 4,District Attorney,,Under Votes,,82
Madison,Town of Hamilton 4,District Attorney,,Over Votes,,0
Madison,Town of Lebanon 1,District Attorney,,Robert A. Mascari,CON,16
Madison,Town of Lebanon 1,District Attorney,,Robert A. Mascari,REP,63
Madison,Town of Lebanon 1,District Attorney,,Write-in,,0
Madison,Town of Lebanon 1,District Attorney,,Under Votes,,34
Madison,Town of Lebanon 1,District Attorney,,Over Votes,,0
Madison,Town of Lebanon 2,District Attorney,,Robert A. Mascari,CON,21
Madison,Town of Lebanon 2,District Attorney,,Robert A. Mascari,REP,73
Madison,Town of Lebanon 2,District Attorney,,Write-in,,2
Madison,Town of Lebanon 2,District Attorney,,Under Votes,,50
Madison,Town of Lebanon 2,District Attorney,,Over Votes,,0
Madison,Town of Lenox 1,District Attorney,,Robert A. Mascari,CON,80
Madison,Town of Lenox 1,District Attorney,,Robert A. Mascari,REP,257
Madison,Town of Lenox 1,District Attorney,,Write-in,,0
Madison,Town of Lenox 1,District Attorney,,Under Votes,,71
Madison,Town of Lenox 1,District Attorney,,Over Votes,,0
Madison,Town of Lenox 2,District Attorney,,Robert A. Mascari,REP,128
Madison,Town of Lenox 2,District Attorney,,Robert A. Mascari,CON,41
Madison,Town of Lenox 2,District Attorney,,Write-in,,0
Madison,Town of Lenox 2,District Attorney,,Under Votes,,45
Madison,Town of Lenox 2,District Attorney,,Over Votes,,0
Madison,Town of Lenox 3,District Attorney,,Robert A. Mascari,CON,49
Madison,Town of Lenox 3,District Attorney,,Robert A. Mascari,REP,193
Madison,Town of Lenox 3,District Attorney,,Write-in,,2
Madison,Town of Lenox 3,District Attorney,,Under Votes,,86
Madison,Town of Lenox 3,District Attorney,,Over Votes,,0
Madison,Town of Lenox 4,District Attorney,,Robert A. Mascari,REP,144
Madison,Town of Lenox 4,District Attorney,,Robert A. Mascari,CON,50
Madison,Town of Lenox 4,District Attorney,,Write-in,,4
Madison,Town of Lenox 4,District Attorney,,Under Votes,,48
Madison,Town of Lenox 4,District Attorney,,Over Votes,,0
Madison,Town of Lenox 5,District Attorney,,Robert A. Mascari,CON,58
Madison,Town of Lenox 5,District Attorney,,Robert A. Mascari,REP,186
Madison,Town of Lenox 5,District Attorney,,Write-in,,3
Madison,Town of Lenox 5,District Attorney,,Under Votes,,72
Madison,Town of Lenox 5,District Attorney,,Over Votes,,0
Madison,Town of Lenox 6,District Attorney,,Robert A. Mascari,CON,19
Madison,Town of Lenox 6,District Attorney,,Robert A. Mascari,REP,79
Madison,Town of Lenox 6,District Attorney,,Write-in,,0
Madison,Town of Lenox 6,District Attorney,,Under Votes,,29
Madison,Town of Lenox 6,District Attorney,,Over Votes,,0
Madison,Town of Lincoln 1,District Attorney,,Robert A. Mascari,CON,29
Madison,Town of Lincoln 1,District Attorney,,Robert A. Mascari,REP,77
Madison,Town of Lincoln 1,District Attorney,,Write-in,,1
Madison,Town of Lincoln 1,District Attorney,,Under Votes,,16
Madison,Town of Lincoln 1,District Attorney,,Over Votes,,0
Madison,Town of Lincoln 2,District Attorney,,Robert A. Mascari,CON,12
Madison,Town of Lincoln 2,District Attorney,,Robert A. Mascari,REP,46
Madison,Town of Lincoln 2,District Attorney,,Write-in,,2
Madison,Town of Lincoln 2,District Attorney,,Under Votes,,7
Madison,Town of Lincoln 2,District Attorney,,Over Votes,,0
Madison,Town of Madison 1,District Attorney,,Robert A. Mascari,CON,39
Madison,Town of Madison 1,District Attorney,,Robert A. Mascari,REP,173
Madison,Town of Madison 1,District Attorney,,Write-in,,9
Madison,Town of Madison 1,District Attorney,,Under Votes,,83
Madison,Town of Madison 1,District Attorney,,Over Votes,,0
Madison,Town of Madison 2,District Attorney,,Robert A. Mascari,CON,33
Madison,Town of Madison 2,District Attorney,,Robert A. Mascari,REP,101
Madison,Town of Madison 2,District Attorney,,Write-in,,2
Madison,Town of Madison 2,District Attorney,,Under Votes,,62
Madison,Town of Madison 2,District Attorney,,Over Votes,,0
Madison,Town of Nelson 1,District Attorney,,Robert A. Mascari,REP,123
Madison,Town of Nelson 1,District Attorney,,Robert A. Mascari,CON,36
Madison,Town of Nelson 1,District Attorney,,Write-in,,4
Madison,Town of Nelson 1,District Attorney,,Under Votes,,58
Madison,Town of Nelson 1,District Attorney,,Over Votes,,0
Madison,Town of Nelson 2,District Attorney,,Robert A. Mascari,CON,50
Madison,Town of Nelson 2,District Attorney,,Robert A. Mascari,REP,144
Madison,Town of Nelson 2,District Attorney,,Write-in,,0
Madison,Town of Nelson 2,District Attorney,,Under Votes,,105
Madison,Town of Nelson 2,District Attorney,,Over Votes,,0
Madison,Town of Smithfield 1,District Attorney,,Robert A. Mascari,CON,23
Madison,Town of Smithfield 1,District Attorney,,Robert A. Mascari,REP,73
Madison,Town of Smithfield 1,District Attorney,,Write-in,,1
Madison,Town of Smithfield 1,District Attorney,,Under Votes,,31
Madison,Town of Smithfield 1,District Attorney,,Over Votes,,0
Madison,Town of Stockbridge 1,District Attorney,,Robert A. Mascari,CON,15
Madison,Town of Stockbridge 1,District Attorney,,Robert A. Mascari,REP,61
Madison,Town of Stockbridge 1,District Attorney,,Write-in,,0
Madison,Town of Stockbridge 1,District Attorney,,Under Votes,,24
Madison,Town of Stockbridge 1,District Attorney,,Over Votes,,0
Madison,Town of Stockbridge 2,District Attorney,,Robert A. Mascari,CON,22
Madison,Town of Stockbridge 2,District Attorney,,Robert A. Mascari,REP,125
Madison,Town of Stockbridge 2,District Attorney,,Write-in,,1
Madison,Town of Stockbridge 2,District Attorney,,Under Votes,,32
Madison,Town of Stockbridge 2,District Attorney,,Over Votes,,0
Madison,Town of Sullivan 1,District Attorney,,Robert A. Mascari,REP,234
Madison,Town of Sullivan 1,District Attorney,,Robert A. Mascari,CON,85
Madison,Town of Sullivan 1,District Attorney,,Write-in,,3
Madison,Town of Sullivan 1,District Attorney,,Under Votes,,129
Madison,Town of Sullivan 1,District Attorney,,Over Votes,,0
Madison,Town of Sullivan 2,District Attorney,,Robert A. Mascari,CON,45
Madison,Town of Sullivan 2,District Attorney,,Robert A. Mascari,REP,179
Madison,Town of Sullivan 2,District Attorney,,Write-in,,4
Madison,Town of Sullivan 2,District Attorney,,Under Votes,,88
Madison,Town of Sullivan 2,District Attorney,,Over Votes,,0
Madison,Town of Sullivan 3,District Attorney,,Robert A. Mascari,CON,56
Madison,Town of Sullivan 3,District Attorney,,Robert A. Mascari,REP,137
Madison,Town of Sullivan 3,District Attorney,,Write-in,,5
Madison,Town of Sullivan 3,District Attorney,,Under Votes,,78
Madison,Town of Sullivan 3,District Attorney,,Over Votes,,0
Madison,Town of Sullivan 4,District Attorney,,Robert A. Mascari,CON,27
Madison,Town of Sullivan 4,District Attorney,,Robert A. Mascari,REP,57
Madison,Town of Sullivan 4,District Attorney,,Write-in,,0
Madison,Town of Sullivan 4,District Attorney,,Under Votes,,27
Madison,Town of Sullivan 4,District Attorney,,Over Votes,,0
Madison,Town of Sullivan 5,District Attorney,,Robert A. Mascari,CON,49
Madison,Town of Sullivan 5,District Attorney,,Robert A. Mascari,REP,123
Madison,Town of Sullivan 5,District Attorney,,Write-in,,4
Madison,Town of Sullivan 5,District Attorney,,Under Votes,,69
Madison,Town of Sullivan 5,District Attorney,,Over Votes,,0
Madison,Town of Sullivan 6,District Attorney,,Robert A. Mascari,CON,48
Madison,Town of Sullivan 6,District Attorney,,Robert A. Mascari,REP,148
Madison,Town of Sullivan 6,District Attorney,,Write-in,,3
Madison,Town of Sullivan 6,District Attorney,,Under Votes,,99
Madison,Town of Sullivan 6,District Attorney,,Over Votes,,0
Madison,Town of Sullivan 7,District Attorney,,Robert A. Mascari,REP,147
Madison,Town of Sullivan 7,District Attorney,,Robert A. Mascari,CON,46
Madison,Town of Sullivan 7,District Attorney,,Write-in,,3
Madison,Town of Sullivan 7,District Attorney,,Under Votes,,67
Madison,Town of Sullivan 7,District Attorney,,Over Votes,,0
Madison,Town of Sullivan 8,District Attorney,,Robert A. Mascari,REP,64
Madison,Town of Sullivan 8,District Attorney,,Robert A. Mascari,CON,29
Madison,Town of Sullivan 8,District Attorney,,Write-in,,4
Madison,Town of Sullivan 8,District Attorney,,Under Votes,,37
Madison,Town of Sullivan 8,District Attorney,,Over Votes,,0
Madison,Town of Sullivan 9,District Attorney,,Robert A. Mascari,CON,41
Madison,Town of Sullivan 9,District Attorney,,Robert A. Mascari,REP,121
Madison,Town of Sullivan 9,District Attorney,,Write-in,,0
Madison,Town of Sullivan 9,District Attorney,,Under Votes,,43
Madison,Town of Sullivan 9,District Attorney,,Over Votes,,0
Madison,Town of Sullivan 10,District Attorney,,Robert A. Mascari,CON,43
Madison,Town of Sullivan 10,District Attorney,,Robert A. Mascari,REP,131
Madison,Town of Sullivan 10,District Attorney,,Write-in,,4
Madison,Town of Sullivan 10,District Attorney,,Under Votes,,57
Madison,Town of Sullivan 10,District Attorney,,Over Votes,,1
Madison,Town of Sullivan 11,District Attorney,,Robert A. Mascari,REP,90
Madison,Town of Sullivan 11,District Attorney,,Robert A. Mascari,CON,42
Madison,Town of Sullivan 11,District Attorney,,Write-in,,1
Madison,Town of Sullivan 11,District Attorney,,Under Votes,,48
Madison,Town of Sullivan 11,District Attorney,,Over Votes,,0
Madison,City of Oneida 1,Oneida Mayor,,Rick Rossi,United 4 Oneida,53
Madison,City of Oneida 1,Oneida Mayor,,Rick Rossi,REP,279
Madison,City of Oneida 1,Oneida Mayor,,Write-in,,5
Madison,City of Oneida 1,Oneida Mayor,,Under Votes,,106
Madison,City of Oneida 1,Oneida Mayor,,Over Votes,,0
Madison,City of Oneida 2,Oneida Mayor,,Rick Rossi,REP,222
Madison,City of Oneida 2,Oneida Mayor,,Rick Rossi,United 4 Oneida,43
Madison,City of Oneida 2,Oneida Mayor,,Write-in,,8
Madison,City of Oneida 2,Oneida Mayor,,Under Votes,,46
Madison,City of Oneida 2,Oneida Mayor,,Over Votes,,0
Madison,City of Oneida 3,Oneida Mayor,,Rick Rossi,United 4 Oneida,77
Madison,City of Oneida 3,Oneida Mayor,,Rick Rossi,REP,231
Madison,City of Oneida 3,Oneida Mayor,,Write-in,,8
Madison,City of Oneida 3,Oneida Mayor,,Under Votes,,84
Madison,City of Oneida 3,Oneida Mayor,,Over Votes,,1
Madison,City of Oneida 4,Oneida Mayor,,Rick Rossi,United 4 Oneida,17
Madison,City of Oneida 4,Oneida Mayor,,Rick Rossi,REP,54
Madison,City of Oneida 4,Oneida Mayor,,Write-in,,2
Madison,City of Oneida 4,Oneida Mayor,,Under Votes,,16
Madison,City of Oneida 4,Oneida Mayor,,Over Votes,,0
Madison,City of Oneida 5,Oneida Mayor,,Rick Rossi,United 4 Oneida,16
Madison,City of Oneida 5,Oneida Mayor,,Rick Rossi,REP,86
Madison,City of Oneida 5,Oneida Mayor,,Write-in,,3
Madison,City of Oneida 5,Oneida Mayor,,Under Votes,,25
Madison,City of Oneida 5,Oneida Mayor,,Over Votes,,0
Madison,City of Oneida 6,Oneida Mayor,,Rick Rossi,REP,89
Madison,City of Oneida 6,Oneida Mayor,,Rick Rossi,United 4 Oneida,20
Madison,City of Oneida 6,Oneida Mayor,,Write-in,,1
Madison,City of Oneida 6,Oneida Mayor,,Under Votes,,18
Madison,City of Oneida 6,Oneida Mayor,,Over Votes,,0
Madison,City of Oneida 1,City Chamberlain,,Melissa Luck,DEM,239
Madison,City of Oneida 1,City Chamberlain,,Write-in,,3
Madison,City of Oneida 1,City Chamberlain,,Under Votes,,201
Madison,City of Oneida 1,City Chamberlain,,Over Votes,,0
Madison,City of Oneida 2,City Chamberlain,,Melissa Luck,DEM,198
Madison,City of Oneida 2,City Chamberlain,,Write-in,,3
Madison,City of Oneida 2,City Chamberlain,,Under Votes,,118
Madison,City of Oneida 2,City Chamberlain,,Over Votes,,0
Madison,City of Oneida 3,City Chamberlain,,Melissa Luck,DEM,265
Madison,City of Oneida 3,City Chamberlain,,Write-in,,2
Madison,City of Oneida 3,City Chamberlain,,Under Votes,,134
Madison,City of Oneida 3,City Chamberlain,,Over Votes,,0
Madison,City of Oneida 4,City Chamberlain,,Melissa Luck,DEM,56
Madison,City of Oneida 4,City Chamberlain,,Write-in,,4
Madison,City of Oneida 4,City Chamberlain,,Under Votes,,29
Madison,City of Oneida 4,City Chamberlain,,Over Votes,,0
Madison,City of Oneida 5,City Chamberlain,,Melissa Luck,DEM,82
Madison,City of Oneida 5,City Chamberlain,,Write-in,,0
Madison,City of Oneida 5,City Chamberlain,,Under Votes,,48
Madison,City of Oneida 5,City Chamberlain,,Over Votes,,0
Madison,City of Oneida 6,City Chamberlain,,Melissa Luck,DEM,81
Madison,City of Oneida 6,City Chamberlain,,Write-in,,1
Madison,City of Oneida 6,City Chamberlain,,Under Votes,,46
Madison,City of Oneida 6,City Chamberlain,,Over Votes,,0
Madison,City of Oneida 1,"Oneida Supervisor Wards 1,2,3",,Mary Cavanagh,REP,255
Madison,City of Oneida 1,"Oneida Supervisor Wards 1,2,3",,Mary Cavanagh,United 4 Oneida,56
Madison,City of Oneida 1,"Oneida Supervisor Wards 1,2,3",,Matthew Roberts,REP,253
Madison,City of Oneida 1,"Oneida Supervisor Wards 1,2,3",,Matthew Roberts,United 4 Oneida,56
Madison,City of Oneida 1,"Oneida Supervisor Wards 1,2,3",,James B. Szczerba,CON,78
Madison,City of Oneida 1,"Oneida Supervisor Wards 1,2,3",,Write-in,,8
Madison,City of Oneida 1,"Oneida Supervisor Wards 1,2,3",,Under Votes,,176
Madison,City of Oneida 1,"Oneida Supervisor Wards 1,2,3",,Over Votes,,4
Madison,City of Oneida 2,"Oneida Supervisor Wards 1,2,3",,Mary Cavanagh,REP,189
Madison,City of Oneida 2,"Oneida Supervisor Wards 1,2,3",,Mary Cavanagh,United 4 Oneida,39
Madison,City of Oneida 2,"Oneida Supervisor Wards 1,2,3",,Matthew Roberts,United 4 Oneida,40
Madison,City of Oneida 2,"Oneida Supervisor Wards 1,2,3",,Matthew Roberts,REP,181
Madison,City of Oneida 2,"Oneida Supervisor Wards 1,2,3",,James B. Szczerba,CON,56
Madison,City of Oneida 2,"Oneida Supervisor Wards 1,2,3",,Write-in,,6
Madison,City of Oneida 2,"Oneida Supervisor Wards 1,2,3",,Under Votes,,125
Madison,City of Oneida 2,"Oneida Supervisor Wards 1,2,3",,Over Votes,,2
Madison,City of Oneida 3,"Oneida Supervisor Wards 1,2,3",,Mary Cavanagh,United 4 Oneida,66
Madison,City of Oneida 3,"Oneida Supervisor Wards 1,2,3",,Mary Cavanagh,REP,210
Madison,City of Oneida 3,"Oneida Supervisor Wards 1,2,3",,Matthew Roberts,REP,204
Madison,City of Oneida 3,"Oneida Supervisor Wards 1,2,3",,Matthew Roberts,United 4 Oneida,64
Madison,City of Oneida 3,"Oneida Supervisor Wards 1,2,3",,James B. Szczerba,CON,58
Madison,City of Oneida 3,"Oneida Supervisor Wards 1,2,3",,Write-in,,6
Madison,City of Oneida 3,"Oneida Supervisor Wards 1,2,3",,Under Votes,,192
Madison,City of Oneida 3,"Oneida Supervisor Wards 1,2,3",,Over Votes,,2
Madison,City of Oneida 4,"Oneida Supervisor Wards 4,5,6",,Brandee DuBois Henderson,REP,46
Madison,City of Oneida 4,"Oneida Supervisor Wards 4,5,6",,Brandee DuBois Henderson,United 4 Oneida,13
Madison,City of Oneida 4,"Oneida Supervisor Wards 4,5,6",,Michelle Ironside Kinville,United 4 Oneida,17
Madison,City of Oneida 4,"Oneida Supervisor Wards 4,5,6",,Michelle Ironside Kinville,REP,49
Madison,City of Oneida 4,"Oneida Supervisor Wards 4,5,6",,Write-in,,2
Madison,City of Oneida 4,"Oneida Supervisor Wards 4,5,6",,Under Votes,,51
Madison,City of Oneida 4,"Oneida Supervisor Wards 4,5,6",,Over Votes,,0
Madison,City of Oneida 5,"Oneida Supervisor Wards 4,5,6",,Brandee DuBois Henderson,REP,70
Madison,City of Oneida 5,"Oneida Supervisor Wards 4,5,6",,Brandee DuBois Henderson,United 4 Oneida,20
Madison,City of Oneida 5,"Oneida Supervisor Wards 4,5,6",,Michelle Ironside Kinville,United 4 Oneida,17
Madison,City of Oneida 5,"Oneida Supervisor Wards 4,5,6",,Michelle Ironside Kinville,REP,70
Madison,City of Oneida 5,"Oneida Supervisor Wards 4,5,6",,Write-in,,5
Madison,City of Oneida 5,"Oneida Supervisor Wards 4,5,6",,Under Votes,,78
Madison,City of Oneida 5,"Oneida Supervisor Wards 4,5,6",,Over Votes,,0
Madison,City of Oneida 6,"Oneida Supervisor Wards 4,5,6",,Brandee DuBois Henderson,United 4 Oneida,17
Madison,City of Oneida 6,"Oneida Supervisor Wards 4,5,6",,Brandee DuBois Henderson,REP,79
Madison,City of Oneida 6,"Oneida Supervisor Wards 4,5,6",,Michelle Ironside Kinville,REP,80
Madison,City of Oneida 6,"Oneida Supervisor Wards 4,5,6",,Michelle Ironside Kinville,United 4 Oneida,19
Madison,City of Oneida 6,"Oneida Supervisor Wards 4,5,6",,Write-in,,2
Madison,City of Oneida 6,"Oneida Supervisor Wards 4,5,6",,Under Votes,,59
Madison,City of Oneida 6,"Oneida Supervisor Wards 4,5,6",,Over Votes,,0
Madison,City of Oneida 1,Oneida Ward 1 City Council,,Lynne McHugh,ONE Oneida,22
Madison,City of Oneida 1,Oneida Ward 1 City Council,,Lynne McHugh,DEM,218
Madison,City of Oneida 1,Oneida Ward 1 City Council,,Peter F. Hedglon,REP,178
Madison,City of Oneida 1,Oneida Ward 1 City Council,,Peter F. Hedglon,United 4 Oneida,10
Madison,City of Oneida 1,Oneida Ward 1 City Council,,Write-in,,1
Madison,City of Oneida 1,Oneida Ward 1 City Council,,Under Votes,,13
Madison,City of Oneida 1,Oneida Ward 1 City Council,,Over Votes,,1
Madison,City of Oneida 2,Oneida Ward 2 City Council,,David M. Cimpi,REP,223
Madison,City of Oneida 2,Oneida Ward 2 City Council,,Write-in,,6
Madison,City of Oneida 2,Oneida Ward 2 City Council,,Under Votes,,90
Madison,City of Oneida 2,Oneida Ward 2 City Council,,Over Votes,,0
Madison,City of Oneida 3,Oneida Ward 3 City Council,,Nathan Smith,DEM,230
Madison,City of Oneida 3,Oneida Ward 3 City Council,,Brian D. Bortree,United 4 Oneida,23
Madison,City of Oneida 3,Oneida Ward 3 City Council,,Brian D. Bortree,REP,142
Madison,City of Oneida 3,Oneida Ward 3 City Council,,Write-in,,0
Madison,City of Oneida 3,Oneida Ward 3 City Council,,Under Votes,,6
Madison,City of Oneida 3,Oneida Ward 3 City Council,,Over Votes,,0
Madison,City of Oneida 4,Oneida Ward 4 City Council,,Janet M. Jones,REP,65
Madison,City of Oneida 4,Oneida Ward 4 City Council,,Write-in,,0
Madison,City of Oneida 4,Oneida Ward 4 City Council,,Under Votes,,24
Madison,City of Oneida 4,Oneida Ward 4 City Council,,Over Votes,,0
Madison,City of Oneida 5,Oneida Ward 5 City Council,,William P. Pagano,REP,89
Madison,City of Oneida 5,Oneida Ward 5 City Council,,Write-in,,2
Madison,City of Oneida 5,Oneida Ward 5 City Council,,Under Votes,,39
Madison,City of Oneida 5,Oneida Ward 5 City Council,,Over Votes,,0
Madison,City of Oneida 6,Oneida Ward 6 City Council,,Thomas L. Simchik,REP,101
Madison,City of Oneida 6,Oneida Ward 6 City Council,,Write-in,,2
Madison,City of Oneida 6,Oneida Ward 6 City Council,,Under Votes,,25
Madison,City of Oneida 6,Oneida Ward 6 City Council,,Over Votes,,0
Madison,City of Oneida 1,Oneida City Court Judge,,Todd Dexter,DEM,157
Madison,City of Oneida 1,Oneida City Court Judge,,Todd Dexter,REP,199
Madison,City of Oneida 1,Oneida City Court Judge,,Todd Dexter,CON,26
Madison,City of Oneida 1,Oneida City Court Judge,,Todd Dexter,WOR,8
Madison,City of Oneida 1,Oneida City Court Judge,,Write-in,,2
Madison,City of Oneida 1,Oneida City Court Judge,,Under Votes,,51
Madison,City of Oneida 1,Oneida City Court Judge,,Over Votes,,0
Madison,City of Oneida 2,Oneida City Court Judge,,Todd Dexter,WOR,9
Madison,City of Oneida 2,Oneida City Court Judge,,Todd Dexter,REP,147
Madison,City of Oneida 2,Oneida City Court Judge,,Todd Dexter,DEM,114
Madison,City of Oneida 2,Oneida City Court Judge,,Todd Dexter,CON,22
Madison,City of Oneida 2,Oneida City Court Judge,,Write-in,,5
Madison,City of Oneida 2,Oneida City Court Judge,,Under Votes,,22
Madison,City of Oneida 2,Oneida City Court Judge,,Over Votes,,0
Madison,City of Oneida 3,Oneida City Court Judge,,Todd Dexter,DEM,170
Madison,City of Oneida 3,Oneida City Court Judge,,Todd Dexter,WOR,9
Madison,City of Oneida 3,Oneida City Court Judge,,Todd Dexter,REP,137
Madison,City of Oneida 3,Oneida City Court Judge,,Todd Dexter,CON,36
Madison,City of Oneida 3,Oneida City Court Judge,,Write-in,,2
Madison,City of Oneida 3,Oneida City Court Judge,,Under Votes,,47
Madison,City of Oneida 3,Oneida City Court Judge,,Over Votes,,0
Madison,City of Oneida 4,Oneida City Court Judge,,Todd Dexter,DEM,31
Madison,City of Oneida 4,Oneida City Court Judge,,Todd Dexter,WOR,5
Madison,City of Oneida 4,Oneida City Court Judge,,Todd Dexter,REP,38
Madison,City of Oneida 4,Oneida City Court Judge,,Todd Dexter,CON,4
Madison,City of Oneida 4,Oneida City Court Judge,,Write-in,,3
Madison,City of Oneida 4,Oneida City Court Judge,,Under Votes,,8
Madison,City of Oneida 4,Oneida City Court Judge,,Over Votes,,0
Madison,City of Oneida 5,Oneida City Court Judge,,Todd Dexter,CON,8
Madison,City of Oneida 5,Oneida City Court Judge,,Todd Dexter,REP,55
Madison,City of Oneida 5,Oneida City Court Judge,,Todd Dexter,DEM,44
Madison,City of Oneida 5,Oneida City Court Judge,,Todd Dexter,WOR,6
Madison,City of Oneida 5,Oneida City Court Judge,,Write-in,,1
Madison,City of Oneida 5,Oneida City Court Judge,,Under Votes,,16
Madison,City of Oneida 5,Oneida City Court Judge,,Over Votes,,0
Madison,City of Oneida 6,Oneida City Court Judge,,Todd Dexter,REP,63
Madison,City of Oneida 6,Oneida City Court Judge,,Todd Dexter,WOR,4
Madison,City of Oneida 6,Oneida City Court Judge,,Todd Dexter,DEM,48
Madison,City of Oneida 6,Oneida City Court Judge,,Todd Dexter,CON,6
Madison,City of Oneida 6,Oneida City Court Judge,,Write-in,,1
Madison,City of Oneida 6,Oneida City Court Judge,,Under Votes,,6
Madison,City of Oneida 6,Oneida City Court Judge,,Over Votes,,0
Madison,City of Oneida 1,Proposal Two,,Yes,,219
Madison,City of Oneida 1,Proposal Two,,No,,198
Madison,City of Oneida 1,Proposal Two,,Under Votes,,26
Madison,City of Oneida 1,Proposal Two,,Over Votes,,0
Madison,City of Oneida 2,Proposal Two,,Yes,,147
Madison,City of Oneida 2,Proposal Two,,No,,151
Madison,City of Oneida 2,Proposal Two,,Under Votes,,21
Madison,City of Oneida 2,Proposal Two,,Over Votes,,0
Madison,City of Oneida 3,Proposal Two,,Yes,,212
Madison,City of Oneida 3,Proposal Two,,No,,171
Madison,City of Oneida 3,Proposal Two,,Under Votes,,18
Madison,City of Oneida 3,Proposal Two,,Over Votes,,0
Madison,City of Oneida 4,Proposal Two,,Yes,,51
Madison,City of Oneida 4,Proposal Two,,No,,37
Madison,City of Oneida 4,Proposal Two,,Under Votes,,1
Madison,City of Oneida 4,Proposal Two,,Over Votes,,0
Madison,City of Oneida 5,Proposal Two,,Yes,,65
Madison,City of Oneida 5,Proposal Two,,No,,59
Madison,City of Oneida 5,Proposal Two,,Under Votes,,6
Madison,City of Oneida 5,Proposal Two,,Over Votes,,0
Madison,City of Oneida 6,Proposal Two,,Yes,,67
Madison,City of Oneida 6,Proposal Two,,No,,55
Madison,City of Oneida 6,Proposal Two,,Under Votes,,5
Madison,City of Oneida 6,Proposal Two,,Over Votes,,1
Madison,Town of Brookfield 1,Brookfield Supervisor,,Loren Corbin,DEM,49
Madison,Town of Brookfield 1,Brookfield Supervisor,,Write-in,,2
Madison,Town of Brookfield 1,Brookfield Supervisor,,Under Votes,,22
Madison,Town of Brookfield 1,Brookfield Supervisor,,Over Votes,,0
Madison,Town of Brookfield 2,Brookfield Supervisor,,Loren Corbin,DEM,145
Madison,Town of Brookfield 2,Brookfield Supervisor,,Write-in,,9
Madison,Town of Brookfield 2,Brookfield Supervisor,,Under Votes,,79
Madison,Town of Brookfield 2,Brookfield Supervisor,,Over Votes,,0
Madison,Town of Brookfield 3,Brookfield Supervisor,,Loren Corbin,DEM,103
Madison,Town of Brookfield 3,Brookfield Supervisor,,Write-in,,14
Madison,Town of Brookfield 3,Brookfield Supervisor,,Under Votes,,48
Madison,Town of Brookfield 3,Brookfield Supervisor,,Over Votes,,0
Madison,Town of Brookfield 1,Brookfield Town Clerk/ Tax Collector,,Sherry Perretta,DEM,53
Madison,Town of Brookfield 1,Brookfield Town Clerk/ Tax Collector,,Write-in,,3
Madison,Town of Brookfield 1,Brookfield Town Clerk/ Tax Collector,,Under Votes,,17
Madison,Town of Brookfield 1,Brookfield Town Clerk/ Tax Collector,,Over Votes,,0
Madison,Town of Brookfield 2,Brookfield Town Clerk/ Tax Collector,,Sherry Perretta,DEM,162
Madison,Town of Brookfield 2,Brookfield Town Clerk/ Tax Collector,,Write-in,,0
Madison,Town of Brookfield 2,Brookfield Town Clerk/ Tax Collector,,Under Votes,,71
Madison,Town of Brookfield 2,Brookfield Town Clerk/ Tax Collector,,Over Votes,,0
Madison,Town of Brookfield 3,Brookfield Town Clerk/ Tax Collector,,Sherry Perretta,DEM,126
Madison,Town of Brookfield 3,Brookfield Town Clerk/ Tax Collector,,Write-in,,2
Madison,Town of Brookfield 3,Brookfield Town Clerk/ Tax Collector,,Under Votes,,37
Madison,Town of Brookfield 3,Brookfield Town Clerk/ Tax Collector,,Over Votes,,0
Madison,Town of Brookfield 1,Brookfield Town Council,,Karen Six,DEM,25
Madison,Town of Brookfield 1,Brookfield Town Council,,Erick T. Wilcox,REP,38
Madison,Town of Brookfield 1,Brookfield Town Council,,Jayden Weeks,REP,49
Madison,Town of Brookfield 1,Brookfield Town Council,,Write-in,,18
Madison,Town of Brookfield 1,Brookfield Town Council,,Under Votes,,16
Madison,Town of Brookfield 1,Brookfield Town Council,,Over Votes,,0
Madison,Town of Brookfield 2,Brookfield Town Council,,Karen Six,DEM,113
Madison,Town of Brookfield 2,Brookfield Town Council,,Erick T. Wilcox,REP,170
Madison,Town of Brookfield 2,Brookfield Town Council,,Jayden Weeks,REP,101
Madison,Town of Brookfield 2,Brookfield Town Council,,Write-in,,13
Madison,Town of Brookfield 2,Brookfield Town Council,,Under Votes,,69
Madison,Town of Brookfield 2,Brookfield Town Council,,Over Votes,,0
Madison,Town of Brookfield 3,Brookfield Town Council,,Karen Six,DEM,69
Madison,Town of Brookfield 3,Brookfield Town Council,,Erick T. Wilcox,REP,111
Madison,Town of Brookfield 3,Brookfield Town Council,,Jayden Weeks,REP,81
Madison,Town of Brookfield 3,Brookfield Town Council,,Write-in,,29
Madison,Town of Brookfield 3,Brookfield Town Council,,Under Votes,,40
Madison,Town of Brookfield 3,Brookfield Town Council,,Over Votes,,0
Madison,Town of Cazenovia 1,Cazenovia Town Council,,Patrick Race,REP,95
Madison,Town of Cazenovia 1,Cazenovia Town Council,,Write-in,,58
Madison,Town of Cazenovia 1,Cazenovia Town Council,,Under Votes,,183
Madison,Town of Cazenovia 1,Cazenovia Town Council,,Over Votes,,0
Madison,Town of Cazenovia 2,Cazenovia Town Council,,Patrick Race,REP,127
Madison,Town of Cazenovia 2,Cazenovia Town Council,,Write-in,,115
Madison,Town of Cazenovia 2,Cazenovia Town Council,,Under Votes,,180
Madison,Town of Cazenovia 2,Cazenovia Town Council,,Over Votes,,0
Madison,Town of Cazenovia 3,Cazenovia Town Council,,Patrick Race,REP,115
Madison,Town of Cazenovia 3,Cazenovia Town Council,,Write-in,,107
Madison,Town of Cazenovia 3,Cazenovia Town Council,,Under Votes,,196
Madison,Town of Cazenovia 3,Cazenovia Town Council,,Over Votes,,0
Madison,Town of Cazenovia 4,Cazenovia Town Council,,Patrick Race,REP,175
Madison,Town of Cazenovia 4,Cazenovia Town Council,,Write-in,,165
Madison,Town of Cazenovia 4,Cazenovia Town Council,,Under Votes,,236
Madison,Town of Cazenovia 4,Cazenovia Town Council,,Over Votes,,0
Madison,Town of Cazenovia 5,Cazenovia Town Council,,Patrick Race,REP,125
Madison,Town of Cazenovia 5,Cazenovia Town Council,,Write-in,,102
Madison,Town of Cazenovia 5,Cazenovia Town Council,,Under Votes,,185
Madison,Town of Cazenovia 5,Cazenovia Town Council,,Over Votes,,0
Madison,Town of Cazenovia 6,Cazenovia Town Council,,Patrick Race,REP,110
Madison,Town of Cazenovia 6,Cazenovia Town Council,,Write-in,,68
Madison,Town of Cazenovia 6,Cazenovia Town Council,,Under Votes,,146
Madison,Town of Cazenovia 6,Cazenovia Town Council,,Over Votes,,0
Madison,Town of Cazenovia 1,Cazenovia Town Justice,,D. Christian Fischer,REP,86
Madison,Town of Cazenovia 1,Cazenovia Town Justice,,Fred G. Palmer III,REP,108
Madison,Town of Cazenovia 1,Cazenovia Town Justice,,Write-in,,9
Madison,Town of Cazenovia 1,Cazenovia Town Justice,,Under Votes,,133
Madison,Town of Cazenovia 1,Cazenovia Town Justice,,Over Votes,,0
Madison,Town of Cazenovia 2,Cazenovia Town Justice,,D. Christian Fischer,REP,110
Madison,Town of Cazenovia 2,Cazenovia Town Justice,,Fred G. Palmer III,REP,130
Madison,Town of Cazenovia 2,Cazenovia Town Justice,,Write-in,,6
Madison,Town of Cazenovia 2,Cazenovia Town Justice,,Under Votes,,176
Madison,Town of Cazenovia 2,Cazenovia Town Justice,,Over Votes,,0
Madison,Town of Cazenovia 3,Cazenovia Town Justice,,D. Christian Fischer,REP,102
Madison,Town of Cazenovia 3,Cazenovia Town Justice,,Fred G. Palmer III,REP,119
Madison,Town of Cazenovia 3,Cazenovia Town Justice,,Write-in,,10
Madison,Town of Cazenovia 3,Cazenovia Town Justice,,Under Votes,,187
Madison,Town of Cazenovia 3,Cazenovia Town Justice,,Over Votes,,0
Madison,Town of Cazenovia 4,Cazenovia Town Justice,,D. Christian Fischer,REP,149
Madison,Town of Cazenovia 4,Cazenovia Town Justice,,Fred G. Palmer III,REP,169
Madison,Town of Cazenovia 4,Cazenovia Town Justice,,Write-in,,12
Madison,Town of Cazenovia 4,Cazenovia Town Justice,,Under Votes,,246
Madison,Town of Cazenovia 4,Cazenovia Town Justice,,Over Votes,,0
Madison,Town of Cazenovia 5,Cazenovia Town Justice,,D. Christian Fischer,REP,130
Madison,Town of Cazenovia 5,Cazenovia Town Justice,,Fred G. Palmer III,REP,127
Madison,Town of Cazenovia 5,Cazenovia Town Justice,,Write-in,,0
Madison,Town of Cazenovia 5,Cazenovia Town Justice,,Under Votes,,155
Madison,Town of Cazenovia 5,Cazenovia Town Justice,,Over Votes,,0
Madison,Town of Cazenovia 6,Cazenovia Town Justice,,D. Christian Fischer,REP,89
Madison,Town of Cazenovia 6,Cazenovia Town Justice,,Fred G. Palmer III,REP,94
Madison,Town of Cazenovia 6,Cazenovia Town Justice,,Write-in,,8
Madison,Town of Cazenovia 6,Cazenovia Town Justice,,Under Votes,,131
Madison,Town of Cazenovia 6,Cazenovia Town Justice,,Over Votes,,2
Madison,Town of DeRuyter 1,DeRuyter Supervisor,,Rex M. Vosburg,REP,200
Madison,Town of DeRuyter 1,DeRuyter Supervisor,,Write-in,,3
Madison,Town of DeRuyter 1,DeRuyter Supervisor,,Under Votes,,44
Madison,Town of DeRuyter 1,DeRuyter Supervisor,,Over Votes,,0
Madison,Town of DeRuyter 1,DeRuyter Town Clerk/ Tax Collector,,Rebecca L. Marshall,REP,214
Madison,Town of DeRuyter 1,DeRuyter Town Clerk/ Tax Collector,,Write-in,,2
Madison,Town of DeRuyter 1,DeRuyter Town Clerk/ Tax Collector,,Under Votes,,31
Madison,Town of DeRuyter 1,DeRuyter Town Clerk/ Tax Collector,,Over Votes,,0
Madison,Town of DeRuyter 1,DeRuyter Town Council,,James Tiffany Jr.,REP,196
Madison,Town of DeRuyter 1,DeRuyter Town Council,,Kevin M. Pierce Sr.,REP,171
Madison,Town of DeRuyter 1,DeRuyter Town Council,,Write-in,,9
Madison,Town of DeRuyter 1,DeRuyter Town Council,,Under Votes,,118
Madison,Town of DeRuyter 1,DeRuyter Town Council,,Over Votes,,0
Madison,Town of DeRuyter 1,DeRuyter Highway Superintendent,,Adam M. Randall,REP,209
Madison,Town of DeRuyter 1,DeRuyter Highway Superintendent,,Write-in,,13
Madison,Town of DeRuyter 1,DeRuyter Highway Superintendent,,Under Votes,,25
Madison,Town of DeRuyter 1,DeRuyter Highway Superintendent,,Over Votes,,0
Madison,Town of DeRuyter 1,DeRuyter Town Justice,,Mitchell L. VanNordstrand,REP,188
Madison,Town of DeRuyter 1,DeRuyter Town Justice,,Write-in,,4
Madison,Town of DeRuyter 1,DeRuyter Town Justice,,Under Votes,,55
Madison,Town of DeRuyter 1,DeRuyter Town Justice,,Over Votes,,0
Madison,Town of Eaton 1,Eaton Town Clerk/ Tax Collector,,Dean R. Curtis,DEM,125
Madison,Town of Eaton 1,Eaton Town Clerk/ Tax Collector,,Dean R. Curtis,Stronger Together,46
Madison,Town of Eaton 1,Eaton Town Clerk/ Tax Collector,,Write-in,,56
Madison,Town of Eaton 1,Eaton Town Clerk/ Tax Collector,,Under Votes,,41
Madison,Town of Eaton 1,Eaton Town Clerk/ Tax Collector,,Over Votes,,0
Madison,Town of Eaton 2,Eaton Town Clerk/ Tax Collector,,Dean R. Curtis,DEM,92
Madison,Town of Eaton 2,Eaton Town Clerk/ Tax Collector,,Dean R. Curtis,Stronger Together,26
Madison,Town of Eaton 2,Eaton Town Clerk/ Tax Collector,,Write-in,,64
Madison,Town of Eaton 2,Eaton Town Clerk/ Tax Collector,,Under Votes,,37
Madison,Town of Eaton 2,Eaton Town Clerk/ Tax Collector,,Over Votes,,0
Madison,Town of Eaton 1,Eaton Town Council,,Michael Johnston,DEM,111
Madison,Town of Eaton 1,Eaton Town Council,,Steve Tuttle,DEM,94
Madison,Town of Eaton 1,Eaton Town Council,,Jeffery T. Golley,REP,158
Madison,Town of Eaton 1,Eaton Town Council,,Dave H. Verne,REP,151
Madison,Town of Eaton 1,Eaton Town Council,,Write-in,,0
Madison,Town of Eaton 1,Eaton Town Council,,Under Votes,,20
Madison,Town of Eaton 1,Eaton Town Council,,Over Votes,,2
Madison,Town of Eaton 2,Eaton Town Council,,Michael Johnston,DEM,110
Madison,Town of Eaton 2,Eaton Town Council,,Steve Tuttle,DEM,92
Madison,Town of Eaton 2,Eaton Town Council,,Jeffery T. Golley,REP,115
Madison,Town of Eaton 2,Eaton Town Council,,Dave H. Verne,REP,102
Madison,Town of Eaton 2,Eaton Town Council,,Write-in,,0
Madison,Town of Eaton 2,Eaton Town Council,,Under Votes,,19
Madison,Town of Eaton 2,Eaton Town Council,,Over Votes,,0
Madison,Town of Eaton 1,Eaton Highway Superintendent,,Larry Phillips,DEM,175
Madison,Town of Eaton 1,Eaton Highway Superintendent,,Larry Phillips,Country Roads,58
Madison,Town of Eaton 1,Eaton Highway Superintendent,,Write-in,,3
Madison,Town of Eaton 1,Eaton Highway Superintendent,,Under Votes,,32
Madison,Town of Eaton 1,Eaton Highway Superintendent,,Over Votes,,0
Madison,Town of Eaton 2,Eaton Highway Superintendent,,Larry Phillips,DEM,133
Madison,Town of Eaton 2,Eaton Highway Superintendent,,Larry Phillips,Country Roads,58
Madison,Town of Eaton 2,Eaton Highway Superintendent,,Write-in,,1
Madison,Town of Eaton 2,Eaton Highway Superintendent,,Under Votes,,27
Madison,Town of Eaton 2,Eaton Highway Superintendent,,Over Votes,,0
Madison,Town of Fenner 1,Fenner Supervisor,,Dave Jones,REP,192
Madison,Town of Fenner 1,Fenner Supervisor,,Write-in,,3
Madison,Town of Fenner 1,Fenner Supervisor,,Under Votes,,51
Madison,Town of Fenner 1,Fenner Supervisor,,Over Votes,,0
Madison,Town of Fenner 1,Fenner Town Clerk,,Kelli Stone,REP,193
Madison,Town of Fenner 1,Fenner Town Clerk,,Write-in,,4
Madison,Town of Fenner 1,Fenner Town Clerk,,Under Votes,,49
Madison,Town of Fenner 1,Fenner Town Clerk,,Over Votes,,0
Madison,Town of Fenner 1,Fenner Town Council,,Hannah Strack,REP,193
Madison,Town of Fenner 1,Fenner Town Council,,Bill Cody,REP,202
Madison,Town of Fenner 1,Fenner Town Council,,Write-in,,12
Madison,Town of Fenner 1,Fenner Town Council,,Under Votes,,85
Madison,Town of Fenner 1,Fenner Town Council,,Over Votes,,0
Madison,Town of Fenner 1,Fenner Highway Superintendent,,Robbie Conklin,REP,197
Madison,Town of Fenner 1,Fenner Highway Superintendent,,Write-in,,3
Madison,Town of Fenner 1,Fenner Highway Superintendent,,Under Votes,,46
Madison,Town of Fenner 1,Fenner Highway Superintendent,,Over Votes,,0
Madison,Town of Fenner 1,Fenner Town Justice,,Ann L. Jones,DEM,174
Madison,Town of Fenner 1,Fenner Town Justice,,Write-in,,2
Madison,Town of Fenner 1,Fenner Town Justice,,Under Votes,,70
Madison,Town of Fenner 1,Fenner Town Justice,,Over Votes,,0
Madison,Town of Georgetown 1,Georgetown Supervisor,,Paul H. Walrod,REP,70
Madison,Town of Georgetown 1,Georgetown Supervisor,,Write-in,,0
Madison,Town of Georgetown 1,Georgetown Supervisor,,Under Votes,,7
Madison,Town of Georgetown 1,Georgetown Supervisor,,Over Votes,,0
Madison,Town of Georgetown 1,Georgetown Town Clerk/ Tax Collector,,Gail E. Evans-Burpee,REP,68
Madison,Town of Georgetown 1,Georgetown Town Clerk/ Tax Collector,,Write-in,,0
Madison,Town of Georgetown 1,Georgetown Town Clerk/ Tax Collector,,Under Votes,,9
Madison,Town of Georgetown 1,Georgetown Town Clerk/ Tax Collector,,Over Votes,,0
Madison,Town of Georgetown 1,Georgetown Town Council,,Matthew W. VanHeusen,REP,64
Madison,Town of Georgetown 1,Georgetown Town Council,,David R. Wood,REP,67
Madison,Town of Georgetown 1,Georgetown Town Council,,Write-in,,0
Madison,Town of Georgetown 1,Georgetown Town Council,,Under Votes,,23
Madison,Town of Georgetown 1,Georgetown Town Council,,Over Votes,,0
Madison,Town of Georgetown 1,Georgetown Highway Superintendent,,Hunter Grace,REP,66
Madison,Town of Georgetown 1,Georgetown Highway Superintendent,,Write-in,,0
Madison,Town of Georgetown 1,Georgetown Highway Superintendent,,Under Votes,,11
Madison,Town of Georgetown 1,Georgetown Highway Superintendent,,Over Votes,,0
Madison,Town of Hamilton 1,Hamilton Supervisor,,Dana L. Krueger,DEM,173
Madison,Town of Hamilton 1,Hamilton Supervisor,,Dana L. Krueger,Good Government,36
Madison,Town of Hamilton 1,Hamilton Supervisor,,Write-in,,0
Madison,Town of Hamilton 1,Hamilton Supervisor,,Under Votes,,12
Madison,Town of Hamilton 1,Hamilton Supervisor,,Over Votes,,0
Madison,Town of Hamilton 2,Hamilton Supervisor,,Dana L. Krueger,Good Government,29
Madison,Town of Hamilton 2,Hamilton Supervisor,,Dana L. Krueger,DEM,166
Madison,Town of Hamilton 2,Hamilton Supervisor,,Write-in,,0
Madison,Town of Hamilton 2,Hamilton Supervisor,,Under Votes,,27
Madison,Town of Hamilton 2,Hamilton Supervisor,,Over Votes,,0
Madison,Town of Hamilton 3,Hamilton Supervisor,,Dana L. Krueger,DEM,35
Madison,Town of Hamilton 3,Hamilton Supervisor,,Dana L. Krueger,Good Government,19
Madison,Town of Hamilton 3,Hamilton Supervisor,,Write-in,,2
Madison,Town of Hamilton 3,Hamilton Supervisor,,Under Votes,,9
Madison,Town of Hamilton 3,Hamilton Supervisor,,Over Votes,,0
Madison,Town of Hamilton 4,Hamilton Supervisor,,Dana L. Krueger,DEM,103
Madison,Town of Hamilton 4,Hamilton Supervisor,,Dana L. Krueger,Good Government,44
Madison,Town of Hamilton 4,Hamilton Supervisor,,Write-in,,6
Madison,Town of Hamilton 4,Hamilton Supervisor,,Under Votes,,42
Madison,Town of Hamilton 4,Hamilton Supervisor,,Over Votes,,0
Madison,Town of Hamilton 1,Hamilton Town Council,,Erin Childers Loranty,Good Government,40
Madison,Town of Hamilton 1,Hamilton Town Council,,Erin Childers Loranty,DEM,166
Madison,Town of Hamilton 1,Hamilton Town Council,,Travis DuBois,Good Government,111
Madison,Town of Hamilton 1,Hamilton Town Council,,Write-in,,2
Madison,Town of Hamilton 1,Hamilton Town Council,,Under Votes,,123
Madison,Town of Hamilton 1,Hamilton Town Council,,Over Votes,,0
Madison,Town of Hamilton 2,Hamilton Town Council,,Erin Childers Loranty,DEM,170
Madison,Town of Hamilton 2,Hamilton Town Council,,Erin Childers Loranty,Good Government,24
Madison,Town of Hamilton 2,Hamilton Town Council,,Travis DuBois,Good Government,99
Madison,Town of Hamilton 2,Hamilton Town Council,,Write-in,,1
Madison,Town of Hamilton 2,Hamilton Town Council,,Under Votes,,150
Madison,Town of Hamilton 2,Hamilton Town Council,,Over Votes,,0
Madison,Town of Hamilton 3,Hamilton Town Council,,Erin Childers Loranty,DEM,34
Madison,Town of Hamilton 3,Hamilton Town Council,,Erin Childers Loranty,Good Government,19
Madison,Town of Hamilton 3,Hamilton Town Council,,Travis DuBois,Good Government,45
Madison,Town of Hamilton 3,Hamilton Town Council,,Write-in,,2
Madison,Town of Hamilton 3,Hamilton Town Council,,Under Votes,,30
Madison,Town of Hamilton 3,Hamilton Town Council,,Over Votes,,0
Madison,Town of Hamilton 4,Hamilton Town Council,,Erin Childers Loranty,DEM,90
Madison,Town of Hamilton 4,Hamilton Town Council,,Erin Childers Loranty,Good Government,43
Madison,Town of Hamilton 4,Hamilton Town Council,,Travis DuBois,Good Government,110
Madison,Town of Hamilton 4,Hamilton Town Council,,Write-in,,7
Madison,Town of Hamilton 4,Hamilton Town Council,,Under Votes,,138
Madison,Town of Hamilton 4,Hamilton Town Council,,Over Votes,,2
Madison,Town of Hamilton 1,Hamilton Town Justice,,Nicholas Sabino,DEM,166
Madison,Town of Hamilton 1,Hamilton Town Justice,,Nicholas Sabino,Good Government,44
Madison,Town of Hamilton 1,Hamilton Town Justice,,Write-in,,1
Madison,Town of Hamilton 1,Hamilton Town Justice,,Under Votes,,10
Madison,Town of Hamilton 1,Hamilton Town Justice,,Over Votes,,0
Madison,Town of Hamilton 2,Hamilton Town Justice,,Nicholas Sabino,DEM,170
Madison,Town of Hamilton 2,Hamilton Town Justice,,Nicholas Sabino,Good Government,30
Madison,Town of Hamilton 2,Hamilton Town Justice,,Write-in,,0
Madison,Town of Hamilton 2,Hamilton Town Justice,,Under Votes,,22
Madison,Town of Hamilton 2,Hamilton Town Justice,,Over Votes,,0
Madison,Town of Hamilton 3,Hamilton Town Justice,,Nicholas Sabino,DEM,32
Madison,Town of Hamilton 3,Hamilton Town Justice,,Nicholas Sabino,Good Government,23
Madison,Town of Hamilton 3,Hamilton Town Justice,,Write-in,,2
Madison,Town of Hamilton 3,Hamilton Town Justice,,Under Votes,,8
Madison,Town of Hamilton 3,Hamilton Town Justice,,Over Votes,,0
Madison,Town of Hamilton 4,Hamilton Town Justice,,Nicholas Sabino,DEM,92
Madison,Town of Hamilton 4,Hamilton Town Justice,,Nicholas Sabino,Good Government,52
Madison,Town of Hamilton 4,Hamilton Town Justice,,Write-in,,3
Madison,Town of Hamilton 4,Hamilton Town Justice,,Under Votes,,48
Madison,Town of Hamilton 4,Hamilton Town Justice,,Over Votes,,0
Madison,Town of Lebanon 1,Lebanon Supervisor,,Ronda H. Winn,REP,46
Madison,Town of Lebanon 1,Lebanon Supervisor,,Adam Carvell,Rural Roots NY,12
Madison,Town of Lebanon 1,Lebanon Supervisor,,Adam Carvell,DEM,55
Madison,Town of Lebanon 1,Lebanon Supervisor,,Write-in,,0
Madison,Town of Lebanon 1,Lebanon Supervisor,,Under Votes,,0
Madison,Town of Lebanon 1,Lebanon Supervisor,,Over Votes,,0
Madison,Town of Lebanon 2,Lebanon Supervisor,,Ronda H. Winn,REP,50
Madison,Town of Lebanon 2,Lebanon Supervisor,,Adam Carvell,DEM,83
Madison,Town of Lebanon 2,Lebanon Supervisor,,Adam Carvell,Rural Roots NY,13
Madison,Town of Lebanon 2,Lebanon Supervisor,,Write-in,,0
Madison,Town of Lebanon 2,Lebanon Supervisor,,Under Votes,,0
Madison,Town of Lebanon 2,Lebanon Supervisor,,Over Votes,,0
Madison,Town of Lebanon 1,Lebanon Town Clerk/ Tax Collector,,Joann L. Collins,Clean Farming,29
Madison,Town of Lebanon 1,Lebanon Town Clerk/ Tax Collector,,Joann L. Collins,DEM,66
Madison,Town of Lebanon 1,Lebanon Town Clerk/ Tax Collector,,Write-in,,1
Madison,Town of Lebanon 1,Lebanon Town Clerk/ Tax Collector,,Under Votes,,17
Madison,Town of Lebanon 1,Lebanon Town Clerk/ Tax Collector,,Over Votes,,0
Madison,Town of Lebanon 2,Lebanon Town Clerk/ Tax Collector,,Joann L. Collins,DEM,98
Madison,Town of Lebanon 2,Lebanon Town Clerk/ Tax Collector,,Joann L. Collins,Clean Farming,24
Madison,Town of Lebanon 2,Lebanon Town Clerk/ Tax Collector,,Write-in,,0
Madison,Town of Lebanon 2,Lebanon Town Clerk/ Tax Collector,,Under Votes,,24
Madison,Town of Lebanon 2,Lebanon Town Clerk/ Tax Collector,,Over Votes,,0
Madison,Town of Lebanon 1,Lebanon Town Council,,Ronald Jones,DEM,85
Madison,Town of Lebanon 1,Lebanon Town Council,,Gregory Fuller,DEM,81
Madison,Town of Lebanon 1,Lebanon Town Council,,Write-in,,2
Madison,Town of Lebanon 1,Lebanon Town Council,,Under Votes,,58
Madison,Town of Lebanon 1,Lebanon Town Council,,Over Votes,,0
Madison,Town of Lebanon 2,Lebanon Town Council,,Ronald Jones,DEM,99
Madison,Town of Lebanon 2,Lebanon Town Council,,Gregory Fuller,DEM,100
Madison,Town of Lebanon 2,Lebanon Town Council,,Write-in,,2
Madison,Town of Lebanon 2,Lebanon Town Council,,Under Votes,,91
Madison,Town of Lebanon 2,Lebanon Town Council,,Over Votes,,0
Madison,Town of Lebanon 1,Lebanon Highway Superintendent,,Jamie Goedel,REP,59
Madison,Town of Lebanon 1,Lebanon Highway Superintendent,,Jamie Goedel,DEM,47
Madison,Town of Lebanon 1,Lebanon Highway Superintendent,,Write-in,,1
Madison,Town of Lebanon 1,Lebanon Highway Superintendent,,Under Votes,,6
Madison,Town of Lebanon 1,Lebanon Highway Superintendent,,Over Votes,,0
Madison,Town of Lebanon 2,Lebanon Highway Superintendent,,Jamie Goedel,DEM,79
Madison,Town of Lebanon 2,Lebanon Highway Superintendent,,Jamie Goedel,REP,56
Madison,Town of Lebanon 2,Lebanon Highway Superintendent,,Write-in,,6
Madison,Town of Lebanon 2,Lebanon Highway Superintendent,,Under Votes,,5
Madison,Town of Lebanon 2,Lebanon Highway Superintendent,,Over Votes,,0
Madison,Town of Lenox 1,Lenox Supervisor,,Meghan Coe-Samsel,REP,201
Madison,Town of Lenox 1,Lenox Supervisor,,Meghan Coe-Samsel,Roots & Vision,26
Madison,Town of Lenox 1,Lenox Supervisor,,Joseph J. Pinard,For the People,165
Madison,Town of Lenox 1,Lenox Supervisor,,Write-in,,0
Madison,Town of Lenox 1,Lenox Supervisor,,Under Votes,,13
Madison,Town of Lenox 1,Lenox Supervisor,,Over Votes,,3
Madison,Town of Lenox 2,Lenox Supervisor,,Meghan Coe-Samsel,Roots & Vision,12
Madison,Town of Lenox 2,Lenox Supervisor,,Meghan Coe-Samsel,REP,106
Madison,Town of Lenox 2,Lenox Supervisor,,Joseph J. Pinard,For the People,81
Madison,Town of Lenox 2,Lenox Supervisor,,Write-in,,0
Madison,Town of Lenox 2,Lenox Supervisor,,Under Votes,,15
Madison,Town of Lenox 2,Lenox Supervisor,,Over Votes,,0
Madison,Town of Lenox 3,Lenox Supervisor,,Meghan Coe-Samsel,Roots & Vision,27
Madison,Town of Lenox 3,Lenox Supervisor,,Meghan Coe-Samsel,REP,164
Madison,Town of Lenox 3,Lenox Supervisor,,Joseph J. Pinard,For the People,115
Madison,Town of Lenox 3,Lenox Supervisor,,Write-in,,1
Madison,Town of Lenox 3,Lenox Supervisor,,Under Votes,,21
Madison,Town of Lenox 3,Lenox Supervisor,,Over Votes,,2
Madison,Town of Lenox 4,Lenox Supervisor,,Meghan Coe-Samsel,Roots & Vision,27
Madison,Town of Lenox 4,Lenox Supervisor,,Meghan Coe-Samsel,REP,146
Madison,Town of Lenox 4,Lenox Supervisor,,Joseph J. Pinard,For the People,62
Madison,Town of Lenox 4,Lenox Supervisor,,Write-in,,1
Madison,Town of Lenox 4,Lenox Supervisor,,Under Votes,,10
Madison,Town of Lenox 4,Lenox Supervisor,,Over Votes,,0
Madison,Town of Lenox 5,Lenox Supervisor,,Meghan Coe-Samsel,Roots & Vision,18
Madison,Town of Lenox 5,Lenox Supervisor,,Meghan Coe-Samsel,REP,164
Madison,Town of Lenox 5,Lenox Supervisor,,Joseph J. Pinard,For the People,116
Madison,Town of Lenox 5,Lenox Supervisor,,Write-in,,0
Madison,Town of Lenox 5,Lenox Supervisor,,Under Votes,,21
Madison,Town of Lenox 5,Lenox Supervisor,,Over Votes,,0
Madison,Town of Lenox 6,Lenox Supervisor,,Meghan Coe-Samsel,REP,64
Madison,Town of Lenox 6,Lenox Supervisor,,Meghan Coe-Samsel,Roots & Vision,7
Madison,Town of Lenox 6,Lenox Supervisor,,Joseph J. Pinard,For the People,50
Madison,Town of Lenox 6,Lenox Supervisor,,Write-in,,0
Madison,Town of Lenox 6,Lenox Supervisor,,Under Votes,,6
Madison,Town of Lenox 6,Lenox Supervisor,,Over Votes,,0
Madison,Town of Lenox 1,Lenox Town Clerk/ Tax Collector,,Bridget E. Stern,DEM,92
Madison,Town of Lenox 1,Lenox Town Clerk/ Tax Collector,,Jacqueline A. Hood,REP,295
Madison,Town of Lenox 1,Lenox Town Clerk/ Tax Collector,,Write-in,,1
Madison,Town of Lenox 1,Lenox Town Clerk/ Tax Collector,,Under Votes,,20
Madison,Town of Lenox 1,Lenox Town Clerk/ Tax Collector,,Over Votes,,0
Madison,Town of Lenox 2,Lenox Town Clerk/ Tax Collector,,Bridget E. Stern,DEM,41
Madison,Town of Lenox 2,Lenox Town Clerk/ Tax Collector,,Jacqueline A. Hood,REP,160
Madison,Town of Lenox 2,Lenox Town Clerk/ Tax Collector,,Write-in,,0
Madison,Town of Lenox 2,Lenox Town Clerk/ Tax Collector,,Under Votes,,13
Madison,Town of Lenox 2,Lenox Town Clerk/ Tax Collector,,Over Votes,,0
Madison,Town of Lenox 3,Lenox Town Clerk/ Tax Collector,,Bridget E. Stern,DEM,81
Madison,Town of Lenox 3,Lenox Town Clerk/ Tax Collector,,Jacqueline A. Hood,REP,228
Madison,Town of Lenox 3,Lenox Town Clerk/ Tax Collector,,Write-in,,1
Madison,Town of Lenox 3,Lenox Town Clerk/ Tax Collector,,Under Votes,,19
Madison,Town of Lenox 3,Lenox Town Clerk/ Tax Collector,,Over Votes,,1
Madison,Town of Lenox 4,Lenox Town Clerk/ Tax Collector,,Bridget E. Stern,DEM,66
Madison,Town of Lenox 4,Lenox Town Clerk/ Tax Collector,,Jacqueline A. Hood,REP,171
Madison,Town of Lenox 4,Lenox Town Clerk/ Tax Collector,,Write-in,,0
Madison,Town of Lenox 4,Lenox Town Clerk/ Tax Collector,,Under Votes,,9
Madison,Town of Lenox 4,Lenox Town Clerk/ Tax Collector,,Over Votes,,0
Madison,Town of Lenox 5,Lenox Town Clerk/ Tax Collector,,Bridget E. Stern,DEM,82
Madison,Town of Lenox 5,Lenox Town Clerk/ Tax Collector,,Jacqueline A. Hood,REP,219
Madison,Town of Lenox 5,Lenox Town Clerk/ Tax Collector,,Write-in,,0
Madison,Town of Lenox 5,Lenox Town Clerk/ Tax Collector,,Under Votes,,18
Madison,Town of Lenox 5,Lenox Town Clerk/ Tax Collector,,Over Votes,,0
Madison,Town of Lenox 6,Lenox Town Clerk/ Tax Collector,,Bridget E. Stern,DEM,31
Madison,Town of Lenox 6,Lenox Town Clerk/ Tax Collector,,Jacqueline A. Hood,REP,89
Madison,Town of Lenox 6,Lenox Town Clerk/ Tax Collector,,Write-in,,0
Madison,Town of Lenox 6,Lenox Town Clerk/ Tax Collector,,Under Votes,,7
Madison,Town of Lenox 6,Lenox Town Clerk/ Tax Collector,,Over Votes,,0
Madison,Town of Lenox 1,Lenox Town Council,,Wesley R. Hood,REP,323
Madison,Town of Lenox 1,Lenox Town Council,,Dominick A. Perretta Jr.,REP,291
Madison,Town of Lenox 1,Lenox Town Council,,Write-in,,4
Madison,Town of Lenox 1,Lenox Town Council,,Under Votes,,198
Madison,Town of Lenox 1,Lenox Town Council,,Over Votes,,0
Madison,Town of Lenox 2,Lenox Town Council,,Wesley R. Hood,REP,158
Madison,Town of Lenox 2,Lenox Town Council,,Dominick A. Perretta Jr.,REP,137
Madison,Town of Lenox 2,Lenox Town Council,,Write-in,,0
Madison,Town of Lenox 2,Lenox Town Council,,Under Votes,,133
Madison,Town of Lenox 2,Lenox Town Council,,Over Votes,,0
Madison,Town of Lenox 3,Lenox Town Council,,Wesley R. Hood,REP,229
Madison,Town of Lenox 3,Lenox Town Council,,Dominick A. Perretta Jr.,REP,213
Madison,Town of Lenox 3,Lenox Town Council,,Write-in,,10
Madison,Town of Lenox 3,Lenox Town Council,,Under Votes,,208
Madison,Town of Lenox 3,Lenox Town Council,,Over Votes,,0
Madison,Town of Lenox 4,Lenox Town Council,,Wesley R. Hood,REP,178
Madison,Town of Lenox 4,Lenox Town Council,,Dominick A. Perretta Jr.,REP,167
Madison,Town of Lenox 4,Lenox Town Council,,Write-in,,4
Madison,Town of Lenox 4,Lenox Town Council,,Under Votes,,141
Madison,Town of Lenox 4,Lenox Town Council,,Over Votes,,2
Madison,Town of Lenox 5,Lenox Town Council,,Wesley R. Hood,REP,232
Madison,Town of Lenox 5,Lenox Town Council,,Dominick A. Perretta Jr.,REP,228
Madison,Town of Lenox 5,Lenox Town Council,,Write-in,,5
Madison,Town of Lenox 5,Lenox Town Council,,Under Votes,,173
Madison,Town of Lenox 5,Lenox Town Council,,Over Votes,,0
Madison,Town of Lenox 6,Lenox Town Council,,Wesley R. Hood,REP,93
Madison,Town of Lenox 6,Lenox Town Council,,Dominick A. Perretta Jr.,REP,87
Madison,Town of Lenox 6,Lenox Town Council,,Write-in,,0
Madison,Town of Lenox 6,Lenox Town Council,,Under Votes,,74
Madison,Town of Lenox 6,Lenox Town Council,,Over Votes,,0
Madison,Town of Lenox 1,Lenox Highway Superintendent,,Anthony J. Salay,Rebuild & Restore,17
Madison,Town of Lenox 1,Lenox Highway Superintendent,,Anthony J. Salay,REP,206
Madison,Town of Lenox 1,Lenox Highway Superintendent,,Zackary A. Chase,Better Roads Ahead,158
Madison,Town of Lenox 1,Lenox Highway Superintendent,,Write-in,,1
Madison,Town of Lenox 1,Lenox Highway Superintendent,,Under Votes,,23
Madison,Town of Lenox 1,Lenox Highway Superintendent,,Over Votes,,3
Madison,Town of Lenox 2,Lenox Highway Superintendent,,Anthony J. Salay,REP,100
Madison,Town of Lenox 2,Lenox Highway Superintendent,,Anthony J. Salay,Rebuild & Restore,6
Madison,Town of Lenox 2,Lenox Highway Superintendent,,Zackary A. Chase,Better Roads Ahead,84
Madison,Town of Lenox 2,Lenox Highway Superintendent,,Write-in,,0
Madison,Town of Lenox 2,Lenox Highway Superintendent,,Under Votes,,23
Madison,Town of Lenox 2,Lenox Highway Superintendent,,Over Votes,,1
Madison,Town of Lenox 3,Lenox Highway Superintendent,,Anthony J. Salay,Rebuild & Restore,17
Madison,Town of Lenox 3,Lenox Highway Superintendent,,Anthony J. Salay,REP,157
Madison,Town of Lenox 3,Lenox Highway Superintendent,,Zackary A. Chase,Better Roads Ahead,118
Madison,Town of Lenox 3,Lenox Highway Superintendent,,Write-in,,0
Madison,Town of Lenox 3,Lenox Highway Superintendent,,Under Votes,,35
Madison,Town of Lenox 3,Lenox Highway Superintendent,,Over Votes,,3
Madison,Town of Lenox 4,Lenox Highway Superintendent,,Anthony J. Salay,Rebuild & Restore,6
Madison,Town of Lenox 4,Lenox Highway Superintendent,,Anthony J. Salay,REP,128
Madison,Town of Lenox 4,Lenox Highway Superintendent,,Zackary A. Chase,Better Roads Ahead,98
Madison,Town of Lenox 4,Lenox Highway Superintendent,,Write-in,,1
Madison,Town of Lenox 4,Lenox Highway Superintendent,,Under Votes,,13
Madison,Town of Lenox 4,Lenox Highway Superintendent,,Over Votes,,0
Madison,Town of Lenox 5,Lenox Highway Superintendent,,Anthony J. Salay,Rebuild & Restore,19
Madison,Town of Lenox 5,Lenox Highway Superintendent,,Anthony J. Salay,REP,144
Madison,Town of Lenox 5,Lenox Highway Superintendent,,Zackary A. Chase,Better Roads Ahead,137
Madison,Town of Lenox 5,Lenox Highway Superintendent,,Write-in,,0
Madison,Town of Lenox 5,Lenox Highway Superintendent,,Under Votes,,18
Madison,Town of Lenox 5,Lenox Highway Superintendent,,Over Votes,,1
Madison,Town of Lenox 6,Lenox Highway Superintendent,,Anthony J. Salay,Rebuild & Restore,7
Madison,Town of Lenox 6,Lenox Highway Superintendent,,Anthony J. Salay,REP,65
Madison,Town of Lenox 6,Lenox Highway Superintendent,,Zackary A. Chase,Better Roads Ahead,47
Madison,Town of Lenox 6,Lenox Highway Superintendent,,Write-in,,0
Madison,Town of Lenox 6,Lenox Highway Superintendent,,Under Votes,,8
Madison,Town of Lenox 6,Lenox Highway Superintendent,,Over Votes,,0
Madison,Town of Lincoln 1,Lincoln Supervisor,,Melissa A. During,REP,84
Madison,Town of Lincoln 1,Lincoln Supervisor,,Write-in,,24
Madison,Town of Lincoln 1,Lincoln Supervisor,,Under Votes,,15
Madison,Town of Lincoln 1,Lincoln Supervisor,,Over Votes,,0
Madison,Town of Lincoln 2,Lincoln Supervisor,,Melissa A. During,REP,43
Madison,Town of Lincoln 2,Lincoln Supervisor,,Write-in,,11
Madison,Town of Lincoln 2,Lincoln Supervisor,,Under Votes,,13
Madison,Town of Lincoln 2,Lincoln Supervisor,,Over Votes,,0
Madison,Town of Lincoln 1,Lincoln Town Clerk/ Tax Collector,,Marva Smith,Rural Lincoln,96
Madison,Town of Lincoln 1,Lincoln Town Clerk/ Tax Collector,,Write-in,,1
Madison,Town of Lincoln 1,Lincoln Town Clerk/ Tax Collector,,Under Votes,,26
Madison,Town of Lincoln 1,Lincoln Town Clerk/ Tax Collector,,Over Votes,,0
Madison,Town of Lincoln 2,Lincoln Town Clerk/ Tax Collector,,Marva Smith,Rural Lincoln,56
Madison,Town of Lincoln 2,Lincoln Town Clerk/ Tax Collector,,Write-in,,1
Madison,Town of Lincoln 2,Lincoln Town Clerk/ Tax Collector,,Under Votes,,10
Madison,Town of Lincoln 2,Lincoln Town Clerk/ Tax Collector,,Over Votes,,0
Madison,Town of Lincoln 1,Lincoln Town Council,,Matthew W. Eddy,REP,89
Madison,Town of Lincoln 1,Lincoln Town Council,,Peggy L. LeClair,REP,89
Madison,Town of Lincoln 1,Lincoln Town Council,,Write-in,,3
Madison,Town of Lincoln 1,Lincoln Town Council,,Under Votes,,65
Madison,Town of Lincoln 1,Lincoln Town Council,,Over Votes,,0
Madison,Town of Lincoln 2,Lincoln Town Council,,Matthew W. Eddy,REP,56
Madison,Town of Lincoln 2,Lincoln Town Council,,Peggy L. LeClair,REP,47
Madison,Town of Lincoln 2,Lincoln Town Council,,Write-in,,7
Madison,Town of Lincoln 2,Lincoln Town Council,,Under Votes,,24
Madison,Town of Lincoln 2,Lincoln Town Council,,Over Votes,,0
Madison,Town of Lincoln 1,Lincoln Highway Superintendent,,Anthony J. Domenicone,REP,104
Madison,Town of Lincoln 1,Lincoln Highway Superintendent,,Write-in,,1
Madison,Town of Lincoln 1,Lincoln Highway Superintendent,,Under Votes,,18
Madison,Town of Lincoln 1,Lincoln Highway Superintendent,,Over Votes,,0
Madison,Town of Lincoln 2,Lincoln Highway Superintendent,,Anthony J. Domenicone,REP,57
Madison,Town of Lincoln 2,Lincoln Highway Superintendent,,Write-in,,2
Madison,Town of Lincoln 2,Lincoln Highway Superintendent,,Under Votes,,8
Madison,Town of Lincoln 2,Lincoln Highway Superintendent,,Over Votes,,0
Madison,Town of Madison 1,Madison Supervisor,,Gregory M. Reuter,Madison Matters,49
Madison,Town of Madison 1,Madison Supervisor,,Gregory M. Reuter,REP,165
Madison,Town of Madison 1,Madison Supervisor,,Write-in,,22
Madison,Town of Madison 1,Madison Supervisor,,Under Votes,,68
Madison,Town of Madison 1,Madison Supervisor,,Over Votes,,0
Madison,Town of Madison 2,Madison Supervisor,,Gregory M. Reuter,Madison Matters,47
Madison,Town of Madison 2,Madison Supervisor,,Gregory M. Reuter,REP,105
Madison,Town of Madison 2,Madison Supervisor,,Write-in,,4
Madison,Town of Madison 2,Madison Supervisor,,Under Votes,,42
Madison,Town of Madison 2,Madison Supervisor,,Over Votes,,0
Madison,Town of Madison 1,Madison Town Clerk,,Tina M. Livermore,Madison Matters,48
Madison,Town of Madison 1,Madison Town Clerk,,Tina M. Livermore,REP,196
Madison,Town of Madison 1,Madison Town Clerk,,Write-in,,9
Madison,Town of Madison 1,Madison Town Clerk,,Under Votes,,51
Madison,Town of Madison 1,Madison Town Clerk,,Over Votes,,0
Madison,Town of Madison 2,Madison Town Clerk,,Tina M. Livermore,Madison Matters,42
Madison,Town of Madison 2,Madison Town Clerk,,Tina M. Livermore,REP,118
Madison,Town of Madison 2,Madison Town Clerk,,Write-in,,1
Madison,Town of Madison 2,Madison Town Clerk,,Under Votes,,37
Madison,Town of Madison 2,Madison Town Clerk,,Over Votes,,0
Madison,Town of Madison 1,Madison Town Council,,Patricia Bikowsky,Madison Matters,47
Madison,Town of Madison 1,Madison Town Council,,Patricia Bikowsky,REP,170
Madison,Town of Madison 1,Madison Town Council,,James Lundrigan,REP,172
Madison,Town of Madison 1,Madison Town Council,,James Lundrigan,Madison Matters,44
Madison,Town of Madison 1,Madison Town Council,,Write-in,,37
Madison,Town of Madison 1,Madison Town Council,,Under Votes,,138
Madison,Town of Madison 1,Madison Town Council,,Over Votes,,0
Madison,Town of Madison 2,Madison Town Council,,Patricia Bikowsky,Madison Matters,39
Madison,Town of Madison 2,Madison Town Council,,Patricia Bikowsky,REP,109
Madison,Town of Madison 2,Madison Town Council,,James Lundrigan,REP,102
Madison,Town of Madison 2,Madison Town Council,,James Lundrigan,Madison Matters,37
Madison,Town of Madison 2,Madison Town Council,,Write-in,,11
Madison,Town of Madison 2,Madison Town Council,,Under Votes,,98
Madison,Town of Madison 2,Madison Town Council,,Over Votes,,0
Madison,Town of Madison 1,Madison Highway Superintendent,,Jeffrey A. Bailey,REP,171
Madison,Town of Madison 1,Madison Highway Superintendent,,Jeffrey A. Bailey,CON,32
Madison,Town of Madison 1,Madison Highway Superintendent,,Jeromie Nelson,Madison First,46
Madison,Town of Madison 1,Madison Highway Superintendent,,Write-in,,12
Madison,Town of Madison 1,Madison Highway Superintendent,,Under Votes,,43
Madison,Town of Madison 1,Madison Highway Superintendent,,Over Votes,,0
Madison,Town of Madison 2,Madison Highway Superintendent,,Jeffrey A. Bailey,REP,91
Madison,Town of Madison 2,Madison Highway Superintendent,,Jeffrey A. Bailey,CON,28
Madison,Town of Madison 2,Madison Highway Superintendent,,Jeromie Nelson,Madison First,45
Madison,Town of Madison 2,Madison Highway Superintendent,,Write-in,,3
Madison,Town of Madison 2,Madison Highway Superintendent,,Under Votes,,31
Madison,Town of Madison 2,Madison Highway Superintendent,,Over Votes,,0
Madison,Town of Madison 1,Madison Town Justice,,Write-in,,12
Madison,Town of Madison 1,Madison Town Justice,,Under Votes,,292
Madison,Town of Madison 1,Madison Town Justice,,Over Votes,,0
Madison,Town of Madison 2,Madison Town Justice,,Write-in,,2
Madison,Town of Madison 2,Madison Town Justice,,Under Votes,,196
Madison,Town of Madison 2,Madison Town Justice,,Over Votes,,0
Madison,Town of Nelson 1,Nelson Supervisor,,James J. Cunningham,CON,36
Madison,Town of Nelson 1,Nelson Supervisor,,James J. Cunningham,REP,130
Madison,Town of Nelson 1,Nelson Supervisor,,Write-in,,3
Madison,Town of Nelson 1,Nelson Supervisor,,Under Votes,,52
Madison,Town of Nelson 1,Nelson Supervisor,,Over Votes,,0
Madison,Town of Nelson 2,Nelson Supervisor,,James J. Cunningham,REP,150
Madison,Town of Nelson 2,Nelson Supervisor,,James J. Cunningham,CON,50
Madison,Town of Nelson 2,Nelson Supervisor,,Write-in,,1
Madison,Town of Nelson 2,Nelson Supervisor,,Under Votes,,98
Madison,Town of Nelson 2,Nelson Supervisor,,Over Votes,,0
Madison,Town of Nelson 1,Nelson Town Clerk,,Christine N. Jaquez,REP,130
Madison,Town of Nelson 1,Nelson Town Clerk,,Christine N. Jaquez,Liberty,38
Madison,Town of Nelson 1,Nelson Town Clerk,,Write-in,,2
Madison,Town of Nelson 1,Nelson Town Clerk,,Under Votes,,51
Madison,Town of Nelson 1,Nelson Town Clerk,,Over Votes,,0
Madison,Town of Nelson 2,Nelson Town Clerk,,Christine N. Jaquez,Liberty,38
Madison,Town of Nelson 2,Nelson Town Clerk,,Christine N. Jaquez,REP,175
Madison,Town of Nelson 2,Nelson Town Clerk,,Write-in,,0
Madison,Town of Nelson 2,Nelson Town Clerk,,Under Votes,,86
Madison,Town of Nelson 2,Nelson Town Clerk,,Over Votes,,0
Madison,Town of Nelson 1,Nelson Town Council,,Joseph J. Lewis Jr.,REP,111
Madison,Town of Nelson 1,Nelson Town Council,,Joseph J. Lewis Jr.,Liberty,17
Madison,Town of Nelson 1,Nelson Town Council,,Rebecca M. Wagner,REP,122
Madison,Town of Nelson 1,Nelson Town Council,,Rebecca M. Wagner,Liberty,22
Madison,Town of Nelson 1,Nelson Town Council,,Virginia Kleinklaus,DEM,97
Madison,Town of Nelson 1,Nelson Town Council,,Virginia Kleinklaus,Strong Community,11
Madison,Town of Nelson 1,Nelson Town Council,,Write-in,,3
Madison,Town of Nelson 1,Nelson Town Council,,Under Votes,,55
Madison,Town of Nelson 1,Nelson Town Council,,Over Votes,,4
Madison,Town of Nelson 2,Nelson Town Council,,Joseph J. Lewis Jr.,REP,152
Madison,Town of Nelson 2,Nelson Town Council,,Joseph J. Lewis Jr.,Liberty,11
Madison,Town of Nelson 2,Nelson Town Council,,Rebecca M. Wagner,Liberty,20
Madison,Town of Nelson 2,Nelson Town Council,,Rebecca M. Wagner,REP,135
Madison,Town of Nelson 2,Nelson Town Council,,Virginia Kleinklaus,DEM,142
Madison,Town of Nelson 2,Nelson Town Council,,Virginia Kleinklaus,Strong Community,15
Madison,Town of Nelson 2,Nelson Town Council,,Write-in,,2
Madison,Town of Nelson 2,Nelson Town Council,,Under Votes,,113
Madison,Town of Nelson 2,Nelson Town Council,,Over Votes,,8
Madison,Town of Nelson 1,Nelson Highway Superintendent,,Joseph E. Deyo Jr.,Liberty,32
Madison,Town of Nelson 1,Nelson Highway Superintendent,,Joseph E. Deyo Jr.,REP,141
Madison,Town of Nelson 1,Nelson Highway Superintendent,,Write-in,,3
Madison,Town of Nelson 1,Nelson Highway Superintendent,,Under Votes,,45
Madison,Town of Nelson 1,Nelson Highway Superintendent,,Over Votes,,0
Madison,Town of Nelson 2,Nelson Highway Superintendent,,Joseph E. Deyo Jr.,REP,173
Madison,Town of Nelson 2,Nelson Highway Superintendent,,Joseph E. Deyo Jr.,Liberty,34
Madison,Town of Nelson 2,Nelson Highway Superintendent,,Write-in,,1
Madison,Town of Nelson 2,Nelson Highway Superintendent,,Under Votes,,91
Madison,Town of Nelson 2,Nelson Highway Superintendent,,Over Votes,,0
Madison,Town of Smithfield 1,Smithfield Supervisor,,Thomas J. Stokes,REP,98
Madison,Town of Smithfield 1,Smithfield Supervisor,,Write-in,,2
Madison,Town of Smithfield 1,Smithfield Supervisor,,Under Votes,,28
Madison,Town of Smithfield 1,Smithfield Supervisor,,Over Votes,,0
Madison,Town of Smithfield 1,Smithfield Town Clerk/ Tax Collector,,Elizabeth MacArthur,Smithfield Strong,35
Madison,Town of Smithfield 1,Smithfield Town Clerk/ Tax Collector,,Elizabeth MacArthur,DEM,63
Madison,Town of Smithfield 1,Smithfield Town Clerk/ Tax Collector,,Write-in,,1
Madison,Town of Smithfield 1,Smithfield Town Clerk/ Tax Collector,,Under Votes,,29
Madison,Town of Smithfield 1,Smithfield Town Clerk/ Tax Collector,,Over Votes,,0
Madison,Town of Smithfield 1,Smithfield Town Council,,Brenda Goff,Smithfield Strong,27
Madison,Town of Smithfield 1,Smithfield Town Council,,Brenda Goff,DEM,63
Madison,Town of Smithfield 1,Smithfield Town Council,,Richard J. Looft,REP,73
Madison,Town of Smithfield 1,Smithfield Town Council,,Write-in,,1
Madison,Town of Smithfield 1,Smithfield Town Council,,Under Votes,,92
Madison,Town of Smithfield 1,Smithfield Town Council,,Over Votes,,0
Madison,Town of Smithfield 1,Smithfield Highway Superintendent,,Daniel Davis,REP,95
Madison,Town of Smithfield 1,Smithfield Highway Superintendent,,Write-in,,3
Madison,Town of Smithfield 1,Smithfield Highway Superintendent,,Under Votes,,30
Madison,Town of Smithfield 1,Smithfield Highway Superintendent,,Over Votes,,0
Madison,Town of Smithfield 1,Smithfield Town Justice,,Linda R. Mulford,Smithfield Strong,37
Madison,Town of Smithfield 1,Smithfield Town Justice,,Linda R. Mulford,DEM,68
Madison,Town of Smithfield 1,Smithfield Town Justice,,Write-in,,1
Madison,Town of Smithfield 1,Smithfield Town Justice,,Under Votes,,22
Madison,Town of Smithfield 1,Smithfield Town Justice,,Over Votes,,0
Madison,Town of Stockbridge 1,Stockbridge Supervisor,,Alexander R. Stepanski,REP,66
Madison,Town of Stockbridge 1,Stockbridge Supervisor,,Write-in,,0
Madison,Town of Stockbridge 1,Stockbridge Supervisor,,Under Votes,,34
Madison,Town of Stockbridge 1,Stockbridge Supervisor,,Over Votes,,0
Madison,Town of Stockbridge 2,Stockbridge Supervisor,,Alexander R. Stepanski,REP,138
Madison,Town of Stockbridge 2,Stockbridge Supervisor,,Write-in,,4
Madison,Town of Stockbridge 2,Stockbridge Supervisor,,Under Votes,,38
Madison,Town of Stockbridge 2,Stockbridge Supervisor,,Over Votes,,0
Madison,Town of Stockbridge 1,Stockbridge Town Council,,Samuel H. Reeder III,Minuteman,3
Madison,Town of Stockbridge 1,Stockbridge Town Council,,Samuel H. Reeder III,REP,47
Madison,Town of Stockbridge 1,Stockbridge Town Council,,Fred Marshall,DEM,63
Madison,Town of Stockbridge 1,Stockbridge Town Council,,David M. Fort,CON,39
Madison,Town of Stockbridge 1,Stockbridge Town Council,,Write-in,,0
Madison,Town of Stockbridge 1,Stockbridge Town Council,,Under Votes,,48
Madison,Town of Stockbridge 1,Stockbridge Town Council,,Over Votes,,0
Madison,Town of Stockbridge 2,Stockbridge Town Council,,Samuel H. Reeder III,Minuteman,6
Madison,Town of Stockbridge 2,Stockbridge Town Council,,Samuel H. Reeder III,REP,97
Madison,Town of Stockbridge 2,Stockbridge Town Council,,Fred Marshall,DEM,105
Madison,Town of Stockbridge 2,Stockbridge Town Council,,David M. Fort,CON,54
Madison,Town of Stockbridge 2,Stockbridge Town Council,,Write-in,,0
Madison,Town of Stockbridge 2,Stockbridge Town Council,,Under Votes,,96
Madison,Town of Stockbridge 2,Stockbridge Town Council,,Over Votes,,2
Madison,Town of Stockbridge 1,Town Council (Two Year Vacancy) Town of Stockbridge,,Richard W. Lagoy,REP,51
Madison,Town of Stockbridge 1,Town Council (Two Year Vacancy) Town of Stockbridge,,Pete Kazlauskas,DEM,42
Madison,Town of Stockbridge 1,Town Council (Two Year Vacancy) Town of Stockbridge,,Write-in,,0
Madison,Town of Stockbridge 1,Town Council (Two Year Vacancy) Town of Stockbridge,,Under Votes,,7
Madison,Town of Stockbridge 1,Town Council (Two Year Vacancy) Town of Stockbridge,,Over Votes,,0
Madison,Town of Stockbridge 2,Town Council (Two Year Vacancy) Town of Stockbridge,,Richard W. Lagoy,REP,107
Madison,Town of Stockbridge 2,Town Council (Two Year Vacancy) Town of Stockbridge,,Pete Kazlauskas,DEM,69
Madison,Town of Stockbridge 2,Town Council (Two Year Vacancy) Town of Stockbridge,,Write-in,,0
Madison,Town of Stockbridge 2,Town Council (Two Year Vacancy) Town of Stockbridge,,Under Votes,,4
Madison,Town of Stockbridge 2,Town Council (Two Year Vacancy) Town of Stockbridge,,Over Votes,,0
Madison,Town of Sullivan 1,Sullivan Town Council,,Dan Gibbons,REP,185
Madison,Town of Sullivan 1,Sullivan Town Council,,Dan Gibbons,CON,43
Madison,Town of Sullivan 1,Sullivan Town Council,,David B. Montroy,CON,36
Madison,Town of Sullivan 1,Sullivan Town Council,,David B. Montroy,REP,161
Madison,Town of Sullivan 1,Sullivan Town Council,,L. Scott Llyridan,DEM,199
Madison,Town of Sullivan 1,Sullivan Town Council,,L. Scott Llyridan,People's Party,23
Madison,Town of Sullivan 1,Sullivan Town Council,,Doug Weaver,DEM,208
Madison,Town of Sullivan 1,Sullivan Town Council,,Doug Weaver,People's Party,30
Madison,Town of Sullivan 1,Sullivan Town Council,,Write-in,,0
Madison,Town of Sullivan 1,Sullivan Town Council,,Under Votes,,17
Madison,Town of Sullivan 1,Sullivan Town Council,,Over Votes,,0
Madison,Town of Sullivan 2,Sullivan Town Council,,Dan Gibbons,REP,142
Madison,Town of Sullivan 2,Sullivan Town Council,,Dan Gibbons,CON,36
Madison,Town of Sullivan 2,Sullivan Town Council,,David B. Montroy,CON,30
Madison,Town of Sullivan 2,Sullivan Town Council,,David B. Montroy,REP,130
Madison,Town of Sullivan 2,Sullivan Town Council,,L. Scott Llyridan,People's Party,11
Madison,Town of Sullivan 2,Sullivan Town Council,,L. Scott Llyridan,DEM,116
Madison,Town of Sullivan 2,Sullivan Town Council,,Doug Weaver,DEM,124
Madison,Town of Sullivan 2,Sullivan Town Council,,Doug Weaver,People's Party,13
Madison,Town of Sullivan 2,Sullivan Town Council,,Write-in,,0
Madison,Town of Sullivan 2,Sullivan Town Council,,Under Votes,,30
Madison,Town of Sullivan 2,Sullivan Town Council,,Over Votes,,0
Madison,Town of Sullivan 3,Sullivan Town Council,,Dan Gibbons,REP,106
Madison,Town of Sullivan 3,Sullivan Town Council,,Dan Gibbons,CON,35
Madison,Town of Sullivan 3,Sullivan Town Council,,David B. Montroy,CON,28
Madison,Town of Sullivan 3,Sullivan Town Council,,David B. Montroy,REP,98
Madison,Town of Sullivan 3,Sullivan Town Council,,L. Scott Llyridan,People's Party,14
Madison,Town of Sullivan 3,Sullivan Town Council,,L. Scott Llyridan,DEM,111
Madison,Town of Sullivan 3,Sullivan Town Council,,Doug Weaver,DEM,128
Madison,Town of Sullivan 3,Sullivan Town Council,,Doug Weaver,People's Party,15
Madison,Town of Sullivan 3,Sullivan Town Council,,Write-in,,0
Madison,Town of Sullivan 3,Sullivan Town Council,,Under Votes,,13
Madison,Town of Sullivan 3,Sullivan Town Council,,Over Votes,,4
Madison,Town of Sullivan 4,Sullivan Town Council,,Dan Gibbons,CON,10
Madison,Town of Sullivan 4,Sullivan Town Council,,Dan Gibbons,REP,47
Madison,Town of Sullivan 4,Sullivan Town Council,,David B. Montroy,CON,12
Madison,Town of Sullivan 4,Sullivan Town Council,,David B. Montroy,REP,47
Madison,Town of Sullivan 4,Sullivan Town Council,,L. Scott Llyridan,DEM,40
Madison,Town of Sullivan 4,Sullivan Town Council,,L. Scott Llyridan,People's Party,2
Madison,Town of Sullivan 4,Sullivan Town Council,,Doug Weaver,DEM,44
Madison,Town of Sullivan 4,Sullivan Town Council,,Doug Weaver,People's Party,4
Madison,Town of Sullivan 4,Sullivan Town Council,,Write-in,,0
Madison,Town of Sullivan 4,Sullivan Town Council,,Under Votes,,8
Madison,Town of Sullivan 4,Sullivan Town Council,,Over Votes,,8
Madison,Town of Sullivan 5,Sullivan Town Council,,Dan Gibbons,CON,33
Madison,Town of Sullivan 5,Sullivan Town Council,,Dan Gibbons,REP,99
Madison,Town of Sullivan 5,Sullivan Town Council,,David B. Montroy,REP,102
Madison,Town of Sullivan 5,Sullivan Town Council,,David B. Montroy,CON,29
Madison,Town of Sullivan 5,Sullivan Town Council,,L. Scott Llyridan,People's Party,9
Madison,Town of Sullivan 5,Sullivan Town Council,,L. Scott Llyridan,DEM,97
Madison,Town of Sullivan 5,Sullivan Town Council,,Doug Weaver,DEM,96
Madison,Town of Sullivan 5,Sullivan Town Council,,Doug Weaver,People's Party,7
Madison,Town of Sullivan 5,Sullivan Town Council,,Write-in,,0
Madison,Town of Sullivan 5,Sullivan Town Council,,Under Votes,,18
Madison,Town of Sullivan 5,Sullivan Town Council,,Over Votes,,0
Madison,Town of Sullivan 6,Sullivan Town Council,,Dan Gibbons,REP,126
Madison,Town of Sullivan 6,Sullivan Town Council,,Dan Gibbons,CON,32
Madison,Town of Sullivan 6,Sullivan Town Council,,David B. Montroy,REP,127
Madison,Town of Sullivan 6,Sullivan Town Council,,David B. Montroy,CON,28
Madison,Town of Sullivan 6,Sullivan Town Council,,L. Scott Llyridan,DEM,110
Madison,Town of Sullivan 6,Sullivan Town Council,,L. Scott Llyridan,People's Party,17
Madison,Town of Sullivan 6,Sullivan Town Council,,Doug Weaver,DEM,119
Madison,Town of Sullivan 6,Sullivan Town Council,,Doug Weaver,People's Party,24
Madison,Town of Sullivan 6,Sullivan Town Council,,Write-in,,0
Madison,Town of Sullivan 6,Sullivan Town Council,,Under Votes,,13
Madison,Town of Sullivan 6,Sullivan Town Council,,Over Votes,,0
Madison,Town of Sullivan 7,Sullivan Town Council,,Dan Gibbons,REP,128
Madison,Town of Sullivan 7,Sullivan Town Council,,Dan Gibbons,CON,29
Madison,Town of Sullivan 7,Sullivan Town Council,,David B. Montroy,REP,118
Madison,Town of Sullivan 7,Sullivan Town Council,,David B. Montroy,CON,26
Madison,Town of Sullivan 7,Sullivan Town Council,,L. Scott Llyridan,DEM,90
Madison,Town of Sullivan 7,Sullivan Town Council,,L. Scott Llyridan,People's Party,1
Madison,Town of Sullivan 7,Sullivan Town Council,,Doug Weaver,DEM,98
Madison,Town of Sullivan 7,Sullivan Town Council,,Doug Weaver,People's Party,6
Madison,Town of Sullivan 7,Sullivan Town Council,,Write-in,,0
Madison,Town of Sullivan 7,Sullivan Town Council,,Under Votes,,22
Madison,Town of Sullivan 7,Sullivan Town Council,,Over Votes,,8
Madison,Town of Sullivan 8,Sullivan Town Council,,Dan Gibbons,REP,50
Madison,Town of Sullivan 8,Sullivan Town Council,,Dan Gibbons,CON,15
Madison,Town of Sullivan 8,Sullivan Town Council,,David B. Montroy,CON,12
Madison,Town of Sullivan 8,Sullivan Town Council,,David B. Montroy,REP,46
Madison,Town of Sullivan 8,Sullivan Town Council,,L. Scott Llyridan,DEM,54
Madison,Town of Sullivan 8,Sullivan Town Council,,L. Scott Llyridan,People's Party,6
Madison,Town of Sullivan 8,Sullivan Town Council,,Doug Weaver,People's Party,9
Madison,Town of Sullivan 8,Sullivan Town Council,,Doug Weaver,DEM,63
Madison,Town of Sullivan 8,Sullivan Town Council,,Write-in,,0
Madison,Town of Sullivan 8,Sullivan Town Council,,Under Votes,,13
Madison,Town of Sullivan 8,Sullivan Town Council,,Over Votes,,0
Madison,Town of Sullivan 9,Sullivan Town Council,,Dan Gibbons,CON,24
Madison,Town of Sullivan 9,Sullivan Town Council,,Dan Gibbons,REP,101
Madison,Town of Sullivan 9,Sullivan Town Council,,David B. Montroy,CON,22
Madison,Town of Sullivan 9,Sullivan Town Council,,David B. Montroy,REP,91
Madison,Town of Sullivan 9,Sullivan Town Council,,L. Scott Llyridan,DEM,64
Madison,Town of Sullivan 9,Sullivan Town Council,,L. Scott Llyridan,People's Party,4
Madison,Town of Sullivan 9,Sullivan Town Council,,Doug Weaver,People's Party,4
Madison,Town of Sullivan 9,Sullivan Town Council,,Doug Weaver,DEM,79
Madison,Town of Sullivan 9,Sullivan Town Council,,Write-in,,0
Madison,Town of Sullivan 9,Sullivan Town Council,,Under Votes,,19
Madison,Town of Sullivan 9,Sullivan Town Council,,Over Votes,,2
Madison,Town of Sullivan 10,Sullivan Town Council,,Dan Gibbons,CON,23
Madison,Town of Sullivan 10,Sullivan Town Council,,Dan Gibbons,REP,100
Madison,Town of Sullivan 10,Sullivan Town Council,,David B. Montroy,CON,20
Madison,Town of Sullivan 10,Sullivan Town Council,,David B. Montroy,REP,90
Madison,Town of Sullivan 10,Sullivan Town Council,,L. Scott Llyridan,DEM,100
Madison,Town of Sullivan 10,Sullivan Town Council,,L. Scott Llyridan,People's Party,7
Madison,Town of Sullivan 10,Sullivan Town Council,,Doug Weaver,DEM,106
Madison,Town of Sullivan 10,Sullivan Town Council,,Doug Weaver,People's Party,9
Madison,Town of Sullivan 10,Sullivan Town Council,,Write-in,,2
Madison,Town of Sullivan 10,Sullivan Town Council,,Under Votes,,13
Madison,Town of Sullivan 10,Sullivan Town Council,,Over Votes,,2
Madison,Town of Sullivan 11,Sullivan Town Council,,Dan Gibbons,REP,76
Madison,Town of Sullivan 11,Sullivan Town Council,,Dan Gibbons,CON,28
Madison,Town of Sullivan 11,Sullivan Town Council,,David B. Montroy,CON,24
Madison,Town of Sullivan 11,Sullivan Town Council,,David B. Montroy,REP,68
Madison,Town of Sullivan 11,Sullivan Town Council,,L. Scott Llyridan,DEM,62
Madison,Town of Sullivan 11,Sullivan Town Council,,L. Scott Llyridan,People's Party,10
Madison,Town of Sullivan 11,Sullivan Town Council,,Doug Weaver,People's Party,10
Madison,Town of Sullivan 11,Sullivan Town Council,,Doug Weaver,DEM,75
Madison,Town of Sullivan 11,Sullivan Town Council,,Write-in,,0
Madison,Town of Sullivan 11,Sullivan Town Council,,Under Votes,,7
Madison,Town of Sullivan 11,Sullivan Town Council,,Over Votes,,2
Madison,Town of Sullivan 1,Sullivan Town Justice,,Christina M. Sudol,REP,203
Madison,Town of Sullivan 1,Sullivan Town Justice,,Christina M. Sudol,Sullivan First,18
Madison,Town of Sullivan 1,Sullivan Town Justice,,Rhiannon Llyridan,People's Party,19
Madison,Town of Sullivan 1,Sullivan Town Justice,,Rhiannon Llyridan,DEM,201
Madison,Town of Sullivan 1,Sullivan Town Justice,,Write-in,,1
Madison,Town of Sullivan 1,Sullivan Town Justice,,Under Votes,,9
Madison,Town of Sullivan 1,Sullivan Town Justice,,Over Votes,,0
Madison,Town of Sullivan 2,Sullivan Town Justice,,Christina M. Sudol,Sullivan First,13
Madison,Town of Sullivan 2,Sullivan Town Justice,,Christina M. Sudol,REP,166
Madison,Town of Sullivan 2,Sullivan Town Justice,,Rhiannon Llyridan,People's Party,8
Madison,Town of Sullivan 2,Sullivan Town Justice,,Rhiannon Llyridan,DEM,120
Madison,Town of Sullivan 2,Sullivan Town Justice,,Write-in,,0
Madison,Town of Sullivan 2,Sullivan Town Justice,,Under Votes,,9
Madison,Town of Sullivan 2,Sullivan Town Justice,,Over Votes,,0
Madison,Town of Sullivan 3,Sullivan Town Justice,,Christina M. Sudol,Sullivan First,7
Madison,Town of Sullivan 3,Sullivan Town Justice,,Christina M. Sudol,REP,127
Madison,Town of Sullivan 3,Sullivan Town Justice,,Rhiannon Llyridan,People's Party,12
Madison,Town of Sullivan 3,Sullivan Town Justice,,Rhiannon Llyridan,DEM,120
Madison,Town of Sullivan 3,Sullivan Town Justice,,Write-in,,0
Madison,Town of Sullivan 3,Sullivan Town Justice,,Under Votes,,10
Madison,Town of Sullivan 3,Sullivan Town Justice,,Over Votes,,0
Madison,Town of Sullivan 4,Sullivan Town Justice,,Christina M. Sudol,Sullivan First,3
Madison,Town of Sullivan 4,Sullivan Town Justice,,Christina M. Sudol,REP,63
Madison,Town of Sullivan 4,Sullivan Town Justice,,Rhiannon Llyridan,DEM,38
Madison,Town of Sullivan 4,Sullivan Town Justice,,Rhiannon Llyridan,People's Party,4
Madison,Town of Sullivan 4,Sullivan Town Justice,,Write-in,,0
Madison,Town of Sullivan 4,Sullivan Town Justice,,Under Votes,,3
Madison,Town of Sullivan 4,Sullivan Town Justice,,Over Votes,,0
Madison,Town of Sullivan 5,Sullivan Town Justice,,Christina M. Sudol,REP,121
Madison,Town of Sullivan 5,Sullivan Town Justice,,Christina M. Sudol,Sullivan First,13
Madison,Town of Sullivan 5,Sullivan Town Justice,,Rhiannon Llyridan,People's Party,4
Madison,Town of Sullivan 5,Sullivan Town Justice,,Rhiannon Llyridan,DEM,94
Madison,Town of Sullivan 5,Sullivan Town Justice,,Write-in,,0
Madison,Town of Sullivan 5,Sullivan Town Justice,,Under Votes,,11
Madison,Town of Sullivan 5,Sullivan Town Justice,,Over Votes,,2
Madison,Town of Sullivan 6,Sullivan Town Justice,,Christina M. Sudol,Sullivan First,12
Madison,Town of Sullivan 6,Sullivan Town Justice,,Christina M. Sudol,REP,139
Madison,Town of Sullivan 6,Sullivan Town Justice,,Rhiannon Llyridan,DEM,108
Madison,Town of Sullivan 6,Sullivan Town Justice,,Rhiannon Llyridan,People's Party,19
Madison,Town of Sullivan 6,Sullivan Town Justice,,Write-in,,0
Madison,Town of Sullivan 6,Sullivan Town Justice,,Under Votes,,20
Madison,Town of Sullivan 6,Sullivan Town Justice,,Over Votes,,0
Madison,Town of Sullivan 7,Sullivan Town Justice,,Christina M. Sudol,Sullivan First,8
Madison,Town of Sullivan 7,Sullivan Town Justice,,Christina M. Sudol,REP,144
Madison,Town of Sullivan 7,Sullivan Town Justice,,Rhiannon Llyridan,People's Party,2
Madison,Town of Sullivan 7,Sullivan Town Justice,,Rhiannon Llyridan,DEM,91
Madison,Town of Sullivan 7,Sullivan Town Justice,,Write-in,,1
Madison,Town of Sullivan 7,Sullivan Town Justice,,Under Votes,,15
Madison,Town of Sullivan 7,Sullivan Town Justice,,Over Votes,,2
Madison,Town of Sullivan 8,Sullivan Town Justice,,Christina M. Sudol,REP,63
Madison,Town of Sullivan 8,Sullivan Town Justice,,Christina M. Sudol,Sullivan First,5
Madison,Town of Sullivan 8,Sullivan Town Justice,,Rhiannon Llyridan,People's Party,7
Madison,Town of Sullivan 8,Sullivan Town Justice,,Rhiannon Llyridan,DEM,53
Madison,Town of Sullivan 8,Sullivan Town Justice,,Write-in,,0
Madison,Town of Sullivan 8,Sullivan Town Justice,,Under Votes,,5
Madison,Town of Sullivan 8,Sullivan Town Justice,,Over Votes,,1
Madison,Town of Sullivan 9,Sullivan Town Justice,,Christina M. Sudol,Sullivan First,2
Madison,Town of Sullivan 9,Sullivan Town Justice,,Christina M. Sudol,REP,125
Madison,Town of Sullivan 9,Sullivan Town Justice,,Rhiannon Llyridan,DEM,68
Madison,Town of Sullivan 9,Sullivan Town Justice,,Rhiannon Llyridan,People's Party,4
Madison,Town of Sullivan 9,Sullivan Town Justice,,Write-in,,0
Madison,Town of Sullivan 9,Sullivan Town Justice,,Under Votes,,6
Madison,Town of Sullivan 9,Sullivan Town Justice,,Over Votes,,0
Madison,Town of Sullivan 10,Sullivan Town Justice,,Christina M. Sudol,Sullivan First,12
Madison,Town of Sullivan 10,Sullivan Town Justice,,Christina M. Sudol,REP,114
Madison,Town of Sullivan 10,Sullivan Town Justice,,Rhiannon Llyridan,People's Party,4
Madison,Town of Sullivan 10,Sullivan Town Justice,,Rhiannon Llyridan,DEM,93
Madison,Town of Sullivan 10,Sullivan Town Justice,,Write-in,,0
Madison,Town of Sullivan 10,Sullivan Town Justice,,Under Votes,,13
Madison,Town of Sullivan 10,Sullivan Town Justice,,Over Votes,,0
Madison,Town of Sullivan 11,Sullivan Town Justice,,Christina M. Sudol,REP,88
Madison,Town of Sullivan 11,Sullivan Town Justice,,Christina M. Sudol,Sullivan First,8
Madison,Town of Sullivan 11,Sullivan Town Justice,,Rhiannon Llyridan,People's Party,11
Madison,Town of Sullivan 11,Sullivan Town Justice,,Rhiannon Llyridan,DEM,66
Madison,Town of Sullivan 11,Sullivan Town Justice,,Write-in,,0
Madison,Town of Sullivan 11,Sullivan Town Justice,,Under Votes,,8
Madison,Town of Sullivan 11,Sullivan Town Justice,,Over Votes,,0
