county,precinct,office,district,candidate,party,votes
Putnam,Carmel 1,State Supreme Court Justice,9,Verris B. Shako,CON,8
Putnam,Carmel 1,State Supreme Court Justice,9,Verris B. Shako,DEM,50
Putnam,Carmel 1,State Supreme Court Justice,9,Diane M. Clerkin,DEM,57
Putnam,Carmel 1,State Supreme Court Justice,9,Diane M. Clerkin,CON,7
Putnam,Carmel 1,State Supreme Court Justice,9,"John P. Collins, Jr.",DEM,54
Putnam,Carmel 1,State Supreme Court Justice,9,"John P. Collins, Jr.",CON,7
Putnam,Carmel 1,State Supreme Court Justice,9,Desmond C. Lyons,DEM,50
Putnam,Carmel 1,State Supreme Court Justice,9,George A. Smith,REP,77
Putnam,Carmel 1,State Supreme Court Justice,9,Kiel E. Van Horn,REP,72
Putnam,Carmel 1,State Supreme Court Justice,9,Thomas Humbach,REP,73
Putnam,Carmel 1,State Supreme Court Justice,9,Raymond P. Raiche,CON,8
Putnam,Carmel 1,State Supreme Court Justice,9,Raymond P. Raiche,REP,70
Putnam,Carmel 1,State Supreme Court Justice,9,Write-in,,0
Putnam,Carmel 1,State Supreme Court Justice,9,Under Votes,,51
Putnam,Carmel 1,State Supreme Court Justice,9,Over Votes,,4
Putnam,Carmel 2,State Supreme Court Justice,9,Verris B. Shako,CON,21
Putnam,Carmel 2,State Supreme Court Justice,9,Verris B. Shako,DEM,110
Putnam,Carmel 2,State Supreme Court Justice,9,Diane M. Clerkin,CON,22
Putnam,Carmel 2,State Supreme Court Justice,9,Diane M. Clerkin,DEM,120
Putnam,Carmel 2,State Supreme Court Justice,9,"John P. Collins, Jr.",DEM,114
Putnam,Carmel 2,State Supreme Court Justice,9,"John P. Collins, Jr.",CON,18
Putnam,Carmel 2,State Supreme Court Justice,9,Desmond C. Lyons,DEM,113
Putnam,Carmel 2,State Supreme Court Justice,9,George A. Smith,REP,186
Putnam,Carmel 2,State Supreme Court Justice,9,Kiel E. Van Horn,REP,175
Putnam,Carmel 2,State Supreme Court Justice,9,Thomas Humbach,REP,176
Putnam,Carmel 2,State Supreme Court Justice,9,Raymond P. Raiche,CON,16
Putnam,Carmel 2,State Supreme Court Justice,9,Raymond P. Raiche,REP,174
Putnam,Carmel 2,State Supreme Court Justice,9,Write-in,,0
Putnam,Carmel 2,State Supreme Court Justice,9,Under Votes,,111
Putnam,Carmel 2,State Supreme Court Justice,9,Over Votes,,0
Putnam,Carmel 3,State Supreme Court Justice,9,Verris B. Shako,DEM,143
Putnam,Carmel 3,State Supreme Court Justice,9,Verris B. Shako,CON,30
Putnam,Carmel 3,State Supreme Court Justice,9,Diane M. Clerkin,CON,35
Putnam,Carmel 3,State Supreme Court Justice,9,Diane M. Clerkin,DEM,148
Putnam,Carmel 3,State Supreme Court Justice,9,"John P. Collins, Jr.",DEM,140
Putnam,Carmel 3,State Supreme Court Justice,9,"John P. Collins, Jr.",CON,29
Putnam,Carmel 3,State Supreme Court Justice,9,Desmond C. Lyons,DEM,141
Putnam,Carmel 3,State Supreme Court Justice,9,George A. Smith,REP,165
Putnam,Carmel 3,State Supreme Court Justice,9,Kiel E. Van Horn,REP,153
Putnam,Carmel 3,State Supreme Court Justice,9,Thomas Humbach,REP,163
Putnam,Carmel 3,State Supreme Court Justice,9,Raymond P. Raiche,CON,35
Putnam,Carmel 3,State Supreme Court Justice,9,Raymond P. Raiche,REP,156
Putnam,Carmel 3,State Supreme Court Justice,9,Write-in,,0
Putnam,Carmel 3,State Supreme Court Justice,9,Under Votes,,198
Putnam,Carmel 3,State Supreme Court Justice,9,Over Votes,,0
Putnam,Carmel 4,State Supreme Court Justice,9,Verris B. Shako,DEM,68
Putnam,Carmel 4,State Supreme Court Justice,9,Verris B. Shako,CON,11
Putnam,Carmel 4,State Supreme Court Justice,9,Diane M. Clerkin,DEM,69
Putnam,Carmel 4,State Supreme Court Justice,9,Diane M. Clerkin,CON,14
Putnam,Carmel 4,State Supreme Court Justice,9,"John P. Collins, Jr.",CON,17
Putnam,Carmel 4,State Supreme Court Justice,9,"John P. Collins, Jr.",DEM,66
Putnam,Carmel 4,State Supreme Court Justice,9,Desmond C. Lyons,DEM,65
Putnam,Carmel 4,State Supreme Court Justice,9,George A. Smith,REP,87
Putnam,Carmel 4,State Supreme Court Justice,9,Kiel E. Van Horn,REP,80
Putnam,Carmel 4,State Supreme Court Justice,9,Thomas Humbach,REP,77
Putnam,Carmel 4,State Supreme Court Justice,9,Raymond P. Raiche,REP,78
Putnam,Carmel 4,State Supreme Court Justice,9,Raymond P. Raiche,CON,15
Putnam,Carmel 4,State Supreme Court Justice,9,Write-in,,0
Putnam,Carmel 4,State Supreme Court Justice,9,Under Votes,,33
Putnam,Carmel 4,State Supreme Court Justice,9,Over Votes,,4
Putnam,Carmel 5,State Supreme Court Justice,9,Verris B. Shako,CON,18
Putnam,Carmel 5,State Supreme Court Justice,9,Verris B. Shako,DEM,113
Putnam,Carmel 5,State Supreme Court Justice,9,Diane M. Clerkin,DEM,115
Putnam,Carmel 5,State Supreme Court Justice,9,Diane M. Clerkin,CON,22
Putnam,Carmel 5,State Supreme Court Justice,9,"John P. Collins, Jr.",CON,22
Putnam,Carmel 5,State Supreme Court Justice,9,"John P. Collins, Jr.",DEM,109
Putnam,Carmel 5,State Supreme Court Justice,9,Desmond C. Lyons,DEM,114
Putnam,Carmel 5,State Supreme Court Justice,9,George A. Smith,REP,141
Putnam,Carmel 5,State Supreme Court Justice,9,Kiel E. Van Horn,REP,127
Putnam,Carmel 5,State Supreme Court Justice,9,Thomas Humbach,REP,129
Putnam,Carmel 5,State Supreme Court Justice,9,Raymond P. Raiche,CON,27
Putnam,Carmel 5,State Supreme Court Justice,9,Raymond P. Raiche,REP,126
Putnam,Carmel 5,State Supreme Court Justice,9,Write-in,,0
Putnam,Carmel 5,State Supreme Court Justice,9,Under Votes,,93
Putnam,Carmel 5,State Supreme Court Justice,9,Over Votes,,0
Putnam,Carmel 6,State Supreme Court Justice,9,Verris B. Shako,CON,13
Putnam,Carmel 6,State Supreme Court Justice,9,Verris B. Shako,DEM,59
Putnam,Carmel 6,State Supreme Court Justice,9,Diane M. Clerkin,DEM,57
Putnam,Carmel 6,State Supreme Court Justice,9,Diane M. Clerkin,CON,19
Putnam,Carmel 6,State Supreme Court Justice,9,"John P. Collins, Jr.",DEM,59
Putnam,Carmel 6,State Supreme Court Justice,9,"John P. Collins, Jr.",CON,14
Putnam,Carmel 6,State Supreme Court Justice,9,Desmond C. Lyons,DEM,57
Putnam,Carmel 6,State Supreme Court Justice,9,George A. Smith,REP,111
Putnam,Carmel 6,State Supreme Court Justice,9,Kiel E. Van Horn,REP,102
Putnam,Carmel 6,State Supreme Court Justice,9,Thomas Humbach,REP,106
Putnam,Carmel 6,State Supreme Court Justice,9,Raymond P. Raiche,REP,105
Putnam,Carmel 6,State Supreme Court Justice,9,Raymond P. Raiche,CON,15
Putnam,Carmel 6,State Supreme Court Justice,9,Write-in,,0
Putnam,Carmel 6,State Supreme Court Justice,9,Under Votes,,67
Putnam,Carmel 6,State Supreme Court Justice,9,Over Votes,,0
Putnam,Carmel 7,State Supreme Court Justice,9,Verris B. Shako,CON,10
Putnam,Carmel 7,State Supreme Court Justice,9,Verris B. Shako,DEM,98
Putnam,Carmel 7,State Supreme Court Justice,9,Diane M. Clerkin,CON,9
Putnam,Carmel 7,State Supreme Court Justice,9,Diane M. Clerkin,DEM,104
Putnam,Carmel 7,State Supreme Court Justice,9,"John P. Collins, Jr.",DEM,101
Putnam,Carmel 7,State Supreme Court Justice,9,"John P. Collins, Jr.",CON,13
Putnam,Carmel 7,State Supreme Court Justice,9,Desmond C. Lyons,DEM,97
Putnam,Carmel 7,State Supreme Court Justice,9,George A. Smith,REP,118
Putnam,Carmel 7,State Supreme Court Justice,9,Kiel E. Van Horn,REP,111
Putnam,Carmel 7,State Supreme Court Justice,9,Thomas Humbach,REP,110
Putnam,Carmel 7,State Supreme Court Justice,9,Raymond P. Raiche,CON,11
Putnam,Carmel 7,State Supreme Court Justice,9,Raymond P. Raiche,REP,111
Putnam,Carmel 7,State Supreme Court Justice,9,Write-in,,0
Putnam,Carmel 7,State Supreme Court Justice,9,Under Votes,,91
Putnam,Carmel 7,State Supreme Court Justice,9,Over Votes,,0
Putnam,Carmel 8,State Supreme Court Justice,9,Verris B. Shako,DEM,182
Putnam,Carmel 8,State Supreme Court Justice,9,Verris B. Shako,CON,32
Putnam,Carmel 8,State Supreme Court Justice,9,Diane M. Clerkin,CON,37
Putnam,Carmel 8,State Supreme Court Justice,9,Diane M. Clerkin,DEM,185
Putnam,Carmel 8,State Supreme Court Justice,9,"John P. Collins, Jr.",CON,39
Putnam,Carmel 8,State Supreme Court Justice,9,"John P. Collins, Jr.",DEM,179
Putnam,Carmel 8,State Supreme Court Justice,9,Desmond C. Lyons,DEM,185
Putnam,Carmel 8,State Supreme Court Justice,9,George A. Smith,REP,212
Putnam,Carmel 8,State Supreme Court Justice,9,Kiel E. Van Horn,REP,196
Putnam,Carmel 8,State Supreme Court Justice,9,Thomas Humbach,REP,199
Putnam,Carmel 8,State Supreme Court Justice,9,Raymond P. Raiche,REP,194
Putnam,Carmel 8,State Supreme Court Justice,9,Raymond P. Raiche,CON,36
Putnam,Carmel 8,State Supreme Court Justice,9,Write-in,,4
Putnam,Carmel 8,State Supreme Court Justice,9,Under Votes,,100
Putnam,Carmel 8,State Supreme Court Justice,9,Over Votes,,0
Putnam,Carmel 9,State Supreme Court Justice,9,Verris B. Shako,CON,36
Putnam,Carmel 9,State Supreme Court Justice,9,Verris B. Shako,DEM,171
Putnam,Carmel 9,State Supreme Court Justice,9,Diane M. Clerkin,CON,47
Putnam,Carmel 9,State Supreme Court Justice,9,Diane M. Clerkin,DEM,170
Putnam,Carmel 9,State Supreme Court Justice,9,"John P. Collins, Jr.",CON,47
Putnam,Carmel 9,State Supreme Court Justice,9,"John P. Collins, Jr.",DEM,168
Putnam,Carmel 9,State Supreme Court Justice,9,Desmond C. Lyons,DEM,167
Putnam,Carmel 9,State Supreme Court Justice,9,George A. Smith,REP,237
Putnam,Carmel 9,State Supreme Court Justice,9,Kiel E. Van Horn,REP,218
Putnam,Carmel 9,State Supreme Court Justice,9,Thomas Humbach,REP,214
Putnam,Carmel 9,State Supreme Court Justice,9,Raymond P. Raiche,CON,39
Putnam,Carmel 9,State Supreme Court Justice,9,Raymond P. Raiche,REP,218
Putnam,Carmel 9,State Supreme Court Justice,9,Write-in,,0
Putnam,Carmel 9,State Supreme Court Justice,9,Under Votes,,164
Putnam,Carmel 9,State Supreme Court Justice,9,Over Votes,,0
Putnam,Carmel 10,State Supreme Court Justice,9,Verris B. Shako,CON,9
Putnam,Carmel 10,State Supreme Court Justice,9,Verris B. Shako,DEM,74
Putnam,Carmel 10,State Supreme Court Justice,9,Diane M. Clerkin,CON,12
Putnam,Carmel 10,State Supreme Court Justice,9,Diane M. Clerkin,DEM,77
Putnam,Carmel 10,State Supreme Court Justice,9,"John P. Collins, Jr.",DEM,76
Putnam,Carmel 10,State Supreme Court Justice,9,"John P. Collins, Jr.",CON,10
Putnam,Carmel 10,State Supreme Court Justice,9,Desmond C. Lyons,DEM,79
Putnam,Carmel 10,State Supreme Court Justice,9,George A. Smith,REP,98
Putnam,Carmel 10,State Supreme Court Justice,9,Kiel E. Van Horn,REP,90
Putnam,Carmel 10,State Supreme Court Justice,9,Thomas Humbach,REP,93
Putnam,Carmel 10,State Supreme Court Justice,9,Raymond P. Raiche,CON,11
Putnam,Carmel 10,State Supreme Court Justice,9,Raymond P. Raiche,REP,94
Putnam,Carmel 10,State Supreme Court Justice,9,Write-in,,0
Putnam,Carmel 10,State Supreme Court Justice,9,Under Votes,,41
Putnam,Carmel 10,State Supreme Court Justice,9,Over Votes,,4
Putnam,Carmel 11,State Supreme Court Justice,9,Verris B. Shako,DEM,54
Putnam,Carmel 11,State Supreme Court Justice,9,Verris B. Shako,CON,8
Putnam,Carmel 11,State Supreme Court Justice,9,Diane M. Clerkin,DEM,56
Putnam,Carmel 11,State Supreme Court Justice,9,Diane M. Clerkin,CON,13
Putnam,Carmel 11,State Supreme Court Justice,9,"John P. Collins, Jr.",DEM,54
Putnam,Carmel 11,State Supreme Court Justice,9,"John P. Collins, Jr.",CON,12
Putnam,Carmel 11,State Supreme Court Justice,9,Desmond C. Lyons,DEM,54
Putnam,Carmel 11,State Supreme Court Justice,9,George A. Smith,REP,76
Putnam,Carmel 11,State Supreme Court Justice,9,Kiel E. Van Horn,REP,65
Putnam,Carmel 11,State Supreme Court Justice,9,Thomas Humbach,REP,66
Putnam,Carmel 11,State Supreme Court Justice,9,Raymond P. Raiche,REP,65
Putnam,Carmel 11,State Supreme Court Justice,9,Raymond P. Raiche,CON,12
Putnam,Carmel 11,State Supreme Court Justice,9,Write-in,,0
Putnam,Carmel 11,State Supreme Court Justice,9,Under Votes,,49
Putnam,Carmel 11,State Supreme Court Justice,9,Over Votes,,0
Putnam,Carmel 12,State Supreme Court Justice,9,Verris B. Shako,DEM,56
Putnam,Carmel 12,State Supreme Court Justice,9,Verris B. Shako,CON,12
Putnam,Carmel 12,State Supreme Court Justice,9,Diane M. Clerkin,DEM,57
Putnam,Carmel 12,State Supreme Court Justice,9,Diane M. Clerkin,CON,14
Putnam,Carmel 12,State Supreme Court Justice,9,"John P. Collins, Jr.",DEM,55
Putnam,Carmel 12,State Supreme Court Justice,9,"John P. Collins, Jr.",CON,16
Putnam,Carmel 12,State Supreme Court Justice,9,Desmond C. Lyons,DEM,59
Putnam,Carmel 12,State Supreme Court Justice,9,George A. Smith,REP,82
Putnam,Carmel 12,State Supreme Court Justice,9,Kiel E. Van Horn,REP,78
Putnam,Carmel 12,State Supreme Court Justice,9,Thomas Humbach,REP,78
Putnam,Carmel 12,State Supreme Court Justice,9,Raymond P. Raiche,CON,17
Putnam,Carmel 12,State Supreme Court Justice,9,Raymond P. Raiche,REP,75
Putnam,Carmel 12,State Supreme Court Justice,9,Write-in,,0
Putnam,Carmel 12,State Supreme Court Justice,9,Under Votes,,45
Putnam,Carmel 12,State Supreme Court Justice,9,Over Votes,,0
Putnam,Carmel 13,State Supreme Court Justice,9,Verris B. Shako,DEM,66
Putnam,Carmel 13,State Supreme Court Justice,9,Verris B. Shako,CON,8
Putnam,Carmel 13,State Supreme Court Justice,9,Diane M. Clerkin,DEM,65
Putnam,Carmel 13,State Supreme Court Justice,9,Diane M. Clerkin,CON,12
Putnam,Carmel 13,State Supreme Court Justice,9,"John P. Collins, Jr.",CON,12
Putnam,Carmel 13,State Supreme Court Justice,9,"John P. Collins, Jr.",DEM,64
Putnam,Carmel 13,State Supreme Court Justice,9,Desmond C. Lyons,DEM,64
Putnam,Carmel 13,State Supreme Court Justice,9,George A. Smith,REP,116
Putnam,Carmel 13,State Supreme Court Justice,9,Kiel E. Van Horn,REP,112
Putnam,Carmel 13,State Supreme Court Justice,9,Thomas Humbach,REP,113
Putnam,Carmel 13,State Supreme Court Justice,9,Raymond P. Raiche,REP,111
Putnam,Carmel 13,State Supreme Court Justice,9,Raymond P. Raiche,CON,14
Putnam,Carmel 13,State Supreme Court Justice,9,Write-in,,1
Putnam,Carmel 13,State Supreme Court Justice,9,Under Votes,,54
Putnam,Carmel 13,State Supreme Court Justice,9,Over Votes,,4
Putnam,Carmel 14,State Supreme Court Justice,9,Verris B. Shako,CON,19
Putnam,Carmel 14,State Supreme Court Justice,9,Verris B. Shako,DEM,117
Putnam,Carmel 14,State Supreme Court Justice,9,Diane M. Clerkin,CON,25
Putnam,Carmel 14,State Supreme Court Justice,9,Diane M. Clerkin,DEM,115
Putnam,Carmel 14,State Supreme Court Justice,9,"John P. Collins, Jr.",CON,23
Putnam,Carmel 14,State Supreme Court Justice,9,"John P. Collins, Jr.",DEM,117
Putnam,Carmel 14,State Supreme Court Justice,9,Desmond C. Lyons,DEM,117
Putnam,Carmel 14,State Supreme Court Justice,9,George A. Smith,REP,147
Putnam,Carmel 14,State Supreme Court Justice,9,Kiel E. Van Horn,REP,128
Putnam,Carmel 14,State Supreme Court Justice,9,Thomas Humbach,REP,129
Putnam,Carmel 14,State Supreme Court Justice,9,Raymond P. Raiche,CON,20
Putnam,Carmel 14,State Supreme Court Justice,9,Raymond P. Raiche,REP,131
Putnam,Carmel 14,State Supreme Court Justice,9,Write-in,,0
Putnam,Carmel 14,State Supreme Court Justice,9,Under Votes,,112
Putnam,Carmel 14,State Supreme Court Justice,9,Over Votes,,0
Putnam,Carmel 15,State Supreme Court Justice,9,Verris B. Shako,DEM,59
Putnam,Carmel 15,State Supreme Court Justice,9,Verris B. Shako,CON,8
Putnam,Carmel 15,State Supreme Court Justice,9,Diane M. Clerkin,DEM,61
Putnam,Carmel 15,State Supreme Court Justice,9,Diane M. Clerkin,CON,12
Putnam,Carmel 15,State Supreme Court Justice,9,"John P. Collins, Jr.",CON,12
Putnam,Carmel 15,State Supreme Court Justice,9,"John P. Collins, Jr.",DEM,59
Putnam,Carmel 15,State Supreme Court Justice,9,Desmond C. Lyons,DEM,59
Putnam,Carmel 15,State Supreme Court Justice,9,George A. Smith,REP,85
Putnam,Carmel 15,State Supreme Court Justice,9,Kiel E. Van Horn,REP,70
Putnam,Carmel 15,State Supreme Court Justice,9,Thomas Humbach,REP,70
Putnam,Carmel 15,State Supreme Court Justice,9,Raymond P. Raiche,REP,69
Putnam,Carmel 15,State Supreme Court Justice,9,Raymond P. Raiche,CON,13
Putnam,Carmel 15,State Supreme Court Justice,9,Write-in,,0
Putnam,Carmel 15,State Supreme Court Justice,9,Under Votes,,103
Putnam,Carmel 15,State Supreme Court Justice,9,Over Votes,,0
Putnam,Carmel 16,State Supreme Court Justice,9,Verris B. Shako,DEM,88
Putnam,Carmel 16,State Supreme Court Justice,9,Verris B. Shako,CON,17
Putnam,Carmel 16,State Supreme Court Justice,9,Diane M. Clerkin,CON,20
Putnam,Carmel 16,State Supreme Court Justice,9,Diane M. Clerkin,DEM,86
Putnam,Carmel 16,State Supreme Court Justice,9,"John P. Collins, Jr.",DEM,85
Putnam,Carmel 16,State Supreme Court Justice,9,"John P. Collins, Jr.",CON,21
Putnam,Carmel 16,State Supreme Court Justice,9,Desmond C. Lyons,DEM,88
Putnam,Carmel 16,State Supreme Court Justice,9,George A. Smith,REP,143
Putnam,Carmel 16,State Supreme Court Justice,9,Kiel E. Van Horn,REP,138
Putnam,Carmel 16,State Supreme Court Justice,9,Thomas Humbach,REP,134
Putnam,Carmel 16,State Supreme Court Justice,9,Raymond P. Raiche,CON,22
Putnam,Carmel 16,State Supreme Court Justice,9,Raymond P. Raiche,REP,129
Putnam,Carmel 16,State Supreme Court Justice,9,Write-in,,0
Putnam,Carmel 16,State Supreme Court Justice,9,Under Votes,,113
Putnam,Carmel 16,State Supreme Court Justice,9,Over Votes,,0
Putnam,Carmel 17,State Supreme Court Justice,9,Verris B. Shako,CON,6
Putnam,Carmel 17,State Supreme Court Justice,9,Verris B. Shako,DEM,34
Putnam,Carmel 17,State Supreme Court Justice,9,Diane M. Clerkin,CON,9
Putnam,Carmel 17,State Supreme Court Justice,9,Diane M. Clerkin,DEM,35
Putnam,Carmel 17,State Supreme Court Justice,9,"John P. Collins, Jr.",DEM,34
Putnam,Carmel 17,State Supreme Court Justice,9,"John P. Collins, Jr.",CON,8
Putnam,Carmel 17,State Supreme Court Justice,9,Desmond C. Lyons,DEM,35
Putnam,Carmel 17,State Supreme Court Justice,9,George A. Smith,REP,66
Putnam,Carmel 17,State Supreme Court Justice,9,Kiel E. Van Horn,REP,60
Putnam,Carmel 17,State Supreme Court Justice,9,Thomas Humbach,REP,64
Putnam,Carmel 17,State Supreme Court Justice,9,Raymond P. Raiche,REP,61
Putnam,Carmel 17,State Supreme Court Justice,9,Raymond P. Raiche,CON,9
Putnam,Carmel 17,State Supreme Court Justice,9,Write-in,,0
Putnam,Carmel 17,State Supreme Court Justice,9,Under Votes,,23
Putnam,Carmel 17,State Supreme Court Justice,9,Over Votes,,0
Putnam,Carmel 18,State Supreme Court Justice,9,Verris B. Shako,DEM,105
Putnam,Carmel 18,State Supreme Court Justice,9,Verris B. Shako,CON,12
Putnam,Carmel 18,State Supreme Court Justice,9,Diane M. Clerkin,DEM,113
Putnam,Carmel 18,State Supreme Court Justice,9,Diane M. Clerkin,CON,13
Putnam,Carmel 18,State Supreme Court Justice,9,"John P. Collins, Jr.",DEM,109
Putnam,Carmel 18,State Supreme Court Justice,9,"John P. Collins, Jr.",CON,12
Putnam,Carmel 18,State Supreme Court Justice,9,Desmond C. Lyons,DEM,107
Putnam,Carmel 18,State Supreme Court Justice,9,George A. Smith,REP,123
Putnam,Carmel 18,State Supreme Court Justice,9,Kiel E. Van Horn,REP,104
Putnam,Carmel 18,State Supreme Court Justice,9,Thomas Humbach,REP,104
Putnam,Carmel 18,State Supreme Court Justice,9,Raymond P. Raiche,REP,99
Putnam,Carmel 18,State Supreme Court Justice,9,Raymond P. Raiche,CON,17
Putnam,Carmel 18,State Supreme Court Justice,9,Write-in,,0
Putnam,Carmel 18,State Supreme Court Justice,9,Under Votes,,126
Putnam,Carmel 18,State Supreme Court Justice,9,Over Votes,,0
Putnam,Carmel 19,State Supreme Court Justice,9,Verris B. Shako,CON,25
Putnam,Carmel 19,State Supreme Court Justice,9,Verris B. Shako,DEM,161
Putnam,Carmel 19,State Supreme Court Justice,9,Diane M. Clerkin,CON,30
Putnam,Carmel 19,State Supreme Court Justice,9,Diane M. Clerkin,DEM,160
Putnam,Carmel 19,State Supreme Court Justice,9,"John P. Collins, Jr.",CON,26
Putnam,Carmel 19,State Supreme Court Justice,9,"John P. Collins, Jr.",DEM,162
Putnam,Carmel 19,State Supreme Court Justice,9,Desmond C. Lyons,DEM,164
Putnam,Carmel 19,State Supreme Court Justice,9,George A. Smith,REP,136
Putnam,Carmel 19,State Supreme Court Justice,9,Kiel E. Van Horn,REP,127
Putnam,Carmel 19,State Supreme Court Justice,9,Thomas Humbach,REP,128
Putnam,Carmel 19,State Supreme Court Justice,9,Raymond P. Raiche,REP,122
Putnam,Carmel 19,State Supreme Court Justice,9,Raymond P. Raiche,CON,27
Putnam,Carmel 19,State Supreme Court Justice,9,Write-in,,0
Putnam,Carmel 19,State Supreme Court Justice,9,Under Votes,,96
Putnam,Carmel 19,State Supreme Court Justice,9,Over Votes,,0
Putnam,Carmel 20,State Supreme Court Justice,9,Verris B. Shako,CON,24
Putnam,Carmel 20,State Supreme Court Justice,9,Verris B. Shako,DEM,136
Putnam,Carmel 20,State Supreme Court Justice,9,Diane M. Clerkin,DEM,134
Putnam,Carmel 20,State Supreme Court Justice,9,Diane M. Clerkin,CON,26
Putnam,Carmel 20,State Supreme Court Justice,9,"John P. Collins, Jr.",CON,24
Putnam,Carmel 20,State Supreme Court Justice,9,"John P. Collins, Jr.",DEM,134
Putnam,Carmel 20,State Supreme Court Justice,9,Desmond C. Lyons,DEM,133
Putnam,Carmel 20,State Supreme Court Justice,9,George A. Smith,REP,188
Putnam,Carmel 20,State Supreme Court Justice,9,Kiel E. Van Horn,REP,184
Putnam,Carmel 20,State Supreme Court Justice,9,Thomas Humbach,REP,189
Putnam,Carmel 20,State Supreme Court Justice,9,Raymond P. Raiche,REP,176
Putnam,Carmel 20,State Supreme Court Justice,9,Raymond P. Raiche,CON,33
Putnam,Carmel 20,State Supreme Court Justice,9,Write-in,,0
Putnam,Carmel 20,State Supreme Court Justice,9,Under Votes,,99
Putnam,Carmel 20,State Supreme Court Justice,9,Over Votes,,0
Putnam,Carmel 21,State Supreme Court Justice,9,Verris B. Shako,CON,19
Putnam,Carmel 21,State Supreme Court Justice,9,Verris B. Shako,DEM,58
Putnam,Carmel 21,State Supreme Court Justice,9,Diane M. Clerkin,CON,17
Putnam,Carmel 21,State Supreme Court Justice,9,Diane M. Clerkin,DEM,62
Putnam,Carmel 21,State Supreme Court Justice,9,"John P. Collins, Jr.",DEM,59
Putnam,Carmel 21,State Supreme Court Justice,9,"John P. Collins, Jr.",CON,18
Putnam,Carmel 21,State Supreme Court Justice,9,Desmond C. Lyons,DEM,62
Putnam,Carmel 21,State Supreme Court Justice,9,George A. Smith,REP,130
Putnam,Carmel 21,State Supreme Court Justice,9,Kiel E. Van Horn,REP,124
Putnam,Carmel 21,State Supreme Court Justice,9,Thomas Humbach,REP,127
Putnam,Carmel 21,State Supreme Court Justice,9,Raymond P. Raiche,CON,18
Putnam,Carmel 21,State Supreme Court Justice,9,Raymond P. Raiche,REP,121
Putnam,Carmel 21,State Supreme Court Justice,9,Write-in,,0
Putnam,Carmel 21,State Supreme Court Justice,9,Under Votes,,73
Putnam,Carmel 21,State Supreme Court Justice,9,Over Votes,,0
Putnam,Carmel 22,State Supreme Court Justice,9,Verris B. Shako,CON,23
Putnam,Carmel 22,State Supreme Court Justice,9,Verris B. Shako,DEM,119
Putnam,Carmel 22,State Supreme Court Justice,9,Diane M. Clerkin,DEM,123
Putnam,Carmel 22,State Supreme Court Justice,9,Diane M. Clerkin,CON,27
Putnam,Carmel 22,State Supreme Court Justice,9,"John P. Collins, Jr.",DEM,117
Putnam,Carmel 22,State Supreme Court Justice,9,"John P. Collins, Jr.",CON,27
Putnam,Carmel 22,State Supreme Court Justice,9,Desmond C. Lyons,DEM,114
Putnam,Carmel 22,State Supreme Court Justice,9,George A. Smith,REP,227
Putnam,Carmel 22,State Supreme Court Justice,9,Kiel E. Van Horn,REP,215
Putnam,Carmel 22,State Supreme Court Justice,9,Thomas Humbach,REP,220
Putnam,Carmel 22,State Supreme Court Justice,9,Raymond P. Raiche,CON,31
Putnam,Carmel 22,State Supreme Court Justice,9,Raymond P. Raiche,REP,216
Putnam,Carmel 22,State Supreme Court Justice,9,Write-in,,0
Putnam,Carmel 22,State Supreme Court Justice,9,Under Votes,,105
Putnam,Carmel 22,State Supreme Court Justice,9,Over Votes,,0
Putnam,Carmel 23,State Supreme Court Justice,9,Verris B. Shako,CON,14
Putnam,Carmel 23,State Supreme Court Justice,9,Verris B. Shako,DEM,98
Putnam,Carmel 23,State Supreme Court Justice,9,Diane M. Clerkin,CON,18
Putnam,Carmel 23,State Supreme Court Justice,9,Diane M. Clerkin,DEM,96
Putnam,Carmel 23,State Supreme Court Justice,9,"John P. Collins, Jr.",DEM,97
Putnam,Carmel 23,State Supreme Court Justice,9,"John P. Collins, Jr.",CON,17
Putnam,Carmel 23,State Supreme Court Justice,9,Desmond C. Lyons,DEM,93
Putnam,Carmel 23,State Supreme Court Justice,9,George A. Smith,REP,129
Putnam,Carmel 23,State Supreme Court Justice,9,Kiel E. Van Horn,REP,120
Putnam,Carmel 23,State Supreme Court Justice,9,Thomas Humbach,REP,122
Putnam,Carmel 23,State Supreme Court Justice,9,Raymond P. Raiche,CON,20
Putnam,Carmel 23,State Supreme Court Justice,9,Raymond P. Raiche,REP,118
Putnam,Carmel 23,State Supreme Court Justice,9,Write-in,,0
Putnam,Carmel 23,State Supreme Court Justice,9,Under Votes,,82
Putnam,Carmel 23,State Supreme Court Justice,9,Over Votes,,4
Putnam,Carmel 24,State Supreme Court Justice,9,Verris B. Shako,CON,16
Putnam,Carmel 24,State Supreme Court Justice,9,Verris B. Shako,DEM,85
Putnam,Carmel 24,State Supreme Court Justice,9,Diane M. Clerkin,CON,19
Putnam,Carmel 24,State Supreme Court Justice,9,Diane M. Clerkin,DEM,86
Putnam,Carmel 24,State Supreme Court Justice,9,"John P. Collins, Jr.",CON,19
Putnam,Carmel 24,State Supreme Court Justice,9,"John P. Collins, Jr.",DEM,85
Putnam,Carmel 24,State Supreme Court Justice,9,Desmond C. Lyons,DEM,86
Putnam,Carmel 24,State Supreme Court Justice,9,George A. Smith,REP,106
Putnam,Carmel 24,State Supreme Court Justice,9,Kiel E. Van Horn,REP,96
Putnam,Carmel 24,State Supreme Court Justice,9,Thomas Humbach,REP,99
Putnam,Carmel 24,State Supreme Court Justice,9,Raymond P. Raiche,CON,17
Putnam,Carmel 24,State Supreme Court Justice,9,Raymond P. Raiche,REP,97
Putnam,Carmel 24,State Supreme Court Justice,9,Write-in,,0
Putnam,Carmel 24,State Supreme Court Justice,9,Under Votes,,101
Putnam,Carmel 24,State Supreme Court Justice,9,Over Votes,,0
Putnam,Carmel 25,State Supreme Court Justice,9,Verris B. Shako,DEM,101
Putnam,Carmel 25,State Supreme Court Justice,9,Verris B. Shako,CON,16
Putnam,Carmel 25,State Supreme Court Justice,9,Diane M. Clerkin,DEM,103
Putnam,Carmel 25,State Supreme Court Justice,9,Diane M. Clerkin,CON,16
Putnam,Carmel 25,State Supreme Court Justice,9,"John P. Collins, Jr.",DEM,102
Putnam,Carmel 25,State Supreme Court Justice,9,"John P. Collins, Jr.",CON,16
Putnam,Carmel 25,State Supreme Court Justice,9,Desmond C. Lyons,DEM,102
Putnam,Carmel 25,State Supreme Court Justice,9,George A. Smith,REP,120
Putnam,Carmel 25,State Supreme Court Justice,9,Kiel E. Van Horn,REP,119
Putnam,Carmel 25,State Supreme Court Justice,9,Thomas Humbach,REP,120
Putnam,Carmel 25,State Supreme Court Justice,9,Raymond P. Raiche,REP,116
Putnam,Carmel 25,State Supreme Court Justice,9,Raymond P. Raiche,CON,16
Putnam,Carmel 25,State Supreme Court Justice,9,Write-in,,0
Putnam,Carmel 25,State Supreme Court Justice,9,Under Votes,,61
Putnam,Carmel 25,State Supreme Court Justice,9,Over Votes,,4
Putnam,Carmel 26,State Supreme Court Justice,9,Verris B. Shako,DEM,75
Putnam,Carmel 26,State Supreme Court Justice,9,Verris B. Shako,CON,13
Putnam,Carmel 26,State Supreme Court Justice,9,Diane M. Clerkin,DEM,81
Putnam,Carmel 26,State Supreme Court Justice,9,Diane M. Clerkin,CON,22
Putnam,Carmel 26,State Supreme Court Justice,9,"John P. Collins, Jr.",DEM,77
Putnam,Carmel 26,State Supreme Court Justice,9,"John P. Collins, Jr.",CON,20
Putnam,Carmel 26,State Supreme Court Justice,9,Desmond C. Lyons,DEM,76
Putnam,Carmel 26,State Supreme Court Justice,9,George A. Smith,REP,138
Putnam,Carmel 26,State Supreme Court Justice,9,Kiel E. Van Horn,REP,120
Putnam,Carmel 26,State Supreme Court Justice,9,Thomas Humbach,REP,124
Putnam,Carmel 26,State Supreme Court Justice,9,Raymond P. Raiche,REP,120
Putnam,Carmel 26,State Supreme Court Justice,9,Raymond P. Raiche,CON,16
Putnam,Carmel 26,State Supreme Court Justice,9,Write-in,,0
Putnam,Carmel 26,State Supreme Court Justice,9,Under Votes,,98
Putnam,Carmel 26,State Supreme Court Justice,9,Over Votes,,0
Putnam,Carmel 27,State Supreme Court Justice,9,Verris B. Shako,CON,11
Putnam,Carmel 27,State Supreme Court Justice,9,Verris B. Shako,DEM,80
Putnam,Carmel 27,State Supreme Court Justice,9,Diane M. Clerkin,CON,13
Putnam,Carmel 27,State Supreme Court Justice,9,Diane M. Clerkin,DEM,82
Putnam,Carmel 27,State Supreme Court Justice,9,"John P. Collins, Jr.",CON,14
Putnam,Carmel 27,State Supreme Court Justice,9,"John P. Collins, Jr.",DEM,79
Putnam,Carmel 27,State Supreme Court Justice,9,Desmond C. Lyons,DEM,82
Putnam,Carmel 27,State Supreme Court Justice,9,George A. Smith,REP,92
Putnam,Carmel 27,State Supreme Court Justice,9,Kiel E. Van Horn,REP,89
Putnam,Carmel 27,State Supreme Court Justice,9,Thomas Humbach,REP,91
Putnam,Carmel 27,State Supreme Court Justice,9,Raymond P. Raiche,REP,86
Putnam,Carmel 27,State Supreme Court Justice,9,Raymond P. Raiche,CON,14
Putnam,Carmel 27,State Supreme Court Justice,9,Write-in,,0
Putnam,Carmel 27,State Supreme Court Justice,9,Under Votes,,55
Putnam,Carmel 27,State Supreme Court Justice,9,Over Votes,,4
Putnam,Carmel 28,State Supreme Court Justice,9,Verris B. Shako,DEM,53
Putnam,Carmel 28,State Supreme Court Justice,9,Verris B. Shako,CON,6
Putnam,Carmel 28,State Supreme Court Justice,9,Diane M. Clerkin,DEM,59
Putnam,Carmel 28,State Supreme Court Justice,9,Diane M. Clerkin,CON,8
Putnam,Carmel 28,State Supreme Court Justice,9,"John P. Collins, Jr.",CON,9
Putnam,Carmel 28,State Supreme Court Justice,9,"John P. Collins, Jr.",DEM,53
Putnam,Carmel 28,State Supreme Court Justice,9,Desmond C. Lyons,DEM,55
Putnam,Carmel 28,State Supreme Court Justice,9,George A. Smith,REP,64
Putnam,Carmel 28,State Supreme Court Justice,9,Kiel E. Van Horn,REP,61
Putnam,Carmel 28,State Supreme Court Justice,9,Thomas Humbach,REP,61
Putnam,Carmel 28,State Supreme Court Justice,9,Raymond P. Raiche,CON,10
Putnam,Carmel 28,State Supreme Court Justice,9,Raymond P. Raiche,REP,62
Putnam,Carmel 28,State Supreme Court Justice,9,Write-in,,0
Putnam,Carmel 28,State Supreme Court Justice,9,Under Votes,,51
Putnam,Carmel 28,State Supreme Court Justice,9,Over Votes,,0
Putnam,Kent 1,State Supreme Court Justice,9,Verris B. Shako,CON,20
Putnam,Kent 1,State Supreme Court Justice,9,Verris B. Shako,DEM,194
Putnam,Kent 1,State Supreme Court Justice,9,Diane M. Clerkin,DEM,194
Putnam,Kent 1,State Supreme Court Justice,9,Diane M. Clerkin,CON,22
Putnam,Kent 1,State Supreme Court Justice,9,"John P. Collins, Jr.",DEM,198
Putnam,Kent 1,State Supreme Court Justice,9,"John P. Collins, Jr.",CON,24
Putnam,Kent 1,State Supreme Court Justice,9,Desmond C. Lyons,DEM,192
Putnam,Kent 1,State Supreme Court Justice,9,George A. Smith,REP,141
Putnam,Kent 1,State Supreme Court Justice,9,Kiel E. Van Horn,REP,136
Putnam,Kent 1,State Supreme Court Justice,9,Thomas Humbach,REP,131
Putnam,Kent 1,State Supreme Court Justice,9,Raymond P. Raiche,CON,24
Putnam,Kent 1,State Supreme Court Justice,9,Raymond P. Raiche,REP,134
Putnam,Kent 1,State Supreme Court Justice,9,Write-in,,0
Putnam,Kent 1,State Supreme Court Justice,9,Under Votes,,146
Putnam,Kent 1,State Supreme Court Justice,9,Over Votes,,0
Putnam,Kent 2,State Supreme Court Justice,9,Verris B. Shako,DEM,184
Putnam,Kent 2,State Supreme Court Justice,9,Verris B. Shako,CON,39
Putnam,Kent 2,State Supreme Court Justice,9,Diane M. Clerkin,CON,45
Putnam,Kent 2,State Supreme Court Justice,9,Diane M. Clerkin,DEM,188
Putnam,Kent 2,State Supreme Court Justice,9,"John P. Collins, Jr.",CON,41
Putnam,Kent 2,State Supreme Court Justice,9,"John P. Collins, Jr.",DEM,188
Putnam,Kent 2,State Supreme Court Justice,9,Desmond C. Lyons,DEM,186
Putnam,Kent 2,State Supreme Court Justice,9,George A. Smith,REP,254
Putnam,Kent 2,State Supreme Court Justice,9,Kiel E. Van Horn,REP,239
Putnam,Kent 2,State Supreme Court Justice,9,Thomas Humbach,REP,239
Putnam,Kent 2,State Supreme Court Justice,9,Raymond P. Raiche,CON,47
Putnam,Kent 2,State Supreme Court Justice,9,Raymond P. Raiche,REP,230
Putnam,Kent 2,State Supreme Court Justice,9,Write-in,,0
Putnam,Kent 2,State Supreme Court Justice,9,Under Votes,,164
Putnam,Kent 2,State Supreme Court Justice,9,Over Votes,,0
Putnam,Kent 3,State Supreme Court Justice,9,Verris B. Shako,CON,7
Putnam,Kent 3,State Supreme Court Justice,9,Verris B. Shako,DEM,68
Putnam,Kent 3,State Supreme Court Justice,9,Diane M. Clerkin,CON,9
Putnam,Kent 3,State Supreme Court Justice,9,Diane M. Clerkin,DEM,67
Putnam,Kent 3,State Supreme Court Justice,9,"John P. Collins, Jr.",DEM,68
Putnam,Kent 3,State Supreme Court Justice,9,"John P. Collins, Jr.",CON,12
Putnam,Kent 3,State Supreme Court Justice,9,Desmond C. Lyons,DEM,65
Putnam,Kent 3,State Supreme Court Justice,9,George A. Smith,REP,79
Putnam,Kent 3,State Supreme Court Justice,9,Kiel E. Van Horn,REP,70
Putnam,Kent 3,State Supreme Court Justice,9,Thomas Humbach,REP,66
Putnam,Kent 3,State Supreme Court Justice,9,Raymond P. Raiche,CON,10
Putnam,Kent 3,State Supreme Court Justice,9,Raymond P. Raiche,REP,66
Putnam,Kent 3,State Supreme Court Justice,9,Write-in,,0
Putnam,Kent 3,State Supreme Court Justice,9,Under Votes,,89
Putnam,Kent 3,State Supreme Court Justice,9,Over Votes,,0
Putnam,Kent 4,State Supreme Court Justice,9,Verris B. Shako,CON,11
Putnam,Kent 4,State Supreme Court Justice,9,Verris B. Shako,DEM,82
Putnam,Kent 4,State Supreme Court Justice,9,Diane M. Clerkin,CON,14
Putnam,Kent 4,State Supreme Court Justice,9,Diane M. Clerkin,DEM,81
Putnam,Kent 4,State Supreme Court Justice,9,"John P. Collins, Jr.",CON,16
Putnam,Kent 4,State Supreme Court Justice,9,"John P. Collins, Jr.",DEM,78
Putnam,Kent 4,State Supreme Court Justice,9,Desmond C. Lyons,DEM,82
Putnam,Kent 4,State Supreme Court Justice,9,George A. Smith,REP,75
Putnam,Kent 4,State Supreme Court Justice,9,Kiel E. Van Horn,REP,69
Putnam,Kent 4,State Supreme Court Justice,9,Thomas Humbach,REP,75
Putnam,Kent 4,State Supreme Court Justice,9,Raymond P. Raiche,CON,10
Putnam,Kent 4,State Supreme Court Justice,9,Raymond P. Raiche,REP,69
Putnam,Kent 4,State Supreme Court Justice,9,Write-in,,0
Putnam,Kent 4,State Supreme Court Justice,9,Under Votes,,86
Putnam,Kent 4,State Supreme Court Justice,9,Over Votes,,0
Putnam,Kent 5,State Supreme Court Justice,9,Verris B. Shako,DEM,147
Putnam,Kent 5,State Supreme Court Justice,9,Verris B. Shako,CON,16
Putnam,Kent 5,State Supreme Court Justice,9,Diane M. Clerkin,CON,21
Putnam,Kent 5,State Supreme Court Justice,9,Diane M. Clerkin,DEM,153
Putnam,Kent 5,State Supreme Court Justice,9,"John P. Collins, Jr.",DEM,147
Putnam,Kent 5,State Supreme Court Justice,9,"John P. Collins, Jr.",CON,21
Putnam,Kent 5,State Supreme Court Justice,9,Desmond C. Lyons,DEM,151
Putnam,Kent 5,State Supreme Court Justice,9,George A. Smith,REP,150
Putnam,Kent 5,State Supreme Court Justice,9,Kiel E. Van Horn,REP,142
Putnam,Kent 5,State Supreme Court Justice,9,Thomas Humbach,REP,141
Putnam,Kent 5,State Supreme Court Justice,9,Raymond P. Raiche,CON,18
Putnam,Kent 5,State Supreme Court Justice,9,Raymond P. Raiche,REP,138
Putnam,Kent 5,State Supreme Court Justice,9,Write-in,,0
Putnam,Kent 5,State Supreme Court Justice,9,Under Votes,,123
Putnam,Kent 5,State Supreme Court Justice,9,Over Votes,,0
Putnam,Kent 6,State Supreme Court Justice,9,Verris B. Shako,DEM,161
Putnam,Kent 6,State Supreme Court Justice,9,Verris B. Shako,CON,28
Putnam,Kent 6,State Supreme Court Justice,9,Diane M. Clerkin,DEM,163
Putnam,Kent 6,State Supreme Court Justice,9,Diane M. Clerkin,CON,33
Putnam,Kent 6,State Supreme Court Justice,9,"John P. Collins, Jr.",DEM,167
Putnam,Kent 6,State Supreme Court Justice,9,"John P. Collins, Jr.",CON,32
Putnam,Kent 6,State Supreme Court Justice,9,Desmond C. Lyons,DEM,163
Putnam,Kent 6,State Supreme Court Justice,9,George A. Smith,REP,200
Putnam,Kent 6,State Supreme Court Justice,9,Kiel E. Van Horn,REP,181
Putnam,Kent 6,State Supreme Court Justice,9,Thomas Humbach,REP,182
Putnam,Kent 6,State Supreme Court Justice,9,Raymond P. Raiche,REP,174
Putnam,Kent 6,State Supreme Court Justice,9,Raymond P. Raiche,CON,39
Putnam,Kent 6,State Supreme Court Justice,9,Write-in,,0
Putnam,Kent 6,State Supreme Court Justice,9,Under Votes,,165
Putnam,Kent 6,State Supreme Court Justice,9,Over Votes,,0
Putnam,Kent 7,State Supreme Court Justice,9,Verris B. Shako,CON,19
Putnam,Kent 7,State Supreme Court Justice,9,Verris B. Shako,DEM,132
Putnam,Kent 7,State Supreme Court Justice,9,Diane M. Clerkin,DEM,133
Putnam,Kent 7,State Supreme Court Justice,9,Diane M. Clerkin,CON,22
Putnam,Kent 7,State Supreme Court Justice,9,"John P. Collins, Jr.",DEM,134
Putnam,Kent 7,State Supreme Court Justice,9,"John P. Collins, Jr.",CON,25
Putnam,Kent 7,State Supreme Court Justice,9,Desmond C. Lyons,DEM,133
Putnam,Kent 7,State Supreme Court Justice,9,George A. Smith,REP,119
Putnam,Kent 7,State Supreme Court Justice,9,Kiel E. Van Horn,REP,117
Putnam,Kent 7,State Supreme Court Justice,9,Thomas Humbach,REP,112
Putnam,Kent 7,State Supreme Court Justice,9,Raymond P. Raiche,REP,106
Putnam,Kent 7,State Supreme Court Justice,9,Raymond P. Raiche,CON,25
Putnam,Kent 7,State Supreme Court Justice,9,Write-in,,0
Putnam,Kent 7,State Supreme Court Justice,9,Under Votes,,79
Putnam,Kent 7,State Supreme Court Justice,9,Over Votes,,0
Putnam,Kent 8,State Supreme Court Justice,9,Verris B. Shako,DEM,262
Putnam,Kent 8,State Supreme Court Justice,9,Verris B. Shako,CON,18
Putnam,Kent 8,State Supreme Court Justice,9,Diane M. Clerkin,CON,24
Putnam,Kent 8,State Supreme Court Justice,9,Diane M. Clerkin,DEM,266
Putnam,Kent 8,State Supreme Court Justice,9,"John P. Collins, Jr.",DEM,259
Putnam,Kent 8,State Supreme Court Justice,9,"John P. Collins, Jr.",CON,21
Putnam,Kent 8,State Supreme Court Justice,9,Desmond C. Lyons,DEM,262
Putnam,Kent 8,State Supreme Court Justice,9,George A. Smith,REP,136
Putnam,Kent 8,State Supreme Court Justice,9,Kiel E. Van Horn,REP,129
Putnam,Kent 8,State Supreme Court Justice,9,Thomas Humbach,REP,125
Putnam,Kent 8,State Supreme Court Justice,9,Raymond P. Raiche,CON,25
Putnam,Kent 8,State Supreme Court Justice,9,Raymond P. Raiche,REP,124
Putnam,Kent 8,State Supreme Court Justice,9,Write-in,,0
Putnam,Kent 8,State Supreme Court Justice,9,Under Votes,,153
Putnam,Kent 8,State Supreme Court Justice,9,Over Votes,,0
Putnam,Kent 9,State Supreme Court Justice,9,Verris B. Shako,DEM,74
Putnam,Kent 9,State Supreme Court Justice,9,Verris B. Shako,CON,13
Putnam,Kent 9,State Supreme Court Justice,9,Diane M. Clerkin,DEM,74
Putnam,Kent 9,State Supreme Court Justice,9,Diane M. Clerkin,CON,17
Putnam,Kent 9,State Supreme Court Justice,9,"John P. Collins, Jr.",CON,19
Putnam,Kent 9,State Supreme Court Justice,9,"John P. Collins, Jr.",DEM,70
Putnam,Kent 9,State Supreme Court Justice,9,Desmond C. Lyons,DEM,73
Putnam,Kent 9,State Supreme Court Justice,9,George A. Smith,REP,100
Putnam,Kent 9,State Supreme Court Justice,9,Kiel E. Van Horn,REP,91
Putnam,Kent 9,State Supreme Court Justice,9,Thomas Humbach,REP,89
Putnam,Kent 9,State Supreme Court Justice,9,Raymond P. Raiche,CON,19
Putnam,Kent 9,State Supreme Court Justice,9,Raymond P. Raiche,REP,84
Putnam,Kent 9,State Supreme Court Justice,9,Write-in,,0
Putnam,Kent 9,State Supreme Court Justice,9,Under Votes,,45
Putnam,Kent 9,State Supreme Court Justice,9,Over Votes,,0
Putnam,Kent 10,State Supreme Court Justice,9,Verris B. Shako,CON,7
Putnam,Kent 10,State Supreme Court Justice,9,Verris B. Shako,DEM,84
Putnam,Kent 10,State Supreme Court Justice,9,Diane M. Clerkin,CON,10
Putnam,Kent 10,State Supreme Court Justice,9,Diane M. Clerkin,DEM,88
Putnam,Kent 10,State Supreme Court Justice,9,"John P. Collins, Jr.",DEM,85
Putnam,Kent 10,State Supreme Court Justice,9,"John P. Collins, Jr.",CON,12
Putnam,Kent 10,State Supreme Court Justice,9,Desmond C. Lyons,DEM,81
Putnam,Kent 10,State Supreme Court Justice,9,George A. Smith,REP,94
Putnam,Kent 10,State Supreme Court Justice,9,Kiel E. Van Horn,REP,86
Putnam,Kent 10,State Supreme Court Justice,9,Thomas Humbach,REP,88
Putnam,Kent 10,State Supreme Court Justice,9,Raymond P. Raiche,CON,12
Putnam,Kent 10,State Supreme Court Justice,9,Raymond P. Raiche,REP,90
Putnam,Kent 10,State Supreme Court Justice,9,Write-in,,0
Putnam,Kent 10,State Supreme Court Justice,9,Under Votes,,71
Putnam,Kent 10,State Supreme Court Justice,9,Over Votes,,0
Putnam,Kent 11,State Supreme Court Justice,9,Verris B. Shako,CON,24
Putnam,Kent 11,State Supreme Court Justice,9,Verris B. Shako,DEM,80
Putnam,Kent 11,State Supreme Court Justice,9,Diane M. Clerkin,CON,21
Putnam,Kent 11,State Supreme Court Justice,9,Diane M. Clerkin,DEM,85
Putnam,Kent 11,State Supreme Court Justice,9,"John P. Collins, Jr.",CON,21
Putnam,Kent 11,State Supreme Court Justice,9,"John P. Collins, Jr.",DEM,78
Putnam,Kent 11,State Supreme Court Justice,9,Desmond C. Lyons,DEM,80
Putnam,Kent 11,State Supreme Court Justice,9,George A. Smith,REP,118
Putnam,Kent 11,State Supreme Court Justice,9,Kiel E. Van Horn,REP,110
Putnam,Kent 11,State Supreme Court Justice,9,Thomas Humbach,REP,112
Putnam,Kent 11,State Supreme Court Justice,9,Raymond P. Raiche,CON,29
Putnam,Kent 11,State Supreme Court Justice,9,Raymond P. Raiche,REP,105
Putnam,Kent 11,State Supreme Court Justice,9,Write-in,,0
Putnam,Kent 11,State Supreme Court Justice,9,Under Votes,,93
Putnam,Kent 11,State Supreme Court Justice,9,Over Votes,,0
Putnam,Patterson 1,State Supreme Court Justice,9,Verris B. Shako,DEM,127
Putnam,Patterson 1,State Supreme Court Justice,9,Verris B. Shako,CON,23
Putnam,Patterson 1,State Supreme Court Justice,9,Diane M. Clerkin,CON,31
Putnam,Patterson 1,State Supreme Court Justice,9,Diane M. Clerkin,DEM,130
Putnam,Patterson 1,State Supreme Court Justice,9,"John P. Collins, Jr.",DEM,136
Putnam,Patterson 1,State Supreme Court Justice,9,"John P. Collins, Jr.",CON,29
Putnam,Patterson 1,State Supreme Court Justice,9,Desmond C. Lyons,DEM,131
Putnam,Patterson 1,State Supreme Court Justice,9,George A. Smith,REP,126
Putnam,Patterson 1,State Supreme Court Justice,9,Kiel E. Van Horn,REP,110
Putnam,Patterson 1,State Supreme Court Justice,9,Thomas Humbach,REP,115
Putnam,Patterson 1,State Supreme Court Justice,9,Raymond P. Raiche,REP,106
Putnam,Patterson 1,State Supreme Court Justice,9,Raymond P. Raiche,CON,30
Putnam,Patterson 1,State Supreme Court Justice,9,Write-in,,0
Putnam,Patterson 1,State Supreme Court Justice,9,Under Votes,,74
Putnam,Patterson 1,State Supreme Court Justice,9,Over Votes,,0
Putnam,Patterson 2,State Supreme Court Justice,9,Verris B. Shako,DEM,139
Putnam,Patterson 2,State Supreme Court Justice,9,Verris B. Shako,CON,19
Putnam,Patterson 2,State Supreme Court Justice,9,Diane M. Clerkin,DEM,145
Putnam,Patterson 2,State Supreme Court Justice,9,Diane M. Clerkin,CON,24
Putnam,Patterson 2,State Supreme Court Justice,9,"John P. Collins, Jr.",DEM,142
Putnam,Patterson 2,State Supreme Court Justice,9,"John P. Collins, Jr.",CON,21
Putnam,Patterson 2,State Supreme Court Justice,9,Desmond C. Lyons,DEM,141
Putnam,Patterson 2,State Supreme Court Justice,9,George A. Smith,REP,157
Putnam,Patterson 2,State Supreme Court Justice,9,Kiel E. Van Horn,REP,145
Putnam,Patterson 2,State Supreme Court Justice,9,Thomas Humbach,REP,144
Putnam,Patterson 2,State Supreme Court Justice,9,Raymond P. Raiche,CON,28
Putnam,Patterson 2,State Supreme Court Justice,9,Raymond P. Raiche,REP,138
Putnam,Patterson 2,State Supreme Court Justice,9,Write-in,,0
Putnam,Patterson 2,State Supreme Court Justice,9,Under Votes,,161
Putnam,Patterson 2,State Supreme Court Justice,9,Over Votes,,0
Putnam,Patterson 3,State Supreme Court Justice,9,Verris B. Shako,CON,19
Putnam,Patterson 3,State Supreme Court Justice,9,Verris B. Shako,DEM,183
Putnam,Patterson 3,State Supreme Court Justice,9,Diane M. Clerkin,CON,20
Putnam,Patterson 3,State Supreme Court Justice,9,Diane M. Clerkin,DEM,182
Putnam,Patterson 3,State Supreme Court Justice,9,"John P. Collins, Jr.",CON,23
Putnam,Patterson 3,State Supreme Court Justice,9,"John P. Collins, Jr.",DEM,179
Putnam,Patterson 3,State Supreme Court Justice,9,Desmond C. Lyons,DEM,190
Putnam,Patterson 3,State Supreme Court Justice,9,George A. Smith,REP,145
Putnam,Patterson 3,State Supreme Court Justice,9,Kiel E. Van Horn,REP,137
Putnam,Patterson 3,State Supreme Court Justice,9,Thomas Humbach,REP,136
Putnam,Patterson 3,State Supreme Court Justice,9,Raymond P. Raiche,REP,125
Putnam,Patterson 3,State Supreme Court Justice,9,Raymond P. Raiche,CON,28
Putnam,Patterson 3,State Supreme Court Justice,9,Write-in,,4
Putnam,Patterson 3,State Supreme Court Justice,9,Under Votes,,93
Putnam,Patterson 3,State Supreme Court Justice,9,Over Votes,,0
Putnam,Patterson 4,State Supreme Court Justice,9,Verris B. Shako,CON,13
Putnam,Patterson 4,State Supreme Court Justice,9,Verris B. Shako,DEM,110
Putnam,Patterson 4,State Supreme Court Justice,9,Diane M. Clerkin,CON,18
Putnam,Patterson 4,State Supreme Court Justice,9,Diane M. Clerkin,DEM,115
Putnam,Patterson 4,State Supreme Court Justice,9,"John P. Collins, Jr.",CON,12
Putnam,Patterson 4,State Supreme Court Justice,9,"John P. Collins, Jr.",DEM,112
Putnam,Patterson 4,State Supreme Court Justice,9,Desmond C. Lyons,DEM,109
Putnam,Patterson 4,State Supreme Court Justice,9,George A. Smith,REP,102
Putnam,Patterson 4,State Supreme Court Justice,9,Kiel E. Van Horn,REP,90
Putnam,Patterson 4,State Supreme Court Justice,9,Thomas Humbach,REP,91
Putnam,Patterson 4,State Supreme Court Justice,9,Raymond P. Raiche,CON,14
Putnam,Patterson 4,State Supreme Court Justice,9,Raymond P. Raiche,REP,92
Putnam,Patterson 4,State Supreme Court Justice,9,Write-in,,0
Putnam,Patterson 4,State Supreme Court Justice,9,Under Votes,,102
Putnam,Patterson 4,State Supreme Court Justice,9,Over Votes,,0
Putnam,Patterson 5,State Supreme Court Justice,9,Verris B. Shako,DEM,111
Putnam,Patterson 5,State Supreme Court Justice,9,Verris B. Shako,CON,16
Putnam,Patterson 5,State Supreme Court Justice,9,Diane M. Clerkin,DEM,114
Putnam,Patterson 5,State Supreme Court Justice,9,Diane M. Clerkin,CON,18
Putnam,Patterson 5,State Supreme Court Justice,9,"John P. Collins, Jr.",CON,16
Putnam,Patterson 5,State Supreme Court Justice,9,"John P. Collins, Jr.",DEM,114
Putnam,Patterson 5,State Supreme Court Justice,9,Desmond C. Lyons,DEM,108
Putnam,Patterson 5,State Supreme Court Justice,9,George A. Smith,REP,126
Putnam,Patterson 5,State Supreme Court Justice,9,Kiel E. Van Horn,REP,112
Putnam,Patterson 5,State Supreme Court Justice,9,Thomas Humbach,REP,113
Putnam,Patterson 5,State Supreme Court Justice,9,Raymond P. Raiche,CON,20
Putnam,Patterson 5,State Supreme Court Justice,9,Raymond P. Raiche,REP,108
Putnam,Patterson 5,State Supreme Court Justice,9,Write-in,,0
Putnam,Patterson 5,State Supreme Court Justice,9,Under Votes,,120
Putnam,Patterson 5,State Supreme Court Justice,9,Over Votes,,0
Putnam,Patterson 6,State Supreme Court Justice,9,Verris B. Shako,CON,15
Putnam,Patterson 6,State Supreme Court Justice,9,Verris B. Shako,DEM,97
Putnam,Patterson 6,State Supreme Court Justice,9,Diane M. Clerkin,DEM,101
Putnam,Patterson 6,State Supreme Court Justice,9,Diane M. Clerkin,CON,15
Putnam,Patterson 6,State Supreme Court Justice,9,"John P. Collins, Jr.",CON,17
Putnam,Patterson 6,State Supreme Court Justice,9,"John P. Collins, Jr.",DEM,99
Putnam,Patterson 6,State Supreme Court Justice,9,Desmond C. Lyons,DEM,101
Putnam,Patterson 6,State Supreme Court Justice,9,George A. Smith,REP,107
Putnam,Patterson 6,State Supreme Court Justice,9,Kiel E. Van Horn,REP,104
Putnam,Patterson 6,State Supreme Court Justice,9,Thomas Humbach,REP,103
Putnam,Patterson 6,State Supreme Court Justice,9,Raymond P. Raiche,CON,22
Putnam,Patterson 6,State Supreme Court Justice,9,Raymond P. Raiche,REP,96
Putnam,Patterson 6,State Supreme Court Justice,9,Write-in,,0
Putnam,Patterson 6,State Supreme Court Justice,9,Under Votes,,47
Putnam,Patterson 6,State Supreme Court Justice,9,Over Votes,,0
Putnam,Patterson 7,State Supreme Court Justice,9,Verris B. Shako,CON,13
Putnam,Patterson 7,State Supreme Court Justice,9,Verris B. Shako,DEM,105
Putnam,Patterson 7,State Supreme Court Justice,9,Diane M. Clerkin,DEM,109
Putnam,Patterson 7,State Supreme Court Justice,9,Diane M. Clerkin,CON,17
Putnam,Patterson 7,State Supreme Court Justice,9,"John P. Collins, Jr.",CON,18
Putnam,Patterson 7,State Supreme Court Justice,9,"John P. Collins, Jr.",DEM,106
Putnam,Patterson 7,State Supreme Court Justice,9,Desmond C. Lyons,DEM,109
Putnam,Patterson 7,State Supreme Court Justice,9,George A. Smith,REP,130
Putnam,Patterson 7,State Supreme Court Justice,9,Kiel E. Van Horn,REP,119
Putnam,Patterson 7,State Supreme Court Justice,9,Thomas Humbach,REP,120
Putnam,Patterson 7,State Supreme Court Justice,9,Raymond P. Raiche,REP,118
Putnam,Patterson 7,State Supreme Court Justice,9,Raymond P. Raiche,CON,16
Putnam,Patterson 7,State Supreme Court Justice,9,Write-in,,0
Putnam,Patterson 7,State Supreme Court Justice,9,Under Votes,,80
Putnam,Patterson 7,State Supreme Court Justice,9,Over Votes,,0
Putnam,Patterson 8,State Supreme Court Justice,9,Verris B. Shako,DEM,90
Putnam,Patterson 8,State Supreme Court Justice,9,Verris B. Shako,CON,19
Putnam,Patterson 8,State Supreme Court Justice,9,Diane M. Clerkin,CON,20
Putnam,Patterson 8,State Supreme Court Justice,9,Diane M. Clerkin,DEM,99
Putnam,Patterson 8,State Supreme Court Justice,9,"John P. Collins, Jr.",DEM,93
Putnam,Patterson 8,State Supreme Court Justice,9,"John P. Collins, Jr.",CON,22
Putnam,Patterson 8,State Supreme Court Justice,9,Desmond C. Lyons,DEM,95
Putnam,Patterson 8,State Supreme Court Justice,9,George A. Smith,REP,89
Putnam,Patterson 8,State Supreme Court Justice,9,Kiel E. Van Horn,REP,85
Putnam,Patterson 8,State Supreme Court Justice,9,Thomas Humbach,REP,85
Putnam,Patterson 8,State Supreme Court Justice,9,Raymond P. Raiche,REP,84
Putnam,Patterson 8,State Supreme Court Justice,9,Raymond P. Raiche,CON,22
Putnam,Patterson 8,State Supreme Court Justice,9,Write-in,,0
Putnam,Patterson 8,State Supreme Court Justice,9,Under Votes,,61
Putnam,Patterson 8,State Supreme Court Justice,9,Over Votes,,0
Putnam,Philipstown 1,State Supreme Court Justice,9,Verris B. Shako,DEM,205
Putnam,Philipstown 1,State Supreme Court Justice,9,Verris B. Shako,CON,9
Putnam,Philipstown 1,State Supreme Court Justice,9,Diane M. Clerkin,DEM,210
Putnam,Philipstown 1,State Supreme Court Justice,9,Diane M. Clerkin,CON,11
Putnam,Philipstown 1,State Supreme Court Justice,9,"John P. Collins, Jr.",CON,12
Putnam,Philipstown 1,State Supreme Court Justice,9,"John P. Collins, Jr.",DEM,206
Putnam,Philipstown 1,State Supreme Court Justice,9,Desmond C. Lyons,DEM,216
Putnam,Philipstown 1,State Supreme Court Justice,9,George A. Smith,REP,69
Putnam,Philipstown 1,State Supreme Court Justice,9,Kiel E. Van Horn,REP,62
Putnam,Philipstown 1,State Supreme Court Justice,9,Thomas Humbach,REP,67
Putnam,Philipstown 1,State Supreme Court Justice,9,Raymond P. Raiche,REP,65
Putnam,Philipstown 1,State Supreme Court Justice,9,Raymond P. Raiche,CON,12
Putnam,Philipstown 1,State Supreme Court Justice,9,Write-in,,1
Putnam,Philipstown 1,State Supreme Court Justice,9,Under Votes,,59
Putnam,Philipstown 1,State Supreme Court Justice,9,Over Votes,,4
Putnam,Philipstown 2,State Supreme Court Justice,9,Verris B. Shako,DEM,141
Putnam,Philipstown 2,State Supreme Court Justice,9,Verris B. Shako,CON,9
Putnam,Philipstown 2,State Supreme Court Justice,9,Diane M. Clerkin,CON,10
Putnam,Philipstown 2,State Supreme Court Justice,9,Diane M. Clerkin,DEM,146
Putnam,Philipstown 2,State Supreme Court Justice,9,"John P. Collins, Jr.",DEM,141
Putnam,Philipstown 2,State Supreme Court Justice,9,"John P. Collins, Jr.",CON,9
Putnam,Philipstown 2,State Supreme Court Justice,9,Desmond C. Lyons,DEM,143
Putnam,Philipstown 2,State Supreme Court Justice,9,George A. Smith,REP,46
Putnam,Philipstown 2,State Supreme Court Justice,9,Kiel E. Van Horn,REP,44
Putnam,Philipstown 2,State Supreme Court Justice,9,Thomas Humbach,REP,43
Putnam,Philipstown 2,State Supreme Court Justice,9,Raymond P. Raiche,CON,10
Putnam,Philipstown 2,State Supreme Court Justice,9,Raymond P. Raiche,REP,42
Putnam,Philipstown 2,State Supreme Court Justice,9,Write-in,,3
Putnam,Philipstown 2,State Supreme Court Justice,9,Under Votes,,93
Putnam,Philipstown 2,State Supreme Court Justice,9,Over Votes,,0
Putnam,Philipstown 3,State Supreme Court Justice,9,Verris B. Shako,DEM,545
Putnam,Philipstown 3,State Supreme Court Justice,9,Verris B. Shako,CON,23
Putnam,Philipstown 3,State Supreme Court Justice,9,Diane M. Clerkin,CON,29
Putnam,Philipstown 3,State Supreme Court Justice,9,Diane M. Clerkin,DEM,556
Putnam,Philipstown 3,State Supreme Court Justice,9,"John P. Collins, Jr.",CON,23
Putnam,Philipstown 3,State Supreme Court Justice,9,"John P. Collins, Jr.",DEM,545
Putnam,Philipstown 3,State Supreme Court Justice,9,Desmond C. Lyons,DEM,551
Putnam,Philipstown 3,State Supreme Court Justice,9,George A. Smith,REP,118
Putnam,Philipstown 3,State Supreme Court Justice,9,Kiel E. Van Horn,REP,108
Putnam,Philipstown 3,State Supreme Court Justice,9,Thomas Humbach,REP,112
Putnam,Philipstown 3,State Supreme Court Justice,9,Raymond P. Raiche,REP,110
Putnam,Philipstown 3,State Supreme Court Justice,9,Raymond P. Raiche,CON,30
Putnam,Philipstown 3,State Supreme Court Justice,9,Write-in,,2
Putnam,Philipstown 3,State Supreme Court Justice,9,Under Votes,,388
Putnam,Philipstown 3,State Supreme Court Justice,9,Over Votes,,0
Putnam,Philipstown 4,State Supreme Court Justice,9,Verris B. Shako,DEM,113
Putnam,Philipstown 4,State Supreme Court Justice,9,Verris B. Shako,CON,14
Putnam,Philipstown 4,State Supreme Court Justice,9,Diane M. Clerkin,CON,12
Putnam,Philipstown 4,State Supreme Court Justice,9,Diane M. Clerkin,DEM,111
Putnam,Philipstown 4,State Supreme Court Justice,9,"John P. Collins, Jr.",CON,12
Putnam,Philipstown 4,State Supreme Court Justice,9,"John P. Collins, Jr.",DEM,110
Putnam,Philipstown 4,State Supreme Court Justice,9,Desmond C. Lyons,DEM,114
Putnam,Philipstown 4,State Supreme Court Justice,9,George A. Smith,REP,74
Putnam,Philipstown 4,State Supreme Court Justice,9,Kiel E. Van Horn,REP,71
Putnam,Philipstown 4,State Supreme Court Justice,9,Thomas Humbach,REP,68
Putnam,Philipstown 4,State Supreme Court Justice,9,Raymond P. Raiche,CON,11
Putnam,Philipstown 4,State Supreme Court Justice,9,Raymond P. Raiche,REP,66
Putnam,Philipstown 4,State Supreme Court Justice,9,Write-in,,1
Putnam,Philipstown 4,State Supreme Court Justice,9,Under Votes,,55
Putnam,Philipstown 4,State Supreme Court Justice,9,Over Votes,,0
Putnam,Philipstown 5,State Supreme Court Justice,9,Verris B. Shako,CON,6
Putnam,Philipstown 5,State Supreme Court Justice,9,Verris B. Shako,DEM,144
Putnam,Philipstown 5,State Supreme Court Justice,9,Diane M. Clerkin,CON,8
Putnam,Philipstown 5,State Supreme Court Justice,9,Diane M. Clerkin,DEM,145
Putnam,Philipstown 5,State Supreme Court Justice,9,"John P. Collins, Jr.",CON,8
Putnam,Philipstown 5,State Supreme Court Justice,9,"John P. Collins, Jr.",DEM,141
Putnam,Philipstown 5,State Supreme Court Justice,9,Desmond C. Lyons,DEM,144
Putnam,Philipstown 5,State Supreme Court Justice,9,George A. Smith,REP,39
Putnam,Philipstown 5,State Supreme Court Justice,9,Kiel E. Van Horn,REP,37
Putnam,Philipstown 5,State Supreme Court Justice,9,Thomas Humbach,REP,37
Putnam,Philipstown 5,State Supreme Court Justice,9,Raymond P. Raiche,CON,10
Putnam,Philipstown 5,State Supreme Court Justice,9,Raymond P. Raiche,REP,34
Putnam,Philipstown 5,State Supreme Court Justice,9,Write-in,,0
Putnam,Philipstown 5,State Supreme Court Justice,9,Under Votes,,71
Putnam,Philipstown 5,State Supreme Court Justice,9,Over Votes,,0
Putnam,Philipstown 6,State Supreme Court Justice,9,Verris B. Shako,CON,6
Putnam,Philipstown 6,State Supreme Court Justice,9,Verris B. Shako,DEM,174
Putnam,Philipstown 6,State Supreme Court Justice,9,Diane M. Clerkin,CON,9
Putnam,Philipstown 6,State Supreme Court Justice,9,Diane M. Clerkin,DEM,177
Putnam,Philipstown 6,State Supreme Court Justice,9,"John P. Collins, Jr.",DEM,174
Putnam,Philipstown 6,State Supreme Court Justice,9,"John P. Collins, Jr.",CON,6
Putnam,Philipstown 6,State Supreme Court Justice,9,Desmond C. Lyons,DEM,181
Putnam,Philipstown 6,State Supreme Court Justice,9,George A. Smith,REP,32
Putnam,Philipstown 6,State Supreme Court Justice,9,Kiel E. Van Horn,REP,29
Putnam,Philipstown 6,State Supreme Court Justice,9,Thomas Humbach,REP,31
Putnam,Philipstown 6,State Supreme Court Justice,9,Raymond P. Raiche,REP,26
Putnam,Philipstown 6,State Supreme Court Justice,9,Raymond P. Raiche,CON,5
Putnam,Philipstown 6,State Supreme Court Justice,9,Write-in,,0
Putnam,Philipstown 6,State Supreme Court Justice,9,Under Votes,,54
Putnam,Philipstown 6,State Supreme Court Justice,9,Over Votes,,4
Putnam,Philipstown 7,State Supreme Court Justice,9,Verris B. Shako,DEM,175
Putnam,Philipstown 7,State Supreme Court Justice,9,Verris B. Shako,CON,26
Putnam,Philipstown 7,State Supreme Court Justice,9,Diane M. Clerkin,CON,24
Putnam,Philipstown 7,State Supreme Court Justice,9,Diane M. Clerkin,DEM,182
Putnam,Philipstown 7,State Supreme Court Justice,9,"John P. Collins, Jr.",CON,23
Putnam,Philipstown 7,State Supreme Court Justice,9,"John P. Collins, Jr.",DEM,176
Putnam,Philipstown 7,State Supreme Court Justice,9,Desmond C. Lyons,DEM,181
Putnam,Philipstown 7,State Supreme Court Justice,9,George A. Smith,REP,102
Putnam,Philipstown 7,State Supreme Court Justice,9,Kiel E. Van Horn,REP,98
Putnam,Philipstown 7,State Supreme Court Justice,9,Thomas Humbach,REP,101
Putnam,Philipstown 7,State Supreme Court Justice,9,Raymond P. Raiche,REP,91
Putnam,Philipstown 7,State Supreme Court Justice,9,Raymond P. Raiche,CON,31
Putnam,Philipstown 7,State Supreme Court Justice,9,Write-in,,2
Putnam,Philipstown 7,State Supreme Court Justice,9,Under Votes,,160
Putnam,Philipstown 7,State Supreme Court Justice,9,Over Votes,,0
Putnam,Philipstown 8,State Supreme Court Justice,9,Verris B. Shako,CON,23
Putnam,Philipstown 8,State Supreme Court Justice,9,Verris B. Shako,DEM,288
Putnam,Philipstown 8,State Supreme Court Justice,9,Diane M. Clerkin,CON,27
Putnam,Philipstown 8,State Supreme Court Justice,9,Diane M. Clerkin,DEM,292
Putnam,Philipstown 8,State Supreme Court Justice,9,"John P. Collins, Jr.",CON,29
Putnam,Philipstown 8,State Supreme Court Justice,9,"John P. Collins, Jr.",DEM,295
Putnam,Philipstown 8,State Supreme Court Justice,9,Desmond C. Lyons,DEM,291
Putnam,Philipstown 8,State Supreme Court Justice,9,George A. Smith,REP,113
Putnam,Philipstown 8,State Supreme Court Justice,9,Kiel E. Van Horn,REP,102
Putnam,Philipstown 8,State Supreme Court Justice,9,Thomas Humbach,REP,102
Putnam,Philipstown 8,State Supreme Court Justice,9,Raymond P. Raiche,CON,25
Putnam,Philipstown 8,State Supreme Court Justice,9,Raymond P. Raiche,REP,98
Putnam,Philipstown 8,State Supreme Court Justice,9,Write-in,,3
Putnam,Philipstown 8,State Supreme Court Justice,9,Under Votes,,164
Putnam,Philipstown 8,State Supreme Court Justice,9,Over Votes,,0
Putnam,Philipstown 9,State Supreme Court Justice,9,Verris B. Shako,CON,10
Putnam,Philipstown 9,State Supreme Court Justice,9,Verris B. Shako,DEM,89
Putnam,Philipstown 9,State Supreme Court Justice,9,Diane M. Clerkin,CON,17
Putnam,Philipstown 9,State Supreme Court Justice,9,Diane M. Clerkin,DEM,92
Putnam,Philipstown 9,State Supreme Court Justice,9,"John P. Collins, Jr.",CON,16
Putnam,Philipstown 9,State Supreme Court Justice,9,"John P. Collins, Jr.",DEM,87
Putnam,Philipstown 9,State Supreme Court Justice,9,Desmond C. Lyons,DEM,90
Putnam,Philipstown 9,State Supreme Court Justice,9,George A. Smith,REP,67
Putnam,Philipstown 9,State Supreme Court Justice,9,Kiel E. Van Horn,REP,60
Putnam,Philipstown 9,State Supreme Court Justice,9,Thomas Humbach,REP,63
Putnam,Philipstown 9,State Supreme Court Justice,9,Raymond P. Raiche,REP,61
Putnam,Philipstown 9,State Supreme Court Justice,9,Raymond P. Raiche,CON,16
Putnam,Philipstown 9,State Supreme Court Justice,9,Write-in,,1
Putnam,Philipstown 9,State Supreme Court Justice,9,Under Votes,,35
Putnam,Philipstown 9,State Supreme Court Justice,9,Over Votes,,4
Putnam,Philipstown 10,State Supreme Court Justice,9,Verris B. Shako,CON,2
Putnam,Philipstown 10,State Supreme Court Justice,9,Verris B. Shako,DEM,154
Putnam,Philipstown 10,State Supreme Court Justice,9,Diane M. Clerkin,CON,3
Putnam,Philipstown 10,State Supreme Court Justice,9,Diane M. Clerkin,DEM,159
Putnam,Philipstown 10,State Supreme Court Justice,9,"John P. Collins, Jr.",CON,3
Putnam,Philipstown 10,State Supreme Court Justice,9,"John P. Collins, Jr.",DEM,157
Putnam,Philipstown 10,State Supreme Court Justice,9,Desmond C. Lyons,DEM,156
Putnam,Philipstown 10,State Supreme Court Justice,9,George A. Smith,REP,27
Putnam,Philipstown 10,State Supreme Court Justice,9,Kiel E. Van Horn,REP,24
Putnam,Philipstown 10,State Supreme Court Justice,9,Thomas Humbach,REP,23
Putnam,Philipstown 10,State Supreme Court Justice,9,Raymond P. Raiche,REP,21
Putnam,Philipstown 10,State Supreme Court Justice,9,Raymond P. Raiche,CON,5
Putnam,Philipstown 10,State Supreme Court Justice,9,Write-in,,2
Putnam,Philipstown 10,State Supreme Court Justice,9,Under Votes,,16
Putnam,Philipstown 10,State Supreme Court Justice,9,Over Votes,,0
Putnam,Putnam Valley 1,State Supreme Court Justice,9,Verris B. Shako,CON,27
Putnam,Putnam Valley 1,State Supreme Court Justice,9,Verris B. Shako,DEM,110
Putnam,Putnam Valley 1,State Supreme Court Justice,9,Diane M. Clerkin,DEM,107
Putnam,Putnam Valley 1,State Supreme Court Justice,9,Diane M. Clerkin,CON,31
Putnam,Putnam Valley 1,State Supreme Court Justice,9,"John P. Collins, Jr.",CON,29
Putnam,Putnam Valley 1,State Supreme Court Justice,9,"John P. Collins, Jr.",DEM,108
Putnam,Putnam Valley 1,State Supreme Court Justice,9,Desmond C. Lyons,DEM,103
Putnam,Putnam Valley 1,State Supreme Court Justice,9,George A. Smith,REP,107
Putnam,Putnam Valley 1,State Supreme Court Justice,9,Kiel E. Van Horn,REP,102
Putnam,Putnam Valley 1,State Supreme Court Justice,9,Thomas Humbach,REP,96
Putnam,Putnam Valley 1,State Supreme Court Justice,9,Raymond P. Raiche,REP,100
Putnam,Putnam Valley 1,State Supreme Court Justice,9,Raymond P. Raiche,CON,29
Putnam,Putnam Valley 1,State Supreme Court Justice,9,Write-in,,0
Putnam,Putnam Valley 1,State Supreme Court Justice,9,Under Votes,,163
Putnam,Putnam Valley 1,State Supreme Court Justice,9,Over Votes,,0
Putnam,Putnam Valley 2,State Supreme Court Justice,9,Verris B. Shako,CON,16
Putnam,Putnam Valley 2,State Supreme Court Justice,9,Verris B. Shako,DEM,206
Putnam,Putnam Valley 2,State Supreme Court Justice,9,Diane M. Clerkin,CON,24
Putnam,Putnam Valley 2,State Supreme Court Justice,9,Diane M. Clerkin,DEM,207
Putnam,Putnam Valley 2,State Supreme Court Justice,9,"John P. Collins, Jr.",DEM,199
Putnam,Putnam Valley 2,State Supreme Court Justice,9,"John P. Collins, Jr.",CON,26
Putnam,Putnam Valley 2,State Supreme Court Justice,9,Desmond C. Lyons,DEM,206
Putnam,Putnam Valley 2,State Supreme Court Justice,9,George A. Smith,REP,141
Putnam,Putnam Valley 2,State Supreme Court Justice,9,Kiel E. Van Horn,REP,130
Putnam,Putnam Valley 2,State Supreme Court Justice,9,Thomas Humbach,REP,131
Putnam,Putnam Valley 2,State Supreme Court Justice,9,Raymond P. Raiche,CON,21
Putnam,Putnam Valley 2,State Supreme Court Justice,9,Raymond P. Raiche,REP,127
Putnam,Putnam Valley 2,State Supreme Court Justice,9,Write-in,,0
Putnam,Putnam Valley 2,State Supreme Court Justice,9,Under Votes,,150
Putnam,Putnam Valley 2,State Supreme Court Justice,9,Over Votes,,0
Putnam,Putnam Valley 3,State Supreme Court Justice,9,Verris B. Shako,DEM,166
Putnam,Putnam Valley 3,State Supreme Court Justice,9,Verris B. Shako,CON,15
Putnam,Putnam Valley 3,State Supreme Court Justice,9,Diane M. Clerkin,DEM,163
Putnam,Putnam Valley 3,State Supreme Court Justice,9,Diane M. Clerkin,CON,17
Putnam,Putnam Valley 3,State Supreme Court Justice,9,"John P. Collins, Jr.",CON,15
Putnam,Putnam Valley 3,State Supreme Court Justice,9,"John P. Collins, Jr.",DEM,162
Putnam,Putnam Valley 3,State Supreme Court Justice,9,Desmond C. Lyons,DEM,162
Putnam,Putnam Valley 3,State Supreme Court Justice,9,George A. Smith,REP,100
Putnam,Putnam Valley 3,State Supreme Court Justice,9,Kiel E. Van Horn,REP,97
Putnam,Putnam Valley 3,State Supreme Court Justice,9,Thomas Humbach,REP,96
Putnam,Putnam Valley 3,State Supreme Court Justice,9,Raymond P. Raiche,REP,91
Putnam,Putnam Valley 3,State Supreme Court Justice,9,Raymond P. Raiche,CON,16
Putnam,Putnam Valley 3,State Supreme Court Justice,9,Write-in,,3
Putnam,Putnam Valley 3,State Supreme Court Justice,9,Under Votes,,121
Putnam,Putnam Valley 3,State Supreme Court Justice,9,Over Votes,,0
Putnam,Putnam Valley 4,State Supreme Court Justice,9,Verris B. Shako,DEM,162
Putnam,Putnam Valley 4,State Supreme Court Justice,9,Verris B. Shako,CON,19
Putnam,Putnam Valley 4,State Supreme Court Justice,9,Diane M. Clerkin,DEM,166
Putnam,Putnam Valley 4,State Supreme Court Justice,9,Diane M. Clerkin,CON,21
Putnam,Putnam Valley 4,State Supreme Court Justice,9,"John P. Collins, Jr.",DEM,161
Putnam,Putnam Valley 4,State Supreme Court Justice,9,"John P. Collins, Jr.",CON,21
Putnam,Putnam Valley 4,State Supreme Court Justice,9,Desmond C. Lyons,DEM,164
Putnam,Putnam Valley 4,State Supreme Court Justice,9,George A. Smith,REP,133
Putnam,Putnam Valley 4,State Supreme Court Justice,9,Kiel E. Van Horn,REP,126
Putnam,Putnam Valley 4,State Supreme Court Justice,9,Thomas Humbach,REP,125
Putnam,Putnam Valley 4,State Supreme Court Justice,9,Raymond P. Raiche,REP,123
Putnam,Putnam Valley 4,State Supreme Court Justice,9,Raymond P. Raiche,CON,21
Putnam,Putnam Valley 4,State Supreme Court Justice,9,Write-in,,0
Putnam,Putnam Valley 4,State Supreme Court Justice,9,Under Votes,,90
Putnam,Putnam Valley 4,State Supreme Court Justice,9,Over Votes,,8
Putnam,Putnam Valley 5,State Supreme Court Justice,9,Verris B. Shako,CON,17
Putnam,Putnam Valley 5,State Supreme Court Justice,9,Verris B. Shako,DEM,95
Putnam,Putnam Valley 5,State Supreme Court Justice,9,Diane M. Clerkin,DEM,90
Putnam,Putnam Valley 5,State Supreme Court Justice,9,Diane M. Clerkin,CON,18
Putnam,Putnam Valley 5,State Supreme Court Justice,9,"John P. Collins, Jr.",CON,18
Putnam,Putnam Valley 5,State Supreme Court Justice,9,"John P. Collins, Jr.",DEM,89
Putnam,Putnam Valley 5,State Supreme Court Justice,9,Desmond C. Lyons,DEM,90
Putnam,Putnam Valley 5,State Supreme Court Justice,9,George A. Smith,REP,130
Putnam,Putnam Valley 5,State Supreme Court Justice,9,Kiel E. Van Horn,REP,120
Putnam,Putnam Valley 5,State Supreme Court Justice,9,Thomas Humbach,REP,122
Putnam,Putnam Valley 5,State Supreme Court Justice,9,Raymond P. Raiche,CON,14
Putnam,Putnam Valley 5,State Supreme Court Justice,9,Raymond P. Raiche,REP,121
Putnam,Putnam Valley 5,State Supreme Court Justice,9,Write-in,,0
Putnam,Putnam Valley 5,State Supreme Court Justice,9,Under Votes,,108
Putnam,Putnam Valley 5,State Supreme Court Justice,9,Over Votes,,0
Putnam,Putnam Valley 6,State Supreme Court Justice,9,Verris B. Shako,CON,24
Putnam,Putnam Valley 6,State Supreme Court Justice,9,Verris B. Shako,DEM,89
Putnam,Putnam Valley 6,State Supreme Court Justice,9,Diane M. Clerkin,CON,31
Putnam,Putnam Valley 6,State Supreme Court Justice,9,Diane M. Clerkin,DEM,89
Putnam,Putnam Valley 6,State Supreme Court Justice,9,"John P. Collins, Jr.",DEM,92
Putnam,Putnam Valley 6,State Supreme Court Justice,9,"John P. Collins, Jr.",CON,27
Putnam,Putnam Valley 6,State Supreme Court Justice,9,Desmond C. Lyons,DEM,88
Putnam,Putnam Valley 6,State Supreme Court Justice,9,George A. Smith,REP,95
Putnam,Putnam Valley 6,State Supreme Court Justice,9,Kiel E. Van Horn,REP,90
Putnam,Putnam Valley 6,State Supreme Court Justice,9,Thomas Humbach,REP,91
Putnam,Putnam Valley 6,State Supreme Court Justice,9,Raymond P. Raiche,CON,27
Putnam,Putnam Valley 6,State Supreme Court Justice,9,Raymond P. Raiche,REP,89
Putnam,Putnam Valley 6,State Supreme Court Justice,9,Write-in,,0
Putnam,Putnam Valley 6,State Supreme Court Justice,9,Under Votes,,76
Putnam,Putnam Valley 6,State Supreme Court Justice,9,Over Votes,,0
Putnam,Putnam Valley 7,State Supreme Court Justice,9,Verris B. Shako,DEM,123
Putnam,Putnam Valley 7,State Supreme Court Justice,9,Verris B. Shako,CON,14
Putnam,Putnam Valley 7,State Supreme Court Justice,9,Diane M. Clerkin,CON,21
Putnam,Putnam Valley 7,State Supreme Court Justice,9,Diane M. Clerkin,DEM,120
Putnam,Putnam Valley 7,State Supreme Court Justice,9,"John P. Collins, Jr.",CON,22
Putnam,Putnam Valley 7,State Supreme Court Justice,9,"John P. Collins, Jr.",DEM,120
Putnam,Putnam Valley 7,State Supreme Court Justice,9,Desmond C. Lyons,DEM,122
Putnam,Putnam Valley 7,State Supreme Court Justice,9,George A. Smith,REP,114
Putnam,Putnam Valley 7,State Supreme Court Justice,9,Kiel E. Van Horn,REP,106
Putnam,Putnam Valley 7,State Supreme Court Justice,9,Thomas Humbach,REP,103
Putnam,Putnam Valley 7,State Supreme Court Justice,9,Raymond P. Raiche,REP,97
Putnam,Putnam Valley 7,State Supreme Court Justice,9,Raymond P. Raiche,CON,28
Putnam,Putnam Valley 7,State Supreme Court Justice,9,Write-in,,0
Putnam,Putnam Valley 7,State Supreme Court Justice,9,Under Votes,,90
Putnam,Putnam Valley 7,State Supreme Court Justice,9,Over Votes,,0
Putnam,Putnam Valley 8,State Supreme Court Justice,9,Verris B. Shako,DEM,158
Putnam,Putnam Valley 8,State Supreme Court Justice,9,Verris B. Shako,CON,33
Putnam,Putnam Valley 8,State Supreme Court Justice,9,Diane M. Clerkin,CON,35
Putnam,Putnam Valley 8,State Supreme Court Justice,9,Diane M. Clerkin,DEM,156
Putnam,Putnam Valley 8,State Supreme Court Justice,9,"John P. Collins, Jr.",DEM,160
Putnam,Putnam Valley 8,State Supreme Court Justice,9,"John P. Collins, Jr.",CON,36
Putnam,Putnam Valley 8,State Supreme Court Justice,9,Desmond C. Lyons,DEM,161
Putnam,Putnam Valley 8,State Supreme Court Justice,9,George A. Smith,REP,121
Putnam,Putnam Valley 8,State Supreme Court Justice,9,Kiel E. Van Horn,REP,116
Putnam,Putnam Valley 8,State Supreme Court Justice,9,Thomas Humbach,REP,114
Putnam,Putnam Valley 8,State Supreme Court Justice,9,Raymond P. Raiche,CON,34
Putnam,Putnam Valley 8,State Supreme Court Justice,9,Raymond P. Raiche,REP,111
Putnam,Putnam Valley 8,State Supreme Court Justice,9,Write-in,,4
Putnam,Putnam Valley 8,State Supreme Court Justice,9,Under Votes,,81
Putnam,Putnam Valley 8,State Supreme Court Justice,9,Over Votes,,0
Putnam,Putnam Valley 9,State Supreme Court Justice,9,Verris B. Shako,CON,25
Putnam,Putnam Valley 9,State Supreme Court Justice,9,Verris B. Shako,DEM,146
Putnam,Putnam Valley 9,State Supreme Court Justice,9,Diane M. Clerkin,CON,23
Putnam,Putnam Valley 9,State Supreme Court Justice,9,Diane M. Clerkin,DEM,148
Putnam,Putnam Valley 9,State Supreme Court Justice,9,"John P. Collins, Jr.",DEM,145
Putnam,Putnam Valley 9,State Supreme Court Justice,9,"John P. Collins, Jr.",CON,19
Putnam,Putnam Valley 9,State Supreme Court Justice,9,Desmond C. Lyons,DEM,147
Putnam,Putnam Valley 9,State Supreme Court Justice,9,George A. Smith,REP,135
Putnam,Putnam Valley 9,State Supreme Court Justice,9,Kiel E. Van Horn,REP,129
Putnam,Putnam Valley 9,State Supreme Court Justice,9,Thomas Humbach,REP,133
Putnam,Putnam Valley 9,State Supreme Court Justice,9,Raymond P. Raiche,REP,123
Putnam,Putnam Valley 9,State Supreme Court Justice,9,Raymond P. Raiche,CON,28
Putnam,Putnam Valley 9,State Supreme Court Justice,9,Write-in,,4
Putnam,Putnam Valley 9,State Supreme Court Justice,9,Under Votes,,127
Putnam,Putnam Valley 9,State Supreme Court Justice,9,Over Votes,,0
Putnam,Putnam Valley 10,State Supreme Court Justice,9,Verris B. Shako,CON,14
Putnam,Putnam Valley 10,State Supreme Court Justice,9,Verris B. Shako,DEM,122
Putnam,Putnam Valley 10,State Supreme Court Justice,9,Diane M. Clerkin,CON,13
Putnam,Putnam Valley 10,State Supreme Court Justice,9,Diane M. Clerkin,DEM,124
Putnam,Putnam Valley 10,State Supreme Court Justice,9,"John P. Collins, Jr.",CON,16
Putnam,Putnam Valley 10,State Supreme Court Justice,9,"John P. Collins, Jr.",DEM,123
Putnam,Putnam Valley 10,State Supreme Court Justice,9,Desmond C. Lyons,DEM,121
Putnam,Putnam Valley 10,State Supreme Court Justice,9,George A. Smith,REP,113
Putnam,Putnam Valley 10,State Supreme Court Justice,9,Kiel E. Van Horn,REP,111
Putnam,Putnam Valley 10,State Supreme Court Justice,9,Thomas Humbach,REP,106
Putnam,Putnam Valley 10,State Supreme Court Justice,9,Raymond P. Raiche,REP,101
Putnam,Putnam Valley 10,State Supreme Court Justice,9,Raymond P. Raiche,CON,21
Putnam,Putnam Valley 10,State Supreme Court Justice,9,Write-in,,0
Putnam,Putnam Valley 10,State Supreme Court Justice,9,Under Votes,,51
Putnam,Putnam Valley 10,State Supreme Court Justice,9,Over Votes,,0
Putnam,Southeast 1,State Supreme Court Justice,9,Verris B. Shako,DEM,129
Putnam,Southeast 1,State Supreme Court Justice,9,Verris B. Shako,CON,19
Putnam,Southeast 1,State Supreme Court Justice,9,Diane M. Clerkin,DEM,127
Putnam,Southeast 1,State Supreme Court Justice,9,Diane M. Clerkin,CON,23
Putnam,Southeast 1,State Supreme Court Justice,9,"John P. Collins, Jr.",CON,19
Putnam,Southeast 1,State Supreme Court Justice,9,"John P. Collins, Jr.",DEM,132
Putnam,Southeast 1,State Supreme Court Justice,9,Desmond C. Lyons,DEM,128
Putnam,Southeast 1,State Supreme Court Justice,9,George A. Smith,REP,129
Putnam,Southeast 1,State Supreme Court Justice,9,Kiel E. Van Horn,REP,122
Putnam,Southeast 1,State Supreme Court Justice,9,Thomas Humbach,REP,123
Putnam,Southeast 1,State Supreme Court Justice,9,Raymond P. Raiche,CON,20
Putnam,Southeast 1,State Supreme Court Justice,9,Raymond P. Raiche,REP,120
Putnam,Southeast 1,State Supreme Court Justice,9,Write-in,,0
Putnam,Southeast 1,State Supreme Court Justice,9,Under Votes,,93
Putnam,Southeast 1,State Supreme Court Justice,9,Over Votes,,4
Putnam,Southeast 2,State Supreme Court Justice,9,Verris B. Shako,CON,14
Putnam,Southeast 2,State Supreme Court Justice,9,Verris B. Shako,DEM,88
Putnam,Southeast 2,State Supreme Court Justice,9,Diane M. Clerkin,CON,17
Putnam,Southeast 2,State Supreme Court Justice,9,Diane M. Clerkin,DEM,93
Putnam,Southeast 2,State Supreme Court Justice,9,"John P. Collins, Jr.",CON,18
Putnam,Southeast 2,State Supreme Court Justice,9,"John P. Collins, Jr.",DEM,88
Putnam,Southeast 2,State Supreme Court Justice,9,Desmond C. Lyons,DEM,91
Putnam,Southeast 2,State Supreme Court Justice,9,George A. Smith,REP,53
Putnam,Southeast 2,State Supreme Court Justice,9,Kiel E. Van Horn,REP,48
Putnam,Southeast 2,State Supreme Court Justice,9,Thomas Humbach,REP,43
Putnam,Southeast 2,State Supreme Court Justice,9,Raymond P. Raiche,REP,43
Putnam,Southeast 2,State Supreme Court Justice,9,Raymond P. Raiche,CON,19
Putnam,Southeast 2,State Supreme Court Justice,9,Write-in,,4
Putnam,Southeast 2,State Supreme Court Justice,9,Under Votes,,77
Putnam,Southeast 2,State Supreme Court Justice,9,Over Votes,,0
Putnam,Southeast 3,State Supreme Court Justice,9,Verris B. Shako,CON,13
Putnam,Southeast 3,State Supreme Court Justice,9,Verris B. Shako,DEM,85
Putnam,Southeast 3,State Supreme Court Justice,9,Diane M. Clerkin,CON,21
Putnam,Southeast 3,State Supreme Court Justice,9,Diane M. Clerkin,DEM,89
Putnam,Southeast 3,State Supreme Court Justice,9,"John P. Collins, Jr.",CON,18
Putnam,Southeast 3,State Supreme Court Justice,9,"John P. Collins, Jr.",DEM,89
Putnam,Southeast 3,State Supreme Court Justice,9,Desmond C. Lyons,DEM,90
Putnam,Southeast 3,State Supreme Court Justice,9,George A. Smith,REP,116
Putnam,Southeast 3,State Supreme Court Justice,9,Kiel E. Van Horn,REP,101
Putnam,Southeast 3,State Supreme Court Justice,9,Thomas Humbach,REP,106
Putnam,Southeast 3,State Supreme Court Justice,9,Raymond P. Raiche,REP,103
Putnam,Southeast 3,State Supreme Court Justice,9,Raymond P. Raiche,CON,20
Putnam,Southeast 3,State Supreme Court Justice,9,Write-in,,0
Putnam,Southeast 3,State Supreme Court Justice,9,Under Votes,,93
Putnam,Southeast 3,State Supreme Court Justice,9,Over Votes,,0
Putnam,Southeast 4,State Supreme Court Justice,9,Verris B. Shako,DEM,88
Putnam,Southeast 4,State Supreme Court Justice,9,Verris B. Shako,CON,12
Putnam,Southeast 4,State Supreme Court Justice,9,Diane M. Clerkin,DEM,91
Putnam,Southeast 4,State Supreme Court Justice,9,Diane M. Clerkin,CON,18
Putnam,Southeast 4,State Supreme Court Justice,9,"John P. Collins, Jr.",DEM,88
Putnam,Southeast 4,State Supreme Court Justice,9,"John P. Collins, Jr.",CON,15
Putnam,Southeast 4,State Supreme Court Justice,9,Desmond C. Lyons,DEM,90
Putnam,Southeast 4,State Supreme Court Justice,9,George A. Smith,REP,66
Putnam,Southeast 4,State Supreme Court Justice,9,Kiel E. Van Horn,REP,57
Putnam,Southeast 4,State Supreme Court Justice,9,Thomas Humbach,REP,60
Putnam,Southeast 4,State Supreme Court Justice,9,Raymond P. Raiche,REP,57
Putnam,Southeast 4,State Supreme Court Justice,9,Raymond P. Raiche,CON,17
Putnam,Southeast 4,State Supreme Court Justice,9,Write-in,,4
Putnam,Southeast 4,State Supreme Court Justice,9,Under Votes,,57
Putnam,Southeast 4,State Supreme Court Justice,9,Over Votes,,0
Putnam,Southeast 5,State Supreme Court Justice,9,Verris B. Shako,DEM,60
Putnam,Southeast 5,State Supreme Court Justice,9,Verris B. Shako,CON,5
Putnam,Southeast 5,State Supreme Court Justice,9,Diane M. Clerkin,CON,5
Putnam,Southeast 5,State Supreme Court Justice,9,Diane M. Clerkin,DEM,61
Putnam,Southeast 5,State Supreme Court Justice,9,"John P. Collins, Jr.",CON,7
Putnam,Southeast 5,State Supreme Court Justice,9,"John P. Collins, Jr.",DEM,62
Putnam,Southeast 5,State Supreme Court Justice,9,Desmond C. Lyons,DEM,59
Putnam,Southeast 5,State Supreme Court Justice,9,George A. Smith,REP,50
Putnam,Southeast 5,State Supreme Court Justice,9,Kiel E. Van Horn,REP,48
Putnam,Southeast 5,State Supreme Court Justice,9,Thomas Humbach,REP,45
Putnam,Southeast 5,State Supreme Court Justice,9,Raymond P. Raiche,CON,10
Putnam,Southeast 5,State Supreme Court Justice,9,Raymond P. Raiche,REP,44
Putnam,Southeast 5,State Supreme Court Justice,9,Write-in,,0
Putnam,Southeast 5,State Supreme Court Justice,9,Under Votes,,32
Putnam,Southeast 5,State Supreme Court Justice,9,Over Votes,,0
Putnam,Southeast 6,State Supreme Court Justice,9,Verris B. Shako,DEM,126
Putnam,Southeast 6,State Supreme Court Justice,9,Verris B. Shako,CON,9
Putnam,Southeast 6,State Supreme Court Justice,9,Diane M. Clerkin,DEM,130
Putnam,Southeast 6,State Supreme Court Justice,9,Diane M. Clerkin,CON,13
Putnam,Southeast 6,State Supreme Court Justice,9,"John P. Collins, Jr.",CON,13
Putnam,Southeast 6,State Supreme Court Justice,9,"John P. Collins, Jr.",DEM,127
Putnam,Southeast 6,State Supreme Court Justice,9,Desmond C. Lyons,DEM,128
Putnam,Southeast 6,State Supreme Court Justice,9,George A. Smith,REP,127
Putnam,Southeast 6,State Supreme Court Justice,9,Kiel E. Van Horn,REP,120
Putnam,Southeast 6,State Supreme Court Justice,9,Thomas Humbach,REP,124
Putnam,Southeast 6,State Supreme Court Justice,9,Raymond P. Raiche,REP,120
Putnam,Southeast 6,State Supreme Court Justice,9,Raymond P. Raiche,CON,14
Putnam,Southeast 6,State Supreme Court Justice,9,Write-in,,0
Putnam,Southeast 6,State Supreme Court Justice,9,Under Votes,,93
Putnam,Southeast 6,State Supreme Court Justice,9,Over Votes,,0
Putnam,Southeast 7,State Supreme Court Justice,9,Verris B. Shako,DEM,142
Putnam,Southeast 7,State Supreme Court Justice,9,Verris B. Shako,CON,36
Putnam,Southeast 7,State Supreme Court Justice,9,Diane M. Clerkin,DEM,152
Putnam,Southeast 7,State Supreme Court Justice,9,Diane M. Clerkin,CON,29
Putnam,Southeast 7,State Supreme Court Justice,9,"John P. Collins, Jr.",CON,29
Putnam,Southeast 7,State Supreme Court Justice,9,"John P. Collins, Jr.",DEM,143
Putnam,Southeast 7,State Supreme Court Justice,9,Desmond C. Lyons,DEM,146
Putnam,Southeast 7,State Supreme Court Justice,9,George A. Smith,REP,159
Putnam,Southeast 7,State Supreme Court Justice,9,Kiel E. Van Horn,REP,147
Putnam,Southeast 7,State Supreme Court Justice,9,Thomas Humbach,REP,149
Putnam,Southeast 7,State Supreme Court Justice,9,Raymond P. Raiche,REP,147
Putnam,Southeast 7,State Supreme Court Justice,9,Raymond P. Raiche,CON,31
Putnam,Southeast 7,State Supreme Court Justice,9,Write-in,,0
Putnam,Southeast 7,State Supreme Court Justice,9,Under Votes,,138
Putnam,Southeast 7,State Supreme Court Justice,9,Over Votes,,0
Putnam,Southeast 8,State Supreme Court Justice,9,Verris B. Shako,DEM,130
Putnam,Southeast 8,State Supreme Court Justice,9,Verris B. Shako,CON,15
Putnam,Southeast 8,State Supreme Court Justice,9,Diane M. Clerkin,CON,19
Putnam,Southeast 8,State Supreme Court Justice,9,Diane M. Clerkin,DEM,131
Putnam,Southeast 8,State Supreme Court Justice,9,"John P. Collins, Jr.",DEM,131
Putnam,Southeast 8,State Supreme Court Justice,9,"John P. Collins, Jr.",CON,20
Putnam,Southeast 8,State Supreme Court Justice,9,Desmond C. Lyons,DEM,135
Putnam,Southeast 8,State Supreme Court Justice,9,George A. Smith,REP,165
Putnam,Southeast 8,State Supreme Court Justice,9,Kiel E. Van Horn,REP,156
Putnam,Southeast 8,State Supreme Court Justice,9,Thomas Humbach,REP,159
Putnam,Southeast 8,State Supreme Court Justice,9,Raymond P. Raiche,CON,31
Putnam,Southeast 8,State Supreme Court Justice,9,Raymond P. Raiche,REP,147
Putnam,Southeast 8,State Supreme Court Justice,9,Write-in,,0
Putnam,Southeast 8,State Supreme Court Justice,9,Under Votes,,129
Putnam,Southeast 8,State Supreme Court Justice,9,Over Votes,,4
Putnam,Southeast 9,State Supreme Court Justice,9,Verris B. Shako,DEM,113
Putnam,Southeast 9,State Supreme Court Justice,9,Verris B. Shako,CON,17
Putnam,Southeast 9,State Supreme Court Justice,9,Diane M. Clerkin,CON,15
Putnam,Southeast 9,State Supreme Court Justice,9,Diane M. Clerkin,DEM,115
Putnam,Southeast 9,State Supreme Court Justice,9,"John P. Collins, Jr.",DEM,112
Putnam,Southeast 9,State Supreme Court Justice,9,"John P. Collins, Jr.",CON,15
Putnam,Southeast 9,State Supreme Court Justice,9,Desmond C. Lyons,DEM,116
Putnam,Southeast 9,State Supreme Court Justice,9,George A. Smith,REP,87
Putnam,Southeast 9,State Supreme Court Justice,9,Kiel E. Van Horn,REP,82
Putnam,Southeast 9,State Supreme Court Justice,9,Thomas Humbach,REP,80
Putnam,Southeast 9,State Supreme Court Justice,9,Raymond P. Raiche,CON,18
Putnam,Southeast 9,State Supreme Court Justice,9,Raymond P. Raiche,REP,75
Putnam,Southeast 9,State Supreme Court Justice,9,Write-in,,0
Putnam,Southeast 9,State Supreme Court Justice,9,Under Votes,,75
Putnam,Southeast 9,State Supreme Court Justice,9,Over Votes,,0
Putnam,Southeast 10,State Supreme Court Justice,9,Verris B. Shako,CON,15
Putnam,Southeast 10,State Supreme Court Justice,9,Verris B. Shako,DEM,111
Putnam,Southeast 10,State Supreme Court Justice,9,Diane M. Clerkin,CON,17
Putnam,Southeast 10,State Supreme Court Justice,9,Diane M. Clerkin,DEM,109
Putnam,Southeast 10,State Supreme Court Justice,9,"John P. Collins, Jr.",DEM,106
Putnam,Southeast 10,State Supreme Court Justice,9,"John P. Collins, Jr.",CON,18
Putnam,Southeast 10,State Supreme Court Justice,9,Desmond C. Lyons,DEM,109
Putnam,Southeast 10,State Supreme Court Justice,9,George A. Smith,REP,119
Putnam,Southeast 10,State Supreme Court Justice,9,Kiel E. Van Horn,REP,115
Putnam,Southeast 10,State Supreme Court Justice,9,Thomas Humbach,REP,117
Putnam,Southeast 10,State Supreme Court Justice,9,Raymond P. Raiche,REP,119
Putnam,Southeast 10,State Supreme Court Justice,9,Raymond P. Raiche,CON,18
Putnam,Southeast 10,State Supreme Court Justice,9,Write-in,,0
Putnam,Southeast 10,State Supreme Court Justice,9,Under Votes,,119
Putnam,Southeast 10,State Supreme Court Justice,9,Over Votes,,0
Putnam,Southeast 11,State Supreme Court Justice,9,Verris B. Shako,CON,15
Putnam,Southeast 11,State Supreme Court Justice,9,Verris B. Shako,DEM,123
Putnam,Southeast 11,State Supreme Court Justice,9,Diane M. Clerkin,DEM,132
Putnam,Southeast 11,State Supreme Court Justice,9,Diane M. Clerkin,CON,20
Putnam,Southeast 11,State Supreme Court Justice,9,"John P. Collins, Jr.",CON,17
Putnam,Southeast 11,State Supreme Court Justice,9,"John P. Collins, Jr.",DEM,125
Putnam,Southeast 11,State Supreme Court Justice,9,Desmond C. Lyons,DEM,126
Putnam,Southeast 11,State Supreme Court Justice,9,George A. Smith,REP,114
Putnam,Southeast 11,State Supreme Court Justice,9,Kiel E. Van Horn,REP,105
Putnam,Southeast 11,State Supreme Court Justice,9,Thomas Humbach,REP,112
Putnam,Southeast 11,State Supreme Court Justice,9,Raymond P. Raiche,CON,17
Putnam,Southeast 11,State Supreme Court Justice,9,Raymond P. Raiche,REP,107
Putnam,Southeast 11,State Supreme Court Justice,9,Write-in,,0
Putnam,Southeast 11,State Supreme Court Justice,9,Under Votes,,71
Putnam,Southeast 11,State Supreme Court Justice,9,Over Votes,,4
Putnam,Southeast 12,State Supreme Court Justice,9,Verris B. Shako,CON,12
Putnam,Southeast 12,State Supreme Court Justice,9,Verris B. Shako,DEM,78
Putnam,Southeast 12,State Supreme Court Justice,9,Diane M. Clerkin,CON,10
Putnam,Southeast 12,State Supreme Court Justice,9,Diane M. Clerkin,DEM,84
Putnam,Southeast 12,State Supreme Court Justice,9,"John P. Collins, Jr.",DEM,79
Putnam,Southeast 12,State Supreme Court Justice,9,"John P. Collins, Jr.",CON,10
Putnam,Southeast 12,State Supreme Court Justice,9,Desmond C. Lyons,DEM,78
Putnam,Southeast 12,State Supreme Court Justice,9,George A. Smith,REP,69
Putnam,Southeast 12,State Supreme Court Justice,9,Kiel E. Van Horn,REP,61
Putnam,Southeast 12,State Supreme Court Justice,9,Thomas Humbach,REP,63
Putnam,Southeast 12,State Supreme Court Justice,9,Raymond P. Raiche,CON,11
Putnam,Southeast 12,State Supreme Court Justice,9,Raymond P. Raiche,REP,60
Putnam,Southeast 12,State Supreme Court Justice,9,Write-in,,0
Putnam,Southeast 12,State Supreme Court Justice,9,Under Votes,,49
Putnam,Southeast 12,State Supreme Court Justice,9,Over Votes,,0
Putnam,Southeast 13,State Supreme Court Justice,9,Verris B. Shako,DEM,103
Putnam,Southeast 13,State Supreme Court Justice,9,Verris B. Shako,CON,3
Putnam,Southeast 13,State Supreme Court Justice,9,Diane M. Clerkin,DEM,107
Putnam,Southeast 13,State Supreme Court Justice,9,Diane M. Clerkin,CON,9
Putnam,Southeast 13,State Supreme Court Justice,9,"John P. Collins, Jr.",CON,7
Putnam,Southeast 13,State Supreme Court Justice,9,"John P. Collins, Jr.",DEM,104
Putnam,Southeast 13,State Supreme Court Justice,9,Desmond C. Lyons,DEM,109
Putnam,Southeast 13,State Supreme Court Justice,9,George A. Smith,REP,75
Putnam,Southeast 13,State Supreme Court Justice,9,Kiel E. Van Horn,REP,65
Putnam,Southeast 13,State Supreme Court Justice,9,Thomas Humbach,REP,70
Putnam,Southeast 13,State Supreme Court Justice,9,Raymond P. Raiche,CON,11
Putnam,Southeast 13,State Supreme Court Justice,9,Raymond P. Raiche,REP,62
Putnam,Southeast 13,State Supreme Court Justice,9,Write-in,,0
Putnam,Southeast 13,State Supreme Court Justice,9,Under Votes,,79
Putnam,Southeast 13,State Supreme Court Justice,9,Over Votes,,0
Putnam,Southeast 14,State Supreme Court Justice,9,Verris B. Shako,DEM,139
Putnam,Southeast 14,State Supreme Court Justice,9,Verris B. Shako,CON,17
Putnam,Southeast 14,State Supreme Court Justice,9,Diane M. Clerkin,CON,20
Putnam,Southeast 14,State Supreme Court Justice,9,Diane M. Clerkin,DEM,144
Putnam,Southeast 14,State Supreme Court Justice,9,"John P. Collins, Jr.",CON,19
Putnam,Southeast 14,State Supreme Court Justice,9,"John P. Collins, Jr.",DEM,141
Putnam,Southeast 14,State Supreme Court Justice,9,Desmond C. Lyons,DEM,144
Putnam,Southeast 14,State Supreme Court Justice,9,George A. Smith,REP,122
Putnam,Southeast 14,State Supreme Court Justice,9,Kiel E. Van Horn,REP,111
Putnam,Southeast 14,State Supreme Court Justice,9,Thomas Humbach,REP,108
Putnam,Southeast 14,State Supreme Court Justice,9,Raymond P. Raiche,REP,109
Putnam,Southeast 14,State Supreme Court Justice,9,Raymond P. Raiche,CON,16
Putnam,Southeast 14,State Supreme Court Justice,9,Write-in,,0
Putnam,Southeast 14,State Supreme Court Justice,9,Under Votes,,90
Putnam,Southeast 14,State Supreme Court Justice,9,Over Votes,,0
Putnam,Carmel 1,Proposal Number ONE,,Yes,,89
Putnam,Carmel 1,Proposal Number ONE,,No,,48
Putnam,Carmel 1,Proposal Number ONE,,Under Votes,,10
Putnam,Carmel 1,Proposal Number ONE,,Over Votes,,0
Putnam,Carmel 2,Proposal Number ONE,,Yes,,186
Putnam,Carmel 2,Proposal Number ONE,,No,,132
Putnam,Carmel 2,Proposal Number ONE,,Under Votes,,19
Putnam,Carmel 2,Proposal Number ONE,,Over Votes,,2
Putnam,Carmel 3,Proposal Number ONE,,Yes,,214
Putnam,Carmel 3,Proposal Number ONE,,No,,150
Putnam,Carmel 3,Proposal Number ONE,,Under Votes,,20
Putnam,Carmel 3,Proposal Number ONE,,Over Votes,,0
Putnam,Carmel 4,Proposal Number ONE,,Yes,,112
Putnam,Carmel 4,Proposal Number ONE,,No,,53
Putnam,Carmel 4,Proposal Number ONE,,Under Votes,,6
Putnam,Carmel 4,Proposal Number ONE,,Over Votes,,0
Putnam,Carmel 5,Proposal Number ONE,,Yes,,137
Putnam,Carmel 5,Proposal Number ONE,,No,,131
Putnam,Carmel 5,Proposal Number ONE,,Under Votes,,21
Putnam,Carmel 5,Proposal Number ONE,,Over Votes,,0
Putnam,Carmel 6,Proposal Number ONE,,Yes,,104
Putnam,Carmel 6,Proposal Number ONE,,No,,88
Putnam,Carmel 6,Proposal Number ONE,,Under Votes,,4
Putnam,Carmel 6,Proposal Number ONE,,Over Votes,,0
Putnam,Carmel 7,Proposal Number ONE,,Yes,,121
Putnam,Carmel 7,Proposal Number ONE,,No,,113
Putnam,Carmel 7,Proposal Number ONE,,Under Votes,,11
Putnam,Carmel 7,Proposal Number ONE,,Over Votes,,1
Putnam,Carmel 8,Proposal Number ONE,,Yes,,236
Putnam,Carmel 8,Proposal Number ONE,,No,,177
Putnam,Carmel 8,Proposal Number ONE,,Under Votes,,32
Putnam,Carmel 8,Proposal Number ONE,,Over Votes,,0
Putnam,Carmel 9,Proposal Number ONE,,Yes,,254
Putnam,Carmel 9,Proposal Number ONE,,No,,188
Putnam,Carmel 9,Proposal Number ONE,,Under Votes,,32
Putnam,Carmel 9,Proposal Number ONE,,Over Votes,,0
Putnam,Carmel 10,Proposal Number ONE,,Yes,,94
Putnam,Carmel 10,Proposal Number ONE,,No,,88
Putnam,Carmel 10,Proposal Number ONE,,Under Votes,,10
Putnam,Carmel 10,Proposal Number ONE,,Over Votes,,0
Putnam,Carmel 11,Proposal Number ONE,,Yes,,90
Putnam,Carmel 11,Proposal Number ONE,,No,,54
Putnam,Carmel 11,Proposal Number ONE,,Under Votes,,2
Putnam,Carmel 11,Proposal Number ONE,,Over Votes,,0
Putnam,Carmel 12,Proposal Number ONE,,Yes,,78
Putnam,Carmel 12,Proposal Number ONE,,No,,78
Putnam,Carmel 12,Proposal Number ONE,,Under Votes,,5
Putnam,Carmel 12,Proposal Number ONE,,Over Votes,,0
Putnam,Carmel 13,Proposal Number ONE,,Yes,,92
Putnam,Carmel 13,Proposal Number ONE,,No,,92
Putnam,Carmel 13,Proposal Number ONE,,Under Votes,,20
Putnam,Carmel 13,Proposal Number ONE,,Over Votes,,0
Putnam,Carmel 14,Proposal Number ONE,,Yes,,172
Putnam,Carmel 14,Proposal Number ONE,,No,,112
Putnam,Carmel 14,Proposal Number ONE,,Under Votes,,16
Putnam,Carmel 14,Proposal Number ONE,,Over Votes,,0
Putnam,Carmel 15,Proposal Number ONE,,Yes,,95
Putnam,Carmel 15,Proposal Number ONE,,No,,73
Putnam,Carmel 15,Proposal Number ONE,,Under Votes,,2
Putnam,Carmel 15,Proposal Number ONE,,Over Votes,,0
Putnam,Carmel 16,Proposal Number ONE,,Yes,,154
Putnam,Carmel 16,Proposal Number ONE,,No,,102
Putnam,Carmel 16,Proposal Number ONE,,Under Votes,,15
Putnam,Carmel 16,Proposal Number ONE,,Over Votes,,0
Putnam,Carmel 17,Proposal Number ONE,,Yes,,62
Putnam,Carmel 17,Proposal Number ONE,,No,,40
Putnam,Carmel 17,Proposal Number ONE,,Under Votes,,9
Putnam,Carmel 17,Proposal Number ONE,,Over Votes,,0
Putnam,Carmel 18,Proposal Number ONE,,Yes,,138
Putnam,Carmel 18,Proposal Number ONE,,No,,109
Putnam,Carmel 18,Proposal Number ONE,,Under Votes,,14
Putnam,Carmel 18,Proposal Number ONE,,Over Votes,,0
Putnam,Carmel 19,Proposal Number ONE,,Yes,,190
Putnam,Carmel 19,Proposal Number ONE,,No,,114
Putnam,Carmel 19,Proposal Number ONE,,Under Votes,,37
Putnam,Carmel 19,Proposal Number ONE,,Over Votes,,0
Putnam,Carmel 20,Proposal Number ONE,,Yes,,201
Putnam,Carmel 20,Proposal Number ONE,,No,,158
Putnam,Carmel 20,Proposal Number ONE,,Under Votes,,11
Putnam,Carmel 20,Proposal Number ONE,,Over Votes,,0
Putnam,Carmel 21,Proposal Number ONE,,Yes,,109
Putnam,Carmel 21,Proposal Number ONE,,No,,101
Putnam,Carmel 21,Proposal Number ONE,,Under Votes,,12
Putnam,Carmel 21,Proposal Number ONE,,Over Votes,,0
Putnam,Carmel 22,Proposal Number ONE,,Yes,,238
Putnam,Carmel 22,Proposal Number ONE,,No,,141
Putnam,Carmel 22,Proposal Number ONE,,Under Votes,,12
Putnam,Carmel 22,Proposal Number ONE,,Over Votes,,0
Putnam,Carmel 23,Proposal Number ONE,,Yes,,119
Putnam,Carmel 23,Proposal Number ONE,,No,,119
Putnam,Carmel 23,Proposal Number ONE,,Under Votes,,19
Putnam,Carmel 23,Proposal Number ONE,,Over Votes,,0
Putnam,Carmel 24,Proposal Number ONE,,Yes,,121
Putnam,Carmel 24,Proposal Number ONE,,No,,99
Putnam,Carmel 24,Proposal Number ONE,,Under Votes,,8
Putnam,Carmel 24,Proposal Number ONE,,Over Votes,,0
Putnam,Carmel 25,Proposal Number ONE,,Yes,,126
Putnam,Carmel 25,Proposal Number ONE,,No,,117
Putnam,Carmel 25,Proposal Number ONE,,Under Votes,,10
Putnam,Carmel 25,Proposal Number ONE,,Over Votes,,0
Putnam,Carmel 26,Proposal Number ONE,,Yes,,144
Putnam,Carmel 26,Proposal Number ONE,,No,,88
Putnam,Carmel 26,Proposal Number ONE,,Under Votes,,13
Putnam,Carmel 26,Proposal Number ONE,,Over Votes,,0
Putnam,Carmel 27,Proposal Number ONE,,Yes,,105
Putnam,Carmel 27,Proposal Number ONE,,No,,75
Putnam,Carmel 27,Proposal Number ONE,,Under Votes,,18
Putnam,Carmel 27,Proposal Number ONE,,Over Votes,,0
Putnam,Carmel 28,Proposal Number ONE,,Yes,,58
Putnam,Carmel 28,Proposal Number ONE,,No,,61
Putnam,Carmel 28,Proposal Number ONE,,Under Votes,,19
Putnam,Carmel 28,Proposal Number ONE,,Over Votes,,0
Putnam,Kent 1,Proposal Number ONE,,Yes,,234
Putnam,Kent 1,Proposal Number ONE,,No,,136
Putnam,Kent 1,Proposal Number ONE,,Under Votes,,19
Putnam,Kent 1,Proposal Number ONE,,Over Votes,,0
Putnam,Kent 2,Proposal Number ONE,,Yes,,257
Putnam,Kent 2,Proposal Number ONE,,No,,225
Putnam,Kent 2,Proposal Number ONE,,Under Votes,,29
Putnam,Kent 2,Proposal Number ONE,,Over Votes,,0
Putnam,Kent 3,Proposal Number ONE,,Yes,,67
Putnam,Kent 3,Proposal Number ONE,,No,,88
Putnam,Kent 3,Proposal Number ONE,,Under Votes,,14
Putnam,Kent 3,Proposal Number ONE,,Over Votes,,0
Putnam,Kent 4,Proposal Number ONE,,Yes,,94
Putnam,Kent 4,Proposal Number ONE,,No,,78
Putnam,Kent 4,Proposal Number ONE,,Under Votes,,15
Putnam,Kent 4,Proposal Number ONE,,Over Votes,,0
Putnam,Kent 5,Proposal Number ONE,,Yes,,159
Putnam,Kent 5,Proposal Number ONE,,No,,161
Putnam,Kent 5,Proposal Number ONE,,Under Votes,,22
Putnam,Kent 5,Proposal Number ONE,,Over Votes,,0
Putnam,Kent 6,Proposal Number ONE,,Yes,,220
Putnam,Kent 6,Proposal Number ONE,,No,,181
Putnam,Kent 6,Proposal Number ONE,,Under Votes,,21
Putnam,Kent 6,Proposal Number ONE,,Over Votes,,0
Putnam,Kent 7,Proposal Number ONE,,Yes,,151
Putnam,Kent 7,Proposal Number ONE,,No,,124
Putnam,Kent 7,Proposal Number ONE,,Under Votes,,14
Putnam,Kent 7,Proposal Number ONE,,Over Votes,,0
Putnam,Kent 8,Proposal Number ONE,,Yes,,242
Putnam,Kent 8,Proposal Number ONE,,No,,177
Putnam,Kent 8,Proposal Number ONE,,Under Votes,,32
Putnam,Kent 8,Proposal Number ONE,,Over Votes,,0
Putnam,Kent 9,Proposal Number ONE,,Yes,,102
Putnam,Kent 9,Proposal Number ONE,,No,,75
Putnam,Kent 9,Proposal Number ONE,,Under Votes,,15
Putnam,Kent 9,Proposal Number ONE,,Over Votes,,0
Putnam,Kent 10,Proposal Number ONE,,Yes,,93
Putnam,Kent 10,Proposal Number ONE,,No,,99
Putnam,Kent 10,Proposal Number ONE,,Under Votes,,10
Putnam,Kent 10,Proposal Number ONE,,Over Votes,,0
Putnam,Kent 11,Proposal Number ONE,,Yes,,127
Putnam,Kent 11,Proposal Number ONE,,No,,98
Putnam,Kent 11,Proposal Number ONE,,Under Votes,,14
Putnam,Kent 11,Proposal Number ONE,,Over Votes,,0
Putnam,Patterson 1,Proposal Number ONE,,Yes,,159
Putnam,Patterson 1,Proposal Number ONE,,No,,118
Putnam,Patterson 1,Proposal Number ONE,,Under Votes,,15
Putnam,Patterson 1,Proposal Number ONE,,Over Votes,,0
Putnam,Patterson 2,Proposal Number ONE,,Yes,,138
Putnam,Patterson 2,Proposal Number ONE,,No,,179
Putnam,Patterson 2,Proposal Number ONE,,Under Votes,,34
Putnam,Patterson 2,Proposal Number ONE,,Over Votes,,0
Putnam,Patterson 3,Proposal Number ONE,,Yes,,213
Putnam,Patterson 3,Proposal Number ONE,,No,,141
Putnam,Patterson 3,Proposal Number ONE,,Under Votes,,12
Putnam,Patterson 3,Proposal Number ONE,,Over Votes,,0
Putnam,Patterson 4,Proposal Number ONE,,Yes,,126
Putnam,Patterson 4,Proposal Number ONE,,No,,109
Putnam,Patterson 4,Proposal Number ONE,,Under Votes,,10
Putnam,Patterson 4,Proposal Number ONE,,Over Votes,,0
Putnam,Patterson 5,Proposal Number ONE,,Yes,,150
Putnam,Patterson 5,Proposal Number ONE,,No,,109
Putnam,Patterson 5,Proposal Number ONE,,Under Votes,,15
Putnam,Patterson 5,Proposal Number ONE,,Over Votes,,0
Putnam,Patterson 6,Proposal Number ONE,,Yes,,122
Putnam,Patterson 6,Proposal Number ONE,,No,,105
Putnam,Patterson 6,Proposal Number ONE,,Under Votes,,4
Putnam,Patterson 6,Proposal Number ONE,,Over Votes,,0
Putnam,Patterson 7,Proposal Number ONE,,Yes,,153
Putnam,Patterson 7,Proposal Number ONE,,No,,106
Putnam,Patterson 7,Proposal Number ONE,,Under Votes,,6
Putnam,Patterson 7,Proposal Number ONE,,Over Votes,,0
Putnam,Patterson 8,Proposal Number ONE,,Yes,,94
Putnam,Patterson 8,Proposal Number ONE,,No,,110
Putnam,Patterson 8,Proposal Number ONE,,Under Votes,,12
Putnam,Patterson 8,Proposal Number ONE,,Over Votes,,0
Putnam,Philipstown 1,Proposal Number ONE,,Yes,,205
Putnam,Philipstown 1,Proposal Number ONE,,No,,81
Putnam,Philipstown 1,Proposal Number ONE,,Under Votes,,16
Putnam,Philipstown 1,Proposal Number ONE,,Over Votes,,0
Putnam,Philipstown 2,Proposal Number ONE,,Yes,,147
Putnam,Philipstown 2,Proposal Number ONE,,No,,64
Putnam,Philipstown 2,Proposal Number ONE,,Under Votes,,9
Putnam,Philipstown 2,Proposal Number ONE,,Over Votes,,0
Putnam,Philipstown 3,Proposal Number ONE,,Yes,,454
Putnam,Philipstown 3,Proposal Number ONE,,No,,281
Putnam,Philipstown 3,Proposal Number ONE,,Under Votes,,49
Putnam,Philipstown 3,Proposal Number ONE,,Over Votes,,1
Putnam,Philipstown 4,Proposal Number ONE,,Yes,,109
Putnam,Philipstown 4,Proposal Number ONE,,No,,78
Putnam,Philipstown 4,Proposal Number ONE,,Under Votes,,21
Putnam,Philipstown 4,Proposal Number ONE,,Over Votes,,0
Putnam,Philipstown 5,Proposal Number ONE,,Yes,,129
Putnam,Philipstown 5,Proposal Number ONE,,No,,58
Putnam,Philipstown 5,Proposal Number ONE,,Under Votes,,19
Putnam,Philipstown 5,Proposal Number ONE,,Over Votes,,0
Putnam,Philipstown 6,Proposal Number ONE,,Yes,,150
Putnam,Philipstown 6,Proposal Number ONE,,No,,71
Putnam,Philipstown 6,Proposal Number ONE,,Under Votes,,6
Putnam,Philipstown 6,Proposal Number ONE,,Over Votes,,0
Putnam,Philipstown 7,Proposal Number ONE,,Yes,,193
Putnam,Philipstown 7,Proposal Number ONE,,No,,121
Putnam,Philipstown 7,Proposal Number ONE,,Under Votes,,29
Putnam,Philipstown 7,Proposal Number ONE,,Over Votes,,0
Putnam,Philipstown 8,Proposal Number ONE,,Yes,,270
Putnam,Philipstown 8,Proposal Number ONE,,No,,161
Putnam,Philipstown 8,Proposal Number ONE,,Under Votes,,32
Putnam,Philipstown 8,Proposal Number ONE,,Over Votes,,0
Putnam,Philipstown 9,Proposal Number ONE,,Yes,,87
Putnam,Philipstown 9,Proposal Number ONE,,No,,67
Putnam,Philipstown 9,Proposal Number ONE,,Under Votes,,23
Putnam,Philipstown 9,Proposal Number ONE,,Over Votes,,0
Putnam,Philipstown 10,Proposal Number ONE,,Yes,,123
Putnam,Philipstown 10,Proposal Number ONE,,No,,55
Putnam,Philipstown 10,Proposal Number ONE,,Under Votes,,10
Putnam,Philipstown 10,Proposal Number ONE,,Over Votes,,0
Putnam,Putnam Valley 1,Proposal Number ONE,,Yes,,165
Putnam,Putnam Valley 1,Proposal Number ONE,,No,,104
Putnam,Putnam Valley 1,Proposal Number ONE,,Under Votes,,9
Putnam,Putnam Valley 1,Proposal Number ONE,,Over Votes,,0
Putnam,Putnam Valley 2,Proposal Number ONE,,Yes,,217
Putnam,Putnam Valley 2,Proposal Number ONE,,No,,169
Putnam,Putnam Valley 2,Proposal Number ONE,,Under Votes,,10
Putnam,Putnam Valley 2,Proposal Number ONE,,Over Votes,,0
Putnam,Putnam Valley 3,Proposal Number ONE,,Yes,,158
Putnam,Putnam Valley 3,Proposal Number ONE,,No,,130
Putnam,Putnam Valley 3,Proposal Number ONE,,Under Votes,,17
Putnam,Putnam Valley 3,Proposal Number ONE,,Over Votes,,1
Putnam,Putnam Valley 4,Proposal Number ONE,,Yes,,190
Putnam,Putnam Valley 4,Proposal Number ONE,,No,,112
Putnam,Putnam Valley 4,Proposal Number ONE,,Under Votes,,33
Putnam,Putnam Valley 4,Proposal Number ONE,,Over Votes,,0
Putnam,Putnam Valley 5,Proposal Number ONE,,Yes,,140
Putnam,Putnam Valley 5,Proposal Number ONE,,No,,95
Putnam,Putnam Valley 5,Proposal Number ONE,,Under Votes,,23
Putnam,Putnam Valley 5,Proposal Number ONE,,Over Votes,,0
Putnam,Putnam Valley 6,Proposal Number ONE,,Yes,,120
Putnam,Putnam Valley 6,Proposal Number ONE,,No,,97
Putnam,Putnam Valley 6,Proposal Number ONE,,Under Votes,,10
Putnam,Putnam Valley 6,Proposal Number ONE,,Over Votes,,0
Putnam,Putnam Valley 7,Proposal Number ONE,,Yes,,152
Putnam,Putnam Valley 7,Proposal Number ONE,,No,,108
Putnam,Putnam Valley 7,Proposal Number ONE,,Under Votes,,10
Putnam,Putnam Valley 7,Proposal Number ONE,,Over Votes,,0
Putnam,Putnam Valley 8,Proposal Number ONE,,Yes,,178
Putnam,Putnam Valley 8,Proposal Number ONE,,No,,142
Putnam,Putnam Valley 8,Proposal Number ONE,,Under Votes,,10
Putnam,Putnam Valley 8,Proposal Number ONE,,Over Votes,,0
Putnam,Putnam Valley 9,Proposal Number ONE,,Yes,,164
Putnam,Putnam Valley 9,Proposal Number ONE,,No,,155
Putnam,Putnam Valley 9,Proposal Number ONE,,Under Votes,,14
Putnam,Putnam Valley 9,Proposal Number ONE,,Over Votes,,0
Putnam,Putnam Valley 10,Proposal Number ONE,,Yes,,142
Putnam,Putnam Valley 10,Proposal Number ONE,,No,,98
Putnam,Putnam Valley 10,Proposal Number ONE,,Under Votes,,19
Putnam,Putnam Valley 10,Proposal Number ONE,,Over Votes,,0
Putnam,Southeast 1,Proposal Number ONE,,Yes,,154
Putnam,Southeast 1,Proposal Number ONE,,No,,133
Putnam,Southeast 1,Proposal Number ONE,,Under Votes,,10
Putnam,Southeast 1,Proposal Number ONE,,Over Votes,,0
Putnam,Southeast 2,Proposal Number ONE,,Yes,,93
Putnam,Southeast 2,Proposal Number ONE,,No,,73
Putnam,Southeast 2,Proposal Number ONE,,Under Votes,,8
Putnam,Southeast 2,Proposal Number ONE,,Over Votes,,0
Putnam,Southeast 3,Proposal Number ONE,,Yes,,122
Putnam,Southeast 3,Proposal Number ONE,,No,,97
Putnam,Southeast 3,Proposal Number ONE,,Under Votes,,17
Putnam,Southeast 3,Proposal Number ONE,,Over Votes,,0
Putnam,Southeast 4,Proposal Number ONE,,Yes,,91
Putnam,Southeast 4,Proposal Number ONE,,No,,82
Putnam,Southeast 4,Proposal Number ONE,,Under Votes,,7
Putnam,Southeast 4,Proposal Number ONE,,Over Votes,,0
Putnam,Southeast 5,Proposal Number ONE,,Yes,,70
Putnam,Southeast 5,Proposal Number ONE,,No,,45
Putnam,Southeast 5,Proposal Number ONE,,Under Votes,,7
Putnam,Southeast 5,Proposal Number ONE,,Over Votes,,0
Putnam,Southeast 6,Proposal Number ONE,,Yes,,155
Putnam,Southeast 6,Proposal Number ONE,,No,,124
Putnam,Southeast 6,Proposal Number ONE,,Under Votes,,7
Putnam,Southeast 6,Proposal Number ONE,,Over Votes,,0
Putnam,Southeast 7,Proposal Number ONE,,Yes,,190
Putnam,Southeast 7,Proposal Number ONE,,No,,155
Putnam,Southeast 7,Proposal Number ONE,,Under Votes,,17
Putnam,Southeast 7,Proposal Number ONE,,Over Votes,,0
Putnam,Southeast 8,Proposal Number ONE,,Yes,,179
Putnam,Southeast 8,Proposal Number ONE,,No,,129
Putnam,Southeast 8,Proposal Number ONE,,Under Votes,,35
Putnam,Southeast 8,Proposal Number ONE,,Over Votes,,0
Putnam,Southeast 9,Proposal Number ONE,,Yes,,140
Putnam,Southeast 9,Proposal Number ONE,,No,,79
Putnam,Southeast 9,Proposal Number ONE,,Under Votes,,11
Putnam,Southeast 9,Proposal Number ONE,,Over Votes,,0
Putnam,Southeast 10,Proposal Number ONE,,Yes,,140
Putnam,Southeast 10,Proposal Number ONE,,No,,122
Putnam,Southeast 10,Proposal Number ONE,,Under Votes,,11
Putnam,Southeast 10,Proposal Number ONE,,Over Votes,,0
Putnam,Southeast 11,Proposal Number ONE,,Yes,,123
Putnam,Southeast 11,Proposal Number ONE,,No,,136
Putnam,Southeast 11,Proposal Number ONE,,Under Votes,,13
Putnam,Southeast 11,Proposal Number ONE,,Over Votes,,0
Putnam,Southeast 12,Proposal Number ONE,,Yes,,80
Putnam,Southeast 12,Proposal Number ONE,,No,,66
Putnam,Southeast 12,Proposal Number ONE,,Under Votes,,20
Putnam,Southeast 12,Proposal Number ONE,,Over Votes,,0
Putnam,Southeast 13,Proposal Number ONE,,Yes,,108
Putnam,Southeast 13,Proposal Number ONE,,No,,82
Putnam,Southeast 13,Proposal Number ONE,,Under Votes,,11
Putnam,Southeast 13,Proposal Number ONE,,Over Votes,,0
Putnam,Southeast 14,Proposal Number ONE,,Yes,,173
Putnam,Southeast 14,Proposal Number ONE,,No,,104
Putnam,Southeast 14,Proposal Number ONE,,Under Votes,,18
Putnam,Southeast 14,Proposal Number ONE,,Over Votes,,0
Putnam,Carmel 1,Sheriff,,Brian M. Hess,CON,15
Putnam,Carmel 1,Sheriff,,Brian M. Hess,REP,79
Putnam,Carmel 1,Sheriff,,Lawrence J. Burke,Serve & Protect,30
Putnam,Carmel 1,Sheriff,,Write-in,,1
Putnam,Carmel 1,Sheriff,,Under Votes,,22
Putnam,Carmel 1,Sheriff,,Over Votes,,0
Putnam,Carmel 2,Sheriff,,Brian M. Hess,REP,206
Putnam,Carmel 2,Sheriff,,Brian M. Hess,CON,25
Putnam,Carmel 2,Sheriff,,Lawrence J. Burke,Serve & Protect,52
Putnam,Carmel 2,Sheriff,,Write-in,,0
Putnam,Carmel 2,Sheriff,,Under Votes,,55
Putnam,Carmel 2,Sheriff,,Over Votes,,1
Putnam,Carmel 3,Sheriff,,Brian M. Hess,CON,52
Putnam,Carmel 3,Sheriff,,Brian M. Hess,REP,189
Putnam,Carmel 3,Sheriff,,Lawrence J. Burke,Serve & Protect,59
Putnam,Carmel 3,Sheriff,,Write-in,,6
Putnam,Carmel 3,Sheriff,,Under Votes,,78
Putnam,Carmel 3,Sheriff,,Over Votes,,0
Putnam,Carmel 4,Sheriff,,Brian M. Hess,REP,87
Putnam,Carmel 4,Sheriff,,Brian M. Hess,CON,14
Putnam,Carmel 4,Sheriff,,Lawrence J. Burke,Serve & Protect,32
Putnam,Carmel 4,Sheriff,,Write-in,,0
Putnam,Carmel 4,Sheriff,,Under Votes,,37
Putnam,Carmel 4,Sheriff,,Over Votes,,1
Putnam,Carmel 5,Sheriff,,Brian M. Hess,REP,151
Putnam,Carmel 5,Sheriff,,Brian M. Hess,CON,31
Putnam,Carmel 5,Sheriff,,Lawrence J. Burke,Serve & Protect,54
Putnam,Carmel 5,Sheriff,,Write-in,,0
Putnam,Carmel 5,Sheriff,,Under Votes,,53
Putnam,Carmel 5,Sheriff,,Over Votes,,0
Putnam,Carmel 6,Sheriff,,Brian M. Hess,REP,118
Putnam,Carmel 6,Sheriff,,Brian M. Hess,CON,14
Putnam,Carmel 6,Sheriff,,Lawrence J. Burke,Serve & Protect,40
Putnam,Carmel 6,Sheriff,,Write-in,,0
Putnam,Carmel 6,Sheriff,,Under Votes,,24
Putnam,Carmel 6,Sheriff,,Over Votes,,0
Putnam,Carmel 7,Sheriff,,Brian M. Hess,REP,126
Putnam,Carmel 7,Sheriff,,Brian M. Hess,CON,17
Putnam,Carmel 7,Sheriff,,Lawrence J. Burke,Serve & Protect,50
Putnam,Carmel 7,Sheriff,,Write-in,,0
Putnam,Carmel 7,Sheriff,,Under Votes,,51
Putnam,Carmel 7,Sheriff,,Over Votes,,2
Putnam,Carmel 8,Sheriff,,Brian M. Hess,CON,50
Putnam,Carmel 8,Sheriff,,Brian M. Hess,REP,223
Putnam,Carmel 8,Sheriff,,Lawrence J. Burke,Serve & Protect,99
Putnam,Carmel 8,Sheriff,,Write-in,,2
Putnam,Carmel 8,Sheriff,,Under Votes,,71
Putnam,Carmel 8,Sheriff,,Over Votes,,0
Putnam,Carmel 9,Sheriff,,Brian M. Hess,REP,258
Putnam,Carmel 9,Sheriff,,Brian M. Hess,CON,47
Putnam,Carmel 9,Sheriff,,Lawrence J. Burke,Serve & Protect,71
Putnam,Carmel 9,Sheriff,,Write-in,,2
Putnam,Carmel 9,Sheriff,,Under Votes,,95
Putnam,Carmel 9,Sheriff,,Over Votes,,1
Putnam,Carmel 10,Sheriff,,Brian M. Hess,CON,17
Putnam,Carmel 10,Sheriff,,Brian M. Hess,REP,109
Putnam,Carmel 10,Sheriff,,Lawrence J. Burke,Serve & Protect,34
Putnam,Carmel 10,Sheriff,,Write-in,,0
Putnam,Carmel 10,Sheriff,,Under Votes,,30
Putnam,Carmel 10,Sheriff,,Over Votes,,2
Putnam,Carmel 11,Sheriff,,Brian M. Hess,CON,11
Putnam,Carmel 11,Sheriff,,Brian M. Hess,REP,87
Putnam,Carmel 11,Sheriff,,Lawrence J. Burke,Serve & Protect,22
Putnam,Carmel 11,Sheriff,,Write-in,,0
Putnam,Carmel 11,Sheriff,,Under Votes,,26
Putnam,Carmel 11,Sheriff,,Over Votes,,0
Putnam,Carmel 12,Sheriff,,Brian M. Hess,CON,22
Putnam,Carmel 12,Sheriff,,Brian M. Hess,REP,82
Putnam,Carmel 12,Sheriff,,Lawrence J. Burke,Serve & Protect,24
Putnam,Carmel 12,Sheriff,,Write-in,,0
Putnam,Carmel 12,Sheriff,,Under Votes,,33
Putnam,Carmel 12,Sheriff,,Over Votes,,0
Putnam,Carmel 13,Sheriff,,Brian M. Hess,CON,20
Putnam,Carmel 13,Sheriff,,Brian M. Hess,REP,119
Putnam,Carmel 13,Sheriff,,Lawrence J. Burke,Serve & Protect,34
Putnam,Carmel 13,Sheriff,,Write-in,,1
Putnam,Carmel 13,Sheriff,,Under Votes,,29
Putnam,Carmel 13,Sheriff,,Over Votes,,1
Putnam,Carmel 14,Sheriff,,Brian M. Hess,CON,36
Putnam,Carmel 14,Sheriff,,Brian M. Hess,REP,158
Putnam,Carmel 14,Sheriff,,Lawrence J. Burke,Serve & Protect,46
Putnam,Carmel 14,Sheriff,,Write-in,,2
Putnam,Carmel 14,Sheriff,,Under Votes,,57
Putnam,Carmel 14,Sheriff,,Over Votes,,1
Putnam,Carmel 15,Sheriff,,Brian M. Hess,CON,17
Putnam,Carmel 15,Sheriff,,Brian M. Hess,REP,91
Putnam,Carmel 15,Sheriff,,Lawrence J. Burke,Serve & Protect,29
Putnam,Carmel 15,Sheriff,,Write-in,,1
Putnam,Carmel 15,Sheriff,,Under Votes,,31
Putnam,Carmel 15,Sheriff,,Over Votes,,1
Putnam,Carmel 16,Sheriff,,Brian M. Hess,CON,31
Putnam,Carmel 16,Sheriff,,Brian M. Hess,REP,152
Putnam,Carmel 16,Sheriff,,Lawrence J. Burke,Serve & Protect,41
Putnam,Carmel 16,Sheriff,,Write-in,,1
Putnam,Carmel 16,Sheriff,,Under Votes,,46
Putnam,Carmel 16,Sheriff,,Over Votes,,0
Putnam,Carmel 17,Sheriff,,Brian M. Hess,REP,62
Putnam,Carmel 17,Sheriff,,Brian M. Hess,CON,10
Putnam,Carmel 17,Sheriff,,Lawrence J. Burke,Serve & Protect,22
Putnam,Carmel 17,Sheriff,,Write-in,,2
Putnam,Carmel 17,Sheriff,,Under Votes,,15
Putnam,Carmel 17,Sheriff,,Over Votes,,0
Putnam,Carmel 18,Sheriff,,Brian M. Hess,REP,136
Putnam,Carmel 18,Sheriff,,Brian M. Hess,CON,22
Putnam,Carmel 18,Sheriff,,Lawrence J. Burke,Serve & Protect,55
Putnam,Carmel 18,Sheriff,,Write-in,,3
Putnam,Carmel 18,Sheriff,,Under Votes,,45
Putnam,Carmel 18,Sheriff,,Over Votes,,0
Putnam,Carmel 19,Sheriff,,Brian M. Hess,REP,150
Putnam,Carmel 19,Sheriff,,Brian M. Hess,CON,36
Putnam,Carmel 19,Sheriff,,Lawrence J. Burke,Serve & Protect,87
Putnam,Carmel 19,Sheriff,,Write-in,,4
Putnam,Carmel 19,Sheriff,,Under Votes,,64
Putnam,Carmel 19,Sheriff,,Over Votes,,0
Putnam,Carmel 20,Sheriff,,Brian M. Hess,REP,202
Putnam,Carmel 20,Sheriff,,Brian M. Hess,CON,50
Putnam,Carmel 20,Sheriff,,Lawrence J. Burke,Serve & Protect,64
Putnam,Carmel 20,Sheriff,,Write-in,,1
Putnam,Carmel 20,Sheriff,,Under Votes,,53
Putnam,Carmel 20,Sheriff,,Over Votes,,0
Putnam,Carmel 21,Sheriff,,Brian M. Hess,CON,27
Putnam,Carmel 21,Sheriff,,Brian M. Hess,REP,135
Putnam,Carmel 21,Sheriff,,Lawrence J. Burke,Serve & Protect,37
Putnam,Carmel 21,Sheriff,,Write-in,,0
Putnam,Carmel 21,Sheriff,,Under Votes,,23
Putnam,Carmel 21,Sheriff,,Over Votes,,0
Putnam,Carmel 22,Sheriff,,Brian M. Hess,CON,42
Putnam,Carmel 22,Sheriff,,Brian M. Hess,REP,236
Putnam,Carmel 22,Sheriff,,Lawrence J. Burke,Serve & Protect,66
Putnam,Carmel 22,Sheriff,,Write-in,,0
Putnam,Carmel 22,Sheriff,,Under Votes,,46
Putnam,Carmel 22,Sheriff,,Over Votes,,1
Putnam,Carmel 23,Sheriff,,Brian M. Hess,CON,24
Putnam,Carmel 23,Sheriff,,Brian M. Hess,REP,149
Putnam,Carmel 23,Sheriff,,Lawrence J. Burke,Serve & Protect,50
Putnam,Carmel 23,Sheriff,,Write-in,,1
Putnam,Carmel 23,Sheriff,,Under Votes,,33
Putnam,Carmel 23,Sheriff,,Over Votes,,0
Putnam,Carmel 24,Sheriff,,Brian M. Hess,CON,25
Putnam,Carmel 24,Sheriff,,Brian M. Hess,REP,116
Putnam,Carmel 24,Sheriff,,Lawrence J. Burke,Serve & Protect,54
Putnam,Carmel 24,Sheriff,,Write-in,,3
Putnam,Carmel 24,Sheriff,,Under Votes,,30
Putnam,Carmel 24,Sheriff,,Over Votes,,0
Putnam,Carmel 25,Sheriff,,Brian M. Hess,REP,127
Putnam,Carmel 25,Sheriff,,Brian M. Hess,CON,22
Putnam,Carmel 25,Sheriff,,Lawrence J. Burke,Serve & Protect,58
Putnam,Carmel 25,Sheriff,,Write-in,,1
Putnam,Carmel 25,Sheriff,,Under Votes,,45
Putnam,Carmel 25,Sheriff,,Over Votes,,0
Putnam,Carmel 26,Sheriff,,Brian M. Hess,REP,158
Putnam,Carmel 26,Sheriff,,Brian M. Hess,CON,22
Putnam,Carmel 26,Sheriff,,Lawrence J. Burke,Serve & Protect,31
Putnam,Carmel 26,Sheriff,,Write-in,,0
Putnam,Carmel 26,Sheriff,,Under Votes,,34
Putnam,Carmel 26,Sheriff,,Over Votes,,0
Putnam,Carmel 27,Sheriff,,Brian M. Hess,CON,18
Putnam,Carmel 27,Sheriff,,Brian M. Hess,REP,96
Putnam,Carmel 27,Sheriff,,Lawrence J. Burke,Serve & Protect,36
Putnam,Carmel 27,Sheriff,,Write-in,,2
Putnam,Carmel 27,Sheriff,,Under Votes,,44
Putnam,Carmel 27,Sheriff,,Over Votes,,2
Putnam,Carmel 28,Sheriff,,Brian M. Hess,CON,10
Putnam,Carmel 28,Sheriff,,Brian M. Hess,REP,79
Putnam,Carmel 28,Sheriff,,Lawrence J. Burke,Serve & Protect,32
Putnam,Carmel 28,Sheriff,,Write-in,,1
Putnam,Carmel 28,Sheriff,,Under Votes,,16
Putnam,Carmel 28,Sheriff,,Over Votes,,0
Putnam,Kent 1,Sheriff,,Brian M. Hess,REP,178
Putnam,Kent 1,Sheriff,,Brian M. Hess,CON,29
Putnam,Kent 1,Sheriff,,Lawrence J. Burke,Serve & Protect,86
Putnam,Kent 1,Sheriff,,Write-in,,0
Putnam,Kent 1,Sheriff,,Under Votes,,95
Putnam,Kent 1,Sheriff,,Over Votes,,1
Putnam,Kent 2,Sheriff,,Brian M. Hess,CON,55
Putnam,Kent 2,Sheriff,,Brian M. Hess,REP,263
Putnam,Kent 2,Sheriff,,Lawrence J. Burke,Serve & Protect,90
Putnam,Kent 2,Sheriff,,Write-in,,2
Putnam,Kent 2,Sheriff,,Under Votes,,101
Putnam,Kent 2,Sheriff,,Over Votes,,0
Putnam,Kent 3,Sheriff,,Brian M. Hess,REP,88
Putnam,Kent 3,Sheriff,,Brian M. Hess,CON,19
Putnam,Kent 3,Sheriff,,Lawrence J. Burke,Serve & Protect,31
Putnam,Kent 3,Sheriff,,Write-in,,0
Putnam,Kent 3,Sheriff,,Under Votes,,31
Putnam,Kent 3,Sheriff,,Over Votes,,0
Putnam,Kent 4,Sheriff,,Brian M. Hess,REP,97
Putnam,Kent 4,Sheriff,,Brian M. Hess,CON,14
Putnam,Kent 4,Sheriff,,Lawrence J. Burke,Serve & Protect,39
Putnam,Kent 4,Sheriff,,Write-in,,0
Putnam,Kent 4,Sheriff,,Under Votes,,37
Putnam,Kent 4,Sheriff,,Over Votes,,0
Putnam,Kent 5,Sheriff,,Brian M. Hess,CON,30
Putnam,Kent 5,Sheriff,,Brian M. Hess,REP,178
Putnam,Kent 5,Sheriff,,Lawrence J. Burke,Serve & Protect,64
Putnam,Kent 5,Sheriff,,Write-in,,0
Putnam,Kent 5,Sheriff,,Under Votes,,70
Putnam,Kent 5,Sheriff,,Over Votes,,0
Putnam,Kent 6,Sheriff,,Brian M. Hess,CON,48
Putnam,Kent 6,Sheriff,,Brian M. Hess,REP,208
Putnam,Kent 6,Sheriff,,Lawrence J. Burke,Serve & Protect,81
Putnam,Kent 6,Sheriff,,Write-in,,1
Putnam,Kent 6,Sheriff,,Under Votes,,83
Putnam,Kent 6,Sheriff,,Over Votes,,1
Putnam,Kent 7,Sheriff,,Brian M. Hess,REP,136
Putnam,Kent 7,Sheriff,,Brian M. Hess,CON,35
Putnam,Kent 7,Sheriff,,Lawrence J. Burke,Serve & Protect,64
Putnam,Kent 7,Sheriff,,Write-in,,0
Putnam,Kent 7,Sheriff,,Under Votes,,54
Putnam,Kent 7,Sheriff,,Over Votes,,0
Putnam,Kent 8,Sheriff,,Brian M. Hess,REP,153
Putnam,Kent 8,Sheriff,,Brian M. Hess,CON,43
Putnam,Kent 8,Sheriff,,Lawrence J. Burke,Serve & Protect,118
Putnam,Kent 8,Sheriff,,Write-in,,3
Putnam,Kent 8,Sheriff,,Under Votes,,134
Putnam,Kent 8,Sheriff,,Over Votes,,0
Putnam,Kent 9,Sheriff,,Brian M. Hess,CON,26
Putnam,Kent 9,Sheriff,,Brian M. Hess,REP,93
Putnam,Kent 9,Sheriff,,Lawrence J. Burke,Serve & Protect,38
Putnam,Kent 9,Sheriff,,Write-in,,0
Putnam,Kent 9,Sheriff,,Under Votes,,35
Putnam,Kent 9,Sheriff,,Over Votes,,0
Putnam,Kent 10,Sheriff,,Brian M. Hess,CON,18
Putnam,Kent 10,Sheriff,,Brian M. Hess,REP,105
Putnam,Kent 10,Sheriff,,Lawrence J. Burke,Serve & Protect,37
Putnam,Kent 10,Sheriff,,Write-in,,0
Putnam,Kent 10,Sheriff,,Under Votes,,42
Putnam,Kent 10,Sheriff,,Over Votes,,0
Putnam,Kent 11,Sheriff,,Brian M. Hess,REP,123
Putnam,Kent 11,Sheriff,,Brian M. Hess,CON,29
Putnam,Kent 11,Sheriff,,Lawrence J. Burke,Serve & Protect,44
Putnam,Kent 11,Sheriff,,Write-in,,2
Putnam,Kent 11,Sheriff,,Under Votes,,40
Putnam,Kent 11,Sheriff,,Over Votes,,1
Putnam,Patterson 1,Sheriff,,Brian M. Hess,REP,130
Putnam,Patterson 1,Sheriff,,Brian M. Hess,CON,30
Putnam,Patterson 1,Sheriff,,Lawrence J. Burke,Serve & Protect,75
Putnam,Patterson 1,Sheriff,,Write-in,,1
Putnam,Patterson 1,Sheriff,,Under Votes,,55
Putnam,Patterson 1,Sheriff,,Over Votes,,1
Putnam,Patterson 2,Sheriff,,Brian M. Hess,REP,168
Putnam,Patterson 2,Sheriff,,Brian M. Hess,CON,43
Putnam,Patterson 2,Sheriff,,Lawrence J. Burke,Serve & Protect,75
Putnam,Patterson 2,Sheriff,,Write-in,,0
Putnam,Patterson 2,Sheriff,,Under Votes,,64
Putnam,Patterson 2,Sheriff,,Over Votes,,1
Putnam,Patterson 3,Sheriff,,Brian M. Hess,CON,42
Putnam,Patterson 3,Sheriff,,Brian M. Hess,REP,144
Putnam,Patterson 3,Sheriff,,Lawrence J. Burke,Serve & Protect,112
Putnam,Patterson 3,Sheriff,,Write-in,,1
Putnam,Patterson 3,Sheriff,,Under Votes,,67
Putnam,Patterson 3,Sheriff,,Over Votes,,0
Putnam,Patterson 4,Sheriff,,Brian M. Hess,REP,117
Putnam,Patterson 4,Sheriff,,Brian M. Hess,CON,28
Putnam,Patterson 4,Sheriff,,Lawrence J. Burke,Serve & Protect,56
Putnam,Patterson 4,Sheriff,,Write-in,,1
Putnam,Patterson 4,Sheriff,,Under Votes,,43
Putnam,Patterson 4,Sheriff,,Over Votes,,0
Putnam,Patterson 5,Sheriff,,Brian M. Hess,REP,131
Putnam,Patterson 5,Sheriff,,Brian M. Hess,CON,36
Putnam,Patterson 5,Sheriff,,Lawrence J. Burke,Serve & Protect,59
Putnam,Patterson 5,Sheriff,,Write-in,,1
Putnam,Patterson 5,Sheriff,,Under Votes,,46
Putnam,Patterson 5,Sheriff,,Over Votes,,1
Putnam,Patterson 6,Sheriff,,Brian M. Hess,REP,111
Putnam,Patterson 6,Sheriff,,Brian M. Hess,CON,33
Putnam,Patterson 6,Sheriff,,Lawrence J. Burke,Serve & Protect,50
Putnam,Patterson 6,Sheriff,,Write-in,,0
Putnam,Patterson 6,Sheriff,,Under Votes,,37
Putnam,Patterson 6,Sheriff,,Over Votes,,0
Putnam,Patterson 7,Sheriff,,Brian M. Hess,REP,139
Putnam,Patterson 7,Sheriff,,Brian M. Hess,CON,23
Putnam,Patterson 7,Sheriff,,Lawrence J. Burke,Serve & Protect,52
Putnam,Patterson 7,Sheriff,,Write-in,,2
Putnam,Patterson 7,Sheriff,,Under Votes,,49
Putnam,Patterson 7,Sheriff,,Over Votes,,0
Putnam,Patterson 8,Sheriff,,Brian M. Hess,CON,33
Putnam,Patterson 8,Sheriff,,Brian M. Hess,REP,88
Putnam,Patterson 8,Sheriff,,Lawrence J. Burke,Serve & Protect,53
Putnam,Patterson 8,Sheriff,,Write-in,,0
Putnam,Patterson 8,Sheriff,,Under Votes,,42
Putnam,Patterson 8,Sheriff,,Over Votes,,0
Putnam,Philipstown 1,Sheriff,,Brian M. Hess,CON,13
Putnam,Philipstown 1,Sheriff,,Brian M. Hess,REP,58
Putnam,Philipstown 1,Sheriff,,Lawrence J. Burke,Serve & Protect,161
Putnam,Philipstown 1,Sheriff,,Write-in,,2
Putnam,Philipstown 1,Sheriff,,Under Votes,,66
Putnam,Philipstown 1,Sheriff,,Over Votes,,2
Putnam,Philipstown 2,Sheriff,,Brian M. Hess,REP,37
Putnam,Philipstown 2,Sheriff,,Brian M. Hess,CON,4
Putnam,Philipstown 2,Sheriff,,Lawrence J. Burke,Serve & Protect,140
Putnam,Philipstown 2,Sheriff,,Write-in,,1
Putnam,Philipstown 2,Sheriff,,Under Votes,,37
Putnam,Philipstown 2,Sheriff,,Over Votes,,1
Putnam,Philipstown 3,Sheriff,,Brian M. Hess,CON,20
Putnam,Philipstown 3,Sheriff,,Brian M. Hess,REP,75
Putnam,Philipstown 3,Sheriff,,Lawrence J. Burke,Serve & Protect,557
Putnam,Philipstown 3,Sheriff,,Write-in,,2
Putnam,Philipstown 3,Sheriff,,Under Votes,,127
Putnam,Philipstown 3,Sheriff,,Over Votes,,4
Putnam,Philipstown 4,Sheriff,,Brian M. Hess,REP,77
Putnam,Philipstown 4,Sheriff,,Brian M. Hess,CON,19
Putnam,Philipstown 4,Sheriff,,Lawrence J. Burke,Serve & Protect,60
Putnam,Philipstown 4,Sheriff,,Write-in,,1
Putnam,Philipstown 4,Sheriff,,Under Votes,,49
Putnam,Philipstown 4,Sheriff,,Over Votes,,2
Putnam,Philipstown 5,Sheriff,,Brian M. Hess,CON,6
Putnam,Philipstown 5,Sheriff,,Brian M. Hess,REP,35
Putnam,Philipstown 5,Sheriff,,Lawrence J. Burke,Serve & Protect,118
Putnam,Philipstown 5,Sheriff,,Write-in,,0
Putnam,Philipstown 5,Sheriff,,Under Votes,,47
Putnam,Philipstown 5,Sheriff,,Over Votes,,0
Putnam,Philipstown 6,Sheriff,,Brian M. Hess,CON,7
Putnam,Philipstown 6,Sheriff,,Brian M. Hess,REP,45
Putnam,Philipstown 6,Sheriff,,Lawrence J. Burke,Serve & Protect,100
Putnam,Philipstown 6,Sheriff,,Write-in,,4
Putnam,Philipstown 6,Sheriff,,Under Votes,,70
Putnam,Philipstown 6,Sheriff,,Over Votes,,1
Putnam,Philipstown 7,Sheriff,,Brian M. Hess,REP,66
Putnam,Philipstown 7,Sheriff,,Brian M. Hess,CON,10
Putnam,Philipstown 7,Sheriff,,Lawrence J. Burke,Serve & Protect,228
Putnam,Philipstown 7,Sheriff,,Write-in,,0
Putnam,Philipstown 7,Sheriff,,Under Votes,,39
Putnam,Philipstown 7,Sheriff,,Over Votes,,0
Putnam,Philipstown 8,Sheriff,,Brian M. Hess,CON,20
Putnam,Philipstown 8,Sheriff,,Brian M. Hess,REP,86
Putnam,Philipstown 8,Sheriff,,Lawrence J. Burke,Serve & Protect,262
Putnam,Philipstown 8,Sheriff,,Write-in,,2
Putnam,Philipstown 8,Sheriff,,Under Votes,,93
Putnam,Philipstown 8,Sheriff,,Over Votes,,0
Putnam,Philipstown 9,Sheriff,,Brian M. Hess,REP,77
Putnam,Philipstown 9,Sheriff,,Brian M. Hess,CON,16
Putnam,Philipstown 9,Sheriff,,Lawrence J. Burke,Serve & Protect,39
Putnam,Philipstown 9,Sheriff,,Write-in,,1
Putnam,Philipstown 9,Sheriff,,Under Votes,,42
Putnam,Philipstown 9,Sheriff,,Over Votes,,2
Putnam,Philipstown 10,Sheriff,,Brian M. Hess,REP,20
Putnam,Philipstown 10,Sheriff,,Brian M. Hess,CON,4
Putnam,Philipstown 10,Sheriff,,Lawrence J. Burke,Serve & Protect,125
Putnam,Philipstown 10,Sheriff,,Write-in,,1
Putnam,Philipstown 10,Sheriff,,Under Votes,,38
Putnam,Philipstown 10,Sheriff,,Over Votes,,0
Putnam,Putnam Valley 1,Sheriff,,Brian M. Hess,CON,28
Putnam,Putnam Valley 1,Sheriff,,Brian M. Hess,REP,129
Putnam,Putnam Valley 1,Sheriff,,Lawrence J. Burke,Serve & Protect,62
Putnam,Putnam Valley 1,Sheriff,,Write-in,,1
Putnam,Putnam Valley 1,Sheriff,,Under Votes,,58
Putnam,Putnam Valley 1,Sheriff,,Over Votes,,0
Putnam,Putnam Valley 2,Sheriff,,Brian M. Hess,REP,152
Putnam,Putnam Valley 2,Sheriff,,Brian M. Hess,CON,37
Putnam,Putnam Valley 2,Sheriff,,Lawrence J. Burke,Serve & Protect,103
Putnam,Putnam Valley 2,Sheriff,,Write-in,,2
Putnam,Putnam Valley 2,Sheriff,,Under Votes,,102
Putnam,Putnam Valley 2,Sheriff,,Over Votes,,0
Putnam,Putnam Valley 3,Sheriff,,Brian M. Hess,CON,17
Putnam,Putnam Valley 3,Sheriff,,Brian M. Hess,REP,114
Putnam,Putnam Valley 3,Sheriff,,Lawrence J. Burke,Serve & Protect,83
Putnam,Putnam Valley 3,Sheriff,,Write-in,,3
Putnam,Putnam Valley 3,Sheriff,,Under Votes,,89
Putnam,Putnam Valley 3,Sheriff,,Over Votes,,0
Putnam,Putnam Valley 4,Sheriff,,Brian M. Hess,CON,30
Putnam,Putnam Valley 4,Sheriff,,Brian M. Hess,REP,142
Putnam,Putnam Valley 4,Sheriff,,Lawrence J. Burke,Serve & Protect,79
Putnam,Putnam Valley 4,Sheriff,,Write-in,,0
Putnam,Putnam Valley 4,Sheriff,,Under Votes,,84
Putnam,Putnam Valley 4,Sheriff,,Over Votes,,0
Putnam,Putnam Valley 5,Sheriff,,Brian M. Hess,CON,28
Putnam,Putnam Valley 5,Sheriff,,Brian M. Hess,REP,151
Putnam,Putnam Valley 5,Sheriff,,Lawrence J. Burke,Serve & Protect,29
Putnam,Putnam Valley 5,Sheriff,,Write-in,,0
Putnam,Putnam Valley 5,Sheriff,,Under Votes,,50
Putnam,Putnam Valley 5,Sheriff,,Over Votes,,0
Putnam,Putnam Valley 6,Sheriff,,Brian M. Hess,REP,95
Putnam,Putnam Valley 6,Sheriff,,Brian M. Hess,CON,32
Putnam,Putnam Valley 6,Sheriff,,Lawrence J. Burke,Serve & Protect,58
Putnam,Putnam Valley 6,Sheriff,,Write-in,,2
Putnam,Putnam Valley 6,Sheriff,,Under Votes,,40
Putnam,Putnam Valley 6,Sheriff,,Over Votes,,0
Putnam,Putnam Valley 7,Sheriff,,Brian M. Hess,CON,39
Putnam,Putnam Valley 7,Sheriff,,Brian M. Hess,REP,113
Putnam,Putnam Valley 7,Sheriff,,Lawrence J. Burke,Serve & Protect,47
Putnam,Putnam Valley 7,Sheriff,,Write-in,,1
Putnam,Putnam Valley 7,Sheriff,,Under Votes,,69
Putnam,Putnam Valley 7,Sheriff,,Over Votes,,1
Putnam,Putnam Valley 8,Sheriff,,Brian M. Hess,REP,133
Putnam,Putnam Valley 8,Sheriff,,Brian M. Hess,CON,44
Putnam,Putnam Valley 8,Sheriff,,Lawrence J. Burke,Serve & Protect,85
Putnam,Putnam Valley 8,Sheriff,,Write-in,,1
Putnam,Putnam Valley 8,Sheriff,,Under Votes,,67
Putnam,Putnam Valley 8,Sheriff,,Over Votes,,0
Putnam,Putnam Valley 9,Sheriff,,Brian M. Hess,CON,44
Putnam,Putnam Valley 9,Sheriff,,Brian M. Hess,REP,144
Putnam,Putnam Valley 9,Sheriff,,Lawrence J. Burke,Serve & Protect,78
Putnam,Putnam Valley 9,Sheriff,,Write-in,,0
Putnam,Putnam Valley 9,Sheriff,,Under Votes,,66
Putnam,Putnam Valley 9,Sheriff,,Over Votes,,1
Putnam,Putnam Valley 10,Sheriff,,Brian M. Hess,CON,24
Putnam,Putnam Valley 10,Sheriff,,Brian M. Hess,REP,125
Putnam,Putnam Valley 10,Sheriff,,Lawrence J. Burke,Serve & Protect,45
Putnam,Putnam Valley 10,Sheriff,,Write-in,,1
Putnam,Putnam Valley 10,Sheriff,,Under Votes,,64
Putnam,Putnam Valley 10,Sheriff,,Over Votes,,0
Putnam,Southeast 1,Sheriff,,Brian M. Hess,REP,135
Putnam,Southeast 1,Sheriff,,Brian M. Hess,CON,27
Putnam,Southeast 1,Sheriff,,Lawrence J. Burke,Serve & Protect,72
Putnam,Southeast 1,Sheriff,,Write-in,,0
Putnam,Southeast 1,Sheriff,,Under Votes,,63
Putnam,Southeast 1,Sheriff,,Over Votes,,0
Putnam,Southeast 2,Sheriff,,Brian M. Hess,CON,26
Putnam,Southeast 2,Sheriff,,Brian M. Hess,REP,68
Putnam,Southeast 2,Sheriff,,Lawrence J. Burke,Serve & Protect,43
Putnam,Southeast 2,Sheriff,,Write-in,,2
Putnam,Southeast 2,Sheriff,,Under Votes,,34
Putnam,Southeast 2,Sheriff,,Over Votes,,1
Putnam,Southeast 3,Sheriff,,Brian M. Hess,CON,19
Putnam,Southeast 3,Sheriff,,Brian M. Hess,REP,136
Putnam,Southeast 3,Sheriff,,Lawrence J. Burke,Serve & Protect,38
Putnam,Southeast 3,Sheriff,,Write-in,,0
Putnam,Southeast 3,Sheriff,,Under Votes,,43
Putnam,Southeast 3,Sheriff,,Over Votes,,0
Putnam,Southeast 4,Sheriff,,Brian M. Hess,REP,83
Putnam,Southeast 4,Sheriff,,Brian M. Hess,CON,18
Putnam,Southeast 4,Sheriff,,Lawrence J. Burke,Serve & Protect,37
Putnam,Southeast 4,Sheriff,,Write-in,,3
Putnam,Southeast 4,Sheriff,,Under Votes,,39
Putnam,Southeast 4,Sheriff,,Over Votes,,0
Putnam,Southeast 5,Sheriff,,Brian M. Hess,REP,52
Putnam,Southeast 5,Sheriff,,Brian M. Hess,CON,13
Putnam,Southeast 5,Sheriff,,Lawrence J. Burke,Serve & Protect,27
Putnam,Southeast 5,Sheriff,,Write-in,,0
Putnam,Southeast 5,Sheriff,,Under Votes,,29
Putnam,Southeast 5,Sheriff,,Over Votes,,1
Putnam,Southeast 6,Sheriff,,Brian M. Hess,CON,32
Putnam,Southeast 6,Sheriff,,Brian M. Hess,REP,160
Putnam,Southeast 6,Sheriff,,Lawrence J. Burke,Serve & Protect,55
Putnam,Southeast 6,Sheriff,,Write-in,,0
Putnam,Southeast 6,Sheriff,,Under Votes,,39
Putnam,Southeast 6,Sheriff,,Over Votes,,0
Putnam,Southeast 7,Sheriff,,Brian M. Hess,CON,45
Putnam,Southeast 7,Sheriff,,Brian M. Hess,REP,175
Putnam,Southeast 7,Sheriff,,Lawrence J. Burke,Serve & Protect,74
Putnam,Southeast 7,Sheriff,,Write-in,,0
Putnam,Southeast 7,Sheriff,,Under Votes,,67
Putnam,Southeast 7,Sheriff,,Over Votes,,1
Putnam,Southeast 8,Sheriff,,Brian M. Hess,CON,48
Putnam,Southeast 8,Sheriff,,Brian M. Hess,REP,185
Putnam,Southeast 8,Sheriff,,Lawrence J. Burke,Serve & Protect,45
Putnam,Southeast 8,Sheriff,,Write-in,,1
Putnam,Southeast 8,Sheriff,,Under Votes,,64
Putnam,Southeast 8,Sheriff,,Over Votes,,0
Putnam,Southeast 9,Sheriff,,Brian M. Hess,REP,102
Putnam,Southeast 9,Sheriff,,Brian M. Hess,CON,28
Putnam,Southeast 9,Sheriff,,Lawrence J. Burke,Serve & Protect,41
Putnam,Southeast 9,Sheriff,,Write-in,,0
Putnam,Southeast 9,Sheriff,,Under Votes,,59
Putnam,Southeast 9,Sheriff,,Over Votes,,0
Putnam,Southeast 10,Sheriff,,Brian M. Hess,REP,145
Putnam,Southeast 10,Sheriff,,Brian M. Hess,CON,31
Putnam,Southeast 10,Sheriff,,Lawrence J. Burke,Serve & Protect,45
Putnam,Southeast 10,Sheriff,,Write-in,,1
Putnam,Southeast 10,Sheriff,,Under Votes,,51
Putnam,Southeast 10,Sheriff,,Over Votes,,0
Putnam,Southeast 11,Sheriff,,Brian M. Hess,CON,29
Putnam,Southeast 11,Sheriff,,Brian M. Hess,REP,134
Putnam,Southeast 11,Sheriff,,Lawrence J. Burke,Serve & Protect,46
Putnam,Southeast 11,Sheriff,,Write-in,,1
Putnam,Southeast 11,Sheriff,,Under Votes,,62
Putnam,Southeast 11,Sheriff,,Over Votes,,0
Putnam,Southeast 12,Sheriff,,Brian M. Hess,REP,83
Putnam,Southeast 12,Sheriff,,Brian M. Hess,CON,12
Putnam,Southeast 12,Sheriff,,Lawrence J. Burke,Serve & Protect,22
Putnam,Southeast 12,Sheriff,,Write-in,,1
Putnam,Southeast 12,Sheriff,,Under Votes,,48
Putnam,Southeast 12,Sheriff,,Over Votes,,0
Putnam,Southeast 13,Sheriff,,Brian M. Hess,CON,22
Putnam,Southeast 13,Sheriff,,Brian M. Hess,REP,77
Putnam,Southeast 13,Sheriff,,Lawrence J. Burke,Serve & Protect,36
Putnam,Southeast 13,Sheriff,,Write-in,,1
Putnam,Southeast 13,Sheriff,,Under Votes,,64
Putnam,Southeast 13,Sheriff,,Over Votes,,1
Putnam,Southeast 14,Sheriff,,Brian M. Hess,REP,136
Putnam,Southeast 14,Sheriff,,Brian M. Hess,CON,29
Putnam,Southeast 14,Sheriff,,Lawrence J. Burke,Serve & Protect,54
Putnam,Southeast 14,Sheriff,,Write-in,,2
Putnam,Southeast 14,Sheriff,,Under Votes,,73
Putnam,Southeast 14,Sheriff,,Over Votes,,1
Putnam,Carmel 2,County Legislature,5,Brett Yarris,DEM,115
Putnam,Carmel 2,County Legislature,5,Brett Yarris,For the People,21
Putnam,Carmel 2,County Legislature,5,Jake D'Angelo,REP,180
Putnam,Carmel 2,County Legislature,5,Jake D'Angelo,CON,16
Putnam,Carmel 2,County Legislature,5,Write-in,,1
Putnam,Carmel 2,County Legislature,5,Under Votes,,5
Putnam,Carmel 2,County Legislature,5,Over Votes,,1
Putnam,Carmel 8,County Legislature,5,Brett Yarris,For the People,25
Putnam,Carmel 8,County Legislature,5,Brett Yarris,DEM,203
Putnam,Carmel 8,County Legislature,5,Jake D'Angelo,CON,38
Putnam,Carmel 8,County Legislature,5,Jake D'Angelo,REP,175
Putnam,Carmel 8,County Legislature,5,Write-in,,1
Putnam,Carmel 8,County Legislature,5,Under Votes,,3
Putnam,Carmel 8,County Legislature,5,Over Votes,,0
Putnam,Carmel 9,County Legislature,5,Brett Yarris,For the People,20
Putnam,Carmel 9,County Legislature,5,Brett Yarris,DEM,182
Putnam,Carmel 9,County Legislature,5,Jake D'Angelo,CON,44
Putnam,Carmel 9,County Legislature,5,Jake D'Angelo,REP,219
Putnam,Carmel 9,County Legislature,5,Write-in,,0
Putnam,Carmel 9,County Legislature,5,Under Votes,,9
Putnam,Carmel 9,County Legislature,5,Over Votes,,0
Putnam,Carmel 14,County Legislature,5,Brett Yarris,DEM,130
Putnam,Carmel 14,County Legislature,5,Brett Yarris,For the People,31
Putnam,Carmel 14,County Legislature,5,Jake D'Angelo,CON,24
Putnam,Carmel 14,County Legislature,5,Jake D'Angelo,REP,103
Putnam,Carmel 14,County Legislature,5,Write-in,,1
Putnam,Carmel 14,County Legislature,5,Under Votes,,11
Putnam,Carmel 14,County Legislature,5,Over Votes,,0
Putnam,Carmel 20,County Legislature,5,Brett Yarris,For the People,20
Putnam,Carmel 20,County Legislature,5,Brett Yarris,DEM,133
Putnam,Carmel 20,County Legislature,5,Jake D'Angelo,CON,34
Putnam,Carmel 20,County Legislature,5,Jake D'Angelo,REP,176
Putnam,Carmel 20,County Legislature,5,Write-in,,0
Putnam,Carmel 20,County Legislature,5,Under Votes,,7
Putnam,Carmel 20,County Legislature,5,Over Votes,,0
Putnam,Kent 3,County Legislature,5,Brett Yarris,DEM,66
Putnam,Kent 3,County Legislature,5,Brett Yarris,For the People,9
Putnam,Kent 3,County Legislature,5,Jake D'Angelo,REP,72
Putnam,Kent 3,County Legislature,5,Jake D'Angelo,CON,16
Putnam,Kent 3,County Legislature,5,Write-in,,0
Putnam,Kent 3,County Legislature,5,Under Votes,,6
Putnam,Kent 3,County Legislature,5,Over Votes,,0
Putnam,Kent 5,County Legislature,5,Brett Yarris,DEM,156
Putnam,Kent 5,County Legislature,5,Brett Yarris,For the People,22
Putnam,Kent 5,County Legislature,5,Jake D'Angelo,CON,19
Putnam,Kent 5,County Legislature,5,Jake D'Angelo,REP,137
Putnam,Kent 5,County Legislature,5,Write-in,,0
Putnam,Kent 5,County Legislature,5,Under Votes,,7
Putnam,Kent 5,County Legislature,5,Over Votes,,1
Putnam,Kent 9,County Legislature,5,Brett Yarris,DEM,70
Putnam,Kent 9,County Legislature,5,Brett Yarris,For the People,14
Putnam,Kent 9,County Legislature,5,Jake D'Angelo,CON,20
Putnam,Kent 9,County Legislature,5,Jake D'Angelo,REP,83
Putnam,Kent 9,County Legislature,5,Write-in,,0
Putnam,Kent 9,County Legislature,5,Under Votes,,5
Putnam,Kent 9,County Legislature,5,Over Votes,,0
Putnam,Southeast 1,County Legislature,6,Thomas P. Sprague,DEM,163
Putnam,Southeast 1,County Legislature,6,Tommy Regan,REP,115
Putnam,Southeast 1,County Legislature,6,Tommy Regan,CON,18
Putnam,Southeast 1,County Legislature,6,Write-in,,0
Putnam,Southeast 1,County Legislature,6,Under Votes,,1
Putnam,Southeast 1,County Legislature,6,Over Votes,,0
Putnam,Southeast 3,County Legislature,6,Thomas P. Sprague,DEM,103
Putnam,Southeast 3,County Legislature,6,Tommy Regan,CON,13
Putnam,Southeast 3,County Legislature,6,Tommy Regan,REP,120
Putnam,Southeast 3,County Legislature,6,Write-in,,0
Putnam,Southeast 3,County Legislature,6,Under Votes,,0
Putnam,Southeast 3,County Legislature,6,Over Votes,,0
Putnam,Southeast 5,County Legislature,6,Thomas P. Sprague,DEM,66
Putnam,Southeast 5,County Legislature,6,Tommy Regan,REP,45
Putnam,Southeast 5,County Legislature,6,Tommy Regan,CON,9
Putnam,Southeast 5,County Legislature,6,Write-in,,0
Putnam,Southeast 5,County Legislature,6,Under Votes,,1
Putnam,Southeast 5,County Legislature,6,Over Votes,,1
Putnam,Southeast 7,County Legislature,6,Thomas P. Sprague,DEM,163
Putnam,Southeast 7,County Legislature,6,Tommy Regan,REP,159
Putnam,Southeast 7,County Legislature,6,Tommy Regan,CON,37
Putnam,Southeast 7,County Legislature,6,Write-in,,0
Putnam,Southeast 7,County Legislature,6,Under Votes,,3
Putnam,Southeast 7,County Legislature,6,Over Votes,,0
Putnam,Southeast 8,County Legislature,6,Thomas P. Sprague,DEM,147
Putnam,Southeast 8,County Legislature,6,Tommy Regan,CON,34
Putnam,Southeast 8,County Legislature,6,Tommy Regan,REP,160
Putnam,Southeast 8,County Legislature,6,Write-in,,1
Putnam,Southeast 8,County Legislature,6,Under Votes,,1
Putnam,Southeast 8,County Legislature,6,Over Votes,,0
Putnam,Southeast 10,County Legislature,6,Thomas P. Sprague,DEM,129
Putnam,Southeast 10,County Legislature,6,Tommy Regan,REP,119
Putnam,Southeast 10,County Legislature,6,Tommy Regan,CON,23
Putnam,Southeast 10,County Legislature,6,Write-in,,0
Putnam,Southeast 10,County Legislature,6,Under Votes,,2
Putnam,Southeast 10,County Legislature,6,Over Votes,,0
Putnam,Southeast 11,County Legislature,6,Thomas P. Sprague,DEM,134
Putnam,Southeast 11,County Legislature,6,Tommy Regan,CON,24
Putnam,Southeast 11,County Legislature,6,Tommy Regan,REP,112
Putnam,Southeast 11,County Legislature,6,Write-in,,0
Putnam,Southeast 11,County Legislature,6,Under Votes,,2
Putnam,Southeast 11,County Legislature,6,Over Votes,,0
Putnam,Southeast 13,County Legislature,6,Thomas P. Sprague,DEM,121
Putnam,Southeast 13,County Legislature,6,Tommy Regan,REP,69
Putnam,Southeast 13,County Legislature,6,Tommy Regan,CON,10
Putnam,Southeast 13,County Legislature,6,Write-in,,0
Putnam,Southeast 13,County Legislature,6,Under Votes,,1
Putnam,Southeast 13,County Legislature,6,Over Votes,,0
Putnam,Southeast 14,County Legislature,6,Thomas P. Sprague,DEM,152
Putnam,Southeast 14,County Legislature,6,Tommy Regan,REP,119
Putnam,Southeast 14,County Legislature,6,Tommy Regan,CON,23
Putnam,Southeast 14,County Legislature,6,Write-in,,0
Putnam,Southeast 14,County Legislature,6,Under Votes,,1
Putnam,Southeast 14,County Legislature,6,Over Votes,,0
Putnam,Carmel 1,County Legislature,9,Lenny Harrington,DEM,55
Putnam,Carmel 1,County Legislature,9,Lenny Harrington,WOR,8
Putnam,Carmel 1,County Legislature,9,Erin L. Crowley,REP,68
Putnam,Carmel 1,County Legislature,9,Erin L. Crowley,CON,10
Putnam,Carmel 1,County Legislature,9,Write-in,,0
Putnam,Carmel 1,County Legislature,9,Under Votes,,6
Putnam,Carmel 1,County Legislature,9,Over Votes,,0
Putnam,Carmel 3,County Legislature,9,Lenny Harrington,DEM,161
Putnam,Carmel 3,County Legislature,9,Lenny Harrington,WOR,12
Putnam,Carmel 3,County Legislature,9,Erin L. Crowley,CON,43
Putnam,Carmel 3,County Legislature,9,Erin L. Crowley,REP,149
Putnam,Carmel 3,County Legislature,9,Write-in,,1
Putnam,Carmel 3,County Legislature,9,Under Votes,,18
Putnam,Carmel 3,County Legislature,9,Over Votes,,0
Putnam,Carmel 4,County Legislature,9,Lenny Harrington,DEM,67
Putnam,Carmel 4,County Legislature,9,Lenny Harrington,WOR,13
Putnam,Carmel 4,County Legislature,9,Erin L. Crowley,REP,79
Putnam,Carmel 4,County Legislature,9,Erin L. Crowley,CON,9
Putnam,Carmel 4,County Legislature,9,Write-in,,0
Putnam,Carmel 4,County Legislature,9,Under Votes,,2
Putnam,Carmel 4,County Legislature,9,Over Votes,,1
Putnam,Carmel 6,County Legislature,9,Lenny Harrington,DEM,61
Putnam,Carmel 6,County Legislature,9,Lenny Harrington,WOR,11
Putnam,Carmel 6,County Legislature,9,Erin L. Crowley,REP,106
Putnam,Carmel 6,County Legislature,9,Erin L. Crowley,CON,12
Putnam,Carmel 6,County Legislature,9,Write-in,,0
Putnam,Carmel 6,County Legislature,9,Under Votes,,6
Putnam,Carmel 6,County Legislature,9,Over Votes,,0
Putnam,Carmel 12,County Legislature,9,Lenny Harrington,DEM,63
Putnam,Carmel 12,County Legislature,9,Lenny Harrington,WOR,3
Putnam,Carmel 12,County Legislature,9,Erin L. Crowley,REP,70
Putnam,Carmel 12,County Legislature,9,Erin L. Crowley,CON,18
Putnam,Carmel 12,County Legislature,9,Write-in,,0
Putnam,Carmel 12,County Legislature,9,Under Votes,,7
Putnam,Carmel 12,County Legislature,9,Over Votes,,0
Putnam,Carmel 16,County Legislature,9,Lenny Harrington,WOR,15
Putnam,Carmel 16,County Legislature,9,Lenny Harrington,DEM,96
Putnam,Carmel 16,County Legislature,9,Erin L. Crowley,CON,21
Putnam,Carmel 16,County Legislature,9,Erin L. Crowley,REP,126
Putnam,Carmel 16,County Legislature,9,Write-in,,0
Putnam,Carmel 16,County Legislature,9,Under Votes,,13
Putnam,Carmel 16,County Legislature,9,Over Votes,,0
Putnam,Carmel 19,County Legislature,9,Lenny Harrington,WOR,21
Putnam,Carmel 19,County Legislature,9,Lenny Harrington,DEM,159
Putnam,Carmel 19,County Legislature,9,Erin L. Crowley,REP,114
Putnam,Carmel 19,County Legislature,9,Erin L. Crowley,CON,31
Putnam,Carmel 19,County Legislature,9,Write-in,,1
Putnam,Carmel 19,County Legislature,9,Under Votes,,15
Putnam,Carmel 19,County Legislature,9,Over Votes,,0
Putnam,Carmel 21,County Legislature,9,Lenny Harrington,WOR,8
Putnam,Carmel 21,County Legislature,9,Lenny Harrington,DEM,62
Putnam,Carmel 21,County Legislature,9,Erin L. Crowley,CON,21
Putnam,Carmel 21,County Legislature,9,Erin L. Crowley,REP,127
Putnam,Carmel 21,County Legislature,9,Write-in,,0
Putnam,Carmel 21,County Legislature,9,Under Votes,,4
Putnam,Carmel 21,County Legislature,9,Over Votes,,0
Putnam,Carmel 25,County Legislature,9,Lenny Harrington,WOR,9
Putnam,Carmel 25,County Legislature,9,Lenny Harrington,DEM,113
Putnam,Carmel 25,County Legislature,9,Erin L. Crowley,REP,113
Putnam,Carmel 25,County Legislature,9,Erin L. Crowley,CON,15
Putnam,Carmel 25,County Legislature,9,Write-in,,0
Putnam,Carmel 25,County Legislature,9,Under Votes,,3
Putnam,Carmel 25,County Legislature,9,Over Votes,,0
Putnam,Carmel 27,County Legislature,9,Lenny Harrington,WOR,12
Putnam,Carmel 27,County Legislature,9,Lenny Harrington,DEM,80
Putnam,Carmel 27,County Legislature,9,Erin L. Crowley,CON,16
Putnam,Carmel 27,County Legislature,9,Erin L. Crowley,REP,82
Putnam,Carmel 27,County Legislature,9,Write-in,,0
Putnam,Carmel 27,County Legislature,9,Under Votes,,6
Putnam,Carmel 27,County Legislature,9,Over Votes,,2
Putnam,Carmel 1,Carmel Supervisor,,Jean J. Hopper,DEM,55
Putnam,Carmel 1,Carmel Supervisor,,Michael S. Cazzari,CON,9
Putnam,Carmel 1,Carmel Supervisor,,Michael S. Cazzari,REP,67
Putnam,Carmel 1,Carmel Supervisor,,Write-in,,0
Putnam,Carmel 1,Carmel Supervisor,,Frank Ciano,,12
Putnam,Carmel 1,Carmel Supervisor,,Under Votes,,4
Putnam,Carmel 1,Carmel Supervisor,,Over Votes,,0
Putnam,Carmel 2,Carmel Supervisor,,Jean J. Hopper,DEM,119
Putnam,Carmel 2,Carmel Supervisor,,Michael S. Cazzari,REP,179
Putnam,Carmel 2,Carmel Supervisor,,Michael S. Cazzari,CON,22
Putnam,Carmel 2,Carmel Supervisor,,Write-in,,1
Putnam,Carmel 2,Carmel Supervisor,,Frank Ciano,,10
Putnam,Carmel 2,Carmel Supervisor,,Under Votes,,8
Putnam,Carmel 2,Carmel Supervisor,,Over Votes,,0
Putnam,Carmel 3,Carmel Supervisor,,Jean J. Hopper,DEM,139
Putnam,Carmel 3,Carmel Supervisor,,Michael S. Cazzari,REP,175
Putnam,Carmel 3,Carmel Supervisor,,Michael S. Cazzari,CON,51
Putnam,Carmel 3,Carmel Supervisor,,Write-in,,0
Putnam,Carmel 3,Carmel Supervisor,,Frank Ciano,,12
Putnam,Carmel 3,Carmel Supervisor,,Under Votes,,7
Putnam,Carmel 3,Carmel Supervisor,,Over Votes,,0
Putnam,Carmel 4,Carmel Supervisor,,Jean J. Hopper,DEM,69
Putnam,Carmel 4,Carmel Supervisor,,Michael S. Cazzari,REP,78
Putnam,Carmel 4,Carmel Supervisor,,Michael S. Cazzari,CON,10
Putnam,Carmel 4,Carmel Supervisor,,Write-in,,0
Putnam,Carmel 4,Carmel Supervisor,,Frank Ciano,,12
Putnam,Carmel 4,Carmel Supervisor,,Under Votes,,1
Putnam,Carmel 4,Carmel Supervisor,,Over Votes,,1
Putnam,Carmel 5,Carmel Supervisor,,Jean J. Hopper,DEM,121
Putnam,Carmel 5,Carmel Supervisor,,Michael S. Cazzari,REP,123
Putnam,Carmel 5,Carmel Supervisor,,Michael S. Cazzari,CON,19
Putnam,Carmel 5,Carmel Supervisor,,Write-in,,1
Putnam,Carmel 5,Carmel Supervisor,,Frank Ciano,,23
Putnam,Carmel 5,Carmel Supervisor,,Under Votes,,2
Putnam,Carmel 5,Carmel Supervisor,,Over Votes,,0
Putnam,Carmel 6,Carmel Supervisor,,Jean J. Hopper,DEM,56
Putnam,Carmel 6,Carmel Supervisor,,Michael S. Cazzari,CON,15
Putnam,Carmel 6,Carmel Supervisor,,Michael S. Cazzari,REP,103
Putnam,Carmel 6,Carmel Supervisor,,Write-in,,1
Putnam,Carmel 6,Carmel Supervisor,,Frank Ciano,,18
Putnam,Carmel 6,Carmel Supervisor,,Under Votes,,3
Putnam,Carmel 6,Carmel Supervisor,,Over Votes,,0
Putnam,Carmel 7,Carmel Supervisor,,Jean J. Hopper,DEM,101
Putnam,Carmel 7,Carmel Supervisor,,Michael S. Cazzari,CON,15
Putnam,Carmel 7,Carmel Supervisor,,Michael S. Cazzari,REP,115
Putnam,Carmel 7,Carmel Supervisor,,Write-in,,0
Putnam,Carmel 7,Carmel Supervisor,,Frank Ciano,,11
Putnam,Carmel 7,Carmel Supervisor,,Under Votes,,4
Putnam,Carmel 7,Carmel Supervisor,,Over Votes,,0
Putnam,Carmel 8,Carmel Supervisor,,Jean J. Hopper,DEM,188
Putnam,Carmel 8,Carmel Supervisor,,Michael S. Cazzari,REP,190
Putnam,Carmel 8,Carmel Supervisor,,Michael S. Cazzari,CON,40
Putnam,Carmel 8,Carmel Supervisor,,Write-in,,0
Putnam,Carmel 8,Carmel Supervisor,,Frank Ciano,,23
Putnam,Carmel 8,Carmel Supervisor,,Under Votes,,4
Putnam,Carmel 8,Carmel Supervisor,,Over Votes,,0
Putnam,Carmel 9,Carmel Supervisor,,Jean J. Hopper,DEM,182
Putnam,Carmel 9,Carmel Supervisor,,Michael S. Cazzari,CON,42
Putnam,Carmel 9,Carmel Supervisor,,Michael S. Cazzari,REP,229
Putnam,Carmel 9,Carmel Supervisor,,Write-in,,0
Putnam,Carmel 9,Carmel Supervisor,,Frank Ciano,,9
Putnam,Carmel 9,Carmel Supervisor,,Under Votes,,12
Putnam,Carmel 9,Carmel Supervisor,,Over Votes,,0
Putnam,Carmel 10,Carmel Supervisor,,Jean J. Hopper,DEM,77
Putnam,Carmel 10,Carmel Supervisor,,Michael S. Cazzari,REP,93
Putnam,Carmel 10,Carmel Supervisor,,Michael S. Cazzari,CON,13
Putnam,Carmel 10,Carmel Supervisor,,Write-in,,0
Putnam,Carmel 10,Carmel Supervisor,,Frank Ciano,,7
Putnam,Carmel 10,Carmel Supervisor,,Under Votes,,2
Putnam,Carmel 10,Carmel Supervisor,,Over Votes,,0
Putnam,Carmel 11,Carmel Supervisor,,Jean J. Hopper,DEM,48
Putnam,Carmel 11,Carmel Supervisor,,Michael S. Cazzari,CON,10
Putnam,Carmel 11,Carmel Supervisor,,Michael S. Cazzari,REP,74
Putnam,Carmel 11,Carmel Supervisor,,Write-in,,0
Putnam,Carmel 11,Carmel Supervisor,,Frank Ciano,,11
Putnam,Carmel 11,Carmel Supervisor,,Under Votes,,3
Putnam,Carmel 11,Carmel Supervisor,,Over Votes,,0
Putnam,Carmel 12,Carmel Supervisor,,Jean J. Hopper,DEM,62
Putnam,Carmel 12,Carmel Supervisor,,Michael S. Cazzari,REP,79
Putnam,Carmel 12,Carmel Supervisor,,Michael S. Cazzari,CON,17
Putnam,Carmel 12,Carmel Supervisor,,Write-in,,0
Putnam,Carmel 12,Carmel Supervisor,,Frank Ciano,,1
Putnam,Carmel 12,Carmel Supervisor,,Under Votes,,2
Putnam,Carmel 12,Carmel Supervisor,,Over Votes,,0
Putnam,Carmel 13,Carmel Supervisor,,Jean J. Hopper,DEM,62
Putnam,Carmel 13,Carmel Supervisor,,Michael S. Cazzari,CON,12
Putnam,Carmel 13,Carmel Supervisor,,Michael S. Cazzari,REP,114
Putnam,Carmel 13,Carmel Supervisor,,Write-in,,1
Putnam,Carmel 13,Carmel Supervisor,,Frank Ciano,,12
Putnam,Carmel 13,Carmel Supervisor,,Under Votes,,3
Putnam,Carmel 13,Carmel Supervisor,,Over Votes,,0
Putnam,Carmel 14,Carmel Supervisor,,Jean J. Hopper,DEM,131
Putnam,Carmel 14,Carmel Supervisor,,Michael S. Cazzari,CON,28
Putnam,Carmel 14,Carmel Supervisor,,Michael S. Cazzari,REP,123
Putnam,Carmel 14,Carmel Supervisor,,Write-in,,1
Putnam,Carmel 14,Carmel Supervisor,,Frank Ciano,,7
Putnam,Carmel 14,Carmel Supervisor,,Under Votes,,10
Putnam,Carmel 14,Carmel Supervisor,,Over Votes,,0
Putnam,Carmel 15,Carmel Supervisor,,Jean J. Hopper,DEM,61
Putnam,Carmel 15,Carmel Supervisor,,Michael S. Cazzari,REP,80
Putnam,Carmel 15,Carmel Supervisor,,Michael S. Cazzari,CON,11
Putnam,Carmel 15,Carmel Supervisor,,Write-in,,1
Putnam,Carmel 15,Carmel Supervisor,,Frank Ciano,,12
Putnam,Carmel 15,Carmel Supervisor,,Under Votes,,4
Putnam,Carmel 15,Carmel Supervisor,,Over Votes,,1
Putnam,Carmel 16,Carmel Supervisor,,Jean J. Hopper,DEM,88
Putnam,Carmel 16,Carmel Supervisor,,Michael S. Cazzari,REP,134
Putnam,Carmel 16,Carmel Supervisor,,Michael S. Cazzari,CON,22
Putnam,Carmel 16,Carmel Supervisor,,Write-in,,0
Putnam,Carmel 16,Carmel Supervisor,,Frank Ciano,,19
Putnam,Carmel 16,Carmel Supervisor,,Under Votes,,8
Putnam,Carmel 16,Carmel Supervisor,,Over Votes,,0
Putnam,Carmel 17,Carmel Supervisor,,Jean J. Hopper,DEM,37
Putnam,Carmel 17,Carmel Supervisor,,Michael S. Cazzari,REP,59
Putnam,Carmel 17,Carmel Supervisor,,Michael S. Cazzari,CON,11
Putnam,Carmel 17,Carmel Supervisor,,Write-in,,0
Putnam,Carmel 17,Carmel Supervisor,,Frank Ciano,,4
Putnam,Carmel 17,Carmel Supervisor,,Under Votes,,0
Putnam,Carmel 17,Carmel Supervisor,,Over Votes,,0
Putnam,Carmel 18,Carmel Supervisor,,Jean J. Hopper,DEM,108
Putnam,Carmel 18,Carmel Supervisor,,Michael S. Cazzari,REP,118
Putnam,Carmel 18,Carmel Supervisor,,Michael S. Cazzari,CON,19
Putnam,Carmel 18,Carmel Supervisor,,Write-in,,0
Putnam,Carmel 18,Carmel Supervisor,,Frank Ciano,,12
Putnam,Carmel 18,Carmel Supervisor,,Under Votes,,4
Putnam,Carmel 18,Carmel Supervisor,,Over Votes,,0
Putnam,Carmel 19,Carmel Supervisor,,Jean J. Hopper,DEM,162
Putnam,Carmel 19,Carmel Supervisor,,Michael S. Cazzari,REP,121
Putnam,Carmel 19,Carmel Supervisor,,Michael S. Cazzari,CON,32
Putnam,Carmel 19,Carmel Supervisor,,Write-in,,0
Putnam,Carmel 19,Carmel Supervisor,,Frank Ciano,,22
Putnam,Carmel 19,Carmel Supervisor,,Under Votes,,4
Putnam,Carmel 19,Carmel Supervisor,,Over Votes,,0
Putnam,Carmel 20,Carmel Supervisor,,Jean J. Hopper,DEM,128
Putnam,Carmel 20,Carmel Supervisor,,Michael S. Cazzari,REP,180
Putnam,Carmel 20,Carmel Supervisor,,Michael S. Cazzari,CON,40
Putnam,Carmel 20,Carmel Supervisor,,Write-in,,0
Putnam,Carmel 20,Carmel Supervisor,,Frank Ciano,,18
Putnam,Carmel 20,Carmel Supervisor,,Under Votes,,4
Putnam,Carmel 20,Carmel Supervisor,,Over Votes,,0
Putnam,Carmel 21,Carmel Supervisor,,Jean J. Hopper,DEM,63
Putnam,Carmel 21,Carmel Supervisor,,Michael S. Cazzari,REP,124
Putnam,Carmel 21,Carmel Supervisor,,Michael S. Cazzari,CON,22
Putnam,Carmel 21,Carmel Supervisor,,Write-in,,0
Putnam,Carmel 21,Carmel Supervisor,,Frank Ciano,,12
Putnam,Carmel 21,Carmel Supervisor,,Under Votes,,1
Putnam,Carmel 21,Carmel Supervisor,,Over Votes,,0
Putnam,Carmel 22,Carmel Supervisor,,Jean J. Hopper,DEM,122
Putnam,Carmel 22,Carmel Supervisor,,Michael S. Cazzari,REP,210
Putnam,Carmel 22,Carmel Supervisor,,Michael S. Cazzari,CON,43
Putnam,Carmel 22,Carmel Supervisor,,Write-in,,0
Putnam,Carmel 22,Carmel Supervisor,,Frank Ciano,,13
Putnam,Carmel 22,Carmel Supervisor,,Under Votes,,3
Putnam,Carmel 22,Carmel Supervisor,,Over Votes,,0
Putnam,Carmel 23,Carmel Supervisor,,Jean J. Hopper,DEM,88
Putnam,Carmel 23,Carmel Supervisor,,Michael S. Cazzari,CON,24
Putnam,Carmel 23,Carmel Supervisor,,Michael S. Cazzari,REP,129
Putnam,Carmel 23,Carmel Supervisor,,Write-in,,1
Putnam,Carmel 23,Carmel Supervisor,,Frank Ciano,,15
Putnam,Carmel 23,Carmel Supervisor,,Under Votes,,0
Putnam,Carmel 23,Carmel Supervisor,,Over Votes,,0
Putnam,Carmel 24,Carmel Supervisor,,Jean J. Hopper,DEM,89
Putnam,Carmel 24,Carmel Supervisor,,Michael S. Cazzari,REP,112
Putnam,Carmel 24,Carmel Supervisor,,Michael S. Cazzari,CON,21
Putnam,Carmel 24,Carmel Supervisor,,Write-in,,1
Putnam,Carmel 24,Carmel Supervisor,,Frank Ciano,,3
Putnam,Carmel 24,Carmel Supervisor,,Under Votes,,1
Putnam,Carmel 24,Carmel Supervisor,,Over Votes,,1
Putnam,Carmel 25,Carmel Supervisor,,Jean J. Hopper,DEM,104
Putnam,Carmel 25,Carmel Supervisor,,Michael S. Cazzari,REP,113
Putnam,Carmel 25,Carmel Supervisor,,Michael S. Cazzari,CON,21
Putnam,Carmel 25,Carmel Supervisor,,Write-in,,1
Putnam,Carmel 25,Carmel Supervisor,,Frank Ciano,,9
Putnam,Carmel 25,Carmel Supervisor,,Under Votes,,5
Putnam,Carmel 25,Carmel Supervisor,,Over Votes,,0
Putnam,Carmel 26,Carmel Supervisor,,Jean J. Hopper,DEM,79
Putnam,Carmel 26,Carmel Supervisor,,Michael S. Cazzari,CON,17
Putnam,Carmel 26,Carmel Supervisor,,Michael S. Cazzari,REP,134
Putnam,Carmel 26,Carmel Supervisor,,Write-in,,0
Putnam,Carmel 26,Carmel Supervisor,,Frank Ciano,,12
Putnam,Carmel 26,Carmel Supervisor,,Under Votes,,3
Putnam,Carmel 26,Carmel Supervisor,,Over Votes,,0
Putnam,Carmel 27,Carmel Supervisor,,Jean J. Hopper,DEM,88
Putnam,Carmel 27,Carmel Supervisor,,Michael S. Cazzari,CON,14
Putnam,Carmel 27,Carmel Supervisor,,Michael S. Cazzari,REP,74
Putnam,Carmel 27,Carmel Supervisor,,Write-in,,0
Putnam,Carmel 27,Carmel Supervisor,,Frank Ciano,,18
Putnam,Carmel 27,Carmel Supervisor,,Under Votes,,3
Putnam,Carmel 27,Carmel Supervisor,,Over Votes,,1
Putnam,Carmel 28,Carmel Supervisor,,Jean J. Hopper,DEM,56
Putnam,Carmel 28,Carmel Supervisor,,Michael S. Cazzari,CON,6
Putnam,Carmel 28,Carmel Supervisor,,Michael S. Cazzari,REP,67
Putnam,Carmel 28,Carmel Supervisor,,Write-in,,0
Putnam,Carmel 28,Carmel Supervisor,,Frank Ciano,,9
Putnam,Carmel 28,Carmel Supervisor,,Under Votes,,0
Putnam,Carmel 28,Carmel Supervisor,,Over Votes,,0
Putnam,Carmel 1,Carmel Council Member,,Brett M. Wieland,DEM,61
Putnam,Carmel 1,Carmel Council Member,,Michael Lugo,REP,81
Putnam,Carmel 1,Carmel Council Member,,Michael Lugo,CON,13
Putnam,Carmel 1,Carmel Council Member,,"Robert F. Schanil, Jr.",REP,70
Putnam,Carmel 1,Carmel Council Member,,"Robert F. Schanil, Jr.",CON,10
Putnam,Carmel 1,Carmel Council Member,,Write-in,,1
Putnam,Carmel 1,Carmel Council Member,,Under Votes,,58
Putnam,Carmel 1,Carmel Council Member,,Over Votes,,0
Putnam,Carmel 2,Carmel Council Member,,Brett M. Wieland,DEM,126
Putnam,Carmel 2,Carmel Council Member,,Michael Lugo,REP,192
Putnam,Carmel 2,Carmel Council Member,,Michael Lugo,CON,23
Putnam,Carmel 2,Carmel Council Member,,"Robert F. Schanil, Jr.",CON,24
Putnam,Carmel 2,Carmel Council Member,,"Robert F. Schanil, Jr.",REP,181
Putnam,Carmel 2,Carmel Council Member,,Write-in,,1
Putnam,Carmel 2,Carmel Council Member,,Under Votes,,131
Putnam,Carmel 2,Carmel Council Member,,Over Votes,,0
Putnam,Carmel 3,Carmel Council Member,,Brett M. Wieland,DEM,164
Putnam,Carmel 3,Carmel Council Member,,Michael Lugo,REP,170
Putnam,Carmel 3,Carmel Council Member,,Michael Lugo,CON,48
Putnam,Carmel 3,Carmel Council Member,,"Robert F. Schanil, Jr.",REP,146
Putnam,Carmel 3,Carmel Council Member,,"Robert F. Schanil, Jr.",CON,54
Putnam,Carmel 3,Carmel Council Member,,Write-in,,1
Putnam,Carmel 3,Carmel Council Member,,Under Votes,,185
Putnam,Carmel 3,Carmel Council Member,,Over Votes,,0
Putnam,Carmel 4,Carmel Council Member,,Brett M. Wieland,DEM,76
Putnam,Carmel 4,Carmel Council Member,,Michael Lugo,CON,18
Putnam,Carmel 4,Carmel Council Member,,Michael Lugo,REP,85
Putnam,Carmel 4,Carmel Council Member,,"Robert F. Schanil, Jr.",CON,10
Putnam,Carmel 4,Carmel Council Member,,"Robert F. Schanil, Jr.",REP,85
Putnam,Carmel 4,Carmel Council Member,,Write-in,,1
Putnam,Carmel 4,Carmel Council Member,,Under Votes,,65
Putnam,Carmel 4,Carmel Council Member,,Over Votes,,2
Putnam,Carmel 5,Carmel Council Member,,Brett M. Wieland,DEM,122
Putnam,Carmel 5,Carmel Council Member,,Michael Lugo,CON,30
Putnam,Carmel 5,Carmel Council Member,,Michael Lugo,REP,142
Putnam,Carmel 5,Carmel Council Member,,"Robert F. Schanil, Jr.",CON,25
Putnam,Carmel 5,Carmel Council Member,,"Robert F. Schanil, Jr.",REP,131
Putnam,Carmel 5,Carmel Council Member,,Write-in,,3
Putnam,Carmel 5,Carmel Council Member,,Under Votes,,125
Putnam,Carmel 5,Carmel Council Member,,Over Votes,,0
Putnam,Carmel 6,Carmel Council Member,,Brett M. Wieland,DEM,63
Putnam,Carmel 6,Carmel Council Member,,Michael Lugo,CON,16
Putnam,Carmel 6,Carmel Council Member,,Michael Lugo,REP,116
Putnam,Carmel 6,Carmel Council Member,,"Robert F. Schanil, Jr.",REP,107
Putnam,Carmel 6,Carmel Council Member,,"Robert F. Schanil, Jr.",CON,18
Putnam,Carmel 6,Carmel Council Member,,Write-in,,0
Putnam,Carmel 6,Carmel Council Member,,Under Votes,,72
Putnam,Carmel 6,Carmel Council Member,,Over Votes,,0
Putnam,Carmel 7,Carmel Council Member,,Brett M. Wieland,DEM,106
Putnam,Carmel 7,Carmel Council Member,,Michael Lugo,CON,21
Putnam,Carmel 7,Carmel Council Member,,Michael Lugo,REP,130
Putnam,Carmel 7,Carmel Council Member,,"Robert F. Schanil, Jr.",CON,17
Putnam,Carmel 7,Carmel Council Member,,"Robert F. Schanil, Jr.",REP,118
Putnam,Carmel 7,Carmel Council Member,,Write-in,,0
Putnam,Carmel 7,Carmel Council Member,,Under Votes,,100
Putnam,Carmel 7,Carmel Council Member,,Over Votes,,0
Putnam,Carmel 8,Carmel Council Member,,Brett M. Wieland,DEM,211
Putnam,Carmel 8,Carmel Council Member,,Michael Lugo,REP,204
Putnam,Carmel 8,Carmel Council Member,,Michael Lugo,CON,43
Putnam,Carmel 8,Carmel Council Member,,"Robert F. Schanil, Jr.",REP,199
Putnam,Carmel 8,Carmel Council Member,,"Robert F. Schanil, Jr.",CON,52
Putnam,Carmel 8,Carmel Council Member,,Write-in,,1
Putnam,Carmel 8,Carmel Council Member,,Under Votes,,180
Putnam,Carmel 8,Carmel Council Member,,Over Votes,,0
Putnam,Carmel 9,Carmel Council Member,,Brett M. Wieland,DEM,191
Putnam,Carmel 9,Carmel Council Member,,Michael Lugo,CON,38
Putnam,Carmel 9,Carmel Council Member,,Michael Lugo,REP,234
Putnam,Carmel 9,Carmel Council Member,,"Robert F. Schanil, Jr.",REP,228
Putnam,Carmel 9,Carmel Council Member,,"Robert F. Schanil, Jr.",CON,47
Putnam,Carmel 9,Carmel Council Member,,Write-in,,1
Putnam,Carmel 9,Carmel Council Member,,Under Votes,,209
Putnam,Carmel 9,Carmel Council Member,,Over Votes,,0
Putnam,Carmel 10,Carmel Council Member,,Brett M. Wieland,DEM,81
Putnam,Carmel 10,Carmel Council Member,,Michael Lugo,CON,20
Putnam,Carmel 10,Carmel Council Member,,Michael Lugo,REP,95
Putnam,Carmel 10,Carmel Council Member,,"Robert F. Schanil, Jr.",CON,18
Putnam,Carmel 10,Carmel Council Member,,"Robert F. Schanil, Jr.",REP,90
Putnam,Carmel 10,Carmel Council Member,,Write-in,,1
Putnam,Carmel 10,Carmel Council Member,,Under Votes,,79
Putnam,Carmel 10,Carmel Council Member,,Over Votes,,0
Putnam,Carmel 11,Carmel Council Member,,Brett M. Wieland,DEM,59
Putnam,Carmel 11,Carmel Council Member,,Michael Lugo,REP,80
Putnam,Carmel 11,Carmel Council Member,,Michael Lugo,CON,14
Putnam,Carmel 11,Carmel Council Member,,"Robert F. Schanil, Jr.",REP,70
Putnam,Carmel 11,Carmel Council Member,,"Robert F. Schanil, Jr.",CON,14
Putnam,Carmel 11,Carmel Council Member,,Write-in,,0
Putnam,Carmel 11,Carmel Council Member,,Under Votes,,55
Putnam,Carmel 11,Carmel Council Member,,Over Votes,,0
Putnam,Carmel 12,Carmel Council Member,,Brett M. Wieland,DEM,66
Putnam,Carmel 12,Carmel Council Member,,Michael Lugo,REP,83
Putnam,Carmel 12,Carmel Council Member,,Michael Lugo,CON,20
Putnam,Carmel 12,Carmel Council Member,,"Robert F. Schanil, Jr.",CON,18
Putnam,Carmel 12,Carmel Council Member,,"Robert F. Schanil, Jr.",REP,68
Putnam,Carmel 12,Carmel Council Member,,Write-in,,0
Putnam,Carmel 12,Carmel Council Member,,Under Votes,,67
Putnam,Carmel 12,Carmel Council Member,,Over Votes,,0
Putnam,Carmel 13,Carmel Council Member,,Brett M. Wieland,DEM,72
Putnam,Carmel 13,Carmel Council Member,,Michael Lugo,REP,126
Putnam,Carmel 13,Carmel Council Member,,Michael Lugo,CON,15
Putnam,Carmel 13,Carmel Council Member,,"Robert F. Schanil, Jr.",CON,10
Putnam,Carmel 13,Carmel Council Member,,"Robert F. Schanil, Jr.",REP,118
Putnam,Carmel 13,Carmel Council Member,,Write-in,,0
Putnam,Carmel 13,Carmel Council Member,,Under Votes,,67
Putnam,Carmel 13,Carmel Council Member,,Over Votes,,0
Putnam,Carmel 14,Carmel Council Member,,Brett M. Wieland,DEM,129
Putnam,Carmel 14,Carmel Council Member,,Michael Lugo,CON,32
Putnam,Carmel 14,Carmel Council Member,,Michael Lugo,REP,126
Putnam,Carmel 14,Carmel Council Member,,"Robert F. Schanil, Jr.",REP,137
Putnam,Carmel 14,Carmel Council Member,,"Robert F. Schanil, Jr.",CON,37
Putnam,Carmel 14,Carmel Council Member,,Write-in,,3
Putnam,Carmel 14,Carmel Council Member,,Under Votes,,136
Putnam,Carmel 14,Carmel Council Member,,Over Votes,,0
Putnam,Carmel 15,Carmel Council Member,,Brett M. Wieland,DEM,69
Putnam,Carmel 15,Carmel Council Member,,Michael Lugo,CON,12
Putnam,Carmel 15,Carmel Council Member,,Michael Lugo,REP,93
Putnam,Carmel 15,Carmel Council Member,,"Robert F. Schanil, Jr.",CON,14
Putnam,Carmel 15,Carmel Council Member,,"Robert F. Schanil, Jr.",REP,75
Putnam,Carmel 15,Carmel Council Member,,Write-in,,1
Putnam,Carmel 15,Carmel Council Member,,Under Votes,,76
Putnam,Carmel 15,Carmel Council Member,,Over Votes,,0
Putnam,Carmel 16,Carmel Council Member,,Brett M. Wieland,DEM,93
Putnam,Carmel 16,Carmel Council Member,,Michael Lugo,CON,31
Putnam,Carmel 16,Carmel Council Member,,Michael Lugo,REP,150
Putnam,Carmel 16,Carmel Council Member,,"Robert F. Schanil, Jr.",CON,29
Putnam,Carmel 16,Carmel Council Member,,"Robert F. Schanil, Jr.",REP,135
Putnam,Carmel 16,Carmel Council Member,,Write-in,,0
Putnam,Carmel 16,Carmel Council Member,,Under Votes,,104
Putnam,Carmel 16,Carmel Council Member,,Over Votes,,0
Putnam,Carmel 17,Carmel Council Member,,Brett M. Wieland,DEM,39
Putnam,Carmel 17,Carmel Council Member,,Michael Lugo,CON,15
Putnam,Carmel 17,Carmel Council Member,,Michael Lugo,REP,59
Putnam,Carmel 17,Carmel Council Member,,"Robert F. Schanil, Jr.",REP,59
Putnam,Carmel 17,Carmel Council Member,,"Robert F. Schanil, Jr.",CON,13
Putnam,Carmel 17,Carmel Council Member,,Write-in,,0
Putnam,Carmel 17,Carmel Council Member,,Under Votes,,37
Putnam,Carmel 17,Carmel Council Member,,Over Votes,,0
Putnam,Carmel 18,Carmel Council Member,,Brett M. Wieland,DEM,119
Putnam,Carmel 18,Carmel Council Member,,Michael Lugo,REP,133
Putnam,Carmel 18,Carmel Council Member,,Michael Lugo,CON,19
Putnam,Carmel 18,Carmel Council Member,,"Robert F. Schanil, Jr.",REP,112
Putnam,Carmel 18,Carmel Council Member,,"Robert F. Schanil, Jr.",CON,19
Putnam,Carmel 18,Carmel Council Member,,Write-in,,0
Putnam,Carmel 18,Carmel Council Member,,Under Votes,,120
Putnam,Carmel 18,Carmel Council Member,,Over Votes,,0
Putnam,Carmel 19,Carmel Council Member,,Brett M. Wieland,DEM,175
Putnam,Carmel 19,Carmel Council Member,,Michael Lugo,REP,129
Putnam,Carmel 19,Carmel Council Member,,Michael Lugo,CON,37
Putnam,Carmel 19,Carmel Council Member,,"Robert F. Schanil, Jr.",CON,33
Putnam,Carmel 19,Carmel Council Member,,"Robert F. Schanil, Jr.",REP,130
Putnam,Carmel 19,Carmel Council Member,,Write-in,,3
Putnam,Carmel 19,Carmel Council Member,,Under Votes,,173
Putnam,Carmel 19,Carmel Council Member,,Over Votes,,2
Putnam,Carmel 20,Carmel Council Member,,Brett M. Wieland,DEM,143
Putnam,Carmel 20,Carmel Council Member,,Michael Lugo,CON,39
Putnam,Carmel 20,Carmel Council Member,,Michael Lugo,REP,189
Putnam,Carmel 20,Carmel Council Member,,"Robert F. Schanil, Jr.",CON,43
Putnam,Carmel 20,Carmel Council Member,,"Robert F. Schanil, Jr.",REP,187
Putnam,Carmel 20,Carmel Council Member,,Write-in,,0
Putnam,Carmel 20,Carmel Council Member,,Under Votes,,139
Putnam,Carmel 20,Carmel Council Member,,Over Votes,,0
Putnam,Carmel 21,Carmel Council Member,,Brett M. Wieland,DEM,68
Putnam,Carmel 21,Carmel Council Member,,Michael Lugo,REP,137
Putnam,Carmel 21,Carmel Council Member,,Michael Lugo,CON,25
Putnam,Carmel 21,Carmel Council Member,,"Robert F. Schanil, Jr.",CON,23
Putnam,Carmel 21,Carmel Council Member,,"Robert F. Schanil, Jr.",REP,115
Putnam,Carmel 21,Carmel Council Member,,Write-in,,0
Putnam,Carmel 21,Carmel Council Member,,Under Votes,,76
Putnam,Carmel 21,Carmel Council Member,,Over Votes,,0
Putnam,Carmel 22,Carmel Council Member,,Brett M. Wieland,DEM,132
Putnam,Carmel 22,Carmel Council Member,,Michael Lugo,CON,52
Putnam,Carmel 22,Carmel Council Member,,Michael Lugo,REP,221
Putnam,Carmel 22,Carmel Council Member,,"Robert F. Schanil, Jr.",CON,40
Putnam,Carmel 22,Carmel Council Member,,"Robert F. Schanil, Jr.",REP,211
Putnam,Carmel 22,Carmel Council Member,,Write-in,,0
Putnam,Carmel 22,Carmel Council Member,,Under Votes,,126
Putnam,Carmel 22,Carmel Council Member,,Over Votes,,0
Putnam,Carmel 23,Carmel Council Member,,Brett M. Wieland,DEM,93
Putnam,Carmel 23,Carmel Council Member,,Michael Lugo,CON,29
Putnam,Carmel 23,Carmel Council Member,,Michael Lugo,REP,154
Putnam,Carmel 23,Carmel Council Member,,"Robert F. Schanil, Jr.",CON,23
Putnam,Carmel 23,Carmel Council Member,,"Robert F. Schanil, Jr.",REP,134
Putnam,Carmel 23,Carmel Council Member,,Write-in,,0
Putnam,Carmel 23,Carmel Council Member,,Under Votes,,81
Putnam,Carmel 23,Carmel Council Member,,Over Votes,,0
Putnam,Carmel 24,Carmel Council Member,,Brett M. Wieland,DEM,95
Putnam,Carmel 24,Carmel Council Member,,Michael Lugo,REP,113
Putnam,Carmel 24,Carmel Council Member,,Michael Lugo,CON,23
Putnam,Carmel 24,Carmel Council Member,,"Robert F. Schanil, Jr.",CON,25
Putnam,Carmel 24,Carmel Council Member,,"Robert F. Schanil, Jr.",REP,107
Putnam,Carmel 24,Carmel Council Member,,Write-in,,6
Putnam,Carmel 24,Carmel Council Member,,Under Votes,,87
Putnam,Carmel 24,Carmel Council Member,,Over Votes,,0
Putnam,Carmel 25,Carmel Council Member,,Brett M. Wieland,DEM,115
Putnam,Carmel 25,Carmel Council Member,,Michael Lugo,CON,25
Putnam,Carmel 25,Carmel Council Member,,Michael Lugo,REP,123
Putnam,Carmel 25,Carmel Council Member,,"Robert F. Schanil, Jr.",REP,113
Putnam,Carmel 25,Carmel Council Member,,"Robert F. Schanil, Jr.",CON,26
Putnam,Carmel 25,Carmel Council Member,,Write-in,,1
Putnam,Carmel 25,Carmel Council Member,,Under Votes,,103
Putnam,Carmel 25,Carmel Council Member,,Over Votes,,0
Putnam,Carmel 26,Carmel Council Member,,Brett M. Wieland,DEM,84
Putnam,Carmel 26,Carmel Council Member,,Michael Lugo,CON,23
Putnam,Carmel 26,Carmel Council Member,,Michael Lugo,REP,136
Putnam,Carmel 26,Carmel Council Member,,"Robert F. Schanil, Jr.",REP,138
Putnam,Carmel 26,Carmel Council Member,,"Robert F. Schanil, Jr.",CON,20
Putnam,Carmel 26,Carmel Council Member,,Write-in,,0
Putnam,Carmel 26,Carmel Council Member,,Under Votes,,89
Putnam,Carmel 26,Carmel Council Member,,Over Votes,,0
Putnam,Carmel 27,Carmel Council Member,,Brett M. Wieland,DEM,86
Putnam,Carmel 27,Carmel Council Member,,Michael Lugo,REP,92
Putnam,Carmel 27,Carmel Council Member,,Michael Lugo,CON,19
Putnam,Carmel 27,Carmel Council Member,,"Robert F. Schanil, Jr.",CON,18
Putnam,Carmel 27,Carmel Council Member,,"Robert F. Schanil, Jr.",REP,80
Putnam,Carmel 27,Carmel Council Member,,Write-in,,1
Putnam,Carmel 27,Carmel Council Member,,Under Votes,,98
Putnam,Carmel 27,Carmel Council Member,,Over Votes,,2
Putnam,Carmel 28,Carmel Council Member,,Brett M. Wieland,DEM,61
Putnam,Carmel 28,Carmel Council Member,,Michael Lugo,REP,76
Putnam,Carmel 28,Carmel Council Member,,Michael Lugo,CON,7
Putnam,Carmel 28,Carmel Council Member,,"Robert F. Schanil, Jr.",REP,73
Putnam,Carmel 28,Carmel Council Member,,"Robert F. Schanil, Jr.",CON,7
Putnam,Carmel 28,Carmel Council Member,,Write-in,,3
Putnam,Carmel 28,Carmel Council Member,,Under Votes,,49
Putnam,Carmel 28,Carmel Council Member,,Over Votes,,0
Putnam,Kent 1,Kent Supervisor,,Alex Sewell,DEM,199
Putnam,Kent 1,Kent Supervisor,,Alex Sewell,WOR,16
Putnam,Kent 1,Kent Supervisor,,Jaime F. McGlasson,REP,145
Putnam,Kent 1,Kent Supervisor,,Jaime F. McGlasson,CON,26
Putnam,Kent 1,Kent Supervisor,,Write-in,,0
Putnam,Kent 1,Kent Supervisor,,Under Votes,,3
Putnam,Kent 1,Kent Supervisor,,Over Votes,,0
Putnam,Kent 2,Kent Supervisor,,Alex Sewell,WOR,16
Putnam,Kent 2,Kent Supervisor,,Alex Sewell,DEM,179
Putnam,Kent 2,Kent Supervisor,,Jaime F. McGlasson,REP,253
Putnam,Kent 2,Kent Supervisor,,Jaime F. McGlasson,CON,55
Putnam,Kent 2,Kent Supervisor,,Write-in,,0
Putnam,Kent 2,Kent Supervisor,,Under Votes,,8
Putnam,Kent 2,Kent Supervisor,,Over Votes,,0
Putnam,Kent 3,Kent Supervisor,,Alex Sewell,DEM,63
Putnam,Kent 3,Kent Supervisor,,Alex Sewell,WOR,12
Putnam,Kent 3,Kent Supervisor,,Jaime F. McGlasson,REP,74
Putnam,Kent 3,Kent Supervisor,,Jaime F. McGlasson,CON,16
Putnam,Kent 3,Kent Supervisor,,Write-in,,0
Putnam,Kent 3,Kent Supervisor,,Under Votes,,4
Putnam,Kent 3,Kent Supervisor,,Over Votes,,0
Putnam,Kent 4,Kent Supervisor,,Alex Sewell,DEM,88
Putnam,Kent 4,Kent Supervisor,,Alex Sewell,WOR,9
Putnam,Kent 4,Kent Supervisor,,Jaime F. McGlasson,REP,76
Putnam,Kent 4,Kent Supervisor,,Jaime F. McGlasson,CON,12
Putnam,Kent 4,Kent Supervisor,,Write-in,,0
Putnam,Kent 4,Kent Supervisor,,Under Votes,,2
Putnam,Kent 4,Kent Supervisor,,Over Votes,,0
Putnam,Kent 5,Kent Supervisor,,Alex Sewell,DEM,149
Putnam,Kent 5,Kent Supervisor,,Alex Sewell,WOR,10
Putnam,Kent 5,Kent Supervisor,,Jaime F. McGlasson,CON,27
Putnam,Kent 5,Kent Supervisor,,Jaime F. McGlasson,REP,151
Putnam,Kent 5,Kent Supervisor,,Write-in,,0
Putnam,Kent 5,Kent Supervisor,,Under Votes,,5
Putnam,Kent 5,Kent Supervisor,,Over Votes,,0
Putnam,Kent 6,Kent Supervisor,,Alex Sewell,DEM,176
Putnam,Kent 6,Kent Supervisor,,Alex Sewell,WOR,24
Putnam,Kent 6,Kent Supervisor,,Jaime F. McGlasson,CON,33
Putnam,Kent 6,Kent Supervisor,,Jaime F. McGlasson,REP,185
Putnam,Kent 6,Kent Supervisor,,Write-in,,0
Putnam,Kent 6,Kent Supervisor,,Under Votes,,4
Putnam,Kent 6,Kent Supervisor,,Over Votes,,0
Putnam,Kent 7,Kent Supervisor,,Alex Sewell,DEM,127
Putnam,Kent 7,Kent Supervisor,,Alex Sewell,WOR,16
Putnam,Kent 7,Kent Supervisor,,Jaime F. McGlasson,CON,28
Putnam,Kent 7,Kent Supervisor,,Jaime F. McGlasson,REP,112
Putnam,Kent 7,Kent Supervisor,,Write-in,,0
Putnam,Kent 7,Kent Supervisor,,Under Votes,,6
Putnam,Kent 7,Kent Supervisor,,Over Votes,,0
Putnam,Kent 8,Kent Supervisor,,Alex Sewell,DEM,249
Putnam,Kent 8,Kent Supervisor,,Alex Sewell,WOR,31
Putnam,Kent 8,Kent Supervisor,,Jaime F. McGlasson,CON,29
Putnam,Kent 8,Kent Supervisor,,Jaime F. McGlasson,REP,139
Putnam,Kent 8,Kent Supervisor,,Write-in,,0
Putnam,Kent 8,Kent Supervisor,,Under Votes,,3
Putnam,Kent 8,Kent Supervisor,,Over Votes,,0
Putnam,Kent 9,Kent Supervisor,,Alex Sewell,DEM,69
Putnam,Kent 9,Kent Supervisor,,Alex Sewell,WOR,11
Putnam,Kent 9,Kent Supervisor,,Jaime F. McGlasson,REP,91
Putnam,Kent 9,Kent Supervisor,,Jaime F. McGlasson,CON,20
Putnam,Kent 9,Kent Supervisor,,Write-in,,0
Putnam,Kent 9,Kent Supervisor,,Under Votes,,1
Putnam,Kent 9,Kent Supervisor,,Over Votes,,0
Putnam,Kent 10,Kent Supervisor,,Alex Sewell,WOR,13
Putnam,Kent 10,Kent Supervisor,,Alex Sewell,DEM,78
Putnam,Kent 10,Kent Supervisor,,Jaime F. McGlasson,CON,12
Putnam,Kent 10,Kent Supervisor,,Jaime F. McGlasson,REP,93
Putnam,Kent 10,Kent Supervisor,,Write-in,,2
Putnam,Kent 10,Kent Supervisor,,Under Votes,,4
Putnam,Kent 10,Kent Supervisor,,Over Votes,,0
Putnam,Kent 11,Kent Supervisor,,Alex Sewell,WOR,12
Putnam,Kent 11,Kent Supervisor,,Alex Sewell,DEM,73
Putnam,Kent 11,Kent Supervisor,,Jaime F. McGlasson,CON,30
Putnam,Kent 11,Kent Supervisor,,Jaime F. McGlasson,REP,119
Putnam,Kent 11,Kent Supervisor,,Write-in,,1
Putnam,Kent 11,Kent Supervisor,,Under Votes,,3
Putnam,Kent 11,Kent Supervisor,,Over Votes,,1
Putnam,Kent 1,Kent Town Clerk,,Yolanda D. Cappelli,REP,202
Putnam,Kent 1,Kent Town Clerk,,Yolanda D. Cappelli,CON,45
Putnam,Kent 1,Kent Town Clerk,,Write-in,,1
Putnam,Kent 1,Kent Town Clerk,,Under Votes,,141
Putnam,Kent 1,Kent Town Clerk,,Over Votes,,0
Putnam,Kent 2,Kent Town Clerk,,Yolanda D. Cappelli,CON,77
Putnam,Kent 2,Kent Town Clerk,,Yolanda D. Cappelli,REP,297
Putnam,Kent 2,Kent Town Clerk,,Write-in,,2
Putnam,Kent 2,Kent Town Clerk,,Under Votes,,135
Putnam,Kent 2,Kent Town Clerk,,Over Votes,,0
Putnam,Kent 3,Kent Town Clerk,,Yolanda D. Cappelli,CON,25
Putnam,Kent 3,Kent Town Clerk,,Yolanda D. Cappelli,REP,97
Putnam,Kent 3,Kent Town Clerk,,Write-in,,1
Putnam,Kent 3,Kent Town Clerk,,Under Votes,,46
Putnam,Kent 3,Kent Town Clerk,,Over Votes,,0
Putnam,Kent 4,Kent Town Clerk,,Yolanda D. Cappelli,REP,109
Putnam,Kent 4,Kent Town Clerk,,Yolanda D. Cappelli,CON,28
Putnam,Kent 4,Kent Town Clerk,,Write-in,,0
Putnam,Kent 4,Kent Town Clerk,,Under Votes,,50
Putnam,Kent 4,Kent Town Clerk,,Over Votes,,0
Putnam,Kent 5,Kent Town Clerk,,Yolanda D. Cappelli,CON,56
Putnam,Kent 5,Kent Town Clerk,,Yolanda D. Cappelli,REP,193
Putnam,Kent 5,Kent Town Clerk,,Write-in,,1
Putnam,Kent 5,Kent Town Clerk,,Under Votes,,92
Putnam,Kent 5,Kent Town Clerk,,Over Votes,,0
Putnam,Kent 6,Kent Town Clerk,,Yolanda D. Cappelli,REP,245
Putnam,Kent 6,Kent Town Clerk,,Yolanda D. Cappelli,CON,66
Putnam,Kent 6,Kent Town Clerk,,Write-in,,3
Putnam,Kent 6,Kent Town Clerk,,Under Votes,,108
Putnam,Kent 6,Kent Town Clerk,,Over Votes,,0
Putnam,Kent 7,Kent Town Clerk,,Yolanda D. Cappelli,REP,150
Putnam,Kent 7,Kent Town Clerk,,Yolanda D. Cappelli,CON,48
Putnam,Kent 7,Kent Town Clerk,,Write-in,,2
Putnam,Kent 7,Kent Town Clerk,,Under Votes,,89
Putnam,Kent 7,Kent Town Clerk,,Over Votes,,0
Putnam,Kent 8,Kent Town Clerk,,Yolanda D. Cappelli,REP,177
Putnam,Kent 8,Kent Town Clerk,,Yolanda D. Cappelli,CON,66
Putnam,Kent 8,Kent Town Clerk,,Write-in,,4
Putnam,Kent 8,Kent Town Clerk,,Under Votes,,204
Putnam,Kent 8,Kent Town Clerk,,Over Votes,,0
Putnam,Kent 9,Kent Town Clerk,,Yolanda D. Cappelli,CON,28
Putnam,Kent 9,Kent Town Clerk,,Yolanda D. Cappelli,REP,112
Putnam,Kent 9,Kent Town Clerk,,Write-in,,0
Putnam,Kent 9,Kent Town Clerk,,Under Votes,,52
Putnam,Kent 9,Kent Town Clerk,,Over Votes,,0
Putnam,Kent 10,Kent Town Clerk,,Yolanda D. Cappelli,CON,24
Putnam,Kent 10,Kent Town Clerk,,Yolanda D. Cappelli,REP,116
Putnam,Kent 10,Kent Town Clerk,,Write-in,,1
Putnam,Kent 10,Kent Town Clerk,,Under Votes,,61
Putnam,Kent 10,Kent Town Clerk,,Over Votes,,0
Putnam,Kent 11,Kent Town Clerk,,Yolanda D. Cappelli,CON,34
Putnam,Kent 11,Kent Town Clerk,,Yolanda D. Cappelli,REP,145
Putnam,Kent 11,Kent Town Clerk,,Write-in,,3
Putnam,Kent 11,Kent Town Clerk,,Under Votes,,57
Putnam,Kent 11,Kent Town Clerk,,Over Votes,,0
Putnam,Kent 1,Kent Council Member,,Anne B. Campbell,DEM,202
Putnam,Kent 1,Kent Council Member,,Anne B. Campbell,People Over Party,14
Putnam,Kent 1,Kent Council Member,,Becca Niitzel,People Over Party,13
Putnam,Kent 1,Kent Council Member,,Becca Niitzel,DEM,179
Putnam,Kent 1,Kent Council Member,,Jorma J. Tompuri,CON,21
Putnam,Kent 1,Kent Council Member,,Jorma J. Tompuri,REP,144
Putnam,Kent 1,Kent Council Member,,Eileen Olifiers,REP,138
Putnam,Kent 1,Kent Council Member,,Eileen Olifiers,CON,28
Putnam,Kent 1,Kent Council Member,,Write-in,,0
Putnam,Kent 1,Kent Council Member,,Under Votes,,39
Putnam,Kent 1,Kent Council Member,,Over Votes,,0
Putnam,Kent 2,Kent Council Member,,Anne B. Campbell,DEM,200
Putnam,Kent 2,Kent Council Member,,Anne B. Campbell,People Over Party,16
Putnam,Kent 2,Kent Council Member,,Becca Niitzel,People Over Party,12
Putnam,Kent 2,Kent Council Member,,Becca Niitzel,DEM,168
Putnam,Kent 2,Kent Council Member,,Jorma J. Tompuri,CON,51
Putnam,Kent 2,Kent Council Member,,Jorma J. Tompuri,REP,231
Putnam,Kent 2,Kent Council Member,,Eileen Olifiers,REP,235
Putnam,Kent 2,Kent Council Member,,Eileen Olifiers,CON,52
Putnam,Kent 2,Kent Council Member,,Write-in,,0
Putnam,Kent 2,Kent Council Member,,Under Votes,,55
Putnam,Kent 2,Kent Council Member,,Over Votes,,2
Putnam,Kent 3,Kent Council Member,,Anne B. Campbell,People Over Party,3
Putnam,Kent 3,Kent Council Member,,Anne B. Campbell,DEM,77
Putnam,Kent 3,Kent Council Member,,Becca Niitzel,DEM,62
Putnam,Kent 3,Kent Council Member,,Becca Niitzel,People Over Party,3
Putnam,Kent 3,Kent Council Member,,Jorma J. Tompuri,REP,72
Putnam,Kent 3,Kent Council Member,,Jorma J. Tompuri,CON,10
Putnam,Kent 3,Kent Council Member,,Eileen Olifiers,REP,71
Putnam,Kent 3,Kent Council Member,,Eileen Olifiers,CON,12
Putnam,Kent 3,Kent Council Member,,Write-in,,0
Putnam,Kent 3,Kent Council Member,,Under Votes,,26
Putnam,Kent 3,Kent Council Member,,Over Votes,,2
Putnam,Kent 4,Kent Council Member,,Anne B. Campbell,People Over Party,3
Putnam,Kent 4,Kent Council Member,,Anne B. Campbell,DEM,92
Putnam,Kent 4,Kent Council Member,,Becca Niitzel,People Over Party,2
Putnam,Kent 4,Kent Council Member,,Becca Niitzel,DEM,80
Putnam,Kent 4,Kent Council Member,,Jorma J. Tompuri,CON,11
Putnam,Kent 4,Kent Council Member,,Jorma J. Tompuri,REP,72
Putnam,Kent 4,Kent Council Member,,Eileen Olifiers,REP,73
Putnam,Kent 4,Kent Council Member,,Eileen Olifiers,CON,12
Putnam,Kent 4,Kent Council Member,,Write-in,,0
Putnam,Kent 4,Kent Council Member,,Under Votes,,29
Putnam,Kent 4,Kent Council Member,,Over Votes,,0
Putnam,Kent 5,Kent Council Member,,Anne B. Campbell,DEM,157
Putnam,Kent 5,Kent Council Member,,Anne B. Campbell,People Over Party,9
Putnam,Kent 5,Kent Council Member,,Becca Niitzel,People Over Party,8
Putnam,Kent 5,Kent Council Member,,Becca Niitzel,DEM,146
Putnam,Kent 5,Kent Council Member,,Jorma J. Tompuri,REP,149
Putnam,Kent 5,Kent Council Member,,Jorma J. Tompuri,CON,20
Putnam,Kent 5,Kent Council Member,,Eileen Olifiers,REP,144
Putnam,Kent 5,Kent Council Member,,Eileen Olifiers,CON,19
Putnam,Kent 5,Kent Council Member,,Write-in,,0
Putnam,Kent 5,Kent Council Member,,Under Votes,,32
Putnam,Kent 5,Kent Council Member,,Over Votes,,0
Putnam,Kent 6,Kent Council Member,,Anne B. Campbell,DEM,192
Putnam,Kent 6,Kent Council Member,,Anne B. Campbell,People Over Party,9
Putnam,Kent 6,Kent Council Member,,Becca Niitzel,DEM,158
Putnam,Kent 6,Kent Council Member,,Becca Niitzel,People Over Party,7
Putnam,Kent 6,Kent Council Member,,Jorma J. Tompuri,REP,179
Putnam,Kent 6,Kent Council Member,,Jorma J. Tompuri,CON,33
Putnam,Kent 6,Kent Council Member,,Eileen Olifiers,REP,180
Putnam,Kent 6,Kent Council Member,,Eileen Olifiers,CON,41
Putnam,Kent 6,Kent Council Member,,Write-in,,0
Putnam,Kent 6,Kent Council Member,,Under Votes,,45
Putnam,Kent 6,Kent Council Member,,Over Votes,,0
Putnam,Kent 7,Kent Council Member,,Anne B. Campbell,DEM,135
Putnam,Kent 7,Kent Council Member,,Anne B. Campbell,People Over Party,10
Putnam,Kent 7,Kent Council Member,,Becca Niitzel,People Over Party,9
Putnam,Kent 7,Kent Council Member,,Becca Niitzel,DEM,116
Putnam,Kent 7,Kent Council Member,,Jorma J. Tompuri,CON,30
Putnam,Kent 7,Kent Council Member,,Jorma J. Tompuri,REP,108
Putnam,Kent 7,Kent Council Member,,Eileen Olifiers,REP,107
Putnam,Kent 7,Kent Council Member,,Eileen Olifiers,CON,30
Putnam,Kent 7,Kent Council Member,,Write-in,,0
Putnam,Kent 7,Kent Council Member,,Under Votes,,33
Putnam,Kent 7,Kent Council Member,,Over Votes,,0
Putnam,Kent 8,Kent Council Member,,Anne B. Campbell,People Over Party,23
Putnam,Kent 8,Kent Council Member,,Anne B. Campbell,DEM,259
Putnam,Kent 8,Kent Council Member,,Becca Niitzel,DEM,240
Putnam,Kent 8,Kent Council Member,,Becca Niitzel,People Over Party,24
Putnam,Kent 8,Kent Council Member,,Jorma J. Tompuri,REP,131
Putnam,Kent 8,Kent Council Member,,Jorma J. Tompuri,CON,32
Putnam,Kent 8,Kent Council Member,,Eileen Olifiers,REP,124
Putnam,Kent 8,Kent Council Member,,Eileen Olifiers,CON,31
Putnam,Kent 8,Kent Council Member,,Write-in,,0
Putnam,Kent 8,Kent Council Member,,Under Votes,,38
Putnam,Kent 8,Kent Council Member,,Over Votes,,0
Putnam,Kent 9,Kent Council Member,,Anne B. Campbell,People Over Party,9
Putnam,Kent 9,Kent Council Member,,Anne B. Campbell,DEM,72
Putnam,Kent 9,Kent Council Member,,Becca Niitzel,DEM,66
Putnam,Kent 9,Kent Council Member,,Becca Niitzel,People Over Party,8
Putnam,Kent 9,Kent Council Member,,Jorma J. Tompuri,CON,20
Putnam,Kent 9,Kent Council Member,,Jorma J. Tompuri,REP,89
Putnam,Kent 9,Kent Council Member,,Eileen Olifiers,CON,20
Putnam,Kent 9,Kent Council Member,,Eileen Olifiers,REP,88
Putnam,Kent 9,Kent Council Member,,Write-in,,0
Putnam,Kent 9,Kent Council Member,,Under Votes,,12
Putnam,Kent 9,Kent Council Member,,Over Votes,,0
Putnam,Kent 10,Kent Council Member,,Anne B. Campbell,DEM,95
Putnam,Kent 10,Kent Council Member,,Anne B. Campbell,People Over Party,4
Putnam,Kent 10,Kent Council Member,,Becca Niitzel,People Over Party,4
Putnam,Kent 10,Kent Council Member,,Becca Niitzel,DEM,79
Putnam,Kent 10,Kent Council Member,,Jorma J. Tompuri,CON,13
Putnam,Kent 10,Kent Council Member,,Jorma J. Tompuri,REP,86
Putnam,Kent 10,Kent Council Member,,Eileen Olifiers,REP,86
Putnam,Kent 10,Kent Council Member,,Eileen Olifiers,CON,14
Putnam,Kent 10,Kent Council Member,,Write-in,,0
Putnam,Kent 10,Kent Council Member,,Under Votes,,23
Putnam,Kent 10,Kent Council Member,,Over Votes,,0
Putnam,Kent 11,Kent Council Member,,Anne B. Campbell,DEM,91
Putnam,Kent 11,Kent Council Member,,Anne B. Campbell,People Over Party,8
Putnam,Kent 11,Kent Council Member,,Becca Niitzel,People Over Party,5
Putnam,Kent 11,Kent Council Member,,Becca Niitzel,DEM,78
Putnam,Kent 11,Kent Council Member,,Jorma J. Tompuri,CON,26
Putnam,Kent 11,Kent Council Member,,Jorma J. Tompuri,REP,105
Putnam,Kent 11,Kent Council Member,,Eileen Olifiers,REP,106
Putnam,Kent 11,Kent Council Member,,Eileen Olifiers,CON,30
Putnam,Kent 11,Kent Council Member,,Write-in,,0
Putnam,Kent 11,Kent Council Member,,Under Votes,,27
Putnam,Kent 11,Kent Council Member,,Over Votes,,2
Putnam,Kent 1,Kent Receiver of Taxes,,Stephanie A. Nix,REP,211
Putnam,Kent 1,Kent Receiver of Taxes,,Stephanie A. Nix,CON,47
Putnam,Kent 1,Kent Receiver of Taxes,,Write-in,,2
Putnam,Kent 1,Kent Receiver of Taxes,,Under Votes,,129
Putnam,Kent 1,Kent Receiver of Taxes,,Over Votes,,0
Putnam,Kent 2,Kent Receiver of Taxes,,Stephanie A. Nix,REP,303
Putnam,Kent 2,Kent Receiver of Taxes,,Stephanie A. Nix,CON,83
Putnam,Kent 2,Kent Receiver of Taxes,,Write-in,,2
Putnam,Kent 2,Kent Receiver of Taxes,,Under Votes,,123
Putnam,Kent 2,Kent Receiver of Taxes,,Over Votes,,0
Putnam,Kent 3,Kent Receiver of Taxes,,Stephanie A. Nix,CON,24
Putnam,Kent 3,Kent Receiver of Taxes,,Stephanie A. Nix,REP,103
Putnam,Kent 3,Kent Receiver of Taxes,,Write-in,,1
Putnam,Kent 3,Kent Receiver of Taxes,,Under Votes,,41
Putnam,Kent 3,Kent Receiver of Taxes,,Over Votes,,0
Putnam,Kent 4,Kent Receiver of Taxes,,Stephanie A. Nix,CON,31
Putnam,Kent 4,Kent Receiver of Taxes,,Stephanie A. Nix,REP,110
Putnam,Kent 4,Kent Receiver of Taxes,,Write-in,,0
Putnam,Kent 4,Kent Receiver of Taxes,,Under Votes,,46
Putnam,Kent 4,Kent Receiver of Taxes,,Over Votes,,0
Putnam,Kent 5,Kent Receiver of Taxes,,Stephanie A. Nix,CON,53
Putnam,Kent 5,Kent Receiver of Taxes,,Stephanie A. Nix,REP,201
Putnam,Kent 5,Kent Receiver of Taxes,,Write-in,,1
Putnam,Kent 5,Kent Receiver of Taxes,,Under Votes,,87
Putnam,Kent 5,Kent Receiver of Taxes,,Over Votes,,0
Putnam,Kent 6,Kent Receiver of Taxes,,Stephanie A. Nix,REP,247
Putnam,Kent 6,Kent Receiver of Taxes,,Stephanie A. Nix,CON,72
Putnam,Kent 6,Kent Receiver of Taxes,,Write-in,,2
Putnam,Kent 6,Kent Receiver of Taxes,,Under Votes,,101
Putnam,Kent 6,Kent Receiver of Taxes,,Over Votes,,0
Putnam,Kent 7,Kent Receiver of Taxes,,Stephanie A. Nix,REP,152
Putnam,Kent 7,Kent Receiver of Taxes,,Stephanie A. Nix,CON,53
Putnam,Kent 7,Kent Receiver of Taxes,,Write-in,,2
Putnam,Kent 7,Kent Receiver of Taxes,,Under Votes,,82
Putnam,Kent 7,Kent Receiver of Taxes,,Over Votes,,0
Putnam,Kent 8,Kent Receiver of Taxes,,Stephanie A. Nix,CON,69
Putnam,Kent 8,Kent Receiver of Taxes,,Stephanie A. Nix,REP,183
Putnam,Kent 8,Kent Receiver of Taxes,,Write-in,,4
Putnam,Kent 8,Kent Receiver of Taxes,,Under Votes,,195
Putnam,Kent 8,Kent Receiver of Taxes,,Over Votes,,0
Putnam,Kent 9,Kent Receiver of Taxes,,Stephanie A. Nix,REP,110
Putnam,Kent 9,Kent Receiver of Taxes,,Stephanie A. Nix,CON,35
Putnam,Kent 9,Kent Receiver of Taxes,,Write-in,,0
Putnam,Kent 9,Kent Receiver of Taxes,,Under Votes,,47
Putnam,Kent 9,Kent Receiver of Taxes,,Over Votes,,0
Putnam,Kent 10,Kent Receiver of Taxes,,Stephanie A. Nix,REP,118
Putnam,Kent 10,Kent Receiver of Taxes,,Stephanie A. Nix,CON,26
Putnam,Kent 10,Kent Receiver of Taxes,,Write-in,,1
Putnam,Kent 10,Kent Receiver of Taxes,,Under Votes,,57
Putnam,Kent 10,Kent Receiver of Taxes,,Over Votes,,0
Putnam,Kent 11,Kent Receiver of Taxes,,Stephanie A. Nix,CON,35
Putnam,Kent 11,Kent Receiver of Taxes,,Stephanie A. Nix,REP,151
Putnam,Kent 11,Kent Receiver of Taxes,,Write-in,,4
Putnam,Kent 11,Kent Receiver of Taxes,,Under Votes,,49
Putnam,Kent 11,Kent Receiver of Taxes,,Over Votes,,0
Putnam,Kent 1,Kent Highway Superintendent,,"Richard T. Othmer, Jr.",REP,216
Putnam,Kent 1,Kent Highway Superintendent,,"Richard T. Othmer, Jr.",CON,45
Putnam,Kent 1,Kent Highway Superintendent,,Write-in,,1
Putnam,Kent 1,Kent Highway Superintendent,,Under Votes,,127
Putnam,Kent 1,Kent Highway Superintendent,,Over Votes,,0
Putnam,Kent 2,Kent Highway Superintendent,,"Richard T. Othmer, Jr.",CON,77
Putnam,Kent 2,Kent Highway Superintendent,,"Richard T. Othmer, Jr.",REP,304
Putnam,Kent 2,Kent Highway Superintendent,,Write-in,,1
Putnam,Kent 2,Kent Highway Superintendent,,Under Votes,,129
Putnam,Kent 2,Kent Highway Superintendent,,Over Votes,,0
Putnam,Kent 3,Kent Highway Superintendent,,"Richard T. Othmer, Jr.",CON,23
Putnam,Kent 3,Kent Highway Superintendent,,"Richard T. Othmer, Jr.",REP,99
Putnam,Kent 3,Kent Highway Superintendent,,Write-in,,0
Putnam,Kent 3,Kent Highway Superintendent,,Under Votes,,47
Putnam,Kent 3,Kent Highway Superintendent,,Over Votes,,0
Putnam,Kent 4,Kent Highway Superintendent,,"Richard T. Othmer, Jr.",CON,32
Putnam,Kent 4,Kent Highway Superintendent,,"Richard T. Othmer, Jr.",REP,113
Putnam,Kent 4,Kent Highway Superintendent,,Write-in,,0
Putnam,Kent 4,Kent Highway Superintendent,,Under Votes,,42
Putnam,Kent 4,Kent Highway Superintendent,,Over Votes,,0
Putnam,Kent 5,Kent Highway Superintendent,,"Richard T. Othmer, Jr.",REP,202
Putnam,Kent 5,Kent Highway Superintendent,,"Richard T. Othmer, Jr.",CON,52
Putnam,Kent 5,Kent Highway Superintendent,,Write-in,,1
Putnam,Kent 5,Kent Highway Superintendent,,Under Votes,,87
Putnam,Kent 5,Kent Highway Superintendent,,Over Votes,,0
Putnam,Kent 6,Kent Highway Superintendent,,"Richard T. Othmer, Jr.",CON,69
Putnam,Kent 6,Kent Highway Superintendent,,"Richard T. Othmer, Jr.",REP,247
Putnam,Kent 6,Kent Highway Superintendent,,Write-in,,3
Putnam,Kent 6,Kent Highway Superintendent,,Under Votes,,103
Putnam,Kent 6,Kent Highway Superintendent,,Over Votes,,0
Putnam,Kent 7,Kent Highway Superintendent,,"Richard T. Othmer, Jr.",REP,158
Putnam,Kent 7,Kent Highway Superintendent,,"Richard T. Othmer, Jr.",CON,50
Putnam,Kent 7,Kent Highway Superintendent,,Write-in,,4
Putnam,Kent 7,Kent Highway Superintendent,,Under Votes,,77
Putnam,Kent 7,Kent Highway Superintendent,,Over Votes,,0
Putnam,Kent 8,Kent Highway Superintendent,,"Richard T. Othmer, Jr.",CON,67
Putnam,Kent 8,Kent Highway Superintendent,,"Richard T. Othmer, Jr.",REP,189
Putnam,Kent 8,Kent Highway Superintendent,,Write-in,,5
Putnam,Kent 8,Kent Highway Superintendent,,Under Votes,,190
Putnam,Kent 8,Kent Highway Superintendent,,Over Votes,,0
Putnam,Kent 9,Kent Highway Superintendent,,"Richard T. Othmer, Jr.",REP,112
Putnam,Kent 9,Kent Highway Superintendent,,"Richard T. Othmer, Jr.",CON,35
Putnam,Kent 9,Kent Highway Superintendent,,Write-in,,0
Putnam,Kent 9,Kent Highway Superintendent,,Under Votes,,45
Putnam,Kent 9,Kent Highway Superintendent,,Over Votes,,0
Putnam,Kent 10,Kent Highway Superintendent,,"Richard T. Othmer, Jr.",CON,29
Putnam,Kent 10,Kent Highway Superintendent,,"Richard T. Othmer, Jr.",REP,121
Putnam,Kent 10,Kent Highway Superintendent,,Write-in,,2
Putnam,Kent 10,Kent Highway Superintendent,,Under Votes,,50
Putnam,Kent 10,Kent Highway Superintendent,,Over Votes,,0
Putnam,Kent 11,Kent Highway Superintendent,,"Richard T. Othmer, Jr.",CON,37
Putnam,Kent 11,Kent Highway Superintendent,,"Richard T. Othmer, Jr.",REP,145
Putnam,Kent 11,Kent Highway Superintendent,,Write-in,,2
Putnam,Kent 11,Kent Highway Superintendent,,Under Votes,,55
Putnam,Kent 11,Kent Highway Superintendent,,Over Votes,,0
Putnam,Kent 1,Kent Town Justice,,Timothy J. Curtiss,CON,50
Putnam,Kent 1,Kent Town Justice,,Timothy J. Curtiss,REP,199
Putnam,Kent 1,Kent Town Justice,,Kevin L. Douchkoff,CON,50
Putnam,Kent 1,Kent Town Justice,,Kevin L. Douchkoff,REP,195
Putnam,Kent 1,Kent Town Justice,,Write-in,,1
Putnam,Kent 1,Kent Town Justice,,Under Votes,,283
Putnam,Kent 1,Kent Town Justice,,Over Votes,,0
Putnam,Kent 2,Kent Town Justice,,Timothy J. Curtiss,REP,293
Putnam,Kent 2,Kent Town Justice,,Timothy J. Curtiss,CON,73
Putnam,Kent 2,Kent Town Justice,,Kevin L. Douchkoff,REP,295
Putnam,Kent 2,Kent Town Justice,,Kevin L. Douchkoff,CON,74
Putnam,Kent 2,Kent Town Justice,,Write-in,,2
Putnam,Kent 2,Kent Town Justice,,Under Votes,,285
Putnam,Kent 2,Kent Town Justice,,Over Votes,,0
Putnam,Kent 3,Kent Town Justice,,Timothy J. Curtiss,CON,27
Putnam,Kent 3,Kent Town Justice,,Timothy J. Curtiss,REP,94
Putnam,Kent 3,Kent Town Justice,,Kevin L. Douchkoff,REP,91
Putnam,Kent 3,Kent Town Justice,,Kevin L. Douchkoff,CON,24
Putnam,Kent 3,Kent Town Justice,,Write-in,,1
Putnam,Kent 3,Kent Town Justice,,Under Votes,,101
Putnam,Kent 3,Kent Town Justice,,Over Votes,,0
Putnam,Kent 4,Kent Town Justice,,Timothy J. Curtiss,CON,30
Putnam,Kent 4,Kent Town Justice,,Timothy J. Curtiss,REP,101
Putnam,Kent 4,Kent Town Justice,,Kevin L. Douchkoff,REP,97
Putnam,Kent 4,Kent Town Justice,,Kevin L. Douchkoff,CON,30
Putnam,Kent 4,Kent Town Justice,,Write-in,,0
Putnam,Kent 4,Kent Town Justice,,Under Votes,,116
Putnam,Kent 4,Kent Town Justice,,Over Votes,,0
Putnam,Kent 5,Kent Town Justice,,Timothy J. Curtiss,CON,52
Putnam,Kent 5,Kent Town Justice,,Timothy J. Curtiss,REP,188
Putnam,Kent 5,Kent Town Justice,,Kevin L. Douchkoff,CON,50
Putnam,Kent 5,Kent Town Justice,,Kevin L. Douchkoff,REP,189
Putnam,Kent 5,Kent Town Justice,,Write-in,,2
Putnam,Kent 5,Kent Town Justice,,Under Votes,,203
Putnam,Kent 5,Kent Town Justice,,Over Votes,,0
Putnam,Kent 6,Kent Town Justice,,Timothy J. Curtiss,CON,66
Putnam,Kent 6,Kent Town Justice,,Timothy J. Curtiss,REP,229
Putnam,Kent 6,Kent Town Justice,,Kevin L. Douchkoff,CON,75
Putnam,Kent 6,Kent Town Justice,,Kevin L. Douchkoff,REP,235
Putnam,Kent 6,Kent Town Justice,,Write-in,,4
Putnam,Kent 6,Kent Town Justice,,Under Votes,,235
Putnam,Kent 6,Kent Town Justice,,Over Votes,,0
Putnam,Kent 7,Kent Town Justice,,Timothy J. Curtiss,CON,47
Putnam,Kent 7,Kent Town Justice,,Timothy J. Curtiss,REP,150
Putnam,Kent 7,Kent Town Justice,,Kevin L. Douchkoff,REP,151
Putnam,Kent 7,Kent Town Justice,,Kevin L. Douchkoff,CON,47
Putnam,Kent 7,Kent Town Justice,,Write-in,,2
Putnam,Kent 7,Kent Town Justice,,Under Votes,,181
Putnam,Kent 7,Kent Town Justice,,Over Votes,,0
Putnam,Kent 8,Kent Town Justice,,Timothy J. Curtiss,REP,174
Putnam,Kent 8,Kent Town Justice,,Timothy J. Curtiss,CON,61
Putnam,Kent 8,Kent Town Justice,,Kevin L. Douchkoff,CON,66
Putnam,Kent 8,Kent Town Justice,,Kevin L. Douchkoff,REP,177
Putnam,Kent 8,Kent Town Justice,,Write-in,,7
Putnam,Kent 8,Kent Town Justice,,Under Votes,,417
Putnam,Kent 8,Kent Town Justice,,Over Votes,,0
Putnam,Kent 9,Kent Town Justice,,Timothy J. Curtiss,REP,102
Putnam,Kent 9,Kent Town Justice,,Timothy J. Curtiss,CON,31
Putnam,Kent 9,Kent Town Justice,,Kevin L. Douchkoff,REP,103
Putnam,Kent 9,Kent Town Justice,,Kevin L. Douchkoff,CON,37
Putnam,Kent 9,Kent Town Justice,,Write-in,,0
Putnam,Kent 9,Kent Town Justice,,Under Votes,,111
Putnam,Kent 9,Kent Town Justice,,Over Votes,,0
Putnam,Kent 10,Kent Town Justice,,Timothy J. Curtiss,REP,119
Putnam,Kent 10,Kent Town Justice,,Timothy J. Curtiss,CON,20
Putnam,Kent 10,Kent Town Justice,,Kevin L. Douchkoff,REP,109
Putnam,Kent 10,Kent Town Justice,,Kevin L. Douchkoff,CON,24
Putnam,Kent 10,Kent Town Justice,,Write-in,,1
Putnam,Kent 10,Kent Town Justice,,Under Votes,,131
Putnam,Kent 10,Kent Town Justice,,Over Votes,,0
Putnam,Kent 11,Kent Town Justice,,Timothy J. Curtiss,CON,34
Putnam,Kent 11,Kent Town Justice,,Timothy J. Curtiss,REP,135
Putnam,Kent 11,Kent Town Justice,,Kevin L. Douchkoff,REP,135
Putnam,Kent 11,Kent Town Justice,,Kevin L. Douchkoff,CON,41
Putnam,Kent 11,Kent Town Justice,,Write-in,,2
Putnam,Kent 11,Kent Town Justice,,Under Votes,,131
Putnam,Kent 11,Kent Town Justice,,Over Votes,,0
Putnam,Kent 1,"Proposal Two, Town Proposition One - Kent",,Yes,,246
Putnam,Kent 1,"Proposal Two, Town Proposition One - Kent",,No,,126
Putnam,Kent 1,"Proposal Two, Town Proposition One - Kent",,Under Votes,,17
Putnam,Kent 1,"Proposal Two, Town Proposition One - Kent",,Over Votes,,0
Putnam,Kent 2,"Proposal Two, Town Proposition One - Kent",,Yes,,323
Putnam,Kent 2,"Proposal Two, Town Proposition One - Kent",,No,,166
Putnam,Kent 2,"Proposal Two, Town Proposition One - Kent",,Under Votes,,22
Putnam,Kent 2,"Proposal Two, Town Proposition One - Kent",,Over Votes,,0
Putnam,Kent 3,"Proposal Two, Town Proposition One - Kent",,Yes,,97
Putnam,Kent 3,"Proposal Two, Town Proposition One - Kent",,No,,59
Putnam,Kent 3,"Proposal Two, Town Proposition One - Kent",,Under Votes,,13
Putnam,Kent 3,"Proposal Two, Town Proposition One - Kent",,Over Votes,,0
Putnam,Kent 4,"Proposal Two, Town Proposition One - Kent",,Yes,,122
Putnam,Kent 4,"Proposal Two, Town Proposition One - Kent",,No,,58
Putnam,Kent 4,"Proposal Two, Town Proposition One - Kent",,Under Votes,,7
Putnam,Kent 4,"Proposal Two, Town Proposition One - Kent",,Over Votes,,0
Putnam,Kent 5,"Proposal Two, Town Proposition One - Kent",,Yes,,208
Putnam,Kent 5,"Proposal Two, Town Proposition One - Kent",,No,,117
Putnam,Kent 5,"Proposal Two, Town Proposition One - Kent",,Under Votes,,17
Putnam,Kent 5,"Proposal Two, Town Proposition One - Kent",,Over Votes,,0
Putnam,Kent 6,"Proposal Two, Town Proposition One - Kent",,Yes,,248
Putnam,Kent 6,"Proposal Two, Town Proposition One - Kent",,No,,160
Putnam,Kent 6,"Proposal Two, Town Proposition One - Kent",,Under Votes,,14
Putnam,Kent 6,"Proposal Two, Town Proposition One - Kent",,Over Votes,,0
Putnam,Kent 7,"Proposal Two, Town Proposition One - Kent",,Yes,,187
Putnam,Kent 7,"Proposal Two, Town Proposition One - Kent",,No,,98
Putnam,Kent 7,"Proposal Two, Town Proposition One - Kent",,Under Votes,,4
Putnam,Kent 7,"Proposal Two, Town Proposition One - Kent",,Over Votes,,0
Putnam,Kent 8,"Proposal Two, Town Proposition One - Kent",,Yes,,296
Putnam,Kent 8,"Proposal Two, Town Proposition One - Kent",,No,,132
Putnam,Kent 8,"Proposal Two, Town Proposition One - Kent",,Under Votes,,23
Putnam,Kent 8,"Proposal Two, Town Proposition One - Kent",,Over Votes,,0
Putnam,Kent 9,"Proposal Two, Town Proposition One - Kent",,Yes,,108
Putnam,Kent 9,"Proposal Two, Town Proposition One - Kent",,No,,78
Putnam,Kent 9,"Proposal Two, Town Proposition One - Kent",,Under Votes,,6
Putnam,Kent 9,"Proposal Two, Town Proposition One - Kent",,Over Votes,,0
Putnam,Kent 10,"Proposal Two, Town Proposition One - Kent",,Yes,,122
Putnam,Kent 10,"Proposal Two, Town Proposition One - Kent",,No,,74
Putnam,Kent 10,"Proposal Two, Town Proposition One - Kent",,Under Votes,,6
Putnam,Kent 10,"Proposal Two, Town Proposition One - Kent",,Over Votes,,0
Putnam,Kent 11,"Proposal Two, Town Proposition One - Kent",,Yes,,148
Putnam,Kent 11,"Proposal Two, Town Proposition One - Kent",,No,,81
Putnam,Kent 11,"Proposal Two, Town Proposition One - Kent",,Under Votes,,10
Putnam,Kent 11,"Proposal Two, Town Proposition One - Kent",,Over Votes,,0
Putnam,Patterson 1,Patterson Council Member,,Gwen K. Dougherty,DEM,131
Putnam,Patterson 1,Patterson Council Member,,Gwen K. Dougherty,IND,10
Putnam,Patterson 1,Patterson Council Member,,Stacy Dumont,IND,10
Putnam,Patterson 1,Patterson Council Member,,Stacy Dumont,DEM,136
Putnam,Patterson 1,Patterson Council Member,,Joseph J. Esposito,CON,22
Putnam,Patterson 1,Patterson Council Member,,Joseph J. Esposito,REP,107
Putnam,Patterson 1,Patterson Council Member,,Mary E. Smith,REP,114
Putnam,Patterson 1,Patterson Council Member,,Mary E. Smith,CON,23
Putnam,Patterson 1,Patterson Council Member,,Write-in,,0
Putnam,Patterson 1,Patterson Council Member,,Under Votes,,29
Putnam,Patterson 1,Patterson Council Member,,Over Votes,,2
Putnam,Patterson 2,Patterson Council Member,,Gwen K. Dougherty,DEM,155
Putnam,Patterson 2,Patterson Council Member,,Gwen K. Dougherty,IND,8
Putnam,Patterson 2,Patterson Council Member,,Stacy Dumont,IND,8
Putnam,Patterson 2,Patterson Council Member,,Stacy Dumont,DEM,156
Putnam,Patterson 2,Patterson Council Member,,Joseph J. Esposito,CON,31
Putnam,Patterson 2,Patterson Council Member,,Joseph J. Esposito,REP,143
Putnam,Patterson 2,Patterson Council Member,,Mary E. Smith,CON,31
Putnam,Patterson 2,Patterson Council Member,,Mary E. Smith,REP,131
Putnam,Patterson 2,Patterson Council Member,,Write-in,,0
Putnam,Patterson 2,Patterson Council Member,,Under Votes,,39
Putnam,Patterson 2,Patterson Council Member,,Over Votes,,0
Putnam,Patterson 3,Patterson Council Member,,Gwen K. Dougherty,IND,19
Putnam,Patterson 3,Patterson Council Member,,Gwen K. Dougherty,DEM,186
Putnam,Patterson 3,Patterson Council Member,,Stacy Dumont,IND,18
Putnam,Patterson 3,Patterson Council Member,,Stacy Dumont,DEM,181
Putnam,Patterson 3,Patterson Council Member,,Joseph J. Esposito,CON,32
Putnam,Patterson 3,Patterson Council Member,,Joseph J. Esposito,REP,115
Putnam,Patterson 3,Patterson Council Member,,Mary E. Smith,REP,117
Putnam,Patterson 3,Patterson Council Member,,Mary E. Smith,CON,31
Putnam,Patterson 3,Patterson Council Member,,Write-in,,0
Putnam,Patterson 3,Patterson Council Member,,Under Votes,,33
Putnam,Patterson 3,Patterson Council Member,,Over Votes,,0
Putnam,Patterson 4,Patterson Council Member,,Gwen K. Dougherty,DEM,117
Putnam,Patterson 4,Patterson Council Member,,Gwen K. Dougherty,IND,8
Putnam,Patterson 4,Patterson Council Member,,Stacy Dumont,DEM,118
Putnam,Patterson 4,Patterson Council Member,,Stacy Dumont,IND,10
Putnam,Patterson 4,Patterson Council Member,,Joseph J. Esposito,CON,15
Putnam,Patterson 4,Patterson Council Member,,Joseph J. Esposito,REP,100
Putnam,Patterson 4,Patterson Council Member,,Mary E. Smith,CON,17
Putnam,Patterson 4,Patterson Council Member,,Mary E. Smith,REP,87
Putnam,Patterson 4,Patterson Council Member,,Write-in,,0
Putnam,Patterson 4,Patterson Council Member,,Under Votes,,16
Putnam,Patterson 4,Patterson Council Member,,Over Votes,,2
Putnam,Patterson 5,Patterson Council Member,,Gwen K. Dougherty,IND,11
Putnam,Patterson 5,Patterson Council Member,,Gwen K. Dougherty,DEM,106
Putnam,Patterson 5,Patterson Council Member,,Stacy Dumont,DEM,109
Putnam,Patterson 5,Patterson Council Member,,Stacy Dumont,IND,13
Putnam,Patterson 5,Patterson Council Member,,Joseph J. Esposito,CON,17
Putnam,Patterson 5,Patterson Council Member,,Joseph J. Esposito,REP,121
Putnam,Patterson 5,Patterson Council Member,,Mary E. Smith,REP,115
Putnam,Patterson 5,Patterson Council Member,,Mary E. Smith,CON,17
Putnam,Patterson 5,Patterson Council Member,,Write-in,,0
Putnam,Patterson 5,Patterson Council Member,,Under Votes,,39
Putnam,Patterson 5,Patterson Council Member,,Over Votes,,0
Putnam,Patterson 6,Patterson Council Member,,Gwen K. Dougherty,IND,13
Putnam,Patterson 6,Patterson Council Member,,Gwen K. Dougherty,DEM,104
Putnam,Patterson 6,Patterson Council Member,,Stacy Dumont,DEM,107
Putnam,Patterson 6,Patterson Council Member,,Stacy Dumont,IND,15
Putnam,Patterson 6,Patterson Council Member,,Joseph J. Esposito,REP,83
Putnam,Patterson 6,Patterson Council Member,,Joseph J. Esposito,CON,21
Putnam,Patterson 6,Patterson Council Member,,Mary E. Smith,CON,20
Putnam,Patterson 6,Patterson Council Member,,Mary E. Smith,REP,76
Putnam,Patterson 6,Patterson Council Member,,Write-in,,0
Putnam,Patterson 6,Patterson Council Member,,Under Votes,,23
Putnam,Patterson 6,Patterson Council Member,,Over Votes,,0
Putnam,Patterson 7,Patterson Council Member,,Gwen K. Dougherty,IND,9
Putnam,Patterson 7,Patterson Council Member,,Gwen K. Dougherty,DEM,113
Putnam,Patterson 7,Patterson Council Member,,Stacy Dumont,IND,11
Putnam,Patterson 7,Patterson Council Member,,Stacy Dumont,DEM,109
Putnam,Patterson 7,Patterson Council Member,,Joseph J. Esposito,REP,113
Putnam,Patterson 7,Patterson Council Member,,Joseph J. Esposito,CON,18
Putnam,Patterson 7,Patterson Council Member,,Mary E. Smith,CON,22
Putnam,Patterson 7,Patterson Council Member,,Mary E. Smith,REP,112
Putnam,Patterson 7,Patterson Council Member,,Write-in,,0
Putnam,Patterson 7,Patterson Council Member,,Under Votes,,21
Putnam,Patterson 7,Patterson Council Member,,Over Votes,,2
Putnam,Patterson 8,Patterson Council Member,,Gwen K. Dougherty,DEM,88
Putnam,Patterson 8,Patterson Council Member,,Gwen K. Dougherty,IND,5
Putnam,Patterson 8,Patterson Council Member,,Stacy Dumont,IND,4
Putnam,Patterson 8,Patterson Council Member,,Stacy Dumont,DEM,96
Putnam,Patterson 8,Patterson Council Member,,Joseph J. Esposito,CON,22
Putnam,Patterson 8,Patterson Council Member,,Joseph J. Esposito,REP,88
Putnam,Patterson 8,Patterson Council Member,,Mary E. Smith,CON,24
Putnam,Patterson 8,Patterson Council Member,,Mary E. Smith,REP,83
Putnam,Patterson 8,Patterson Council Member,,Write-in,,0
Putnam,Patterson 8,Patterson Council Member,,Under Votes,,18
Putnam,Patterson 8,Patterson Council Member,,Over Votes,,4
Putnam,Patterson 1,Patterson Receiver of Taxes,,Mary L. Delanoy,CON,100
Putnam,Patterson 1,Patterson Receiver of Taxes,,Mary L. Delanoy,DEM,145
Putnam,Patterson 1,Patterson Receiver of Taxes,,Write-in,,0
Putnam,Patterson 1,Patterson Receiver of Taxes,,Under Votes,,47
Putnam,Patterson 1,Patterson Receiver of Taxes,,Over Votes,,0
Putnam,Patterson 2,Patterson Receiver of Taxes,,Mary L. Delanoy,DEM,174
Putnam,Patterson 2,Patterson Receiver of Taxes,,Mary L. Delanoy,CON,115
Putnam,Patterson 2,Patterson Receiver of Taxes,,Write-in,,3
Putnam,Patterson 2,Patterson Receiver of Taxes,,Under Votes,,59
Putnam,Patterson 2,Patterson Receiver of Taxes,,Over Votes,,0
Putnam,Patterson 3,Patterson Receiver of Taxes,,Mary L. Delanoy,DEM,199
Putnam,Patterson 3,Patterson Receiver of Taxes,,Mary L. Delanoy,CON,97
Putnam,Patterson 3,Patterson Receiver of Taxes,,Write-in,,0
Putnam,Patterson 3,Patterson Receiver of Taxes,,Under Votes,,70
Putnam,Patterson 3,Patterson Receiver of Taxes,,Over Votes,,0
Putnam,Patterson 4,Patterson Receiver of Taxes,,Mary L. Delanoy,DEM,135
Putnam,Patterson 4,Patterson Receiver of Taxes,,Mary L. Delanoy,CON,74
Putnam,Patterson 4,Patterson Receiver of Taxes,,Write-in,,1
Putnam,Patterson 4,Patterson Receiver of Taxes,,Under Votes,,35
Putnam,Patterson 4,Patterson Receiver of Taxes,,Over Votes,,0
Putnam,Patterson 5,Patterson Receiver of Taxes,,Mary L. Delanoy,CON,87
Putnam,Patterson 5,Patterson Receiver of Taxes,,Mary L. Delanoy,DEM,125
Putnam,Patterson 5,Patterson Receiver of Taxes,,Write-in,,2
Putnam,Patterson 5,Patterson Receiver of Taxes,,Under Votes,,60
Putnam,Patterson 5,Patterson Receiver of Taxes,,Over Votes,,0
Putnam,Patterson 6,Patterson Receiver of Taxes,,Mary L. Delanoy,DEM,117
Putnam,Patterson 6,Patterson Receiver of Taxes,,Mary L. Delanoy,CON,66
Putnam,Patterson 6,Patterson Receiver of Taxes,,Write-in,,2
Putnam,Patterson 6,Patterson Receiver of Taxes,,Under Votes,,46
Putnam,Patterson 6,Patterson Receiver of Taxes,,Over Votes,,0
Putnam,Patterson 7,Patterson Receiver of Taxes,,Mary L. Delanoy,DEM,119
Putnam,Patterson 7,Patterson Receiver of Taxes,,Mary L. Delanoy,CON,87
Putnam,Patterson 7,Patterson Receiver of Taxes,,Write-in,,0
Putnam,Patterson 7,Patterson Receiver of Taxes,,Under Votes,,59
Putnam,Patterson 7,Patterson Receiver of Taxes,,Over Votes,,0
Putnam,Patterson 8,Patterson Receiver of Taxes,,Mary L. Delanoy,DEM,115
Putnam,Patterson 8,Patterson Receiver of Taxes,,Mary L. Delanoy,CON,68
Putnam,Patterson 8,Patterson Receiver of Taxes,,Write-in,,1
Putnam,Patterson 8,Patterson Receiver of Taxes,,Under Votes,,32
Putnam,Patterson 8,Patterson Receiver of Taxes,,Over Votes,,0
Putnam,Patterson 1,Patterson Town Justice,,Michael V. Caruso,REP,144
Putnam,Patterson 1,Patterson Town Justice,,Michael V. Caruso,CON,41
Putnam,Patterson 1,Patterson Town Justice,,Robert B. Leader,CON,45
Putnam,Patterson 1,Patterson Town Justice,,Robert B. Leader,REP,129
Putnam,Patterson 1,Patterson Town Justice,,Write-in,,2
Putnam,Patterson 1,Patterson Town Justice,,Under Votes,,223
Putnam,Patterson 1,Patterson Town Justice,,Over Votes,,0
Putnam,Patterson 2,Patterson Town Justice,,Michael V. Caruso,REP,184
Putnam,Patterson 2,Patterson Town Justice,,Michael V. Caruso,CON,55
Putnam,Patterson 2,Patterson Town Justice,,Robert B. Leader,CON,55
Putnam,Patterson 2,Patterson Town Justice,,Robert B. Leader,REP,161
Putnam,Patterson 2,Patterson Town Justice,,Write-in,,1
Putnam,Patterson 2,Patterson Town Justice,,Under Votes,,246
Putnam,Patterson 2,Patterson Town Justice,,Over Votes,,0
Putnam,Patterson 3,Patterson Town Justice,,Michael V. Caruso,REP,183
Putnam,Patterson 3,Patterson Town Justice,,Michael V. Caruso,CON,51
Putnam,Patterson 3,Patterson Town Justice,,Robert B. Leader,CON,53
Putnam,Patterson 3,Patterson Town Justice,,Robert B. Leader,REP,154
Putnam,Patterson 3,Patterson Town Justice,,Write-in,,8
Putnam,Patterson 3,Patterson Town Justice,,Under Votes,,283
Putnam,Patterson 3,Patterson Town Justice,,Over Votes,,0
Putnam,Patterson 4,Patterson Town Justice,,Michael V. Caruso,REP,129
Putnam,Patterson 4,Patterson Town Justice,,Michael V. Caruso,CON,38
Putnam,Patterson 4,Patterson Town Justice,,Robert B. Leader,REP,117
Putnam,Patterson 4,Patterson Town Justice,,Robert B. Leader,CON,36
Putnam,Patterson 4,Patterson Town Justice,,Write-in,,4
Putnam,Patterson 4,Patterson Town Justice,,Under Votes,,166
Putnam,Patterson 4,Patterson Town Justice,,Over Votes,,0
Putnam,Patterson 5,Patterson Town Justice,,Michael V. Caruso,REP,143
Putnam,Patterson 5,Patterson Town Justice,,Michael V. Caruso,CON,43
Putnam,Patterson 5,Patterson Town Justice,,Robert B. Leader,REP,122
Putnam,Patterson 5,Patterson Town Justice,,Robert B. Leader,CON,38
Putnam,Patterson 5,Patterson Town Justice,,Write-in,,2
Putnam,Patterson 5,Patterson Town Justice,,Under Votes,,200
Putnam,Patterson 5,Patterson Town Justice,,Over Votes,,0
Putnam,Patterson 6,Patterson Town Justice,,Michael V. Caruso,REP,126
Putnam,Patterson 6,Patterson Town Justice,,Michael V. Caruso,CON,40
Putnam,Patterson 6,Patterson Town Justice,,Robert B. Leader,REP,118
Putnam,Patterson 6,Patterson Town Justice,,Robert B. Leader,CON,41
Putnam,Patterson 6,Patterson Town Justice,,Write-in,,2
Putnam,Patterson 6,Patterson Town Justice,,Under Votes,,135
Putnam,Patterson 6,Patterson Town Justice,,Over Votes,,0
Putnam,Patterson 7,Patterson Town Justice,,Michael V. Caruso,REP,151
Putnam,Patterson 7,Patterson Town Justice,,Michael V. Caruso,CON,32
Putnam,Patterson 7,Patterson Town Justice,,Robert B. Leader,REP,133
Putnam,Patterson 7,Patterson Town Justice,,Robert B. Leader,CON,29
Putnam,Patterson 7,Patterson Town Justice,,Write-in,,5
Putnam,Patterson 7,Patterson Town Justice,,Under Votes,,180
Putnam,Patterson 7,Patterson Town Justice,,Over Votes,,0
Putnam,Patterson 8,Patterson Town Justice,,Michael V. Caruso,REP,108
Putnam,Patterson 8,Patterson Town Justice,,Michael V. Caruso,CON,36
Putnam,Patterson 8,Patterson Town Justice,,Robert B. Leader,REP,98
Putnam,Patterson 8,Patterson Town Justice,,Robert B. Leader,CON,34
Putnam,Patterson 8,Patterson Town Justice,,Write-in,,0
Putnam,Patterson 8,Patterson Town Justice,,Under Votes,,156
Putnam,Patterson 8,Patterson Town Justice,,Over Votes,,0
Putnam,Philipstown 1,Philipstown Supervisor,,John J. VanTassel,DEM,222
Putnam,Philipstown 1,Philipstown Supervisor,,John J. VanTassel,Philipstown Focus,37
Putnam,Philipstown 1,Philipstown Supervisor,,Write-in,,2
Putnam,Philipstown 1,Philipstown Supervisor,,Under Votes,,40
Putnam,Philipstown 1,Philipstown Supervisor,,Over Votes,,1
Putnam,Philipstown 2,Philipstown Supervisor,,John J. VanTassel,Philipstown Focus,36
Putnam,Philipstown 2,Philipstown Supervisor,,John J. VanTassel,DEM,140
Putnam,Philipstown 2,Philipstown Supervisor,,Write-in,,1
Putnam,Philipstown 2,Philipstown Supervisor,,Under Votes,,43
Putnam,Philipstown 2,Philipstown Supervisor,,Over Votes,,0
Putnam,Philipstown 3,Philipstown Supervisor,,John J. VanTassel,Philipstown Focus,139
Putnam,Philipstown 3,Philipstown Supervisor,,John J. VanTassel,DEM,528
Putnam,Philipstown 3,Philipstown Supervisor,,Write-in,,7
Putnam,Philipstown 3,Philipstown Supervisor,,Under Votes,,110
Putnam,Philipstown 3,Philipstown Supervisor,,Over Votes,,1
Putnam,Philipstown 4,Philipstown Supervisor,,John J. VanTassel,DEM,126
Putnam,Philipstown 4,Philipstown Supervisor,,John J. VanTassel,Philipstown Focus,32
Putnam,Philipstown 4,Philipstown Supervisor,,Write-in,,1
Putnam,Philipstown 4,Philipstown Supervisor,,Under Votes,,49
Putnam,Philipstown 4,Philipstown Supervisor,,Over Votes,,0
Putnam,Philipstown 5,Philipstown Supervisor,,John J. VanTassel,Philipstown Focus,19
Putnam,Philipstown 5,Philipstown Supervisor,,John J. VanTassel,DEM,153
Putnam,Philipstown 5,Philipstown Supervisor,,Write-in,,6
Putnam,Philipstown 5,Philipstown Supervisor,,Under Votes,,28
Putnam,Philipstown 5,Philipstown Supervisor,,Over Votes,,0
Putnam,Philipstown 6,Philipstown Supervisor,,John J. VanTassel,Philipstown Focus,17
Putnam,Philipstown 6,Philipstown Supervisor,,John J. VanTassel,DEM,182
Putnam,Philipstown 6,Philipstown Supervisor,,Write-in,,6
Putnam,Philipstown 6,Philipstown Supervisor,,Under Votes,,22
Putnam,Philipstown 6,Philipstown Supervisor,,Over Votes,,0
Putnam,Philipstown 7,Philipstown Supervisor,,John J. VanTassel,Philipstown Focus,54
Putnam,Philipstown 7,Philipstown Supervisor,,John J. VanTassel,DEM,227
Putnam,Philipstown 7,Philipstown Supervisor,,Write-in,,3
Putnam,Philipstown 7,Philipstown Supervisor,,Under Votes,,59
Putnam,Philipstown 7,Philipstown Supervisor,,Over Votes,,0
Putnam,Philipstown 8,Philipstown Supervisor,,John J. VanTassel,Philipstown Focus,63
Putnam,Philipstown 8,Philipstown Supervisor,,John J. VanTassel,DEM,298
Putnam,Philipstown 8,Philipstown Supervisor,,Write-in,,9
Putnam,Philipstown 8,Philipstown Supervisor,,Under Votes,,93
Putnam,Philipstown 8,Philipstown Supervisor,,Over Votes,,0
Putnam,Philipstown 9,Philipstown Supervisor,,John J. VanTassel,DEM,106
Putnam,Philipstown 9,Philipstown Supervisor,,John J. VanTassel,Philipstown Focus,20
Putnam,Philipstown 9,Philipstown Supervisor,,Write-in,,0
Putnam,Philipstown 9,Philipstown Supervisor,,Under Votes,,51
Putnam,Philipstown 9,Philipstown Supervisor,,Over Votes,,0
Putnam,Philipstown 10,Philipstown Supervisor,,John J. VanTassel,Philipstown Focus,23
Putnam,Philipstown 10,Philipstown Supervisor,,John J. VanTassel,DEM,138
Putnam,Philipstown 10,Philipstown Supervisor,,Write-in,,5
Putnam,Philipstown 10,Philipstown Supervisor,,Under Votes,,22
Putnam,Philipstown 10,Philipstown Supervisor,,Over Votes,,0
Putnam,Philipstown 1,Philipstown Council Member,,Ned P. Rauch,Philipstown Focus,31
Putnam,Philipstown 1,Philipstown Council Member,,Ned P. Rauch,DEM,217
Putnam,Philipstown 1,Philipstown Council Member,,Nathaniel S. Prentice,DEM,254
Putnam,Philipstown 1,Philipstown Council Member,,Write-in,,4
Putnam,Philipstown 1,Philipstown Council Member,,Under Votes,,98
Putnam,Philipstown 1,Philipstown Council Member,,Over Votes,,0
Putnam,Philipstown 2,Philipstown Council Member,,Ned P. Rauch,DEM,136
Putnam,Philipstown 2,Philipstown Council Member,,Ned P. Rauch,Philipstown Focus,31
Putnam,Philipstown 2,Philipstown Council Member,,Nathaniel S. Prentice,DEM,158
Putnam,Philipstown 2,Philipstown Council Member,,Write-in,,3
Putnam,Philipstown 2,Philipstown Council Member,,Under Votes,,112
Putnam,Philipstown 2,Philipstown Council Member,,Over Votes,,0
Putnam,Philipstown 3,Philipstown Council Member,,Ned P. Rauch,DEM,504
Putnam,Philipstown 3,Philipstown Council Member,,Ned P. Rauch,Philipstown Focus,111
Putnam,Philipstown 3,Philipstown Council Member,,Nathaniel S. Prentice,DEM,601
Putnam,Philipstown 3,Philipstown Council Member,,Write-in,,13
Putnam,Philipstown 3,Philipstown Council Member,,Under Votes,,341
Putnam,Philipstown 3,Philipstown Council Member,,Over Votes,,0
Putnam,Philipstown 4,Philipstown Council Member,,Ned P. Rauch,Philipstown Focus,29
Putnam,Philipstown 4,Philipstown Council Member,,Ned P. Rauch,DEM,123
Putnam,Philipstown 4,Philipstown Council Member,,Nathaniel S. Prentice,DEM,137
Putnam,Philipstown 4,Philipstown Council Member,,Write-in,,1
Putnam,Philipstown 4,Philipstown Council Member,,Under Votes,,126
Putnam,Philipstown 4,Philipstown Council Member,,Over Votes,,0
Putnam,Philipstown 5,Philipstown Council Member,,Ned P. Rauch,DEM,141
Putnam,Philipstown 5,Philipstown Council Member,,Ned P. Rauch,Philipstown Focus,18
Putnam,Philipstown 5,Philipstown Council Member,,Nathaniel S. Prentice,DEM,160
Putnam,Philipstown 5,Philipstown Council Member,,Write-in,,5
Putnam,Philipstown 5,Philipstown Council Member,,Under Votes,,88
Putnam,Philipstown 5,Philipstown Council Member,,Over Votes,,0
Putnam,Philipstown 6,Philipstown Council Member,,Ned P. Rauch,DEM,167
Putnam,Philipstown 6,Philipstown Council Member,,Ned P. Rauch,Philipstown Focus,22
Putnam,Philipstown 6,Philipstown Council Member,,Nathaniel S. Prentice,DEM,189
Putnam,Philipstown 6,Philipstown Council Member,,Write-in,,7
Putnam,Philipstown 6,Philipstown Council Member,,Under Votes,,69
Putnam,Philipstown 6,Philipstown Council Member,,Over Votes,,0
Putnam,Philipstown 7,Philipstown Council Member,,Ned P. Rauch,DEM,204
Putnam,Philipstown 7,Philipstown Council Member,,Ned P. Rauch,Philipstown Focus,37
Putnam,Philipstown 7,Philipstown Council Member,,Nathaniel S. Prentice,DEM,218
Putnam,Philipstown 7,Philipstown Council Member,,Write-in,,6
Putnam,Philipstown 7,Philipstown Council Member,,Under Votes,,221
Putnam,Philipstown 7,Philipstown Council Member,,Over Votes,,0
Putnam,Philipstown 8,Philipstown Council Member,,Ned P. Rauch,Philipstown Focus,44
Putnam,Philipstown 8,Philipstown Council Member,,Ned P. Rauch,DEM,297
Putnam,Philipstown 8,Philipstown Council Member,,Nathaniel S. Prentice,DEM,332
Putnam,Philipstown 8,Philipstown Council Member,,Write-in,,9
Putnam,Philipstown 8,Philipstown Council Member,,Under Votes,,244
Putnam,Philipstown 8,Philipstown Council Member,,Over Votes,,0
Putnam,Philipstown 9,Philipstown Council Member,,Ned P. Rauch,DEM,97
Putnam,Philipstown 9,Philipstown Council Member,,Ned P. Rauch,Philipstown Focus,18
Putnam,Philipstown 9,Philipstown Council Member,,Nathaniel S. Prentice,DEM,107
Putnam,Philipstown 9,Philipstown Council Member,,Write-in,,0
Putnam,Philipstown 9,Philipstown Council Member,,Under Votes,,132
Putnam,Philipstown 9,Philipstown Council Member,,Over Votes,,0
Putnam,Philipstown 10,Philipstown Council Member,,Ned P. Rauch,Philipstown Focus,20
Putnam,Philipstown 10,Philipstown Council Member,,Ned P. Rauch,DEM,137
Putnam,Philipstown 10,Philipstown Council Member,,Nathaniel S. Prentice,DEM,166
Putnam,Philipstown 10,Philipstown Council Member,,Write-in,,5
Putnam,Philipstown 10,Philipstown Council Member,,Under Votes,,48
Putnam,Philipstown 10,Philipstown Council Member,,Over Votes,,0
Putnam,Philipstown 1,Philipstown Town Justice,,Frederick S. Clarke,DEM,216
Putnam,Philipstown 1,Philipstown Town Justice,,Write-in,,2
Putnam,Philipstown 1,Philipstown Town Justice,,Luke Hilpert,,32
Putnam,Philipstown 1,Philipstown Town Justice,,Under Votes,,51
Putnam,Philipstown 1,Philipstown Town Justice,,Over Votes,,1
Putnam,Philipstown 2,Philipstown Town Justice,,Frederick S. Clarke,DEM,145
Putnam,Philipstown 2,Philipstown Town Justice,,Write-in,,1
Putnam,Philipstown 2,Philipstown Town Justice,,Luke Hilpert,,27
Putnam,Philipstown 2,Philipstown Town Justice,,Under Votes,,47
Putnam,Philipstown 2,Philipstown Town Justice,,Over Votes,,0
Putnam,Philipstown 3,Philipstown Town Justice,,Frederick S. Clarke,DEM,535
Putnam,Philipstown 3,Philipstown Town Justice,,Write-in,,7
Putnam,Philipstown 3,Philipstown Town Justice,,Luke Hilpert,,106
Putnam,Philipstown 3,Philipstown Town Justice,,Under Votes,,135
Putnam,Philipstown 3,Philipstown Town Justice,,Over Votes,,2
Putnam,Philipstown 4,Philipstown Town Justice,,Frederick S. Clarke,DEM,145
Putnam,Philipstown 4,Philipstown Town Justice,,Write-in,,0
Putnam,Philipstown 4,Philipstown Town Justice,,Luke Hilpert,,3
Putnam,Philipstown 4,Philipstown Town Justice,,Under Votes,,60
Putnam,Philipstown 4,Philipstown Town Justice,,Over Votes,,0
Putnam,Philipstown 5,Philipstown Town Justice,,Frederick S. Clarke,DEM,123
Putnam,Philipstown 5,Philipstown Town Justice,,Write-in,,3
Putnam,Philipstown 5,Philipstown Town Justice,,Luke Hilpert,,37
Putnam,Philipstown 5,Philipstown Town Justice,,Under Votes,,43
Putnam,Philipstown 5,Philipstown Town Justice,,Over Votes,,0
Putnam,Philipstown 6,Philipstown Town Justice,,Frederick S. Clarke,DEM,167
Putnam,Philipstown 6,Philipstown Town Justice,,Write-in,,1
Putnam,Philipstown 6,Philipstown Town Justice,,Luke Hilpert,,27
Putnam,Philipstown 6,Philipstown Town Justice,,Under Votes,,32
Putnam,Philipstown 6,Philipstown Town Justice,,Over Votes,,0
Putnam,Philipstown 7,Philipstown Town Justice,,Frederick S. Clarke,DEM,203
Putnam,Philipstown 7,Philipstown Town Justice,,Write-in,,0
Putnam,Philipstown 7,Philipstown Town Justice,,Luke Hilpert,,41
Putnam,Philipstown 7,Philipstown Town Justice,,Under Votes,,99
Putnam,Philipstown 7,Philipstown Town Justice,,Over Votes,,0
Putnam,Philipstown 8,Philipstown Town Justice,,Frederick S. Clarke,DEM,311
Putnam,Philipstown 8,Philipstown Town Justice,,Write-in,,1
Putnam,Philipstown 8,Philipstown Town Justice,,Luke Hilpert,,46
Putnam,Philipstown 8,Philipstown Town Justice,,Under Votes,,105
Putnam,Philipstown 8,Philipstown Town Justice,,Over Votes,,0
Putnam,Philipstown 9,Philipstown Town Justice,,Frederick S. Clarke,DEM,112
Putnam,Philipstown 9,Philipstown Town Justice,,Write-in,,0
Putnam,Philipstown 9,Philipstown Town Justice,,Luke Hilpert,,5
Putnam,Philipstown 9,Philipstown Town Justice,,Under Votes,,60
Putnam,Philipstown 9,Philipstown Town Justice,,Over Votes,,0
Putnam,Philipstown 10,Philipstown Town Justice,,Frederick S. Clarke,DEM,136
Putnam,Philipstown 10,Philipstown Town Justice,,Write-in,,0
Putnam,Philipstown 10,Philipstown Town Justice,,Luke Hilpert,,32
Putnam,Philipstown 10,Philipstown Town Justice,,Under Votes,,20
Putnam,Philipstown 10,Philipstown Town Justice,,Over Votes,,0
Putnam,Putnam Valley 1,Putnam Valley Supervisor,,Alison Jolicoeur,DEM,110
Putnam,Putnam Valley 1,Putnam Valley Supervisor,,Alison Jolicoeur,WOR,11
Putnam,Putnam Valley 1,Putnam Valley Supervisor,,Jacqueline Annabi,CON,34
Putnam,Putnam Valley 1,Putnam Valley Supervisor,,Jacqueline Annabi,REP,117
Putnam,Putnam Valley 1,Putnam Valley Supervisor,,Write-in,,1
Putnam,Putnam Valley 1,Putnam Valley Supervisor,,Under Votes,,5
Putnam,Putnam Valley 1,Putnam Valley Supervisor,,Over Votes,,0
Putnam,Putnam Valley 2,Putnam Valley Supervisor,,Alison Jolicoeur,DEM,211
Putnam,Putnam Valley 2,Putnam Valley Supervisor,,Alison Jolicoeur,WOR,14
Putnam,Putnam Valley 2,Putnam Valley Supervisor,,Jacqueline Annabi,CON,32
Putnam,Putnam Valley 2,Putnam Valley Supervisor,,Jacqueline Annabi,REP,124
Putnam,Putnam Valley 2,Putnam Valley Supervisor,,Write-in,,9
Putnam,Putnam Valley 2,Putnam Valley Supervisor,,Under Votes,,6
Putnam,Putnam Valley 2,Putnam Valley Supervisor,,Over Votes,,0
Putnam,Putnam Valley 3,Putnam Valley Supervisor,,Alison Jolicoeur,WOR,25
Putnam,Putnam Valley 3,Putnam Valley Supervisor,,Alison Jolicoeur,DEM,152
Putnam,Putnam Valley 3,Putnam Valley Supervisor,,Jacqueline Annabi,CON,17
Putnam,Putnam Valley 3,Putnam Valley Supervisor,,Jacqueline Annabi,REP,103
Putnam,Putnam Valley 3,Putnam Valley Supervisor,,Write-in,,5
Putnam,Putnam Valley 3,Putnam Valley Supervisor,,Under Votes,,4
Putnam,Putnam Valley 3,Putnam Valley Supervisor,,Over Votes,,0
Putnam,Putnam Valley 4,Putnam Valley Supervisor,,Alison Jolicoeur,DEM,161
Putnam,Putnam Valley 4,Putnam Valley Supervisor,,Alison Jolicoeur,WOR,13
Putnam,Putnam Valley 4,Putnam Valley Supervisor,,Jacqueline Annabi,REP,130
Putnam,Putnam Valley 4,Putnam Valley Supervisor,,Jacqueline Annabi,CON,26
Putnam,Putnam Valley 4,Putnam Valley Supervisor,,Write-in,,0
Putnam,Putnam Valley 4,Putnam Valley Supervisor,,Under Votes,,5
Putnam,Putnam Valley 4,Putnam Valley Supervisor,,Over Votes,,0
Putnam,Putnam Valley 5,Putnam Valley Supervisor,,Alison Jolicoeur,DEM,78
Putnam,Putnam Valley 5,Putnam Valley Supervisor,,Alison Jolicoeur,WOR,6
Putnam,Putnam Valley 5,Putnam Valley Supervisor,,Jacqueline Annabi,CON,20
Putnam,Putnam Valley 5,Putnam Valley Supervisor,,Jacqueline Annabi,REP,147
Putnam,Putnam Valley 5,Putnam Valley Supervisor,,Write-in,,0
Putnam,Putnam Valley 5,Putnam Valley Supervisor,,Under Votes,,7
Putnam,Putnam Valley 5,Putnam Valley Supervisor,,Over Votes,,0
Putnam,Putnam Valley 6,Putnam Valley Supervisor,,Alison Jolicoeur,WOR,17
Putnam,Putnam Valley 6,Putnam Valley Supervisor,,Alison Jolicoeur,DEM,99
Putnam,Putnam Valley 6,Putnam Valley Supervisor,,Jacqueline Annabi,CON,31
Putnam,Putnam Valley 6,Putnam Valley Supervisor,,Jacqueline Annabi,REP,79
Putnam,Putnam Valley 6,Putnam Valley Supervisor,,Write-in,,0
Putnam,Putnam Valley 6,Putnam Valley Supervisor,,Under Votes,,1
Putnam,Putnam Valley 6,Putnam Valley Supervisor,,Over Votes,,0
Putnam,Putnam Valley 7,Putnam Valley Supervisor,,Alison Jolicoeur,WOR,10
Putnam,Putnam Valley 7,Putnam Valley Supervisor,,Alison Jolicoeur,DEM,123
Putnam,Putnam Valley 7,Putnam Valley Supervisor,,Jacqueline Annabi,CON,32
Putnam,Putnam Valley 7,Putnam Valley Supervisor,,Jacqueline Annabi,REP,102
Putnam,Putnam Valley 7,Putnam Valley Supervisor,,Write-in,,1
Putnam,Putnam Valley 7,Putnam Valley Supervisor,,Under Votes,,2
Putnam,Putnam Valley 7,Putnam Valley Supervisor,,Over Votes,,0
Putnam,Putnam Valley 8,Putnam Valley Supervisor,,Alison Jolicoeur,WOR,19
Putnam,Putnam Valley 8,Putnam Valley Supervisor,,Alison Jolicoeur,DEM,148
Putnam,Putnam Valley 8,Putnam Valley Supervisor,,Jacqueline Annabi,CON,41
Putnam,Putnam Valley 8,Putnam Valley Supervisor,,Jacqueline Annabi,REP,120
Putnam,Putnam Valley 8,Putnam Valley Supervisor,,Write-in,,1
Putnam,Putnam Valley 8,Putnam Valley Supervisor,,Under Votes,,1
Putnam,Putnam Valley 8,Putnam Valley Supervisor,,Over Votes,,0
Putnam,Putnam Valley 9,Putnam Valley Supervisor,,Alison Jolicoeur,DEM,150
Putnam,Putnam Valley 9,Putnam Valley Supervisor,,Alison Jolicoeur,WOR,8
Putnam,Putnam Valley 9,Putnam Valley Supervisor,,Jacqueline Annabi,CON,27
Putnam,Putnam Valley 9,Putnam Valley Supervisor,,Jacqueline Annabi,REP,139
Putnam,Putnam Valley 9,Putnam Valley Supervisor,,Write-in,,6
Putnam,Putnam Valley 9,Putnam Valley Supervisor,,Under Votes,,3
Putnam,Putnam Valley 9,Putnam Valley Supervisor,,Over Votes,,0
Putnam,Putnam Valley 10,Putnam Valley Supervisor,,Alison Jolicoeur,DEM,113
Putnam,Putnam Valley 10,Putnam Valley Supervisor,,Alison Jolicoeur,WOR,9
Putnam,Putnam Valley 10,Putnam Valley Supervisor,,Jacqueline Annabi,REP,114
Putnam,Putnam Valley 10,Putnam Valley Supervisor,,Jacqueline Annabi,CON,19
Putnam,Putnam Valley 10,Putnam Valley Supervisor,,Write-in,,0
Putnam,Putnam Valley 10,Putnam Valley Supervisor,,Under Votes,,4
Putnam,Putnam Valley 10,Putnam Valley Supervisor,,Over Votes,,0
Putnam,Putnam Valley 1,Putnam Valley Council Member,,C.J. Brooks,DEM,124
Putnam,Putnam Valley 1,Putnam Valley Council Member,,C.J. Brooks,WOR,11
Putnam,Putnam Valley 1,Putnam Valley Council Member,,Stacey E. Tompkins,REP,111
Putnam,Putnam Valley 1,Putnam Valley Council Member,,Stacey E. Tompkins,CON,33
Putnam,Putnam Valley 1,Putnam Valley Council Member,,Christian J. Russo,REP,113
Putnam,Putnam Valley 1,Putnam Valley Council Member,,Christian J. Russo,CON,34
Putnam,Putnam Valley 1,Putnam Valley Council Member,,Write-in,,3
Putnam,Putnam Valley 1,Putnam Valley Council Member,,Under Votes,,127
Putnam,Putnam Valley 1,Putnam Valley Council Member,,Over Votes,,0
Putnam,Putnam Valley 2,Putnam Valley Council Member,,C.J. Brooks,WOR,18
Putnam,Putnam Valley 2,Putnam Valley Council Member,,C.J. Brooks,DEM,222
Putnam,Putnam Valley 2,Putnam Valley Council Member,,Stacey E. Tompkins,CON,34
Putnam,Putnam Valley 2,Putnam Valley Council Member,,Stacey E. Tompkins,REP,135
Putnam,Putnam Valley 2,Putnam Valley Council Member,,Christian J. Russo,REP,151
Putnam,Putnam Valley 2,Putnam Valley Council Member,,Christian J. Russo,CON,38
Putnam,Putnam Valley 2,Putnam Valley Council Member,,Write-in,,2
Putnam,Putnam Valley 2,Putnam Valley Council Member,,Under Votes,,192
Putnam,Putnam Valley 2,Putnam Valley Council Member,,Over Votes,,0
Putnam,Putnam Valley 3,Putnam Valley Council Member,,C.J. Brooks,DEM,162
Putnam,Putnam Valley 3,Putnam Valley Council Member,,C.J. Brooks,WOR,25
Putnam,Putnam Valley 3,Putnam Valley Council Member,,Stacey E. Tompkins,CON,20
Putnam,Putnam Valley 3,Putnam Valley Council Member,,Stacey E. Tompkins,REP,112
Putnam,Putnam Valley 3,Putnam Valley Council Member,,Christian J. Russo,REP,110
Putnam,Putnam Valley 3,Putnam Valley Council Member,,Christian J. Russo,CON,19
Putnam,Putnam Valley 3,Putnam Valley Council Member,,Write-in,,1
Putnam,Putnam Valley 3,Putnam Valley Council Member,,Under Votes,,163
Putnam,Putnam Valley 3,Putnam Valley Council Member,,Over Votes,,0
Putnam,Putnam Valley 4,Putnam Valley Council Member,,C.J. Brooks,DEM,165
Putnam,Putnam Valley 4,Putnam Valley Council Member,,C.J. Brooks,WOR,9
Putnam,Putnam Valley 4,Putnam Valley Council Member,,Stacey E. Tompkins,CON,28
Putnam,Putnam Valley 4,Putnam Valley Council Member,,Stacey E. Tompkins,REP,139
Putnam,Putnam Valley 4,Putnam Valley Council Member,,Christian J. Russo,CON,27
Putnam,Putnam Valley 4,Putnam Valley Council Member,,Christian J. Russo,REP,137
Putnam,Putnam Valley 4,Putnam Valley Council Member,,Write-in,,2
Putnam,Putnam Valley 4,Putnam Valley Council Member,,Under Votes,,163
Putnam,Putnam Valley 4,Putnam Valley Council Member,,Over Votes,,0
Putnam,Putnam Valley 5,Putnam Valley Council Member,,C.J. Brooks,WOR,6
Putnam,Putnam Valley 5,Putnam Valley Council Member,,C.J. Brooks,DEM,90
Putnam,Putnam Valley 5,Putnam Valley Council Member,,Stacey E. Tompkins,REP,143
Putnam,Putnam Valley 5,Putnam Valley Council Member,,Stacey E. Tompkins,CON,19
Putnam,Putnam Valley 5,Putnam Valley Council Member,,Christian J. Russo,CON,25
Putnam,Putnam Valley 5,Putnam Valley Council Member,,Christian J. Russo,REP,130
Putnam,Putnam Valley 5,Putnam Valley Council Member,,Write-in,,0
Putnam,Putnam Valley 5,Putnam Valley Council Member,,Under Votes,,103
Putnam,Putnam Valley 5,Putnam Valley Council Member,,Over Votes,,0
Putnam,Putnam Valley 6,Putnam Valley Council Member,,C.J. Brooks,DEM,101
Putnam,Putnam Valley 6,Putnam Valley Council Member,,C.J. Brooks,WOR,10
Putnam,Putnam Valley 6,Putnam Valley Council Member,,Stacey E. Tompkins,CON,41
Putnam,Putnam Valley 6,Putnam Valley Council Member,,Stacey E. Tompkins,REP,83
Putnam,Putnam Valley 6,Putnam Valley Council Member,,Christian J. Russo,REP,92
Putnam,Putnam Valley 6,Putnam Valley Council Member,,Christian J. Russo,CON,38
Putnam,Putnam Valley 6,Putnam Valley Council Member,,Write-in,,1
Putnam,Putnam Valley 6,Putnam Valley Council Member,,Under Votes,,88
Putnam,Putnam Valley 6,Putnam Valley Council Member,,Over Votes,,0
Putnam,Putnam Valley 7,Putnam Valley Council Member,,C.J. Brooks,WOR,10
Putnam,Putnam Valley 7,Putnam Valley Council Member,,C.J. Brooks,DEM,116
Putnam,Putnam Valley 7,Putnam Valley Council Member,,Stacey E. Tompkins,CON,34
Putnam,Putnam Valley 7,Putnam Valley Council Member,,Stacey E. Tompkins,REP,105
Putnam,Putnam Valley 7,Putnam Valley Council Member,,Christian J. Russo,REP,108
Putnam,Putnam Valley 7,Putnam Valley Council Member,,Christian J. Russo,CON,32
Putnam,Putnam Valley 7,Putnam Valley Council Member,,Write-in,,3
Putnam,Putnam Valley 7,Putnam Valley Council Member,,Under Votes,,130
Putnam,Putnam Valley 7,Putnam Valley Council Member,,Over Votes,,2
Putnam,Putnam Valley 8,Putnam Valley Council Member,,C.J. Brooks,DEM,154
Putnam,Putnam Valley 8,Putnam Valley Council Member,,C.J. Brooks,WOR,17
Putnam,Putnam Valley 8,Putnam Valley Council Member,,Stacey E. Tompkins,REP,121
Putnam,Putnam Valley 8,Putnam Valley Council Member,,Stacey E. Tompkins,CON,41
Putnam,Putnam Valley 8,Putnam Valley Council Member,,Christian J. Russo,REP,134
Putnam,Putnam Valley 8,Putnam Valley Council Member,,Christian J. Russo,CON,50
Putnam,Putnam Valley 8,Putnam Valley Council Member,,Write-in,,2
Putnam,Putnam Valley 8,Putnam Valley Council Member,,Under Votes,,141
Putnam,Putnam Valley 8,Putnam Valley Council Member,,Over Votes,,0
Putnam,Putnam Valley 9,Putnam Valley Council Member,,C.J. Brooks,WOR,11
Putnam,Putnam Valley 9,Putnam Valley Council Member,,C.J. Brooks,DEM,153
Putnam,Putnam Valley 9,Putnam Valley Council Member,,Stacey E. Tompkins,REP,133
Putnam,Putnam Valley 9,Putnam Valley Council Member,,Stacey E. Tompkins,CON,40
Putnam,Putnam Valley 9,Putnam Valley Council Member,,Christian J. Russo,REP,140
Putnam,Putnam Valley 9,Putnam Valley Council Member,,Christian J. Russo,CON,39
Putnam,Putnam Valley 9,Putnam Valley Council Member,,Write-in,,2
Putnam,Putnam Valley 9,Putnam Valley Council Member,,Under Votes,,148
Putnam,Putnam Valley 9,Putnam Valley Council Member,,Over Votes,,0
Putnam,Putnam Valley 10,Putnam Valley Council Member,,C.J. Brooks,DEM,126
Putnam,Putnam Valley 10,Putnam Valley Council Member,,C.J. Brooks,WOR,6
Putnam,Putnam Valley 10,Putnam Valley Council Member,,Stacey E. Tompkins,REP,115
Putnam,Putnam Valley 10,Putnam Valley Council Member,,Stacey E. Tompkins,CON,18
Putnam,Putnam Valley 10,Putnam Valley Council Member,,Christian J. Russo,CON,21
Putnam,Putnam Valley 10,Putnam Valley Council Member,,Christian J. Russo,REP,112
Putnam,Putnam Valley 10,Putnam Valley Council Member,,Write-in,,1
Putnam,Putnam Valley 10,Putnam Valley Council Member,,Under Votes,,117
Putnam,Putnam Valley 10,Putnam Valley Council Member,,Over Votes,,2
Putnam,Putnam Valley 1,Putnam Valley Highway Superintendent,,Shawn M. Keeler,DEM,144
Putnam,Putnam Valley 1,Putnam Valley Highway Superintendent,,Shawn M. Keeler,CON,88
Putnam,Putnam Valley 1,Putnam Valley Highway Superintendent,,Write-in,,2
Putnam,Putnam Valley 1,Putnam Valley Highway Superintendent,,Under Votes,,44
Putnam,Putnam Valley 1,Putnam Valley Highway Superintendent,,Over Votes,,0
Putnam,Putnam Valley 2,Putnam Valley Highway Superintendent,,Shawn M. Keeler,DEM,243
Putnam,Putnam Valley 2,Putnam Valley Highway Superintendent,,Shawn M. Keeler,CON,110
Putnam,Putnam Valley 2,Putnam Valley Highway Superintendent,,Write-in,,5
Putnam,Putnam Valley 2,Putnam Valley Highway Superintendent,,Under Votes,,38
Putnam,Putnam Valley 2,Putnam Valley Highway Superintendent,,Over Votes,,0
Putnam,Putnam Valley 3,Putnam Valley Highway Superintendent,,Shawn M. Keeler,CON,68
Putnam,Putnam Valley 3,Putnam Valley Highway Superintendent,,Shawn M. Keeler,DEM,184
Putnam,Putnam Valley 3,Putnam Valley Highway Superintendent,,Write-in,,2
Putnam,Putnam Valley 3,Putnam Valley Highway Superintendent,,Under Votes,,52
Putnam,Putnam Valley 3,Putnam Valley Highway Superintendent,,Over Votes,,0
Putnam,Putnam Valley 4,Putnam Valley Highway Superintendent,,Shawn M. Keeler,CON,96
Putnam,Putnam Valley 4,Putnam Valley Highway Superintendent,,Shawn M. Keeler,DEM,180
Putnam,Putnam Valley 4,Putnam Valley Highway Superintendent,,Write-in,,1
Putnam,Putnam Valley 4,Putnam Valley Highway Superintendent,,Under Votes,,58
Putnam,Putnam Valley 4,Putnam Valley Highway Superintendent,,Over Votes,,0
Putnam,Putnam Valley 5,Putnam Valley Highway Superintendent,,Shawn M. Keeler,DEM,105
Putnam,Putnam Valley 5,Putnam Valley Highway Superintendent,,Shawn M. Keeler,CON,71
Putnam,Putnam Valley 5,Putnam Valley Highway Superintendent,,Write-in,,0
Putnam,Putnam Valley 5,Putnam Valley Highway Superintendent,,Under Votes,,82
Putnam,Putnam Valley 5,Putnam Valley Highway Superintendent,,Over Votes,,0
Putnam,Putnam Valley 6,Putnam Valley Highway Superintendent,,Shawn M. Keeler,DEM,118
Putnam,Putnam Valley 6,Putnam Valley Highway Superintendent,,Shawn M. Keeler,CON,71
Putnam,Putnam Valley 6,Putnam Valley Highway Superintendent,,Write-in,,1
Putnam,Putnam Valley 6,Putnam Valley Highway Superintendent,,Under Votes,,37
Putnam,Putnam Valley 6,Putnam Valley Highway Superintendent,,Over Votes,,0
Putnam,Putnam Valley 7,Putnam Valley Highway Superintendent,,Shawn M. Keeler,DEM,137
Putnam,Putnam Valley 7,Putnam Valley Highway Superintendent,,Shawn M. Keeler,CON,82
Putnam,Putnam Valley 7,Putnam Valley Highway Superintendent,,Write-in,,1
Putnam,Putnam Valley 7,Putnam Valley Highway Superintendent,,Under Votes,,49
Putnam,Putnam Valley 7,Putnam Valley Highway Superintendent,,Over Votes,,1
Putnam,Putnam Valley 8,Putnam Valley Highway Superintendent,,Shawn M. Keeler,DEM,184
Putnam,Putnam Valley 8,Putnam Valley Highway Superintendent,,Shawn M. Keeler,CON,110
Putnam,Putnam Valley 8,Putnam Valley Highway Superintendent,,Write-in,,1
Putnam,Putnam Valley 8,Putnam Valley Highway Superintendent,,Under Votes,,35
Putnam,Putnam Valley 8,Putnam Valley Highway Superintendent,,Over Votes,,0
Putnam,Putnam Valley 9,Putnam Valley Highway Superintendent,,Shawn M. Keeler,CON,103
Putnam,Putnam Valley 9,Putnam Valley Highway Superintendent,,Shawn M. Keeler,DEM,166
Putnam,Putnam Valley 9,Putnam Valley Highway Superintendent,,Write-in,,4
Putnam,Putnam Valley 9,Putnam Valley Highway Superintendent,,Under Votes,,60
Putnam,Putnam Valley 9,Putnam Valley Highway Superintendent,,Over Votes,,0
Putnam,Putnam Valley 10,Putnam Valley Highway Superintendent,,Shawn M. Keeler,DEM,132
Putnam,Putnam Valley 10,Putnam Valley Highway Superintendent,,Shawn M. Keeler,CON,75
Putnam,Putnam Valley 10,Putnam Valley Highway Superintendent,,Write-in,,4
Putnam,Putnam Valley 10,Putnam Valley Highway Superintendent,,Under Votes,,48
Putnam,Putnam Valley 10,Putnam Valley Highway Superintendent,,Over Votes,,0
Putnam,Southeast 1,Southeast Council Member,,Eric N. Cyprus,CON,41
Putnam,Southeast 1,Southeast Council Member,,Eric N. Cyprus,REP,147
Putnam,Southeast 1,Southeast Council Member,,Eric J. Larca,REP,142
Putnam,Southeast 1,Southeast Council Member,,Eric J. Larca,CON,42
Putnam,Southeast 1,Southeast Council Member,,Write-in,,0
Putnam,Southeast 1,Southeast Council Member,,Under Votes,,222
Putnam,Southeast 1,Southeast Council Member,,Over Votes,,0
Putnam,Southeast 2,Southeast Council Member,,Eric N. Cyprus,REP,67
Putnam,Southeast 2,Southeast Council Member,,Eric N. Cyprus,CON,34
Putnam,Southeast 2,Southeast Council Member,,Eric J. Larca,REP,67
Putnam,Southeast 2,Southeast Council Member,,Eric J. Larca,CON,33
Putnam,Southeast 2,Southeast Council Member,,Write-in,,2
Putnam,Southeast 2,Southeast Council Member,,Under Votes,,145
Putnam,Southeast 2,Southeast Council Member,,Over Votes,,0
Putnam,Southeast 3,Southeast Council Member,,Eric N. Cyprus,CON,25
Putnam,Southeast 3,Southeast Council Member,,Eric N. Cyprus,REP,134
Putnam,Southeast 3,Southeast Council Member,,Eric J. Larca,CON,25
Putnam,Southeast 3,Southeast Council Member,,Eric J. Larca,REP,122
Putnam,Southeast 3,Southeast Council Member,,Write-in,,0
Putnam,Southeast 3,Southeast Council Member,,Under Votes,,166
Putnam,Southeast 3,Southeast Council Member,,Over Votes,,0
Putnam,Southeast 4,Southeast Council Member,,Eric N. Cyprus,CON,24
Putnam,Southeast 4,Southeast Council Member,,Eric N. Cyprus,REP,77
Putnam,Southeast 4,Southeast Council Member,,Eric J. Larca,CON,23
Putnam,Southeast 4,Southeast Council Member,,Eric J. Larca,REP,82
Putnam,Southeast 4,Southeast Council Member,,Write-in,,11
Putnam,Southeast 4,Southeast Council Member,,Under Votes,,143
Putnam,Southeast 4,Southeast Council Member,,Over Votes,,0
Putnam,Southeast 5,Southeast Council Member,,Eric N. Cyprus,CON,11
Putnam,Southeast 5,Southeast Council Member,,Eric N. Cyprus,REP,57
Putnam,Southeast 5,Southeast Council Member,,Eric J. Larca,CON,13
Putnam,Southeast 5,Southeast Council Member,,Eric J. Larca,REP,56
Putnam,Southeast 5,Southeast Council Member,,Write-in,,0
Putnam,Southeast 5,Southeast Council Member,,Under Votes,,107
Putnam,Southeast 5,Southeast Council Member,,Over Votes,,0
Putnam,Southeast 6,Southeast Council Member,,Eric N. Cyprus,REP,150
Putnam,Southeast 6,Southeast Council Member,,Eric N. Cyprus,CON,42
Putnam,Southeast 6,Southeast Council Member,,Eric J. Larca,REP,150
Putnam,Southeast 6,Southeast Council Member,,Eric J. Larca,CON,45
Putnam,Southeast 6,Southeast Council Member,,Write-in,,5
Putnam,Southeast 6,Southeast Council Member,,Under Votes,,180
Putnam,Southeast 6,Southeast Council Member,,Over Votes,,0
Putnam,Southeast 7,Southeast Council Member,,Eric N. Cyprus,REP,189
Putnam,Southeast 7,Southeast Council Member,,Eric N. Cyprus,CON,45
Putnam,Southeast 7,Southeast Council Member,,Eric J. Larca,CON,52
Putnam,Southeast 7,Southeast Council Member,,Eric J. Larca,REP,173
Putnam,Southeast 7,Southeast Council Member,,Write-in,,3
Putnam,Southeast 7,Southeast Council Member,,Under Votes,,262
Putnam,Southeast 7,Southeast Council Member,,Over Votes,,0
Putnam,Southeast 8,Southeast Council Member,,Eric N. Cyprus,CON,45
Putnam,Southeast 8,Southeast Council Member,,Eric N. Cyprus,REP,179
Putnam,Southeast 8,Southeast Council Member,,Eric J. Larca,REP,181
Putnam,Southeast 8,Southeast Council Member,,Eric J. Larca,CON,49
Putnam,Southeast 8,Southeast Council Member,,Write-in,,0
Putnam,Southeast 8,Southeast Council Member,,Under Votes,,232
Putnam,Southeast 8,Southeast Council Member,,Over Votes,,0
Putnam,Southeast 9,Southeast Council Member,,Eric N. Cyprus,REP,101
Putnam,Southeast 9,Southeast Council Member,,Eric N. Cyprus,CON,35
Putnam,Southeast 9,Southeast Council Member,,Eric J. Larca,CON,36
Putnam,Southeast 9,Southeast Council Member,,Eric J. Larca,REP,110
Putnam,Southeast 9,Southeast Council Member,,Write-in,,10
Putnam,Southeast 9,Southeast Council Member,,Under Votes,,168
Putnam,Southeast 9,Southeast Council Member,,Over Votes,,0
Putnam,Southeast 10,Southeast Council Member,,Eric N. Cyprus,REP,151
Putnam,Southeast 10,Southeast Council Member,,Eric N. Cyprus,CON,38
Putnam,Southeast 10,Southeast Council Member,,Eric J. Larca,CON,32
Putnam,Southeast 10,Southeast Council Member,,Eric J. Larca,REP,150
Putnam,Southeast 10,Southeast Council Member,,Write-in,,1
Putnam,Southeast 10,Southeast Council Member,,Under Votes,,174
Putnam,Southeast 10,Southeast Council Member,,Over Votes,,0
Putnam,Southeast 11,Southeast Council Member,,Eric N. Cyprus,REP,132
Putnam,Southeast 11,Southeast Council Member,,Eric N. Cyprus,CON,35
Putnam,Southeast 11,Southeast Council Member,,Eric J. Larca,CON,35
Putnam,Southeast 11,Southeast Council Member,,Eric J. Larca,REP,141
Putnam,Southeast 11,Southeast Council Member,,Write-in,,0
Putnam,Southeast 11,Southeast Council Member,,Under Votes,,201
Putnam,Southeast 11,Southeast Council Member,,Over Votes,,0
Putnam,Southeast 12,Southeast Council Member,,Eric N. Cyprus,CON,15
Putnam,Southeast 12,Southeast Council Member,,Eric N. Cyprus,REP,83
Putnam,Southeast 12,Southeast Council Member,,Eric J. Larca,REP,83
Putnam,Southeast 12,Southeast Council Member,,Eric J. Larca,CON,14
Putnam,Southeast 12,Southeast Council Member,,Write-in,,2
Putnam,Southeast 12,Southeast Council Member,,Under Votes,,135
Putnam,Southeast 12,Southeast Council Member,,Over Votes,,0
Putnam,Southeast 13,Southeast Council Member,,Eric N. Cyprus,REP,85
Putnam,Southeast 13,Southeast Council Member,,Eric N. Cyprus,CON,22
Putnam,Southeast 13,Southeast Council Member,,Eric J. Larca,CON,29
Putnam,Southeast 13,Southeast Council Member,,Eric J. Larca,REP,79
Putnam,Southeast 13,Southeast Council Member,,Write-in,,0
Putnam,Southeast 13,Southeast Council Member,,Under Votes,,187
Putnam,Southeast 13,Southeast Council Member,,Over Votes,,0
Putnam,Southeast 14,Southeast Council Member,,Eric N. Cyprus,REP,144
Putnam,Southeast 14,Southeast Council Member,,Eric N. Cyprus,CON,34
Putnam,Southeast 14,Southeast Council Member,,Eric J. Larca,CON,32
Putnam,Southeast 14,Southeast Council Member,,Eric J. Larca,REP,144
Putnam,Southeast 14,Southeast Council Member,,Write-in,,8
Putnam,Southeast 14,Southeast Council Member,,Under Votes,,228
Putnam,Southeast 14,Southeast Council Member,,Over Votes,,0
Putnam,Southeast 1,Southeast Town Justice,,Gregory L. Folchetti,CON,39
Putnam,Southeast 1,Southeast Town Justice,,Gregory L. Folchetti,REP,157
Putnam,Southeast 1,Southeast Town Justice,,Louis Gasparini,REP,148
Putnam,Southeast 1,Southeast Town Justice,,Louis Gasparini,CON,39
Putnam,Southeast 1,Southeast Town Justice,,Write-in,,0
Putnam,Southeast 1,Southeast Town Justice,,Under Votes,,211
Putnam,Southeast 1,Southeast Town Justice,,Over Votes,,0
Putnam,Southeast 2,Southeast Town Justice,,Gregory L. Folchetti,REP,81
Putnam,Southeast 2,Southeast Town Justice,,Gregory L. Folchetti,CON,36
Putnam,Southeast 2,Southeast Town Justice,,Louis Gasparini,REP,68
Putnam,Southeast 2,Southeast Town Justice,,Louis Gasparini,CON,33
Putnam,Southeast 2,Southeast Town Justice,,Write-in,,2
Putnam,Southeast 2,Southeast Town Justice,,Under Votes,,128
Putnam,Southeast 2,Southeast Town Justice,,Over Votes,,0
Putnam,Southeast 3,Southeast Town Justice,,Gregory L. Folchetti,REP,132
Putnam,Southeast 3,Southeast Town Justice,,Gregory L. Folchetti,CON,27
Putnam,Southeast 3,Southeast Town Justice,,Louis Gasparini,CON,30
Putnam,Southeast 3,Southeast Town Justice,,Louis Gasparini,REP,125
Putnam,Southeast 3,Southeast Town Justice,,Write-in,,0
Putnam,Southeast 3,Southeast Town Justice,,Under Votes,,158
Putnam,Southeast 3,Southeast Town Justice,,Over Votes,,0
Putnam,Southeast 4,Southeast Town Justice,,Gregory L. Folchetti,REP,74
Putnam,Southeast 4,Southeast Town Justice,,Gregory L. Folchetti,CON,29
Putnam,Southeast 4,Southeast Town Justice,,Louis Gasparini,REP,75
Putnam,Southeast 4,Southeast Town Justice,,Louis Gasparini,CON,29
Putnam,Southeast 4,Southeast Town Justice,,Write-in,,14
Putnam,Southeast 4,Southeast Town Justice,,Under Votes,,139
Putnam,Southeast 4,Southeast Town Justice,,Over Votes,,0
Putnam,Southeast 5,Southeast Town Justice,,Gregory L. Folchetti,CON,14
Putnam,Southeast 5,Southeast Town Justice,,Gregory L. Folchetti,REP,65
Putnam,Southeast 5,Southeast Town Justice,,Louis Gasparini,REP,55
Putnam,Southeast 5,Southeast Town Justice,,Louis Gasparini,CON,17
Putnam,Southeast 5,Southeast Town Justice,,Write-in,,0
Putnam,Southeast 5,Southeast Town Justice,,Under Votes,,93
Putnam,Southeast 5,Southeast Town Justice,,Over Votes,,0
Putnam,Southeast 6,Southeast Town Justice,,Gregory L. Folchetti,REP,164
Putnam,Southeast 6,Southeast Town Justice,,Gregory L. Folchetti,CON,40
Putnam,Southeast 6,Southeast Town Justice,,Louis Gasparini,REP,153
Putnam,Southeast 6,Southeast Town Justice,,Louis Gasparini,CON,41
Putnam,Southeast 6,Southeast Town Justice,,Write-in,,0
Putnam,Southeast 6,Southeast Town Justice,,Under Votes,,174
Putnam,Southeast 6,Southeast Town Justice,,Over Votes,,0
Putnam,Southeast 7,Southeast Town Justice,,Gregory L. Folchetti,REP,187
Putnam,Southeast 7,Southeast Town Justice,,Gregory L. Folchetti,CON,52
Putnam,Southeast 7,Southeast Town Justice,,Louis Gasparini,REP,180
Putnam,Southeast 7,Southeast Town Justice,,Louis Gasparini,CON,51
Putnam,Southeast 7,Southeast Town Justice,,Write-in,,4
Putnam,Southeast 7,Southeast Town Justice,,Under Votes,,250
Putnam,Southeast 7,Southeast Town Justice,,Over Votes,,0
Putnam,Southeast 8,Southeast Town Justice,,Gregory L. Folchetti,CON,48
Putnam,Southeast 8,Southeast Town Justice,,Gregory L. Folchetti,REP,187
Putnam,Southeast 8,Southeast Town Justice,,Louis Gasparini,REP,181
Putnam,Southeast 8,Southeast Town Justice,,Louis Gasparini,CON,46
Putnam,Southeast 8,Southeast Town Justice,,Write-in,,0
Putnam,Southeast 8,Southeast Town Justice,,Under Votes,,224
Putnam,Southeast 8,Southeast Town Justice,,Over Votes,,0
Putnam,Southeast 9,Southeast Town Justice,,Gregory L. Folchetti,CON,35
Putnam,Southeast 9,Southeast Town Justice,,Gregory L. Folchetti,REP,108
Putnam,Southeast 9,Southeast Town Justice,,Louis Gasparini,CON,30
Putnam,Southeast 9,Southeast Town Justice,,Louis Gasparini,REP,93
Putnam,Southeast 9,Southeast Town Justice,,Write-in,,3
Putnam,Southeast 9,Southeast Town Justice,,Under Votes,,191
Putnam,Southeast 9,Southeast Town Justice,,Over Votes,,0
Putnam,Southeast 10,Southeast Town Justice,,Gregory L. Folchetti,CON,39
Putnam,Southeast 10,Southeast Town Justice,,Gregory L. Folchetti,REP,148
Putnam,Southeast 10,Southeast Town Justice,,Louis Gasparini,CON,44
Putnam,Southeast 10,Southeast Town Justice,,Louis Gasparini,REP,141
Putnam,Southeast 10,Southeast Town Justice,,Write-in,,1
Putnam,Southeast 10,Southeast Town Justice,,Under Votes,,173
Putnam,Southeast 10,Southeast Town Justice,,Over Votes,,0
Putnam,Southeast 11,Southeast Town Justice,,Gregory L. Folchetti,REP,147
Putnam,Southeast 11,Southeast Town Justice,,Gregory L. Folchetti,CON,34
Putnam,Southeast 11,Southeast Town Justice,,Louis Gasparini,REP,141
Putnam,Southeast 11,Southeast Town Justice,,Louis Gasparini,CON,30
Putnam,Southeast 11,Southeast Town Justice,,Write-in,,0
Putnam,Southeast 11,Southeast Town Justice,,Under Votes,,192
Putnam,Southeast 11,Southeast Town Justice,,Over Votes,,0
Putnam,Southeast 12,Southeast Town Justice,,Gregory L. Folchetti,CON,16
Putnam,Southeast 12,Southeast Town Justice,,Gregory L. Folchetti,REP,85
Putnam,Southeast 12,Southeast Town Justice,,Louis Gasparini,CON,15
Putnam,Southeast 12,Southeast Town Justice,,Louis Gasparini,REP,77
Putnam,Southeast 12,Southeast Town Justice,,Write-in,,2
Putnam,Southeast 12,Southeast Town Justice,,Under Votes,,135
Putnam,Southeast 12,Southeast Town Justice,,Over Votes,,2
Putnam,Southeast 13,Southeast Town Justice,,Gregory L. Folchetti,CON,26
Putnam,Southeast 13,Southeast Town Justice,,Gregory L. Folchetti,REP,88
Putnam,Southeast 13,Southeast Town Justice,,Louis Gasparini,CON,25
Putnam,Southeast 13,Southeast Town Justice,,Louis Gasparini,REP,79
Putnam,Southeast 13,Southeast Town Justice,,Write-in,,0
Putnam,Southeast 13,Southeast Town Justice,,Under Votes,,184
Putnam,Southeast 13,Southeast Town Justice,,Over Votes,,0
Putnam,Southeast 14,Southeast Town Justice,,Gregory L. Folchetti,CON,35
Putnam,Southeast 14,Southeast Town Justice,,Gregory L. Folchetti,REP,161
Putnam,Southeast 14,Southeast Town Justice,,Louis Gasparini,CON,30
Putnam,Southeast 14,Southeast Town Justice,,Louis Gasparini,REP,151
Putnam,Southeast 14,Southeast Town Justice,,Write-in,,4
Putnam,Southeast 14,Southeast Town Justice,,Under Votes,,209
Putnam,Southeast 14,Southeast Town Justice,,Over Votes,,0
Putnam,Southeast 1,"Proposal Two, Town Proposition One - Southeast",,Yes,,196
Putnam,Southeast 1,"Proposal Two, Town Proposition One - Southeast",,No,,95
Putnam,Southeast 1,"Proposal Two, Town Proposition One - Southeast",,Under Votes,,6
Putnam,Southeast 1,"Proposal Two, Town Proposition One - Southeast",,Over Votes,,0
Putnam,Southeast 2,"Proposal Two, Town Proposition One - Southeast",,Yes,,127
Putnam,Southeast 2,"Proposal Two, Town Proposition One - Southeast",,No,,36
Putnam,Southeast 2,"Proposal Two, Town Proposition One - Southeast",,Under Votes,,11
Putnam,Southeast 2,"Proposal Two, Town Proposition One - Southeast",,Over Votes,,0
Putnam,Southeast 3,"Proposal Two, Town Proposition One - Southeast",,Yes,,131
Putnam,Southeast 3,"Proposal Two, Town Proposition One - Southeast",,No,,90
Putnam,Southeast 3,"Proposal Two, Town Proposition One - Southeast",,Under Votes,,15
Putnam,Southeast 3,"Proposal Two, Town Proposition One - Southeast",,Over Votes,,0
Putnam,Southeast 4,"Proposal Two, Town Proposition One - Southeast",,Yes,,121
Putnam,Southeast 4,"Proposal Two, Town Proposition One - Southeast",,No,,54
Putnam,Southeast 4,"Proposal Two, Town Proposition One - Southeast",,Under Votes,,5
Putnam,Southeast 4,"Proposal Two, Town Proposition One - Southeast",,Over Votes,,0
Putnam,Southeast 5,"Proposal Two, Town Proposition One - Southeast",,Yes,,86
Putnam,Southeast 5,"Proposal Two, Town Proposition One - Southeast",,No,,29
Putnam,Southeast 5,"Proposal Two, Town Proposition One - Southeast",,Under Votes,,7
Putnam,Southeast 5,"Proposal Two, Town Proposition One - Southeast",,Over Votes,,0
Putnam,Southeast 6,"Proposal Two, Town Proposition One - Southeast",,Yes,,197
Putnam,Southeast 6,"Proposal Two, Town Proposition One - Southeast",,No,,84
Putnam,Southeast 6,"Proposal Two, Town Proposition One - Southeast",,Under Votes,,5
Putnam,Southeast 6,"Proposal Two, Town Proposition One - Southeast",,Over Votes,,0
Putnam,Southeast 7,"Proposal Two, Town Proposition One - Southeast",,Yes,,224
Putnam,Southeast 7,"Proposal Two, Town Proposition One - Southeast",,No,,123
Putnam,Southeast 7,"Proposal Two, Town Proposition One - Southeast",,Under Votes,,15
Putnam,Southeast 7,"Proposal Two, Town Proposition One - Southeast",,Over Votes,,0
Putnam,Southeast 8,"Proposal Two, Town Proposition One - Southeast",,Yes,,217
Putnam,Southeast 8,"Proposal Two, Town Proposition One - Southeast",,No,,97
Putnam,Southeast 8,"Proposal Two, Town Proposition One - Southeast",,Under Votes,,29
Putnam,Southeast 8,"Proposal Two, Town Proposition One - Southeast",,Over Votes,,0
Putnam,Southeast 9,"Proposal Two, Town Proposition One - Southeast",,Yes,,172
Putnam,Southeast 9,"Proposal Two, Town Proposition One - Southeast",,No,,43
Putnam,Southeast 9,"Proposal Two, Town Proposition One - Southeast",,Under Votes,,15
Putnam,Southeast 9,"Proposal Two, Town Proposition One - Southeast",,Over Votes,,0
Putnam,Southeast 10,"Proposal Two, Town Proposition One - Southeast",,Yes,,171
Putnam,Southeast 10,"Proposal Two, Town Proposition One - Southeast",,No,,90
Putnam,Southeast 10,"Proposal Two, Town Proposition One - Southeast",,Under Votes,,12
Putnam,Southeast 10,"Proposal Two, Town Proposition One - Southeast",,Over Votes,,0
Putnam,Southeast 11,"Proposal Two, Town Proposition One - Southeast",,Yes,,159
Putnam,Southeast 11,"Proposal Two, Town Proposition One - Southeast",,No,,100
Putnam,Southeast 11,"Proposal Two, Town Proposition One - Southeast",,Under Votes,,13
Putnam,Southeast 11,"Proposal Two, Town Proposition One - Southeast",,Over Votes,,0
Putnam,Southeast 12,"Proposal Two, Town Proposition One - Southeast",,Yes,,104
Putnam,Southeast 12,"Proposal Two, Town Proposition One - Southeast",,No,,41
Putnam,Southeast 12,"Proposal Two, Town Proposition One - Southeast",,Under Votes,,21
Putnam,Southeast 12,"Proposal Two, Town Proposition One - Southeast",,Over Votes,,0
Putnam,Southeast 13,"Proposal Two, Town Proposition One - Southeast",,Yes,,146
Putnam,Southeast 13,"Proposal Two, Town Proposition One - Southeast",,No,,51
Putnam,Southeast 13,"Proposal Two, Town Proposition One - Southeast",,Under Votes,,4
Putnam,Southeast 13,"Proposal Two, Town Proposition One - Southeast",,Over Votes,,0
Putnam,Southeast 14,"Proposal Two, Town Proposition One - Southeast",,Yes,,192
Putnam,Southeast 14,"Proposal Two, Town Proposition One - Southeast",,No,,90
Putnam,Southeast 14,"Proposal Two, Town Proposition One - Southeast",,Under Votes,,13
Putnam,Southeast 14,"Proposal Two, Town Proposition One - Southeast",,Over Votes,,0
Putnam,Southeast 2,Village Brewster Mayor,,James J. Schoenig,Best for Brewster,103
Putnam,Southeast 2,Village Brewster Mayor,,Write-in,,4
Putnam,Southeast 2,Village Brewster Mayor,,Under Votes,,67
Putnam,Southeast 2,Village Brewster Mayor,,Over Votes,,0
Putnam,Southeast 2,Village Brewster Village Trustee,,Christine M. Piccini,Best for Brewster,106
Putnam,Southeast 2,Village Brewster Village Trustee,,George J. Gaspar,Best for Brewster,97
Putnam,Southeast 2,Village Brewster Village Trustee,,Write-in,,1
Putnam,Southeast 2,Village Brewster Village Trustee,,Under Votes,,144
Putnam,Southeast 2,Village Brewster Village Trustee,,Over Votes,,0
Putnam,Southeast 2,Village Brewster Village Justice,,Andrew W. Negro,Best for Brewster,95
Putnam,Southeast 2,Village Brewster Village Justice,,Write-in,,0
Putnam,Southeast 2,Village Brewster Village Justice,,Under Votes,,79
Putnam,Southeast 2,Village Brewster Village Justice,,Over Votes,,0
Putnam,Philipstown 3,Village Cold Spring Mayor,,Kathleen E. Foley,Forge Ahead,553
Putnam,Philipstown 3,Village Cold Spring Mayor,,Write-in,,21
Putnam,Philipstown 3,Village Cold Spring Mayor,,Under Votes,,211
Putnam,Philipstown 3,Village Cold Spring Mayor,,Over Votes,,0
Putnam,Philipstown 3,Village Cold Spring Village Trustee,,Andrew E. Hall,The Village Party,478
Putnam,Philipstown 3,Village Cold Spring Village Trustee,,John A. Bardes,Garden Party,448
Putnam,Philipstown 3,Village Cold Spring Village Trustee,,Write-in,,15
Putnam,Philipstown 3,Village Cold Spring Village Trustee,,Under Votes,,629
Putnam,Philipstown 3,Village Cold Spring Village Trustee,,Over Votes,,0
Putnam,Philipstown 3,Village Cold Spring Village Justice,,Write-in,,49
Putnam,Philipstown 3,Village Cold Spring Village Justice,,Luke Hilpert,,262
Putnam,Philipstown 3,Village Cold Spring Village Justice,,Under Votes,,474
Putnam,Philipstown 3,Village Cold Spring Village Justice,,Over Votes,,0
