county,precinct,office,district,party,candidate,votes
Onondaga,1st Ward 1,President,,DEM,Kamala D. Harris,240
Onondaga,1st Ward 1,President,,REP,Donald J. Trump,145
Onondaga,1st Ward 1,President,,CON,Donald J. Trump,26
Onondaga,1st Ward 1,President,,WOR,Kamala D. Harris,26
Onondaga,1st Ward 1,President,,,Write-in,4
Onondaga,1st Ward 1,U.S. Senate,,DEM,Kirsten E. Gillibrand,244
Onondaga,1st Ward 1,U.S. Senate,,REP,Michael D. Sapraicone,119
Onondaga,1st Ward 1,U.S. Senate,,CON,Michael D. Sapraicone,31
Onondaga,1st Ward 1,U.S. Senate,,WOR,Kirsten E. Gillibrand,31
Onondaga,1st Ward 1,U.S. Senate,,LAR,Diane Sare,2
Onondaga,1st Ward 1,U.S. Senate,,,Write-in,1
Onondaga,1st Ward 1,U.S. House,22,DEM,John W. Mannion,251
Onondaga,1st Ward 1,U.S. House,22,REP,Brandon M. Williams,120
Onondaga,1st Ward 1,U.S. House,22,CON,Brandon M. Williams,30
Onondaga,1st Ward 1,U.S. House,22,WOR,John W. Mannion,31
Onondaga,1st Ward 1,U.S. House,22,,Write-in,2
Onondaga,1st Ward 1,State Senate,48,DEM,Rachel May,239
Onondaga,1st Ward 1,State Senate,48,REP,Caleb C. Slater,142
Onondaga,1st Ward 1,State Senate,48,WOR,Rachel May,38
Onondaga,1st Ward 1,State Assembly,129,DEM,William B. Magnarelli,328
Onondaga,1st Ward 1,State Assembly,129,,Write-in,6
Onondaga,1st Ward 2,President,,DEM,Kamala D. Harris,208
Onondaga,1st Ward 2,President,,REP,Donald J. Trump,138
Onondaga,1st Ward 2,President,,CON,Donald J. Trump,7
Onondaga,1st Ward 2,President,,WOR,Kamala D. Harris,18
Onondaga,1st Ward 2,U.S. Senate,,DEM,Kirsten E. Gillibrand,199
Onondaga,1st Ward 2,U.S. Senate,,REP,Michael D. Sapraicone,117
Onondaga,1st Ward 2,U.S. Senate,,CON,Michael D. Sapraicone,12
Onondaga,1st Ward 2,U.S. Senate,,WOR,Kirsten E. Gillibrand,24
Onondaga,1st Ward 2,U.S. Senate,,LAR,Diane Sare,2
Onondaga,1st Ward 2,U.S. House,22,DEM,John W. Mannion,199
Onondaga,1st Ward 2,U.S. House,22,REP,Brandon M. Williams,122
Onondaga,1st Ward 2,U.S. House,22,CON,Brandon M. Williams,13
Onondaga,1st Ward 2,U.S. House,22,WOR,John W. Mannion,22
Onondaga,1st Ward 2,State Senate,48,DEM,Rachel May,206
Onondaga,1st Ward 2,State Senate,48,REP,Caleb C. Slater,117
Onondaga,1st Ward 2,State Senate,48,WOR,Rachel May,28
Onondaga,1st Ward 2,State Senate,48,,Write-in,1
Onondaga,1st Ward 2,State Assembly,129,DEM,William B. Magnarelli,263
Onondaga,1st Ward 2,State Assembly,129,,Write-in,4
Onondaga,1st Ward 3,President,,DEM,Kamala D. Harris,154
Onondaga,1st Ward 3,President,,REP,Donald J. Trump,88
Onondaga,1st Ward 3,President,,CON,Donald J. Trump,5
Onondaga,1st Ward 3,President,,WOR,Kamala D. Harris,5
Onondaga,1st Ward 3,President,,,Write-in,2
Onondaga,1st Ward 3,U.S. Senate,,DEM,Kirsten E. Gillibrand,150
Onondaga,1st Ward 3,U.S. Senate,,REP,Michael D. Sapraicone,73
Onondaga,1st Ward 3,U.S. Senate,,CON,Michael D. Sapraicone,7
Onondaga,1st Ward 3,U.S. Senate,,WOR,Kirsten E. Gillibrand,8
Onondaga,1st Ward 3,U.S. Senate,,LAR,Diane Sare,2
Onondaga,1st Ward 3,U.S. House,22,DEM,John W. Mannion,148
Onondaga,1st Ward 3,U.S. House,22,REP,Brandon M. Williams,76
Onondaga,1st Ward 3,U.S. House,22,CON,Brandon M. Williams,7
Onondaga,1st Ward 3,U.S. House,22,WOR,John W. Mannion,10
Onondaga,1st Ward 3,State Senate,48,DEM,Rachel May,158
Onondaga,1st Ward 3,State Senate,48,REP,Caleb C. Slater,74
Onondaga,1st Ward 3,State Senate,48,WOR,Rachel May,9
Onondaga,1st Ward 3,State Assembly,129,DEM,William B. Magnarelli,170
Onondaga,1st Ward 4,President,,DEM,Kamala D. Harris,59
Onondaga,1st Ward 4,President,,REP,Donald J. Trump,30
Onondaga,1st Ward 4,President,,CON,Donald J. Trump,3
Onondaga,1st Ward 4,President,,WOR,Kamala D. Harris,4
Onondaga,1st Ward 4,U.S. Senate,,DEM,Kirsten E. Gillibrand,56
Onondaga,1st Ward 4,U.S. Senate,,REP,Michael D. Sapraicone,21
Onondaga,1st Ward 4,U.S. Senate,,CON,Michael D. Sapraicone,5
Onondaga,1st Ward 4,U.S. Senate,,WOR,Kirsten E. Gillibrand,9
Onondaga,1st Ward 4,U.S. House,22,DEM,John W. Mannion,54
Onondaga,1st Ward 4,U.S. House,22,REP,Brandon M. Williams,28
Onondaga,1st Ward 4,U.S. House,22,CON,Brandon M. Williams,3
Onondaga,1st Ward 4,U.S. House,22,WOR,John W. Mannion,9
Onondaga,1st Ward 4,State Senate,48,DEM,Rachel May,57
Onondaga,1st Ward 4,State Senate,48,REP,Caleb C. Slater,27
Onondaga,1st Ward 4,State Senate,48,WOR,Rachel May,8
Onondaga,1st Ward 4,State Assembly,129,DEM,William B. Magnarelli,73
Onondaga,1st Ward 5,President,,DEM,Kamala D. Harris,369
Onondaga,1st Ward 5,President,,REP,Donald J. Trump,198
Onondaga,1st Ward 5,President,,CON,Donald J. Trump,25
Onondaga,1st Ward 5,President,,WOR,Kamala D. Harris,16
Onondaga,1st Ward 5,President,,,Write-in,3
Onondaga,1st Ward 5,U.S. Senate,,DEM,Kirsten E. Gillibrand,355
Onondaga,1st Ward 5,U.S. Senate,,REP,Michael D. Sapraicone,159
Onondaga,1st Ward 5,U.S. Senate,,CON,Michael D. Sapraicone,28
Onondaga,1st Ward 5,U.S. Senate,,WOR,Kirsten E. Gillibrand,28
Onondaga,1st Ward 5,U.S. Senate,,LAR,Diane Sare,6
Onondaga,1st Ward 5,U.S. House,22,DEM,John W. Mannion,358
Onondaga,1st Ward 5,U.S. House,22,REP,Brandon M. Williams,174
Onondaga,1st Ward 5,U.S. House,22,CON,Brandon M. Williams,30
Onondaga,1st Ward 5,U.S. House,22,WOR,John W. Mannion,25
Onondaga,1st Ward 5,State Senate,48,DEM,Rachel May,367
Onondaga,1st Ward 5,State Senate,48,REP,Caleb C. Slater,180
Onondaga,1st Ward 5,State Senate,48,WOR,Rachel May,31
Onondaga,1st Ward 5,State Assembly,129,DEM,William B. Magnarelli,444
Onondaga,1st Ward 5,State Assembly,129,,Write-in,3
Onondaga,1st Ward 6,President,,DEM,Kamala D. Harris,121
Onondaga,1st Ward 6,President,,REP,Donald J. Trump,75
Onondaga,1st Ward 6,President,,CON,Donald J. Trump,3
Onondaga,1st Ward 6,President,,WOR,Kamala D. Harris,8
Onondaga,1st Ward 6,President,,,Write-in,3
Onondaga,1st Ward 6,U.S. Senate,,DEM,Kirsten E. Gillibrand,105
Onondaga,1st Ward 6,U.S. Senate,,REP,Michael D. Sapraicone,61
Onondaga,1st Ward 6,U.S. Senate,,CON,Michael D. Sapraicone,5
Onondaga,1st Ward 6,U.S. Senate,,WOR,Kirsten E. Gillibrand,16
Onondaga,1st Ward 6,U.S. Senate,,LAR,Diane Sare,1
Onondaga,1st Ward 6,U.S. Senate,,,Write-in,1
Onondaga,1st Ward 6,U.S. House,22,DEM,John W. Mannion,115
Onondaga,1st Ward 6,U.S. House,22,REP,Brandon M. Williams,63
Onondaga,1st Ward 6,U.S. House,22,CON,Brandon M. Williams,4
Onondaga,1st Ward 6,U.S. House,22,WOR,John W. Mannion,14
Onondaga,1st Ward 6,State Senate,48,DEM,Rachel May,107
Onondaga,1st Ward 6,State Senate,48,REP,Caleb C. Slater,64
Onondaga,1st Ward 6,State Senate,48,WOR,Rachel May,18
Onondaga,1st Ward 6,State Assembly,129,DEM,William B. Magnarelli,128
Onondaga,1st Ward 6,State Assembly,129,,Write-in,3
Onondaga,1st Ward 7,President,,DEM,Kamala D. Harris,92
Onondaga,1st Ward 7,President,,REP,Donald J. Trump,70
Onondaga,1st Ward 7,President,,CON,Donald J. Trump,8
Onondaga,1st Ward 7,President,,WOR,Kamala D. Harris,7
Onondaga,1st Ward 7,U.S. Senate,,DEM,Kirsten E. Gillibrand,89
Onondaga,1st Ward 7,U.S. Senate,,REP,Michael D. Sapraicone,56
Onondaga,1st Ward 7,U.S. Senate,,CON,Michael D. Sapraicone,10
Onondaga,1st Ward 7,U.S. Senate,,WOR,Kirsten E. Gillibrand,10
Onondaga,1st Ward 7,U.S. Senate,,LAR,Diane Sare,4
Onondaga,1st Ward 7,U.S. House,22,DEM,John W. Mannion,90
Onondaga,1st Ward 7,U.S. House,22,REP,Brandon M. Williams,59
Onondaga,1st Ward 7,U.S. House,22,CON,Brandon M. Williams,9
Onondaga,1st Ward 7,U.S. House,22,WOR,John W. Mannion,11
Onondaga,1st Ward 7,U.S. House,22,,Write-in,2
Onondaga,1st Ward 7,State Senate,48,DEM,Rachel May,91
Onondaga,1st Ward 7,State Senate,48,REP,Caleb C. Slater,62
Onondaga,1st Ward 7,State Senate,48,WOR,Rachel May,13
Onondaga,1st Ward 7,State Assembly,129,DEM,William B. Magnarelli,111
Onondaga,1st Ward 7,State Assembly,129,,Write-in,2
Onondaga,2nd Ward 1,President,,DEM,Kamala D. Harris,379
Onondaga,2nd Ward 1,President,,REP,Donald J. Trump,166
Onondaga,2nd Ward 1,President,,CON,Donald J. Trump,22
Onondaga,2nd Ward 1,President,,WOR,Kamala D. Harris,29
Onondaga,2nd Ward 1,President,,,Write-in,7
Onondaga,2nd Ward 1,U.S. Senate,,DEM,Kirsten E. Gillibrand,356
Onondaga,2nd Ward 1,U.S. Senate,,REP,Michael D. Sapraicone,156
Onondaga,2nd Ward 1,U.S. Senate,,CON,Michael D. Sapraicone,22
Onondaga,2nd Ward 1,U.S. Senate,,WOR,Kirsten E. Gillibrand,42
Onondaga,2nd Ward 1,U.S. Senate,,LAR,Diane Sare,3
Onondaga,2nd Ward 1,U.S. House,22,DEM,John W. Mannion,371
Onondaga,2nd Ward 1,U.S. House,22,REP,Brandon M. Williams,154
Onondaga,2nd Ward 1,U.S. House,22,CON,Brandon M. Williams,24
Onondaga,2nd Ward 1,U.S. House,22,WOR,John W. Mannion,38
Onondaga,2nd Ward 1,U.S. House,22,,Write-in,1
Onondaga,2nd Ward 1,State Senate,48,DEM,Rachel May,359
Onondaga,2nd Ward 1,State Senate,48,REP,Caleb C. Slater,176
Onondaga,2nd Ward 1,State Senate,48,WOR,Rachel May,39
Onondaga,2nd Ward 1,State Assembly,129,DEM,William B. Magnarelli,451
Onondaga,2nd Ward 1,State Assembly,129,,Write-in,6
Onondaga,2nd Ward 2,President,,DEM,Kamala D. Harris,352
Onondaga,2nd Ward 2,President,,REP,Donald J. Trump,93
Onondaga,2nd Ward 2,President,,CON,Donald J. Trump,10
Onondaga,2nd Ward 2,President,,WOR,Kamala D. Harris,23
Onondaga,2nd Ward 2,President,,,Write-in,2
Onondaga,2nd Ward 2,U.S. Senate,,DEM,Kirsten E. Gillibrand,335
Onondaga,2nd Ward 2,U.S. Senate,,REP,Michael D. Sapraicone,94
Onondaga,2nd Ward 2,U.S. Senate,,CON,Michael D. Sapraicone,9
Onondaga,2nd Ward 2,U.S. Senate,,WOR,Kirsten E. Gillibrand,33
Onondaga,2nd Ward 2,U.S. Senate,,LAR,Diane Sare,3
Onondaga,2nd Ward 2,U.S. Senate,,,Write-in,2
Onondaga,2nd Ward 2,U.S. House,22,DEM,John W. Mannion,339
Onondaga,2nd Ward 2,U.S. House,22,REP,Brandon M. Williams,100
Onondaga,2nd Ward 2,U.S. House,22,CON,Brandon M. Williams,10
Onondaga,2nd Ward 2,U.S. House,22,WOR,John W. Mannion,30
Onondaga,2nd Ward 2,U.S. House,22,,Write-in,1
Onondaga,2nd Ward 2,State Senate,48,DEM,Rachel May,339
Onondaga,2nd Ward 2,State Senate,48,REP,Caleb C. Slater,104
Onondaga,2nd Ward 2,State Senate,48,WOR,Rachel May,31
Onondaga,2nd Ward 2,State Senate,48,,Write-in,1
Onondaga,2nd Ward 2,State Assembly,129,DEM,William B. Magnarelli,388
Onondaga,2nd Ward 2,State Assembly,129,,Write-in,3
Onondaga,2nd Ward 3,President,,DEM,Kamala D. Harris,93
Onondaga,2nd Ward 3,President,,REP,Donald J. Trump,54
Onondaga,2nd Ward 3,President,,CON,Donald J. Trump,13
Onondaga,2nd Ward 3,President,,WOR,Kamala D. Harris,8
Onondaga,2nd Ward 3,President,,,Write-in,4
Onondaga,2nd Ward 3,U.S. Senate,,DEM,Kirsten E. Gillibrand,90
Onondaga,2nd Ward 3,U.S. Senate,,REP,Michael D. Sapraicone,47
Onondaga,2nd Ward 3,U.S. Senate,,CON,Michael D. Sapraicone,12
Onondaga,2nd Ward 3,U.S. Senate,,WOR,Kirsten E. Gillibrand,13
Onondaga,2nd Ward 3,U.S. Senate,,LAR,Diane Sare,2
Onondaga,2nd Ward 3,U.S. Senate,,,Write-in,1
Onondaga,2nd Ward 3,U.S. House,22,DEM,John W. Mannion,88
Onondaga,2nd Ward 3,U.S. House,22,REP,Brandon M. Williams,52
Onondaga,2nd Ward 3,U.S. House,22,CON,Brandon M. Williams,13
Onondaga,2nd Ward 3,U.S. House,22,WOR,John W. Mannion,14
Onondaga,2nd Ward 3,State Senate,48,DEM,Rachel May,94
Onondaga,2nd Ward 3,State Senate,48,REP,Caleb C. Slater,50
Onondaga,2nd Ward 3,State Senate,48,WOR,Rachel May,12
Onondaga,2nd Ward 3,State Senate,48,,Write-in,1
Onondaga,2nd Ward 3,State Assembly,129,DEM,William B. Magnarelli,119
Onondaga,2nd Ward 3,State Assembly,129,,Write-in,2
Onondaga,3rd Ward 1,President,,DEM,Kamala D. Harris,64
Onondaga,3rd Ward 1,President,,REP,Donald J. Trump,28
Onondaga,3rd Ward 1,President,,CON,Donald J. Trump,4
Onondaga,3rd Ward 1,President,,WOR,Kamala D. Harris,7
Onondaga,3rd Ward 1,U.S. Senate,,DEM,Kirsten E. Gillibrand,60
Onondaga,3rd Ward 1,U.S. Senate,,REP,Michael D. Sapraicone,24
Onondaga,3rd Ward 1,U.S. Senate,,CON,Michael D. Sapraicone,5
Onondaga,3rd Ward 1,U.S. Senate,,WOR,Kirsten E. Gillibrand,10
Onondaga,3rd Ward 1,U.S. House,22,DEM,John W. Mannion,61
Onondaga,3rd Ward 1,U.S. House,22,REP,Brandon M. Williams,27
Onondaga,3rd Ward 1,U.S. House,22,CON,Brandon M. Williams,3
Onondaga,3rd Ward 1,U.S. House,22,WOR,John W. Mannion,10
Onondaga,3rd Ward 1,State Senate,48,DEM,Rachel May,57
Onondaga,3rd Ward 1,State Senate,48,REP,Caleb C. Slater,31
Onondaga,3rd Ward 1,State Senate,48,WOR,Rachel May,9
Onondaga,3rd Ward 1,State Assembly,129,DEM,William B. Magnarelli,75
Onondaga,3rd Ward 1,State Assembly,129,,Write-in,1
Onondaga,3rd Ward 2,President,,DEM,Kamala D. Harris,165
Onondaga,3rd Ward 2,President,,REP,Donald J. Trump,86
Onondaga,3rd Ward 2,President,,CON,Donald J. Trump,4
Onondaga,3rd Ward 2,President,,WOR,Kamala D. Harris,12
Onondaga,3rd Ward 2,U.S. Senate,,DEM,Kirsten E. Gillibrand,151
Onondaga,3rd Ward 2,U.S. Senate,,REP,Michael D. Sapraicone,75
Onondaga,3rd Ward 2,U.S. Senate,,CON,Michael D. Sapraicone,4
Onondaga,3rd Ward 2,U.S. Senate,,WOR,Kirsten E. Gillibrand,14
Onondaga,3rd Ward 2,U.S. House,22,DEM,John W. Mannion,155
Onondaga,3rd Ward 2,U.S. House,22,REP,Brandon M. Williams,78
Onondaga,3rd Ward 2,U.S. House,22,CON,Brandon M. Williams,6
Onondaga,3rd Ward 2,U.S. House,22,WOR,John W. Mannion,17
Onondaga,3rd Ward 2,State Senate,48,DEM,Rachel May,159
Onondaga,3rd Ward 2,State Senate,48,REP,Caleb C. Slater,76
Onondaga,3rd Ward 2,State Senate,48,WOR,Rachel May,12
Onondaga,3rd Ward 2,State Assembly,129,DEM,William B. Magnarelli,186
Onondaga,3rd Ward 3,President,,DEM,Kamala D. Harris,475
Onondaga,3rd Ward 3,President,,REP,Donald J. Trump,248
Onondaga,3rd Ward 3,President,,CON,Donald J. Trump,31
Onondaga,3rd Ward 3,President,,WOR,Kamala D. Harris,43
Onondaga,3rd Ward 3,President,,,Write-in,7
Onondaga,3rd Ward 3,U.S. Senate,,DEM,Kirsten E. Gillibrand,469
Onondaga,3rd Ward 3,U.S. Senate,,REP,Michael D. Sapraicone,220
Onondaga,3rd Ward 3,U.S. Senate,,CON,Michael D. Sapraicone,35
Onondaga,3rd Ward 3,U.S. Senate,,WOR,Kirsten E. Gillibrand,57
Onondaga,3rd Ward 3,U.S. Senate,,LAR,Diane Sare,5
Onondaga,3rd Ward 3,U.S. House,22,DEM,John W. Mannion,462
Onondaga,3rd Ward 3,U.S. House,22,REP,Brandon M. Williams,232
Onondaga,3rd Ward 3,U.S. House,22,CON,Brandon M. Williams,37
Onondaga,3rd Ward 3,U.S. House,22,WOR,John W. Mannion,56
Onondaga,3rd Ward 3,State Senate,48,DEM,Rachel May,465
Onondaga,3rd Ward 3,State Senate,48,REP,Caleb C. Slater,251
Onondaga,3rd Ward 3,State Senate,48,WOR,Rachel May,63
Onondaga,3rd Ward 3,State Senate,48,,Write-in,1
Onondaga,3rd Ward 3,State Assembly,129,DEM,William B. Magnarelli,630
Onondaga,3rd Ward 3,State Assembly,129,,Write-in,9
Onondaga,3rd Ward 4,President,,DEM,Kamala D. Harris,152
Onondaga,3rd Ward 4,President,,REP,Donald J. Trump,135
Onondaga,3rd Ward 4,President,,CON,Donald J. Trump,12
Onondaga,3rd Ward 4,President,,WOR,Kamala D. Harris,14
Onondaga,3rd Ward 4,President,,,Write-in,3
Onondaga,3rd Ward 4,U.S. Senate,,DEM,Kirsten E. Gillibrand,145
Onondaga,3rd Ward 4,U.S. Senate,,REP,Michael D. Sapraicone,96
Onondaga,3rd Ward 4,U.S. Senate,,CON,Michael D. Sapraicone,17
Onondaga,3rd Ward 4,U.S. Senate,,WOR,Kirsten E. Gillibrand,31
Onondaga,3rd Ward 4,U.S. Senate,,LAR,Diane Sare,2
Onondaga,3rd Ward 4,U.S. House,22,DEM,John W. Mannion,150
Onondaga,3rd Ward 4,U.S. House,22,REP,Brandon M. Williams,109
Onondaga,3rd Ward 4,U.S. House,22,CON,Brandon M. Williams,13
Onondaga,3rd Ward 4,U.S. House,22,WOR,John W. Mannion,22
Onondaga,3rd Ward 4,State Senate,48,DEM,Rachel May,144
Onondaga,3rd Ward 4,State Senate,48,REP,Caleb C. Slater,123
Onondaga,3rd Ward 4,State Senate,48,WOR,Rachel May,21
Onondaga,3rd Ward 4,State Assembly,129,DEM,William B. Magnarelli,207
Onondaga,3rd Ward 4,State Assembly,129,,Write-in,3
Onondaga,3rd Ward 5,President,,DEM,Kamala D. Harris,410
Onondaga,3rd Ward 5,President,,REP,Donald J. Trump,236
Onondaga,3rd Ward 5,President,,CON,Donald J. Trump,24
Onondaga,3rd Ward 5,President,,WOR,Kamala D. Harris,30
Onondaga,3rd Ward 5,President,,,Write-in,3
Onondaga,3rd Ward 5,U.S. Senate,,DEM,Kirsten E. Gillibrand,395
Onondaga,3rd Ward 5,U.S. Senate,,REP,Michael D. Sapraicone,210
Onondaga,3rd Ward 5,U.S. Senate,,CON,Michael D. Sapraicone,27
Onondaga,3rd Ward 5,U.S. Senate,,WOR,Kirsten E. Gillibrand,49
Onondaga,3rd Ward 5,U.S. Senate,,LAR,Diane Sare,2
Onondaga,3rd Ward 5,U.S. House,22,DEM,John W. Mannion,391
Onondaga,3rd Ward 5,U.S. House,22,REP,Brandon M. Williams,213
Onondaga,3rd Ward 5,U.S. House,22,CON,Brandon M. Williams,31
Onondaga,3rd Ward 5,U.S. House,22,WOR,John W. Mannion,47
Onondaga,3rd Ward 5,State Senate,48,DEM,Rachel May,397
Onondaga,3rd Ward 5,State Senate,48,REP,Caleb C. Slater,234
Onondaga,3rd Ward 5,State Senate,48,WOR,Rachel May,49
Onondaga,3rd Ward 5,State Assembly,129,DEM,William B. Magnarelli,526
Onondaga,3rd Ward 5,State Assembly,129,,Write-in,5
Onondaga,3rd Ward 6,President,,DEM,Kamala D. Harris,103
Onondaga,3rd Ward 6,President,,REP,Donald J. Trump,52
Onondaga,3rd Ward 6,President,,CON,Donald J. Trump,7
Onondaga,3rd Ward 6,President,,WOR,Kamala D. Harris,8
Onondaga,3rd Ward 6,President,,,Write-in,3
Onondaga,3rd Ward 6,U.S. Senate,,DEM,Kirsten E. Gillibrand,101
Onondaga,3rd Ward 6,U.S. Senate,,REP,Michael D. Sapraicone,36
Onondaga,3rd Ward 6,U.S. Senate,,CON,Michael D. Sapraicone,9
Onondaga,3rd Ward 6,U.S. Senate,,WOR,Kirsten E. Gillibrand,11
Onondaga,3rd Ward 6,U.S. Senate,,LAR,Diane Sare,3
Onondaga,3rd Ward 6,U.S. House,22,DEM,John W. Mannion,107
Onondaga,3rd Ward 6,U.S. House,22,REP,Brandon M. Williams,40
Onondaga,3rd Ward 6,U.S. House,22,CON,Brandon M. Williams,6
Onondaga,3rd Ward 6,U.S. House,22,WOR,John W. Mannion,10
Onondaga,3rd Ward 6,State Senate,48,DEM,Rachel May,104
Onondaga,3rd Ward 6,State Senate,48,REP,Caleb C. Slater,41
Onondaga,3rd Ward 6,State Senate,48,WOR,Rachel May,15
Onondaga,3rd Ward 6,State Assembly,129,DEM,William B. Magnarelli,130
Onondaga,3rd Ward 6,State Assembly,129,,Write-in,3
Onondaga,4th Ward 1,President,,DEM,Kamala D. Harris,128
Onondaga,4th Ward 1,President,,REP,Donald J. Trump,80
Onondaga,4th Ward 1,President,,CON,Donald J. Trump,15
Onondaga,4th Ward 1,President,,WOR,Kamala D. Harris,20
Onondaga,4th Ward 1,President,,,Write-in,4
Onondaga,4th Ward 1,U.S. Senate,,DEM,Kirsten E. Gillibrand,122
Onondaga,4th Ward 1,U.S. Senate,,REP,Michael D. Sapraicone,69
Onondaga,4th Ward 1,U.S. Senate,,CON,Michael D. Sapraicone,13
Onondaga,4th Ward 1,U.S. Senate,,WOR,Kirsten E. Gillibrand,19
Onondaga,4th Ward 1,U.S. Senate,,LAR,Diane Sare,6
Onondaga,4th Ward 1,U.S. Senate,,,Write-in,1
Onondaga,4th Ward 1,U.S. House,22,DEM,John W. Mannion,128
Onondaga,4th Ward 1,U.S. House,22,REP,Brandon M. Williams,74
Onondaga,4th Ward 1,U.S. House,22,CON,Brandon M. Williams,16
Onondaga,4th Ward 1,U.S. House,22,WOR,John W. Mannion,21
Onondaga,4th Ward 1,State Senate,48,DEM,Rachel May,129
Onondaga,4th Ward 1,State Senate,48,REP,Caleb C. Slater,74
Onondaga,4th Ward 1,State Senate,48,WOR,Rachel May,23
Onondaga,4th Ward 1,State Senate,48,,Write-in,1
Onondaga,4th Ward 1,State Assembly,129,DEM,William B. Magnarelli,164
Onondaga,4th Ward 1,State Assembly,129,,Write-in,1
Onondaga,4th Ward 2,President,,DEM,Kamala D. Harris,370
Onondaga,4th Ward 2,President,,REP,Donald J. Trump,171
Onondaga,4th Ward 2,President,,CON,Donald J. Trump,23
Onondaga,4th Ward 2,President,,WOR,Kamala D. Harris,25
Onondaga,4th Ward 2,President,,,Write-in,5
Onondaga,4th Ward 2,U.S. Senate,,DEM,Kirsten E. Gillibrand,351
Onondaga,4th Ward 2,U.S. Senate,,REP,Michael D. Sapraicone,135
Onondaga,4th Ward 2,U.S. Senate,,CON,Michael D. Sapraicone,29
Onondaga,4th Ward 2,U.S. Senate,,WOR,Kirsten E. Gillibrand,48
Onondaga,4th Ward 2,U.S. Senate,,LAR,Diane Sare,5
Onondaga,4th Ward 2,U.S. Senate,,,Write-in,1
Onondaga,4th Ward 2,U.S. House,22,DEM,John W. Mannion,355
Onondaga,4th Ward 2,U.S. House,22,REP,Brandon M. Williams,149
Onondaga,4th Ward 2,U.S. House,22,CON,Brandon M. Williams,31
Onondaga,4th Ward 2,U.S. House,22,WOR,John W. Mannion,44
Onondaga,4th Ward 2,U.S. House,22,,Write-in,1
Onondaga,4th Ward 2,State Senate,48,DEM,Rachel May,357
Onondaga,4th Ward 2,State Senate,48,REP,Caleb C. Slater,162
Onondaga,4th Ward 2,State Senate,48,WOR,Rachel May,47
Onondaga,4th Ward 2,State Senate,48,,Write-in,1
Onondaga,4th Ward 2,State Assembly,129,DEM,William B. Magnarelli,452
Onondaga,4th Ward 2,State Assembly,129,,Write-in,6
Onondaga,4th Ward 3,President,,DEM,Kamala D. Harris,173
Onondaga,4th Ward 3,President,,REP,Donald J. Trump,94
Onondaga,4th Ward 3,President,,CON,Donald J. Trump,11
Onondaga,4th Ward 3,President,,WOR,Kamala D. Harris,7
Onondaga,4th Ward 3,U.S. Senate,,DEM,Kirsten E. Gillibrand,170
Onondaga,4th Ward 3,U.S. Senate,,REP,Michael D. Sapraicone,82
Onondaga,4th Ward 3,U.S. Senate,,CON,Michael D. Sapraicone,9
Onondaga,4th Ward 3,U.S. Senate,,WOR,Kirsten E. Gillibrand,13
Onondaga,4th Ward 3,U.S. Senate,,LAR,Diane Sare,1
Onondaga,4th Ward 3,U.S. House,22,DEM,John W. Mannion,170
Onondaga,4th Ward 3,U.S. House,22,REP,Brandon M. Williams,88
Onondaga,4th Ward 3,U.S. House,22,CON,Brandon M. Williams,13
Onondaga,4th Ward 3,U.S. House,22,WOR,John W. Mannion,10
Onondaga,4th Ward 3,State Senate,48,DEM,Rachel May,162
Onondaga,4th Ward 3,State Senate,48,REP,Caleb C. Slater,95
Onondaga,4th Ward 3,State Senate,48,WOR,Rachel May,16
Onondaga,4th Ward 3,State Assembly,129,DEM,William B. Magnarelli,216
Onondaga,4th Ward 3,State Assembly,129,,Write-in,2
Onondaga,4th Ward 4,President,,DEM,Kamala D. Harris,248
Onondaga,4th Ward 4,President,,REP,Donald J. Trump,127
Onondaga,4th Ward 4,President,,CON,Donald J. Trump,18
Onondaga,4th Ward 4,President,,WOR,Kamala D. Harris,26
Onondaga,4th Ward 4,President,,,Write-in,2
Onondaga,4th Ward 4,U.S. Senate,,DEM,Kirsten E. Gillibrand,251
Onondaga,4th Ward 4,U.S. Senate,,REP,Michael D. Sapraicone,116
Onondaga,4th Ward 4,U.S. Senate,,CON,Michael D. Sapraicone,21
Onondaga,4th Ward 4,U.S. Senate,,WOR,Kirsten E. Gillibrand,29
Onondaga,4th Ward 4,U.S. Senate,,LAR,Diane Sare,1
Onondaga,4th Ward 4,U.S. House,22,DEM,John W. Mannion,247
Onondaga,4th Ward 4,U.S. House,22,REP,Brandon M. Williams,120
Onondaga,4th Ward 4,U.S. House,22,CON,Brandon M. Williams,19
Onondaga,4th Ward 4,U.S. House,22,WOR,John W. Mannion,33
Onondaga,4th Ward 4,U.S. House,22,,Write-in,1
Onondaga,4th Ward 4,State Senate,48,DEM,Rachel May,245
Onondaga,4th Ward 4,State Senate,48,REP,Caleb C. Slater,130
Onondaga,4th Ward 4,State Senate,48,WOR,Rachel May,32
Onondaga,4th Ward 4,State Senate,48,,Write-in,1
Onondaga,4th Ward 4,State Assembly,129,DEM,William B. Magnarelli,320
Onondaga,4th Ward 4,State Assembly,129,,Write-in,3
Onondaga,4th Ward 5,President,,DEM,Kamala D. Harris,261
Onondaga,4th Ward 5,President,,REP,Donald J. Trump,127
Onondaga,4th Ward 5,President,,CON,Donald J. Trump,13
Onondaga,4th Ward 5,President,,WOR,Kamala D. Harris,21
Onondaga,4th Ward 5,President,,,Write-in,3
Onondaga,4th Ward 5,U.S. Senate,,DEM,Kirsten E. Gillibrand,249
Onondaga,4th Ward 5,U.S. Senate,,REP,Michael D. Sapraicone,128
Onondaga,4th Ward 5,U.S. Senate,,CON,Michael D. Sapraicone,14
Onondaga,4th Ward 5,U.S. Senate,,WOR,Kirsten E. Gillibrand,30
Onondaga,4th Ward 5,U.S. Senate,,LAR,Diane Sare,3
Onondaga,4th Ward 5,U.S. Senate,,,Write-in,1
Onondaga,4th Ward 5,U.S. House,22,DEM,John W. Mannion,252
Onondaga,4th Ward 5,U.S. House,22,REP,Brandon M. Williams,135
Onondaga,4th Ward 5,U.S. House,22,CON,Brandon M. Williams,13
Onondaga,4th Ward 5,U.S. House,22,WOR,John W. Mannion,26
Onondaga,4th Ward 5,U.S. House,22,,Write-in,1
Onondaga,4th Ward 5,State Senate,48,DEM,Rachel May,241
Onondaga,4th Ward 5,State Senate,48,REP,Caleb C. Slater,144
Onondaga,4th Ward 5,State Senate,48,WOR,Rachel May,27
Onondaga,4th Ward 5,State Senate,48,,Write-in,1
Onondaga,4th Ward 5,State Assembly,129,DEM,William B. Magnarelli,315
Onondaga,4th Ward 5,State Assembly,129,,Write-in,7
Onondaga,4th Ward 6,President,,DEM,Kamala D. Harris,62
Onondaga,4th Ward 6,President,,REP,Donald J. Trump,26
Onondaga,4th Ward 6,President,,CON,Donald J. Trump,4
Onondaga,4th Ward 6,President,,WOR,Kamala D. Harris,6
Onondaga,4th Ward 6,U.S. Senate,,DEM,Kirsten E. Gillibrand,57
Onondaga,4th Ward 6,U.S. Senate,,REP,Michael D. Sapraicone,28
Onondaga,4th Ward 6,U.S. Senate,,CON,Michael D. Sapraicone,8
Onondaga,4th Ward 6,U.S. Senate,,WOR,Kirsten E. Gillibrand,7
Onondaga,4th Ward 6,U.S. House,22,DEM,John W. Mannion,61
Onondaga,4th Ward 6,U.S. House,22,REP,Brandon M. Williams,26
Onondaga,4th Ward 6,U.S. House,22,CON,Brandon M. Williams,6
Onondaga,4th Ward 6,U.S. House,22,WOR,John W. Mannion,7
Onondaga,4th Ward 6,State Senate,48,DEM,Rachel May,51
Onondaga,4th Ward 6,State Senate,48,REP,Caleb C. Slater,39
Onondaga,4th Ward 6,State Senate,48,WOR,Rachel May,8
Onondaga,4th Ward 6,State Assembly,129,DEM,William B. Magnarelli,71
Onondaga,4th Ward 6,State Assembly,129,,Write-in,6
Onondaga,4th Ward 7,President,,DEM,Kamala D. Harris,443
Onondaga,4th Ward 7,President,,REP,Donald J. Trump,159
Onondaga,4th Ward 7,President,,CON,Donald J. Trump,23
Onondaga,4th Ward 7,President,,WOR,Kamala D. Harris,37
Onondaga,4th Ward 7,President,,,Write-in,8
Onondaga,4th Ward 7,U.S. Senate,,DEM,Kirsten E. Gillibrand,434
Onondaga,4th Ward 7,U.S. Senate,,REP,Michael D. Sapraicone,136
Onondaga,4th Ward 7,U.S. Senate,,CON,Michael D. Sapraicone,25
Onondaga,4th Ward 7,U.S. Senate,,WOR,Kirsten E. Gillibrand,49
Onondaga,4th Ward 7,U.S. Senate,,LAR,Diane Sare,4
Onondaga,4th Ward 7,U.S. Senate,,,Write-in,3
Onondaga,4th Ward 7,U.S. House,22,DEM,John W. Mannion,431
Onondaga,4th Ward 7,U.S. House,22,REP,Brandon M. Williams,148
Onondaga,4th Ward 7,U.S. House,22,CON,Brandon M. Williams,25
Onondaga,4th Ward 7,U.S. House,22,WOR,John W. Mannion,54
Onondaga,4th Ward 7,U.S. House,22,,Write-in,3
Onondaga,4th Ward 7,State Senate,48,DEM,Rachel May,428
Onondaga,4th Ward 7,State Senate,48,REP,Caleb C. Slater,169
Onondaga,4th Ward 7,State Senate,48,WOR,Rachel May,56
Onondaga,4th Ward 7,State Senate,48,,Write-in,1
Onondaga,4th Ward 7,State Assembly,129,DEM,William B. Magnarelli,525
Onondaga,4th Ward 7,State Assembly,129,,Write-in,10
Onondaga,4th Ward 8,President,,DEM,Kamala D. Harris,324
Onondaga,4th Ward 8,President,,REP,Donald J. Trump,92
Onondaga,4th Ward 8,President,,CON,Donald J. Trump,12
Onondaga,4th Ward 8,President,,WOR,Kamala D. Harris,29
Onondaga,4th Ward 8,U.S. Senate,,DEM,Kirsten E. Gillibrand,310
Onondaga,4th Ward 8,U.S. Senate,,REP,Michael D. Sapraicone,82
Onondaga,4th Ward 8,U.S. Senate,,CON,Michael D. Sapraicone,10
Onondaga,4th Ward 8,U.S. Senate,,WOR,Kirsten E. Gillibrand,35
Onondaga,4th Ward 8,U.S. House,22,DEM,John W. Mannion,298
Onondaga,4th Ward 8,U.S. House,22,REP,Brandon M. Williams,88
Onondaga,4th Ward 8,U.S. House,22,CON,Brandon M. Williams,16
Onondaga,4th Ward 8,U.S. House,22,WOR,John W. Mannion,38
Onondaga,4th Ward 8,State Senate,48,DEM,Rachel May,310
Onondaga,4th Ward 8,State Senate,48,REP,Caleb C. Slater,85
Onondaga,4th Ward 8,State Senate,48,WOR,Rachel May,41
Onondaga,4th Ward 8,State Assembly,129,DEM,William B. Magnarelli,367
Onondaga,4th Ward 8,State Assembly,129,,Write-in,2
Onondaga,4th Ward 9,President,,DEM,Kamala D. Harris,379
Onondaga,4th Ward 9,President,,REP,Donald J. Trump,171
Onondaga,4th Ward 9,President,,CON,Donald J. Trump,20
Onondaga,4th Ward 9,President,,WOR,Kamala D. Harris,39
Onondaga,4th Ward 9,U.S. Senate,,DEM,Kirsten E. Gillibrand,364
Onondaga,4th Ward 9,U.S. Senate,,REP,Michael D. Sapraicone,132
Onondaga,4th Ward 9,U.S. Senate,,CON,Michael D. Sapraicone,27
Onondaga,4th Ward 9,U.S. Senate,,WOR,Kirsten E. Gillibrand,59
Onondaga,4th Ward 9,U.S. Senate,,LAR,Diane Sare,3
Onondaga,4th Ward 9,U.S. House,22,DEM,John W. Mannion,361
Onondaga,4th Ward 9,U.S. House,22,REP,Brandon M. Williams,155
Onondaga,4th Ward 9,U.S. House,22,CON,Brandon M. Williams,25
Onondaga,4th Ward 9,U.S. House,22,WOR,John W. Mannion,49
Onondaga,4th Ward 9,U.S. House,22,,Write-in,1
Onondaga,4th Ward 9,State Senate,48,DEM,Rachel May,362
Onondaga,4th Ward 9,State Senate,48,REP,Caleb C. Slater,161
Onondaga,4th Ward 9,State Senate,48,WOR,Rachel May,61
Onondaga,4th Ward 9,State Assembly,129,DEM,William B. Magnarelli,454
Onondaga,4th Ward 9,State Assembly,129,,Write-in,7
Onondaga,4th Ward 10,President,,DEM,Kamala D. Harris,32
Onondaga,4th Ward 10,President,,REP,Donald J. Trump,7
Onondaga,4th Ward 10,President,,CON,Donald J. Trump,5
Onondaga,4th Ward 10,President,,WOR,Kamala D. Harris,2
Onondaga,4th Ward 10,U.S. Senate,,DEM,Kirsten E. Gillibrand,34
Onondaga,4th Ward 10,U.S. Senate,,REP,Michael D. Sapraicone,5
Onondaga,4th Ward 10,U.S. Senate,,CON,Michael D. Sapraicone,4
Onondaga,4th Ward 10,U.S. Senate,,WOR,Kirsten E. Gillibrand,4
Onondaga,4th Ward 10,U.S. House,22,DEM,John W. Mannion,35
Onondaga,4th Ward 10,U.S. House,22,REP,Brandon M. Williams,5
Onondaga,4th Ward 10,U.S. House,22,CON,Brandon M. Williams,4
Onondaga,4th Ward 10,U.S. House,22,WOR,John W. Mannion,3
Onondaga,4th Ward 10,State Senate,48,DEM,Rachel May,32
Onondaga,4th Ward 10,State Senate,48,REP,Caleb C. Slater,7
Onondaga,4th Ward 10,State Senate,48,WOR,Rachel May,3
Onondaga,4th Ward 10,State Assembly,129,DEM,William B. Magnarelli,38
Onondaga,4th Ward 11,President,,DEM,Kamala D. Harris,23
Onondaga,4th Ward 11,President,,REP,Donald J. Trump,4
Onondaga,4th Ward 11,President,,WOR,Kamala D. Harris,1
Onondaga,4th Ward 11,U.S. Senate,,DEM,Kirsten E. Gillibrand,21
Onondaga,4th Ward 11,U.S. Senate,,REP,Michael D. Sapraicone,2
Onondaga,4th Ward 11,U.S. Senate,,WOR,Kirsten E. Gillibrand,2
Onondaga,4th Ward 11,U.S. House,22,DEM,John W. Mannion,21
Onondaga,4th Ward 11,U.S. House,22,REP,Brandon M. Williams,2
Onondaga,4th Ward 11,U.S. House,22,WOR,John W. Mannion,3
Onondaga,4th Ward 11,State Senate,48,DEM,Rachel May,20
Onondaga,4th Ward 11,State Senate,48,REP,Caleb C. Slater,4
Onondaga,4th Ward 11,State Senate,48,WOR,Rachel May,2
Onondaga,4th Ward 11,State Assembly,129,DEM,William B. Magnarelli,22
Onondaga,4th Ward 11,State Assembly,129,,Write-in,1
Onondaga,4th Ward 12,President,,DEM,Kamala D. Harris,25
Onondaga,4th Ward 12,President,,REP,Donald J. Trump,16
Onondaga,4th Ward 12,President,,CON,Donald J. Trump,2
Onondaga,4th Ward 12,President,,WOR,Kamala D. Harris,1
Onondaga,4th Ward 12,U.S. Senate,,DEM,Kirsten E. Gillibrand,27
Onondaga,4th Ward 12,U.S. Senate,,REP,Michael D. Sapraicone,12
Onondaga,4th Ward 12,U.S. Senate,,CON,Michael D. Sapraicone,3
Onondaga,4th Ward 12,U.S. Senate,,WOR,Kirsten E. Gillibrand,2
Onondaga,4th Ward 12,U.S. House,22,DEM,John W. Mannion,29
Onondaga,4th Ward 12,U.S. House,22,REP,Brandon M. Williams,13
Onondaga,4th Ward 12,U.S. House,22,CON,Brandon M. Williams,3
Onondaga,4th Ward 12,U.S. House,22,WOR,John W. Mannion,1
Onondaga,4th Ward 12,State Senate,48,DEM,Rachel May,29
Onondaga,4th Ward 12,State Senate,48,REP,Caleb C. Slater,14
Onondaga,4th Ward 12,State Senate,48,WOR,Rachel May,1
Onondaga,4th Ward 12,State Assembly,129,DEM,William B. Magnarelli,35
Onondaga,4th Ward 12,State Assembly,129,,Write-in,1
Onondaga,5th Ward 1,President,,DEM,Kamala D. Harris,345
Onondaga,5th Ward 1,President,,REP,Donald J. Trump,131
Onondaga,5th Ward 1,President,,CON,Donald J. Trump,20
Onondaga,5th Ward 1,President,,WOR,Kamala D. Harris,34
Onondaga,5th Ward 1,President,,,Write-in,2
Onondaga,5th Ward 1,U.S. Senate,,DEM,Kirsten E. Gillibrand,330
Onondaga,5th Ward 1,U.S. Senate,,REP,Michael D. Sapraicone,111
Onondaga,5th Ward 1,U.S. Senate,,CON,Michael D. Sapraicone,30
Onondaga,5th Ward 1,U.S. Senate,,WOR,Kirsten E. Gillibrand,43
Onondaga,5th Ward 1,U.S. Senate,,LAR,Diane Sare,3
Onondaga,5th Ward 1,U.S. Senate,,,Write-in,1
Onondaga,5th Ward 1,U.S. House,22,DEM,John W. Mannion,336
Onondaga,5th Ward 1,U.S. House,22,REP,Brandon M. Williams,113
Onondaga,5th Ward 1,U.S. House,22,CON,Brandon M. Williams,29
Onondaga,5th Ward 1,U.S. House,22,WOR,John W. Mannion,39
Onondaga,5th Ward 1,U.S. House,22,,Write-in,1
Onondaga,5th Ward 1,State Senate,48,DEM,Rachel May,320
Onondaga,5th Ward 1,State Senate,48,REP,Caleb C. Slater,130
Onondaga,5th Ward 1,State Senate,48,WOR,Rachel May,48
Onondaga,5th Ward 1,State Senate,48,,Write-in,1
Onondaga,5th Ward 1,State Assembly,129,DEM,William B. Magnarelli,404
Onondaga,5th Ward 1,State Assembly,129,,Write-in,2
Onondaga,5th Ward 2,President,,DEM,Kamala D. Harris,202
Onondaga,5th Ward 2,President,,REP,Donald J. Trump,89
Onondaga,5th Ward 2,President,,CON,Donald J. Trump,16
Onondaga,5th Ward 2,President,,WOR,Kamala D. Harris,18
Onondaga,5th Ward 2,President,,,Write-in,2
Onondaga,5th Ward 2,U.S. Senate,,DEM,Kirsten E. Gillibrand,195
Onondaga,5th Ward 2,U.S. Senate,,REP,Michael D. Sapraicone,72
Onondaga,5th Ward 2,U.S. Senate,,CON,Michael D. Sapraicone,18
Onondaga,5th Ward 2,U.S. Senate,,WOR,Kirsten E. Gillibrand,25
Onondaga,5th Ward 2,U.S. Senate,,LAR,Diane Sare,4
Onondaga,5th Ward 2,U.S. House,22,DEM,John W. Mannion,188
Onondaga,5th Ward 2,U.S. House,22,REP,Brandon M. Williams,75
Onondaga,5th Ward 2,U.S. House,22,CON,Brandon M. Williams,21
Onondaga,5th Ward 2,U.S. House,22,WOR,John W. Mannion,28
Onondaga,5th Ward 2,U.S. House,22,,Write-in,3
Onondaga,5th Ward 2,State Senate,48,DEM,Rachel May,189
Onondaga,5th Ward 2,State Senate,48,REP,Caleb C. Slater,91
Onondaga,5th Ward 2,State Senate,48,WOR,Rachel May,26
Onondaga,5th Ward 2,State Senate,48,,Write-in,2
Onondaga,5th Ward 2,State Assembly,129,DEM,William B. Magnarelli,242
Onondaga,5th Ward 2,State Assembly,129,,Write-in,3
Onondaga,5th Ward 3,President,,DEM,Kamala D. Harris,205
Onondaga,5th Ward 3,President,,REP,Donald J. Trump,71
Onondaga,5th Ward 3,President,,CON,Donald J. Trump,8
Onondaga,5th Ward 3,President,,WOR,Kamala D. Harris,22
Onondaga,5th Ward 3,President,,,Write-in,2
Onondaga,5th Ward 3,U.S. Senate,,DEM,Kirsten E. Gillibrand,197
Onondaga,5th Ward 3,U.S. Senate,,REP,Michael D. Sapraicone,59
Onondaga,5th Ward 3,U.S. Senate,,CON,Michael D. Sapraicone,12
Onondaga,5th Ward 3,U.S. Senate,,WOR,Kirsten E. Gillibrand,31
Onondaga,5th Ward 3,U.S. Senate,,LAR,Diane Sare,5
Onondaga,5th Ward 3,U.S. House,22,DEM,John W. Mannion,206
Onondaga,5th Ward 3,U.S. House,22,REP,Brandon M. Williams,63
Onondaga,5th Ward 3,U.S. House,22,CON,Brandon M. Williams,10
Onondaga,5th Ward 3,U.S. House,22,WOR,John W. Mannion,30
Onondaga,5th Ward 3,State Senate,48,DEM,Rachel May,203
Onondaga,5th Ward 3,State Senate,48,REP,Caleb C. Slater,75
Onondaga,5th Ward 3,State Senate,48,WOR,Rachel May,28
Onondaga,5th Ward 3,State Assembly,129,DEM,William B. Magnarelli,253
Onondaga,5th Ward 3,State Assembly,129,,Write-in,2
Onondaga,5th Ward 4,President,,DEM,Kamala D. Harris,246
Onondaga,5th Ward 4,President,,REP,Donald J. Trump,148
Onondaga,5th Ward 4,President,,CON,Donald J. Trump,28
Onondaga,5th Ward 4,President,,WOR,Kamala D. Harris,25
Onondaga,5th Ward 4,President,,,Write-in,2
Onondaga,5th Ward 4,U.S. Senate,,DEM,Kirsten E. Gillibrand,253
Onondaga,5th Ward 4,U.S. Senate,,REP,Michael D. Sapraicone,129
Onondaga,5th Ward 4,U.S. Senate,,CON,Michael D. Sapraicone,31
Onondaga,5th Ward 4,U.S. Senate,,WOR,Kirsten E. Gillibrand,28
Onondaga,5th Ward 4,U.S. Senate,,LAR,Diane Sare,1
Onondaga,5th Ward 4,U.S. House,22,DEM,John W. Mannion,244
Onondaga,5th Ward 4,U.S. House,22,REP,Brandon M. Williams,137
Onondaga,5th Ward 4,U.S. House,22,CON,Brandon M. Williams,32
Onondaga,5th Ward 4,U.S. House,22,WOR,John W. Mannion,28
Onondaga,5th Ward 4,State Senate,48,DEM,Rachel May,248
Onondaga,5th Ward 4,State Senate,48,REP,Caleb C. Slater,158
Onondaga,5th Ward 4,State Senate,48,WOR,Rachel May,31
Onondaga,5th Ward 4,State Assembly,129,DEM,William B. Magnarelli,316
Onondaga,5th Ward 4,State Assembly,129,,Write-in,7
Onondaga,5th Ward 5,President,,DEM,Kamala D. Harris,254
Onondaga,5th Ward 5,President,,REP,Donald J. Trump,114
Onondaga,5th Ward 5,President,,CON,Donald J. Trump,17
Onondaga,5th Ward 5,President,,WOR,Kamala D. Harris,22
Onondaga,5th Ward 5,President,,,Write-in,1
Onondaga,5th Ward 5,U.S. Senate,,DEM,Kirsten E. Gillibrand,249
Onondaga,5th Ward 5,U.S. Senate,,REP,Michael D. Sapraicone,102
Onondaga,5th Ward 5,U.S. Senate,,CON,Michael D. Sapraicone,16
Onondaga,5th Ward 5,U.S. Senate,,WOR,Kirsten E. Gillibrand,33
Onondaga,5th Ward 5,U.S. Senate,,LAR,Diane Sare,3
Onondaga,5th Ward 5,U.S. House,22,DEM,John W. Mannion,247
Onondaga,5th Ward 5,U.S. House,22,REP,Brandon M. Williams,111
Onondaga,5th Ward 5,U.S. House,22,CON,Brandon M. Williams,17
Onondaga,5th Ward 5,U.S. House,22,WOR,John W. Mannion,30
Onondaga,5th Ward 5,State Senate,48,DEM,Rachel May,241
Onondaga,5th Ward 5,State Senate,48,REP,Caleb C. Slater,128
Onondaga,5th Ward 5,State Senate,48,WOR,Rachel May,32
Onondaga,5th Ward 5,State Assembly,129,DEM,William B. Magnarelli,305
Onondaga,5th Ward 5,State Assembly,129,,Write-in,4
Onondaga,5th Ward 6,President,,DEM,Kamala D. Harris,297
Onondaga,5th Ward 6,President,,REP,Donald J. Trump,131
Onondaga,5th Ward 6,President,,CON,Donald J. Trump,19
Onondaga,5th Ward 6,President,,WOR,Kamala D. Harris,27
Onondaga,5th Ward 6,President,,,Write-in,1
Onondaga,5th Ward 6,U.S. Senate,,DEM,Kirsten E. Gillibrand,297
Onondaga,5th Ward 6,U.S. Senate,,REP,Michael D. Sapraicone,107
Onondaga,5th Ward 6,U.S. Senate,,CON,Michael D. Sapraicone,20
Onondaga,5th Ward 6,U.S. Senate,,WOR,Kirsten E. Gillibrand,38
Onondaga,5th Ward 6,U.S. Senate,,LAR,Diane Sare,4
Onondaga,5th Ward 6,U.S. House,22,DEM,John W. Mannion,291
Onondaga,5th Ward 6,U.S. House,22,REP,Brandon M. Williams,115
Onondaga,5th Ward 6,U.S. House,22,CON,Brandon M. Williams,23
Onondaga,5th Ward 6,U.S. House,22,WOR,John W. Mannion,33
Onondaga,5th Ward 6,State Senate,48,DEM,Rachel May,284
Onondaga,5th Ward 6,State Senate,48,REP,Caleb C. Slater,133
Onondaga,5th Ward 6,State Senate,48,WOR,Rachel May,41
Onondaga,5th Ward 6,State Assembly,129,DEM,William B. Magnarelli,368
Onondaga,5th Ward 6,State Assembly,129,,Write-in,3
Onondaga,5th Ward 7,President,,DEM,Kamala D. Harris,282
Onondaga,5th Ward 7,President,,REP,Donald J. Trump,121
Onondaga,5th Ward 7,President,,CON,Donald J. Trump,28
Onondaga,5th Ward 7,President,,WOR,Kamala D. Harris,27
Onondaga,5th Ward 7,President,,,Write-in,2
Onondaga,5th Ward 7,U.S. Senate,,DEM,Kirsten E. Gillibrand,276
Onondaga,5th Ward 7,U.S. Senate,,REP,Michael D. Sapraicone,105
Onondaga,5th Ward 7,U.S. Senate,,CON,Michael D. Sapraicone,29
Onondaga,5th Ward 7,U.S. Senate,,WOR,Kirsten E. Gillibrand,33
Onondaga,5th Ward 7,U.S. Senate,,LAR,Diane Sare,2
Onondaga,5th Ward 7,U.S. Senate,,,Write-in,1
Onondaga,5th Ward 7,U.S. House,22,DEM,John W. Mannion,274
Onondaga,5th Ward 7,U.S. House,22,REP,Brandon M. Williams,110
Onondaga,5th Ward 7,U.S. House,22,CON,Brandon M. Williams,34
Onondaga,5th Ward 7,U.S. House,22,WOR,John W. Mannion,32
Onondaga,5th Ward 7,U.S. House,22,,Write-in,1
Onondaga,5th Ward 7,State Senate,48,DEM,Rachel May,277
Onondaga,5th Ward 7,State Senate,48,REP,Caleb C. Slater,127
Onondaga,5th Ward 7,State Senate,48,WOR,Rachel May,36
Onondaga,5th Ward 7,State Assembly,129,DEM,William B. Magnarelli,355
Onondaga,5th Ward 7,State Assembly,129,,Write-in,3
Onondaga,5th Ward 8,President,,DEM,Kamala D. Harris,1
Onondaga,5th Ward 8,President,,REP,Donald J. Trump,2
Onondaga,5th Ward 8,U.S. Senate,,DEM,Kirsten E. Gillibrand,1
Onondaga,5th Ward 8,U.S. Senate,,REP,Michael D. Sapraicone,2
Onondaga,5th Ward 8,U.S. House,22,DEM,John W. Mannion,1
Onondaga,5th Ward 8,U.S. House,22,REP,Brandon M. Williams,2
Onondaga,5th Ward 8,State Senate,48,DEM,Rachel May,1
Onondaga,5th Ward 8,State Senate,48,REP,Caleb C. Slater,2
Onondaga,5th Ward 8,State Assembly,128,DEM,Pamela Jo Hunter,1
Onondaga,5th Ward 8,State Assembly,128,REP,Daniel A. Ciciarelli,2
Onondaga,5th Ward 9,President,,DEM,Kamala D. Harris,285
Onondaga,5th Ward 9,President,,REP,Donald J. Trump,115
Onondaga,5th Ward 9,President,,CON,Donald J. Trump,22
Onondaga,5th Ward 9,President,,WOR,Kamala D. Harris,15
Onondaga,5th Ward 9,President,,,Write-in,2
Onondaga,5th Ward 9,U.S. Senate,,DEM,Kirsten E. Gillibrand,283
Onondaga,5th Ward 9,U.S. Senate,,REP,Michael D. Sapraicone,107
Onondaga,5th Ward 9,U.S. Senate,,CON,Michael D. Sapraicone,19
Onondaga,5th Ward 9,U.S. Senate,,WOR,Kirsten E. Gillibrand,25
Onondaga,5th Ward 9,U.S. House,22,DEM,John W. Mannion,270
Onondaga,5th Ward 9,U.S. House,22,REP,Brandon M. Williams,118
Onondaga,5th Ward 9,U.S. House,22,CON,Brandon M. Williams,22
Onondaga,5th Ward 9,U.S. House,22,WOR,John W. Mannion,25
Onondaga,5th Ward 9,State Senate,48,DEM,Rachel May,274
Onondaga,5th Ward 9,State Senate,48,REP,Caleb C. Slater,124
Onondaga,5th Ward 9,State Senate,48,WOR,Rachel May,28
Onondaga,5th Ward 9,State Assembly,129,DEM,William B. Magnarelli,345
Onondaga,5th Ward 9,State Assembly,129,,Write-in,1
Onondaga,5th Ward 10,President,,DEM,Kamala D. Harris,357
Onondaga,5th Ward 10,President,,REP,Donald J. Trump,124
Onondaga,5th Ward 10,President,,CON,Donald J. Trump,22
Onondaga,5th Ward 10,President,,WOR,Kamala D. Harris,29
Onondaga,5th Ward 10,President,,,Write-in,5
Onondaga,5th Ward 10,U.S. Senate,,DEM,Kirsten E. Gillibrand,353
Onondaga,5th Ward 10,U.S. Senate,,REP,Michael D. Sapraicone,101
Onondaga,5th Ward 10,U.S. Senate,,CON,Michael D. Sapraicone,18
Onondaga,5th Ward 10,U.S. Senate,,WOR,Kirsten E. Gillibrand,45
Onondaga,5th Ward 10,U.S. Senate,,LAR,Diane Sare,3
Onondaga,5th Ward 10,U.S. House,22,DEM,John W. Mannion,348
Onondaga,5th Ward 10,U.S. House,22,REP,Brandon M. Williams,117
Onondaga,5th Ward 10,U.S. House,22,CON,Brandon M. Williams,24
Onondaga,5th Ward 10,U.S. House,22,WOR,John W. Mannion,38
Onondaga,5th Ward 10,U.S. House,22,,Write-in,1
Onondaga,5th Ward 10,State Senate,48,DEM,Rachel May,347
Onondaga,5th Ward 10,State Senate,48,REP,Caleb C. Slater,122
Onondaga,5th Ward 10,State Senate,48,WOR,Rachel May,45
Onondaga,5th Ward 10,State Assembly,129,DEM,William B. Magnarelli,426
Onondaga,5th Ward 10,State Assembly,129,,Write-in,6
Onondaga,5th Ward 11,President,,DEM,Kamala D. Harris,302
Onondaga,5th Ward 11,President,,REP,Donald J. Trump,122
Onondaga,5th Ward 11,President,,CON,Donald J. Trump,22
Onondaga,5th Ward 11,President,,WOR,Kamala D. Harris,24
Onondaga,5th Ward 11,President,,,Write-in,3
Onondaga,5th Ward 11,U.S. Senate,,DEM,Kirsten E. Gillibrand,308
Onondaga,5th Ward 11,U.S. Senate,,REP,Michael D. Sapraicone,101
Onondaga,5th Ward 11,U.S. Senate,,CON,Michael D. Sapraicone,22
Onondaga,5th Ward 11,U.S. Senate,,WOR,Kirsten E. Gillibrand,36
Onondaga,5th Ward 11,U.S. Senate,,LAR,Diane Sare,1
Onondaga,5th Ward 11,U.S. Senate,,,Write-in,2
Onondaga,5th Ward 11,U.S. House,22,DEM,John W. Mannion,311
Onondaga,5th Ward 11,U.S. House,22,REP,Brandon M. Williams,108
Onondaga,5th Ward 11,U.S. House,22,CON,Brandon M. Williams,19
Onondaga,5th Ward 11,U.S. House,22,WOR,John W. Mannion,32
Onondaga,5th Ward 11,U.S. House,22,,Write-in,2
Onondaga,5th Ward 11,State Senate,48,DEM,Rachel May,299
Onondaga,5th Ward 11,State Senate,48,REP,Caleb C. Slater,132
Onondaga,5th Ward 11,State Senate,48,WOR,Rachel May,26
Onondaga,5th Ward 11,State Senate,48,,Write-in,2
Onondaga,5th Ward 11,State Assembly,129,DEM,William B. Magnarelli,381
Onondaga,5th Ward 11,State Assembly,129,,Write-in,5
Onondaga,6th Ward 1,President,,DEM,Kamala D. Harris,332
Onondaga,6th Ward 1,President,,REP,Donald J. Trump,70
Onondaga,6th Ward 1,President,,CON,Donald J. Trump,14
Onondaga,6th Ward 1,President,,WOR,Kamala D. Harris,40
Onondaga,6th Ward 1,President,,,Write-in,7
Onondaga,6th Ward 1,U.S. Senate,,DEM,Kirsten E. Gillibrand,308
Onondaga,6th Ward 1,U.S. Senate,,REP,Michael D. Sapraicone,65
Onondaga,6th Ward 1,U.S. Senate,,CON,Michael D. Sapraicone,14
Onondaga,6th Ward 1,U.S. Senate,,WOR,Kirsten E. Gillibrand,55
Onondaga,6th Ward 1,U.S. Senate,,LAR,Diane Sare,5
Onondaga,6th Ward 1,U.S. House,22,DEM,John W. Mannion,311
Onondaga,6th Ward 1,U.S. House,22,REP,Brandon M. Williams,67
Onondaga,6th Ward 1,U.S. House,22,CON,Brandon M. Williams,15
Onondaga,6th Ward 1,U.S. House,22,WOR,John W. Mannion,58
Onondaga,6th Ward 1,State Senate,48,DEM,Rachel May,302
Onondaga,6th Ward 1,State Senate,48,REP,Caleb C. Slater,77
Onondaga,6th Ward 1,State Senate,48,WOR,Rachel May,57
Onondaga,6th Ward 1,State Assembly,129,DEM,William B. Magnarelli,359
Onondaga,6th Ward 1,State Assembly,129,,Write-in,7
Onondaga,6th Ward 2,President,,DEM,Kamala D. Harris,264
Onondaga,6th Ward 2,President,,REP,Donald J. Trump,105
Onondaga,6th Ward 2,President,,CON,Donald J. Trump,17
Onondaga,6th Ward 2,President,,WOR,Kamala D. Harris,20
Onondaga,6th Ward 2,President,,,Write-in,3
Onondaga,6th Ward 2,U.S. Senate,,DEM,Kirsten E. Gillibrand,262
Onondaga,6th Ward 2,U.S. Senate,,REP,Michael D. Sapraicone,90
Onondaga,6th Ward 2,U.S. Senate,,CON,Michael D. Sapraicone,16
Onondaga,6th Ward 2,U.S. Senate,,WOR,Kirsten E. Gillibrand,26
Onondaga,6th Ward 2,U.S. Senate,,LAR,Diane Sare,4
Onondaga,6th Ward 2,U.S. Senate,,,Write-in,1
Onondaga,6th Ward 2,U.S. House,22,DEM,John W. Mannion,266
Onondaga,6th Ward 2,U.S. House,22,REP,Brandon M. Williams,88
Onondaga,6th Ward 2,U.S. House,22,CON,Brandon M. Williams,17
Onondaga,6th Ward 2,U.S. House,22,WOR,John W. Mannion,27
Onondaga,6th Ward 2,State Senate,48,DEM,Rachel May,262
Onondaga,6th Ward 2,State Senate,48,REP,Caleb C. Slater,95
Onondaga,6th Ward 2,State Senate,48,WOR,Rachel May,33
Onondaga,6th Ward 2,State Assembly,129,DEM,William B. Magnarelli,309
Onondaga,6th Ward 2,State Assembly,129,,Write-in,2
Onondaga,6th Ward 3,President,,DEM,Kamala D. Harris,109
Onondaga,6th Ward 3,President,,REP,Donald J. Trump,44
Onondaga,6th Ward 3,President,,CON,Donald J. Trump,8
Onondaga,6th Ward 3,President,,WOR,Kamala D. Harris,4
Onondaga,6th Ward 3,President,,,Write-in,1
Onondaga,6th Ward 3,U.S. Senate,,DEM,Kirsten E. Gillibrand,104
Onondaga,6th Ward 3,U.S. Senate,,REP,Michael D. Sapraicone,36
Onondaga,6th Ward 3,U.S. Senate,,CON,Michael D. Sapraicone,7
Onondaga,6th Ward 3,U.S. Senate,,WOR,Kirsten E. Gillibrand,11
Onondaga,6th Ward 3,U.S. Senate,,,Write-in,1
Onondaga,6th Ward 3,U.S. House,22,DEM,John W. Mannion,102
Onondaga,6th Ward 3,U.S. House,22,REP,Brandon M. Williams,31
Onondaga,6th Ward 3,U.S. House,22,CON,Brandon M. Williams,6
Onondaga,6th Ward 3,U.S. House,22,WOR,John W. Mannion,15
Onondaga,6th Ward 3,State Senate,48,DEM,Rachel May,99
Onondaga,6th Ward 3,State Senate,48,REP,Caleb C. Slater,35
Onondaga,6th Ward 3,State Senate,48,WOR,Rachel May,9
Onondaga,6th Ward 3,State Assembly,129,DEM,William B. Magnarelli,112
Onondaga,6th Ward 3,State Assembly,129,,Write-in,1
Onondaga,6th Ward 4,President,,DEM,Kamala D. Harris,2
Onondaga,6th Ward 4,U.S. Senate,,DEM,Kirsten E. Gillibrand,2
Onondaga,6th Ward 4,U.S. House,22,DEM,John W. Mannion,2
Onondaga,6th Ward 4,State Senate,48,DEM,Rachel May,2
Onondaga,6th Ward 4,State Assembly,129,DEM,William B. Magnarelli,2
Onondaga,6th Ward 5,President,,DEM,Kamala D. Harris,385
Onondaga,6th Ward 5,President,,REP,Donald J. Trump,134
Onondaga,6th Ward 5,President,,CON,Donald J. Trump,23
Onondaga,6th Ward 5,President,,WOR,Kamala D. Harris,30
Onondaga,6th Ward 5,President,,,Write-in,1
Onondaga,6th Ward 5,U.S. Senate,,DEM,Kirsten E. Gillibrand,362
Onondaga,6th Ward 5,U.S. Senate,,REP,Michael D. Sapraicone,124
Onondaga,6th Ward 5,U.S. Senate,,CON,Michael D. Sapraicone,29
Onondaga,6th Ward 5,U.S. Senate,,WOR,Kirsten E. Gillibrand,30
Onondaga,6th Ward 5,U.S. Senate,,LAR,Diane Sare,6
Onondaga,6th Ward 5,U.S. House,22,DEM,John W. Mannion,374
Onondaga,6th Ward 5,U.S. House,22,REP,Brandon M. Williams,128
Onondaga,6th Ward 5,U.S. House,22,CON,Brandon M. Williams,29
Onondaga,6th Ward 5,U.S. House,22,WOR,John W. Mannion,26
Onondaga,6th Ward 5,State Senate,48,DEM,Rachel May,374
Onondaga,6th Ward 5,State Senate,48,REP,Caleb C. Slater,141
Onondaga,6th Ward 5,State Senate,48,WOR,Rachel May,33
Onondaga,6th Ward 5,State Senate,48,,Write-in,1
Onondaga,6th Ward 5,State Assembly,129,DEM,William B. Magnarelli,440
Onondaga,6th Ward 5,State Assembly,129,,Write-in,5
Onondaga,6th Ward 6,President,,DEM,Kamala D. Harris,193
Onondaga,6th Ward 6,President,,REP,Donald J. Trump,97
Onondaga,6th Ward 6,President,,CON,Donald J. Trump,15
Onondaga,6th Ward 6,President,,WOR,Kamala D. Harris,18
Onondaga,6th Ward 6,President,,,Write-in,6
Onondaga,6th Ward 6,U.S. Senate,,DEM,Kirsten E. Gillibrand,180
Onondaga,6th Ward 6,U.S. Senate,,REP,Michael D. Sapraicone,89
Onondaga,6th Ward 6,U.S. Senate,,CON,Michael D. Sapraicone,18
Onondaga,6th Ward 6,U.S. Senate,,WOR,Kirsten E. Gillibrand,32
Onondaga,6th Ward 6,U.S. Senate,,LAR,Diane Sare,1
Onondaga,6th Ward 6,U.S. Senate,,,Write-in,1
Onondaga,6th Ward 6,U.S. House,22,DEM,John W. Mannion,182
Onondaga,6th Ward 6,U.S. House,22,REP,Brandon M. Williams,90
Onondaga,6th Ward 6,U.S. House,22,CON,Brandon M. Williams,17
Onondaga,6th Ward 6,U.S. House,22,WOR,John W. Mannion,31
Onondaga,6th Ward 6,State Senate,48,DEM,Rachel May,180
Onondaga,6th Ward 6,State Senate,48,REP,Caleb C. Slater,105
Onondaga,6th Ward 6,State Senate,48,WOR,Rachel May,32
Onondaga,6th Ward 6,State Assembly,129,DEM,William B. Magnarelli,235
Onondaga,6th Ward 6,State Assembly,129,,Write-in,5
Onondaga,6th Ward 7,President,,REP,Donald J. Trump,1
Onondaga,6th Ward 7,U.S. Senate,,REP,Michael D. Sapraicone,1
Onondaga,6th Ward 7,U.S. House,22,REP,Brandon M. Williams,1
Onondaga,6th Ward 7,State Senate,48,REP,Caleb C. Slater,1
Onondaga,6th Ward 7,State Assembly,128,REP,Daniel A. Ciciarelli,1
Onondaga,6th Ward 8,President,,DEM,Kamala D. Harris,8
Onondaga,6th Ward 8,President,,REP,Donald J. Trump,5
Onondaga,6th Ward 8,U.S. Senate,,DEM,Kirsten E. Gillibrand,8
Onondaga,6th Ward 8,U.S. Senate,,REP,Michael D. Sapraicone,5
Onondaga,6th Ward 8,U.S. House,22,DEM,John W. Mannion,8
Onondaga,6th Ward 8,U.S. House,22,REP,Brandon M. Williams,4
Onondaga,6th Ward 8,U.S. House,22,CON,Brandon M. Williams,1
Onondaga,6th Ward 8,State Senate,48,DEM,Rachel May,8
Onondaga,6th Ward 8,State Senate,48,REP,Caleb C. Slater,5
Onondaga,6th Ward 8,State Assembly,128,DEM,Pamela Jo Hunter,7
Onondaga,6th Ward 8,State Assembly,128,REP,Daniel A. Ciciarelli,5
Onondaga,6th Ward 8,State Assembly,128,CON,Daniel A. Ciciarelli,1
Onondaga,6th Ward 9,President,,DEM,Kamala D. Harris,4
Onondaga,6th Ward 9,U.S. Senate,,DEM,Kirsten E. Gillibrand,2
Onondaga,6th Ward 9,U.S. House,22,DEM,John W. Mannion,2
Onondaga,6th Ward 9,State Senate,48,DEM,Rachel May,2
Onondaga,6th Ward 9,State Assembly,129,DEM,William B. Magnarelli,2
Onondaga,6th Ward 10,President,,DEM,Kamala D. Harris,1
Onondaga,6th Ward 10,President,,REP,Donald J. Trump,1
Onondaga,6th Ward 10,U.S. Senate,,DEM,Kirsten E. Gillibrand,1
Onondaga,6th Ward 10,U.S. Senate,,REP,Michael D. Sapraicone,1
Onondaga,6th Ward 10,U.S. House,22,DEM,John W. Mannion,1
Onondaga,6th Ward 10,U.S. House,22,REP,Brandon M. Williams,1
Onondaga,6th Ward 10,State Senate,48,DEM,Rachel May,1
Onondaga,6th Ward 10,State Senate,48,REP,Caleb C. Slater,1
Onondaga,6th Ward 10,State Assembly,128,DEM,Pamela Jo Hunter,1
Onondaga,6th Ward 10,State Assembly,128,REP,Daniel A. Ciciarelli,1
Onondaga,7th Ward 1,President,,DEM,Kamala D. Harris,348
Onondaga,7th Ward 1,President,,REP,Donald J. Trump,216
Onondaga,7th Ward 1,President,,CON,Donald J. Trump,35
Onondaga,7th Ward 1,President,,WOR,Kamala D. Harris,29
Onondaga,7th Ward 1,President,,,Write-in,2
Onondaga,7th Ward 1,U.S. Senate,,DEM,Kirsten E. Gillibrand,339
Onondaga,7th Ward 1,U.S. Senate,,REP,Michael D. Sapraicone,194
Onondaga,7th Ward 1,U.S. Senate,,CON,Michael D. Sapraicone,32
Onondaga,7th Ward 1,U.S. Senate,,WOR,Kirsten E. Gillibrand,38
Onondaga,7th Ward 1,U.S. Senate,,LAR,Diane Sare,3
Onondaga,7th Ward 1,U.S. Senate,,,Write-in,1
Onondaga,7th Ward 1,U.S. House,22,DEM,John W. Mannion,336
Onondaga,7th Ward 1,U.S. House,22,REP,Brandon M. Williams,202
Onondaga,7th Ward 1,U.S. House,22,CON,Brandon M. Williams,34
Onondaga,7th Ward 1,U.S. House,22,WOR,John W. Mannion,37
Onondaga,7th Ward 1,U.S. House,22,,Write-in,1
Onondaga,7th Ward 1,State Senate,48,DEM,Rachel May,340
Onondaga,7th Ward 1,State Senate,48,REP,Caleb C. Slater,220
Onondaga,7th Ward 1,State Senate,48,WOR,Rachel May,44
Onondaga,7th Ward 1,State Senate,48,,Write-in,1
Onondaga,7th Ward 1,State Assembly,129,DEM,William B. Magnarelli,447
Onondaga,7th Ward 1,State Assembly,129,,Write-in,10
Onondaga,7th Ward 2,President,,DEM,Kamala D. Harris,449
Onondaga,7th Ward 2,President,,REP,Donald J. Trump,215
Onondaga,7th Ward 2,President,,CON,Donald J. Trump,23
Onondaga,7th Ward 2,President,,WOR,Kamala D. Harris,40
Onondaga,7th Ward 2,President,,,Write-in,4
Onondaga,7th Ward 2,U.S. Senate,,DEM,Kirsten E. Gillibrand,448
Onondaga,7th Ward 2,U.S. Senate,,REP,Michael D. Sapraicone,192
Onondaga,7th Ward 2,U.S. Senate,,CON,Michael D. Sapraicone,23
Onondaga,7th Ward 2,U.S. Senate,,WOR,Kirsten E. Gillibrand,51
Onondaga,7th Ward 2,U.S. Senate,,LAR,Diane Sare,3
Onondaga,7th Ward 2,U.S. House,22,DEM,John W. Mannion,449
Onondaga,7th Ward 2,U.S. House,22,REP,Brandon M. Williams,212
Onondaga,7th Ward 2,U.S. House,22,CON,Brandon M. Williams,15
Onondaga,7th Ward 2,U.S. House,22,WOR,John W. Mannion,47
Onondaga,7th Ward 2,U.S. House,22,,Write-in,1
Onondaga,7th Ward 2,State Senate,48,DEM,Rachel May,442
Onondaga,7th Ward 2,State Senate,48,REP,Caleb C. Slater,216
Onondaga,7th Ward 2,State Senate,48,WOR,Rachel May,45
Onondaga,7th Ward 2,State Senate,48,,Write-in,3
Onondaga,7th Ward 2,State Assembly,129,DEM,William B. Magnarelli,565
Onondaga,7th Ward 2,State Assembly,129,,Write-in,7
Onondaga,8th Ward 1,President,,DEM,Kamala D. Harris,161
Onondaga,8th Ward 1,President,,REP,Donald J. Trump,54
Onondaga,8th Ward 1,President,,CON,Donald J. Trump,3
Onondaga,8th Ward 1,President,,WOR,Kamala D. Harris,7
Onondaga,8th Ward 1,President,,,Write-in,1
Onondaga,8th Ward 1,U.S. Senate,,DEM,Kirsten E. Gillibrand,145
Onondaga,8th Ward 1,U.S. Senate,,REP,Michael D. Sapraicone,37
Onondaga,8th Ward 1,U.S. Senate,,CON,Michael D. Sapraicone,4
Onondaga,8th Ward 1,U.S. Senate,,WOR,Kirsten E. Gillibrand,17
Onondaga,8th Ward 1,U.S. Senate,,LAR,Diane Sare,5
Onondaga,8th Ward 1,U.S. House,22,DEM,John W. Mannion,148
Onondaga,8th Ward 1,U.S. House,22,REP,Brandon M. Williams,42
Onondaga,8th Ward 1,U.S. House,22,CON,Brandon M. Williams,9
Onondaga,8th Ward 1,U.S. House,22,WOR,John W. Mannion,11
Onondaga,8th Ward 1,State Senate,48,DEM,Rachel May,150
Onondaga,8th Ward 1,State Senate,48,REP,Caleb C. Slater,41
Onondaga,8th Ward 1,State Senate,48,WOR,Rachel May,17
Onondaga,8th Ward 1,State Assembly,128,DEM,Pamela Jo Hunter,142
Onondaga,8th Ward 1,State Assembly,128,REP,Daniel A. Ciciarelli,39
Onondaga,8th Ward 1,State Assembly,128,CON,Daniel A. Ciciarelli,5
Onondaga,8th Ward 1,State Assembly,128,WOR,Pamela Jo Hunter,19
Onondaga,8th Ward 2,President,,DEM,Kamala D. Harris,292
Onondaga,8th Ward 2,President,,REP,Donald J. Trump,175
Onondaga,8th Ward 2,President,,CON,Donald J. Trump,20
Onondaga,8th Ward 2,President,,WOR,Kamala D. Harris,23
Onondaga,8th Ward 2,President,,,Write-in,5
Onondaga,8th Ward 2,U.S. Senate,,DEM,Kirsten E. Gillibrand,295
Onondaga,8th Ward 2,U.S. Senate,,REP,Michael D. Sapraicone,149
Onondaga,8th Ward 2,U.S. Senate,,CON,Michael D. Sapraicone,21
Onondaga,8th Ward 2,U.S. Senate,,WOR,Kirsten E. Gillibrand,33
Onondaga,8th Ward 2,U.S. Senate,,LAR,Diane Sare,3
Onondaga,8th Ward 2,U.S. Senate,,,Write-in,2
Onondaga,8th Ward 2,U.S. House,22,DEM,John W. Mannion,290
Onondaga,8th Ward 2,U.S. House,22,REP,Brandon M. Williams,155
Onondaga,8th Ward 2,U.S. House,22,CON,Brandon M. Williams,20
Onondaga,8th Ward 2,U.S. House,22,WOR,John W. Mannion,40
Onondaga,8th Ward 2,U.S. House,22,,Write-in,3
Onondaga,8th Ward 2,State Senate,48,DEM,Rachel May,286
Onondaga,8th Ward 2,State Senate,48,REP,Caleb C. Slater,173
Onondaga,8th Ward 2,State Senate,48,WOR,Rachel May,34
Onondaga,8th Ward 2,State Senate,48,,Write-in,2
Onondaga,8th Ward 2,State Assembly,129,DEM,William B. Magnarelli,378
Onondaga,8th Ward 2,State Assembly,129,,Write-in,14
Onondaga,8th Ward 3,President,,DEM,Kamala D. Harris,144
Onondaga,8th Ward 3,President,,REP,Donald J. Trump,54
Onondaga,8th Ward 3,President,,CON,Donald J. Trump,5
Onondaga,8th Ward 3,President,,WOR,Kamala D. Harris,10
Onondaga,8th Ward 3,President,,,Write-in,4
Onondaga,8th Ward 3,U.S. Senate,,DEM,Kirsten E. Gillibrand,132
Onondaga,8th Ward 3,U.S. Senate,,REP,Michael D. Sapraicone,41
Onondaga,8th Ward 3,U.S. Senate,,CON,Michael D. Sapraicone,4
Onondaga,8th Ward 3,U.S. Senate,,WOR,Kirsten E. Gillibrand,19
Onondaga,8th Ward 3,U.S. Senate,,LAR,Diane Sare,1
Onondaga,8th Ward 3,U.S. House,22,DEM,John W. Mannion,130
Onondaga,8th Ward 3,U.S. House,22,REP,Brandon M. Williams,45
Onondaga,8th Ward 3,U.S. House,22,CON,Brandon M. Williams,8
Onondaga,8th Ward 3,U.S. House,22,WOR,John W. Mannion,20
Onondaga,8th Ward 3,State Senate,48,DEM,Rachel May,134
Onondaga,8th Ward 3,State Senate,48,REP,Caleb C. Slater,40
Onondaga,8th Ward 3,State Senate,48,WOR,Rachel May,25
Onondaga,8th Ward 3,State Assembly,128,DEM,Pamela Jo Hunter,136
Onondaga,8th Ward 3,State Assembly,128,REP,Daniel A. Ciciarelli,43
Onondaga,8th Ward 3,State Assembly,128,CON,Daniel A. Ciciarelli,5
Onondaga,8th Ward 3,State Assembly,128,WOR,Pamela Jo Hunter,20
Onondaga,8th Ward 4,President,,DEM,Kamala D. Harris,266
Onondaga,8th Ward 4,President,,REP,Donald J. Trump,114
Onondaga,8th Ward 4,President,,CON,Donald J. Trump,12
Onondaga,8th Ward 4,President,,WOR,Kamala D. Harris,18
Onondaga,8th Ward 4,President,,,Write-in,4
Onondaga,8th Ward 4,U.S. Senate,,DEM,Kirsten E. Gillibrand,265
Onondaga,8th Ward 4,U.S. Senate,,REP,Michael D. Sapraicone,99
Onondaga,8th Ward 4,U.S. Senate,,CON,Michael D. Sapraicone,13
Onondaga,8th Ward 4,U.S. Senate,,WOR,Kirsten E. Gillibrand,31
Onondaga,8th Ward 4,U.S. Senate,,LAR,Diane Sare,3
Onondaga,8th Ward 4,U.S. Senate,,,Write-in,1
Onondaga,8th Ward 4,U.S. House,22,DEM,John W. Mannion,265
Onondaga,8th Ward 4,U.S. House,22,REP,Brandon M. Williams,102
Onondaga,8th Ward 4,U.S. House,22,CON,Brandon M. Williams,18
Onondaga,8th Ward 4,U.S. House,22,WOR,John W. Mannion,26
Onondaga,8th Ward 4,U.S. House,22,,Write-in,1
Onondaga,8th Ward 4,State Senate,48,DEM,Rachel May,271
Onondaga,8th Ward 4,State Senate,48,REP,Caleb C. Slater,106
Onondaga,8th Ward 4,State Senate,48,WOR,Rachel May,32
Onondaga,8th Ward 4,State Senate,48,,Write-in,1
Onondaga,8th Ward 4,State Assembly,129,DEM,William B. Magnarelli,334
Onondaga,8th Ward 4,State Assembly,129,,Write-in,6
Onondaga,8th Ward 5,President,,DEM,Kamala D. Harris,11
Onondaga,8th Ward 5,President,,REP,Donald J. Trump,3
Onondaga,8th Ward 5,President,,CON,Donald J. Trump,1
Onondaga,8th Ward 5,U.S. Senate,,DEM,Kirsten E. Gillibrand,10
Onondaga,8th Ward 5,U.S. Senate,,REP,Michael D. Sapraicone,2
Onondaga,8th Ward 5,U.S. Senate,,CON,Michael D. Sapraicone,1
Onondaga,8th Ward 5,U.S. Senate,,WOR,Kirsten E. Gillibrand,2
Onondaga,8th Ward 5,U.S. House,22,DEM,John W. Mannion,9
Onondaga,8th Ward 5,U.S. House,22,REP,Brandon M. Williams,3
Onondaga,8th Ward 5,U.S. House,22,WOR,John W. Mannion,3
Onondaga,8th Ward 5,State Senate,48,DEM,Rachel May,9
Onondaga,8th Ward 5,State Senate,48,REP,Caleb C. Slater,5
Onondaga,8th Ward 5,State Senate,48,WOR,Rachel May,2
Onondaga,8th Ward 5,State Assembly,128,DEM,Pamela Jo Hunter,9
Onondaga,8th Ward 5,State Assembly,128,REP,Daniel A. Ciciarelli,3
Onondaga,8th Ward 5,State Assembly,128,CON,Daniel A. Ciciarelli,1
Onondaga,8th Ward 5,State Assembly,128,WOR,Pamela Jo Hunter,2
Onondaga,9th Ward 1,President,,DEM,Kamala D. Harris,469
Onondaga,9th Ward 1,President,,REP,Donald J. Trump,108
Onondaga,9th Ward 1,President,,CON,Donald J. Trump,15
Onondaga,9th Ward 1,President,,WOR,Kamala D. Harris,32
Onondaga,9th Ward 1,President,,,Write-in,6
Onondaga,9th Ward 1,U.S. Senate,,DEM,Kirsten E. Gillibrand,448
Onondaga,9th Ward 1,U.S. Senate,,REP,Michael D. Sapraicone,104
Onondaga,9th Ward 1,U.S. Senate,,CON,Michael D. Sapraicone,16
Onondaga,9th Ward 1,U.S. Senate,,WOR,Kirsten E. Gillibrand,40
Onondaga,9th Ward 1,U.S. Senate,,LAR,Diane Sare,5
Onondaga,9th Ward 1,U.S. Senate,,,Write-in,3
Onondaga,9th Ward 1,U.S. House,22,DEM,John W. Mannion,447
Onondaga,9th Ward 1,U.S. House,22,REP,Brandon M. Williams,111
Onondaga,9th Ward 1,U.S. House,22,CON,Brandon M. Williams,20
Onondaga,9th Ward 1,U.S. House,22,WOR,John W. Mannion,39
Onondaga,9th Ward 1,U.S. House,22,,Write-in,2
Onondaga,9th Ward 1,State Senate,48,DEM,Rachel May,448
Onondaga,9th Ward 1,State Senate,48,REP,Caleb C. Slater,121
Onondaga,9th Ward 1,State Senate,48,WOR,Rachel May,39
Onondaga,9th Ward 1,State Senate,48,,Write-in,2
Onondaga,9th Ward 1,State Assembly,129,DEM,William B. Magnarelli,507
Onondaga,9th Ward 1,State Assembly,129,,Write-in,5
Onondaga,9th Ward 2,President,,DEM,Kamala D. Harris,204
Onondaga,9th Ward 2,President,,REP,Donald J. Trump,71
Onondaga,9th Ward 2,President,,CON,Donald J. Trump,6
Onondaga,9th Ward 2,President,,WOR,Kamala D. Harris,14
Onondaga,9th Ward 2,President,,,Write-in,7
Onondaga,9th Ward 2,U.S. Senate,,DEM,Kirsten E. Gillibrand,209
Onondaga,9th Ward 2,U.S. Senate,,REP,Michael D. Sapraicone,51
Onondaga,9th Ward 2,U.S. Senate,,CON,Michael D. Sapraicone,9
Onondaga,9th Ward 2,U.S. Senate,,WOR,Kirsten E. Gillibrand,21
Onondaga,9th Ward 2,U.S. Senate,,LAR,Diane Sare,1
Onondaga,9th Ward 2,U.S. House,22,DEM,John W. Mannion,207
Onondaga,9th Ward 2,U.S. House,22,REP,Brandon M. Williams,60
Onondaga,9th Ward 2,U.S. House,22,CON,Brandon M. Williams,5
Onondaga,9th Ward 2,U.S. House,22,WOR,John W. Mannion,20
Onondaga,9th Ward 2,State Senate,48,DEM,Rachel May,207
Onondaga,9th Ward 2,State Senate,48,REP,Caleb C. Slater,59
Onondaga,9th Ward 2,State Senate,48,WOR,Rachel May,20
Onondaga,9th Ward 2,State Assembly,129,DEM,William B. Magnarelli,238
Onondaga,9th Ward 2,State Assembly,129,,Write-in,3
Onondaga,9th Ward 3,President,,DEM,Kamala D. Harris,217
Onondaga,9th Ward 3,President,,REP,Donald J. Trump,37
Onondaga,9th Ward 3,President,,CON,Donald J. Trump,5
Onondaga,9th Ward 3,President,,WOR,Kamala D. Harris,15
Onondaga,9th Ward 3,President,,,Write-in,3
Onondaga,9th Ward 3,U.S. Senate,,DEM,Kirsten E. Gillibrand,209
Onondaga,9th Ward 3,U.S. Senate,,REP,Michael D. Sapraicone,35
Onondaga,9th Ward 3,U.S. Senate,,CON,Michael D. Sapraicone,6
Onondaga,9th Ward 3,U.S. Senate,,WOR,Kirsten E. Gillibrand,20
Onondaga,9th Ward 3,U.S. Senate,,LAR,Diane Sare,2
Onondaga,9th Ward 3,U.S. House,22,DEM,John W. Mannion,214
Onondaga,9th Ward 3,U.S. House,22,REP,Brandon M. Williams,34
Onondaga,9th Ward 3,U.S. House,22,CON,Brandon M. Williams,6
Onondaga,9th Ward 3,U.S. House,22,WOR,John W. Mannion,21
Onondaga,9th Ward 3,State Senate,48,DEM,Rachel May,208
Onondaga,9th Ward 3,State Senate,48,REP,Caleb C. Slater,44
Onondaga,9th Ward 3,State Senate,48,WOR,Rachel May,20
Onondaga,9th Ward 3,State Assembly,129,DEM,William B. Magnarelli,245
Onondaga,9th Ward 4,President,,DEM,Kamala D. Harris,20
Onondaga,9th Ward 4,President,,REP,Donald J. Trump,11
Onondaga,9th Ward 4,President,,CON,Donald J. Trump,1
Onondaga,9th Ward 4,President,,WOR,Kamala D. Harris,2
Onondaga,9th Ward 4,U.S. Senate,,DEM,Kirsten E. Gillibrand,18
Onondaga,9th Ward 4,U.S. Senate,,REP,Michael D. Sapraicone,10
Onondaga,9th Ward 4,U.S. Senate,,CON,Michael D. Sapraicone,2
Onondaga,9th Ward 4,U.S. Senate,,WOR,Kirsten E. Gillibrand,2
Onondaga,9th Ward 4,U.S. House,22,DEM,John W. Mannion,20
Onondaga,9th Ward 4,U.S. House,22,REP,Brandon M. Williams,10
Onondaga,9th Ward 4,U.S. House,22,CON,Brandon M. Williams,3
Onondaga,9th Ward 4,U.S. House,22,WOR,John W. Mannion,1
Onondaga,9th Ward 4,State Senate,48,DEM,Rachel May,20
Onondaga,9th Ward 4,State Senate,48,REP,Caleb C. Slater,12
Onondaga,9th Ward 4,State Senate,48,WOR,Rachel May,2
Onondaga,9th Ward 4,State Assembly,129,DEM,William B. Magnarelli,24
Onondaga,9th Ward 5,President,,DEM,Kamala D. Harris,144
Onondaga,9th Ward 5,President,,REP,Donald J. Trump,26
Onondaga,9th Ward 5,President,,CON,Donald J. Trump,1
Onondaga,9th Ward 5,President,,WOR,Kamala D. Harris,6
Onondaga,9th Ward 5,President,,,Write-in,1
Onondaga,9th Ward 5,U.S. Senate,,DEM,Kirsten E. Gillibrand,120
Onondaga,9th Ward 5,U.S. Senate,,REP,Michael D. Sapraicone,22
Onondaga,9th Ward 5,U.S. Senate,,CON,Michael D. Sapraicone,2
Onondaga,9th Ward 5,U.S. Senate,,WOR,Kirsten E. Gillibrand,17
Onondaga,9th Ward 5,U.S. Senate,,LAR,Diane Sare,2
Onondaga,9th Ward 5,U.S. House,22,DEM,John W. Mannion,122
Onondaga,9th Ward 5,U.S. House,22,REP,Brandon M. Williams,32
Onondaga,9th Ward 5,U.S. House,22,CON,Brandon M. Williams,3
Onondaga,9th Ward 5,U.S. House,22,WOR,John W. Mannion,12
Onondaga,9th Ward 5,State Senate,48,DEM,Rachel May,123
Onondaga,9th Ward 5,State Senate,48,REP,Caleb C. Slater,24
Onondaga,9th Ward 5,State Senate,48,WOR,Rachel May,17
Onondaga,9th Ward 5,State Assembly,128,DEM,Pamela Jo Hunter,128
Onondaga,9th Ward 5,State Assembly,128,REP,Daniel A. Ciciarelli,20
Onondaga,9th Ward 5,State Assembly,128,CON,Daniel A. Ciciarelli,4
Onondaga,9th Ward 5,State Assembly,128,WOR,Pamela Jo Hunter,14
Onondaga,9th Ward 8,President,,REP,Donald J. Trump,1
Onondaga,9th Ward 8,U.S. Senate,,LAR,Diane Sare,1
Onondaga,9th Ward 8,U.S. House,22,DEM,John W. Mannion,1
Onondaga,9th Ward 8,State Senate,48,DEM,Rachel May,1
Onondaga,9th Ward 8,State Assembly,128,CON,Daniel A. Ciciarelli,1
Onondaga,9th Ward 9,President,,REP,Donald J. Trump,1
Onondaga,9th Ward 9,President,,WOR,Kamala D. Harris,1
Onondaga,9th Ward 9,President,,,Write-in,1
Onondaga,9th Ward 9,U.S. Senate,,DEM,Kirsten E. Gillibrand,1
Onondaga,9th Ward 9,U.S. Senate,,WOR,Kirsten E. Gillibrand,1
Onondaga,9th Ward 9,U.S. House,22,REP,Brandon M. Williams,1
Onondaga,9th Ward 9,U.S. House,22,WOR,John W. Mannion,1
Onondaga,9th Ward 9,State Senate,48,DEM,Rachel May,1
Onondaga,9th Ward 9,State Senate,48,WOR,Rachel May,2
Onondaga,9th Ward 9,State Assembly,128,REP,Daniel A. Ciciarelli,1
Onondaga,9th Ward 9,State Assembly,128,WOR,Pamela Jo Hunter,1
Onondaga,9th Ward 10,President,,DEM,Kamala D. Harris,23
Onondaga,9th Ward 10,President,,REP,Donald J. Trump,3
Onondaga,9th Ward 10,President,,WOR,Kamala D. Harris,1
Onondaga,9th Ward 10,U.S. Senate,,DEM,Kirsten E. Gillibrand,21
Onondaga,9th Ward 10,U.S. Senate,,REP,Michael D. Sapraicone,4
Onondaga,9th Ward 10,U.S. Senate,,WOR,Kirsten E. Gillibrand,1
Onondaga,9th Ward 10,U.S. Senate,,LAR,Diane Sare,1
Onondaga,9th Ward 10,U.S. House,22,DEM,John W. Mannion,21
Onondaga,9th Ward 10,U.S. House,22,REP,Brandon M. Williams,5
Onondaga,9th Ward 10,State Senate,48,DEM,Rachel May,20
Onondaga,9th Ward 10,State Senate,48,REP,Caleb C. Slater,5
Onondaga,9th Ward 10,State Senate,48,WOR,Rachel May,2
Onondaga,9th Ward 10,State Assembly,128,DEM,Pamela Jo Hunter,22
Onondaga,9th Ward 10,State Assembly,128,REP,Daniel A. Ciciarelli,4
Onondaga,9th Ward 10,State Assembly,128,WOR,Pamela Jo Hunter,1
Onondaga,10th Ward 1,President,,DEM,Kamala D. Harris,83
Onondaga,10th Ward 1,President,,REP,Donald J. Trump,36
Onondaga,10th Ward 1,President,,CON,Donald J. Trump,5
Onondaga,10th Ward 1,President,,WOR,Kamala D. Harris,6
Onondaga,10th Ward 1,President,,,Write-in,1
Onondaga,10th Ward 1,U.S. Senate,,DEM,Kirsten E. Gillibrand,69
Onondaga,10th Ward 1,U.S. Senate,,REP,Michael D. Sapraicone,27
Onondaga,10th Ward 1,U.S. Senate,,CON,Michael D. Sapraicone,5
Onondaga,10th Ward 1,U.S. Senate,,WOR,Kirsten E. Gillibrand,12
Onondaga,10th Ward 1,U.S. Senate,,LAR,Diane Sare,3
Onondaga,10th Ward 1,U.S. House,22,DEM,John W. Mannion,73
Onondaga,10th Ward 1,U.S. House,22,REP,Brandon M. Williams,30
Onondaga,10th Ward 1,U.S. House,22,CON,Brandon M. Williams,6
Onondaga,10th Ward 1,U.S. House,22,WOR,John W. Mannion,11
Onondaga,10th Ward 1,State Senate,48,DEM,Rachel May,73
Onondaga,10th Ward 1,State Senate,48,REP,Caleb C. Slater,30
Onondaga,10th Ward 1,State Senate,48,WOR,Rachel May,16
Onondaga,10th Ward 1,State Assembly,128,DEM,Pamela Jo Hunter,64
Onondaga,10th Ward 1,State Assembly,128,REP,Daniel A. Ciciarelli,33
Onondaga,10th Ward 1,State Assembly,128,CON,Daniel A. Ciciarelli,6
Onondaga,10th Ward 1,State Assembly,128,WOR,Pamela Jo Hunter,11
Onondaga,10th Ward 2,President,,DEM,Kamala D. Harris,24
Onondaga,10th Ward 2,President,,REP,Donald J. Trump,4
Onondaga,10th Ward 2,President,,WOR,Kamala D. Harris,3
Onondaga,10th Ward 2,President,,,Write-in,2
Onondaga,10th Ward 2,U.S. Senate,,DEM,Kirsten E. Gillibrand,23
Onondaga,10th Ward 2,U.S. Senate,,REP,Michael D. Sapraicone,4
Onondaga,10th Ward 2,U.S. Senate,,WOR,Kirsten E. Gillibrand,3
Onondaga,10th Ward 2,U.S. House,22,DEM,John W. Mannion,23
Onondaga,10th Ward 2,U.S. House,22,REP,Brandon M. Williams,4
Onondaga,10th Ward 2,U.S. House,22,WOR,John W. Mannion,4
Onondaga,10th Ward 2,State Senate,48,DEM,Rachel May,24
Onondaga,10th Ward 2,State Senate,48,REP,Caleb C. Slater,4
Onondaga,10th Ward 2,State Senate,48,WOR,Rachel May,3
Onondaga,10th Ward 2,State Assembly,128,DEM,Pamela Jo Hunter,23
Onondaga,10th Ward 2,State Assembly,128,REP,Daniel A. Ciciarelli,4
Onondaga,10th Ward 2,State Assembly,128,WOR,Pamela Jo Hunter,3
Onondaga,10th Ward 3,President,,DEM,Kamala D. Harris,176
Onondaga,10th Ward 3,President,,REP,Donald J. Trump,35
Onondaga,10th Ward 3,President,,CON,Donald J. Trump,2
Onondaga,10th Ward 3,President,,WOR,Kamala D. Harris,9
Onondaga,10th Ward 3,President,,,Write-in,4
Onondaga,10th Ward 3,U.S. Senate,,DEM,Kirsten E. Gillibrand,168
Onondaga,10th Ward 3,U.S. Senate,,REP,Michael D. Sapraicone,30
Onondaga,10th Ward 3,U.S. Senate,,CON,Michael D. Sapraicone,1
Onondaga,10th Ward 3,U.S. Senate,,WOR,Kirsten E. Gillibrand,13
Onondaga,10th Ward 3,U.S. Senate,,LAR,Diane Sare,4
Onondaga,10th Ward 3,U.S. House,22,DEM,John W. Mannion,172
Onondaga,10th Ward 3,U.S. House,22,REP,Brandon M. Williams,29
Onondaga,10th Ward 3,U.S. House,22,CON,Brandon M. Williams,1
Onondaga,10th Ward 3,U.S. House,22,WOR,John W. Mannion,15
Onondaga,10th Ward 3,State Senate,48,DEM,Rachel May,176
Onondaga,10th Ward 3,State Senate,48,REP,Caleb C. Slater,24
Onondaga,10th Ward 3,State Senate,48,WOR,Rachel May,16
Onondaga,10th Ward 3,State Assembly,128,DEM,Pamela Jo Hunter,176
Onondaga,10th Ward 3,State Assembly,128,REP,Daniel A. Ciciarelli,25
Onondaga,10th Ward 3,State Assembly,128,CON,Daniel A. Ciciarelli,1
Onondaga,10th Ward 3,State Assembly,128,WOR,Pamela Jo Hunter,16
Onondaga,10th Ward 4,President,,DEM,Kamala D. Harris,147
Onondaga,10th Ward 4,President,,REP,Donald J. Trump,22
Onondaga,10th Ward 4,President,,CON,Donald J. Trump,4
Onondaga,10th Ward 4,President,,WOR,Kamala D. Harris,6
Onondaga,10th Ward 4,President,,,Write-in,3
Onondaga,10th Ward 4,U.S. Senate,,DEM,Kirsten E. Gillibrand,137
Onondaga,10th Ward 4,U.S. Senate,,REP,Michael D. Sapraicone,16
Onondaga,10th Ward 4,U.S. Senate,,CON,Michael D. Sapraicone,4
Onondaga,10th Ward 4,U.S. Senate,,WOR,Kirsten E. Gillibrand,9
Onondaga,10th Ward 4,U.S. Senate,,LAR,Diane Sare,4
Onondaga,10th Ward 4,U.S. Senate,,,Write-in,1
Onondaga,10th Ward 4,U.S. House,22,DEM,John W. Mannion,141
Onondaga,10th Ward 4,U.S. House,22,REP,Brandon M. Williams,16
Onondaga,10th Ward 4,U.S. House,22,CON,Brandon M. Williams,3
Onondaga,10th Ward 4,U.S. House,22,WOR,John W. Mannion,15
Onondaga,10th Ward 4,State Senate,48,DEM,Rachel May,148
Onondaga,10th Ward 4,State Senate,48,REP,Caleb C. Slater,14
Onondaga,10th Ward 4,State Senate,48,WOR,Rachel May,14
Onondaga,10th Ward 4,State Assembly,128,DEM,Pamela Jo Hunter,143
Onondaga,10th Ward 4,State Assembly,128,REP,Daniel A. Ciciarelli,17
Onondaga,10th Ward 4,State Assembly,128,CON,Daniel A. Ciciarelli,5
Onondaga,10th Ward 4,State Assembly,128,WOR,Pamela Jo Hunter,12
Onondaga,10th Ward 5,President,,DEM,Kamala D. Harris,25
Onondaga,10th Ward 5,President,,REP,Donald J. Trump,3
Onondaga,10th Ward 5,U.S. Senate,,DEM,Kirsten E. Gillibrand,19
Onondaga,10th Ward 5,U.S. Senate,,REP,Michael D. Sapraicone,7
Onondaga,10th Ward 5,U.S. Senate,,WOR,Kirsten E. Gillibrand,1
Onondaga,10th Ward 5,U.S. House,22,DEM,John W. Mannion,19
Onondaga,10th Ward 5,U.S. House,22,REP,Brandon M. Williams,6
Onondaga,10th Ward 5,U.S. House,22,CON,Brandon M. Williams,1
Onondaga,10th Ward 5,U.S. House,22,WOR,John W. Mannion,1
Onondaga,10th Ward 5,State Senate,48,DEM,Rachel May,18
Onondaga,10th Ward 5,State Senate,48,REP,Caleb C. Slater,5
Onondaga,10th Ward 5,State Senate,48,WOR,Rachel May,3
Onondaga,10th Ward 5,State Assembly,128,DEM,Pamela Jo Hunter,19
Onondaga,10th Ward 5,State Assembly,128,REP,Daniel A. Ciciarelli,3
Onondaga,10th Ward 5,State Assembly,128,WOR,Pamela Jo Hunter,3
Onondaga,10th Ward 6,President,,DEM,Kamala D. Harris,19
Onondaga,10th Ward 6,President,,REP,Donald J. Trump,8
Onondaga,10th Ward 6,President,,CON,Donald J. Trump,4
Onondaga,10th Ward 6,President,,WOR,Kamala D. Harris,3
Onondaga,10th Ward 6,U.S. Senate,,DEM,Kirsten E. Gillibrand,20
Onondaga,10th Ward 6,U.S. Senate,,REP,Michael D. Sapraicone,8
Onondaga,10th Ward 6,U.S. Senate,,CON,Michael D. Sapraicone,5
Onondaga,10th Ward 6,U.S. Senate,,WOR,Kirsten E. Gillibrand,2
Onondaga,10th Ward 6,U.S. Senate,,LAR,Diane Sare,1
Onondaga,10th Ward 6,U.S. House,22,DEM,John W. Mannion,21
Onondaga,10th Ward 6,U.S. House,22,REP,Brandon M. Williams,7
Onondaga,10th Ward 6,U.S. House,22,CON,Brandon M. Williams,5
Onondaga,10th Ward 6,U.S. House,22,WOR,John W. Mannion,3
Onondaga,10th Ward 6,State Senate,48,DEM,Rachel May,20
Onondaga,10th Ward 6,State Senate,48,REP,Caleb C. Slater,9
Onondaga,10th Ward 6,State Senate,48,WOR,Rachel May,4
Onondaga,10th Ward 6,State Senate,48,,Write-in,1
Onondaga,10th Ward 6,State Assembly,129,DEM,William B. Magnarelli,29
Onondaga,10th Ward 7,President,,DEM,Kamala D. Harris,19
Onondaga,10th Ward 7,President,,REP,Donald J. Trump,3
Onondaga,10th Ward 7,President,,WOR,Kamala D. Harris,2
Onondaga,10th Ward 7,U.S. Senate,,DEM,Kirsten E. Gillibrand,21
Onondaga,10th Ward 7,U.S. Senate,,REP,Michael D. Sapraicone,1
Onondaga,10th Ward 7,U.S. Senate,,WOR,Kirsten E. Gillibrand,2
Onondaga,10th Ward 7,U.S. House,22,DEM,John W. Mannion,19
Onondaga,10th Ward 7,U.S. House,22,REP,Brandon M. Williams,1
Onondaga,10th Ward 7,U.S. House,22,WOR,John W. Mannion,2
Onondaga,10th Ward 7,State Senate,48,DEM,Rachel May,18
Onondaga,10th Ward 7,State Senate,48,REP,Caleb C. Slater,4
Onondaga,10th Ward 7,State Senate,48,WOR,Rachel May,2
Onondaga,10th Ward 7,State Assembly,128,DEM,Pamela Jo Hunter,19
Onondaga,10th Ward 7,State Assembly,128,REP,Daniel A. Ciciarelli,2
Onondaga,10th Ward 7,State Assembly,128,WOR,Pamela Jo Hunter,2
Onondaga,10th Ward 9,President,,DEM,Kamala D. Harris,12
Onondaga,10th Ward 9,President,,REP,Donald J. Trump,2
Onondaga,10th Ward 9,U.S. Senate,,DEM,Kirsten E. Gillibrand,12
Onondaga,10th Ward 9,U.S. Senate,,REP,Michael D. Sapraicone,2
Onondaga,10th Ward 9,U.S. House,22,DEM,John W. Mannion,11
Onondaga,10th Ward 9,U.S. House,22,REP,Brandon M. Williams,3
Onondaga,10th Ward 9,State Senate,48,DEM,Rachel May,12
Onondaga,10th Ward 9,State Senate,48,REP,Caleb C. Slater,2
Onondaga,10th Ward 9,State Assembly,128,DEM,Pamela Jo Hunter,12
Onondaga,10th Ward 9,State Assembly,128,REP,Daniel A. Ciciarelli,2
Onondaga,10th Ward 10,President,,DEM,Kamala D. Harris,1
Onondaga,10th Ward 10,President,,REP,Donald J. Trump,6
Onondaga,10th Ward 10,President,,CON,Donald J. Trump,1
Onondaga,10th Ward 10,U.S. Senate,,REP,Michael D. Sapraicone,4
Onondaga,10th Ward 10,U.S. Senate,,CON,Michael D. Sapraicone,1
Onondaga,10th Ward 10,U.S. Senate,,WOR,Kirsten E. Gillibrand,2
Onondaga,10th Ward 10,U.S. House,22,DEM,John W. Mannion,1
Onondaga,10th Ward 10,U.S. House,22,REP,Brandon M. Williams,4
Onondaga,10th Ward 10,U.S. House,22,CON,Brandon M. Williams,1
Onondaga,10th Ward 10,U.S. House,22,WOR,John W. Mannion,1
Onondaga,10th Ward 10,State Senate,48,DEM,Rachel May,1
Onondaga,10th Ward 10,State Senate,48,REP,Caleb C. Slater,5
Onondaga,10th Ward 10,State Assembly,128,REP,Daniel A. Ciciarelli,5
Onondaga,10th Ward 10,State Assembly,128,CON,Daniel A. Ciciarelli,1
Onondaga,10th Ward 10,State Assembly,128,WOR,Pamela Jo Hunter,1
Onondaga,11th Ward 1,President,,DEM,Kamala D. Harris,115
Onondaga,11th Ward 1,President,,REP,Donald J. Trump,24
Onondaga,11th Ward 1,President,,CON,Donald J. Trump,7
Onondaga,11th Ward 1,President,,WOR,Kamala D. Harris,5
Onondaga,11th Ward 1,U.S. Senate,,DEM,Kirsten E. Gillibrand,112
Onondaga,11th Ward 1,U.S. Senate,,REP,Michael D. Sapraicone,16
Onondaga,11th Ward 1,U.S. Senate,,CON,Michael D. Sapraicone,5
Onondaga,11th Ward 1,U.S. Senate,,WOR,Kirsten E. Gillibrand,9
Onondaga,11th Ward 1,U.S. House,22,DEM,John W. Mannion,104
Onondaga,11th Ward 1,U.S. House,22,REP,Brandon M. Williams,28
Onondaga,11th Ward 1,U.S. House,22,CON,Brandon M. Williams,4
Onondaga,11th Ward 1,U.S. House,22,WOR,John W. Mannion,7
Onondaga,11th Ward 1,State Senate,48,DEM,Rachel May,106
Onondaga,11th Ward 1,State Senate,48,REP,Caleb C. Slater,25
Onondaga,11th Ward 1,State Senate,48,WOR,Rachel May,8
Onondaga,11th Ward 1,State Assembly,128,DEM,Pamela Jo Hunter,112
Onondaga,11th Ward 1,State Assembly,128,REP,Daniel A. Ciciarelli,20
Onondaga,11th Ward 1,State Assembly,128,CON,Daniel A. Ciciarelli,3
Onondaga,11th Ward 1,State Assembly,128,WOR,Pamela Jo Hunter,7
Onondaga,11th Ward 2,President,,DEM,Kamala D. Harris,185
Onondaga,11th Ward 2,President,,REP,Donald J. Trump,50
Onondaga,11th Ward 2,President,,CON,Donald J. Trump,8
Onondaga,11th Ward 2,President,,WOR,Kamala D. Harris,10
Onondaga,11th Ward 2,President,,,Write-in,1
Onondaga,11th Ward 2,U.S. Senate,,DEM,Kirsten E. Gillibrand,175
Onondaga,11th Ward 2,U.S. Senate,,REP,Michael D. Sapraicone,38
Onondaga,11th Ward 2,U.S. Senate,,CON,Michael D. Sapraicone,8
Onondaga,11th Ward 2,U.S. Senate,,WOR,Kirsten E. Gillibrand,14
Onondaga,11th Ward 2,U.S. Senate,,LAR,Diane Sare,4
Onondaga,11th Ward 2,U.S. House,22,DEM,John W. Mannion,183
Onondaga,11th Ward 2,U.S. House,22,REP,Brandon M. Williams,46
Onondaga,11th Ward 2,U.S. House,22,CON,Brandon M. Williams,11
Onondaga,11th Ward 2,U.S. House,22,WOR,John W. Mannion,11
Onondaga,11th Ward 2,State Senate,48,DEM,Rachel May,178
Onondaga,11th Ward 2,State Senate,48,REP,Caleb C. Slater,46
Onondaga,11th Ward 2,State Senate,48,WOR,Rachel May,16
Onondaga,11th Ward 2,State Assembly,129,DEM,William B. Magnarelli,198
Onondaga,11th Ward 2,State Assembly,129,,Write-in,3
Onondaga,11th Ward 3,President,,DEM,Kamala D. Harris,233
Onondaga,11th Ward 3,President,,REP,Donald J. Trump,64
Onondaga,11th Ward 3,President,,CON,Donald J. Trump,6
Onondaga,11th Ward 3,President,,WOR,Kamala D. Harris,24
Onondaga,11th Ward 3,President,,,Write-in,1
Onondaga,11th Ward 3,U.S. Senate,,DEM,Kirsten E. Gillibrand,226
Onondaga,11th Ward 3,U.S. Senate,,REP,Michael D. Sapraicone,48
Onondaga,11th Ward 3,U.S. Senate,,CON,Michael D. Sapraicone,11
Onondaga,11th Ward 3,U.S. Senate,,WOR,Kirsten E. Gillibrand,32
Onondaga,11th Ward 3,U.S. House,22,DEM,John W. Mannion,228
Onondaga,11th Ward 3,U.S. House,22,REP,Brandon M. Williams,55
Onondaga,11th Ward 3,U.S. House,22,CON,Brandon M. Williams,7
Onondaga,11th Ward 3,U.S. House,22,WOR,John W. Mannion,29
Onondaga,11th Ward 3,State Senate,48,DEM,Rachel May,218
Onondaga,11th Ward 3,State Senate,48,REP,Caleb C. Slater,65
Onondaga,11th Ward 3,State Senate,48,WOR,Rachel May,32
Onondaga,11th Ward 3,State Assembly,129,DEM,William B. Magnarelli,263
Onondaga,11th Ward 3,State Assembly,129,,Write-in,2
Onondaga,11th Ward 4,President,,DEM,Kamala D. Harris,390
Onondaga,11th Ward 4,President,,REP,Donald J. Trump,103
Onondaga,11th Ward 4,President,,CON,Donald J. Trump,17
Onondaga,11th Ward 4,President,,WOR,Kamala D. Harris,35
Onondaga,11th Ward 4,President,,,Write-in,3
Onondaga,11th Ward 4,U.S. Senate,,DEM,Kirsten E. Gillibrand,387
Onondaga,11th Ward 4,U.S. Senate,,REP,Michael D. Sapraicone,90
Onondaga,11th Ward 4,U.S. Senate,,CON,Michael D. Sapraicone,15
Onondaga,11th Ward 4,U.S. Senate,,WOR,Kirsten E. Gillibrand,47
Onondaga,11th Ward 4,U.S. Senate,,LAR,Diane Sare,4
Onondaga,11th Ward 4,U.S. House,22,DEM,John W. Mannion,382
Onondaga,11th Ward 4,U.S. House,22,REP,Brandon M. Williams,98
Onondaga,11th Ward 4,U.S. House,22,CON,Brandon M. Williams,17
Onondaga,11th Ward 4,U.S. House,22,WOR,John W. Mannion,49
Onondaga,11th Ward 4,U.S. House,22,,Write-in,2
Onondaga,11th Ward 4,State Senate,48,DEM,Rachel May,375
Onondaga,11th Ward 4,State Senate,48,REP,Caleb C. Slater,110
Onondaga,11th Ward 4,State Senate,48,WOR,Rachel May,57
Onondaga,11th Ward 4,State Assembly,129,DEM,William B. Magnarelli,449
Onondaga,11th Ward 4,State Assembly,129,,Write-in,6
Onondaga,11th Ward 5,President,,DEM,Kamala D. Harris,134
Onondaga,11th Ward 5,President,,REP,Donald J. Trump,29
Onondaga,11th Ward 5,President,,CON,Donald J. Trump,3
Onondaga,11th Ward 5,President,,WOR,Kamala D. Harris,12
Onondaga,11th Ward 5,President,,,Write-in,1
Onondaga,11th Ward 5,U.S. Senate,,DEM,Kirsten E. Gillibrand,129
Onondaga,11th Ward 5,U.S. Senate,,REP,Michael D. Sapraicone,21
Onondaga,11th Ward 5,U.S. Senate,,CON,Michael D. Sapraicone,3
Onondaga,11th Ward 5,U.S. Senate,,WOR,Kirsten E. Gillibrand,20
Onondaga,11th Ward 5,U.S. Senate,,LAR,Diane Sare,3
Onondaga,11th Ward 5,U.S. Senate,,,Write-in,1
Onondaga,11th Ward 5,U.S. House,22,DEM,John W. Mannion,130
Onondaga,11th Ward 5,U.S. House,22,REP,Brandon M. Williams,21
Onondaga,11th Ward 5,U.S. House,22,CON,Brandon M. Williams,6
Onondaga,11th Ward 5,U.S. House,22,WOR,John W. Mannion,19
Onondaga,11th Ward 5,U.S. House,22,,Write-in,1
Onondaga,11th Ward 5,State Senate,48,DEM,Rachel May,126
Onondaga,11th Ward 5,State Senate,48,REP,Caleb C. Slater,22
Onondaga,11th Ward 5,State Senate,48,WOR,Rachel May,26
Onondaga,11th Ward 5,State Senate,48,,Write-in,1
Onondaga,11th Ward 5,State Assembly,128,DEM,Pamela Jo Hunter,128
Onondaga,11th Ward 5,State Assembly,128,REP,Daniel A. Ciciarelli,25
Onondaga,11th Ward 5,State Assembly,128,CON,Daniel A. Ciciarelli,4
Onondaga,11th Ward 5,State Assembly,128,WOR,Pamela Jo Hunter,18
Onondaga,11th Ward 5,State Assembly,128,,Write-in,1
Onondaga,11th Ward 6,President,,DEM,Kamala D. Harris,65
Onondaga,11th Ward 6,President,,REP,Donald J. Trump,16
Onondaga,11th Ward 6,President,,CON,Donald J. Trump,3
Onondaga,11th Ward 6,President,,WOR,Kamala D. Harris,4
Onondaga,11th Ward 6,U.S. Senate,,DEM,Kirsten E. Gillibrand,69
Onondaga,11th Ward 6,U.S. Senate,,REP,Michael D. Sapraicone,10
Onondaga,11th Ward 6,U.S. Senate,,CON,Michael D. Sapraicone,2
Onondaga,11th Ward 6,U.S. Senate,,WOR,Kirsten E. Gillibrand,7
Onondaga,11th Ward 6,U.S. House,22,DEM,John W. Mannion,59
Onondaga,11th Ward 6,U.S. House,22,REP,Brandon M. Williams,15
Onondaga,11th Ward 6,U.S. House,22,CON,Brandon M. Williams,5
Onondaga,11th Ward 6,U.S. House,22,WOR,John W. Mannion,8
Onondaga,11th Ward 6,State Senate,48,DEM,Rachel May,66
Onondaga,11th Ward 6,State Senate,48,REP,Caleb C. Slater,15
Onondaga,11th Ward 6,State Senate,48,WOR,Rachel May,8
Onondaga,11th Ward 6,State Assembly,128,DEM,Pamela Jo Hunter,61
Onondaga,11th Ward 6,State Assembly,128,REP,Daniel A. Ciciarelli,14
Onondaga,11th Ward 6,State Assembly,128,CON,Daniel A. Ciciarelli,4
Onondaga,11th Ward 6,State Assembly,128,WOR,Pamela Jo Hunter,9
Onondaga,11th Ward 7,President,,DEM,Kamala D. Harris,387
Onondaga,11th Ward 7,President,,REP,Donald J. Trump,173
Onondaga,11th Ward 7,President,,CON,Donald J. Trump,22
Onondaga,11th Ward 7,President,,WOR,Kamala D. Harris,23
Onondaga,11th Ward 7,President,,,Write-in,5
Onondaga,11th Ward 7,U.S. Senate,,DEM,Kirsten E. Gillibrand,384
Onondaga,11th Ward 7,U.S. Senate,,REP,Michael D. Sapraicone,174
Onondaga,11th Ward 7,U.S. Senate,,CON,Michael D. Sapraicone,26
Onondaga,11th Ward 7,U.S. Senate,,WOR,Kirsten E. Gillibrand,30
Onondaga,11th Ward 7,U.S. Senate,,LAR,Diane Sare,3
Onondaga,11th Ward 7,U.S. Senate,,,Write-in,1
Onondaga,11th Ward 7,U.S. House,22,DEM,John W. Mannion,384
Onondaga,11th Ward 7,U.S. House,22,REP,Brandon M. Williams,174
Onondaga,11th Ward 7,U.S. House,22,CON,Brandon M. Williams,30
Onondaga,11th Ward 7,U.S. House,22,WOR,John W. Mannion,30
Onondaga,11th Ward 7,U.S. House,22,,Write-in,2
Onondaga,11th Ward 7,State Senate,48,DEM,Rachel May,370
Onondaga,11th Ward 7,State Senate,48,REP,Caleb C. Slater,206
Onondaga,11th Ward 7,State Senate,48,WOR,Rachel May,30
Onondaga,11th Ward 7,State Senate,48,,Write-in,2
Onondaga,11th Ward 7,State Assembly,129,DEM,William B. Magnarelli,479
Onondaga,11th Ward 7,State Assembly,129,,Write-in,10
Onondaga,12th Ward 1,President,,DEM,Kamala D. Harris,237
Onondaga,12th Ward 1,President,,REP,Donald J. Trump,26
Onondaga,12th Ward 1,President,,CON,Donald J. Trump,4
Onondaga,12th Ward 1,President,,WOR,Kamala D. Harris,11
Onondaga,12th Ward 1,President,,,Write-in,1
Onondaga,12th Ward 1,U.S. Senate,,DEM,Kirsten E. Gillibrand,219
Onondaga,12th Ward 1,U.S. Senate,,REP,Michael D. Sapraicone,22
Onondaga,12th Ward 1,U.S. Senate,,CON,Michael D. Sapraicone,5
Onondaga,12th Ward 1,U.S. Senate,,WOR,Kirsten E. Gillibrand,25
Onondaga,12th Ward 1,U.S. Senate,,,Write-in,1
Onondaga,12th Ward 1,U.S. House,22,DEM,John W. Mannion,221
Onondaga,12th Ward 1,U.S. House,22,REP,Brandon M. Williams,31
Onondaga,12th Ward 1,U.S. House,22,CON,Brandon M. Williams,8
Onondaga,12th Ward 1,U.S. House,22,WOR,John W. Mannion,16
Onondaga,12th Ward 1,U.S. House,22,,Write-in,2
Onondaga,12th Ward 1,State Senate,48,DEM,Rachel May,214
Onondaga,12th Ward 1,State Senate,48,REP,Caleb C. Slater,34
Onondaga,12th Ward 1,State Senate,48,WOR,Rachel May,22
Onondaga,12th Ward 1,State Senate,48,,Write-in,1
Onondaga,12th Ward 1,State Assembly,128,DEM,Pamela Jo Hunter,214
Onondaga,12th Ward 1,State Assembly,128,REP,Daniel A. Ciciarelli,27
Onondaga,12th Ward 1,State Assembly,128,CON,Daniel A. Ciciarelli,5
Onondaga,12th Ward 1,State Assembly,128,WOR,Pamela Jo Hunter,23
Onondaga,12th Ward 2,President,,DEM,Kamala D. Harris,164
Onondaga,12th Ward 2,President,,REP,Donald J. Trump,24
Onondaga,12th Ward 2,President,,CON,Donald J. Trump,4
Onondaga,12th Ward 2,President,,WOR,Kamala D. Harris,12
Onondaga,12th Ward 2,U.S. Senate,,DEM,Kirsten E. Gillibrand,160
Onondaga,12th Ward 2,U.S. Senate,,REP,Michael D. Sapraicone,15
Onondaga,12th Ward 2,U.S. Senate,,CON,Michael D. Sapraicone,3
Onondaga,12th Ward 2,U.S. Senate,,WOR,Kirsten E. Gillibrand,15
Onondaga,12th Ward 2,U.S. Senate,,LAR,Diane Sare,3
Onondaga,12th Ward 2,U.S. House,22,DEM,John W. Mannion,158
Onondaga,12th Ward 2,U.S. House,22,REP,Brandon M. Williams,20
Onondaga,12th Ward 2,U.S. House,22,CON,Brandon M. Williams,3
Onondaga,12th Ward 2,U.S. House,22,WOR,John W. Mannion,13
Onondaga,12th Ward 2,State Senate,48,DEM,Rachel May,162
Onondaga,12th Ward 2,State Senate,48,REP,Caleb C. Slater,14
Onondaga,12th Ward 2,State Senate,48,WOR,Rachel May,19
Onondaga,12th Ward 2,State Assembly,128,DEM,Pamela Jo Hunter,159
Onondaga,12th Ward 2,State Assembly,128,REP,Daniel A. Ciciarelli,14
Onondaga,12th Ward 2,State Assembly,128,CON,Daniel A. Ciciarelli,3
Onondaga,12th Ward 2,State Assembly,128,WOR,Pamela Jo Hunter,16
Onondaga,12th Ward 3,President,,DEM,Kamala D. Harris,83
Onondaga,12th Ward 3,President,,REP,Donald J. Trump,21
Onondaga,12th Ward 3,President,,CON,Donald J. Trump,2
Onondaga,12th Ward 3,President,,WOR,Kamala D. Harris,4
Onondaga,12th Ward 3,President,,,Write-in,1
Onondaga,12th Ward 3,U.S. Senate,,DEM,Kirsten E. Gillibrand,81
Onondaga,12th Ward 3,U.S. Senate,,REP,Michael D. Sapraicone,24
Onondaga,12th Ward 3,U.S. Senate,,CON,Michael D. Sapraicone,1
Onondaga,12th Ward 3,U.S. Senate,,WOR,Kirsten E. Gillibrand,5
Onondaga,12th Ward 3,U.S. House,22,DEM,John W. Mannion,75
Onondaga,12th Ward 3,U.S. House,22,REP,Brandon M. Williams,22
Onondaga,12th Ward 3,U.S. House,22,CON,Brandon M. Williams,4
Onondaga,12th Ward 3,U.S. House,22,WOR,John W. Mannion,8
Onondaga,12th Ward 3,U.S. House,22,,Write-in,2
Onondaga,12th Ward 3,State Senate,48,DEM,Rachel May,72
Onondaga,12th Ward 3,State Senate,48,REP,Caleb C. Slater,25
Onondaga,12th Ward 3,State Senate,48,WOR,Rachel May,9
Onondaga,12th Ward 3,State Assembly,128,DEM,Pamela Jo Hunter,70
Onondaga,12th Ward 3,State Assembly,128,REP,Daniel A. Ciciarelli,23
Onondaga,12th Ward 3,State Assembly,128,CON,Daniel A. Ciciarelli,1
Onondaga,12th Ward 3,State Assembly,128,WOR,Pamela Jo Hunter,11
Onondaga,12th Ward 4,President,,DEM,Kamala D. Harris,229
Onondaga,12th Ward 4,President,,REP,Donald J. Trump,35
Onondaga,12th Ward 4,President,,CON,Donald J. Trump,6
Onondaga,12th Ward 4,President,,WOR,Kamala D. Harris,9
Onondaga,12th Ward 4,President,,,Write-in,2
Onondaga,12th Ward 4,U.S. Senate,,DEM,Kirsten E. Gillibrand,214
Onondaga,12th Ward 4,U.S. Senate,,REP,Michael D. Sapraicone,32
Onondaga,12th Ward 4,U.S. Senate,,CON,Michael D. Sapraicone,6
Onondaga,12th Ward 4,U.S. Senate,,WOR,Kirsten E. Gillibrand,16
Onondaga,12th Ward 4,U.S. Senate,,LAR,Diane Sare,1
Onondaga,12th Ward 4,U.S. House,22,DEM,John W. Mannion,219
Onondaga,12th Ward 4,U.S. House,22,REP,Brandon M. Williams,31
Onondaga,12th Ward 4,U.S. House,22,CON,Brandon M. Williams,11
Onondaga,12th Ward 4,U.S. House,22,WOR,John W. Mannion,12
Onondaga,12th Ward 4,State Senate,48,DEM,Rachel May,213
Onondaga,12th Ward 4,State Senate,48,REP,Caleb C. Slater,39
Onondaga,12th Ward 4,State Senate,48,WOR,Rachel May,12
Onondaga,12th Ward 4,State Assembly,128,DEM,Pamela Jo Hunter,212
Onondaga,12th Ward 4,State Assembly,128,REP,Daniel A. Ciciarelli,34
Onondaga,12th Ward 4,State Assembly,128,CON,Daniel A. Ciciarelli,7
Onondaga,12th Ward 4,State Assembly,128,WOR,Pamela Jo Hunter,12
Onondaga,12th Ward 4,State Assembly,128,,Write-in,1
Onondaga,12th Ward 5,President,,DEM,Kamala D. Harris,510
Onondaga,12th Ward 5,President,,REP,Donald J. Trump,132
Onondaga,12th Ward 5,President,,CON,Donald J. Trump,27
Onondaga,12th Ward 5,President,,WOR,Kamala D. Harris,40
Onondaga,12th Ward 5,President,,,Write-in,5
Onondaga,12th Ward 5,U.S. Senate,,DEM,Kirsten E. Gillibrand,496
Onondaga,12th Ward 5,U.S. Senate,,REP,Michael D. Sapraicone,117
Onondaga,12th Ward 5,U.S. Senate,,CON,Michael D. Sapraicone,31
Onondaga,12th Ward 5,U.S. Senate,,WOR,Kirsten E. Gillibrand,53
Onondaga,12th Ward 5,U.S. Senate,,LAR,Diane Sare,3
Onondaga,12th Ward 5,U.S. House,22,DEM,John W. Mannion,491
Onondaga,12th Ward 5,U.S. House,22,REP,Brandon M. Williams,135
Onondaga,12th Ward 5,U.S. House,22,CON,Brandon M. Williams,33
Onondaga,12th Ward 5,U.S. House,22,WOR,John W. Mannion,47
Onondaga,12th Ward 5,U.S. House,22,,Write-in,2
Onondaga,12th Ward 5,State Senate,48,DEM,Rachel May,486
Onondaga,12th Ward 5,State Senate,48,REP,Caleb C. Slater,158
Onondaga,12th Ward 5,State Senate,48,WOR,Rachel May,57
Onondaga,12th Ward 5,State Assembly,129,DEM,William B. Magnarelli,605
Onondaga,12th Ward 5,State Assembly,129,,Write-in,5
Onondaga,12th Ward 6,President,,DEM,Kamala D. Harris,39
Onondaga,12th Ward 6,President,,REP,Donald J. Trump,3
Onondaga,12th Ward 6,U.S. Senate,,DEM,Kirsten E. Gillibrand,36
Onondaga,12th Ward 6,U.S. Senate,,REP,Michael D. Sapraicone,2
Onondaga,12th Ward 6,U.S. Senate,,LAR,Diane Sare,1
Onondaga,12th Ward 6,U.S. House,22,DEM,John W. Mannion,37
Onondaga,12th Ward 6,U.S. House,22,REP,Brandon M. Williams,3
Onondaga,12th Ward 6,State Senate,48,DEM,Rachel May,35
Onondaga,12th Ward 6,State Senate,48,REP,Caleb C. Slater,3
Onondaga,12th Ward 6,State Senate,48,WOR,Rachel May,1
Onondaga,12th Ward 6,State Assembly,128,DEM,Pamela Jo Hunter,36
Onondaga,12th Ward 6,State Assembly,128,REP,Daniel A. Ciciarelli,2
Onondaga,12th Ward 6,State Assembly,128,WOR,Pamela Jo Hunter,1
Onondaga,13th Ward 1,President,,DEM,Kamala D. Harris,462
Onondaga,13th Ward 1,President,,REP,Donald J. Trump,65
Onondaga,13th Ward 1,President,,CON,Donald J. Trump,6
Onondaga,13th Ward 1,President,,WOR,Kamala D. Harris,15
Onondaga,13th Ward 1,President,,,Write-in,1
Onondaga,13th Ward 1,U.S. Senate,,DEM,Kirsten E. Gillibrand,431
Onondaga,13th Ward 1,U.S. Senate,,REP,Michael D. Sapraicone,48
Onondaga,13th Ward 1,U.S. Senate,,CON,Michael D. Sapraicone,9
Onondaga,13th Ward 1,U.S. Senate,,WOR,Kirsten E. Gillibrand,25
Onondaga,13th Ward 1,U.S. Senate,,LAR,Diane Sare,4
Onondaga,13th Ward 1,U.S. House,22,DEM,John W. Mannion,441
Onondaga,13th Ward 1,U.S. House,22,REP,Brandon M. Williams,52
Onondaga,13th Ward 1,U.S. House,22,CON,Brandon M. Williams,10
Onondaga,13th Ward 1,U.S. House,22,WOR,John W. Mannion,28
Onondaga,13th Ward 1,State Senate,48,DEM,Rachel May,433
Onondaga,13th Ward 1,State Senate,48,REP,Caleb C. Slater,53
Onondaga,13th Ward 1,State Senate,48,WOR,Rachel May,30
Onondaga,13th Ward 1,State Assembly,128,DEM,Pamela Jo Hunter,438
Onondaga,13th Ward 1,State Assembly,128,REP,Daniel A. Ciciarelli,55
Onondaga,13th Ward 1,State Assembly,128,CON,Daniel A. Ciciarelli,7
Onondaga,13th Ward 1,State Assembly,128,WOR,Pamela Jo Hunter,21
Onondaga,13th Ward 2,President,,DEM,Kamala D. Harris,47
Onondaga,13th Ward 2,President,,REP,Donald J. Trump,12
Onondaga,13th Ward 2,President,,CON,Donald J. Trump,3
Onondaga,13th Ward 2,President,,WOR,Kamala D. Harris,4
Onondaga,13th Ward 2,U.S. Senate,,DEM,Kirsten E. Gillibrand,46
Onondaga,13th Ward 2,U.S. Senate,,REP,Michael D. Sapraicone,7
Onondaga,13th Ward 2,U.S. Senate,,CON,Michael D. Sapraicone,3
Onondaga,13th Ward 2,U.S. Senate,,WOR,Kirsten E. Gillibrand,4
Onondaga,13th Ward 2,U.S. House,22,DEM,John W. Mannion,47
Onondaga,13th Ward 2,U.S. House,22,REP,Brandon M. Williams,6
Onondaga,13th Ward 2,U.S. House,22,CON,Brandon M. Williams,3
Onondaga,13th Ward 2,U.S. House,22,WOR,John W. Mannion,5
Onondaga,13th Ward 2,State Senate,48,DEM,Rachel May,45
Onondaga,13th Ward 2,State Senate,48,REP,Caleb C. Slater,9
Onondaga,13th Ward 2,State Senate,48,WOR,Rachel May,5
Onondaga,13th Ward 2,State Assembly,129,DEM,William B. Magnarelli,53
Onondaga,13th Ward 2,State Assembly,129,,Write-in,1
Onondaga,13th Ward 3,President,,DEM,Kamala D. Harris,365
Onondaga,13th Ward 3,President,,REP,Donald J. Trump,65
Onondaga,13th Ward 3,President,,CON,Donald J. Trump,9
Onondaga,13th Ward 3,President,,WOR,Kamala D. Harris,33
Onondaga,13th Ward 3,President,,,Write-in,6
Onondaga,13th Ward 3,U.S. Senate,,DEM,Kirsten E. Gillibrand,355
Onondaga,13th Ward 3,U.S. Senate,,REP,Michael D. Sapraicone,60
Onondaga,13th Ward 3,U.S. Senate,,CON,Michael D. Sapraicone,8
Onondaga,13th Ward 3,U.S. Senate,,WOR,Kirsten E. Gillibrand,45
Onondaga,13th Ward 3,U.S. Senate,,LAR,Diane Sare,4
Onondaga,13th Ward 3,U.S. Senate,,,Write-in,2
Onondaga,13th Ward 3,U.S. House,22,DEM,John W. Mannion,360
Onondaga,13th Ward 3,U.S. House,22,REP,Brandon M. Williams,60
Onondaga,13th Ward 3,U.S. House,22,CON,Brandon M. Williams,12
Onondaga,13th Ward 3,U.S. House,22,WOR,John W. Mannion,47
Onondaga,13th Ward 3,U.S. House,22,,Write-in,2
Onondaga,13th Ward 3,State Senate,48,DEM,Rachel May,344
Onondaga,13th Ward 3,State Senate,48,REP,Caleb C. Slater,77
Onondaga,13th Ward 3,State Senate,48,WOR,Rachel May,45
Onondaga,13th Ward 3,State Senate,48,,Write-in,2
Onondaga,13th Ward 3,State Assembly,129,DEM,William B. Magnarelli,404
Onondaga,13th Ward 3,State Assembly,129,,Write-in,6
Onondaga,13th Ward 4,President,,DEM,Kamala D. Harris,262
Onondaga,13th Ward 4,President,,REP,Donald J. Trump,60
Onondaga,13th Ward 4,President,,CON,Donald J. Trump,14
Onondaga,13th Ward 4,President,,WOR,Kamala D. Harris,22
Onondaga,13th Ward 4,President,,,Write-in,3
Onondaga,13th Ward 4,U.S. Senate,,DEM,Kirsten E. Gillibrand,262
Onondaga,13th Ward 4,U.S. Senate,,REP,Michael D. Sapraicone,57
Onondaga,13th Ward 4,U.S. Senate,,CON,Michael D. Sapraicone,10
Onondaga,13th Ward 4,U.S. Senate,,WOR,Kirsten E. Gillibrand,20
Onondaga,13th Ward 4,U.S. Senate,,LAR,Diane Sare,5
Onondaga,13th Ward 4,U.S. House,22,DEM,John W. Mannion,255
Onondaga,13th Ward 4,U.S. House,22,REP,Brandon M. Williams,58
Onondaga,13th Ward 4,U.S. House,22,CON,Brandon M. Williams,15
Onondaga,13th Ward 4,U.S. House,22,WOR,John W. Mannion,26
Onondaga,13th Ward 4,State Senate,48,DEM,Rachel May,250
Onondaga,13th Ward 4,State Senate,48,REP,Caleb C. Slater,68
Onondaga,13th Ward 4,State Senate,48,WOR,Rachel May,26
Onondaga,13th Ward 4,State Assembly,129,DEM,William B. Magnarelli,289
Onondaga,13th Ward 4,State Assembly,129,,Write-in,1
Onondaga,13th Ward 5,President,,DEM,Kamala D. Harris,392
Onondaga,13th Ward 5,President,,REP,Donald J. Trump,119
Onondaga,13th Ward 5,President,,CON,Donald J. Trump,15
Onondaga,13th Ward 5,President,,WOR,Kamala D. Harris,17
Onondaga,13th Ward 5,President,,,Write-in,3
Onondaga,13th Ward 5,U.S. Senate,,DEM,Kirsten E. Gillibrand,374
Onondaga,13th Ward 5,U.S. Senate,,REP,Michael D. Sapraicone,104
Onondaga,13th Ward 5,U.S. Senate,,CON,Michael D. Sapraicone,13
Onondaga,13th Ward 5,U.S. Senate,,WOR,Kirsten E. Gillibrand,36
Onondaga,13th Ward 5,U.S. Senate,,LAR,Diane Sare,3
Onondaga,13th Ward 5,U.S. House,22,DEM,John W. Mannion,370
Onondaga,13th Ward 5,U.S. House,22,REP,Brandon M. Williams,112
Onondaga,13th Ward 5,U.S. House,22,CON,Brandon M. Williams,22
Onondaga,13th Ward 5,U.S. House,22,WOR,John W. Mannion,30
Onondaga,13th Ward 5,U.S. House,22,,Write-in,1
Onondaga,13th Ward 5,State Senate,48,DEM,Rachel May,375
Onondaga,13th Ward 5,State Senate,48,REP,Caleb C. Slater,110
Onondaga,13th Ward 5,State Senate,48,WOR,Rachel May,41
Onondaga,13th Ward 5,State Senate,48,,Write-in,1
Onondaga,13th Ward 5,State Assembly,129,DEM,William B. Magnarelli,454
Onondaga,13th Ward 5,State Assembly,129,,Write-in,2
Onondaga,13th Ward 6,President,,DEM,Kamala D. Harris,303
Onondaga,13th Ward 6,President,,REP,Donald J. Trump,39
Onondaga,13th Ward 6,President,,CON,Donald J. Trump,6
Onondaga,13th Ward 6,President,,WOR,Kamala D. Harris,11
Onondaga,13th Ward 6,President,,,Write-in,1
Onondaga,13th Ward 6,U.S. Senate,,DEM,Kirsten E. Gillibrand,281
Onondaga,13th Ward 6,U.S. Senate,,REP,Michael D. Sapraicone,31
Onondaga,13th Ward 6,U.S. Senate,,CON,Michael D. Sapraicone,7
Onondaga,13th Ward 6,U.S. Senate,,WOR,Kirsten E. Gillibrand,20
Onondaga,13th Ward 6,U.S. Senate,,LAR,Diane Sare,3
Onondaga,13th Ward 6,U.S. House,22,DEM,John W. Mannion,290
Onondaga,13th Ward 6,U.S. House,22,REP,Brandon M. Williams,34
Onondaga,13th Ward 6,U.S. House,22,CON,Brandon M. Williams,8
Onondaga,13th Ward 6,U.S. House,22,WOR,John W. Mannion,15
Onondaga,13th Ward 6,State Senate,48,DEM,Rachel May,288
Onondaga,13th Ward 6,State Senate,48,REP,Caleb C. Slater,37
Onondaga,13th Ward 6,State Senate,48,WOR,Rachel May,23
Onondaga,13th Ward 6,State Assembly,128,DEM,Pamela Jo Hunter,284
Onondaga,13th Ward 6,State Assembly,128,REP,Daniel A. Ciciarelli,32
Onondaga,13th Ward 6,State Assembly,128,CON,Daniel A. Ciciarelli,6
Onondaga,13th Ward 6,State Assembly,128,WOR,Pamela Jo Hunter,15
Onondaga,13th Ward 7,President,,DEM,Kamala D. Harris,252
Onondaga,13th Ward 7,President,,REP,Donald J. Trump,69
Onondaga,13th Ward 7,President,,CON,Donald J. Trump,22
Onondaga,13th Ward 7,President,,WOR,Kamala D. Harris,13
Onondaga,13th Ward 7,President,,,Write-in,1
Onondaga,13th Ward 7,U.S. Senate,,DEM,Kirsten E. Gillibrand,247
Onondaga,13th Ward 7,U.S. Senate,,REP,Michael D. Sapraicone,59
Onondaga,13th Ward 7,U.S. Senate,,CON,Michael D. Sapraicone,17
Onondaga,13th Ward 7,U.S. Senate,,WOR,Kirsten E. Gillibrand,23
Onondaga,13th Ward 7,U.S. Senate,,LAR,Diane Sare,1
Onondaga,13th Ward 7,U.S. House,22,DEM,John W. Mannion,249
Onondaga,13th Ward 7,U.S. House,22,REP,Brandon M. Williams,62
Onondaga,13th Ward 7,U.S. House,22,CON,Brandon M. Williams,19
Onondaga,13th Ward 7,U.S. House,22,WOR,John W. Mannion,17
Onondaga,13th Ward 7,State Senate,48,DEM,Rachel May,258
Onondaga,13th Ward 7,State Senate,48,REP,Caleb C. Slater,72
Onondaga,13th Ward 7,State Senate,48,WOR,Rachel May,14
Onondaga,13th Ward 7,State Assembly,129,DEM,William B. Magnarelli,291
Onondaga,13th Ward 7,State Assembly,129,,Write-in,3
Onondaga,13th Ward 8,President,,DEM,Kamala D. Harris,208
Onondaga,13th Ward 8,President,,REP,Donald J. Trump,73
Onondaga,13th Ward 8,President,,CON,Donald J. Trump,19
Onondaga,13th Ward 8,President,,WOR,Kamala D. Harris,21
Onondaga,13th Ward 8,President,,,Write-in,1
Onondaga,13th Ward 8,U.S. Senate,,DEM,Kirsten E. Gillibrand,206
Onondaga,13th Ward 8,U.S. Senate,,REP,Michael D. Sapraicone,60
Onondaga,13th Ward 8,U.S. Senate,,CON,Michael D. Sapraicone,13
Onondaga,13th Ward 8,U.S. Senate,,WOR,Kirsten E. Gillibrand,31
Onondaga,13th Ward 8,U.S. Senate,,LAR,Diane Sare,3
Onondaga,13th Ward 8,U.S. Senate,,,Write-in,1
Onondaga,13th Ward 8,U.S. House,22,DEM,John W. Mannion,198
Onondaga,13th Ward 8,U.S. House,22,REP,Brandon M. Williams,64
Onondaga,13th Ward 8,U.S. House,22,CON,Brandon M. Williams,15
Onondaga,13th Ward 8,U.S. House,22,WOR,John W. Mannion,37
Onondaga,13th Ward 8,U.S. House,22,,Write-in,2
Onondaga,13th Ward 8,State Senate,48,DEM,Rachel May,207
Onondaga,13th Ward 8,State Senate,48,REP,Caleb C. Slater,72
Onondaga,13th Ward 8,State Senate,48,WOR,Rachel May,33
Onondaga,13th Ward 8,State Senate,48,,Write-in,1
Onondaga,13th Ward 8,State Assembly,128,DEM,Pamela Jo Hunter,194
Onondaga,13th Ward 8,State Assembly,128,REP,Daniel A. Ciciarelli,72
Onondaga,13th Ward 8,State Assembly,128,CON,Daniel A. Ciciarelli,17
Onondaga,13th Ward 8,State Assembly,128,WOR,Pamela Jo Hunter,29
Onondaga,13th Ward 8,State Assembly,128,,Write-in,1
Onondaga,13th Ward 9,President,,DEM,Kamala D. Harris,214
Onondaga,13th Ward 9,President,,REP,Donald J. Trump,82
Onondaga,13th Ward 9,President,,CON,Donald J. Trump,4
Onondaga,13th Ward 9,President,,WOR,Kamala D. Harris,19
Onondaga,13th Ward 9,President,,,Write-in,2
Onondaga,13th Ward 9,U.S. Senate,,DEM,Kirsten E. Gillibrand,207
Onondaga,13th Ward 9,U.S. Senate,,REP,Michael D. Sapraicone,77
Onondaga,13th Ward 9,U.S. Senate,,CON,Michael D. Sapraicone,5
Onondaga,13th Ward 9,U.S. Senate,,WOR,Kirsten E. Gillibrand,23
Onondaga,13th Ward 9,U.S. Senate,,LAR,Diane Sare,1
Onondaga,13th Ward 9,U.S. House,22,DEM,John W. Mannion,208
Onondaga,13th Ward 9,U.S. House,22,REP,Brandon M. Williams,79
Onondaga,13th Ward 9,U.S. House,22,CON,Brandon M. Williams,4
Onondaga,13th Ward 9,U.S. House,22,WOR,John W. Mannion,22
Onondaga,13th Ward 9,U.S. House,22,,Write-in,1
Onondaga,13th Ward 9,State Senate,48,DEM,Rachel May,210
Onondaga,13th Ward 9,State Senate,48,REP,Caleb C. Slater,73
Onondaga,13th Ward 9,State Senate,48,WOR,Rachel May,25
Onondaga,13th Ward 9,State Assembly,129,DEM,William B. Magnarelli,249
Onondaga,13th Ward 9,State Assembly,129,,Write-in,3
Onondaga,14th Ward 1,President,,DEM,Kamala D. Harris,374
Onondaga,14th Ward 1,President,,REP,Donald J. Trump,43
Onondaga,14th Ward 1,President,,CON,Donald J. Trump,8
Onondaga,14th Ward 1,President,,WOR,Kamala D. Harris,15
Onondaga,14th Ward 1,President,,,Write-in,1
Onondaga,14th Ward 1,U.S. Senate,,DEM,Kirsten E. Gillibrand,347
Onondaga,14th Ward 1,U.S. Senate,,REP,Michael D. Sapraicone,35
Onondaga,14th Ward 1,U.S. Senate,,CON,Michael D. Sapraicone,8
Onondaga,14th Ward 1,U.S. Senate,,WOR,Kirsten E. Gillibrand,25
Onondaga,14th Ward 1,U.S. Senate,,LAR,Diane Sare,2
Onondaga,14th Ward 1,U.S. House,22,DEM,John W. Mannion,351
Onondaga,14th Ward 1,U.S. House,22,REP,Brandon M. Williams,36
Onondaga,14th Ward 1,U.S. House,22,CON,Brandon M. Williams,11
Onondaga,14th Ward 1,U.S. House,22,WOR,John W. Mannion,29
Onondaga,14th Ward 1,State Senate,48,DEM,Rachel May,357
Onondaga,14th Ward 1,State Senate,48,REP,Caleb C. Slater,36
Onondaga,14th Ward 1,State Senate,48,WOR,Rachel May,26
Onondaga,14th Ward 1,State Assembly,128,DEM,Pamela Jo Hunter,362
Onondaga,14th Ward 1,State Assembly,128,REP,Daniel A. Ciciarelli,31
Onondaga,14th Ward 1,State Assembly,128,CON,Daniel A. Ciciarelli,12
Onondaga,14th Ward 1,State Assembly,128,WOR,Pamela Jo Hunter,26
Onondaga,14th Ward 2,President,,DEM,Kamala D. Harris,103
Onondaga,14th Ward 2,President,,REP,Donald J. Trump,20
Onondaga,14th Ward 2,President,,CON,Donald J. Trump,8
Onondaga,14th Ward 2,President,,WOR,Kamala D. Harris,2
Onondaga,14th Ward 2,U.S. Senate,,DEM,Kirsten E. Gillibrand,100
Onondaga,14th Ward 2,U.S. Senate,,REP,Michael D. Sapraicone,16
Onondaga,14th Ward 2,U.S. Senate,,CON,Michael D. Sapraicone,8
Onondaga,14th Ward 2,U.S. Senate,,WOR,Kirsten E. Gillibrand,4
Onondaga,14th Ward 2,U.S. Senate,,LAR,Diane Sare,1
Onondaga,14th Ward 2,U.S. House,22,DEM,John W. Mannion,100
Onondaga,14th Ward 2,U.S. House,22,REP,Brandon M. Williams,17
Onondaga,14th Ward 2,U.S. House,22,CON,Brandon M. Williams,9
Onondaga,14th Ward 2,U.S. House,22,WOR,John W. Mannion,4
Onondaga,14th Ward 2,State Senate,48,DEM,Rachel May,95
Onondaga,14th Ward 2,State Senate,48,REP,Caleb C. Slater,26
Onondaga,14th Ward 2,State Senate,48,WOR,Rachel May,5
Onondaga,14th Ward 2,State Assembly,128,DEM,Pamela Jo Hunter,97
Onondaga,14th Ward 2,State Assembly,128,REP,Daniel A. Ciciarelli,18
Onondaga,14th Ward 2,State Assembly,128,CON,Daniel A. Ciciarelli,9
Onondaga,14th Ward 2,State Assembly,128,WOR,Pamela Jo Hunter,4
Onondaga,14th Ward 3,President,,DEM,Kamala D. Harris,296
Onondaga,14th Ward 3,President,,REP,Donald J. Trump,21
Onondaga,14th Ward 3,President,,CON,Donald J. Trump,4
Onondaga,14th Ward 3,President,,WOR,Kamala D. Harris,19
Onondaga,14th Ward 3,President,,,Write-in,1
Onondaga,14th Ward 3,U.S. Senate,,DEM,Kirsten E. Gillibrand,271
Onondaga,14th Ward 3,U.S. Senate,,REP,Michael D. Sapraicone,19
Onondaga,14th Ward 3,U.S. Senate,,CON,Michael D. Sapraicone,4
Onondaga,14th Ward 3,U.S. Senate,,WOR,Kirsten E. Gillibrand,18
Onondaga,14th Ward 3,U.S. Senate,,LAR,Diane Sare,3
Onondaga,14th Ward 3,U.S. House,22,DEM,John W. Mannion,272
Onondaga,14th Ward 3,U.S. House,22,REP,Brandon M. Williams,25
Onondaga,14th Ward 3,U.S. House,22,CON,Brandon M. Williams,9
Onondaga,14th Ward 3,U.S. House,22,WOR,John W. Mannion,21
Onondaga,14th Ward 3,U.S. House,22,,Write-in,2
Onondaga,14th Ward 3,State Senate,48,DEM,Rachel May,274
Onondaga,14th Ward 3,State Senate,48,REP,Caleb C. Slater,22
Onondaga,14th Ward 3,State Senate,48,WOR,Rachel May,27
Onondaga,14th Ward 3,State Assembly,128,DEM,Pamela Jo Hunter,271
Onondaga,14th Ward 3,State Assembly,128,REP,Daniel A. Ciciarelli,14
Onondaga,14th Ward 3,State Assembly,128,CON,Daniel A. Ciciarelli,6
Onondaga,14th Ward 3,State Assembly,128,WOR,Pamela Jo Hunter,32
Onondaga,14th Ward 4,President,,DEM,Kamala D. Harris,315
Onondaga,14th Ward 4,President,,REP,Donald J. Trump,55
Onondaga,14th Ward 4,President,,CON,Donald J. Trump,4
Onondaga,14th Ward 4,President,,WOR,Kamala D. Harris,35
Onondaga,14th Ward 4,President,,,Write-in,5
Onondaga,14th Ward 4,U.S. Senate,,DEM,Kirsten E. Gillibrand,310
Onondaga,14th Ward 4,U.S. Senate,,REP,Michael D. Sapraicone,44
Onondaga,14th Ward 4,U.S. Senate,,CON,Michael D. Sapraicone,5
Onondaga,14th Ward 4,U.S. Senate,,WOR,Kirsten E. Gillibrand,41
Onondaga,14th Ward 4,U.S. Senate,,LAR,Diane Sare,3
Onondaga,14th Ward 4,U.S. House,22,DEM,John W. Mannion,310
Onondaga,14th Ward 4,U.S. House,22,REP,Brandon M. Williams,50
Onondaga,14th Ward 4,U.S. House,22,CON,Brandon M. Williams,6
Onondaga,14th Ward 4,U.S. House,22,WOR,John W. Mannion,41
Onondaga,14th Ward 4,State Senate,48,DEM,Rachel May,311
Onondaga,14th Ward 4,State Senate,48,REP,Caleb C. Slater,46
Onondaga,14th Ward 4,State Senate,48,WOR,Rachel May,43
Onondaga,14th Ward 4,State Assembly,129,DEM,William B. Magnarelli,359
Onondaga,14th Ward 5,President,,DEM,Kamala D. Harris,94
Onondaga,14th Ward 5,President,,REP,Donald J. Trump,28
Onondaga,14th Ward 5,President,,CON,Donald J. Trump,4
Onondaga,14th Ward 5,President,,WOR,Kamala D. Harris,5
Onondaga,14th Ward 5,U.S. Senate,,DEM,Kirsten E. Gillibrand,92
Onondaga,14th Ward 5,U.S. Senate,,REP,Michael D. Sapraicone,21
Onondaga,14th Ward 5,U.S. Senate,,CON,Michael D. Sapraicone,5
Onondaga,14th Ward 5,U.S. Senate,,WOR,Kirsten E. Gillibrand,8
Onondaga,14th Ward 5,U.S. Senate,,LAR,Diane Sare,1
Onondaga,14th Ward 5,U.S. House,22,DEM,John W. Mannion,92
Onondaga,14th Ward 5,U.S. House,22,REP,Brandon M. Williams,22
Onondaga,14th Ward 5,U.S. House,22,CON,Brandon M. Williams,5
Onondaga,14th Ward 5,U.S. House,22,WOR,John W. Mannion,8
Onondaga,14th Ward 5,State Senate,48,DEM,Rachel May,88
Onondaga,14th Ward 5,State Senate,48,REP,Caleb C. Slater,28
Onondaga,14th Ward 5,State Senate,48,WOR,Rachel May,6
Onondaga,14th Ward 5,State Senate,48,,Write-in,1
Onondaga,14th Ward 5,State Assembly,128,DEM,Pamela Jo Hunter,87
Onondaga,14th Ward 5,State Assembly,128,REP,Daniel A. Ciciarelli,25
Onondaga,14th Ward 5,State Assembly,128,CON,Daniel A. Ciciarelli,5
Onondaga,14th Ward 5,State Assembly,128,WOR,Pamela Jo Hunter,8
Onondaga,14th Ward 5,State Assembly,128,,Write-in,1
Onondaga,14th Ward 6,President,,DEM,Kamala D. Harris,337
Onondaga,14th Ward 6,President,,REP,Donald J. Trump,122
Onondaga,14th Ward 6,President,,CON,Donald J. Trump,16
Onondaga,14th Ward 6,President,,WOR,Kamala D. Harris,17
Onondaga,14th Ward 6,President,,,Write-in,2
Onondaga,14th Ward 6,U.S. Senate,,DEM,Kirsten E. Gillibrand,334
Onondaga,14th Ward 6,U.S. Senate,,REP,Michael D. Sapraicone,103
Onondaga,14th Ward 6,U.S. Senate,,CON,Michael D. Sapraicone,21
Onondaga,14th Ward 6,U.S. Senate,,WOR,Kirsten E. Gillibrand,30
Onondaga,14th Ward 6,U.S. Senate,,LAR,Diane Sare,2
Onondaga,14th Ward 6,U.S. Senate,,,Write-in,1
Onondaga,14th Ward 6,U.S. House,22,DEM,John W. Mannion,325
Onondaga,14th Ward 6,U.S. House,22,REP,Brandon M. Williams,110
Onondaga,14th Ward 6,U.S. House,22,CON,Brandon M. Williams,28
Onondaga,14th Ward 6,U.S. House,22,WOR,John W. Mannion,28
Onondaga,14th Ward 6,State Senate,48,DEM,Rachel May,323
Onondaga,14th Ward 6,State Senate,48,REP,Caleb C. Slater,125
Onondaga,14th Ward 6,State Senate,48,WOR,Rachel May,32
Onondaga,14th Ward 6,State Senate,48,,Write-in,2
Onondaga,14th Ward 6,State Assembly,129,DEM,William B. Magnarelli,398
Onondaga,14th Ward 6,State Assembly,129,,Write-in,6
Onondaga,14th Ward 7,President,,DEM,Kamala D. Harris,281
Onondaga,14th Ward 7,President,,REP,Donald J. Trump,122
Onondaga,14th Ward 7,President,,CON,Donald J. Trump,37
Onondaga,14th Ward 7,President,,WOR,Kamala D. Harris,21
Onondaga,14th Ward 7,President,,,Write-in,7
Onondaga,14th Ward 7,U.S. Senate,,DEM,Kirsten E. Gillibrand,290
Onondaga,14th Ward 7,U.S. Senate,,REP,Michael D. Sapraicone,111
Onondaga,14th Ward 7,U.S. Senate,,CON,Michael D. Sapraicone,33
Onondaga,14th Ward 7,U.S. Senate,,WOR,Kirsten E. Gillibrand,31
Onondaga,14th Ward 7,U.S. Senate,,LAR,Diane Sare,1
Onondaga,14th Ward 7,U.S. House,22,DEM,John W. Mannion,284
Onondaga,14th Ward 7,U.S. House,22,REP,Brandon M. Williams,118
Onondaga,14th Ward 7,U.S. House,22,CON,Brandon M. Williams,39
Onondaga,14th Ward 7,U.S. House,22,WOR,John W. Mannion,31
Onondaga,14th Ward 7,State Senate,48,DEM,Rachel May,281
Onondaga,14th Ward 7,State Senate,48,REP,Caleb C. Slater,151
Onondaga,14th Ward 7,State Senate,48,WOR,Rachel May,36
Onondaga,14th Ward 7,State Assembly,129,DEM,William B. Magnarelli,368
Onondaga,14th Ward 7,State Assembly,129,,Write-in,8
Onondaga,14th Ward 8,President,,DEM,Kamala D. Harris,257
Onondaga,14th Ward 8,President,,REP,Donald J. Trump,56
Onondaga,14th Ward 8,President,,CON,Donald J. Trump,7
Onondaga,14th Ward 8,President,,WOR,Kamala D. Harris,11
Onondaga,14th Ward 8,U.S. Senate,,DEM,Kirsten E. Gillibrand,237
Onondaga,14th Ward 8,U.S. Senate,,REP,Michael D. Sapraicone,40
Onondaga,14th Ward 8,U.S. Senate,,CON,Michael D. Sapraicone,10
Onondaga,14th Ward 8,U.S. Senate,,WOR,Kirsten E. Gillibrand,16
Onondaga,14th Ward 8,U.S. Senate,,LAR,Diane Sare,2
Onondaga,14th Ward 8,U.S. Senate,,,Write-in,2
Onondaga,14th Ward 8,U.S. House,22,DEM,John W. Mannion,243
Onondaga,14th Ward 8,U.S. House,22,REP,Brandon M. Williams,51
Onondaga,14th Ward 8,U.S. House,22,CON,Brandon M. Williams,9
Onondaga,14th Ward 8,U.S. House,22,WOR,John W. Mannion,16
Onondaga,14th Ward 8,State Senate,48,DEM,Rachel May,242
Onondaga,14th Ward 8,State Senate,48,REP,Caleb C. Slater,47
Onondaga,14th Ward 8,State Senate,48,WOR,Rachel May,22
Onondaga,14th Ward 8,State Senate,48,,Write-in,2
Onondaga,14th Ward 8,State Assembly,128,DEM,Pamela Jo Hunter,243
Onondaga,14th Ward 8,State Assembly,128,REP,Daniel A. Ciciarelli,48
Onondaga,14th Ward 8,State Assembly,128,CON,Daniel A. Ciciarelli,5
Onondaga,14th Ward 8,State Assembly,128,WOR,Pamela Jo Hunter,17
Onondaga,14th Ward 8,State Assembly,128,,Write-in,1
Onondaga,14th Ward 9,President,,DEM,Kamala D. Harris,208
Onondaga,14th Ward 9,President,,REP,Donald J. Trump,52
Onondaga,14th Ward 9,President,,CON,Donald J. Trump,8
Onondaga,14th Ward 9,President,,WOR,Kamala D. Harris,12
Onondaga,14th Ward 9,President,,,Write-in,3
Onondaga,14th Ward 9,U.S. Senate,,DEM,Kirsten E. Gillibrand,201
Onondaga,14th Ward 9,U.S. Senate,,REP,Michael D. Sapraicone,45
Onondaga,14th Ward 9,U.S. Senate,,CON,Michael D. Sapraicone,9
Onondaga,14th Ward 9,U.S. Senate,,WOR,Kirsten E. Gillibrand,16
Onondaga,14th Ward 9,U.S. Senate,,LAR,Diane Sare,2
Onondaga,14th Ward 9,U.S. House,22,DEM,John W. Mannion,200
Onondaga,14th Ward 9,U.S. House,22,REP,Brandon M. Williams,50
Onondaga,14th Ward 9,U.S. House,22,CON,Brandon M. Williams,11
Onondaga,14th Ward 9,U.S. House,22,WOR,John W. Mannion,17
Onondaga,14th Ward 9,State Senate,48,DEM,Rachel May,201
Onondaga,14th Ward 9,State Senate,48,REP,Caleb C. Slater,51
Onondaga,14th Ward 9,State Senate,48,WOR,Rachel May,18
Onondaga,14th Ward 9,State Assembly,129,DEM,William B. Magnarelli,221
Onondaga,14th Ward 9,State Assembly,129,,Write-in,1
Onondaga,14th Ward 10,President,,DEM,Kamala D. Harris,211
Onondaga,14th Ward 10,President,,REP,Donald J. Trump,49
Onondaga,14th Ward 10,President,,CON,Donald J. Trump,8
Onondaga,14th Ward 10,President,,WOR,Kamala D. Harris,11
Onondaga,14th Ward 10,President,,,Write-in,2
Onondaga,14th Ward 10,U.S. Senate,,DEM,Kirsten E. Gillibrand,203
Onondaga,14th Ward 10,U.S. Senate,,REP,Michael D. Sapraicone,43
Onondaga,14th Ward 10,U.S. Senate,,CON,Michael D. Sapraicone,8
Onondaga,14th Ward 10,U.S. Senate,,WOR,Kirsten E. Gillibrand,14
Onondaga,14th Ward 10,U.S. Senate,,LAR,Diane Sare,2
Onondaga,14th Ward 10,U.S. House,22,DEM,John W. Mannion,202
Onondaga,14th Ward 10,U.S. House,22,REP,Brandon M. Williams,46
Onondaga,14th Ward 10,U.S. House,22,CON,Brandon M. Williams,8
Onondaga,14th Ward 10,U.S. House,22,WOR,John W. Mannion,18
Onondaga,14th Ward 10,State Senate,48,DEM,Rachel May,206
Onondaga,14th Ward 10,State Senate,48,REP,Caleb C. Slater,49
Onondaga,14th Ward 10,State Senate,48,WOR,Rachel May,11
Onondaga,14th Ward 10,State Assembly,128,DEM,Pamela Jo Hunter,198
Onondaga,14th Ward 10,State Assembly,128,REP,Daniel A. Ciciarelli,50
Onondaga,14th Ward 10,State Assembly,128,CON,Daniel A. Ciciarelli,8
Onondaga,14th Ward 10,State Assembly,128,WOR,Pamela Jo Hunter,14
Onondaga,14th Ward 11,President,,DEM,Kamala D. Harris,348
Onondaga,14th Ward 11,President,,REP,Donald J. Trump,121
Onondaga,14th Ward 11,President,,CON,Donald J. Trump,22
Onondaga,14th Ward 11,President,,WOR,Kamala D. Harris,24
Onondaga,14th Ward 11,U.S. Senate,,DEM,Kirsten E. Gillibrand,345
Onondaga,14th Ward 11,U.S. Senate,,REP,Michael D. Sapraicone,104
Onondaga,14th Ward 11,U.S. Senate,,CON,Michael D. Sapraicone,16
Onondaga,14th Ward 11,U.S. Senate,,WOR,Kirsten E. Gillibrand,45
Onondaga,14th Ward 11,U.S. Senate,,LAR,Diane Sare,1
Onondaga,14th Ward 11,U.S. House,22,DEM,John W. Mannion,337
Onondaga,14th Ward 11,U.S. House,22,REP,Brandon M. Williams,108
Onondaga,14th Ward 11,U.S. House,22,CON,Brandon M. Williams,26
Onondaga,14th Ward 11,U.S. House,22,WOR,John W. Mannion,40
Onondaga,14th Ward 11,State Senate,48,DEM,Rachel May,342
Onondaga,14th Ward 11,State Senate,48,REP,Caleb C. Slater,121
Onondaga,14th Ward 11,State Senate,48,WOR,Rachel May,42
Onondaga,14th Ward 11,State Assembly,129,DEM,William B. Magnarelli,414
Onondaga,14th Ward 11,State Assembly,129,,Write-in,5
Onondaga,14th Ward 12,President,,DEM,Kamala D. Harris,324
Onondaga,14th Ward 12,President,,REP,Donald J. Trump,86
Onondaga,14th Ward 12,President,,CON,Donald J. Trump,9
Onondaga,14th Ward 12,President,,WOR,Kamala D. Harris,11
Onondaga,14th Ward 12,President,,,Write-in,1
Onondaga,14th Ward 12,U.S. Senate,,DEM,Kirsten E. Gillibrand,293
Onondaga,14th Ward 12,U.S. Senate,,REP,Michael D. Sapraicone,67
Onondaga,14th Ward 12,U.S. Senate,,CON,Michael D. Sapraicone,13
Onondaga,14th Ward 12,U.S. Senate,,WOR,Kirsten E. Gillibrand,17
Onondaga,14th Ward 12,U.S. Senate,,LAR,Diane Sare,9
Onondaga,14th Ward 12,U.S. House,22,DEM,John W. Mannion,295
Onondaga,14th Ward 12,U.S. House,22,REP,Brandon M. Williams,80
Onondaga,14th Ward 12,U.S. House,22,CON,Brandon M. Williams,17
Onondaga,14th Ward 12,U.S. House,22,WOR,John W. Mannion,21
Onondaga,14th Ward 12,State Senate,48,DEM,Rachel May,299
Onondaga,14th Ward 12,State Senate,48,REP,Caleb C. Slater,79
Onondaga,14th Ward 12,State Senate,48,WOR,Rachel May,24
Onondaga,14th Ward 12,State Assembly,129,DEM,William B. Magnarelli,327
Onondaga,14th Ward 12,State Assembly,129,,Write-in,2
Onondaga,14th Ward 13,President,,DEM,Kamala D. Harris,7
Onondaga,14th Ward 13,President,,REP,Donald J. Trump,6
Onondaga,14th Ward 13,President,,WOR,Kamala D. Harris,1
Onondaga,14th Ward 13,President,,,Write-in,1
Onondaga,14th Ward 13,U.S. Senate,,DEM,Kirsten E. Gillibrand,7
Onondaga,14th Ward 13,U.S. Senate,,REP,Michael D. Sapraicone,5
Onondaga,14th Ward 13,U.S. Senate,,CON,Michael D. Sapraicone,1
Onondaga,14th Ward 13,U.S. Senate,,WOR,Kirsten E. Gillibrand,2
Onondaga,14th Ward 13,U.S. House,22,DEM,John W. Mannion,9
Onondaga,14th Ward 13,U.S. House,22,REP,Brandon M. Williams,4
Onondaga,14th Ward 13,U.S. House,22,WOR,John W. Mannion,2
Onondaga,14th Ward 13,State Senate,48,DEM,Rachel May,7
Onondaga,14th Ward 13,State Senate,48,REP,Caleb C. Slater,5
Onondaga,14th Ward 13,State Senate,48,WOR,Rachel May,3
Onondaga,14th Ward 13,State Assembly,129,DEM,William B. Magnarelli,11
Onondaga,15th Ward 1,President,,DEM,Kamala D. Harris,141
Onondaga,15th Ward 1,President,,REP,Donald J. Trump,28
Onondaga,15th Ward 1,President,,CON,Donald J. Trump,6
Onondaga,15th Ward 1,President,,WOR,Kamala D. Harris,9
Onondaga,15th Ward 1,President,,,Write-in,7
Onondaga,15th Ward 1,U.S. Senate,,DEM,Kirsten E. Gillibrand,149
Onondaga,15th Ward 1,U.S. Senate,,REP,Michael D. Sapraicone,18
Onondaga,15th Ward 1,U.S. Senate,,CON,Michael D. Sapraicone,8
Onondaga,15th Ward 1,U.S. Senate,,WOR,Kirsten E. Gillibrand,13
Onondaga,15th Ward 1,U.S. Senate,,,Write-in,1
Onondaga,15th Ward 1,U.S. House,22,DEM,John W. Mannion,150
Onondaga,15th Ward 1,U.S. House,22,REP,Brandon M. Williams,23
Onondaga,15th Ward 1,U.S. House,22,CON,Brandon M. Williams,5
Onondaga,15th Ward 1,U.S. House,22,WOR,John W. Mannion,11
Onondaga,15th Ward 1,State Senate,48,DEM,Rachel May,145
Onondaga,15th Ward 1,State Senate,48,REP,Caleb C. Slater,27
Onondaga,15th Ward 1,State Senate,48,WOR,Rachel May,14
Onondaga,15th Ward 1,State Assembly,128,DEM,Pamela Jo Hunter,146
Onondaga,15th Ward 1,State Assembly,128,REP,Daniel A. Ciciarelli,21
Onondaga,15th Ward 1,State Assembly,128,CON,Daniel A. Ciciarelli,7
Onondaga,15th Ward 1,State Assembly,128,WOR,Pamela Jo Hunter,9
Onondaga,15th Ward 2,President,,DEM,Kamala D. Harris,62
Onondaga,15th Ward 2,President,,REP,Donald J. Trump,11
Onondaga,15th Ward 2,President,,WOR,Kamala D. Harris,1
Onondaga,15th Ward 2,President,,,Write-in,4
Onondaga,15th Ward 2,U.S. Senate,,DEM,Kirsten E. Gillibrand,55
Onondaga,15th Ward 2,U.S. Senate,,REP,Michael D. Sapraicone,13
Onondaga,15th Ward 2,U.S. Senate,,WOR,Kirsten E. Gillibrand,1
Onondaga,15th Ward 2,U.S. Senate,,LAR,Diane Sare,3
Onondaga,15th Ward 2,U.S. House,22,DEM,John W. Mannion,60
Onondaga,15th Ward 2,U.S. House,22,REP,Brandon M. Williams,11
Onondaga,15th Ward 2,U.S. House,22,WOR,John W. Mannion,1
Onondaga,15th Ward 2,State Senate,48,DEM,Rachel May,62
Onondaga,15th Ward 2,State Senate,48,REP,Caleb C. Slater,8
Onondaga,15th Ward 2,State Senate,48,WOR,Rachel May,2
Onondaga,15th Ward 2,State Assembly,128,DEM,Pamela Jo Hunter,51
Onondaga,15th Ward 2,State Assembly,128,REP,Daniel A. Ciciarelli,10
Onondaga,15th Ward 2,State Assembly,128,WOR,Pamela Jo Hunter,4
Onondaga,15th Ward 2,State Assembly,128,,Write-in,1
Onondaga,15th Ward 3,President,,DEM,Kamala D. Harris,19
Onondaga,15th Ward 3,President,,REP,Donald J. Trump,10
Onondaga,15th Ward 3,President,,CON,Donald J. Trump,1
Onondaga,15th Ward 3,President,,WOR,Kamala D. Harris,1
Onondaga,15th Ward 3,U.S. Senate,,DEM,Kirsten E. Gillibrand,20
Onondaga,15th Ward 3,U.S. Senate,,REP,Michael D. Sapraicone,6
Onondaga,15th Ward 3,U.S. Senate,,CON,Michael D. Sapraicone,2
Onondaga,15th Ward 3,U.S. Senate,,LAR,Diane Sare,1
Onondaga,15th Ward 3,U.S. House,22,DEM,John W. Mannion,18
Onondaga,15th Ward 3,U.S. House,22,REP,Brandon M. Williams,8
Onondaga,15th Ward 3,U.S. House,22,CON,Brandon M. Williams,2
Onondaga,15th Ward 3,U.S. House,22,WOR,John W. Mannion,1
Onondaga,15th Ward 3,State Senate,48,DEM,Rachel May,18
Onondaga,15th Ward 3,State Senate,48,REP,Caleb C. Slater,10
Onondaga,15th Ward 3,State Senate,48,WOR,Rachel May,1
Onondaga,15th Ward 3,State Assembly,128,DEM,Pamela Jo Hunter,18
Onondaga,15th Ward 3,State Assembly,128,REP,Daniel A. Ciciarelli,6
Onondaga,15th Ward 3,State Assembly,128,CON,Daniel A. Ciciarelli,2
Onondaga,15th Ward 3,State Assembly,128,WOR,Pamela Jo Hunter,2
Onondaga,15th Ward 4,President,,DEM,Kamala D. Harris,37
Onondaga,15th Ward 4,President,,REP,Donald J. Trump,7
Onondaga,15th Ward 4,President,,CON,Donald J. Trump,1
Onondaga,15th Ward 4,President,,WOR,Kamala D. Harris,2
Onondaga,15th Ward 4,U.S. Senate,,DEM,Kirsten E. Gillibrand,34
Onondaga,15th Ward 4,U.S. Senate,,REP,Michael D. Sapraicone,5
Onondaga,15th Ward 4,U.S. Senate,,CON,Michael D. Sapraicone,2
Onondaga,15th Ward 4,U.S. Senate,,WOR,Kirsten E. Gillibrand,4
Onondaga,15th Ward 4,U.S. House,22,DEM,John W. Mannion,32
Onondaga,15th Ward 4,U.S. House,22,REP,Brandon M. Williams,6
Onondaga,15th Ward 4,U.S. House,22,CON,Brandon M. Williams,2
Onondaga,15th Ward 4,U.S. House,22,WOR,John W. Mannion,5
Onondaga,15th Ward 4,State Senate,48,DEM,Rachel May,36
Onondaga,15th Ward 4,State Senate,48,REP,Caleb C. Slater,6
Onondaga,15th Ward 4,State Senate,48,WOR,Rachel May,3
Onondaga,15th Ward 4,State Assembly,129,DEM,William B. Magnarelli,39
Onondaga,15th Ward 5,President,,DEM,Kamala D. Harris,109
Onondaga,15th Ward 5,President,,REP,Donald J. Trump,20
Onondaga,15th Ward 5,President,,CON,Donald J. Trump,2
Onondaga,15th Ward 5,President,,WOR,Kamala D. Harris,3
Onondaga,15th Ward 5,President,,,Write-in,1
Onondaga,15th Ward 5,U.S. Senate,,DEM,Kirsten E. Gillibrand,93
Onondaga,15th Ward 5,U.S. Senate,,REP,Michael D. Sapraicone,16
Onondaga,15th Ward 5,U.S. Senate,,CON,Michael D. Sapraicone,4
Onondaga,15th Ward 5,U.S. Senate,,WOR,Kirsten E. Gillibrand,5
Onondaga,15th Ward 5,U.S. Senate,,LAR,Diane Sare,3
Onondaga,15th Ward 5,U.S. House,22,DEM,John W. Mannion,94
Onondaga,15th Ward 5,U.S. House,22,REP,Brandon M. Williams,21
Onondaga,15th Ward 5,U.S. House,22,CON,Brandon M. Williams,4
Onondaga,15th Ward 5,U.S. House,22,WOR,John W. Mannion,6
Onondaga,15th Ward 5,State Senate,48,DEM,Rachel May,102
Onondaga,15th Ward 5,State Senate,48,REP,Caleb C. Slater,14
Onondaga,15th Ward 5,State Senate,48,WOR,Rachel May,8
Onondaga,15th Ward 5,State Assembly,129,DEM,William B. Magnarelli,109
Onondaga,15th Ward 6,President,,DEM,Kamala D. Harris,62
Onondaga,15th Ward 6,President,,REP,Donald J. Trump,6
Onondaga,15th Ward 6,President,,WOR,Kamala D. Harris,4
Onondaga,15th Ward 6,President,,,Write-in,1
Onondaga,15th Ward 6,U.S. Senate,,DEM,Kirsten E. Gillibrand,56
Onondaga,15th Ward 6,U.S. Senate,,REP,Michael D. Sapraicone,6
Onondaga,15th Ward 6,U.S. Senate,,WOR,Kirsten E. Gillibrand,4
Onondaga,15th Ward 6,U.S. House,22,DEM,John W. Mannion,57
Onondaga,15th Ward 6,U.S. House,22,REP,Brandon M. Williams,7
Onondaga,15th Ward 6,U.S. House,22,WOR,John W. Mannion,4
Onondaga,15th Ward 6,State Senate,48,DEM,Rachel May,52
Onondaga,15th Ward 6,State Senate,48,REP,Caleb C. Slater,7
Onondaga,15th Ward 6,State Senate,48,WOR,Rachel May,5
Onondaga,15th Ward 6,State Assembly,128,DEM,Pamela Jo Hunter,52
Onondaga,15th Ward 6,State Assembly,128,REP,Daniel A. Ciciarelli,6
Onondaga,15th Ward 6,State Assembly,128,WOR,Pamela Jo Hunter,4
Onondaga,15th Ward 7,President,,DEM,Kamala D. Harris,8
Onondaga,15th Ward 7,President,,REP,Donald J. Trump,3
Onondaga,15th Ward 7,President,,,Write-in,1
Onondaga,15th Ward 7,U.S. Senate,,DEM,Kirsten E. Gillibrand,10
Onondaga,15th Ward 7,U.S. Senate,,REP,Michael D. Sapraicone,2
Onondaga,15th Ward 7,U.S. House,22,DEM,John W. Mannion,10
Onondaga,15th Ward 7,U.S. House,22,REP,Brandon M. Williams,3
Onondaga,15th Ward 7,State Senate,48,DEM,Rachel May,11
Onondaga,15th Ward 7,State Senate,48,REP,Caleb C. Slater,1
Onondaga,15th Ward 7,State Assembly,129,DEM,William B. Magnarelli,11
Onondaga,15th Ward 8,President,,DEM,Kamala D. Harris,73
Onondaga,15th Ward 8,President,,REP,Donald J. Trump,14
Onondaga,15th Ward 8,President,,CON,Donald J. Trump,2
Onondaga,15th Ward 8,President,,WOR,Kamala D. Harris,5
Onondaga,15th Ward 8,President,,,Write-in,3
Onondaga,15th Ward 8,U.S. Senate,,DEM,Kirsten E. Gillibrand,67
Onondaga,15th Ward 8,U.S. Senate,,REP,Michael D. Sapraicone,15
Onondaga,15th Ward 8,U.S. Senate,,CON,Michael D. Sapraicone,3
Onondaga,15th Ward 8,U.S. Senate,,WOR,Kirsten E. Gillibrand,5
Onondaga,15th Ward 8,U.S. Senate,,LAR,Diane Sare,1
Onondaga,15th Ward 8,U.S. House,22,DEM,John W. Mannion,74
Onondaga,15th Ward 8,U.S. House,22,REP,Brandon M. Williams,11
Onondaga,15th Ward 8,U.S. House,22,CON,Brandon M. Williams,3
Onondaga,15th Ward 8,U.S. House,22,WOR,John W. Mannion,3
Onondaga,15th Ward 8,State Senate,48,DEM,Rachel May,69
Onondaga,15th Ward 8,State Senate,48,REP,Caleb C. Slater,17
Onondaga,15th Ward 8,State Senate,48,WOR,Rachel May,5
Onondaga,15th Ward 8,State Assembly,129,DEM,William B. Magnarelli,79
Onondaga,16th Ward 1,President,,DEM,Kamala D. Harris,372
Onondaga,16th Ward 1,President,,REP,Donald J. Trump,52
Onondaga,16th Ward 1,President,,CON,Donald J. Trump,4
Onondaga,16th Ward 1,President,,WOR,Kamala D. Harris,10
Onondaga,16th Ward 1,President,,,Write-in,2
Onondaga,16th Ward 1,U.S. Senate,,DEM,Kirsten E. Gillibrand,333
Onondaga,16th Ward 1,U.S. Senate,,REP,Michael D. Sapraicone,47
Onondaga,16th Ward 1,U.S. Senate,,CON,Michael D. Sapraicone,7
Onondaga,16th Ward 1,U.S. Senate,,WOR,Kirsten E. Gillibrand,20
Onondaga,16th Ward 1,U.S. Senate,,,Write-in,1
Onondaga,16th Ward 1,U.S. House,22,DEM,John W. Mannion,331
Onondaga,16th Ward 1,U.S. House,22,REP,Brandon M. Williams,48
Onondaga,16th Ward 1,U.S. House,22,CON,Brandon M. Williams,7
Onondaga,16th Ward 1,U.S. House,22,WOR,John W. Mannion,21
Onondaga,16th Ward 1,U.S. House,22,,Write-in,1
Onondaga,16th Ward 1,State Senate,48,DEM,Rachel May,331
Onondaga,16th Ward 1,State Senate,48,REP,Caleb C. Slater,47
Onondaga,16th Ward 1,State Senate,48,WOR,Rachel May,18
Onondaga,16th Ward 1,State Senate,48,,Write-in,2
Onondaga,16th Ward 1,State Assembly,129,DEM,William B. Magnarelli,358
Onondaga,16th Ward 1,State Assembly,129,,Write-in,4
Onondaga,16th Ward 2,President,,DEM,Kamala D. Harris,335
Onondaga,16th Ward 2,President,,REP,Donald J. Trump,22
Onondaga,16th Ward 2,President,,CON,Donald J. Trump,4
Onondaga,16th Ward 2,President,,WOR,Kamala D. Harris,47
Onondaga,16th Ward 2,President,,,Write-in,9
Onondaga,16th Ward 2,U.S. Senate,,DEM,Kirsten E. Gillibrand,324
Onondaga,16th Ward 2,U.S. Senate,,REP,Michael D. Sapraicone,19
Onondaga,16th Ward 2,U.S. Senate,,CON,Michael D. Sapraicone,5
Onondaga,16th Ward 2,U.S. Senate,,WOR,Kirsten E. Gillibrand,62
Onondaga,16th Ward 2,U.S. Senate,,LAR,Diane Sare,4
Onondaga,16th Ward 2,U.S. Senate,,,Write-in,1
Onondaga,16th Ward 2,U.S. House,22,DEM,John W. Mannion,327
Onondaga,16th Ward 2,U.S. House,22,REP,Brandon M. Williams,21
Onondaga,16th Ward 2,U.S. House,22,CON,Brandon M. Williams,4
Onondaga,16th Ward 2,U.S. House,22,WOR,John W. Mannion,64
Onondaga,16th Ward 2,U.S. House,22,,Write-in,1
Onondaga,16th Ward 2,State Senate,48,DEM,Rachel May,304
Onondaga,16th Ward 2,State Senate,48,REP,Caleb C. Slater,29
Onondaga,16th Ward 2,State Senate,48,WOR,Rachel May,70
Onondaga,16th Ward 2,State Senate,48,,Write-in,1
Onondaga,16th Ward 2,State Assembly,129,DEM,William B. Magnarelli,364
Onondaga,16th Ward 2,State Assembly,129,,Write-in,5
Onondaga,16th Ward 3,President,,DEM,Kamala D. Harris,310
Onondaga,16th Ward 3,President,,REP,Donald J. Trump,45
Onondaga,16th Ward 3,President,,CON,Donald J. Trump,9
Onondaga,16th Ward 3,President,,WOR,Kamala D. Harris,29
Onondaga,16th Ward 3,President,,,Write-in,10
Onondaga,16th Ward 3,U.S. Senate,,DEM,Kirsten E. Gillibrand,306
Onondaga,16th Ward 3,U.S. Senate,,REP,Michael D. Sapraicone,36
Onondaga,16th Ward 3,U.S. Senate,,CON,Michael D. Sapraicone,13
Onondaga,16th Ward 3,U.S. Senate,,WOR,Kirsten E. Gillibrand,31
Onondaga,16th Ward 3,U.S. Senate,,LAR,Diane Sare,2
Onondaga,16th Ward 3,U.S. House,22,DEM,John W. Mannion,304
Onondaga,16th Ward 3,U.S. House,22,REP,Brandon M. Williams,37
Onondaga,16th Ward 3,U.S. House,22,CON,Brandon M. Williams,11
Onondaga,16th Ward 3,U.S. House,22,WOR,John W. Mannion,38
Onondaga,16th Ward 3,State Senate,48,DEM,Rachel May,288
Onondaga,16th Ward 3,State Senate,48,REP,Caleb C. Slater,53
Onondaga,16th Ward 3,State Senate,48,WOR,Rachel May,36
Onondaga,16th Ward 3,State Assembly,129,DEM,William B. Magnarelli,340
Onondaga,16th Ward 3,State Assembly,129,,Write-in,4
Onondaga,16th Ward 4,President,,DEM,Kamala D. Harris,170
Onondaga,16th Ward 4,President,,REP,Donald J. Trump,17
Onondaga,16th Ward 4,President,,WOR,Kamala D. Harris,10
Onondaga,16th Ward 4,President,,,Write-in,4
Onondaga,16th Ward 4,U.S. Senate,,DEM,Kirsten E. Gillibrand,152
Onondaga,16th Ward 4,U.S. Senate,,REP,Michael D. Sapraicone,16
Onondaga,16th Ward 4,U.S. Senate,,CON,Michael D. Sapraicone,2
Onondaga,16th Ward 4,U.S. Senate,,WOR,Kirsten E. Gillibrand,19
Onondaga,16th Ward 4,U.S. Senate,,LAR,Diane Sare,2
Onondaga,16th Ward 4,U.S. House,22,DEM,John W. Mannion,156
Onondaga,16th Ward 4,U.S. House,22,REP,Brandon M. Williams,18
Onondaga,16th Ward 4,U.S. House,22,CON,Brandon M. Williams,1
Onondaga,16th Ward 4,U.S. House,22,WOR,John W. Mannion,14
Onondaga,16th Ward 4,State Senate,48,DEM,Rachel May,154
Onondaga,16th Ward 4,State Senate,48,REP,Caleb C. Slater,17
Onondaga,16th Ward 4,State Senate,48,WOR,Rachel May,15
Onondaga,16th Ward 4,State Assembly,129,DEM,William B. Magnarelli,172
Onondaga,16th Ward 4,State Assembly,129,,Write-in,1
Onondaga,16th Ward 5,President,,DEM,Kamala D. Harris,188
Onondaga,16th Ward 5,President,,REP,Donald J. Trump,29
Onondaga,16th Ward 5,President,,CON,Donald J. Trump,2
Onondaga,16th Ward 5,President,,WOR,Kamala D. Harris,5
Onondaga,16th Ward 5,President,,,Write-in,1
Onondaga,16th Ward 5,U.S. Senate,,DEM,Kirsten E. Gillibrand,171
Onondaga,16th Ward 5,U.S. Senate,,REP,Michael D. Sapraicone,30
Onondaga,16th Ward 5,U.S. Senate,,CON,Michael D. Sapraicone,1
Onondaga,16th Ward 5,U.S. Senate,,WOR,Kirsten E. Gillibrand,8
Onondaga,16th Ward 5,U.S. Senate,,LAR,Diane Sare,1
Onondaga,16th Ward 5,U.S. House,22,DEM,John W. Mannion,178
Onondaga,16th Ward 5,U.S. House,22,REP,Brandon M. Williams,24
Onondaga,16th Ward 5,U.S. House,22,WOR,John W. Mannion,7
Onondaga,16th Ward 5,U.S. House,22,,Write-in,1
Onondaga,16th Ward 5,State Senate,48,DEM,Rachel May,167
Onondaga,16th Ward 5,State Senate,48,REP,Caleb C. Slater,28
Onondaga,16th Ward 5,State Senate,48,WOR,Rachel May,9
Onondaga,16th Ward 5,State Senate,48,,Write-in,1
Onondaga,16th Ward 5,State Assembly,129,DEM,William B. Magnarelli,179
Onondaga,16th Ward 5,State Assembly,129,,Write-in,1
Onondaga,16th Ward 6,President,,DEM,Kamala D. Harris,107
Onondaga,16th Ward 6,President,,REP,Donald J. Trump,16
Onondaga,16th Ward 6,President,,CON,Donald J. Trump,1
Onondaga,16th Ward 6,President,,WOR,Kamala D. Harris,6
Onondaga,16th Ward 6,President,,,Write-in,1
Onondaga,16th Ward 6,U.S. Senate,,DEM,Kirsten E. Gillibrand,102
Onondaga,16th Ward 6,U.S. Senate,,REP,Michael D. Sapraicone,15
Onondaga,16th Ward 6,U.S. Senate,,WOR,Kirsten E. Gillibrand,8
Onondaga,16th Ward 6,U.S. Senate,,LAR,Diane Sare,1
Onondaga,16th Ward 6,U.S. House,22,DEM,John W. Mannion,100
Onondaga,16th Ward 6,U.S. House,22,REP,Brandon M. Williams,18
Onondaga,16th Ward 6,U.S. House,22,CON,Brandon M. Williams,1
Onondaga,16th Ward 6,U.S. House,22,WOR,John W. Mannion,8
Onondaga,16th Ward 6,State Senate,48,DEM,Rachel May,99
Onondaga,16th Ward 6,State Senate,48,REP,Caleb C. Slater,15
Onondaga,16th Ward 6,State Senate,48,WOR,Rachel May,9
Onondaga,16th Ward 6,State Assembly,128,DEM,Pamela Jo Hunter,96
Onondaga,16th Ward 6,State Assembly,128,REP,Daniel A. Ciciarelli,15
Onondaga,16th Ward 6,State Assembly,128,WOR,Pamela Jo Hunter,8
Onondaga,17th Ward 1,President,,DEM,Kamala D. Harris,17
Onondaga,17th Ward 1,President,,REP,Donald J. Trump,2
Onondaga,17th Ward 1,President,,CON,Donald J. Trump,1
Onondaga,17th Ward 1,President,,WOR,Kamala D. Harris,5
Onondaga,17th Ward 1,President,,,Write-in,1
Onondaga,17th Ward 1,U.S. Senate,,DEM,Kirsten E. Gillibrand,17
Onondaga,17th Ward 1,U.S. Senate,,REP,Michael D. Sapraicone,2
Onondaga,17th Ward 1,U.S. Senate,,CON,Michael D. Sapraicone,1
Onondaga,17th Ward 1,U.S. Senate,,WOR,Kirsten E. Gillibrand,4
Onondaga,17th Ward 1,U.S. House,22,DEM,John W. Mannion,15
Onondaga,17th Ward 1,U.S. House,22,REP,Brandon M. Williams,2
Onondaga,17th Ward 1,U.S. House,22,CON,Brandon M. Williams,1
Onondaga,17th Ward 1,U.S. House,22,WOR,John W. Mannion,6
Onondaga,17th Ward 1,State Senate,48,DEM,Rachel May,16
Onondaga,17th Ward 1,State Senate,48,REP,Caleb C. Slater,3
Onondaga,17th Ward 1,State Senate,48,WOR,Rachel May,5
Onondaga,17th Ward 1,State Assembly,129,DEM,William B. Magnarelli,22
Onondaga,17th Ward 2,President,,DEM,Kamala D. Harris,402
Onondaga,17th Ward 2,President,,REP,Donald J. Trump,54
Onondaga,17th Ward 2,President,,CON,Donald J. Trump,11
Onondaga,17th Ward 2,President,,WOR,Kamala D. Harris,68
Onondaga,17th Ward 2,President,,,Write-in,7
Onondaga,17th Ward 2,U.S. Senate,,DEM,Kirsten E. Gillibrand,382
Onondaga,17th Ward 2,U.S. Senate,,REP,Michael D. Sapraicone,54
Onondaga,17th Ward 2,U.S. Senate,,CON,Michael D. Sapraicone,12
Onondaga,17th Ward 2,U.S. Senate,,WOR,Kirsten E. Gillibrand,85
Onondaga,17th Ward 2,U.S. Senate,,LAR,Diane Sare,4
Onondaga,17th Ward 2,U.S. Senate,,,Write-in,1
Onondaga,17th Ward 2,U.S. House,22,DEM,John W. Mannion,394
Onondaga,17th Ward 2,U.S. House,22,REP,Brandon M. Williams,54
Onondaga,17th Ward 2,U.S. House,22,CON,Brandon M. Williams,11
Onondaga,17th Ward 2,U.S. House,22,WOR,John W. Mannion,84
Onondaga,17th Ward 2,State Senate,48,DEM,Rachel May,384
Onondaga,17th Ward 2,State Senate,48,REP,Caleb C. Slater,62
Onondaga,17th Ward 2,State Senate,48,WOR,Rachel May,84
Onondaga,17th Ward 2,State Assembly,128,DEM,Pamela Jo Hunter,379
Onondaga,17th Ward 2,State Assembly,128,REP,Daniel A. Ciciarelli,56
Onondaga,17th Ward 2,State Assembly,128,CON,Daniel A. Ciciarelli,14
Onondaga,17th Ward 2,State Assembly,128,WOR,Pamela Jo Hunter,82
Onondaga,17th Ward 3,President,,DEM,Kamala D. Harris,244
Onondaga,17th Ward 3,President,,REP,Donald J. Trump,26
Onondaga,17th Ward 3,President,,CON,Donald J. Trump,3
Onondaga,17th Ward 3,President,,WOR,Kamala D. Harris,58
Onondaga,17th Ward 3,President,,,Write-in,7
Onondaga,17th Ward 3,U.S. Senate,,DEM,Kirsten E. Gillibrand,240
Onondaga,17th Ward 3,U.S. Senate,,REP,Michael D. Sapraicone,24
Onondaga,17th Ward 3,U.S. Senate,,CON,Michael D. Sapraicone,7
Onondaga,17th Ward 3,U.S. Senate,,WOR,Kirsten E. Gillibrand,59
Onondaga,17th Ward 3,U.S. Senate,,LAR,Diane Sare,7
Onondaga,17th Ward 3,U.S. House,22,DEM,John W. Mannion,239
Onondaga,17th Ward 3,U.S. House,22,REP,Brandon M. Williams,28
Onondaga,17th Ward 3,U.S. House,22,CON,Brandon M. Williams,5
Onondaga,17th Ward 3,U.S. House,22,WOR,John W. Mannion,64
Onondaga,17th Ward 3,State Senate,48,DEM,Rachel May,229
Onondaga,17th Ward 3,State Senate,48,REP,Caleb C. Slater,35
Onondaga,17th Ward 3,State Senate,48,WOR,Rachel May,58
Onondaga,17th Ward 3,State Senate,48,,Write-in,1
Onondaga,17th Ward 3,State Assembly,128,DEM,Pamela Jo Hunter,231
Onondaga,17th Ward 3,State Assembly,128,REP,Daniel A. Ciciarelli,24
Onondaga,17th Ward 3,State Assembly,128,CON,Daniel A. Ciciarelli,6
Onondaga,17th Ward 3,State Assembly,128,WOR,Pamela Jo Hunter,59
Onondaga,17th Ward 4,President,,DEM,Kamala D. Harris,203
Onondaga,17th Ward 4,President,,REP,Donald J. Trump,19
Onondaga,17th Ward 4,President,,CON,Donald J. Trump,5
Onondaga,17th Ward 4,President,,WOR,Kamala D. Harris,31
Onondaga,17th Ward 4,President,,,Write-in,5
Onondaga,17th Ward 4,U.S. Senate,,DEM,Kirsten E. Gillibrand,197
Onondaga,17th Ward 4,U.S. Senate,,REP,Michael D. Sapraicone,17
Onondaga,17th Ward 4,U.S. Senate,,CON,Michael D. Sapraicone,4
Onondaga,17th Ward 4,U.S. Senate,,WOR,Kirsten E. Gillibrand,38
Onondaga,17th Ward 4,U.S. Senate,,LAR,Diane Sare,1
Onondaga,17th Ward 4,U.S. Senate,,,Write-in,3
Onondaga,17th Ward 4,U.S. House,22,DEM,John W. Mannion,200
Onondaga,17th Ward 4,U.S. House,22,REP,Brandon M. Williams,18
Onondaga,17th Ward 4,U.S. House,22,CON,Brandon M. Williams,3
Onondaga,17th Ward 4,U.S. House,22,WOR,John W. Mannion,44
Onondaga,17th Ward 4,State Senate,48,DEM,Rachel May,193
Onondaga,17th Ward 4,State Senate,48,REP,Caleb C. Slater,22
Onondaga,17th Ward 4,State Senate,48,WOR,Rachel May,39
Onondaga,17th Ward 4,State Senate,48,,Write-in,1
Onondaga,17th Ward 4,State Assembly,128,DEM,Pamela Jo Hunter,188
Onondaga,17th Ward 4,State Assembly,128,REP,Daniel A. Ciciarelli,14
Onondaga,17th Ward 4,State Assembly,128,CON,Daniel A. Ciciarelli,10
Onondaga,17th Ward 4,State Assembly,128,WOR,Pamela Jo Hunter,43
Onondaga,17th Ward 4,State Assembly,128,,Write-in,1
Onondaga,17th Ward 5,President,,DEM,Kamala D. Harris,118
Onondaga,17th Ward 5,President,,REP,Donald J. Trump,14
Onondaga,17th Ward 5,President,,CON,Donald J. Trump,4
Onondaga,17th Ward 5,President,,WOR,Kamala D. Harris,18
Onondaga,17th Ward 5,President,,,Write-in,3
Onondaga,17th Ward 5,U.S. Senate,,DEM,Kirsten E. Gillibrand,110
Onondaga,17th Ward 5,U.S. Senate,,REP,Michael D. Sapraicone,11
Onondaga,17th Ward 5,U.S. Senate,,CON,Michael D. Sapraicone,4
Onondaga,17th Ward 5,U.S. Senate,,WOR,Kirsten E. Gillibrand,28
Onondaga,17th Ward 5,U.S. Senate,,LAR,Diane Sare,3
Onondaga,17th Ward 5,U.S. House,22,DEM,John W. Mannion,111
Onondaga,17th Ward 5,U.S. House,22,REP,Brandon M. Williams,13
Onondaga,17th Ward 5,U.S. House,22,CON,Brandon M. Williams,4
Onondaga,17th Ward 5,U.S. House,22,WOR,John W. Mannion,29
Onondaga,17th Ward 5,State Senate,48,DEM,Rachel May,112
Onondaga,17th Ward 5,State Senate,48,REP,Caleb C. Slater,16
Onondaga,17th Ward 5,State Senate,48,WOR,Rachel May,30
Onondaga,17th Ward 5,State Assembly,128,DEM,Pamela Jo Hunter,112
Onondaga,17th Ward 5,State Assembly,128,REP,Daniel A. Ciciarelli,15
Onondaga,17th Ward 5,State Assembly,128,CON,Daniel A. Ciciarelli,2
Onondaga,17th Ward 5,State Assembly,128,WOR,Pamela Jo Hunter,28
Onondaga,17th Ward 6,President,,DEM,Kamala D. Harris,241
Onondaga,17th Ward 6,President,,REP,Donald J. Trump,46
Onondaga,17th Ward 6,President,,CON,Donald J. Trump,7
Onondaga,17th Ward 6,President,,WOR,Kamala D. Harris,14
Onondaga,17th Ward 6,President,,,Write-in,3
Onondaga,17th Ward 6,U.S. Senate,,DEM,Kirsten E. Gillibrand,229
Onondaga,17th Ward 6,U.S. Senate,,REP,Michael D. Sapraicone,32
Onondaga,17th Ward 6,U.S. Senate,,CON,Michael D. Sapraicone,7
Onondaga,17th Ward 6,U.S. Senate,,WOR,Kirsten E. Gillibrand,23
Onondaga,17th Ward 6,U.S. Senate,,LAR,Diane Sare,1
Onondaga,17th Ward 6,U.S. Senate,,,Write-in,1
Onondaga,17th Ward 6,U.S. House,22,DEM,John W. Mannion,231
Onondaga,17th Ward 6,U.S. House,22,REP,Brandon M. Williams,37
Onondaga,17th Ward 6,U.S. House,22,CON,Brandon M. Williams,6
Onondaga,17th Ward 6,U.S. House,22,WOR,John W. Mannion,21
Onondaga,17th Ward 6,State Senate,48,DEM,Rachel May,232
Onondaga,17th Ward 6,State Senate,48,REP,Caleb C. Slater,41
Onondaga,17th Ward 6,State Senate,48,WOR,Rachel May,22
Onondaga,17th Ward 6,State Assembly,128,DEM,Pamela Jo Hunter,228
Onondaga,17th Ward 6,State Assembly,128,REP,Daniel A. Ciciarelli,40
Onondaga,17th Ward 6,State Assembly,128,CON,Daniel A. Ciciarelli,7
Onondaga,17th Ward 6,State Assembly,128,WOR,Pamela Jo Hunter,18
Onondaga,17th Ward 7,President,,DEM,Kamala D. Harris,281
Onondaga,17th Ward 7,President,,REP,Donald J. Trump,37
Onondaga,17th Ward 7,President,,CON,Donald J. Trump,9
Onondaga,17th Ward 7,President,,WOR,Kamala D. Harris,32
Onondaga,17th Ward 7,President,,,Write-in,6
Onondaga,17th Ward 7,U.S. Senate,,DEM,Kirsten E. Gillibrand,276
Onondaga,17th Ward 7,U.S. Senate,,REP,Michael D. Sapraicone,37
Onondaga,17th Ward 7,U.S. Senate,,CON,Michael D. Sapraicone,9
Onondaga,17th Ward 7,U.S. Senate,,WOR,Kirsten E. Gillibrand,36
Onondaga,17th Ward 7,U.S. Senate,,LAR,Diane Sare,2
Onondaga,17th Ward 7,U.S. Senate,,,Write-in,2
Onondaga,17th Ward 7,U.S. House,22,DEM,John W. Mannion,282
Onondaga,17th Ward 7,U.S. House,22,REP,Brandon M. Williams,30
Onondaga,17th Ward 7,U.S. House,22,CON,Brandon M. Williams,11
Onondaga,17th Ward 7,U.S. House,22,WOR,John W. Mannion,39
Onondaga,17th Ward 7,U.S. House,22,,Write-in,2
Onondaga,17th Ward 7,State Senate,48,DEM,Rachel May,266
Onondaga,17th Ward 7,State Senate,48,REP,Caleb C. Slater,47
Onondaga,17th Ward 7,State Senate,48,WOR,Rachel May,40
Onondaga,17th Ward 7,State Senate,48,,Write-in,1
Onondaga,17th Ward 7,State Assembly,128,DEM,Pamela Jo Hunter,270
Onondaga,17th Ward 7,State Assembly,128,REP,Daniel A. Ciciarelli,31
Onondaga,17th Ward 7,State Assembly,128,CON,Daniel A. Ciciarelli,11
Onondaga,17th Ward 7,State Assembly,128,WOR,Pamela Jo Hunter,41
Onondaga,17th Ward 7,State Assembly,128,,Write-in,1
Onondaga,17th Ward 8,President,,DEM,Kamala D. Harris,220
Onondaga,17th Ward 8,President,,REP,Donald J. Trump,31
Onondaga,17th Ward 8,President,,CON,Donald J. Trump,10
Onondaga,17th Ward 8,President,,WOR,Kamala D. Harris,17
Onondaga,17th Ward 8,President,,,Write-in,4
Onondaga,17th Ward 8,U.S. Senate,,DEM,Kirsten E. Gillibrand,210
Onondaga,17th Ward 8,U.S. Senate,,REP,Michael D. Sapraicone,30
Onondaga,17th Ward 8,U.S. Senate,,CON,Michael D. Sapraicone,11
Onondaga,17th Ward 8,U.S. Senate,,WOR,Kirsten E. Gillibrand,23
Onondaga,17th Ward 8,U.S. Senate,,LAR,Diane Sare,2
Onondaga,17th Ward 8,U.S. House,22,DEM,John W. Mannion,205
Onondaga,17th Ward 8,U.S. House,22,REP,Brandon M. Williams,29
Onondaga,17th Ward 8,U.S. House,22,CON,Brandon M. Williams,13
Onondaga,17th Ward 8,U.S. House,22,WOR,John W. Mannion,27
Onondaga,17th Ward 8,State Senate,48,DEM,Rachel May,209
Onondaga,17th Ward 8,State Senate,48,REP,Caleb C. Slater,40
Onondaga,17th Ward 8,State Senate,48,WOR,Rachel May,25
Onondaga,17th Ward 8,State Assembly,128,DEM,Pamela Jo Hunter,213
Onondaga,17th Ward 8,State Assembly,128,REP,Daniel A. Ciciarelli,31
Onondaga,17th Ward 8,State Assembly,128,CON,Daniel A. Ciciarelli,9
Onondaga,17th Ward 8,State Assembly,128,WOR,Pamela Jo Hunter,25
Onondaga,17th Ward 9,President,,DEM,Kamala D. Harris,388
Onondaga,17th Ward 9,President,,REP,Donald J. Trump,46
Onondaga,17th Ward 9,President,,CON,Donald J. Trump,4
Onondaga,17th Ward 9,President,,WOR,Kamala D. Harris,35
Onondaga,17th Ward 9,President,,,Write-in,3
Onondaga,17th Ward 9,U.S. Senate,,DEM,Kirsten E. Gillibrand,377
Onondaga,17th Ward 9,U.S. Senate,,REP,Michael D. Sapraicone,47
Onondaga,17th Ward 9,U.S. Senate,,CON,Michael D. Sapraicone,7
Onondaga,17th Ward 9,U.S. Senate,,WOR,Kirsten E. Gillibrand,44
Onondaga,17th Ward 9,U.S. Senate,,LAR,Diane Sare,1
Onondaga,17th Ward 9,U.S. Senate,,,Write-in,1
Onondaga,17th Ward 9,U.S. House,22,DEM,John W. Mannion,382
Onondaga,17th Ward 9,U.S. House,22,REP,Brandon M. Williams,41
Onondaga,17th Ward 9,U.S. House,22,CON,Brandon M. Williams,5
Onondaga,17th Ward 9,U.S. House,22,WOR,John W. Mannion,50
Onondaga,17th Ward 9,State Senate,48,DEM,Rachel May,361
Onondaga,17th Ward 9,State Senate,48,REP,Caleb C. Slater,56
Onondaga,17th Ward 9,State Senate,48,WOR,Rachel May,53
Onondaga,17th Ward 9,State Senate,48,,Write-in,1
Onondaga,17th Ward 9,State Assembly,128,DEM,Pamela Jo Hunter,357
Onondaga,17th Ward 9,State Assembly,128,REP,Daniel A. Ciciarelli,54
Onondaga,17th Ward 9,State Assembly,128,CON,Daniel A. Ciciarelli,8
Onondaga,17th Ward 9,State Assembly,128,WOR,Pamela Jo Hunter,49
Onondaga,17th Ward 10,President,,DEM,Kamala D. Harris,359
Onondaga,17th Ward 10,President,,REP,Donald J. Trump,57
Onondaga,17th Ward 10,President,,CON,Donald J. Trump,2
Onondaga,17th Ward 10,President,,WOR,Kamala D. Harris,11
Onondaga,17th Ward 10,President,,,Write-in,4
Onondaga,17th Ward 10,U.S. Senate,,DEM,Kirsten E. Gillibrand,346
Onondaga,17th Ward 10,U.S. Senate,,REP,Michael D. Sapraicone,40
Onondaga,17th Ward 10,U.S. Senate,,CON,Michael D. Sapraicone,3
Onondaga,17th Ward 10,U.S. Senate,,WOR,Kirsten E. Gillibrand,24
Onondaga,17th Ward 10,U.S. House,22,DEM,John W. Mannion,343
Onondaga,17th Ward 10,U.S. House,22,REP,Brandon M. Williams,47
Onondaga,17th Ward 10,U.S. House,22,CON,Brandon M. Williams,3
Onondaga,17th Ward 10,U.S. House,22,WOR,John W. Mannion,25
Onondaga,17th Ward 10,State Senate,48,DEM,Rachel May,352
Onondaga,17th Ward 10,State Senate,48,REP,Caleb C. Slater,38
Onondaga,17th Ward 10,State Senate,48,WOR,Rachel May,25
Onondaga,17th Ward 10,State Assembly,128,DEM,Pamela Jo Hunter,352
Onondaga,17th Ward 10,State Assembly,128,REP,Daniel A. Ciciarelli,42
Onondaga,17th Ward 10,State Assembly,128,CON,Daniel A. Ciciarelli,4
Onondaga,17th Ward 10,State Assembly,128,WOR,Pamela Jo Hunter,19
Onondaga,17th Ward 11,President,,DEM,Kamala D. Harris,357
Onondaga,17th Ward 11,President,,REP,Donald J. Trump,36
Onondaga,17th Ward 11,President,,CON,Donald J. Trump,3
Onondaga,17th Ward 11,President,,WOR,Kamala D. Harris,20
Onondaga,17th Ward 11,President,,,Write-in,5
Onondaga,17th Ward 11,U.S. Senate,,DEM,Kirsten E. Gillibrand,341
Onondaga,17th Ward 11,U.S. Senate,,REP,Michael D. Sapraicone,26
Onondaga,17th Ward 11,U.S. Senate,,CON,Michael D. Sapraicone,5
Onondaga,17th Ward 11,U.S. Senate,,WOR,Kirsten E. Gillibrand,29
Onondaga,17th Ward 11,U.S. Senate,,LAR,Diane Sare,3
Onondaga,17th Ward 11,U.S. Senate,,,Write-in,1
Onondaga,17th Ward 11,U.S. House,22,DEM,John W. Mannion,336
Onondaga,17th Ward 11,U.S. House,22,REP,Brandon M. Williams,32
Onondaga,17th Ward 11,U.S. House,22,CON,Brandon M. Williams,5
Onondaga,17th Ward 11,U.S. House,22,WOR,John W. Mannion,29
Onondaga,17th Ward 11,U.S. House,22,,Write-in,1
Onondaga,17th Ward 11,State Senate,48,DEM,Rachel May,337
Onondaga,17th Ward 11,State Senate,48,REP,Caleb C. Slater,28
Onondaga,17th Ward 11,State Senate,48,WOR,Rachel May,34
Onondaga,17th Ward 11,State Assembly,128,DEM,Pamela Jo Hunter,332
Onondaga,17th Ward 11,State Assembly,128,REP,Daniel A. Ciciarelli,25
Onondaga,17th Ward 11,State Assembly,128,CON,Daniel A. Ciciarelli,4
Onondaga,17th Ward 11,State Assembly,128,WOR,Pamela Jo Hunter,38
Onondaga,17th Ward 11,State Assembly,128,,Write-in,1
Onondaga,17th Ward 12,President,,DEM,Kamala D. Harris,337
Onondaga,17th Ward 12,President,,REP,Donald J. Trump,45
Onondaga,17th Ward 12,President,,CON,Donald J. Trump,7
Onondaga,17th Ward 12,President,,WOR,Kamala D. Harris,36
Onondaga,17th Ward 12,President,,,Write-in,9
Onondaga,17th Ward 12,U.S. Senate,,DEM,Kirsten E. Gillibrand,337
Onondaga,17th Ward 12,U.S. Senate,,REP,Michael D. Sapraicone,43
Onondaga,17th Ward 12,U.S. Senate,,CON,Michael D. Sapraicone,9
Onondaga,17th Ward 12,U.S. Senate,,WOR,Kirsten E. Gillibrand,48
Onondaga,17th Ward 12,U.S. Senate,,LAR,Diane Sare,6
Onondaga,17th Ward 12,U.S. House,22,DEM,John W. Mannion,326
Onondaga,17th Ward 12,U.S. House,22,REP,Brandon M. Williams,52
Onondaga,17th Ward 12,U.S. House,22,CON,Brandon M. Williams,10
Onondaga,17th Ward 12,U.S. House,22,WOR,John W. Mannion,51
Onondaga,17th Ward 12,U.S. House,22,,Write-in,1
Onondaga,17th Ward 12,State Senate,48,DEM,Rachel May,330
Onondaga,17th Ward 12,State Senate,48,REP,Caleb C. Slater,59
Onondaga,17th Ward 12,State Senate,48,WOR,Rachel May,54
Onondaga,17th Ward 12,State Assembly,128,DEM,Pamela Jo Hunter,316
Onondaga,17th Ward 12,State Assembly,128,REP,Daniel A. Ciciarelli,56
Onondaga,17th Ward 12,State Assembly,128,CON,Daniel A. Ciciarelli,11
Onondaga,17th Ward 12,State Assembly,128,WOR,Pamela Jo Hunter,55
Onondaga,17th Ward 13,President,,DEM,Kamala D. Harris,365
Onondaga,17th Ward 13,President,,REP,Donald J. Trump,82
Onondaga,17th Ward 13,President,,CON,Donald J. Trump,9
Onondaga,17th Ward 13,President,,WOR,Kamala D. Harris,33
Onondaga,17th Ward 13,President,,,Write-in,2
Onondaga,17th Ward 13,U.S. Senate,,DEM,Kirsten E. Gillibrand,354
Onondaga,17th Ward 13,U.S. Senate,,REP,Michael D. Sapraicone,73
Onondaga,17th Ward 13,U.S. Senate,,CON,Michael D. Sapraicone,14
Onondaga,17th Ward 13,U.S. Senate,,WOR,Kirsten E. Gillibrand,41
Onondaga,17th Ward 13,U.S. Senate,,LAR,Diane Sare,2
Onondaga,17th Ward 13,U.S. House,22,DEM,John W. Mannion,354
Onondaga,17th Ward 13,U.S. House,22,REP,Brandon M. Williams,81
Onondaga,17th Ward 13,U.S. House,22,CON,Brandon M. Williams,13
Onondaga,17th Ward 13,U.S. House,22,WOR,John W. Mannion,36
Onondaga,17th Ward 13,State Senate,48,DEM,Rachel May,347
Onondaga,17th Ward 13,State Senate,48,REP,Caleb C. Slater,90
Onondaga,17th Ward 13,State Senate,48,WOR,Rachel May,35
Onondaga,17th Ward 13,State Assembly,128,DEM,Pamela Jo Hunter,338
Onondaga,17th Ward 13,State Assembly,128,REP,Daniel A. Ciciarelli,82
Onondaga,17th Ward 13,State Assembly,128,CON,Daniel A. Ciciarelli,15
Onondaga,17th Ward 13,State Assembly,128,WOR,Pamela Jo Hunter,37
Onondaga,17th Ward 14,President,,DEM,Kamala D. Harris,349
Onondaga,17th Ward 14,President,,REP,Donald J. Trump,44
Onondaga,17th Ward 14,President,,CON,Donald J. Trump,13
Onondaga,17th Ward 14,President,,WOR,Kamala D. Harris,23
Onondaga,17th Ward 14,President,,,Write-in,3
Onondaga,17th Ward 14,U.S. Senate,,DEM,Kirsten E. Gillibrand,338
Onondaga,17th Ward 14,U.S. Senate,,REP,Michael D. Sapraicone,39
Onondaga,17th Ward 14,U.S. Senate,,CON,Michael D. Sapraicone,13
Onondaga,17th Ward 14,U.S. Senate,,WOR,Kirsten E. Gillibrand,27
Onondaga,17th Ward 14,U.S. Senate,,LAR,Diane Sare,3
Onondaga,17th Ward 14,U.S. House,22,DEM,John W. Mannion,340
Onondaga,17th Ward 14,U.S. House,22,REP,Brandon M. Williams,43
Onondaga,17th Ward 14,U.S. House,22,CON,Brandon M. Williams,14
Onondaga,17th Ward 14,U.S. House,22,WOR,John W. Mannion,32
Onondaga,17th Ward 14,State Senate,48,DEM,Rachel May,340
Onondaga,17th Ward 14,State Senate,48,REP,Caleb C. Slater,48
Onondaga,17th Ward 14,State Senate,48,WOR,Rachel May,31
Onondaga,17th Ward 14,State Assembly,128,DEM,Pamela Jo Hunter,336
Onondaga,17th Ward 14,State Assembly,128,REP,Daniel A. Ciciarelli,43
Onondaga,17th Ward 14,State Assembly,128,CON,Daniel A. Ciciarelli,15
Onondaga,17th Ward 14,State Assembly,128,WOR,Pamela Jo Hunter,30
Onondaga,17th Ward 15,President,,DEM,Kamala D. Harris,434
Onondaga,17th Ward 15,President,,REP,Donald J. Trump,85
Onondaga,17th Ward 15,President,,CON,Donald J. Trump,13
Onondaga,17th Ward 15,President,,WOR,Kamala D. Harris,50
Onondaga,17th Ward 15,President,,,Write-in,4
Onondaga,17th Ward 15,U.S. Senate,,DEM,Kirsten E. Gillibrand,415
Onondaga,17th Ward 15,U.S. Senate,,REP,Michael D. Sapraicone,86
Onondaga,17th Ward 15,U.S. Senate,,CON,Michael D. Sapraicone,13
Onondaga,17th Ward 15,U.S. Senate,,WOR,Kirsten E. Gillibrand,66
Onondaga,17th Ward 15,U.S. Senate,,LAR,Diane Sare,2
Onondaga,17th Ward 15,U.S. House,22,DEM,John W. Mannion,418
Onondaga,17th Ward 15,U.S. House,22,REP,Brandon M. Williams,91
Onondaga,17th Ward 15,U.S. House,22,CON,Brandon M. Williams,13
Onondaga,17th Ward 15,U.S. House,22,WOR,John W. Mannion,69
Onondaga,17th Ward 15,State Senate,48,DEM,Rachel May,406
Onondaga,17th Ward 15,State Senate,48,REP,Caleb C. Slater,94
Onondaga,17th Ward 15,State Senate,48,WOR,Rachel May,69
Onondaga,17th Ward 15,State Senate,48,,Write-in,2
Onondaga,17th Ward 15,State Assembly,128,DEM,Pamela Jo Hunter,402
Onondaga,17th Ward 15,State Assembly,128,REP,Daniel A. Ciciarelli,95
Onondaga,17th Ward 15,State Assembly,128,CON,Daniel A. Ciciarelli,13
Onondaga,17th Ward 15,State Assembly,128,WOR,Pamela Jo Hunter,64
Onondaga,17th Ward 15,State Assembly,128,,Write-in,1
Onondaga,17th Ward 16,President,,DEM,Kamala D. Harris,324
Onondaga,17th Ward 16,President,,REP,Donald J. Trump,66
Onondaga,17th Ward 16,President,,CON,Donald J. Trump,10
Onondaga,17th Ward 16,President,,WOR,Kamala D. Harris,17
Onondaga,17th Ward 16,President,,,Write-in,4
Onondaga,17th Ward 16,U.S. Senate,,DEM,Kirsten E. Gillibrand,315
Onondaga,17th Ward 16,U.S. Senate,,REP,Michael D. Sapraicone,57
Onondaga,17th Ward 16,U.S. Senate,,CON,Michael D. Sapraicone,11
Onondaga,17th Ward 16,U.S. Senate,,WOR,Kirsten E. Gillibrand,22
Onondaga,17th Ward 16,U.S. Senate,,LAR,Diane Sare,3
Onondaga,17th Ward 16,U.S. Senate,,,Write-in,1
Onondaga,17th Ward 16,U.S. House,22,DEM,John W. Mannion,310
Onondaga,17th Ward 16,U.S. House,22,REP,Brandon M. Williams,63
Onondaga,17th Ward 16,U.S. House,22,CON,Brandon M. Williams,14
Onondaga,17th Ward 16,U.S. House,22,WOR,John W. Mannion,22
Onondaga,17th Ward 16,U.S. House,22,,Write-in,1
Onondaga,17th Ward 16,State Senate,48,DEM,Rachel May,303
Onondaga,17th Ward 16,State Senate,48,REP,Caleb C. Slater,69
Onondaga,17th Ward 16,State Senate,48,WOR,Rachel May,25
Onondaga,17th Ward 16,State Senate,48,,Write-in,2
Onondaga,17th Ward 16,State Assembly,128,DEM,Pamela Jo Hunter,313
Onondaga,17th Ward 16,State Assembly,128,REP,Daniel A. Ciciarelli,58
Onondaga,17th Ward 16,State Assembly,128,CON,Daniel A. Ciciarelli,11
Onondaga,17th Ward 16,State Assembly,128,WOR,Pamela Jo Hunter,27
Onondaga,17th Ward 17,President,,DEM,Kamala D. Harris,153
Onondaga,17th Ward 17,President,,REP,Donald J. Trump,25
Onondaga,17th Ward 17,President,,CON,Donald J. Trump,4
Onondaga,17th Ward 17,President,,WOR,Kamala D. Harris,10
Onondaga,17th Ward 17,President,,,Write-in,1
Onondaga,17th Ward 17,U.S. Senate,,DEM,Kirsten E. Gillibrand,140
Onondaga,17th Ward 17,U.S. Senate,,REP,Michael D. Sapraicone,28
Onondaga,17th Ward 17,U.S. Senate,,CON,Michael D. Sapraicone,4
Onondaga,17th Ward 17,U.S. Senate,,WOR,Kirsten E. Gillibrand,13
Onondaga,17th Ward 17,U.S. Senate,,LAR,Diane Sare,1
Onondaga,17th Ward 17,U.S. House,22,DEM,John W. Mannion,138
Onondaga,17th Ward 17,U.S. House,22,REP,Brandon M. Williams,31
Onondaga,17th Ward 17,U.S. House,22,CON,Brandon M. Williams,4
Onondaga,17th Ward 17,U.S. House,22,WOR,John W. Mannion,15
Onondaga,17th Ward 17,State Senate,48,DEM,Rachel May,138
Onondaga,17th Ward 17,State Senate,48,REP,Caleb C. Slater,35
Onondaga,17th Ward 17,State Senate,48,WOR,Rachel May,12
Onondaga,17th Ward 17,State Assembly,128,DEM,Pamela Jo Hunter,137
Onondaga,17th Ward 17,State Assembly,128,REP,Daniel A. Ciciarelli,32
Onondaga,17th Ward 17,State Assembly,128,CON,Daniel A. Ciciarelli,6
Onondaga,17th Ward 17,State Assembly,128,WOR,Pamela Jo Hunter,12
Onondaga,17th Ward 18,President,,DEM,Kamala D. Harris,51
Onondaga,17th Ward 18,President,,REP,Donald J. Trump,7
Onondaga,17th Ward 18,President,,CON,Donald J. Trump,1
Onondaga,17th Ward 18,President,,WOR,Kamala D. Harris,3
Onondaga,17th Ward 18,President,,,Write-in,4
Onondaga,17th Ward 18,U.S. Senate,,DEM,Kirsten E. Gillibrand,49
Onondaga,17th Ward 18,U.S. Senate,,REP,Michael D. Sapraicone,4
Onondaga,17th Ward 18,U.S. Senate,,CON,Michael D. Sapraicone,1
Onondaga,17th Ward 18,U.S. Senate,,WOR,Kirsten E. Gillibrand,7
Onondaga,17th Ward 18,U.S. House,22,DEM,John W. Mannion,55
Onondaga,17th Ward 18,U.S. House,22,REP,Brandon M. Williams,5
Onondaga,17th Ward 18,U.S. House,22,CON,Brandon M. Williams,2
Onondaga,17th Ward 18,U.S. House,22,WOR,John W. Mannion,5
Onondaga,17th Ward 18,State Senate,48,DEM,Rachel May,48
Onondaga,17th Ward 18,State Senate,48,REP,Caleb C. Slater,10
Onondaga,17th Ward 18,State Senate,48,WOR,Rachel May,7
Onondaga,17th Ward 18,State Assembly,128,DEM,Pamela Jo Hunter,51
Onondaga,17th Ward 18,State Assembly,128,REP,Daniel A. Ciciarelli,5
Onondaga,17th Ward 18,State Assembly,128,CON,Daniel A. Ciciarelli,1
Onondaga,17th Ward 18,State Assembly,128,WOR,Pamela Jo Hunter,8
Onondaga,17th Ward 19,President,,DEM,Kamala D. Harris,83
Onondaga,17th Ward 19,President,,REP,Donald J. Trump,5
Onondaga,17th Ward 19,President,,CON,Donald J. Trump,1
Onondaga,17th Ward 19,President,,WOR,Kamala D. Harris,20
Onondaga,17th Ward 19,President,,,Write-in,5
Onondaga,17th Ward 19,U.S. Senate,,DEM,Kirsten E. Gillibrand,83
Onondaga,17th Ward 19,U.S. Senate,,REP,Michael D. Sapraicone,5
Onondaga,17th Ward 19,U.S. Senate,,CON,Michael D. Sapraicone,2
Onondaga,17th Ward 19,U.S. Senate,,WOR,Kirsten E. Gillibrand,23
Onondaga,17th Ward 19,U.S. Senate,,LAR,Diane Sare,1
Onondaga,17th Ward 19,U.S. Senate,,,Write-in,1
Onondaga,17th Ward 19,U.S. House,22,DEM,John W. Mannion,86
Onondaga,17th Ward 19,U.S. House,22,REP,Brandon M. Williams,5
Onondaga,17th Ward 19,U.S. House,22,CON,Brandon M. Williams,2
Onondaga,17th Ward 19,U.S. House,22,WOR,John W. Mannion,22
Onondaga,17th Ward 19,U.S. House,22,,Write-in,1
Onondaga,17th Ward 19,State Senate,48,DEM,Rachel May,79
Onondaga,17th Ward 19,State Senate,48,REP,Caleb C. Slater,8
Onondaga,17th Ward 19,State Senate,48,WOR,Rachel May,25
Onondaga,17th Ward 19,State Assembly,129,DEM,William B. Magnarelli,102
Onondaga,17th Ward 20,President,,DEM,Kamala D. Harris,115
Onondaga,17th Ward 20,President,,REP,Donald J. Trump,12
Onondaga,17th Ward 20,President,,WOR,Kamala D. Harris,14
Onondaga,17th Ward 20,President,,,Write-in,6
Onondaga,17th Ward 20,U.S. Senate,,DEM,Kirsten E. Gillibrand,110
Onondaga,17th Ward 20,U.S. Senate,,REP,Michael D. Sapraicone,15
Onondaga,17th Ward 20,U.S. Senate,,CON,Michael D. Sapraicone,2
Onondaga,17th Ward 20,U.S. Senate,,WOR,Kirsten E. Gillibrand,17
Onondaga,17th Ward 20,U.S. Senate,,LAR,Diane Sare,2
Onondaga,17th Ward 20,U.S. Senate,,,Write-in,2
Onondaga,17th Ward 20,U.S. House,22,DEM,John W. Mannion,111
Onondaga,17th Ward 20,U.S. House,22,REP,Brandon M. Williams,16
Onondaga,17th Ward 20,U.S. House,22,CON,Brandon M. Williams,2
Onondaga,17th Ward 20,U.S. House,22,WOR,John W. Mannion,21
Onondaga,17th Ward 20,U.S. House,22,,Write-in,1
Onondaga,17th Ward 20,State Senate,48,DEM,Rachel May,100
Onondaga,17th Ward 20,State Senate,48,REP,Caleb C. Slater,20
Onondaga,17th Ward 20,State Senate,48,WOR,Rachel May,22
Onondaga,17th Ward 20,State Senate,48,,Write-in,2
Onondaga,17th Ward 20,State Assembly,129,DEM,William B. Magnarelli,119
Onondaga,17th Ward 20,State Assembly,129,,Write-in,5
Onondaga,18th Ward 1,President,,DEM,Kamala D. Harris,224
Onondaga,18th Ward 1,President,,REP,Donald J. Trump,36
Onondaga,18th Ward 1,President,,CON,Donald J. Trump,3
Onondaga,18th Ward 1,President,,WOR,Kamala D. Harris,14
Onondaga,18th Ward 1,President,,,Write-in,3
Onondaga,18th Ward 1,U.S. Senate,,DEM,Kirsten E. Gillibrand,199
Onondaga,18th Ward 1,U.S. Senate,,REP,Michael D. Sapraicone,25
Onondaga,18th Ward 1,U.S. Senate,,CON,Michael D. Sapraicone,6
Onondaga,18th Ward 1,U.S. Senate,,WOR,Kirsten E. Gillibrand,16
Onondaga,18th Ward 1,U.S. Senate,,LAR,Diane Sare,5
Onondaga,18th Ward 1,U.S. Senate,,,Write-in,1
Onondaga,18th Ward 1,U.S. House,22,DEM,John W. Mannion,215
Onondaga,18th Ward 1,U.S. House,22,REP,Brandon M. Williams,24
Onondaga,18th Ward 1,U.S. House,22,CON,Brandon M. Williams,7
Onondaga,18th Ward 1,U.S. House,22,WOR,John W. Mannion,13
Onondaga,18th Ward 1,U.S. House,22,,Write-in,1
Onondaga,18th Ward 1,State Senate,48,DEM,Rachel May,217
Onondaga,18th Ward 1,State Senate,48,REP,Caleb C. Slater,24
Onondaga,18th Ward 1,State Senate,48,WOR,Rachel May,12
Onondaga,18th Ward 1,State Senate,48,,Write-in,1
Onondaga,18th Ward 1,State Assembly,128,DEM,Pamela Jo Hunter,216
Onondaga,18th Ward 1,State Assembly,128,REP,Daniel A. Ciciarelli,22
Onondaga,18th Ward 1,State Assembly,128,CON,Daniel A. Ciciarelli,5
Onondaga,18th Ward 1,State Assembly,128,WOR,Pamela Jo Hunter,15
Onondaga,18th Ward 1,State Assembly,128,,Write-in,1
Onondaga,18th Ward 2,President,,DEM,Kamala D. Harris,294
Onondaga,18th Ward 2,President,,REP,Donald J. Trump,34
Onondaga,18th Ward 2,President,,CON,Donald J. Trump,4
Onondaga,18th Ward 2,President,,WOR,Kamala D. Harris,11
Onondaga,18th Ward 2,President,,,Write-in,2
Onondaga,18th Ward 2,U.S. Senate,,DEM,Kirsten E. Gillibrand,290
Onondaga,18th Ward 2,U.S. Senate,,REP,Michael D. Sapraicone,24
Onondaga,18th Ward 2,U.S. Senate,,CON,Michael D. Sapraicone,3
Onondaga,18th Ward 2,U.S. Senate,,WOR,Kirsten E. Gillibrand,12
Onondaga,18th Ward 2,U.S. House,22,DEM,John W. Mannion,284
Onondaga,18th Ward 2,U.S. House,22,REP,Brandon M. Williams,25
Onondaga,18th Ward 2,U.S. House,22,CON,Brandon M. Williams,5
Onondaga,18th Ward 2,U.S. House,22,WOR,John W. Mannion,18
Onondaga,18th Ward 2,State Senate,48,DEM,Rachel May,288
Onondaga,18th Ward 2,State Senate,48,REP,Caleb C. Slater,24
Onondaga,18th Ward 2,State Senate,48,WOR,Rachel May,23
Onondaga,18th Ward 2,State Assembly,128,DEM,Pamela Jo Hunter,283
Onondaga,18th Ward 2,State Assembly,128,REP,Daniel A. Ciciarelli,28
Onondaga,18th Ward 2,State Assembly,128,CON,Daniel A. Ciciarelli,2
Onondaga,18th Ward 2,State Assembly,128,WOR,Pamela Jo Hunter,18
Onondaga,19th Ward 1,President,,DEM,Kamala D. Harris,233
Onondaga,19th Ward 1,President,,REP,Donald J. Trump,16
Onondaga,19th Ward 1,President,,CON,Donald J. Trump,2
Onondaga,19th Ward 1,President,,WOR,Kamala D. Harris,4
Onondaga,19th Ward 1,President,,,Write-in,2
Onondaga,19th Ward 1,U.S. Senate,,DEM,Kirsten E. Gillibrand,213
Onondaga,19th Ward 1,U.S. Senate,,REP,Michael D. Sapraicone,14
Onondaga,19th Ward 1,U.S. Senate,,CON,Michael D. Sapraicone,1
Onondaga,19th Ward 1,U.S. Senate,,WOR,Kirsten E. Gillibrand,12
Onondaga,19th Ward 1,U.S. Senate,,LAR,Diane Sare,4
Onondaga,19th Ward 1,U.S. House,22,DEM,John W. Mannion,220
Onondaga,19th Ward 1,U.S. House,22,REP,Brandon M. Williams,18
Onondaga,19th Ward 1,U.S. House,22,CON,Brandon M. Williams,4
Onondaga,19th Ward 1,U.S. House,22,WOR,John W. Mannion,11
Onondaga,19th Ward 1,State Senate,48,DEM,Rachel May,222
Onondaga,19th Ward 1,State Senate,48,REP,Caleb C. Slater,15
Onondaga,19th Ward 1,State Senate,48,WOR,Rachel May,9
Onondaga,19th Ward 1,State Assembly,128,DEM,Pamela Jo Hunter,217
Onondaga,19th Ward 1,State Assembly,128,REP,Daniel A. Ciciarelli,16
Onondaga,19th Ward 1,State Assembly,128,CON,Daniel A. Ciciarelli,3
Onondaga,19th Ward 1,State Assembly,128,WOR,Pamela Jo Hunter,9
Onondaga,19th Ward 2,President,,DEM,Kamala D. Harris,362
Onondaga,19th Ward 2,President,,REP,Donald J. Trump,32
Onondaga,19th Ward 2,President,,CON,Donald J. Trump,11
Onondaga,19th Ward 2,President,,WOR,Kamala D. Harris,20
Onondaga,19th Ward 2,U.S. Senate,,DEM,Kirsten E. Gillibrand,319
Onondaga,19th Ward 2,U.S. Senate,,REP,Michael D. Sapraicone,29
Onondaga,19th Ward 2,U.S. Senate,,CON,Michael D. Sapraicone,10
Onondaga,19th Ward 2,U.S. Senate,,WOR,Kirsten E. Gillibrand,35
Onondaga,19th Ward 2,U.S. Senate,,LAR,Diane Sare,6
Onondaga,19th Ward 2,U.S. Senate,,,Write-in,1
Onondaga,19th Ward 2,U.S. House,22,DEM,John W. Mannion,324
Onondaga,19th Ward 2,U.S. House,22,REP,Brandon M. Williams,36
Onondaga,19th Ward 2,U.S. House,22,CON,Brandon M. Williams,10
Onondaga,19th Ward 2,U.S. House,22,WOR,John W. Mannion,34
Onondaga,19th Ward 2,State Senate,48,DEM,Rachel May,329
Onondaga,19th Ward 2,State Senate,48,REP,Caleb C. Slater,35
Onondaga,19th Ward 2,State Senate,48,WOR,Rachel May,36
Onondaga,19th Ward 2,State Senate,48,,Write-in,1
Onondaga,19th Ward 2,State Assembly,128,DEM,Pamela Jo Hunter,329
Onondaga,19th Ward 2,State Assembly,128,REP,Daniel A. Ciciarelli,35
Onondaga,19th Ward 2,State Assembly,128,CON,Daniel A. Ciciarelli,7
Onondaga,19th Ward 2,State Assembly,128,WOR,Pamela Jo Hunter,37
Onondaga,19th Ward 2,State Assembly,128,,Write-in,1
Onondaga,19th Ward 3,President,,DEM,Kamala D. Harris,531
Onondaga,19th Ward 3,President,,REP,Donald J. Trump,94
Onondaga,19th Ward 3,President,,CON,Donald J. Trump,16
Onondaga,19th Ward 3,President,,WOR,Kamala D. Harris,35
Onondaga,19th Ward 3,President,,,Write-in,11
Onondaga,19th Ward 3,U.S. Senate,,DEM,Kirsten E. Gillibrand,506
Onondaga,19th Ward 3,U.S. Senate,,REP,Michael D. Sapraicone,80
Onondaga,19th Ward 3,U.S. Senate,,CON,Michael D. Sapraicone,22
Onondaga,19th Ward 3,U.S. Senate,,WOR,Kirsten E. Gillibrand,48
Onondaga,19th Ward 3,U.S. Senate,,LAR,Diane Sare,4
Onondaga,19th Ward 3,U.S. Senate,,,Write-in,1
Onondaga,19th Ward 3,U.S. House,22,DEM,John W. Mannion,512
Onondaga,19th Ward 3,U.S. House,22,REP,Brandon M. Williams,89
Onondaga,19th Ward 3,U.S. House,22,CON,Brandon M. Williams,19
Onondaga,19th Ward 3,U.S. House,22,WOR,John W. Mannion,41
Onondaga,19th Ward 3,State Senate,48,DEM,Rachel May,516
Onondaga,19th Ward 3,State Senate,48,REP,Caleb C. Slater,85
Onondaga,19th Ward 3,State Senate,48,WOR,Rachel May,52
Onondaga,19th Ward 3,State Assembly,129,DEM,William B. Magnarelli,576
Onondaga,19th Ward 3,State Assembly,129,,Write-in,1
Onondaga,19th Ward 4,President,,DEM,Kamala D. Harris,204
Onondaga,19th Ward 4,President,,REP,Donald J. Trump,29
Onondaga,19th Ward 4,President,,CON,Donald J. Trump,2
Onondaga,19th Ward 4,President,,WOR,Kamala D. Harris,24
Onondaga,19th Ward 4,President,,,Write-in,5
Onondaga,19th Ward 4,U.S. Senate,,DEM,Kirsten E. Gillibrand,204
Onondaga,19th Ward 4,U.S. Senate,,REP,Michael D. Sapraicone,32
Onondaga,19th Ward 4,U.S. Senate,,CON,Michael D. Sapraicone,4
Onondaga,19th Ward 4,U.S. Senate,,WOR,Kirsten E. Gillibrand,28
Onondaga,19th Ward 4,U.S. Senate,,LAR,Diane Sare,1
Onondaga,19th Ward 4,U.S. House,22,DEM,John W. Mannion,200
Onondaga,19th Ward 4,U.S. House,22,REP,Brandon M. Williams,34
Onondaga,19th Ward 4,U.S. House,22,CON,Brandon M. Williams,4
Onondaga,19th Ward 4,U.S. House,22,WOR,John W. Mannion,29
Onondaga,19th Ward 4,U.S. House,22,,Write-in,1
Onondaga,19th Ward 4,State Senate,48,DEM,Rachel May,200
Onondaga,19th Ward 4,State Senate,48,REP,Caleb C. Slater,39
Onondaga,19th Ward 4,State Senate,48,WOR,Rachel May,28
Onondaga,19th Ward 4,State Assembly,129,DEM,William B. Magnarelli,230
Onondaga,19th Ward 4,State Assembly,129,,Write-in,1
Onondaga,19th Ward 5,President,,DEM,Kamala D. Harris,207
Onondaga,19th Ward 5,President,,REP,Donald J. Trump,22
Onondaga,19th Ward 5,President,,CON,Donald J. Trump,3
Onondaga,19th Ward 5,President,,WOR,Kamala D. Harris,11
Onondaga,19th Ward 5,President,,,Write-in,1
Onondaga,19th Ward 5,U.S. Senate,,DEM,Kirsten E. Gillibrand,198
Onondaga,19th Ward 5,U.S. Senate,,REP,Michael D. Sapraicone,17
Onondaga,19th Ward 5,U.S. Senate,,CON,Michael D. Sapraicone,2
Onondaga,19th Ward 5,U.S. Senate,,WOR,Kirsten E. Gillibrand,18
Onondaga,19th Ward 5,U.S. Senate,,LAR,Diane Sare,1
Onondaga,19th Ward 5,U.S. Senate,,,Write-in,2
Onondaga,19th Ward 5,U.S. House,22,DEM,John W. Mannion,202
Onondaga,19th Ward 5,U.S. House,22,REP,Brandon M. Williams,17
Onondaga,19th Ward 5,U.S. House,22,CON,Brandon M. Williams,3
Onondaga,19th Ward 5,U.S. House,22,WOR,John W. Mannion,16
Onondaga,19th Ward 5,U.S. House,22,,Write-in,2
Onondaga,19th Ward 5,State Senate,48,DEM,Rachel May,201
Onondaga,19th Ward 5,State Senate,48,REP,Caleb C. Slater,15
Onondaga,19th Ward 5,State Senate,48,WOR,Rachel May,20
Onondaga,19th Ward 5,State Senate,48,,Write-in,1
Onondaga,19th Ward 5,State Assembly,128,DEM,Pamela Jo Hunter,203
Onondaga,19th Ward 5,State Assembly,128,REP,Daniel A. Ciciarelli,19
Onondaga,19th Ward 5,State Assembly,128,CON,Daniel A. Ciciarelli,2
Onondaga,19th Ward 5,State Assembly,128,WOR,Pamela Jo Hunter,19
Onondaga,19th Ward 5,State Assembly,128,,Write-in,2
Onondaga,19th Ward 6,President,,DEM,Kamala D. Harris,215
Onondaga,19th Ward 6,President,,REP,Donald J. Trump,41
Onondaga,19th Ward 6,President,,CON,Donald J. Trump,9
Onondaga,19th Ward 6,President,,WOR,Kamala D. Harris,23
Onondaga,19th Ward 6,President,,,Write-in,11
Onondaga,19th Ward 6,U.S. Senate,,DEM,Kirsten E. Gillibrand,216
Onondaga,19th Ward 6,U.S. Senate,,REP,Michael D. Sapraicone,34
Onondaga,19th Ward 6,U.S. Senate,,CON,Michael D. Sapraicone,10
Onondaga,19th Ward 6,U.S. Senate,,WOR,Kirsten E. Gillibrand,30
Onondaga,19th Ward 6,U.S. Senate,,LAR,Diane Sare,4
Onondaga,19th Ward 6,U.S. House,22,DEM,John W. Mannion,217
Onondaga,19th Ward 6,U.S. House,22,REP,Brandon M. Williams,38
Onondaga,19th Ward 6,U.S. House,22,CON,Brandon M. Williams,10
Onondaga,19th Ward 6,U.S. House,22,WOR,John W. Mannion,28
Onondaga,19th Ward 6,State Senate,48,DEM,Rachel May,215
Onondaga,19th Ward 6,State Senate,48,REP,Caleb C. Slater,46
Onondaga,19th Ward 6,State Senate,48,WOR,Rachel May,31
Onondaga,19th Ward 6,State Assembly,129,DEM,William B. Magnarelli,254
Onondaga,19th Ward 6,State Assembly,129,,Write-in,6
Onondaga,19th Ward 7,President,,DEM,Kamala D. Harris,275
Onondaga,19th Ward 7,President,,REP,Donald J. Trump,33
Onondaga,19th Ward 7,President,,CON,Donald J. Trump,3
Onondaga,19th Ward 7,President,,WOR,Kamala D. Harris,45
Onondaga,19th Ward 7,President,,,Write-in,7
Onondaga,19th Ward 7,U.S. Senate,,DEM,Kirsten E. Gillibrand,266
Onondaga,19th Ward 7,U.S. Senate,,REP,Michael D. Sapraicone,32
Onondaga,19th Ward 7,U.S. Senate,,CON,Michael D. Sapraicone,4
Onondaga,19th Ward 7,U.S. Senate,,WOR,Kirsten E. Gillibrand,53
Onondaga,19th Ward 7,U.S. Senate,,LAR,Diane Sare,5
Onondaga,19th Ward 7,U.S. House,22,DEM,John W. Mannion,270
Onondaga,19th Ward 7,U.S. House,22,REP,Brandon M. Williams,34
Onondaga,19th Ward 7,U.S. House,22,CON,Brandon M. Williams,4
Onondaga,19th Ward 7,U.S. House,22,WOR,John W. Mannion,52
Onondaga,19th Ward 7,State Senate,48,DEM,Rachel May,264
Onondaga,19th Ward 7,State Senate,48,REP,Caleb C. Slater,41
Onondaga,19th Ward 7,State Senate,48,WOR,Rachel May,50
Onondaga,19th Ward 7,State Assembly,129,DEM,William B. Magnarelli,313
Onondaga,19th Ward 7,State Assembly,129,,Write-in,8
Onondaga,19th Ward 8,President,,DEM,Kamala D. Harris,220
Onondaga,19th Ward 8,President,,REP,Donald J. Trump,44
Onondaga,19th Ward 8,President,,CON,Donald J. Trump,2
Onondaga,19th Ward 8,President,,WOR,Kamala D. Harris,16
Onondaga,19th Ward 8,President,,,Write-in,4
Onondaga,19th Ward 8,U.S. Senate,,DEM,Kirsten E. Gillibrand,214
Onondaga,19th Ward 8,U.S. Senate,,REP,Michael D. Sapraicone,31
Onondaga,19th Ward 8,U.S. Senate,,CON,Michael D. Sapraicone,3
Onondaga,19th Ward 8,U.S. Senate,,WOR,Kirsten E. Gillibrand,24
Onondaga,19th Ward 8,U.S. House,22,DEM,John W. Mannion,211
Onondaga,19th Ward 8,U.S. House,22,REP,Brandon M. Williams,31
Onondaga,19th Ward 8,U.S. House,22,CON,Brandon M. Williams,6
Onondaga,19th Ward 8,U.S. House,22,WOR,John W. Mannion,26
Onondaga,19th Ward 8,State Senate,48,DEM,Rachel May,217
Onondaga,19th Ward 8,State Senate,48,REP,Caleb C. Slater,29
Onondaga,19th Ward 8,State Senate,48,WOR,Rachel May,26
Onondaga,19th Ward 8,State Assembly,129,DEM,William B. Magnarelli,244
Onondaga,CAMILLUS 1,President,,DEM,Kamala D. Harris,310
Onondaga,CAMILLUS 1,President,,REP,Donald J. Trump,354
Onondaga,CAMILLUS 1,President,,CON,Donald J. Trump,35
Onondaga,CAMILLUS 1,President,,WOR,Kamala D. Harris,15
Onondaga,CAMILLUS 1,President,,,Write-in,1
Onondaga,CAMILLUS 1,U.S. Senate,,DEM,Kirsten E. Gillibrand,309
Onondaga,CAMILLUS 1,U.S. Senate,,REP,Michael D. Sapraicone,331
Onondaga,CAMILLUS 1,U.S. Senate,,CON,Michael D. Sapraicone,42
Onondaga,CAMILLUS 1,U.S. Senate,,WOR,Kirsten E. Gillibrand,21
Onondaga,CAMILLUS 1,U.S. House,22,DEM,John W. Mannion,319
Onondaga,CAMILLUS 1,U.S. House,22,REP,Brandon M. Williams,340
Onondaga,CAMILLUS 1,U.S. House,22,CON,Brandon M. Williams,39
Onondaga,CAMILLUS 1,U.S. House,22,WOR,John W. Mannion,18
Onondaga,CAMILLUS 1,U.S. House,22,,Write-in,1
Onondaga,CAMILLUS 1,State Senate,50,DEM,Christopher J. Ryan,282
Onondaga,CAMILLUS 1,State Senate,50,REP,Nick Paro,367
Onondaga,CAMILLUS 1,State Senate,50,CON,Nick Paro,37
Onondaga,CAMILLUS 1,State Senate,50,WOR,Christopher J. Ryan,19
Onondaga,CAMILLUS 1,State Assembly,126,DEM,Ian Phillips,257
Onondaga,CAMILLUS 1,State Assembly,126,REP,John Lemondes Jr.,381
Onondaga,CAMILLUS 1,State Assembly,126,CON,John Lemondes Jr.,46
Onondaga,CAMILLUS 1,State Assembly,126,WOR,Ian Phillips,18
Onondaga,CAMILLUS 7,President,,DEM,Kamala D. Harris,602
Onondaga,CAMILLUS 7,President,,REP,Donald J. Trump,648
Onondaga,CAMILLUS 7,President,,CON,Donald J. Trump,78
Onondaga,CAMILLUS 7,President,,WOR,Kamala D. Harris,25
Onondaga,CAMILLUS 7,President,,,Write-in,3
Onondaga,CAMILLUS 7,U.S. Senate,,DEM,Kirsten E. Gillibrand,597
Onondaga,CAMILLUS 7,U.S. Senate,,REP,Michael D. Sapraicone,625
Onondaga,CAMILLUS 7,U.S. Senate,,CON,Michael D. Sapraicone,78
Onondaga,CAMILLUS 7,U.S. Senate,,WOR,Kirsten E. Gillibrand,39
Onondaga,CAMILLUS 7,U.S. Senate,,LAR,Diane Sare,4
Onondaga,CAMILLUS 7,U.S. House,22,DEM,John W. Mannion,610
Onondaga,CAMILLUS 7,U.S. House,22,REP,Brandon M. Williams,632
Onondaga,CAMILLUS 7,U.S. House,22,CON,Brandon M. Williams,77
Onondaga,CAMILLUS 7,U.S. House,22,WOR,John W. Mannion,37
Onondaga,CAMILLUS 7,U.S. House,22,,Write-in,1
Onondaga,CAMILLUS 7,State Senate,50,DEM,Christopher J. Ryan,552
Onondaga,CAMILLUS 7,State Senate,50,REP,Nick Paro,680
Onondaga,CAMILLUS 7,State Senate,50,CON,Nick Paro,81
Onondaga,CAMILLUS 7,State Senate,50,WOR,Christopher J. Ryan,32
Onondaga,CAMILLUS 7,State Assembly,126,DEM,Ian Phillips,493
Onondaga,CAMILLUS 7,State Assembly,126,REP,John Lemondes Jr.,714
Onondaga,CAMILLUS 7,State Assembly,126,CON,John Lemondes Jr.,91
Onondaga,CAMILLUS 7,State Assembly,126,WOR,Ian Phillips,29
Onondaga,CAMILLUS 13,President,,DEM,Kamala D. Harris,307
Onondaga,CAMILLUS 13,President,,REP,Donald J. Trump,256
Onondaga,CAMILLUS 13,President,,CON,Donald J. Trump,36
Onondaga,CAMILLUS 13,President,,WOR,Kamala D. Harris,20
Onondaga,CAMILLUS 13,President,,,Write-in,3
Onondaga,CAMILLUS 13,U.S. Senate,,DEM,Kirsten E. Gillibrand,292
Onondaga,CAMILLUS 13,U.S. Senate,,REP,Michael D. Sapraicone,235
Onondaga,CAMILLUS 13,U.S. Senate,,CON,Michael D. Sapraicone,37
Onondaga,CAMILLUS 13,U.S. Senate,,WOR,Kirsten E. Gillibrand,32
Onondaga,CAMILLUS 13,U.S. Senate,,LAR,Diane Sare,4
Onondaga,CAMILLUS 13,U.S. House,22,DEM,John W. Mannion,311
Onondaga,CAMILLUS 13,U.S. House,22,REP,Brandon M. Williams,232
Onondaga,CAMILLUS 13,U.S. House,22,CON,Brandon M. Williams,33
Onondaga,CAMILLUS 13,U.S. House,22,WOR,John W. Mannion,35
Onondaga,CAMILLUS 13,State Senate,50,DEM,Christopher J. Ryan,288
Onondaga,CAMILLUS 13,State Senate,50,REP,Nick Paro,247
Onondaga,CAMILLUS 13,State Senate,50,CON,Nick Paro,40
Onondaga,CAMILLUS 13,State Senate,50,WOR,Christopher J. Ryan,32
Onondaga,CAMILLUS 13,State Assembly,126,DEM,Ian Phillips,260
Onondaga,CAMILLUS 13,State Assembly,126,REP,John Lemondes Jr.,266
Onondaga,CAMILLUS 13,State Assembly,126,CON,John Lemondes Jr.,40
Onondaga,CAMILLUS 13,State Assembly,126,WOR,Ian Phillips,30
Onondaga,CAMILLUS 2,President,,DEM,Kamala D. Harris,575
Onondaga,CAMILLUS 2,President,,REP,Donald J. Trump,707
Onondaga,CAMILLUS 2,President,,CON,Donald J. Trump,97
Onondaga,CAMILLUS 2,President,,WOR,Kamala D. Harris,33
Onondaga,CAMILLUS 2,President,,,Write-in,9
Onondaga,CAMILLUS 2,U.S. Senate,,DEM,Kirsten E. Gillibrand,580
Onondaga,CAMILLUS 2,U.S. Senate,,REP,Michael D. Sapraicone,677
Onondaga,CAMILLUS 2,U.S. Senate,,CON,Michael D. Sapraicone,100
Onondaga,CAMILLUS 2,U.S. Senate,,WOR,Kirsten E. Gillibrand,43
Onondaga,CAMILLUS 2,U.S. Senate,,LAR,Diane Sare,3
Onondaga,CAMILLUS 2,U.S. Senate,,,Write-in,5
Onondaga,CAMILLUS 2,U.S. House,22,DEM,John W. Mannion,595
Onondaga,CAMILLUS 2,U.S. House,22,REP,Brandon M. Williams,662
Onondaga,CAMILLUS 2,U.S. House,22,CON,Brandon M. Williams,95
Onondaga,CAMILLUS 2,U.S. House,22,WOR,John W. Mannion,58
Onondaga,CAMILLUS 2,U.S. House,22,,Write-in,4
Onondaga,CAMILLUS 2,State Senate,50,DEM,Christopher J. Ryan,534
Onondaga,CAMILLUS 2,State Senate,50,REP,Nick Paro,723
Onondaga,CAMILLUS 2,State Senate,50,CON,Nick Paro,96
Onondaga,CAMILLUS 2,State Senate,50,WOR,Christopher J. Ryan,48
Onondaga,CAMILLUS 2,State Senate,50,,Write-in,4
Onondaga,CAMILLUS 2,State Assembly,126,DEM,Ian Phillips,489
Onondaga,CAMILLUS 2,State Assembly,126,REP,John Lemondes Jr.,762
Onondaga,CAMILLUS 2,State Assembly,126,CON,John Lemondes Jr.,92
Onondaga,CAMILLUS 2,State Assembly,126,WOR,Ian Phillips,46
Onondaga,CAMILLUS 2,State Assembly,126,,Write-in,2
Onondaga,CAMILLUS 6,President,,DEM,Kamala D. Harris,208
Onondaga,CAMILLUS 6,President,,REP,Donald J. Trump,190
Onondaga,CAMILLUS 6,President,,CON,Donald J. Trump,32
Onondaga,CAMILLUS 6,President,,WOR,Kamala D. Harris,9
Onondaga,CAMILLUS 6,President,,,Write-in,5
Onondaga,CAMILLUS 6,U.S. Senate,,DEM,Kirsten E. Gillibrand,210
Onondaga,CAMILLUS 6,U.S. Senate,,REP,Michael D. Sapraicone,181
Onondaga,CAMILLUS 6,U.S. Senate,,CON,Michael D. Sapraicone,33
Onondaga,CAMILLUS 6,U.S. Senate,,WOR,Kirsten E. Gillibrand,15
Onondaga,CAMILLUS 6,U.S. Senate,,LAR,Diane Sare,1
Onondaga,CAMILLUS 6,U.S. House,22,DEM,John W. Mannion,222
Onondaga,CAMILLUS 6,U.S. House,22,REP,Brandon M. Williams,180
Onondaga,CAMILLUS 6,U.S. House,22,CON,Brandon M. Williams,32
Onondaga,CAMILLUS 6,U.S. House,22,WOR,John W. Mannion,12
Onondaga,CAMILLUS 6,State Senate,50,DEM,Christopher J. Ryan,201
Onondaga,CAMILLUS 6,State Senate,50,REP,Nick Paro,194
Onondaga,CAMILLUS 6,State Senate,50,CON,Nick Paro,32
Onondaga,CAMILLUS 6,State Senate,50,WOR,Christopher J. Ryan,12
Onondaga,CAMILLUS 6,State Senate,50,,Write-in,1
Onondaga,CAMILLUS 6,State Assembly,126,DEM,Ian Phillips,178
Onondaga,CAMILLUS 6,State Assembly,126,REP,John Lemondes Jr.,206
Onondaga,CAMILLUS 6,State Assembly,126,CON,John Lemondes Jr.,35
Onondaga,CAMILLUS 6,State Assembly,126,WOR,Ian Phillips,17
Onondaga,CAMILLUS 16,President,,DEM,Kamala D. Harris,227
Onondaga,CAMILLUS 16,President,,REP,Donald J. Trump,193
Onondaga,CAMILLUS 16,President,,CON,Donald J. Trump,19
Onondaga,CAMILLUS 16,President,,WOR,Kamala D. Harris,15
Onondaga,CAMILLUS 16,U.S. Senate,,DEM,Kirsten E. Gillibrand,233
Onondaga,CAMILLUS 16,U.S. Senate,,REP,Michael D. Sapraicone,174
Onondaga,CAMILLUS 16,U.S. Senate,,CON,Michael D. Sapraicone,23
Onondaga,CAMILLUS 16,U.S. Senate,,WOR,Kirsten E. Gillibrand,23
Onondaga,CAMILLUS 16,U.S. Senate,,LAR,Diane Sare,1
Onondaga,CAMILLUS 16,U.S. House,22,DEM,John W. Mannion,227
Onondaga,CAMILLUS 16,U.S. House,22,REP,Brandon M. Williams,180
Onondaga,CAMILLUS 16,U.S. House,22,CON,Brandon M. Williams,27
Onondaga,CAMILLUS 16,U.S. House,22,WOR,John W. Mannion,25
Onondaga,CAMILLUS 16,U.S. House,22,,Write-in,1
Onondaga,CAMILLUS 16,State Senate,50,DEM,Christopher J. Ryan,220
Onondaga,CAMILLUS 16,State Senate,50,REP,Nick Paro,190
Onondaga,CAMILLUS 16,State Senate,50,CON,Nick Paro,22
Onondaga,CAMILLUS 16,State Senate,50,WOR,Christopher J. Ryan,25
Onondaga,CAMILLUS 16,State Assembly,126,DEM,Ian Phillips,188
Onondaga,CAMILLUS 16,State Assembly,126,REP,John Lemondes Jr.,218
Onondaga,CAMILLUS 16,State Assembly,126,CON,John Lemondes Jr.,25
Onondaga,CAMILLUS 16,State Assembly,126,WOR,Ian Phillips,19
Onondaga,CAMILLUS 4,President,,DEM,Kamala D. Harris,574
Onondaga,CAMILLUS 4,President,,REP,Donald J. Trump,315
Onondaga,CAMILLUS 4,President,,CON,Donald J. Trump,31
Onondaga,CAMILLUS 4,President,,WOR,Kamala D. Harris,31
Onondaga,CAMILLUS 4,President,,,Write-in,1
Onondaga,CAMILLUS 4,U.S. Senate,,DEM,Kirsten E. Gillibrand,557
Onondaga,CAMILLUS 4,U.S. Senate,,REP,Michael D. Sapraicone,287
Onondaga,CAMILLUS 4,U.S. Senate,,CON,Michael D. Sapraicone,35
Onondaga,CAMILLUS 4,U.S. Senate,,WOR,Kirsten E. Gillibrand,42
Onondaga,CAMILLUS 4,U.S. Senate,,LAR,Diane Sare,11
Onondaga,CAMILLUS 4,U.S. House,22,DEM,John W. Mannion,580
Onondaga,CAMILLUS 4,U.S. House,22,REP,Brandon M. Williams,286
Onondaga,CAMILLUS 4,U.S. House,22,CON,Brandon M. Williams,33
Onondaga,CAMILLUS 4,U.S. House,22,WOR,John W. Mannion,45
Onondaga,CAMILLUS 4,U.S. House,22,,Write-in,1
Onondaga,CAMILLUS 4,State Senate,50,DEM,Christopher J. Ryan,548
Onondaga,CAMILLUS 4,State Senate,50,REP,Nick Paro,299
Onondaga,CAMILLUS 4,State Senate,50,CON,Nick Paro,34
Onondaga,CAMILLUS 4,State Senate,50,WOR,Christopher J. Ryan,43
Onondaga,CAMILLUS 4,State Senate,50,,Write-in,3
Onondaga,CAMILLUS 4,State Assembly,126,DEM,Ian Phillips,512
Onondaga,CAMILLUS 4,State Assembly,126,REP,John Lemondes Jr.,324
Onondaga,CAMILLUS 4,State Assembly,126,CON,John Lemondes Jr.,43
Onondaga,CAMILLUS 4,State Assembly,126,WOR,Ian Phillips,42
Onondaga,CAMILLUS 4,State Assembly,126,,Write-in,1
Onondaga,CAMILLUS 11,President,,DEM,Kamala D. Harris,195
Onondaga,CAMILLUS 11,President,,REP,Donald J. Trump,147
Onondaga,CAMILLUS 11,President,,CON,Donald J. Trump,25
Onondaga,CAMILLUS 11,President,,WOR,Kamala D. Harris,16
Onondaga,CAMILLUS 11,President,,,Write-in,3
Onondaga,CAMILLUS 11,U.S. Senate,,DEM,Kirsten E. Gillibrand,196
Onondaga,CAMILLUS 11,U.S. Senate,,REP,Michael D. Sapraicone,126
Onondaga,CAMILLUS 11,U.S. Senate,,CON,Michael D. Sapraicone,24
Onondaga,CAMILLUS 11,U.S. Senate,,WOR,Kirsten E. Gillibrand,22
Onondaga,CAMILLUS 11,U.S. Senate,,LAR,Diane Sare,2
Onondaga,CAMILLUS 11,U.S. House,22,DEM,John W. Mannion,199
Onondaga,CAMILLUS 11,U.S. House,22,REP,Brandon M. Williams,129
Onondaga,CAMILLUS 11,U.S. House,22,CON,Brandon M. Williams,26
Onondaga,CAMILLUS 11,U.S. House,22,WOR,John W. Mannion,23
Onondaga,CAMILLUS 11,State Senate,50,DEM,Christopher J. Ryan,192
Onondaga,CAMILLUS 11,State Senate,50,REP,Nick Paro,136
Onondaga,CAMILLUS 11,State Senate,50,CON,Nick Paro,26
Onondaga,CAMILLUS 11,State Senate,50,WOR,Christopher J. Ryan,21
Onondaga,CAMILLUS 11,State Assembly,126,DEM,Ian Phillips,175
Onondaga,CAMILLUS 11,State Assembly,126,REP,John Lemondes Jr.,148
Onondaga,CAMILLUS 11,State Assembly,126,CON,John Lemondes Jr.,24
Onondaga,CAMILLUS 11,State Assembly,126,WOR,Ian Phillips,20
Onondaga,CAMILLUS 20,President,,DEM,Kamala D. Harris,263
Onondaga,CAMILLUS 20,President,,REP,Donald J. Trump,222
Onondaga,CAMILLUS 20,President,,CON,Donald J. Trump,23
Onondaga,CAMILLUS 20,President,,WOR,Kamala D. Harris,19
Onondaga,CAMILLUS 20,President,,,Write-in,2
Onondaga,CAMILLUS 20,U.S. Senate,,DEM,Kirsten E. Gillibrand,264
Onondaga,CAMILLUS 20,U.S. Senate,,REP,Michael D. Sapraicone,189
Onondaga,CAMILLUS 20,U.S. Senate,,CON,Michael D. Sapraicone,27
Onondaga,CAMILLUS 20,U.S. Senate,,WOR,Kirsten E. Gillibrand,30
Onondaga,CAMILLUS 20,U.S. Senate,,LAR,Diane Sare,2
Onondaga,CAMILLUS 20,U.S. Senate,,,Write-in,1
Onondaga,CAMILLUS 20,U.S. House,22,DEM,John W. Mannion,265
Onondaga,CAMILLUS 20,U.S. House,22,REP,Brandon M. Williams,197
Onondaga,CAMILLUS 20,U.S. House,22,CON,Brandon M. Williams,25
Onondaga,CAMILLUS 20,U.S. House,22,WOR,John W. Mannion,32
Onondaga,CAMILLUS 20,U.S. House,22,,Write-in,1
Onondaga,CAMILLUS 20,State Senate,50,DEM,Christopher J. Ryan,236
Onondaga,CAMILLUS 20,State Senate,50,REP,Nick Paro,212
Onondaga,CAMILLUS 20,State Senate,50,CON,Nick Paro,30
Onondaga,CAMILLUS 20,State Senate,50,WOR,Christopher J. Ryan,33
Onondaga,CAMILLUS 20,State Senate,50,,Write-in,1
Onondaga,CAMILLUS 20,State Assembly,126,DEM,Ian Phillips,226
Onondaga,CAMILLUS 20,State Assembly,126,REP,John Lemondes Jr.,222
Onondaga,CAMILLUS 20,State Assembly,126,CON,John Lemondes Jr.,31
Onondaga,CAMILLUS 20,State Assembly,126,WOR,Ian Phillips,21
Onondaga,CAMILLUS 25,President,,DEM,Kamala D. Harris,278
Onondaga,CAMILLUS 25,President,,REP,Donald J. Trump,207
Onondaga,CAMILLUS 25,President,,CON,Donald J. Trump,24
Onondaga,CAMILLUS 25,President,,WOR,Kamala D. Harris,17
Onondaga,CAMILLUS 25,President,,,Write-in,2
Onondaga,CAMILLUS 25,U.S. Senate,,DEM,Kirsten E. Gillibrand,273
Onondaga,CAMILLUS 25,U.S. Senate,,REP,Michael D. Sapraicone,187
Onondaga,CAMILLUS 25,U.S. Senate,,CON,Michael D. Sapraicone,30
Onondaga,CAMILLUS 25,U.S. Senate,,WOR,Kirsten E. Gillibrand,23
Onondaga,CAMILLUS 25,U.S. Senate,,,Write-in,1
Onondaga,CAMILLUS 25,U.S. House,22,DEM,John W. Mannion,276
Onondaga,CAMILLUS 25,U.S. House,22,REP,Brandon M. Williams,191
Onondaga,CAMILLUS 25,U.S. House,22,CON,Brandon M. Williams,25
Onondaga,CAMILLUS 25,U.S. House,22,WOR,John W. Mannion,30
Onondaga,CAMILLUS 25,U.S. House,22,,Write-in,1
Onondaga,CAMILLUS 25,State Senate,50,DEM,Christopher J. Ryan,258
Onondaga,CAMILLUS 25,State Senate,50,REP,Nick Paro,198
Onondaga,CAMILLUS 25,State Senate,50,CON,Nick Paro,33
Onondaga,CAMILLUS 25,State Senate,50,WOR,Christopher J. Ryan,21
Onondaga,CAMILLUS 25,State Assembly,126,DEM,Ian Phillips,234
Onondaga,CAMILLUS 25,State Assembly,126,REP,John Lemondes Jr.,217
Onondaga,CAMILLUS 25,State Assembly,126,CON,John Lemondes Jr.,34
Onondaga,CAMILLUS 25,State Assembly,126,WOR,Ian Phillips,20
Onondaga,CAMILLUS 5,President,,DEM,Kamala D. Harris,296
Onondaga,CAMILLUS 5,President,,REP,Donald J. Trump,217
Onondaga,CAMILLUS 5,President,,CON,Donald J. Trump,21
Onondaga,CAMILLUS 5,President,,WOR,Kamala D. Harris,19
Onondaga,CAMILLUS 5,President,,,Write-in,5
Onondaga,CAMILLUS 5,U.S. Senate,,DEM,Kirsten E. Gillibrand,291
Onondaga,CAMILLUS 5,U.S. Senate,,REP,Michael D. Sapraicone,210
Onondaga,CAMILLUS 5,U.S. Senate,,CON,Michael D. Sapraicone,24
Onondaga,CAMILLUS 5,U.S. Senate,,WOR,Kirsten E. Gillibrand,21
Onondaga,CAMILLUS 5,U.S. Senate,,LAR,Diane Sare,3
Onondaga,CAMILLUS 5,U.S. House,22,DEM,John W. Mannion,289
Onondaga,CAMILLUS 5,U.S. House,22,REP,Brandon M. Williams,213
Onondaga,CAMILLUS 5,U.S. House,22,CON,Brandon M. Williams,26
Onondaga,CAMILLUS 5,U.S. House,22,WOR,John W. Mannion,27
Onondaga,CAMILLUS 5,U.S. House,22,,Write-in,1
Onondaga,CAMILLUS 5,State Senate,50,DEM,Christopher J. Ryan,269
Onondaga,CAMILLUS 5,State Senate,50,REP,Nick Paro,225
Onondaga,CAMILLUS 5,State Senate,50,CON,Nick Paro,31
Onondaga,CAMILLUS 5,State Senate,50,WOR,Christopher J. Ryan,27
Onondaga,CAMILLUS 5,State Assembly,126,DEM,Ian Phillips,243
Onondaga,CAMILLUS 5,State Assembly,126,REP,John Lemondes Jr.,249
Onondaga,CAMILLUS 5,State Assembly,126,CON,John Lemondes Jr.,33
Onondaga,CAMILLUS 5,State Assembly,126,WOR,Ian Phillips,22
Onondaga,CAMILLUS 12,President,,DEM,Kamala D. Harris,201
Onondaga,CAMILLUS 12,President,,REP,Donald J. Trump,121
Onondaga,CAMILLUS 12,President,,CON,Donald J. Trump,23
Onondaga,CAMILLUS 12,President,,WOR,Kamala D. Harris,7
Onondaga,CAMILLUS 12,President,,,Write-in,3
Onondaga,CAMILLUS 12,U.S. Senate,,DEM,Kirsten E. Gillibrand,194
Onondaga,CAMILLUS 12,U.S. Senate,,REP,Michael D. Sapraicone,115
Onondaga,CAMILLUS 12,U.S. Senate,,CON,Michael D. Sapraicone,21
Onondaga,CAMILLUS 12,U.S. Senate,,WOR,Kirsten E. Gillibrand,14
Onondaga,CAMILLUS 12,U.S. House,22,DEM,John W. Mannion,194
Onondaga,CAMILLUS 12,U.S. House,22,REP,Brandon M. Williams,119
Onondaga,CAMILLUS 12,U.S. House,22,CON,Brandon M. Williams,21
Onondaga,CAMILLUS 12,U.S. House,22,WOR,John W. Mannion,17
Onondaga,CAMILLUS 12,U.S. House,22,,Write-in,1
Onondaga,CAMILLUS 12,State Senate,50,DEM,Christopher J. Ryan,182
Onondaga,CAMILLUS 12,State Senate,50,REP,Nick Paro,122
Onondaga,CAMILLUS 12,State Senate,50,CON,Nick Paro,25
Onondaga,CAMILLUS 12,State Senate,50,WOR,Christopher J. Ryan,16
Onondaga,CAMILLUS 12,State Senate,50,,Write-in,1
Onondaga,CAMILLUS 12,State Assembly,126,DEM,Ian Phillips,169
Onondaga,CAMILLUS 12,State Assembly,126,REP,John Lemondes Jr.,136
Onondaga,CAMILLUS 12,State Assembly,126,CON,John Lemondes Jr.,23
Onondaga,CAMILLUS 12,State Assembly,126,WOR,Ian Phillips,14
Onondaga,CAMILLUS 14,President,,DEM,Kamala D. Harris,393
Onondaga,CAMILLUS 14,President,,REP,Donald J. Trump,310
Onondaga,CAMILLUS 14,President,,CON,Donald J. Trump,42
Onondaga,CAMILLUS 14,President,,WOR,Kamala D. Harris,18
Onondaga,CAMILLUS 14,President,,,Write-in,2
Onondaga,CAMILLUS 14,U.S. Senate,,DEM,Kirsten E. Gillibrand,390
Onondaga,CAMILLUS 14,U.S. Senate,,REP,Michael D. Sapraicone,302
Onondaga,CAMILLUS 14,U.S. Senate,,CON,Michael D. Sapraicone,41
Onondaga,CAMILLUS 14,U.S. Senate,,WOR,Kirsten E. Gillibrand,24
Onondaga,CAMILLUS 14,U.S. Senate,,LAR,Diane Sare,2
Onondaga,CAMILLUS 14,U.S. House,22,DEM,John W. Mannion,394
Onondaga,CAMILLUS 14,U.S. House,22,REP,Brandon M. Williams,303
Onondaga,CAMILLUS 14,U.S. House,22,CON,Brandon M. Williams,40
Onondaga,CAMILLUS 14,U.S. House,22,WOR,John W. Mannion,23
Onondaga,CAMILLUS 14,U.S. House,22,,Write-in,5
Onondaga,CAMILLUS 14,State Senate,50,DEM,Christopher J. Ryan,372
Onondaga,CAMILLUS 14,State Senate,50,REP,Nick Paro,324
Onondaga,CAMILLUS 14,State Senate,50,CON,Nick Paro,40
Onondaga,CAMILLUS 14,State Senate,50,WOR,Christopher J. Ryan,25
Onondaga,CAMILLUS 14,State Assembly,126,DEM,Ian Phillips,336
Onondaga,CAMILLUS 14,State Assembly,126,REP,John Lemondes Jr.,342
Onondaga,CAMILLUS 14,State Assembly,126,CON,John Lemondes Jr.,49
Onondaga,CAMILLUS 14,State Assembly,126,WOR,Ian Phillips,21
Onondaga,CAMILLUS 17,President,,DEM,Kamala D. Harris,169
Onondaga,CAMILLUS 17,President,,REP,Donald J. Trump,125
Onondaga,CAMILLUS 17,President,,CON,Donald J. Trump,19
Onondaga,CAMILLUS 17,President,,WOR,Kamala D. Harris,9
Onondaga,CAMILLUS 17,President,,,Write-in,3
Onondaga,CAMILLUS 17,U.S. Senate,,DEM,Kirsten E. Gillibrand,175
Onondaga,CAMILLUS 17,U.S. Senate,,REP,Michael D. Sapraicone,106
Onondaga,CAMILLUS 17,U.S. Senate,,CON,Michael D. Sapraicone,16
Onondaga,CAMILLUS 17,U.S. Senate,,WOR,Kirsten E. Gillibrand,14
Onondaga,CAMILLUS 17,U.S. Senate,,LAR,Diane Sare,3
Onondaga,CAMILLUS 17,U.S. House,22,DEM,John W. Mannion,175
Onondaga,CAMILLUS 17,U.S. House,22,REP,Brandon M. Williams,106
Onondaga,CAMILLUS 17,U.S. House,22,CON,Brandon M. Williams,19
Onondaga,CAMILLUS 17,U.S. House,22,WOR,John W. Mannion,19
Onondaga,CAMILLUS 17,State Senate,50,DEM,Christopher J. Ryan,155
Onondaga,CAMILLUS 17,State Senate,50,REP,Nick Paro,117
Onondaga,CAMILLUS 17,State Senate,50,CON,Nick Paro,20
Onondaga,CAMILLUS 17,State Senate,50,WOR,Christopher J. Ryan,18
Onondaga,CAMILLUS 17,State Assembly,126,DEM,Ian Phillips,141
Onondaga,CAMILLUS 17,State Assembly,126,REP,John Lemondes Jr.,129
Onondaga,CAMILLUS 17,State Assembly,126,CON,John Lemondes Jr.,19
Onondaga,CAMILLUS 17,State Assembly,126,WOR,Ian Phillips,13
Onondaga,CAMILLUS 21,President,,DEM,Kamala D. Harris,363
Onondaga,CAMILLUS 21,President,,REP,Donald J. Trump,227
Onondaga,CAMILLUS 21,President,,CON,Donald J. Trump,32
Onondaga,CAMILLUS 21,President,,WOR,Kamala D. Harris,18
Onondaga,CAMILLUS 21,U.S. Senate,,DEM,Kirsten E. Gillibrand,361
Onondaga,CAMILLUS 21,U.S. Senate,,REP,Michael D. Sapraicone,213
Onondaga,CAMILLUS 21,U.S. Senate,,CON,Michael D. Sapraicone,35
Onondaga,CAMILLUS 21,U.S. Senate,,WOR,Kirsten E. Gillibrand,20
Onondaga,CAMILLUS 21,U.S. House,22,DEM,John W. Mannion,365
Onondaga,CAMILLUS 21,U.S. House,22,REP,Brandon M. Williams,208
Onondaga,CAMILLUS 21,U.S. House,22,CON,Brandon M. Williams,38
Onondaga,CAMILLUS 21,U.S. House,22,WOR,John W. Mannion,26
Onondaga,CAMILLUS 21,State Senate,50,DEM,Christopher J. Ryan,336
Onondaga,CAMILLUS 21,State Senate,50,REP,Nick Paro,237
Onondaga,CAMILLUS 21,State Senate,50,CON,Nick Paro,37
Onondaga,CAMILLUS 21,State Senate,50,WOR,Christopher J. Ryan,19
Onondaga,CAMILLUS 21,State Assembly,126,DEM,Ian Phillips,308
Onondaga,CAMILLUS 21,State Assembly,126,REP,John Lemondes Jr.,250
Onondaga,CAMILLUS 21,State Assembly,126,CON,John Lemondes Jr.,40
Onondaga,CAMILLUS 21,State Assembly,126,WOR,Ian Phillips,19
Onondaga,CAMILLUS 9,President,,DEM,Kamala D. Harris,302
Onondaga,CAMILLUS 9,President,,REP,Donald J. Trump,160
Onondaga,CAMILLUS 9,President,,CON,Donald J. Trump,17
Onondaga,CAMILLUS 9,President,,WOR,Kamala D. Harris,11
Onondaga,CAMILLUS 9,President,,,Write-in,1
Onondaga,CAMILLUS 9,U.S. Senate,,DEM,Kirsten E. Gillibrand,299
Onondaga,CAMILLUS 9,U.S. Senate,,REP,Michael D. Sapraicone,153
Onondaga,CAMILLUS 9,U.S. Senate,,CON,Michael D. Sapraicone,15
Onondaga,CAMILLUS 9,U.S. Senate,,WOR,Kirsten E. Gillibrand,15
Onondaga,CAMILLUS 9,U.S. Senate,,LAR,Diane Sare,2
Onondaga,CAMILLUS 9,U.S. House,22,DEM,John W. Mannion,300
Onondaga,CAMILLUS 9,U.S. House,22,REP,Brandon M. Williams,145
Onondaga,CAMILLUS 9,U.S. House,22,CON,Brandon M. Williams,15
Onondaga,CAMILLUS 9,U.S. House,22,WOR,John W. Mannion,24
Onondaga,CAMILLUS 9,U.S. House,22,,Write-in,2
Onondaga,CAMILLUS 9,State Senate,50,DEM,Christopher J. Ryan,284
Onondaga,CAMILLUS 9,State Senate,50,REP,Nick Paro,165
Onondaga,CAMILLUS 9,State Senate,50,CON,Nick Paro,17
Onondaga,CAMILLUS 9,State Senate,50,WOR,Christopher J. Ryan,18
Onondaga,CAMILLUS 9,State Senate,50,,Write-in,1
Onondaga,CAMILLUS 9,State Assembly,126,DEM,Ian Phillips,267
Onondaga,CAMILLUS 9,State Assembly,126,REP,John Lemondes Jr.,171
Onondaga,CAMILLUS 9,State Assembly,126,CON,John Lemondes Jr.,22
Onondaga,CAMILLUS 9,State Assembly,126,WOR,Ian Phillips,14
Onondaga,CAMILLUS 15,President,,DEM,Kamala D. Harris,326
Onondaga,CAMILLUS 15,President,,REP,Donald J. Trump,196
Onondaga,CAMILLUS 15,President,,CON,Donald J. Trump,29
Onondaga,CAMILLUS 15,President,,WOR,Kamala D. Harris,19
Onondaga,CAMILLUS 15,President,,,Write-in,4
Onondaga,CAMILLUS 15,U.S. Senate,,DEM,Kirsten E. Gillibrand,322
Onondaga,CAMILLUS 15,U.S. Senate,,REP,Michael D. Sapraicone,190
Onondaga,CAMILLUS 15,U.S. Senate,,CON,Michael D. Sapraicone,32
Onondaga,CAMILLUS 15,U.S. Senate,,WOR,Kirsten E. Gillibrand,22
Onondaga,CAMILLUS 15,U.S. Senate,,LAR,Diane Sare,4
Onondaga,CAMILLUS 15,U.S. House,22,DEM,John W. Mannion,332
Onondaga,CAMILLUS 15,U.S. House,22,REP,Brandon M. Williams,186
Onondaga,CAMILLUS 15,U.S. House,22,CON,Brandon M. Williams,36
Onondaga,CAMILLUS 15,U.S. House,22,WOR,John W. Mannion,20
Onondaga,CAMILLUS 15,U.S. House,22,,Write-in,1
Onondaga,CAMILLUS 15,State Senate,50,DEM,Christopher J. Ryan,302
Onondaga,CAMILLUS 15,State Senate,50,REP,Nick Paro,201
Onondaga,CAMILLUS 15,State Senate,50,CON,Nick Paro,34
Onondaga,CAMILLUS 15,State Senate,50,WOR,Christopher J. Ryan,26
Onondaga,CAMILLUS 15,State Senate,50,,Write-in,1
Onondaga,CAMILLUS 15,State Assembly,126,DEM,Ian Phillips,270
Onondaga,CAMILLUS 15,State Assembly,126,REP,John Lemondes Jr.,229
Onondaga,CAMILLUS 15,State Assembly,126,CON,John Lemondes Jr.,37
Onondaga,CAMILLUS 15,State Assembly,126,WOR,Ian Phillips,24
Onondaga,CAMILLUS 19,President,,DEM,Kamala D. Harris,297
Onondaga,CAMILLUS 19,President,,REP,Donald J. Trump,198
Onondaga,CAMILLUS 19,President,,CON,Donald J. Trump,29
Onondaga,CAMILLUS 19,President,,WOR,Kamala D. Harris,10
Onondaga,CAMILLUS 19,President,,,Write-in,6
Onondaga,CAMILLUS 19,U.S. Senate,,DEM,Kirsten E. Gillibrand,296
Onondaga,CAMILLUS 19,U.S. Senate,,REP,Michael D. Sapraicone,192
Onondaga,CAMILLUS 19,U.S. Senate,,CON,Michael D. Sapraicone,31
Onondaga,CAMILLUS 19,U.S. Senate,,WOR,Kirsten E. Gillibrand,20
Onondaga,CAMILLUS 19,U.S. House,22,DEM,John W. Mannion,307
Onondaga,CAMILLUS 19,U.S. House,22,REP,Brandon M. Williams,188
Onondaga,CAMILLUS 19,U.S. House,22,CON,Brandon M. Williams,35
Onondaga,CAMILLUS 19,U.S. House,22,WOR,John W. Mannion,15
Onondaga,CAMILLUS 19,State Senate,50,DEM,Christopher J. Ryan,289
Onondaga,CAMILLUS 19,State Senate,50,REP,Nick Paro,205
Onondaga,CAMILLUS 19,State Senate,50,CON,Nick Paro,30
Onondaga,CAMILLUS 19,State Senate,50,WOR,Christopher J. Ryan,14
Onondaga,CAMILLUS 19,State Assembly,126,DEM,Ian Phillips,259
Onondaga,CAMILLUS 19,State Assembly,126,REP,John Lemondes Jr.,219
Onondaga,CAMILLUS 19,State Assembly,126,CON,John Lemondes Jr.,37
Onondaga,CAMILLUS 19,State Assembly,126,WOR,Ian Phillips,16
Onondaga,CAMILLUS 22,President,,DEM,Kamala D. Harris,338
Onondaga,CAMILLUS 22,President,,REP,Donald J. Trump,181
Onondaga,CAMILLUS 22,President,,CON,Donald J. Trump,30
Onondaga,CAMILLUS 22,President,,WOR,Kamala D. Harris,26
Onondaga,CAMILLUS 22,President,,,Write-in,3
Onondaga,CAMILLUS 22,U.S. Senate,,DEM,Kirsten E. Gillibrand,339
Onondaga,CAMILLUS 22,U.S. Senate,,REP,Michael D. Sapraicone,173
Onondaga,CAMILLUS 22,U.S. Senate,,CON,Michael D. Sapraicone,27
Onondaga,CAMILLUS 22,U.S. Senate,,WOR,Kirsten E. Gillibrand,32
Onondaga,CAMILLUS 22,U.S. Senate,,LAR,Diane Sare,3
Onondaga,CAMILLUS 22,U.S. Senate,,,Write-in,1
Onondaga,CAMILLUS 22,U.S. House,22,DEM,John W. Mannion,338
Onondaga,CAMILLUS 22,U.S. House,22,REP,Brandon M. Williams,179
Onondaga,CAMILLUS 22,U.S. House,22,CON,Brandon M. Williams,21
Onondaga,CAMILLUS 22,U.S. House,22,WOR,John W. Mannion,31
Onondaga,CAMILLUS 22,U.S. House,22,,Write-in,4
Onondaga,CAMILLUS 22,State Senate,50,DEM,Christopher J. Ryan,305
Onondaga,CAMILLUS 22,State Senate,50,REP,Nick Paro,205
Onondaga,CAMILLUS 22,State Senate,50,CON,Nick Paro,29
Onondaga,CAMILLUS 22,State Senate,50,WOR,Christopher J. Ryan,31
Onondaga,CAMILLUS 22,State Senate,50,,Write-in,1
Onondaga,CAMILLUS 22,State Assembly,126,DEM,Ian Phillips,282
Onondaga,CAMILLUS 22,State Assembly,126,REP,John Lemondes Jr.,223
Onondaga,CAMILLUS 22,State Assembly,126,CON,John Lemondes Jr.,33
Onondaga,CAMILLUS 22,State Assembly,126,WOR,Ian Phillips,30
Onondaga,CAMILLUS 23,President,,DEM,Kamala D. Harris,252
Onondaga,CAMILLUS 23,President,,REP,Donald J. Trump,159
Onondaga,CAMILLUS 23,President,,CON,Donald J. Trump,25
Onondaga,CAMILLUS 23,President,,WOR,Kamala D. Harris,8
Onondaga,CAMILLUS 23,U.S. Senate,,DEM,Kirsten E. Gillibrand,244
Onondaga,CAMILLUS 23,U.S. Senate,,REP,Michael D. Sapraicone,154
Onondaga,CAMILLUS 23,U.S. Senate,,CON,Michael D. Sapraicone,31
Onondaga,CAMILLUS 23,U.S. Senate,,WOR,Kirsten E. Gillibrand,16
Onondaga,CAMILLUS 23,U.S. House,22,DEM,John W. Mannion,251
Onondaga,CAMILLUS 23,U.S. House,22,REP,Brandon M. Williams,157
Onondaga,CAMILLUS 23,U.S. House,22,CON,Brandon M. Williams,22
Onondaga,CAMILLUS 23,U.S. House,22,WOR,John W. Mannion,20
Onondaga,CAMILLUS 23,U.S. House,22,,Write-in,2
Onondaga,CAMILLUS 23,State Senate,50,DEM,Christopher J. Ryan,232
Onondaga,CAMILLUS 23,State Senate,50,REP,Nick Paro,169
Onondaga,CAMILLUS 23,State Senate,50,CON,Nick Paro,28
Onondaga,CAMILLUS 23,State Senate,50,WOR,Christopher J. Ryan,15
Onondaga,CAMILLUS 23,State Assembly,126,DEM,Ian Phillips,208
Onondaga,CAMILLUS 23,State Assembly,126,REP,John Lemondes Jr.,181
Onondaga,CAMILLUS 23,State Assembly,126,CON,John Lemondes Jr.,33
Onondaga,CAMILLUS 23,State Assembly,126,WOR,Ian Phillips,16
Onondaga,CAMILLUS 3,President,,DEM,Kamala D. Harris,294
Onondaga,CAMILLUS 3,President,,REP,Donald J. Trump,217
Onondaga,CAMILLUS 3,President,,CON,Donald J. Trump,29
Onondaga,CAMILLUS 3,President,,WOR,Kamala D. Harris,13
Onondaga,CAMILLUS 3,U.S. Senate,,DEM,Kirsten E. Gillibrand,290
Onondaga,CAMILLUS 3,U.S. Senate,,REP,Michael D. Sapraicone,201
Onondaga,CAMILLUS 3,U.S. Senate,,CON,Michael D. Sapraicone,29
Onondaga,CAMILLUS 3,U.S. Senate,,WOR,Kirsten E. Gillibrand,23
Onondaga,CAMILLUS 3,U.S. Senate,,LAR,Diane Sare,1
Onondaga,CAMILLUS 3,U.S. House,22,DEM,John W. Mannion,293
Onondaga,CAMILLUS 3,U.S. House,22,REP,Brandon M. Williams,207
Onondaga,CAMILLUS 3,U.S. House,22,CON,Brandon M. Williams,30
Onondaga,CAMILLUS 3,U.S. House,22,WOR,John W. Mannion,19
Onondaga,CAMILLUS 3,State Senate,50,DEM,Christopher J. Ryan,269
Onondaga,CAMILLUS 3,State Senate,50,REP,Nick Paro,220
Onondaga,CAMILLUS 3,State Senate,50,CON,Nick Paro,26
Onondaga,CAMILLUS 3,State Senate,50,WOR,Christopher J. Ryan,22
Onondaga,CAMILLUS 3,State Assembly,126,DEM,Ian Phillips,244
Onondaga,CAMILLUS 3,State Assembly,126,REP,John Lemondes Jr.,237
Onondaga,CAMILLUS 3,State Assembly,126,CON,John Lemondes Jr.,32
Onondaga,CAMILLUS 3,State Assembly,126,WOR,Ian Phillips,21
Onondaga,CAMILLUS 8,President,,DEM,Kamala D. Harris,171
Onondaga,CAMILLUS 8,President,,REP,Donald J. Trump,102
Onondaga,CAMILLUS 8,President,,CON,Donald J. Trump,13
Onondaga,CAMILLUS 8,President,,WOR,Kamala D. Harris,9
Onondaga,CAMILLUS 8,President,,,Write-in,2
Onondaga,CAMILLUS 8,U.S. Senate,,DEM,Kirsten E. Gillibrand,164
Onondaga,CAMILLUS 8,U.S. Senate,,REP,Michael D. Sapraicone,101
Onondaga,CAMILLUS 8,U.S. Senate,,CON,Michael D. Sapraicone,14
Onondaga,CAMILLUS 8,U.S. Senate,,WOR,Kirsten E. Gillibrand,14
Onondaga,CAMILLUS 8,U.S. Senate,,,Write-in,1
Onondaga,CAMILLUS 8,U.S. House,22,DEM,John W. Mannion,170
Onondaga,CAMILLUS 8,U.S. House,22,REP,Brandon M. Williams,95
Onondaga,CAMILLUS 8,U.S. House,22,CON,Brandon M. Williams,11
Onondaga,CAMILLUS 8,U.S. House,22,WOR,John W. Mannion,18
Onondaga,CAMILLUS 8,U.S. House,22,,Write-in,1
Onondaga,CAMILLUS 8,State Senate,50,DEM,Christopher J. Ryan,160
Onondaga,CAMILLUS 8,State Senate,50,REP,Nick Paro,105
Onondaga,CAMILLUS 8,State Senate,50,CON,Nick Paro,17
Onondaga,CAMILLUS 8,State Senate,50,WOR,Christopher J. Ryan,10
Onondaga,CAMILLUS 8,State Senate,50,,Write-in,1
Onondaga,CAMILLUS 8,State Assembly,126,DEM,Ian Phillips,149
Onondaga,CAMILLUS 8,State Assembly,126,REP,John Lemondes Jr.,115
Onondaga,CAMILLUS 8,State Assembly,126,CON,John Lemondes Jr.,16
Onondaga,CAMILLUS 8,State Assembly,126,WOR,Ian Phillips,8
Onondaga,CAMILLUS 10,President,,DEM,Kamala D. Harris,348
Onondaga,CAMILLUS 10,President,,REP,Donald J. Trump,232
Onondaga,CAMILLUS 10,President,,CON,Donald J. Trump,26
Onondaga,CAMILLUS 10,President,,WOR,Kamala D. Harris,9
Onondaga,CAMILLUS 10,President,,,Write-in,2
Onondaga,CAMILLUS 10,U.S. Senate,,DEM,Kirsten E. Gillibrand,341
Onondaga,CAMILLUS 10,U.S. Senate,,REP,Michael D. Sapraicone,218
Onondaga,CAMILLUS 10,U.S. Senate,,CON,Michael D. Sapraicone,25
Onondaga,CAMILLUS 10,U.S. Senate,,WOR,Kirsten E. Gillibrand,18
Onondaga,CAMILLUS 10,U.S. House,22,DEM,John W. Mannion,344
Onondaga,CAMILLUS 10,U.S. House,22,REP,Brandon M. Williams,217
Onondaga,CAMILLUS 10,U.S. House,22,CON,Brandon M. Williams,30
Onondaga,CAMILLUS 10,U.S. House,22,WOR,John W. Mannion,20
Onondaga,CAMILLUS 10,State Senate,50,DEM,Christopher J. Ryan,315
Onondaga,CAMILLUS 10,State Senate,50,REP,Nick Paro,239
Onondaga,CAMILLUS 10,State Senate,50,CON,Nick Paro,29
Onondaga,CAMILLUS 10,State Senate,50,WOR,Christopher J. Ryan,16
Onondaga,CAMILLUS 10,State Assembly,126,DEM,Ian Phillips,284
Onondaga,CAMILLUS 10,State Assembly,126,REP,John Lemondes Jr.,262
Onondaga,CAMILLUS 10,State Assembly,126,CON,John Lemondes Jr.,30
Onondaga,CAMILLUS 10,State Assembly,126,WOR,Ian Phillips,15
Onondaga,CAMILLUS 18,President,,DEM,Kamala D. Harris,277
Onondaga,CAMILLUS 18,President,,REP,Donald J. Trump,229
Onondaga,CAMILLUS 18,President,,CON,Donald J. Trump,20
Onondaga,CAMILLUS 18,President,,WOR,Kamala D. Harris,12
Onondaga,CAMILLUS 18,President,,,Write-in,1
Onondaga,CAMILLUS 18,U.S. Senate,,DEM,Kirsten E. Gillibrand,275
Onondaga,CAMILLUS 18,U.S. Senate,,REP,Michael D. Sapraicone,211
Onondaga,CAMILLUS 18,U.S. Senate,,CON,Michael D. Sapraicone,22
Onondaga,CAMILLUS 18,U.S. Senate,,WOR,Kirsten E. Gillibrand,15
Onondaga,CAMILLUS 18,U.S. Senate,,LAR,Diane Sare,2
Onondaga,CAMILLUS 18,U.S. Senate,,,Write-in,2
Onondaga,CAMILLUS 18,U.S. House,22,DEM,John W. Mannion,280
Onondaga,CAMILLUS 18,U.S. House,22,REP,Brandon M. Williams,215
Onondaga,CAMILLUS 18,U.S. House,22,CON,Brandon M. Williams,20
Onondaga,CAMILLUS 18,U.S. House,22,WOR,John W. Mannion,18
Onondaga,CAMILLUS 18,U.S. House,22,,Write-in,2
Onondaga,CAMILLUS 18,State Senate,50,DEM,Christopher J. Ryan,265
Onondaga,CAMILLUS 18,State Senate,50,REP,Nick Paro,229
Onondaga,CAMILLUS 18,State Senate,50,CON,Nick Paro,25
Onondaga,CAMILLUS 18,State Senate,50,WOR,Christopher J. Ryan,12
Onondaga,CAMILLUS 18,State Senate,50,,Write-in,2
Onondaga,CAMILLUS 18,State Assembly,126,DEM,Ian Phillips,232
Onondaga,CAMILLUS 18,State Assembly,126,REP,John Lemondes Jr.,250
Onondaga,CAMILLUS 18,State Assembly,126,CON,John Lemondes Jr.,27
Onondaga,CAMILLUS 18,State Assembly,126,WOR,Ian Phillips,10
Onondaga,CAMILLUS 24,President,,DEM,Kamala D. Harris,351
Onondaga,CAMILLUS 24,President,,REP,Donald J. Trump,223
Onondaga,CAMILLUS 24,President,,CON,Donald J. Trump,29
Onondaga,CAMILLUS 24,President,,WOR,Kamala D. Harris,12
Onondaga,CAMILLUS 24,President,,,Write-in,3
Onondaga,CAMILLUS 24,U.S. Senate,,DEM,Kirsten E. Gillibrand,357
Onondaga,CAMILLUS 24,U.S. Senate,,REP,Michael D. Sapraicone,204
Onondaga,CAMILLUS 24,U.S. Senate,,CON,Michael D. Sapraicone,29
Onondaga,CAMILLUS 24,U.S. Senate,,WOR,Kirsten E. Gillibrand,18
Onondaga,CAMILLUS 24,U.S. Senate,,LAR,Diane Sare,5
Onondaga,CAMILLUS 24,U.S. House,22,DEM,John W. Mannion,358
Onondaga,CAMILLUS 24,U.S. House,22,REP,Brandon M. Williams,214
Onondaga,CAMILLUS 24,U.S. House,22,CON,Brandon M. Williams,31
Onondaga,CAMILLUS 24,U.S. House,22,WOR,John W. Mannion,17
Onondaga,CAMILLUS 24,State Senate,50,DEM,Christopher J. Ryan,334
Onondaga,CAMILLUS 24,State Senate,50,REP,Nick Paro,230
Onondaga,CAMILLUS 24,State Senate,50,CON,Nick Paro,30
Onondaga,CAMILLUS 24,State Senate,50,WOR,Christopher J. Ryan,17
Onondaga,CAMILLUS 24,State Assembly,126,DEM,Ian Phillips,293
Onondaga,CAMILLUS 24,State Assembly,126,REP,John Lemondes Jr.,256
Onondaga,CAMILLUS 24,State Assembly,126,CON,John Lemondes Jr.,39
Onondaga,CAMILLUS 24,State Assembly,126,WOR,Ian Phillips,13
Onondaga,CAMILLUS 24,State Assembly,126,,Write-in,1
Onondaga,CICERO 1,President,,DEM,Kamala D. Harris,265
Onondaga,CICERO 1,President,,REP,Donald J. Trump,352
Onondaga,CICERO 1,President,,CON,Donald J. Trump,38
Onondaga,CICERO 1,President,,WOR,Kamala D. Harris,16
Onondaga,CICERO 1,President,,,Write-in,3
Onondaga,CICERO 1,U.S. Senate,,DEM,Kirsten E. Gillibrand,272
Onondaga,CICERO 1,U.S. Senate,,REP,Michael D. Sapraicone,303
Onondaga,CICERO 1,U.S. Senate,,CON,Michael D. Sapraicone,45
Onondaga,CICERO 1,U.S. Senate,,WOR,Kirsten E. Gillibrand,30
Onondaga,CICERO 1,U.S. Senate,,LAR,Diane Sare,5
Onondaga,CICERO 1,U.S. House,22,DEM,John W. Mannion,268
Onondaga,CICERO 1,U.S. House,22,REP,Brandon M. Williams,321
Onondaga,CICERO 1,U.S. House,22,CON,Brandon M. Williams,46
Onondaga,CICERO 1,U.S. House,22,WOR,John W. Mannion,27
Onondaga,CICERO 1,State Senate,50,DEM,Christopher J. Ryan,252
Onondaga,CICERO 1,State Senate,50,REP,Nick Paro,325
Onondaga,CICERO 1,State Senate,50,CON,Nick Paro,52
Onondaga,CICERO 1,State Senate,50,WOR,Christopher J. Ryan,29
Onondaga,CICERO 1,State Assembly,127,DEM,"Albert A. Stirpe, Jr.",270
Onondaga,CICERO 1,State Assembly,127,REP,Timothy R. Kelly,310
Onondaga,CICERO 1,State Assembly,127,CON,Timothy R. Kelly,47
Onondaga,CICERO 1,State Assembly,127,WOR,"Albert A. Stirpe, Jr.",34
Onondaga,CICERO 2,President,,DEM,Kamala D. Harris,343
Onondaga,CICERO 2,President,,REP,Donald J. Trump,396
Onondaga,CICERO 2,President,,CON,Donald J. Trump,54
Onondaga,CICERO 2,President,,WOR,Kamala D. Harris,20
Onondaga,CICERO 2,President,,,Write-in,2
Onondaga,CICERO 2,U.S. Senate,,DEM,Kirsten E. Gillibrand,348
Onondaga,CICERO 2,U.S. Senate,,REP,Michael D. Sapraicone,369
Onondaga,CICERO 2,U.S. Senate,,CON,Michael D. Sapraicone,52
Onondaga,CICERO 2,U.S. Senate,,WOR,Kirsten E. Gillibrand,30
Onondaga,CICERO 2,U.S. Senate,,LAR,Diane Sare,3
Onondaga,CICERO 2,U.S. House,22,DEM,John W. Mannion,347
Onondaga,CICERO 2,U.S. House,22,REP,Brandon M. Williams,386
Onondaga,CICERO 2,U.S. House,22,CON,Brandon M. Williams,53
Onondaga,CICERO 2,U.S. House,22,WOR,John W. Mannion,29
Onondaga,CICERO 2,State Senate,50,DEM,Christopher J. Ryan,322
Onondaga,CICERO 2,State Senate,50,REP,Nick Paro,392
Onondaga,CICERO 2,State Senate,50,CON,Nick Paro,58
Onondaga,CICERO 2,State Senate,50,WOR,Christopher J. Ryan,28
Onondaga,CICERO 2,State Assembly,127,DEM,"Albert A. Stirpe, Jr.",366
Onondaga,CICERO 2,State Assembly,127,REP,Timothy R. Kelly,350
Onondaga,CICERO 2,State Assembly,127,CON,Timothy R. Kelly,54
Onondaga,CICERO 2,State Assembly,127,WOR,"Albert A. Stirpe, Jr.",38
Onondaga,CICERO 3,President,,DEM,Kamala D. Harris,310
Onondaga,CICERO 3,President,,REP,Donald J. Trump,286
Onondaga,CICERO 3,President,,CON,Donald J. Trump,41
Onondaga,CICERO 3,President,,WOR,Kamala D. Harris,18
Onondaga,CICERO 3,President,,,Write-in,1
Onondaga,CICERO 3,U.S. Senate,,DEM,Kirsten E. Gillibrand,301
Onondaga,CICERO 3,U.S. Senate,,REP,Michael D. Sapraicone,264
Onondaga,CICERO 3,U.S. Senate,,CON,Michael D. Sapraicone,42
Onondaga,CICERO 3,U.S. Senate,,WOR,Kirsten E. Gillibrand,33
Onondaga,CICERO 3,U.S. Senate,,LAR,Diane Sare,5
Onondaga,CICERO 3,U.S. Senate,,,Write-in,1
Onondaga,CICERO 3,U.S. House,22,DEM,John W. Mannion,297
Onondaga,CICERO 3,U.S. House,22,REP,Brandon M. Williams,272
Onondaga,CICERO 3,U.S. House,22,CON,Brandon M. Williams,42
Onondaga,CICERO 3,U.S. House,22,WOR,John W. Mannion,38
Onondaga,CICERO 3,U.S. House,22,,Write-in,1
Onondaga,CICERO 3,State Senate,50,DEM,Christopher J. Ryan,280
Onondaga,CICERO 3,State Senate,50,REP,Nick Paro,279
Onondaga,CICERO 3,State Senate,50,CON,Nick Paro,50
Onondaga,CICERO 3,State Senate,50,WOR,Christopher J. Ryan,31
Onondaga,CICERO 3,State Assembly,127,DEM,"Albert A. Stirpe, Jr.",304
Onondaga,CICERO 3,State Assembly,127,REP,Timothy R. Kelly,261
Onondaga,CICERO 3,State Assembly,127,CON,Timothy R. Kelly,40
Onondaga,CICERO 3,State Assembly,127,WOR,"Albert A. Stirpe, Jr.",40
Onondaga,CICERO 3,State Assembly,127,,Write-in,1
Onondaga,CICERO 4,President,,DEM,Kamala D. Harris,298
Onondaga,CICERO 4,President,,REP,Donald J. Trump,366
Onondaga,CICERO 4,President,,CON,Donald J. Trump,38
Onondaga,CICERO 4,President,,WOR,Kamala D. Harris,19
Onondaga,CICERO 4,President,,,Write-in,5
Onondaga,CICERO 4,U.S. Senate,,DEM,Kirsten E. Gillibrand,311
Onondaga,CICERO 4,U.S. Senate,,REP,Michael D. Sapraicone,322
Onondaga,CICERO 4,U.S. Senate,,CON,Michael D. Sapraicone,40
Onondaga,CICERO 4,U.S. Senate,,WOR,Kirsten E. Gillibrand,31
Onondaga,CICERO 4,U.S. Senate,,LAR,Diane Sare,3
Onondaga,CICERO 4,U.S. Senate,,,Write-in,3
Onondaga,CICERO 4,U.S. House,22,DEM,John W. Mannion,296
Onondaga,CICERO 4,U.S. House,22,REP,Brandon M. Williams,341
Onondaga,CICERO 4,U.S. House,22,CON,Brandon M. Williams,39
Onondaga,CICERO 4,U.S. House,22,WOR,John W. Mannion,32
Onondaga,CICERO 4,U.S. House,22,,Write-in,4
Onondaga,CICERO 4,State Senate,50,DEM,Christopher J. Ryan,272
Onondaga,CICERO 4,State Senate,50,REP,Nick Paro,361
Onondaga,CICERO 4,State Senate,50,CON,Nick Paro,45
Onondaga,CICERO 4,State Senate,50,WOR,Christopher J. Ryan,28
Onondaga,CICERO 4,State Senate,50,,Write-in,3
Onondaga,CICERO 4,State Assembly,127,DEM,"Albert A. Stirpe, Jr.",296
Onondaga,CICERO 4,State Assembly,127,REP,Timothy R. Kelly,343
Onondaga,CICERO 4,State Assembly,127,CON,Timothy R. Kelly,45
Onondaga,CICERO 4,State Assembly,127,WOR,"Albert A. Stirpe, Jr.",26
Onondaga,CICERO 4,State Assembly,127,,Write-in,3
Onondaga,CICERO 5,President,,DEM,Kamala D. Harris,292
Onondaga,CICERO 5,President,,REP,Donald J. Trump,236
Onondaga,CICERO 5,President,,CON,Donald J. Trump,33
Onondaga,CICERO 5,President,,WOR,Kamala D. Harris,23
Onondaga,CICERO 5,President,,,Write-in,1
Onondaga,CICERO 5,U.S. Senate,,DEM,Kirsten E. Gillibrand,292
Onondaga,CICERO 5,U.S. Senate,,REP,Michael D. Sapraicone,214
Onondaga,CICERO 5,U.S. Senate,,CON,Michael D. Sapraicone,27
Onondaga,CICERO 5,U.S. Senate,,WOR,Kirsten E. Gillibrand,38
Onondaga,CICERO 5,U.S. Senate,,LAR,Diane Sare,1
Onondaga,CICERO 5,U.S. House,22,DEM,John W. Mannion,295
Onondaga,CICERO 5,U.S. House,22,REP,Brandon M. Williams,211
Onondaga,CICERO 5,U.S. House,22,CON,Brandon M. Williams,29
Onondaga,CICERO 5,U.S. House,22,WOR,John W. Mannion,34
Onondaga,CICERO 5,State Senate,50,DEM,Christopher J. Ryan,274
Onondaga,CICERO 5,State Senate,50,REP,Nick Paro,223
Onondaga,CICERO 5,State Senate,50,CON,Nick Paro,37
Onondaga,CICERO 5,State Senate,50,WOR,Christopher J. Ryan,29
Onondaga,CICERO 5,State Senate,50,,Write-in,1
Onondaga,CICERO 5,State Assembly,127,DEM,"Albert A. Stirpe, Jr.",288
Onondaga,CICERO 5,State Assembly,127,REP,Timothy R. Kelly,216
Onondaga,CICERO 5,State Assembly,127,CON,Timothy R. Kelly,27
Onondaga,CICERO 5,State Assembly,127,WOR,"Albert A. Stirpe, Jr.",31
Onondaga,CICERO 5,State Assembly,127,,Write-in,1
Onondaga,CICERO 6,President,,DEM,Kamala D. Harris,216
Onondaga,CICERO 6,President,,REP,Donald J. Trump,153
Onondaga,CICERO 6,President,,CON,Donald J. Trump,27
Onondaga,CICERO 6,President,,WOR,Kamala D. Harris,16
Onondaga,CICERO 6,U.S. Senate,,DEM,Kirsten E. Gillibrand,218
Onondaga,CICERO 6,U.S. Senate,,REP,Michael D. Sapraicone,136
Onondaga,CICERO 6,U.S. Senate,,CON,Michael D. Sapraicone,23
Onondaga,CICERO 6,U.S. Senate,,WOR,Kirsten E. Gillibrand,19
Onondaga,CICERO 6,U.S. Senate,,LAR,Diane Sare,4
Onondaga,CICERO 6,U.S. House,22,DEM,John W. Mannion,209
Onondaga,CICERO 6,U.S. House,22,REP,Brandon M. Williams,146
Onondaga,CICERO 6,U.S. House,22,CON,Brandon M. Williams,24
Onondaga,CICERO 6,U.S. House,22,WOR,John W. Mannion,24
Onondaga,CICERO 6,State Senate,50,DEM,Christopher J. Ryan,194
Onondaga,CICERO 6,State Senate,50,REP,Nick Paro,158
Onondaga,CICERO 6,State Senate,50,CON,Nick Paro,25
Onondaga,CICERO 6,State Senate,50,WOR,Christopher J. Ryan,20
Onondaga,CICERO 6,State Assembly,127,DEM,"Albert A. Stirpe, Jr.",217
Onondaga,CICERO 6,State Assembly,127,REP,Timothy R. Kelly,131
Onondaga,CICERO 6,State Assembly,127,CON,Timothy R. Kelly,25
Onondaga,CICERO 6,State Assembly,127,WOR,"Albert A. Stirpe, Jr.",22
Onondaga,CICERO 7,President,,DEM,Kamala D. Harris,218
Onondaga,CICERO 7,President,,REP,Donald J. Trump,296
Onondaga,CICERO 7,President,,CON,Donald J. Trump,36
Onondaga,CICERO 7,President,,WOR,Kamala D. Harris,20
Onondaga,CICERO 7,President,,,Write-in,3
Onondaga,CICERO 7,U.S. Senate,,DEM,Kirsten E. Gillibrand,234
Onondaga,CICERO 7,U.S. Senate,,REP,Michael D. Sapraicone,260
Onondaga,CICERO 7,U.S. Senate,,CON,Michael D. Sapraicone,34
Onondaga,CICERO 7,U.S. Senate,,WOR,Kirsten E. Gillibrand,30
Onondaga,CICERO 7,U.S. Senate,,LAR,Diane Sare,2
Onondaga,CICERO 7,U.S. House,22,DEM,John W. Mannion,227
Onondaga,CICERO 7,U.S. House,22,REP,Brandon M. Williams,274
Onondaga,CICERO 7,U.S. House,22,CON,Brandon M. Williams,35
Onondaga,CICERO 7,U.S. House,22,WOR,John W. Mannion,27
Onondaga,CICERO 7,State Senate,50,DEM,Christopher J. Ryan,212
Onondaga,CICERO 7,State Senate,50,REP,Nick Paro,275
Onondaga,CICERO 7,State Senate,50,CON,Nick Paro,44
Onondaga,CICERO 7,State Senate,50,WOR,Christopher J. Ryan,20
Onondaga,CICERO 7,State Senate,50,,Write-in,1
Onondaga,CICERO 7,State Assembly,127,DEM,"Albert A. Stirpe, Jr.",232
Onondaga,CICERO 7,State Assembly,127,REP,Timothy R. Kelly,261
Onondaga,CICERO 7,State Assembly,127,CON,Timothy R. Kelly,33
Onondaga,CICERO 7,State Assembly,127,WOR,"Albert A. Stirpe, Jr.",32
Onondaga,CICERO 8,President,,DEM,Kamala D. Harris,302
Onondaga,CICERO 8,President,,REP,Donald J. Trump,317
Onondaga,CICERO 8,President,,CON,Donald J. Trump,34
Onondaga,CICERO 8,President,,WOR,Kamala D. Harris,11
Onondaga,CICERO 8,President,,,Write-in,4
Onondaga,CICERO 8,U.S. Senate,,DEM,Kirsten E. Gillibrand,290
Onondaga,CICERO 8,U.S. Senate,,REP,Michael D. Sapraicone,304
Onondaga,CICERO 8,U.S. Senate,,CON,Michael D. Sapraicone,34
Onondaga,CICERO 8,U.S. Senate,,WOR,Kirsten E. Gillibrand,23
Onondaga,CICERO 8,U.S. Senate,,LAR,Diane Sare,4
Onondaga,CICERO 8,U.S. House,22,DEM,John W. Mannion,306
Onondaga,CICERO 8,U.S. House,22,REP,Brandon M. Williams,302
Onondaga,CICERO 8,U.S. House,22,CON,Brandon M. Williams,40
Onondaga,CICERO 8,U.S. House,22,WOR,John W. Mannion,20
Onondaga,CICERO 8,State Senate,50,DEM,Christopher J. Ryan,256
Onondaga,CICERO 8,State Senate,50,REP,Nick Paro,332
Onondaga,CICERO 8,State Senate,50,CON,Nick Paro,39
Onondaga,CICERO 8,State Senate,50,WOR,Christopher J. Ryan,18
Onondaga,CICERO 8,State Senate,50,,Write-in,1
Onondaga,CICERO 8,State Assembly,127,DEM,"Albert A. Stirpe, Jr.",298
Onondaga,CICERO 8,State Assembly,127,REP,Timothy R. Kelly,293
Onondaga,CICERO 8,State Assembly,127,CON,Timothy R. Kelly,41
Onondaga,CICERO 8,State Assembly,127,WOR,"Albert A. Stirpe, Jr.",22
Onondaga,CICERO 8,State Assembly,127,,Write-in,2
Onondaga,CICERO 9,President,,DEM,Kamala D. Harris,360
Onondaga,CICERO 9,President,,REP,Donald J. Trump,347
Onondaga,CICERO 9,President,,CON,Donald J. Trump,56
Onondaga,CICERO 9,President,,WOR,Kamala D. Harris,12
Onondaga,CICERO 9,President,,,Write-in,10
Onondaga,CICERO 9,U.S. Senate,,DEM,Kirsten E. Gillibrand,363
Onondaga,CICERO 9,U.S. Senate,,REP,Michael D. Sapraicone,316
Onondaga,CICERO 9,U.S. Senate,,CON,Michael D. Sapraicone,49
Onondaga,CICERO 9,U.S. Senate,,WOR,Kirsten E. Gillibrand,34
Onondaga,CICERO 9,U.S. Senate,,LAR,Diane Sare,8
Onondaga,CICERO 9,U.S. Senate,,,Write-in,6
Onondaga,CICERO 9,U.S. House,22,DEM,John W. Mannion,373
Onondaga,CICERO 9,U.S. House,22,REP,Brandon M. Williams,329
Onondaga,CICERO 9,U.S. House,22,CON,Brandon M. Williams,55
Onondaga,CICERO 9,U.S. House,22,WOR,John W. Mannion,29
Onondaga,CICERO 9,U.S. House,22,,Write-in,4
Onondaga,CICERO 9,State Senate,50,DEM,Christopher J. Ryan,332
Onondaga,CICERO 9,State Senate,50,REP,Nick Paro,358
Onondaga,CICERO 9,State Senate,50,CON,Nick Paro,64
Onondaga,CICERO 9,State Senate,50,WOR,Christopher J. Ryan,21
Onondaga,CICERO 9,State Senate,50,,Write-in,2
Onondaga,CICERO 9,State Assembly,127,DEM,"Albert A. Stirpe, Jr.",378
Onondaga,CICERO 9,State Assembly,127,REP,Timothy R. Kelly,316
Onondaga,CICERO 9,State Assembly,127,CON,Timothy R. Kelly,51
Onondaga,CICERO 9,State Assembly,127,WOR,"Albert A. Stirpe, Jr.",31
Onondaga,CICERO 9,State Assembly,127,,Write-in,2
Onondaga,CICERO 10,President,,DEM,Kamala D. Harris,218
Onondaga,CICERO 10,President,,REP,Donald J. Trump,285
Onondaga,CICERO 10,President,,CON,Donald J. Trump,44
Onondaga,CICERO 10,President,,WOR,Kamala D. Harris,10
Onondaga,CICERO 10,President,,,Write-in,2
Onondaga,CICERO 10,U.S. Senate,,DEM,Kirsten E. Gillibrand,217
Onondaga,CICERO 10,U.S. Senate,,REP,Michael D. Sapraicone,265
Onondaga,CICERO 10,U.S. Senate,,CON,Michael D. Sapraicone,46
Onondaga,CICERO 10,U.S. Senate,,WOR,Kirsten E. Gillibrand,18
Onondaga,CICERO 10,U.S. Senate,,LAR,Diane Sare,3
Onondaga,CICERO 10,U.S. House,22,DEM,John W. Mannion,215
Onondaga,CICERO 10,U.S. House,22,REP,Brandon M. Williams,277
Onondaga,CICERO 10,U.S. House,22,CON,Brandon M. Williams,49
Onondaga,CICERO 10,U.S. House,22,WOR,John W. Mannion,16
Onondaga,CICERO 10,State Senate,50,DEM,Christopher J. Ryan,193
Onondaga,CICERO 10,State Senate,50,REP,Nick Paro,287
Onondaga,CICERO 10,State Senate,50,CON,Nick Paro,54
Onondaga,CICERO 10,State Senate,50,WOR,Christopher J. Ryan,12
Onondaga,CICERO 10,State Assembly,127,DEM,"Albert A. Stirpe, Jr.",218
Onondaga,CICERO 10,State Assembly,127,REP,Timothy R. Kelly,265
Onondaga,CICERO 10,State Assembly,127,CON,Timothy R. Kelly,49
Onondaga,CICERO 10,State Assembly,127,WOR,"Albert A. Stirpe, Jr.",24
Onondaga,CICERO 11,President,,DEM,Kamala D. Harris,300
Onondaga,CICERO 11,President,,REP,Donald J. Trump,412
Onondaga,CICERO 11,President,,CON,Donald J. Trump,42
Onondaga,CICERO 11,President,,WOR,Kamala D. Harris,6
Onondaga,CICERO 11,President,,,Write-in,3
Onondaga,CICERO 11,U.S. Senate,,DEM,Kirsten E. Gillibrand,309
Onondaga,CICERO 11,U.S. Senate,,REP,Michael D. Sapraicone,372
Onondaga,CICERO 11,U.S. Senate,,CON,Michael D. Sapraicone,47
Onondaga,CICERO 11,U.S. Senate,,WOR,Kirsten E. Gillibrand,15
Onondaga,CICERO 11,U.S. Senate,,LAR,Diane Sare,6
Onondaga,CICERO 11,U.S. House,22,DEM,John W. Mannion,315
Onondaga,CICERO 11,U.S. House,22,REP,Brandon M. Williams,385
Onondaga,CICERO 11,U.S. House,22,CON,Brandon M. Williams,48
Onondaga,CICERO 11,U.S. House,22,WOR,John W. Mannion,15
Onondaga,CICERO 11,State Senate,50,DEM,Christopher J. Ryan,299
Onondaga,CICERO 11,State Senate,50,REP,Nick Paro,388
Onondaga,CICERO 11,State Senate,50,CON,Nick Paro,51
Onondaga,CICERO 11,State Senate,50,WOR,Christopher J. Ryan,20
Onondaga,CICERO 11,State Assembly,127,DEM,"Albert A. Stirpe, Jr.",300
Onondaga,CICERO 11,State Assembly,127,REP,Timothy R. Kelly,384
Onondaga,CICERO 11,State Assembly,127,CON,Timothy R. Kelly,49
Onondaga,CICERO 11,State Assembly,127,WOR,"Albert A. Stirpe, Jr.",17
Onondaga,CICERO 12,President,,DEM,Kamala D. Harris,349
Onondaga,CICERO 12,President,,REP,Donald J. Trump,351
Onondaga,CICERO 12,President,,CON,Donald J. Trump,41
Onondaga,CICERO 12,President,,WOR,Kamala D. Harris,23
Onondaga,CICERO 12,President,,,Write-in,1
Onondaga,CICERO 12,U.S. Senate,,DEM,Kirsten E. Gillibrand,353
Onondaga,CICERO 12,U.S. Senate,,REP,Michael D. Sapraicone,324
Onondaga,CICERO 12,U.S. Senate,,CON,Michael D. Sapraicone,39
Onondaga,CICERO 12,U.S. Senate,,WOR,Kirsten E. Gillibrand,37
Onondaga,CICERO 12,U.S. Senate,,LAR,Diane Sare,1
Onondaga,CICERO 12,U.S. Senate,,,Write-in,1
Onondaga,CICERO 12,U.S. House,22,DEM,John W. Mannion,338
Onondaga,CICERO 12,U.S. House,22,REP,Brandon M. Williams,350
Onondaga,CICERO 12,U.S. House,22,CON,Brandon M. Williams,44
Onondaga,CICERO 12,U.S. House,22,WOR,John W. Mannion,30
Onondaga,CICERO 12,State Senate,50,DEM,Christopher J. Ryan,328
Onondaga,CICERO 12,State Senate,50,REP,Nick Paro,345
Onondaga,CICERO 12,State Senate,50,CON,Nick Paro,50
Onondaga,CICERO 12,State Senate,50,WOR,Christopher J. Ryan,33
Onondaga,CICERO 12,State Senate,50,,Write-in,2
Onondaga,CICERO 12,State Assembly,127,DEM,"Albert A. Stirpe, Jr.",365
Onondaga,CICERO 12,State Assembly,127,REP,Timothy R. Kelly,317
Onondaga,CICERO 12,State Assembly,127,CON,Timothy R. Kelly,39
Onondaga,CICERO 12,State Assembly,127,WOR,"Albert A. Stirpe, Jr.",37
Onondaga,CICERO 12,State Assembly,127,,Write-in,2
Onondaga,CICERO 13,President,,DEM,Kamala D. Harris,330
Onondaga,CICERO 13,President,,REP,Donald J. Trump,415
Onondaga,CICERO 13,President,,CON,Donald J. Trump,45
Onondaga,CICERO 13,President,,WOR,Kamala D. Harris,22
Onondaga,CICERO 13,President,,,Write-in,2
Onondaga,CICERO 13,U.S. Senate,,DEM,Kirsten E. Gillibrand,337
Onondaga,CICERO 13,U.S. Senate,,REP,Michael D. Sapraicone,357
Onondaga,CICERO 13,U.S. Senate,,CON,Michael D. Sapraicone,44
Onondaga,CICERO 13,U.S. Senate,,WOR,Kirsten E. Gillibrand,44
Onondaga,CICERO 13,U.S. Senate,,LAR,Diane Sare,5
Onondaga,CICERO 13,U.S. Senate,,,Write-in,1
Onondaga,CICERO 13,U.S. House,22,DEM,John W. Mannion,334
Onondaga,CICERO 13,U.S. House,22,REP,Brandon M. Williams,376
Onondaga,CICERO 13,U.S. House,22,CON,Brandon M. Williams,46
Onondaga,CICERO 13,U.S. House,22,WOR,John W. Mannion,39
Onondaga,CICERO 13,U.S. House,22,,Write-in,1
Onondaga,CICERO 13,State Senate,50,DEM,Christopher J. Ryan,314
Onondaga,CICERO 13,State Senate,50,REP,Nick Paro,392
Onondaga,CICERO 13,State Senate,50,CON,Nick Paro,57
Onondaga,CICERO 13,State Senate,50,WOR,Christopher J. Ryan,32
Onondaga,CICERO 13,State Senate,50,,Write-in,1
Onondaga,CICERO 13,State Assembly,127,DEM,"Albert A. Stirpe, Jr.",337
Onondaga,CICERO 13,State Assembly,127,REP,Timothy R. Kelly,362
Onondaga,CICERO 13,State Assembly,127,CON,Timothy R. Kelly,49
Onondaga,CICERO 13,State Assembly,127,WOR,"Albert A. Stirpe, Jr.",45
Onondaga,CICERO 13,State Assembly,127,,Write-in,1
Onondaga,CICERO 14,President,,DEM,Kamala D. Harris,345
Onondaga,CICERO 14,President,,REP,Donald J. Trump,267
Onondaga,CICERO 14,President,,CON,Donald J. Trump,33
Onondaga,CICERO 14,President,,WOR,Kamala D. Harris,14
Onondaga,CICERO 14,President,,,Write-in,1
Onondaga,CICERO 14,U.S. Senate,,DEM,Kirsten E. Gillibrand,340
Onondaga,CICERO 14,U.S. Senate,,REP,Michael D. Sapraicone,236
Onondaga,CICERO 14,U.S. Senate,,CON,Michael D. Sapraicone,39
Onondaga,CICERO 14,U.S. Senate,,WOR,Kirsten E. Gillibrand,21
Onondaga,CICERO 14,U.S. Senate,,LAR,Diane Sare,5
Onondaga,CICERO 14,U.S. Senate,,,Write-in,1
Onondaga,CICERO 14,U.S. House,22,DEM,John W. Mannion,335
Onondaga,CICERO 14,U.S. House,22,REP,Brandon M. Williams,253
Onondaga,CICERO 14,U.S. House,22,CON,Brandon M. Williams,40
Onondaga,CICERO 14,U.S. House,22,WOR,John W. Mannion,18
Onondaga,CICERO 14,U.S. House,22,,Write-in,2
Onondaga,CICERO 14,State Senate,50,DEM,Christopher J. Ryan,314
Onondaga,CICERO 14,State Senate,50,REP,Nick Paro,258
Onondaga,CICERO 14,State Senate,50,CON,Nick Paro,42
Onondaga,CICERO 14,State Senate,50,WOR,Christopher J. Ryan,22
Onondaga,CICERO 14,State Assembly,127,DEM,"Albert A. Stirpe, Jr.",338
Onondaga,CICERO 14,State Assembly,127,REP,Timothy R. Kelly,246
Onondaga,CICERO 14,State Assembly,127,CON,Timothy R. Kelly,36
Onondaga,CICERO 14,State Assembly,127,WOR,"Albert A. Stirpe, Jr.",25
Onondaga,CICERO 15,President,,DEM,Kamala D. Harris,263
Onondaga,CICERO 15,President,,REP,Donald J. Trump,239
Onondaga,CICERO 15,President,,CON,Donald J. Trump,27
Onondaga,CICERO 15,President,,WOR,Kamala D. Harris,14
Onondaga,CICERO 15,President,,,Write-in,1
Onondaga,CICERO 15,U.S. Senate,,DEM,Kirsten E. Gillibrand,250
Onondaga,CICERO 15,U.S. Senate,,REP,Michael D. Sapraicone,228
Onondaga,CICERO 15,U.S. Senate,,CON,Michael D. Sapraicone,29
Onondaga,CICERO 15,U.S. Senate,,WOR,Kirsten E. Gillibrand,23
Onondaga,CICERO 15,U.S. Senate,,LAR,Diane Sare,1
Onondaga,CICERO 15,U.S. House,22,DEM,John W. Mannion,256
Onondaga,CICERO 15,U.S. House,22,REP,Brandon M. Williams,228
Onondaga,CICERO 15,U.S. House,22,CON,Brandon M. Williams,35
Onondaga,CICERO 15,U.S. House,22,WOR,John W. Mannion,15
Onondaga,CICERO 15,State Senate,50,DEM,Christopher J. Ryan,245
Onondaga,CICERO 15,State Senate,50,REP,Nick Paro,237
Onondaga,CICERO 15,State Senate,50,CON,Nick Paro,33
Onondaga,CICERO 15,State Senate,50,WOR,Christopher J. Ryan,11
Onondaga,CICERO 15,State Assembly,127,DEM,"Albert A. Stirpe, Jr.",273
Onondaga,CICERO 15,State Assembly,127,REP,Timothy R. Kelly,208
Onondaga,CICERO 15,State Assembly,127,CON,Timothy R. Kelly,29
Onondaga,CICERO 15,State Assembly,127,WOR,"Albert A. Stirpe, Jr.",25
Onondaga,CICERO 16,President,,DEM,Kamala D. Harris,349
Onondaga,CICERO 16,President,,REP,Donald J. Trump,421
Onondaga,CICERO 16,President,,CON,Donald J. Trump,64
Onondaga,CICERO 16,President,,WOR,Kamala D. Harris,11
Onondaga,CICERO 16,U.S. Senate,,DEM,Kirsten E. Gillibrand,350
Onondaga,CICERO 16,U.S. Senate,,REP,Michael D. Sapraicone,410
Onondaga,CICERO 16,U.S. Senate,,CON,Michael D. Sapraicone,61
Onondaga,CICERO 16,U.S. Senate,,WOR,Kirsten E. Gillibrand,18
Onondaga,CICERO 16,U.S. Senate,,LAR,Diane Sare,3
Onondaga,CICERO 16,U.S. Senate,,,Write-in,1
Onondaga,CICERO 16,U.S. House,22,DEM,John W. Mannion,346
Onondaga,CICERO 16,U.S. House,22,REP,Brandon M. Williams,417
Onondaga,CICERO 16,U.S. House,22,CON,Brandon M. Williams,65
Onondaga,CICERO 16,U.S. House,22,WOR,John W. Mannion,22
Onondaga,CICERO 16,U.S. House,22,,Write-in,1
Onondaga,CICERO 16,State Senate,50,DEM,Christopher J. Ryan,315
Onondaga,CICERO 16,State Senate,50,REP,Nick Paro,442
Onondaga,CICERO 16,State Senate,50,CON,Nick Paro,65
Onondaga,CICERO 16,State Senate,50,WOR,Christopher J. Ryan,17
Onondaga,CICERO 16,State Assembly,127,DEM,"Albert A. Stirpe, Jr.",361
Onondaga,CICERO 16,State Assembly,127,REP,Timothy R. Kelly,395
Onondaga,CICERO 16,State Assembly,127,CON,Timothy R. Kelly,58
Onondaga,CICERO 16,State Assembly,127,WOR,"Albert A. Stirpe, Jr.",27
Onondaga,CICERO 16,State Assembly,127,,Write-in,2
Onondaga,CICERO 17,President,,DEM,Kamala D. Harris,266
Onondaga,CICERO 17,President,,REP,Donald J. Trump,271
Onondaga,CICERO 17,President,,CON,Donald J. Trump,34
Onondaga,CICERO 17,President,,WOR,Kamala D. Harris,15
Onondaga,CICERO 17,President,,,Write-in,3
Onondaga,CICERO 17,U.S. Senate,,DEM,Kirsten E. Gillibrand,268
Onondaga,CICERO 17,U.S. Senate,,REP,Michael D. Sapraicone,242
Onondaga,CICERO 17,U.S. Senate,,CON,Michael D. Sapraicone,37
Onondaga,CICERO 17,U.S. Senate,,WOR,Kirsten E. Gillibrand,23
Onondaga,CICERO 17,U.S. Senate,,LAR,Diane Sare,3
Onondaga,CICERO 17,U.S. House,22,DEM,John W. Mannion,272
Onondaga,CICERO 17,U.S. House,22,REP,Brandon M. Williams,253
Onondaga,CICERO 17,U.S. House,22,CON,Brandon M. Williams,33
Onondaga,CICERO 17,U.S. House,22,WOR,John W. Mannion,17
Onondaga,CICERO 17,State Senate,50,DEM,Christopher J. Ryan,251
Onondaga,CICERO 17,State Senate,50,REP,Nick Paro,259
Onondaga,CICERO 17,State Senate,50,CON,Nick Paro,40
Onondaga,CICERO 17,State Senate,50,WOR,Christopher J. Ryan,18
Onondaga,CICERO 17,State Assembly,127,DEM,"Albert A. Stirpe, Jr.",277
Onondaga,CICERO 17,State Assembly,127,REP,Timothy R. Kelly,240
Onondaga,CICERO 17,State Assembly,127,CON,Timothy R. Kelly,32
Onondaga,CICERO 17,State Assembly,127,WOR,"Albert A. Stirpe, Jr.",26
Onondaga,CICERO 18,President,,DEM,Kamala D. Harris,236
Onondaga,CICERO 18,President,,REP,Donald J. Trump,246
Onondaga,CICERO 18,President,,CON,Donald J. Trump,24
Onondaga,CICERO 18,President,,WOR,Kamala D. Harris,10
Onondaga,CICERO 18,President,,,Write-in,2
Onondaga,CICERO 18,U.S. Senate,,DEM,Kirsten E. Gillibrand,243
Onondaga,CICERO 18,U.S. Senate,,REP,Michael D. Sapraicone,219
Onondaga,CICERO 18,U.S. Senate,,CON,Michael D. Sapraicone,25
Onondaga,CICERO 18,U.S. Senate,,WOR,Kirsten E. Gillibrand,17
Onondaga,CICERO 18,U.S. Senate,,LAR,Diane Sare,4
Onondaga,CICERO 18,U.S. Senate,,,Write-in,1
Onondaga,CICERO 18,U.S. House,22,DEM,John W. Mannion,237
Onondaga,CICERO 18,U.S. House,22,REP,Brandon M. Williams,231
Onondaga,CICERO 18,U.S. House,22,CON,Brandon M. Williams,24
Onondaga,CICERO 18,U.S. House,22,WOR,John W. Mannion,21
Onondaga,CICERO 18,State Senate,50,DEM,Christopher J. Ryan,225
Onondaga,CICERO 18,State Senate,50,REP,Nick Paro,234
Onondaga,CICERO 18,State Senate,50,CON,Nick Paro,29
Onondaga,CICERO 18,State Senate,50,WOR,Christopher J. Ryan,18
Onondaga,CICERO 18,State Assembly,127,DEM,"Albert A. Stirpe, Jr.",249
Onondaga,CICERO 18,State Assembly,127,REP,Timothy R. Kelly,214
Onondaga,CICERO 18,State Assembly,127,CON,Timothy R. Kelly,24
Onondaga,CICERO 18,State Assembly,127,WOR,"Albert A. Stirpe, Jr.",21
Onondaga,CICERO 19,President,,DEM,Kamala D. Harris,271
Onondaga,CICERO 19,President,,REP,Donald J. Trump,263
Onondaga,CICERO 19,President,,CON,Donald J. Trump,39
Onondaga,CICERO 19,President,,WOR,Kamala D. Harris,19
Onondaga,CICERO 19,President,,,Write-in,3
Onondaga,CICERO 19,U.S. Senate,,DEM,Kirsten E. Gillibrand,274
Onondaga,CICERO 19,U.S. Senate,,REP,Michael D. Sapraicone,247
Onondaga,CICERO 19,U.S. Senate,,CON,Michael D. Sapraicone,37
Onondaga,CICERO 19,U.S. Senate,,WOR,Kirsten E. Gillibrand,26
Onondaga,CICERO 19,U.S. Senate,,LAR,Diane Sare,3
Onondaga,CICERO 19,U.S. Senate,,,Write-in,1
Onondaga,CICERO 19,U.S. House,22,DEM,John W. Mannion,269
Onondaga,CICERO 19,U.S. House,22,REP,Brandon M. Williams,252
Onondaga,CICERO 19,U.S. House,22,CON,Brandon M. Williams,40
Onondaga,CICERO 19,U.S. House,22,WOR,John W. Mannion,23
Onondaga,CICERO 19,State Senate,50,DEM,Christopher J. Ryan,245
Onondaga,CICERO 19,State Senate,50,REP,Nick Paro,279
Onondaga,CICERO 19,State Senate,50,CON,Nick Paro,38
Onondaga,CICERO 19,State Senate,50,WOR,Christopher J. Ryan,20
Onondaga,CICERO 19,State Assembly,127,DEM,"Albert A. Stirpe, Jr.",273
Onondaga,CICERO 19,State Assembly,127,REP,Timothy R. Kelly,250
Onondaga,CICERO 19,State Assembly,127,CON,Timothy R. Kelly,40
Onondaga,CICERO 19,State Assembly,127,WOR,"Albert A. Stirpe, Jr.",21
Onondaga,CICERO 19,State Assembly,127,,Write-in,1
Onondaga,CICERO 20,President,,DEM,Kamala D. Harris,196
Onondaga,CICERO 20,President,,REP,Donald J. Trump,270
Onondaga,CICERO 20,President,,CON,Donald J. Trump,25
Onondaga,CICERO 20,President,,WOR,Kamala D. Harris,10
Onondaga,CICERO 20,President,,,Write-in,1
Onondaga,CICERO 20,U.S. Senate,,DEM,Kirsten E. Gillibrand,189
Onondaga,CICERO 20,U.S. Senate,,REP,Michael D. Sapraicone,265
Onondaga,CICERO 20,U.S. Senate,,CON,Michael D. Sapraicone,21
Onondaga,CICERO 20,U.S. Senate,,WOR,Kirsten E. Gillibrand,19
Onondaga,CICERO 20,U.S. Senate,,LAR,Diane Sare,4
Onondaga,CICERO 20,U.S. House,22,DEM,John W. Mannion,190
Onondaga,CICERO 20,U.S. House,22,REP,Brandon M. Williams,266
Onondaga,CICERO 20,U.S. House,22,CON,Brandon M. Williams,24
Onondaga,CICERO 20,U.S. House,22,WOR,John W. Mannion,16
Onondaga,CICERO 20,U.S. House,22,,Write-in,1
Onondaga,CICERO 20,State Senate,50,DEM,Christopher J. Ryan,180
Onondaga,CICERO 20,State Senate,50,REP,Nick Paro,268
Onondaga,CICERO 20,State Senate,50,CON,Nick Paro,25
Onondaga,CICERO 20,State Senate,50,WOR,Christopher J. Ryan,17
Onondaga,CICERO 20,State Assembly,127,DEM,"Albert A. Stirpe, Jr.",193
Onondaga,CICERO 20,State Assembly,127,REP,Timothy R. Kelly,256
Onondaga,CICERO 20,State Assembly,127,CON,Timothy R. Kelly,25
Onondaga,CICERO 20,State Assembly,127,WOR,"Albert A. Stirpe, Jr.",17
Onondaga,CICERO 21,President,,DEM,Kamala D. Harris,344
Onondaga,CICERO 21,President,,REP,Donald J. Trump,375
Onondaga,CICERO 21,President,,CON,Donald J. Trump,50
Onondaga,CICERO 21,President,,WOR,Kamala D. Harris,11
Onondaga,CICERO 21,President,,,Write-in,3
Onondaga,CICERO 21,U.S. Senate,,DEM,Kirsten E. Gillibrand,350
Onondaga,CICERO 21,U.S. Senate,,REP,Michael D. Sapraicone,342
Onondaga,CICERO 21,U.S. Senate,,CON,Michael D. Sapraicone,56
Onondaga,CICERO 21,U.S. Senate,,WOR,Kirsten E. Gillibrand,17
Onondaga,CICERO 21,U.S. Senate,,LAR,Diane Sare,9
Onondaga,CICERO 21,U.S. Senate,,,Write-in,2
Onondaga,CICERO 21,U.S. House,22,DEM,John W. Mannion,336
Onondaga,CICERO 21,U.S. House,22,REP,Brandon M. Williams,365
Onondaga,CICERO 21,U.S. House,22,CON,Brandon M. Williams,60
Onondaga,CICERO 21,U.S. House,22,WOR,John W. Mannion,18
Onondaga,CICERO 21,State Senate,50,DEM,Christopher J. Ryan,328
Onondaga,CICERO 21,State Senate,50,REP,Nick Paro,369
Onondaga,CICERO 21,State Senate,50,CON,Nick Paro,59
Onondaga,CICERO 21,State Senate,50,WOR,Christopher J. Ryan,18
Onondaga,CICERO 21,State Senate,50,,Write-in,1
Onondaga,CICERO 21,State Assembly,127,DEM,"Albert A. Stirpe, Jr.",358
Onondaga,CICERO 21,State Assembly,127,REP,Timothy R. Kelly,335
Onondaga,CICERO 21,State Assembly,127,CON,Timothy R. Kelly,59
Onondaga,CICERO 21,State Assembly,127,WOR,"Albert A. Stirpe, Jr.",23
Onondaga,CICERO 21,State Assembly,127,,Write-in,1
Onondaga,CICERO 22,President,,DEM,Kamala D. Harris,384
Onondaga,CICERO 22,President,,REP,Donald J. Trump,350
Onondaga,CICERO 22,President,,CON,Donald J. Trump,52
Onondaga,CICERO 22,President,,WOR,Kamala D. Harris,27
Onondaga,CICERO 22,President,,,Write-in,7
Onondaga,CICERO 22,U.S. Senate,,DEM,Kirsten E. Gillibrand,400
Onondaga,CICERO 22,U.S. Senate,,REP,Michael D. Sapraicone,324
Onondaga,CICERO 22,U.S. Senate,,CON,Michael D. Sapraicone,48
Onondaga,CICERO 22,U.S. Senate,,WOR,Kirsten E. Gillibrand,33
Onondaga,CICERO 22,U.S. Senate,,LAR,Diane Sare,7
Onondaga,CICERO 22,U.S. House,22,DEM,John W. Mannion,394
Onondaga,CICERO 22,U.S. House,22,REP,Brandon M. Williams,334
Onondaga,CICERO 22,U.S. House,22,CON,Brandon M. Williams,53
Onondaga,CICERO 22,U.S. House,22,WOR,John W. Mannion,31
Onondaga,CICERO 22,State Senate,50,DEM,Christopher J. Ryan,363
Onondaga,CICERO 22,State Senate,50,REP,Nick Paro,361
Onondaga,CICERO 22,State Senate,50,CON,Nick Paro,53
Onondaga,CICERO 22,State Senate,50,WOR,Christopher J. Ryan,30
Onondaga,CICERO 22,State Assembly,127,DEM,"Albert A. Stirpe, Jr.",407
Onondaga,CICERO 22,State Assembly,127,REP,Timothy R. Kelly,319
Onondaga,CICERO 22,State Assembly,127,CON,Timothy R. Kelly,48
Onondaga,CICERO 22,State Assembly,127,WOR,"Albert A. Stirpe, Jr.",38
Onondaga,CICERO 23,President,,DEM,Kamala D. Harris,398
Onondaga,CICERO 23,President,,REP,Donald J. Trump,402
Onondaga,CICERO 23,President,,CON,Donald J. Trump,58
Onondaga,CICERO 23,President,,WOR,Kamala D. Harris,20
Onondaga,CICERO 23,President,,,Write-in,4
Onondaga,CICERO 23,U.S. Senate,,DEM,Kirsten E. Gillibrand,383
Onondaga,CICERO 23,U.S. Senate,,REP,Michael D. Sapraicone,392
Onondaga,CICERO 23,U.S. Senate,,CON,Michael D. Sapraicone,64
Onondaga,CICERO 23,U.S. Senate,,WOR,Kirsten E. Gillibrand,26
Onondaga,CICERO 23,U.S. Senate,,LAR,Diane Sare,4
Onondaga,CICERO 23,U.S. Senate,,,Write-in,1
Onondaga,CICERO 23,U.S. House,22,DEM,John W. Mannion,385
Onondaga,CICERO 23,U.S. House,22,REP,Brandon M. Williams,400
Onondaga,CICERO 23,U.S. House,22,CON,Brandon M. Williams,63
Onondaga,CICERO 23,U.S. House,22,WOR,John W. Mannion,29
Onondaga,CICERO 23,State Senate,50,DEM,Christopher J. Ryan,363
Onondaga,CICERO 23,State Senate,50,REP,Nick Paro,415
Onondaga,CICERO 23,State Senate,50,CON,Nick Paro,68
Onondaga,CICERO 23,State Senate,50,WOR,Christopher J. Ryan,27
Onondaga,CICERO 23,State Senate,50,,Write-in,1
Onondaga,CICERO 23,State Assembly,127,DEM,"Albert A. Stirpe, Jr.",391
Onondaga,CICERO 23,State Assembly,127,REP,Timothy R. Kelly,382
Onondaga,CICERO 23,State Assembly,127,CON,Timothy R. Kelly,65
Onondaga,CICERO 23,State Assembly,127,WOR,"Albert A. Stirpe, Jr.",31
Onondaga,CICERO 23,State Assembly,127,,Write-in,2
Onondaga,CICERO 24,President,,DEM,Kamala D. Harris,313
Onondaga,CICERO 24,President,,REP,Donald J. Trump,283
Onondaga,CICERO 24,President,,CON,Donald J. Trump,30
Onondaga,CICERO 24,President,,WOR,Kamala D. Harris,21
Onondaga,CICERO 24,U.S. Senate,,DEM,Kirsten E. Gillibrand,318
Onondaga,CICERO 24,U.S. Senate,,REP,Michael D. Sapraicone,258
Onondaga,CICERO 24,U.S. Senate,,CON,Michael D. Sapraicone,37
Onondaga,CICERO 24,U.S. Senate,,WOR,Kirsten E. Gillibrand,22
Onondaga,CICERO 24,U.S. Senate,,LAR,Diane Sare,3
Onondaga,CICERO 24,U.S. House,22,DEM,John W. Mannion,313
Onondaga,CICERO 24,U.S. House,22,REP,Brandon M. Williams,271
Onondaga,CICERO 24,U.S. House,22,CON,Brandon M. Williams,38
Onondaga,CICERO 24,U.S. House,22,WOR,John W. Mannion,23
Onondaga,CICERO 24,U.S. House,22,,Write-in,2
Onondaga,CICERO 24,State Senate,50,DEM,Christopher J. Ryan,293
Onondaga,CICERO 24,State Senate,50,REP,Nick Paro,282
Onondaga,CICERO 24,State Senate,50,CON,Nick Paro,39
Onondaga,CICERO 24,State Senate,50,WOR,Christopher J. Ryan,22
Onondaga,CICERO 24,State Assembly,127,DEM,"Albert A. Stirpe, Jr.",346
Onondaga,CICERO 24,State Assembly,127,REP,Timothy R. Kelly,242
Onondaga,CICERO 24,State Assembly,127,CON,Timothy R. Kelly,34
Onondaga,CICERO 24,State Assembly,127,WOR,"Albert A. Stirpe, Jr.",24
Onondaga,CICERO 25,President,,DEM,Kamala D. Harris,370
Onondaga,CICERO 25,President,,REP,Donald J. Trump,336
Onondaga,CICERO 25,President,,CON,Donald J. Trump,40
Onondaga,CICERO 25,President,,WOR,Kamala D. Harris,21
Onondaga,CICERO 25,President,,,Write-in,1
Onondaga,CICERO 25,U.S. Senate,,DEM,Kirsten E. Gillibrand,364
Onondaga,CICERO 25,U.S. Senate,,REP,Michael D. Sapraicone,322
Onondaga,CICERO 25,U.S. Senate,,CON,Michael D. Sapraicone,40
Onondaga,CICERO 25,U.S. Senate,,WOR,Kirsten E. Gillibrand,25
Onondaga,CICERO 25,U.S. Senate,,LAR,Diane Sare,2
Onondaga,CICERO 25,U.S. House,22,DEM,John W. Mannion,364
Onondaga,CICERO 25,U.S. House,22,REP,Brandon M. Williams,338
Onondaga,CICERO 25,U.S. House,22,CON,Brandon M. Williams,40
Onondaga,CICERO 25,U.S. House,22,WOR,John W. Mannion,22
Onondaga,CICERO 25,State Senate,50,DEM,Christopher J. Ryan,350
Onondaga,CICERO 25,State Senate,50,REP,Nick Paro,340
Onondaga,CICERO 25,State Senate,50,CON,Nick Paro,41
Onondaga,CICERO 25,State Senate,50,WOR,Christopher J. Ryan,24
Onondaga,CICERO 25,State Senate,50,,Write-in,1
Onondaga,CICERO 25,State Assembly,127,DEM,"Albert A. Stirpe, Jr.",381
Onondaga,CICERO 25,State Assembly,127,REP,Timothy R. Kelly,299
Onondaga,CICERO 25,State Assembly,127,CON,Timothy R. Kelly,44
Onondaga,CICERO 25,State Assembly,127,WOR,"Albert A. Stirpe, Jr.",30
Onondaga,CICERO 26,President,,DEM,Kamala D. Harris,313
Onondaga,CICERO 26,President,,REP,Donald J. Trump,330
Onondaga,CICERO 26,President,,CON,Donald J. Trump,38
Onondaga,CICERO 26,President,,WOR,Kamala D. Harris,14
Onondaga,CICERO 26,President,,,Write-in,2
Onondaga,CICERO 26,U.S. Senate,,DEM,Kirsten E. Gillibrand,309
Onondaga,CICERO 26,U.S. Senate,,REP,Michael D. Sapraicone,311
Onondaga,CICERO 26,U.S. Senate,,CON,Michael D. Sapraicone,36
Onondaga,CICERO 26,U.S. Senate,,WOR,Kirsten E. Gillibrand,23
Onondaga,CICERO 26,U.S. Senate,,LAR,Diane Sare,3
Onondaga,CICERO 26,U.S. House,22,DEM,John W. Mannion,297
Onondaga,CICERO 26,U.S. House,22,REP,Brandon M. Williams,328
Onondaga,CICERO 26,U.S. House,22,CON,Brandon M. Williams,37
Onondaga,CICERO 26,U.S. House,22,WOR,John W. Mannion,23
Onondaga,CICERO 26,State Senate,50,DEM,Christopher J. Ryan,277
Onondaga,CICERO 26,State Senate,50,REP,Nick Paro,337
Onondaga,CICERO 26,State Senate,50,CON,Nick Paro,44
Onondaga,CICERO 26,State Senate,50,WOR,Christopher J. Ryan,17
Onondaga,CICERO 26,State Assembly,127,DEM,"Albert A. Stirpe, Jr.",323
Onondaga,CICERO 26,State Assembly,127,REP,Timothy R. Kelly,296
Onondaga,CICERO 26,State Assembly,127,CON,Timothy R. Kelly,37
Onondaga,CICERO 26,State Assembly,127,WOR,"Albert A. Stirpe, Jr.",22
Onondaga,CLAY 1,President,,DEM,Kamala D. Harris,587
Onondaga,CLAY 1,President,,REP,Donald J. Trump,536
Onondaga,CLAY 1,President,,CON,Donald J. Trump,54
Onondaga,CLAY 1,President,,WOR,Kamala D. Harris,29
Onondaga,CLAY 1,President,,,Write-in,4
Onondaga,CLAY 1,U.S. Senate,,DEM,Kirsten E. Gillibrand,581
Onondaga,CLAY 1,U.S. Senate,,REP,Michael D. Sapraicone,502
Onondaga,CLAY 1,U.S. Senate,,CON,Michael D. Sapraicone,62
Onondaga,CLAY 1,U.S. Senate,,WOR,Kirsten E. Gillibrand,43
Onondaga,CLAY 1,U.S. Senate,,LAR,Diane Sare,5
Onondaga,CLAY 1,U.S. House,22,DEM,John W. Mannion,577
Onondaga,CLAY 1,U.S. House,22,REP,Brandon M. Williams,512
Onondaga,CLAY 1,U.S. House,22,CON,Brandon M. Williams,67
Onondaga,CLAY 1,U.S. House,22,WOR,John W. Mannion,41
Onondaga,CLAY 1,State Senate,50,DEM,Christopher J. Ryan,528
Onondaga,CLAY 1,State Senate,50,REP,Nick Paro,545
Onondaga,CLAY 1,State Senate,50,CON,Nick Paro,76
Onondaga,CLAY 1,State Senate,50,WOR,Christopher J. Ryan,37
Onondaga,CLAY 1,State Senate,50,,Write-in,1
Onondaga,CLAY 1,State Assembly,127,DEM,"Albert A. Stirpe, Jr.",583
Onondaga,CLAY 1,State Assembly,127,REP,Timothy R. Kelly,497
Onondaga,CLAY 1,State Assembly,127,CON,Timothy R. Kelly,61
Onondaga,CLAY 1,State Assembly,127,WOR,"Albert A. Stirpe, Jr.",48
Onondaga,CLAY 1,State Assembly,127,,Write-in,1
Onondaga,CLAY 2,President,,DEM,Kamala D. Harris,279
Onondaga,CLAY 2,President,,REP,Donald J. Trump,214
Onondaga,CLAY 2,President,,CON,Donald J. Trump,25
Onondaga,CLAY 2,President,,WOR,Kamala D. Harris,28
Onondaga,CLAY 2,President,,,Write-in,1
Onondaga,CLAY 2,U.S. Senate,,DEM,Kirsten E. Gillibrand,273
Onondaga,CLAY 2,U.S. Senate,,REP,Michael D. Sapraicone,188
Onondaga,CLAY 2,U.S. Senate,,CON,Michael D. Sapraicone,24
Onondaga,CLAY 2,U.S. Senate,,WOR,Kirsten E. Gillibrand,38
Onondaga,CLAY 2,U.S. Senate,,LAR,Diane Sare,3
Onondaga,CLAY 2,U.S. Senate,,,Write-in,2
Onondaga,CLAY 2,U.S. House,22,DEM,John W. Mannion,267
Onondaga,CLAY 2,U.S. House,22,REP,Brandon M. Williams,200
Onondaga,CLAY 2,U.S. House,22,CON,Brandon M. Williams,30
Onondaga,CLAY 2,U.S. House,22,WOR,John W. Mannion,34
Onondaga,CLAY 2,State Senate,50,DEM,Christopher J. Ryan,243
Onondaga,CLAY 2,State Senate,50,REP,Nick Paro,219
Onondaga,CLAY 2,State Senate,50,CON,Nick Paro,30
Onondaga,CLAY 2,State Senate,50,WOR,Christopher J. Ryan,34
Onondaga,CLAY 2,State Assembly,127,DEM,"Albert A. Stirpe, Jr.",272
Onondaga,CLAY 2,State Assembly,127,REP,Timothy R. Kelly,194
Onondaga,CLAY 2,State Assembly,127,CON,Timothy R. Kelly,23
Onondaga,CLAY 2,State Assembly,127,WOR,"Albert A. Stirpe, Jr.",34
Onondaga,CLAY 3,President,,DEM,Kamala D. Harris,290
Onondaga,CLAY 3,President,,REP,Donald J. Trump,307
Onondaga,CLAY 3,President,,CON,Donald J. Trump,46
Onondaga,CLAY 3,President,,WOR,Kamala D. Harris,15
Onondaga,CLAY 3,President,,,Write-in,3
Onondaga,CLAY 3,U.S. Senate,,DEM,Kirsten E. Gillibrand,298
Onondaga,CLAY 3,U.S. Senate,,REP,Michael D. Sapraicone,271
Onondaga,CLAY 3,U.S. Senate,,CON,Michael D. Sapraicone,46
Onondaga,CLAY 3,U.S. Senate,,WOR,Kirsten E. Gillibrand,24
Onondaga,CLAY 3,U.S. House,22,DEM,John W. Mannion,293
Onondaga,CLAY 3,U.S. House,22,REP,Brandon M. Williams,285
Onondaga,CLAY 3,U.S. House,22,CON,Brandon M. Williams,48
Onondaga,CLAY 3,U.S. House,22,WOR,John W. Mannion,26
Onondaga,CLAY 3,State Senate,50,DEM,Christopher J. Ryan,275
Onondaga,CLAY 3,State Senate,50,REP,Nick Paro,299
Onondaga,CLAY 3,State Senate,50,CON,Nick Paro,48
Onondaga,CLAY 3,State Senate,50,WOR,Christopher J. Ryan,23
Onondaga,CLAY 3,State Assembly,127,DEM,"Albert A. Stirpe, Jr.",314
Onondaga,CLAY 3,State Assembly,127,REP,Timothy R. Kelly,260
Onondaga,CLAY 3,State Assembly,127,CON,Timothy R. Kelly,44
Onondaga,CLAY 3,State Assembly,127,WOR,"Albert A. Stirpe, Jr.",25
Onondaga,CLAY 4,President,,DEM,Kamala D. Harris,360
Onondaga,CLAY 4,President,,REP,Donald J. Trump,293
Onondaga,CLAY 4,President,,CON,Donald J. Trump,30
Onondaga,CLAY 4,President,,WOR,Kamala D. Harris,23
Onondaga,CLAY 4,President,,,Write-in,5
Onondaga,CLAY 4,U.S. Senate,,DEM,Kirsten E. Gillibrand,347
Onondaga,CLAY 4,U.S. Senate,,REP,Michael D. Sapraicone,275
Onondaga,CLAY 4,U.S. Senate,,CON,Michael D. Sapraicone,31
Onondaga,CLAY 4,U.S. Senate,,WOR,Kirsten E. Gillibrand,34
Onondaga,CLAY 4,U.S. Senate,,LAR,Diane Sare,6
Onondaga,CLAY 4,U.S. Senate,,,Write-in,1
Onondaga,CLAY 4,U.S. House,22,DEM,John W. Mannion,365
Onondaga,CLAY 4,U.S. House,22,REP,Brandon M. Williams,283
Onondaga,CLAY 4,U.S. House,22,CON,Brandon M. Williams,30
Onondaga,CLAY 4,U.S. House,22,WOR,John W. Mannion,28
Onondaga,CLAY 4,U.S. House,22,,Write-in,1
Onondaga,CLAY 4,State Senate,50,DEM,Christopher J. Ryan,338
Onondaga,CLAY 4,State Senate,50,REP,Nick Paro,299
Onondaga,CLAY 4,State Senate,50,CON,Nick Paro,36
Onondaga,CLAY 4,State Senate,50,WOR,Christopher J. Ryan,26
Onondaga,CLAY 4,State Senate,50,,Write-in,1
Onondaga,CLAY 4,State Assembly,127,DEM,"Albert A. Stirpe, Jr.",376
Onondaga,CLAY 4,State Assembly,127,REP,Timothy R. Kelly,264
Onondaga,CLAY 4,State Assembly,127,CON,Timothy R. Kelly,32
Onondaga,CLAY 4,State Assembly,127,WOR,"Albert A. Stirpe, Jr.",32
Onondaga,CLAY 5,President,,DEM,Kamala D. Harris,421
Onondaga,CLAY 5,President,,REP,Donald J. Trump,327
Onondaga,CLAY 5,President,,CON,Donald J. Trump,43
Onondaga,CLAY 5,President,,WOR,Kamala D. Harris,12
Onondaga,CLAY 5,U.S. Senate,,DEM,Kirsten E. Gillibrand,417
Onondaga,CLAY 5,U.S. Senate,,REP,Michael D. Sapraicone,308
Onondaga,CLAY 5,U.S. Senate,,CON,Michael D. Sapraicone,48
Onondaga,CLAY 5,U.S. Senate,,WOR,Kirsten E. Gillibrand,19
Onondaga,CLAY 5,U.S. Senate,,LAR,Diane Sare,2
Onondaga,CLAY 5,U.S. Senate,,,Write-in,1
Onondaga,CLAY 5,U.S. House,22,DEM,John W. Mannion,417
Onondaga,CLAY 5,U.S. House,22,REP,Brandon M. Williams,318
Onondaga,CLAY 5,U.S. House,22,CON,Brandon M. Williams,43
Onondaga,CLAY 5,U.S. House,22,WOR,John W. Mannion,21
Onondaga,CLAY 5,U.S. House,22,,Write-in,1
Onondaga,CLAY 5,State Senate,50,DEM,Christopher J. Ryan,389
Onondaga,CLAY 5,State Senate,50,REP,Nick Paro,332
Onondaga,CLAY 5,State Senate,50,CON,Nick Paro,47
Onondaga,CLAY 5,State Senate,50,WOR,Christopher J. Ryan,20
Onondaga,CLAY 5,State Assembly,127,DEM,"Albert A. Stirpe, Jr.",415
Onondaga,CLAY 5,State Assembly,127,REP,Timothy R. Kelly,316
Onondaga,CLAY 5,State Assembly,127,CON,Timothy R. Kelly,38
Onondaga,CLAY 5,State Assembly,127,WOR,"Albert A. Stirpe, Jr.",19
Onondaga,CLAY 6,President,,DEM,Kamala D. Harris,351
Onondaga,CLAY 6,President,,REP,Donald J. Trump,264
Onondaga,CLAY 6,President,,CON,Donald J. Trump,38
Onondaga,CLAY 6,President,,WOR,Kamala D. Harris,20
Onondaga,CLAY 6,President,,,Write-in,4
Onondaga,CLAY 6,U.S. Senate,,DEM,Kirsten E. Gillibrand,340
Onondaga,CLAY 6,U.S. Senate,,REP,Michael D. Sapraicone,249
Onondaga,CLAY 6,U.S. Senate,,CON,Michael D. Sapraicone,40
Onondaga,CLAY 6,U.S. Senate,,WOR,Kirsten E. Gillibrand,28
Onondaga,CLAY 6,U.S. Senate,,LAR,Diane Sare,1
Onondaga,CLAY 6,U.S. House,22,DEM,John W. Mannion,344
Onondaga,CLAY 6,U.S. House,22,REP,Brandon M. Williams,253
Onondaga,CLAY 6,U.S. House,22,CON,Brandon M. Williams,41
Onondaga,CLAY 6,U.S. House,22,WOR,John W. Mannion,26
Onondaga,CLAY 6,State Senate,50,DEM,Christopher J. Ryan,323
Onondaga,CLAY 6,State Senate,50,REP,Nick Paro,256
Onondaga,CLAY 6,State Senate,50,CON,Nick Paro,48
Onondaga,CLAY 6,State Senate,50,WOR,Christopher J. Ryan,26
Onondaga,CLAY 6,State Assembly,127,DEM,"Albert A. Stirpe, Jr.",332
Onondaga,CLAY 6,State Assembly,127,REP,Timothy R. Kelly,249
Onondaga,CLAY 6,State Assembly,127,CON,Timothy R. Kelly,41
Onondaga,CLAY 6,State Assembly,127,WOR,"Albert A. Stirpe, Jr.",27
Onondaga,CLAY 7,President,,DEM,Kamala D. Harris,298
Onondaga,CLAY 7,President,,REP,Donald J. Trump,302
Onondaga,CLAY 7,President,,CON,Donald J. Trump,45
Onondaga,CLAY 7,President,,WOR,Kamala D. Harris,9
Onondaga,CLAY 7,U.S. Senate,,DEM,Kirsten E. Gillibrand,314
Onondaga,CLAY 7,U.S. Senate,,REP,Michael D. Sapraicone,258
Onondaga,CLAY 7,U.S. Senate,,CON,Michael D. Sapraicone,49
Onondaga,CLAY 7,U.S. Senate,,WOR,Kirsten E. Gillibrand,19
Onondaga,CLAY 7,U.S. Senate,,LAR,Diane Sare,1
Onondaga,CLAY 7,U.S. House,22,DEM,John W. Mannion,307
Onondaga,CLAY 7,U.S. House,22,REP,Brandon M. Williams,268
Onondaga,CLAY 7,U.S. House,22,CON,Brandon M. Williams,47
Onondaga,CLAY 7,U.S. House,22,WOR,John W. Mannion,20
Onondaga,CLAY 7,U.S. House,22,,Write-in,1
Onondaga,CLAY 7,State Senate,50,DEM,Christopher J. Ryan,275
Onondaga,CLAY 7,State Senate,50,REP,Nick Paro,296
Onondaga,CLAY 7,State Senate,50,CON,Nick Paro,54
Onondaga,CLAY 7,State Senate,50,WOR,Christopher J. Ryan,23
Onondaga,CLAY 7,State Assembly,127,DEM,"Albert A. Stirpe, Jr.",320
Onondaga,CLAY 7,State Assembly,127,REP,Timothy R. Kelly,257
Onondaga,CLAY 7,State Assembly,127,CON,Timothy R. Kelly,48
Onondaga,CLAY 7,State Assembly,127,WOR,"Albert A. Stirpe, Jr.",20
Onondaga,CLAY 8,President,,DEM,Kamala D. Harris,472
Onondaga,CLAY 8,President,,REP,Donald J. Trump,281
Onondaga,CLAY 8,President,,CON,Donald J. Trump,30
Onondaga,CLAY 8,President,,WOR,Kamala D. Harris,24
Onondaga,CLAY 8,President,,,Write-in,1
Onondaga,CLAY 8,U.S. Senate,,DEM,Kirsten E. Gillibrand,474
Onondaga,CLAY 8,U.S. Senate,,REP,Michael D. Sapraicone,255
Onondaga,CLAY 8,U.S. Senate,,CON,Michael D. Sapraicone,30
Onondaga,CLAY 8,U.S. Senate,,WOR,Kirsten E. Gillibrand,37
Onondaga,CLAY 8,U.S. Senate,,LAR,Diane Sare,2
Onondaga,CLAY 8,U.S. Senate,,,Write-in,3
Onondaga,CLAY 8,U.S. House,22,DEM,John W. Mannion,474
Onondaga,CLAY 8,U.S. House,22,REP,Brandon M. Williams,269
Onondaga,CLAY 8,U.S. House,22,CON,Brandon M. Williams,32
Onondaga,CLAY 8,U.S. House,22,WOR,John W. Mannion,30
Onondaga,CLAY 8,State Senate,50,DEM,Christopher J. Ryan,440
Onondaga,CLAY 8,State Senate,50,REP,Nick Paro,293
Onondaga,CLAY 8,State Senate,50,CON,Nick Paro,38
Onondaga,CLAY 8,State Senate,50,WOR,Christopher J. Ryan,31
Onondaga,CLAY 8,State Assembly,127,DEM,"Albert A. Stirpe, Jr.",471
Onondaga,CLAY 8,State Assembly,127,REP,Timothy R. Kelly,262
Onondaga,CLAY 8,State Assembly,127,CON,Timothy R. Kelly,32
Onondaga,CLAY 8,State Assembly,127,WOR,"Albert A. Stirpe, Jr.",35
Onondaga,CLAY 8,State Assembly,127,,Write-in,1
Onondaga,CLAY 9,President,,DEM,Kamala D. Harris,359
Onondaga,CLAY 9,President,,REP,Donald J. Trump,269
Onondaga,CLAY 9,President,,CON,Donald J. Trump,52
Onondaga,CLAY 9,President,,WOR,Kamala D. Harris,30
Onondaga,CLAY 9,President,,,Write-in,7
Onondaga,CLAY 9,U.S. Senate,,DEM,Kirsten E. Gillibrand,355
Onondaga,CLAY 9,U.S. Senate,,REP,Michael D. Sapraicone,253
Onondaga,CLAY 9,U.S. Senate,,CON,Michael D. Sapraicone,56
Onondaga,CLAY 9,U.S. Senate,,WOR,Kirsten E. Gillibrand,33
Onondaga,CLAY 9,U.S. Senate,,LAR,Diane Sare,2
Onondaga,CLAY 9,U.S. Senate,,,Write-in,2
Onondaga,CLAY 9,U.S. House,22,DEM,John W. Mannion,352
Onondaga,CLAY 9,U.S. House,22,REP,Brandon M. Williams,264
Onondaga,CLAY 9,U.S. House,22,CON,Brandon M. Williams,48
Onondaga,CLAY 9,U.S. House,22,WOR,John W. Mannion,38
Onondaga,CLAY 9,U.S. House,22,,Write-in,2
Onondaga,CLAY 9,State Senate,50,DEM,Christopher J. Ryan,337
Onondaga,CLAY 9,State Senate,50,REP,Nick Paro,258
Onondaga,CLAY 9,State Senate,50,CON,Nick Paro,57
Onondaga,CLAY 9,State Senate,50,WOR,Christopher J. Ryan,43
Onondaga,CLAY 9,State Assembly,127,DEM,"Albert A. Stirpe, Jr.",363
Onondaga,CLAY 9,State Assembly,127,REP,Timothy R. Kelly,238
Onondaga,CLAY 9,State Assembly,127,CON,Timothy R. Kelly,51
Onondaga,CLAY 9,State Assembly,127,WOR,"Albert A. Stirpe, Jr.",43
Onondaga,CLAY 9,State Assembly,127,,Write-in,1
Onondaga,CLAY 10,President,,DEM,Kamala D. Harris,215
Onondaga,CLAY 10,President,,REP,Donald J. Trump,209
Onondaga,CLAY 10,President,,CON,Donald J. Trump,37
Onondaga,CLAY 10,President,,WOR,Kamala D. Harris,19
Onondaga,CLAY 10,President,,,Write-in,3
Onondaga,CLAY 10,U.S. Senate,,DEM,Kirsten E. Gillibrand,218
Onondaga,CLAY 10,U.S. Senate,,REP,Michael D. Sapraicone,179
Onondaga,CLAY 10,U.S. Senate,,CON,Michael D. Sapraicone,46
Onondaga,CLAY 10,U.S. Senate,,WOR,Kirsten E. Gillibrand,28
Onondaga,CLAY 10,U.S. Senate,,LAR,Diane Sare,3
Onondaga,CLAY 10,U.S. Senate,,,Write-in,1
Onondaga,CLAY 10,U.S. House,22,DEM,John W. Mannion,216
Onondaga,CLAY 10,U.S. House,22,REP,Brandon M. Williams,193
Onondaga,CLAY 10,U.S. House,22,CON,Brandon M. Williams,41
Onondaga,CLAY 10,U.S. House,22,WOR,John W. Mannion,24
Onondaga,CLAY 10,State Senate,50,DEM,Christopher J. Ryan,192
Onondaga,CLAY 10,State Senate,50,REP,Nick Paro,206
Onondaga,CLAY 10,State Senate,50,CON,Nick Paro,42
Onondaga,CLAY 10,State Senate,50,WOR,Christopher J. Ryan,29
Onondaga,CLAY 10,State Assembly,127,DEM,"Albert A. Stirpe, Jr.",215
Onondaga,CLAY 10,State Assembly,127,REP,Timothy R. Kelly,183
Onondaga,CLAY 10,State Assembly,127,CON,Timothy R. Kelly,36
Onondaga,CLAY 10,State Assembly,127,WOR,"Albert A. Stirpe, Jr.",33
Onondaga,CLAY 11,President,,DEM,Kamala D. Harris,262
Onondaga,CLAY 11,President,,REP,Donald J. Trump,224
Onondaga,CLAY 11,President,,CON,Donald J. Trump,32
Onondaga,CLAY 11,President,,WOR,Kamala D. Harris,26
Onondaga,CLAY 11,President,,,Write-in,1
Onondaga,CLAY 11,U.S. Senate,,DEM,Kirsten E. Gillibrand,260
Onondaga,CLAY 11,U.S. Senate,,REP,Michael D. Sapraicone,199
Onondaga,CLAY 11,U.S. Senate,,CON,Michael D. Sapraicone,36
Onondaga,CLAY 11,U.S. Senate,,WOR,Kirsten E. Gillibrand,39
Onondaga,CLAY 11,U.S. Senate,,LAR,Diane Sare,2
Onondaga,CLAY 11,U.S. House,22,DEM,John W. Mannion,260
Onondaga,CLAY 11,U.S. House,22,REP,Brandon M. Williams,209
Onondaga,CLAY 11,U.S. House,22,CON,Brandon M. Williams,36
Onondaga,CLAY 11,U.S. House,22,WOR,John W. Mannion,35
Onondaga,CLAY 11,U.S. House,22,,Write-in,1
Onondaga,CLAY 11,State Senate,50,DEM,Christopher J. Ryan,244
Onondaga,CLAY 11,State Senate,50,REP,Nick Paro,214
Onondaga,CLAY 11,State Senate,50,CON,Nick Paro,40
Onondaga,CLAY 11,State Senate,50,WOR,Christopher J. Ryan,38
Onondaga,CLAY 11,State Assembly,127,DEM,"Albert A. Stirpe, Jr.",263
Onondaga,CLAY 11,State Assembly,127,REP,Timothy R. Kelly,200
Onondaga,CLAY 11,State Assembly,127,CON,Timothy R. Kelly,32
Onondaga,CLAY 11,State Assembly,127,WOR,"Albert A. Stirpe, Jr.",43
Onondaga,CLAY 12,President,,DEM,Kamala D. Harris,620
Onondaga,CLAY 12,President,,REP,Donald J. Trump,592
Onondaga,CLAY 12,President,,CON,Donald J. Trump,62
Onondaga,CLAY 12,President,,WOR,Kamala D. Harris,23
Onondaga,CLAY 12,President,,,Write-in,7
Onondaga,CLAY 12,U.S. Senate,,DEM,Kirsten E. Gillibrand,613
Onondaga,CLAY 12,U.S. Senate,,REP,Michael D. Sapraicone,566
Onondaga,CLAY 12,U.S. Senate,,CON,Michael D. Sapraicone,65
Onondaga,CLAY 12,U.S. Senate,,WOR,Kirsten E. Gillibrand,31
Onondaga,CLAY 12,U.S. Senate,,LAR,Diane Sare,3
Onondaga,CLAY 12,U.S. House,22,DEM,John W. Mannion,613
Onondaga,CLAY 12,U.S. House,22,REP,Brandon M. Williams,578
Onondaga,CLAY 12,U.S. House,22,CON,Brandon M. Williams,67
Onondaga,CLAY 12,U.S. House,22,WOR,John W. Mannion,32
Onondaga,CLAY 12,State Senate,50,DEM,Christopher J. Ryan,567
Onondaga,CLAY 12,State Senate,50,REP,Nick Paro,611
Onondaga,CLAY 12,State Senate,50,CON,Nick Paro,68
Onondaga,CLAY 12,State Senate,50,WOR,Christopher J. Ryan,28
Onondaga,CLAY 12,State Assembly,127,DEM,"Albert A. Stirpe, Jr.",617
Onondaga,CLAY 12,State Assembly,127,REP,Timothy R. Kelly,562
Onondaga,CLAY 12,State Assembly,127,CON,Timothy R. Kelly,60
Onondaga,CLAY 12,State Assembly,127,WOR,"Albert A. Stirpe, Jr.",40
Onondaga,CLAY 13,President,,DEM,Kamala D. Harris,385
Onondaga,CLAY 13,President,,REP,Donald J. Trump,312
Onondaga,CLAY 13,President,,CON,Donald J. Trump,49
Onondaga,CLAY 13,President,,WOR,Kamala D. Harris,17
Onondaga,CLAY 13,President,,,Write-in,1
Onondaga,CLAY 13,U.S. Senate,,DEM,Kirsten E. Gillibrand,382
Onondaga,CLAY 13,U.S. Senate,,REP,Michael D. Sapraicone,278
Onondaga,CLAY 13,U.S. Senate,,CON,Michael D. Sapraicone,52
Onondaga,CLAY 13,U.S. Senate,,WOR,Kirsten E. Gillibrand,34
Onondaga,CLAY 13,U.S. Senate,,LAR,Diane Sare,3
Onondaga,CLAY 13,U.S. House,22,DEM,John W. Mannion,379
Onondaga,CLAY 13,U.S. House,22,REP,Brandon M. Williams,290
Onondaga,CLAY 13,U.S. House,22,CON,Brandon M. Williams,50
Onondaga,CLAY 13,U.S. House,22,WOR,John W. Mannion,33
Onondaga,CLAY 13,U.S. House,22,,Write-in,1
Onondaga,CLAY 13,State Senate,50,DEM,Christopher J. Ryan,360
Onondaga,CLAY 13,State Senate,50,REP,Nick Paro,300
Onondaga,CLAY 13,State Senate,50,CON,Nick Paro,57
Onondaga,CLAY 13,State Senate,50,WOR,Christopher J. Ryan,28
Onondaga,CLAY 13,State Assembly,127,DEM,"Albert A. Stirpe, Jr.",383
Onondaga,CLAY 13,State Assembly,127,REP,Timothy R. Kelly,284
Onondaga,CLAY 13,State Assembly,127,CON,Timothy R. Kelly,48
Onondaga,CLAY 13,State Assembly,127,WOR,"Albert A. Stirpe, Jr.",36
Onondaga,CLAY 14,President,,DEM,Kamala D. Harris,313
Onondaga,CLAY 14,President,,REP,Donald J. Trump,228
Onondaga,CLAY 14,President,,CON,Donald J. Trump,31
Onondaga,CLAY 14,President,,WOR,Kamala D. Harris,17
Onondaga,CLAY 14,President,,,Write-in,2
Onondaga,CLAY 14,U.S. Senate,,DEM,Kirsten E. Gillibrand,312
Onondaga,CLAY 14,U.S. Senate,,REP,Michael D. Sapraicone,208
Onondaga,CLAY 14,U.S. Senate,,CON,Michael D. Sapraicone,37
Onondaga,CLAY 14,U.S. Senate,,WOR,Kirsten E. Gillibrand,31
Onondaga,CLAY 14,U.S. Senate,,LAR,Diane Sare,1
Onondaga,CLAY 14,U.S. House,22,DEM,John W. Mannion,305
Onondaga,CLAY 14,U.S. House,22,REP,Brandon M. Williams,221
Onondaga,CLAY 14,U.S. House,22,CON,Brandon M. Williams,41
Onondaga,CLAY 14,U.S. House,22,WOR,John W. Mannion,23
Onondaga,CLAY 14,State Senate,50,DEM,Christopher J. Ryan,298
Onondaga,CLAY 14,State Senate,50,REP,Nick Paro,230
Onondaga,CLAY 14,State Senate,50,CON,Nick Paro,38
Onondaga,CLAY 14,State Senate,50,WOR,Christopher J. Ryan,21
Onondaga,CLAY 14,State Assembly,127,DEM,"Albert A. Stirpe, Jr.",312
Onondaga,CLAY 14,State Assembly,127,REP,Timothy R. Kelly,215
Onondaga,CLAY 14,State Assembly,127,CON,Timothy R. Kelly,37
Onondaga,CLAY 14,State Assembly,127,WOR,"Albert A. Stirpe, Jr.",21
Onondaga,CLAY 15,President,,DEM,Kamala D. Harris,675
Onondaga,CLAY 15,President,,REP,Donald J. Trump,229
Onondaga,CLAY 15,President,,CON,Donald J. Trump,29
Onondaga,CLAY 15,President,,WOR,Kamala D. Harris,51
Onondaga,CLAY 15,President,,,Write-in,7
Onondaga,CLAY 15,U.S. Senate,,DEM,Kirsten E. Gillibrand,674
Onondaga,CLAY 15,U.S. Senate,,REP,Michael D. Sapraicone,200
Onondaga,CLAY 15,U.S. Senate,,CON,Michael D. Sapraicone,27
Onondaga,CLAY 15,U.S. Senate,,WOR,Kirsten E. Gillibrand,73
Onondaga,CLAY 15,U.S. Senate,,LAR,Diane Sare,1
Onondaga,CLAY 15,U.S. House,22,DEM,John W. Mannion,662
Onondaga,CLAY 15,U.S. House,22,REP,Brandon M. Williams,210
Onondaga,CLAY 15,U.S. House,22,CON,Brandon M. Williams,35
Onondaga,CLAY 15,U.S. House,22,WOR,John W. Mannion,67
Onondaga,CLAY 15,State Senate,50,DEM,Christopher J. Ryan,631
Onondaga,CLAY 15,State Senate,50,REP,Nick Paro,224
Onondaga,CLAY 15,State Senate,50,CON,Nick Paro,37
Onondaga,CLAY 15,State Senate,50,WOR,Christopher J. Ryan,70
Onondaga,CLAY 15,State Assembly,127,DEM,"Albert A. Stirpe, Jr.",654
Onondaga,CLAY 15,State Assembly,127,REP,Timothy R. Kelly,209
Onondaga,CLAY 15,State Assembly,127,CON,Timothy R. Kelly,34
Onondaga,CLAY 15,State Assembly,127,WOR,"Albert A. Stirpe, Jr.",65
Onondaga,CLAY 16,President,,DEM,Kamala D. Harris,270
Onondaga,CLAY 16,President,,REP,Donald J. Trump,211
Onondaga,CLAY 16,President,,CON,Donald J. Trump,25
Onondaga,CLAY 16,President,,WOR,Kamala D. Harris,25
Onondaga,CLAY 16,President,,,Write-in,7
Onondaga,CLAY 16,U.S. Senate,,DEM,Kirsten E. Gillibrand,268
Onondaga,CLAY 16,U.S. Senate,,REP,Michael D. Sapraicone,204
Onondaga,CLAY 16,U.S. Senate,,CON,Michael D. Sapraicone,30
Onondaga,CLAY 16,U.S. Senate,,WOR,Kirsten E. Gillibrand,31
Onondaga,CLAY 16,U.S. Senate,,LAR,Diane Sare,4
Onondaga,CLAY 16,U.S. Senate,,,Write-in,1
Onondaga,CLAY 16,U.S. House,22,DEM,John W. Mannion,267
Onondaga,CLAY 16,U.S. House,22,REP,Brandon M. Williams,202
Onondaga,CLAY 16,U.S. House,22,CON,Brandon M. Williams,33
Onondaga,CLAY 16,U.S. House,22,WOR,John W. Mannion,32
Onondaga,CLAY 16,U.S. House,22,,Write-in,1
Onondaga,CLAY 16,State Senate,50,DEM,Christopher J. Ryan,253
Onondaga,CLAY 16,State Senate,50,REP,Nick Paro,213
Onondaga,CLAY 16,State Senate,50,CON,Nick Paro,39
Onondaga,CLAY 16,State Senate,50,WOR,Christopher J. Ryan,25
Onondaga,CLAY 16,State Assembly,127,DEM,"Albert A. Stirpe, Jr.",261
Onondaga,CLAY 16,State Assembly,127,REP,Timothy R. Kelly,210
Onondaga,CLAY 16,State Assembly,127,CON,Timothy R. Kelly,28
Onondaga,CLAY 16,State Assembly,127,WOR,"Albert A. Stirpe, Jr.",33
Onondaga,CLAY 17,President,,DEM,Kamala D. Harris,373
Onondaga,CLAY 17,President,,REP,Donald J. Trump,298
Onondaga,CLAY 17,President,,CON,Donald J. Trump,55
Onondaga,CLAY 17,President,,WOR,Kamala D. Harris,30
Onondaga,CLAY 17,President,,,Write-in,2
Onondaga,CLAY 17,U.S. Senate,,DEM,Kirsten E. Gillibrand,369
Onondaga,CLAY 17,U.S. Senate,,REP,Michael D. Sapraicone,290
Onondaga,CLAY 17,U.S. Senate,,CON,Michael D. Sapraicone,56
Onondaga,CLAY 17,U.S. Senate,,WOR,Kirsten E. Gillibrand,30
Onondaga,CLAY 17,U.S. Senate,,LAR,Diane Sare,6
Onondaga,CLAY 17,U.S. Senate,,,Write-in,1
Onondaga,CLAY 17,U.S. House,22,DEM,John W. Mannion,368
Onondaga,CLAY 17,U.S. House,22,REP,Brandon M. Williams,292
Onondaga,CLAY 17,U.S. House,22,CON,Brandon M. Williams,61
Onondaga,CLAY 17,U.S. House,22,WOR,John W. Mannion,40
Onondaga,CLAY 17,State Senate,50,DEM,Christopher J. Ryan,335
Onondaga,CLAY 17,State Senate,50,REP,Nick Paro,323
Onondaga,CLAY 17,State Senate,50,CON,Nick Paro,66
Onondaga,CLAY 17,State Senate,50,WOR,Christopher J. Ryan,31
Onondaga,CLAY 17,State Assembly,127,DEM,"Albert A. Stirpe, Jr.",368
Onondaga,CLAY 17,State Assembly,127,REP,Timothy R. Kelly,291
Onondaga,CLAY 17,State Assembly,127,CON,Timothy R. Kelly,52
Onondaga,CLAY 17,State Assembly,127,WOR,"Albert A. Stirpe, Jr.",41
Onondaga,CLAY 18,President,,DEM,Kamala D. Harris,322
Onondaga,CLAY 18,President,,REP,Donald J. Trump,231
Onondaga,CLAY 18,President,,CON,Donald J. Trump,33
Onondaga,CLAY 18,President,,WOR,Kamala D. Harris,13
Onondaga,CLAY 18,President,,,Write-in,2
Onondaga,CLAY 18,U.S. Senate,,DEM,Kirsten E. Gillibrand,323
Onondaga,CLAY 18,U.S. Senate,,REP,Michael D. Sapraicone,220
Onondaga,CLAY 18,U.S. Senate,,CON,Michael D. Sapraicone,31
Onondaga,CLAY 18,U.S. Senate,,WOR,Kirsten E. Gillibrand,19
Onondaga,CLAY 18,U.S. Senate,,LAR,Diane Sare,1
Onondaga,CLAY 18,U.S. House,22,DEM,John W. Mannion,324
Onondaga,CLAY 18,U.S. House,22,REP,Brandon M. Williams,221
Onondaga,CLAY 18,U.S. House,22,CON,Brandon M. Williams,29
Onondaga,CLAY 18,U.S. House,22,WOR,John W. Mannion,23
Onondaga,CLAY 18,State Senate,50,DEM,Christopher J. Ryan,297
Onondaga,CLAY 18,State Senate,50,REP,Nick Paro,238
Onondaga,CLAY 18,State Senate,50,CON,Nick Paro,36
Onondaga,CLAY 18,State Senate,50,WOR,Christopher J. Ryan,12
Onondaga,CLAY 18,State Assembly,127,DEM,"Albert A. Stirpe, Jr.",322
Onondaga,CLAY 18,State Assembly,127,REP,Timothy R. Kelly,206
Onondaga,CLAY 18,State Assembly,127,CON,Timothy R. Kelly,33
Onondaga,CLAY 18,State Assembly,127,WOR,"Albert A. Stirpe, Jr.",23
Onondaga,CLAY 19,President,,DEM,Kamala D. Harris,211
Onondaga,CLAY 19,President,,REP,Donald J. Trump,219
Onondaga,CLAY 19,President,,CON,Donald J. Trump,33
Onondaga,CLAY 19,President,,WOR,Kamala D. Harris,15
Onondaga,CLAY 19,President,,,Write-in,1
Onondaga,CLAY 19,U.S. Senate,,DEM,Kirsten E. Gillibrand,201
Onondaga,CLAY 19,U.S. Senate,,REP,Michael D. Sapraicone,201
Onondaga,CLAY 19,U.S. Senate,,CON,Michael D. Sapraicone,38
Onondaga,CLAY 19,U.S. Senate,,WOR,Kirsten E. Gillibrand,19
Onondaga,CLAY 19,U.S. Senate,,,Write-in,1
Onondaga,CLAY 19,U.S. House,22,DEM,John W. Mannion,202
Onondaga,CLAY 19,U.S. House,22,REP,Brandon M. Williams,204
Onondaga,CLAY 19,U.S. House,22,CON,Brandon M. Williams,35
Onondaga,CLAY 19,U.S. House,22,WOR,John W. Mannion,23
Onondaga,CLAY 19,U.S. House,22,,Write-in,3
Onondaga,CLAY 19,State Senate,50,DEM,Christopher J. Ryan,184
Onondaga,CLAY 19,State Senate,50,REP,Nick Paro,216
Onondaga,CLAY 19,State Senate,50,CON,Nick Paro,44
Onondaga,CLAY 19,State Senate,50,WOR,Christopher J. Ryan,22
Onondaga,CLAY 19,State Senate,50,,Write-in,1
Onondaga,CLAY 19,State Assembly,127,DEM,"Albert A. Stirpe, Jr.",210
Onondaga,CLAY 19,State Assembly,127,REP,Timothy R. Kelly,189
Onondaga,CLAY 19,State Assembly,127,CON,Timothy R. Kelly,40
Onondaga,CLAY 19,State Assembly,127,WOR,"Albert A. Stirpe, Jr.",25
Onondaga,CLAY 20,President,,DEM,Kamala D. Harris,246
Onondaga,CLAY 20,President,,REP,Donald J. Trump,150
Onondaga,CLAY 20,President,,CON,Donald J. Trump,33
Onondaga,CLAY 20,President,,WOR,Kamala D. Harris,11
Onondaga,CLAY 20,President,,,Write-in,1
Onondaga,CLAY 20,U.S. Senate,,DEM,Kirsten E. Gillibrand,239
Onondaga,CLAY 20,U.S. Senate,,REP,Michael D. Sapraicone,148
Onondaga,CLAY 20,U.S. Senate,,CON,Michael D. Sapraicone,30
Onondaga,CLAY 20,U.S. Senate,,WOR,Kirsten E. Gillibrand,19
Onondaga,CLAY 20,U.S. Senate,,,Write-in,1
Onondaga,CLAY 20,U.S. House,22,DEM,John W. Mannion,242
Onondaga,CLAY 20,U.S. House,22,REP,Brandon M. Williams,146
Onondaga,CLAY 20,U.S. House,22,CON,Brandon M. Williams,32
Onondaga,CLAY 20,U.S. House,22,WOR,John W. Mannion,14
Onondaga,CLAY 20,State Senate,50,DEM,Christopher J. Ryan,223
Onondaga,CLAY 20,State Senate,50,REP,Nick Paro,167
Onondaga,CLAY 20,State Senate,50,CON,Nick Paro,32
Onondaga,CLAY 20,State Senate,50,WOR,Christopher J. Ryan,11
Onondaga,CLAY 20,State Assembly,127,DEM,"Albert A. Stirpe, Jr.",247
Onondaga,CLAY 20,State Assembly,127,REP,Timothy R. Kelly,139
Onondaga,CLAY 20,State Assembly,127,CON,Timothy R. Kelly,32
Onondaga,CLAY 20,State Assembly,127,WOR,"Albert A. Stirpe, Jr.",17
Onondaga,CLAY 21,President,,DEM,Kamala D. Harris,337
Onondaga,CLAY 21,President,,REP,Donald J. Trump,210
Onondaga,CLAY 21,President,,CON,Donald J. Trump,26
Onondaga,CLAY 21,President,,WOR,Kamala D. Harris,18
Onondaga,CLAY 21,President,,,Write-in,3
Onondaga,CLAY 21,U.S. Senate,,DEM,Kirsten E. Gillibrand,336
Onondaga,CLAY 21,U.S. Senate,,REP,Michael D. Sapraicone,191
Onondaga,CLAY 21,U.S. Senate,,CON,Michael D. Sapraicone,28
Onondaga,CLAY 21,U.S. Senate,,WOR,Kirsten E. Gillibrand,24
Onondaga,CLAY 21,U.S. Senate,,LAR,Diane Sare,3
Onondaga,CLAY 21,U.S. House,22,DEM,John W. Mannion,331
Onondaga,CLAY 21,U.S. House,22,REP,Brandon M. Williams,205
Onondaga,CLAY 21,U.S. House,22,CON,Brandon M. Williams,30
Onondaga,CLAY 21,U.S. House,22,WOR,John W. Mannion,26
Onondaga,CLAY 21,State Senate,50,DEM,Christopher J. Ryan,309
Onondaga,CLAY 21,State Senate,50,REP,Nick Paro,221
Onondaga,CLAY 21,State Senate,50,CON,Nick Paro,31
Onondaga,CLAY 21,State Senate,50,WOR,Christopher J. Ryan,24
Onondaga,CLAY 21,State Assembly,127,DEM,"Albert A. Stirpe, Jr.",333
Onondaga,CLAY 21,State Assembly,127,REP,Timothy R. Kelly,202
Onondaga,CLAY 21,State Assembly,127,CON,Timothy R. Kelly,29
Onondaga,CLAY 21,State Assembly,127,WOR,"Albert A. Stirpe, Jr.",23
Onondaga,CLAY 22,President,,DEM,Kamala D. Harris,356
Onondaga,CLAY 22,President,,REP,Donald J. Trump,226
Onondaga,CLAY 22,President,,CON,Donald J. Trump,26
Onondaga,CLAY 22,President,,WOR,Kamala D. Harris,18
Onondaga,CLAY 22,President,,,Write-in,3
Onondaga,CLAY 22,U.S. Senate,,DEM,Kirsten E. Gillibrand,351
Onondaga,CLAY 22,U.S. Senate,,REP,Michael D. Sapraicone,211
Onondaga,CLAY 22,U.S. Senate,,CON,Michael D. Sapraicone,31
Onondaga,CLAY 22,U.S. Senate,,WOR,Kirsten E. Gillibrand,31
Onondaga,CLAY 22,U.S. Senate,,LAR,Diane Sare,2
Onondaga,CLAY 22,U.S. House,22,DEM,John W. Mannion,355
Onondaga,CLAY 22,U.S. House,22,REP,Brandon M. Williams,210
Onondaga,CLAY 22,U.S. House,22,CON,Brandon M. Williams,36
Onondaga,CLAY 22,U.S. House,22,WOR,John W. Mannion,24
Onondaga,CLAY 22,U.S. House,22,,Write-in,1
Onondaga,CLAY 22,State Senate,50,DEM,Christopher J. Ryan,334
Onondaga,CLAY 22,State Senate,50,REP,Nick Paro,227
Onondaga,CLAY 22,State Senate,50,CON,Nick Paro,38
Onondaga,CLAY 22,State Senate,50,WOR,Christopher J. Ryan,25
Onondaga,CLAY 22,State Assembly,127,DEM,"Albert A. Stirpe, Jr.",359
Onondaga,CLAY 22,State Assembly,127,REP,Timothy R. Kelly,209
Onondaga,CLAY 22,State Assembly,127,CON,Timothy R. Kelly,38
Onondaga,CLAY 22,State Assembly,127,WOR,"Albert A. Stirpe, Jr.",19
Onondaga,CLAY 23,President,,DEM,Kamala D. Harris,278
Onondaga,CLAY 23,President,,REP,Donald J. Trump,170
Onondaga,CLAY 23,President,,CON,Donald J. Trump,27
Onondaga,CLAY 23,President,,WOR,Kamala D. Harris,7
Onondaga,CLAY 23,President,,,Write-in,3
Onondaga,CLAY 23,U.S. Senate,,DEM,Kirsten E. Gillibrand,271
Onondaga,CLAY 23,U.S. Senate,,REP,Michael D. Sapraicone,159
Onondaga,CLAY 23,U.S. Senate,,CON,Michael D. Sapraicone,31
Onondaga,CLAY 23,U.S. Senate,,WOR,Kirsten E. Gillibrand,17
Onondaga,CLAY 23,U.S. Senate,,LAR,Diane Sare,1
Onondaga,CLAY 23,U.S. House,22,DEM,John W. Mannion,261
Onondaga,CLAY 23,U.S. House,22,REP,Brandon M. Williams,169
Onondaga,CLAY 23,U.S. House,22,CON,Brandon M. Williams,32
Onondaga,CLAY 23,U.S. House,22,WOR,John W. Mannion,20
Onondaga,CLAY 23,State Senate,50,DEM,Christopher J. Ryan,248
Onondaga,CLAY 23,State Senate,50,REP,Nick Paro,179
Onondaga,CLAY 23,State Senate,50,CON,Nick Paro,34
Onondaga,CLAY 23,State Senate,50,WOR,Christopher J. Ryan,21
Onondaga,CLAY 23,State Assembly,127,DEM,"Albert A. Stirpe, Jr.",273
Onondaga,CLAY 23,State Assembly,127,REP,Timothy R. Kelly,154
Onondaga,CLAY 23,State Assembly,127,CON,Timothy R. Kelly,31
Onondaga,CLAY 23,State Assembly,127,WOR,"Albert A. Stirpe, Jr.",19
Onondaga,CLAY 24,President,,DEM,Kamala D. Harris,531
Onondaga,CLAY 24,President,,REP,Donald J. Trump,318
Onondaga,CLAY 24,President,,CON,Donald J. Trump,33
Onondaga,CLAY 24,President,,WOR,Kamala D. Harris,25
Onondaga,CLAY 24,President,,,Write-in,11
Onondaga,CLAY 24,U.S. Senate,,DEM,Kirsten E. Gillibrand,546
Onondaga,CLAY 24,U.S. Senate,,REP,Michael D. Sapraicone,290
Onondaga,CLAY 24,U.S. Senate,,CON,Michael D. Sapraicone,38
Onondaga,CLAY 24,U.S. Senate,,WOR,Kirsten E. Gillibrand,40
Onondaga,CLAY 24,U.S. Senate,,LAR,Diane Sare,3
Onondaga,CLAY 24,U.S. Senate,,,Write-in,2
Onondaga,CLAY 24,U.S. House,22,DEM,John W. Mannion,532
Onondaga,CLAY 24,U.S. House,22,REP,Brandon M. Williams,311
Onondaga,CLAY 24,U.S. House,22,CON,Brandon M. Williams,41
Onondaga,CLAY 24,U.S. House,22,WOR,John W. Mannion,35
Onondaga,CLAY 24,U.S. House,22,,Write-in,2
Onondaga,CLAY 24,State Senate,50,DEM,Christopher J. Ryan,492
Onondaga,CLAY 24,State Senate,50,REP,Nick Paro,342
Onondaga,CLAY 24,State Senate,50,CON,Nick Paro,41
Onondaga,CLAY 24,State Senate,50,WOR,Christopher J. Ryan,36
Onondaga,CLAY 24,State Senate,50,,Write-in,2
Onondaga,CLAY 24,State Assembly,127,DEM,"Albert A. Stirpe, Jr.",543
Onondaga,CLAY 24,State Assembly,127,REP,Timothy R. Kelly,287
Onondaga,CLAY 24,State Assembly,127,CON,Timothy R. Kelly,38
Onondaga,CLAY 24,State Assembly,127,WOR,"Albert A. Stirpe, Jr.",43
Onondaga,CLAY 24,State Assembly,127,,Write-in,1
Onondaga,CLAY 25,President,,DEM,Kamala D. Harris,247
Onondaga,CLAY 25,President,,REP,Donald J. Trump,162
Onondaga,CLAY 25,President,,CON,Donald J. Trump,21
Onondaga,CLAY 25,President,,WOR,Kamala D. Harris,17
Onondaga,CLAY 25,President,,,Write-in,2
Onondaga,CLAY 25,U.S. Senate,,DEM,Kirsten E. Gillibrand,240
Onondaga,CLAY 25,U.S. Senate,,REP,Michael D. Sapraicone,145
Onondaga,CLAY 25,U.S. Senate,,CON,Michael D. Sapraicone,24
Onondaga,CLAY 25,U.S. Senate,,WOR,Kirsten E. Gillibrand,21
Onondaga,CLAY 25,U.S. Senate,,LAR,Diane Sare,3
Onondaga,CLAY 25,U.S. House,22,DEM,John W. Mannion,249
Onondaga,CLAY 25,U.S. House,22,REP,Brandon M. Williams,153
Onondaga,CLAY 25,U.S. House,22,CON,Brandon M. Williams,21
Onondaga,CLAY 25,U.S. House,22,WOR,John W. Mannion,17
Onondaga,CLAY 25,State Senate,50,DEM,Christopher J. Ryan,225
Onondaga,CLAY 25,State Senate,50,REP,Nick Paro,164
Onondaga,CLAY 25,State Senate,50,CON,Nick Paro,30
Onondaga,CLAY 25,State Senate,50,WOR,Christopher J. Ryan,17
Onondaga,CLAY 25,State Assembly,127,DEM,"Albert A. Stirpe, Jr.",239
Onondaga,CLAY 25,State Assembly,127,REP,Timothy R. Kelly,150
Onondaga,CLAY 25,State Assembly,127,CON,Timothy R. Kelly,24
Onondaga,CLAY 25,State Assembly,127,WOR,"Albert A. Stirpe, Jr.",18
Onondaga,CLAY 26,President,,DEM,Kamala D. Harris,327
Onondaga,CLAY 26,President,,REP,Donald J. Trump,223
Onondaga,CLAY 26,President,,CON,Donald J. Trump,35
Onondaga,CLAY 26,President,,WOR,Kamala D. Harris,20
Onondaga,CLAY 26,President,,,Write-in,5
Onondaga,CLAY 26,U.S. Senate,,DEM,Kirsten E. Gillibrand,339
Onondaga,CLAY 26,U.S. Senate,,REP,Michael D. Sapraicone,197
Onondaga,CLAY 26,U.S. Senate,,CON,Michael D. Sapraicone,40
Onondaga,CLAY 26,U.S. Senate,,WOR,Kirsten E. Gillibrand,23
Onondaga,CLAY 26,U.S. Senate,,LAR,Diane Sare,2
Onondaga,CLAY 26,U.S. House,22,DEM,John W. Mannion,324
Onondaga,CLAY 26,U.S. House,22,REP,Brandon M. Williams,210
Onondaga,CLAY 26,U.S. House,22,CON,Brandon M. Williams,41
Onondaga,CLAY 26,U.S. House,22,WOR,John W. Mannion,30
Onondaga,CLAY 26,State Senate,50,DEM,Christopher J. Ryan,315
Onondaga,CLAY 26,State Senate,50,REP,Nick Paro,220
Onondaga,CLAY 26,State Senate,50,CON,Nick Paro,45
Onondaga,CLAY 26,State Senate,50,WOR,Christopher J. Ryan,22
Onondaga,CLAY 26,State Assembly,127,DEM,"Albert A. Stirpe, Jr.",321
Onondaga,CLAY 26,State Assembly,127,REP,Timothy R. Kelly,214
Onondaga,CLAY 26,State Assembly,127,CON,Timothy R. Kelly,41
Onondaga,CLAY 26,State Assembly,127,WOR,"Albert A. Stirpe, Jr.",26
Onondaga,CLAY 27,President,,DEM,Kamala D. Harris,340
Onondaga,CLAY 27,President,,REP,Donald J. Trump,522
Onondaga,CLAY 27,President,,CON,Donald J. Trump,54
Onondaga,CLAY 27,President,,WOR,Kamala D. Harris,10
Onondaga,CLAY 27,President,,,Write-in,2
Onondaga,CLAY 27,U.S. Senate,,DEM,Kirsten E. Gillibrand,345
Onondaga,CLAY 27,U.S. Senate,,REP,Michael D. Sapraicone,498
Onondaga,CLAY 27,U.S. Senate,,CON,Michael D. Sapraicone,51
Onondaga,CLAY 27,U.S. Senate,,WOR,Kirsten E. Gillibrand,26
Onondaga,CLAY 27,U.S. Senate,,LAR,Diane Sare,3
Onondaga,CLAY 27,U.S. House,22,DEM,John W. Mannion,332
Onondaga,CLAY 27,U.S. House,22,REP,Brandon M. Williams,519
Onondaga,CLAY 27,U.S. House,22,CON,Brandon M. Williams,52
Onondaga,CLAY 27,U.S. House,22,WOR,John W. Mannion,29
Onondaga,CLAY 27,State Senate,50,DEM,Christopher J. Ryan,311
Onondaga,CLAY 27,State Senate,50,REP,Nick Paro,524
Onondaga,CLAY 27,State Senate,50,CON,Nick Paro,61
Onondaga,CLAY 27,State Senate,50,WOR,Christopher J. Ryan,24
Onondaga,CLAY 27,State Senate,50,,Write-in,1
Onondaga,CLAY 27,State Assembly,127,DEM,"Albert A. Stirpe, Jr.",345
Onondaga,CLAY 27,State Assembly,127,REP,Timothy R. Kelly,496
Onondaga,CLAY 27,State Assembly,127,CON,Timothy R. Kelly,58
Onondaga,CLAY 27,State Assembly,127,WOR,"Albert A. Stirpe, Jr.",24
Onondaga,CLAY 28,President,,DEM,Kamala D. Harris,325
Onondaga,CLAY 28,President,,REP,Donald J. Trump,257
Onondaga,CLAY 28,President,,CON,Donald J. Trump,33
Onondaga,CLAY 28,President,,WOR,Kamala D. Harris,16
Onondaga,CLAY 28,President,,,Write-in,1
Onondaga,CLAY 28,U.S. Senate,,DEM,Kirsten E. Gillibrand,322
Onondaga,CLAY 28,U.S. Senate,,REP,Michael D. Sapraicone,227
Onondaga,CLAY 28,U.S. Senate,,CON,Michael D. Sapraicone,32
Onondaga,CLAY 28,U.S. Senate,,WOR,Kirsten E. Gillibrand,31
Onondaga,CLAY 28,U.S. House,22,DEM,John W. Mannion,338
Onondaga,CLAY 28,U.S. House,22,REP,Brandon M. Williams,230
Onondaga,CLAY 28,U.S. House,22,CON,Brandon M. Williams,30
Onondaga,CLAY 28,U.S. House,22,WOR,John W. Mannion,22
Onondaga,CLAY 28,U.S. House,22,,Write-in,1
Onondaga,CLAY 28,State Senate,50,DEM,Christopher J. Ryan,303
Onondaga,CLAY 28,State Senate,50,REP,Nick Paro,246
Onondaga,CLAY 28,State Senate,50,CON,Nick Paro,34
Onondaga,CLAY 28,State Senate,50,WOR,Christopher J. Ryan,25
Onondaga,CLAY 28,State Assembly,127,DEM,"Albert A. Stirpe, Jr.",334
Onondaga,CLAY 28,State Assembly,127,REP,Timothy R. Kelly,219
Onondaga,CLAY 28,State Assembly,127,CON,Timothy R. Kelly,35
Onondaga,CLAY 28,State Assembly,127,WOR,"Albert A. Stirpe, Jr.",21
Onondaga,CLAY 29,President,,DEM,Kamala D. Harris,272
Onondaga,CLAY 29,President,,REP,Donald J. Trump,223
Onondaga,CLAY 29,President,,CON,Donald J. Trump,29
Onondaga,CLAY 29,President,,WOR,Kamala D. Harris,15
Onondaga,CLAY 29,U.S. Senate,,DEM,Kirsten E. Gillibrand,271
Onondaga,CLAY 29,U.S. Senate,,REP,Michael D. Sapraicone,200
Onondaga,CLAY 29,U.S. Senate,,CON,Michael D. Sapraicone,36
Onondaga,CLAY 29,U.S. Senate,,WOR,Kirsten E. Gillibrand,21
Onondaga,CLAY 29,U.S. House,22,DEM,John W. Mannion,269
Onondaga,CLAY 29,U.S. House,22,REP,Brandon M. Williams,210
Onondaga,CLAY 29,U.S. House,22,CON,Brandon M. Williams,34
Onondaga,CLAY 29,U.S. House,22,WOR,John W. Mannion,23
Onondaga,CLAY 29,U.S. House,22,,Write-in,1
Onondaga,CLAY 29,State Senate,50,DEM,Christopher J. Ryan,247
Onondaga,CLAY 29,State Senate,50,REP,Nick Paro,229
Onondaga,CLAY 29,State Senate,50,CON,Nick Paro,34
Onondaga,CLAY 29,State Senate,50,WOR,Christopher J. Ryan,20
Onondaga,CLAY 29,State Assembly,127,DEM,"Albert A. Stirpe, Jr.",266
Onondaga,CLAY 29,State Assembly,127,REP,Timothy R. Kelly,211
Onondaga,CLAY 29,State Assembly,127,CON,Timothy R. Kelly,35
Onondaga,CLAY 29,State Assembly,127,WOR,"Albert A. Stirpe, Jr.",23
Onondaga,CLAY 30,President,,DEM,Kamala D. Harris,309
Onondaga,CLAY 30,President,,REP,Donald J. Trump,276
Onondaga,CLAY 30,President,,CON,Donald J. Trump,45
Onondaga,CLAY 30,President,,WOR,Kamala D. Harris,30
Onondaga,CLAY 30,President,,,Write-in,4
Onondaga,CLAY 30,U.S. Senate,,DEM,Kirsten E. Gillibrand,319
Onondaga,CLAY 30,U.S. Senate,,REP,Michael D. Sapraicone,228
Onondaga,CLAY 30,U.S. Senate,,CON,Michael D. Sapraicone,52
Onondaga,CLAY 30,U.S. Senate,,WOR,Kirsten E. Gillibrand,35
Onondaga,CLAY 30,U.S. Senate,,LAR,Diane Sare,2
Onondaga,CLAY 30,U.S. House,22,DEM,John W. Mannion,310
Onondaga,CLAY 30,U.S. House,22,REP,Brandon M. Williams,249
Onondaga,CLAY 30,U.S. House,22,CON,Brandon M. Williams,50
Onondaga,CLAY 30,U.S. House,22,WOR,John W. Mannion,38
Onondaga,CLAY 30,U.S. House,22,,Write-in,1
Onondaga,CLAY 30,State Senate,50,DEM,Christopher J. Ryan,299
Onondaga,CLAY 30,State Senate,50,REP,Nick Paro,259
Onondaga,CLAY 30,State Senate,50,CON,Nick Paro,49
Onondaga,CLAY 30,State Senate,50,WOR,Christopher J. Ryan,38
Onondaga,CLAY 30,State Assembly,127,DEM,"Albert A. Stirpe, Jr.",330
Onondaga,CLAY 30,State Assembly,127,REP,Timothy R. Kelly,216
Onondaga,CLAY 30,State Assembly,127,CON,Timothy R. Kelly,45
Onondaga,CLAY 30,State Assembly,127,WOR,"Albert A. Stirpe, Jr.",48
Onondaga,CLAY 31,President,,DEM,Kamala D. Harris,436
Onondaga,CLAY 31,President,,REP,Donald J. Trump,381
Onondaga,CLAY 31,President,,CON,Donald J. Trump,44
Onondaga,CLAY 31,President,,WOR,Kamala D. Harris,21
Onondaga,CLAY 31,President,,,Write-in,5
Onondaga,CLAY 31,U.S. Senate,,DEM,Kirsten E. Gillibrand,439
Onondaga,CLAY 31,U.S. Senate,,REP,Michael D. Sapraicone,343
Onondaga,CLAY 31,U.S. Senate,,CON,Michael D. Sapraicone,49
Onondaga,CLAY 31,U.S. Senate,,WOR,Kirsten E. Gillibrand,40
Onondaga,CLAY 31,U.S. Senate,,LAR,Diane Sare,5
Onondaga,CLAY 31,U.S. House,22,DEM,John W. Mannion,440
Onondaga,CLAY 31,U.S. House,22,REP,Brandon M. Williams,365
Onondaga,CLAY 31,U.S. House,22,CON,Brandon M. Williams,49
Onondaga,CLAY 31,U.S. House,22,WOR,John W. Mannion,32
Onondaga,CLAY 31,U.S. House,22,,Write-in,2
Onondaga,CLAY 31,State Senate,50,DEM,Christopher J. Ryan,403
Onondaga,CLAY 31,State Senate,50,REP,Nick Paro,390
Onondaga,CLAY 31,State Senate,50,CON,Nick Paro,53
Onondaga,CLAY 31,State Senate,50,WOR,Christopher J. Ryan,31
Onondaga,CLAY 31,State Senate,50,,Write-in,2
Onondaga,CLAY 31,State Assembly,127,DEM,"Albert A. Stirpe, Jr.",441
Onondaga,CLAY 31,State Assembly,127,REP,Timothy R. Kelly,348
Onondaga,CLAY 31,State Assembly,127,CON,Timothy R. Kelly,49
Onondaga,CLAY 31,State Assembly,127,WOR,"Albert A. Stirpe, Jr.",31
Onondaga,CLAY 31,State Assembly,127,,Write-in,2
Onondaga,CLAY 32,President,,DEM,Kamala D. Harris,342
Onondaga,CLAY 32,President,,REP,Donald J. Trump,340
Onondaga,CLAY 32,President,,CON,Donald J. Trump,32
Onondaga,CLAY 32,President,,WOR,Kamala D. Harris,9
Onondaga,CLAY 32,President,,,Write-in,1
Onondaga,CLAY 32,U.S. Senate,,DEM,Kirsten E. Gillibrand,333
Onondaga,CLAY 32,U.S. Senate,,REP,Michael D. Sapraicone,336
Onondaga,CLAY 32,U.S. Senate,,CON,Michael D. Sapraicone,35
Onondaga,CLAY 32,U.S. Senate,,WOR,Kirsten E. Gillibrand,16
Onondaga,CLAY 32,U.S. Senate,,LAR,Diane Sare,1
Onondaga,CLAY 32,U.S. House,22,DEM,John W. Mannion,341
Onondaga,CLAY 32,U.S. House,22,REP,Brandon M. Williams,327
Onondaga,CLAY 32,U.S. House,22,CON,Brandon M. Williams,37
Onondaga,CLAY 32,U.S. House,22,WOR,John W. Mannion,17
Onondaga,CLAY 32,U.S. House,22,,Write-in,1
Onondaga,CLAY 32,State Senate,50,DEM,Christopher J. Ryan,311
Onondaga,CLAY 32,State Senate,50,REP,Nick Paro,353
Onondaga,CLAY 32,State Senate,50,CON,Nick Paro,36
Onondaga,CLAY 32,State Senate,50,WOR,Christopher J. Ryan,20
Onondaga,CLAY 32,State Assembly,127,DEM,"Albert A. Stirpe, Jr.",344
Onondaga,CLAY 32,State Assembly,127,REP,Timothy R. Kelly,318
Onondaga,CLAY 32,State Assembly,127,CON,Timothy R. Kelly,38
Onondaga,CLAY 32,State Assembly,127,WOR,"Albert A. Stirpe, Jr.",17
Onondaga,CLAY 33,President,,DEM,Kamala D. Harris,347
Onondaga,CLAY 33,President,,REP,Donald J. Trump,389
Onondaga,CLAY 33,President,,CON,Donald J. Trump,24
Onondaga,CLAY 33,President,,WOR,Kamala D. Harris,22
Onondaga,CLAY 33,President,,,Write-in,8
Onondaga,CLAY 33,U.S. Senate,,DEM,Kirsten E. Gillibrand,359
Onondaga,CLAY 33,U.S. Senate,,REP,Michael D. Sapraicone,352
Onondaga,CLAY 33,U.S. Senate,,CON,Michael D. Sapraicone,30
Onondaga,CLAY 33,U.S. Senate,,WOR,Kirsten E. Gillibrand,35
Onondaga,CLAY 33,U.S. Senate,,LAR,Diane Sare,1
Onondaga,CLAY 33,U.S. Senate,,,Write-in,1
Onondaga,CLAY 33,U.S. House,22,DEM,John W. Mannion,352
Onondaga,CLAY 33,U.S. House,22,REP,Brandon M. Williams,363
Onondaga,CLAY 33,U.S. House,22,CON,Brandon M. Williams,31
Onondaga,CLAY 33,U.S. House,22,WOR,John W. Mannion,34
Onondaga,CLAY 33,State Senate,50,DEM,Christopher J. Ryan,320
Onondaga,CLAY 33,State Senate,50,REP,Nick Paro,376
Onondaga,CLAY 33,State Senate,50,CON,Nick Paro,32
Onondaga,CLAY 33,State Senate,50,WOR,Christopher J. Ryan,40
Onondaga,CLAY 33,State Assembly,127,DEM,"Albert A. Stirpe, Jr.",366
Onondaga,CLAY 33,State Assembly,127,REP,Timothy R. Kelly,346
Onondaga,CLAY 33,State Assembly,127,CON,Timothy R. Kelly,28
Onondaga,CLAY 33,State Assembly,127,WOR,"Albert A. Stirpe, Jr.",35
Onondaga,CLAY 34,President,,DEM,Kamala D. Harris,382
Onondaga,CLAY 34,President,,REP,Donald J. Trump,269
Onondaga,CLAY 34,President,,CON,Donald J. Trump,22
Onondaga,CLAY 34,President,,WOR,Kamala D. Harris,16
Onondaga,CLAY 34,President,,,Write-in,1
Onondaga,CLAY 34,U.S. Senate,,DEM,Kirsten E. Gillibrand,372
Onondaga,CLAY 34,U.S. Senate,,REP,Michael D. Sapraicone,248
Onondaga,CLAY 34,U.S. Senate,,CON,Michael D. Sapraicone,21
Onondaga,CLAY 34,U.S. Senate,,WOR,Kirsten E. Gillibrand,24
Onondaga,CLAY 34,U.S. Senate,,LAR,Diane Sare,5
Onondaga,CLAY 34,U.S. Senate,,,Write-in,1
Onondaga,CLAY 34,U.S. House,22,DEM,John W. Mannion,375
Onondaga,CLAY 34,U.S. House,22,REP,Brandon M. Williams,252
Onondaga,CLAY 34,U.S. House,22,CON,Brandon M. Williams,22
Onondaga,CLAY 34,U.S. House,22,WOR,John W. Mannion,28
Onondaga,CLAY 34,U.S. House,22,,Write-in,1
Onondaga,CLAY 34,State Senate,50,DEM,Christopher J. Ryan,355
Onondaga,CLAY 34,State Senate,50,REP,Nick Paro,270
Onondaga,CLAY 34,State Senate,50,CON,Nick Paro,24
Onondaga,CLAY 34,State Senate,50,WOR,Christopher J. Ryan,20
Onondaga,CLAY 34,State Senate,50,,Write-in,1
Onondaga,CLAY 34,State Assembly,127,DEM,"Albert A. Stirpe, Jr.",365
Onondaga,CLAY 34,State Assembly,127,REP,Timothy R. Kelly,256
Onondaga,CLAY 34,State Assembly,127,CON,Timothy R. Kelly,23
Onondaga,CLAY 34,State Assembly,127,WOR,"Albert A. Stirpe, Jr.",26
Onondaga,CLAY 34,State Assembly,127,,Write-in,1
Onondaga,CLAY 35,President,,DEM,Kamala D. Harris,366
Onondaga,CLAY 35,President,,REP,Donald J. Trump,291
Onondaga,CLAY 35,President,,CON,Donald J. Trump,32
Onondaga,CLAY 35,President,,WOR,Kamala D. Harris,13
Onondaga,CLAY 35,President,,,Write-in,7
Onondaga,CLAY 35,U.S. Senate,,DEM,Kirsten E. Gillibrand,370
Onondaga,CLAY 35,U.S. Senate,,REP,Michael D. Sapraicone,267
Onondaga,CLAY 35,U.S. Senate,,CON,Michael D. Sapraicone,42
Onondaga,CLAY 35,U.S. Senate,,WOR,Kirsten E. Gillibrand,18
Onondaga,CLAY 35,U.S. Senate,,LAR,Diane Sare,3
Onondaga,CLAY 35,U.S. House,22,DEM,John W. Mannion,359
Onondaga,CLAY 35,U.S. House,22,REP,Brandon M. Williams,282
Onondaga,CLAY 35,U.S. House,22,CON,Brandon M. Williams,39
Onondaga,CLAY 35,U.S. House,22,WOR,John W. Mannion,20
Onondaga,CLAY 35,State Senate,50,DEM,Christopher J. Ryan,337
Onondaga,CLAY 35,State Senate,50,REP,Nick Paro,297
Onondaga,CLAY 35,State Senate,50,CON,Nick Paro,47
Onondaga,CLAY 35,State Senate,50,WOR,Christopher J. Ryan,16
Onondaga,CLAY 35,State Assembly,127,DEM,"Albert A. Stirpe, Jr.",364
Onondaga,CLAY 35,State Assembly,127,REP,Timothy R. Kelly,270
Onondaga,CLAY 35,State Assembly,127,CON,Timothy R. Kelly,38
Onondaga,CLAY 35,State Assembly,127,WOR,"Albert A. Stirpe, Jr.",23
Onondaga,CLAY 36,President,,DEM,Kamala D. Harris,271
Onondaga,CLAY 36,President,,REP,Donald J. Trump,189
Onondaga,CLAY 36,President,,CON,Donald J. Trump,21
Onondaga,CLAY 36,President,,WOR,Kamala D. Harris,13
Onondaga,CLAY 36,President,,,Write-in,8
Onondaga,CLAY 36,U.S. Senate,,DEM,Kirsten E. Gillibrand,279
Onondaga,CLAY 36,U.S. Senate,,REP,Michael D. Sapraicone,171
Onondaga,CLAY 36,U.S. Senate,,CON,Michael D. Sapraicone,20
Onondaga,CLAY 36,U.S. Senate,,WOR,Kirsten E. Gillibrand,24
Onondaga,CLAY 36,U.S. Senate,,LAR,Diane Sare,1
Onondaga,CLAY 36,U.S. Senate,,,Write-in,2
Onondaga,CLAY 36,U.S. House,22,DEM,John W. Mannion,275
Onondaga,CLAY 36,U.S. House,22,REP,Brandon M. Williams,183
Onondaga,CLAY 36,U.S. House,22,CON,Brandon M. Williams,20
Onondaga,CLAY 36,U.S. House,22,WOR,John W. Mannion,21
Onondaga,CLAY 36,State Senate,50,DEM,Christopher J. Ryan,250
Onondaga,CLAY 36,State Senate,50,REP,Nick Paro,197
Onondaga,CLAY 36,State Senate,50,CON,Nick Paro,23
Onondaga,CLAY 36,State Senate,50,WOR,Christopher J. Ryan,24
Onondaga,CLAY 36,State Assembly,127,DEM,"Albert A. Stirpe, Jr.",275
Onondaga,CLAY 36,State Assembly,127,REP,Timothy R. Kelly,169
Onondaga,CLAY 36,State Assembly,127,CON,Timothy R. Kelly,20
Onondaga,CLAY 36,State Assembly,127,WOR,"Albert A. Stirpe, Jr.",26
Onondaga,CLAY 36,State Assembly,127,,Write-in,1
Onondaga,CLAY 37,President,,DEM,Kamala D. Harris,329
Onondaga,CLAY 37,President,,REP,Donald J. Trump,271
Onondaga,CLAY 37,President,,CON,Donald J. Trump,51
Onondaga,CLAY 37,President,,WOR,Kamala D. Harris,21
Onondaga,CLAY 37,President,,,Write-in,3
Onondaga,CLAY 37,U.S. Senate,,DEM,Kirsten E. Gillibrand,336
Onondaga,CLAY 37,U.S. Senate,,REP,Michael D. Sapraicone,247
Onondaga,CLAY 37,U.S. Senate,,CON,Michael D. Sapraicone,55
Onondaga,CLAY 37,U.S. Senate,,WOR,Kirsten E. Gillibrand,33
Onondaga,CLAY 37,U.S. Senate,,LAR,Diane Sare,4
Onondaga,CLAY 37,U.S. House,22,DEM,John W. Mannion,331
Onondaga,CLAY 37,U.S. House,22,REP,Brandon M. Williams,252
Onondaga,CLAY 37,U.S. House,22,CON,Brandon M. Williams,60
Onondaga,CLAY 37,U.S. House,22,WOR,John W. Mannion,31
Onondaga,CLAY 37,U.S. House,22,,Write-in,1
Onondaga,CLAY 37,State Senate,50,DEM,Christopher J. Ryan,296
Onondaga,CLAY 37,State Senate,50,REP,Nick Paro,277
Onondaga,CLAY 37,State Senate,50,CON,Nick Paro,70
Onondaga,CLAY 37,State Senate,50,WOR,Christopher J. Ryan,31
Onondaga,CLAY 37,State Assembly,127,DEM,"Albert A. Stirpe, Jr.",346
Onondaga,CLAY 37,State Assembly,127,REP,Timothy R. Kelly,241
Onondaga,CLAY 37,State Assembly,127,CON,Timothy R. Kelly,52
Onondaga,CLAY 37,State Assembly,127,WOR,"Albert A. Stirpe, Jr.",32
Onondaga,CLAY 37,State Assembly,127,,Write-in,2
Onondaga,CLAY 38,President,,DEM,Kamala D. Harris,324
Onondaga,CLAY 38,President,,REP,Donald J. Trump,240
Onondaga,CLAY 38,President,,CON,Donald J. Trump,25
Onondaga,CLAY 38,President,,WOR,Kamala D. Harris,28
Onondaga,CLAY 38,President,,,Write-in,4
Onondaga,CLAY 38,U.S. Senate,,DEM,Kirsten E. Gillibrand,315
Onondaga,CLAY 38,U.S. Senate,,REP,Michael D. Sapraicone,210
Onondaga,CLAY 38,U.S. Senate,,CON,Michael D. Sapraicone,28
Onondaga,CLAY 38,U.S. Senate,,WOR,Kirsten E. Gillibrand,34
Onondaga,CLAY 38,U.S. Senate,,LAR,Diane Sare,7
Onondaga,CLAY 38,U.S. House,22,DEM,John W. Mannion,315
Onondaga,CLAY 38,U.S. House,22,REP,Brandon M. Williams,218
Onondaga,CLAY 38,U.S. House,22,CON,Brandon M. Williams,31
Onondaga,CLAY 38,U.S. House,22,WOR,John W. Mannion,34
Onondaga,CLAY 38,U.S. House,22,,Write-in,2
Onondaga,CLAY 38,State Senate,50,DEM,Christopher J. Ryan,290
Onondaga,CLAY 38,State Senate,50,REP,Nick Paro,236
Onondaga,CLAY 38,State Senate,50,CON,Nick Paro,27
Onondaga,CLAY 38,State Senate,50,WOR,Christopher J. Ryan,37
Onondaga,CLAY 38,State Senate,50,,Write-in,3
Onondaga,CLAY 38,State Assembly,127,DEM,"Albert A. Stirpe, Jr.",310
Onondaga,CLAY 38,State Assembly,127,REP,Timothy R. Kelly,206
Onondaga,CLAY 38,State Assembly,127,CON,Timothy R. Kelly,32
Onondaga,CLAY 38,State Assembly,127,WOR,"Albert A. Stirpe, Jr.",40
Onondaga,CLAY 38,State Assembly,127,,Write-in,1
Onondaga,CLAY 39,President,,DEM,Kamala D. Harris,506
Onondaga,CLAY 39,President,,REP,Donald J. Trump,423
Onondaga,CLAY 39,President,,CON,Donald J. Trump,43
Onondaga,CLAY 39,President,,WOR,Kamala D. Harris,34
Onondaga,CLAY 39,President,,,Write-in,1
Onondaga,CLAY 39,U.S. Senate,,DEM,Kirsten E. Gillibrand,514
Onondaga,CLAY 39,U.S. Senate,,REP,Michael D. Sapraicone,371
Onondaga,CLAY 39,U.S. Senate,,CON,Michael D. Sapraicone,48
Onondaga,CLAY 39,U.S. Senate,,WOR,Kirsten E. Gillibrand,46
Onondaga,CLAY 39,U.S. Senate,,LAR,Diane Sare,3
Onondaga,CLAY 39,U.S. Senate,,,Write-in,1
Onondaga,CLAY 39,U.S. House,22,DEM,John W. Mannion,511
Onondaga,CLAY 39,U.S. House,22,REP,Brandon M. Williams,395
Onondaga,CLAY 39,U.S. House,22,CON,Brandon M. Williams,46
Onondaga,CLAY 39,U.S. House,22,WOR,John W. Mannion,43
Onondaga,CLAY 39,State Senate,50,DEM,Christopher J. Ryan,484
Onondaga,CLAY 39,State Senate,50,REP,Nick Paro,401
Onondaga,CLAY 39,State Senate,50,CON,Nick Paro,49
Onondaga,CLAY 39,State Senate,50,WOR,Christopher J. Ryan,39
Onondaga,CLAY 39,State Assembly,127,DEM,"Albert A. Stirpe, Jr.",519
Onondaga,CLAY 39,State Assembly,127,REP,Timothy R. Kelly,371
Onondaga,CLAY 39,State Assembly,127,CON,Timothy R. Kelly,50
Onondaga,CLAY 39,State Assembly,127,WOR,"Albert A. Stirpe, Jr.",38
Onondaga,CLAY 40,President,,DEM,Kamala D. Harris,469
Onondaga,CLAY 40,President,,REP,Donald J. Trump,344
Onondaga,CLAY 40,President,,CON,Donald J. Trump,41
Onondaga,CLAY 40,President,,WOR,Kamala D. Harris,18
Onondaga,CLAY 40,President,,,Write-in,2
Onondaga,CLAY 40,U.S. Senate,,DEM,Kirsten E. Gillibrand,467
Onondaga,CLAY 40,U.S. Senate,,REP,Michael D. Sapraicone,329
Onondaga,CLAY 40,U.S. Senate,,CON,Michael D. Sapraicone,44
Onondaga,CLAY 40,U.S. Senate,,WOR,Kirsten E. Gillibrand,23
Onondaga,CLAY 40,U.S. Senate,,LAR,Diane Sare,2
Onondaga,CLAY 40,U.S. House,22,DEM,John W. Mannion,455
Onondaga,CLAY 40,U.S. House,22,REP,Brandon M. Williams,344
Onondaga,CLAY 40,U.S. House,22,CON,Brandon M. Williams,42
Onondaga,CLAY 40,U.S. House,22,WOR,John W. Mannion,28
Onondaga,CLAY 40,U.S. House,22,,Write-in,1
Onondaga,CLAY 40,State Senate,50,DEM,Christopher J. Ryan,429
Onondaga,CLAY 40,State Senate,50,REP,Nick Paro,355
Onondaga,CLAY 40,State Senate,50,CON,Nick Paro,50
Onondaga,CLAY 40,State Senate,50,WOR,Christopher J. Ryan,24
Onondaga,CLAY 40,State Senate,50,,Write-in,1
Onondaga,CLAY 40,State Assembly,127,DEM,"Albert A. Stirpe, Jr.",476
Onondaga,CLAY 40,State Assembly,127,REP,Timothy R. Kelly,310
Onondaga,CLAY 40,State Assembly,127,CON,Timothy R. Kelly,44
Onondaga,CLAY 40,State Assembly,127,WOR,"Albert A. Stirpe, Jr.",36
Onondaga,CLAY 41,President,,DEM,Kamala D. Harris,175
Onondaga,CLAY 41,President,,REP,Donald J. Trump,193
Onondaga,CLAY 41,President,,CON,Donald J. Trump,20
Onondaga,CLAY 41,President,,WOR,Kamala D. Harris,11
Onondaga,CLAY 41,President,,,Write-in,1
Onondaga,CLAY 41,U.S. Senate,,DEM,Kirsten E. Gillibrand,171
Onondaga,CLAY 41,U.S. Senate,,REP,Michael D. Sapraicone,176
Onondaga,CLAY 41,U.S. Senate,,CON,Michael D. Sapraicone,21
Onondaga,CLAY 41,U.S. Senate,,WOR,Kirsten E. Gillibrand,22
Onondaga,CLAY 41,U.S. Senate,,LAR,Diane Sare,1
Onondaga,CLAY 41,U.S. House,22,DEM,John W. Mannion,172
Onondaga,CLAY 41,U.S. House,22,REP,Brandon M. Williams,181
Onondaga,CLAY 41,U.S. House,22,CON,Brandon M. Williams,22
Onondaga,CLAY 41,U.S. House,22,WOR,John W. Mannion,17
Onondaga,CLAY 41,State Senate,50,DEM,Christopher J. Ryan,165
Onondaga,CLAY 41,State Senate,50,REP,Nick Paro,183
Onondaga,CLAY 41,State Senate,50,CON,Nick Paro,21
Onondaga,CLAY 41,State Senate,50,WOR,Christopher J. Ryan,20
Onondaga,CLAY 41,State Assembly,127,DEM,"Albert A. Stirpe, Jr.",176
Onondaga,CLAY 41,State Assembly,127,REP,Timothy R. Kelly,171
Onondaga,CLAY 41,State Assembly,127,CON,Timothy R. Kelly,20
Onondaga,CLAY 41,State Assembly,127,WOR,"Albert A. Stirpe, Jr.",23
Onondaga,CLAY 42,President,,DEM,Kamala D. Harris,322
Onondaga,CLAY 42,President,,REP,Donald J. Trump,263
Onondaga,CLAY 42,President,,CON,Donald J. Trump,45
Onondaga,CLAY 42,President,,WOR,Kamala D. Harris,14
Onondaga,CLAY 42,President,,,Write-in,4
Onondaga,CLAY 42,U.S. Senate,,DEM,Kirsten E. Gillibrand,318
Onondaga,CLAY 42,U.S. Senate,,REP,Michael D. Sapraicone,252
Onondaga,CLAY 42,U.S. Senate,,CON,Michael D. Sapraicone,41
Onondaga,CLAY 42,U.S. Senate,,WOR,Kirsten E. Gillibrand,17
Onondaga,CLAY 42,U.S. Senate,,LAR,Diane Sare,3
Onondaga,CLAY 42,U.S. House,22,DEM,John W. Mannion,317
Onondaga,CLAY 42,U.S. House,22,REP,Brandon M. Williams,261
Onondaga,CLAY 42,U.S. House,22,CON,Brandon M. Williams,43
Onondaga,CLAY 42,U.S. House,22,WOR,John W. Mannion,20
Onondaga,CLAY 42,State Senate,50,DEM,Christopher J. Ryan,295
Onondaga,CLAY 42,State Senate,50,REP,Nick Paro,277
Onondaga,CLAY 42,State Senate,50,CON,Nick Paro,44
Onondaga,CLAY 42,State Senate,50,WOR,Christopher J. Ryan,16
Onondaga,CLAY 42,State Senate,50,,Write-in,1
Onondaga,CLAY 42,State Assembly,127,DEM,"Albert A. Stirpe, Jr.",316
Onondaga,CLAY 42,State Assembly,127,REP,Timothy R. Kelly,257
Onondaga,CLAY 42,State Assembly,127,CON,Timothy R. Kelly,43
Onondaga,CLAY 42,State Assembly,127,WOR,"Albert A. Stirpe, Jr.",19
Onondaga,CLAY 43,President,,DEM,Kamala D. Harris,371
Onondaga,CLAY 43,President,,REP,Donald J. Trump,269
Onondaga,CLAY 43,President,,CON,Donald J. Trump,25
Onondaga,CLAY 43,President,,WOR,Kamala D. Harris,26
Onondaga,CLAY 43,President,,,Write-in,5
Onondaga,CLAY 43,U.S. Senate,,DEM,Kirsten E. Gillibrand,373
Onondaga,CLAY 43,U.S. Senate,,REP,Michael D. Sapraicone,241
Onondaga,CLAY 43,U.S. Senate,,CON,Michael D. Sapraicone,24
Onondaga,CLAY 43,U.S. Senate,,WOR,Kirsten E. Gillibrand,39
Onondaga,CLAY 43,U.S. Senate,,LAR,Diane Sare,2
Onondaga,CLAY 43,U.S. Senate,,,Write-in,2
Onondaga,CLAY 43,U.S. House,22,DEM,John W. Mannion,385
Onondaga,CLAY 43,U.S. House,22,REP,Brandon M. Williams,244
Onondaga,CLAY 43,U.S. House,22,CON,Brandon M. Williams,24
Onondaga,CLAY 43,U.S. House,22,WOR,John W. Mannion,35
Onondaga,CLAY 43,U.S. House,22,,Write-in,2
Onondaga,CLAY 43,State Senate,50,DEM,Christopher J. Ryan,351
Onondaga,CLAY 43,State Senate,50,REP,Nick Paro,269
Onondaga,CLAY 43,State Senate,50,CON,Nick Paro,26
Onondaga,CLAY 43,State Senate,50,WOR,Christopher J. Ryan,38
Onondaga,CLAY 43,State Senate,50,,Write-in,1
Onondaga,CLAY 43,State Assembly,127,DEM,"Albert A. Stirpe, Jr.",375
Onondaga,CLAY 43,State Assembly,127,REP,Timothy R. Kelly,246
Onondaga,CLAY 43,State Assembly,127,CON,Timothy R. Kelly,23
Onondaga,CLAY 43,State Assembly,127,WOR,"Albert A. Stirpe, Jr.",37
Onondaga,CLAY 43,State Assembly,127,,Write-in,1
Onondaga,CLAY 44,President,,DEM,Kamala D. Harris,396
Onondaga,CLAY 44,President,,REP,Donald J. Trump,361
Onondaga,CLAY 44,President,,CON,Donald J. Trump,36
Onondaga,CLAY 44,President,,WOR,Kamala D. Harris,15
Onondaga,CLAY 44,President,,,Write-in,10
Onondaga,CLAY 44,U.S. Senate,,DEM,Kirsten E. Gillibrand,410
Onondaga,CLAY 44,U.S. Senate,,REP,Michael D. Sapraicone,324
Onondaga,CLAY 44,U.S. Senate,,CON,Michael D. Sapraicone,42
Onondaga,CLAY 44,U.S. Senate,,WOR,Kirsten E. Gillibrand,20
Onondaga,CLAY 44,U.S. Senate,,LAR,Diane Sare,4
Onondaga,CLAY 44,U.S. House,22,DEM,John W. Mannion,403
Onondaga,CLAY 44,U.S. House,22,REP,Brandon M. Williams,336
Onondaga,CLAY 44,U.S. House,22,CON,Brandon M. Williams,43
Onondaga,CLAY 44,U.S. House,22,WOR,John W. Mannion,21
Onondaga,CLAY 44,U.S. House,22,,Write-in,1
Onondaga,CLAY 44,State Senate,50,DEM,Christopher J. Ryan,372
Onondaga,CLAY 44,State Senate,50,REP,Nick Paro,348
Onondaga,CLAY 44,State Senate,50,CON,Nick Paro,47
Onondaga,CLAY 44,State Senate,50,WOR,Christopher J. Ryan,25
Onondaga,CLAY 44,State Assembly,127,DEM,"Albert A. Stirpe, Jr.",406
Onondaga,CLAY 44,State Assembly,127,REP,Timothy R. Kelly,318
Onondaga,CLAY 44,State Assembly,127,CON,Timothy R. Kelly,43
Onondaga,CLAY 44,State Assembly,127,WOR,"Albert A. Stirpe, Jr.",28
Onondaga,CLAY 45,President,,DEM,Kamala D. Harris,376
Onondaga,CLAY 45,President,,REP,Donald J. Trump,308
Onondaga,CLAY 45,President,,CON,Donald J. Trump,37
Onondaga,CLAY 45,President,,WOR,Kamala D. Harris,17
Onondaga,CLAY 45,President,,,Write-in,5
Onondaga,CLAY 45,U.S. Senate,,DEM,Kirsten E. Gillibrand,376
Onondaga,CLAY 45,U.S. Senate,,REP,Michael D. Sapraicone,283
Onondaga,CLAY 45,U.S. Senate,,CON,Michael D. Sapraicone,37
Onondaga,CLAY 45,U.S. Senate,,WOR,Kirsten E. Gillibrand,28
Onondaga,CLAY 45,U.S. Senate,,LAR,Diane Sare,2
Onondaga,CLAY 45,U.S. Senate,,,Write-in,1
Onondaga,CLAY 45,U.S. House,22,DEM,John W. Mannion,372
Onondaga,CLAY 45,U.S. House,22,REP,Brandon M. Williams,296
Onondaga,CLAY 45,U.S. House,22,CON,Brandon M. Williams,39
Onondaga,CLAY 45,U.S. House,22,WOR,John W. Mannion,26
Onondaga,CLAY 45,State Senate,50,DEM,Christopher J. Ryan,348
Onondaga,CLAY 45,State Senate,50,REP,Nick Paro,310
Onondaga,CLAY 45,State Senate,50,CON,Nick Paro,42
Onondaga,CLAY 45,State Senate,50,WOR,Christopher J. Ryan,27
Onondaga,CLAY 45,State Assembly,127,DEM,"Albert A. Stirpe, Jr.",377
Onondaga,CLAY 45,State Assembly,127,REP,Timothy R. Kelly,286
Onondaga,CLAY 45,State Assembly,127,CON,Timothy R. Kelly,37
Onondaga,CLAY 45,State Assembly,127,WOR,"Albert A. Stirpe, Jr.",24
Onondaga,CLAY 45,State Assembly,127,,Write-in,1
Onondaga,CLAY 46,President,,DEM,Kamala D. Harris,358
Onondaga,CLAY 46,President,,REP,Donald J. Trump,317
Onondaga,CLAY 46,President,,CON,Donald J. Trump,43
Onondaga,CLAY 46,President,,WOR,Kamala D. Harris,18
Onondaga,CLAY 46,President,,,Write-in,4
Onondaga,CLAY 46,U.S. Senate,,DEM,Kirsten E. Gillibrand,362
Onondaga,CLAY 46,U.S. Senate,,REP,Michael D. Sapraicone,300
Onondaga,CLAY 46,U.S. Senate,,CON,Michael D. Sapraicone,35
Onondaga,CLAY 46,U.S. Senate,,WOR,Kirsten E. Gillibrand,28
Onondaga,CLAY 46,U.S. Senate,,LAR,Diane Sare,3
Onondaga,CLAY 46,U.S. Senate,,,Write-in,1
Onondaga,CLAY 46,U.S. House,22,DEM,John W. Mannion,356
Onondaga,CLAY 46,U.S. House,22,REP,Brandon M. Williams,315
Onondaga,CLAY 46,U.S. House,22,CON,Brandon M. Williams,41
Onondaga,CLAY 46,U.S. House,22,WOR,John W. Mannion,25
Onondaga,CLAY 46,U.S. House,22,,Write-in,2
Onondaga,CLAY 46,State Senate,50,DEM,Christopher J. Ryan,339
Onondaga,CLAY 46,State Senate,50,REP,Nick Paro,328
Onondaga,CLAY 46,State Senate,50,CON,Nick Paro,42
Onondaga,CLAY 46,State Senate,50,WOR,Christopher J. Ryan,24
Onondaga,CLAY 46,State Senate,50,,Write-in,1
Onondaga,CLAY 46,State Assembly,127,DEM,"Albert A. Stirpe, Jr.",391
Onondaga,CLAY 46,State Assembly,127,REP,Timothy R. Kelly,279
Onondaga,CLAY 46,State Assembly,127,CON,Timothy R. Kelly,33
Onondaga,CLAY 46,State Assembly,127,WOR,"Albert A. Stirpe, Jr.",37
Onondaga,CLAY 46,State Assembly,127,,Write-in,1
Onondaga,DEWITT 1,President,,DEM,Kamala D. Harris,321
Onondaga,DEWITT 1,President,,REP,Donald J. Trump,181
Onondaga,DEWITT 1,President,,CON,Donald J. Trump,30
Onondaga,DEWITT 1,President,,WOR,Kamala D. Harris,17
Onondaga,DEWITT 1,President,,,Write-in,8
Onondaga,DEWITT 1,U.S. Senate,,DEM,Kirsten E. Gillibrand,308
Onondaga,DEWITT 1,U.S. Senate,,REP,Michael D. Sapraicone,175
Onondaga,DEWITT 1,U.S. Senate,,CON,Michael D. Sapraicone,42
Onondaga,DEWITT 1,U.S. Senate,,WOR,Kirsten E. Gillibrand,24
Onondaga,DEWITT 1,U.S. Senate,,LAR,Diane Sare,9
Onondaga,DEWITT 1,U.S. House,22,DEM,John W. Mannion,312
Onondaga,DEWITT 1,U.S. House,22,REP,Brandon M. Williams,185
Onondaga,DEWITT 1,U.S. House,22,CON,Brandon M. Williams,40
Onondaga,DEWITT 1,U.S. House,22,WOR,John W. Mannion,24
Onondaga,DEWITT 1,State Senate,50,DEM,Christopher J. Ryan,294
Onondaga,DEWITT 1,State Senate,50,REP,Nick Paro,200
Onondaga,DEWITT 1,State Senate,50,CON,Nick Paro,41
Onondaga,DEWITT 1,State Senate,50,WOR,Christopher J. Ryan,20
Onondaga,DEWITT 1,State Senate,50,,Write-in,2
Onondaga,DEWITT 1,State Assembly,128,DEM,Pamela Jo Hunter,307
Onondaga,DEWITT 1,State Assembly,128,REP,Daniel A. Ciciarelli,191
Onondaga,DEWITT 1,State Assembly,128,CON,Daniel A. Ciciarelli,40
Onondaga,DEWITT 1,State Assembly,128,WOR,Pamela Jo Hunter,18
Onondaga,DEWITT 2,President,,DEM,Kamala D. Harris,554
Onondaga,DEWITT 2,President,,REP,Donald J. Trump,139
Onondaga,DEWITT 2,President,,CON,Donald J. Trump,12
Onondaga,DEWITT 2,President,,WOR,Kamala D. Harris,31
Onondaga,DEWITT 2,President,,,Write-in,4
Onondaga,DEWITT 2,U.S. Senate,,DEM,Kirsten E. Gillibrand,551
Onondaga,DEWITT 2,U.S. Senate,,REP,Michael D. Sapraicone,129
Onondaga,DEWITT 2,U.S. Senate,,CON,Michael D. Sapraicone,14
Onondaga,DEWITT 2,U.S. Senate,,WOR,Kirsten E. Gillibrand,43
Onondaga,DEWITT 2,U.S. Senate,,LAR,Diane Sare,1
Onondaga,DEWITT 2,U.S. Senate,,,Write-in,3
Onondaga,DEWITT 2,U.S. House,22,DEM,John W. Mannion,550
Onondaga,DEWITT 2,U.S. House,22,REP,Brandon M. Williams,140
Onondaga,DEWITT 2,U.S. House,22,CON,Brandon M. Williams,16
Onondaga,DEWITT 2,U.S. House,22,WOR,John W. Mannion,40
Onondaga,DEWITT 2,U.S. House,22,,Write-in,2
Onondaga,DEWITT 2,State Senate,50,DEM,Christopher J. Ryan,527
Onondaga,DEWITT 2,State Senate,50,REP,Nick Paro,151
Onondaga,DEWITT 2,State Senate,50,CON,Nick Paro,19
Onondaga,DEWITT 2,State Senate,50,WOR,Christopher J. Ryan,41
Onondaga,DEWITT 2,State Senate,50,,Write-in,1
Onondaga,DEWITT 2,State Assembly,128,DEM,Pamela Jo Hunter,528
Onondaga,DEWITT 2,State Assembly,128,REP,Daniel A. Ciciarelli,145
Onondaga,DEWITT 2,State Assembly,128,CON,Daniel A. Ciciarelli,17
Onondaga,DEWITT 2,State Assembly,128,WOR,Pamela Jo Hunter,47
Onondaga,DEWITT 3,President,,DEM,Kamala D. Harris,396
Onondaga,DEWITT 3,President,,REP,Donald J. Trump,132
Onondaga,DEWITT 3,President,,CON,Donald J. Trump,28
Onondaga,DEWITT 3,President,,WOR,Kamala D. Harris,23
Onondaga,DEWITT 3,U.S. Senate,,DEM,Kirsten E. Gillibrand,380
Onondaga,DEWITT 3,U.S. Senate,,REP,Michael D. Sapraicone,132
Onondaga,DEWITT 3,U.S. Senate,,CON,Michael D. Sapraicone,30
Onondaga,DEWITT 3,U.S. Senate,,WOR,Kirsten E. Gillibrand,33
Onondaga,DEWITT 3,U.S. Senate,,,Write-in,1
Onondaga,DEWITT 3,U.S. House,22,DEM,John W. Mannion,390
Onondaga,DEWITT 3,U.S. House,22,REP,Brandon M. Williams,129
Onondaga,DEWITT 3,U.S. House,22,CON,Brandon M. Williams,32
Onondaga,DEWITT 3,U.S. House,22,WOR,John W. Mannion,28
Onondaga,DEWITT 3,State Senate,50,DEM,Christopher J. Ryan,373
Onondaga,DEWITT 3,State Senate,50,REP,Nick Paro,133
Onondaga,DEWITT 3,State Senate,50,CON,Nick Paro,29
Onondaga,DEWITT 3,State Senate,50,WOR,Christopher J. Ryan,26
Onondaga,DEWITT 3,State Assembly,128,DEM,Pamela Jo Hunter,363
Onondaga,DEWITT 3,State Assembly,128,REP,Daniel A. Ciciarelli,138
Onondaga,DEWITT 3,State Assembly,128,CON,Daniel A. Ciciarelli,31
Onondaga,DEWITT 3,State Assembly,128,WOR,Pamela Jo Hunter,27
Onondaga,DEWITT 4,President,,DEM,Kamala D. Harris,355
Onondaga,DEWITT 4,President,,REP,Donald J. Trump,155
Onondaga,DEWITT 4,President,,CON,Donald J. Trump,28
Onondaga,DEWITT 4,President,,WOR,Kamala D. Harris,22
Onondaga,DEWITT 4,President,,,Write-in,7
Onondaga,DEWITT 4,U.S. Senate,,DEM,Kirsten E. Gillibrand,350
Onondaga,DEWITT 4,U.S. Senate,,REP,Michael D. Sapraicone,154
Onondaga,DEWITT 4,U.S. Senate,,CON,Michael D. Sapraicone,37
Onondaga,DEWITT 4,U.S. Senate,,WOR,Kirsten E. Gillibrand,21
Onondaga,DEWITT 4,U.S. Senate,,LAR,Diane Sare,3
Onondaga,DEWITT 4,U.S. Senate,,,Write-in,1
Onondaga,DEWITT 4,U.S. House,22,DEM,John W. Mannion,353
Onondaga,DEWITT 4,U.S. House,22,REP,Brandon M. Williams,156
Onondaga,DEWITT 4,U.S. House,22,CON,Brandon M. Williams,36
Onondaga,DEWITT 4,U.S. House,22,WOR,John W. Mannion,26
Onondaga,DEWITT 4,State Senate,50,DEM,Christopher J. Ryan,333
Onondaga,DEWITT 4,State Senate,50,REP,Nick Paro,170
Onondaga,DEWITT 4,State Senate,50,CON,Nick Paro,38
Onondaga,DEWITT 4,State Senate,50,WOR,Christopher J. Ryan,25
Onondaga,DEWITT 4,State Assembly,128,DEM,Pamela Jo Hunter,337
Onondaga,DEWITT 4,State Assembly,128,REP,Daniel A. Ciciarelli,164
Onondaga,DEWITT 4,State Assembly,128,CON,Daniel A. Ciciarelli,38
Onondaga,DEWITT 4,State Assembly,128,WOR,Pamela Jo Hunter,25
Onondaga,DEWITT 5,President,,DEM,Kamala D. Harris,414
Onondaga,DEWITT 5,President,,REP,Donald J. Trump,119
Onondaga,DEWITT 5,President,,CON,Donald J. Trump,26
Onondaga,DEWITT 5,President,,WOR,Kamala D. Harris,21
Onondaga,DEWITT 5,President,,,Write-in,5
Onondaga,DEWITT 5,U.S. Senate,,DEM,Kirsten E. Gillibrand,404
Onondaga,DEWITT 5,U.S. Senate,,REP,Michael D. Sapraicone,122
Onondaga,DEWITT 5,U.S. Senate,,CON,Michael D. Sapraicone,21
Onondaga,DEWITT 5,U.S. Senate,,WOR,Kirsten E. Gillibrand,29
Onondaga,DEWITT 5,U.S. Senate,,LAR,Diane Sare,1
Onondaga,DEWITT 5,U.S. Senate,,,Write-in,1
Onondaga,DEWITT 5,U.S. House,22,DEM,John W. Mannion,406
Onondaga,DEWITT 5,U.S. House,22,REP,Brandon M. Williams,132
Onondaga,DEWITT 5,U.S. House,22,CON,Brandon M. Williams,23
Onondaga,DEWITT 5,U.S. House,22,WOR,John W. Mannion,28
Onondaga,DEWITT 5,State Senate,50,DEM,Christopher J. Ryan,377
Onondaga,DEWITT 5,State Senate,50,REP,Nick Paro,143
Onondaga,DEWITT 5,State Senate,50,CON,Nick Paro,29
Onondaga,DEWITT 5,State Senate,50,WOR,Christopher J. Ryan,30
Onondaga,DEWITT 5,State Assembly,128,DEM,Pamela Jo Hunter,394
Onondaga,DEWITT 5,State Assembly,128,REP,Daniel A. Ciciarelli,133
Onondaga,DEWITT 5,State Assembly,128,CON,Daniel A. Ciciarelli,26
Onondaga,DEWITT 5,State Assembly,128,WOR,Pamela Jo Hunter,27
Onondaga,DEWITT 5,State Assembly,128,,Write-in,1
Onondaga,DEWITT 6,President,,DEM,Kamala D. Harris,404
Onondaga,DEWITT 6,President,,REP,Donald J. Trump,155
Onondaga,DEWITT 6,President,,CON,Donald J. Trump,28
Onondaga,DEWITT 6,President,,WOR,Kamala D. Harris,13
Onondaga,DEWITT 6,President,,,Write-in,14
Onondaga,DEWITT 6,U.S. Senate,,DEM,Kirsten E. Gillibrand,390
Onondaga,DEWITT 6,U.S. Senate,,REP,Michael D. Sapraicone,178
Onondaga,DEWITT 6,U.S. Senate,,CON,Michael D. Sapraicone,29
Onondaga,DEWITT 6,U.S. Senate,,WOR,Kirsten E. Gillibrand,14
Onondaga,DEWITT 6,U.S. Senate,,LAR,Diane Sare,7
Onondaga,DEWITT 6,U.S. Senate,,,Write-in,1
Onondaga,DEWITT 6,U.S. House,22,DEM,John W. Mannion,406
Onondaga,DEWITT 6,U.S. House,22,REP,Brandon M. Williams,170
Onondaga,DEWITT 6,U.S. House,22,CON,Brandon M. Williams,28
Onondaga,DEWITT 6,U.S. House,22,WOR,John W. Mannion,17
Onondaga,DEWITT 6,U.S. House,22,,Write-in,1
Onondaga,DEWITT 6,State Senate,50,DEM,Christopher J. Ryan,377
Onondaga,DEWITT 6,State Senate,50,REP,Nick Paro,192
Onondaga,DEWITT 6,State Senate,50,CON,Nick Paro,28
Onondaga,DEWITT 6,State Senate,50,WOR,Christopher J. Ryan,19
Onondaga,DEWITT 6,State Senate,50,,Write-in,2
Onondaga,DEWITT 6,State Assembly,128,DEM,Pamela Jo Hunter,371
Onondaga,DEWITT 6,State Assembly,128,REP,Daniel A. Ciciarelli,199
Onondaga,DEWITT 6,State Assembly,128,CON,Daniel A. Ciciarelli,28
Onondaga,DEWITT 6,State Assembly,128,WOR,Pamela Jo Hunter,16
Onondaga,DEWITT 6,State Assembly,128,,Write-in,1
Onondaga,DEWITT 7,President,,DEM,Kamala D. Harris,240
Onondaga,DEWITT 7,President,,REP,Donald J. Trump,169
Onondaga,DEWITT 7,President,,CON,Donald J. Trump,22
Onondaga,DEWITT 7,President,,WOR,Kamala D. Harris,12
Onondaga,DEWITT 7,U.S. Senate,,DEM,Kirsten E. Gillibrand,235
Onondaga,DEWITT 7,U.S. Senate,,REP,Michael D. Sapraicone,150
Onondaga,DEWITT 7,U.S. Senate,,CON,Michael D. Sapraicone,23
Onondaga,DEWITT 7,U.S. Senate,,WOR,Kirsten E. Gillibrand,17
Onondaga,DEWITT 7,U.S. Senate,,LAR,Diane Sare,1
Onondaga,DEWITT 7,U.S. House,22,DEM,John W. Mannion,238
Onondaga,DEWITT 7,U.S. House,22,REP,Brandon M. Williams,154
Onondaga,DEWITT 7,U.S. House,22,CON,Brandon M. Williams,25
Onondaga,DEWITT 7,U.S. House,22,WOR,John W. Mannion,13
Onondaga,DEWITT 7,State Senate,50,DEM,Christopher J. Ryan,231
Onondaga,DEWITT 7,State Senate,50,REP,Nick Paro,154
Onondaga,DEWITT 7,State Senate,50,CON,Nick Paro,25
Onondaga,DEWITT 7,State Senate,50,WOR,Christopher J. Ryan,20
Onondaga,DEWITT 7,State Assembly,128,DEM,Pamela Jo Hunter,225
Onondaga,DEWITT 7,State Assembly,128,REP,Daniel A. Ciciarelli,159
Onondaga,DEWITT 7,State Assembly,128,CON,Daniel A. Ciciarelli,24
Onondaga,DEWITT 7,State Assembly,128,WOR,Pamela Jo Hunter,16
Onondaga,DEWITT 8,President,,DEM,Kamala D. Harris,189
Onondaga,DEWITT 8,President,,REP,Donald J. Trump,171
Onondaga,DEWITT 8,President,,CON,Donald J. Trump,26
Onondaga,DEWITT 8,President,,WOR,Kamala D. Harris,12
Onondaga,DEWITT 8,U.S. Senate,,DEM,Kirsten E. Gillibrand,188
Onondaga,DEWITT 8,U.S. Senate,,REP,Michael D. Sapraicone,157
Onondaga,DEWITT 8,U.S. Senate,,CON,Michael D. Sapraicone,31
Onondaga,DEWITT 8,U.S. Senate,,WOR,Kirsten E. Gillibrand,13
Onondaga,DEWITT 8,U.S. Senate,,LAR,Diane Sare,1
Onondaga,DEWITT 8,U.S. House,22,DEM,John W. Mannion,179
Onondaga,DEWITT 8,U.S. House,22,REP,Brandon M. Williams,165
Onondaga,DEWITT 8,U.S. House,22,CON,Brandon M. Williams,33
Onondaga,DEWITT 8,U.S. House,22,WOR,John W. Mannion,14
Onondaga,DEWITT 8,U.S. House,22,,Write-in,1
Onondaga,DEWITT 8,State Senate,50,DEM,Christopher J. Ryan,175
Onondaga,DEWITT 8,State Senate,50,REP,Nick Paro,167
Onondaga,DEWITT 8,State Senate,50,CON,Nick Paro,37
Onondaga,DEWITT 8,State Senate,50,WOR,Christopher J. Ryan,11
Onondaga,DEWITT 8,State Senate,50,,Write-in,1
Onondaga,DEWITT 8,State Assembly,128,DEM,Pamela Jo Hunter,171
Onondaga,DEWITT 8,State Assembly,128,REP,Daniel A. Ciciarelli,170
Onondaga,DEWITT 8,State Assembly,128,CON,Daniel A. Ciciarelli,35
Onondaga,DEWITT 8,State Assembly,128,WOR,Pamela Jo Hunter,12
Onondaga,DEWITT 8,State Assembly,128,,Write-in,1
Onondaga,DEWITT 9,President,,DEM,Kamala D. Harris,294
Onondaga,DEWITT 9,President,,REP,Donald J. Trump,207
Onondaga,DEWITT 9,President,,CON,Donald J. Trump,42
Onondaga,DEWITT 9,President,,WOR,Kamala D. Harris,16
Onondaga,DEWITT 9,President,,,Write-in,2
Onondaga,DEWITT 9,U.S. Senate,,DEM,Kirsten E. Gillibrand,292
Onondaga,DEWITT 9,U.S. Senate,,REP,Michael D. Sapraicone,179
Onondaga,DEWITT 9,U.S. Senate,,CON,Michael D. Sapraicone,42
Onondaga,DEWITT 9,U.S. Senate,,WOR,Kirsten E. Gillibrand,33
Onondaga,DEWITT 9,U.S. Senate,,LAR,Diane Sare,3
Onondaga,DEWITT 9,U.S. House,22,DEM,John W. Mannion,279
Onondaga,DEWITT 9,U.S. House,22,REP,Brandon M. Williams,196
Onondaga,DEWITT 9,U.S. House,22,CON,Brandon M. Williams,48
Onondaga,DEWITT 9,U.S. House,22,WOR,John W. Mannion,28
Onondaga,DEWITT 9,U.S. House,22,,Write-in,1
Onondaga,DEWITT 9,State Senate,50,DEM,Christopher J. Ryan,277
Onondaga,DEWITT 9,State Senate,50,REP,Nick Paro,201
Onondaga,DEWITT 9,State Senate,50,CON,Nick Paro,42
Onondaga,DEWITT 9,State Senate,50,WOR,Christopher J. Ryan,29
Onondaga,DEWITT 9,State Assembly,128,DEM,Pamela Jo Hunter,263
Onondaga,DEWITT 9,State Assembly,128,REP,Daniel A. Ciciarelli,202
Onondaga,DEWITT 9,State Assembly,128,CON,Daniel A. Ciciarelli,49
Onondaga,DEWITT 9,State Assembly,128,WOR,Pamela Jo Hunter,30
Onondaga,DEWITT 10,President,,DEM,Kamala D. Harris,367
Onondaga,DEWITT 10,President,,REP,Donald J. Trump,137
Onondaga,DEWITT 10,President,,CON,Donald J. Trump,19
Onondaga,DEWITT 10,President,,WOR,Kamala D. Harris,23
Onondaga,DEWITT 10,President,,,Write-in,1
Onondaga,DEWITT 10,U.S. Senate,,DEM,Kirsten E. Gillibrand,361
Onondaga,DEWITT 10,U.S. Senate,,REP,Michael D. Sapraicone,137
Onondaga,DEWITT 10,U.S. Senate,,CON,Michael D. Sapraicone,25
Onondaga,DEWITT 10,U.S. Senate,,WOR,Kirsten E. Gillibrand,24
Onondaga,DEWITT 10,U.S. Senate,,LAR,Diane Sare,1
Onondaga,DEWITT 10,U.S. House,22,DEM,John W. Mannion,364
Onondaga,DEWITT 10,U.S. House,22,REP,Brandon M. Williams,137
Onondaga,DEWITT 10,U.S. House,22,CON,Brandon M. Williams,24
Onondaga,DEWITT 10,U.S. House,22,WOR,John W. Mannion,29
Onondaga,DEWITT 10,State Senate,50,DEM,Christopher J. Ryan,338
Onondaga,DEWITT 10,State Senate,50,REP,Nick Paro,151
Onondaga,DEWITT 10,State Senate,50,CON,Nick Paro,25
Onondaga,DEWITT 10,State Senate,50,WOR,Christopher J. Ryan,27
Onondaga,DEWITT 10,State Assembly,128,DEM,Pamela Jo Hunter,340
Onondaga,DEWITT 10,State Assembly,128,REP,Daniel A. Ciciarelli,148
Onondaga,DEWITT 10,State Assembly,128,CON,Daniel A. Ciciarelli,27
Onondaga,DEWITT 10,State Assembly,128,WOR,Pamela Jo Hunter,25
Onondaga,DEWITT 11,President,,DEM,Kamala D. Harris,348
Onondaga,DEWITT 11,President,,REP,Donald J. Trump,214
Onondaga,DEWITT 11,President,,CON,Donald J. Trump,31
Onondaga,DEWITT 11,President,,WOR,Kamala D. Harris,33
Onondaga,DEWITT 11,President,,,Write-in,3
Onondaga,DEWITT 11,U.S. Senate,,DEM,Kirsten E. Gillibrand,338
Onondaga,DEWITT 11,U.S. Senate,,REP,Michael D. Sapraicone,197
Onondaga,DEWITT 11,U.S. Senate,,CON,Michael D. Sapraicone,26
Onondaga,DEWITT 11,U.S. Senate,,WOR,Kirsten E. Gillibrand,52
Onondaga,DEWITT 11,U.S. Senate,,LAR,Diane Sare,2
Onondaga,DEWITT 11,U.S. Senate,,,Write-in,1
Onondaga,DEWITT 11,U.S. House,22,DEM,John W. Mannion,345
Onondaga,DEWITT 11,U.S. House,22,REP,Brandon M. Williams,203
Onondaga,DEWITT 11,U.S. House,22,CON,Brandon M. Williams,28
Onondaga,DEWITT 11,U.S. House,22,WOR,John W. Mannion,47
Onondaga,DEWITT 11,State Senate,50,DEM,Christopher J. Ryan,322
Onondaga,DEWITT 11,State Senate,50,REP,Nick Paro,220
Onondaga,DEWITT 11,State Senate,50,CON,Nick Paro,30
Onondaga,DEWITT 11,State Senate,50,WOR,Christopher J. Ryan,40
Onondaga,DEWITT 11,State Senate,50,,Write-in,1
Onondaga,DEWITT 11,State Assembly,128,DEM,Pamela Jo Hunter,321
Onondaga,DEWITT 11,State Assembly,128,REP,Daniel A. Ciciarelli,224
Onondaga,DEWITT 11,State Assembly,128,CON,Daniel A. Ciciarelli,27
Onondaga,DEWITT 11,State Assembly,128,WOR,Pamela Jo Hunter,40
Onondaga,DEWITT 12,President,,DEM,Kamala D. Harris,254
Onondaga,DEWITT 12,President,,REP,Donald J. Trump,251
Onondaga,DEWITT 12,President,,CON,Donald J. Trump,31
Onondaga,DEWITT 12,President,,WOR,Kamala D. Harris,21
Onondaga,DEWITT 12,President,,,Write-in,1
Onondaga,DEWITT 12,U.S. Senate,,DEM,Kirsten E. Gillibrand,263
Onondaga,DEWITT 12,U.S. Senate,,REP,Michael D. Sapraicone,224
Onondaga,DEWITT 12,U.S. Senate,,CON,Michael D. Sapraicone,35
Onondaga,DEWITT 12,U.S. Senate,,WOR,Kirsten E. Gillibrand,27
Onondaga,DEWITT 12,U.S. Senate,,LAR,Diane Sare,1
Onondaga,DEWITT 12,U.S. House,22,DEM,John W. Mannion,249
Onondaga,DEWITT 12,U.S. House,22,REP,Brandon M. Williams,237
Onondaga,DEWITT 12,U.S. House,22,CON,Brandon M. Williams,36
Onondaga,DEWITT 12,U.S. House,22,WOR,John W. Mannion,27
Onondaga,DEWITT 12,State Senate,50,DEM,Christopher J. Ryan,238
Onondaga,DEWITT 12,State Senate,50,REP,Nick Paro,249
Onondaga,DEWITT 12,State Senate,50,CON,Nick Paro,36
Onondaga,DEWITT 12,State Senate,50,WOR,Christopher J. Ryan,22
Onondaga,DEWITT 12,State Assembly,128,DEM,Pamela Jo Hunter,237
Onondaga,DEWITT 12,State Assembly,128,REP,Daniel A. Ciciarelli,244
Onondaga,DEWITT 12,State Assembly,128,CON,Daniel A. Ciciarelli,37
Onondaga,DEWITT 12,State Assembly,128,WOR,Pamela Jo Hunter,26
Onondaga,DEWITT 13,President,,DEM,Kamala D. Harris,299
Onondaga,DEWITT 13,President,,REP,Donald J. Trump,214
Onondaga,DEWITT 13,President,,CON,Donald J. Trump,38
Onondaga,DEWITT 13,President,,WOR,Kamala D. Harris,20
Onondaga,DEWITT 13,U.S. Senate,,DEM,Kirsten E. Gillibrand,291
Onondaga,DEWITT 13,U.S. Senate,,REP,Michael D. Sapraicone,199
Onondaga,DEWITT 13,U.S. Senate,,CON,Michael D. Sapraicone,33
Onondaga,DEWITT 13,U.S. Senate,,WOR,Kirsten E. Gillibrand,36
Onondaga,DEWITT 13,U.S. Senate,,LAR,Diane Sare,1
Onondaga,DEWITT 13,U.S. House,22,DEM,John W. Mannion,286
Onondaga,DEWITT 13,U.S. House,22,REP,Brandon M. Williams,201
Onondaga,DEWITT 13,U.S. House,22,CON,Brandon M. Williams,35
Onondaga,DEWITT 13,U.S. House,22,WOR,John W. Mannion,39
Onondaga,DEWITT 13,State Senate,50,DEM,Christopher J. Ryan,273
Onondaga,DEWITT 13,State Senate,50,REP,Nick Paro,211
Onondaga,DEWITT 13,State Senate,50,CON,Nick Paro,38
Onondaga,DEWITT 13,State Senate,50,WOR,Christopher J. Ryan,37
Onondaga,DEWITT 13,State Assembly,128,DEM,Pamela Jo Hunter,264
Onondaga,DEWITT 13,State Assembly,128,REP,Daniel A. Ciciarelli,215
Onondaga,DEWITT 13,State Assembly,128,CON,Daniel A. Ciciarelli,39
Onondaga,DEWITT 13,State Assembly,128,WOR,Pamela Jo Hunter,31
Onondaga,DEWITT 14,President,,DEM,Kamala D. Harris,189
Onondaga,DEWITT 14,President,,REP,Donald J. Trump,82
Onondaga,DEWITT 14,President,,CON,Donald J. Trump,15
Onondaga,DEWITT 14,President,,WOR,Kamala D. Harris,10
Onondaga,DEWITT 14,President,,,Write-in,2
Onondaga,DEWITT 14,U.S. Senate,,DEM,Kirsten E. Gillibrand,183
Onondaga,DEWITT 14,U.S. Senate,,REP,Michael D. Sapraicone,70
Onondaga,DEWITT 14,U.S. Senate,,CON,Michael D. Sapraicone,17
Onondaga,DEWITT 14,U.S. Senate,,WOR,Kirsten E. Gillibrand,16
Onondaga,DEWITT 14,U.S. Senate,,LAR,Diane Sare,4
Onondaga,DEWITT 14,U.S. House,22,DEM,John W. Mannion,182
Onondaga,DEWITT 14,U.S. House,22,REP,Brandon M. Williams,71
Onondaga,DEWITT 14,U.S. House,22,CON,Brandon M. Williams,14
Onondaga,DEWITT 14,U.S. House,22,WOR,John W. Mannion,19
Onondaga,DEWITT 14,U.S. House,22,,Write-in,3
Onondaga,DEWITT 14,State Senate,50,DEM,Christopher J. Ryan,170
Onondaga,DEWITT 14,State Senate,50,REP,Nick Paro,72
Onondaga,DEWITT 14,State Senate,50,CON,Nick Paro,15
Onondaga,DEWITT 14,State Senate,50,WOR,Christopher J. Ryan,18
Onondaga,DEWITT 14,State Senate,50,,Write-in,1
Onondaga,DEWITT 14,State Assembly,128,DEM,Pamela Jo Hunter,182
Onondaga,DEWITT 14,State Assembly,128,REP,Daniel A. Ciciarelli,64
Onondaga,DEWITT 14,State Assembly,128,CON,Daniel A. Ciciarelli,14
Onondaga,DEWITT 14,State Assembly,128,WOR,Pamela Jo Hunter,18
Onondaga,DEWITT 14,State Assembly,128,,Write-in,1
Onondaga,DEWITT 15,President,,DEM,Kamala D. Harris,263
Onondaga,DEWITT 15,President,,REP,Donald J. Trump,130
Onondaga,DEWITT 15,President,,CON,Donald J. Trump,19
Onondaga,DEWITT 15,President,,WOR,Kamala D. Harris,6
Onondaga,DEWITT 15,President,,,Write-in,1
Onondaga,DEWITT 15,U.S. Senate,,DEM,Kirsten E. Gillibrand,264
Onondaga,DEWITT 15,U.S. Senate,,REP,Michael D. Sapraicone,117
Onondaga,DEWITT 15,U.S. Senate,,CON,Michael D. Sapraicone,18
Onondaga,DEWITT 15,U.S. Senate,,WOR,Kirsten E. Gillibrand,14
Onondaga,DEWITT 15,U.S. Senate,,LAR,Diane Sare,2
Onondaga,DEWITT 15,U.S. House,22,DEM,John W. Mannion,256
Onondaga,DEWITT 15,U.S. House,22,REP,Brandon M. Williams,132
Onondaga,DEWITT 15,U.S. House,22,CON,Brandon M. Williams,20
Onondaga,DEWITT 15,U.S. House,22,WOR,John W. Mannion,10
Onondaga,DEWITT 15,State Senate,50,DEM,Christopher J. Ryan,242
Onondaga,DEWITT 15,State Senate,50,REP,Nick Paro,142
Onondaga,DEWITT 15,State Senate,50,CON,Nick Paro,18
Onondaga,DEWITT 15,State Senate,50,WOR,Christopher J. Ryan,8
Onondaga,DEWITT 15,State Assembly,128,DEM,Pamela Jo Hunter,245
Onondaga,DEWITT 15,State Assembly,128,REP,Daniel A. Ciciarelli,138
Onondaga,DEWITT 15,State Assembly,128,CON,Daniel A. Ciciarelli,23
Onondaga,DEWITT 15,State Assembly,128,WOR,Pamela Jo Hunter,7
Onondaga,DEWITT 16,President,,DEM,Kamala D. Harris,212
Onondaga,DEWITT 16,President,,REP,Donald J. Trump,84
Onondaga,DEWITT 16,President,,CON,Donald J. Trump,10
Onondaga,DEWITT 16,President,,WOR,Kamala D. Harris,16
Onondaga,DEWITT 16,President,,,Write-in,3
Onondaga,DEWITT 16,U.S. Senate,,DEM,Kirsten E. Gillibrand,207
Onondaga,DEWITT 16,U.S. Senate,,REP,Michael D. Sapraicone,84
Onondaga,DEWITT 16,U.S. Senate,,CON,Michael D. Sapraicone,7
Onondaga,DEWITT 16,U.S. Senate,,WOR,Kirsten E. Gillibrand,23
Onondaga,DEWITT 16,U.S. Senate,,LAR,Diane Sare,3
Onondaga,DEWITT 16,U.S. House,22,DEM,John W. Mannion,213
Onondaga,DEWITT 16,U.S. House,22,REP,Brandon M. Williams,79
Onondaga,DEWITT 16,U.S. House,22,CON,Brandon M. Williams,12
Onondaga,DEWITT 16,U.S. House,22,WOR,John W. Mannion,22
Onondaga,DEWITT 16,State Senate,50,DEM,Christopher J. Ryan,207
Onondaga,DEWITT 16,State Senate,50,REP,Nick Paro,77
Onondaga,DEWITT 16,State Senate,50,CON,Nick Paro,12
Onondaga,DEWITT 16,State Senate,50,WOR,Christopher J. Ryan,23
Onondaga,DEWITT 16,State Assembly,128,DEM,Pamela Jo Hunter,205
Onondaga,DEWITT 16,State Assembly,128,REP,Daniel A. Ciciarelli,79
Onondaga,DEWITT 16,State Assembly,128,CON,Daniel A. Ciciarelli,12
Onondaga,DEWITT 16,State Assembly,128,WOR,Pamela Jo Hunter,23
Onondaga,DEWITT 17,President,,DEM,Kamala D. Harris,207
Onondaga,DEWITT 17,President,,REP,Donald J. Trump,168
Onondaga,DEWITT 17,President,,CON,Donald J. Trump,19
Onondaga,DEWITT 17,President,,WOR,Kamala D. Harris,9
Onondaga,DEWITT 17,President,,,Write-in,2
Onondaga,DEWITT 17,U.S. Senate,,DEM,Kirsten E. Gillibrand,210
Onondaga,DEWITT 17,U.S. Senate,,REP,Michael D. Sapraicone,170
Onondaga,DEWITT 17,U.S. Senate,,CON,Michael D. Sapraicone,22
Onondaga,DEWITT 17,U.S. Senate,,WOR,Kirsten E. Gillibrand,12
Onondaga,DEWITT 17,U.S. Senate,,LAR,Diane Sare,1
Onondaga,DEWITT 17,U.S. House,22,DEM,John W. Mannion,202
Onondaga,DEWITT 17,U.S. House,22,REP,Brandon M. Williams,179
Onondaga,DEWITT 17,U.S. House,22,CON,Brandon M. Williams,22
Onondaga,DEWITT 17,U.S. House,22,WOR,John W. Mannion,11
Onondaga,DEWITT 17,State Senate,50,DEM,Christopher J. Ryan,193
Onondaga,DEWITT 17,State Senate,50,REP,Nick Paro,187
Onondaga,DEWITT 17,State Senate,50,CON,Nick Paro,22
Onondaga,DEWITT 17,State Senate,50,WOR,Christopher J. Ryan,9
Onondaga,DEWITT 17,State Assembly,128,DEM,Pamela Jo Hunter,193
Onondaga,DEWITT 17,State Assembly,128,REP,Daniel A. Ciciarelli,184
Onondaga,DEWITT 17,State Assembly,128,CON,Daniel A. Ciciarelli,22
Onondaga,DEWITT 17,State Assembly,128,WOR,Pamela Jo Hunter,9
Onondaga,DEWITT 18,President,,DEM,Kamala D. Harris,272
Onondaga,DEWITT 18,President,,REP,Donald J. Trump,142
Onondaga,DEWITT 18,President,,CON,Donald J. Trump,18
Onondaga,DEWITT 18,President,,WOR,Kamala D. Harris,6
Onondaga,DEWITT 18,President,,,Write-in,2
Onondaga,DEWITT 18,U.S. Senate,,DEM,Kirsten E. Gillibrand,270
Onondaga,DEWITT 18,U.S. Senate,,REP,Michael D. Sapraicone,128
Onondaga,DEWITT 18,U.S. Senate,,CON,Michael D. Sapraicone,25
Onondaga,DEWITT 18,U.S. Senate,,WOR,Kirsten E. Gillibrand,9
Onondaga,DEWITT 18,U.S. Senate,,LAR,Diane Sare,1
Onondaga,DEWITT 18,U.S. House,22,DEM,John W. Mannion,274
Onondaga,DEWITT 18,U.S. House,22,REP,Brandon M. Williams,131
Onondaga,DEWITT 18,U.S. House,22,CON,Brandon M. Williams,19
Onondaga,DEWITT 18,U.S. House,22,WOR,John W. Mannion,11
Onondaga,DEWITT 18,U.S. House,22,,Write-in,1
Onondaga,DEWITT 18,State Senate,50,DEM,Christopher J. Ryan,258
Onondaga,DEWITT 18,State Senate,50,REP,Nick Paro,138
Onondaga,DEWITT 18,State Senate,50,CON,Nick Paro,24
Onondaga,DEWITT 18,State Senate,50,WOR,Christopher J. Ryan,14
Onondaga,DEWITT 18,State Assembly,128,DEM,Pamela Jo Hunter,270
Onondaga,DEWITT 18,State Assembly,128,REP,Daniel A. Ciciarelli,132
Onondaga,DEWITT 18,State Assembly,128,CON,Daniel A. Ciciarelli,25
Onondaga,DEWITT 18,State Assembly,128,WOR,Pamela Jo Hunter,9
Onondaga,DEWITT 19,President,,DEM,Kamala D. Harris,461
Onondaga,DEWITT 19,President,,REP,Donald J. Trump,225
Onondaga,DEWITT 19,President,,CON,Donald J. Trump,26
Onondaga,DEWITT 19,President,,WOR,Kamala D. Harris,18
Onondaga,DEWITT 19,President,,,Write-in,9
Onondaga,DEWITT 19,U.S. Senate,,DEM,Kirsten E. Gillibrand,458
Onondaga,DEWITT 19,U.S. Senate,,REP,Michael D. Sapraicone,223
Onondaga,DEWITT 19,U.S. Senate,,CON,Michael D. Sapraicone,29
Onondaga,DEWITT 19,U.S. Senate,,WOR,Kirsten E. Gillibrand,22
Onondaga,DEWITT 19,U.S. Senate,,LAR,Diane Sare,5
Onondaga,DEWITT 19,U.S. Senate,,,Write-in,2
Onondaga,DEWITT 19,U.S. House,22,DEM,John W. Mannion,467
Onondaga,DEWITT 19,U.S. House,22,REP,Brandon M. Williams,225
Onondaga,DEWITT 19,U.S. House,22,CON,Brandon M. Williams,30
Onondaga,DEWITT 19,U.S. House,22,WOR,John W. Mannion,20
Onondaga,DEWITT 19,U.S. House,22,,Write-in,2
Onondaga,DEWITT 19,State Senate,50,DEM,Christopher J. Ryan,424
Onondaga,DEWITT 19,State Senate,50,REP,Nick Paro,255
Onondaga,DEWITT 19,State Senate,50,CON,Nick Paro,33
Onondaga,DEWITT 19,State Senate,50,WOR,Christopher J. Ryan,20
Onondaga,DEWITT 19,State Senate,50,,Write-in,3
Onondaga,DEWITT 19,State Assembly,128,DEM,Pamela Jo Hunter,424
Onondaga,DEWITT 19,State Assembly,128,REP,Daniel A. Ciciarelli,253
Onondaga,DEWITT 19,State Assembly,128,CON,Daniel A. Ciciarelli,36
Onondaga,DEWITT 19,State Assembly,128,WOR,Pamela Jo Hunter,17
Onondaga,DEWITT 19,State Assembly,128,,Write-in,2
Onondaga,DEWITT 20,President,,DEM,Kamala D. Harris,275
Onondaga,DEWITT 20,President,,REP,Donald J. Trump,202
Onondaga,DEWITT 20,President,,CON,Donald J. Trump,23
Onondaga,DEWITT 20,President,,WOR,Kamala D. Harris,12
Onondaga,DEWITT 20,President,,,Write-in,3
Onondaga,DEWITT 20,U.S. Senate,,DEM,Kirsten E. Gillibrand,272
Onondaga,DEWITT 20,U.S. Senate,,REP,Michael D. Sapraicone,185
Onondaga,DEWITT 20,U.S. Senate,,CON,Michael D. Sapraicone,23
Onondaga,DEWITT 20,U.S. Senate,,WOR,Kirsten E. Gillibrand,19
Onondaga,DEWITT 20,U.S. Senate,,LAR,Diane Sare,1
Onondaga,DEWITT 20,U.S. House,22,DEM,John W. Mannion,269
Onondaga,DEWITT 20,U.S. House,22,REP,Brandon M. Williams,193
Onondaga,DEWITT 20,U.S. House,22,CON,Brandon M. Williams,31
Onondaga,DEWITT 20,U.S. House,22,WOR,John W. Mannion,14
Onondaga,DEWITT 20,State Senate,50,DEM,Christopher J. Ryan,258
Onondaga,DEWITT 20,State Senate,50,REP,Nick Paro,199
Onondaga,DEWITT 20,State Senate,50,CON,Nick Paro,32
Onondaga,DEWITT 20,State Senate,50,WOR,Christopher J. Ryan,15
Onondaga,DEWITT 20,State Assembly,128,DEM,Pamela Jo Hunter,254
Onondaga,DEWITT 20,State Assembly,128,REP,Daniel A. Ciciarelli,206
Onondaga,DEWITT 20,State Assembly,128,CON,Daniel A. Ciciarelli,31
Onondaga,DEWITT 20,State Assembly,128,WOR,Pamela Jo Hunter,15
Onondaga,DEWITT 21,President,,DEM,Kamala D. Harris,357
Onondaga,DEWITT 21,President,,REP,Donald J. Trump,209
Onondaga,DEWITT 21,President,,CON,Donald J. Trump,30
Onondaga,DEWITT 21,President,,WOR,Kamala D. Harris,29
Onondaga,DEWITT 21,President,,,Write-in,4
Onondaga,DEWITT 21,U.S. Senate,,DEM,Kirsten E. Gillibrand,346
Onondaga,DEWITT 21,U.S. Senate,,REP,Michael D. Sapraicone,197
Onondaga,DEWITT 21,U.S. Senate,,CON,Michael D. Sapraicone,32
Onondaga,DEWITT 21,U.S. Senate,,WOR,Kirsten E. Gillibrand,42
Onondaga,DEWITT 21,U.S. Senate,,LAR,Diane Sare,2
Onondaga,DEWITT 21,U.S. House,22,DEM,John W. Mannion,346
Onondaga,DEWITT 21,U.S. House,22,REP,Brandon M. Williams,201
Onondaga,DEWITT 21,U.S. House,22,CON,Brandon M. Williams,35
Onondaga,DEWITT 21,U.S. House,22,WOR,John W. Mannion,47
Onondaga,DEWITT 21,State Senate,50,DEM,Christopher J. Ryan,329
Onondaga,DEWITT 21,State Senate,50,REP,Nick Paro,215
Onondaga,DEWITT 21,State Senate,50,CON,Nick Paro,32
Onondaga,DEWITT 21,State Senate,50,WOR,Christopher J. Ryan,37
Onondaga,DEWITT 21,State Assembly,128,DEM,Pamela Jo Hunter,321
Onondaga,DEWITT 21,State Assembly,128,REP,Daniel A. Ciciarelli,216
Onondaga,DEWITT 21,State Assembly,128,CON,Daniel A. Ciciarelli,36
Onondaga,DEWITT 21,State Assembly,128,WOR,Pamela Jo Hunter,37
Onondaga,DEWITT 22,President,,DEM,Kamala D. Harris,255
Onondaga,DEWITT 22,President,,REP,Donald J. Trump,86
Onondaga,DEWITT 22,President,,CON,Donald J. Trump,13
Onondaga,DEWITT 22,President,,WOR,Kamala D. Harris,13
Onondaga,DEWITT 22,President,,,Write-in,2
Onondaga,DEWITT 22,U.S. Senate,,DEM,Kirsten E. Gillibrand,257
Onondaga,DEWITT 22,U.S. Senate,,REP,Michael D. Sapraicone,73
Onondaga,DEWITT 22,U.S. Senate,,CON,Michael D. Sapraicone,10
Onondaga,DEWITT 22,U.S. Senate,,WOR,Kirsten E. Gillibrand,18
Onondaga,DEWITT 22,U.S. Senate,,LAR,Diane Sare,2
Onondaga,DEWITT 22,U.S. Senate,,,Write-in,1
Onondaga,DEWITT 22,U.S. House,22,DEM,John W. Mannion,252
Onondaga,DEWITT 22,U.S. House,22,REP,Brandon M. Williams,79
Onondaga,DEWITT 22,U.S. House,22,CON,Brandon M. Williams,15
Onondaga,DEWITT 22,U.S. House,22,WOR,John W. Mannion,16
Onondaga,DEWITT 22,U.S. House,22,,Write-in,2
Onondaga,DEWITT 22,State Senate,50,DEM,Christopher J. Ryan,244
Onondaga,DEWITT 22,State Senate,50,REP,Nick Paro,79
Onondaga,DEWITT 22,State Senate,50,CON,Nick Paro,13
Onondaga,DEWITT 22,State Senate,50,WOR,Christopher J. Ryan,18
Onondaga,DEWITT 22,State Senate,50,,Write-in,1
Onondaga,DEWITT 22,State Assembly,128,DEM,Pamela Jo Hunter,245
Onondaga,DEWITT 22,State Assembly,128,REP,Daniel A. Ciciarelli,78
Onondaga,DEWITT 22,State Assembly,128,CON,Daniel A. Ciciarelli,14
Onondaga,DEWITT 22,State Assembly,128,WOR,Pamela Jo Hunter,19
Onondaga,DEWITT 22,State Assembly,128,,Write-in,1
Onondaga,DEWITT 23,President,,DEM,Kamala D. Harris,555
Onondaga,DEWITT 23,President,,REP,Donald J. Trump,210
Onondaga,DEWITT 23,President,,CON,Donald J. Trump,26
Onondaga,DEWITT 23,President,,WOR,Kamala D. Harris,16
Onondaga,DEWITT 23,President,,,Write-in,7
Onondaga,DEWITT 23,U.S. Senate,,DEM,Kirsten E. Gillibrand,544
Onondaga,DEWITT 23,U.S. Senate,,REP,Michael D. Sapraicone,213
Onondaga,DEWITT 23,U.S. Senate,,CON,Michael D. Sapraicone,32
Onondaga,DEWITT 23,U.S. Senate,,WOR,Kirsten E. Gillibrand,21
Onondaga,DEWITT 23,U.S. Senate,,LAR,Diane Sare,3
Onondaga,DEWITT 23,U.S. House,22,DEM,John W. Mannion,541
Onondaga,DEWITT 23,U.S. House,22,REP,Brandon M. Williams,227
Onondaga,DEWITT 23,U.S. House,22,CON,Brandon M. Williams,33
Onondaga,DEWITT 23,U.S. House,22,WOR,John W. Mannion,18
Onondaga,DEWITT 23,State Senate,50,DEM,Christopher J. Ryan,499
Onondaga,DEWITT 23,State Senate,50,REP,Nick Paro,241
Onondaga,DEWITT 23,State Senate,50,CON,Nick Paro,29
Onondaga,DEWITT 23,State Senate,50,WOR,Christopher J. Ryan,16
Onondaga,DEWITT 23,State Assembly,128,DEM,Pamela Jo Hunter,511
Onondaga,DEWITT 23,State Assembly,128,REP,Daniel A. Ciciarelli,234
Onondaga,DEWITT 23,State Assembly,128,CON,Daniel A. Ciciarelli,29
Onondaga,DEWITT 23,State Assembly,128,WOR,Pamela Jo Hunter,14
Onondaga,DEWITT 24,President,,DEM,Kamala D. Harris,420
Onondaga,DEWITT 24,President,,REP,Donald J. Trump,130
Onondaga,DEWITT 24,President,,CON,Donald J. Trump,13
Onondaga,DEWITT 24,President,,WOR,Kamala D. Harris,18
Onondaga,DEWITT 24,President,,,Write-in,1
Onondaga,DEWITT 24,U.S. Senate,,DEM,Kirsten E. Gillibrand,413
Onondaga,DEWITT 24,U.S. Senate,,REP,Michael D. Sapraicone,125
Onondaga,DEWITT 24,U.S. Senate,,CON,Michael D. Sapraicone,17
Onondaga,DEWITT 24,U.S. Senate,,WOR,Kirsten E. Gillibrand,26
Onondaga,DEWITT 24,U.S. House,22,DEM,John W. Mannion,411
Onondaga,DEWITT 24,U.S. House,22,REP,Brandon M. Williams,137
Onondaga,DEWITT 24,U.S. House,22,CON,Brandon M. Williams,15
Onondaga,DEWITT 24,U.S. House,22,WOR,John W. Mannion,22
Onondaga,DEWITT 24,State Senate,50,DEM,Christopher J. Ryan,400
Onondaga,DEWITT 24,State Senate,50,REP,Nick Paro,131
Onondaga,DEWITT 24,State Senate,50,CON,Nick Paro,15
Onondaga,DEWITT 24,State Senate,50,WOR,Christopher J. Ryan,26
Onondaga,DEWITT 24,State Assembly,128,DEM,Pamela Jo Hunter,398
Onondaga,DEWITT 24,State Assembly,128,REP,Daniel A. Ciciarelli,135
Onondaga,DEWITT 24,State Assembly,128,CON,Daniel A. Ciciarelli,14
Onondaga,DEWITT 24,State Assembly,128,WOR,Pamela Jo Hunter,23
Onondaga,DEWITT 25,President,,DEM,Kamala D. Harris,241
Onondaga,DEWITT 25,President,,REP,Donald J. Trump,193
Onondaga,DEWITT 25,President,,CON,Donald J. Trump,26
Onondaga,DEWITT 25,President,,WOR,Kamala D. Harris,21
Onondaga,DEWITT 25,President,,,Write-in,3
Onondaga,DEWITT 25,U.S. Senate,,DEM,Kirsten E. Gillibrand,243
Onondaga,DEWITT 25,U.S. Senate,,REP,Michael D. Sapraicone,173
Onondaga,DEWITT 25,U.S. Senate,,CON,Michael D. Sapraicone,29
Onondaga,DEWITT 25,U.S. Senate,,WOR,Kirsten E. Gillibrand,32
Onondaga,DEWITT 25,U.S. Senate,,LAR,Diane Sare,1
Onondaga,DEWITT 25,U.S. Senate,,,Write-in,1
Onondaga,DEWITT 25,U.S. House,22,DEM,John W. Mannion,247
Onondaga,DEWITT 25,U.S. House,22,REP,Brandon M. Williams,175
Onondaga,DEWITT 25,U.S. House,22,CON,Brandon M. Williams,30
Onondaga,DEWITT 25,U.S. House,22,WOR,John W. Mannion,26
Onondaga,DEWITT 25,State Senate,50,DEM,Christopher J. Ryan,233
Onondaga,DEWITT 25,State Senate,50,REP,Nick Paro,186
Onondaga,DEWITT 25,State Senate,50,CON,Nick Paro,31
Onondaga,DEWITT 25,State Senate,50,WOR,Christopher J. Ryan,26
Onondaga,DEWITT 25,State Assembly,128,DEM,Pamela Jo Hunter,232
Onondaga,DEWITT 25,State Assembly,128,REP,Daniel A. Ciciarelli,180
Onondaga,DEWITT 25,State Assembly,128,CON,Daniel A. Ciciarelli,34
Onondaga,DEWITT 25,State Assembly,128,WOR,Pamela Jo Hunter,26
Onondaga,ELBRIDGE 1,President,,DEM,Kamala D. Harris,212
Onondaga,ELBRIDGE 1,President,,REP,Donald J. Trump,338
Onondaga,ELBRIDGE 1,President,,CON,Donald J. Trump,51
Onondaga,ELBRIDGE 1,President,,WOR,Kamala D. Harris,14
Onondaga,ELBRIDGE 1,President,,,Write-in,1
Onondaga,ELBRIDGE 1,U.S. Senate,,DEM,Kirsten E. Gillibrand,214
Onondaga,ELBRIDGE 1,U.S. Senate,,REP,Michael D. Sapraicone,320
Onondaga,ELBRIDGE 1,U.S. Senate,,CON,Michael D. Sapraicone,46
Onondaga,ELBRIDGE 1,U.S. Senate,,WOR,Kirsten E. Gillibrand,24
Onondaga,ELBRIDGE 1,U.S. Senate,,LAR,Diane Sare,3
Onondaga,ELBRIDGE 1,U.S. Senate,,,Write-in,1
Onondaga,ELBRIDGE 1,U.S. House,22,DEM,John W. Mannion,210
Onondaga,ELBRIDGE 1,U.S. House,22,REP,Brandon M. Williams,322
Onondaga,ELBRIDGE 1,U.S. House,22,CON,Brandon M. Williams,55
Onondaga,ELBRIDGE 1,U.S. House,22,WOR,John W. Mannion,27
Onondaga,ELBRIDGE 1,U.S. House,22,,Write-in,1
Onondaga,ELBRIDGE 1,State Senate,48,DEM,Rachel May,208
Onondaga,ELBRIDGE 1,State Senate,48,REP,Caleb C. Slater,360
Onondaga,ELBRIDGE 1,State Senate,48,WOR,Rachel May,29
Onondaga,ELBRIDGE 1,State Assembly,126,DEM,Ian Phillips,173
Onondaga,ELBRIDGE 1,State Assembly,126,REP,John Lemondes Jr.,359
Onondaga,ELBRIDGE 1,State Assembly,126,CON,John Lemondes Jr.,51
Onondaga,ELBRIDGE 1,State Assembly,126,WOR,Ian Phillips,23
Onondaga,ELBRIDGE 2,President,,DEM,Kamala D. Harris,267
Onondaga,ELBRIDGE 2,President,,REP,Donald J. Trump,266
Onondaga,ELBRIDGE 2,President,,CON,Donald J. Trump,51
Onondaga,ELBRIDGE 2,President,,WOR,Kamala D. Harris,20
Onondaga,ELBRIDGE 2,U.S. Senate,,DEM,Kirsten E. Gillibrand,264
Onondaga,ELBRIDGE 2,U.S. Senate,,REP,Michael D. Sapraicone,255
Onondaga,ELBRIDGE 2,U.S. Senate,,CON,Michael D. Sapraicone,48
Onondaga,ELBRIDGE 2,U.S. Senate,,WOR,Kirsten E. Gillibrand,26
Onondaga,ELBRIDGE 2,U.S. Senate,,LAR,Diane Sare,4
Onondaga,ELBRIDGE 2,U.S. House,22,DEM,John W. Mannion,260
Onondaga,ELBRIDGE 2,U.S. House,22,REP,Brandon M. Williams,263
Onondaga,ELBRIDGE 2,U.S. House,22,CON,Brandon M. Williams,49
Onondaga,ELBRIDGE 2,U.S. House,22,WOR,John W. Mannion,22
Onondaga,ELBRIDGE 2,U.S. House,22,,Write-in,1
Onondaga,ELBRIDGE 2,State Senate,48,DEM,Rachel May,249
Onondaga,ELBRIDGE 2,State Senate,48,REP,Caleb C. Slater,305
Onondaga,ELBRIDGE 2,State Senate,48,WOR,Rachel May,26
Onondaga,ELBRIDGE 2,State Senate,48,,Write-in,1
Onondaga,ELBRIDGE 2,State Assembly,126,DEM,Ian Phillips,225
Onondaga,ELBRIDGE 2,State Assembly,126,REP,John Lemondes Jr.,288
Onondaga,ELBRIDGE 2,State Assembly,126,CON,John Lemondes Jr.,55
Onondaga,ELBRIDGE 2,State Assembly,126,WOR,Ian Phillips,18
Onondaga,ELBRIDGE 3,President,,DEM,Kamala D. Harris,207
Onondaga,ELBRIDGE 3,President,,REP,Donald J. Trump,373
Onondaga,ELBRIDGE 3,President,,CON,Donald J. Trump,52
Onondaga,ELBRIDGE 3,President,,WOR,Kamala D. Harris,12
Onondaga,ELBRIDGE 3,President,,,Write-in,2
Onondaga,ELBRIDGE 3,U.S. Senate,,DEM,Kirsten E. Gillibrand,201
Onondaga,ELBRIDGE 3,U.S. Senate,,REP,Michael D. Sapraicone,352
Onondaga,ELBRIDGE 3,U.S. Senate,,CON,Michael D. Sapraicone,53
Onondaga,ELBRIDGE 3,U.S. Senate,,WOR,Kirsten E. Gillibrand,23
Onondaga,ELBRIDGE 3,U.S. Senate,,LAR,Diane Sare,1
Onondaga,ELBRIDGE 3,U.S. House,22,DEM,John W. Mannion,206
Onondaga,ELBRIDGE 3,U.S. House,22,REP,Brandon M. Williams,352
Onondaga,ELBRIDGE 3,U.S. House,22,CON,Brandon M. Williams,62
Onondaga,ELBRIDGE 3,U.S. House,22,WOR,John W. Mannion,19
Onondaga,ELBRIDGE 3,U.S. House,22,,Write-in,1
Onondaga,ELBRIDGE 3,State Senate,48,DEM,Rachel May,193
Onondaga,ELBRIDGE 3,State Senate,48,REP,Caleb C. Slater,404
Onondaga,ELBRIDGE 3,State Senate,48,WOR,Rachel May,20
Onondaga,ELBRIDGE 3,State Assembly,126,DEM,Ian Phillips,187
Onondaga,ELBRIDGE 3,State Assembly,126,REP,John Lemondes Jr.,365
Onondaga,ELBRIDGE 3,State Assembly,126,CON,John Lemondes Jr.,64
Onondaga,ELBRIDGE 3,State Assembly,126,WOR,Ian Phillips,15
Onondaga,ELBRIDGE 4,President,,DEM,Kamala D. Harris,180
Onondaga,ELBRIDGE 4,President,,REP,Donald J. Trump,310
Onondaga,ELBRIDGE 4,President,,CON,Donald J. Trump,29
Onondaga,ELBRIDGE 4,President,,WOR,Kamala D. Harris,10
Onondaga,ELBRIDGE 4,President,,,Write-in,1
Onondaga,ELBRIDGE 4,U.S. Senate,,DEM,Kirsten E. Gillibrand,188
Onondaga,ELBRIDGE 4,U.S. Senate,,REP,Michael D. Sapraicone,284
Onondaga,ELBRIDGE 4,U.S. Senate,,CON,Michael D. Sapraicone,32
Onondaga,ELBRIDGE 4,U.S. Senate,,WOR,Kirsten E. Gillibrand,11
Onondaga,ELBRIDGE 4,U.S. Senate,,LAR,Diane Sare,1
Onondaga,ELBRIDGE 4,U.S. House,22,DEM,John W. Mannion,184
Onondaga,ELBRIDGE 4,U.S. House,22,REP,Brandon M. Williams,294
Onondaga,ELBRIDGE 4,U.S. House,22,CON,Brandon M. Williams,30
Onondaga,ELBRIDGE 4,U.S. House,22,WOR,John W. Mannion,12
Onondaga,ELBRIDGE 4,State Senate,48,DEM,Rachel May,178
Onondaga,ELBRIDGE 4,State Senate,48,REP,Caleb C. Slater,321
Onondaga,ELBRIDGE 4,State Senate,48,WOR,Rachel May,13
Onondaga,ELBRIDGE 4,State Assembly,126,DEM,Ian Phillips,160
Onondaga,ELBRIDGE 4,State Assembly,126,REP,John Lemondes Jr.,305
Onondaga,ELBRIDGE 4,State Assembly,126,CON,John Lemondes Jr.,34
Onondaga,ELBRIDGE 4,State Assembly,126,WOR,Ian Phillips,13
Onondaga,ELBRIDGE 5,President,,DEM,Kamala D. Harris,261
Onondaga,ELBRIDGE 5,President,,REP,Donald J. Trump,274
Onondaga,ELBRIDGE 5,President,,CON,Donald J. Trump,45
Onondaga,ELBRIDGE 5,President,,WOR,Kamala D. Harris,6
Onondaga,ELBRIDGE 5,President,,,Write-in,1
Onondaga,ELBRIDGE 5,U.S. Senate,,DEM,Kirsten E. Gillibrand,261
Onondaga,ELBRIDGE 5,U.S. Senate,,REP,Michael D. Sapraicone,243
Onondaga,ELBRIDGE 5,U.S. Senate,,CON,Michael D. Sapraicone,53
Onondaga,ELBRIDGE 5,U.S. Senate,,WOR,Kirsten E. Gillibrand,15
Onondaga,ELBRIDGE 5,U.S. House,22,DEM,John W. Mannion,258
Onondaga,ELBRIDGE 5,U.S. House,22,REP,Brandon M. Williams,253
Onondaga,ELBRIDGE 5,U.S. House,22,CON,Brandon M. Williams,55
Onondaga,ELBRIDGE 5,U.S. House,22,WOR,John W. Mannion,14
Onondaga,ELBRIDGE 5,State Senate,48,DEM,Rachel May,251
Onondaga,ELBRIDGE 5,State Senate,48,REP,Caleb C. Slater,298
Onondaga,ELBRIDGE 5,State Senate,48,WOR,Rachel May,13
Onondaga,ELBRIDGE 5,State Assembly,126,DEM,Ian Phillips,218
Onondaga,ELBRIDGE 5,State Assembly,126,REP,John Lemondes Jr.,285
Onondaga,ELBRIDGE 5,State Assembly,126,CON,John Lemondes Jr.,52
Onondaga,ELBRIDGE 5,State Assembly,126,WOR,Ian Phillips,15
Onondaga,FABIUS 1,President,,DEM,Kamala D. Harris,75
Onondaga,FABIUS 1,President,,REP,Donald J. Trump,89
Onondaga,FABIUS 1,President,,CON,Donald J. Trump,15
Onondaga,FABIUS 1,President,,WOR,Kamala D. Harris,6
Onondaga,FABIUS 1,President,,,Write-in,1
Onondaga,FABIUS 1,U.S. Senate,,DEM,Kirsten E. Gillibrand,69
Onondaga,FABIUS 1,U.S. Senate,,REP,Michael D. Sapraicone,90
Onondaga,FABIUS 1,U.S. Senate,,CON,Michael D. Sapraicone,12
Onondaga,FABIUS 1,U.S. Senate,,WOR,Kirsten E. Gillibrand,9
Onondaga,FABIUS 1,U.S. House,22,DEM,John W. Mannion,74
Onondaga,FABIUS 1,U.S. House,22,REP,Brandon M. Williams,90
Onondaga,FABIUS 1,U.S. House,22,CON,Brandon M. Williams,14
Onondaga,FABIUS 1,U.S. House,22,WOR,John W. Mannion,8
Onondaga,FABIUS 1,State Senate,48,DEM,Rachel May,68
Onondaga,FABIUS 1,State Senate,48,REP,Caleb C. Slater,98
Onondaga,FABIUS 1,State Senate,48,WOR,Rachel May,10
Onondaga,FABIUS 1,State Assembly,126,DEM,Ian Phillips,62
Onondaga,FABIUS 1,State Assembly,126,REP,John Lemondes Jr.,98
Onondaga,FABIUS 1,State Assembly,126,CON,John Lemondes Jr.,13
Onondaga,FABIUS 1,State Assembly,126,WOR,Ian Phillips,6
Onondaga,FABIUS 2,President,,DEM,Kamala D. Harris,355
Onondaga,FABIUS 2,President,,REP,Donald J. Trump,537
Onondaga,FABIUS 2,President,,CON,Donald J. Trump,55
Onondaga,FABIUS 2,President,,WOR,Kamala D. Harris,27
Onondaga,FABIUS 2,President,,,Write-in,6
Onondaga,FABIUS 2,U.S. Senate,,DEM,Kirsten E. Gillibrand,344
Onondaga,FABIUS 2,U.S. Senate,,REP,Michael D. Sapraicone,516
Onondaga,FABIUS 2,U.S. Senate,,CON,Michael D. Sapraicone,59
Onondaga,FABIUS 2,U.S. Senate,,WOR,Kirsten E. Gillibrand,40
Onondaga,FABIUS 2,U.S. Senate,,LAR,Diane Sare,6
Onondaga,FABIUS 2,U.S. House,22,DEM,John W. Mannion,331
Onondaga,FABIUS 2,U.S. House,22,REP,Brandon M. Williams,538
Onondaga,FABIUS 2,U.S. House,22,CON,Brandon M. Williams,69
Onondaga,FABIUS 2,U.S. House,22,WOR,John W. Mannion,40
Onondaga,FABIUS 2,State Senate,48,DEM,Rachel May,334
Onondaga,FABIUS 2,State Senate,48,REP,Caleb C. Slater,588
Onondaga,FABIUS 2,State Senate,48,WOR,Rachel May,34
Onondaga,FABIUS 2,State Assembly,126,DEM,Ian Phillips,277
Onondaga,FABIUS 2,State Assembly,126,REP,John Lemondes Jr.,575
Onondaga,FABIUS 2,State Assembly,126,CON,John Lemondes Jr.,70
Onondaga,FABIUS 2,State Assembly,126,WOR,Ian Phillips,31
Onondaga,GEDDES 1,President,,DEM,Kamala D. Harris,172
Onondaga,GEDDES 1,President,,REP,Donald J. Trump,118
Onondaga,GEDDES 1,President,,CON,Donald J. Trump,16
Onondaga,GEDDES 1,President,,WOR,Kamala D. Harris,13
Onondaga,GEDDES 1,President,,,Write-in,2
Onondaga,GEDDES 1,U.S. Senate,,DEM,Kirsten E. Gillibrand,162
Onondaga,GEDDES 1,U.S. Senate,,REP,Michael D. Sapraicone,106
Onondaga,GEDDES 1,U.S. Senate,,CON,Michael D. Sapraicone,14
Onondaga,GEDDES 1,U.S. Senate,,WOR,Kirsten E. Gillibrand,30
Onondaga,GEDDES 1,U.S. Senate,,LAR,Diane Sare,4
Onondaga,GEDDES 1,U.S. Senate,,,Write-in,1
Onondaga,GEDDES 1,U.S. House,22,DEM,John W. Mannion,160
Onondaga,GEDDES 1,U.S. House,22,REP,Brandon M. Williams,109
Onondaga,GEDDES 1,U.S. House,22,CON,Brandon M. Williams,20
Onondaga,GEDDES 1,U.S. House,22,WOR,John W. Mannion,24
Onondaga,GEDDES 1,State Senate,50,DEM,Christopher J. Ryan,159
Onondaga,GEDDES 1,State Senate,50,REP,Nick Paro,109
Onondaga,GEDDES 1,State Senate,50,CON,Nick Paro,20
Onondaga,GEDDES 1,State Senate,50,WOR,Christopher J. Ryan,24
Onondaga,GEDDES 1,State Assembly,129,DEM,William B. Magnarelli,226
Onondaga,GEDDES 1,State Assembly,129,,Write-in,3
Onondaga,GEDDES 2,President,,DEM,Kamala D. Harris,257
Onondaga,GEDDES 2,President,,REP,Donald J. Trump,162
Onondaga,GEDDES 2,President,,CON,Donald J. Trump,30
Onondaga,GEDDES 2,President,,WOR,Kamala D. Harris,16
Onondaga,GEDDES 2,President,,,Write-in,2
Onondaga,GEDDES 2,U.S. Senate,,DEM,Kirsten E. Gillibrand,260
Onondaga,GEDDES 2,U.S. Senate,,REP,Michael D. Sapraicone,157
Onondaga,GEDDES 2,U.S. Senate,,CON,Michael D. Sapraicone,30
Onondaga,GEDDES 2,U.S. Senate,,WOR,Kirsten E. Gillibrand,22
Onondaga,GEDDES 2,U.S. Senate,,LAR,Diane Sare,2
Onondaga,GEDDES 2,U.S. Senate,,,Write-in,2
Onondaga,GEDDES 2,U.S. House,22,DEM,John W. Mannion,251
Onondaga,GEDDES 2,U.S. House,22,REP,Brandon M. Williams,170
Onondaga,GEDDES 2,U.S. House,22,CON,Brandon M. Williams,33
Onondaga,GEDDES 2,U.S. House,22,WOR,John W. Mannion,21
Onondaga,GEDDES 2,U.S. House,22,,Write-in,2
Onondaga,GEDDES 2,State Senate,50,DEM,Christopher J. Ryan,283
Onondaga,GEDDES 2,State Senate,50,REP,Nick Paro,141
Onondaga,GEDDES 2,State Senate,50,CON,Nick Paro,26
Onondaga,GEDDES 2,State Senate,50,WOR,Christopher J. Ryan,28
Onondaga,GEDDES 2,State Assembly,129,DEM,William B. Magnarelli,358
Onondaga,GEDDES 2,State Assembly,129,,Write-in,8
Onondaga,GEDDES 3,President,,DEM,Kamala D. Harris,244
Onondaga,GEDDES 3,President,,REP,Donald J. Trump,234
Onondaga,GEDDES 3,President,,CON,Donald J. Trump,19
Onondaga,GEDDES 3,President,,WOR,Kamala D. Harris,12
Onondaga,GEDDES 3,President,,,Write-in,1
Onondaga,GEDDES 3,U.S. Senate,,DEM,Kirsten E. Gillibrand,248
Onondaga,GEDDES 3,U.S. Senate,,REP,Michael D. Sapraicone,200
Onondaga,GEDDES 3,U.S. Senate,,CON,Michael D. Sapraicone,24
Onondaga,GEDDES 3,U.S. Senate,,WOR,Kirsten E. Gillibrand,19
Onondaga,GEDDES 3,U.S. Senate,,LAR,Diane Sare,8
Onondaga,GEDDES 3,U.S. House,22,DEM,John W. Mannion,247
Onondaga,GEDDES 3,U.S. House,22,REP,Brandon M. Williams,211
Onondaga,GEDDES 3,U.S. House,22,CON,Brandon M. Williams,24
Onondaga,GEDDES 3,U.S. House,22,WOR,John W. Mannion,19
Onondaga,GEDDES 3,State Senate,50,DEM,Christopher J. Ryan,237
Onondaga,GEDDES 3,State Senate,50,REP,Nick Paro,209
Onondaga,GEDDES 3,State Senate,50,CON,Nick Paro,23
Onondaga,GEDDES 3,State Senate,50,WOR,Christopher J. Ryan,25
Onondaga,GEDDES 3,State Assembly,129,DEM,William B. Magnarelli,322
Onondaga,GEDDES 3,State Assembly,129,,Write-in,8
Onondaga,GEDDES 4,President,,DEM,Kamala D. Harris,253
Onondaga,GEDDES 4,President,,REP,Donald J. Trump,224
Onondaga,GEDDES 4,President,,CON,Donald J. Trump,17
Onondaga,GEDDES 4,President,,WOR,Kamala D. Harris,10
Onondaga,GEDDES 4,President,,,Write-in,3
Onondaga,GEDDES 4,U.S. Senate,,DEM,Kirsten E. Gillibrand,263
Onondaga,GEDDES 4,U.S. Senate,,REP,Michael D. Sapraicone,194
Onondaga,GEDDES 4,U.S. Senate,,CON,Michael D. Sapraicone,18
Onondaga,GEDDES 4,U.S. Senate,,WOR,Kirsten E. Gillibrand,19
Onondaga,GEDDES 4,U.S. Senate,,LAR,Diane Sare,3
Onondaga,GEDDES 4,U.S. House,22,DEM,John W. Mannion,256
Onondaga,GEDDES 4,U.S. House,22,REP,Brandon M. Williams,204
Onondaga,GEDDES 4,U.S. House,22,CON,Brandon M. Williams,20
Onondaga,GEDDES 4,U.S. House,22,WOR,John W. Mannion,22
Onondaga,GEDDES 4,U.S. House,22,,Write-in,1
Onondaga,GEDDES 4,State Senate,50,DEM,Christopher J. Ryan,252
Onondaga,GEDDES 4,State Senate,50,REP,Nick Paro,205
Onondaga,GEDDES 4,State Senate,50,CON,Nick Paro,18
Onondaga,GEDDES 4,State Senate,50,WOR,Christopher J. Ryan,26
Onondaga,GEDDES 4,State Senate,50,,Write-in,1
Onondaga,GEDDES 4,State Assembly,129,DEM,William B. Magnarelli,354
Onondaga,GEDDES 4,State Assembly,129,,Write-in,6
Onondaga,GEDDES 5,President,,DEM,Kamala D. Harris,239
Onondaga,GEDDES 5,President,,REP,Donald J. Trump,288
Onondaga,GEDDES 5,President,,CON,Donald J. Trump,36
Onondaga,GEDDES 5,President,,WOR,Kamala D. Harris,18
Onondaga,GEDDES 5,President,,,Write-in,2
Onondaga,GEDDES 5,U.S. Senate,,DEM,Kirsten E. Gillibrand,241
Onondaga,GEDDES 5,U.S. Senate,,REP,Michael D. Sapraicone,264
Onondaga,GEDDES 5,U.S. Senate,,CON,Michael D. Sapraicone,32
Onondaga,GEDDES 5,U.S. Senate,,WOR,Kirsten E. Gillibrand,30
Onondaga,GEDDES 5,U.S. Senate,,LAR,Diane Sare,2
Onondaga,GEDDES 5,U.S. House,22,DEM,John W. Mannion,237
Onondaga,GEDDES 5,U.S. House,22,REP,Brandon M. Williams,277
Onondaga,GEDDES 5,U.S. House,22,CON,Brandon M. Williams,31
Onondaga,GEDDES 5,U.S. House,22,WOR,John W. Mannion,26
Onondaga,GEDDES 5,State Senate,50,DEM,Christopher J. Ryan,225
Onondaga,GEDDES 5,State Senate,50,REP,Nick Paro,279
Onondaga,GEDDES 5,State Senate,50,CON,Nick Paro,34
Onondaga,GEDDES 5,State Senate,50,WOR,Christopher J. Ryan,27
Onondaga,GEDDES 5,State Assembly,129,DEM,William B. Magnarelli,363
Onondaga,GEDDES 6,President,,DEM,Kamala D. Harris,264
Onondaga,GEDDES 6,President,,REP,Donald J. Trump,187
Onondaga,GEDDES 6,President,,CON,Donald J. Trump,18
Onondaga,GEDDES 6,President,,WOR,Kamala D. Harris,18
Onondaga,GEDDES 6,U.S. Senate,,DEM,Kirsten E. Gillibrand,263
Onondaga,GEDDES 6,U.S. Senate,,REP,Michael D. Sapraicone,160
Onondaga,GEDDES 6,U.S. Senate,,CON,Michael D. Sapraicone,22
Onondaga,GEDDES 6,U.S. Senate,,WOR,Kirsten E. Gillibrand,27
Onondaga,GEDDES 6,U.S. Senate,,,Write-in,1
Onondaga,GEDDES 6,U.S. House,22,DEM,John W. Mannion,267
Onondaga,GEDDES 6,U.S. House,22,REP,Brandon M. Williams,169
Onondaga,GEDDES 6,U.S. House,22,CON,Brandon M. Williams,19
Onondaga,GEDDES 6,U.S. House,22,WOR,John W. Mannion,24
Onondaga,GEDDES 6,U.S. House,22,,Write-in,1
Onondaga,GEDDES 6,State Senate,50,DEM,Christopher J. Ryan,254
Onondaga,GEDDES 6,State Senate,50,REP,Nick Paro,168
Onondaga,GEDDES 6,State Senate,50,CON,Nick Paro,21
Onondaga,GEDDES 6,State Senate,50,WOR,Christopher J. Ryan,31
Onondaga,GEDDES 6,State Senate,50,,Write-in,3
Onondaga,GEDDES 6,State Assembly,129,DEM,William B. Magnarelli,351
Onondaga,GEDDES 6,State Assembly,129,,Write-in,3
Onondaga,GEDDES 7,President,,DEM,Kamala D. Harris,331
Onondaga,GEDDES 7,President,,REP,Donald J. Trump,172
Onondaga,GEDDES 7,President,,CON,Donald J. Trump,20
Onondaga,GEDDES 7,President,,WOR,Kamala D. Harris,12
Onondaga,GEDDES 7,President,,,Write-in,1
Onondaga,GEDDES 7,U.S. Senate,,DEM,Kirsten E. Gillibrand,329
Onondaga,GEDDES 7,U.S. Senate,,REP,Michael D. Sapraicone,153
Onondaga,GEDDES 7,U.S. Senate,,CON,Michael D. Sapraicone,21
Onondaga,GEDDES 7,U.S. Senate,,WOR,Kirsten E. Gillibrand,24
Onondaga,GEDDES 7,U.S. Senate,,LAR,Diane Sare,2
Onondaga,GEDDES 7,U.S. Senate,,,Write-in,1
Onondaga,GEDDES 7,U.S. House,22,DEM,John W. Mannion,331
Onondaga,GEDDES 7,U.S. House,22,REP,Brandon M. Williams,168
Onondaga,GEDDES 7,U.S. House,22,CON,Brandon M. Williams,21
Onondaga,GEDDES 7,U.S. House,22,WOR,John W. Mannion,22
Onondaga,GEDDES 7,State Senate,50,DEM,Christopher J. Ryan,339
Onondaga,GEDDES 7,State Senate,50,REP,Nick Paro,163
Onondaga,GEDDES 7,State Senate,50,CON,Nick Paro,21
Onondaga,GEDDES 7,State Senate,50,WOR,Christopher J. Ryan,20
Onondaga,GEDDES 7,State Assembly,129,DEM,William B. Magnarelli,394
Onondaga,GEDDES 7,State Assembly,129,,Write-in,5
Onondaga,GEDDES 8,President,,DEM,Kamala D. Harris,334
Onondaga,GEDDES 8,President,,REP,Donald J. Trump,212
Onondaga,GEDDES 8,President,,CON,Donald J. Trump,33
Onondaga,GEDDES 8,President,,WOR,Kamala D. Harris,32
Onondaga,GEDDES 8,President,,,Write-in,2
Onondaga,GEDDES 8,U.S. Senate,,DEM,Kirsten E. Gillibrand,343
Onondaga,GEDDES 8,U.S. Senate,,REP,Michael D. Sapraicone,188
Onondaga,GEDDES 8,U.S. Senate,,CON,Michael D. Sapraicone,36
Onondaga,GEDDES 8,U.S. Senate,,WOR,Kirsten E. Gillibrand,31
Onondaga,GEDDES 8,U.S. Senate,,LAR,Diane Sare,3
Onondaga,GEDDES 8,U.S. House,22,DEM,John W. Mannion,342
Onondaga,GEDDES 8,U.S. House,22,REP,Brandon M. Williams,199
Onondaga,GEDDES 8,U.S. House,22,CON,Brandon M. Williams,36
Onondaga,GEDDES 8,U.S. House,22,WOR,John W. Mannion,35
Onondaga,GEDDES 8,U.S. House,22,,Write-in,2
Onondaga,GEDDES 8,State Senate,50,DEM,Christopher J. Ryan,352
Onondaga,GEDDES 8,State Senate,50,REP,Nick Paro,188
Onondaga,GEDDES 8,State Senate,50,CON,Nick Paro,32
Onondaga,GEDDES 8,State Senate,50,WOR,Christopher J. Ryan,38
Onondaga,GEDDES 8,State Assembly,129,DEM,William B. Magnarelli,450
Onondaga,GEDDES 8,State Assembly,129,,Write-in,8
Onondaga,GEDDES 9,President,,DEM,Kamala D. Harris,130
Onondaga,GEDDES 9,President,,REP,Donald J. Trump,76
Onondaga,GEDDES 9,President,,CON,Donald J. Trump,15
Onondaga,GEDDES 9,President,,WOR,Kamala D. Harris,8
Onondaga,GEDDES 9,U.S. Senate,,DEM,Kirsten E. Gillibrand,129
Onondaga,GEDDES 9,U.S. Senate,,REP,Michael D. Sapraicone,72
Onondaga,GEDDES 9,U.S. Senate,,CON,Michael D. Sapraicone,15
Onondaga,GEDDES 9,U.S. Senate,,WOR,Kirsten E. Gillibrand,11
Onondaga,GEDDES 9,U.S. Senate,,LAR,Diane Sare,1
Onondaga,GEDDES 9,U.S. House,22,DEM,John W. Mannion,126
Onondaga,GEDDES 9,U.S. House,22,REP,Brandon M. Williams,71
Onondaga,GEDDES 9,U.S. House,22,CON,Brandon M. Williams,17
Onondaga,GEDDES 9,U.S. House,22,WOR,John W. Mannion,11
Onondaga,GEDDES 9,U.S. House,22,,Write-in,2
Onondaga,GEDDES 9,State Senate,50,DEM,Christopher J. Ryan,126
Onondaga,GEDDES 9,State Senate,50,REP,Nick Paro,72
Onondaga,GEDDES 9,State Senate,50,CON,Nick Paro,17
Onondaga,GEDDES 9,State Senate,50,WOR,Christopher J. Ryan,11
Onondaga,GEDDES 9,State Assembly,129,DEM,William B. Magnarelli,156
Onondaga,GEDDES 9,State Assembly,129,,Write-in,2
Onondaga,GEDDES 10,President,,DEM,Kamala D. Harris,303
Onondaga,GEDDES 10,President,,REP,Donald J. Trump,134
Onondaga,GEDDES 10,President,,CON,Donald J. Trump,20
Onondaga,GEDDES 10,President,,WOR,Kamala D. Harris,16
Onondaga,GEDDES 10,President,,,Write-in,3
Onondaga,GEDDES 10,U.S. Senate,,DEM,Kirsten E. Gillibrand,296
Onondaga,GEDDES 10,U.S. Senate,,REP,Michael D. Sapraicone,128
Onondaga,GEDDES 10,U.S. Senate,,CON,Michael D. Sapraicone,25
Onondaga,GEDDES 10,U.S. Senate,,WOR,Kirsten E. Gillibrand,22
Onondaga,GEDDES 10,U.S. House,22,DEM,John W. Mannion,301
Onondaga,GEDDES 10,U.S. House,22,REP,Brandon M. Williams,126
Onondaga,GEDDES 10,U.S. House,22,CON,Brandon M. Williams,29
Onondaga,GEDDES 10,U.S. House,22,WOR,John W. Mannion,25
Onondaga,GEDDES 10,U.S. House,22,,Write-in,1
Onondaga,GEDDES 10,State Senate,50,DEM,Christopher J. Ryan,308
Onondaga,GEDDES 10,State Senate,50,REP,Nick Paro,118
Onondaga,GEDDES 10,State Senate,50,CON,Nick Paro,27
Onondaga,GEDDES 10,State Senate,50,WOR,Christopher J. Ryan,21
Onondaga,GEDDES 10,State Assembly,129,DEM,William B. Magnarelli,363
Onondaga,GEDDES 10,State Assembly,129,,Write-in,15
Onondaga,GEDDES 11,President,,DEM,Kamala D. Harris,284
Onondaga,GEDDES 11,President,,REP,Donald J. Trump,133
Onondaga,GEDDES 11,President,,CON,Donald J. Trump,18
Onondaga,GEDDES 11,President,,WOR,Kamala D. Harris,18
Onondaga,GEDDES 11,President,,,Write-in,8
Onondaga,GEDDES 11,U.S. Senate,,DEM,Kirsten E. Gillibrand,295
Onondaga,GEDDES 11,U.S. Senate,,REP,Michael D. Sapraicone,118
Onondaga,GEDDES 11,U.S. Senate,,CON,Michael D. Sapraicone,19
Onondaga,GEDDES 11,U.S. Senate,,WOR,Kirsten E. Gillibrand,25
Onondaga,GEDDES 11,U.S. Senate,,LAR,Diane Sare,2
Onondaga,GEDDES 11,U.S. House,22,DEM,John W. Mannion,287
Onondaga,GEDDES 11,U.S. House,22,REP,Brandon M. Williams,130
Onondaga,GEDDES 11,U.S. House,22,CON,Brandon M. Williams,20
Onondaga,GEDDES 11,U.S. House,22,WOR,John W. Mannion,23
Onondaga,GEDDES 11,State Senate,50,DEM,Christopher J. Ryan,301
Onondaga,GEDDES 11,State Senate,50,REP,Nick Paro,116
Onondaga,GEDDES 11,State Senate,50,CON,Nick Paro,19
Onondaga,GEDDES 11,State Senate,50,WOR,Christopher J. Ryan,26
Onondaga,GEDDES 11,State Assembly,129,DEM,William B. Magnarelli,367
Onondaga,GEDDES 12,President,,DEM,Kamala D. Harris,159
Onondaga,GEDDES 12,President,,REP,Donald J. Trump,137
Onondaga,GEDDES 12,President,,CON,Donald J. Trump,26
Onondaga,GEDDES 12,President,,WOR,Kamala D. Harris,5
Onondaga,GEDDES 12,President,,,Write-in,1
Onondaga,GEDDES 12,U.S. Senate,,DEM,Kirsten E. Gillibrand,161
Onondaga,GEDDES 12,U.S. Senate,,REP,Michael D. Sapraicone,115
Onondaga,GEDDES 12,U.S. Senate,,CON,Michael D. Sapraicone,29
Onondaga,GEDDES 12,U.S. Senate,,WOR,Kirsten E. Gillibrand,10
Onondaga,GEDDES 12,U.S. Senate,,LAR,Diane Sare,1
Onondaga,GEDDES 12,U.S. Senate,,,Write-in,2
Onondaga,GEDDES 12,U.S. House,22,DEM,John W. Mannion,158
Onondaga,GEDDES 12,U.S. House,22,REP,Brandon M. Williams,124
Onondaga,GEDDES 12,U.S. House,22,CON,Brandon M. Williams,32
Onondaga,GEDDES 12,U.S. House,22,WOR,John W. Mannion,6
Onondaga,GEDDES 12,U.S. House,22,,Write-in,1
Onondaga,GEDDES 12,State Senate,50,DEM,Christopher J. Ryan,147
Onondaga,GEDDES 12,State Senate,50,REP,Nick Paro,125
Onondaga,GEDDES 12,State Senate,50,CON,Nick Paro,28
Onondaga,GEDDES 12,State Senate,50,WOR,Christopher J. Ryan,11
Onondaga,GEDDES 12,State Senate,50,,Write-in,1
Onondaga,GEDDES 12,State Assembly,129,DEM,William B. Magnarelli,205
Onondaga,GEDDES 12,State Assembly,129,,Write-in,6
Onondaga,GEDDES 13,President,,DEM,Kamala D. Harris,212
Onondaga,GEDDES 13,President,,REP,Donald J. Trump,201
Onondaga,GEDDES 13,President,,CON,Donald J. Trump,17
Onondaga,GEDDES 13,President,,WOR,Kamala D. Harris,15
Onondaga,GEDDES 13,President,,,Write-in,3
Onondaga,GEDDES 13,U.S. Senate,,DEM,Kirsten E. Gillibrand,213
Onondaga,GEDDES 13,U.S. Senate,,REP,Michael D. Sapraicone,183
Onondaga,GEDDES 13,U.S. Senate,,CON,Michael D. Sapraicone,20
Onondaga,GEDDES 13,U.S. Senate,,WOR,Kirsten E. Gillibrand,23
Onondaga,GEDDES 13,U.S. Senate,,LAR,Diane Sare,2
Onondaga,GEDDES 13,U.S. House,22,DEM,John W. Mannion,215
Onondaga,GEDDES 13,U.S. House,22,REP,Brandon M. Williams,193
Onondaga,GEDDES 13,U.S. House,22,CON,Brandon M. Williams,23
Onondaga,GEDDES 13,U.S. House,22,WOR,John W. Mannion,16
Onondaga,GEDDES 13,State Senate,50,DEM,Christopher J. Ryan,214
Onondaga,GEDDES 13,State Senate,50,REP,Nick Paro,188
Onondaga,GEDDES 13,State Senate,50,CON,Nick Paro,18
Onondaga,GEDDES 13,State Senate,50,WOR,Christopher J. Ryan,23
Onondaga,GEDDES 13,State Assembly,129,DEM,William B. Magnarelli,287
Onondaga,GEDDES 13,State Assembly,129,,Write-in,16
Onondaga,GEDDES 14,President,,DEM,Kamala D. Harris,172
Onondaga,GEDDES 14,President,,REP,Donald J. Trump,176
Onondaga,GEDDES 14,President,,CON,Donald J. Trump,19
Onondaga,GEDDES 14,President,,WOR,Kamala D. Harris,15
Onondaga,GEDDES 14,President,,,Write-in,4
Onondaga,GEDDES 14,U.S. Senate,,DEM,Kirsten E. Gillibrand,185
Onondaga,GEDDES 14,U.S. Senate,,REP,Michael D. Sapraicone,153
Onondaga,GEDDES 14,U.S. Senate,,CON,Michael D. Sapraicone,17
Onondaga,GEDDES 14,U.S. Senate,,WOR,Kirsten E. Gillibrand,24
Onondaga,GEDDES 14,U.S. Senate,,LAR,Diane Sare,1
Onondaga,GEDDES 14,U.S. House,22,DEM,John W. Mannion,185
Onondaga,GEDDES 14,U.S. House,22,REP,Brandon M. Williams,161
Onondaga,GEDDES 14,U.S. House,22,CON,Brandon M. Williams,17
Onondaga,GEDDES 14,U.S. House,22,WOR,John W. Mannion,22
Onondaga,GEDDES 14,State Senate,50,DEM,Christopher J. Ryan,180
Onondaga,GEDDES 14,State Senate,50,REP,Nick Paro,161
Onondaga,GEDDES 14,State Senate,50,CON,Nick Paro,19
Onondaga,GEDDES 14,State Senate,50,WOR,Christopher J. Ryan,21
Onondaga,GEDDES 14,State Assembly,129,DEM,William B. Magnarelli,261
Onondaga,GEDDES 14,State Assembly,129,,Write-in,1
Onondaga,GEDDES 15,President,,DEM,Kamala D. Harris,363
Onondaga,GEDDES 15,President,,REP,Donald J. Trump,212
Onondaga,GEDDES 15,President,,CON,Donald J. Trump,21
Onondaga,GEDDES 15,President,,WOR,Kamala D. Harris,17
Onondaga,GEDDES 15,President,,,Write-in,1
Onondaga,GEDDES 15,U.S. Senate,,DEM,Kirsten E. Gillibrand,360
Onondaga,GEDDES 15,U.S. Senate,,REP,Michael D. Sapraicone,198
Onondaga,GEDDES 15,U.S. Senate,,CON,Michael D. Sapraicone,22
Onondaga,GEDDES 15,U.S. Senate,,WOR,Kirsten E. Gillibrand,19
Onondaga,GEDDES 15,U.S. Senate,,LAR,Diane Sare,8
Onondaga,GEDDES 15,U.S. House,22,DEM,John W. Mannion,355
Onondaga,GEDDES 15,U.S. House,22,REP,Brandon M. Williams,214
Onondaga,GEDDES 15,U.S. House,22,CON,Brandon M. Williams,25
Onondaga,GEDDES 15,U.S. House,22,WOR,John W. Mannion,22
Onondaga,GEDDES 15,U.S. House,22,,Write-in,2
Onondaga,GEDDES 15,State Senate,50,DEM,Christopher J. Ryan,362
Onondaga,GEDDES 15,State Senate,50,REP,Nick Paro,201
Onondaga,GEDDES 15,State Senate,50,CON,Nick Paro,26
Onondaga,GEDDES 15,State Senate,50,WOR,Christopher J. Ryan,23
Onondaga,GEDDES 15,State Assembly,129,DEM,William B. Magnarelli,445
Onondaga,GEDDES 15,State Assembly,129,,Write-in,11
Onondaga,GEDDES 16,President,,DEM,Kamala D. Harris,232
Onondaga,GEDDES 16,President,,REP,Donald J. Trump,170
Onondaga,GEDDES 16,President,,CON,Donald J. Trump,22
Onondaga,GEDDES 16,President,,WOR,Kamala D. Harris,17
Onondaga,GEDDES 16,President,,,Write-in,2
Onondaga,GEDDES 16,U.S. Senate,,DEM,Kirsten E. Gillibrand,229
Onondaga,GEDDES 16,U.S. Senate,,REP,Michael D. Sapraicone,153
Onondaga,GEDDES 16,U.S. Senate,,CON,Michael D. Sapraicone,25
Onondaga,GEDDES 16,U.S. Senate,,WOR,Kirsten E. Gillibrand,27
Onondaga,GEDDES 16,U.S. House,22,DEM,John W. Mannion,251
Onondaga,GEDDES 16,U.S. House,22,REP,Brandon M. Williams,145
Onondaga,GEDDES 16,U.S. House,22,CON,Brandon M. Williams,21
Onondaga,GEDDES 16,U.S. House,22,WOR,John W. Mannion,25
Onondaga,GEDDES 16,State Senate,50,DEM,Christopher J. Ryan,228
Onondaga,GEDDES 16,State Senate,50,REP,Nick Paro,162
Onondaga,GEDDES 16,State Senate,50,CON,Nick Paro,27
Onondaga,GEDDES 16,State Senate,50,WOR,Christopher J. Ryan,21
Onondaga,GEDDES 16,State Assembly,129,DEM,William B. Magnarelli,318
Onondaga,GEDDES 16,State Assembly,129,,Write-in,7
Onondaga,GEDDES 17,President,,DEM,Kamala D. Harris,301
Onondaga,GEDDES 17,President,,REP,Donald J. Trump,370
Onondaga,GEDDES 17,President,,CON,Donald J. Trump,37
Onondaga,GEDDES 17,President,,WOR,Kamala D. Harris,23
Onondaga,GEDDES 17,President,,,Write-in,4
Onondaga,GEDDES 17,U.S. Senate,,DEM,Kirsten E. Gillibrand,292
Onondaga,GEDDES 17,U.S. Senate,,REP,Michael D. Sapraicone,351
Onondaga,GEDDES 17,U.S. Senate,,CON,Michael D. Sapraicone,39
Onondaga,GEDDES 17,U.S. Senate,,WOR,Kirsten E. Gillibrand,39
Onondaga,GEDDES 17,U.S. Senate,,LAR,Diane Sare,1
Onondaga,GEDDES 17,U.S. House,22,DEM,John W. Mannion,299
Onondaga,GEDDES 17,U.S. House,22,REP,Brandon M. Williams,357
Onondaga,GEDDES 17,U.S. House,22,CON,Brandon M. Williams,38
Onondaga,GEDDES 17,U.S. House,22,WOR,John W. Mannion,30
Onondaga,GEDDES 17,U.S. House,22,,Write-in,1
Onondaga,GEDDES 17,State Senate,50,DEM,Christopher J. Ryan,278
Onondaga,GEDDES 17,State Senate,50,REP,Nick Paro,377
Onondaga,GEDDES 17,State Senate,50,CON,Nick Paro,44
Onondaga,GEDDES 17,State Senate,50,WOR,Christopher J. Ryan,27
Onondaga,GEDDES 17,State Assembly,129,DEM,William B. Magnarelli,427
Onondaga,GEDDES 17,State Assembly,129,,Write-in,5
Onondaga,GEDDES 18,President,,DEM,Kamala D. Harris,238
Onondaga,GEDDES 18,President,,REP,Donald J. Trump,138
Onondaga,GEDDES 18,President,,CON,Donald J. Trump,22
Onondaga,GEDDES 18,President,,WOR,Kamala D. Harris,12
Onondaga,GEDDES 18,President,,,Write-in,3
Onondaga,GEDDES 18,U.S. Senate,,DEM,Kirsten E. Gillibrand,237
Onondaga,GEDDES 18,U.S. Senate,,REP,Michael D. Sapraicone,128
Onondaga,GEDDES 18,U.S. Senate,,CON,Michael D. Sapraicone,21
Onondaga,GEDDES 18,U.S. Senate,,WOR,Kirsten E. Gillibrand,19
Onondaga,GEDDES 18,U.S. Senate,,LAR,Diane Sare,1
Onondaga,GEDDES 18,U.S. House,22,DEM,John W. Mannion,248
Onondaga,GEDDES 18,U.S. House,22,REP,Brandon M. Williams,124
Onondaga,GEDDES 18,U.S. House,22,CON,Brandon M. Williams,23
Onondaga,GEDDES 18,U.S. House,22,WOR,John W. Mannion,19
Onondaga,GEDDES 18,U.S. House,22,,Write-in,1
Onondaga,GEDDES 18,State Senate,50,DEM,Christopher J. Ryan,222
Onondaga,GEDDES 18,State Senate,50,REP,Nick Paro,148
Onondaga,GEDDES 18,State Senate,50,CON,Nick Paro,18
Onondaga,GEDDES 18,State Senate,50,WOR,Christopher J. Ryan,23
Onondaga,GEDDES 18,State Assembly,129,DEM,William B. Magnarelli,294
Onondaga,GEDDES 18,State Assembly,129,,Write-in,9
Onondaga,GEDDES 19,President,,DEM,Kamala D. Harris,132
Onondaga,GEDDES 19,President,,REP,Donald J. Trump,89
Onondaga,GEDDES 19,President,,CON,Donald J. Trump,19
Onondaga,GEDDES 19,President,,WOR,Kamala D. Harris,10
Onondaga,GEDDES 19,U.S. Senate,,DEM,Kirsten E. Gillibrand,132
Onondaga,GEDDES 19,U.S. Senate,,REP,Michael D. Sapraicone,81
Onondaga,GEDDES 19,U.S. Senate,,CON,Michael D. Sapraicone,16
Onondaga,GEDDES 19,U.S. Senate,,WOR,Kirsten E. Gillibrand,17
Onondaga,GEDDES 19,U.S. Senate,,LAR,Diane Sare,1
Onondaga,GEDDES 19,U.S. House,22,DEM,John W. Mannion,127
Onondaga,GEDDES 19,U.S. House,22,REP,Brandon M. Williams,89
Onondaga,GEDDES 19,U.S. House,22,CON,Brandon M. Williams,21
Onondaga,GEDDES 19,U.S. House,22,WOR,John W. Mannion,14
Onondaga,GEDDES 19,State Senate,50,DEM,Christopher J. Ryan,129
Onondaga,GEDDES 19,State Senate,50,REP,Nick Paro,84
Onondaga,GEDDES 19,State Senate,50,CON,Nick Paro,17
Onondaga,GEDDES 19,State Senate,50,WOR,Christopher J. Ryan,16
Onondaga,GEDDES 19,State Senate,50,,Write-in,1
Onondaga,GEDDES 19,State Assembly,129,DEM,William B. Magnarelli,178
Onondaga,GEDDES 20,President,,DEM,Kamala D. Harris,169
Onondaga,GEDDES 20,President,,REP,Donald J. Trump,240
Onondaga,GEDDES 20,President,,CON,Donald J. Trump,21
Onondaga,GEDDES 20,President,,WOR,Kamala D. Harris,18
Onondaga,GEDDES 20,U.S. Senate,,DEM,Kirsten E. Gillibrand,185
Onondaga,GEDDES 20,U.S. Senate,,REP,Michael D. Sapraicone,209
Onondaga,GEDDES 20,U.S. Senate,,CON,Michael D. Sapraicone,27
Onondaga,GEDDES 20,U.S. Senate,,WOR,Kirsten E. Gillibrand,21
Onondaga,GEDDES 20,U.S. Senate,,LAR,Diane Sare,1
Onondaga,GEDDES 20,U.S. House,22,DEM,John W. Mannion,172
Onondaga,GEDDES 20,U.S. House,22,REP,Brandon M. Williams,229
Onondaga,GEDDES 20,U.S. House,22,CON,Brandon M. Williams,24
Onondaga,GEDDES 20,U.S. House,22,WOR,John W. Mannion,25
Onondaga,GEDDES 20,State Senate,50,DEM,Christopher J. Ryan,169
Onondaga,GEDDES 20,State Senate,50,REP,Nick Paro,230
Onondaga,GEDDES 20,State Senate,50,CON,Nick Paro,29
Onondaga,GEDDES 20,State Senate,50,WOR,Christopher J. Ryan,18
Onondaga,GEDDES 20,State Assembly,129,DEM,William B. Magnarelli,266
Onondaga,GEDDES 20,State Assembly,129,,Write-in,3
Onondaga,LAFAYETTE 1,President,,DEM,Kamala D. Harris,199
Onondaga,LAFAYETTE 1,President,,REP,Donald J. Trump,266
Onondaga,LAFAYETTE 1,President,,CON,Donald J. Trump,45
Onondaga,LAFAYETTE 1,President,,WOR,Kamala D. Harris,28
Onondaga,LAFAYETTE 1,President,,,Write-in,3
Onondaga,LAFAYETTE 1,U.S. Senate,,DEM,Kirsten E. Gillibrand,200
Onondaga,LAFAYETTE 1,U.S. Senate,,REP,Michael D. Sapraicone,256
Onondaga,LAFAYETTE 1,U.S. Senate,,CON,Michael D. Sapraicone,44
Onondaga,LAFAYETTE 1,U.S. Senate,,WOR,Kirsten E. Gillibrand,31
Onondaga,LAFAYETTE 1,U.S. Senate,,LAR,Diane Sare,1
Onondaga,LAFAYETTE 1,U.S. Senate,,,Write-in,2
Onondaga,LAFAYETTE 1,U.S. House,22,DEM,John W. Mannion,197
Onondaga,LAFAYETTE 1,U.S. House,22,REP,Brandon M. Williams,259
Onondaga,LAFAYETTE 1,U.S. House,22,CON,Brandon M. Williams,46
Onondaga,LAFAYETTE 1,U.S. House,22,WOR,John W. Mannion,29
Onondaga,LAFAYETTE 1,U.S. House,22,,Write-in,2
Onondaga,LAFAYETTE 1,State Senate,48,DEM,Rachel May,194
Onondaga,LAFAYETTE 1,State Senate,48,REP,Caleb C. Slater,295
Onondaga,LAFAYETTE 1,State Senate,48,WOR,Rachel May,34
Onondaga,LAFAYETTE 1,State Senate,48,,Write-in,3
Onondaga,LAFAYETTE 1,State Assembly,126,DEM,Ian Phillips,177
Onondaga,LAFAYETTE 1,State Assembly,126,REP,John Lemondes Jr.,278
Onondaga,LAFAYETTE 1,State Assembly,126,CON,John Lemondes Jr.,43
Onondaga,LAFAYETTE 1,State Assembly,126,WOR,Ian Phillips,32
Onondaga,LAFAYETTE 2,President,,DEM,Kamala D. Harris,221
Onondaga,LAFAYETTE 2,President,,REP,Donald J. Trump,267
Onondaga,LAFAYETTE 2,President,,CON,Donald J. Trump,48
Onondaga,LAFAYETTE 2,President,,WOR,Kamala D. Harris,19
Onondaga,LAFAYETTE 2,President,,,Write-in,2
Onondaga,LAFAYETTE 2,U.S. Senate,,DEM,Kirsten E. Gillibrand,220
Onondaga,LAFAYETTE 2,U.S. Senate,,REP,Michael D. Sapraicone,263
Onondaga,LAFAYETTE 2,U.S. Senate,,CON,Michael D. Sapraicone,48
Onondaga,LAFAYETTE 2,U.S. Senate,,WOR,Kirsten E. Gillibrand,29
Onondaga,LAFAYETTE 2,U.S. Senate,,LAR,Diane Sare,1
Onondaga,LAFAYETTE 2,U.S. House,22,DEM,John W. Mannion,214
Onondaga,LAFAYETTE 2,U.S. House,22,REP,Brandon M. Williams,275
Onondaga,LAFAYETTE 2,U.S. House,22,CON,Brandon M. Williams,50
Onondaga,LAFAYETTE 2,U.S. House,22,WOR,John W. Mannion,23
Onondaga,LAFAYETTE 2,U.S. House,22,,Write-in,1
Onondaga,LAFAYETTE 2,State Senate,48,DEM,Rachel May,211
Onondaga,LAFAYETTE 2,State Senate,48,REP,Caleb C. Slater,311
Onondaga,LAFAYETTE 2,State Senate,48,WOR,Rachel May,26
Onondaga,LAFAYETTE 2,State Senate,48,,Write-in,1
Onondaga,LAFAYETTE 2,State Assembly,126,DEM,Ian Phillips,176
Onondaga,LAFAYETTE 2,State Assembly,126,REP,John Lemondes Jr.,302
Onondaga,LAFAYETTE 2,State Assembly,126,CON,John Lemondes Jr.,55
Onondaga,LAFAYETTE 2,State Assembly,126,WOR,Ian Phillips,21
Onondaga,LAFAYETTE 2,State Assembly,126,,Write-in,1
Onondaga,LAFAYETTE 3,President,,DEM,Kamala D. Harris,299
Onondaga,LAFAYETTE 3,President,,REP,Donald J. Trump,332
Onondaga,LAFAYETTE 3,President,,CON,Donald J. Trump,57
Onondaga,LAFAYETTE 3,President,,WOR,Kamala D. Harris,21
Onondaga,LAFAYETTE 3,President,,,Write-in,4
Onondaga,LAFAYETTE 3,U.S. Senate,,DEM,Kirsten E. Gillibrand,309
Onondaga,LAFAYETTE 3,U.S. Senate,,REP,Michael D. Sapraicone,308
Onondaga,LAFAYETTE 3,U.S. Senate,,CON,Michael D. Sapraicone,54
Onondaga,LAFAYETTE 3,U.S. Senate,,WOR,Kirsten E. Gillibrand,32
Onondaga,LAFAYETTE 3,U.S. Senate,,LAR,Diane Sare,4
Onondaga,LAFAYETTE 3,U.S. Senate,,,Write-in,1
Onondaga,LAFAYETTE 3,U.S. House,22,DEM,John W. Mannion,306
Onondaga,LAFAYETTE 3,U.S. House,22,REP,Brandon M. Williams,312
Onondaga,LAFAYETTE 3,U.S. House,22,CON,Brandon M. Williams,70
Onondaga,LAFAYETTE 3,U.S. House,22,WOR,John W. Mannion,25
Onondaga,LAFAYETTE 3,U.S. House,22,,Write-in,3
Onondaga,LAFAYETTE 3,State Senate,48,DEM,Rachel May,284
Onondaga,LAFAYETTE 3,State Senate,48,REP,Caleb C. Slater,377
Onondaga,LAFAYETTE 3,State Senate,48,WOR,Rachel May,34
Onondaga,LAFAYETTE 3,State Senate,48,,Write-in,2
Onondaga,LAFAYETTE 3,State Assembly,126,DEM,Ian Phillips,255
Onondaga,LAFAYETTE 3,State Assembly,126,REP,John Lemondes Jr.,358
Onondaga,LAFAYETTE 3,State Assembly,126,CON,John Lemondes Jr.,66
Onondaga,LAFAYETTE 3,State Assembly,126,WOR,Ian Phillips,24
Onondaga,LAFAYETTE 4,President,,DEM,Kamala D. Harris,273
Onondaga,LAFAYETTE 4,President,,REP,Donald J. Trump,252
Onondaga,LAFAYETTE 4,President,,CON,Donald J. Trump,32
Onondaga,LAFAYETTE 4,President,,WOR,Kamala D. Harris,15
Onondaga,LAFAYETTE 4,President,,,Write-in,8
Onondaga,LAFAYETTE 4,U.S. Senate,,DEM,Kirsten E. Gillibrand,272
Onondaga,LAFAYETTE 4,U.S. Senate,,REP,Michael D. Sapraicone,247
Onondaga,LAFAYETTE 4,U.S. Senate,,CON,Michael D. Sapraicone,31
Onondaga,LAFAYETTE 4,U.S. Senate,,WOR,Kirsten E. Gillibrand,25
Onondaga,LAFAYETTE 4,U.S. Senate,,LAR,Diane Sare,1
Onondaga,LAFAYETTE 4,U.S. Senate,,,Write-in,1
Onondaga,LAFAYETTE 4,U.S. House,22,DEM,John W. Mannion,269
Onondaga,LAFAYETTE 4,U.S. House,22,REP,Brandon M. Williams,255
Onondaga,LAFAYETTE 4,U.S. House,22,CON,Brandon M. Williams,39
Onondaga,LAFAYETTE 4,U.S. House,22,WOR,John W. Mannion,18
Onondaga,LAFAYETTE 4,U.S. House,22,,Write-in,2
Onondaga,LAFAYETTE 4,State Senate,48,DEM,Rachel May,269
Onondaga,LAFAYETTE 4,State Senate,48,REP,Caleb C. Slater,269
Onondaga,LAFAYETTE 4,State Senate,48,WOR,Rachel May,27
Onondaga,LAFAYETTE 4,State Senate,48,,Write-in,3
Onondaga,LAFAYETTE 4,State Assembly,126,DEM,Ian Phillips,224
Onondaga,LAFAYETTE 4,State Assembly,126,REP,John Lemondes Jr.,285
Onondaga,LAFAYETTE 4,State Assembly,126,CON,John Lemondes Jr.,39
Onondaga,LAFAYETTE 4,State Assembly,126,WOR,Ian Phillips,23
Onondaga,LAFAYETTE 5,President,,DEM,Kamala D. Harris,233
Onondaga,LAFAYETTE 5,President,,REP,Donald J. Trump,315
Onondaga,LAFAYETTE 5,President,,CON,Donald J. Trump,23
Onondaga,LAFAYETTE 5,President,,WOR,Kamala D. Harris,13
Onondaga,LAFAYETTE 5,President,,,Write-in,3
Onondaga,LAFAYETTE 5,U.S. Senate,,DEM,Kirsten E. Gillibrand,236
Onondaga,LAFAYETTE 5,U.S. Senate,,REP,Michael D. Sapraicone,297
Onondaga,LAFAYETTE 5,U.S. Senate,,CON,Michael D. Sapraicone,26
Onondaga,LAFAYETTE 5,U.S. Senate,,WOR,Kirsten E. Gillibrand,19
Onondaga,LAFAYETTE 5,U.S. Senate,,LAR,Diane Sare,4
Onondaga,LAFAYETTE 5,U.S. Senate,,,Write-in,1
Onondaga,LAFAYETTE 5,U.S. House,22,DEM,John W. Mannion,242
Onondaga,LAFAYETTE 5,U.S. House,22,REP,Brandon M. Williams,293
Onondaga,LAFAYETTE 5,U.S. House,22,CON,Brandon M. Williams,30
Onondaga,LAFAYETTE 5,U.S. House,22,WOR,John W. Mannion,14
Onondaga,LAFAYETTE 5,U.S. House,22,,Write-in,6
Onondaga,LAFAYETTE 5,State Senate,48,DEM,Rachel May,226
Onondaga,LAFAYETTE 5,State Senate,48,REP,Caleb C. Slater,328
Onondaga,LAFAYETTE 5,State Senate,48,WOR,Rachel May,19
Onondaga,LAFAYETTE 5,State Senate,48,,Write-in,1
Onondaga,LAFAYETTE 5,State Assembly,126,DEM,Ian Phillips,205
Onondaga,LAFAYETTE 5,State Assembly,126,REP,John Lemondes Jr.,324
Onondaga,LAFAYETTE 5,State Assembly,126,CON,John Lemondes Jr.,35
Onondaga,LAFAYETTE 5,State Assembly,126,WOR,Ian Phillips,15
Onondaga,LAFAYETTE 5,State Assembly,126,,Write-in,1
Onondaga,LYSANDER 1,President,,DEM,Kamala D. Harris,229
Onondaga,LYSANDER 1,President,,REP,Donald J. Trump,379
Onondaga,LYSANDER 1,President,,CON,Donald J. Trump,63
Onondaga,LYSANDER 1,President,,WOR,Kamala D. Harris,20
Onondaga,LYSANDER 1,President,,,Write-in,3
Onondaga,LYSANDER 1,U.S. Senate,,DEM,Kirsten E. Gillibrand,227
Onondaga,LYSANDER 1,U.S. Senate,,REP,Michael D. Sapraicone,357
Onondaga,LYSANDER 1,U.S. Senate,,CON,Michael D. Sapraicone,60
Onondaga,LYSANDER 1,U.S. Senate,,WOR,Kirsten E. Gillibrand,25
Onondaga,LYSANDER 1,U.S. Senate,,LAR,Diane Sare,2
Onondaga,LYSANDER 1,U.S. Senate,,,Write-in,1
Onondaga,LYSANDER 1,U.S. House,22,DEM,John W. Mannion,229
Onondaga,LYSANDER 1,U.S. House,22,REP,Brandon M. Williams,368
Onondaga,LYSANDER 1,U.S. House,22,CON,Brandon M. Williams,64
Onondaga,LYSANDER 1,U.S. House,22,WOR,John W. Mannion,19
Onondaga,LYSANDER 1,State Senate,48,DEM,Rachel May,219
Onondaga,LYSANDER 1,State Senate,48,REP,Caleb C. Slater,403
Onondaga,LYSANDER 1,State Senate,48,WOR,Rachel May,34
Onondaga,LYSANDER 1,State Senate,48,,Write-in,1
Onondaga,LYSANDER 1,State Assembly,126,DEM,Ian Phillips,191
Onondaga,LYSANDER 1,State Assembly,126,REP,John Lemondes Jr.,385
Onondaga,LYSANDER 1,State Assembly,126,CON,John Lemondes Jr.,63
Onondaga,LYSANDER 1,State Assembly,126,WOR,Ian Phillips,20
Onondaga,LYSANDER 2,President,,DEM,Kamala D. Harris,205
Onondaga,LYSANDER 2,President,,REP,Donald J. Trump,302
Onondaga,LYSANDER 2,President,,CON,Donald J. Trump,46
Onondaga,LYSANDER 2,President,,WOR,Kamala D. Harris,20
Onondaga,LYSANDER 2,President,,,Write-in,2
Onondaga,LYSANDER 2,U.S. Senate,,DEM,Kirsten E. Gillibrand,202
Onondaga,LYSANDER 2,U.S. Senate,,REP,Michael D. Sapraicone,293
Onondaga,LYSANDER 2,U.S. Senate,,CON,Michael D. Sapraicone,44
Onondaga,LYSANDER 2,U.S. Senate,,WOR,Kirsten E. Gillibrand,31
Onondaga,LYSANDER 2,U.S. Senate,,LAR,Diane Sare,2
Onondaga,LYSANDER 2,U.S. House,22,DEM,John W. Mannion,210
Onondaga,LYSANDER 2,U.S. House,22,REP,Brandon M. Williams,290
Onondaga,LYSANDER 2,U.S. House,22,CON,Brandon M. Williams,49
Onondaga,LYSANDER 2,U.S. House,22,WOR,John W. Mannion,25
Onondaga,LYSANDER 2,State Senate,48,DEM,Rachel May,196
Onondaga,LYSANDER 2,State Senate,48,REP,Caleb C. Slater,333
Onondaga,LYSANDER 2,State Senate,48,WOR,Rachel May,32
Onondaga,LYSANDER 2,State Assembly,126,DEM,Ian Phillips,180
Onondaga,LYSANDER 2,State Assembly,126,REP,John Lemondes Jr.,310
Onondaga,LYSANDER 2,State Assembly,126,CON,John Lemondes Jr.,46
Onondaga,LYSANDER 2,State Assembly,126,WOR,Ian Phillips,24
Onondaga,LYSANDER 3,President,,DEM,Kamala D. Harris,252
Onondaga,LYSANDER 3,President,,REP,Donald J. Trump,308
Onondaga,LYSANDER 3,President,,CON,Donald J. Trump,36
Onondaga,LYSANDER 3,President,,WOR,Kamala D. Harris,16
Onondaga,LYSANDER 3,President,,,Write-in,1
Onondaga,LYSANDER 3,U.S. Senate,,DEM,Kirsten E. Gillibrand,236
Onondaga,LYSANDER 3,U.S. Senate,,REP,Michael D. Sapraicone,296
Onondaga,LYSANDER 3,U.S. Senate,,CON,Michael D. Sapraicone,49
Onondaga,LYSANDER 3,U.S. Senate,,WOR,Kirsten E. Gillibrand,26
Onondaga,LYSANDER 3,U.S. House,22,DEM,John W. Mannion,241
Onondaga,LYSANDER 3,U.S. House,22,REP,Brandon M. Williams,302
Onondaga,LYSANDER 3,U.S. House,22,CON,Brandon M. Williams,44
Onondaga,LYSANDER 3,U.S. House,22,WOR,John W. Mannion,23
Onondaga,LYSANDER 3,State Senate,48,DEM,Rachel May,223
Onondaga,LYSANDER 3,State Senate,48,REP,Caleb C. Slater,346
Onondaga,LYSANDER 3,State Senate,48,WOR,Rachel May,25
Onondaga,LYSANDER 3,State Assembly,126,DEM,Ian Phillips,207
Onondaga,LYSANDER 3,State Assembly,126,REP,John Lemondes Jr.,322
Onondaga,LYSANDER 3,State Assembly,126,CON,John Lemondes Jr.,48
Onondaga,LYSANDER 3,State Assembly,126,WOR,Ian Phillips,20
Onondaga,LYSANDER 4,President,,DEM,Kamala D. Harris,429
Onondaga,LYSANDER 4,President,,REP,Donald J. Trump,263
Onondaga,LYSANDER 4,President,,CON,Donald J. Trump,39
Onondaga,LYSANDER 4,President,,WOR,Kamala D. Harris,23
Onondaga,LYSANDER 4,President,,,Write-in,3
Onondaga,LYSANDER 4,U.S. Senate,,DEM,Kirsten E. Gillibrand,424
Onondaga,LYSANDER 4,U.S. Senate,,REP,Michael D. Sapraicone,250
Onondaga,LYSANDER 4,U.S. Senate,,CON,Michael D. Sapraicone,35
Onondaga,LYSANDER 4,U.S. Senate,,WOR,Kirsten E. Gillibrand,30
Onondaga,LYSANDER 4,U.S. Senate,,LAR,Diane Sare,5
Onondaga,LYSANDER 4,U.S. House,22,DEM,John W. Mannion,413
Onondaga,LYSANDER 4,U.S. House,22,REP,Brandon M. Williams,262
Onondaga,LYSANDER 4,U.S. House,22,CON,Brandon M. Williams,41
Onondaga,LYSANDER 4,U.S. House,22,WOR,John W. Mannion,34
Onondaga,LYSANDER 4,U.S. House,22,,Write-in,3
Onondaga,LYSANDER 4,State Senate,48,DEM,Rachel May,402
Onondaga,LYSANDER 4,State Senate,48,REP,Caleb C. Slater,299
Onondaga,LYSANDER 4,State Senate,48,WOR,Rachel May,36
Onondaga,LYSANDER 4,State Senate,48,,Write-in,1
Onondaga,LYSANDER 4,State Assembly,126,DEM,Ian Phillips,366
Onondaga,LYSANDER 4,State Assembly,126,REP,John Lemondes Jr.,297
Onondaga,LYSANDER 4,State Assembly,126,CON,John Lemondes Jr.,44
Onondaga,LYSANDER 4,State Assembly,126,WOR,Ian Phillips,29
Onondaga,LYSANDER 5,President,,DEM,Kamala D. Harris,426
Onondaga,LYSANDER 5,President,,REP,Donald J. Trump,369
Onondaga,LYSANDER 5,President,,CON,Donald J. Trump,47
Onondaga,LYSANDER 5,President,,WOR,Kamala D. Harris,23
Onondaga,LYSANDER 5,President,,,Write-in,2
Onondaga,LYSANDER 5,U.S. Senate,,DEM,Kirsten E. Gillibrand,421
Onondaga,LYSANDER 5,U.S. Senate,,REP,Michael D. Sapraicone,355
Onondaga,LYSANDER 5,U.S. Senate,,CON,Michael D. Sapraicone,52
Onondaga,LYSANDER 5,U.S. Senate,,WOR,Kirsten E. Gillibrand,27
Onondaga,LYSANDER 5,U.S. Senate,,LAR,Diane Sare,5
Onondaga,LYSANDER 5,U.S. House,22,DEM,John W. Mannion,422
Onondaga,LYSANDER 5,U.S. House,22,REP,Brandon M. Williams,361
Onondaga,LYSANDER 5,U.S. House,22,CON,Brandon M. Williams,53
Onondaga,LYSANDER 5,U.S. House,22,WOR,John W. Mannion,29
Onondaga,LYSANDER 5,U.S. House,22,,Write-in,1
Onondaga,LYSANDER 5,State Senate,48,DEM,Rachel May,412
Onondaga,LYSANDER 5,State Senate,48,REP,Caleb C. Slater,403
Onondaga,LYSANDER 5,State Senate,48,WOR,Rachel May,28
Onondaga,LYSANDER 5,State Assembly,126,DEM,Ian Phillips,364
Onondaga,LYSANDER 5,State Assembly,126,REP,John Lemondes Jr.,395
Onondaga,LYSANDER 5,State Assembly,126,CON,John Lemondes Jr.,56
Onondaga,LYSANDER 5,State Assembly,126,WOR,Ian Phillips,31
Onondaga,LYSANDER 6,President,,DEM,Kamala D. Harris,545
Onondaga,LYSANDER 6,President,,REP,Donald J. Trump,413
Onondaga,LYSANDER 6,President,,CON,Donald J. Trump,48
Onondaga,LYSANDER 6,President,,WOR,Kamala D. Harris,25
Onondaga,LYSANDER 6,U.S. Senate,,DEM,Kirsten E. Gillibrand,536
Onondaga,LYSANDER 6,U.S. Senate,,REP,Michael D. Sapraicone,411
Onondaga,LYSANDER 6,U.S. Senate,,CON,Michael D. Sapraicone,55
Onondaga,LYSANDER 6,U.S. Senate,,WOR,Kirsten E. Gillibrand,26
Onondaga,LYSANDER 6,U.S. Senate,,LAR,Diane Sare,2
Onondaga,LYSANDER 6,U.S. House,22,DEM,John W. Mannion,539
Onondaga,LYSANDER 6,U.S. House,22,REP,Brandon M. Williams,422
Onondaga,LYSANDER 6,U.S. House,22,CON,Brandon M. Williams,53
Onondaga,LYSANDER 6,U.S. House,22,WOR,John W. Mannion,24
Onondaga,LYSANDER 6,U.S. House,22,,Write-in,4
Onondaga,LYSANDER 6,State Senate,48,DEM,Rachel May,529
Onondaga,LYSANDER 6,State Senate,48,REP,Caleb C. Slater,455
Onondaga,LYSANDER 6,State Senate,48,WOR,Rachel May,28
Onondaga,LYSANDER 6,State Senate,48,,Write-in,2
Onondaga,LYSANDER 6,State Assembly,126,DEM,Ian Phillips,458
Onondaga,LYSANDER 6,State Assembly,126,REP,John Lemondes Jr.,471
Onondaga,LYSANDER 6,State Assembly,126,CON,John Lemondes Jr.,58
Onondaga,LYSANDER 6,State Assembly,126,WOR,Ian Phillips,28
Onondaga,LYSANDER 7,President,,DEM,Kamala D. Harris,534
Onondaga,LYSANDER 7,President,,REP,Donald J. Trump,463
Onondaga,LYSANDER 7,President,,CON,Donald J. Trump,48
Onondaga,LYSANDER 7,President,,WOR,Kamala D. Harris,45
Onondaga,LYSANDER 7,President,,,Write-in,3
Onondaga,LYSANDER 7,U.S. Senate,,DEM,Kirsten E. Gillibrand,528
Onondaga,LYSANDER 7,U.S. Senate,,REP,Michael D. Sapraicone,445
Onondaga,LYSANDER 7,U.S. Senate,,CON,Michael D. Sapraicone,51
Onondaga,LYSANDER 7,U.S. Senate,,WOR,Kirsten E. Gillibrand,59
Onondaga,LYSANDER 7,U.S. Senate,,LAR,Diane Sare,1
Onondaga,LYSANDER 7,U.S. Senate,,,Write-in,1
Onondaga,LYSANDER 7,U.S. House,22,DEM,John W. Mannion,525
Onondaga,LYSANDER 7,U.S. House,22,REP,Brandon M. Williams,444
Onondaga,LYSANDER 7,U.S. House,22,CON,Brandon M. Williams,64
Onondaga,LYSANDER 7,U.S. House,22,WOR,John W. Mannion,52
Onondaga,LYSANDER 7,U.S. House,22,,Write-in,1
Onondaga,LYSANDER 7,State Senate,48,DEM,Rachel May,516
Onondaga,LYSANDER 7,State Senate,48,REP,Caleb C. Slater,494
Onondaga,LYSANDER 7,State Senate,48,WOR,Rachel May,55
Onondaga,LYSANDER 7,State Assembly,126,DEM,Ian Phillips,472
Onondaga,LYSANDER 7,State Assembly,126,REP,John Lemondes Jr.,480
Onondaga,LYSANDER 7,State Assembly,126,CON,John Lemondes Jr.,68
Onondaga,LYSANDER 7,State Assembly,126,WOR,Ian Phillips,51
Onondaga,LYSANDER 8,President,,DEM,Kamala D. Harris,554
Onondaga,LYSANDER 8,President,,REP,Donald J. Trump,420
Onondaga,LYSANDER 8,President,,CON,Donald J. Trump,40
Onondaga,LYSANDER 8,President,,WOR,Kamala D. Harris,25
Onondaga,LYSANDER 8,U.S. Senate,,DEM,Kirsten E. Gillibrand,549
Onondaga,LYSANDER 8,U.S. Senate,,REP,Michael D. Sapraicone,392
Onondaga,LYSANDER 8,U.S. Senate,,CON,Michael D. Sapraicone,48
Onondaga,LYSANDER 8,U.S. Senate,,WOR,Kirsten E. Gillibrand,33
Onondaga,LYSANDER 8,U.S. Senate,,LAR,Diane Sare,2
Onondaga,LYSANDER 8,U.S. House,22,DEM,John W. Mannion,535
Onondaga,LYSANDER 8,U.S. House,22,REP,Brandon M. Williams,412
Onondaga,LYSANDER 8,U.S. House,22,CON,Brandon M. Williams,45
Onondaga,LYSANDER 8,U.S. House,22,WOR,John W. Mannion,36
Onondaga,LYSANDER 8,U.S. House,22,,Write-in,1
Onondaga,LYSANDER 8,State Senate,48,DEM,Rachel May,519
Onondaga,LYSANDER 8,State Senate,48,REP,Caleb C. Slater,455
Onondaga,LYSANDER 8,State Senate,48,WOR,Rachel May,38
Onondaga,LYSANDER 8,State Senate,48,,Write-in,1
Onondaga,LYSANDER 8,State Assembly,126,DEM,Ian Phillips,477
Onondaga,LYSANDER 8,State Assembly,126,REP,John Lemondes Jr.,450
Onondaga,LYSANDER 8,State Assembly,126,CON,John Lemondes Jr.,47
Onondaga,LYSANDER 8,State Assembly,126,WOR,Ian Phillips,35
Onondaga,LYSANDER 9,President,,DEM,Kamala D. Harris,280
Onondaga,LYSANDER 9,President,,REP,Donald J. Trump,320
Onondaga,LYSANDER 9,President,,CON,Donald J. Trump,45
Onondaga,LYSANDER 9,President,,WOR,Kamala D. Harris,26
Onondaga,LYSANDER 9,U.S. Senate,,DEM,Kirsten E. Gillibrand,271
Onondaga,LYSANDER 9,U.S. Senate,,REP,Michael D. Sapraicone,299
Onondaga,LYSANDER 9,U.S. Senate,,CON,Michael D. Sapraicone,45
Onondaga,LYSANDER 9,U.S. Senate,,WOR,Kirsten E. Gillibrand,33
Onondaga,LYSANDER 9,U.S. House,22,DEM,John W. Mannion,273
Onondaga,LYSANDER 9,U.S. House,22,REP,Brandon M. Williams,301
Onondaga,LYSANDER 9,U.S. House,22,CON,Brandon M. Williams,43
Onondaga,LYSANDER 9,U.S. House,22,WOR,John W. Mannion,33
Onondaga,LYSANDER 9,State Senate,48,DEM,Rachel May,264
Onondaga,LYSANDER 9,State Senate,48,REP,Caleb C. Slater,341
Onondaga,LYSANDER 9,State Senate,48,WOR,Rachel May,33
Onondaga,LYSANDER 9,State Senate,48,,Write-in,1
Onondaga,LYSANDER 9,State Assembly,126,DEM,Ian Phillips,238
Onondaga,LYSANDER 9,State Assembly,126,REP,John Lemondes Jr.,324
Onondaga,LYSANDER 9,State Assembly,126,CON,John Lemondes Jr.,53
Onondaga,LYSANDER 9,State Assembly,126,WOR,Ian Phillips,24
Onondaga,LYSANDER 10,President,,DEM,Kamala D. Harris,354
Onondaga,LYSANDER 10,President,,REP,Donald J. Trump,438
Onondaga,LYSANDER 10,President,,CON,Donald J. Trump,33
Onondaga,LYSANDER 10,President,,WOR,Kamala D. Harris,17
Onondaga,LYSANDER 10,President,,,Write-in,1
Onondaga,LYSANDER 10,U.S. Senate,,DEM,Kirsten E. Gillibrand,353
Onondaga,LYSANDER 10,U.S. Senate,,REP,Michael D. Sapraicone,414
Onondaga,LYSANDER 10,U.S. Senate,,CON,Michael D. Sapraicone,38
Onondaga,LYSANDER 10,U.S. Senate,,WOR,Kirsten E. Gillibrand,32
Onondaga,LYSANDER 10,U.S. House,22,DEM,John W. Mannion,351
Onondaga,LYSANDER 10,U.S. House,22,REP,Brandon M. Williams,430
Onondaga,LYSANDER 10,U.S. House,22,CON,Brandon M. Williams,41
Onondaga,LYSANDER 10,U.S. House,22,WOR,John W. Mannion,21
Onondaga,LYSANDER 10,State Senate,48,DEM,Rachel May,338
Onondaga,LYSANDER 10,State Senate,48,REP,Caleb C. Slater,465
Onondaga,LYSANDER 10,State Senate,48,WOR,Rachel May,28
Onondaga,LYSANDER 10,State Assembly,126,DEM,Ian Phillips,308
Onondaga,LYSANDER 10,State Assembly,126,REP,John Lemondes Jr.,457
Onondaga,LYSANDER 10,State Assembly,126,CON,John Lemondes Jr.,40
Onondaga,LYSANDER 10,State Assembly,126,WOR,Ian Phillips,22
Onondaga,LYSANDER 11,President,,DEM,Kamala D. Harris,445
Onondaga,LYSANDER 11,President,,REP,Donald J. Trump,383
Onondaga,LYSANDER 11,President,,CON,Donald J. Trump,61
Onondaga,LYSANDER 11,President,,WOR,Kamala D. Harris,15
Onondaga,LYSANDER 11,President,,,Write-in,7
Onondaga,LYSANDER 11,U.S. Senate,,DEM,Kirsten E. Gillibrand,432
Onondaga,LYSANDER 11,U.S. Senate,,REP,Michael D. Sapraicone,375
Onondaga,LYSANDER 11,U.S. Senate,,CON,Michael D. Sapraicone,69
Onondaga,LYSANDER 11,U.S. Senate,,WOR,Kirsten E. Gillibrand,30
Onondaga,LYSANDER 11,U.S. Senate,,LAR,Diane Sare,3
Onondaga,LYSANDER 11,U.S. House,22,DEM,John W. Mannion,428
Onondaga,LYSANDER 11,U.S. House,22,REP,Brandon M. Williams,380
Onondaga,LYSANDER 11,U.S. House,22,CON,Brandon M. Williams,72
Onondaga,LYSANDER 11,U.S. House,22,WOR,John W. Mannion,33
Onondaga,LYSANDER 11,State Senate,48,DEM,Rachel May,423
Onondaga,LYSANDER 11,State Senate,48,REP,Caleb C. Slater,431
Onondaga,LYSANDER 11,State Senate,48,WOR,Rachel May,32
Onondaga,LYSANDER 11,State Assembly,126,DEM,Ian Phillips,392
Onondaga,LYSANDER 11,State Assembly,126,REP,John Lemondes Jr.,403
Onondaga,LYSANDER 11,State Assembly,126,CON,John Lemondes Jr.,74
Onondaga,LYSANDER 11,State Assembly,126,WOR,Ian Phillips,29
Onondaga,LYSANDER 12,President,,DEM,Kamala D. Harris,449
Onondaga,LYSANDER 12,President,,REP,Donald J. Trump,357
Onondaga,LYSANDER 12,President,,CON,Donald J. Trump,39
Onondaga,LYSANDER 12,President,,WOR,Kamala D. Harris,34
Onondaga,LYSANDER 12,U.S. Senate,,DEM,Kirsten E. Gillibrand,431
Onondaga,LYSANDER 12,U.S. Senate,,REP,Michael D. Sapraicone,326
Onondaga,LYSANDER 12,U.S. Senate,,CON,Michael D. Sapraicone,47
Onondaga,LYSANDER 12,U.S. Senate,,WOR,Kirsten E. Gillibrand,51
Onondaga,LYSANDER 12,U.S. Senate,,LAR,Diane Sare,5
Onondaga,LYSANDER 12,U.S. House,22,DEM,John W. Mannion,424
Onondaga,LYSANDER 12,U.S. House,22,REP,Brandon M. Williams,336
Onondaga,LYSANDER 12,U.S. House,22,CON,Brandon M. Williams,50
Onondaga,LYSANDER 12,U.S. House,22,WOR,John W. Mannion,49
Onondaga,LYSANDER 12,U.S. House,22,,Write-in,1
Onondaga,LYSANDER 12,State Senate,48,DEM,Rachel May,417
Onondaga,LYSANDER 12,State Senate,48,REP,Caleb C. Slater,383
Onondaga,LYSANDER 12,State Senate,48,WOR,Rachel May,45
Onondaga,LYSANDER 12,State Senate,48,,Write-in,1
Onondaga,LYSANDER 12,State Assembly,126,DEM,Ian Phillips,373
Onondaga,LYSANDER 12,State Assembly,126,REP,John Lemondes Jr.,383
Onondaga,LYSANDER 12,State Assembly,126,CON,John Lemondes Jr.,47
Onondaga,LYSANDER 12,State Assembly,126,WOR,Ian Phillips,44
Onondaga,LYSANDER 13,President,,DEM,Kamala D. Harris,438
Onondaga,LYSANDER 13,President,,REP,Donald J. Trump,302
Onondaga,LYSANDER 13,President,,CON,Donald J. Trump,45
Onondaga,LYSANDER 13,President,,WOR,Kamala D. Harris,18
Onondaga,LYSANDER 13,President,,,Write-in,6
Onondaga,LYSANDER 13,U.S. Senate,,DEM,Kirsten E. Gillibrand,440
Onondaga,LYSANDER 13,U.S. Senate,,REP,Michael D. Sapraicone,285
Onondaga,LYSANDER 13,U.S. Senate,,CON,Michael D. Sapraicone,53
Onondaga,LYSANDER 13,U.S. Senate,,WOR,Kirsten E. Gillibrand,22
Onondaga,LYSANDER 13,U.S. Senate,,,Write-in,1
Onondaga,LYSANDER 13,U.S. House,22,DEM,John W. Mannion,436
Onondaga,LYSANDER 13,U.S. House,22,REP,Brandon M. Williams,289
Onondaga,LYSANDER 13,U.S. House,22,CON,Brandon M. Williams,50
Onondaga,LYSANDER 13,U.S. House,22,WOR,John W. Mannion,23
Onondaga,LYSANDER 13,U.S. House,22,,Write-in,1
Onondaga,LYSANDER 13,State Senate,48,DEM,Rachel May,423
Onondaga,LYSANDER 13,State Senate,48,REP,Caleb C. Slater,335
Onondaga,LYSANDER 13,State Senate,48,WOR,Rachel May,25
Onondaga,LYSANDER 13,State Senate,48,,Write-in,1
Onondaga,LYSANDER 13,State Assembly,126,DEM,Ian Phillips,396
Onondaga,LYSANDER 13,State Assembly,126,REP,John Lemondes Jr.,315
Onondaga,LYSANDER 13,State Assembly,126,CON,John Lemondes Jr.,49
Onondaga,LYSANDER 13,State Assembly,126,WOR,Ian Phillips,26
Onondaga,LYSANDER 13,State Assembly,126,,Write-in,1
Onondaga,LYSANDER 14,President,,DEM,Kamala D. Harris,406
Onondaga,LYSANDER 14,President,,REP,Donald J. Trump,306
Onondaga,LYSANDER 14,President,,CON,Donald J. Trump,29
Onondaga,LYSANDER 14,President,,WOR,Kamala D. Harris,21
Onondaga,LYSANDER 14,President,,,Write-in,5
Onondaga,LYSANDER 14,U.S. Senate,,DEM,Kirsten E. Gillibrand,399
Onondaga,LYSANDER 14,U.S. Senate,,REP,Michael D. Sapraicone,313
Onondaga,LYSANDER 14,U.S. Senate,,CON,Michael D. Sapraicone,34
Onondaga,LYSANDER 14,U.S. Senate,,WOR,Kirsten E. Gillibrand,21
Onondaga,LYSANDER 14,U.S. Senate,,LAR,Diane Sare,3
Onondaga,LYSANDER 14,U.S. House,22,DEM,John W. Mannion,403
Onondaga,LYSANDER 14,U.S. House,22,REP,Brandon M. Williams,309
Onondaga,LYSANDER 14,U.S. House,22,CON,Brandon M. Williams,37
Onondaga,LYSANDER 14,U.S. House,22,WOR,John W. Mannion,19
Onondaga,LYSANDER 14,U.S. House,22,,Write-in,2
Onondaga,LYSANDER 14,State Senate,48,DEM,Rachel May,369
Onondaga,LYSANDER 14,State Senate,48,REP,Caleb C. Slater,362
Onondaga,LYSANDER 14,State Senate,48,WOR,Rachel May,22
Onondaga,LYSANDER 14,State Senate,48,,Write-in,2
Onondaga,LYSANDER 14,State Assembly,126,DEM,Ian Phillips,347
Onondaga,LYSANDER 14,State Assembly,126,REP,John Lemondes Jr.,344
Onondaga,LYSANDER 14,State Assembly,126,CON,John Lemondes Jr.,37
Onondaga,LYSANDER 14,State Assembly,126,WOR,Ian Phillips,17
Onondaga,LYSANDER 14,State Assembly,126,,Write-in,1
Onondaga,LYSANDER 15,President,,DEM,Kamala D. Harris,285
Onondaga,LYSANDER 15,President,,REP,Donald J. Trump,394
Onondaga,LYSANDER 15,President,,CON,Donald J. Trump,43
Onondaga,LYSANDER 15,President,,WOR,Kamala D. Harris,16
Onondaga,LYSANDER 15,President,,,Write-in,6
Onondaga,LYSANDER 15,U.S. Senate,,DEM,Kirsten E. Gillibrand,285
Onondaga,LYSANDER 15,U.S. Senate,,REP,Michael D. Sapraicone,378
Onondaga,LYSANDER 15,U.S. Senate,,CON,Michael D. Sapraicone,43
Onondaga,LYSANDER 15,U.S. Senate,,WOR,Kirsten E. Gillibrand,25
Onondaga,LYSANDER 15,U.S. Senate,,LAR,Diane Sare,8
Onondaga,LYSANDER 15,U.S. Senate,,,Write-in,1
Onondaga,LYSANDER 15,U.S. House,22,DEM,John W. Mannion,279
Onondaga,LYSANDER 15,U.S. House,22,REP,Brandon M. Williams,400
Onondaga,LYSANDER 15,U.S. House,22,CON,Brandon M. Williams,46
Onondaga,LYSANDER 15,U.S. House,22,WOR,John W. Mannion,19
Onondaga,LYSANDER 15,U.S. House,22,,Write-in,1
Onondaga,LYSANDER 15,State Senate,48,DEM,Rachel May,270
Onondaga,LYSANDER 15,State Senate,48,REP,Caleb C. Slater,437
Onondaga,LYSANDER 15,State Senate,48,WOR,Rachel May,19
Onondaga,LYSANDER 15,State Senate,48,,Write-in,2
Onondaga,LYSANDER 15,State Assembly,126,DEM,Ian Phillips,251
Onondaga,LYSANDER 15,State Assembly,126,REP,John Lemondes Jr.,411
Onondaga,LYSANDER 15,State Assembly,126,CON,John Lemondes Jr.,44
Onondaga,LYSANDER 15,State Assembly,126,WOR,Ian Phillips,23
Onondaga,LYSANDER 16,President,,DEM,Kamala D. Harris,383
Onondaga,LYSANDER 16,President,,REP,Donald J. Trump,230
Onondaga,LYSANDER 16,President,,CON,Donald J. Trump,24
Onondaga,LYSANDER 16,President,,WOR,Kamala D. Harris,22
Onondaga,LYSANDER 16,President,,,Write-in,2
Onondaga,LYSANDER 16,U.S. Senate,,DEM,Kirsten E. Gillibrand,372
Onondaga,LYSANDER 16,U.S. Senate,,REP,Michael D. Sapraicone,214
Onondaga,LYSANDER 16,U.S. Senate,,CON,Michael D. Sapraicone,26
Onondaga,LYSANDER 16,U.S. Senate,,WOR,Kirsten E. Gillibrand,35
Onondaga,LYSANDER 16,U.S. Senate,,LAR,Diane Sare,5
Onondaga,LYSANDER 16,U.S. Senate,,,Write-in,1
Onondaga,LYSANDER 16,U.S. House,22,DEM,John W. Mannion,371
Onondaga,LYSANDER 16,U.S. House,22,REP,Brandon M. Williams,222
Onondaga,LYSANDER 16,U.S. House,22,CON,Brandon M. Williams,30
Onondaga,LYSANDER 16,U.S. House,22,WOR,John W. Mannion,31
Onondaga,LYSANDER 16,U.S. House,22,,Write-in,2
Onondaga,LYSANDER 16,State Senate,48,DEM,Rachel May,358
Onondaga,LYSANDER 16,State Senate,48,REP,Caleb C. Slater,245
Onondaga,LYSANDER 16,State Senate,48,WOR,Rachel May,28
Onondaga,LYSANDER 16,State Assembly,126,DEM,Ian Phillips,330
Onondaga,LYSANDER 16,State Assembly,126,REP,John Lemondes Jr.,240
Onondaga,LYSANDER 16,State Assembly,126,CON,John Lemondes Jr.,38
Onondaga,LYSANDER 16,State Assembly,126,WOR,Ian Phillips,25
Onondaga,LYSANDER 17,President,,DEM,Kamala D. Harris,340
Onondaga,LYSANDER 17,President,,REP,Donald J. Trump,213
Onondaga,LYSANDER 17,President,,CON,Donald J. Trump,19
Onondaga,LYSANDER 17,President,,WOR,Kamala D. Harris,15
Onondaga,LYSANDER 17,President,,,Write-in,1
Onondaga,LYSANDER 17,U.S. Senate,,DEM,Kirsten E. Gillibrand,326
Onondaga,LYSANDER 17,U.S. Senate,,REP,Michael D. Sapraicone,185
Onondaga,LYSANDER 17,U.S. Senate,,CON,Michael D. Sapraicone,21
Onondaga,LYSANDER 17,U.S. Senate,,WOR,Kirsten E. Gillibrand,24
Onondaga,LYSANDER 17,U.S. Senate,,LAR,Diane Sare,5
Onondaga,LYSANDER 17,U.S. Senate,,,Write-in,1
Onondaga,LYSANDER 17,U.S. House,22,DEM,John W. Mannion,322
Onondaga,LYSANDER 17,U.S. House,22,REP,Brandon M. Williams,199
Onondaga,LYSANDER 17,U.S. House,22,CON,Brandon M. Williams,22
Onondaga,LYSANDER 17,U.S. House,22,WOR,John W. Mannion,27
Onondaga,LYSANDER 17,U.S. House,22,,Write-in,1
Onondaga,LYSANDER 17,State Senate,48,DEM,Rachel May,316
Onondaga,LYSANDER 17,State Senate,48,REP,Caleb C. Slater,219
Onondaga,LYSANDER 17,State Senate,48,WOR,Rachel May,28
Onondaga,LYSANDER 17,State Senate,48,,Write-in,1
Onondaga,LYSANDER 17,State Assembly,126,DEM,Ian Phillips,295
Onondaga,LYSANDER 17,State Assembly,126,REP,John Lemondes Jr.,218
Onondaga,LYSANDER 17,State Assembly,126,CON,John Lemondes Jr.,22
Onondaga,LYSANDER 17,State Assembly,126,WOR,Ian Phillips,25
Onondaga,LYSANDER 18,President,,DEM,Kamala D. Harris,341
Onondaga,LYSANDER 18,President,,REP,Donald J. Trump,269
Onondaga,LYSANDER 18,President,,CON,Donald J. Trump,29
Onondaga,LYSANDER 18,President,,WOR,Kamala D. Harris,10
Onondaga,LYSANDER 18,President,,,Write-in,3
Onondaga,LYSANDER 18,U.S. Senate,,DEM,Kirsten E. Gillibrand,333
Onondaga,LYSANDER 18,U.S. Senate,,REP,Michael D. Sapraicone,254
Onondaga,LYSANDER 18,U.S. Senate,,CON,Michael D. Sapraicone,39
Onondaga,LYSANDER 18,U.S. Senate,,WOR,Kirsten E. Gillibrand,13
Onondaga,LYSANDER 18,U.S. Senate,,LAR,Diane Sare,4
Onondaga,LYSANDER 18,U.S. House,22,DEM,John W. Mannion,323
Onondaga,LYSANDER 18,U.S. House,22,REP,Brandon M. Williams,279
Onondaga,LYSANDER 18,U.S. House,22,CON,Brandon M. Williams,33
Onondaga,LYSANDER 18,U.S. House,22,WOR,John W. Mannion,14
Onondaga,LYSANDER 18,State Senate,48,DEM,Rachel May,324
Onondaga,LYSANDER 18,State Senate,48,REP,Caleb C. Slater,296
Onondaga,LYSANDER 18,State Senate,48,WOR,Rachel May,15
Onondaga,LYSANDER 18,State Senate,48,,Write-in,1
Onondaga,LYSANDER 18,State Assembly,126,DEM,Ian Phillips,296
Onondaga,LYSANDER 18,State Assembly,126,REP,John Lemondes Jr.,286
Onondaga,LYSANDER 18,State Assembly,126,CON,John Lemondes Jr.,40
Onondaga,LYSANDER 18,State Assembly,126,WOR,Ian Phillips,12
Onondaga,MANLIUS 1,President,,DEM,Kamala D. Harris,263
Onondaga,MANLIUS 1,President,,REP,Donald J. Trump,306
Onondaga,MANLIUS 1,President,,CON,Donald J. Trump,41
Onondaga,MANLIUS 1,President,,WOR,Kamala D. Harris,19
Onondaga,MANLIUS 1,President,,,Write-in,1
Onondaga,MANLIUS 1,U.S. Senate,,DEM,Kirsten E. Gillibrand,255
Onondaga,MANLIUS 1,U.S. Senate,,REP,Michael D. Sapraicone,283
Onondaga,MANLIUS 1,U.S. Senate,,CON,Michael D. Sapraicone,46
Onondaga,MANLIUS 1,U.S. Senate,,WOR,Kirsten E. Gillibrand,32
Onondaga,MANLIUS 1,U.S. Senate,,LAR,Diane Sare,5
Onondaga,MANLIUS 1,U.S. House,22,DEM,John W. Mannion,265
Onondaga,MANLIUS 1,U.S. House,22,REP,Brandon M. Williams,280
Onondaga,MANLIUS 1,U.S. House,22,CON,Brandon M. Williams,49
Onondaga,MANLIUS 1,U.S. House,22,WOR,John W. Mannion,31
Onondaga,MANLIUS 1,U.S. House,22,,Write-in,1
Onondaga,MANLIUS 1,State Senate,50,DEM,Christopher J. Ryan,243
Onondaga,MANLIUS 1,State Senate,50,REP,Nick Paro,292
Onondaga,MANLIUS 1,State Senate,50,CON,Nick Paro,53
Onondaga,MANLIUS 1,State Senate,50,WOR,Christopher J. Ryan,34
Onondaga,MANLIUS 1,State Assembly,127,DEM,"Albert A. Stirpe, Jr.",259
Onondaga,MANLIUS 1,State Assembly,127,REP,Timothy R. Kelly,286
Onondaga,MANLIUS 1,State Assembly,127,CON,Timothy R. Kelly,48
Onondaga,MANLIUS 1,State Assembly,127,WOR,"Albert A. Stirpe, Jr.",27
Onondaga,MANLIUS 2,President,,DEM,Kamala D. Harris,367
Onondaga,MANLIUS 2,President,,REP,Donald J. Trump,296
Onondaga,MANLIUS 2,President,,CON,Donald J. Trump,28
Onondaga,MANLIUS 2,President,,WOR,Kamala D. Harris,32
Onondaga,MANLIUS 2,President,,,Write-in,1
Onondaga,MANLIUS 2,U.S. Senate,,DEM,Kirsten E. Gillibrand,389
Onondaga,MANLIUS 2,U.S. Senate,,REP,Michael D. Sapraicone,252
Onondaga,MANLIUS 2,U.S. Senate,,CON,Michael D. Sapraicone,37
Onondaga,MANLIUS 2,U.S. Senate,,WOR,Kirsten E. Gillibrand,36
Onondaga,MANLIUS 2,U.S. Senate,,LAR,Diane Sare,2
Onondaga,MANLIUS 2,U.S. House,22,DEM,John W. Mannion,375
Onondaga,MANLIUS 2,U.S. House,22,REP,Brandon M. Williams,272
Onondaga,MANLIUS 2,U.S. House,22,CON,Brandon M. Williams,38
Onondaga,MANLIUS 2,U.S. House,22,WOR,John W. Mannion,33
Onondaga,MANLIUS 2,State Senate,50,DEM,Christopher J. Ryan,354
Onondaga,MANLIUS 2,State Senate,50,REP,Nick Paro,287
Onondaga,MANLIUS 2,State Senate,50,CON,Nick Paro,42
Onondaga,MANLIUS 2,State Senate,50,WOR,Christopher J. Ryan,31
Onondaga,MANLIUS 2,State Assembly,127,DEM,"Albert A. Stirpe, Jr.",373
Onondaga,MANLIUS 2,State Assembly,127,REP,Timothy R. Kelly,269
Onondaga,MANLIUS 2,State Assembly,127,CON,Timothy R. Kelly,35
Onondaga,MANLIUS 2,State Assembly,127,WOR,"Albert A. Stirpe, Jr.",39
Onondaga,MANLIUS 3,President,,DEM,Kamala D. Harris,302
Onondaga,MANLIUS 3,President,,REP,Donald J. Trump,161
Onondaga,MANLIUS 3,President,,CON,Donald J. Trump,16
Onondaga,MANLIUS 3,President,,WOR,Kamala D. Harris,23
Onondaga,MANLIUS 3,President,,,Write-in,2
Onondaga,MANLIUS 3,U.S. Senate,,DEM,Kirsten E. Gillibrand,300
Onondaga,MANLIUS 3,U.S. Senate,,REP,Michael D. Sapraicone,149
Onondaga,MANLIUS 3,U.S. Senate,,CON,Michael D. Sapraicone,20
Onondaga,MANLIUS 3,U.S. Senate,,WOR,Kirsten E. Gillibrand,26
Onondaga,MANLIUS 3,U.S. House,22,DEM,John W. Mannion,297
Onondaga,MANLIUS 3,U.S. House,22,REP,Brandon M. Williams,153
Onondaga,MANLIUS 3,U.S. House,22,CON,Brandon M. Williams,21
Onondaga,MANLIUS 3,U.S. House,22,WOR,John W. Mannion,30
Onondaga,MANLIUS 3,State Senate,50,DEM,Christopher J. Ryan,284
Onondaga,MANLIUS 3,State Senate,50,REP,Nick Paro,165
Onondaga,MANLIUS 3,State Senate,50,CON,Nick Paro,21
Onondaga,MANLIUS 3,State Senate,50,WOR,Christopher J. Ryan,24
Onondaga,MANLIUS 3,State Assembly,127,DEM,"Albert A. Stirpe, Jr.",293
Onondaga,MANLIUS 3,State Assembly,127,REP,Timothy R. Kelly,155
Onondaga,MANLIUS 3,State Assembly,127,CON,Timothy R. Kelly,17
Onondaga,MANLIUS 3,State Assembly,127,WOR,"Albert A. Stirpe, Jr.",31
Onondaga,MANLIUS 4,President,,DEM,Kamala D. Harris,375
Onondaga,MANLIUS 4,President,,REP,Donald J. Trump,130
Onondaga,MANLIUS 4,President,,CON,Donald J. Trump,37
Onondaga,MANLIUS 4,President,,WOR,Kamala D. Harris,24
Onondaga,MANLIUS 4,President,,,Write-in,3
Onondaga,MANLIUS 4,U.S. Senate,,DEM,Kirsten E. Gillibrand,364
Onondaga,MANLIUS 4,U.S. Senate,,REP,Michael D. Sapraicone,136
Onondaga,MANLIUS 4,U.S. Senate,,CON,Michael D. Sapraicone,42
Onondaga,MANLIUS 4,U.S. Senate,,WOR,Kirsten E. Gillibrand,27
Onondaga,MANLIUS 4,U.S. Senate,,LAR,Diane Sare,5
Onondaga,MANLIUS 4,U.S. House,22,DEM,John W. Mannion,367
Onondaga,MANLIUS 4,U.S. House,22,REP,Brandon M. Williams,138
Onondaga,MANLIUS 4,U.S. House,22,CON,Brandon M. Williams,40
Onondaga,MANLIUS 4,U.S. House,22,WOR,John W. Mannion,25
Onondaga,MANLIUS 4,U.S. House,22,,Write-in,1
Onondaga,MANLIUS 4,State Senate,50,DEM,Christopher J. Ryan,354
Onondaga,MANLIUS 4,State Senate,50,REP,Nick Paro,152
Onondaga,MANLIUS 4,State Senate,50,CON,Nick Paro,35
Onondaga,MANLIUS 4,State Senate,50,WOR,Christopher J. Ryan,26
Onondaga,MANLIUS 4,State Assembly,127,DEM,"Albert A. Stirpe, Jr.",353
Onondaga,MANLIUS 4,State Assembly,127,REP,Timothy R. Kelly,154
Onondaga,MANLIUS 4,State Assembly,127,CON,Timothy R. Kelly,36
Onondaga,MANLIUS 4,State Assembly,127,WOR,"Albert A. Stirpe, Jr.",24
Onondaga,MANLIUS 5,President,,DEM,Kamala D. Harris,295
Onondaga,MANLIUS 5,President,,REP,Donald J. Trump,94
Onondaga,MANLIUS 5,President,,CON,Donald J. Trump,20
Onondaga,MANLIUS 5,President,,WOR,Kamala D. Harris,21
Onondaga,MANLIUS 5,President,,,Write-in,4
Onondaga,MANLIUS 5,U.S. Senate,,DEM,Kirsten E. Gillibrand,281
Onondaga,MANLIUS 5,U.S. Senate,,REP,Michael D. Sapraicone,105
Onondaga,MANLIUS 5,U.S. Senate,,CON,Michael D. Sapraicone,18
Onondaga,MANLIUS 5,U.S. Senate,,WOR,Kirsten E. Gillibrand,26
Onondaga,MANLIUS 5,U.S. Senate,,LAR,Diane Sare,2
Onondaga,MANLIUS 5,U.S. Senate,,,Write-in,2
Onondaga,MANLIUS 5,U.S. House,22,DEM,John W. Mannion,281
Onondaga,MANLIUS 5,U.S. House,22,REP,Brandon M. Williams,105
Onondaga,MANLIUS 5,U.S. House,22,CON,Brandon M. Williams,20
Onondaga,MANLIUS 5,U.S. House,22,WOR,John W. Mannion,26
Onondaga,MANLIUS 5,State Senate,50,DEM,Christopher J. Ryan,275
Onondaga,MANLIUS 5,State Senate,50,REP,Nick Paro,115
Onondaga,MANLIUS 5,State Senate,50,CON,Nick Paro,19
Onondaga,MANLIUS 5,State Senate,50,WOR,Christopher J. Ryan,21
Onondaga,MANLIUS 5,State Assembly,127,DEM,"Albert A. Stirpe, Jr.",289
Onondaga,MANLIUS 5,State Assembly,127,REP,Timothy R. Kelly,96
Onondaga,MANLIUS 5,State Assembly,127,CON,Timothy R. Kelly,18
Onondaga,MANLIUS 5,State Assembly,127,WOR,"Albert A. Stirpe, Jr.",31
Onondaga,MANLIUS 6,President,,DEM,Kamala D. Harris,457
Onondaga,MANLIUS 6,President,,REP,Donald J. Trump,205
Onondaga,MANLIUS 6,President,,CON,Donald J. Trump,34
Onondaga,MANLIUS 6,President,,WOR,Kamala D. Harris,17
Onondaga,MANLIUS 6,President,,,Write-in,5
Onondaga,MANLIUS 6,U.S. Senate,,DEM,Kirsten E. Gillibrand,440
Onondaga,MANLIUS 6,U.S. Senate,,REP,Michael D. Sapraicone,211
Onondaga,MANLIUS 6,U.S. Senate,,CON,Michael D. Sapraicone,35
Onondaga,MANLIUS 6,U.S. Senate,,WOR,Kirsten E. Gillibrand,23
Onondaga,MANLIUS 6,U.S. Senate,,LAR,Diane Sare,8
Onondaga,MANLIUS 6,U.S. House,22,DEM,John W. Mannion,446
Onondaga,MANLIUS 6,U.S. House,22,REP,Brandon M. Williams,213
Onondaga,MANLIUS 6,U.S. House,22,CON,Brandon M. Williams,39
Onondaga,MANLIUS 6,U.S. House,22,WOR,John W. Mannion,27
Onondaga,MANLIUS 6,State Senate,50,DEM,Christopher J. Ryan,422
Onondaga,MANLIUS 6,State Senate,50,REP,Nick Paro,224
Onondaga,MANLIUS 6,State Senate,50,CON,Nick Paro,38
Onondaga,MANLIUS 6,State Senate,50,WOR,Christopher J. Ryan,25
Onondaga,MANLIUS 6,State Senate,50,,Write-in,1
Onondaga,MANLIUS 6,State Assembly,127,DEM,"Albert A. Stirpe, Jr.",429
Onondaga,MANLIUS 6,State Assembly,127,REP,Timothy R. Kelly,220
Onondaga,MANLIUS 6,State Assembly,127,CON,Timothy R. Kelly,38
Onondaga,MANLIUS 6,State Assembly,127,WOR,"Albert A. Stirpe, Jr.",23
Onondaga,MANLIUS 7,President,,DEM,Kamala D. Harris,350
Onondaga,MANLIUS 7,President,,REP,Donald J. Trump,147
Onondaga,MANLIUS 7,President,,CON,Donald J. Trump,25
Onondaga,MANLIUS 7,President,,WOR,Kamala D. Harris,28
Onondaga,MANLIUS 7,President,,,Write-in,4
Onondaga,MANLIUS 7,U.S. Senate,,DEM,Kirsten E. Gillibrand,341
Onondaga,MANLIUS 7,U.S. Senate,,REP,Michael D. Sapraicone,143
Onondaga,MANLIUS 7,U.S. Senate,,CON,Michael D. Sapraicone,23
Onondaga,MANLIUS 7,U.S. Senate,,WOR,Kirsten E. Gillibrand,31
Onondaga,MANLIUS 7,U.S. Senate,,LAR,Diane Sare,6
Onondaga,MANLIUS 7,U.S. Senate,,,Write-in,2
Onondaga,MANLIUS 7,U.S. House,22,DEM,John W. Mannion,347
Onondaga,MANLIUS 7,U.S. House,22,REP,Brandon M. Williams,156
Onondaga,MANLIUS 7,U.S. House,22,CON,Brandon M. Williams,26
Onondaga,MANLIUS 7,U.S. House,22,WOR,John W. Mannion,29
Onondaga,MANLIUS 7,State Senate,50,DEM,Christopher J. Ryan,321
Onondaga,MANLIUS 7,State Senate,50,REP,Nick Paro,152
Onondaga,MANLIUS 7,State Senate,50,CON,Nick Paro,32
Onondaga,MANLIUS 7,State Senate,50,WOR,Christopher J. Ryan,30
Onondaga,MANLIUS 7,State Assembly,127,DEM,"Albert A. Stirpe, Jr.",342
Onondaga,MANLIUS 7,State Assembly,127,REP,Timothy R. Kelly,142
Onondaga,MANLIUS 7,State Assembly,127,CON,Timothy R. Kelly,30
Onondaga,MANLIUS 7,State Assembly,127,WOR,"Albert A. Stirpe, Jr.",27
Onondaga,MANLIUS 8,President,,DEM,Kamala D. Harris,362
Onondaga,MANLIUS 8,President,,REP,Donald J. Trump,139
Onondaga,MANLIUS 8,President,,CON,Donald J. Trump,29
Onondaga,MANLIUS 8,President,,WOR,Kamala D. Harris,18
Onondaga,MANLIUS 8,President,,,Write-in,4
Onondaga,MANLIUS 8,U.S. Senate,,DEM,Kirsten E. Gillibrand,355
Onondaga,MANLIUS 8,U.S. Senate,,REP,Michael D. Sapraicone,145
Onondaga,MANLIUS 8,U.S. Senate,,CON,Michael D. Sapraicone,29
Onondaga,MANLIUS 8,U.S. Senate,,WOR,Kirsten E. Gillibrand,20
Onondaga,MANLIUS 8,U.S. Senate,,LAR,Diane Sare,1
Onondaga,MANLIUS 8,U.S. House,22,DEM,John W. Mannion,353
Onondaga,MANLIUS 8,U.S. House,22,REP,Brandon M. Williams,147
Onondaga,MANLIUS 8,U.S. House,22,CON,Brandon M. Williams,30
Onondaga,MANLIUS 8,U.S. House,22,WOR,John W. Mannion,23
Onondaga,MANLIUS 8,State Senate,50,DEM,Christopher J. Ryan,335
Onondaga,MANLIUS 8,State Senate,50,REP,Nick Paro,155
Onondaga,MANLIUS 8,State Senate,50,CON,Nick Paro,33
Onondaga,MANLIUS 8,State Senate,50,WOR,Christopher J. Ryan,19
Onondaga,MANLIUS 8,State Assembly,127,DEM,"Albert A. Stirpe, Jr.",353
Onondaga,MANLIUS 8,State Assembly,127,REP,Timothy R. Kelly,140
Onondaga,MANLIUS 8,State Assembly,127,CON,Timothy R. Kelly,34
Onondaga,MANLIUS 8,State Assembly,127,WOR,"Albert A. Stirpe, Jr.",18
Onondaga,MANLIUS 9,President,,DEM,Kamala D. Harris,259
Onondaga,MANLIUS 9,President,,REP,Donald J. Trump,268
Onondaga,MANLIUS 9,President,,CON,Donald J. Trump,31
Onondaga,MANLIUS 9,President,,WOR,Kamala D. Harris,20
Onondaga,MANLIUS 9,President,,,Write-in,5
Onondaga,MANLIUS 9,U.S. Senate,,DEM,Kirsten E. Gillibrand,268
Onondaga,MANLIUS 9,U.S. Senate,,REP,Michael D. Sapraicone,244
Onondaga,MANLIUS 9,U.S. Senate,,CON,Michael D. Sapraicone,30
Onondaga,MANLIUS 9,U.S. Senate,,WOR,Kirsten E. Gillibrand,30
Onondaga,MANLIUS 9,U.S. Senate,,LAR,Diane Sare,4
Onondaga,MANLIUS 9,U.S. House,22,DEM,John W. Mannion,256
Onondaga,MANLIUS 9,U.S. House,22,REP,Brandon M. Williams,264
Onondaga,MANLIUS 9,U.S. House,22,CON,Brandon M. Williams,33
Onondaga,MANLIUS 9,U.S. House,22,WOR,John W. Mannion,26
Onondaga,MANLIUS 9,State Senate,50,DEM,Christopher J. Ryan,232
Onondaga,MANLIUS 9,State Senate,50,REP,Nick Paro,274
Onondaga,MANLIUS 9,State Senate,50,CON,Nick Paro,34
Onondaga,MANLIUS 9,State Senate,50,WOR,Christopher J. Ryan,27
Onondaga,MANLIUS 9,State Assembly,127,DEM,"Albert A. Stirpe, Jr.",254
Onondaga,MANLIUS 9,State Assembly,127,REP,Timothy R. Kelly,253
Onondaga,MANLIUS 9,State Assembly,127,CON,Timothy R. Kelly,38
Onondaga,MANLIUS 9,State Assembly,127,WOR,"Albert A. Stirpe, Jr.",31
Onondaga,MANLIUS 10,President,,DEM,Kamala D. Harris,174
Onondaga,MANLIUS 10,President,,REP,Donald J. Trump,220
Onondaga,MANLIUS 10,President,,CON,Donald J. Trump,35
Onondaga,MANLIUS 10,President,,WOR,Kamala D. Harris,12
Onondaga,MANLIUS 10,President,,,Write-in,1
Onondaga,MANLIUS 10,U.S. Senate,,DEM,Kirsten E. Gillibrand,173
Onondaga,MANLIUS 10,U.S. Senate,,REP,Michael D. Sapraicone,203
Onondaga,MANLIUS 10,U.S. Senate,,CON,Michael D. Sapraicone,37
Onondaga,MANLIUS 10,U.S. Senate,,WOR,Kirsten E. Gillibrand,22
Onondaga,MANLIUS 10,U.S. Senate,,LAR,Diane Sare,2
Onondaga,MANLIUS 10,U.S. House,22,DEM,John W. Mannion,169
Onondaga,MANLIUS 10,U.S. House,22,REP,Brandon M. Williams,217
Onondaga,MANLIUS 10,U.S. House,22,CON,Brandon M. Williams,40
Onondaga,MANLIUS 10,U.S. House,22,WOR,John W. Mannion,11
Onondaga,MANLIUS 10,U.S. House,22,,Write-in,1
Onondaga,MANLIUS 10,State Senate,50,DEM,Christopher J. Ryan,166
Onondaga,MANLIUS 10,State Senate,50,REP,Nick Paro,215
Onondaga,MANLIUS 10,State Senate,50,CON,Nick Paro,39
Onondaga,MANLIUS 10,State Senate,50,WOR,Christopher J. Ryan,16
Onondaga,MANLIUS 10,State Assembly,127,DEM,"Albert A. Stirpe, Jr.",176
Onondaga,MANLIUS 10,State Assembly,127,REP,Timothy R. Kelly,211
Onondaga,MANLIUS 10,State Assembly,127,CON,Timothy R. Kelly,32
Onondaga,MANLIUS 10,State Assembly,127,WOR,"Albert A. Stirpe, Jr.",22
Onondaga,MANLIUS 11,President,,DEM,Kamala D. Harris,301
Onondaga,MANLIUS 11,President,,REP,Donald J. Trump,134
Onondaga,MANLIUS 11,President,,CON,Donald J. Trump,20
Onondaga,MANLIUS 11,President,,WOR,Kamala D. Harris,15
Onondaga,MANLIUS 11,President,,,Write-in,4
Onondaga,MANLIUS 11,U.S. Senate,,DEM,Kirsten E. Gillibrand,290
Onondaga,MANLIUS 11,U.S. Senate,,REP,Michael D. Sapraicone,146
Onondaga,MANLIUS 11,U.S. Senate,,CON,Michael D. Sapraicone,21
Onondaga,MANLIUS 11,U.S. Senate,,WOR,Kirsten E. Gillibrand,17
Onondaga,MANLIUS 11,U.S. Senate,,LAR,Diane Sare,3
Onondaga,MANLIUS 11,U.S. Senate,,,Write-in,1
Onondaga,MANLIUS 11,U.S. House,22,DEM,John W. Mannion,287
Onondaga,MANLIUS 11,U.S. House,22,REP,Brandon M. Williams,152
Onondaga,MANLIUS 11,U.S. House,22,CON,Brandon M. Williams,22
Onondaga,MANLIUS 11,U.S. House,22,WOR,John W. Mannion,18
Onondaga,MANLIUS 11,U.S. House,22,,Write-in,1
Onondaga,MANLIUS 11,State Senate,50,DEM,Christopher J. Ryan,258
Onondaga,MANLIUS 11,State Senate,50,REP,Nick Paro,168
Onondaga,MANLIUS 11,State Senate,50,CON,Nick Paro,26
Onondaga,MANLIUS 11,State Senate,50,WOR,Christopher J. Ryan,20
Onondaga,MANLIUS 11,State Assembly,127,DEM,"Albert A. Stirpe, Jr.",284
Onondaga,MANLIUS 11,State Assembly,127,REP,Timothy R. Kelly,152
Onondaga,MANLIUS 11,State Assembly,127,CON,Timothy R. Kelly,17
Onondaga,MANLIUS 11,State Assembly,127,WOR,"Albert A. Stirpe, Jr.",19
Onondaga,MANLIUS 11,State Assembly,127,,Write-in,1
Onondaga,MANLIUS 12,President,,DEM,Kamala D. Harris,427
Onondaga,MANLIUS 12,President,,REP,Donald J. Trump,206
Onondaga,MANLIUS 12,President,,CON,Donald J. Trump,19
Onondaga,MANLIUS 12,President,,WOR,Kamala D. Harris,24
Onondaga,MANLIUS 12,President,,,Write-in,6
Onondaga,MANLIUS 12,U.S. Senate,,DEM,Kirsten E. Gillibrand,415
Onondaga,MANLIUS 12,U.S. Senate,,REP,Michael D. Sapraicone,214
Onondaga,MANLIUS 12,U.S. Senate,,CON,Michael D. Sapraicone,22
Onondaga,MANLIUS 12,U.S. Senate,,WOR,Kirsten E. Gillibrand,28
Onondaga,MANLIUS 12,U.S. Senate,,LAR,Diane Sare,3
Onondaga,MANLIUS 12,U.S. Senate,,,Write-in,1
Onondaga,MANLIUS 12,U.S. House,22,DEM,John W. Mannion,421
Onondaga,MANLIUS 12,U.S. House,22,REP,Brandon M. Williams,213
Onondaga,MANLIUS 12,U.S. House,22,CON,Brandon M. Williams,25
Onondaga,MANLIUS 12,U.S. House,22,WOR,John W. Mannion,28
Onondaga,MANLIUS 12,State Senate,50,DEM,Christopher J. Ryan,391
Onondaga,MANLIUS 12,State Senate,50,REP,Nick Paro,228
Onondaga,MANLIUS 12,State Senate,50,CON,Nick Paro,28
Onondaga,MANLIUS 12,State Senate,50,WOR,Christopher J. Ryan,27
Onondaga,MANLIUS 12,State Assembly,127,DEM,"Albert A. Stirpe, Jr.",404
Onondaga,MANLIUS 12,State Assembly,127,REP,Timothy R. Kelly,216
Onondaga,MANLIUS 12,State Assembly,127,CON,Timothy R. Kelly,28
Onondaga,MANLIUS 12,State Assembly,127,WOR,"Albert A. Stirpe, Jr.",29
Onondaga,MANLIUS 13,President,,DEM,Kamala D. Harris,354
Onondaga,MANLIUS 13,President,,REP,Donald J. Trump,164
Onondaga,MANLIUS 13,President,,CON,Donald J. Trump,22
Onondaga,MANLIUS 13,President,,WOR,Kamala D. Harris,9
Onondaga,MANLIUS 13,President,,,Write-in,3
Onondaga,MANLIUS 13,U.S. Senate,,DEM,Kirsten E. Gillibrand,356
Onondaga,MANLIUS 13,U.S. Senate,,REP,Michael D. Sapraicone,156
Onondaga,MANLIUS 13,U.S. Senate,,CON,Michael D. Sapraicone,23
Onondaga,MANLIUS 13,U.S. Senate,,WOR,Kirsten E. Gillibrand,13
Onondaga,MANLIUS 13,U.S. Senate,,LAR,Diane Sare,1
Onondaga,MANLIUS 13,U.S. House,22,DEM,John W. Mannion,353
Onondaga,MANLIUS 13,U.S. House,22,REP,Brandon M. Williams,164
Onondaga,MANLIUS 13,U.S. House,22,CON,Brandon M. Williams,23
Onondaga,MANLIUS 13,U.S. House,22,WOR,John W. Mannion,16
Onondaga,MANLIUS 13,U.S. House,22,,Write-in,1
Onondaga,MANLIUS 13,State Senate,50,DEM,Christopher J. Ryan,340
Onondaga,MANLIUS 13,State Senate,50,REP,Nick Paro,166
Onondaga,MANLIUS 13,State Senate,50,CON,Nick Paro,26
Onondaga,MANLIUS 13,State Senate,50,WOR,Christopher J. Ryan,13
Onondaga,MANLIUS 13,State Assembly,127,DEM,"Albert A. Stirpe, Jr.",348
Onondaga,MANLIUS 13,State Assembly,127,REP,Timothy R. Kelly,158
Onondaga,MANLIUS 13,State Assembly,127,CON,Timothy R. Kelly,27
Onondaga,MANLIUS 13,State Assembly,127,WOR,"Albert A. Stirpe, Jr.",13
Onondaga,MANLIUS 14,President,,DEM,Kamala D. Harris,358
Onondaga,MANLIUS 14,President,,REP,Donald J. Trump,162
Onondaga,MANLIUS 14,President,,CON,Donald J. Trump,21
Onondaga,MANLIUS 14,President,,WOR,Kamala D. Harris,20
Onondaga,MANLIUS 14,President,,,Write-in,3
Onondaga,MANLIUS 14,U.S. Senate,,DEM,Kirsten E. Gillibrand,347
Onondaga,MANLIUS 14,U.S. Senate,,REP,Michael D. Sapraicone,164
Onondaga,MANLIUS 14,U.S. Senate,,CON,Michael D. Sapraicone,23
Onondaga,MANLIUS 14,U.S. Senate,,WOR,Kirsten E. Gillibrand,25
Onondaga,MANLIUS 14,U.S. Senate,,LAR,Diane Sare,6
Onondaga,MANLIUS 14,U.S. House,22,DEM,John W. Mannion,346
Onondaga,MANLIUS 14,U.S. House,22,REP,Brandon M. Williams,168
Onondaga,MANLIUS 14,U.S. House,22,CON,Brandon M. Williams,21
Onondaga,MANLIUS 14,U.S. House,22,WOR,John W. Mannion,30
Onondaga,MANLIUS 14,U.S. House,22,,Write-in,1
Onondaga,MANLIUS 14,State Senate,50,DEM,Christopher J. Ryan,318
Onondaga,MANLIUS 14,State Senate,50,REP,Nick Paro,187
Onondaga,MANLIUS 14,State Senate,50,CON,Nick Paro,25
Onondaga,MANLIUS 14,State Senate,50,WOR,Christopher J. Ryan,27
Onondaga,MANLIUS 14,State Senate,50,,Write-in,1
Onondaga,MANLIUS 14,State Assembly,127,DEM,"Albert A. Stirpe, Jr.",346
Onondaga,MANLIUS 14,State Assembly,127,REP,Timothy R. Kelly,166
Onondaga,MANLIUS 14,State Assembly,127,CON,Timothy R. Kelly,22
Onondaga,MANLIUS 14,State Assembly,127,WOR,"Albert A. Stirpe, Jr.",26
Onondaga,MANLIUS 15,President,,DEM,Kamala D. Harris,280
Onondaga,MANLIUS 15,President,,REP,Donald J. Trump,265
Onondaga,MANLIUS 15,President,,CON,Donald J. Trump,33
Onondaga,MANLIUS 15,President,,WOR,Kamala D. Harris,18
Onondaga,MANLIUS 15,President,,,Write-in,4
Onondaga,MANLIUS 15,U.S. Senate,,DEM,Kirsten E. Gillibrand,281
Onondaga,MANLIUS 15,U.S. Senate,,REP,Michael D. Sapraicone,251
Onondaga,MANLIUS 15,U.S. Senate,,CON,Michael D. Sapraicone,35
Onondaga,MANLIUS 15,U.S. Senate,,WOR,Kirsten E. Gillibrand,28
Onondaga,MANLIUS 15,U.S. Senate,,LAR,Diane Sare,5
Onondaga,MANLIUS 15,U.S. Senate,,,Write-in,1
Onondaga,MANLIUS 15,U.S. House,22,DEM,John W. Mannion,277
Onondaga,MANLIUS 15,U.S. House,22,REP,Brandon M. Williams,257
Onondaga,MANLIUS 15,U.S. House,22,CON,Brandon M. Williams,39
Onondaga,MANLIUS 15,U.S. House,22,WOR,John W. Mannion,29
Onondaga,MANLIUS 15,U.S. House,22,,Write-in,1
Onondaga,MANLIUS 15,State Senate,50,DEM,Christopher J. Ryan,261
Onondaga,MANLIUS 15,State Senate,50,REP,Nick Paro,270
Onondaga,MANLIUS 15,State Senate,50,CON,Nick Paro,43
Onondaga,MANLIUS 15,State Senate,50,WOR,Christopher J. Ryan,24
Onondaga,MANLIUS 15,State Senate,50,,Write-in,1
Onondaga,MANLIUS 15,State Assembly,127,DEM,"Albert A. Stirpe, Jr.",275
Onondaga,MANLIUS 15,State Assembly,127,REP,Timothy R. Kelly,253
Onondaga,MANLIUS 15,State Assembly,127,CON,Timothy R. Kelly,41
Onondaga,MANLIUS 15,State Assembly,127,WOR,"Albert A. Stirpe, Jr.",29
Onondaga,MANLIUS 15,State Assembly,127,,Write-in,1
Onondaga,MANLIUS 16,President,,DEM,Kamala D. Harris,192
Onondaga,MANLIUS 16,President,,REP,Donald J. Trump,164
Onondaga,MANLIUS 16,President,,CON,Donald J. Trump,38
Onondaga,MANLIUS 16,President,,WOR,Kamala D. Harris,13
Onondaga,MANLIUS 16,President,,,Write-in,2
Onondaga,MANLIUS 16,U.S. Senate,,DEM,Kirsten E. Gillibrand,201
Onondaga,MANLIUS 16,U.S. Senate,,REP,Michael D. Sapraicone,142
Onondaga,MANLIUS 16,U.S. Senate,,CON,Michael D. Sapraicone,38
Onondaga,MANLIUS 16,U.S. Senate,,WOR,Kirsten E. Gillibrand,21
Onondaga,MANLIUS 16,U.S. Senate,,LAR,Diane Sare,1
Onondaga,MANLIUS 16,U.S. Senate,,,Write-in,1
Onondaga,MANLIUS 16,U.S. House,22,DEM,John W. Mannion,190
Onondaga,MANLIUS 16,U.S. House,22,REP,Brandon M. Williams,155
Onondaga,MANLIUS 16,U.S. House,22,CON,Brandon M. Williams,39
Onondaga,MANLIUS 16,U.S. House,22,WOR,John W. Mannion,20
Onondaga,MANLIUS 16,U.S. House,22,,Write-in,1
Onondaga,MANLIUS 16,State Senate,50,DEM,Christopher J. Ryan,177
Onondaga,MANLIUS 16,State Senate,50,REP,Nick Paro,162
Onondaga,MANLIUS 16,State Senate,50,CON,Nick Paro,43
Onondaga,MANLIUS 16,State Senate,50,WOR,Christopher J. Ryan,19
Onondaga,MANLIUS 16,State Senate,50,,Write-in,1
Onondaga,MANLIUS 16,State Assembly,127,DEM,"Albert A. Stirpe, Jr.",197
Onondaga,MANLIUS 16,State Assembly,127,REP,Timothy R. Kelly,143
Onondaga,MANLIUS 16,State Assembly,127,CON,Timothy R. Kelly,43
Onondaga,MANLIUS 16,State Assembly,127,WOR,"Albert A. Stirpe, Jr.",21
Onondaga,MANLIUS 16,State Assembly,127,,Write-in,1
Onondaga,MANLIUS 17,President,,DEM,Kamala D. Harris,451
Onondaga,MANLIUS 17,President,,REP,Donald J. Trump,169
Onondaga,MANLIUS 17,President,,CON,Donald J. Trump,26
Onondaga,MANLIUS 17,President,,WOR,Kamala D. Harris,16
Onondaga,MANLIUS 17,President,,,Write-in,4
Onondaga,MANLIUS 17,U.S. Senate,,DEM,Kirsten E. Gillibrand,443
Onondaga,MANLIUS 17,U.S. Senate,,REP,Michael D. Sapraicone,175
Onondaga,MANLIUS 17,U.S. Senate,,CON,Michael D. Sapraicone,28
Onondaga,MANLIUS 17,U.S. Senate,,WOR,Kirsten E. Gillibrand,16
Onondaga,MANLIUS 17,U.S. Senate,,LAR,Diane Sare,2
Onondaga,MANLIUS 17,U.S. House,22,DEM,John W. Mannion,433
Onondaga,MANLIUS 17,U.S. House,22,REP,Brandon M. Williams,189
Onondaga,MANLIUS 17,U.S. House,22,CON,Brandon M. Williams,29
Onondaga,MANLIUS 17,U.S. House,22,WOR,John W. Mannion,18
Onondaga,MANLIUS 17,State Senate,50,DEM,Christopher J. Ryan,419
Onondaga,MANLIUS 17,State Senate,50,REP,Nick Paro,189
Onondaga,MANLIUS 17,State Senate,50,CON,Nick Paro,30
Onondaga,MANLIUS 17,State Senate,50,WOR,Christopher J. Ryan,22
Onondaga,MANLIUS 17,State Assembly,127,DEM,"Albert A. Stirpe, Jr.",422
Onondaga,MANLIUS 17,State Assembly,127,REP,Timothy R. Kelly,188
Onondaga,MANLIUS 17,State Assembly,127,CON,Timothy R. Kelly,30
Onondaga,MANLIUS 17,State Assembly,127,WOR,"Albert A. Stirpe, Jr.",21
Onondaga,MANLIUS 18,President,,DEM,Kamala D. Harris,469
Onondaga,MANLIUS 18,President,,REP,Donald J. Trump,190
Onondaga,MANLIUS 18,President,,CON,Donald J. Trump,21
Onondaga,MANLIUS 18,President,,WOR,Kamala D. Harris,12
Onondaga,MANLIUS 18,President,,,Write-in,3
Onondaga,MANLIUS 18,U.S. Senate,,DEM,Kirsten E. Gillibrand,455
Onondaga,MANLIUS 18,U.S. Senate,,REP,Michael D. Sapraicone,200
Onondaga,MANLIUS 18,U.S. Senate,,CON,Michael D. Sapraicone,24
Onondaga,MANLIUS 18,U.S. Senate,,WOR,Kirsten E. Gillibrand,22
Onondaga,MANLIUS 18,U.S. Senate,,LAR,Diane Sare,5
Onondaga,MANLIUS 18,U.S. Senate,,,Write-in,1
Onondaga,MANLIUS 18,U.S. House,22,DEM,John W. Mannion,455
Onondaga,MANLIUS 18,U.S. House,22,REP,Brandon M. Williams,203
Onondaga,MANLIUS 18,U.S. House,22,CON,Brandon M. Williams,27
Onondaga,MANLIUS 18,U.S. House,22,WOR,John W. Mannion,21
Onondaga,MANLIUS 18,U.S. House,22,,Write-in,2
Onondaga,MANLIUS 18,State Senate,50,DEM,Christopher J. Ryan,426
Onondaga,MANLIUS 18,State Senate,50,REP,Nick Paro,227
Onondaga,MANLIUS 18,State Senate,50,CON,Nick Paro,28
Onondaga,MANLIUS 18,State Senate,50,WOR,Christopher J. Ryan,21
Onondaga,MANLIUS 18,State Senate,50,,Write-in,1
Onondaga,MANLIUS 18,State Assembly,127,DEM,"Albert A. Stirpe, Jr.",440
Onondaga,MANLIUS 18,State Assembly,127,REP,Timothy R. Kelly,214
Onondaga,MANLIUS 18,State Assembly,127,CON,Timothy R. Kelly,26
Onondaga,MANLIUS 18,State Assembly,127,WOR,"Albert A. Stirpe, Jr.",21
Onondaga,MANLIUS 19,President,,DEM,Kamala D. Harris,352
Onondaga,MANLIUS 19,President,,REP,Donald J. Trump,248
Onondaga,MANLIUS 19,President,,CON,Donald J. Trump,49
Onondaga,MANLIUS 19,President,,WOR,Kamala D. Harris,27
Onondaga,MANLIUS 19,President,,,Write-in,3
Onondaga,MANLIUS 19,U.S. Senate,,DEM,Kirsten E. Gillibrand,356
Onondaga,MANLIUS 19,U.S. Senate,,REP,Michael D. Sapraicone,234
Onondaga,MANLIUS 19,U.S. Senate,,CON,Michael D. Sapraicone,51
Onondaga,MANLIUS 19,U.S. Senate,,WOR,Kirsten E. Gillibrand,38
Onondaga,MANLIUS 19,U.S. Senate,,LAR,Diane Sare,1
Onondaga,MANLIUS 19,U.S. Senate,,,Write-in,1
Onondaga,MANLIUS 19,U.S. House,22,DEM,John W. Mannion,350
Onondaga,MANLIUS 19,U.S. House,22,REP,Brandon M. Williams,249
Onondaga,MANLIUS 19,U.S. House,22,CON,Brandon M. Williams,53
Onondaga,MANLIUS 19,U.S. House,22,WOR,John W. Mannion,30
Onondaga,MANLIUS 19,U.S. House,22,,Write-in,1
Onondaga,MANLIUS 19,State Senate,50,DEM,Christopher J. Ryan,328
Onondaga,MANLIUS 19,State Senate,50,REP,Nick Paro,256
Onondaga,MANLIUS 19,State Senate,50,CON,Nick Paro,55
Onondaga,MANLIUS 19,State Senate,50,WOR,Christopher J. Ryan,37
Onondaga,MANLIUS 19,State Assembly,127,DEM,"Albert A. Stirpe, Jr.",343
Onondaga,MANLIUS 19,State Assembly,127,REP,Timothy R. Kelly,243
Onondaga,MANLIUS 19,State Assembly,127,CON,Timothy R. Kelly,56
Onondaga,MANLIUS 19,State Assembly,127,WOR,"Albert A. Stirpe, Jr.",35
Onondaga,MANLIUS 20,President,,DEM,Kamala D. Harris,440
Onondaga,MANLIUS 20,President,,REP,Donald J. Trump,201
Onondaga,MANLIUS 20,President,,CON,Donald J. Trump,30
Onondaga,MANLIUS 20,President,,WOR,Kamala D. Harris,23
Onondaga,MANLIUS 20,President,,,Write-in,3
Onondaga,MANLIUS 20,U.S. Senate,,DEM,Kirsten E. Gillibrand,447
Onondaga,MANLIUS 20,U.S. Senate,,REP,Michael D. Sapraicone,191
Onondaga,MANLIUS 20,U.S. Senate,,CON,Michael D. Sapraicone,32
Onondaga,MANLIUS 20,U.S. Senate,,WOR,Kirsten E. Gillibrand,25
Onondaga,MANLIUS 20,U.S. Senate,,LAR,Diane Sare,1
Onondaga,MANLIUS 20,U.S. House,22,DEM,John W. Mannion,443
Onondaga,MANLIUS 20,U.S. House,22,REP,Brandon M. Williams,200
Onondaga,MANLIUS 20,U.S. House,22,CON,Brandon M. Williams,30
Onondaga,MANLIUS 20,U.S. House,22,WOR,John W. Mannion,23
Onondaga,MANLIUS 20,U.S. House,22,,Write-in,1
Onondaga,MANLIUS 20,State Senate,50,DEM,Christopher J. Ryan,418
Onondaga,MANLIUS 20,State Senate,50,REP,Nick Paro,212
Onondaga,MANLIUS 20,State Senate,50,CON,Nick Paro,32
Onondaga,MANLIUS 20,State Senate,50,WOR,Christopher J. Ryan,27
Onondaga,MANLIUS 20,State Senate,50,,Write-in,2
Onondaga,MANLIUS 20,State Assembly,127,DEM,"Albert A. Stirpe, Jr.",437
Onondaga,MANLIUS 20,State Assembly,127,REP,Timothy R. Kelly,196
Onondaga,MANLIUS 20,State Assembly,127,CON,Timothy R. Kelly,28
Onondaga,MANLIUS 20,State Assembly,127,WOR,"Albert A. Stirpe, Jr.",25
Onondaga,MANLIUS 20,State Assembly,127,,Write-in,1
Onondaga,MANLIUS 21,President,,DEM,Kamala D. Harris,310
Onondaga,MANLIUS 21,President,,REP,Donald J. Trump,144
Onondaga,MANLIUS 21,President,,CON,Donald J. Trump,29
Onondaga,MANLIUS 21,President,,WOR,Kamala D. Harris,26
Onondaga,MANLIUS 21,President,,,Write-in,4
Onondaga,MANLIUS 21,U.S. Senate,,DEM,Kirsten E. Gillibrand,313
Onondaga,MANLIUS 21,U.S. Senate,,REP,Michael D. Sapraicone,135
Onondaga,MANLIUS 21,U.S. Senate,,CON,Michael D. Sapraicone,30
Onondaga,MANLIUS 21,U.S. Senate,,WOR,Kirsten E. Gillibrand,34
Onondaga,MANLIUS 21,U.S. Senate,,LAR,Diane Sare,2
Onondaga,MANLIUS 21,U.S. House,22,DEM,John W. Mannion,313
Onondaga,MANLIUS 21,U.S. House,22,REP,Brandon M. Williams,139
Onondaga,MANLIUS 21,U.S. House,22,CON,Brandon M. Williams,29
Onondaga,MANLIUS 21,U.S. House,22,WOR,John W. Mannion,32
Onondaga,MANLIUS 21,State Senate,50,DEM,Christopher J. Ryan,295
Onondaga,MANLIUS 21,State Senate,50,REP,Nick Paro,152
Onondaga,MANLIUS 21,State Senate,50,CON,Nick Paro,32
Onondaga,MANLIUS 21,State Senate,50,WOR,Christopher J. Ryan,29
Onondaga,MANLIUS 21,State Assembly,127,DEM,"Albert A. Stirpe, Jr.",310
Onondaga,MANLIUS 21,State Assembly,127,REP,Timothy R. Kelly,133
Onondaga,MANLIUS 21,State Assembly,127,CON,Timothy R. Kelly,33
Onondaga,MANLIUS 21,State Assembly,127,WOR,"Albert A. Stirpe, Jr.",35
Onondaga,MANLIUS 22,President,,DEM,Kamala D. Harris,520
Onondaga,MANLIUS 22,President,,REP,Donald J. Trump,196
Onondaga,MANLIUS 22,President,,CON,Donald J. Trump,37
Onondaga,MANLIUS 22,President,,WOR,Kamala D. Harris,11
Onondaga,MANLIUS 22,President,,,Write-in,3
Onondaga,MANLIUS 22,U.S. Senate,,DEM,Kirsten E. Gillibrand,508
Onondaga,MANLIUS 22,U.S. Senate,,REP,Michael D. Sapraicone,187
Onondaga,MANLIUS 22,U.S. Senate,,CON,Michael D. Sapraicone,44
Onondaga,MANLIUS 22,U.S. Senate,,WOR,Kirsten E. Gillibrand,19
Onondaga,MANLIUS 22,U.S. Senate,,LAR,Diane Sare,1
Onondaga,MANLIUS 22,U.S. Senate,,,Write-in,1
Onondaga,MANLIUS 22,U.S. House,22,DEM,John W. Mannion,506
Onondaga,MANLIUS 22,U.S. House,22,REP,Brandon M. Williams,201
Onondaga,MANLIUS 22,U.S. House,22,CON,Brandon M. Williams,41
Onondaga,MANLIUS 22,U.S. House,22,WOR,John W. Mannion,18
Onondaga,MANLIUS 22,State Senate,50,DEM,Christopher J. Ryan,483
Onondaga,MANLIUS 22,State Senate,50,REP,Nick Paro,215
Onondaga,MANLIUS 22,State Senate,50,CON,Nick Paro,41
Onondaga,MANLIUS 22,State Senate,50,WOR,Christopher J. Ryan,17
Onondaga,MANLIUS 22,State Assembly,127,DEM,"Albert A. Stirpe, Jr.",493
Onondaga,MANLIUS 22,State Assembly,127,REP,Timothy R. Kelly,210
Onondaga,MANLIUS 22,State Assembly,127,CON,Timothy R. Kelly,38
Onondaga,MANLIUS 22,State Assembly,127,WOR,"Albert A. Stirpe, Jr.",16
Onondaga,MANLIUS 23,President,,DEM,Kamala D. Harris,420
Onondaga,MANLIUS 23,President,,REP,Donald J. Trump,182
Onondaga,MANLIUS 23,President,,CON,Donald J. Trump,24
Onondaga,MANLIUS 23,President,,WOR,Kamala D. Harris,28
Onondaga,MANLIUS 23,President,,,Write-in,8
Onondaga,MANLIUS 23,U.S. Senate,,DEM,Kirsten E. Gillibrand,410
Onondaga,MANLIUS 23,U.S. Senate,,REP,Michael D. Sapraicone,171
Onondaga,MANLIUS 23,U.S. Senate,,CON,Michael D. Sapraicone,24
Onondaga,MANLIUS 23,U.S. Senate,,WOR,Kirsten E. Gillibrand,42
Onondaga,MANLIUS 23,U.S. Senate,,LAR,Diane Sare,3
Onondaga,MANLIUS 23,U.S. Senate,,,Write-in,1
Onondaga,MANLIUS 23,U.S. House,22,DEM,John W. Mannion,414
Onondaga,MANLIUS 23,U.S. House,22,REP,Brandon M. Williams,182
Onondaga,MANLIUS 23,U.S. House,22,CON,Brandon M. Williams,24
Onondaga,MANLIUS 23,U.S. House,22,WOR,John W. Mannion,34
Onondaga,MANLIUS 23,U.S. House,22,,Write-in,1
Onondaga,MANLIUS 23,State Senate,50,DEM,Christopher J. Ryan,389
Onondaga,MANLIUS 23,State Senate,50,REP,Nick Paro,204
Onondaga,MANLIUS 23,State Senate,50,CON,Nick Paro,27
Onondaga,MANLIUS 23,State Senate,50,WOR,Christopher J. Ryan,32
Onondaga,MANLIUS 23,State Senate,50,,Write-in,1
Onondaga,MANLIUS 23,State Assembly,127,DEM,"Albert A. Stirpe, Jr.",388
Onondaga,MANLIUS 23,State Assembly,127,REP,Timothy R. Kelly,195
Onondaga,MANLIUS 23,State Assembly,127,CON,Timothy R. Kelly,27
Onondaga,MANLIUS 23,State Assembly,127,WOR,"Albert A. Stirpe, Jr.",36
Onondaga,MANLIUS 23,State Assembly,127,,Write-in,1
Onondaga,MANLIUS 24,President,,DEM,Kamala D. Harris,367
Onondaga,MANLIUS 24,President,,REP,Donald J. Trump,274
Onondaga,MANLIUS 24,President,,CON,Donald J. Trump,34
Onondaga,MANLIUS 24,President,,WOR,Kamala D. Harris,25
Onondaga,MANLIUS 24,President,,,Write-in,4
Onondaga,MANLIUS 24,U.S. Senate,,DEM,Kirsten E. Gillibrand,358
Onondaga,MANLIUS 24,U.S. Senate,,REP,Michael D. Sapraicone,264
Onondaga,MANLIUS 24,U.S. Senate,,CON,Michael D. Sapraicone,31
Onondaga,MANLIUS 24,U.S. Senate,,WOR,Kirsten E. Gillibrand,39
Onondaga,MANLIUS 24,U.S. Senate,,LAR,Diane Sare,2
Onondaga,MANLIUS 24,U.S. Senate,,,Write-in,1
Onondaga,MANLIUS 24,U.S. House,22,DEM,John W. Mannion,364
Onondaga,MANLIUS 24,U.S. House,22,REP,Brandon M. Williams,271
Onondaga,MANLIUS 24,U.S. House,22,CON,Brandon M. Williams,33
Onondaga,MANLIUS 24,U.S. House,22,WOR,John W. Mannion,39
Onondaga,MANLIUS 24,State Senate,50,DEM,Christopher J. Ryan,343
Onondaga,MANLIUS 24,State Senate,50,REP,Nick Paro,291
Onondaga,MANLIUS 24,State Senate,50,CON,Nick Paro,39
Onondaga,MANLIUS 24,State Senate,50,WOR,Christopher J. Ryan,27
Onondaga,MANLIUS 24,State Assembly,127,DEM,"Albert A. Stirpe, Jr.",371
Onondaga,MANLIUS 24,State Assembly,127,REP,Timothy R. Kelly,254
Onondaga,MANLIUS 24,State Assembly,127,CON,Timothy R. Kelly,32
Onondaga,MANLIUS 24,State Assembly,127,WOR,"Albert A. Stirpe, Jr.",36
Onondaga,MANLIUS 25,President,,DEM,Kamala D. Harris,524
Onondaga,MANLIUS 25,President,,REP,Donald J. Trump,238
Onondaga,MANLIUS 25,President,,CON,Donald J. Trump,45
Onondaga,MANLIUS 25,President,,WOR,Kamala D. Harris,35
Onondaga,MANLIUS 25,President,,,Write-in,3
Onondaga,MANLIUS 25,U.S. Senate,,DEM,Kirsten E. Gillibrand,502
Onondaga,MANLIUS 25,U.S. Senate,,REP,Michael D. Sapraicone,238
Onondaga,MANLIUS 25,U.S. Senate,,CON,Michael D. Sapraicone,61
Onondaga,MANLIUS 25,U.S. Senate,,WOR,Kirsten E. Gillibrand,42
Onondaga,MANLIUS 25,U.S. Senate,,LAR,Diane Sare,5
Onondaga,MANLIUS 25,U.S. House,22,DEM,John W. Mannion,506
Onondaga,MANLIUS 25,U.S. House,22,REP,Brandon M. Williams,238
Onondaga,MANLIUS 25,U.S. House,22,CON,Brandon M. Williams,58
Onondaga,MANLIUS 25,U.S. House,22,WOR,John W. Mannion,48
Onondaga,MANLIUS 25,State Senate,50,DEM,Christopher J. Ryan,468
Onondaga,MANLIUS 25,State Senate,50,REP,Nick Paro,270
Onondaga,MANLIUS 25,State Senate,50,CON,Nick Paro,62
Onondaga,MANLIUS 25,State Senate,50,WOR,Christopher J. Ryan,39
Onondaga,MANLIUS 25,State Assembly,127,DEM,"Albert A. Stirpe, Jr.",489
Onondaga,MANLIUS 25,State Assembly,127,REP,Timothy R. Kelly,248
Onondaga,MANLIUS 25,State Assembly,127,CON,Timothy R. Kelly,63
Onondaga,MANLIUS 25,State Assembly,127,WOR,"Albert A. Stirpe, Jr.",39
Onondaga,MANLIUS 26,President,,DEM,Kamala D. Harris,447
Onondaga,MANLIUS 26,President,,REP,Donald J. Trump,238
Onondaga,MANLIUS 26,President,,CON,Donald J. Trump,26
Onondaga,MANLIUS 26,President,,WOR,Kamala D. Harris,22
Onondaga,MANLIUS 26,President,,,Write-in,7
Onondaga,MANLIUS 26,U.S. Senate,,DEM,Kirsten E. Gillibrand,443
Onondaga,MANLIUS 26,U.S. Senate,,REP,Michael D. Sapraicone,243
Onondaga,MANLIUS 26,U.S. Senate,,CON,Michael D. Sapraicone,29
Onondaga,MANLIUS 26,U.S. Senate,,WOR,Kirsten E. Gillibrand,27
Onondaga,MANLIUS 26,U.S. Senate,,LAR,Diane Sare,5
Onondaga,MANLIUS 26,U.S. House,22,DEM,John W. Mannion,446
Onondaga,MANLIUS 26,U.S. House,22,REP,Brandon M. Williams,249
Onondaga,MANLIUS 26,U.S. House,22,CON,Brandon M. Williams,31
Onondaga,MANLIUS 26,U.S. House,22,WOR,John W. Mannion,22
Onondaga,MANLIUS 26,State Senate,50,DEM,Christopher J. Ryan,406
Onondaga,MANLIUS 26,State Senate,50,REP,Nick Paro,269
Onondaga,MANLIUS 26,State Senate,50,CON,Nick Paro,31
Onondaga,MANLIUS 26,State Senate,50,WOR,Christopher J. Ryan,27
Onondaga,MANLIUS 26,State Assembly,127,DEM,"Albert A. Stirpe, Jr.",427
Onondaga,MANLIUS 26,State Assembly,127,REP,Timothy R. Kelly,262
Onondaga,MANLIUS 26,State Assembly,127,CON,Timothy R. Kelly,27
Onondaga,MANLIUS 26,State Assembly,127,WOR,"Albert A. Stirpe, Jr.",27
Onondaga,MANLIUS 27,President,,DEM,Kamala D. Harris,391
Onondaga,MANLIUS 27,President,,REP,Donald J. Trump,176
Onondaga,MANLIUS 27,President,,CON,Donald J. Trump,31
Onondaga,MANLIUS 27,President,,WOR,Kamala D. Harris,16
Onondaga,MANLIUS 27,President,,,Write-in,4
Onondaga,MANLIUS 27,U.S. Senate,,DEM,Kirsten E. Gillibrand,389
Onondaga,MANLIUS 27,U.S. Senate,,REP,Michael D. Sapraicone,174
Onondaga,MANLIUS 27,U.S. Senate,,CON,Michael D. Sapraicone,32
Onondaga,MANLIUS 27,U.S. Senate,,WOR,Kirsten E. Gillibrand,19
Onondaga,MANLIUS 27,U.S. Senate,,LAR,Diane Sare,4
Onondaga,MANLIUS 27,U.S. Senate,,,Write-in,1
Onondaga,MANLIUS 27,U.S. House,22,DEM,John W. Mannion,391
Onondaga,MANLIUS 27,U.S. House,22,REP,Brandon M. Williams,176
Onondaga,MANLIUS 27,U.S. House,22,CON,Brandon M. Williams,34
Onondaga,MANLIUS 27,U.S. House,22,WOR,John W. Mannion,21
Onondaga,MANLIUS 27,U.S. House,22,,Write-in,1
Onondaga,MANLIUS 27,State Senate,50,DEM,Christopher J. Ryan,369
Onondaga,MANLIUS 27,State Senate,50,REP,Nick Paro,189
Onondaga,MANLIUS 27,State Senate,50,CON,Nick Paro,37
Onondaga,MANLIUS 27,State Senate,50,WOR,Christopher J. Ryan,19
Onondaga,MANLIUS 27,State Assembly,127,DEM,"Albert A. Stirpe, Jr.",393
Onondaga,MANLIUS 27,State Assembly,127,REP,Timothy R. Kelly,163
Onondaga,MANLIUS 27,State Assembly,127,CON,Timothy R. Kelly,33
Onondaga,MANLIUS 27,State Assembly,127,WOR,"Albert A. Stirpe, Jr.",24
Onondaga,MANLIUS 28,President,,DEM,Kamala D. Harris,263
Onondaga,MANLIUS 28,President,,REP,Donald J. Trump,180
Onondaga,MANLIUS 28,President,,CON,Donald J. Trump,24
Onondaga,MANLIUS 28,President,,WOR,Kamala D. Harris,9
Onondaga,MANLIUS 28,President,,,Write-in,2
Onondaga,MANLIUS 28,U.S. Senate,,DEM,Kirsten E. Gillibrand,259
Onondaga,MANLIUS 28,U.S. Senate,,REP,Michael D. Sapraicone,167
Onondaga,MANLIUS 28,U.S. Senate,,CON,Michael D. Sapraicone,31
Onondaga,MANLIUS 28,U.S. Senate,,WOR,Kirsten E. Gillibrand,20
Onondaga,MANLIUS 28,U.S. Senate,,LAR,Diane Sare,3
Onondaga,MANLIUS 28,U.S. House,22,DEM,John W. Mannion,260
Onondaga,MANLIUS 28,U.S. House,22,REP,Brandon M. Williams,174
Onondaga,MANLIUS 28,U.S. House,22,CON,Brandon M. Williams,32
Onondaga,MANLIUS 28,U.S. House,22,WOR,John W. Mannion,17
Onondaga,MANLIUS 28,State Senate,50,DEM,Christopher J. Ryan,240
Onondaga,MANLIUS 28,State Senate,50,REP,Nick Paro,179
Onondaga,MANLIUS 28,State Senate,50,CON,Nick Paro,36
Onondaga,MANLIUS 28,State Senate,50,WOR,Christopher J. Ryan,16
Onondaga,MANLIUS 28,State Senate,50,,Write-in,1
Onondaga,MANLIUS 28,State Assembly,127,DEM,"Albert A. Stirpe, Jr.",250
Onondaga,MANLIUS 28,State Assembly,127,REP,Timothy R. Kelly,177
Onondaga,MANLIUS 28,State Assembly,127,CON,Timothy R. Kelly,33
Onondaga,MANLIUS 28,State Assembly,127,WOR,"Albert A. Stirpe, Jr.",19
Onondaga,MANLIUS 29,President,,DEM,Kamala D. Harris,243
Onondaga,MANLIUS 29,President,,REP,Donald J. Trump,134
Onondaga,MANLIUS 29,President,,CON,Donald J. Trump,18
Onondaga,MANLIUS 29,President,,WOR,Kamala D. Harris,12
Onondaga,MANLIUS 29,President,,,Write-in,5
Onondaga,MANLIUS 29,U.S. Senate,,DEM,Kirsten E. Gillibrand,237
Onondaga,MANLIUS 29,U.S. Senate,,REP,Michael D. Sapraicone,136
Onondaga,MANLIUS 29,U.S. Senate,,CON,Michael D. Sapraicone,19
Onondaga,MANLIUS 29,U.S. Senate,,WOR,Kirsten E. Gillibrand,14
Onondaga,MANLIUS 29,U.S. Senate,,LAR,Diane Sare,1
Onondaga,MANLIUS 29,U.S. Senate,,,Write-in,1
Onondaga,MANLIUS 29,U.S. House,22,DEM,John W. Mannion,242
Onondaga,MANLIUS 29,U.S. House,22,REP,Brandon M. Williams,132
Onondaga,MANLIUS 29,U.S. House,22,CON,Brandon M. Williams,17
Onondaga,MANLIUS 29,U.S. House,22,WOR,John W. Mannion,18
Onondaga,MANLIUS 29,U.S. House,22,,Write-in,1
Onondaga,MANLIUS 29,State Senate,50,DEM,Christopher J. Ryan,224
Onondaga,MANLIUS 29,State Senate,50,REP,Nick Paro,147
Onondaga,MANLIUS 29,State Senate,50,CON,Nick Paro,22
Onondaga,MANLIUS 29,State Senate,50,WOR,Christopher J. Ryan,15
Onondaga,MANLIUS 29,State Assembly,127,DEM,"Albert A. Stirpe, Jr.",236
Onondaga,MANLIUS 29,State Assembly,127,REP,Timothy R. Kelly,141
Onondaga,MANLIUS 29,State Assembly,127,CON,Timothy R. Kelly,18
Onondaga,MANLIUS 29,State Assembly,127,WOR,"Albert A. Stirpe, Jr.",15
Onondaga,MANLIUS 30,President,,DEM,Kamala D. Harris,317
Onondaga,MANLIUS 30,President,,REP,Donald J. Trump,221
Onondaga,MANLIUS 30,President,,CON,Donald J. Trump,30
Onondaga,MANLIUS 30,President,,WOR,Kamala D. Harris,13
Onondaga,MANLIUS 30,President,,,Write-in,5
Onondaga,MANLIUS 30,U.S. Senate,,DEM,Kirsten E. Gillibrand,312
Onondaga,MANLIUS 30,U.S. Senate,,REP,Michael D. Sapraicone,214
Onondaga,MANLIUS 30,U.S. Senate,,CON,Michael D. Sapraicone,32
Onondaga,MANLIUS 30,U.S. Senate,,WOR,Kirsten E. Gillibrand,20
Onondaga,MANLIUS 30,U.S. Senate,,LAR,Diane Sare,3
Onondaga,MANLIUS 30,U.S. House,22,DEM,John W. Mannion,310
Onondaga,MANLIUS 30,U.S. House,22,REP,Brandon M. Williams,221
Onondaga,MANLIUS 30,U.S. House,22,CON,Brandon M. Williams,35
Onondaga,MANLIUS 30,U.S. House,22,WOR,John W. Mannion,18
Onondaga,MANLIUS 30,State Senate,50,DEM,Christopher J. Ryan,288
Onondaga,MANLIUS 30,State Senate,50,REP,Nick Paro,232
Onondaga,MANLIUS 30,State Senate,50,CON,Nick Paro,37
Onondaga,MANLIUS 30,State Senate,50,WOR,Christopher J. Ryan,19
Onondaga,MANLIUS 30,State Assembly,127,DEM,"Albert A. Stirpe, Jr.",307
Onondaga,MANLIUS 30,State Assembly,127,REP,Timothy R. Kelly,215
Onondaga,MANLIUS 30,State Assembly,127,CON,Timothy R. Kelly,34
Onondaga,MANLIUS 30,State Assembly,127,WOR,"Albert A. Stirpe, Jr.",18
Onondaga,MANLIUS 31,President,,DEM,Kamala D. Harris,600
Onondaga,MANLIUS 31,President,,REP,Donald J. Trump,241
Onondaga,MANLIUS 31,President,,CON,Donald J. Trump,35
Onondaga,MANLIUS 31,President,,WOR,Kamala D. Harris,28
Onondaga,MANLIUS 31,President,,,Write-in,10
Onondaga,MANLIUS 31,U.S. Senate,,DEM,Kirsten E. Gillibrand,586
Onondaga,MANLIUS 31,U.S. Senate,,REP,Michael D. Sapraicone,247
Onondaga,MANLIUS 31,U.S. Senate,,CON,Michael D. Sapraicone,38
Onondaga,MANLIUS 31,U.S. Senate,,WOR,Kirsten E. Gillibrand,38
Onondaga,MANLIUS 31,U.S. Senate,,LAR,Diane Sare,4
Onondaga,MANLIUS 31,U.S. Senate,,,Write-in,1
Onondaga,MANLIUS 31,U.S. House,22,DEM,John W. Mannion,579
Onondaga,MANLIUS 31,U.S. House,22,REP,Brandon M. Williams,265
Onondaga,MANLIUS 31,U.S. House,22,CON,Brandon M. Williams,41
Onondaga,MANLIUS 31,U.S. House,22,WOR,John W. Mannion,33
Onondaga,MANLIUS 31,State Senate,50,DEM,Christopher J. Ryan,552
Onondaga,MANLIUS 31,State Senate,50,REP,Nick Paro,271
Onondaga,MANLIUS 31,State Senate,50,CON,Nick Paro,40
Onondaga,MANLIUS 31,State Senate,50,WOR,Christopher J. Ryan,36
Onondaga,MANLIUS 31,State Assembly,127,DEM,"Albert A. Stirpe, Jr.",581
Onondaga,MANLIUS 31,State Assembly,127,REP,Timothy R. Kelly,249
Onondaga,MANLIUS 31,State Assembly,127,CON,Timothy R. Kelly,42
Onondaga,MANLIUS 31,State Assembly,127,WOR,"Albert A. Stirpe, Jr.",34
Onondaga,MANLIUS 32,President,,DEM,Kamala D. Harris,269
Onondaga,MANLIUS 32,President,,REP,Donald J. Trump,145
Onondaga,MANLIUS 32,President,,CON,Donald J. Trump,9
Onondaga,MANLIUS 32,President,,WOR,Kamala D. Harris,12
Onondaga,MANLIUS 32,President,,,Write-in,5
Onondaga,MANLIUS 32,U.S. Senate,,DEM,Kirsten E. Gillibrand,268
Onondaga,MANLIUS 32,U.S. Senate,,REP,Michael D. Sapraicone,140
Onondaga,MANLIUS 32,U.S. Senate,,CON,Michael D. Sapraicone,9
Onondaga,MANLIUS 32,U.S. Senate,,WOR,Kirsten E. Gillibrand,17
Onondaga,MANLIUS 32,U.S. Senate,,LAR,Diane Sare,3
Onondaga,MANLIUS 32,U.S. Senate,,,Write-in,2
Onondaga,MANLIUS 32,U.S. House,22,DEM,John W. Mannion,260
Onondaga,MANLIUS 32,U.S. House,22,REP,Brandon M. Williams,144
Onondaga,MANLIUS 32,U.S. House,22,CON,Brandon M. Williams,11
Onondaga,MANLIUS 32,U.S. House,22,WOR,John W. Mannion,22
Onondaga,MANLIUS 32,U.S. House,22,,Write-in,3
Onondaga,MANLIUS 32,State Senate,50,DEM,Christopher J. Ryan,249
Onondaga,MANLIUS 32,State Senate,50,REP,Nick Paro,155
Onondaga,MANLIUS 32,State Senate,50,CON,Nick Paro,14
Onondaga,MANLIUS 32,State Senate,50,WOR,Christopher J. Ryan,20
Onondaga,MANLIUS 32,State Assembly,127,DEM,"Albert A. Stirpe, Jr.",262
Onondaga,MANLIUS 32,State Assembly,127,REP,Timothy R. Kelly,148
Onondaga,MANLIUS 32,State Assembly,127,CON,Timothy R. Kelly,9
Onondaga,MANLIUS 32,State Assembly,127,WOR,"Albert A. Stirpe, Jr.",21
Onondaga,MANLIUS 33,President,,DEM,Kamala D. Harris,375
Onondaga,MANLIUS 33,President,,REP,Donald J. Trump,255
Onondaga,MANLIUS 33,President,,CON,Donald J. Trump,26
Onondaga,MANLIUS 33,President,,WOR,Kamala D. Harris,10
Onondaga,MANLIUS 33,President,,,Write-in,10
Onondaga,MANLIUS 33,U.S. Senate,,DEM,Kirsten E. Gillibrand,369
Onondaga,MANLIUS 33,U.S. Senate,,REP,Michael D. Sapraicone,253
Onondaga,MANLIUS 33,U.S. Senate,,CON,Michael D. Sapraicone,32
Onondaga,MANLIUS 33,U.S. Senate,,WOR,Kirsten E. Gillibrand,15
Onondaga,MANLIUS 33,U.S. Senate,,LAR,Diane Sare,4
Onondaga,MANLIUS 33,U.S. House,22,DEM,John W. Mannion,374
Onondaga,MANLIUS 33,U.S. House,22,REP,Brandon M. Williams,262
Onondaga,MANLIUS 33,U.S. House,22,CON,Brandon M. Williams,27
Onondaga,MANLIUS 33,U.S. House,22,WOR,John W. Mannion,14
Onondaga,MANLIUS 33,State Senate,50,DEM,Christopher J. Ryan,341
Onondaga,MANLIUS 33,State Senate,50,REP,Nick Paro,281
Onondaga,MANLIUS 33,State Senate,50,CON,Nick Paro,31
Onondaga,MANLIUS 33,State Senate,50,WOR,Christopher J. Ryan,15
Onondaga,MANLIUS 33,State Assembly,127,DEM,"Albert A. Stirpe, Jr.",349
Onondaga,MANLIUS 33,State Assembly,127,REP,Timothy R. Kelly,269
Onondaga,MANLIUS 33,State Assembly,127,CON,Timothy R. Kelly,33
Onondaga,MANLIUS 33,State Assembly,127,WOR,"Albert A. Stirpe, Jr.",20
Onondaga,MANLIUS 33,State Assembly,127,,Write-in,1
Onondaga,MARCELLUS 1,President,,DEM,Kamala D. Harris,318
Onondaga,MARCELLUS 1,President,,REP,Donald J. Trump,256
Onondaga,MARCELLUS 1,President,,CON,Donald J. Trump,43
Onondaga,MARCELLUS 1,President,,WOR,Kamala D. Harris,14
Onondaga,MARCELLUS 1,President,,,Write-in,2
Onondaga,MARCELLUS 1,U.S. Senate,,DEM,Kirsten E. Gillibrand,314
Onondaga,MARCELLUS 1,U.S. Senate,,REP,Michael D. Sapraicone,243
Onondaga,MARCELLUS 1,U.S. Senate,,CON,Michael D. Sapraicone,42
Onondaga,MARCELLUS 1,U.S. Senate,,WOR,Kirsten E. Gillibrand,20
Onondaga,MARCELLUS 1,U.S. Senate,,LAR,Diane Sare,1
Onondaga,MARCELLUS 1,U.S. House,22,DEM,John W. Mannion,303
Onondaga,MARCELLUS 1,U.S. House,22,REP,Brandon M. Williams,251
Onondaga,MARCELLUS 1,U.S. House,22,CON,Brandon M. Williams,49
Onondaga,MARCELLUS 1,U.S. House,22,WOR,John W. Mannion,19
Onondaga,MARCELLUS 1,State Senate,48,DEM,Rachel May,297
Onondaga,MARCELLUS 1,State Senate,48,REP,Caleb C. Slater,285
Onondaga,MARCELLUS 1,State Senate,48,WOR,Rachel May,19
Onondaga,MARCELLUS 1,State Assembly,126,DEM,Ian Phillips,271
Onondaga,MARCELLUS 1,State Assembly,126,REP,John Lemondes Jr.,271
Onondaga,MARCELLUS 1,State Assembly,126,CON,John Lemondes Jr.,50
Onondaga,MARCELLUS 1,State Assembly,126,WOR,Ian Phillips,17
Onondaga,MARCELLUS 2,President,,DEM,Kamala D. Harris,319
Onondaga,MARCELLUS 2,President,,REP,Donald J. Trump,385
Onondaga,MARCELLUS 2,President,,CON,Donald J. Trump,69
Onondaga,MARCELLUS 2,President,,WOR,Kamala D. Harris,21
Onondaga,MARCELLUS 2,President,,,Write-in,5
Onondaga,MARCELLUS 2,U.S. Senate,,DEM,Kirsten E. Gillibrand,301
Onondaga,MARCELLUS 2,U.S. Senate,,REP,Michael D. Sapraicone,366
Onondaga,MARCELLUS 2,U.S. Senate,,CON,Michael D. Sapraicone,75
Onondaga,MARCELLUS 2,U.S. Senate,,WOR,Kirsten E. Gillibrand,45
Onondaga,MARCELLUS 2,U.S. Senate,,LAR,Diane Sare,2
Onondaga,MARCELLUS 2,U.S. House,22,DEM,John W. Mannion,310
Onondaga,MARCELLUS 2,U.S. House,22,REP,Brandon M. Williams,382
Onondaga,MARCELLUS 2,U.S. House,22,CON,Brandon M. Williams,75
Onondaga,MARCELLUS 2,U.S. House,22,WOR,John W. Mannion,29
Onondaga,MARCELLUS 2,State Senate,48,DEM,Rachel May,283
Onondaga,MARCELLUS 2,State Senate,48,REP,Caleb C. Slater,454
Onondaga,MARCELLUS 2,State Senate,48,WOR,Rachel May,37
Onondaga,MARCELLUS 2,State Assembly,126,DEM,Ian Phillips,257
Onondaga,MARCELLUS 2,State Assembly,126,REP,John Lemondes Jr.,410
Onondaga,MARCELLUS 2,State Assembly,126,CON,John Lemondes Jr.,81
Onondaga,MARCELLUS 2,State Assembly,126,WOR,Ian Phillips,31
Onondaga,MARCELLUS 3,President,,DEM,Kamala D. Harris,299
Onondaga,MARCELLUS 3,President,,REP,Donald J. Trump,171
Onondaga,MARCELLUS 3,President,,CON,Donald J. Trump,27
Onondaga,MARCELLUS 3,President,,WOR,Kamala D. Harris,18
Onondaga,MARCELLUS 3,President,,,Write-in,1
Onondaga,MARCELLUS 3,U.S. Senate,,DEM,Kirsten E. Gillibrand,289
Onondaga,MARCELLUS 3,U.S. Senate,,REP,Michael D. Sapraicone,170
Onondaga,MARCELLUS 3,U.S. Senate,,CON,Michael D. Sapraicone,29
Onondaga,MARCELLUS 3,U.S. Senate,,WOR,Kirsten E. Gillibrand,24
Onondaga,MARCELLUS 3,U.S. Senate,,LAR,Diane Sare,1
Onondaga,MARCELLUS 3,U.S. Senate,,,Write-in,1
Onondaga,MARCELLUS 3,U.S. House,22,DEM,John W. Mannion,295
Onondaga,MARCELLUS 3,U.S. House,22,REP,Brandon M. Williams,170
Onondaga,MARCELLUS 3,U.S. House,22,CON,Brandon M. Williams,26
Onondaga,MARCELLUS 3,U.S. House,22,WOR,John W. Mannion,23
Onondaga,MARCELLUS 3,U.S. House,22,,Write-in,1
Onondaga,MARCELLUS 3,State Senate,48,DEM,Rachel May,293
Onondaga,MARCELLUS 3,State Senate,48,REP,Caleb C. Slater,188
Onondaga,MARCELLUS 3,State Senate,48,WOR,Rachel May,21
Onondaga,MARCELLUS 3,State Senate,48,,Write-in,1
Onondaga,MARCELLUS 3,State Assembly,126,DEM,Ian Phillips,263
Onondaga,MARCELLUS 3,State Assembly,126,REP,John Lemondes Jr.,199
Onondaga,MARCELLUS 3,State Assembly,126,CON,John Lemondes Jr.,26
Onondaga,MARCELLUS 3,State Assembly,126,WOR,Ian Phillips,19
Onondaga,MARCELLUS 3,State Assembly,126,,Write-in,1
Onondaga,MARCELLUS 4,President,,DEM,Kamala D. Harris,297
Onondaga,MARCELLUS 4,President,,REP,Donald J. Trump,168
Onondaga,MARCELLUS 4,President,,CON,Donald J. Trump,43
Onondaga,MARCELLUS 4,President,,WOR,Kamala D. Harris,17
Onondaga,MARCELLUS 4,President,,,Write-in,3
Onondaga,MARCELLUS 4,U.S. Senate,,DEM,Kirsten E. Gillibrand,289
Onondaga,MARCELLUS 4,U.S. Senate,,REP,Michael D. Sapraicone,155
Onondaga,MARCELLUS 4,U.S. Senate,,CON,Michael D. Sapraicone,45
Onondaga,MARCELLUS 4,U.S. Senate,,WOR,Kirsten E. Gillibrand,27
Onondaga,MARCELLUS 4,U.S. Senate,,LAR,Diane Sare,2
Onondaga,MARCELLUS 4,U.S. Senate,,,Write-in,2
Onondaga,MARCELLUS 4,U.S. House,22,DEM,John W. Mannion,302
Onondaga,MARCELLUS 4,U.S. House,22,REP,Brandon M. Williams,154
Onondaga,MARCELLUS 4,U.S. House,22,CON,Brandon M. Williams,42
Onondaga,MARCELLUS 4,U.S. House,22,WOR,John W. Mannion,29
Onondaga,MARCELLUS 4,U.S. House,22,,Write-in,1
Onondaga,MARCELLUS 4,State Senate,48,DEM,Rachel May,289
Onondaga,MARCELLUS 4,State Senate,48,REP,Caleb C. Slater,200
Onondaga,MARCELLUS 4,State Senate,48,WOR,Rachel May,28
Onondaga,MARCELLUS 4,State Senate,48,,Write-in,3
Onondaga,MARCELLUS 4,State Assembly,126,DEM,Ian Phillips,266
Onondaga,MARCELLUS 4,State Assembly,126,REP,John Lemondes Jr.,186
Onondaga,MARCELLUS 4,State Assembly,126,CON,John Lemondes Jr.,44
Onondaga,MARCELLUS 4,State Assembly,126,WOR,Ian Phillips,23
Onondaga,MARCELLUS 5,President,,DEM,Kamala D. Harris,347
Onondaga,MARCELLUS 5,President,,REP,Donald J. Trump,370
Onondaga,MARCELLUS 5,President,,CON,Donald J. Trump,34
Onondaga,MARCELLUS 5,President,,WOR,Kamala D. Harris,28
Onondaga,MARCELLUS 5,President,,,Write-in,1
Onondaga,MARCELLUS 5,U.S. Senate,,DEM,Kirsten E. Gillibrand,355
Onondaga,MARCELLUS 5,U.S. Senate,,REP,Michael D. Sapraicone,339
Onondaga,MARCELLUS 5,U.S. Senate,,CON,Michael D. Sapraicone,42
Onondaga,MARCELLUS 5,U.S. Senate,,WOR,Kirsten E. Gillibrand,35
Onondaga,MARCELLUS 5,U.S. Senate,,LAR,Diane Sare,1
Onondaga,MARCELLUS 5,U.S. Senate,,,Write-in,1
Onondaga,MARCELLUS 5,U.S. House,22,DEM,John W. Mannion,355
Onondaga,MARCELLUS 5,U.S. House,22,REP,Brandon M. Williams,345
Onondaga,MARCELLUS 5,U.S. House,22,CON,Brandon M. Williams,46
Onondaga,MARCELLUS 5,U.S. House,22,WOR,John W. Mannion,29
Onondaga,MARCELLUS 5,U.S. House,22,,Write-in,2
Onondaga,MARCELLUS 5,State Senate,48,DEM,Rachel May,337
Onondaga,MARCELLUS 5,State Senate,48,REP,Caleb C. Slater,388
Onondaga,MARCELLUS 5,State Senate,48,WOR,Rachel May,32
Onondaga,MARCELLUS 5,State Senate,48,,Write-in,1
Onondaga,MARCELLUS 5,State Assembly,126,DEM,Ian Phillips,284
Onondaga,MARCELLUS 5,State Assembly,126,REP,John Lemondes Jr.,391
Onondaga,MARCELLUS 5,State Assembly,126,CON,John Lemondes Jr.,50
Onondaga,MARCELLUS 5,State Assembly,126,WOR,Ian Phillips,28
Onondaga,MARCELLUS 6,President,,DEM,Kamala D. Harris,342
Onondaga,MARCELLUS 6,President,,REP,Donald J. Trump,261
Onondaga,MARCELLUS 6,President,,CON,Donald J. Trump,36
Onondaga,MARCELLUS 6,President,,WOR,Kamala D. Harris,18
Onondaga,MARCELLUS 6,President,,,Write-in,3
Onondaga,MARCELLUS 6,U.S. Senate,,DEM,Kirsten E. Gillibrand,344
Onondaga,MARCELLUS 6,U.S. Senate,,REP,Michael D. Sapraicone,237
Onondaga,MARCELLUS 6,U.S. Senate,,CON,Michael D. Sapraicone,46
Onondaga,MARCELLUS 6,U.S. Senate,,WOR,Kirsten E. Gillibrand,23
Onondaga,MARCELLUS 6,U.S. House,22,DEM,John W. Mannion,344
Onondaga,MARCELLUS 6,U.S. House,22,REP,Brandon M. Williams,244
Onondaga,MARCELLUS 6,U.S. House,22,CON,Brandon M. Williams,43
Onondaga,MARCELLUS 6,U.S. House,22,WOR,John W. Mannion,25
Onondaga,MARCELLUS 6,State Senate,48,DEM,Rachel May,325
Onondaga,MARCELLUS 6,State Senate,48,REP,Caleb C. Slater,296
Onondaga,MARCELLUS 6,State Senate,48,WOR,Rachel May,25
Onondaga,MARCELLUS 6,State Senate,48,,Write-in,1
Onondaga,MARCELLUS 6,State Assembly,126,DEM,Ian Phillips,296
Onondaga,MARCELLUS 6,State Assembly,126,REP,John Lemondes Jr.,278
Onondaga,MARCELLUS 6,State Assembly,126,CON,John Lemondes Jr.,49
Onondaga,MARCELLUS 6,State Assembly,126,WOR,Ian Phillips,23
Onondaga,ONONDAGA 1,President,,DEM,Kamala D. Harris,301
Onondaga,ONONDAGA 1,President,,REP,Donald J. Trump,350
Onondaga,ONONDAGA 1,President,,CON,Donald J. Trump,55
Onondaga,ONONDAGA 1,President,,WOR,Kamala D. Harris,27
Onondaga,ONONDAGA 1,President,,,Write-in,6
Onondaga,ONONDAGA 1,U.S. Senate,,DEM,Kirsten E. Gillibrand,303
Onondaga,ONONDAGA 1,U.S. Senate,,REP,Michael D. Sapraicone,330
Onondaga,ONONDAGA 1,U.S. Senate,,CON,Michael D. Sapraicone,55
Onondaga,ONONDAGA 1,U.S. Senate,,WOR,Kirsten E. Gillibrand,39
Onondaga,ONONDAGA 1,U.S. Senate,,LAR,Diane Sare,3
Onondaga,ONONDAGA 1,U.S. House,22,DEM,John W. Mannion,296
Onondaga,ONONDAGA 1,U.S. House,22,REP,Brandon M. Williams,340
Onondaga,ONONDAGA 1,U.S. House,22,CON,Brandon M. Williams,63
Onondaga,ONONDAGA 1,U.S. House,22,WOR,John W. Mannion,38
Onondaga,ONONDAGA 1,State Senate,48,DEM,Rachel May,285
Onondaga,ONONDAGA 1,State Senate,48,REP,Caleb C. Slater,384
Onondaga,ONONDAGA 1,State Senate,48,WOR,Rachel May,45
Onondaga,ONONDAGA 1,State Senate,48,,Write-in,2
Onondaga,ONONDAGA 1,State Assembly,128,DEM,Pamela Jo Hunter,272
Onondaga,ONONDAGA 1,State Assembly,128,REP,Daniel A. Ciciarelli,355
Onondaga,ONONDAGA 1,State Assembly,128,CON,Daniel A. Ciciarelli,58
Onondaga,ONONDAGA 1,State Assembly,128,WOR,Pamela Jo Hunter,44
Onondaga,ONONDAGA 2,President,,DEM,Kamala D. Harris,417
Onondaga,ONONDAGA 2,President,,REP,Donald J. Trump,390
Onondaga,ONONDAGA 2,President,,CON,Donald J. Trump,38
Onondaga,ONONDAGA 2,President,,WOR,Kamala D. Harris,22
Onondaga,ONONDAGA 2,President,,,Write-in,12
Onondaga,ONONDAGA 2,U.S. Senate,,DEM,Kirsten E. Gillibrand,415
Onondaga,ONONDAGA 2,U.S. Senate,,REP,Michael D. Sapraicone,360
Onondaga,ONONDAGA 2,U.S. Senate,,CON,Michael D. Sapraicone,47
Onondaga,ONONDAGA 2,U.S. Senate,,WOR,Kirsten E. Gillibrand,37
Onondaga,ONONDAGA 2,U.S. Senate,,LAR,Diane Sare,8
Onondaga,ONONDAGA 2,U.S. Senate,,,Write-in,2
Onondaga,ONONDAGA 2,U.S. House,22,DEM,John W. Mannion,432
Onondaga,ONONDAGA 2,U.S. House,22,REP,Brandon M. Williams,363
Onondaga,ONONDAGA 2,U.S. House,22,CON,Brandon M. Williams,48
Onondaga,ONONDAGA 2,U.S. House,22,WOR,John W. Mannion,38
Onondaga,ONONDAGA 2,State Senate,48,DEM,Rachel May,397
Onondaga,ONONDAGA 2,State Senate,48,REP,Caleb C. Slater,416
Onondaga,ONONDAGA 2,State Senate,48,WOR,Rachel May,41
Onondaga,ONONDAGA 2,State Senate,48,,Write-in,1
Onondaga,ONONDAGA 2,State Assembly,128,DEM,Pamela Jo Hunter,382
Onondaga,ONONDAGA 2,State Assembly,128,REP,Daniel A. Ciciarelli,395
Onondaga,ONONDAGA 2,State Assembly,128,CON,Daniel A. Ciciarelli,45
Onondaga,ONONDAGA 2,State Assembly,128,WOR,Pamela Jo Hunter,31
Onondaga,ONONDAGA 2,State Assembly,128,,Write-in,1
Onondaga,ONONDAGA 3,President,,DEM,Kamala D. Harris,423
Onondaga,ONONDAGA 3,President,,REP,Donald J. Trump,292
Onondaga,ONONDAGA 3,President,,CON,Donald J. Trump,43
Onondaga,ONONDAGA 3,President,,WOR,Kamala D. Harris,12
Onondaga,ONONDAGA 3,President,,,Write-in,8
Onondaga,ONONDAGA 3,U.S. Senate,,DEM,Kirsten E. Gillibrand,414
Onondaga,ONONDAGA 3,U.S. Senate,,REP,Michael D. Sapraicone,296
Onondaga,ONONDAGA 3,U.S. Senate,,CON,Michael D. Sapraicone,49
Onondaga,ONONDAGA 3,U.S. Senate,,WOR,Kirsten E. Gillibrand,30
Onondaga,ONONDAGA 3,U.S. Senate,,LAR,Diane Sare,1
Onondaga,ONONDAGA 3,U.S. House,22,DEM,John W. Mannion,429
Onondaga,ONONDAGA 3,U.S. House,22,REP,Brandon M. Williams,288
Onondaga,ONONDAGA 3,U.S. House,22,CON,Brandon M. Williams,45
Onondaga,ONONDAGA 3,U.S. House,22,WOR,John W. Mannion,29
Onondaga,ONONDAGA 3,U.S. House,22,,Write-in,3
Onondaga,ONONDAGA 3,State Senate,48,DEM,Rachel May,392
Onondaga,ONONDAGA 3,State Senate,48,REP,Caleb C. Slater,358
Onondaga,ONONDAGA 3,State Senate,48,WOR,Rachel May,34
Onondaga,ONONDAGA 3,State Assembly,128,DEM,Pamela Jo Hunter,378
Onondaga,ONONDAGA 3,State Assembly,128,REP,Daniel A. Ciciarelli,333
Onondaga,ONONDAGA 3,State Assembly,128,CON,Daniel A. Ciciarelli,46
Onondaga,ONONDAGA 3,State Assembly,128,WOR,Pamela Jo Hunter,28
Onondaga,ONONDAGA 4,President,,DEM,Kamala D. Harris,376
Onondaga,ONONDAGA 4,President,,REP,Donald J. Trump,233
Onondaga,ONONDAGA 4,President,,CON,Donald J. Trump,38
Onondaga,ONONDAGA 4,President,,WOR,Kamala D. Harris,25
Onondaga,ONONDAGA 4,President,,,Write-in,7
Onondaga,ONONDAGA 4,U.S. Senate,,DEM,Kirsten E. Gillibrand,380
Onondaga,ONONDAGA 4,U.S. Senate,,REP,Michael D. Sapraicone,212
Onondaga,ONONDAGA 4,U.S. Senate,,CON,Michael D. Sapraicone,40
Onondaga,ONONDAGA 4,U.S. Senate,,WOR,Kirsten E. Gillibrand,31
Onondaga,ONONDAGA 4,U.S. Senate,,LAR,Diane Sare,7
Onondaga,ONONDAGA 4,U.S. Senate,,,Write-in,2
Onondaga,ONONDAGA 4,U.S. House,22,DEM,John W. Mannion,379
Onondaga,ONONDAGA 4,U.S. House,22,REP,Brandon M. Williams,215
Onondaga,ONONDAGA 4,U.S. House,22,CON,Brandon M. Williams,43
Onondaga,ONONDAGA 4,U.S. House,22,WOR,John W. Mannion,35
Onondaga,ONONDAGA 4,U.S. House,22,,Write-in,2
Onondaga,ONONDAGA 4,State Senate,48,DEM,Rachel May,370
Onondaga,ONONDAGA 4,State Senate,48,REP,Caleb C. Slater,256
Onondaga,ONONDAGA 4,State Senate,48,WOR,Rachel May,37
Onondaga,ONONDAGA 4,State Senate,48,,Write-in,2
Onondaga,ONONDAGA 4,State Assembly,128,DEM,Pamela Jo Hunter,349
Onondaga,ONONDAGA 4,State Assembly,128,REP,Daniel A. Ciciarelli,237
Onondaga,ONONDAGA 4,State Assembly,128,CON,Daniel A. Ciciarelli,47
Onondaga,ONONDAGA 4,State Assembly,128,WOR,Pamela Jo Hunter,31
Onondaga,ONONDAGA 4,State Assembly,128,,Write-in,4
Onondaga,ONONDAGA 5,President,,DEM,Kamala D. Harris,552
Onondaga,ONONDAGA 5,President,,REP,Donald J. Trump,339
Onondaga,ONONDAGA 5,President,,CON,Donald J. Trump,36
Onondaga,ONONDAGA 5,President,,WOR,Kamala D. Harris,26
Onondaga,ONONDAGA 5,President,,,Write-in,29
Onondaga,ONONDAGA 5,U.S. Senate,,DEM,Kirsten E. Gillibrand,556
Onondaga,ONONDAGA 5,U.S. Senate,,REP,Michael D. Sapraicone,317
Onondaga,ONONDAGA 5,U.S. Senate,,CON,Michael D. Sapraicone,40
Onondaga,ONONDAGA 5,U.S. Senate,,WOR,Kirsten E. Gillibrand,38
Onondaga,ONONDAGA 5,U.S. Senate,,LAR,Diane Sare,9
Onondaga,ONONDAGA 5,U.S. Senate,,,Write-in,3
Onondaga,ONONDAGA 5,U.S. House,22,DEM,John W. Mannion,564
Onondaga,ONONDAGA 5,U.S. House,22,REP,Brandon M. Williams,324
Onondaga,ONONDAGA 5,U.S. House,22,CON,Brandon M. Williams,36
Onondaga,ONONDAGA 5,U.S. House,22,WOR,John W. Mannion,38
Onondaga,ONONDAGA 5,U.S. House,22,,Write-in,2
Onondaga,ONONDAGA 5,State Senate,48,DEM,Rachel May,543
Onondaga,ONONDAGA 5,State Senate,48,REP,Caleb C. Slater,354
Onondaga,ONONDAGA 5,State Senate,48,WOR,Rachel May,40
Onondaga,ONONDAGA 5,State Senate,48,,Write-in,6
Onondaga,ONONDAGA 5,State Assembly,128,DEM,Pamela Jo Hunter,533
Onondaga,ONONDAGA 5,State Assembly,128,REP,Daniel A. Ciciarelli,341
Onondaga,ONONDAGA 5,State Assembly,128,CON,Daniel A. Ciciarelli,41
Onondaga,ONONDAGA 5,State Assembly,128,WOR,Pamela Jo Hunter,35
Onondaga,ONONDAGA 5,State Assembly,128,,Write-in,1
Onondaga,ONONDAGA 6,President,,DEM,Kamala D. Harris,196
Onondaga,ONONDAGA 6,President,,REP,Donald J. Trump,261
Onondaga,ONONDAGA 6,President,,CON,Donald J. Trump,39
Onondaga,ONONDAGA 6,President,,WOR,Kamala D. Harris,13
Onondaga,ONONDAGA 6,President,,,Write-in,5
Onondaga,ONONDAGA 6,U.S. Senate,,DEM,Kirsten E. Gillibrand,196
Onondaga,ONONDAGA 6,U.S. Senate,,REP,Michael D. Sapraicone,255
Onondaga,ONONDAGA 6,U.S. Senate,,CON,Michael D. Sapraicone,37
Onondaga,ONONDAGA 6,U.S. Senate,,WOR,Kirsten E. Gillibrand,21
Onondaga,ONONDAGA 6,U.S. Senate,,,Write-in,1
Onondaga,ONONDAGA 6,U.S. House,22,DEM,John W. Mannion,199
Onondaga,ONONDAGA 6,U.S. House,22,REP,Brandon M. Williams,261
Onondaga,ONONDAGA 6,U.S. House,22,CON,Brandon M. Williams,37
Onondaga,ONONDAGA 6,U.S. House,22,WOR,John W. Mannion,21
Onondaga,ONONDAGA 6,U.S. House,22,,Write-in,1
Onondaga,ONONDAGA 6,State Senate,48,DEM,Rachel May,175
Onondaga,ONONDAGA 6,State Senate,48,REP,Caleb C. Slater,293
Onondaga,ONONDAGA 6,State Senate,48,WOR,Rachel May,25
Onondaga,ONONDAGA 6,State Senate,48,,Write-in,1
Onondaga,ONONDAGA 6,State Assembly,128,DEM,Pamela Jo Hunter,170
Onondaga,ONONDAGA 6,State Assembly,128,REP,Daniel A. Ciciarelli,260
Onondaga,ONONDAGA 6,State Assembly,128,CON,Daniel A. Ciciarelli,40
Onondaga,ONONDAGA 6,State Assembly,128,WOR,Pamela Jo Hunter,19
Onondaga,ONONDAGA 6,State Assembly,128,,Write-in,1
Onondaga,ONONDAGA 7,President,,DEM,Kamala D. Harris,212
Onondaga,ONONDAGA 7,President,,REP,Donald J. Trump,180
Onondaga,ONONDAGA 7,President,,CON,Donald J. Trump,35
Onondaga,ONONDAGA 7,President,,WOR,Kamala D. Harris,11
Onondaga,ONONDAGA 7,U.S. Senate,,DEM,Kirsten E. Gillibrand,203
Onondaga,ONONDAGA 7,U.S. Senate,,REP,Michael D. Sapraicone,173
Onondaga,ONONDAGA 7,U.S. Senate,,CON,Michael D. Sapraicone,34
Onondaga,ONONDAGA 7,U.S. Senate,,WOR,Kirsten E. Gillibrand,15
Onondaga,ONONDAGA 7,U.S. Senate,,LAR,Diane Sare,2
Onondaga,ONONDAGA 7,U.S. House,22,DEM,John W. Mannion,208
Onondaga,ONONDAGA 7,U.S. House,22,REP,Brandon M. Williams,172
Onondaga,ONONDAGA 7,U.S. House,22,CON,Brandon M. Williams,38
Onondaga,ONONDAGA 7,U.S. House,22,WOR,John W. Mannion,13
Onondaga,ONONDAGA 7,State Senate,48,DEM,Rachel May,205
Onondaga,ONONDAGA 7,State Senate,48,REP,Caleb C. Slater,201
Onondaga,ONONDAGA 7,State Senate,48,WOR,Rachel May,12
Onondaga,ONONDAGA 7,State Assembly,128,DEM,Pamela Jo Hunter,195
Onondaga,ONONDAGA 7,State Assembly,128,REP,Daniel A. Ciciarelli,183
Onondaga,ONONDAGA 7,State Assembly,128,CON,Daniel A. Ciciarelli,32
Onondaga,ONONDAGA 7,State Assembly,128,WOR,Pamela Jo Hunter,13
Onondaga,ONONDAGA 8,President,,DEM,Kamala D. Harris,313
Onondaga,ONONDAGA 8,President,,REP,Donald J. Trump,237
Onondaga,ONONDAGA 8,President,,CON,Donald J. Trump,38
Onondaga,ONONDAGA 8,President,,WOR,Kamala D. Harris,18
Onondaga,ONONDAGA 8,President,,,Write-in,5
Onondaga,ONONDAGA 8,U.S. Senate,,DEM,Kirsten E. Gillibrand,308
Onondaga,ONONDAGA 8,U.S. Senate,,REP,Michael D. Sapraicone,208
Onondaga,ONONDAGA 8,U.S. Senate,,CON,Michael D. Sapraicone,39
Onondaga,ONONDAGA 8,U.S. Senate,,WOR,Kirsten E. Gillibrand,37
Onondaga,ONONDAGA 8,U.S. Senate,,LAR,Diane Sare,4
Onondaga,ONONDAGA 8,U.S. House,22,DEM,John W. Mannion,305
Onondaga,ONONDAGA 8,U.S. House,22,REP,Brandon M. Williams,218
Onondaga,ONONDAGA 8,U.S. House,22,CON,Brandon M. Williams,42
Onondaga,ONONDAGA 8,U.S. House,22,WOR,John W. Mannion,33
Onondaga,ONONDAGA 8,U.S. House,22,,Write-in,2
Onondaga,ONONDAGA 8,State Senate,48,DEM,Rachel May,303
Onondaga,ONONDAGA 8,State Senate,48,REP,Caleb C. Slater,245
Onondaga,ONONDAGA 8,State Senate,48,WOR,Rachel May,37
Onondaga,ONONDAGA 8,State Senate,48,,Write-in,3
Onondaga,ONONDAGA 8,State Assembly,128,DEM,Pamela Jo Hunter,285
Onondaga,ONONDAGA 8,State Assembly,128,REP,Daniel A. Ciciarelli,230
Onondaga,ONONDAGA 8,State Assembly,128,CON,Daniel A. Ciciarelli,48
Onondaga,ONONDAGA 8,State Assembly,128,WOR,Pamela Jo Hunter,37
Onondaga,ONONDAGA 9,President,,DEM,Kamala D. Harris,428
Onondaga,ONONDAGA 9,President,,REP,Donald J. Trump,286
Onondaga,ONONDAGA 9,President,,CON,Donald J. Trump,33
Onondaga,ONONDAGA 9,President,,WOR,Kamala D. Harris,24
Onondaga,ONONDAGA 9,President,,,Write-in,6
Onondaga,ONONDAGA 9,U.S. Senate,,DEM,Kirsten E. Gillibrand,415
Onondaga,ONONDAGA 9,U.S. Senate,,REP,Michael D. Sapraicone,284
Onondaga,ONONDAGA 9,U.S. Senate,,CON,Michael D. Sapraicone,34
Onondaga,ONONDAGA 9,U.S. Senate,,WOR,Kirsten E. Gillibrand,33
Onondaga,ONONDAGA 9,U.S. Senate,,LAR,Diane Sare,5
Onondaga,ONONDAGA 9,U.S. Senate,,,Write-in,1
Onondaga,ONONDAGA 9,U.S. House,22,DEM,John W. Mannion,405
Onondaga,ONONDAGA 9,U.S. House,22,REP,Brandon M. Williams,285
Onondaga,ONONDAGA 9,U.S. House,22,CON,Brandon M. Williams,41
Onondaga,ONONDAGA 9,U.S. House,22,WOR,John W. Mannion,34
Onondaga,ONONDAGA 9,State Senate,48,DEM,Rachel May,387
Onondaga,ONONDAGA 9,State Senate,48,REP,Caleb C. Slater,331
Onondaga,ONONDAGA 9,State Senate,48,WOR,Rachel May,36
Onondaga,ONONDAGA 9,State Assembly,128,DEM,Pamela Jo Hunter,372
Onondaga,ONONDAGA 9,State Assembly,128,REP,Daniel A. Ciciarelli,315
Onondaga,ONONDAGA 9,State Assembly,128,CON,Daniel A. Ciciarelli,39
Onondaga,ONONDAGA 9,State Assembly,128,WOR,Pamela Jo Hunter,27
Onondaga,ONONDAGA 10,President,,DEM,Kamala D. Harris,286
Onondaga,ONONDAGA 10,President,,REP,Donald J. Trump,401
Onondaga,ONONDAGA 10,President,,CON,Donald J. Trump,77
Onondaga,ONONDAGA 10,President,,WOR,Kamala D. Harris,33
Onondaga,ONONDAGA 10,President,,,Write-in,2
Onondaga,ONONDAGA 10,U.S. Senate,,DEM,Kirsten E. Gillibrand,283
Onondaga,ONONDAGA 10,U.S. Senate,,REP,Michael D. Sapraicone,388
Onondaga,ONONDAGA 10,U.S. Senate,,CON,Michael D. Sapraicone,78
Onondaga,ONONDAGA 10,U.S. Senate,,WOR,Kirsten E. Gillibrand,37
Onondaga,ONONDAGA 10,U.S. Senate,,LAR,Diane Sare,3
Onondaga,ONONDAGA 10,U.S. Senate,,,Write-in,1
Onondaga,ONONDAGA 10,U.S. House,22,DEM,John W. Mannion,287
Onondaga,ONONDAGA 10,U.S. House,22,REP,Brandon M. Williams,403
Onondaga,ONONDAGA 10,U.S. House,22,CON,Brandon M. Williams,76
Onondaga,ONONDAGA 10,U.S. House,22,WOR,John W. Mannion,35
Onondaga,ONONDAGA 10,U.S. House,22,,Write-in,1
Onondaga,ONONDAGA 10,State Senate,48,DEM,Rachel May,273
Onondaga,ONONDAGA 10,State Senate,48,REP,Caleb C. Slater,454
Onondaga,ONONDAGA 10,State Senate,48,WOR,Rachel May,41
Onondaga,ONONDAGA 10,State Assembly,128,DEM,Pamela Jo Hunter,254
Onondaga,ONONDAGA 10,State Assembly,128,REP,Daniel A. Ciciarelli,414
Onondaga,ONONDAGA 10,State Assembly,128,CON,Daniel A. Ciciarelli,79
Onondaga,ONONDAGA 10,State Assembly,128,WOR,Pamela Jo Hunter,37
Onondaga,ONONDAGA 10,State Assembly,128,,Write-in,1
Onondaga,ONONDAGA 11,President,,DEM,Kamala D. Harris,295
Onondaga,ONONDAGA 11,President,,REP,Donald J. Trump,269
Onondaga,ONONDAGA 11,President,,CON,Donald J. Trump,36
Onondaga,ONONDAGA 11,President,,WOR,Kamala D. Harris,12
Onondaga,ONONDAGA 11,President,,,Write-in,1
Onondaga,ONONDAGA 11,U.S. Senate,,DEM,Kirsten E. Gillibrand,297
Onondaga,ONONDAGA 11,U.S. Senate,,REP,Michael D. Sapraicone,258
Onondaga,ONONDAGA 11,U.S. Senate,,CON,Michael D. Sapraicone,32
Onondaga,ONONDAGA 11,U.S. Senate,,WOR,Kirsten E. Gillibrand,17
Onondaga,ONONDAGA 11,U.S. Senate,,LAR,Diane Sare,2
Onondaga,ONONDAGA 11,U.S. Senate,,,Write-in,1
Onondaga,ONONDAGA 11,U.S. House,22,DEM,John W. Mannion,285
Onondaga,ONONDAGA 11,U.S. House,22,REP,Brandon M. Williams,264
Onondaga,ONONDAGA 11,U.S. House,22,CON,Brandon M. Williams,44
Onondaga,ONONDAGA 11,U.S. House,22,WOR,John W. Mannion,19
Onondaga,ONONDAGA 11,State Senate,48,DEM,Rachel May,282
Onondaga,ONONDAGA 11,State Senate,48,REP,Caleb C. Slater,295
Onondaga,ONONDAGA 11,State Senate,48,WOR,Rachel May,18
Onondaga,ONONDAGA 11,State Assembly,128,DEM,Pamela Jo Hunter,279
Onondaga,ONONDAGA 11,State Assembly,128,REP,Daniel A. Ciciarelli,265
Onondaga,ONONDAGA 11,State Assembly,128,CON,Daniel A. Ciciarelli,39
Onondaga,ONONDAGA 11,State Assembly,128,WOR,Pamela Jo Hunter,16
Onondaga,ONONDAGA 12,President,,DEM,Kamala D. Harris,261
Onondaga,ONONDAGA 12,President,,REP,Donald J. Trump,193
Onondaga,ONONDAGA 12,President,,CON,Donald J. Trump,28
Onondaga,ONONDAGA 12,President,,WOR,Kamala D. Harris,16
Onondaga,ONONDAGA 12,President,,,Write-in,4
Onondaga,ONONDAGA 12,U.S. Senate,,DEM,Kirsten E. Gillibrand,270
Onondaga,ONONDAGA 12,U.S. Senate,,REP,Michael D. Sapraicone,168
Onondaga,ONONDAGA 12,U.S. Senate,,CON,Michael D. Sapraicone,31
Onondaga,ONONDAGA 12,U.S. Senate,,WOR,Kirsten E. Gillibrand,25
Onondaga,ONONDAGA 12,U.S. Senate,,LAR,Diane Sare,1
Onondaga,ONONDAGA 12,U.S. House,22,DEM,John W. Mannion,271
Onondaga,ONONDAGA 12,U.S. House,22,REP,Brandon M. Williams,178
Onondaga,ONONDAGA 12,U.S. House,22,CON,Brandon M. Williams,30
Onondaga,ONONDAGA 12,U.S. House,22,WOR,John W. Mannion,20
Onondaga,ONONDAGA 12,U.S. House,22,,Write-in,1
Onondaga,ONONDAGA 12,State Senate,48,DEM,Rachel May,260
Onondaga,ONONDAGA 12,State Senate,48,REP,Caleb C. Slater,200
Onondaga,ONONDAGA 12,State Senate,48,WOR,Rachel May,23
Onondaga,ONONDAGA 12,State Assembly,128,DEM,Pamela Jo Hunter,249
Onondaga,ONONDAGA 12,State Assembly,128,REP,Daniel A. Ciciarelli,190
Onondaga,ONONDAGA 12,State Assembly,128,CON,Daniel A. Ciciarelli,33
Onondaga,ONONDAGA 12,State Assembly,128,WOR,Pamela Jo Hunter,18
Onondaga,ONONDAGA 13,President,,DEM,Kamala D. Harris,348
Onondaga,ONONDAGA 13,President,,REP,Donald J. Trump,237
Onondaga,ONONDAGA 13,President,,CON,Donald J. Trump,41
Onondaga,ONONDAGA 13,President,,WOR,Kamala D. Harris,18
Onondaga,ONONDAGA 13,President,,,Write-in,1
Onondaga,ONONDAGA 13,U.S. Senate,,DEM,Kirsten E. Gillibrand,357
Onondaga,ONONDAGA 13,U.S. Senate,,REP,Michael D. Sapraicone,227
Onondaga,ONONDAGA 13,U.S. Senate,,CON,Michael D. Sapraicone,48
Onondaga,ONONDAGA 13,U.S. Senate,,WOR,Kirsten E. Gillibrand,19
Onondaga,ONONDAGA 13,U.S. Senate,,LAR,Diane Sare,1
Onondaga,ONONDAGA 13,U.S. Senate,,,Write-in,1
Onondaga,ONONDAGA 13,U.S. House,22,DEM,John W. Mannion,364
Onondaga,ONONDAGA 13,U.S. House,22,REP,Brandon M. Williams,225
Onondaga,ONONDAGA 13,U.S. House,22,CON,Brandon M. Williams,47
Onondaga,ONONDAGA 13,U.S. House,22,WOR,John W. Mannion,18
Onondaga,ONONDAGA 13,U.S. House,22,,Write-in,3
Onondaga,ONONDAGA 13,State Senate,48,DEM,Rachel May,330
Onondaga,ONONDAGA 13,State Senate,48,REP,Caleb C. Slater,290
Onondaga,ONONDAGA 13,State Senate,48,WOR,Rachel May,21
Onondaga,ONONDAGA 13,State Senate,48,,Write-in,1
Onondaga,ONONDAGA 13,State Assembly,128,DEM,Pamela Jo Hunter,326
Onondaga,ONONDAGA 13,State Assembly,128,REP,Daniel A. Ciciarelli,261
Onondaga,ONONDAGA 13,State Assembly,128,CON,Daniel A. Ciciarelli,44
Onondaga,ONONDAGA 13,State Assembly,128,WOR,Pamela Jo Hunter,17
Onondaga,ONONDAGA 13,State Assembly,128,,Write-in,1
Onondaga,ONONDAGA 14,President,,DEM,Kamala D. Harris,339
Onondaga,ONONDAGA 14,President,,REP,Donald J. Trump,198
Onondaga,ONONDAGA 14,President,,CON,Donald J. Trump,31
Onondaga,ONONDAGA 14,President,,WOR,Kamala D. Harris,26
Onondaga,ONONDAGA 14,President,,,Write-in,4
Onondaga,ONONDAGA 14,U.S. Senate,,DEM,Kirsten E. Gillibrand,342
Onondaga,ONONDAGA 14,U.S. Senate,,REP,Michael D. Sapraicone,183
Onondaga,ONONDAGA 14,U.S. Senate,,CON,Michael D. Sapraicone,35
Onondaga,ONONDAGA 14,U.S. Senate,,WOR,Kirsten E. Gillibrand,27
Onondaga,ONONDAGA 14,U.S. Senate,,LAR,Diane Sare,3
Onondaga,ONONDAGA 14,U.S. Senate,,,Write-in,1
Onondaga,ONONDAGA 14,U.S. House,22,DEM,John W. Mannion,332
Onondaga,ONONDAGA 14,U.S. House,22,REP,Brandon M. Williams,197
Onondaga,ONONDAGA 14,U.S. House,22,CON,Brandon M. Williams,35
Onondaga,ONONDAGA 14,U.S. House,22,WOR,John W. Mannion,31
Onondaga,ONONDAGA 14,U.S. House,22,,Write-in,1
Onondaga,ONONDAGA 14,State Senate,48,DEM,Rachel May,329
Onondaga,ONONDAGA 14,State Senate,48,REP,Caleb C. Slater,221
Onondaga,ONONDAGA 14,State Senate,48,WOR,Rachel May,26
Onondaga,ONONDAGA 14,State Senate,48,,Write-in,2
Onondaga,ONONDAGA 14,State Assembly,128,DEM,Pamela Jo Hunter,313
Onondaga,ONONDAGA 14,State Assembly,128,REP,Daniel A. Ciciarelli,203
Onondaga,ONONDAGA 14,State Assembly,128,CON,Daniel A. Ciciarelli,39
Onondaga,ONONDAGA 14,State Assembly,128,WOR,Pamela Jo Hunter,23
Onondaga,ONONDAGA 14,State Assembly,128,,Write-in,1
Onondaga,ONONDAGA 15,President,,DEM,Kamala D. Harris,245
Onondaga,ONONDAGA 15,President,,REP,Donald J. Trump,100
Onondaga,ONONDAGA 15,President,,CON,Donald J. Trump,17
Onondaga,ONONDAGA 15,President,,WOR,Kamala D. Harris,14
Onondaga,ONONDAGA 15,President,,,Write-in,1
Onondaga,ONONDAGA 15,U.S. Senate,,DEM,Kirsten E. Gillibrand,245
Onondaga,ONONDAGA 15,U.S. Senate,,REP,Michael D. Sapraicone,87
Onondaga,ONONDAGA 15,U.S. Senate,,CON,Michael D. Sapraicone,13
Onondaga,ONONDAGA 15,U.S. Senate,,WOR,Kirsten E. Gillibrand,21
Onondaga,ONONDAGA 15,U.S. Senate,,LAR,Diane Sare,5
Onondaga,ONONDAGA 15,U.S. House,22,DEM,John W. Mannion,249
Onondaga,ONONDAGA 15,U.S. House,22,REP,Brandon M. Williams,95
Onondaga,ONONDAGA 15,U.S. House,22,CON,Brandon M. Williams,14
Onondaga,ONONDAGA 15,U.S. House,22,WOR,John W. Mannion,17
Onondaga,ONONDAGA 15,U.S. House,22,,Write-in,1
Onondaga,ONONDAGA 15,State Senate,48,DEM,Rachel May,238
Onondaga,ONONDAGA 15,State Senate,48,REP,Caleb C. Slater,112
Onondaga,ONONDAGA 15,State Senate,48,WOR,Rachel May,19
Onondaga,ONONDAGA 15,State Assembly,128,DEM,Pamela Jo Hunter,236
Onondaga,ONONDAGA 15,State Assembly,128,REP,Daniel A. Ciciarelli,97
Onondaga,ONONDAGA 15,State Assembly,128,CON,Daniel A. Ciciarelli,19
Onondaga,ONONDAGA 15,State Assembly,128,WOR,Pamela Jo Hunter,15
Onondaga,ONONDAGA 16,President,,DEM,Kamala D. Harris,447
Onondaga,ONONDAGA 16,President,,REP,Donald J. Trump,267
Onondaga,ONONDAGA 16,President,,CON,Donald J. Trump,32
Onondaga,ONONDAGA 16,President,,WOR,Kamala D. Harris,21
Onondaga,ONONDAGA 16,President,,,Write-in,6
Onondaga,ONONDAGA 16,U.S. Senate,,DEM,Kirsten E. Gillibrand,436
Onondaga,ONONDAGA 16,U.S. Senate,,REP,Michael D. Sapraicone,256
Onondaga,ONONDAGA 16,U.S. Senate,,CON,Michael D. Sapraicone,34
Onondaga,ONONDAGA 16,U.S. Senate,,WOR,Kirsten E. Gillibrand,32
Onondaga,ONONDAGA 16,U.S. Senate,,LAR,Diane Sare,6
Onondaga,ONONDAGA 16,U.S. Senate,,,Write-in,1
Onondaga,ONONDAGA 16,U.S. House,22,DEM,John W. Mannion,434
Onondaga,ONONDAGA 16,U.S. House,22,REP,Brandon M. Williams,261
Onondaga,ONONDAGA 16,U.S. House,22,CON,Brandon M. Williams,31
Onondaga,ONONDAGA 16,U.S. House,22,WOR,John W. Mannion,37
Onondaga,ONONDAGA 16,State Senate,48,DEM,Rachel May,425
Onondaga,ONONDAGA 16,State Senate,48,REP,Caleb C. Slater,296
Onondaga,ONONDAGA 16,State Senate,48,WOR,Rachel May,36
Onondaga,ONONDAGA 16,State Senate,48,,Write-in,1
Onondaga,ONONDAGA 16,State Assembly,128,DEM,Pamela Jo Hunter,417
Onondaga,ONONDAGA 16,State Assembly,128,REP,Daniel A. Ciciarelli,274
Onondaga,ONONDAGA 16,State Assembly,128,CON,Daniel A. Ciciarelli,34
Onondaga,ONONDAGA 16,State Assembly,128,WOR,Pamela Jo Hunter,33
Onondaga,ONONDAGA 16,State Assembly,128,,Write-in,1
Onondaga,ONONDAGA 17,President,,DEM,Kamala D. Harris,452
Onondaga,ONONDAGA 17,President,,REP,Donald J. Trump,397
Onondaga,ONONDAGA 17,President,,CON,Donald J. Trump,60
Onondaga,ONONDAGA 17,President,,WOR,Kamala D. Harris,25
Onondaga,ONONDAGA 17,President,,,Write-in,4
Onondaga,ONONDAGA 17,U.S. Senate,,DEM,Kirsten E. Gillibrand,450
Onondaga,ONONDAGA 17,U.S. Senate,,REP,Michael D. Sapraicone,383
Onondaga,ONONDAGA 17,U.S. Senate,,CON,Michael D. Sapraicone,67
Onondaga,ONONDAGA 17,U.S. Senate,,WOR,Kirsten E. Gillibrand,30
Onondaga,ONONDAGA 17,U.S. Senate,,LAR,Diane Sare,6
Onondaga,ONONDAGA 17,U.S. Senate,,,Write-in,2
Onondaga,ONONDAGA 17,U.S. House,22,DEM,John W. Mannion,468
Onondaga,ONONDAGA 17,U.S. House,22,REP,Brandon M. Williams,383
Onondaga,ONONDAGA 17,U.S. House,22,CON,Brandon M. Williams,67
Onondaga,ONONDAGA 17,U.S. House,22,WOR,John W. Mannion,29
Onondaga,ONONDAGA 17,State Senate,48,DEM,Rachel May,425
Onondaga,ONONDAGA 17,State Senate,48,REP,Caleb C. Slater,452
Onondaga,ONONDAGA 17,State Senate,48,WOR,Rachel May,35
Onondaga,ONONDAGA 17,State Assembly,128,DEM,Pamela Jo Hunter,403
Onondaga,ONONDAGA 17,State Assembly,128,REP,Daniel A. Ciciarelli,427
Onondaga,ONONDAGA 17,State Assembly,128,CON,Daniel A. Ciciarelli,70
Onondaga,ONONDAGA 17,State Assembly,128,WOR,Pamela Jo Hunter,27
Onondaga,ONONDAGA 18,President,,DEM,Kamala D. Harris,344
Onondaga,ONONDAGA 18,President,,REP,Donald J. Trump,177
Onondaga,ONONDAGA 18,President,,CON,Donald J. Trump,28
Onondaga,ONONDAGA 18,President,,WOR,Kamala D. Harris,10
Onondaga,ONONDAGA 18,President,,,Write-in,1
Onondaga,ONONDAGA 18,U.S. Senate,,DEM,Kirsten E. Gillibrand,344
Onondaga,ONONDAGA 18,U.S. Senate,,REP,Michael D. Sapraicone,159
Onondaga,ONONDAGA 18,U.S. Senate,,CON,Michael D. Sapraicone,29
Onondaga,ONONDAGA 18,U.S. Senate,,WOR,Kirsten E. Gillibrand,21
Onondaga,ONONDAGA 18,U.S. House,22,DEM,John W. Mannion,336
Onondaga,ONONDAGA 18,U.S. House,22,REP,Brandon M. Williams,169
Onondaga,ONONDAGA 18,U.S. House,22,CON,Brandon M. Williams,28
Onondaga,ONONDAGA 18,U.S. House,22,WOR,John W. Mannion,19
Onondaga,ONONDAGA 18,State Senate,48,DEM,Rachel May,312
Onondaga,ONONDAGA 18,State Senate,48,REP,Caleb C. Slater,205
Onondaga,ONONDAGA 18,State Senate,48,WOR,Rachel May,20
Onondaga,ONONDAGA 18,State Assembly,128,DEM,Pamela Jo Hunter,302
Onondaga,ONONDAGA 18,State Assembly,128,REP,Daniel A. Ciciarelli,182
Onondaga,ONONDAGA 18,State Assembly,128,CON,Daniel A. Ciciarelli,35
Onondaga,ONONDAGA 18,State Assembly,128,WOR,Pamela Jo Hunter,21
Onondaga,ONONDAGA 19,President,,DEM,Kamala D. Harris,382
Onondaga,ONONDAGA 19,President,,REP,Donald J. Trump,274
Onondaga,ONONDAGA 19,President,,CON,Donald J. Trump,29
Onondaga,ONONDAGA 19,President,,WOR,Kamala D. Harris,27
Onondaga,ONONDAGA 19,President,,,Write-in,13
Onondaga,ONONDAGA 19,U.S. Senate,,DEM,Kirsten E. Gillibrand,383
Onondaga,ONONDAGA 19,U.S. Senate,,REP,Michael D. Sapraicone,268
Onondaga,ONONDAGA 19,U.S. Senate,,CON,Michael D. Sapraicone,32
Onondaga,ONONDAGA 19,U.S. Senate,,WOR,Kirsten E. Gillibrand,33
Onondaga,ONONDAGA 19,U.S. Senate,,LAR,Diane Sare,5
Onondaga,ONONDAGA 19,U.S. House,22,DEM,John W. Mannion,383
Onondaga,ONONDAGA 19,U.S. House,22,REP,Brandon M. Williams,275
Onondaga,ONONDAGA 19,U.S. House,22,CON,Brandon M. Williams,38
Onondaga,ONONDAGA 19,U.S. House,22,WOR,John W. Mannion,32
Onondaga,ONONDAGA 19,U.S. House,22,,Write-in,1
Onondaga,ONONDAGA 19,State Senate,48,DEM,Rachel May,369
Onondaga,ONONDAGA 19,State Senate,48,REP,Caleb C. Slater,315
Onondaga,ONONDAGA 19,State Senate,48,WOR,Rachel May,31
Onondaga,ONONDAGA 19,State Senate,48,,Write-in,1
Onondaga,ONONDAGA 19,State Assembly,128,DEM,Pamela Jo Hunter,348
Onondaga,ONONDAGA 19,State Assembly,128,REP,Daniel A. Ciciarelli,300
Onondaga,ONONDAGA 19,State Assembly,128,CON,Daniel A. Ciciarelli,34
Onondaga,ONONDAGA 19,State Assembly,128,WOR,Pamela Jo Hunter,30
Onondaga,ONONDAGA 19,State Assembly,128,,Write-in,2
Onondaga,ONONDAGA 20,President,,DEM,Kamala D. Harris,39
Onondaga,ONONDAGA 20,President,,REP,Donald J. Trump,7
Onondaga,ONONDAGA 20,U.S. Senate,,DEM,Kirsten E. Gillibrand,38
Onondaga,ONONDAGA 20,U.S. Senate,,REP,Michael D. Sapraicone,6
Onondaga,ONONDAGA 20,U.S. Senate,,,Write-in,1
Onondaga,ONONDAGA 20,U.S. House,22,DEM,John W. Mannion,38
Onondaga,ONONDAGA 20,U.S. House,22,REP,Brandon M. Williams,6
Onondaga,ONONDAGA 20,U.S. House,22,,Write-in,1
Onondaga,ONONDAGA 20,State Senate,48,DEM,Rachel May,35
Onondaga,ONONDAGA 20,State Senate,48,REP,Caleb C. Slater,8
Onondaga,ONONDAGA 20,State Senate,48,WOR,Rachel May,1
Onondaga,ONONDAGA 20,State Senate,48,,Write-in,1
Onondaga,ONONDAGA 20,State Assembly,128,DEM,Pamela Jo Hunter,36
Onondaga,ONONDAGA 20,State Assembly,128,REP,Daniel A. Ciciarelli,8
Onondaga,ONONDAGA 20,State Assembly,128,,Write-in,1
Onondaga,OTISCO 1,President,,DEM,Kamala D. Harris,240
Onondaga,OTISCO 1,President,,REP,Donald J. Trump,393
Onondaga,OTISCO 1,President,,CON,Donald J. Trump,37
Onondaga,OTISCO 1,President,,WOR,Kamala D. Harris,19
Onondaga,OTISCO 1,President,,,Write-in,3
Onondaga,OTISCO 1,U.S. Senate,,DEM,Kirsten E. Gillibrand,240
Onondaga,OTISCO 1,U.S. Senate,,REP,Michael D. Sapraicone,358
Onondaga,OTISCO 1,U.S. Senate,,CON,Michael D. Sapraicone,41
Onondaga,OTISCO 1,U.S. Senate,,WOR,Kirsten E. Gillibrand,30
Onondaga,OTISCO 1,U.S. Senate,,LAR,Diane Sare,2
Onondaga,OTISCO 1,U.S. House,22,DEM,John W. Mannion,236
Onondaga,OTISCO 1,U.S. House,22,REP,Brandon M. Williams,369
Onondaga,OTISCO 1,U.S. House,22,CON,Brandon M. Williams,42
Onondaga,OTISCO 1,U.S. House,22,WOR,John W. Mannion,29
Onondaga,OTISCO 1,State Senate,48,DEM,Rachel May,220
Onondaga,OTISCO 1,State Senate,48,REP,Caleb C. Slater,408
Onondaga,OTISCO 1,State Senate,48,WOR,Rachel May,32
Onondaga,OTISCO 1,State Assembly,126,DEM,Ian Phillips,192
Onondaga,OTISCO 1,State Assembly,126,REP,John Lemondes Jr.,399
Onondaga,OTISCO 1,State Assembly,126,CON,John Lemondes Jr.,50
Onondaga,OTISCO 1,State Assembly,126,WOR,Ian Phillips,24
Onondaga,OTISCO 2,President,,DEM,Kamala D. Harris,296
Onondaga,OTISCO 2,President,,REP,Donald J. Trump,403
Onondaga,OTISCO 2,President,,CON,Donald J. Trump,60
Onondaga,OTISCO 2,President,,WOR,Kamala D. Harris,19
Onondaga,OTISCO 2,U.S. Senate,,DEM,Kirsten E. Gillibrand,298
Onondaga,OTISCO 2,U.S. Senate,,REP,Michael D. Sapraicone,370
Onondaga,OTISCO 2,U.S. Senate,,CON,Michael D. Sapraicone,60
Onondaga,OTISCO 2,U.S. Senate,,WOR,Kirsten E. Gillibrand,32
Onondaga,OTISCO 2,U.S. Senate,,LAR,Diane Sare,1
Onondaga,OTISCO 2,U.S. House,22,DEM,John W. Mannion,296
Onondaga,OTISCO 2,U.S. House,22,REP,Brandon M. Williams,384
Onondaga,OTISCO 2,U.S. House,22,CON,Brandon M. Williams,62
Onondaga,OTISCO 2,U.S. House,22,WOR,John W. Mannion,33
Onondaga,OTISCO 2,State Senate,48,DEM,Rachel May,287
Onondaga,OTISCO 2,State Senate,48,REP,Caleb C. Slater,423
Onondaga,OTISCO 2,State Senate,48,WOR,Rachel May,31
Onondaga,OTISCO 2,State Assembly,126,DEM,Ian Phillips,244
Onondaga,OTISCO 2,State Assembly,126,REP,John Lemondes Jr.,410
Onondaga,OTISCO 2,State Assembly,126,CON,John Lemondes Jr.,66
Onondaga,OTISCO 2,State Assembly,126,WOR,Ian Phillips,23
Onondaga,POMPEY 1,President,,DEM,Kamala D. Harris,335
Onondaga,POMPEY 1,President,,REP,Donald J. Trump,343
Onondaga,POMPEY 1,President,,CON,Donald J. Trump,51
Onondaga,POMPEY 1,President,,WOR,Kamala D. Harris,12
Onondaga,POMPEY 1,President,,,Write-in,2
Onondaga,POMPEY 1,U.S. Senate,,DEM,Kirsten E. Gillibrand,332
Onondaga,POMPEY 1,U.S. Senate,,REP,Michael D. Sapraicone,326
Onondaga,POMPEY 1,U.S. Senate,,CON,Michael D. Sapraicone,54
Onondaga,POMPEY 1,U.S. Senate,,WOR,Kirsten E. Gillibrand,19
Onondaga,POMPEY 1,U.S. Senate,,LAR,Diane Sare,4
Onondaga,POMPEY 1,U.S. Senate,,,Write-in,1
Onondaga,POMPEY 1,U.S. House,22,DEM,John W. Mannion,328
Onondaga,POMPEY 1,U.S. House,22,REP,Brandon M. Williams,341
Onondaga,POMPEY 1,U.S. House,22,CON,Brandon M. Williams,57
Onondaga,POMPEY 1,U.S. House,22,WOR,John W. Mannion,21
Onondaga,POMPEY 1,U.S. House,22,,Write-in,2
Onondaga,POMPEY 1,State Senate,48,DEM,Rachel May,321
Onondaga,POMPEY 1,State Senate,48,REP,Caleb C. Slater,383
Onondaga,POMPEY 1,State Senate,48,WOR,Rachel May,18
Onondaga,POMPEY 1,State Assembly,126,DEM,Ian Phillips,277
Onondaga,POMPEY 1,State Assembly,126,REP,John Lemondes Jr.,370
Onondaga,POMPEY 1,State Assembly,126,CON,John Lemondes Jr.,58
Onondaga,POMPEY 1,State Assembly,126,WOR,Ian Phillips,18
Onondaga,POMPEY 2,President,,DEM,Kamala D. Harris,287
Onondaga,POMPEY 2,President,,REP,Donald J. Trump,264
Onondaga,POMPEY 2,President,,CON,Donald J. Trump,36
Onondaga,POMPEY 2,President,,WOR,Kamala D. Harris,18
Onondaga,POMPEY 2,President,,,Write-in,6
Onondaga,POMPEY 2,U.S. Senate,,DEM,Kirsten E. Gillibrand,285
Onondaga,POMPEY 2,U.S. Senate,,REP,Michael D. Sapraicone,255
Onondaga,POMPEY 2,U.S. Senate,,CON,Michael D. Sapraicone,40
Onondaga,POMPEY 2,U.S. Senate,,WOR,Kirsten E. Gillibrand,24
Onondaga,POMPEY 2,U.S. Senate,,LAR,Diane Sare,2
Onondaga,POMPEY 2,U.S. Senate,,,Write-in,1
Onondaga,POMPEY 2,U.S. House,22,DEM,John W. Mannion,277
Onondaga,POMPEY 2,U.S. House,22,REP,Brandon M. Williams,267
Onondaga,POMPEY 2,U.S. House,22,CON,Brandon M. Williams,40
Onondaga,POMPEY 2,U.S. House,22,WOR,John W. Mannion,27
Onondaga,POMPEY 2,U.S. House,22,,Write-in,2
Onondaga,POMPEY 2,State Senate,48,DEM,Rachel May,281
Onondaga,POMPEY 2,State Senate,48,REP,Caleb C. Slater,281
Onondaga,POMPEY 2,State Senate,48,WOR,Rachel May,30
Onondaga,POMPEY 2,State Senate,48,,Write-in,1
Onondaga,POMPEY 2,State Assembly,126,DEM,Ian Phillips,247
Onondaga,POMPEY 2,State Assembly,126,REP,John Lemondes Jr.,283
Onondaga,POMPEY 2,State Assembly,126,CON,John Lemondes Jr.,53
Onondaga,POMPEY 2,State Assembly,126,WOR,Ian Phillips,23
Onondaga,POMPEY 3,President,,DEM,Kamala D. Harris,491
Onondaga,POMPEY 3,President,,REP,Donald J. Trump,314
Onondaga,POMPEY 3,President,,CON,Donald J. Trump,28
Onondaga,POMPEY 3,President,,WOR,Kamala D. Harris,18
Onondaga,POMPEY 3,President,,,Write-in,9
Onondaga,POMPEY 3,U.S. Senate,,DEM,Kirsten E. Gillibrand,481
Onondaga,POMPEY 3,U.S. Senate,,REP,Michael D. Sapraicone,320
Onondaga,POMPEY 3,U.S. Senate,,CON,Michael D. Sapraicone,28
Onondaga,POMPEY 3,U.S. Senate,,WOR,Kirsten E. Gillibrand,29
Onondaga,POMPEY 3,U.S. Senate,,LAR,Diane Sare,6
Onondaga,POMPEY 3,U.S. House,22,DEM,John W. Mannion,471
Onondaga,POMPEY 3,U.S. House,22,REP,Brandon M. Williams,336
Onondaga,POMPEY 3,U.S. House,22,CON,Brandon M. Williams,35
Onondaga,POMPEY 3,U.S. House,22,WOR,John W. Mannion,24
Onondaga,POMPEY 3,U.S. House,22,,Write-in,1
Onondaga,POMPEY 3,State Senate,48,DEM,Rachel May,460
Onondaga,POMPEY 3,State Senate,48,REP,Caleb C. Slater,352
Onondaga,POMPEY 3,State Senate,48,WOR,Rachel May,30
Onondaga,POMPEY 3,State Assembly,126,DEM,Ian Phillips,407
Onondaga,POMPEY 3,State Assembly,126,REP,John Lemondes Jr.,375
Onondaga,POMPEY 3,State Assembly,126,CON,John Lemondes Jr.,36
Onondaga,POMPEY 3,State Assembly,126,WOR,Ian Phillips,24
Onondaga,POMPEY 3,State Assembly,126,,Write-in,1
Onondaga,POMPEY 4,President,,DEM,Kamala D. Harris,444
Onondaga,POMPEY 4,President,,REP,Donald J. Trump,315
Onondaga,POMPEY 4,President,,CON,Donald J. Trump,51
Onondaga,POMPEY 4,President,,WOR,Kamala D. Harris,15
Onondaga,POMPEY 4,President,,,Write-in,5
Onondaga,POMPEY 4,U.S. Senate,,DEM,Kirsten E. Gillibrand,441
Onondaga,POMPEY 4,U.S. Senate,,REP,Michael D. Sapraicone,295
Onondaga,POMPEY 4,U.S. Senate,,CON,Michael D. Sapraicone,55
Onondaga,POMPEY 4,U.S. Senate,,WOR,Kirsten E. Gillibrand,28
Onondaga,POMPEY 4,U.S. Senate,,LAR,Diane Sare,5
Onondaga,POMPEY 4,U.S. Senate,,,Write-in,1
Onondaga,POMPEY 4,U.S. House,22,DEM,John W. Mannion,433
Onondaga,POMPEY 4,U.S. House,22,REP,Brandon M. Williams,304
Onondaga,POMPEY 4,U.S. House,22,CON,Brandon M. Williams,62
Onondaga,POMPEY 4,U.S. House,22,WOR,John W. Mannion,26
Onondaga,POMPEY 4,U.S. House,22,,Write-in,1
Onondaga,POMPEY 4,State Senate,48,DEM,Rachel May,424
Onondaga,POMPEY 4,State Senate,48,REP,Caleb C. Slater,353
Onondaga,POMPEY 4,State Senate,48,WOR,Rachel May,34
Onondaga,POMPEY 4,State Senate,48,,Write-in,1
Onondaga,POMPEY 4,State Assembly,126,DEM,Ian Phillips,394
Onondaga,POMPEY 4,State Assembly,126,REP,John Lemondes Jr.,338
Onondaga,POMPEY 4,State Assembly,126,CON,John Lemondes Jr.,64
Onondaga,POMPEY 4,State Assembly,126,WOR,Ian Phillips,23
Onondaga,POMPEY 5,President,,DEM,Kamala D. Harris,272
Onondaga,POMPEY 5,President,,REP,Donald J. Trump,407
Onondaga,POMPEY 5,President,,CON,Donald J. Trump,55
Onondaga,POMPEY 5,President,,WOR,Kamala D. Harris,15
Onondaga,POMPEY 5,President,,,Write-in,2
Onondaga,POMPEY 5,U.S. Senate,,DEM,Kirsten E. Gillibrand,277
Onondaga,POMPEY 5,U.S. Senate,,REP,Michael D. Sapraicone,366
Onondaga,POMPEY 5,U.S. Senate,,CON,Michael D. Sapraicone,64
Onondaga,POMPEY 5,U.S. Senate,,WOR,Kirsten E. Gillibrand,28
Onondaga,POMPEY 5,U.S. Senate,,LAR,Diane Sare,1
Onondaga,POMPEY 5,U.S. House,22,DEM,John W. Mannion,277
Onondaga,POMPEY 5,U.S. House,22,REP,Brandon M. Williams,381
Onondaga,POMPEY 5,U.S. House,22,CON,Brandon M. Williams,65
Onondaga,POMPEY 5,U.S. House,22,WOR,John W. Mannion,23
Onondaga,POMPEY 5,U.S. House,22,,Write-in,1
Onondaga,POMPEY 5,State Senate,48,DEM,Rachel May,280
Onondaga,POMPEY 5,State Senate,48,REP,Caleb C. Slater,417
Onondaga,POMPEY 5,State Senate,48,WOR,Rachel May,26
Onondaga,POMPEY 5,State Senate,48,,Write-in,1
Onondaga,POMPEY 5,State Assembly,126,DEM,Ian Phillips,227
Onondaga,POMPEY 5,State Assembly,126,REP,John Lemondes Jr.,416
Onondaga,POMPEY 5,State Assembly,126,CON,John Lemondes Jr.,63
Onondaga,POMPEY 5,State Assembly,126,WOR,Ian Phillips,22
Onondaga,POMPEY 6,President,,DEM,Kamala D. Harris,337
Onondaga,POMPEY 6,President,,REP,Donald J. Trump,241
Onondaga,POMPEY 6,President,,CON,Donald J. Trump,34
Onondaga,POMPEY 6,President,,WOR,Kamala D. Harris,20
Onondaga,POMPEY 6,President,,,Write-in,9
Onondaga,POMPEY 6,U.S. Senate,,DEM,Kirsten E. Gillibrand,345
Onondaga,POMPEY 6,U.S. Senate,,REP,Michael D. Sapraicone,234
Onondaga,POMPEY 6,U.S. Senate,,CON,Michael D. Sapraicone,31
Onondaga,POMPEY 6,U.S. Senate,,WOR,Kirsten E. Gillibrand,27
Onondaga,POMPEY 6,U.S. Senate,,LAR,Diane Sare,2
Onondaga,POMPEY 6,U.S. Senate,,,Write-in,1
Onondaga,POMPEY 6,U.S. House,22,DEM,John W. Mannion,336
Onondaga,POMPEY 6,U.S. House,22,REP,Brandon M. Williams,240
Onondaga,POMPEY 6,U.S. House,22,CON,Brandon M. Williams,36
Onondaga,POMPEY 6,U.S. House,22,WOR,John W. Mannion,28
Onondaga,POMPEY 6,U.S. House,22,,Write-in,1
Onondaga,POMPEY 6,State Senate,48,DEM,Rachel May,325
Onondaga,POMPEY 6,State Senate,48,REP,Caleb C. Slater,274
Onondaga,POMPEY 6,State Senate,48,WOR,Rachel May,32
Onondaga,POMPEY 6,State Assembly,126,DEM,Ian Phillips,294
Onondaga,POMPEY 6,State Assembly,126,REP,John Lemondes Jr.,275
Onondaga,POMPEY 6,State Assembly,126,CON,John Lemondes Jr.,43
Onondaga,POMPEY 6,State Assembly,126,WOR,Ian Phillips,20
Onondaga,POMPEY 6,State Assembly,126,,Write-in,1
Onondaga,SALINA 1,President,,DEM,Kamala D. Harris,430
Onondaga,SALINA 1,President,,REP,Donald J. Trump,279
Onondaga,SALINA 1,President,,CON,Donald J. Trump,35
Onondaga,SALINA 1,President,,WOR,Kamala D. Harris,22
Onondaga,SALINA 1,President,,,Write-in,3
Onondaga,SALINA 1,U.S. Senate,,DEM,Kirsten E. Gillibrand,417
Onondaga,SALINA 1,U.S. Senate,,REP,Michael D. Sapraicone,250
Onondaga,SALINA 1,U.S. Senate,,CON,Michael D. Sapraicone,44
Onondaga,SALINA 1,U.S. Senate,,WOR,Kirsten E. Gillibrand,37
Onondaga,SALINA 1,U.S. Senate,,LAR,Diane Sare,1
Onondaga,SALINA 1,U.S. Senate,,,Write-in,1
Onondaga,SALINA 1,U.S. House,22,DEM,John W. Mannion,415
Onondaga,SALINA 1,U.S. House,22,REP,Brandon M. Williams,255
Onondaga,SALINA 1,U.S. House,22,CON,Brandon M. Williams,48
Onondaga,SALINA 1,U.S. House,22,WOR,John W. Mannion,34
Onondaga,SALINA 1,State Senate,50,DEM,Christopher J. Ryan,392
Onondaga,SALINA 1,State Senate,50,REP,Nick Paro,277
Onondaga,SALINA 1,State Senate,50,CON,Nick Paro,43
Onondaga,SALINA 1,State Senate,50,WOR,Christopher J. Ryan,35
Onondaga,SALINA 1,State Assembly,128,DEM,Pamela Jo Hunter,394
Onondaga,SALINA 1,State Assembly,128,REP,Daniel A. Ciciarelli,268
Onondaga,SALINA 1,State Assembly,128,CON,Daniel A. Ciciarelli,48
Onondaga,SALINA 1,State Assembly,128,WOR,Pamela Jo Hunter,32
Onondaga,SALINA 3,President,,DEM,Kamala D. Harris,545
Onondaga,SALINA 3,President,,REP,Donald J. Trump,235
Onondaga,SALINA 3,President,,CON,Donald J. Trump,32
Onondaga,SALINA 3,President,,WOR,Kamala D. Harris,32
Onondaga,SALINA 3,President,,,Write-in,2
Onondaga,SALINA 3,U.S. Senate,,DEM,Kirsten E. Gillibrand,538
Onondaga,SALINA 3,U.S. Senate,,REP,Michael D. Sapraicone,219
Onondaga,SALINA 3,U.S. Senate,,CON,Michael D. Sapraicone,36
Onondaga,SALINA 3,U.S. Senate,,WOR,Kirsten E. Gillibrand,40
Onondaga,SALINA 3,U.S. Senate,,LAR,Diane Sare,3
Onondaga,SALINA 3,U.S. House,22,DEM,John W. Mannion,544
Onondaga,SALINA 3,U.S. House,22,REP,Brandon M. Williams,221
Onondaga,SALINA 3,U.S. House,22,CON,Brandon M. Williams,39
Onondaga,SALINA 3,U.S. House,22,WOR,John W. Mannion,34
Onondaga,SALINA 3,U.S. House,22,,Write-in,1
Onondaga,SALINA 3,State Senate,50,DEM,Christopher J. Ryan,492
Onondaga,SALINA 3,State Senate,50,REP,Nick Paro,265
Onondaga,SALINA 3,State Senate,50,CON,Nick Paro,40
Onondaga,SALINA 3,State Senate,50,WOR,Christopher J. Ryan,29
Onondaga,SALINA 3,State Assembly,128,DEM,Pamela Jo Hunter,504
Onondaga,SALINA 3,State Assembly,128,REP,Daniel A. Ciciarelli,249
Onondaga,SALINA 3,State Assembly,128,CON,Daniel A. Ciciarelli,40
Onondaga,SALINA 3,State Assembly,128,WOR,Pamela Jo Hunter,32
Onondaga,SALINA 3,State Assembly,128,,Write-in,2
Onondaga,SALINA 4,President,,DEM,Kamala D. Harris,365
Onondaga,SALINA 4,President,,REP,Donald J. Trump,198
Onondaga,SALINA 4,President,,CON,Donald J. Trump,17
Onondaga,SALINA 4,President,,WOR,Kamala D. Harris,22
Onondaga,SALINA 4,President,,,Write-in,4
Onondaga,SALINA 4,U.S. Senate,,DEM,Kirsten E. Gillibrand,361
Onondaga,SALINA 4,U.S. Senate,,REP,Michael D. Sapraicone,178
Onondaga,SALINA 4,U.S. Senate,,CON,Michael D. Sapraicone,21
Onondaga,SALINA 4,U.S. Senate,,WOR,Kirsten E. Gillibrand,29
Onondaga,SALINA 4,U.S. Senate,,LAR,Diane Sare,3
Onondaga,SALINA 4,U.S. House,22,DEM,John W. Mannion,359
Onondaga,SALINA 4,U.S. House,22,REP,Brandon M. Williams,190
Onondaga,SALINA 4,U.S. House,22,CON,Brandon M. Williams,18
Onondaga,SALINA 4,U.S. House,22,WOR,John W. Mannion,33
Onondaga,SALINA 4,State Senate,50,DEM,Christopher J. Ryan,325
Onondaga,SALINA 4,State Senate,50,REP,Nick Paro,209
Onondaga,SALINA 4,State Senate,50,CON,Nick Paro,25
Onondaga,SALINA 4,State Senate,50,WOR,Christopher J. Ryan,30
Onondaga,SALINA 4,State Assembly,128,DEM,Pamela Jo Hunter,327
Onondaga,SALINA 4,State Assembly,128,REP,Daniel A. Ciciarelli,206
Onondaga,SALINA 4,State Assembly,128,CON,Daniel A. Ciciarelli,22
Onondaga,SALINA 4,State Assembly,128,WOR,Pamela Jo Hunter,27
Onondaga,SALINA 6,President,,DEM,Kamala D. Harris,202
Onondaga,SALINA 6,President,,REP,Donald J. Trump,117
Onondaga,SALINA 6,President,,CON,Donald J. Trump,12
Onondaga,SALINA 6,President,,WOR,Kamala D. Harris,7
Onondaga,SALINA 6,President,,,Write-in,2
Onondaga,SALINA 6,U.S. Senate,,DEM,Kirsten E. Gillibrand,208
Onondaga,SALINA 6,U.S. Senate,,REP,Michael D. Sapraicone,106
Onondaga,SALINA 6,U.S. Senate,,CON,Michael D. Sapraicone,16
Onondaga,SALINA 6,U.S. Senate,,WOR,Kirsten E. Gillibrand,10
Onondaga,SALINA 6,U.S. House,22,DEM,John W. Mannion,195
Onondaga,SALINA 6,U.S. House,22,REP,Brandon M. Williams,115
Onondaga,SALINA 6,U.S. House,22,CON,Brandon M. Williams,16
Onondaga,SALINA 6,U.S. House,22,WOR,John W. Mannion,11
Onondaga,SALINA 6,U.S. House,22,,Write-in,1
Onondaga,SALINA 6,State Senate,50,DEM,Christopher J. Ryan,185
Onondaga,SALINA 6,State Senate,50,REP,Nick Paro,126
Onondaga,SALINA 6,State Senate,50,CON,Nick Paro,14
Onondaga,SALINA 6,State Senate,50,WOR,Christopher J. Ryan,10
Onondaga,SALINA 6,State Assembly,128,DEM,Pamela Jo Hunter,191
Onondaga,SALINA 6,State Assembly,128,REP,Daniel A. Ciciarelli,116
Onondaga,SALINA 6,State Assembly,128,CON,Daniel A. Ciciarelli,16
Onondaga,SALINA 6,State Assembly,128,WOR,Pamela Jo Hunter,10
Onondaga,SALINA 14,President,,DEM,Kamala D. Harris,451
Onondaga,SALINA 14,President,,REP,Donald J. Trump,322
Onondaga,SALINA 14,President,,CON,Donald J. Trump,37
Onondaga,SALINA 14,President,,WOR,Kamala D. Harris,20
Onondaga,SALINA 14,President,,,Write-in,3
Onondaga,SALINA 14,U.S. Senate,,DEM,Kirsten E. Gillibrand,458
Onondaga,SALINA 14,U.S. Senate,,REP,Michael D. Sapraicone,297
Onondaga,SALINA 14,U.S. Senate,,CON,Michael D. Sapraicone,44
Onondaga,SALINA 14,U.S. Senate,,WOR,Kirsten E. Gillibrand,30
Onondaga,SALINA 14,U.S. Senate,,LAR,Diane Sare,6
Onondaga,SALINA 14,U.S. Senate,,,Write-in,1
Onondaga,SALINA 14,U.S. House,22,DEM,John W. Mannion,443
Onondaga,SALINA 14,U.S. House,22,REP,Brandon M. Williams,317
Onondaga,SALINA 14,U.S. House,22,CON,Brandon M. Williams,45
Onondaga,SALINA 14,U.S. House,22,WOR,John W. Mannion,32
Onondaga,SALINA 14,U.S. House,22,,Write-in,1
Onondaga,SALINA 14,State Senate,50,DEM,Christopher J. Ryan,404
Onondaga,SALINA 14,State Senate,50,REP,Nick Paro,345
Onondaga,SALINA 14,State Senate,50,CON,Nick Paro,51
Onondaga,SALINA 14,State Senate,50,WOR,Christopher J. Ryan,31
Onondaga,SALINA 14,State Assembly,128,DEM,Pamela Jo Hunter,405
Onondaga,SALINA 14,State Assembly,128,REP,Daniel A. Ciciarelli,339
Onondaga,SALINA 14,State Assembly,128,CON,Daniel A. Ciciarelli,48
Onondaga,SALINA 14,State Assembly,128,WOR,Pamela Jo Hunter,34
Onondaga,SALINA 22,President,,DEM,Kamala D. Harris,372
Onondaga,SALINA 22,President,,REP,Donald J. Trump,269
Onondaga,SALINA 22,President,,CON,Donald J. Trump,38
Onondaga,SALINA 22,President,,WOR,Kamala D. Harris,17
Onondaga,SALINA 22,President,,,Write-in,1
Onondaga,SALINA 22,U.S. Senate,,DEM,Kirsten E. Gillibrand,369
Onondaga,SALINA 22,U.S. Senate,,REP,Michael D. Sapraicone,254
Onondaga,SALINA 22,U.S. Senate,,CON,Michael D. Sapraicone,41
Onondaga,SALINA 22,U.S. Senate,,WOR,Kirsten E. Gillibrand,22
Onondaga,SALINA 22,U.S. Senate,,LAR,Diane Sare,2
Onondaga,SALINA 22,U.S. Senate,,,Write-in,1
Onondaga,SALINA 22,U.S. House,22,DEM,John W. Mannion,375
Onondaga,SALINA 22,U.S. House,22,REP,Brandon M. Williams,253
Onondaga,SALINA 22,U.S. House,22,CON,Brandon M. Williams,42
Onondaga,SALINA 22,U.S. House,22,WOR,John W. Mannion,26
Onondaga,SALINA 22,State Senate,50,DEM,Christopher J. Ryan,343
Onondaga,SALINA 22,State Senate,50,REP,Nick Paro,277
Onondaga,SALINA 22,State Senate,50,CON,Nick Paro,45
Onondaga,SALINA 22,State Senate,50,WOR,Christopher J. Ryan,29
Onondaga,SALINA 22,State Assembly,128,DEM,Pamela Jo Hunter,361
Onondaga,SALINA 22,State Assembly,128,REP,Daniel A. Ciciarelli,260
Onondaga,SALINA 22,State Assembly,128,CON,Daniel A. Ciciarelli,41
Onondaga,SALINA 22,State Assembly,128,WOR,Pamela Jo Hunter,23
Onondaga,SALINA 24,President,,DEM,Kamala D. Harris,378
Onondaga,SALINA 24,President,,REP,Donald J. Trump,291
Onondaga,SALINA 24,President,,CON,Donald J. Trump,45
Onondaga,SALINA 24,President,,WOR,Kamala D. Harris,19
Onondaga,SALINA 24,President,,,Write-in,4
Onondaga,SALINA 24,U.S. Senate,,DEM,Kirsten E. Gillibrand,379
Onondaga,SALINA 24,U.S. Senate,,REP,Michael D. Sapraicone,254
Onondaga,SALINA 24,U.S. Senate,,CON,Michael D. Sapraicone,46
Onondaga,SALINA 24,U.S. Senate,,WOR,Kirsten E. Gillibrand,31
Onondaga,SALINA 24,U.S. Senate,,LAR,Diane Sare,4
Onondaga,SALINA 24,U.S. House,22,DEM,John W. Mannion,381
Onondaga,SALINA 24,U.S. House,22,REP,Brandon M. Williams,266
Onondaga,SALINA 24,U.S. House,22,CON,Brandon M. Williams,43
Onondaga,SALINA 24,U.S. House,22,WOR,John W. Mannion,32
Onondaga,SALINA 24,State Senate,50,DEM,Christopher J. Ryan,356
Onondaga,SALINA 24,State Senate,50,REP,Nick Paro,282
Onondaga,SALINA 24,State Senate,50,CON,Nick Paro,52
Onondaga,SALINA 24,State Senate,50,WOR,Christopher J. Ryan,31
Onondaga,SALINA 24,State Assembly,128,DEM,Pamela Jo Hunter,360
Onondaga,SALINA 24,State Assembly,128,REP,Daniel A. Ciciarelli,276
Onondaga,SALINA 24,State Assembly,128,CON,Daniel A. Ciciarelli,48
Onondaga,SALINA 24,State Assembly,128,WOR,Pamela Jo Hunter,31
Onondaga,SALINA 5,President,,DEM,Kamala D. Harris,219
Onondaga,SALINA 5,President,,REP,Donald J. Trump,183
Onondaga,SALINA 5,President,,CON,Donald J. Trump,22
Onondaga,SALINA 5,President,,WOR,Kamala D. Harris,12
Onondaga,SALINA 5,President,,,Write-in,3
Onondaga,SALINA 5,U.S. Senate,,DEM,Kirsten E. Gillibrand,221
Onondaga,SALINA 5,U.S. Senate,,REP,Michael D. Sapraicone,171
Onondaga,SALINA 5,U.S. Senate,,CON,Michael D. Sapraicone,24
Onondaga,SALINA 5,U.S. Senate,,WOR,Kirsten E. Gillibrand,19
Onondaga,SALINA 5,U.S. Senate,,LAR,Diane Sare,1
Onondaga,SALINA 5,U.S. House,22,DEM,John W. Mannion,217
Onondaga,SALINA 5,U.S. House,22,REP,Brandon M. Williams,178
Onondaga,SALINA 5,U.S. House,22,CON,Brandon M. Williams,25
Onondaga,SALINA 5,U.S. House,22,WOR,John W. Mannion,16
Onondaga,SALINA 5,State Senate,50,DEM,Christopher J. Ryan,203
Onondaga,SALINA 5,State Senate,50,REP,Nick Paro,192
Onondaga,SALINA 5,State Senate,50,CON,Nick Paro,27
Onondaga,SALINA 5,State Senate,50,WOR,Christopher J. Ryan,15
Onondaga,SALINA 5,State Assembly,128,DEM,Pamela Jo Hunter,203
Onondaga,SALINA 5,State Assembly,128,REP,Daniel A. Ciciarelli,190
Onondaga,SALINA 5,State Assembly,128,CON,Daniel A. Ciciarelli,28
Onondaga,SALINA 5,State Assembly,128,WOR,Pamela Jo Hunter,14
Onondaga,SALINA 7,President,,DEM,Kamala D. Harris,280
Onondaga,SALINA 7,President,,REP,Donald J. Trump,196
Onondaga,SALINA 7,President,,CON,Donald J. Trump,24
Onondaga,SALINA 7,President,,WOR,Kamala D. Harris,23
Onondaga,SALINA 7,President,,,Write-in,4
Onondaga,SALINA 7,U.S. Senate,,DEM,Kirsten E. Gillibrand,278
Onondaga,SALINA 7,U.S. Senate,,REP,Michael D. Sapraicone,176
Onondaga,SALINA 7,U.S. Senate,,CON,Michael D. Sapraicone,29
Onondaga,SALINA 7,U.S. Senate,,WOR,Kirsten E. Gillibrand,32
Onondaga,SALINA 7,U.S. Senate,,LAR,Diane Sare,4
Onondaga,SALINA 7,U.S. Senate,,,Write-in,1
Onondaga,SALINA 7,U.S. House,22,DEM,John W. Mannion,288
Onondaga,SALINA 7,U.S. House,22,REP,Brandon M. Williams,173
Onondaga,SALINA 7,U.S. House,22,CON,Brandon M. Williams,27
Onondaga,SALINA 7,U.S. House,22,WOR,John W. Mannion,36
Onondaga,SALINA 7,U.S. House,22,,Write-in,1
Onondaga,SALINA 7,State Senate,50,DEM,Christopher J. Ryan,259
Onondaga,SALINA 7,State Senate,50,REP,Nick Paro,191
Onondaga,SALINA 7,State Senate,50,CON,Nick Paro,30
Onondaga,SALINA 7,State Senate,50,WOR,Christopher J. Ryan,33
Onondaga,SALINA 7,State Senate,50,,Write-in,1
Onondaga,SALINA 7,State Assembly,128,DEM,Pamela Jo Hunter,265
Onondaga,SALINA 7,State Assembly,128,REP,Daniel A. Ciciarelli,180
Onondaga,SALINA 7,State Assembly,128,CON,Daniel A. Ciciarelli,28
Onondaga,SALINA 7,State Assembly,128,WOR,Pamela Jo Hunter,35
Onondaga,SALINA 7,State Assembly,128,,Write-in,2
Onondaga,SALINA 8,President,,DEM,Kamala D. Harris,267
Onondaga,SALINA 8,President,,REP,Donald J. Trump,228
Onondaga,SALINA 8,President,,CON,Donald J. Trump,26
Onondaga,SALINA 8,President,,WOR,Kamala D. Harris,23
Onondaga,SALINA 8,President,,,Write-in,5
Onondaga,SALINA 8,U.S. Senate,,DEM,Kirsten E. Gillibrand,283
Onondaga,SALINA 8,U.S. Senate,,REP,Michael D. Sapraicone,198
Onondaga,SALINA 8,U.S. Senate,,CON,Michael D. Sapraicone,28
Onondaga,SALINA 8,U.S. Senate,,WOR,Kirsten E. Gillibrand,30
Onondaga,SALINA 8,U.S. Senate,,LAR,Diane Sare,2
Onondaga,SALINA 8,U.S. Senate,,,Write-in,2
Onondaga,SALINA 8,U.S. House,22,DEM,John W. Mannion,272
Onondaga,SALINA 8,U.S. House,22,REP,Brandon M. Williams,214
Onondaga,SALINA 8,U.S. House,22,CON,Brandon M. Williams,28
Onondaga,SALINA 8,U.S. House,22,WOR,John W. Mannion,27
Onondaga,SALINA 8,U.S. House,22,,Write-in,2
Onondaga,SALINA 8,State Senate,50,DEM,Christopher J. Ryan,248
Onondaga,SALINA 8,State Senate,50,REP,Nick Paro,237
Onondaga,SALINA 8,State Senate,50,CON,Nick Paro,29
Onondaga,SALINA 8,State Senate,50,WOR,Christopher J. Ryan,28
Onondaga,SALINA 8,State Senate,50,,Write-in,2
Onondaga,SALINA 8,State Assembly,128,DEM,Pamela Jo Hunter,264
Onondaga,SALINA 8,State Assembly,128,REP,Daniel A. Ciciarelli,217
Onondaga,SALINA 8,State Assembly,128,CON,Daniel A. Ciciarelli,31
Onondaga,SALINA 8,State Assembly,128,WOR,Pamela Jo Hunter,29
Onondaga,SALINA 8,State Assembly,128,,Write-in,2
Onondaga,SALINA 11,President,,DEM,Kamala D. Harris,223
Onondaga,SALINA 11,President,,REP,Donald J. Trump,186
Onondaga,SALINA 11,President,,CON,Donald J. Trump,15
Onondaga,SALINA 11,President,,WOR,Kamala D. Harris,7
Onondaga,SALINA 11,U.S. Senate,,DEM,Kirsten E. Gillibrand,223
Onondaga,SALINA 11,U.S. Senate,,REP,Michael D. Sapraicone,171
Onondaga,SALINA 11,U.S. Senate,,CON,Michael D. Sapraicone,14
Onondaga,SALINA 11,U.S. Senate,,WOR,Kirsten E. Gillibrand,15
Onondaga,SALINA 11,U.S. Senate,,LAR,Diane Sare,2
Onondaga,SALINA 11,U.S. House,22,DEM,John W. Mannion,216
Onondaga,SALINA 11,U.S. House,22,REP,Brandon M. Williams,185
Onondaga,SALINA 11,U.S. House,22,CON,Brandon M. Williams,13
Onondaga,SALINA 11,U.S. House,22,WOR,John W. Mannion,15
Onondaga,SALINA 11,State Senate,50,DEM,Christopher J. Ryan,210
Onondaga,SALINA 11,State Senate,50,REP,Nick Paro,183
Onondaga,SALINA 11,State Senate,50,CON,Nick Paro,17
Onondaga,SALINA 11,State Senate,50,WOR,Christopher J. Ryan,15
Onondaga,SALINA 11,State Assembly,128,DEM,Pamela Jo Hunter,210
Onondaga,SALINA 11,State Assembly,128,REP,Daniel A. Ciciarelli,191
Onondaga,SALINA 11,State Assembly,128,CON,Daniel A. Ciciarelli,16
Onondaga,SALINA 11,State Assembly,128,WOR,Pamela Jo Hunter,12
Onondaga,SALINA 12,President,,DEM,Kamala D. Harris,305
Onondaga,SALINA 12,President,,REP,Donald J. Trump,222
Onondaga,SALINA 12,President,,CON,Donald J. Trump,24
Onondaga,SALINA 12,President,,WOR,Kamala D. Harris,18
Onondaga,SALINA 12,President,,,Write-in,2
Onondaga,SALINA 12,U.S. Senate,,DEM,Kirsten E. Gillibrand,298
Onondaga,SALINA 12,U.S. Senate,,REP,Michael D. Sapraicone,218
Onondaga,SALINA 12,U.S. Senate,,CON,Michael D. Sapraicone,26
Onondaga,SALINA 12,U.S. Senate,,WOR,Kirsten E. Gillibrand,22
Onondaga,SALINA 12,U.S. Senate,,LAR,Diane Sare,1
Onondaga,SALINA 12,U.S. Senate,,,Write-in,1
Onondaga,SALINA 12,U.S. House,22,DEM,John W. Mannion,303
Onondaga,SALINA 12,U.S. House,22,REP,Brandon M. Williams,222
Onondaga,SALINA 12,U.S. House,22,CON,Brandon M. Williams,29
Onondaga,SALINA 12,U.S. House,22,WOR,John W. Mannion,16
Onondaga,SALINA 12,U.S. House,22,,Write-in,1
Onondaga,SALINA 12,State Senate,50,DEM,Christopher J. Ryan,280
Onondaga,SALINA 12,State Senate,50,REP,Nick Paro,236
Onondaga,SALINA 12,State Senate,50,CON,Nick Paro,28
Onondaga,SALINA 12,State Senate,50,WOR,Christopher J. Ryan,21
Onondaga,SALINA 12,State Senate,50,,Write-in,1
Onondaga,SALINA 12,State Assembly,128,DEM,Pamela Jo Hunter,272
Onondaga,SALINA 12,State Assembly,128,REP,Daniel A. Ciciarelli,242
Onondaga,SALINA 12,State Assembly,128,CON,Daniel A. Ciciarelli,28
Onondaga,SALINA 12,State Assembly,128,WOR,Pamela Jo Hunter,16
Onondaga,SALINA 12,State Assembly,128,,Write-in,1
Onondaga,SALINA 13,President,,DEM,Kamala D. Harris,220
Onondaga,SALINA 13,President,,REP,Donald J. Trump,223
Onondaga,SALINA 13,President,,CON,Donald J. Trump,31
Onondaga,SALINA 13,President,,WOR,Kamala D. Harris,20
Onondaga,SALINA 13,President,,,Write-in,2
Onondaga,SALINA 13,U.S. Senate,,DEM,Kirsten E. Gillibrand,229
Onondaga,SALINA 13,U.S. Senate,,REP,Michael D. Sapraicone,193
Onondaga,SALINA 13,U.S. Senate,,CON,Michael D. Sapraicone,31
Onondaga,SALINA 13,U.S. Senate,,WOR,Kirsten E. Gillibrand,28
Onondaga,SALINA 13,U.S. Senate,,LAR,Diane Sare,2
Onondaga,SALINA 13,U.S. House,22,DEM,John W. Mannion,230
Onondaga,SALINA 13,U.S. House,22,REP,Brandon M. Williams,204
Onondaga,SALINA 13,U.S. House,22,CON,Brandon M. Williams,28
Onondaga,SALINA 13,U.S. House,22,WOR,John W. Mannion,27
Onondaga,SALINA 13,State Senate,50,DEM,Christopher J. Ryan,209
Onondaga,SALINA 13,State Senate,50,REP,Nick Paro,223
Onondaga,SALINA 13,State Senate,50,CON,Nick Paro,30
Onondaga,SALINA 13,State Senate,50,WOR,Christopher J. Ryan,23
Onondaga,SALINA 13,State Assembly,128,DEM,Pamela Jo Hunter,206
Onondaga,SALINA 13,State Assembly,128,REP,Daniel A. Ciciarelli,219
Onondaga,SALINA 13,State Assembly,128,CON,Daniel A. Ciciarelli,30
Onondaga,SALINA 13,State Assembly,128,WOR,Pamela Jo Hunter,26
Onondaga,SALINA 29,President,,DEM,Kamala D. Harris,314
Onondaga,SALINA 29,President,,REP,Donald J. Trump,188
Onondaga,SALINA 29,President,,CON,Donald J. Trump,16
Onondaga,SALINA 29,President,,WOR,Kamala D. Harris,16
Onondaga,SALINA 29,U.S. Senate,,DEM,Kirsten E. Gillibrand,308
Onondaga,SALINA 29,U.S. Senate,,REP,Michael D. Sapraicone,168
Onondaga,SALINA 29,U.S. Senate,,CON,Michael D. Sapraicone,20
Onondaga,SALINA 29,U.S. Senate,,WOR,Kirsten E. Gillibrand,29
Onondaga,SALINA 29,U.S. House,22,DEM,John W. Mannion,301
Onondaga,SALINA 29,U.S. House,22,REP,Brandon M. Williams,180
Onondaga,SALINA 29,U.S. House,22,CON,Brandon M. Williams,17
Onondaga,SALINA 29,U.S. House,22,WOR,John W. Mannion,26
Onondaga,SALINA 29,State Senate,50,DEM,Christopher J. Ryan,279
Onondaga,SALINA 29,State Senate,50,REP,Nick Paro,196
Onondaga,SALINA 29,State Senate,50,CON,Nick Paro,19
Onondaga,SALINA 29,State Senate,50,WOR,Christopher J. Ryan,27
Onondaga,SALINA 29,State Assembly,128,DEM,Pamela Jo Hunter,297
Onondaga,SALINA 29,State Assembly,128,REP,Daniel A. Ciciarelli,182
Onondaga,SALINA 29,State Assembly,128,CON,Daniel A. Ciciarelli,18
Onondaga,SALINA 29,State Assembly,128,WOR,Pamela Jo Hunter,21
Onondaga,SALINA 30,President,,DEM,Kamala D. Harris,368
Onondaga,SALINA 30,President,,REP,Donald J. Trump,276
Onondaga,SALINA 30,President,,CON,Donald J. Trump,26
Onondaga,SALINA 30,President,,WOR,Kamala D. Harris,24
Onondaga,SALINA 30,President,,,Write-in,1
Onondaga,SALINA 30,U.S. Senate,,DEM,Kirsten E. Gillibrand,367
Onondaga,SALINA 30,U.S. Senate,,REP,Michael D. Sapraicone,254
Onondaga,SALINA 30,U.S. Senate,,CON,Michael D. Sapraicone,32
Onondaga,SALINA 30,U.S. Senate,,WOR,Kirsten E. Gillibrand,33
Onondaga,SALINA 30,U.S. Senate,,LAR,Diane Sare,3
Onondaga,SALINA 30,U.S. Senate,,,Write-in,2
Onondaga,SALINA 30,U.S. House,22,DEM,John W. Mannion,370
Onondaga,SALINA 30,U.S. House,22,REP,Brandon M. Williams,257
Onondaga,SALINA 30,U.S. House,22,CON,Brandon M. Williams,34
Onondaga,SALINA 30,U.S. House,22,WOR,John W. Mannion,29
Onondaga,SALINA 30,U.S. House,22,,Write-in,1
Onondaga,SALINA 30,State Senate,50,DEM,Christopher J. Ryan,348
Onondaga,SALINA 30,State Senate,50,REP,Nick Paro,277
Onondaga,SALINA 30,State Senate,50,CON,Nick Paro,37
Onondaga,SALINA 30,State Senate,50,WOR,Christopher J. Ryan,27
Onondaga,SALINA 30,State Assembly,128,DEM,Pamela Jo Hunter,330
Onondaga,SALINA 30,State Assembly,128,REP,Daniel A. Ciciarelli,290
Onondaga,SALINA 30,State Assembly,128,CON,Daniel A. Ciciarelli,37
Onondaga,SALINA 30,State Assembly,128,WOR,Pamela Jo Hunter,27
Onondaga,SALINA 30,State Assembly,128,,Write-in,1
Onondaga,SALINA 2,President,,DEM,Kamala D. Harris,282
Onondaga,SALINA 2,President,,REP,Donald J. Trump,202
Onondaga,SALINA 2,President,,CON,Donald J. Trump,19
Onondaga,SALINA 2,President,,WOR,Kamala D. Harris,11
Onondaga,SALINA 2,President,,,Write-in,1
Onondaga,SALINA 2,U.S. Senate,,DEM,Kirsten E. Gillibrand,275
Onondaga,SALINA 2,U.S. Senate,,REP,Michael D. Sapraicone,187
Onondaga,SALINA 2,U.S. Senate,,CON,Michael D. Sapraicone,28
Onondaga,SALINA 2,U.S. Senate,,WOR,Kirsten E. Gillibrand,18
Onondaga,SALINA 2,U.S. House,22,DEM,John W. Mannion,275
Onondaga,SALINA 2,U.S. House,22,REP,Brandon M. Williams,189
Onondaga,SALINA 2,U.S. House,22,CON,Brandon M. Williams,30
Onondaga,SALINA 2,U.S. House,22,WOR,John W. Mannion,18
Onondaga,SALINA 2,State Senate,50,DEM,Christopher J. Ryan,268
Onondaga,SALINA 2,State Senate,50,REP,Nick Paro,191
Onondaga,SALINA 2,State Senate,50,CON,Nick Paro,23
Onondaga,SALINA 2,State Senate,50,WOR,Christopher J. Ryan,20
Onondaga,SALINA 2,State Assembly,128,DEM,Pamela Jo Hunter,249
Onondaga,SALINA 2,State Assembly,128,REP,Daniel A. Ciciarelli,211
Onondaga,SALINA 2,State Assembly,128,CON,Daniel A. Ciciarelli,35
Onondaga,SALINA 2,State Assembly,128,WOR,Pamela Jo Hunter,11
Onondaga,SALINA 15,President,,DEM,Kamala D. Harris,184
Onondaga,SALINA 15,President,,REP,Donald J. Trump,187
Onondaga,SALINA 15,President,,CON,Donald J. Trump,24
Onondaga,SALINA 15,President,,WOR,Kamala D. Harris,9
Onondaga,SALINA 15,President,,,Write-in,3
Onondaga,SALINA 15,U.S. Senate,,DEM,Kirsten E. Gillibrand,184
Onondaga,SALINA 15,U.S. Senate,,REP,Michael D. Sapraicone,164
Onondaga,SALINA 15,U.S. Senate,,CON,Michael D. Sapraicone,25
Onondaga,SALINA 15,U.S. Senate,,WOR,Kirsten E. Gillibrand,18
Onondaga,SALINA 15,U.S. Senate,,LAR,Diane Sare,1
Onondaga,SALINA 15,U.S. House,22,DEM,John W. Mannion,186
Onondaga,SALINA 15,U.S. House,22,REP,Brandon M. Williams,170
Onondaga,SALINA 15,U.S. House,22,CON,Brandon M. Williams,23
Onondaga,SALINA 15,U.S. House,22,WOR,John W. Mannion,16
Onondaga,SALINA 15,State Senate,50,DEM,Christopher J. Ryan,182
Onondaga,SALINA 15,State Senate,50,REP,Nick Paro,171
Onondaga,SALINA 15,State Senate,50,CON,Nick Paro,26
Onondaga,SALINA 15,State Senate,50,WOR,Christopher J. Ryan,17
Onondaga,SALINA 15,State Assembly,128,DEM,Pamela Jo Hunter,178
Onondaga,SALINA 15,State Assembly,128,REP,Daniel A. Ciciarelli,180
Onondaga,SALINA 15,State Assembly,128,CON,Daniel A. Ciciarelli,26
Onondaga,SALINA 15,State Assembly,128,WOR,Pamela Jo Hunter,11
Onondaga,SALINA 16,President,,DEM,Kamala D. Harris,215
Onondaga,SALINA 16,President,,REP,Donald J. Trump,184
Onondaga,SALINA 16,President,,CON,Donald J. Trump,29
Onondaga,SALINA 16,President,,WOR,Kamala D. Harris,9
Onondaga,SALINA 16,President,,,Write-in,2
Onondaga,SALINA 16,U.S. Senate,,DEM,Kirsten E. Gillibrand,217
Onondaga,SALINA 16,U.S. Senate,,REP,Michael D. Sapraicone,162
Onondaga,SALINA 16,U.S. Senate,,CON,Michael D. Sapraicone,29
Onondaga,SALINA 16,U.S. Senate,,WOR,Kirsten E. Gillibrand,18
Onondaga,SALINA 16,U.S. Senate,,LAR,Diane Sare,1
Onondaga,SALINA 16,U.S. House,22,DEM,John W. Mannion,221
Onondaga,SALINA 16,U.S. House,22,REP,Brandon M. Williams,167
Onondaga,SALINA 16,U.S. House,22,CON,Brandon M. Williams,29
Onondaga,SALINA 16,U.S. House,22,WOR,John W. Mannion,15
Onondaga,SALINA 16,State Senate,50,DEM,Christopher J. Ryan,203
Onondaga,SALINA 16,State Senate,50,REP,Nick Paro,185
Onondaga,SALINA 16,State Senate,50,CON,Nick Paro,29
Onondaga,SALINA 16,State Senate,50,WOR,Christopher J. Ryan,15
Onondaga,SALINA 16,State Assembly,128,DEM,Pamela Jo Hunter,195
Onondaga,SALINA 16,State Assembly,128,REP,Daniel A. Ciciarelli,185
Onondaga,SALINA 16,State Assembly,128,CON,Daniel A. Ciciarelli,35
Onondaga,SALINA 16,State Assembly,128,WOR,Pamela Jo Hunter,13
Onondaga,SALINA 17,President,,DEM,Kamala D. Harris,322
Onondaga,SALINA 17,President,,REP,Donald J. Trump,306
Onondaga,SALINA 17,President,,CON,Donald J. Trump,36
Onondaga,SALINA 17,President,,WOR,Kamala D. Harris,26
Onondaga,SALINA 17,U.S. Senate,,DEM,Kirsten E. Gillibrand,318
Onondaga,SALINA 17,U.S. Senate,,REP,Michael D. Sapraicone,276
Onondaga,SALINA 17,U.S. Senate,,CON,Michael D. Sapraicone,34
Onondaga,SALINA 17,U.S. Senate,,WOR,Kirsten E. Gillibrand,43
Onondaga,SALINA 17,U.S. Senate,,LAR,Diane Sare,3
Onondaga,SALINA 17,U.S. House,22,DEM,John W. Mannion,317
Onondaga,SALINA 17,U.S. House,22,REP,Brandon M. Williams,284
Onondaga,SALINA 17,U.S. House,22,CON,Brandon M. Williams,37
Onondaga,SALINA 17,U.S. House,22,WOR,John W. Mannion,41
Onondaga,SALINA 17,U.S. House,22,,Write-in,1
Onondaga,SALINA 17,State Senate,50,DEM,Christopher J. Ryan,296
Onondaga,SALINA 17,State Senate,50,REP,Nick Paro,284
Onondaga,SALINA 17,State Senate,50,CON,Nick Paro,38
Onondaga,SALINA 17,State Senate,50,WOR,Christopher J. Ryan,49
Onondaga,SALINA 17,State Assembly,128,DEM,Pamela Jo Hunter,262
Onondaga,SALINA 17,State Assembly,128,REP,Daniel A. Ciciarelli,328
Onondaga,SALINA 17,State Assembly,128,CON,Daniel A. Ciciarelli,51
Onondaga,SALINA 17,State Assembly,128,WOR,Pamela Jo Hunter,30
Onondaga,SALINA 18,President,,DEM,Kamala D. Harris,231
Onondaga,SALINA 18,President,,REP,Donald J. Trump,155
Onondaga,SALINA 18,President,,CON,Donald J. Trump,20
Onondaga,SALINA 18,President,,WOR,Kamala D. Harris,17
Onondaga,SALINA 18,President,,,Write-in,5
Onondaga,SALINA 18,U.S. Senate,,DEM,Kirsten E. Gillibrand,226
Onondaga,SALINA 18,U.S. Senate,,REP,Michael D. Sapraicone,122
Onondaga,SALINA 18,U.S. Senate,,CON,Michael D. Sapraicone,25
Onondaga,SALINA 18,U.S. Senate,,WOR,Kirsten E. Gillibrand,27
Onondaga,SALINA 18,U.S. Senate,,LAR,Diane Sare,5
Onondaga,SALINA 18,U.S. Senate,,,Write-in,2
Onondaga,SALINA 18,U.S. House,22,DEM,John W. Mannion,222
Onondaga,SALINA 18,U.S. House,22,REP,Brandon M. Williams,140
Onondaga,SALINA 18,U.S. House,22,CON,Brandon M. Williams,24
Onondaga,SALINA 18,U.S. House,22,WOR,John W. Mannion,22
Onondaga,SALINA 18,U.S. House,22,,Write-in,1
Onondaga,SALINA 18,State Senate,50,DEM,Christopher J. Ryan,209
Onondaga,SALINA 18,State Senate,50,REP,Nick Paro,147
Onondaga,SALINA 18,State Senate,50,CON,Nick Paro,21
Onondaga,SALINA 18,State Senate,50,WOR,Christopher J. Ryan,26
Onondaga,SALINA 18,State Senate,50,,Write-in,1
Onondaga,SALINA 18,State Assembly,128,DEM,Pamela Jo Hunter,206
Onondaga,SALINA 18,State Assembly,128,REP,Daniel A. Ciciarelli,146
Onondaga,SALINA 18,State Assembly,128,CON,Daniel A. Ciciarelli,24
Onondaga,SALINA 18,State Assembly,128,WOR,Pamela Jo Hunter,32
Onondaga,SALINA 19,President,,DEM,Kamala D. Harris,243
Onondaga,SALINA 19,President,,REP,Donald J. Trump,197
Onondaga,SALINA 19,President,,CON,Donald J. Trump,34
Onondaga,SALINA 19,President,,WOR,Kamala D. Harris,19
Onondaga,SALINA 19,President,,,Write-in,2
Onondaga,SALINA 19,U.S. Senate,,DEM,Kirsten E. Gillibrand,236
Onondaga,SALINA 19,U.S. Senate,,REP,Michael D. Sapraicone,178
Onondaga,SALINA 19,U.S. Senate,,CON,Michael D. Sapraicone,33
Onondaga,SALINA 19,U.S. Senate,,WOR,Kirsten E. Gillibrand,35
Onondaga,SALINA 19,U.S. Senate,,LAR,Diane Sare,4
Onondaga,SALINA 19,U.S. House,22,DEM,John W. Mannion,246
Onondaga,SALINA 19,U.S. House,22,REP,Brandon M. Williams,178
Onondaga,SALINA 19,U.S. House,22,CON,Brandon M. Williams,31
Onondaga,SALINA 19,U.S. House,22,WOR,John W. Mannion,34
Onondaga,SALINA 19,U.S. House,22,,Write-in,1
Onondaga,SALINA 19,State Senate,50,DEM,Christopher J. Ryan,240
Onondaga,SALINA 19,State Senate,50,REP,Nick Paro,179
Onondaga,SALINA 19,State Senate,50,CON,Nick Paro,34
Onondaga,SALINA 19,State Senate,50,WOR,Christopher J. Ryan,35
Onondaga,SALINA 19,State Assembly,128,DEM,Pamela Jo Hunter,201
Onondaga,SALINA 19,State Assembly,128,REP,Daniel A. Ciciarelli,215
Onondaga,SALINA 19,State Assembly,128,CON,Daniel A. Ciciarelli,48
Onondaga,SALINA 19,State Assembly,128,WOR,Pamela Jo Hunter,23
Onondaga,SALINA 19,State Assembly,128,,Write-in,1
Onondaga,SALINA 21,President,,DEM,Kamala D. Harris,322
Onondaga,SALINA 21,President,,REP,Donald J. Trump,311
Onondaga,SALINA 21,President,,CON,Donald J. Trump,41
Onondaga,SALINA 21,President,,WOR,Kamala D. Harris,26
Onondaga,SALINA 21,President,,,Write-in,1
Onondaga,SALINA 21,U.S. Senate,,DEM,Kirsten E. Gillibrand,316
Onondaga,SALINA 21,U.S. Senate,,REP,Michael D. Sapraicone,269
Onondaga,SALINA 21,U.S. Senate,,CON,Michael D. Sapraicone,47
Onondaga,SALINA 21,U.S. Senate,,WOR,Kirsten E. Gillibrand,44
Onondaga,SALINA 21,U.S. Senate,,LAR,Diane Sare,7
Onondaga,SALINA 21,U.S. Senate,,,Write-in,1
Onondaga,SALINA 21,U.S. House,22,DEM,John W. Mannion,321
Onondaga,SALINA 21,U.S. House,22,REP,Brandon M. Williams,282
Onondaga,SALINA 21,U.S. House,22,CON,Brandon M. Williams,47
Onondaga,SALINA 21,U.S. House,22,WOR,John W. Mannion,38
Onondaga,SALINA 21,U.S. House,22,,Write-in,2
Onondaga,SALINA 21,State Senate,50,DEM,Christopher J. Ryan,303
Onondaga,SALINA 21,State Senate,50,REP,Nick Paro,287
Onondaga,SALINA 21,State Senate,50,CON,Nick Paro,52
Onondaga,SALINA 21,State Senate,50,WOR,Christopher J. Ryan,45
Onondaga,SALINA 21,State Assembly,128,DEM,Pamela Jo Hunter,277
Onondaga,SALINA 21,State Assembly,128,REP,Daniel A. Ciciarelli,309
Onondaga,SALINA 21,State Assembly,128,CON,Daniel A. Ciciarelli,62
Onondaga,SALINA 21,State Assembly,128,WOR,Pamela Jo Hunter,34
Onondaga,SALINA 9,President,,DEM,Kamala D. Harris,153
Onondaga,SALINA 9,President,,REP,Donald J. Trump,108
Onondaga,SALINA 9,President,,CON,Donald J. Trump,13
Onondaga,SALINA 9,President,,WOR,Kamala D. Harris,10
Onondaga,SALINA 9,President,,,Write-in,4
Onondaga,SALINA 9,U.S. Senate,,DEM,Kirsten E. Gillibrand,162
Onondaga,SALINA 9,U.S. Senate,,REP,Michael D. Sapraicone,97
Onondaga,SALINA 9,U.S. Senate,,CON,Michael D. Sapraicone,9
Onondaga,SALINA 9,U.S. Senate,,WOR,Kirsten E. Gillibrand,20
Onondaga,SALINA 9,U.S. Senate,,LAR,Diane Sare,1
Onondaga,SALINA 9,U.S. Senate,,,Write-in,1
Onondaga,SALINA 9,U.S. House,22,DEM,John W. Mannion,149
Onondaga,SALINA 9,U.S. House,22,REP,Brandon M. Williams,103
Onondaga,SALINA 9,U.S. House,22,CON,Brandon M. Williams,14
Onondaga,SALINA 9,U.S. House,22,WOR,John W. Mannion,18
Onondaga,SALINA 9,U.S. House,22,,Write-in,1
Onondaga,SALINA 9,State Senate,50,DEM,Christopher J. Ryan,130
Onondaga,SALINA 9,State Senate,50,REP,Nick Paro,115
Onondaga,SALINA 9,State Senate,50,CON,Nick Paro,14
Onondaga,SALINA 9,State Senate,50,WOR,Christopher J. Ryan,26
Onondaga,SALINA 9,State Senate,50,,Write-in,2
Onondaga,SALINA 9,State Assembly,128,DEM,Pamela Jo Hunter,147
Onondaga,SALINA 9,State Assembly,128,REP,Daniel A. Ciciarelli,109
Onondaga,SALINA 9,State Assembly,128,CON,Daniel A. Ciciarelli,17
Onondaga,SALINA 9,State Assembly,128,WOR,Pamela Jo Hunter,14
Onondaga,SALINA 9,State Assembly,128,,Write-in,1
Onondaga,SALINA 10,President,,DEM,Kamala D. Harris,232
Onondaga,SALINA 10,President,,REP,Donald J. Trump,139
Onondaga,SALINA 10,President,,CON,Donald J. Trump,23
Onondaga,SALINA 10,President,,WOR,Kamala D. Harris,10
Onondaga,SALINA 10,President,,,Write-in,5
Onondaga,SALINA 10,U.S. Senate,,DEM,Kirsten E. Gillibrand,231
Onondaga,SALINA 10,U.S. Senate,,REP,Michael D. Sapraicone,132
Onondaga,SALINA 10,U.S. Senate,,CON,Michael D. Sapraicone,27
Onondaga,SALINA 10,U.S. Senate,,WOR,Kirsten E. Gillibrand,17
Onondaga,SALINA 10,U.S. Senate,,,Write-in,1
Onondaga,SALINA 10,U.S. House,22,DEM,John W. Mannion,231
Onondaga,SALINA 10,U.S. House,22,REP,Brandon M. Williams,136
Onondaga,SALINA 10,U.S. House,22,CON,Brandon M. Williams,27
Onondaga,SALINA 10,U.S. House,22,WOR,John W. Mannion,16
Onondaga,SALINA 10,U.S. House,22,,Write-in,1
Onondaga,SALINA 10,State Senate,50,DEM,Christopher J. Ryan,199
Onondaga,SALINA 10,State Senate,50,REP,Nick Paro,157
Onondaga,SALINA 10,State Senate,50,CON,Nick Paro,27
Onondaga,SALINA 10,State Senate,50,WOR,Christopher J. Ryan,14
Onondaga,SALINA 10,State Senate,50,,Write-in,1
Onondaga,SALINA 10,State Assembly,128,DEM,Pamela Jo Hunter,205
Onondaga,SALINA 10,State Assembly,128,REP,Daniel A. Ciciarelli,151
Onondaga,SALINA 10,State Assembly,128,CON,Daniel A. Ciciarelli,23
Onondaga,SALINA 10,State Assembly,128,WOR,Pamela Jo Hunter,17
Onondaga,SALINA 10,State Assembly,128,,Write-in,1
Onondaga,SALINA 20,President,,DEM,Kamala D. Harris,305
Onondaga,SALINA 20,President,,REP,Donald J. Trump,200
Onondaga,SALINA 20,President,,CON,Donald J. Trump,28
Onondaga,SALINA 20,President,,WOR,Kamala D. Harris,14
Onondaga,SALINA 20,President,,,Write-in,7
Onondaga,SALINA 20,U.S. Senate,,DEM,Kirsten E. Gillibrand,305
Onondaga,SALINA 20,U.S. Senate,,REP,Michael D. Sapraicone,168
Onondaga,SALINA 20,U.S. Senate,,CON,Michael D. Sapraicone,31
Onondaga,SALINA 20,U.S. Senate,,WOR,Kirsten E. Gillibrand,30
Onondaga,SALINA 20,U.S. Senate,,LAR,Diane Sare,5
Onondaga,SALINA 20,U.S. House,22,DEM,John W. Mannion,290
Onondaga,SALINA 20,U.S. House,22,REP,Brandon M. Williams,190
Onondaga,SALINA 20,U.S. House,22,CON,Brandon M. Williams,29
Onondaga,SALINA 20,U.S. House,22,WOR,John W. Mannion,28
Onondaga,SALINA 20,State Senate,50,DEM,Christopher J. Ryan,274
Onondaga,SALINA 20,State Senate,50,REP,Nick Paro,207
Onondaga,SALINA 20,State Senate,50,CON,Nick Paro,33
Onondaga,SALINA 20,State Senate,50,WOR,Christopher J. Ryan,24
Onondaga,SALINA 20,State Senate,50,,Write-in,1
Onondaga,SALINA 20,State Assembly,128,DEM,Pamela Jo Hunter,277
Onondaga,SALINA 20,State Assembly,128,REP,Daniel A. Ciciarelli,198
Onondaga,SALINA 20,State Assembly,128,CON,Daniel A. Ciciarelli,34
Onondaga,SALINA 20,State Assembly,128,WOR,Pamela Jo Hunter,20
Onondaga,SALINA 23,President,,DEM,Kamala D. Harris,358
Onondaga,SALINA 23,President,,REP,Donald J. Trump,254
Onondaga,SALINA 23,President,,CON,Donald J. Trump,40
Onondaga,SALINA 23,President,,WOR,Kamala D. Harris,29
Onondaga,SALINA 23,President,,,Write-in,5
Onondaga,SALINA 23,U.S. Senate,,DEM,Kirsten E. Gillibrand,357
Onondaga,SALINA 23,U.S. Senate,,REP,Michael D. Sapraicone,230
Onondaga,SALINA 23,U.S. Senate,,CON,Michael D. Sapraicone,40
Onondaga,SALINA 23,U.S. Senate,,WOR,Kirsten E. Gillibrand,39
Onondaga,SALINA 23,U.S. Senate,,LAR,Diane Sare,5
Onondaga,SALINA 23,U.S. Senate,,,Write-in,1
Onondaga,SALINA 23,U.S. House,22,DEM,John W. Mannion,358
Onondaga,SALINA 23,U.S. House,22,REP,Brandon M. Williams,231
Onondaga,SALINA 23,U.S. House,22,CON,Brandon M. Williams,49
Onondaga,SALINA 23,U.S. House,22,WOR,John W. Mannion,40
Onondaga,SALINA 23,State Senate,50,DEM,Christopher J. Ryan,335
Onondaga,SALINA 23,State Senate,50,REP,Nick Paro,257
Onondaga,SALINA 23,State Senate,50,CON,Nick Paro,48
Onondaga,SALINA 23,State Senate,50,WOR,Christopher J. Ryan,35
Onondaga,SALINA 23,State Assembly,128,DEM,Pamela Jo Hunter,329
Onondaga,SALINA 23,State Assembly,128,REP,Daniel A. Ciciarelli,261
Onondaga,SALINA 23,State Assembly,128,CON,Daniel A. Ciciarelli,48
Onondaga,SALINA 23,State Assembly,128,WOR,Pamela Jo Hunter,32
Onondaga,SALINA 23,State Assembly,128,,Write-in,1
Onondaga,SALINA 25,President,,DEM,Kamala D. Harris,281
Onondaga,SALINA 25,President,,REP,Donald J. Trump,240
Onondaga,SALINA 25,President,,CON,Donald J. Trump,23
Onondaga,SALINA 25,President,,WOR,Kamala D. Harris,26
Onondaga,SALINA 25,President,,,Write-in,2
Onondaga,SALINA 25,U.S. Senate,,DEM,Kirsten E. Gillibrand,293
Onondaga,SALINA 25,U.S. Senate,,REP,Michael D. Sapraicone,204
Onondaga,SALINA 25,U.S. Senate,,CON,Michael D. Sapraicone,32
Onondaga,SALINA 25,U.S. Senate,,WOR,Kirsten E. Gillibrand,36
Onondaga,SALINA 25,U.S. Senate,,LAR,Diane Sare,2
Onondaga,SALINA 25,U.S. House,22,DEM,John W. Mannion,290
Onondaga,SALINA 25,U.S. House,22,REP,Brandon M. Williams,214
Onondaga,SALINA 25,U.S. House,22,CON,Brandon M. Williams,28
Onondaga,SALINA 25,U.S. House,22,WOR,John W. Mannion,34
Onondaga,SALINA 25,State Senate,50,DEM,Christopher J. Ryan,265
Onondaga,SALINA 25,State Senate,50,REP,Nick Paro,228
Onondaga,SALINA 25,State Senate,50,CON,Nick Paro,40
Onondaga,SALINA 25,State Senate,50,WOR,Christopher J. Ryan,32
Onondaga,SALINA 25,State Assembly,128,DEM,Pamela Jo Hunter,259
Onondaga,SALINA 25,State Assembly,128,REP,Daniel A. Ciciarelli,233
Onondaga,SALINA 25,State Assembly,128,CON,Daniel A. Ciciarelli,41
Onondaga,SALINA 25,State Assembly,128,WOR,Pamela Jo Hunter,32
Onondaga,SALINA 26,President,,DEM,Kamala D. Harris,344
Onondaga,SALINA 26,President,,REP,Donald J. Trump,251
Onondaga,SALINA 26,President,,CON,Donald J. Trump,27
Onondaga,SALINA 26,President,,WOR,Kamala D. Harris,17
Onondaga,SALINA 26,President,,,Write-in,5
Onondaga,SALINA 26,U.S. Senate,,DEM,Kirsten E. Gillibrand,335
Onondaga,SALINA 26,U.S. Senate,,REP,Michael D. Sapraicone,229
Onondaga,SALINA 26,U.S. Senate,,CON,Michael D. Sapraicone,25
Onondaga,SALINA 26,U.S. Senate,,WOR,Kirsten E. Gillibrand,27
Onondaga,SALINA 26,U.S. Senate,,LAR,Diane Sare,2
Onondaga,SALINA 26,U.S. House,22,DEM,John W. Mannion,329
Onondaga,SALINA 26,U.S. House,22,REP,Brandon M. Williams,239
Onondaga,SALINA 26,U.S. House,22,CON,Brandon M. Williams,25
Onondaga,SALINA 26,U.S. House,22,WOR,John W. Mannion,32
Onondaga,SALINA 26,U.S. House,22,,Write-in,1
Onondaga,SALINA 26,State Senate,50,DEM,Christopher J. Ryan,299
Onondaga,SALINA 26,State Senate,50,REP,Nick Paro,261
Onondaga,SALINA 26,State Senate,50,CON,Nick Paro,33
Onondaga,SALINA 26,State Senate,50,WOR,Christopher J. Ryan,28
Onondaga,SALINA 26,State Assembly,128,DEM,Pamela Jo Hunter,294
Onondaga,SALINA 26,State Assembly,128,REP,Daniel A. Ciciarelli,267
Onondaga,SALINA 26,State Assembly,128,CON,Daniel A. Ciciarelli,29
Onondaga,SALINA 26,State Assembly,128,WOR,Pamela Jo Hunter,27
Onondaga,SALINA 27,President,,DEM,Kamala D. Harris,152
Onondaga,SALINA 27,President,,REP,Donald J. Trump,123
Onondaga,SALINA 27,President,,CON,Donald J. Trump,17
Onondaga,SALINA 27,President,,WOR,Kamala D. Harris,14
Onondaga,SALINA 27,President,,,Write-in,1
Onondaga,SALINA 27,U.S. Senate,,DEM,Kirsten E. Gillibrand,162
Onondaga,SALINA 27,U.S. Senate,,REP,Michael D. Sapraicone,105
Onondaga,SALINA 27,U.S. Senate,,CON,Michael D. Sapraicone,17
Onondaga,SALINA 27,U.S. Senate,,WOR,Kirsten E. Gillibrand,18
Onondaga,SALINA 27,U.S. Senate,,LAR,Diane Sare,1
Onondaga,SALINA 27,U.S. House,22,DEM,John W. Mannion,153
Onondaga,SALINA 27,U.S. House,22,REP,Brandon M. Williams,116
Onondaga,SALINA 27,U.S. House,22,CON,Brandon M. Williams,16
Onondaga,SALINA 27,U.S. House,22,WOR,John W. Mannion,16
Onondaga,SALINA 27,U.S. House,22,,Write-in,1
Onondaga,SALINA 27,State Senate,50,DEM,Christopher J. Ryan,148
Onondaga,SALINA 27,State Senate,50,REP,Nick Paro,122
Onondaga,SALINA 27,State Senate,50,CON,Nick Paro,21
Onondaga,SALINA 27,State Senate,50,WOR,Christopher J. Ryan,13
Onondaga,SALINA 27,State Assembly,128,DEM,Pamela Jo Hunter,139
Onondaga,SALINA 27,State Assembly,128,REP,Daniel A. Ciciarelli,133
Onondaga,SALINA 27,State Assembly,128,CON,Daniel A. Ciciarelli,19
Onondaga,SALINA 27,State Assembly,128,WOR,Pamela Jo Hunter,13
Onondaga,SALINA 28,President,,DEM,Kamala D. Harris,138
Onondaga,SALINA 28,President,,REP,Donald J. Trump,116
Onondaga,SALINA 28,President,,CON,Donald J. Trump,18
Onondaga,SALINA 28,President,,WOR,Kamala D. Harris,11
Onondaga,SALINA 28,President,,,Write-in,1
Onondaga,SALINA 28,U.S. Senate,,DEM,Kirsten E. Gillibrand,139
Onondaga,SALINA 28,U.S. Senate,,REP,Michael D. Sapraicone,90
Onondaga,SALINA 28,U.S. Senate,,CON,Michael D. Sapraicone,20
Onondaga,SALINA 28,U.S. Senate,,WOR,Kirsten E. Gillibrand,15
Onondaga,SALINA 28,U.S. Senate,,LAR,Diane Sare,2
Onondaga,SALINA 28,U.S. House,22,DEM,John W. Mannion,134
Onondaga,SALINA 28,U.S. House,22,REP,Brandon M. Williams,96
Onondaga,SALINA 28,U.S. House,22,CON,Brandon M. Williams,21
Onondaga,SALINA 28,U.S. House,22,WOR,John W. Mannion,16
Onondaga,SALINA 28,State Senate,50,DEM,Christopher J. Ryan,124
Onondaga,SALINA 28,State Senate,50,REP,Nick Paro,111
Onondaga,SALINA 28,State Senate,50,CON,Nick Paro,22
Onondaga,SALINA 28,State Senate,50,WOR,Christopher J. Ryan,15
Onondaga,SALINA 28,State Senate,50,,Write-in,1
Onondaga,SALINA 28,State Assembly,128,DEM,Pamela Jo Hunter,123
Onondaga,SALINA 28,State Assembly,128,REP,Daniel A. Ciciarelli,108
Onondaga,SALINA 28,State Assembly,128,CON,Daniel A. Ciciarelli,19
Onondaga,SALINA 28,State Assembly,128,WOR,Pamela Jo Hunter,19
Onondaga,SKANEATELES 1,President,,DEM,Kamala D. Harris,257
Onondaga,SKANEATELES 1,President,,REP,Donald J. Trump,194
Onondaga,SKANEATELES 1,President,,CON,Donald J. Trump,17
Onondaga,SKANEATELES 1,President,,WOR,Kamala D. Harris,11
Onondaga,SKANEATELES 1,President,,,Write-in,3
Onondaga,SKANEATELES 1,U.S. Senate,,DEM,Kirsten E. Gillibrand,246
Onondaga,SKANEATELES 1,U.S. Senate,,REP,Michael D. Sapraicone,195
Onondaga,SKANEATELES 1,U.S. Senate,,CON,Michael D. Sapraicone,18
Onondaga,SKANEATELES 1,U.S. Senate,,WOR,Kirsten E. Gillibrand,19
Onondaga,SKANEATELES 1,U.S. Senate,,LAR,Diane Sare,2
Onondaga,SKANEATELES 1,U.S. Senate,,,Write-in,1
Onondaga,SKANEATELES 1,U.S. House,22,DEM,John W. Mannion,244
Onondaga,SKANEATELES 1,U.S. House,22,REP,Brandon M. Williams,204
Onondaga,SKANEATELES 1,U.S. House,22,CON,Brandon M. Williams,19
Onondaga,SKANEATELES 1,U.S. House,22,WOR,John W. Mannion,17
Onondaga,SKANEATELES 1,State Senate,48,DEM,Rachel May,240
Onondaga,SKANEATELES 1,State Senate,48,REP,Caleb C. Slater,224
Onondaga,SKANEATELES 1,State Senate,48,WOR,Rachel May,13
Onondaga,SKANEATELES 1,State Assembly,126,DEM,Ian Phillips,212
Onondaga,SKANEATELES 1,State Assembly,126,REP,John Lemondes Jr.,231
Onondaga,SKANEATELES 1,State Assembly,126,CON,John Lemondes Jr.,23
Onondaga,SKANEATELES 1,State Assembly,126,WOR,Ian Phillips,11
Onondaga,SKANEATELES 2,President,,DEM,Kamala D. Harris,591
Onondaga,SKANEATELES 2,President,,REP,Donald J. Trump,298
Onondaga,SKANEATELES 2,President,,CON,Donald J. Trump,41
Onondaga,SKANEATELES 2,President,,WOR,Kamala D. Harris,31
Onondaga,SKANEATELES 2,President,,,Write-in,4
Onondaga,SKANEATELES 2,U.S. Senate,,DEM,Kirsten E. Gillibrand,571
Onondaga,SKANEATELES 2,U.S. Senate,,REP,Michael D. Sapraicone,308
Onondaga,SKANEATELES 2,U.S. Senate,,CON,Michael D. Sapraicone,39
Onondaga,SKANEATELES 2,U.S. Senate,,WOR,Kirsten E. Gillibrand,42
Onondaga,SKANEATELES 2,U.S. Senate,,LAR,Diane Sare,2
Onondaga,SKANEATELES 2,U.S. House,22,DEM,John W. Mannion,568
Onondaga,SKANEATELES 2,U.S. House,22,REP,Brandon M. Williams,323
Onondaga,SKANEATELES 2,U.S. House,22,CON,Brandon M. Williams,41
Onondaga,SKANEATELES 2,U.S. House,22,WOR,John W. Mannion,37
Onondaga,SKANEATELES 2,State Senate,48,DEM,Rachel May,551
Onondaga,SKANEATELES 2,State Senate,48,REP,Caleb C. Slater,352
Onondaga,SKANEATELES 2,State Senate,48,WOR,Rachel May,39
Onondaga,SKANEATELES 2,State Senate,48,,Write-in,2
Onondaga,SKANEATELES 2,State Assembly,126,DEM,Ian Phillips,514
Onondaga,SKANEATELES 2,State Assembly,126,REP,John Lemondes Jr.,356
Onondaga,SKANEATELES 2,State Assembly,126,CON,John Lemondes Jr.,49
Onondaga,SKANEATELES 2,State Assembly,126,WOR,Ian Phillips,32
Onondaga,SKANEATELES 2,State Assembly,126,,Write-in,1
Onondaga,SKANEATELES 3,President,,DEM,Kamala D. Harris,227
Onondaga,SKANEATELES 3,President,,REP,Donald J. Trump,212
Onondaga,SKANEATELES 3,President,,CON,Donald J. Trump,22
Onondaga,SKANEATELES 3,President,,WOR,Kamala D. Harris,9
Onondaga,SKANEATELES 3,U.S. Senate,,DEM,Kirsten E. Gillibrand,223
Onondaga,SKANEATELES 3,U.S. Senate,,REP,Michael D. Sapraicone,198
Onondaga,SKANEATELES 3,U.S. Senate,,CON,Michael D. Sapraicone,22
Onondaga,SKANEATELES 3,U.S. Senate,,WOR,Kirsten E. Gillibrand,17
Onondaga,SKANEATELES 3,U.S. House,22,DEM,John W. Mannion,219
Onondaga,SKANEATELES 3,U.S. House,22,REP,Brandon M. Williams,208
Onondaga,SKANEATELES 3,U.S. House,22,CON,Brandon M. Williams,22
Onondaga,SKANEATELES 3,U.S. House,22,WOR,John W. Mannion,16
Onondaga,SKANEATELES 3,State Senate,48,DEM,Rachel May,204
Onondaga,SKANEATELES 3,State Senate,48,REP,Caleb C. Slater,226
Onondaga,SKANEATELES 3,State Senate,48,WOR,Rachel May,20
Onondaga,SKANEATELES 3,State Senate,48,,Write-in,1
Onondaga,SKANEATELES 3,State Assembly,126,DEM,Ian Phillips,184
Onondaga,SKANEATELES 3,State Assembly,126,REP,John Lemondes Jr.,238
Onondaga,SKANEATELES 3,State Assembly,126,CON,John Lemondes Jr.,23
Onondaga,SKANEATELES 3,State Assembly,126,WOR,Ian Phillips,15
Onondaga,SKANEATELES 4,President,,DEM,Kamala D. Harris,472
Onondaga,SKANEATELES 4,President,,REP,Donald J. Trump,220
Onondaga,SKANEATELES 4,President,,CON,Donald J. Trump,28
Onondaga,SKANEATELES 4,President,,WOR,Kamala D. Harris,13
Onondaga,SKANEATELES 4,President,,,Write-in,3
Onondaga,SKANEATELES 4,U.S. Senate,,DEM,Kirsten E. Gillibrand,448
Onondaga,SKANEATELES 4,U.S. Senate,,REP,Michael D. Sapraicone,236
Onondaga,SKANEATELES 4,U.S. Senate,,CON,Michael D. Sapraicone,40
Onondaga,SKANEATELES 4,U.S. Senate,,WOR,Kirsten E. Gillibrand,12
Onondaga,SKANEATELES 4,U.S. Senate,,LAR,Diane Sare,1
Onondaga,SKANEATELES 4,U.S. House,22,DEM,John W. Mannion,451
Onondaga,SKANEATELES 4,U.S. House,22,REP,Brandon M. Williams,231
Onondaga,SKANEATELES 4,U.S. House,22,CON,Brandon M. Williams,45
Onondaga,SKANEATELES 4,U.S. House,22,WOR,John W. Mannion,15
Onondaga,SKANEATELES 4,State Senate,48,DEM,Rachel May,430
Onondaga,SKANEATELES 4,State Senate,48,REP,Caleb C. Slater,275
Onondaga,SKANEATELES 4,State Senate,48,WOR,Rachel May,13
Onondaga,SKANEATELES 4,State Senate,48,,Write-in,1
Onondaga,SKANEATELES 4,State Assembly,126,DEM,Ian Phillips,388
Onondaga,SKANEATELES 4,State Assembly,126,REP,John Lemondes Jr.,282
Onondaga,SKANEATELES 4,State Assembly,126,CON,John Lemondes Jr.,44
Onondaga,SKANEATELES 4,State Assembly,126,WOR,Ian Phillips,13
Onondaga,SKANEATELES 5,President,,DEM,Kamala D. Harris,229
Onondaga,SKANEATELES 5,President,,REP,Donald J. Trump,250
Onondaga,SKANEATELES 5,President,,CON,Donald J. Trump,34
Onondaga,SKANEATELES 5,President,,WOR,Kamala D. Harris,14
Onondaga,SKANEATELES 5,President,,,Write-in,2
Onondaga,SKANEATELES 5,U.S. Senate,,DEM,Kirsten E. Gillibrand,227
Onondaga,SKANEATELES 5,U.S. Senate,,REP,Michael D. Sapraicone,230
Onondaga,SKANEATELES 5,U.S. Senate,,CON,Michael D. Sapraicone,42
Onondaga,SKANEATELES 5,U.S. Senate,,WOR,Kirsten E. Gillibrand,16
Onondaga,SKANEATELES 5,U.S. Senate,,LAR,Diane Sare,2
Onondaga,SKANEATELES 5,U.S. Senate,,,Write-in,1
Onondaga,SKANEATELES 5,U.S. House,22,DEM,John W. Mannion,225
Onondaga,SKANEATELES 5,U.S. House,22,REP,Brandon M. Williams,241
Onondaga,SKANEATELES 5,U.S. House,22,CON,Brandon M. Williams,36
Onondaga,SKANEATELES 5,U.S. House,22,WOR,John W. Mannion,24
Onondaga,SKANEATELES 5,State Senate,48,DEM,Rachel May,210
Onondaga,SKANEATELES 5,State Senate,48,REP,Caleb C. Slater,273
Onondaga,SKANEATELES 5,State Senate,48,WOR,Rachel May,24
Onondaga,SKANEATELES 5,State Assembly,126,DEM,Ian Phillips,188
Onondaga,SKANEATELES 5,State Assembly,126,REP,John Lemondes Jr.,263
Onondaga,SKANEATELES 5,State Assembly,126,CON,John Lemondes Jr.,42
Onondaga,SKANEATELES 5,State Assembly,126,WOR,Ian Phillips,19
Onondaga,SKANEATELES 6,President,,DEM,Kamala D. Harris,272
Onondaga,SKANEATELES 6,President,,REP,Donald J. Trump,265
Onondaga,SKANEATELES 6,President,,CON,Donald J. Trump,44
Onondaga,SKANEATELES 6,President,,WOR,Kamala D. Harris,16
Onondaga,SKANEATELES 6,President,,,Write-in,1
Onondaga,SKANEATELES 6,U.S. Senate,,DEM,Kirsten E. Gillibrand,271
Onondaga,SKANEATELES 6,U.S. Senate,,REP,Michael D. Sapraicone,250
Onondaga,SKANEATELES 6,U.S. Senate,,CON,Michael D. Sapraicone,48
Onondaga,SKANEATELES 6,U.S. Senate,,WOR,Kirsten E. Gillibrand,21
Onondaga,SKANEATELES 6,U.S. House,22,DEM,John W. Mannion,269
Onondaga,SKANEATELES 6,U.S. House,22,REP,Brandon M. Williams,258
Onondaga,SKANEATELES 6,U.S. House,22,CON,Brandon M. Williams,49
Onondaga,SKANEATELES 6,U.S. House,22,WOR,John W. Mannion,18
Onondaga,SKANEATELES 6,U.S. House,22,,Write-in,1
Onondaga,SKANEATELES 6,State Senate,48,DEM,Rachel May,261
Onondaga,SKANEATELES 6,State Senate,48,REP,Caleb C. Slater,298
Onondaga,SKANEATELES 6,State Senate,48,WOR,Rachel May,22
Onondaga,SKANEATELES 6,State Senate,48,,Write-in,1
Onondaga,SKANEATELES 6,State Assembly,126,DEM,Ian Phillips,236
Onondaga,SKANEATELES 6,State Assembly,126,REP,John Lemondes Jr.,277
Onondaga,SKANEATELES 6,State Assembly,126,CON,John Lemondes Jr.,50
Onondaga,SKANEATELES 6,State Assembly,126,WOR,Ian Phillips,18
Onondaga,SKANEATELES 7,President,,DEM,Kamala D. Harris,275
Onondaga,SKANEATELES 7,President,,REP,Donald J. Trump,199
Onondaga,SKANEATELES 7,President,,CON,Donald J. Trump,20
Onondaga,SKANEATELES 7,President,,WOR,Kamala D. Harris,9
Onondaga,SKANEATELES 7,President,,,Write-in,2
Onondaga,SKANEATELES 7,U.S. Senate,,DEM,Kirsten E. Gillibrand,267
Onondaga,SKANEATELES 7,U.S. Senate,,REP,Michael D. Sapraicone,194
Onondaga,SKANEATELES 7,U.S. Senate,,CON,Michael D. Sapraicone,22
Onondaga,SKANEATELES 7,U.S. Senate,,WOR,Kirsten E. Gillibrand,17
Onondaga,SKANEATELES 7,U.S. Senate,,LAR,Diane Sare,4
Onondaga,SKANEATELES 7,U.S. House,22,DEM,John W. Mannion,271
Onondaga,SKANEATELES 7,U.S. House,22,REP,Brandon M. Williams,202
Onondaga,SKANEATELES 7,U.S. House,22,CON,Brandon M. Williams,21
Onondaga,SKANEATELES 7,U.S. House,22,WOR,John W. Mannion,10
Onondaga,SKANEATELES 7,State Senate,48,DEM,Rachel May,241
Onondaga,SKANEATELES 7,State Senate,48,REP,Caleb C. Slater,232
Onondaga,SKANEATELES 7,State Senate,48,WOR,Rachel May,17
Onondaga,SKANEATELES 7,State Assembly,126,DEM,Ian Phillips,235
Onondaga,SKANEATELES 7,State Assembly,126,REP,John Lemondes Jr.,228
Onondaga,SKANEATELES 7,State Assembly,126,CON,John Lemondes Jr.,22
Onondaga,SKANEATELES 7,State Assembly,126,WOR,Ian Phillips,15
Onondaga,SKANEATELES 8,President,,DEM,Kamala D. Harris,251
Onondaga,SKANEATELES 8,President,,REP,Donald J. Trump,195
Onondaga,SKANEATELES 8,President,,CON,Donald J. Trump,27
Onondaga,SKANEATELES 8,President,,WOR,Kamala D. Harris,15
Onondaga,SKANEATELES 8,U.S. Senate,,DEM,Kirsten E. Gillibrand,249
Onondaga,SKANEATELES 8,U.S. Senate,,REP,Michael D. Sapraicone,193
Onondaga,SKANEATELES 8,U.S. Senate,,CON,Michael D. Sapraicone,33
Onondaga,SKANEATELES 8,U.S. Senate,,WOR,Kirsten E. Gillibrand,16
Onondaga,SKANEATELES 8,U.S. House,22,DEM,John W. Mannion,253
Onondaga,SKANEATELES 8,U.S. House,22,REP,Brandon M. Williams,193
Onondaga,SKANEATELES 8,U.S. House,22,CON,Brandon M. Williams,33
Onondaga,SKANEATELES 8,U.S. House,22,WOR,John W. Mannion,14
Onondaga,SKANEATELES 8,State Senate,48,DEM,Rachel May,244
Onondaga,SKANEATELES 8,State Senate,48,REP,Caleb C. Slater,222
Onondaga,SKANEATELES 8,State Senate,48,WOR,Rachel May,18
Onondaga,SKANEATELES 8,State Assembly,126,DEM,Ian Phillips,224
Onondaga,SKANEATELES 8,State Assembly,126,REP,John Lemondes Jr.,219
Onondaga,SKANEATELES 8,State Assembly,126,CON,John Lemondes Jr.,31
Onondaga,SKANEATELES 8,State Assembly,126,WOR,Ian Phillips,13
Onondaga,SPAFFORD 1,President,,DEM,Kamala D. Harris,322
Onondaga,SPAFFORD 1,President,,REP,Donald J. Trump,205
Onondaga,SPAFFORD 1,President,,CON,Donald J. Trump,28
Onondaga,SPAFFORD 1,President,,WOR,Kamala D. Harris,14
Onondaga,SPAFFORD 1,U.S. Senate,,DEM,Kirsten E. Gillibrand,308
Onondaga,SPAFFORD 1,U.S. Senate,,REP,Michael D. Sapraicone,210
Onondaga,SPAFFORD 1,U.S. Senate,,CON,Michael D. Sapraicone,31
Onondaga,SPAFFORD 1,U.S. Senate,,WOR,Kirsten E. Gillibrand,14
Onondaga,SPAFFORD 1,U.S. Senate,,LAR,Diane Sare,1
Onondaga,SPAFFORD 1,U.S. House,22,DEM,John W. Mannion,318
Onondaga,SPAFFORD 1,U.S. House,22,REP,Brandon M. Williams,201
Onondaga,SPAFFORD 1,U.S. House,22,CON,Brandon M. Williams,31
Onondaga,SPAFFORD 1,U.S. House,22,WOR,John W. Mannion,14
Onondaga,SPAFFORD 1,U.S. House,22,,Write-in,1
Onondaga,SPAFFORD 1,State Senate,48,DEM,Rachel May,299
Onondaga,SPAFFORD 1,State Senate,48,REP,Caleb C. Slater,242
Onondaga,SPAFFORD 1,State Senate,48,WOR,Rachel May,14
Onondaga,SPAFFORD 1,State Assembly,126,DEM,Ian Phillips,268
Onondaga,SPAFFORD 1,State Assembly,126,REP,John Lemondes Jr.,243
Onondaga,SPAFFORD 1,State Assembly,126,CON,John Lemondes Jr.,32
Onondaga,SPAFFORD 1,State Assembly,126,WOR,Ian Phillips,14
Onondaga,SPAFFORD 2,President,,DEM,Kamala D. Harris,212
Onondaga,SPAFFORD 2,President,,REP,Donald J. Trump,257
Onondaga,SPAFFORD 2,President,,CON,Donald J. Trump,32
Onondaga,SPAFFORD 2,President,,WOR,Kamala D. Harris,9
Onondaga,SPAFFORD 2,U.S. Senate,,DEM,Kirsten E. Gillibrand,219
Onondaga,SPAFFORD 2,U.S. Senate,,REP,Michael D. Sapraicone,242
Onondaga,SPAFFORD 2,U.S. Senate,,CON,Michael D. Sapraicone,27
Onondaga,SPAFFORD 2,U.S. Senate,,WOR,Kirsten E. Gillibrand,13
Onondaga,SPAFFORD 2,U.S. Senate,,LAR,Diane Sare,1
Onondaga,SPAFFORD 2,U.S. Senate,,,Write-in,1
Onondaga,SPAFFORD 2,U.S. House,22,DEM,John W. Mannion,209
Onondaga,SPAFFORD 2,U.S. House,22,REP,Brandon M. Williams,251
Onondaga,SPAFFORD 2,U.S. House,22,CON,Brandon M. Williams,37
Onondaga,SPAFFORD 2,U.S. House,22,WOR,John W. Mannion,11
Onondaga,SPAFFORD 2,State Senate,48,DEM,Rachel May,203
Onondaga,SPAFFORD 2,State Senate,48,REP,Caleb C. Slater,274
Onondaga,SPAFFORD 2,State Senate,48,WOR,Rachel May,17
Onondaga,SPAFFORD 2,State Assembly,126,DEM,Ian Phillips,188
Onondaga,SPAFFORD 2,State Assembly,126,REP,John Lemondes Jr.,262
Onondaga,SPAFFORD 2,State Assembly,126,CON,John Lemondes Jr.,40
Onondaga,SPAFFORD 2,State Assembly,126,WOR,Ian Phillips,7
Onondaga,TULLY 1,President,,DEM,Kamala D. Harris,235
Onondaga,TULLY 1,President,,REP,Donald J. Trump,191
Onondaga,TULLY 1,President,,CON,Donald J. Trump,32
Onondaga,TULLY 1,President,,WOR,Kamala D. Harris,17
Onondaga,TULLY 1,President,,,Write-in,1
Onondaga,TULLY 1,U.S. Senate,,DEM,Kirsten E. Gillibrand,236
Onondaga,TULLY 1,U.S. Senate,,REP,Michael D. Sapraicone,181
Onondaga,TULLY 1,U.S. Senate,,CON,Michael D. Sapraicone,34
Onondaga,TULLY 1,U.S. Senate,,WOR,Kirsten E. Gillibrand,26
Onondaga,TULLY 1,U.S. Senate,,LAR,Diane Sare,1
Onondaga,TULLY 1,U.S. House,22,DEM,John W. Mannion,235
Onondaga,TULLY 1,U.S. House,22,REP,Brandon M. Williams,184
Onondaga,TULLY 1,U.S. House,22,CON,Brandon M. Williams,34
Onondaga,TULLY 1,U.S. House,22,WOR,John W. Mannion,22
Onondaga,TULLY 1,U.S. House,22,,Write-in,2
Onondaga,TULLY 1,State Senate,48,DEM,Rachel May,234
Onondaga,TULLY 1,State Senate,48,REP,Caleb C. Slater,213
Onondaga,TULLY 1,State Senate,48,WOR,Rachel May,22
Onondaga,TULLY 1,State Assembly,126,DEM,Ian Phillips,223
Onondaga,TULLY 1,State Assembly,126,REP,John Lemondes Jr.,195
Onondaga,TULLY 1,State Assembly,126,CON,John Lemondes Jr.,37
Onondaga,TULLY 1,State Assembly,126,WOR,Ian Phillips,18
Onondaga,TULLY 2,President,,DEM,Kamala D. Harris,290
Onondaga,TULLY 2,President,,REP,Donald J. Trump,290
Onondaga,TULLY 2,President,,CON,Donald J. Trump,28
Onondaga,TULLY 2,President,,WOR,Kamala D. Harris,22
Onondaga,TULLY 2,President,,,Write-in,3
Onondaga,TULLY 2,U.S. Senate,,DEM,Kirsten E. Gillibrand,288
Onondaga,TULLY 2,U.S. Senate,,REP,Michael D. Sapraicone,279
Onondaga,TULLY 2,U.S. Senate,,CON,Michael D. Sapraicone,34
Onondaga,TULLY 2,U.S. Senate,,WOR,Kirsten E. Gillibrand,27
Onondaga,TULLY 2,U.S. Senate,,LAR,Diane Sare,1
Onondaga,TULLY 2,U.S. House,22,DEM,John W. Mannion,288
Onondaga,TULLY 2,U.S. House,22,REP,Brandon M. Williams,288
Onondaga,TULLY 2,U.S. House,22,CON,Brandon M. Williams,36
Onondaga,TULLY 2,U.S. House,22,WOR,John W. Mannion,23
Onondaga,TULLY 2,State Senate,48,DEM,Rachel May,279
Onondaga,TULLY 2,State Senate,48,REP,Caleb C. Slater,324
Onondaga,TULLY 2,State Senate,48,WOR,Rachel May,24
Onondaga,TULLY 2,State Assembly,126,DEM,Ian Phillips,241
Onondaga,TULLY 2,State Assembly,126,REP,John Lemondes Jr.,322
Onondaga,TULLY 2,State Assembly,126,CON,John Lemondes Jr.,38
Onondaga,TULLY 2,State Assembly,126,WOR,Ian Phillips,25
Onondaga,TULLY 3,President,,DEM,Kamala D. Harris,273
Onondaga,TULLY 3,President,,REP,Donald J. Trump,225
Onondaga,TULLY 3,President,,CON,Donald J. Trump,35
Onondaga,TULLY 3,President,,WOR,Kamala D. Harris,23
Onondaga,TULLY 3,President,,,Write-in,2
Onondaga,TULLY 3,U.S. Senate,,DEM,Kirsten E. Gillibrand,252
Onondaga,TULLY 3,U.S. Senate,,REP,Michael D. Sapraicone,218
Onondaga,TULLY 3,U.S. Senate,,CON,Michael D. Sapraicone,45
Onondaga,TULLY 3,U.S. Senate,,WOR,Kirsten E. Gillibrand,33
Onondaga,TULLY 3,U.S. Senate,,LAR,Diane Sare,3
Onondaga,TULLY 3,U.S. House,22,DEM,John W. Mannion,244
Onondaga,TULLY 3,U.S. House,22,REP,Brandon M. Williams,231
Onondaga,TULLY 3,U.S. House,22,CON,Brandon M. Williams,47
Onondaga,TULLY 3,U.S. House,22,WOR,John W. Mannion,34
Onondaga,TULLY 3,U.S. House,22,,Write-in,1
Onondaga,TULLY 3,State Senate,48,DEM,Rachel May,244
Onondaga,TULLY 3,State Senate,48,REP,Caleb C. Slater,266
Onondaga,TULLY 3,State Senate,48,WOR,Rachel May,32
Onondaga,TULLY 3,State Assembly,126,DEM,Ian Phillips,225
Onondaga,TULLY 3,State Assembly,126,REP,John Lemondes Jr.,245
Onondaga,TULLY 3,State Assembly,126,CON,John Lemondes Jr.,44
Onondaga,TULLY 3,State Assembly,126,WOR,Ian Phillips,28
Onondaga,TULLY 3,State Assembly,126,,Write-in,1
Onondaga,VAN BUREN 1,President,,DEM,Kamala D. Harris,180
Onondaga,VAN BUREN 1,President,,REP,Donald J. Trump,269
Onondaga,VAN BUREN 1,President,,CON,Donald J. Trump,51
Onondaga,VAN BUREN 1,President,,WOR,Kamala D. Harris,16
Onondaga,VAN BUREN 1,President,,,Write-in,2
Onondaga,VAN BUREN 1,U.S. Senate,,DEM,Kirsten E. Gillibrand,177
Onondaga,VAN BUREN 1,U.S. Senate,,REP,Michael D. Sapraicone,249
Onondaga,VAN BUREN 1,U.S. Senate,,CON,Michael D. Sapraicone,54
Onondaga,VAN BUREN 1,U.S. Senate,,WOR,Kirsten E. Gillibrand,21
Onondaga,VAN BUREN 1,U.S. Senate,,LAR,Diane Sare,2
Onondaga,VAN BUREN 1,U.S. House,22,DEM,John W. Mannion,182
Onondaga,VAN BUREN 1,U.S. House,22,REP,Brandon M. Williams,256
Onondaga,VAN BUREN 1,U.S. House,22,CON,Brandon M. Williams,57
Onondaga,VAN BUREN 1,U.S. House,22,WOR,John W. Mannion,17
Onondaga,VAN BUREN 1,State Senate,48,DEM,Rachel May,164
Onondaga,VAN BUREN 1,State Senate,48,REP,Caleb C. Slater,304
Onondaga,VAN BUREN 1,State Senate,48,WOR,Rachel May,28
Onondaga,VAN BUREN 1,State Senate,48,,Write-in,2
Onondaga,VAN BUREN 1,State Assembly,129,DEM,William B. Magnarelli,276
Onondaga,VAN BUREN 1,State Assembly,129,,Write-in,11
Onondaga,VAN BUREN 2,President,,DEM,Kamala D. Harris,416
Onondaga,VAN BUREN 2,President,,REP,Donald J. Trump,444
Onondaga,VAN BUREN 2,President,,CON,Donald J. Trump,54
Onondaga,VAN BUREN 2,President,,WOR,Kamala D. Harris,17
Onondaga,VAN BUREN 2,President,,,Write-in,1
Onondaga,VAN BUREN 2,U.S. Senate,,DEM,Kirsten E. Gillibrand,407
Onondaga,VAN BUREN 2,U.S. Senate,,REP,Michael D. Sapraicone,417
Onondaga,VAN BUREN 2,U.S. Senate,,CON,Michael D. Sapraicone,60
Onondaga,VAN BUREN 2,U.S. Senate,,WOR,Kirsten E. Gillibrand,34
Onondaga,VAN BUREN 2,U.S. Senate,,LAR,Diane Sare,2
Onondaga,VAN BUREN 2,U.S. Senate,,,Write-in,1
Onondaga,VAN BUREN 2,U.S. House,22,DEM,John W. Mannion,402
Onondaga,VAN BUREN 2,U.S. House,22,REP,Brandon M. Williams,436
Onondaga,VAN BUREN 2,U.S. House,22,CON,Brandon M. Williams,55
Onondaga,VAN BUREN 2,U.S. House,22,WOR,John W. Mannion,29
Onondaga,VAN BUREN 2,State Senate,48,DEM,Rachel May,390
Onondaga,VAN BUREN 2,State Senate,48,REP,Caleb C. Slater,475
Onondaga,VAN BUREN 2,State Senate,48,WOR,Rachel May,31
Onondaga,VAN BUREN 2,State Senate,48,,Write-in,2
Onondaga,VAN BUREN 2,State Assembly,129,DEM,William B. Magnarelli,548
Onondaga,VAN BUREN 2,State Assembly,129,,Write-in,13
Onondaga,VAN BUREN 3,President,,DEM,Kamala D. Harris,295
Onondaga,VAN BUREN 3,President,,REP,Donald J. Trump,240
Onondaga,VAN BUREN 3,President,,CON,Donald J. Trump,44
Onondaga,VAN BUREN 3,President,,WOR,Kamala D. Harris,22
Onondaga,VAN BUREN 3,President,,,Write-in,1
Onondaga,VAN BUREN 3,U.S. Senate,,DEM,Kirsten E. Gillibrand,291
Onondaga,VAN BUREN 3,U.S. Senate,,REP,Michael D. Sapraicone,223
Onondaga,VAN BUREN 3,U.S. Senate,,CON,Michael D. Sapraicone,45
Onondaga,VAN BUREN 3,U.S. Senate,,WOR,Kirsten E. Gillibrand,28
Onondaga,VAN BUREN 3,U.S. Senate,,LAR,Diane Sare,4
Onondaga,VAN BUREN 3,U.S. House,22,DEM,John W. Mannion,295
Onondaga,VAN BUREN 3,U.S. House,22,REP,Brandon M. Williams,226
Onondaga,VAN BUREN 3,U.S. House,22,CON,Brandon M. Williams,47
Onondaga,VAN BUREN 3,U.S. House,22,WOR,John W. Mannion,28
Onondaga,VAN BUREN 3,State Senate,48,DEM,Rachel May,282
Onondaga,VAN BUREN 3,State Senate,48,REP,Caleb C. Slater,274
Onondaga,VAN BUREN 3,State Senate,48,WOR,Rachel May,28
Onondaga,VAN BUREN 3,State Assembly,129,DEM,William B. Magnarelli,390
Onondaga,VAN BUREN 3,State Assembly,129,,Write-in,11
Onondaga,VAN BUREN 4,President,,DEM,Kamala D. Harris,476
Onondaga,VAN BUREN 4,President,,REP,Donald J. Trump,336
Onondaga,VAN BUREN 4,President,,CON,Donald J. Trump,41
Onondaga,VAN BUREN 4,President,,WOR,Kamala D. Harris,25
Onondaga,VAN BUREN 4,President,,,Write-in,5
Onondaga,VAN BUREN 4,U.S. Senate,,DEM,Kirsten E. Gillibrand,462
Onondaga,VAN BUREN 4,U.S. Senate,,REP,Michael D. Sapraicone,305
Onondaga,VAN BUREN 4,U.S. Senate,,CON,Michael D. Sapraicone,45
Onondaga,VAN BUREN 4,U.S. Senate,,WOR,Kirsten E. Gillibrand,47
Onondaga,VAN BUREN 4,U.S. Senate,,LAR,Diane Sare,3
Onondaga,VAN BUREN 4,U.S. House,22,DEM,John W. Mannion,460
Onondaga,VAN BUREN 4,U.S. House,22,REP,Brandon M. Williams,318
Onondaga,VAN BUREN 4,U.S. House,22,CON,Brandon M. Williams,52
Onondaga,VAN BUREN 4,U.S. House,22,WOR,John W. Mannion,38
Onondaga,VAN BUREN 4,State Senate,48,DEM,Rachel May,457
Onondaga,VAN BUREN 4,State Senate,48,REP,Caleb C. Slater,354
Onondaga,VAN BUREN 4,State Senate,48,WOR,Rachel May,42
Onondaga,VAN BUREN 4,State Senate,48,,Write-in,1
Onondaga,VAN BUREN 4,State Assembly,129,DEM,William B. Magnarelli,600
Onondaga,VAN BUREN 4,State Assembly,129,,Write-in,10
Onondaga,VAN BUREN 5,President,,DEM,Kamala D. Harris,232
Onondaga,VAN BUREN 5,President,,REP,Donald J. Trump,347
Onondaga,VAN BUREN 5,President,,CON,Donald J. Trump,57
Onondaga,VAN BUREN 5,President,,WOR,Kamala D. Harris,20
Onondaga,VAN BUREN 5,President,,,Write-in,1
Onondaga,VAN BUREN 5,U.S. Senate,,DEM,Kirsten E. Gillibrand,232
Onondaga,VAN BUREN 5,U.S. Senate,,REP,Michael D. Sapraicone,330
Onondaga,VAN BUREN 5,U.S. Senate,,CON,Michael D. Sapraicone,55
Onondaga,VAN BUREN 5,U.S. Senate,,WOR,Kirsten E. Gillibrand,28
Onondaga,VAN BUREN 5,U.S. Senate,,LAR,Diane Sare,1
Onondaga,VAN BUREN 5,U.S. Senate,,,Write-in,1
Onondaga,VAN BUREN 5,U.S. House,22,DEM,John W. Mannion,242
Onondaga,VAN BUREN 5,U.S. House,22,REP,Brandon M. Williams,329
Onondaga,VAN BUREN 5,U.S. House,22,CON,Brandon M. Williams,58
Onondaga,VAN BUREN 5,U.S. House,22,WOR,John W. Mannion,22
Onondaga,VAN BUREN 5,U.S. House,22,,Write-in,1
Onondaga,VAN BUREN 5,State Senate,48,DEM,Rachel May,217
Onondaga,VAN BUREN 5,State Senate,48,REP,Caleb C. Slater,383
Onondaga,VAN BUREN 5,State Senate,48,WOR,Rachel May,30
Onondaga,VAN BUREN 5,State Senate,48,,Write-in,1
Onondaga,VAN BUREN 5,State Assembly,129,DEM,William B. Magnarelli,335
Onondaga,VAN BUREN 5,State Assembly,129,,Write-in,13
Onondaga,VAN BUREN 6,President,,DEM,Kamala D. Harris,385
Onondaga,VAN BUREN 6,President,,REP,Donald J. Trump,359
Onondaga,VAN BUREN 6,President,,CON,Donald J. Trump,47
Onondaga,VAN BUREN 6,President,,WOR,Kamala D. Harris,25
Onondaga,VAN BUREN 6,President,,,Write-in,3
Onondaga,VAN BUREN 6,U.S. Senate,,DEM,Kirsten E. Gillibrand,382
Onondaga,VAN BUREN 6,U.S. Senate,,REP,Michael D. Sapraicone,335
Onondaga,VAN BUREN 6,U.S. Senate,,CON,Michael D. Sapraicone,53
Onondaga,VAN BUREN 6,U.S. Senate,,WOR,Kirsten E. Gillibrand,30
Onondaga,VAN BUREN 6,U.S. Senate,,LAR,Diane Sare,1
Onondaga,VAN BUREN 6,U.S. House,22,DEM,John W. Mannion,374
Onondaga,VAN BUREN 6,U.S. House,22,REP,Brandon M. Williams,338
Onondaga,VAN BUREN 6,U.S. House,22,CON,Brandon M. Williams,55
Onondaga,VAN BUREN 6,U.S. House,22,WOR,John W. Mannion,37
Onondaga,VAN BUREN 6,State Senate,48,DEM,Rachel May,374
Onondaga,VAN BUREN 6,State Senate,48,REP,Caleb C. Slater,380
Onondaga,VAN BUREN 6,State Senate,48,WOR,Rachel May,33
Onondaga,VAN BUREN 6,State Senate,48,,Write-in,1
Onondaga,VAN BUREN 6,State Assembly,129,DEM,William B. Magnarelli,505
Onondaga,VAN BUREN 6,State Assembly,129,,Write-in,23
Onondaga,VAN BUREN 7,President,,DEM,Kamala D. Harris,214
Onondaga,VAN BUREN 7,President,,REP,Donald J. Trump,264
Onondaga,VAN BUREN 7,President,,CON,Donald J. Trump,33
Onondaga,VAN BUREN 7,President,,WOR,Kamala D. Harris,17
Onondaga,VAN BUREN 7,President,,,Write-in,4
Onondaga,VAN BUREN 7,U.S. Senate,,DEM,Kirsten E. Gillibrand,207
Onondaga,VAN BUREN 7,U.S. Senate,,REP,Michael D. Sapraicone,238
Onondaga,VAN BUREN 7,U.S. Senate,,CON,Michael D. Sapraicone,39
Onondaga,VAN BUREN 7,U.S. Senate,,WOR,Kirsten E. Gillibrand,30
Onondaga,VAN BUREN 7,U.S. Senate,,,Write-in,1
Onondaga,VAN BUREN 7,U.S. House,22,DEM,John W. Mannion,203
Onondaga,VAN BUREN 7,U.S. House,22,REP,Brandon M. Williams,254
Onondaga,VAN BUREN 7,U.S. House,22,CON,Brandon M. Williams,35
Onondaga,VAN BUREN 7,U.S. House,22,WOR,John W. Mannion,30
Onondaga,VAN BUREN 7,State Senate,48,DEM,Rachel May,204
Onondaga,VAN BUREN 7,State Senate,48,REP,Caleb C. Slater,273
Onondaga,VAN BUREN 7,State Senate,48,WOR,Rachel May,32
Onondaga,VAN BUREN 7,State Assembly,129,DEM,William B. Magnarelli,316
Onondaga,VAN BUREN 7,State Assembly,129,,Write-in,8
Onondaga,VAN BUREN 8,President,,DEM,Kamala D. Harris,257
Onondaga,VAN BUREN 8,President,,REP,Donald J. Trump,242
Onondaga,VAN BUREN 8,President,,CON,Donald J. Trump,35
Onondaga,VAN BUREN 8,President,,WOR,Kamala D. Harris,12
Onondaga,VAN BUREN 8,U.S. Senate,,DEM,Kirsten E. Gillibrand,257
Onondaga,VAN BUREN 8,U.S. Senate,,REP,Michael D. Sapraicone,216
Onondaga,VAN BUREN 8,U.S. Senate,,CON,Michael D. Sapraicone,35
Onondaga,VAN BUREN 8,U.S. Senate,,WOR,Kirsten E. Gillibrand,20
Onondaga,VAN BUREN 8,U.S. Senate,,LAR,Diane Sare,2
Onondaga,VAN BUREN 8,U.S. Senate,,,Write-in,1
Onondaga,VAN BUREN 8,U.S. House,22,DEM,John W. Mannion,259
Onondaga,VAN BUREN 8,U.S. House,22,REP,Brandon M. Williams,220
Onondaga,VAN BUREN 8,U.S. House,22,CON,Brandon M. Williams,39
Onondaga,VAN BUREN 8,U.S. House,22,WOR,John W. Mannion,19
Onondaga,VAN BUREN 8,U.S. House,22,,Write-in,1
Onondaga,VAN BUREN 8,State Senate,48,DEM,Rachel May,252
Onondaga,VAN BUREN 8,State Senate,48,REP,Caleb C. Slater,253
Onondaga,VAN BUREN 8,State Senate,48,WOR,Rachel May,19
Onondaga,VAN BUREN 8,State Senate,48,,Write-in,1
Onondaga,VAN BUREN 8,State Assembly,129,DEM,William B. Magnarelli,349
Onondaga,VAN BUREN 8,State Assembly,129,,Write-in,3
Onondaga,VAN BUREN 9,President,,DEM,Kamala D. Harris,326
Onondaga,VAN BUREN 9,President,,REP,Donald J. Trump,373
Onondaga,VAN BUREN 9,President,,CON,Donald J. Trump,67
Onondaga,VAN BUREN 9,President,,WOR,Kamala D. Harris,14
Onondaga,VAN BUREN 9,President,,,Write-in,3
Onondaga,VAN BUREN 9,U.S. Senate,,DEM,Kirsten E. Gillibrand,320
Onondaga,VAN BUREN 9,U.S. Senate,,REP,Michael D. Sapraicone,366
Onondaga,VAN BUREN 9,U.S. Senate,,CON,Michael D. Sapraicone,70
Onondaga,VAN BUREN 9,U.S. Senate,,WOR,Kirsten E. Gillibrand,20
Onondaga,VAN BUREN 9,U.S. Senate,,LAR,Diane Sare,5
Onondaga,VAN BUREN 9,U.S. House,22,DEM,John W. Mannion,313
Onondaga,VAN BUREN 9,U.S. House,22,REP,Brandon M. Williams,384
Onondaga,VAN BUREN 9,U.S. House,22,CON,Brandon M. Williams,71
Onondaga,VAN BUREN 9,U.S. House,22,WOR,John W. Mannion,21
Onondaga,VAN BUREN 9,State Senate,48,DEM,Rachel May,317
Onondaga,VAN BUREN 9,State Senate,48,REP,Caleb C. Slater,437
Onondaga,VAN BUREN 9,State Senate,48,WOR,Rachel May,21
Onondaga,VAN BUREN 9,State Senate,48,,Write-in,2
Onondaga,VAN BUREN 9,State Assembly,129,DEM,William B. Magnarelli,444
Onondaga,VAN BUREN 9,State Assembly,129,,Write-in,13
Onondaga,VAN BUREN 10,President,,DEM,Kamala D. Harris,353
Onondaga,VAN BUREN 10,President,,REP,Donald J. Trump,260
Onondaga,VAN BUREN 10,President,,CON,Donald J. Trump,31
Onondaga,VAN BUREN 10,President,,WOR,Kamala D. Harris,25
Onondaga,VAN BUREN 10,President,,,Write-in,3
Onondaga,VAN BUREN 10,U.S. Senate,,DEM,Kirsten E. Gillibrand,344
Onondaga,VAN BUREN 10,U.S. Senate,,REP,Michael D. Sapraicone,233
Onondaga,VAN BUREN 10,U.S. Senate,,CON,Michael D. Sapraicone,39
Onondaga,VAN BUREN 10,U.S. Senate,,WOR,Kirsten E. Gillibrand,34
Onondaga,VAN BUREN 10,U.S. Senate,,LAR,Diane Sare,4
Onondaga,VAN BUREN 10,U.S. Senate,,,Write-in,2
Onondaga,VAN BUREN 10,U.S. House,22,DEM,John W. Mannion,346
Onondaga,VAN BUREN 10,U.S. House,22,REP,Brandon M. Williams,240
Onondaga,VAN BUREN 10,U.S. House,22,CON,Brandon M. Williams,33
Onondaga,VAN BUREN 10,U.S. House,22,WOR,John W. Mannion,36
Onondaga,VAN BUREN 10,State Senate,48,DEM,Rachel May,328
Onondaga,VAN BUREN 10,State Senate,48,REP,Caleb C. Slater,271
Onondaga,VAN BUREN 10,State Senate,48,WOR,Rachel May,41
Onondaga,VAN BUREN 10,State Assembly,129,DEM,William B. Magnarelli,438
Onondaga,VAN BUREN 10,State Assembly,129,,Write-in,5
Onondaga,VAN BUREN 11,President,,DEM,Kamala D. Harris,330
Onondaga,VAN BUREN 11,President,,REP,Donald J. Trump,228
Onondaga,VAN BUREN 11,President,,CON,Donald J. Trump,23
Onondaga,VAN BUREN 11,President,,WOR,Kamala D. Harris,8
Onondaga,VAN BUREN 11,President,,,Write-in,3
Onondaga,VAN BUREN 11,U.S. Senate,,DEM,Kirsten E. Gillibrand,327
Onondaga,VAN BUREN 11,U.S. Senate,,REP,Michael D. Sapraicone,207
Onondaga,VAN BUREN 11,U.S. Senate,,CON,Michael D. Sapraicone,19
Onondaga,VAN BUREN 11,U.S. Senate,,WOR,Kirsten E. Gillibrand,22
Onondaga,VAN BUREN 11,U.S. House,22,DEM,John W. Mannion,320
Onondaga,VAN BUREN 11,U.S. House,22,REP,Brandon M. Williams,218
Onondaga,VAN BUREN 11,U.S. House,22,CON,Brandon M. Williams,22
Onondaga,VAN BUREN 11,U.S. House,22,WOR,John W. Mannion,22
Onondaga,VAN BUREN 11,State Senate,48,DEM,Rachel May,321
Onondaga,VAN BUREN 11,State Senate,48,REP,Caleb C. Slater,227
Onondaga,VAN BUREN 11,State Senate,48,WOR,Rachel May,25
Onondaga,VAN BUREN 11,State Assembly,129,DEM,William B. Magnarelli,407
Onondaga,VAN BUREN 11,State Assembly,129,,Write-in,4
