county,precinct,office,district,party,candidate,votes
Schenectady,Duanesburg 1,President,,DEM,Kamala D. Harris,257
Schenectady,Duanesburg 1,President,,REP,Donald J. Trump,442
Schenectady,Duanesburg 1,President,,CON,Donald J. Trump,83
Schenectady,Duanesburg 1,President,,WOR,Kamala D. Harris,18
Schenectady,Duanesburg 1,President,,,Write-in,7
Schenectady,Duanesburg 1,U.S. Senate,,DEM,Kirsten E. Gillibrand,270
Schenectady,Duanesburg 1,U.S. Senate,,REP,Michael D. Sapraicone,378
Schenectady,Duanesburg 1,U.S. Senate,,CON,Michael D. Sapraicone,83
Schenectady,Duanesburg 1,U.S. Senate,,WOR,Kirsten E. Gillibrand,36
Schenectady,Duanesburg 1,U.S. Senate,,,Write-in,1
Schenectady,Duanesburg 1,U.S. House,20,DEM,Paul D. Tonko,274
Schenectady,Duanesburg 1,U.S. House,20,REP,Kevin M. Waltz,370
Schenectady,Duanesburg 1,U.S. House,20,CON,Kevin M. Waltz,83
Schenectady,Duanesburg 1,U.S. House,20,WOR,Paul D. Tonko,39
Schenectady,Duanesburg 1,U.S. House,20,,Write-in,1
Schenectady,Duanesburg 1,State Senate,46,DEM,Patricia A. Fahy,235
Schenectady,Duanesburg 1,State Senate,46,REP,Ted Danz Jr.,408
Schenectady,Duanesburg 1,State Senate,46,CON,Ted Danz Jr.,91
Schenectady,Duanesburg 1,State Senate,46,WOR,Patricia A. Fahy,28
Schenectady,Duanesburg 1,State Senate,46,,Write-in,1
Schenectady,Duanesburg 1,State Assembly,111,DEM,Angelo L. Santabarbara,359
Schenectady,Duanesburg 1,State Assembly,111,REP,Joseph C. Mastroianni,333
Schenectady,Duanesburg 1,State Assembly,111,CON,Joseph C. Mastroianni,71
Schenectady,Duanesburg 1,State Assembly,111,PFP,Angelo L. Santabarbara,19
Schenectady,Duanesburg 1,State Assembly,111,,Write-in,1
Schenectady,Duanesburg 2,President,,DEM,Kamala D. Harris,296
Schenectady,Duanesburg 2,President,,REP,Donald J. Trump,436
Schenectady,Duanesburg 2,President,,CON,Donald J. Trump,79
Schenectady,Duanesburg 2,President,,WOR,Kamala D. Harris,23
Schenectady,Duanesburg 2,President,,,Write-in,5
Schenectady,Duanesburg 2,U.S. Senate,,DEM,Kirsten E. Gillibrand,301
Schenectady,Duanesburg 2,U.S. Senate,,REP,Michael D. Sapraicone,387
Schenectady,Duanesburg 2,U.S. Senate,,CON,Michael D. Sapraicone,77
Schenectady,Duanesburg 2,U.S. Senate,,WOR,Kirsten E. Gillibrand,37
Schenectady,Duanesburg 2,U.S. Senate,,LAR,Diane Sare,2
Schenectady,Duanesburg 2,U.S. House,20,DEM,Paul D. Tonko,308
Schenectady,Duanesburg 2,U.S. House,20,REP,Kevin M. Waltz,383
Schenectady,Duanesburg 2,U.S. House,20,CON,Kevin M. Waltz,79
Schenectady,Duanesburg 2,U.S. House,20,WOR,Paul D. Tonko,39
Schenectady,Duanesburg 2,State Senate,46,DEM,Patricia A. Fahy,244
Schenectady,Duanesburg 2,State Senate,46,REP,Ted Danz Jr.,442
Schenectady,Duanesburg 2,State Senate,46,CON,Ted Danz Jr.,88
Schenectady,Duanesburg 2,State Senate,46,WOR,Patricia A. Fahy,25
Schenectady,Duanesburg 2,State Assembly,111,DEM,Angelo L. Santabarbara,388
Schenectady,Duanesburg 2,State Assembly,111,REP,Joseph C. Mastroianni,334
Schenectady,Duanesburg 2,State Assembly,111,CON,Joseph C. Mastroianni,71
Schenectady,Duanesburg 2,State Assembly,111,PFP,Angelo L. Santabarbara,13
Schenectady,Duanesburg 3,President,,DEM,Kamala D. Harris,369
Schenectady,Duanesburg 3,President,,REP,Donald J. Trump,430
Schenectady,Duanesburg 3,President,,CON,Donald J. Trump,94
Schenectady,Duanesburg 3,President,,WOR,Kamala D. Harris,35
Schenectady,Duanesburg 3,President,,,Write-in,5
Schenectady,Duanesburg 3,U.S. Senate,,DEM,Kirsten E. Gillibrand,378
Schenectady,Duanesburg 3,U.S. Senate,,REP,Michael D. Sapraicone,378
Schenectady,Duanesburg 3,U.S. Senate,,CON,Michael D. Sapraicone,109
Schenectady,Duanesburg 3,U.S. Senate,,WOR,Kirsten E. Gillibrand,52
Schenectady,Duanesburg 3,U.S. Senate,,LAR,Diane Sare,3
Schenectady,Duanesburg 3,U.S. House,20,DEM,Paul D. Tonko,392
Schenectady,Duanesburg 3,U.S. House,20,REP,Kevin M. Waltz,372
Schenectady,Duanesburg 3,U.S. House,20,CON,Kevin M. Waltz,103
Schenectady,Duanesburg 3,U.S. House,20,WOR,Paul D. Tonko,53
Schenectady,Duanesburg 3,State Senate,46,DEM,Patricia A. Fahy,325
Schenectady,Duanesburg 3,State Senate,46,REP,Ted Danz Jr.,412
Schenectady,Duanesburg 3,State Senate,46,CON,Ted Danz Jr.,117
Schenectady,Duanesburg 3,State Senate,46,WOR,Patricia A. Fahy,44
Schenectady,Duanesburg 3,State Assembly,111,DEM,Angelo L. Santabarbara,455
Schenectady,Duanesburg 3,State Assembly,111,REP,Joseph C. Mastroianni,346
Schenectady,Duanesburg 3,State Assembly,111,CON,Joseph C. Mastroianni,91
Schenectady,Duanesburg 3,State Assembly,111,PFP,Angelo L. Santabarbara,20
Schenectady,Duanesburg 3,State Assembly,111,,Write-in,1
Schenectady,Duanesburg 4,President,,DEM,Kamala D. Harris,189
Schenectady,Duanesburg 4,President,,REP,Donald J. Trump,319
Schenectady,Duanesburg 4,President,,CON,Donald J. Trump,65
Schenectady,Duanesburg 4,President,,WOR,Kamala D. Harris,14
Schenectady,Duanesburg 4,President,,,Write-in,2
Schenectady,Duanesburg 4,U.S. Senate,,DEM,Kirsten E. Gillibrand,196
Schenectady,Duanesburg 4,U.S. Senate,,REP,Michael D. Sapraicone,284
Schenectady,Duanesburg 4,U.S. Senate,,CON,Michael D. Sapraicone,66
Schenectady,Duanesburg 4,U.S. Senate,,WOR,Kirsten E. Gillibrand,22
Schenectady,Duanesburg 4,U.S. Senate,,LAR,Diane Sare,2
Schenectady,Duanesburg 4,U.S. Senate,,,Write-in,1
Schenectady,Duanesburg 4,U.S. House,20,DEM,Paul D. Tonko,196
Schenectady,Duanesburg 4,U.S. House,20,REP,Kevin M. Waltz,291
Schenectady,Duanesburg 4,U.S. House,20,CON,Kevin M. Waltz,63
Schenectady,Duanesburg 4,U.S. House,20,WOR,Paul D. Tonko,22
Schenectady,Duanesburg 4,U.S. House,20,,Write-in,1
Schenectady,Duanesburg 4,State Senate,46,DEM,Patricia A. Fahy,168
Schenectady,Duanesburg 4,State Senate,46,REP,Ted Danz Jr.,314
Schenectady,Duanesburg 4,State Senate,46,CON,Ted Danz Jr.,68
Schenectady,Duanesburg 4,State Senate,46,WOR,Patricia A. Fahy,17
Schenectady,Duanesburg 4,State Senate,46,,Write-in,2
Schenectady,Duanesburg 4,State Assembly,111,DEM,Angelo L. Santabarbara,237
Schenectady,Duanesburg 4,State Assembly,111,REP,Joseph C. Mastroianni,262
Schenectady,Duanesburg 4,State Assembly,111,CON,Joseph C. Mastroianni,62
Schenectady,Duanesburg 4,State Assembly,111,PFP,Angelo L. Santabarbara,8
Schenectady,Duanesburg 4,State Assembly,111,,Write-in,2
Schenectady,Duanesburg 5,President,,DEM,Kamala D. Harris,221
Schenectady,Duanesburg 5,President,,REP,Donald J. Trump,322
Schenectady,Duanesburg 5,President,,CON,Donald J. Trump,66
Schenectady,Duanesburg 5,President,,WOR,Kamala D. Harris,19
Schenectady,Duanesburg 5,President,,,Write-in,4
Schenectady,Duanesburg 5,U.S. Senate,,DEM,Kirsten E. Gillibrand,225
Schenectady,Duanesburg 5,U.S. Senate,,REP,Michael D. Sapraicone,292
Schenectady,Duanesburg 5,U.S. Senate,,CON,Michael D. Sapraicone,65
Schenectady,Duanesburg 5,U.S. Senate,,WOR,Kirsten E. Gillibrand,31
Schenectady,Duanesburg 5,U.S. Senate,,LAR,Diane Sare,1
Schenectady,Duanesburg 5,U.S. House,20,DEM,Paul D. Tonko,234
Schenectady,Duanesburg 5,U.S. House,20,REP,Kevin M. Waltz,277
Schenectady,Duanesburg 5,U.S. House,20,CON,Kevin M. Waltz,61
Schenectady,Duanesburg 5,U.S. House,20,WOR,Paul D. Tonko,33
Schenectady,Duanesburg 5,State Senate,46,DEM,Patricia A. Fahy,200
Schenectady,Duanesburg 5,State Senate,46,REP,Ted Danz Jr.,318
Schenectady,Duanesburg 5,State Senate,46,CON,Ted Danz Jr.,70
Schenectady,Duanesburg 5,State Senate,46,WOR,Patricia A. Fahy,22
Schenectady,Duanesburg 5,State Assembly,111,DEM,Angelo L. Santabarbara,270
Schenectady,Duanesburg 5,State Assembly,111,REP,Joseph C. Mastroianni,269
Schenectady,Duanesburg 5,State Assembly,111,CON,Joseph C. Mastroianni,60
Schenectady,Duanesburg 5,State Assembly,111,PFP,Angelo L. Santabarbara,13
Schenectady,Glenville 1,President,,DEM,Kamala D. Harris,390
Schenectady,Glenville 1,President,,REP,Donald J. Trump,271
Schenectady,Glenville 1,President,,CON,Donald J. Trump,39
Schenectady,Glenville 1,President,,WOR,Kamala D. Harris,29
Schenectady,Glenville 1,President,,,Write-in,14
Schenectady,Glenville 1,U.S. Senate,,DEM,Kirsten E. Gillibrand,384
Schenectady,Glenville 1,U.S. Senate,,REP,Michael D. Sapraicone,245
Schenectady,Glenville 1,U.S. Senate,,CON,Michael D. Sapraicone,49
Schenectady,Glenville 1,U.S. Senate,,WOR,Kirsten E. Gillibrand,38
Schenectady,Glenville 1,U.S. Senate,,LAR,Diane Sare,8
Schenectady,Glenville 1,U.S. House,20,DEM,Paul D. Tonko,403
Schenectady,Glenville 1,U.S. House,20,REP,Kevin M. Waltz,235
Schenectady,Glenville 1,U.S. House,20,CON,Kevin M. Waltz,47
Schenectady,Glenville 1,U.S. House,20,WOR,Paul D. Tonko,41
Schenectady,Glenville 1,State Senate,46,DEM,Patricia A. Fahy,344
Schenectady,Glenville 1,State Senate,46,REP,Ted Danz Jr.,285
Schenectady,Glenville 1,State Senate,46,CON,Ted Danz Jr.,51
Schenectady,Glenville 1,State Senate,46,WOR,Patricia A. Fahy,40
Schenectady,Glenville 1,State Assembly,112,DEM,Joe Seeman,317
Schenectady,Glenville 1,State Assembly,112,REP,Mary Beth Walsh,309
Schenectady,Glenville 1,State Assembly,112,CON,Mary Beth Walsh,63
Schenectady,Glenville 1,State Assembly,112,WOR,Joe Seeman,30
Schenectady,Glenville 2,President,,DEM,Kamala D. Harris,399
Schenectady,Glenville 2,President,,REP,Donald J. Trump,315
Schenectady,Glenville 2,President,,CON,Donald J. Trump,60
Schenectady,Glenville 2,President,,WOR,Kamala D. Harris,24
Schenectady,Glenville 2,President,,,Write-in,7
Schenectady,Glenville 2,U.S. Senate,,DEM,Kirsten E. Gillibrand,399
Schenectady,Glenville 2,U.S. Senate,,REP,Michael D. Sapraicone,275
Schenectady,Glenville 2,U.S. Senate,,CON,Michael D. Sapraicone,57
Schenectady,Glenville 2,U.S. Senate,,WOR,Kirsten E. Gillibrand,41
Schenectady,Glenville 2,U.S. Senate,,LAR,Diane Sare,2
Schenectady,Glenville 2,U.S. Senate,,,Write-in,2
Schenectady,Glenville 2,U.S. House,20,DEM,Paul D. Tonko,402
Schenectady,Glenville 2,U.S. House,20,REP,Kevin M. Waltz,277
Schenectady,Glenville 2,U.S. House,20,CON,Kevin M. Waltz,61
Schenectady,Glenville 2,U.S. House,20,WOR,Paul D. Tonko,39
Schenectady,Glenville 2,U.S. House,20,,Write-in,2
Schenectady,Glenville 2,State Senate,46,DEM,Patricia A. Fahy,355
Schenectady,Glenville 2,State Senate,46,REP,Ted Danz Jr.,311
Schenectady,Glenville 2,State Senate,46,CON,Ted Danz Jr.,75
Schenectady,Glenville 2,State Senate,46,WOR,Patricia A. Fahy,31
Schenectady,Glenville 2,State Senate,46,,Write-in,2
Schenectady,Glenville 2,State Assembly,112,DEM,Joe Seeman,302
Schenectady,Glenville 2,State Assembly,112,REP,Mary Beth Walsh,356
Schenectady,Glenville 2,State Assembly,112,CON,Mary Beth Walsh,79
Schenectady,Glenville 2,State Assembly,112,WOR,Joe Seeman,32
Schenectady,Glenville 2,State Assembly,112,,Write-in,2
Schenectady,Glenville 3,President,,DEM,Kamala D. Harris,263
Schenectady,Glenville 3,President,,REP,Donald J. Trump,383
Schenectady,Glenville 3,President,,CON,Donald J. Trump,65
Schenectady,Glenville 3,President,,WOR,Kamala D. Harris,19
Schenectady,Glenville 3,President,,,Write-in,2
Schenectady,Glenville 3,U.S. Senate,,DEM,Kirsten E. Gillibrand,273
Schenectady,Glenville 3,U.S. Senate,,REP,Michael D. Sapraicone,344
Schenectady,Glenville 3,U.S. Senate,,CON,Michael D. Sapraicone,68
Schenectady,Glenville 3,U.S. Senate,,WOR,Kirsten E. Gillibrand,25
Schenectady,Glenville 3,U.S. Senate,,LAR,Diane Sare,1
Schenectady,Glenville 3,U.S. House,20,DEM,Paul D. Tonko,282
Schenectady,Glenville 3,U.S. House,20,REP,Kevin M. Waltz,338
Schenectady,Glenville 3,U.S. House,20,CON,Kevin M. Waltz,67
Schenectady,Glenville 3,U.S. House,20,WOR,Paul D. Tonko,25
Schenectady,Glenville 3,State Senate,46,DEM,Patricia A. Fahy,234
Schenectady,Glenville 3,State Senate,46,REP,Ted Danz Jr.,377
Schenectady,Glenville 3,State Senate,46,CON,Ted Danz Jr.,68
Schenectady,Glenville 3,State Senate,46,WOR,Patricia A. Fahy,22
Schenectady,Glenville 3,State Assembly,112,DEM,Joe Seeman,211
Schenectady,Glenville 3,State Assembly,112,REP,Mary Beth Walsh,408
Schenectady,Glenville 3,State Assembly,112,CON,Mary Beth Walsh,69
Schenectady,Glenville 3,State Assembly,112,WOR,Joe Seeman,19
Schenectady,Glenville 4,President,,DEM,Kamala D. Harris,332
Schenectady,Glenville 4,President,,REP,Donald J. Trump,360
Schenectady,Glenville 4,President,,CON,Donald J. Trump,68
Schenectady,Glenville 4,President,,WOR,Kamala D. Harris,22
Schenectady,Glenville 4,President,,,Write-in,8
Schenectady,Glenville 4,U.S. Senate,,DEM,Kirsten E. Gillibrand,342
Schenectady,Glenville 4,U.S. Senate,,REP,Michael D. Sapraicone,312
Schenectady,Glenville 4,U.S. Senate,,CON,Michael D. Sapraicone,74
Schenectady,Glenville 4,U.S. Senate,,WOR,Kirsten E. Gillibrand,38
Schenectady,Glenville 4,U.S. Senate,,LAR,Diane Sare,2
Schenectady,Glenville 4,U.S. Senate,,,Write-in,1
Schenectady,Glenville 4,U.S. House,20,DEM,Paul D. Tonko,362
Schenectady,Glenville 4,U.S. House,20,REP,Kevin M. Waltz,306
Schenectady,Glenville 4,U.S. House,20,CON,Kevin M. Waltz,70
Schenectady,Glenville 4,U.S. House,20,WOR,Paul D. Tonko,35
Schenectady,Glenville 4,U.S. House,20,,Write-in,1
Schenectady,Glenville 4,State Senate,46,DEM,Patricia A. Fahy,314
Schenectady,Glenville 4,State Senate,46,REP,Ted Danz Jr.,349
Schenectady,Glenville 4,State Senate,46,CON,Ted Danz Jr.,74
Schenectady,Glenville 4,State Senate,46,WOR,Patricia A. Fahy,31
Schenectady,Glenville 4,State Assembly,112,DEM,Joe Seeman,275
Schenectady,Glenville 4,State Assembly,112,REP,Mary Beth Walsh,387
Schenectady,Glenville 4,State Assembly,112,CON,Mary Beth Walsh,73
Schenectady,Glenville 4,State Assembly,112,WOR,Joe Seeman,29
Schenectady,Glenville 5,President,,DEM,Kamala D. Harris,424
Schenectady,Glenville 5,President,,REP,Donald J. Trump,292
Schenectady,Glenville 5,President,,CON,Donald J. Trump,79
Schenectady,Glenville 5,President,,WOR,Kamala D. Harris,18
Schenectady,Glenville 5,President,,,Write-in,3
Schenectady,Glenville 5,U.S. Senate,,DEM,Kirsten E. Gillibrand,417
Schenectady,Glenville 5,U.S. Senate,,REP,Michael D. Sapraicone,252
Schenectady,Glenville 5,U.S. Senate,,CON,Michael D. Sapraicone,81
Schenectady,Glenville 5,U.S. Senate,,WOR,Kirsten E. Gillibrand,38
Schenectady,Glenville 5,U.S. Senate,,LAR,Diane Sare,4
Schenectady,Glenville 5,U.S. House,20,DEM,Paul D. Tonko,417
Schenectady,Glenville 5,U.S. House,20,REP,Kevin M. Waltz,258
Schenectady,Glenville 5,U.S. House,20,CON,Kevin M. Waltz,84
Schenectady,Glenville 5,U.S. House,20,WOR,Paul D. Tonko,37
Schenectady,Glenville 5,State Senate,46,DEM,Patricia A. Fahy,362
Schenectady,Glenville 5,State Senate,46,REP,Ted Danz Jr.,314
Schenectady,Glenville 5,State Senate,46,CON,Ted Danz Jr.,84
Schenectady,Glenville 5,State Senate,46,WOR,Patricia A. Fahy,23
Schenectady,Glenville 5,State Assembly,112,DEM,Joe Seeman,327
Schenectady,Glenville 5,State Assembly,112,REP,Mary Beth Walsh,350
Schenectady,Glenville 5,State Assembly,112,CON,Mary Beth Walsh,91
Schenectady,Glenville 5,State Assembly,112,WOR,Joe Seeman,19
Schenectady,Glenville 6,President,,DEM,Kamala D. Harris,407
Schenectady,Glenville 6,President,,REP,Donald J. Trump,454
Schenectady,Glenville 6,President,,CON,Donald J. Trump,83
Schenectady,Glenville 6,President,,WOR,Kamala D. Harris,21
Schenectady,Glenville 6,President,,,Write-in,7
Schenectady,Glenville 6,U.S. Senate,,DEM,Kirsten E. Gillibrand,404
Schenectady,Glenville 6,U.S. Senate,,REP,Michael D. Sapraicone,408
Schenectady,Glenville 6,U.S. Senate,,CON,Michael D. Sapraicone,91
Schenectady,Glenville 6,U.S. Senate,,WOR,Kirsten E. Gillibrand,34
Schenectady,Glenville 6,U.S. Senate,,LAR,Diane Sare,5
Schenectady,Glenville 6,U.S. House,20,DEM,Paul D. Tonko,416
Schenectady,Glenville 6,U.S. House,20,REP,Kevin M. Waltz,406
Schenectady,Glenville 6,U.S. House,20,CON,Kevin M. Waltz,96
Schenectady,Glenville 6,U.S. House,20,WOR,Paul D. Tonko,36
Schenectady,Glenville 6,State Senate,46,DEM,Patricia A. Fahy,360
Schenectady,Glenville 6,State Senate,46,REP,Ted Danz Jr.,455
Schenectady,Glenville 6,State Senate,46,CON,Ted Danz Jr.,105
Schenectady,Glenville 6,State Senate,46,WOR,Patricia A. Fahy,22
Schenectady,Glenville 6,State Assembly,112,DEM,Joe Seeman,329
Schenectady,Glenville 6,State Assembly,112,REP,Mary Beth Walsh,477
Schenectady,Glenville 6,State Assembly,112,CON,Mary Beth Walsh,103
Schenectady,Glenville 6,State Assembly,112,WOR,Joe Seeman,23
Schenectady,Glenville 7,President,,DEM,Kamala D. Harris,339
Schenectady,Glenville 7,President,,REP,Donald J. Trump,268
Schenectady,Glenville 7,President,,CON,Donald J. Trump,51
Schenectady,Glenville 7,President,,WOR,Kamala D. Harris,22
Schenectady,Glenville 7,President,,,Write-in,10
Schenectady,Glenville 7,U.S. Senate,,DEM,Kirsten E. Gillibrand,342
Schenectady,Glenville 7,U.S. Senate,,REP,Michael D. Sapraicone,232
Schenectady,Glenville 7,U.S. Senate,,CON,Michael D. Sapraicone,51
Schenectady,Glenville 7,U.S. Senate,,WOR,Kirsten E. Gillibrand,37
Schenectady,Glenville 7,U.S. Senate,,LAR,Diane Sare,2
Schenectady,Glenville 7,U.S. House,20,DEM,Paul D. Tonko,345
Schenectady,Glenville 7,U.S. House,20,REP,Kevin M. Waltz,219
Schenectady,Glenville 7,U.S. House,20,CON,Kevin M. Waltz,54
Schenectady,Glenville 7,U.S. House,20,WOR,Paul D. Tonko,44
Schenectady,Glenville 7,U.S. House,20,,Write-in,2
Schenectady,Glenville 7,State Senate,46,DEM,Patricia A. Fahy,314
Schenectady,Glenville 7,State Senate,46,REP,Ted Danz Jr.,259
Schenectady,Glenville 7,State Senate,46,CON,Ted Danz Jr.,58
Schenectady,Glenville 7,State Senate,46,WOR,Patricia A. Fahy,31
Schenectady,Glenville 7,State Assembly,112,DEM,Joe Seeman,283
Schenectady,Glenville 7,State Assembly,112,REP,Mary Beth Walsh,281
Schenectady,Glenville 7,State Assembly,112,CON,Mary Beth Walsh,68
Schenectady,Glenville 7,State Assembly,112,WOR,Joe Seeman,21
Schenectady,Glenville 7,State Assembly,112,,Write-in,1
Schenectady,Glenville 8,President,,DEM,Kamala D. Harris,459
Schenectady,Glenville 8,President,,REP,Donald J. Trump,278
Schenectady,Glenville 8,President,,CON,Donald J. Trump,36
Schenectady,Glenville 8,President,,WOR,Kamala D. Harris,37
Schenectady,Glenville 8,President,,,Write-in,9
Schenectady,Glenville 8,U.S. Senate,,DEM,Kirsten E. Gillibrand,451
Schenectady,Glenville 8,U.S. Senate,,REP,Michael D. Sapraicone,249
Schenectady,Glenville 8,U.S. Senate,,CON,Michael D. Sapraicone,39
Schenectady,Glenville 8,U.S. Senate,,WOR,Kirsten E. Gillibrand,54
Schenectady,Glenville 8,U.S. Senate,,LAR,Diane Sare,4
Schenectady,Glenville 8,U.S. Senate,,,Write-in,1
Schenectady,Glenville 8,U.S. House,20,DEM,Paul D. Tonko,469
Schenectady,Glenville 8,U.S. House,20,REP,Kevin M. Waltz,236
Schenectady,Glenville 8,U.S. House,20,CON,Kevin M. Waltz,38
Schenectady,Glenville 8,U.S. House,20,WOR,Paul D. Tonko,54
Schenectady,Glenville 8,State Senate,46,DEM,Patricia A. Fahy,409
Schenectady,Glenville 8,State Senate,46,REP,Ted Danz Jr.,285
Schenectady,Glenville 8,State Senate,46,CON,Ted Danz Jr.,44
Schenectady,Glenville 8,State Senate,46,WOR,Patricia A. Fahy,47
Schenectady,Glenville 8,State Assembly,111,DEM,Angelo L. Santabarbara,524
Schenectady,Glenville 8,State Assembly,111,REP,Joseph C. Mastroianni,211
Schenectady,Glenville 8,State Assembly,111,CON,Joseph C. Mastroianni,35
Schenectady,Glenville 8,State Assembly,111,PFP,Angelo L. Santabarbara,17
Schenectady,Glenville 8,State Assembly,111,,Write-in,3
Schenectady,Glenville 9,President,,DEM,Kamala D. Harris,378
Schenectady,Glenville 9,President,,REP,Donald J. Trump,245
Schenectady,Glenville 9,President,,CON,Donald J. Trump,44
Schenectady,Glenville 9,President,,WOR,Kamala D. Harris,22
Schenectady,Glenville 9,President,,,Write-in,8
Schenectady,Glenville 9,U.S. Senate,,DEM,Kirsten E. Gillibrand,377
Schenectady,Glenville 9,U.S. Senate,,REP,Michael D. Sapraicone,220
Schenectady,Glenville 9,U.S. Senate,,CON,Michael D. Sapraicone,42
Schenectady,Glenville 9,U.S. Senate,,WOR,Kirsten E. Gillibrand,32
Schenectady,Glenville 9,U.S. Senate,,LAR,Diane Sare,5
Schenectady,Glenville 9,U.S. House,20,DEM,Paul D. Tonko,382
Schenectady,Glenville 9,U.S. House,20,REP,Kevin M. Waltz,208
Schenectady,Glenville 9,U.S. House,20,CON,Kevin M. Waltz,39
Schenectady,Glenville 9,U.S. House,20,WOR,Paul D. Tonko,42
Schenectady,Glenville 9,U.S. House,20,,Write-in,2
Schenectady,Glenville 9,State Senate,46,DEM,Patricia A. Fahy,346
Schenectady,Glenville 9,State Senate,46,REP,Ted Danz Jr.,238
Schenectady,Glenville 9,State Senate,46,CON,Ted Danz Jr.,53
Schenectady,Glenville 9,State Senate,46,WOR,Patricia A. Fahy,27
Schenectady,Glenville 9,State Senate,46,,Write-in,1
Schenectady,Glenville 9,State Assembly,111,DEM,Angelo L. Santabarbara,423
Schenectady,Glenville 9,State Assembly,111,REP,Joseph C. Mastroianni,193
Schenectady,Glenville 9,State Assembly,111,CON,Joseph C. Mastroianni,38
Schenectady,Glenville 9,State Assembly,111,PFP,Angelo L. Santabarbara,13
Schenectady,Glenville 10,President,,DEM,Kamala D. Harris,528
Schenectady,Glenville 10,President,,REP,Donald J. Trump,349
Schenectady,Glenville 10,President,,CON,Donald J. Trump,55
Schenectady,Glenville 10,President,,WOR,Kamala D. Harris,42
Schenectady,Glenville 10,President,,,Write-in,6
Schenectady,Glenville 10,U.S. Senate,,DEM,Kirsten E. Gillibrand,510
Schenectady,Glenville 10,U.S. Senate,,REP,Michael D. Sapraicone,331
Schenectady,Glenville 10,U.S. Senate,,CON,Michael D. Sapraicone,57
Schenectady,Glenville 10,U.S. Senate,,WOR,Kirsten E. Gillibrand,55
Schenectady,Glenville 10,U.S. Senate,,LAR,Diane Sare,5
Schenectady,Glenville 10,U.S. Senate,,,Write-in,1
Schenectady,Glenville 10,U.S. House,20,DEM,Paul D. Tonko,531
Schenectady,Glenville 10,U.S. House,20,REP,Kevin M. Waltz,302
Schenectady,Glenville 10,U.S. House,20,CON,Kevin M. Waltz,63
Schenectady,Glenville 10,U.S. House,20,WOR,Paul D. Tonko,61
Schenectady,Glenville 10,U.S. House,20,,Write-in,1
Schenectady,Glenville 10,State Senate,46,DEM,Patricia A. Fahy,465
Schenectady,Glenville 10,State Senate,46,REP,Ted Danz Jr.,354
Schenectady,Glenville 10,State Senate,46,CON,Ted Danz Jr.,71
Schenectady,Glenville 10,State Senate,46,WOR,Patricia A. Fahy,49
Schenectady,Glenville 10,State Senate,46,,Write-in,1
Schenectady,Glenville 10,State Assembly,111,DEM,Angelo L. Santabarbara,625
Schenectady,Glenville 10,State Assembly,111,REP,Joseph C. Mastroianni,259
Schenectady,Glenville 10,State Assembly,111,CON,Joseph C. Mastroianni,51
Schenectady,Glenville 10,State Assembly,111,PFP,Angelo L. Santabarbara,18
Schenectady,Glenville 10,State Assembly,111,,Write-in,1
Schenectady,Glenville 11,President,,DEM,Kamala D. Harris,337
Schenectady,Glenville 11,President,,REP,Donald J. Trump,220
Schenectady,Glenville 11,President,,CON,Donald J. Trump,31
Schenectady,Glenville 11,President,,WOR,Kamala D. Harris,31
Schenectady,Glenville 11,President,,,Write-in,4
Schenectady,Glenville 11,U.S. Senate,,DEM,Kirsten E. Gillibrand,336
Schenectady,Glenville 11,U.S. Senate,,REP,Michael D. Sapraicone,192
Schenectady,Glenville 11,U.S. Senate,,CON,Michael D. Sapraicone,30
Schenectady,Glenville 11,U.S. Senate,,WOR,Kirsten E. Gillibrand,41
Schenectady,Glenville 11,U.S. Senate,,LAR,Diane Sare,2
Schenectady,Glenville 11,U.S. Senate,,,Write-in,1
Schenectady,Glenville 11,U.S. House,20,DEM,Paul D. Tonko,345
Schenectady,Glenville 11,U.S. House,20,REP,Kevin M. Waltz,195
Schenectady,Glenville 11,U.S. House,20,CON,Kevin M. Waltz,26
Schenectady,Glenville 11,U.S. House,20,WOR,Paul D. Tonko,38
Schenectady,Glenville 11,State Senate,46,DEM,Patricia A. Fahy,311
Schenectady,Glenville 11,State Senate,46,REP,Ted Danz Jr.,226
Schenectady,Glenville 11,State Senate,46,CON,Ted Danz Jr.,34
Schenectady,Glenville 11,State Senate,46,WOR,Patricia A. Fahy,37
Schenectady,Glenville 11,State Senate,46,,Write-in,1
Schenectady,Glenville 11,State Assembly,111,DEM,Angelo L. Santabarbara,392
Schenectady,Glenville 11,State Assembly,111,REP,Joseph C. Mastroianni,182
Schenectady,Glenville 11,State Assembly,111,CON,Joseph C. Mastroianni,24
Schenectady,Glenville 11,State Assembly,111,PFP,Angelo L. Santabarbara,7
Schenectady,Glenville 12,President,,DEM,Kamala D. Harris,340
Schenectady,Glenville 12,President,,REP,Donald J. Trump,321
Schenectady,Glenville 12,President,,CON,Donald J. Trump,55
Schenectady,Glenville 12,President,,WOR,Kamala D. Harris,19
Schenectady,Glenville 12,President,,,Write-in,9
Schenectady,Glenville 12,U.S. Senate,,DEM,Kirsten E. Gillibrand,352
Schenectady,Glenville 12,U.S. Senate,,REP,Michael D. Sapraicone,282
Schenectady,Glenville 12,U.S. Senate,,CON,Michael D. Sapraicone,60
Schenectady,Glenville 12,U.S. Senate,,WOR,Kirsten E. Gillibrand,31
Schenectady,Glenville 12,U.S. Senate,,LAR,Diane Sare,4
Schenectady,Glenville 12,U.S. House,20,DEM,Paul D. Tonko,354
Schenectady,Glenville 12,U.S. House,20,REP,Kevin M. Waltz,274
Schenectady,Glenville 12,U.S. House,20,CON,Kevin M. Waltz,57
Schenectady,Glenville 12,U.S. House,20,WOR,Paul D. Tonko,40
Schenectady,Glenville 12,State Senate,46,DEM,Patricia A. Fahy,301
Schenectady,Glenville 12,State Senate,46,REP,Ted Danz Jr.,332
Schenectady,Glenville 12,State Senate,46,CON,Ted Danz Jr.,59
Schenectady,Glenville 12,State Senate,46,WOR,Patricia A. Fahy,25
Schenectady,Glenville 12,State Assembly,111,DEM,Angelo L. Santabarbara,415
Schenectady,Glenville 12,State Assembly,111,REP,Joseph C. Mastroianni,251
Schenectady,Glenville 12,State Assembly,111,CON,Joseph C. Mastroianni,55
Schenectady,Glenville 12,State Assembly,111,PFP,Angelo L. Santabarbara,9
Schenectady,Glenville 12,State Assembly,111,,Write-in,1
Schenectady,Glenville 13,President,,DEM,Kamala D. Harris,426
Schenectady,Glenville 13,President,,REP,Donald J. Trump,333
Schenectady,Glenville 13,President,,CON,Donald J. Trump,49
Schenectady,Glenville 13,President,,WOR,Kamala D. Harris,43
Schenectady,Glenville 13,President,,,Write-in,14
Schenectady,Glenville 13,U.S. Senate,,DEM,Kirsten E. Gillibrand,424
Schenectady,Glenville 13,U.S. Senate,,REP,Michael D. Sapraicone,307
Schenectady,Glenville 13,U.S. Senate,,CON,Michael D. Sapraicone,51
Schenectady,Glenville 13,U.S. Senate,,WOR,Kirsten E. Gillibrand,52
Schenectady,Glenville 13,U.S. Senate,,LAR,Diane Sare,3
Schenectady,Glenville 13,U.S. Senate,,,Write-in,1
Schenectady,Glenville 13,U.S. House,20,DEM,Paul D. Tonko,447
Schenectady,Glenville 13,U.S. House,20,REP,Kevin M. Waltz,289
Schenectady,Glenville 13,U.S. House,20,CON,Kevin M. Waltz,48
Schenectady,Glenville 13,U.S. House,20,WOR,Paul D. Tonko,57
Schenectady,Glenville 13,U.S. House,20,,Write-in,1
Schenectady,Glenville 13,State Senate,46,DEM,Patricia A. Fahy,382
Schenectady,Glenville 13,State Senate,46,REP,Ted Danz Jr.,343
Schenectady,Glenville 13,State Senate,46,CON,Ted Danz Jr.,58
Schenectady,Glenville 13,State Senate,46,WOR,Patricia A. Fahy,43
Schenectady,Glenville 13,State Senate,46,,Write-in,1
Schenectady,Glenville 13,State Assembly,112,DEM,Joe Seeman,344
Schenectady,Glenville 13,State Assembly,112,REP,Mary Beth Walsh,365
Schenectady,Glenville 13,State Assembly,112,CON,Mary Beth Walsh,73
Schenectady,Glenville 13,State Assembly,112,WOR,Joe Seeman,41
Schenectady,Glenville 13,State Assembly,112,,Write-in,1
Schenectady,Glenville 14,President,,DEM,Kamala D. Harris,399
Schenectady,Glenville 14,President,,REP,Donald J. Trump,331
Schenectady,Glenville 14,President,,CON,Donald J. Trump,63
Schenectady,Glenville 14,President,,WOR,Kamala D. Harris,19
Schenectady,Glenville 14,President,,,Write-in,8
Schenectady,Glenville 14,U.S. Senate,,DEM,Kirsten E. Gillibrand,390
Schenectady,Glenville 14,U.S. Senate,,REP,Michael D. Sapraicone,303
Schenectady,Glenville 14,U.S. Senate,,CON,Michael D. Sapraicone,73
Schenectady,Glenville 14,U.S. Senate,,WOR,Kirsten E. Gillibrand,31
Schenectady,Glenville 14,U.S. Senate,,LAR,Diane Sare,1
Schenectady,Glenville 14,U.S. House,20,DEM,Paul D. Tonko,388
Schenectady,Glenville 14,U.S. House,20,REP,Kevin M. Waltz,292
Schenectady,Glenville 14,U.S. House,20,CON,Kevin M. Waltz,77
Schenectady,Glenville 14,U.S. House,20,WOR,Paul D. Tonko,33
Schenectady,Glenville 14,State Senate,46,DEM,Patricia A. Fahy,342
Schenectady,Glenville 14,State Senate,46,REP,Ted Danz Jr.,342
Schenectady,Glenville 14,State Senate,46,CON,Ted Danz Jr.,84
Schenectady,Glenville 14,State Senate,46,WOR,Patricia A. Fahy,22
Schenectady,Glenville 14,State Assembly,112,DEM,Joe Seeman,293
Schenectady,Glenville 14,State Assembly,112,REP,Mary Beth Walsh,382
Schenectady,Glenville 14,State Assembly,112,CON,Mary Beth Walsh,86
Schenectady,Glenville 14,State Assembly,112,WOR,Joe Seeman,24
Schenectady,Glenville 14,State Assembly,112,,Write-in,1
Schenectady,Glenville 15,President,,DEM,Kamala D. Harris,542
Schenectady,Glenville 15,President,,REP,Donald J. Trump,442
Schenectady,Glenville 15,President,,CON,Donald J. Trump,61
Schenectady,Glenville 15,President,,WOR,Kamala D. Harris,33
Schenectady,Glenville 15,President,,,Write-in,12
Schenectady,Glenville 15,U.S. Senate,,DEM,Kirsten E. Gillibrand,526
Schenectady,Glenville 15,U.S. Senate,,REP,Michael D. Sapraicone,398
Schenectady,Glenville 15,U.S. Senate,,CON,Michael D. Sapraicone,64
Schenectady,Glenville 15,U.S. Senate,,WOR,Kirsten E. Gillibrand,49
Schenectady,Glenville 15,U.S. Senate,,LAR,Diane Sare,5
Schenectady,Glenville 15,U.S. House,20,DEM,Paul D. Tonko,543
Schenectady,Glenville 15,U.S. House,20,REP,Kevin M. Waltz,390
Schenectady,Glenville 15,U.S. House,20,CON,Kevin M. Waltz,60
Schenectady,Glenville 15,U.S. House,20,WOR,Paul D. Tonko,56
Schenectady,Glenville 15,State Senate,46,DEM,Patricia A. Fahy,478
Schenectady,Glenville 15,State Senate,46,REP,Ted Danz Jr.,441
Schenectady,Glenville 15,State Senate,46,CON,Ted Danz Jr.,69
Schenectady,Glenville 15,State Senate,46,WOR,Patricia A. Fahy,40
Schenectady,Glenville 15,State Assembly,112,DEM,Joe Seeman,428
Schenectady,Glenville 15,State Assembly,112,REP,Mary Beth Walsh,480
Schenectady,Glenville 15,State Assembly,112,CON,Mary Beth Walsh,82
Schenectady,Glenville 15,State Assembly,112,WOR,Joe Seeman,33
Schenectady,Glenville 16,President,,DEM,Kamala D. Harris,311
Schenectady,Glenville 16,President,,REP,Donald J. Trump,248
Schenectady,Glenville 16,President,,CON,Donald J. Trump,36
Schenectady,Glenville 16,President,,WOR,Kamala D. Harris,20
Schenectady,Glenville 16,President,,,Write-in,3
Schenectady,Glenville 16,U.S. Senate,,DEM,Kirsten E. Gillibrand,316
Schenectady,Glenville 16,U.S. Senate,,REP,Michael D. Sapraicone,227
Schenectady,Glenville 16,U.S. Senate,,CON,Michael D. Sapraicone,40
Schenectady,Glenville 16,U.S. Senate,,WOR,Kirsten E. Gillibrand,25
Schenectady,Glenville 16,U.S. Senate,,LAR,Diane Sare,1
Schenectady,Glenville 16,U.S. House,20,DEM,Paul D. Tonko,318
Schenectady,Glenville 16,U.S. House,20,REP,Kevin M. Waltz,223
Schenectady,Glenville 16,U.S. House,20,CON,Kevin M. Waltz,40
Schenectady,Glenville 16,U.S. House,20,WOR,Paul D. Tonko,27
Schenectady,Glenville 16,State Senate,46,DEM,Patricia A. Fahy,266
Schenectady,Glenville 16,State Senate,46,REP,Ted Danz Jr.,276
Schenectady,Glenville 16,State Senate,46,CON,Ted Danz Jr.,39
Schenectady,Glenville 16,State Senate,46,WOR,Patricia A. Fahy,17
Schenectady,Glenville 16,State Assembly,112,DEM,Joe Seeman,237
Schenectady,Glenville 16,State Assembly,112,REP,Mary Beth Walsh,295
Schenectady,Glenville 16,State Assembly,112,CON,Mary Beth Walsh,48
Schenectady,Glenville 16,State Assembly,112,WOR,Joe Seeman,20
Schenectady,Glenville 17,President,,DEM,Kamala D. Harris,298
Schenectady,Glenville 17,President,,REP,Donald J. Trump,228
Schenectady,Glenville 17,President,,CON,Donald J. Trump,39
Schenectady,Glenville 17,President,,WOR,Kamala D. Harris,19
Schenectady,Glenville 17,President,,,Write-in,3
Schenectady,Glenville 17,U.S. Senate,,DEM,Kirsten E. Gillibrand,294
Schenectady,Glenville 17,U.S. Senate,,REP,Michael D. Sapraicone,211
Schenectady,Glenville 17,U.S. Senate,,CON,Michael D. Sapraicone,39
Schenectady,Glenville 17,U.S. Senate,,WOR,Kirsten E. Gillibrand,18
Schenectady,Glenville 17,U.S. Senate,,LAR,Diane Sare,4
Schenectady,Glenville 17,U.S. House,20,DEM,Paul D. Tonko,300
Schenectady,Glenville 17,U.S. House,20,REP,Kevin M. Waltz,203
Schenectady,Glenville 17,U.S. House,20,CON,Kevin M. Waltz,42
Schenectady,Glenville 17,U.S. House,20,WOR,Paul D. Tonko,22
Schenectady,Glenville 17,State Senate,46,DEM,Patricia A. Fahy,264
Schenectady,Glenville 17,State Senate,46,REP,Ted Danz Jr.,243
Schenectady,Glenville 17,State Senate,46,CON,Ted Danz Jr.,37
Schenectady,Glenville 17,State Senate,46,WOR,Patricia A. Fahy,21
Schenectady,Glenville 17,State Assembly,112,DEM,Joe Seeman,239
Schenectady,Glenville 17,State Assembly,112,REP,Mary Beth Walsh,266
Schenectady,Glenville 17,State Assembly,112,CON,Mary Beth Walsh,49
Schenectady,Glenville 17,State Assembly,112,WOR,Joe Seeman,16
Schenectady,Glenville 18,President,,DEM,Kamala D. Harris,340
Schenectady,Glenville 18,President,,REP,Donald J. Trump,322
Schenectady,Glenville 18,President,,CON,Donald J. Trump,55
Schenectady,Glenville 18,President,,WOR,Kamala D. Harris,27
Schenectady,Glenville 18,President,,,Write-in,14
Schenectady,Glenville 18,U.S. Senate,,DEM,Kirsten E. Gillibrand,358
Schenectady,Glenville 18,U.S. Senate,,REP,Michael D. Sapraicone,279
Schenectady,Glenville 18,U.S. Senate,,CON,Michael D. Sapraicone,60
Schenectady,Glenville 18,U.S. Senate,,WOR,Kirsten E. Gillibrand,31
Schenectady,Glenville 18,U.S. Senate,,LAR,Diane Sare,4
Schenectady,Glenville 18,U.S. House,20,DEM,Paul D. Tonko,350
Schenectady,Glenville 18,U.S. House,20,REP,Kevin M. Waltz,285
Schenectady,Glenville 18,U.S. House,20,CON,Kevin M. Waltz,61
Schenectady,Glenville 18,U.S. House,20,WOR,Paul D. Tonko,34
Schenectady,Glenville 18,State Senate,46,DEM,Patricia A. Fahy,295
Schenectady,Glenville 18,State Senate,46,REP,Ted Danz Jr.,316
Schenectady,Glenville 18,State Senate,46,CON,Ted Danz Jr.,68
Schenectady,Glenville 18,State Senate,46,WOR,Patricia A. Fahy,29
Schenectady,Glenville 18,State Senate,46,,Write-in,1
Schenectady,Glenville 18,State Assembly,112,DEM,Joe Seeman,253
Schenectady,Glenville 18,State Assembly,112,REP,Mary Beth Walsh,370
Schenectady,Glenville 18,State Assembly,112,CON,Mary Beth Walsh,71
Schenectady,Glenville 18,State Assembly,112,WOR,Joe Seeman,24
Schenectady,Glenville 19,President,,DEM,Kamala D. Harris,420
Schenectady,Glenville 19,President,,REP,Donald J. Trump,337
Schenectady,Glenville 19,President,,CON,Donald J. Trump,46
Schenectady,Glenville 19,President,,WOR,Kamala D. Harris,35
Schenectady,Glenville 19,President,,,Write-in,7
Schenectady,Glenville 19,U.S. Senate,,DEM,Kirsten E. Gillibrand,421
Schenectady,Glenville 19,U.S. Senate,,REP,Michael D. Sapraicone,308
Schenectady,Glenville 19,U.S. Senate,,CON,Michael D. Sapraicone,49
Schenectady,Glenville 19,U.S. Senate,,WOR,Kirsten E. Gillibrand,46
Schenectady,Glenville 19,U.S. Senate,,LAR,Diane Sare,5
Schenectady,Glenville 19,U.S. Senate,,,Write-in,2
Schenectady,Glenville 19,U.S. House,20,DEM,Paul D. Tonko,424
Schenectady,Glenville 19,U.S. House,20,REP,Kevin M. Waltz,297
Schenectady,Glenville 19,U.S. House,20,CON,Kevin M. Waltz,53
Schenectady,Glenville 19,U.S. House,20,WOR,Paul D. Tonko,58
Schenectady,Glenville 19,U.S. House,20,,Write-in,1
Schenectady,Glenville 19,State Senate,46,DEM,Patricia A. Fahy,370
Schenectady,Glenville 19,State Senate,46,REP,Ted Danz Jr.,358
Schenectady,Glenville 19,State Senate,46,CON,Ted Danz Jr.,58
Schenectady,Glenville 19,State Senate,46,WOR,Patricia A. Fahy,41
Schenectady,Glenville 19,State Senate,46,,Write-in,1
Schenectady,Glenville 19,State Assembly,112,DEM,Joe Seeman,325
Schenectady,Glenville 19,State Assembly,112,REP,Mary Beth Walsh,395
Schenectady,Glenville 19,State Assembly,112,CON,Mary Beth Walsh,65
Schenectady,Glenville 19,State Assembly,112,WOR,Joe Seeman,44
Schenectady,Glenville 19,State Assembly,112,,Write-in,1
Schenectady,Glenville 20,President,,DEM,Kamala D. Harris,372
Schenectady,Glenville 20,President,,REP,Donald J. Trump,310
Schenectady,Glenville 20,President,,CON,Donald J. Trump,70
Schenectady,Glenville 20,President,,WOR,Kamala D. Harris,23
Schenectady,Glenville 20,President,,,Write-in,11
Schenectady,Glenville 20,U.S. Senate,,DEM,Kirsten E. Gillibrand,370
Schenectady,Glenville 20,U.S. Senate,,REP,Michael D. Sapraicone,271
Schenectady,Glenville 20,U.S. Senate,,CON,Michael D. Sapraicone,77
Schenectady,Glenville 20,U.S. Senate,,WOR,Kirsten E. Gillibrand,37
Schenectady,Glenville 20,U.S. Senate,,LAR,Diane Sare,2
Schenectady,Glenville 20,U.S. House,20,DEM,Paul D. Tonko,374
Schenectady,Glenville 20,U.S. House,20,REP,Kevin M. Waltz,269
Schenectady,Glenville 20,U.S. House,20,CON,Kevin M. Waltz,72
Schenectady,Glenville 20,U.S. House,20,WOR,Paul D. Tonko,40
Schenectady,Glenville 20,State Senate,46,DEM,Patricia A. Fahy,324
Schenectady,Glenville 20,State Senate,46,REP,Ted Danz Jr.,303
Schenectady,Glenville 20,State Senate,46,CON,Ted Danz Jr.,86
Schenectady,Glenville 20,State Senate,46,WOR,Patricia A. Fahy,33
Schenectady,Glenville 20,State Assembly,112,DEM,Joe Seeman,281
Schenectady,Glenville 20,State Assembly,112,REP,Mary Beth Walsh,350
Schenectady,Glenville 20,State Assembly,112,CON,Mary Beth Walsh,90
Schenectady,Glenville 20,State Assembly,112,WOR,Joe Seeman,24
Schenectady,Glenville 21,President,,DEM,Kamala D. Harris,537
Schenectady,Glenville 21,President,,REP,Donald J. Trump,348
Schenectady,Glenville 21,President,,CON,Donald J. Trump,48
Schenectady,Glenville 21,President,,WOR,Kamala D. Harris,17
Schenectady,Glenville 21,President,,,Write-in,11
Schenectady,Glenville 21,U.S. Senate,,DEM,Kirsten E. Gillibrand,510
Schenectady,Glenville 21,U.S. Senate,,REP,Michael D. Sapraicone,320
Schenectady,Glenville 21,U.S. Senate,,CON,Michael D. Sapraicone,57
Schenectady,Glenville 21,U.S. Senate,,WOR,Kirsten E. Gillibrand,32
Schenectady,Glenville 21,U.S. Senate,,LAR,Diane Sare,3
Schenectady,Glenville 21,U.S. Senate,,,Write-in,2
Schenectady,Glenville 21,U.S. House,20,DEM,Paul D. Tonko,538
Schenectady,Glenville 21,U.S. House,20,REP,Kevin M. Waltz,304
Schenectady,Glenville 21,U.S. House,20,CON,Kevin M. Waltz,51
Schenectady,Glenville 21,U.S. House,20,WOR,Paul D. Tonko,37
Schenectady,Glenville 21,U.S. House,20,,Write-in,1
Schenectady,Glenville 21,State Senate,46,DEM,Patricia A. Fahy,463
Schenectady,Glenville 21,State Senate,46,REP,Ted Danz Jr.,362
Schenectady,Glenville 21,State Senate,46,CON,Ted Danz Jr.,59
Schenectady,Glenville 21,State Senate,46,WOR,Patricia A. Fahy,28
Schenectady,Glenville 21,State Senate,46,,Write-in,1
Schenectady,Glenville 21,State Assembly,112,DEM,Joe Seeman,408
Schenectady,Glenville 21,State Assembly,112,REP,Mary Beth Walsh,414
Schenectady,Glenville 21,State Assembly,112,CON,Mary Beth Walsh,66
Schenectady,Glenville 21,State Assembly,112,WOR,Joe Seeman,24
Schenectady,Glenville 21,State Assembly,112,,Write-in,1
Schenectady,Glenville 22,President,,DEM,Kamala D. Harris,335
Schenectady,Glenville 22,President,,REP,Donald J. Trump,257
Schenectady,Glenville 22,President,,CON,Donald J. Trump,57
Schenectady,Glenville 22,President,,WOR,Kamala D. Harris,23
Schenectady,Glenville 22,President,,,Write-in,12
Schenectady,Glenville 22,U.S. Senate,,DEM,Kirsten E. Gillibrand,338
Schenectady,Glenville 22,U.S. Senate,,REP,Michael D. Sapraicone,240
Schenectady,Glenville 22,U.S. Senate,,CON,Michael D. Sapraicone,61
Schenectady,Glenville 22,U.S. Senate,,WOR,Kirsten E. Gillibrand,33
Schenectady,Glenville 22,U.S. Senate,,LAR,Diane Sare,6
Schenectady,Glenville 22,U.S. House,20,DEM,Paul D. Tonko,349
Schenectady,Glenville 22,U.S. House,20,REP,Kevin M. Waltz,233
Schenectady,Glenville 22,U.S. House,20,CON,Kevin M. Waltz,55
Schenectady,Glenville 22,U.S. House,20,WOR,Paul D. Tonko,38
Schenectady,Glenville 22,State Senate,46,DEM,Patricia A. Fahy,307
Schenectady,Glenville 22,State Senate,46,REP,Ted Danz Jr.,270
Schenectady,Glenville 22,State Senate,46,CON,Ted Danz Jr.,62
Schenectady,Glenville 22,State Senate,46,WOR,Patricia A. Fahy,28
Schenectady,Glenville 22,State Assembly,112,DEM,Joe Seeman,253
Schenectady,Glenville 22,State Assembly,112,REP,Mary Beth Walsh,312
Schenectady,Glenville 22,State Assembly,112,CON,Mary Beth Walsh,76
Schenectady,Glenville 22,State Assembly,112,WOR,Joe Seeman,22
Schenectady,Niskayuna 1,President,,DEM,Kamala D. Harris,576
Schenectady,Niskayuna 1,President,,REP,Donald J. Trump,359
Schenectady,Niskayuna 1,President,,CON,Donald J. Trump,39
Schenectady,Niskayuna 1,President,,WOR,Kamala D. Harris,32
Schenectady,Niskayuna 1,President,,,Write-in,22
Schenectady,Niskayuna 1,U.S. Senate,,DEM,Kirsten E. Gillibrand,569
Schenectady,Niskayuna 1,U.S. Senate,,REP,Michael D. Sapraicone,349
Schenectady,Niskayuna 1,U.S. Senate,,CON,Michael D. Sapraicone,39
Schenectady,Niskayuna 1,U.S. Senate,,WOR,Kirsten E. Gillibrand,40
Schenectady,Niskayuna 1,U.S. Senate,,LAR,Diane Sare,1
Schenectady,Niskayuna 1,U.S. House,20,DEM,Paul D. Tonko,578
Schenectady,Niskayuna 1,U.S. House,20,REP,Kevin M. Waltz,335
Schenectady,Niskayuna 1,U.S. House,20,CON,Kevin M. Waltz,38
Schenectady,Niskayuna 1,U.S. House,20,WOR,Paul D. Tonko,49
Schenectady,Niskayuna 1,State Senate,44,DEM,Minita J. Sanghvi,457
Schenectady,Niskayuna 1,State Senate,44,REP,James N. Tedisco,455
Schenectady,Niskayuna 1,State Senate,44,CON,James N. Tedisco,48
Schenectady,Niskayuna 1,State Senate,44,WOR,Minita J. Sanghvi,38
Schenectady,Niskayuna 1,State Assembly,110,DEM,Phillip G. Steck,530
Schenectady,Niskayuna 1,State Assembly,110,REP,Jeff Madden,364
Schenectady,Niskayuna 1,State Assembly,110,CON,Jeff Madden,42
Schenectady,Niskayuna 1,State Assembly,110,WOR,Phillip G. Steck,48
Schenectady,Niskayuna 1,State Assembly,110,,Write-in,2
Schenectady,Niskayuna 2,President,,DEM,Kamala D. Harris,640
Schenectady,Niskayuna 2,President,,REP,Donald J. Trump,333
Schenectady,Niskayuna 2,President,,CON,Donald J. Trump,30
Schenectady,Niskayuna 2,President,,WOR,Kamala D. Harris,33
Schenectady,Niskayuna 2,President,,,Write-in,29
Schenectady,Niskayuna 2,U.S. Senate,,DEM,Kirsten E. Gillibrand,636
Schenectady,Niskayuna 2,U.S. Senate,,REP,Michael D. Sapraicone,273
Schenectady,Niskayuna 2,U.S. Senate,,CON,Michael D. Sapraicone,46
Schenectady,Niskayuna 2,U.S. Senate,,WOR,Kirsten E. Gillibrand,52
Schenectady,Niskayuna 2,U.S. Senate,,LAR,Diane Sare,8
Schenectady,Niskayuna 2,U.S. Senate,,,Write-in,1
Schenectady,Niskayuna 2,U.S. House,20,DEM,Paul D. Tonko,644
Schenectady,Niskayuna 2,U.S. House,20,REP,Kevin M. Waltz,268
Schenectady,Niskayuna 2,U.S. House,20,CON,Kevin M. Waltz,38
Schenectady,Niskayuna 2,U.S. House,20,WOR,Paul D. Tonko,61
Schenectady,Niskayuna 2,U.S. House,20,,Write-in,1
Schenectady,Niskayuna 2,State Senate,44,DEM,Minita J. Sanghvi,527
Schenectady,Niskayuna 2,State Senate,44,REP,James N. Tedisco,385
Schenectady,Niskayuna 2,State Senate,44,CON,James N. Tedisco,52
Schenectady,Niskayuna 2,State Senate,44,WOR,Minita J. Sanghvi,50
Schenectady,Niskayuna 2,State Assembly,110,DEM,Phillip G. Steck,609
Schenectady,Niskayuna 2,State Assembly,110,REP,Jeff Madden,299
Schenectady,Niskayuna 2,State Assembly,110,CON,Jeff Madden,42
Schenectady,Niskayuna 2,State Assembly,110,WOR,Phillip G. Steck,47
Schenectady,Niskayuna 2,State Assembly,110,,Write-in,1
Schenectady,Niskayuna 3,President,,DEM,Kamala D. Harris,440
Schenectady,Niskayuna 3,President,,REP,Donald J. Trump,320
Schenectady,Niskayuna 3,President,,CON,Donald J. Trump,49
Schenectady,Niskayuna 3,President,,WOR,Kamala D. Harris,12
Schenectady,Niskayuna 3,President,,,Write-in,18
Schenectady,Niskayuna 3,U.S. Senate,,DEM,Kirsten E. Gillibrand,447
Schenectady,Niskayuna 3,U.S. Senate,,REP,Michael D. Sapraicone,280
Schenectady,Niskayuna 3,U.S. Senate,,CON,Michael D. Sapraicone,49
Schenectady,Niskayuna 3,U.S. Senate,,WOR,Kirsten E. Gillibrand,27
Schenectady,Niskayuna 3,U.S. Senate,,LAR,Diane Sare,5
Schenectady,Niskayuna 3,U.S. Senate,,,Write-in,1
Schenectady,Niskayuna 3,U.S. House,20,DEM,Paul D. Tonko,452
Schenectady,Niskayuna 3,U.S. House,20,REP,Kevin M. Waltz,279
Schenectady,Niskayuna 3,U.S. House,20,CON,Kevin M. Waltz,49
Schenectady,Niskayuna 3,U.S. House,20,WOR,Paul D. Tonko,25
Schenectady,Niskayuna 3,U.S. House,20,,Write-in,1
Schenectady,Niskayuna 3,State Senate,44,DEM,Minita J. Sanghvi,335
Schenectady,Niskayuna 3,State Senate,44,REP,James N. Tedisco,396
Schenectady,Niskayuna 3,State Senate,44,CON,James N. Tedisco,63
Schenectady,Niskayuna 3,State Senate,44,WOR,Minita J. Sanghvi,20
Schenectady,Niskayuna 3,State Senate,44,,Write-in,1
Schenectady,Niskayuna 3,State Assembly,110,DEM,Phillip G. Steck,413
Schenectady,Niskayuna 3,State Assembly,110,REP,Jeff Madden,313
Schenectady,Niskayuna 3,State Assembly,110,CON,Jeff Madden,58
Schenectady,Niskayuna 3,State Assembly,110,WOR,Phillip G. Steck,21
Schenectady,Niskayuna 3,State Assembly,110,,Write-in,1
Schenectady,Niskayuna 4,President,,DEM,Kamala D. Harris,551
Schenectady,Niskayuna 4,President,,REP,Donald J. Trump,142
Schenectady,Niskayuna 4,President,,CON,Donald J. Trump,27
Schenectady,Niskayuna 4,President,,WOR,Kamala D. Harris,45
Schenectady,Niskayuna 4,President,,,Write-in,8
Schenectady,Niskayuna 4,U.S. Senate,,DEM,Kirsten E. Gillibrand,538
Schenectady,Niskayuna 4,U.S. Senate,,REP,Michael D. Sapraicone,130
Schenectady,Niskayuna 4,U.S. Senate,,CON,Michael D. Sapraicone,30
Schenectady,Niskayuna 4,U.S. Senate,,WOR,Kirsten E. Gillibrand,54
Schenectady,Niskayuna 4,U.S. Senate,,LAR,Diane Sare,2
Schenectady,Niskayuna 4,U.S. Senate,,,Write-in,1
Schenectady,Niskayuna 4,U.S. House,20,DEM,Paul D. Tonko,534
Schenectady,Niskayuna 4,U.S. House,20,REP,Kevin M. Waltz,132
Schenectady,Niskayuna 4,U.S. House,20,CON,Kevin M. Waltz,25
Schenectady,Niskayuna 4,U.S. House,20,WOR,Paul D. Tonko,61
Schenectady,Niskayuna 4,U.S. House,20,,Write-in,1
Schenectady,Niskayuna 4,State Senate,44,DEM,Minita J. Sanghvi,442
Schenectady,Niskayuna 4,State Senate,44,REP,James N. Tedisco,219
Schenectady,Niskayuna 4,State Senate,44,CON,James N. Tedisco,39
Schenectady,Niskayuna 4,State Senate,44,WOR,Minita J. Sanghvi,51
Schenectady,Niskayuna 4,State Assembly,110,DEM,Phillip G. Steck,504
Schenectady,Niskayuna 4,State Assembly,110,REP,Jeff Madden,149
Schenectady,Niskayuna 4,State Assembly,110,CON,Jeff Madden,32
Schenectady,Niskayuna 4,State Assembly,110,WOR,Phillip G. Steck,56
Schenectady,Niskayuna 4,State Assembly,110,,Write-in,1
Schenectady,Niskayuna 5,President,,DEM,Kamala D. Harris,472
Schenectady,Niskayuna 5,President,,REP,Donald J. Trump,170
Schenectady,Niskayuna 5,President,,CON,Donald J. Trump,35
Schenectady,Niskayuna 5,President,,WOR,Kamala D. Harris,29
Schenectady,Niskayuna 5,President,,,Write-in,7
Schenectady,Niskayuna 5,U.S. Senate,,DEM,Kirsten E. Gillibrand,457
Schenectady,Niskayuna 5,U.S. Senate,,REP,Michael D. Sapraicone,171
Schenectady,Niskayuna 5,U.S. Senate,,CON,Michael D. Sapraicone,32
Schenectady,Niskayuna 5,U.S. Senate,,WOR,Kirsten E. Gillibrand,39
Schenectady,Niskayuna 5,U.S. Senate,,LAR,Diane Sare,7
Schenectady,Niskayuna 5,U.S. House,20,DEM,Paul D. Tonko,467
Schenectady,Niskayuna 5,U.S. House,20,REP,Kevin M. Waltz,158
Schenectady,Niskayuna 5,U.S. House,20,CON,Kevin M. Waltz,41
Schenectady,Niskayuna 5,U.S. House,20,WOR,Paul D. Tonko,36
Schenectady,Niskayuna 5,State Senate,44,DEM,Minita J. Sanghvi,369
Schenectady,Niskayuna 5,State Senate,44,REP,James N. Tedisco,243
Schenectady,Niskayuna 5,State Senate,44,CON,James N. Tedisco,50
Schenectady,Niskayuna 5,State Senate,44,WOR,Minita J. Sanghvi,33
Schenectady,Niskayuna 5,State Senate,44,,Write-in,1
Schenectady,Niskayuna 5,State Assembly,110,DEM,Phillip G. Steck,442
Schenectady,Niskayuna 5,State Assembly,110,REP,Jeff Madden,176
Schenectady,Niskayuna 5,State Assembly,110,CON,Jeff Madden,40
Schenectady,Niskayuna 5,State Assembly,110,WOR,Phillip G. Steck,35
Schenectady,Niskayuna 6,President,,DEM,Kamala D. Harris,362
Schenectady,Niskayuna 6,President,,REP,Donald J. Trump,173
Schenectady,Niskayuna 6,President,,CON,Donald J. Trump,36
Schenectady,Niskayuna 6,President,,WOR,Kamala D. Harris,32
Schenectady,Niskayuna 6,President,,,Write-in,11
Schenectady,Niskayuna 6,U.S. Senate,,DEM,Kirsten E. Gillibrand,370
Schenectady,Niskayuna 6,U.S. Senate,,REP,Michael D. Sapraicone,151
Schenectady,Niskayuna 6,U.S. Senate,,CON,Michael D. Sapraicone,37
Schenectady,Niskayuna 6,U.S. Senate,,WOR,Kirsten E. Gillibrand,39
Schenectady,Niskayuna 6,U.S. Senate,,LAR,Diane Sare,5
Schenectady,Niskayuna 6,U.S. House,20,DEM,Paul D. Tonko,382
Schenectady,Niskayuna 6,U.S. House,20,REP,Kevin M. Waltz,145
Schenectady,Niskayuna 6,U.S. House,20,CON,Kevin M. Waltz,37
Schenectady,Niskayuna 6,U.S. House,20,WOR,Paul D. Tonko,42
Schenectady,Niskayuna 6,U.S. House,20,,Write-in,1
Schenectady,Niskayuna 6,State Senate,44,DEM,Minita J. Sanghvi,289
Schenectady,Niskayuna 6,State Senate,44,REP,James N. Tedisco,244
Schenectady,Niskayuna 6,State Senate,44,CON,James N. Tedisco,47
Schenectady,Niskayuna 6,State Senate,44,WOR,Minita J. Sanghvi,30
Schenectady,Niskayuna 6,State Senate,44,,Write-in,1
Schenectady,Niskayuna 6,State Assembly,110,DEM,Phillip G. Steck,346
Schenectady,Niskayuna 6,State Assembly,110,REP,Jeff Madden,169
Schenectady,Niskayuna 6,State Assembly,110,CON,Jeff Madden,44
Schenectady,Niskayuna 6,State Assembly,110,WOR,Phillip G. Steck,42
Schenectady,Niskayuna 7,President,,DEM,Kamala D. Harris,651
Schenectady,Niskayuna 7,President,,REP,Donald J. Trump,199
Schenectady,Niskayuna 7,President,,CON,Donald J. Trump,36
Schenectady,Niskayuna 7,President,,WOR,Kamala D. Harris,41
Schenectady,Niskayuna 7,President,,,Write-in,15
Schenectady,Niskayuna 7,U.S. Senate,,DEM,Kirsten E. Gillibrand,638
Schenectady,Niskayuna 7,U.S. Senate,,REP,Michael D. Sapraicone,180
Schenectady,Niskayuna 7,U.S. Senate,,CON,Michael D. Sapraicone,43
Schenectady,Niskayuna 7,U.S. Senate,,WOR,Kirsten E. Gillibrand,60
Schenectady,Niskayuna 7,U.S. Senate,,LAR,Diane Sare,1
Schenectady,Niskayuna 7,U.S. Senate,,,Write-in,1
Schenectady,Niskayuna 7,U.S. House,20,DEM,Paul D. Tonko,647
Schenectady,Niskayuna 7,U.S. House,20,REP,Kevin M. Waltz,174
Schenectady,Niskayuna 7,U.S. House,20,CON,Kevin M. Waltz,44
Schenectady,Niskayuna 7,U.S. House,20,WOR,Paul D. Tonko,57
Schenectady,Niskayuna 7,U.S. House,20,,Write-in,1
Schenectady,Niskayuna 7,State Senate,44,DEM,Minita J. Sanghvi,508
Schenectady,Niskayuna 7,State Senate,44,REP,James N. Tedisco,313
Schenectady,Niskayuna 7,State Senate,44,CON,James N. Tedisco,57
Schenectady,Niskayuna 7,State Senate,44,WOR,Minita J. Sanghvi,50
Schenectady,Niskayuna 7,State Senate,44,,Write-in,1
Schenectady,Niskayuna 7,State Assembly,110,DEM,Phillip G. Steck,606
Schenectady,Niskayuna 7,State Assembly,110,REP,Jeff Madden,211
Schenectady,Niskayuna 7,State Assembly,110,CON,Jeff Madden,47
Schenectady,Niskayuna 7,State Assembly,110,WOR,Phillip G. Steck,57
Schenectady,Niskayuna 8,President,,DEM,Kamala D. Harris,453
Schenectady,Niskayuna 8,President,,REP,Donald J. Trump,227
Schenectady,Niskayuna 8,President,,CON,Donald J. Trump,41
Schenectady,Niskayuna 8,President,,WOR,Kamala D. Harris,24
Schenectady,Niskayuna 8,President,,,Write-in,10
Schenectady,Niskayuna 8,U.S. Senate,,DEM,Kirsten E. Gillibrand,441
Schenectady,Niskayuna 8,U.S. Senate,,REP,Michael D. Sapraicone,212
Schenectady,Niskayuna 8,U.S. Senate,,CON,Michael D. Sapraicone,44
Schenectady,Niskayuna 8,U.S. Senate,,WOR,Kirsten E. Gillibrand,35
Schenectady,Niskayuna 8,U.S. Senate,,LAR,Diane Sare,4
Schenectady,Niskayuna 8,U.S. Senate,,,Write-in,1
Schenectady,Niskayuna 8,U.S. House,20,DEM,Paul D. Tonko,449
Schenectady,Niskayuna 8,U.S. House,20,REP,Kevin M. Waltz,200
Schenectady,Niskayuna 8,U.S. House,20,CON,Kevin M. Waltz,51
Schenectady,Niskayuna 8,U.S. House,20,WOR,Paul D. Tonko,37
Schenectady,Niskayuna 8,U.S. House,20,,Write-in,1
Schenectady,Niskayuna 8,State Senate,44,DEM,Minita J. Sanghvi,316
Schenectady,Niskayuna 8,State Senate,44,REP,James N. Tedisco,329
Schenectady,Niskayuna 8,State Senate,44,CON,James N. Tedisco,62
Schenectady,Niskayuna 8,State Senate,44,WOR,Minita J. Sanghvi,27
Schenectady,Niskayuna 8,State Assembly,110,DEM,Phillip G. Steck,406
Schenectady,Niskayuna 8,State Assembly,110,REP,Jeff Madden,233
Schenectady,Niskayuna 8,State Assembly,110,CON,Jeff Madden,57
Schenectady,Niskayuna 8,State Assembly,110,WOR,Phillip G. Steck,31
Schenectady,Niskayuna 8,State Assembly,110,,Write-in,1
Schenectady,Niskayuna 9,President,,DEM,Kamala D. Harris,525
Schenectady,Niskayuna 9,President,,REP,Donald J. Trump,214
Schenectady,Niskayuna 9,President,,CON,Donald J. Trump,34
Schenectady,Niskayuna 9,President,,WOR,Kamala D. Harris,39
Schenectady,Niskayuna 9,President,,,Write-in,18
Schenectady,Niskayuna 9,U.S. Senate,,DEM,Kirsten E. Gillibrand,508
Schenectady,Niskayuna 9,U.S. Senate,,REP,Michael D. Sapraicone,205
Schenectady,Niskayuna 9,U.S. Senate,,CON,Michael D. Sapraicone,43
Schenectady,Niskayuna 9,U.S. Senate,,WOR,Kirsten E. Gillibrand,49
Schenectady,Niskayuna 9,U.S. Senate,,LAR,Diane Sare,9
Schenectady,Niskayuna 9,U.S. House,20,DEM,Paul D. Tonko,529
Schenectady,Niskayuna 9,U.S. House,20,REP,Kevin M. Waltz,190
Schenectady,Niskayuna 9,U.S. House,20,CON,Kevin M. Waltz,42
Schenectady,Niskayuna 9,U.S. House,20,WOR,Paul D. Tonko,52
Schenectady,Niskayuna 9,U.S. House,20,,Write-in,1
Schenectady,Niskayuna 9,State Senate,44,DEM,Minita J. Sanghvi,422
Schenectady,Niskayuna 9,State Senate,44,REP,James N. Tedisco,288
Schenectady,Niskayuna 9,State Senate,44,CON,James N. Tedisco,59
Schenectady,Niskayuna 9,State Senate,44,WOR,Minita J. Sanghvi,41
Schenectady,Niskayuna 9,State Assembly,110,DEM,Phillip G. Steck,485
Schenectady,Niskayuna 9,State Assembly,110,REP,Jeff Madden,211
Schenectady,Niskayuna 9,State Assembly,110,CON,Jeff Madden,50
Schenectady,Niskayuna 9,State Assembly,110,WOR,Phillip G. Steck,52
Schenectady,Niskayuna 9,State Assembly,110,,Write-in,1
Schenectady,Niskayuna 10,President,,DEM,Kamala D. Harris,376
Schenectady,Niskayuna 10,President,,REP,Donald J. Trump,184
Schenectady,Niskayuna 10,President,,CON,Donald J. Trump,14
Schenectady,Niskayuna 10,President,,WOR,Kamala D. Harris,15
Schenectady,Niskayuna 10,President,,,Write-in,9
Schenectady,Niskayuna 10,U.S. Senate,,DEM,Kirsten E. Gillibrand,358
Schenectady,Niskayuna 10,U.S. Senate,,REP,Michael D. Sapraicone,182
Schenectady,Niskayuna 10,U.S. Senate,,CON,Michael D. Sapraicone,20
Schenectady,Niskayuna 10,U.S. Senate,,WOR,Kirsten E. Gillibrand,24
Schenectady,Niskayuna 10,U.S. Senate,,LAR,Diane Sare,4
Schenectady,Niskayuna 10,U.S. House,20,DEM,Paul D. Tonko,362
Schenectady,Niskayuna 10,U.S. House,20,REP,Kevin M. Waltz,181
Schenectady,Niskayuna 10,U.S. House,20,CON,Kevin M. Waltz,16
Schenectady,Niskayuna 10,U.S. House,20,WOR,Paul D. Tonko,24
Schenectady,Niskayuna 10,State Senate,44,DEM,Minita J. Sanghvi,294
Schenectady,Niskayuna 10,State Senate,44,REP,James N. Tedisco,242
Schenectady,Niskayuna 10,State Senate,44,CON,James N. Tedisco,23
Schenectady,Niskayuna 10,State Senate,44,WOR,Minita J. Sanghvi,23
Schenectady,Niskayuna 10,State Assembly,110,DEM,Phillip G. Steck,338
Schenectady,Niskayuna 10,State Assembly,110,REP,Jeff Madden,192
Schenectady,Niskayuna 10,State Assembly,110,CON,Jeff Madden,19
Schenectady,Niskayuna 10,State Assembly,110,WOR,Phillip G. Steck,25
Schenectady,Niskayuna 11,President,,DEM,Kamala D. Harris,550
Schenectady,Niskayuna 11,President,,REP,Donald J. Trump,257
Schenectady,Niskayuna 11,President,,CON,Donald J. Trump,23
Schenectady,Niskayuna 11,President,,WOR,Kamala D. Harris,30
Schenectady,Niskayuna 11,President,,,Write-in,31
Schenectady,Niskayuna 11,U.S. Senate,,DEM,Kirsten E. Gillibrand,536
Schenectady,Niskayuna 11,U.S. Senate,,REP,Michael D. Sapraicone,267
Schenectady,Niskayuna 11,U.S. Senate,,CON,Michael D. Sapraicone,26
Schenectady,Niskayuna 11,U.S. Senate,,WOR,Kirsten E. Gillibrand,36
Schenectady,Niskayuna 11,U.S. Senate,,LAR,Diane Sare,12
Schenectady,Niskayuna 11,U.S. Senate,,,Write-in,4
Schenectady,Niskayuna 11,U.S. House,20,DEM,Paul D. Tonko,549
Schenectady,Niskayuna 11,U.S. House,20,REP,Kevin M. Waltz,251
Schenectady,Niskayuna 11,U.S. House,20,CON,Kevin M. Waltz,30
Schenectady,Niskayuna 11,U.S. House,20,WOR,Paul D. Tonko,43
Schenectady,Niskayuna 11,U.S. House,20,,Write-in,1
Schenectady,Niskayuna 11,State Senate,44,DEM,Minita J. Sanghvi,449
Schenectady,Niskayuna 11,State Senate,44,REP,James N. Tedisco,349
Schenectady,Niskayuna 11,State Senate,44,CON,James N. Tedisco,41
Schenectady,Niskayuna 11,State Senate,44,WOR,Minita J. Sanghvi,35
Schenectady,Niskayuna 11,State Assembly,110,DEM,Phillip G. Steck,519
Schenectady,Niskayuna 11,State Assembly,110,REP,Jeff Madden,274
Schenectady,Niskayuna 11,State Assembly,110,CON,Jeff Madden,34
Schenectady,Niskayuna 11,State Assembly,110,WOR,Phillip G. Steck,35
Schenectady,Niskayuna 12,President,,DEM,Kamala D. Harris,259
Schenectady,Niskayuna 12,President,,REP,Donald J. Trump,145
Schenectady,Niskayuna 12,President,,CON,Donald J. Trump,17
Schenectady,Niskayuna 12,President,,WOR,Kamala D. Harris,13
Schenectady,Niskayuna 12,President,,,Write-in,11
Schenectady,Niskayuna 12,U.S. Senate,,DEM,Kirsten E. Gillibrand,255
Schenectady,Niskayuna 12,U.S. Senate,,REP,Michael D. Sapraicone,136
Schenectady,Niskayuna 12,U.S. Senate,,CON,Michael D. Sapraicone,22
Schenectady,Niskayuna 12,U.S. Senate,,WOR,Kirsten E. Gillibrand,13
Schenectady,Niskayuna 12,U.S. Senate,,LAR,Diane Sare,2
Schenectady,Niskayuna 12,U.S. Senate,,,Write-in,2
Schenectady,Niskayuna 12,U.S. House,20,DEM,Paul D. Tonko,262
Schenectady,Niskayuna 12,U.S. House,20,REP,Kevin M. Waltz,127
Schenectady,Niskayuna 12,U.S. House,20,CON,Kevin M. Waltz,26
Schenectady,Niskayuna 12,U.S. House,20,WOR,Paul D. Tonko,14
Schenectady,Niskayuna 12,U.S. House,20,,Write-in,1
Schenectady,Niskayuna 12,State Senate,44,DEM,Minita J. Sanghvi,189
Schenectady,Niskayuna 12,State Senate,44,REP,James N. Tedisco,198
Schenectady,Niskayuna 12,State Senate,44,CON,James N. Tedisco,26
Schenectady,Niskayuna 12,State Senate,44,WOR,Minita J. Sanghvi,16
Schenectady,Niskayuna 12,State Assembly,110,DEM,Phillip G. Steck,241
Schenectady,Niskayuna 12,State Assembly,110,REP,Jeff Madden,148
Schenectady,Niskayuna 12,State Assembly,110,CON,Jeff Madden,22
Schenectady,Niskayuna 12,State Assembly,110,WOR,Phillip G. Steck,11
Schenectady,Niskayuna 13,President,,DEM,Kamala D. Harris,473
Schenectady,Niskayuna 13,President,,REP,Donald J. Trump,172
Schenectady,Niskayuna 13,President,,CON,Donald J. Trump,28
Schenectady,Niskayuna 13,President,,WOR,Kamala D. Harris,41
Schenectady,Niskayuna 13,President,,,Write-in,13
Schenectady,Niskayuna 13,U.S. Senate,,DEM,Kirsten E. Gillibrand,474
Schenectady,Niskayuna 13,U.S. Senate,,REP,Michael D. Sapraicone,156
Schenectady,Niskayuna 13,U.S. Senate,,CON,Michael D. Sapraicone,34
Schenectady,Niskayuna 13,U.S. Senate,,WOR,Kirsten E. Gillibrand,47
Schenectady,Niskayuna 13,U.S. Senate,,LAR,Diane Sare,1
Schenectady,Niskayuna 13,U.S. House,20,DEM,Paul D. Tonko,479
Schenectady,Niskayuna 13,U.S. House,20,REP,Kevin M. Waltz,149
Schenectady,Niskayuna 13,U.S. House,20,CON,Kevin M. Waltz,31
Schenectady,Niskayuna 13,U.S. House,20,WOR,Paul D. Tonko,51
Schenectady,Niskayuna 13,State Senate,44,DEM,Minita J. Sanghvi,386
Schenectady,Niskayuna 13,State Senate,44,REP,James N. Tedisco,241
Schenectady,Niskayuna 13,State Senate,44,CON,James N. Tedisco,45
Schenectady,Niskayuna 13,State Senate,44,WOR,Minita J. Sanghvi,39
Schenectady,Niskayuna 13,State Assembly,110,DEM,Phillip G. Steck,439
Schenectady,Niskayuna 13,State Assembly,110,REP,Jeff Madden,173
Schenectady,Niskayuna 13,State Assembly,110,CON,Jeff Madden,37
Schenectady,Niskayuna 13,State Assembly,110,WOR,Phillip G. Steck,49
Schenectady,Niskayuna 14,President,,DEM,Kamala D. Harris,595
Schenectady,Niskayuna 14,President,,REP,Donald J. Trump,298
Schenectady,Niskayuna 14,President,,CON,Donald J. Trump,49
Schenectady,Niskayuna 14,President,,WOR,Kamala D. Harris,47
Schenectady,Niskayuna 14,President,,,Write-in,25
Schenectady,Niskayuna 14,U.S. Senate,,DEM,Kirsten E. Gillibrand,600
Schenectady,Niskayuna 14,U.S. Senate,,REP,Michael D. Sapraicone,287
Schenectady,Niskayuna 14,U.S. Senate,,CON,Michael D. Sapraicone,52
Schenectady,Niskayuna 14,U.S. Senate,,WOR,Kirsten E. Gillibrand,51
Schenectady,Niskayuna 14,U.S. Senate,,LAR,Diane Sare,7
Schenectady,Niskayuna 14,U.S. House,20,DEM,Paul D. Tonko,608
Schenectady,Niskayuna 14,U.S. House,20,REP,Kevin M. Waltz,278
Schenectady,Niskayuna 14,U.S. House,20,CON,Kevin M. Waltz,50
Schenectady,Niskayuna 14,U.S. House,20,WOR,Paul D. Tonko,62
Schenectady,Niskayuna 14,State Senate,44,DEM,Minita J. Sanghvi,485
Schenectady,Niskayuna 14,State Senate,44,REP,James N. Tedisco,408
Schenectady,Niskayuna 14,State Senate,44,CON,James N. Tedisco,55
Schenectady,Niskayuna 14,State Senate,44,WOR,Minita J. Sanghvi,47
Schenectady,Niskayuna 14,State Assembly,110,DEM,Phillip G. Steck,569
Schenectady,Niskayuna 14,State Assembly,110,REP,Jeff Madden,314
Schenectady,Niskayuna 14,State Assembly,110,CON,Jeff Madden,52
Schenectady,Niskayuna 14,State Assembly,110,WOR,Phillip G. Steck,52
Schenectady,Niskayuna 14,State Assembly,110,,Write-in,1
Schenectady,Niskayuna 15,President,,DEM,Kamala D. Harris,553
Schenectady,Niskayuna 15,President,,REP,Donald J. Trump,275
Schenectady,Niskayuna 15,President,,CON,Donald J. Trump,49
Schenectady,Niskayuna 15,President,,WOR,Kamala D. Harris,32
Schenectady,Niskayuna 15,President,,,Write-in,24
Schenectady,Niskayuna 15,U.S. Senate,,DEM,Kirsten E. Gillibrand,561
Schenectady,Niskayuna 15,U.S. Senate,,REP,Michael D. Sapraicone,252
Schenectady,Niskayuna 15,U.S. Senate,,CON,Michael D. Sapraicone,62
Schenectady,Niskayuna 15,U.S. Senate,,WOR,Kirsten E. Gillibrand,41
Schenectady,Niskayuna 15,U.S. Senate,,LAR,Diane Sare,4
Schenectady,Niskayuna 15,U.S. Senate,,,Write-in,1
Schenectady,Niskayuna 15,U.S. House,20,DEM,Paul D. Tonko,577
Schenectady,Niskayuna 15,U.S. House,20,REP,Kevin M. Waltz,247
Schenectady,Niskayuna 15,U.S. House,20,CON,Kevin M. Waltz,55
Schenectady,Niskayuna 15,U.S. House,20,WOR,Paul D. Tonko,49
Schenectady,Niskayuna 15,State Senate,44,DEM,Minita J. Sanghvi,428
Schenectady,Niskayuna 15,State Senate,44,REP,James N. Tedisco,385
Schenectady,Niskayuna 15,State Senate,44,CON,James N. Tedisco,68
Schenectady,Niskayuna 15,State Senate,44,WOR,Minita J. Sanghvi,42
Schenectady,Niskayuna 15,State Assembly,110,DEM,Phillip G. Steck,520
Schenectady,Niskayuna 15,State Assembly,110,REP,Jeff Madden,280
Schenectady,Niskayuna 15,State Assembly,110,CON,Jeff Madden,55
Schenectady,Niskayuna 15,State Assembly,110,WOR,Phillip G. Steck,49
Schenectady,Niskayuna 16,President,,DEM,Kamala D. Harris,417
Schenectady,Niskayuna 16,President,,REP,Donald J. Trump,202
Schenectady,Niskayuna 16,President,,CON,Donald J. Trump,27
Schenectady,Niskayuna 16,President,,WOR,Kamala D. Harris,16
Schenectady,Niskayuna 16,President,,,Write-in,14
Schenectady,Niskayuna 16,U.S. Senate,,DEM,Kirsten E. Gillibrand,403
Schenectady,Niskayuna 16,U.S. Senate,,REP,Michael D. Sapraicone,198
Schenectady,Niskayuna 16,U.S. Senate,,CON,Michael D. Sapraicone,23
Schenectady,Niskayuna 16,U.S. Senate,,WOR,Kirsten E. Gillibrand,23
Schenectady,Niskayuna 16,U.S. Senate,,LAR,Diane Sare,3
Schenectady,Niskayuna 16,U.S. Senate,,,Write-in,1
Schenectady,Niskayuna 16,U.S. House,20,DEM,Paul D. Tonko,409
Schenectady,Niskayuna 16,U.S. House,20,REP,Kevin M. Waltz,189
Schenectady,Niskayuna 16,U.S. House,20,CON,Kevin M. Waltz,30
Schenectady,Niskayuna 16,U.S. House,20,WOR,Paul D. Tonko,25
Schenectady,Niskayuna 16,State Senate,44,DEM,Minita J. Sanghvi,305
Schenectady,Niskayuna 16,State Senate,44,REP,James N. Tedisco,290
Schenectady,Niskayuna 16,State Senate,44,CON,James N. Tedisco,38
Schenectady,Niskayuna 16,State Senate,44,WOR,Minita J. Sanghvi,17
Schenectady,Niskayuna 16,State Assembly,110,DEM,Phillip G. Steck,387
Schenectady,Niskayuna 16,State Assembly,110,REP,Jeff Madden,206
Schenectady,Niskayuna 16,State Assembly,110,CON,Jeff Madden,30
Schenectady,Niskayuna 16,State Assembly,110,WOR,Phillip G. Steck,23
Schenectady,Niskayuna 17,President,,DEM,Kamala D. Harris,490
Schenectady,Niskayuna 17,President,,REP,Donald J. Trump,216
Schenectady,Niskayuna 17,President,,CON,Donald J. Trump,33
Schenectady,Niskayuna 17,President,,WOR,Kamala D. Harris,29
Schenectady,Niskayuna 17,President,,,Write-in,20
Schenectady,Niskayuna 17,U.S. Senate,,DEM,Kirsten E. Gillibrand,482
Schenectady,Niskayuna 17,U.S. Senate,,REP,Michael D. Sapraicone,211
Schenectady,Niskayuna 17,U.S. Senate,,CON,Michael D. Sapraicone,30
Schenectady,Niskayuna 17,U.S. Senate,,WOR,Kirsten E. Gillibrand,37
Schenectady,Niskayuna 17,U.S. Senate,,LAR,Diane Sare,9
Schenectady,Niskayuna 17,U.S. House,20,DEM,Paul D. Tonko,505
Schenectady,Niskayuna 17,U.S. House,20,REP,Kevin M. Waltz,190
Schenectady,Niskayuna 17,U.S. House,20,CON,Kevin M. Waltz,28
Schenectady,Niskayuna 17,U.S. House,20,WOR,Paul D. Tonko,45
Schenectady,Niskayuna 17,State Senate,44,DEM,Minita J. Sanghvi,374
Schenectady,Niskayuna 17,State Senate,44,REP,James N. Tedisco,311
Schenectady,Niskayuna 17,State Senate,44,CON,James N. Tedisco,44
Schenectady,Niskayuna 17,State Senate,44,WOR,Minita J. Sanghvi,27
Schenectady,Niskayuna 17,State Senate,44,,Write-in,1
Schenectady,Niskayuna 17,State Assembly,110,DEM,Phillip G. Steck,457
Schenectady,Niskayuna 17,State Assembly,110,REP,Jeff Madden,217
Schenectady,Niskayuna 17,State Assembly,110,CON,Jeff Madden,40
Schenectady,Niskayuna 17,State Assembly,110,WOR,Phillip G. Steck,32
Schenectady,Niskayuna 17,State Assembly,110,,Write-in,2
Schenectady,Princetown 1,President,,DEM,Kamala D. Harris,237
Schenectady,Princetown 1,President,,REP,Donald J. Trump,394
Schenectady,Princetown 1,President,,CON,Donald J. Trump,86
Schenectady,Princetown 1,President,,WOR,Kamala D. Harris,12
Schenectady,Princetown 1,President,,,Write-in,9
Schenectady,Princetown 1,U.S. Senate,,DEM,Kirsten E. Gillibrand,241
Schenectady,Princetown 1,U.S. Senate,,REP,Michael D. Sapraicone,370
Schenectady,Princetown 1,U.S. Senate,,CON,Michael D. Sapraicone,86
Schenectady,Princetown 1,U.S. Senate,,WOR,Kirsten E. Gillibrand,19
Schenectady,Princetown 1,U.S. Senate,,LAR,Diane Sare,4
Schenectady,Princetown 1,U.S. Senate,,,Write-in,1
Schenectady,Princetown 1,U.S. House,20,DEM,Paul D. Tonko,252
Schenectady,Princetown 1,U.S. House,20,REP,Kevin M. Waltz,359
Schenectady,Princetown 1,U.S. House,20,CON,Kevin M. Waltz,83
Schenectady,Princetown 1,U.S. House,20,WOR,Paul D. Tonko,25
Schenectady,Princetown 1,U.S. House,20,,Write-in,1
Schenectady,Princetown 1,State Senate,46,DEM,Patricia A. Fahy,213
Schenectady,Princetown 1,State Senate,46,REP,Ted Danz Jr.,384
Schenectady,Princetown 1,State Senate,46,CON,Ted Danz Jr.,97
Schenectady,Princetown 1,State Senate,46,WOR,Patricia A. Fahy,16
Schenectady,Princetown 1,State Senate,46,,Write-in,2
Schenectady,Princetown 1,State Assembly,111,DEM,Angelo L. Santabarbara,315
Schenectady,Princetown 1,State Assembly,111,REP,Joseph C. Mastroianni,315
Schenectady,Princetown 1,State Assembly,111,CON,Joseph C. Mastroianni,73
Schenectady,Princetown 1,State Assembly,111,PFP,Angelo L. Santabarbara,14
Schenectady,Princetown 1,State Assembly,111,,Write-in,2
Schenectady,Princetown 2,President,,DEM,Kamala D. Harris,181
Schenectady,Princetown 2,President,,REP,Donald J. Trump,306
Schenectady,Princetown 2,President,,CON,Donald J. Trump,68
Schenectady,Princetown 2,President,,WOR,Kamala D. Harris,13
Schenectady,Princetown 2,President,,,Write-in,6
Schenectady,Princetown 2,U.S. Senate,,DEM,Kirsten E. Gillibrand,194
Schenectady,Princetown 2,U.S. Senate,,REP,Michael D. Sapraicone,273
Schenectady,Princetown 2,U.S. Senate,,CON,Michael D. Sapraicone,65
Schenectady,Princetown 2,U.S. Senate,,WOR,Kirsten E. Gillibrand,23
Schenectady,Princetown 2,U.S. Senate,,LAR,Diane Sare,1
Schenectady,Princetown 2,U.S. Senate,,,Write-in,1
Schenectady,Princetown 2,U.S. House,20,DEM,Paul D. Tonko,197
Schenectady,Princetown 2,U.S. House,20,REP,Kevin M. Waltz,253
Schenectady,Princetown 2,U.S. House,20,CON,Kevin M. Waltz,68
Schenectady,Princetown 2,U.S. House,20,WOR,Paul D. Tonko,35
Schenectady,Princetown 2,U.S. House,20,,Write-in,2
Schenectady,Princetown 2,State Senate,46,DEM,Patricia A. Fahy,156
Schenectady,Princetown 2,State Senate,46,REP,Ted Danz Jr.,302
Schenectady,Princetown 2,State Senate,46,CON,Ted Danz Jr.,80
Schenectady,Princetown 2,State Senate,46,WOR,Patricia A. Fahy,13
Schenectady,Princetown 2,State Senate,46,,Write-in,2
Schenectady,Princetown 2,State Assembly,111,DEM,Angelo L. Santabarbara,259
Schenectady,Princetown 2,State Assembly,111,REP,Joseph C. Mastroianni,235
Schenectady,Princetown 2,State Assembly,111,CON,Joseph C. Mastroianni,56
Schenectady,Princetown 2,State Assembly,111,PFP,Angelo L. Santabarbara,14
Schenectady,Princetown 2,State Assembly,111,,Write-in,1
Schenectady,Rotterdam 1,President,,DEM,Kamala D. Harris,247
Schenectady,Rotterdam 1,President,,REP,Donald J. Trump,425
Schenectady,Rotterdam 1,President,,CON,Donald J. Trump,85
Schenectady,Rotterdam 1,President,,WOR,Kamala D. Harris,17
Schenectady,Rotterdam 1,President,,,Write-in,5
Schenectady,Rotterdam 1,U.S. Senate,,DEM,Kirsten E. Gillibrand,258
Schenectady,Rotterdam 1,U.S. Senate,,REP,Michael D. Sapraicone,374
Schenectady,Rotterdam 1,U.S. Senate,,CON,Michael D. Sapraicone,81
Schenectady,Rotterdam 1,U.S. Senate,,WOR,Kirsten E. Gillibrand,28
Schenectady,Rotterdam 1,U.S. Senate,,LAR,Diane Sare,2
Schenectady,Rotterdam 1,U.S. House,20,DEM,Paul D. Tonko,275
Schenectady,Rotterdam 1,U.S. House,20,REP,Kevin M. Waltz,350
Schenectady,Rotterdam 1,U.S. House,20,CON,Kevin M. Waltz,85
Schenectady,Rotterdam 1,U.S. House,20,WOR,Paul D. Tonko,37
Schenectady,Rotterdam 1,State Senate,46,DEM,Patricia A. Fahy,224
Schenectady,Rotterdam 1,State Senate,46,REP,Ted Danz Jr.,393
Schenectady,Rotterdam 1,State Senate,46,CON,Ted Danz Jr.,98
Schenectady,Rotterdam 1,State Senate,46,WOR,Patricia A. Fahy,25
Schenectady,Rotterdam 1,State Assembly,111,DEM,Angelo L. Santabarbara,346
Schenectady,Rotterdam 1,State Assembly,111,REP,Joseph C. Mastroianni,312
Schenectady,Rotterdam 1,State Assembly,111,CON,Joseph C. Mastroianni,78
Schenectady,Rotterdam 1,State Assembly,111,PFP,Angelo L. Santabarbara,18
Schenectady,Rotterdam 1,State Assembly,111,,Write-in,3
Schenectady,Rotterdam 2,President,,DEM,Kamala D. Harris,252
Schenectady,Rotterdam 2,President,,REP,Donald J. Trump,412
Schenectady,Rotterdam 2,President,,CON,Donald J. Trump,87
Schenectady,Rotterdam 2,President,,WOR,Kamala D. Harris,15
Schenectady,Rotterdam 2,President,,,Write-in,4
Schenectady,Rotterdam 2,U.S. Senate,,DEM,Kirsten E. Gillibrand,269
Schenectady,Rotterdam 2,U.S. Senate,,REP,Michael D. Sapraicone,358
Schenectady,Rotterdam 2,U.S. Senate,,CON,Michael D. Sapraicone,79
Schenectady,Rotterdam 2,U.S. Senate,,WOR,Kirsten E. Gillibrand,34
Schenectady,Rotterdam 2,U.S. Senate,,LAR,Diane Sare,3
Schenectady,Rotterdam 2,U.S. House,20,DEM,Paul D. Tonko,274
Schenectady,Rotterdam 2,U.S. House,20,REP,Kevin M. Waltz,355
Schenectady,Rotterdam 2,U.S. House,20,CON,Kevin M. Waltz,82
Schenectady,Rotterdam 2,U.S. House,20,WOR,Paul D. Tonko,35
Schenectady,Rotterdam 2,U.S. House,20,,Write-in,1
Schenectady,Rotterdam 2,State Senate,46,DEM,Patricia A. Fahy,215
Schenectady,Rotterdam 2,State Senate,46,REP,Ted Danz Jr.,404
Schenectady,Rotterdam 2,State Senate,46,CON,Ted Danz Jr.,91
Schenectady,Rotterdam 2,State Senate,46,WOR,Patricia A. Fahy,23
Schenectady,Rotterdam 2,State Assembly,111,DEM,Angelo L. Santabarbara,362
Schenectady,Rotterdam 2,State Assembly,111,REP,Joseph C. Mastroianni,301
Schenectady,Rotterdam 2,State Assembly,111,CON,Joseph C. Mastroianni,65
Schenectady,Rotterdam 2,State Assembly,111,PFP,Angelo L. Santabarbara,19
Schenectady,Rotterdam 2,State Assembly,111,,Write-in,1
Schenectady,Rotterdam 3,President,,DEM,Kamala D. Harris,390
Schenectady,Rotterdam 3,President,,REP,Donald J. Trump,412
Schenectady,Rotterdam 3,President,,CON,Donald J. Trump,75
Schenectady,Rotterdam 3,President,,WOR,Kamala D. Harris,28
Schenectady,Rotterdam 3,President,,,Write-in,4
Schenectady,Rotterdam 3,U.S. Senate,,DEM,Kirsten E. Gillibrand,399
Schenectady,Rotterdam 3,U.S. Senate,,REP,Michael D. Sapraicone,367
Schenectady,Rotterdam 3,U.S. Senate,,CON,Michael D. Sapraicone,71
Schenectady,Rotterdam 3,U.S. Senate,,WOR,Kirsten E. Gillibrand,37
Schenectady,Rotterdam 3,U.S. Senate,,LAR,Diane Sare,6
Schenectady,Rotterdam 3,U.S. Senate,,,Write-in,2
Schenectady,Rotterdam 3,U.S. House,20,DEM,Paul D. Tonko,413
Schenectady,Rotterdam 3,U.S. House,20,REP,Kevin M. Waltz,340
Schenectady,Rotterdam 3,U.S. House,20,CON,Kevin M. Waltz,73
Schenectady,Rotterdam 3,U.S. House,20,WOR,Paul D. Tonko,51
Schenectady,Rotterdam 3,State Senate,46,DEM,Patricia A. Fahy,353
Schenectady,Rotterdam 3,State Senate,46,REP,Ted Danz Jr.,402
Schenectady,Rotterdam 3,State Senate,46,CON,Ted Danz Jr.,78
Schenectady,Rotterdam 3,State Senate,46,WOR,Patricia A. Fahy,34
Schenectady,Rotterdam 3,State Assembly,111,DEM,Angelo L. Santabarbara,498
Schenectady,Rotterdam 3,State Assembly,111,REP,Joseph C. Mastroianni,295
Schenectady,Rotterdam 3,State Assembly,111,CON,Joseph C. Mastroianni,67
Schenectady,Rotterdam 3,State Assembly,111,PFP,Angelo L. Santabarbara,19
Schenectady,Rotterdam 3,State Assembly,111,,Write-in,1
Schenectady,Rotterdam 4,President,,DEM,Kamala D. Harris,385
Schenectady,Rotterdam 4,President,,REP,Donald J. Trump,529
Schenectady,Rotterdam 4,President,,CON,Donald J. Trump,122
Schenectady,Rotterdam 4,President,,WOR,Kamala D. Harris,29
Schenectady,Rotterdam 4,President,,,Write-in,15
Schenectady,Rotterdam 4,U.S. Senate,,DEM,Kirsten E. Gillibrand,417
Schenectady,Rotterdam 4,U.S. Senate,,REP,Michael D. Sapraicone,444
Schenectady,Rotterdam 4,U.S. Senate,,CON,Michael D. Sapraicone,125
Schenectady,Rotterdam 4,U.S. Senate,,WOR,Kirsten E. Gillibrand,51
Schenectady,Rotterdam 4,U.S. Senate,,LAR,Diane Sare,2
Schenectady,Rotterdam 4,U.S. House,20,DEM,Paul D. Tonko,443
Schenectady,Rotterdam 4,U.S. House,20,REP,Kevin M. Waltz,431
Schenectady,Rotterdam 4,U.S. House,20,CON,Kevin M. Waltz,111
Schenectady,Rotterdam 4,U.S. House,20,WOR,Paul D. Tonko,59
Schenectady,Rotterdam 4,State Senate,46,DEM,Patricia A. Fahy,366
Schenectady,Rotterdam 4,State Senate,46,REP,Ted Danz Jr.,493
Schenectady,Rotterdam 4,State Senate,46,CON,Ted Danz Jr.,132
Schenectady,Rotterdam 4,State Senate,46,WOR,Patricia A. Fahy,40
Schenectady,Rotterdam 4,State Assembly,111,DEM,Angelo L. Santabarbara,543
Schenectady,Rotterdam 4,State Assembly,111,REP,Joseph C. Mastroianni,379
Schenectady,Rotterdam 4,State Assembly,111,CON,Joseph C. Mastroianni,98
Schenectady,Rotterdam 4,State Assembly,111,PFP,Angelo L. Santabarbara,34
Schenectady,Rotterdam 5,President,,DEM,Kamala D. Harris,415
Schenectady,Rotterdam 5,President,,REP,Donald J. Trump,458
Schenectady,Rotterdam 5,President,,CON,Donald J. Trump,68
Schenectady,Rotterdam 5,President,,WOR,Kamala D. Harris,24
Schenectady,Rotterdam 5,President,,,Write-in,12
Schenectady,Rotterdam 5,U.S. Senate,,DEM,Kirsten E. Gillibrand,440
Schenectady,Rotterdam 5,U.S. Senate,,REP,Michael D. Sapraicone,394
Schenectady,Rotterdam 5,U.S. Senate,,CON,Michael D. Sapraicone,63
Schenectady,Rotterdam 5,U.S. Senate,,WOR,Kirsten E. Gillibrand,40
Schenectady,Rotterdam 5,U.S. Senate,,LAR,Diane Sare,5
Schenectady,Rotterdam 5,U.S. Senate,,,Write-in,3
Schenectady,Rotterdam 5,U.S. House,20,DEM,Paul D. Tonko,452
Schenectady,Rotterdam 5,U.S. House,20,REP,Kevin M. Waltz,391
Schenectady,Rotterdam 5,U.S. House,20,CON,Kevin M. Waltz,61
Schenectady,Rotterdam 5,U.S. House,20,WOR,Paul D. Tonko,41
Schenectady,Rotterdam 5,U.S. House,20,,Write-in,1
Schenectady,Rotterdam 5,State Senate,46,DEM,Patricia A. Fahy,386
Schenectady,Rotterdam 5,State Senate,46,REP,Ted Danz Jr.,429
Schenectady,Rotterdam 5,State Senate,46,CON,Ted Danz Jr.,72
Schenectady,Rotterdam 5,State Senate,46,WOR,Patricia A. Fahy,32
Schenectady,Rotterdam 5,State Senate,46,,Write-in,2
Schenectady,Rotterdam 5,State Assembly,111,DEM,Angelo L. Santabarbara,551
Schenectady,Rotterdam 5,State Assembly,111,REP,Joseph C. Mastroianni,316
Schenectady,Rotterdam 5,State Assembly,111,CON,Joseph C. Mastroianni,63
Schenectady,Rotterdam 5,State Assembly,111,PFP,Angelo L. Santabarbara,18
Schenectady,Rotterdam 5,State Assembly,111,,Write-in,1
Schenectady,Rotterdam 6,President,,DEM,Kamala D. Harris,302
Schenectady,Rotterdam 6,President,,REP,Donald J. Trump,283
Schenectady,Rotterdam 6,President,,CON,Donald J. Trump,53
Schenectady,Rotterdam 6,President,,WOR,Kamala D. Harris,17
Schenectady,Rotterdam 6,President,,,Write-in,4
Schenectady,Rotterdam 6,U.S. Senate,,DEM,Kirsten E. Gillibrand,295
Schenectady,Rotterdam 6,U.S. Senate,,REP,Michael D. Sapraicone,241
Schenectady,Rotterdam 6,U.S. Senate,,CON,Michael D. Sapraicone,57
Schenectady,Rotterdam 6,U.S. Senate,,WOR,Kirsten E. Gillibrand,26
Schenectady,Rotterdam 6,U.S. Senate,,LAR,Diane Sare,2
Schenectady,Rotterdam 6,U.S. Senate,,,Write-in,1
Schenectady,Rotterdam 6,U.S. House,20,DEM,Paul D. Tonko,307
Schenectady,Rotterdam 6,U.S. House,20,REP,Kevin M. Waltz,231
Schenectady,Rotterdam 6,U.S. House,20,CON,Kevin M. Waltz,53
Schenectady,Rotterdam 6,U.S. House,20,WOR,Paul D. Tonko,35
Schenectady,Rotterdam 6,State Senate,46,DEM,Patricia A. Fahy,265
Schenectady,Rotterdam 6,State Senate,46,REP,Ted Danz Jr.,264
Schenectady,Rotterdam 6,State Senate,46,CON,Ted Danz Jr.,59
Schenectady,Rotterdam 6,State Senate,46,WOR,Patricia A. Fahy,25
Schenectady,Rotterdam 6,State Assembly,111,DEM,Angelo L. Santabarbara,358
Schenectady,Rotterdam 6,State Assembly,111,REP,Joseph C. Mastroianni,210
Schenectady,Rotterdam 6,State Assembly,111,CON,Joseph C. Mastroianni,49
Schenectady,Rotterdam 6,State Assembly,111,PFP,Angelo L. Santabarbara,19
Schenectady,Rotterdam 7,President,,DEM,Kamala D. Harris,311
Schenectady,Rotterdam 7,President,,REP,Donald J. Trump,369
Schenectady,Rotterdam 7,President,,CON,Donald J. Trump,61
Schenectady,Rotterdam 7,President,,WOR,Kamala D. Harris,21
Schenectady,Rotterdam 7,President,,,Write-in,5
Schenectady,Rotterdam 7,U.S. Senate,,DEM,Kirsten E. Gillibrand,319
Schenectady,Rotterdam 7,U.S. Senate,,REP,Michael D. Sapraicone,310
Schenectady,Rotterdam 7,U.S. Senate,,CON,Michael D. Sapraicone,60
Schenectady,Rotterdam 7,U.S. Senate,,WOR,Kirsten E. Gillibrand,38
Schenectady,Rotterdam 7,U.S. Senate,,LAR,Diane Sare,5
Schenectady,Rotterdam 7,U.S. Senate,,,Write-in,2
Schenectady,Rotterdam 7,U.S. House,20,DEM,Paul D. Tonko,331
Schenectady,Rotterdam 7,U.S. House,20,REP,Kevin M. Waltz,305
Schenectady,Rotterdam 7,U.S. House,20,CON,Kevin M. Waltz,56
Schenectady,Rotterdam 7,U.S. House,20,WOR,Paul D. Tonko,43
Schenectady,Rotterdam 7,U.S. House,20,,Write-in,1
Schenectady,Rotterdam 7,State Senate,46,DEM,Patricia A. Fahy,288
Schenectady,Rotterdam 7,State Senate,46,REP,Ted Danz Jr.,344
Schenectady,Rotterdam 7,State Senate,46,CON,Ted Danz Jr.,61
Schenectady,Rotterdam 7,State Senate,46,WOR,Patricia A. Fahy,33
Schenectady,Rotterdam 7,State Senate,46,,Write-in,1
Schenectady,Rotterdam 7,State Assembly,111,DEM,Angelo L. Santabarbara,421
Schenectady,Rotterdam 7,State Assembly,111,REP,Joseph C. Mastroianni,250
Schenectady,Rotterdam 7,State Assembly,111,CON,Joseph C. Mastroianni,50
Schenectady,Rotterdam 7,State Assembly,111,PFP,Angelo L. Santabarbara,14
Schenectady,Rotterdam 7,State Assembly,111,,Write-in,1
Schenectady,Rotterdam 8,President,,DEM,Kamala D. Harris,369
Schenectady,Rotterdam 8,President,,REP,Donald J. Trump,349
Schenectady,Rotterdam 8,President,,CON,Donald J. Trump,54
Schenectady,Rotterdam 8,President,,WOR,Kamala D. Harris,20
Schenectady,Rotterdam 8,President,,,Write-in,12
Schenectady,Rotterdam 8,U.S. Senate,,DEM,Kirsten E. Gillibrand,377
Schenectady,Rotterdam 8,U.S. Senate,,REP,Michael D. Sapraicone,291
Schenectady,Rotterdam 8,U.S. Senate,,CON,Michael D. Sapraicone,62
Schenectady,Rotterdam 8,U.S. Senate,,WOR,Kirsten E. Gillibrand,38
Schenectady,Rotterdam 8,U.S. Senate,,LAR,Diane Sare,8
Schenectady,Rotterdam 8,U.S. House,20,DEM,Paul D. Tonko,395
Schenectady,Rotterdam 8,U.S. House,20,REP,Kevin M. Waltz,270
Schenectady,Rotterdam 8,U.S. House,20,CON,Kevin M. Waltz,58
Schenectady,Rotterdam 8,U.S. House,20,WOR,Paul D. Tonko,46
Schenectady,Rotterdam 8,State Senate,46,DEM,Patricia A. Fahy,336
Schenectady,Rotterdam 8,State Senate,46,REP,Ted Danz Jr.,327
Schenectady,Rotterdam 8,State Senate,46,CON,Ted Danz Jr.,65
Schenectady,Rotterdam 8,State Senate,46,WOR,Patricia A. Fahy,33
Schenectady,Rotterdam 8,State Assembly,111,DEM,Angelo L. Santabarbara,463
Schenectady,Rotterdam 8,State Assembly,111,REP,Joseph C. Mastroianni,253
Schenectady,Rotterdam 8,State Assembly,111,CON,Joseph C. Mastroianni,54
Schenectady,Rotterdam 8,State Assembly,111,PFP,Angelo L. Santabarbara,19
Schenectady,Rotterdam 9,President,,DEM,Kamala D. Harris,326
Schenectady,Rotterdam 9,President,,REP,Donald J. Trump,379
Schenectady,Rotterdam 9,President,,CON,Donald J. Trump,51
Schenectady,Rotterdam 9,President,,WOR,Kamala D. Harris,25
Schenectady,Rotterdam 9,President,,,Write-in,6
Schenectady,Rotterdam 9,U.S. Senate,,DEM,Kirsten E. Gillibrand,342
Schenectady,Rotterdam 9,U.S. Senate,,REP,Michael D. Sapraicone,321
Schenectady,Rotterdam 9,U.S. Senate,,CON,Michael D. Sapraicone,58
Schenectady,Rotterdam 9,U.S. Senate,,WOR,Kirsten E. Gillibrand,43
Schenectady,Rotterdam 9,U.S. Senate,,LAR,Diane Sare,2
Schenectady,Rotterdam 9,U.S. House,20,DEM,Paul D. Tonko,359
Schenectady,Rotterdam 9,U.S. House,20,REP,Kevin M. Waltz,314
Schenectady,Rotterdam 9,U.S. House,20,CON,Kevin M. Waltz,53
Schenectady,Rotterdam 9,U.S. House,20,WOR,Paul D. Tonko,41
Schenectady,Rotterdam 9,State Senate,46,DEM,Patricia A. Fahy,311
Schenectady,Rotterdam 9,State Senate,46,REP,Ted Danz Jr.,353
Schenectady,Rotterdam 9,State Senate,46,CON,Ted Danz Jr.,62
Schenectady,Rotterdam 9,State Senate,46,WOR,Patricia A. Fahy,27
Schenectady,Rotterdam 9,State Assembly,111,DEM,Angelo L. Santabarbara,429
Schenectady,Rotterdam 9,State Assembly,111,REP,Joseph C. Mastroianni,274
Schenectady,Rotterdam 9,State Assembly,111,CON,Joseph C. Mastroianni,52
Schenectady,Rotterdam 9,State Assembly,111,PFP,Angelo L. Santabarbara,15
Schenectady,Rotterdam 9,State Assembly,111,,Write-in,1
Schenectady,Rotterdam 10,President,,DEM,Kamala D. Harris,304
Schenectady,Rotterdam 10,President,,REP,Donald J. Trump,293
Schenectady,Rotterdam 10,President,,CON,Donald J. Trump,51
Schenectady,Rotterdam 10,President,,WOR,Kamala D. Harris,23
Schenectady,Rotterdam 10,President,,,Write-in,5
Schenectady,Rotterdam 10,U.S. Senate,,DEM,Kirsten E. Gillibrand,320
Schenectady,Rotterdam 10,U.S. Senate,,REP,Michael D. Sapraicone,247
Schenectady,Rotterdam 10,U.S. Senate,,CON,Michael D. Sapraicone,49
Schenectady,Rotterdam 10,U.S. Senate,,WOR,Kirsten E. Gillibrand,27
Schenectady,Rotterdam 10,U.S. Senate,,LAR,Diane Sare,8
Schenectady,Rotterdam 10,U.S. House,20,DEM,Paul D. Tonko,334
Schenectady,Rotterdam 10,U.S. House,20,REP,Kevin M. Waltz,241
Schenectady,Rotterdam 10,U.S. House,20,CON,Kevin M. Waltz,43
Schenectady,Rotterdam 10,U.S. House,20,WOR,Paul D. Tonko,34
Schenectady,Rotterdam 10,State Senate,46,DEM,Patricia A. Fahy,282
Schenectady,Rotterdam 10,State Senate,46,REP,Ted Danz Jr.,279
Schenectady,Rotterdam 10,State Senate,46,CON,Ted Danz Jr.,53
Schenectady,Rotterdam 10,State Senate,46,WOR,Patricia A. Fahy,25
Schenectady,Rotterdam 10,State Assembly,111,DEM,Angelo L. Santabarbara,391
Schenectady,Rotterdam 10,State Assembly,111,REP,Joseph C. Mastroianni,215
Schenectady,Rotterdam 10,State Assembly,111,CON,Joseph C. Mastroianni,37
Schenectady,Rotterdam 10,State Assembly,111,PFP,Angelo L. Santabarbara,16
Schenectady,Rotterdam 11,President,,DEM,Kamala D. Harris,357
Schenectady,Rotterdam 11,President,,REP,Donald J. Trump,376
Schenectady,Rotterdam 11,President,,CON,Donald J. Trump,56
Schenectady,Rotterdam 11,President,,WOR,Kamala D. Harris,31
Schenectady,Rotterdam 11,President,,,Write-in,8
Schenectady,Rotterdam 11,U.S. Senate,,DEM,Kirsten E. Gillibrand,378
Schenectady,Rotterdam 11,U.S. Senate,,REP,Michael D. Sapraicone,316
Schenectady,Rotterdam 11,U.S. Senate,,CON,Michael D. Sapraicone,59
Schenectady,Rotterdam 11,U.S. Senate,,WOR,Kirsten E. Gillibrand,44
Schenectady,Rotterdam 11,U.S. Senate,,LAR,Diane Sare,4
Schenectady,Rotterdam 11,U.S. House,20,DEM,Paul D. Tonko,399
Schenectady,Rotterdam 11,U.S. House,20,REP,Kevin M. Waltz,293
Schenectady,Rotterdam 11,U.S. House,20,CON,Kevin M. Waltz,55
Schenectady,Rotterdam 11,U.S. House,20,WOR,Paul D. Tonko,57
Schenectady,Rotterdam 11,State Senate,46,DEM,Patricia A. Fahy,326
Schenectady,Rotterdam 11,State Senate,46,REP,Ted Danz Jr.,361
Schenectady,Rotterdam 11,State Senate,46,CON,Ted Danz Jr.,70
Schenectady,Rotterdam 11,State Senate,46,WOR,Patricia A. Fahy,31
Schenectady,Rotterdam 11,State Assembly,111,DEM,Angelo L. Santabarbara,470
Schenectady,Rotterdam 11,State Assembly,111,REP,Joseph C. Mastroianni,259
Schenectady,Rotterdam 11,State Assembly,111,CON,Joseph C. Mastroianni,57
Schenectady,Rotterdam 11,State Assembly,111,PFP,Angelo L. Santabarbara,12
Schenectady,Rotterdam 11,State Assembly,111,,Write-in,4
Schenectady,Rotterdam 12,President,,DEM,Kamala D. Harris,294
Schenectady,Rotterdam 12,President,,REP,Donald J. Trump,428
Schenectady,Rotterdam 12,President,,CON,Donald J. Trump,96
Schenectady,Rotterdam 12,President,,WOR,Kamala D. Harris,12
Schenectady,Rotterdam 12,President,,,Write-in,6
Schenectady,Rotterdam 12,U.S. Senate,,DEM,Kirsten E. Gillibrand,296
Schenectady,Rotterdam 12,U.S. Senate,,REP,Michael D. Sapraicone,385
Schenectady,Rotterdam 12,U.S. Senate,,CON,Michael D. Sapraicone,100
Schenectady,Rotterdam 12,U.S. Senate,,WOR,Kirsten E. Gillibrand,17
Schenectady,Rotterdam 12,U.S. Senate,,LAR,Diane Sare,4
Schenectady,Rotterdam 12,U.S. House,20,DEM,Paul D. Tonko,327
Schenectady,Rotterdam 12,U.S. House,20,REP,Kevin M. Waltz,360
Schenectady,Rotterdam 12,U.S. House,20,CON,Kevin M. Waltz,88
Schenectady,Rotterdam 12,U.S. House,20,WOR,Paul D. Tonko,28
Schenectady,Rotterdam 12,U.S. House,20,,Write-in,1
Schenectady,Rotterdam 12,State Senate,46,DEM,Patricia A. Fahy,258
Schenectady,Rotterdam 12,State Senate,46,REP,Ted Danz Jr.,425
Schenectady,Rotterdam 12,State Senate,46,CON,Ted Danz Jr.,104
Schenectady,Rotterdam 12,State Senate,46,WOR,Patricia A. Fahy,13
Schenectady,Rotterdam 12,State Senate,46,,Write-in,1
Schenectady,Rotterdam 12,State Assembly,111,DEM,Angelo L. Santabarbara,397
Schenectady,Rotterdam 12,State Assembly,111,REP,Joseph C. Mastroianni,321
Schenectady,Rotterdam 12,State Assembly,111,CON,Joseph C. Mastroianni,75
Schenectady,Rotterdam 12,State Assembly,111,PFP,Angelo L. Santabarbara,24
Schenectady,Rotterdam 12,State Assembly,111,,Write-in,2
Schenectady,Rotterdam 13,President,,DEM,Kamala D. Harris,283
Schenectady,Rotterdam 13,President,,REP,Donald J. Trump,246
Schenectady,Rotterdam 13,President,,CON,Donald J. Trump,31
Schenectady,Rotterdam 13,President,,WOR,Kamala D. Harris,17
Schenectady,Rotterdam 13,President,,,Write-in,6
Schenectady,Rotterdam 13,U.S. Senate,,DEM,Kirsten E. Gillibrand,296
Schenectady,Rotterdam 13,U.S. Senate,,REP,Michael D. Sapraicone,202
Schenectady,Rotterdam 13,U.S. Senate,,CON,Michael D. Sapraicone,38
Schenectady,Rotterdam 13,U.S. Senate,,WOR,Kirsten E. Gillibrand,19
Schenectady,Rotterdam 13,U.S. Senate,,LAR,Diane Sare,3
Schenectady,Rotterdam 13,U.S. Senate,,,Write-in,1
Schenectady,Rotterdam 13,U.S. House,20,DEM,Paul D. Tonko,295
Schenectady,Rotterdam 13,U.S. House,20,REP,Kevin M. Waltz,203
Schenectady,Rotterdam 13,U.S. House,20,CON,Kevin M. Waltz,36
Schenectady,Rotterdam 13,U.S. House,20,WOR,Paul D. Tonko,23
Schenectady,Rotterdam 13,U.S. House,20,,Write-in,1
Schenectady,Rotterdam 13,State Senate,46,DEM,Patricia A. Fahy,259
Schenectady,Rotterdam 13,State Senate,46,REP,Ted Danz Jr.,240
Schenectady,Rotterdam 13,State Senate,46,CON,Ted Danz Jr.,36
Schenectady,Rotterdam 13,State Senate,46,WOR,Patricia A. Fahy,18
Schenectady,Rotterdam 13,State Senate,46,,Write-in,1
Schenectady,Rotterdam 13,State Assembly,111,DEM,Angelo L. Santabarbara,349
Schenectady,Rotterdam 13,State Assembly,111,REP,Joseph C. Mastroianni,177
Schenectady,Rotterdam 13,State Assembly,111,CON,Joseph C. Mastroianni,28
Schenectady,Rotterdam 13,State Assembly,111,PFP,Angelo L. Santabarbara,6
Schenectady,Rotterdam 13,State Assembly,111,,Write-in,2
Schenectady,Rotterdam 14,President,,DEM,Kamala D. Harris,351
Schenectady,Rotterdam 14,President,,REP,Donald J. Trump,381
Schenectady,Rotterdam 14,President,,CON,Donald J. Trump,60
Schenectady,Rotterdam 14,President,,WOR,Kamala D. Harris,22
Schenectady,Rotterdam 14,President,,,Write-in,6
Schenectady,Rotterdam 14,U.S. Senate,,DEM,Kirsten E. Gillibrand,364
Schenectady,Rotterdam 14,U.S. Senate,,REP,Michael D. Sapraicone,310
Schenectady,Rotterdam 14,U.S. Senate,,CON,Michael D. Sapraicone,65
Schenectady,Rotterdam 14,U.S. Senate,,WOR,Kirsten E. Gillibrand,37
Schenectady,Rotterdam 14,U.S. Senate,,LAR,Diane Sare,6
Schenectady,Rotterdam 14,U.S. House,20,DEM,Paul D. Tonko,384
Schenectady,Rotterdam 14,U.S. House,20,REP,Kevin M. Waltz,293
Schenectady,Rotterdam 14,U.S. House,20,CON,Kevin M. Waltz,64
Schenectady,Rotterdam 14,U.S. House,20,WOR,Paul D. Tonko,45
Schenectady,Rotterdam 14,State Senate,46,DEM,Patricia A. Fahy,313
Schenectady,Rotterdam 14,State Senate,46,REP,Ted Danz Jr.,349
Schenectady,Rotterdam 14,State Senate,46,CON,Ted Danz Jr.,80
Schenectady,Rotterdam 14,State Senate,46,WOR,Patricia A. Fahy,30
Schenectady,Rotterdam 14,State Assembly,111,DEM,Angelo L. Santabarbara,469
Schenectady,Rotterdam 14,State Assembly,111,REP,Joseph C. Mastroianni,240
Schenectady,Rotterdam 14,State Assembly,111,CON,Joseph C. Mastroianni,59
Schenectady,Rotterdam 14,State Assembly,111,PFP,Angelo L. Santabarbara,23
Schenectady,Rotterdam 14,State Assembly,111,,Write-in,1
Schenectady,Rotterdam 15,President,,DEM,Kamala D. Harris,278
Schenectady,Rotterdam 15,President,,REP,Donald J. Trump,347
Schenectady,Rotterdam 15,President,,CON,Donald J. Trump,35
Schenectady,Rotterdam 15,President,,WOR,Kamala D. Harris,12
Schenectady,Rotterdam 15,President,,,Write-in,7
Schenectady,Rotterdam 15,U.S. Senate,,DEM,Kirsten E. Gillibrand,278
Schenectady,Rotterdam 15,U.S. Senate,,REP,Michael D. Sapraicone,285
Schenectady,Rotterdam 15,U.S. Senate,,CON,Michael D. Sapraicone,54
Schenectady,Rotterdam 15,U.S. Senate,,WOR,Kirsten E. Gillibrand,25
Schenectady,Rotterdam 15,U.S. Senate,,LAR,Diane Sare,2
Schenectady,Rotterdam 15,U.S. House,20,DEM,Paul D. Tonko,299
Schenectady,Rotterdam 15,U.S. House,20,REP,Kevin M. Waltz,275
Schenectady,Rotterdam 15,U.S. House,20,CON,Kevin M. Waltz,46
Schenectady,Rotterdam 15,U.S. House,20,WOR,Paul D. Tonko,33
Schenectady,Rotterdam 15,State Senate,46,DEM,Patricia A. Fahy,253
Schenectady,Rotterdam 15,State Senate,46,REP,Ted Danz Jr.,306
Schenectady,Rotterdam 15,State Senate,46,CON,Ted Danz Jr.,53
Schenectady,Rotterdam 15,State Senate,46,WOR,Patricia A. Fahy,22
Schenectady,Rotterdam 15,State Assembly,111,DEM,Angelo L. Santabarbara,355
Schenectady,Rotterdam 15,State Assembly,111,REP,Joseph C. Mastroianni,254
Schenectady,Rotterdam 15,State Assembly,111,CON,Joseph C. Mastroianni,34
Schenectady,Rotterdam 15,State Assembly,111,PFP,Angelo L. Santabarbara,11
Schenectady,Rotterdam 16,President,,DEM,Kamala D. Harris,379
Schenectady,Rotterdam 16,President,,REP,Donald J. Trump,422
Schenectady,Rotterdam 16,President,,CON,Donald J. Trump,93
Schenectady,Rotterdam 16,President,,WOR,Kamala D. Harris,23
Schenectady,Rotterdam 16,President,,,Write-in,8
Schenectady,Rotterdam 16,U.S. Senate,,DEM,Kirsten E. Gillibrand,392
Schenectady,Rotterdam 16,U.S. Senate,,REP,Michael D. Sapraicone,365
Schenectady,Rotterdam 16,U.S. Senate,,CON,Michael D. Sapraicone,91
Schenectady,Rotterdam 16,U.S. Senate,,WOR,Kirsten E. Gillibrand,33
Schenectady,Rotterdam 16,U.S. Senate,,LAR,Diane Sare,8
Schenectady,Rotterdam 16,U.S. House,20,DEM,Paul D. Tonko,421
Schenectady,Rotterdam 16,U.S. House,20,REP,Kevin M. Waltz,353
Schenectady,Rotterdam 16,U.S. House,20,CON,Kevin M. Waltz,91
Schenectady,Rotterdam 16,U.S. House,20,WOR,Paul D. Tonko,35
Schenectady,Rotterdam 16,State Senate,46,DEM,Patricia A. Fahy,354
Schenectady,Rotterdam 16,State Senate,46,REP,Ted Danz Jr.,398
Schenectady,Rotterdam 16,State Senate,46,CON,Ted Danz Jr.,105
Schenectady,Rotterdam 16,State Senate,46,WOR,Patricia A. Fahy,28
Schenectady,Rotterdam 16,State Assembly,111,DEM,Angelo L. Santabarbara,526
Schenectady,Rotterdam 16,State Assembly,111,REP,Joseph C. Mastroianni,289
Schenectady,Rotterdam 16,State Assembly,111,CON,Joseph C. Mastroianni,68
Schenectady,Rotterdam 16,State Assembly,111,PFP,Angelo L. Santabarbara,13
Schenectady,Rotterdam 17,President,,DEM,Kamala D. Harris,344
Schenectady,Rotterdam 17,President,,REP,Donald J. Trump,342
Schenectady,Rotterdam 17,President,,CON,Donald J. Trump,58
Schenectady,Rotterdam 17,President,,WOR,Kamala D. Harris,15
Schenectady,Rotterdam 17,President,,,Write-in,7
Schenectady,Rotterdam 17,U.S. Senate,,DEM,Kirsten E. Gillibrand,335
Schenectady,Rotterdam 17,U.S. Senate,,REP,Michael D. Sapraicone,306
Schenectady,Rotterdam 17,U.S. Senate,,CON,Michael D. Sapraicone,56
Schenectady,Rotterdam 17,U.S. Senate,,WOR,Kirsten E. Gillibrand,34
Schenectady,Rotterdam 17,U.S. Senate,,LAR,Diane Sare,1
Schenectady,Rotterdam 17,U.S. Senate,,,Write-in,3
Schenectady,Rotterdam 17,U.S. House,20,DEM,Paul D. Tonko,343
Schenectady,Rotterdam 17,U.S. House,20,REP,Kevin M. Waltz,299
Schenectady,Rotterdam 17,U.S. House,20,CON,Kevin M. Waltz,63
Schenectady,Rotterdam 17,U.S. House,20,WOR,Paul D. Tonko,30
Schenectady,Rotterdam 17,U.S. House,20,,Write-in,2
Schenectady,Rotterdam 17,State Senate,46,DEM,Patricia A. Fahy,291
Schenectady,Rotterdam 17,State Senate,46,REP,Ted Danz Jr.,341
Schenectady,Rotterdam 17,State Senate,46,CON,Ted Danz Jr.,68
Schenectady,Rotterdam 17,State Senate,46,WOR,Patricia A. Fahy,20
Schenectady,Rotterdam 17,State Senate,46,,Write-in,2
Schenectady,Rotterdam 17,State Assembly,111,DEM,Angelo L. Santabarbara,435
Schenectady,Rotterdam 17,State Assembly,111,REP,Joseph C. Mastroianni,248
Schenectady,Rotterdam 17,State Assembly,111,CON,Joseph C. Mastroianni,38
Schenectady,Rotterdam 17,State Assembly,111,PFP,Angelo L. Santabarbara,14
Schenectady,Rotterdam 17,State Assembly,111,,Write-in,3
Schenectady,Rotterdam 18,President,,DEM,Kamala D. Harris,344
Schenectady,Rotterdam 18,President,,REP,Donald J. Trump,413
Schenectady,Rotterdam 18,President,,CON,Donald J. Trump,63
Schenectady,Rotterdam 18,President,,WOR,Kamala D. Harris,25
Schenectady,Rotterdam 18,President,,,Write-in,4
Schenectady,Rotterdam 18,U.S. Senate,,DEM,Kirsten E. Gillibrand,360
Schenectady,Rotterdam 18,U.S. Senate,,REP,Michael D. Sapraicone,364
Schenectady,Rotterdam 18,U.S. Senate,,CON,Michael D. Sapraicone,66
Schenectady,Rotterdam 18,U.S. Senate,,WOR,Kirsten E. Gillibrand,35
Schenectady,Rotterdam 18,U.S. Senate,,LAR,Diane Sare,5
Schenectady,Rotterdam 18,U.S. House,20,DEM,Paul D. Tonko,375
Schenectady,Rotterdam 18,U.S. House,20,REP,Kevin M. Waltz,354
Schenectady,Rotterdam 18,U.S. House,20,CON,Kevin M. Waltz,64
Schenectady,Rotterdam 18,U.S. House,20,WOR,Paul D. Tonko,36
Schenectady,Rotterdam 18,State Senate,46,DEM,Patricia A. Fahy,312
Schenectady,Rotterdam 18,State Senate,46,REP,Ted Danz Jr.,412
Schenectady,Rotterdam 18,State Senate,46,CON,Ted Danz Jr.,72
Schenectady,Rotterdam 18,State Senate,46,WOR,Patricia A. Fahy,25
Schenectady,Rotterdam 18,State Assembly,111,DEM,Angelo L. Santabarbara,468
Schenectady,Rotterdam 18,State Assembly,111,REP,Joseph C. Mastroianni,282
Schenectady,Rotterdam 18,State Assembly,111,CON,Joseph C. Mastroianni,58
Schenectady,Rotterdam 18,State Assembly,111,PFP,Angelo L. Santabarbara,19
Schenectady,Rotterdam 18,State Assembly,111,,Write-in,1
Schenectady,Rotterdam 19,President,,DEM,Kamala D. Harris,377
Schenectady,Rotterdam 19,President,,REP,Donald J. Trump,352
Schenectady,Rotterdam 19,President,,CON,Donald J. Trump,61
Schenectady,Rotterdam 19,President,,WOR,Kamala D. Harris,15
Schenectady,Rotterdam 19,President,,,Write-in,6
Schenectady,Rotterdam 19,U.S. Senate,,DEM,Kirsten E. Gillibrand,383
Schenectady,Rotterdam 19,U.S. Senate,,REP,Michael D. Sapraicone,299
Schenectady,Rotterdam 19,U.S. Senate,,CON,Michael D. Sapraicone,62
Schenectady,Rotterdam 19,U.S. Senate,,WOR,Kirsten E. Gillibrand,34
Schenectady,Rotterdam 19,U.S. Senate,,LAR,Diane Sare,4
Schenectady,Rotterdam 19,U.S. House,20,DEM,Paul D. Tonko,395
Schenectady,Rotterdam 19,U.S. House,20,REP,Kevin M. Waltz,287
Schenectady,Rotterdam 19,U.S. House,20,CON,Kevin M. Waltz,57
Schenectady,Rotterdam 19,U.S. House,20,WOR,Paul D. Tonko,34
Schenectady,Rotterdam 19,State Senate,46,DEM,Patricia A. Fahy,333
Schenectady,Rotterdam 19,State Senate,46,REP,Ted Danz Jr.,339
Schenectady,Rotterdam 19,State Senate,46,CON,Ted Danz Jr.,69
Schenectady,Rotterdam 19,State Senate,46,WOR,Patricia A. Fahy,25
Schenectady,Rotterdam 19,State Assembly,111,DEM,Angelo L. Santabarbara,476
Schenectady,Rotterdam 19,State Assembly,111,REP,Joseph C. Mastroianni,246
Schenectady,Rotterdam 19,State Assembly,111,CON,Joseph C. Mastroianni,51
Schenectady,Rotterdam 19,State Assembly,111,PFP,Angelo L. Santabarbara,7
Schenectady,Rotterdam 19,State Assembly,111,,Write-in,2
Schenectady,Rotterdam 20,President,,DEM,Kamala D. Harris,372
Schenectady,Rotterdam 20,President,,REP,Donald J. Trump,449
Schenectady,Rotterdam 20,President,,CON,Donald J. Trump,72
Schenectady,Rotterdam 20,President,,WOR,Kamala D. Harris,22
Schenectady,Rotterdam 20,President,,,Write-in,9
Schenectady,Rotterdam 20,U.S. Senate,,DEM,Kirsten E. Gillibrand,380
Schenectady,Rotterdam 20,U.S. Senate,,REP,Michael D. Sapraicone,373
Schenectady,Rotterdam 20,U.S. Senate,,CON,Michael D. Sapraicone,72
Schenectady,Rotterdam 20,U.S. Senate,,WOR,Kirsten E. Gillibrand,34
Schenectady,Rotterdam 20,U.S. Senate,,LAR,Diane Sare,10
Schenectady,Rotterdam 20,U.S. Senate,,,Write-in,2
Schenectady,Rotterdam 20,U.S. House,20,DEM,Paul D. Tonko,406
Schenectady,Rotterdam 20,U.S. House,20,REP,Kevin M. Waltz,339
Schenectady,Rotterdam 20,U.S. House,20,CON,Kevin M. Waltz,75
Schenectady,Rotterdam 20,U.S. House,20,WOR,Paul D. Tonko,51
Schenectady,Rotterdam 20,U.S. House,20,,Write-in,1
Schenectady,Rotterdam 20,State Senate,46,DEM,Patricia A. Fahy,334
Schenectady,Rotterdam 20,State Senate,46,REP,Ted Danz Jr.,402
Schenectady,Rotterdam 20,State Senate,46,CON,Ted Danz Jr.,85
Schenectady,Rotterdam 20,State Senate,46,WOR,Patricia A. Fahy,32
Schenectady,Rotterdam 20,State Assembly,111,DEM,Angelo L. Santabarbara,500
Schenectady,Rotterdam 20,State Assembly,111,REP,Joseph C. Mastroianni,295
Schenectady,Rotterdam 20,State Assembly,111,CON,Joseph C. Mastroianni,57
Schenectady,Rotterdam 20,State Assembly,111,PFP,Angelo L. Santabarbara,22
Schenectady,Rotterdam 21,President,,DEM,Kamala D. Harris,249
Schenectady,Rotterdam 21,President,,REP,Donald J. Trump,348
Schenectady,Rotterdam 21,President,,CON,Donald J. Trump,56
Schenectady,Rotterdam 21,President,,WOR,Kamala D. Harris,23
Schenectady,Rotterdam 21,President,,,Write-in,2
Schenectady,Rotterdam 21,U.S. Senate,,DEM,Kirsten E. Gillibrand,258
Schenectady,Rotterdam 21,U.S. Senate,,REP,Michael D. Sapraicone,307
Schenectady,Rotterdam 21,U.S. Senate,,CON,Michael D. Sapraicone,53
Schenectady,Rotterdam 21,U.S. Senate,,WOR,Kirsten E. Gillibrand,32
Schenectady,Rotterdam 21,U.S. Senate,,LAR,Diane Sare,3
Schenectady,Rotterdam 21,U.S. Senate,,,Write-in,1
Schenectady,Rotterdam 21,U.S. House,20,DEM,Paul D. Tonko,279
Schenectady,Rotterdam 21,U.S. House,20,REP,Kevin M. Waltz,277
Schenectady,Rotterdam 21,U.S. House,20,CON,Kevin M. Waltz,55
Schenectady,Rotterdam 21,U.S. House,20,WOR,Paul D. Tonko,38
Schenectady,Rotterdam 21,U.S. House,20,,Write-in,1
Schenectady,Rotterdam 21,State Senate,46,DEM,Patricia A. Fahy,228
Schenectady,Rotterdam 21,State Senate,46,REP,Ted Danz Jr.,313
Schenectady,Rotterdam 21,State Senate,46,CON,Ted Danz Jr.,64
Schenectady,Rotterdam 21,State Senate,46,WOR,Patricia A. Fahy,27
Schenectady,Rotterdam 21,State Senate,46,,Write-in,1
Schenectady,Rotterdam 21,State Assembly,111,DEM,Angelo L. Santabarbara,339
Schenectady,Rotterdam 21,State Assembly,111,REP,Joseph C. Mastroianni,254
Schenectady,Rotterdam 21,State Assembly,111,CON,Joseph C. Mastroianni,54
Schenectady,Rotterdam 21,State Assembly,111,PFP,Angelo L. Santabarbara,14
Schenectady,Rotterdam 21,State Assembly,111,,Write-in,1
Schenectady,Schenectady 1,President,,DEM,Kamala D. Harris,405
Schenectady,Schenectady 1,President,,REP,Donald J. Trump,150
Schenectady,Schenectady 1,President,,CON,Donald J. Trump,20
Schenectady,Schenectady 1,President,,WOR,Kamala D. Harris,32
Schenectady,Schenectady 1,President,,,Write-in,12
Schenectady,Schenectady 1,U.S. Senate,,DEM,Kirsten E. Gillibrand,395
Schenectady,Schenectady 1,U.S. Senate,,REP,Michael D. Sapraicone,111
Schenectady,Schenectady 1,U.S. Senate,,CON,Michael D. Sapraicone,18
Schenectady,Schenectady 1,U.S. Senate,,WOR,Kirsten E. Gillibrand,47
Schenectady,Schenectady 1,U.S. Senate,,LAR,Diane Sare,6
Schenectady,Schenectady 1,U.S. Senate,,,Write-in,2
Schenectady,Schenectady 1,U.S. House,20,DEM,Paul D. Tonko,393
Schenectady,Schenectady 1,U.S. House,20,REP,Kevin M. Waltz,110
Schenectady,Schenectady 1,U.S. House,20,CON,Kevin M. Waltz,19
Schenectady,Schenectady 1,U.S. House,20,WOR,Paul D. Tonko,48
Schenectady,Schenectady 1,State Senate,44,DEM,Minita J. Sanghvi,338
Schenectady,Schenectady 1,State Senate,44,REP,James N. Tedisco,154
Schenectady,Schenectady 1,State Senate,44,CON,James N. Tedisco,35
Schenectady,Schenectady 1,State Senate,44,WOR,Minita J. Sanghvi,42
Schenectady,Schenectady 1,State Assembly,111,DEM,Angelo L. Santabarbara,442
Schenectady,Schenectady 1,State Assembly,111,REP,Joseph C. Mastroianni,105
Schenectady,Schenectady 1,State Assembly,111,CON,Joseph C. Mastroianni,21
Schenectady,Schenectady 1,State Assembly,111,PFP,Angelo L. Santabarbara,13
Schenectady,Schenectady 2,President,,DEM,Kamala D. Harris,477
Schenectady,Schenectady 2,President,,REP,Donald J. Trump,132
Schenectady,Schenectady 2,President,,CON,Donald J. Trump,20
Schenectady,Schenectady 2,President,,WOR,Kamala D. Harris,58
Schenectady,Schenectady 2,President,,,Write-in,19
Schenectady,Schenectady 2,U.S. Senate,,DEM,Kirsten E. Gillibrand,471
Schenectady,Schenectady 2,U.S. Senate,,REP,Michael D. Sapraicone,107
Schenectady,Schenectady 2,U.S. Senate,,CON,Michael D. Sapraicone,22
Schenectady,Schenectady 2,U.S. Senate,,WOR,Kirsten E. Gillibrand,67
Schenectady,Schenectady 2,U.S. Senate,,LAR,Diane Sare,8
Schenectady,Schenectady 2,U.S. Senate,,,Write-in,2
Schenectady,Schenectady 2,U.S. House,20,DEM,Paul D. Tonko,478
Schenectady,Schenectady 2,U.S. House,20,REP,Kevin M. Waltz,104
Schenectady,Schenectady 2,U.S. House,20,CON,Kevin M. Waltz,21
Schenectady,Schenectady 2,U.S. House,20,WOR,Paul D. Tonko,78
Schenectady,Schenectady 2,U.S. House,20,,Write-in,1
Schenectady,Schenectady 2,State Senate,44,DEM,Minita J. Sanghvi,398
Schenectady,Schenectady 2,State Senate,44,REP,James N. Tedisco,176
Schenectady,Schenectady 2,State Senate,44,CON,James N. Tedisco,29
Schenectady,Schenectady 2,State Senate,44,WOR,Minita J. Sanghvi,71
Schenectady,Schenectady 2,State Senate,44,,Write-in,1
Schenectady,Schenectady 2,State Assembly,111,DEM,Angelo L. Santabarbara,522
Schenectady,Schenectady 2,State Assembly,111,REP,Joseph C. Mastroianni,98
Schenectady,Schenectady 2,State Assembly,111,CON,Joseph C. Mastroianni,26
Schenectady,Schenectady 2,State Assembly,111,PFP,Angelo L. Santabarbara,21
Schenectady,Schenectady 2,State Assembly,111,,Write-in,2
Schenectady,Schenectady 3,President,,DEM,Kamala D. Harris,330
Schenectady,Schenectady 3,President,,REP,Donald J. Trump,174
Schenectady,Schenectady 3,President,,CON,Donald J. Trump,30
Schenectady,Schenectady 3,President,,WOR,Kamala D. Harris,19
Schenectady,Schenectady 3,President,,,Write-in,2
Schenectady,Schenectady 3,U.S. Senate,,DEM,Kirsten E. Gillibrand,332
Schenectady,Schenectady 3,U.S. Senate,,REP,Michael D. Sapraicone,129
Schenectady,Schenectady 3,U.S. Senate,,CON,Michael D. Sapraicone,33
Schenectady,Schenectady 3,U.S. Senate,,WOR,Kirsten E. Gillibrand,26
Schenectady,Schenectady 3,U.S. Senate,,LAR,Diane Sare,1
Schenectady,Schenectady 3,U.S. House,20,DEM,Paul D. Tonko,333
Schenectady,Schenectady 3,U.S. House,20,REP,Kevin M. Waltz,134
Schenectady,Schenectady 3,U.S. House,20,CON,Kevin M. Waltz,31
Schenectady,Schenectady 3,U.S. House,20,WOR,Paul D. Tonko,28
Schenectady,Schenectady 3,State Senate,44,DEM,Minita J. Sanghvi,266
Schenectady,Schenectady 3,State Senate,44,REP,James N. Tedisco,195
Schenectady,Schenectady 3,State Senate,44,CON,James N. Tedisco,41
Schenectady,Schenectady 3,State Senate,44,WOR,Minita J. Sanghvi,25
Schenectady,Schenectady 3,State Assembly,111,DEM,Angelo L. Santabarbara,365
Schenectady,Schenectady 3,State Assembly,111,REP,Joseph C. Mastroianni,126
Schenectady,Schenectady 3,State Assembly,111,CON,Joseph C. Mastroianni,29
Schenectady,Schenectady 3,State Assembly,111,PFP,Angelo L. Santabarbara,12
Schenectady,Schenectady 4,President,,DEM,Kamala D. Harris,455
Schenectady,Schenectady 4,President,,REP,Donald J. Trump,225
Schenectady,Schenectady 4,President,,CON,Donald J. Trump,32
Schenectady,Schenectady 4,President,,WOR,Kamala D. Harris,45
Schenectady,Schenectady 4,President,,,Write-in,9
Schenectady,Schenectady 4,U.S. Senate,,DEM,Kirsten E. Gillibrand,456
Schenectady,Schenectady 4,U.S. Senate,,REP,Michael D. Sapraicone,174
Schenectady,Schenectady 4,U.S. Senate,,CON,Michael D. Sapraicone,40
Schenectady,Schenectady 4,U.S. Senate,,WOR,Kirsten E. Gillibrand,49
Schenectady,Schenectady 4,U.S. Senate,,LAR,Diane Sare,3
Schenectady,Schenectady 4,U.S. Senate,,,Write-in,1
Schenectady,Schenectady 4,U.S. House,20,DEM,Paul D. Tonko,474
Schenectady,Schenectady 4,U.S. House,20,REP,Kevin M. Waltz,165
Schenectady,Schenectady 4,U.S. House,20,CON,Kevin M. Waltz,35
Schenectady,Schenectady 4,U.S. House,20,WOR,Paul D. Tonko,58
Schenectady,Schenectady 4,U.S. House,20,,Write-in,1
Schenectady,Schenectady 4,State Senate,44,DEM,Minita J. Sanghvi,375
Schenectady,Schenectady 4,State Senate,44,REP,James N. Tedisco,257
Schenectady,Schenectady 4,State Senate,44,CON,James N. Tedisco,58
Schenectady,Schenectady 4,State Senate,44,WOR,Minita J. Sanghvi,39
Schenectady,Schenectady 4,State Assembly,111,DEM,Angelo L. Santabarbara,520
Schenectady,Schenectady 4,State Assembly,111,REP,Joseph C. Mastroianni,166
Schenectady,Schenectady 4,State Assembly,111,CON,Joseph C. Mastroianni,24
Schenectady,Schenectady 4,State Assembly,111,PFP,Angelo L. Santabarbara,18
Schenectady,Schenectady 4,State Assembly,111,,Write-in,3
Schenectady,Schenectady 5,President,,DEM,Kamala D. Harris,242
Schenectady,Schenectady 5,President,,REP,Donald J. Trump,202
Schenectady,Schenectady 5,President,,CON,Donald J. Trump,34
Schenectady,Schenectady 5,President,,WOR,Kamala D. Harris,10
Schenectady,Schenectady 5,President,,,Write-in,2
Schenectady,Schenectady 5,U.S. Senate,,DEM,Kirsten E. Gillibrand,240
Schenectady,Schenectady 5,U.S. Senate,,REP,Michael D. Sapraicone,154
Schenectady,Schenectady 5,U.S. Senate,,CON,Michael D. Sapraicone,30
Schenectady,Schenectady 5,U.S. Senate,,WOR,Kirsten E. Gillibrand,18
Schenectady,Schenectady 5,U.S. Senate,,LAR,Diane Sare,5
Schenectady,Schenectady 5,U.S. House,20,DEM,Paul D. Tonko,241
Schenectady,Schenectady 5,U.S. House,20,REP,Kevin M. Waltz,148
Schenectady,Schenectady 5,U.S. House,20,CON,Kevin M. Waltz,34
Schenectady,Schenectady 5,U.S. House,20,WOR,Paul D. Tonko,25
Schenectady,Schenectady 5,U.S. House,20,,Write-in,1
Schenectady,Schenectady 5,State Senate,44,DEM,Minita J. Sanghvi,181
Schenectady,Schenectady 5,State Senate,44,REP,James N. Tedisco,219
Schenectady,Schenectady 5,State Senate,44,CON,James N. Tedisco,42
Schenectady,Schenectady 5,State Senate,44,WOR,Minita J. Sanghvi,11
Schenectady,Schenectady 5,State Assembly,111,DEM,Angelo L. Santabarbara,277
Schenectady,Schenectady 5,State Assembly,111,REP,Joseph C. Mastroianni,137
Schenectady,Schenectady 5,State Assembly,111,CON,Joseph C. Mastroianni,21
Schenectady,Schenectady 5,State Assembly,111,PFP,Angelo L. Santabarbara,11
Schenectady,Schenectady 6,President,,DEM,Kamala D. Harris,310
Schenectady,Schenectady 6,President,,REP,Donald J. Trump,204
Schenectady,Schenectady 6,President,,CON,Donald J. Trump,30
Schenectady,Schenectady 6,President,,WOR,Kamala D. Harris,15
Schenectady,Schenectady 6,President,,,Write-in,10
Schenectady,Schenectady 6,U.S. Senate,,DEM,Kirsten E. Gillibrand,285
Schenectady,Schenectady 6,U.S. Senate,,REP,Michael D. Sapraicone,168
Schenectady,Schenectady 6,U.S. Senate,,CON,Michael D. Sapraicone,32
Schenectady,Schenectady 6,U.S. Senate,,WOR,Kirsten E. Gillibrand,25
Schenectady,Schenectady 6,U.S. Senate,,LAR,Diane Sare,3
Schenectady,Schenectady 6,U.S. Senate,,,Write-in,1
Schenectady,Schenectady 6,U.S. House,20,DEM,Paul D. Tonko,301
Schenectady,Schenectady 6,U.S. House,20,REP,Kevin M. Waltz,164
Schenectady,Schenectady 6,U.S. House,20,CON,Kevin M. Waltz,29
Schenectady,Schenectady 6,U.S. House,20,WOR,Paul D. Tonko,27
Schenectady,Schenectady 6,State Senate,44,DEM,Minita J. Sanghvi,242
Schenectady,Schenectady 6,State Senate,44,REP,James N. Tedisco,219
Schenectady,Schenectady 6,State Senate,44,CON,James N. Tedisco,41
Schenectady,Schenectady 6,State Senate,44,WOR,Minita J. Sanghvi,23
Schenectady,Schenectady 6,State Senate,44,,Write-in,1
Schenectady,Schenectady 6,State Assembly,111,DEM,Angelo L. Santabarbara,335
Schenectady,Schenectady 6,State Assembly,111,REP,Joseph C. Mastroianni,151
Schenectady,Schenectady 6,State Assembly,111,CON,Joseph C. Mastroianni,24
Schenectady,Schenectady 6,State Assembly,111,PFP,Angelo L. Santabarbara,11
Schenectady,Schenectady 6,State Assembly,111,,Write-in,1
Schenectady,Schenectady 7,President,,DEM,Kamala D. Harris,193
Schenectady,Schenectady 7,President,,REP,Donald J. Trump,161
Schenectady,Schenectady 7,President,,CON,Donald J. Trump,24
Schenectady,Schenectady 7,President,,WOR,Kamala D. Harris,9
Schenectady,Schenectady 7,President,,,Write-in,4
Schenectady,Schenectady 7,U.S. Senate,,DEM,Kirsten E. Gillibrand,184
Schenectady,Schenectady 7,U.S. Senate,,REP,Michael D. Sapraicone,127
Schenectady,Schenectady 7,U.S. Senate,,CON,Michael D. Sapraicone,28
Schenectady,Schenectady 7,U.S. Senate,,WOR,Kirsten E. Gillibrand,16
Schenectady,Schenectady 7,U.S. Senate,,LAR,Diane Sare,2
Schenectady,Schenectady 7,U.S. House,20,DEM,Paul D. Tonko,195
Schenectady,Schenectady 7,U.S. House,20,REP,Kevin M. Waltz,116
Schenectady,Schenectady 7,U.S. House,20,CON,Kevin M. Waltz,24
Schenectady,Schenectady 7,U.S. House,20,WOR,Paul D. Tonko,20
Schenectady,Schenectady 7,State Senate,44,DEM,Minita J. Sanghvi,145
Schenectady,Schenectady 7,State Senate,44,REP,James N. Tedisco,186
Schenectady,Schenectady 7,State Senate,44,CON,James N. Tedisco,32
Schenectady,Schenectady 7,State Senate,44,WOR,Minita J. Sanghvi,9
Schenectady,Schenectady 7,State Assembly,111,DEM,Angelo L. Santabarbara,226
Schenectady,Schenectady 7,State Assembly,111,REP,Joseph C. Mastroianni,103
Schenectady,Schenectady 7,State Assembly,111,CON,Joseph C. Mastroianni,19
Schenectady,Schenectady 7,State Assembly,111,PFP,Angelo L. Santabarbara,15
Schenectady,Schenectady 8,President,,DEM,Kamala D. Harris,295
Schenectady,Schenectady 8,President,,REP,Donald J. Trump,188
Schenectady,Schenectady 8,President,,CON,Donald J. Trump,26
Schenectady,Schenectady 8,President,,WOR,Kamala D. Harris,23
Schenectady,Schenectady 8,President,,,Write-in,11
Schenectady,Schenectady 8,U.S. Senate,,DEM,Kirsten E. Gillibrand,294
Schenectady,Schenectady 8,U.S. Senate,,REP,Michael D. Sapraicone,137
Schenectady,Schenectady 8,U.S. Senate,,CON,Michael D. Sapraicone,29
Schenectady,Schenectady 8,U.S. Senate,,WOR,Kirsten E. Gillibrand,52
Schenectady,Schenectady 8,U.S. Senate,,LAR,Diane Sare,2
Schenectady,Schenectady 8,U.S. House,20,DEM,Paul D. Tonko,309
Schenectady,Schenectady 8,U.S. House,20,REP,Kevin M. Waltz,136
Schenectady,Schenectady 8,U.S. House,20,CON,Kevin M. Waltz,22
Schenectady,Schenectady 8,U.S. House,20,WOR,Paul D. Tonko,47
Schenectady,Schenectady 8,U.S. House,20,,Write-in,1
Schenectady,Schenectady 8,State Senate,44,DEM,Minita J. Sanghvi,232
Schenectady,Schenectady 8,State Senate,44,REP,James N. Tedisco,217
Schenectady,Schenectady 8,State Senate,44,CON,James N. Tedisco,38
Schenectady,Schenectady 8,State Senate,44,WOR,Minita J. Sanghvi,31
Schenectady,Schenectady 8,State Assembly,111,DEM,Angelo L. Santabarbara,362
Schenectady,Schenectady 8,State Assembly,111,REP,Joseph C. Mastroianni,121
Schenectady,Schenectady 8,State Assembly,111,CON,Joseph C. Mastroianni,26
Schenectady,Schenectady 8,State Assembly,111,PFP,Angelo L. Santabarbara,11
Schenectady,Schenectady 9,President,,DEM,Kamala D. Harris,570
Schenectady,Schenectady 9,President,,REP,Donald J. Trump,245
Schenectady,Schenectady 9,President,,CON,Donald J. Trump,32
Schenectady,Schenectady 9,President,,WOR,Kamala D. Harris,51
Schenectady,Schenectady 9,President,,,Write-in,10
Schenectady,Schenectady 9,U.S. Senate,,DEM,Kirsten E. Gillibrand,553
Schenectady,Schenectady 9,U.S. Senate,,REP,Michael D. Sapraicone,220
Schenectady,Schenectady 9,U.S. Senate,,CON,Michael D. Sapraicone,32
Schenectady,Schenectady 9,U.S. Senate,,WOR,Kirsten E. Gillibrand,59
Schenectady,Schenectady 9,U.S. Senate,,LAR,Diane Sare,7
Schenectady,Schenectady 9,U.S. House,20,DEM,Paul D. Tonko,553
Schenectady,Schenectady 9,U.S. House,20,REP,Kevin M. Waltz,207
Schenectady,Schenectady 9,U.S. House,20,CON,Kevin M. Waltz,35
Schenectady,Schenectady 9,U.S. House,20,WOR,Paul D. Tonko,70
Schenectady,Schenectady 9,State Senate,44,DEM,Minita J. Sanghvi,438
Schenectady,Schenectady 9,State Senate,44,REP,James N. Tedisco,326
Schenectady,Schenectady 9,State Senate,44,CON,James N. Tedisco,52
Schenectady,Schenectady 9,State Senate,44,WOR,Minita J. Sanghvi,48
Schenectady,Schenectady 9,State Assembly,111,DEM,Angelo L. Santabarbara,621
Schenectady,Schenectady 9,State Assembly,111,REP,Joseph C. Mastroianni,186
Schenectady,Schenectady 9,State Assembly,111,CON,Joseph C. Mastroianni,27
Schenectady,Schenectady 9,State Assembly,111,PFP,Angelo L. Santabarbara,30
Schenectady,Schenectady 9,State Assembly,111,,Write-in,1
Schenectady,Schenectady 10,President,,DEM,Kamala D. Harris,343
Schenectady,Schenectady 10,President,,REP,Donald J. Trump,275
Schenectady,Schenectady 10,President,,CON,Donald J. Trump,29
Schenectady,Schenectady 10,President,,WOR,Kamala D. Harris,24
Schenectady,Schenectady 10,President,,,Write-in,6
Schenectady,Schenectady 10,U.S. Senate,,DEM,Kirsten E. Gillibrand,355
Schenectady,Schenectady 10,U.S. Senate,,REP,Michael D. Sapraicone,212
Schenectady,Schenectady 10,U.S. Senate,,CON,Michael D. Sapraicone,33
Schenectady,Schenectady 10,U.S. Senate,,WOR,Kirsten E. Gillibrand,29
Schenectady,Schenectady 10,U.S. Senate,,LAR,Diane Sare,3
Schenectady,Schenectady 10,U.S. House,20,DEM,Paul D. Tonko,352
Schenectady,Schenectady 10,U.S. House,20,REP,Kevin M. Waltz,217
Schenectady,Schenectady 10,U.S. House,20,CON,Kevin M. Waltz,31
Schenectady,Schenectady 10,U.S. House,20,WOR,Paul D. Tonko,37
Schenectady,Schenectady 10,State Senate,44,DEM,Minita J. Sanghvi,255
Schenectady,Schenectady 10,State Senate,44,REP,James N. Tedisco,313
Schenectady,Schenectady 10,State Senate,44,CON,James N. Tedisco,47
Schenectady,Schenectady 10,State Senate,44,WOR,Minita J. Sanghvi,30
Schenectady,Schenectady 10,State Assembly,111,DEM,Angelo L. Santabarbara,416
Schenectady,Schenectady 10,State Assembly,111,REP,Joseph C. Mastroianni,180
Schenectady,Schenectady 10,State Assembly,111,CON,Joseph C. Mastroianni,34
Schenectady,Schenectady 10,State Assembly,111,PFP,Angelo L. Santabarbara,3
Schenectady,Schenectady 10,State Assembly,111,,Write-in,1
Schenectady,Schenectady 11,President,,DEM,Kamala D. Harris,369
Schenectady,Schenectady 11,President,,REP,Donald J. Trump,285
Schenectady,Schenectady 11,President,,CON,Donald J. Trump,51
Schenectady,Schenectady 11,President,,WOR,Kamala D. Harris,22
Schenectady,Schenectady 11,President,,,Write-in,11
Schenectady,Schenectady 11,U.S. Senate,,DEM,Kirsten E. Gillibrand,367
Schenectady,Schenectady 11,U.S. Senate,,REP,Michael D. Sapraicone,244
Schenectady,Schenectady 11,U.S. Senate,,CON,Michael D. Sapraicone,50
Schenectady,Schenectady 11,U.S. Senate,,WOR,Kirsten E. Gillibrand,38
Schenectady,Schenectady 11,U.S. Senate,,LAR,Diane Sare,2
Schenectady,Schenectady 11,U.S. Senate,,,Write-in,2
Schenectady,Schenectady 11,U.S. House,20,DEM,Paul D. Tonko,380
Schenectady,Schenectady 11,U.S. House,20,REP,Kevin M. Waltz,233
Schenectady,Schenectady 11,U.S. House,20,CON,Kevin M. Waltz,53
Schenectady,Schenectady 11,U.S. House,20,WOR,Paul D. Tonko,42
Schenectady,Schenectady 11,State Senate,44,DEM,Minita J. Sanghvi,284
Schenectady,Schenectady 11,State Senate,44,REP,James N. Tedisco,332
Schenectady,Schenectady 11,State Senate,44,CON,James N. Tedisco,66
Schenectady,Schenectady 11,State Senate,44,WOR,Minita J. Sanghvi,27
Schenectady,Schenectady 11,State Senate,44,,Write-in,3
Schenectady,Schenectady 11,State Assembly,110,DEM,Phillip G. Steck,348
Schenectady,Schenectady 11,State Assembly,110,REP,Jeff Madden,260
Schenectady,Schenectady 11,State Assembly,110,CON,Jeff Madden,55
Schenectady,Schenectady 11,State Assembly,110,WOR,Phillip G. Steck,35
Schenectady,Schenectady 11,State Assembly,110,,Write-in,2
Schenectady,Schenectady 12,President,,DEM,Kamala D. Harris,343
Schenectady,Schenectady 12,President,,REP,Donald J. Trump,186
Schenectady,Schenectady 12,President,,CON,Donald J. Trump,37
Schenectady,Schenectady 12,President,,WOR,Kamala D. Harris,18
Schenectady,Schenectady 12,President,,,Write-in,3
Schenectady,Schenectady 12,U.S. Senate,,DEM,Kirsten E. Gillibrand,327
Schenectady,Schenectady 12,U.S. Senate,,REP,Michael D. Sapraicone,162
Schenectady,Schenectady 12,U.S. Senate,,CON,Michael D. Sapraicone,32
Schenectady,Schenectady 12,U.S. Senate,,WOR,Kirsten E. Gillibrand,27
Schenectady,Schenectady 12,U.S. Senate,,LAR,Diane Sare,7
Schenectady,Schenectady 12,U.S. House,20,DEM,Paul D. Tonko,342
Schenectady,Schenectady 12,U.S. House,20,REP,Kevin M. Waltz,150
Schenectady,Schenectady 12,U.S. House,20,CON,Kevin M. Waltz,34
Schenectady,Schenectady 12,U.S. House,20,WOR,Paul D. Tonko,30
Schenectady,Schenectady 12,State Senate,44,DEM,Minita J. Sanghvi,263
Schenectady,Schenectady 12,State Senate,44,REP,James N. Tedisco,220
Schenectady,Schenectady 12,State Senate,44,CON,James N. Tedisco,40
Schenectady,Schenectady 12,State Senate,44,WOR,Minita J. Sanghvi,23
Schenectady,Schenectady 12,State Senate,44,,Write-in,1
Schenectady,Schenectady 12,State Assembly,111,DEM,Angelo L. Santabarbara,387
Schenectady,Schenectady 12,State Assembly,111,REP,Joseph C. Mastroianni,130
Schenectady,Schenectady 12,State Assembly,111,CON,Joseph C. Mastroianni,25
Schenectady,Schenectady 12,State Assembly,111,PFP,Angelo L. Santabarbara,8
Schenectady,Schenectady 12,State Assembly,111,,Write-in,1
Schenectady,Schenectady 13,President,,DEM,Kamala D. Harris,299
Schenectady,Schenectady 13,President,,REP,Donald J. Trump,89
Schenectady,Schenectady 13,President,,CON,Donald J. Trump,22
Schenectady,Schenectady 13,President,,WOR,Kamala D. Harris,18
Schenectady,Schenectady 13,President,,,Write-in,10
Schenectady,Schenectady 13,U.S. Senate,,DEM,Kirsten E. Gillibrand,292
Schenectady,Schenectady 13,U.S. Senate,,REP,Michael D. Sapraicone,79
Schenectady,Schenectady 13,U.S. Senate,,CON,Michael D. Sapraicone,23
Schenectady,Schenectady 13,U.S. Senate,,WOR,Kirsten E. Gillibrand,22
Schenectady,Schenectady 13,U.S. Senate,,LAR,Diane Sare,6
Schenectady,Schenectady 13,U.S. House,20,DEM,Paul D. Tonko,292
Schenectady,Schenectady 13,U.S. House,20,REP,Kevin M. Waltz,76
Schenectady,Schenectady 13,U.S. House,20,CON,Kevin M. Waltz,26
Schenectady,Schenectady 13,U.S. House,20,WOR,Paul D. Tonko,26
Schenectady,Schenectady 13,U.S. House,20,,Write-in,1
Schenectady,Schenectady 13,State Senate,44,DEM,Minita J. Sanghvi,258
Schenectady,Schenectady 13,State Senate,44,REP,James N. Tedisco,106
Schenectady,Schenectady 13,State Senate,44,CON,James N. Tedisco,28
Schenectady,Schenectady 13,State Senate,44,WOR,Minita J. Sanghvi,22
Schenectady,Schenectady 13,State Assembly,111,DEM,Angelo L. Santabarbara,315
Schenectady,Schenectady 13,State Assembly,111,REP,Joseph C. Mastroianni,68
Schenectady,Schenectady 13,State Assembly,111,CON,Joseph C. Mastroianni,22
Schenectady,Schenectady 13,State Assembly,111,PFP,Angelo L. Santabarbara,8
Schenectady,Schenectady 14,President,,DEM,Kamala D. Harris,363
Schenectady,Schenectady 14,President,,REP,Donald J. Trump,290
Schenectady,Schenectady 14,President,,CON,Donald J. Trump,33
Schenectady,Schenectady 14,President,,WOR,Kamala D. Harris,14
Schenectady,Schenectady 14,President,,,Write-in,10
Schenectady,Schenectady 14,U.S. Senate,,DEM,Kirsten E. Gillibrand,353
Schenectady,Schenectady 14,U.S. Senate,,REP,Michael D. Sapraicone,252
Schenectady,Schenectady 14,U.S. Senate,,CON,Michael D. Sapraicone,38
Schenectady,Schenectady 14,U.S. Senate,,WOR,Kirsten E. Gillibrand,25
Schenectady,Schenectady 14,U.S. Senate,,LAR,Diane Sare,6
Schenectady,Schenectady 14,U.S. House,20,DEM,Paul D. Tonko,366
Schenectady,Schenectady 14,U.S. House,20,REP,Kevin M. Waltz,243
Schenectady,Schenectady 14,U.S. House,20,CON,Kevin M. Waltz,36
Schenectady,Schenectady 14,U.S. House,20,WOR,Paul D. Tonko,31
Schenectady,Schenectady 14,State Senate,44,DEM,Minita J. Sanghvi,264
Schenectady,Schenectady 14,State Senate,44,REP,James N. Tedisco,342
Schenectady,Schenectady 14,State Senate,44,CON,James N. Tedisco,50
Schenectady,Schenectady 14,State Senate,44,WOR,Minita J. Sanghvi,22
Schenectady,Schenectady 14,State Senate,44,,Write-in,2
Schenectady,Schenectady 14,State Assembly,110,DEM,Phillip G. Steck,343
Schenectady,Schenectady 14,State Assembly,110,REP,Jeff Madden,259
Schenectady,Schenectady 14,State Assembly,110,CON,Jeff Madden,39
Schenectady,Schenectady 14,State Assembly,110,WOR,Phillip G. Steck,28
Schenectady,Schenectady 14,State Assembly,110,,Write-in,1
Schenectady,Schenectady 15,President,,DEM,Kamala D. Harris,433
Schenectady,Schenectady 15,President,,REP,Donald J. Trump,180
Schenectady,Schenectady 15,President,,CON,Donald J. Trump,24
Schenectady,Schenectady 15,President,,WOR,Kamala D. Harris,34
Schenectady,Schenectady 15,President,,,Write-in,5
Schenectady,Schenectady 15,U.S. Senate,,DEM,Kirsten E. Gillibrand,422
Schenectady,Schenectady 15,U.S. Senate,,REP,Michael D. Sapraicone,142
Schenectady,Schenectady 15,U.S. Senate,,CON,Michael D. Sapraicone,28
Schenectady,Schenectady 15,U.S. Senate,,WOR,Kirsten E. Gillibrand,50
Schenectady,Schenectady 15,U.S. Senate,,LAR,Diane Sare,3
Schenectady,Schenectady 15,U.S. Senate,,,Write-in,2
Schenectady,Schenectady 15,U.S. House,20,DEM,Paul D. Tonko,417
Schenectady,Schenectady 15,U.S. House,20,REP,Kevin M. Waltz,140
Schenectady,Schenectady 15,U.S. House,20,CON,Kevin M. Waltz,32
Schenectady,Schenectady 15,U.S. House,20,WOR,Paul D. Tonko,49
Schenectady,Schenectady 15,U.S. House,20,,Write-in,2
Schenectady,Schenectady 15,State Senate,44,DEM,Minita J. Sanghvi,358
Schenectady,Schenectady 15,State Senate,44,REP,James N. Tedisco,192
Schenectady,Schenectady 15,State Senate,44,CON,James N. Tedisco,49
Schenectady,Schenectady 15,State Senate,44,WOR,Minita J. Sanghvi,35
Schenectady,Schenectady 15,State Senate,44,,Write-in,2
Schenectady,Schenectady 15,State Assembly,111,DEM,Angelo L. Santabarbara,468
Schenectady,Schenectady 15,State Assembly,111,REP,Joseph C. Mastroianni,122
Schenectady,Schenectady 15,State Assembly,111,CON,Joseph C. Mastroianni,29
Schenectady,Schenectady 15,State Assembly,111,PFP,Angelo L. Santabarbara,17
Schenectady,Schenectady 15,State Assembly,111,,Write-in,1
Schenectady,Schenectady 16,President,,DEM,Kamala D. Harris,431
Schenectady,Schenectady 16,President,,REP,Donald J. Trump,129
Schenectady,Schenectady 16,President,,CON,Donald J. Trump,24
Schenectady,Schenectady 16,President,,WOR,Kamala D. Harris,46
Schenectady,Schenectady 16,President,,,Write-in,10
Schenectady,Schenectady 16,U.S. Senate,,DEM,Kirsten E. Gillibrand,410
Schenectady,Schenectady 16,U.S. Senate,,REP,Michael D. Sapraicone,118
Schenectady,Schenectady 16,U.S. Senate,,CON,Michael D. Sapraicone,21
Schenectady,Schenectady 16,U.S. Senate,,WOR,Kirsten E. Gillibrand,58
Schenectady,Schenectady 16,U.S. Senate,,LAR,Diane Sare,11
Schenectady,Schenectady 16,U.S. Senate,,,Write-in,1
Schenectady,Schenectady 16,U.S. House,20,DEM,Paul D. Tonko,430
Schenectady,Schenectady 16,U.S. House,20,REP,Kevin M. Waltz,113
Schenectady,Schenectady 16,U.S. House,20,CON,Kevin M. Waltz,22
Schenectady,Schenectady 16,U.S. House,20,WOR,Paul D. Tonko,57
Schenectady,Schenectady 16,U.S. House,20,,Write-in,1
Schenectady,Schenectady 16,State Senate,44,DEM,Minita J. Sanghvi,355
Schenectady,Schenectady 16,State Senate,44,REP,James N. Tedisco,180
Schenectady,Schenectady 16,State Senate,44,CON,James N. Tedisco,32
Schenectady,Schenectady 16,State Senate,44,WOR,Minita J. Sanghvi,49
Schenectady,Schenectady 16,State Senate,44,,Write-in,1
Schenectady,Schenectady 16,State Assembly,111,DEM,Angelo L. Santabarbara,466
Schenectady,Schenectady 16,State Assembly,111,REP,Joseph C. Mastroianni,103
Schenectady,Schenectady 16,State Assembly,111,CON,Joseph C. Mastroianni,27
Schenectady,Schenectady 16,State Assembly,111,PFP,Angelo L. Santabarbara,17
Schenectady,Schenectady 17,President,,DEM,Kamala D. Harris,470
Schenectady,Schenectady 17,President,,REP,Donald J. Trump,200
Schenectady,Schenectady 17,President,,CON,Donald J. Trump,21
Schenectady,Schenectady 17,President,,WOR,Kamala D. Harris,44
Schenectady,Schenectady 17,President,,,Write-in,20
Schenectady,Schenectady 17,U.S. Senate,,DEM,Kirsten E. Gillibrand,461
Schenectady,Schenectady 17,U.S. Senate,,REP,Michael D. Sapraicone,164
Schenectady,Schenectady 17,U.S. Senate,,CON,Michael D. Sapraicone,33
Schenectady,Schenectady 17,U.S. Senate,,WOR,Kirsten E. Gillibrand,63
Schenectady,Schenectady 17,U.S. Senate,,LAR,Diane Sare,7
Schenectady,Schenectady 17,U.S. Senate,,,Write-in,3
Schenectady,Schenectady 17,U.S. House,20,DEM,Paul D. Tonko,474
Schenectady,Schenectady 17,U.S. House,20,REP,Kevin M. Waltz,154
Schenectady,Schenectady 17,U.S. House,20,CON,Kevin M. Waltz,31
Schenectady,Schenectady 17,U.S. House,20,WOR,Paul D. Tonko,60
Schenectady,Schenectady 17,U.S. House,20,,Write-in,3
Schenectady,Schenectady 17,State Senate,44,DEM,Minita J. Sanghvi,379
Schenectady,Schenectady 17,State Senate,44,REP,James N. Tedisco,245
Schenectady,Schenectady 17,State Senate,44,CON,James N. Tedisco,39
Schenectady,Schenectady 17,State Senate,44,WOR,Minita J. Sanghvi,54
Schenectady,Schenectady 17,State Senate,44,,Write-in,2
Schenectady,Schenectady 17,State Assembly,111,DEM,Angelo L. Santabarbara,538
Schenectady,Schenectady 17,State Assembly,111,REP,Joseph C. Mastroianni,140
Schenectady,Schenectady 17,State Assembly,111,CON,Joseph C. Mastroianni,31
Schenectady,Schenectady 17,State Assembly,111,PFP,Angelo L. Santabarbara,15
Schenectady,Schenectady 17,State Assembly,111,,Write-in,2
Schenectady,Schenectady 18,President,,DEM,Kamala D. Harris,456
Schenectady,Schenectady 18,President,,REP,Donald J. Trump,220
Schenectady,Schenectady 18,President,,CON,Donald J. Trump,38
Schenectady,Schenectady 18,President,,WOR,Kamala D. Harris,49
Schenectady,Schenectady 18,President,,,Write-in,19
Schenectady,Schenectady 18,U.S. Senate,,DEM,Kirsten E. Gillibrand,446
Schenectady,Schenectady 18,U.S. Senate,,REP,Michael D. Sapraicone,200
Schenectady,Schenectady 18,U.S. Senate,,CON,Michael D. Sapraicone,37
Schenectady,Schenectady 18,U.S. Senate,,WOR,Kirsten E. Gillibrand,68
Schenectady,Schenectady 18,U.S. Senate,,LAR,Diane Sare,6
Schenectady,Schenectady 18,U.S. House,20,DEM,Paul D. Tonko,449
Schenectady,Schenectady 18,U.S. House,20,REP,Kevin M. Waltz,196
Schenectady,Schenectady 18,U.S. House,20,CON,Kevin M. Waltz,40
Schenectady,Schenectady 18,U.S. House,20,WOR,Paul D. Tonko,73
Schenectady,Schenectady 18,State Senate,44,DEM,Minita J. Sanghvi,356
Schenectady,Schenectady 18,State Senate,44,REP,James N. Tedisco,288
Schenectady,Schenectady 18,State Senate,44,CON,James N. Tedisco,58
Schenectady,Schenectady 18,State Senate,44,WOR,Minita J. Sanghvi,61
Schenectady,Schenectady 18,State Assembly,111,DEM,Angelo L. Santabarbara,536
Schenectady,Schenectady 18,State Assembly,111,REP,Joseph C. Mastroianni,166
Schenectady,Schenectady 18,State Assembly,111,CON,Joseph C. Mastroianni,40
Schenectady,Schenectady 18,State Assembly,111,PFP,Angelo L. Santabarbara,20
Schenectady,Schenectady 19,President,,DEM,Kamala D. Harris,496
Schenectady,Schenectady 19,President,,REP,Donald J. Trump,186
Schenectady,Schenectady 19,President,,CON,Donald J. Trump,32
Schenectady,Schenectady 19,President,,WOR,Kamala D. Harris,36
Schenectady,Schenectady 19,President,,,Write-in,6
Schenectady,Schenectady 19,U.S. Senate,,DEM,Kirsten E. Gillibrand,483
Schenectady,Schenectady 19,U.S. Senate,,REP,Michael D. Sapraicone,162
Schenectady,Schenectady 19,U.S. Senate,,CON,Michael D. Sapraicone,31
Schenectady,Schenectady 19,U.S. Senate,,WOR,Kirsten E. Gillibrand,55
Schenectady,Schenectady 19,U.S. Senate,,LAR,Diane Sare,2
Schenectady,Schenectady 19,U.S. Senate,,,Write-in,2
Schenectady,Schenectady 19,U.S. House,20,DEM,Paul D. Tonko,494
Schenectady,Schenectady 19,U.S. House,20,REP,Kevin M. Waltz,146
Schenectady,Schenectady 19,U.S. House,20,CON,Kevin M. Waltz,34
Schenectady,Schenectady 19,U.S. House,20,WOR,Paul D. Tonko,55
Schenectady,Schenectady 19,U.S. House,20,,Write-in,1
Schenectady,Schenectady 19,State Senate,44,DEM,Minita J. Sanghvi,402
Schenectady,Schenectady 19,State Senate,44,REP,James N. Tedisco,244
Schenectady,Schenectady 19,State Senate,44,CON,James N. Tedisco,44
Schenectady,Schenectady 19,State Senate,44,WOR,Minita J. Sanghvi,40
Schenectady,Schenectady 19,State Assembly,110,DEM,Phillip G. Steck,463
Schenectady,Schenectady 19,State Assembly,110,REP,Jeff Madden,175
Schenectady,Schenectady 19,State Assembly,110,CON,Jeff Madden,33
Schenectady,Schenectady 19,State Assembly,110,WOR,Phillip G. Steck,48
Schenectady,Schenectady 19,State Assembly,110,,Write-in,3
Schenectady,Schenectady 20,President,,DEM,Kamala D. Harris,344
Schenectady,Schenectady 20,President,,REP,Donald J. Trump,182
Schenectady,Schenectady 20,President,,CON,Donald J. Trump,38
Schenectady,Schenectady 20,President,,WOR,Kamala D. Harris,22
Schenectady,Schenectady 20,President,,,Write-in,9
Schenectady,Schenectady 20,U.S. Senate,,DEM,Kirsten E. Gillibrand,339
Schenectady,Schenectady 20,U.S. Senate,,REP,Michael D. Sapraicone,142
Schenectady,Schenectady 20,U.S. Senate,,CON,Michael D. Sapraicone,38
Schenectady,Schenectady 20,U.S. Senate,,WOR,Kirsten E. Gillibrand,33
Schenectady,Schenectady 20,U.S. Senate,,LAR,Diane Sare,1
Schenectady,Schenectady 20,U.S. Senate,,,Write-in,2
Schenectady,Schenectady 20,U.S. House,20,DEM,Paul D. Tonko,342
Schenectady,Schenectady 20,U.S. House,20,REP,Kevin M. Waltz,142
Schenectady,Schenectady 20,U.S. House,20,CON,Kevin M. Waltz,37
Schenectady,Schenectady 20,U.S. House,20,WOR,Paul D. Tonko,35
Schenectady,Schenectady 20,U.S. House,20,,Write-in,2
Schenectady,Schenectady 20,State Senate,44,DEM,Minita J. Sanghvi,279
Schenectady,Schenectady 20,State Senate,44,REP,James N. Tedisco,193
Schenectady,Schenectady 20,State Senate,44,CON,James N. Tedisco,58
Schenectady,Schenectady 20,State Senate,44,WOR,Minita J. Sanghvi,23
Schenectady,Schenectady 20,State Senate,44,,Write-in,1
Schenectady,Schenectady 20,State Assembly,110,DEM,Phillip G. Steck,330
Schenectady,Schenectady 20,State Assembly,110,REP,Jeff Madden,144
Schenectady,Schenectady 20,State Assembly,110,CON,Jeff Madden,44
Schenectady,Schenectady 20,State Assembly,110,WOR,Phillip G. Steck,27
Schenectady,Schenectady 20,State Assembly,110,,Write-in,4
Schenectady,Schenectady 21,President,,DEM,Kamala D. Harris,171
Schenectady,Schenectady 21,President,,REP,Donald J. Trump,152
Schenectady,Schenectady 21,President,,CON,Donald J. Trump,19
Schenectady,Schenectady 21,President,,WOR,Kamala D. Harris,15
Schenectady,Schenectady 21,President,,,Write-in,5
Schenectady,Schenectady 21,U.S. Senate,,DEM,Kirsten E. Gillibrand,169
Schenectady,Schenectady 21,U.S. Senate,,REP,Michael D. Sapraicone,131
Schenectady,Schenectady 21,U.S. Senate,,CON,Michael D. Sapraicone,23
Schenectady,Schenectady 21,U.S. Senate,,WOR,Kirsten E. Gillibrand,21
Schenectady,Schenectady 21,U.S. Senate,,LAR,Diane Sare,2
Schenectady,Schenectady 21,U.S. Senate,,,Write-in,1
Schenectady,Schenectady 21,U.S. House,20,DEM,Paul D. Tonko,172
Schenectady,Schenectady 21,U.S. House,20,REP,Kevin M. Waltz,129
Schenectady,Schenectady 21,U.S. House,20,CON,Kevin M. Waltz,21
Schenectady,Schenectady 21,U.S. House,20,WOR,Paul D. Tonko,20
Schenectady,Schenectady 21,U.S. House,20,,Write-in,2
Schenectady,Schenectady 21,State Senate,44,DEM,Minita J. Sanghvi,127
Schenectady,Schenectady 21,State Senate,44,REP,James N. Tedisco,170
Schenectady,Schenectady 21,State Senate,44,CON,James N. Tedisco,31
Schenectady,Schenectady 21,State Senate,44,WOR,Minita J. Sanghvi,16
Schenectady,Schenectady 21,State Senate,44,,Write-in,1
Schenectady,Schenectady 21,State Assembly,111,DEM,Angelo L. Santabarbara,210
Schenectady,Schenectady 21,State Assembly,111,REP,Joseph C. Mastroianni,103
Schenectady,Schenectady 21,State Assembly,111,CON,Joseph C. Mastroianni,18
Schenectady,Schenectady 21,State Assembly,111,PFP,Angelo L. Santabarbara,10
Schenectady,Schenectady 21,State Assembly,111,,Write-in,3
Schenectady,Schenectady 22,President,,DEM,Kamala D. Harris,232
Schenectady,Schenectady 22,President,,REP,Donald J. Trump,96
Schenectady,Schenectady 22,President,,CON,Donald J. Trump,15
Schenectady,Schenectady 22,President,,WOR,Kamala D. Harris,11
Schenectady,Schenectady 22,President,,,Write-in,7
Schenectady,Schenectady 22,U.S. Senate,,DEM,Kirsten E. Gillibrand,215
Schenectady,Schenectady 22,U.S. Senate,,REP,Michael D. Sapraicone,77
Schenectady,Schenectady 22,U.S. Senate,,CON,Michael D. Sapraicone,16
Schenectady,Schenectady 22,U.S. Senate,,WOR,Kirsten E. Gillibrand,18
Schenectady,Schenectady 22,U.S. Senate,,LAR,Diane Sare,9
Schenectady,Schenectady 22,U.S. Senate,,,Write-in,3
Schenectady,Schenectady 22,U.S. House,20,DEM,Paul D. Tonko,224
Schenectady,Schenectady 22,U.S. House,20,REP,Kevin M. Waltz,71
Schenectady,Schenectady 22,U.S. House,20,CON,Kevin M. Waltz,17
Schenectady,Schenectady 22,U.S. House,20,WOR,Paul D. Tonko,22
Schenectady,Schenectady 22,State Senate,44,DEM,Minita J. Sanghvi,191
Schenectady,Schenectady 22,State Senate,44,REP,James N. Tedisco,107
Schenectady,Schenectady 22,State Senate,44,CON,James N. Tedisco,20
Schenectady,Schenectady 22,State Senate,44,WOR,Minita J. Sanghvi,11
Schenectady,Schenectady 22,State Senate,44,,Write-in,4
Schenectady,Schenectady 22,State Assembly,111,DEM,Angelo L. Santabarbara,250
Schenectady,Schenectady 22,State Assembly,111,REP,Joseph C. Mastroianni,68
Schenectady,Schenectady 22,State Assembly,111,CON,Joseph C. Mastroianni,12
Schenectady,Schenectady 22,State Assembly,111,PFP,Angelo L. Santabarbara,6
Schenectady,Schenectady 22,State Assembly,111,,Write-in,4
Schenectady,Schenectady 23,President,,DEM,Kamala D. Harris,343
Schenectady,Schenectady 23,President,,REP,Donald J. Trump,165
Schenectady,Schenectady 23,President,,CON,Donald J. Trump,21
Schenectady,Schenectady 23,President,,WOR,Kamala D. Harris,26
Schenectady,Schenectady 23,President,,,Write-in,6
Schenectady,Schenectady 23,U.S. Senate,,DEM,Kirsten E. Gillibrand,329
Schenectady,Schenectady 23,U.S. Senate,,REP,Michael D. Sapraicone,128
Schenectady,Schenectady 23,U.S. Senate,,CON,Michael D. Sapraicone,19
Schenectady,Schenectady 23,U.S. Senate,,WOR,Kirsten E. Gillibrand,33
Schenectady,Schenectady 23,U.S. Senate,,LAR,Diane Sare,4
Schenectady,Schenectady 23,U.S. Senate,,,Write-in,1
Schenectady,Schenectady 23,U.S. House,20,DEM,Paul D. Tonko,320
Schenectady,Schenectady 23,U.S. House,20,REP,Kevin M. Waltz,136
Schenectady,Schenectady 23,U.S. House,20,CON,Kevin M. Waltz,25
Schenectady,Schenectady 23,U.S. House,20,WOR,Paul D. Tonko,31
Schenectady,Schenectady 23,U.S. House,20,,Write-in,2
Schenectady,Schenectady 23,State Senate,44,DEM,Minita J. Sanghvi,286
Schenectady,Schenectady 23,State Senate,44,REP,James N. Tedisco,179
Schenectady,Schenectady 23,State Senate,44,CON,James N. Tedisco,21
Schenectady,Schenectady 23,State Senate,44,WOR,Minita J. Sanghvi,31
Schenectady,Schenectady 23,State Senate,44,,Write-in,2
Schenectady,Schenectady 23,State Assembly,111,DEM,Angelo L. Santabarbara,358
Schenectady,Schenectady 23,State Assembly,111,REP,Joseph C. Mastroianni,127
Schenectady,Schenectady 23,State Assembly,111,CON,Joseph C. Mastroianni,21
Schenectady,Schenectady 23,State Assembly,111,PFP,Angelo L. Santabarbara,8
Schenectady,Schenectady 23,State Assembly,111,,Write-in,2
Schenectady,Schenectady 24,President,,DEM,Kamala D. Harris,287
Schenectady,Schenectady 24,President,,REP,Donald J. Trump,155
Schenectady,Schenectady 24,President,,CON,Donald J. Trump,11
Schenectady,Schenectady 24,President,,WOR,Kamala D. Harris,9
Schenectady,Schenectady 24,President,,,Write-in,1
Schenectady,Schenectady 24,U.S. Senate,,DEM,Kirsten E. Gillibrand,270
Schenectady,Schenectady 24,U.S. Senate,,REP,Michael D. Sapraicone,114
Schenectady,Schenectady 24,U.S. Senate,,CON,Michael D. Sapraicone,19
Schenectady,Schenectady 24,U.S. Senate,,WOR,Kirsten E. Gillibrand,17
Schenectady,Schenectady 24,U.S. Senate,,LAR,Diane Sare,3
Schenectady,Schenectady 24,U.S. Senate,,,Write-in,1
Schenectady,Schenectady 24,U.S. House,20,DEM,Paul D. Tonko,272
Schenectady,Schenectady 24,U.S. House,20,REP,Kevin M. Waltz,117
Schenectady,Schenectady 24,U.S. House,20,CON,Kevin M. Waltz,18
Schenectady,Schenectady 24,U.S. House,20,WOR,Paul D. Tonko,20
Schenectady,Schenectady 24,U.S. House,20,,Write-in,1
Schenectady,Schenectady 24,State Senate,44,DEM,Minita J. Sanghvi,233
Schenectady,Schenectady 24,State Senate,44,REP,James N. Tedisco,145
Schenectady,Schenectady 24,State Senate,44,CON,James N. Tedisco,25
Schenectady,Schenectady 24,State Senate,44,WOR,Minita J. Sanghvi,15
Schenectady,Schenectady 24,State Senate,44,,Write-in,2
Schenectady,Schenectady 24,State Assembly,111,DEM,Angelo L. Santabarbara,295
Schenectady,Schenectady 24,State Assembly,111,REP,Joseph C. Mastroianni,110
Schenectady,Schenectady 24,State Assembly,111,CON,Joseph C. Mastroianni,13
Schenectady,Schenectady 24,State Assembly,111,PFP,Angelo L. Santabarbara,5
Schenectady,Schenectady 24,State Assembly,111,,Write-in,1
Schenectady,Schenectady 25,President,,DEM,Kamala D. Harris,314
Schenectady,Schenectady 25,President,,REP,Donald J. Trump,182
Schenectady,Schenectady 25,President,,CON,Donald J. Trump,21
Schenectady,Schenectady 25,President,,WOR,Kamala D. Harris,8
Schenectady,Schenectady 25,President,,,Write-in,6
Schenectady,Schenectady 25,U.S. Senate,,DEM,Kirsten E. Gillibrand,301
Schenectady,Schenectady 25,U.S. Senate,,REP,Michael D. Sapraicone,133
Schenectady,Schenectady 25,U.S. Senate,,CON,Michael D. Sapraicone,26
Schenectady,Schenectady 25,U.S. Senate,,WOR,Kirsten E. Gillibrand,24
Schenectady,Schenectady 25,U.S. Senate,,LAR,Diane Sare,2
Schenectady,Schenectady 25,U.S. Senate,,,Write-in,2
Schenectady,Schenectady 25,U.S. House,20,DEM,Paul D. Tonko,318
Schenectady,Schenectady 25,U.S. House,20,REP,Kevin M. Waltz,125
Schenectady,Schenectady 25,U.S. House,20,CON,Kevin M. Waltz,27
Schenectady,Schenectady 25,U.S. House,20,WOR,Paul D. Tonko,21
Schenectady,Schenectady 25,U.S. House,20,,Write-in,1
Schenectady,Schenectady 25,State Senate,44,DEM,Minita J. Sanghvi,260
Schenectady,Schenectady 25,State Senate,44,REP,James N. Tedisco,176
Schenectady,Schenectady 25,State Senate,44,CON,James N. Tedisco,37
Schenectady,Schenectady 25,State Senate,44,WOR,Minita J. Sanghvi,14
Schenectady,Schenectady 25,State Senate,44,,Write-in,1
Schenectady,Schenectady 25,State Assembly,111,DEM,Angelo L. Santabarbara,340
Schenectady,Schenectady 25,State Assembly,111,REP,Joseph C. Mastroianni,115
Schenectady,Schenectady 25,State Assembly,111,CON,Joseph C. Mastroianni,28
Schenectady,Schenectady 25,State Assembly,111,PFP,Angelo L. Santabarbara,6
Schenectady,Schenectady 26,President,,DEM,Kamala D. Harris,141
Schenectady,Schenectady 26,President,,REP,Donald J. Trump,55
Schenectady,Schenectady 26,President,,CON,Donald J. Trump,10
Schenectady,Schenectady 26,President,,WOR,Kamala D. Harris,6
Schenectady,Schenectady 26,President,,,Write-in,2
Schenectady,Schenectady 26,U.S. Senate,,DEM,Kirsten E. Gillibrand,132
Schenectady,Schenectady 26,U.S. Senate,,REP,Michael D. Sapraicone,38
Schenectady,Schenectady 26,U.S. Senate,,CON,Michael D. Sapraicone,8
Schenectady,Schenectady 26,U.S. Senate,,WOR,Kirsten E. Gillibrand,10
Schenectady,Schenectady 26,U.S. House,20,DEM,Paul D. Tonko,132
Schenectady,Schenectady 26,U.S. House,20,REP,Kevin M. Waltz,37
Schenectady,Schenectady 26,U.S. House,20,CON,Kevin M. Waltz,8
Schenectady,Schenectady 26,U.S. House,20,WOR,Paul D. Tonko,11
Schenectady,Schenectady 26,State Senate,44,DEM,Minita J. Sanghvi,105
Schenectady,Schenectady 26,State Senate,44,REP,James N. Tedisco,65
Schenectady,Schenectady 26,State Senate,44,CON,James N. Tedisco,15
Schenectady,Schenectady 26,State Senate,44,WOR,Minita J. Sanghvi,4
Schenectady,Schenectady 26,State Assembly,111,DEM,Angelo L. Santabarbara,144
Schenectady,Schenectady 26,State Assembly,111,REP,Joseph C. Mastroianni,39
Schenectady,Schenectady 26,State Assembly,111,CON,Joseph C. Mastroianni,8
Schenectady,Schenectady 26,State Assembly,111,PFP,Angelo L. Santabarbara,3
Schenectady,Schenectady 27,President,,DEM,Kamala D. Harris,297
Schenectady,Schenectady 27,President,,REP,Donald J. Trump,119
Schenectady,Schenectady 27,President,,CON,Donald J. Trump,24
Schenectady,Schenectady 27,President,,WOR,Kamala D. Harris,26
Schenectady,Schenectady 27,President,,,Write-in,9
Schenectady,Schenectady 27,U.S. Senate,,DEM,Kirsten E. Gillibrand,277
Schenectady,Schenectady 27,U.S. Senate,,REP,Michael D. Sapraicone,107
Schenectady,Schenectady 27,U.S. Senate,,CON,Michael D. Sapraicone,19
Schenectady,Schenectady 27,U.S. Senate,,WOR,Kirsten E. Gillibrand,38
Schenectady,Schenectady 27,U.S. Senate,,LAR,Diane Sare,7
Schenectady,Schenectady 27,U.S. House,20,DEM,Paul D. Tonko,285
Schenectady,Schenectady 27,U.S. House,20,REP,Kevin M. Waltz,98
Schenectady,Schenectady 27,U.S. House,20,CON,Kevin M. Waltz,18
Schenectady,Schenectady 27,U.S. House,20,WOR,Paul D. Tonko,43
Schenectady,Schenectady 27,U.S. House,20,,Write-in,1
Schenectady,Schenectady 27,State Senate,44,DEM,Minita J. Sanghvi,234
Schenectady,Schenectady 27,State Senate,44,REP,James N. Tedisco,146
Schenectady,Schenectady 27,State Senate,44,CON,James N. Tedisco,25
Schenectady,Schenectady 27,State Senate,44,WOR,Minita J. Sanghvi,36
Schenectady,Schenectady 27,State Senate,44,,Write-in,1
Schenectady,Schenectady 27,State Assembly,111,DEM,Angelo L. Santabarbara,329
Schenectady,Schenectady 27,State Assembly,111,REP,Joseph C. Mastroianni,82
Schenectady,Schenectady 27,State Assembly,111,CON,Joseph C. Mastroianni,21
Schenectady,Schenectady 27,State Assembly,111,PFP,Angelo L. Santabarbara,9
Schenectady,Schenectady 27,State Assembly,111,,Write-in,2
Schenectady,Schenectady 28,President,,DEM,Kamala D. Harris,176
Schenectady,Schenectady 28,President,,REP,Donald J. Trump,67
Schenectady,Schenectady 28,President,,CON,Donald J. Trump,5
Schenectady,Schenectady 28,President,,WOR,Kamala D. Harris,10
Schenectady,Schenectady 28,U.S. Senate,,DEM,Kirsten E. Gillibrand,163
Schenectady,Schenectady 28,U.S. Senate,,REP,Michael D. Sapraicone,52
Schenectady,Schenectady 28,U.S. Senate,,CON,Michael D. Sapraicone,4
Schenectady,Schenectady 28,U.S. Senate,,WOR,Kirsten E. Gillibrand,15
Schenectady,Schenectady 28,U.S. Senate,,LAR,Diane Sare,3
Schenectady,Schenectady 28,U.S. House,20,DEM,Paul D. Tonko,167
Schenectady,Schenectady 28,U.S. House,20,REP,Kevin M. Waltz,48
Schenectady,Schenectady 28,U.S. House,20,CON,Kevin M. Waltz,5
Schenectady,Schenectady 28,U.S. House,20,WOR,Paul D. Tonko,13
Schenectady,Schenectady 28,State Senate,44,DEM,Minita J. Sanghvi,145
Schenectady,Schenectady 28,State Senate,44,REP,James N. Tedisco,65
Schenectady,Schenectady 28,State Senate,44,CON,James N. Tedisco,10
Schenectady,Schenectady 28,State Senate,44,WOR,Minita J. Sanghvi,11
Schenectady,Schenectady 28,State Assembly,111,DEM,Angelo L. Santabarbara,174
Schenectady,Schenectady 28,State Assembly,111,REP,Joseph C. Mastroianni,50
Schenectady,Schenectady 28,State Assembly,111,CON,Joseph C. Mastroianni,4
Schenectady,Schenectady 28,State Assembly,111,PFP,Angelo L. Santabarbara,6
Schenectady,Schenectady 29,President,,DEM,Kamala D. Harris,520
Schenectady,Schenectady 29,President,,REP,Donald J. Trump,222
Schenectady,Schenectady 29,President,,CON,Donald J. Trump,19
Schenectady,Schenectady 29,President,,WOR,Kamala D. Harris,14
Schenectady,Schenectady 29,President,,,Write-in,9
Schenectady,Schenectady 29,U.S. Senate,,DEM,Kirsten E. Gillibrand,504
Schenectady,Schenectady 29,U.S. Senate,,REP,Michael D. Sapraicone,190
Schenectady,Schenectady 29,U.S. Senate,,CON,Michael D. Sapraicone,18
Schenectady,Schenectady 29,U.S. Senate,,WOR,Kirsten E. Gillibrand,25
Schenectady,Schenectady 29,U.S. Senate,,LAR,Diane Sare,4
Schenectady,Schenectady 29,U.S. Senate,,,Write-in,1
Schenectady,Schenectady 29,U.S. House,20,DEM,Paul D. Tonko,512
Schenectady,Schenectady 29,U.S. House,20,REP,Kevin M. Waltz,182
Schenectady,Schenectady 29,U.S. House,20,CON,Kevin M. Waltz,23
Schenectady,Schenectady 29,U.S. House,20,WOR,Paul D. Tonko,27
Schenectady,Schenectady 29,State Senate,44,DEM,Minita J. Sanghvi,345
Schenectady,Schenectady 29,State Senate,44,REP,James N. Tedisco,330
Schenectady,Schenectady 29,State Senate,44,CON,James N. Tedisco,39
Schenectady,Schenectady 29,State Senate,44,WOR,Minita J. Sanghvi,20
Schenectady,Schenectady 29,State Senate,44,,Write-in,1
Schenectady,Schenectady 29,State Assembly,110,DEM,Phillip G. Steck,461
Schenectady,Schenectady 29,State Assembly,110,REP,Jeff Madden,208
Schenectady,Schenectady 29,State Assembly,110,CON,Jeff Madden,19
Schenectady,Schenectady 29,State Assembly,110,WOR,Phillip G. Steck,27
Schenectady,Schenectady 30,President,,DEM,Kamala D. Harris,310
Schenectady,Schenectady 30,President,,REP,Donald J. Trump,128
Schenectady,Schenectady 30,President,,CON,Donald J. Trump,9
Schenectady,Schenectady 30,President,,WOR,Kamala D. Harris,13
Schenectady,Schenectady 30,President,,,Write-in,1
Schenectady,Schenectady 30,U.S. Senate,,DEM,Kirsten E. Gillibrand,285
Schenectady,Schenectady 30,U.S. Senate,,REP,Michael D. Sapraicone,96
Schenectady,Schenectady 30,U.S. Senate,,CON,Michael D. Sapraicone,12
Schenectady,Schenectady 30,U.S. Senate,,WOR,Kirsten E. Gillibrand,18
Schenectady,Schenectady 30,U.S. Senate,,LAR,Diane Sare,3
Schenectady,Schenectady 30,U.S. House,20,DEM,Paul D. Tonko,286
Schenectady,Schenectady 30,U.S. House,20,REP,Kevin M. Waltz,102
Schenectady,Schenectady 30,U.S. House,20,CON,Kevin M. Waltz,12
Schenectady,Schenectady 30,U.S. House,20,WOR,Paul D. Tonko,15
Schenectady,Schenectady 30,U.S. House,20,,Write-in,1
Schenectady,Schenectady 30,State Senate,44,DEM,Minita J. Sanghvi,265
Schenectady,Schenectady 30,State Senate,44,REP,James N. Tedisco,112
Schenectady,Schenectady 30,State Senate,44,CON,James N. Tedisco,15
Schenectady,Schenectady 30,State Senate,44,WOR,Minita J. Sanghvi,13
Schenectady,Schenectady 30,State Assembly,111,DEM,Angelo L. Santabarbara,311
Schenectady,Schenectady 30,State Assembly,111,REP,Joseph C. Mastroianni,86
Schenectady,Schenectady 30,State Assembly,111,CON,Joseph C. Mastroianni,11
Schenectady,Schenectady 30,State Assembly,111,PFP,Angelo L. Santabarbara,5
Schenectady,Schenectady 30,State Assembly,111,,Write-in,1
Schenectady,Schenectady 31,President,,DEM,Kamala D. Harris,246
Schenectady,Schenectady 31,President,,REP,Donald J. Trump,83
Schenectady,Schenectady 31,President,,CON,Donald J. Trump,13
Schenectady,Schenectady 31,President,,WOR,Kamala D. Harris,11
Schenectady,Schenectady 31,U.S. Senate,,DEM,Kirsten E. Gillibrand,217
Schenectady,Schenectady 31,U.S. Senate,,REP,Michael D. Sapraicone,76
Schenectady,Schenectady 31,U.S. Senate,,CON,Michael D. Sapraicone,11
Schenectady,Schenectady 31,U.S. Senate,,WOR,Kirsten E. Gillibrand,11
Schenectady,Schenectady 31,U.S. Senate,,LAR,Diane Sare,5
Schenectady,Schenectady 31,U.S. House,20,DEM,Paul D. Tonko,216
Schenectady,Schenectady 31,U.S. House,20,REP,Kevin M. Waltz,70
Schenectady,Schenectady 31,U.S. House,20,CON,Kevin M. Waltz,14
Schenectady,Schenectady 31,U.S. House,20,WOR,Paul D. Tonko,14
Schenectady,Schenectady 31,State Senate,44,DEM,Minita J. Sanghvi,185
Schenectady,Schenectady 31,State Senate,44,REP,James N. Tedisco,98
Schenectady,Schenectady 31,State Senate,44,CON,James N. Tedisco,17
Schenectady,Schenectady 31,State Senate,44,WOR,Minita J. Sanghvi,12
Schenectady,Schenectady 31,State Assembly,111,DEM,Angelo L. Santabarbara,233
Schenectady,Schenectady 31,State Assembly,111,REP,Joseph C. Mastroianni,68
Schenectady,Schenectady 31,State Assembly,111,CON,Joseph C. Mastroianni,11
Schenectady,Schenectady 31,State Assembly,111,PFP,Angelo L. Santabarbara,8
Schenectady,Schenectady 32,President,,DEM,Kamala D. Harris,210
Schenectady,Schenectady 32,President,,REP,Donald J. Trump,95
Schenectady,Schenectady 32,President,,CON,Donald J. Trump,12
Schenectady,Schenectady 32,President,,WOR,Kamala D. Harris,14
Schenectady,Schenectady 32,U.S. Senate,,DEM,Kirsten E. Gillibrand,183
Schenectady,Schenectady 32,U.S. Senate,,REP,Michael D. Sapraicone,74
Schenectady,Schenectady 32,U.S. Senate,,CON,Michael D. Sapraicone,11
Schenectady,Schenectady 32,U.S. Senate,,WOR,Kirsten E. Gillibrand,22
Schenectady,Schenectady 32,U.S. Senate,,LAR,Diane Sare,3
Schenectady,Schenectady 32,U.S. Senate,,,Write-in,2
Schenectady,Schenectady 32,U.S. House,20,DEM,Paul D. Tonko,177
Schenectady,Schenectady 32,U.S. House,20,REP,Kevin M. Waltz,80
Schenectady,Schenectady 32,U.S. House,20,CON,Kevin M. Waltz,14
Schenectady,Schenectady 32,U.S. House,20,WOR,Paul D. Tonko,21
Schenectady,Schenectady 32,U.S. House,20,,Write-in,2
Schenectady,Schenectady 32,State Senate,44,DEM,Minita J. Sanghvi,165
Schenectady,Schenectady 32,State Senate,44,REP,James N. Tedisco,89
Schenectady,Schenectady 32,State Senate,44,CON,James N. Tedisco,17
Schenectady,Schenectady 32,State Senate,44,WOR,Minita J. Sanghvi,20
Schenectady,Schenectady 32,State Assembly,111,DEM,Angelo L. Santabarbara,202
Schenectady,Schenectady 32,State Assembly,111,REP,Joseph C. Mastroianni,79
Schenectady,Schenectady 32,State Assembly,111,CON,Joseph C. Mastroianni,11
Schenectady,Schenectady 32,State Assembly,111,PFP,Angelo L. Santabarbara,6
Schenectady,Schenectady 33,President,,DEM,Kamala D. Harris,279
Schenectady,Schenectady 33,President,,REP,Donald J. Trump,135
Schenectady,Schenectady 33,President,,CON,Donald J. Trump,17
Schenectady,Schenectady 33,President,,WOR,Kamala D. Harris,7
Schenectady,Schenectady 33,President,,,Write-in,4
Schenectady,Schenectady 33,U.S. Senate,,DEM,Kirsten E. Gillibrand,268
Schenectady,Schenectady 33,U.S. Senate,,REP,Michael D. Sapraicone,94
Schenectady,Schenectady 33,U.S. Senate,,CON,Michael D. Sapraicone,15
Schenectady,Schenectady 33,U.S. Senate,,WOR,Kirsten E. Gillibrand,18
Schenectady,Schenectady 33,U.S. Senate,,LAR,Diane Sare,2
Schenectady,Schenectady 33,U.S. House,20,DEM,Paul D. Tonko,272
Schenectady,Schenectady 33,U.S. House,20,REP,Kevin M. Waltz,94
Schenectady,Schenectady 33,U.S. House,20,CON,Kevin M. Waltz,16
Schenectady,Schenectady 33,U.S. House,20,WOR,Paul D. Tonko,19
Schenectady,Schenectady 33,U.S. House,20,,Write-in,2
Schenectady,Schenectady 33,State Senate,44,DEM,Minita J. Sanghvi,221
Schenectady,Schenectady 33,State Senate,44,REP,James N. Tedisco,134
Schenectady,Schenectady 33,State Senate,44,CON,James N. Tedisco,25
Schenectady,Schenectady 33,State Senate,44,WOR,Minita J. Sanghvi,11
Schenectady,Schenectady 33,State Senate,44,,Write-in,1
Schenectady,Schenectady 33,State Assembly,111,DEM,Angelo L. Santabarbara,299
Schenectady,Schenectady 33,State Assembly,111,REP,Joseph C. Mastroianni,86
Schenectady,Schenectady 33,State Assembly,111,CON,Joseph C. Mastroianni,16
Schenectady,Schenectady 33,State Assembly,111,PFP,Angelo L. Santabarbara,9
Schenectady,Schenectady 34,President,,DEM,Kamala D. Harris,307
Schenectady,Schenectady 34,President,,REP,Donald J. Trump,289
Schenectady,Schenectady 34,President,,CON,Donald J. Trump,28
Schenectady,Schenectady 34,President,,WOR,Kamala D. Harris,26
Schenectady,Schenectady 34,President,,,Write-in,12
Schenectady,Schenectady 34,U.S. Senate,,DEM,Kirsten E. Gillibrand,315
Schenectady,Schenectady 34,U.S. Senate,,REP,Michael D. Sapraicone,244
Schenectady,Schenectady 34,U.S. Senate,,CON,Michael D. Sapraicone,28
Schenectady,Schenectady 34,U.S. Senate,,WOR,Kirsten E. Gillibrand,39
Schenectady,Schenectady 34,U.S. Senate,,LAR,Diane Sare,8
Schenectady,Schenectady 34,U.S. Senate,,,Write-in,2
Schenectady,Schenectady 34,U.S. House,20,DEM,Paul D. Tonko,319
Schenectady,Schenectady 34,U.S. House,20,REP,Kevin M. Waltz,242
Schenectady,Schenectady 34,U.S. House,20,CON,Kevin M. Waltz,27
Schenectady,Schenectady 34,U.S. House,20,WOR,Paul D. Tonko,45
Schenectady,Schenectady 34,U.S. House,20,,Write-in,2
Schenectady,Schenectady 34,State Senate,44,DEM,Minita J. Sanghvi,229
Schenectady,Schenectady 34,State Senate,44,REP,James N. Tedisco,321
Schenectady,Schenectady 34,State Senate,44,CON,James N. Tedisco,54
Schenectady,Schenectady 34,State Senate,44,WOR,Minita J. Sanghvi,33
Schenectady,Schenectady 34,State Senate,44,,Write-in,3
Schenectady,Schenectady 34,State Assembly,110,DEM,Phillip G. Steck,299
Schenectady,Schenectady 34,State Assembly,110,REP,Jeff Madden,253
Schenectady,Schenectady 34,State Assembly,110,CON,Jeff Madden,38
Schenectady,Schenectady 34,State Assembly,110,WOR,Phillip G. Steck,39
Schenectady,Schenectady 34,State Assembly,110,,Write-in,3
Schenectady,Schenectady 35,President,,DEM,Kamala D. Harris,199
Schenectady,Schenectady 35,President,,REP,Donald J. Trump,142
Schenectady,Schenectady 35,President,,CON,Donald J. Trump,20
Schenectady,Schenectady 35,President,,WOR,Kamala D. Harris,9
Schenectady,Schenectady 35,President,,,Write-in,6
Schenectady,Schenectady 35,U.S. Senate,,DEM,Kirsten E. Gillibrand,199
Schenectady,Schenectady 35,U.S. Senate,,REP,Michael D. Sapraicone,107
Schenectady,Schenectady 35,U.S. Senate,,CON,Michael D. Sapraicone,18
Schenectady,Schenectady 35,U.S. Senate,,WOR,Kirsten E. Gillibrand,19
Schenectady,Schenectady 35,U.S. Senate,,LAR,Diane Sare,2
Schenectady,Schenectady 35,U.S. Senate,,,Write-in,1
Schenectady,Schenectady 35,U.S. House,20,DEM,Paul D. Tonko,204
Schenectady,Schenectady 35,U.S. House,20,REP,Kevin M. Waltz,107
Schenectady,Schenectady 35,U.S. House,20,CON,Kevin M. Waltz,17
Schenectady,Schenectady 35,U.S. House,20,WOR,Paul D. Tonko,18
Schenectady,Schenectady 35,U.S. House,20,,Write-in,1
Schenectady,Schenectady 35,State Senate,44,DEM,Minita J. Sanghvi,147
Schenectady,Schenectady 35,State Senate,44,REP,James N. Tedisco,155
Schenectady,Schenectady 35,State Senate,44,CON,James N. Tedisco,26
Schenectady,Schenectady 35,State Senate,44,WOR,Minita J. Sanghvi,15
Schenectady,Schenectady 35,State Senate,44,,Write-in,1
Schenectady,Schenectady 35,State Assembly,111,DEM,Angelo L. Santabarbara,231
Schenectady,Schenectady 35,State Assembly,111,REP,Joseph C. Mastroianni,88
Schenectady,Schenectady 35,State Assembly,111,CON,Joseph C. Mastroianni,18
Schenectady,Schenectady 35,State Assembly,111,PFP,Angelo L. Santabarbara,4
Schenectady,Schenectady 35,State Assembly,111,,Write-in,1
