county,precinct,office,district,party,candidate,votes
Ulster,City of Kingston Ward 1-Dist. 1,President,,DEM,Kamala D. Harris,204
Ulster,City of Kingston Ward 1-Dist. 1,President,,WOR,Kamala D. Harris,0
Ulster,City of Kingston Ward 1-Dist. 1,President,,REP,Donald J. Trump,97
Ulster,City of Kingston Ward 1-Dist. 1,President,,CON,Donald J. Trump,15
Ulster,City of Kingston Ward 1-Dist. 1,President,,,Write-in,2
Ulster,City of Kingston Ward 1-Dist. 2,President,,DEM,Kamala D. Harris,394
Ulster,City of Kingston Ward 1-Dist. 2,President,,WOR,Kamala D. Harris,0
Ulster,City of Kingston Ward 1-Dist. 2,President,,REP,Donald J. Trump,215
Ulster,City of Kingston Ward 1-Dist. 2,President,,CON,Donald J. Trump,51
Ulster,City of Kingston Ward 1-Dist. 2,President,,,Write-in,7
Ulster,City of Kingston Ward 1-Dist. 3,President,,DEM,Kamala D. Harris,266
Ulster,City of Kingston Ward 1-Dist. 3,President,,WOR,Kamala D. Harris,0
Ulster,City of Kingston Ward 1-Dist. 3,President,,REP,Donald J. Trump,80
Ulster,City of Kingston Ward 1-Dist. 3,President,,CON,Donald J. Trump,26
Ulster,City of Kingston Ward 1-Dist. 3,President,,,Write-in,3
Ulster,City of Kingston Ward 2-Dist. 1,President,,DEM,Kamala D. Harris,261
Ulster,City of Kingston Ward 2-Dist. 1,President,,WOR,Kamala D. Harris,0
Ulster,City of Kingston Ward 2-Dist. 1,President,,REP,Donald J. Trump,61
Ulster,City of Kingston Ward 2-Dist. 1,President,,CON,Donald J. Trump,5
Ulster,City of Kingston Ward 2-Dist. 1,President,,,Write-in,5
Ulster,City of Kingston Ward 2-Dist. 2,President,,DEM,Kamala D. Harris,73
Ulster,City of Kingston Ward 2-Dist. 2,President,,WOR,Kamala D. Harris,0
Ulster,City of Kingston Ward 2-Dist. 2,President,,REP,Donald J. Trump,37
Ulster,City of Kingston Ward 2-Dist. 2,President,,CON,Donald J. Trump,7
Ulster,City of Kingston Ward 2-Dist. 2,President,,,Write-in,2
Ulster,City of Kingston Ward 2-Dist. 3,President,,DEM,Kamala D. Harris,139
Ulster,City of Kingston Ward 2-Dist. 3,President,,WOR,Kamala D. Harris,0
Ulster,City of Kingston Ward 2-Dist. 3,President,,REP,Donald J. Trump,48
Ulster,City of Kingston Ward 2-Dist. 3,President,,CON,Donald J. Trump,8
Ulster,City of Kingston Ward 2-Dist. 3,President,,,Write-in,1
Ulster,City of Kingston Ward 2-Dist. 4,President,,DEM,Kamala D. Harris,247
Ulster,City of Kingston Ward 2-Dist. 4,President,,WOR,Kamala D. Harris,0
Ulster,City of Kingston Ward 2-Dist. 4,President,,REP,Donald J. Trump,87
Ulster,City of Kingston Ward 2-Dist. 4,President,,CON,Donald J. Trump,20
Ulster,City of Kingston Ward 2-Dist. 4,President,,,Write-in,12
Ulster,City of Kingston Ward 3-Dist. 1,President,,DEM,Kamala D. Harris,430
Ulster,City of Kingston Ward 3-Dist. 1,President,,WOR,Kamala D. Harris,0
Ulster,City of Kingston Ward 3-Dist. 1,President,,REP,Donald J. Trump,169
Ulster,City of Kingston Ward 3-Dist. 1,President,,CON,Donald J. Trump,27
Ulster,City of Kingston Ward 3-Dist. 1,President,,,Write-in,2
Ulster,City of Kingston Ward 3-Dist. 2,President,,DEM,Kamala D. Harris,221
Ulster,City of Kingston Ward 3-Dist. 2,President,,WOR,Kamala D. Harris,0
Ulster,City of Kingston Ward 3-Dist. 2,President,,REP,Donald J. Trump,62
Ulster,City of Kingston Ward 3-Dist. 2,President,,CON,Donald J. Trump,8
Ulster,City of Kingston Ward 3-Dist. 2,President,,,Write-in,3
Ulster,City of Kingston Ward 3-Dist. 3,President,,DEM,Kamala D. Harris,270
Ulster,City of Kingston Ward 3-Dist. 3,President,,WOR,Kamala D. Harris,0
Ulster,City of Kingston Ward 3-Dist. 3,President,,REP,Donald J. Trump,137
Ulster,City of Kingston Ward 3-Dist. 3,President,,CON,Donald J. Trump,36
Ulster,City of Kingston Ward 3-Dist. 3,President,,,Write-in,7
Ulster,City of Kingston Ward 4-Dist. 1,President,,DEM,Kamala D. Harris,123
Ulster,City of Kingston Ward 4-Dist. 1,President,,WOR,Kamala D. Harris,0
Ulster,City of Kingston Ward 4-Dist. 1,President,,REP,Donald J. Trump,20
Ulster,City of Kingston Ward 4-Dist. 1,President,,CON,Donald J. Trump,6
Ulster,City of Kingston Ward 4-Dist. 1,President,,,Write-in,3
Ulster,City of Kingston Ward 4-Dist. 2,President,,DEM,Kamala D. Harris,352
Ulster,City of Kingston Ward 4-Dist. 2,President,,WOR,Kamala D. Harris,0
Ulster,City of Kingston Ward 4-Dist. 2,President,,REP,Donald J. Trump,95
Ulster,City of Kingston Ward 4-Dist. 2,President,,CON,Donald J. Trump,19
Ulster,City of Kingston Ward 4-Dist. 2,President,,,Write-in,7
Ulster,City of Kingston Ward 5-Dist. 1,President,,DEM,Kamala D. Harris,199
Ulster,City of Kingston Ward 5-Dist. 1,President,,WOR,Kamala D. Harris,0
Ulster,City of Kingston Ward 5-Dist. 1,President,,REP,Donald J. Trump,64
Ulster,City of Kingston Ward 5-Dist. 1,President,,CON,Donald J. Trump,11
Ulster,City of Kingston Ward 5-Dist. 1,President,,,Write-in,5
Ulster,City of Kingston Ward 5-Dist. 2,President,,DEM,Kamala D. Harris,336
Ulster,City of Kingston Ward 5-Dist. 2,President,,WOR,Kamala D. Harris,0
Ulster,City of Kingston Ward 5-Dist. 2,President,,REP,Donald J. Trump,161
Ulster,City of Kingston Ward 5-Dist. 2,President,,CON,Donald J. Trump,23
Ulster,City of Kingston Ward 5-Dist. 2,President,,,Write-in,9
Ulster,City of Kingston Ward 5-Dist. 3,President,,DEM,Kamala D. Harris,122
Ulster,City of Kingston Ward 5-Dist. 3,President,,WOR,Kamala D. Harris,0
Ulster,City of Kingston Ward 5-Dist. 3,President,,REP,Donald J. Trump,47
Ulster,City of Kingston Ward 5-Dist. 3,President,,CON,Donald J. Trump,8
Ulster,City of Kingston Ward 5-Dist. 3,President,,,Write-in,1
Ulster,City of Kingston Ward 6-Dist.1,President,,DEM,Kamala D. Harris,246
Ulster,City of Kingston Ward 6-Dist.1,President,,WOR,Kamala D. Harris,0
Ulster,City of Kingston Ward 6-Dist.1,President,,REP,Donald J. Trump,167
Ulster,City of Kingston Ward 6-Dist.1,President,,CON,Donald J. Trump,23
Ulster,City of Kingston Ward 6-Dist.1,President,,,Write-in,4
Ulster,City of Kingston Ward 6-Dist. 2,President,,DEM,Kamala D. Harris,283
Ulster,City of Kingston Ward 6-Dist. 2,President,,WOR,Kamala D. Harris,0
Ulster,City of Kingston Ward 6-Dist. 2,President,,REP,Donald J. Trump,157
Ulster,City of Kingston Ward 6-Dist. 2,President,,CON,Donald J. Trump,20
Ulster,City of Kingston Ward 6-Dist. 2,President,,,Write-in,4
Ulster,City of Kingston Ward 6-Dist. 3,President,,DEM,Kamala D. Harris,176
Ulster,City of Kingston Ward 6-Dist. 3,President,,WOR,Kamala D. Harris,0
Ulster,City of Kingston Ward 6-Dist. 3,President,,REP,Donald J. Trump,70
Ulster,City of Kingston Ward 6-Dist. 3,President,,CON,Donald J. Trump,9
Ulster,City of Kingston Ward 6-Dist. 3,President,,,Write-in,10
Ulster,City of Kingston Ward 7-Dist. 1,President,,DEM,Kamala D. Harris,204
Ulster,City of Kingston Ward 7-Dist. 1,President,,WOR,Kamala D. Harris,0
Ulster,City of Kingston Ward 7-Dist. 1,President,,REP,Donald J. Trump,135
Ulster,City of Kingston Ward 7-Dist. 1,President,,CON,Donald J. Trump,20
Ulster,City of Kingston Ward 7-Dist. 1,President,,,Write-in,5
Ulster,City of Kingston Ward 7-Dist. 2,President,,DEM,Kamala D. Harris,290
Ulster,City of Kingston Ward 7-Dist. 2,President,,WOR,Kamala D. Harris,0
Ulster,City of Kingston Ward 7-Dist. 2,President,,REP,Donald J. Trump,180
Ulster,City of Kingston Ward 7-Dist. 2,President,,CON,Donald J. Trump,25
Ulster,City of Kingston Ward 7-Dist. 2,President,,,Write-in,7
Ulster,City of Kingston Ward 7-Dist. 3,President,,DEM,Kamala D. Harris,215
Ulster,City of Kingston Ward 7-Dist. 3,President,,WOR,Kamala D. Harris,0
Ulster,City of Kingston Ward 7-Dist. 3,President,,REP,Donald J. Trump,159
Ulster,City of Kingston Ward 7-Dist. 3,President,,CON,Donald J. Trump,24
Ulster,City of Kingston Ward 7-Dist. 3,President,,,Write-in,7
Ulster,City of Kingston Ward 8-Dist. 1,President,,DEM,Kamala D. Harris,254
Ulster,City of Kingston Ward 8-Dist. 1,President,,WOR,Kamala D. Harris,0
Ulster,City of Kingston Ward 8-Dist. 1,President,,REP,Donald J. Trump,45
Ulster,City of Kingston Ward 8-Dist. 1,President,,CON,Donald J. Trump,11
Ulster,City of Kingston Ward 8-Dist. 1,President,,,Write-in,15
Ulster,City of Kingston Ward 8-Dist. 2,President,,DEM,Kamala D. Harris,188
Ulster,City of Kingston Ward 8-Dist. 2,President,,WOR,Kamala D. Harris,0
Ulster,City of Kingston Ward 8-Dist. 2,President,,REP,Donald J. Trump,53
Ulster,City of Kingston Ward 8-Dist. 2,President,,CON,Donald J. Trump,12
Ulster,City of Kingston Ward 8-Dist. 2,President,,,Write-in,5
Ulster,City of Kingston Ward 8-Dist. 3,President,,DEM,Kamala D. Harris,269
Ulster,City of Kingston Ward 8-Dist. 3,President,,WOR,Kamala D. Harris,0
Ulster,City of Kingston Ward 8-Dist. 3,President,,REP,Donald J. Trump,110
Ulster,City of Kingston Ward 8-Dist. 3,President,,CON,Donald J. Trump,17
Ulster,City of Kingston Ward 8-Dist. 3,President,,,Write-in,6
Ulster,City of Kingston Ward 9-Dist. 1,President,,DEM,Kamala D. Harris,228
Ulster,City of Kingston Ward 9-Dist. 1,President,,WOR,Kamala D. Harris,0
Ulster,City of Kingston Ward 9-Dist. 1,President,,REP,Donald J. Trump,113
Ulster,City of Kingston Ward 9-Dist. 1,President,,CON,Donald J. Trump,23
Ulster,City of Kingston Ward 9-Dist. 1,President,,,Write-in,5
Ulster,City of Kingston Ward 9-Dist. 2,President,,DEM,Kamala D. Harris,444
Ulster,City of Kingston Ward 9-Dist. 2,President,,WOR,Kamala D. Harris,0
Ulster,City of Kingston Ward 9-Dist. 2,President,,REP,Donald J. Trump,133
Ulster,City of Kingston Ward 9-Dist. 2,President,,CON,Donald J. Trump,21
Ulster,City of Kingston Ward 9-Dist. 2,President,,,Write-in,15
Ulster,City of Kingston Ward 9-Dist. 3,President,,DEM,Kamala D. Harris,100
Ulster,City of Kingston Ward 9-Dist. 3,President,,WOR,Kamala D. Harris,0
Ulster,City of Kingston Ward 9-Dist. 3,President,,REP,Donald J. Trump,66
Ulster,City of Kingston Ward 9-Dist. 3,President,,CON,Donald J. Trump,4
Ulster,City of Kingston Ward 9-Dist. 3,President,,,Write-in,0
Ulster,Denning District 1,President,,DEM,Kamala D. Harris,84
Ulster,Denning District 1,President,,WOR,Kamala D. Harris,0
Ulster,Denning District 1,President,,REP,Donald J. Trump,70
Ulster,Denning District 1,President,,CON,Donald J. Trump,9
Ulster,Denning District 1,President,,,Write-in,0
Ulster,Denning District 2,President,,DEM,Kamala D. Harris,44
Ulster,Denning District 2,President,,WOR,Kamala D. Harris,0
Ulster,Denning District 2,President,,REP,Donald J. Trump,76
Ulster,Denning District 2,President,,CON,Donald J. Trump,5
Ulster,Denning District 2,President,,,Write-in,4
Ulster,Esopus District 1,President,,DEM,Kamala D. Harris,478
Ulster,Esopus District 1,President,,WOR,Kamala D. Harris,0
Ulster,Esopus District 1,President,,REP,Donald J. Trump,280
Ulster,Esopus District 1,President,,CON,Donald J. Trump,49
Ulster,Esopus District 1,President,,,Write-in,5
Ulster,Esopus District 2,President,,DEM,Kamala D. Harris,245
Ulster,Esopus District 2,President,,WOR,Kamala D. Harris,0
Ulster,Esopus District 2,President,,REP,Donald J. Trump,202
Ulster,Esopus District 2,President,,CON,Donald J. Trump,55
Ulster,Esopus District 2,President,,,Write-in,5
Ulster,Esopus District 3,President,,DEM,Kamala D. Harris,485
Ulster,Esopus District 3,President,,WOR,Kamala D. Harris,0
Ulster,Esopus District 3,President,,REP,Donald J. Trump,295
Ulster,Esopus District 3,President,,CON,Donald J. Trump,46
Ulster,Esopus District 3,President,,,Write-in,3
Ulster,Esopus District 4,President,,DEM,Kamala D. Harris,273
Ulster,Esopus District 4,President,,WOR,Kamala D. Harris,0
Ulster,Esopus District 4,President,,REP,Donald J. Trump,165
Ulster,Esopus District 4,President,,CON,Donald J. Trump,29
Ulster,Esopus District 4,President,,,Write-in,2
Ulster,Esopus District 5,President,,DEM,Kamala D. Harris,309
Ulster,Esopus District 5,President,,WOR,Kamala D. Harris,0
Ulster,Esopus District 5,President,,REP,Donald J. Trump,315
Ulster,Esopus District 5,President,,CON,Donald J. Trump,54
Ulster,Esopus District 5,President,,,Write-in,8
Ulster,Esopus District 6,President,,DEM,Kamala D. Harris,354
Ulster,Esopus District 6,President,,WOR,Kamala D. Harris,0
Ulster,Esopus District 6,President,,REP,Donald J. Trump,345
Ulster,Esopus District 6,President,,CON,Donald J. Trump,53
Ulster,Esopus District 6,President,,,Write-in,3
Ulster,Esopus District 7,President,,DEM,Kamala D. Harris,333
Ulster,Esopus District 7,President,,WOR,Kamala D. Harris,0
Ulster,Esopus District 7,President,,REP,Donald J. Trump,310
Ulster,Esopus District 7,President,,CON,Donald J. Trump,65
Ulster,Esopus District 7,President,,,Write-in,9
Ulster,Gardiner District 1,President,,DEM,Kamala D. Harris,300
Ulster,Gardiner District 1,President,,WOR,Kamala D. Harris,0
Ulster,Gardiner District 1,President,,REP,Donald J. Trump,167
Ulster,Gardiner District 1,President,,CON,Donald J. Trump,37
Ulster,Gardiner District 1,President,,,Write-in,3
Ulster,Gardiner District 2,President,,DEM,Kamala D. Harris,598
Ulster,Gardiner District 2,President,,WOR,Kamala D. Harris,0
Ulster,Gardiner District 2,President,,REP,Donald J. Trump,273
Ulster,Gardiner District 2,President,,CON,Donald J. Trump,45
Ulster,Gardiner District 2,President,,,Write-in,6
Ulster,Gardiner District 3,President,,DEM,Kamala D. Harris,655
Ulster,Gardiner District 3,President,,WOR,Kamala D. Harris,0
Ulster,Gardiner District 3,President,,REP,Donald J. Trump,218
Ulster,Gardiner District 3,President,,CON,Donald J. Trump,35
Ulster,Gardiner District 3,President,,,Write-in,11
Ulster,Gardiner District 4,President,,DEM,Kamala D. Harris,542
Ulster,Gardiner District 4,President,,WOR,Kamala D. Harris,0
Ulster,Gardiner District 4,President,,REP,Donald J. Trump,382
Ulster,Gardiner District 4,President,,CON,Donald J. Trump,55
Ulster,Gardiner District 4,President,,,Write-in,8
Ulster,Hardenburgh District 1,President,,DEM,Kamala D. Harris,16
Ulster,Hardenburgh District 1,President,,WOR,Kamala D. Harris,0
Ulster,Hardenburgh District 1,President,,REP,Donald J. Trump,13
Ulster,Hardenburgh District 1,President,,CON,Donald J. Trump,0
Ulster,Hardenburgh District 1,President,,,Write-in,0
Ulster,Hardenburgh District 2,President,,DEM,Kamala D. Harris,25
Ulster,Hardenburgh District 2,President,,WOR,Kamala D. Harris,0
Ulster,Hardenburgh District 2,President,,REP,Donald J. Trump,55
Ulster,Hardenburgh District 2,President,,CON,Donald J. Trump,7
Ulster,Hardenburgh District 2,President,,,Write-in,3
Ulster,Hurley District 1,President,,DEM,Kamala D. Harris,267
Ulster,Hurley District 1,President,,WOR,Kamala D. Harris,0
Ulster,Hurley District 1,President,,REP,Donald J. Trump,136
Ulster,Hurley District 1,President,,CON,Donald J. Trump,17
Ulster,Hurley District 1,President,,,Write-in,4
Ulster,Hurley District 2,President,,DEM,Kamala D. Harris,254
Ulster,Hurley District 2,President,,WOR,Kamala D. Harris,0
Ulster,Hurley District 2,President,,REP,Donald J. Trump,175
Ulster,Hurley District 2,President,,CON,Donald J. Trump,18
Ulster,Hurley District 2,President,,,Write-in,3
Ulster,Hurley District 3,President,,DEM,Kamala D. Harris,306
Ulster,Hurley District 3,President,,WOR,Kamala D. Harris,0
Ulster,Hurley District 3,President,,REP,Donald J. Trump,234
Ulster,Hurley District 3,President,,CON,Donald J. Trump,54
Ulster,Hurley District 3,President,,,Write-in,2
Ulster,Hurley District 4,President,,DEM,Kamala D. Harris,278
Ulster,Hurley District 4,President,,WOR,Kamala D. Harris,0
Ulster,Hurley District 4,President,,REP,Donald J. Trump,206
Ulster,Hurley District 4,President,,CON,Donald J. Trump,35
Ulster,Hurley District 4,President,,,Write-in,2
Ulster,Hurley District 5,President,,DEM,Kamala D. Harris,373
Ulster,Hurley District 5,President,,WOR,Kamala D. Harris,0
Ulster,Hurley District 5,President,,REP,Donald J. Trump,80
Ulster,Hurley District 5,President,,CON,Donald J. Trump,18
Ulster,Hurley District 5,President,,,Write-in,4
Ulster,Hurley District 6,President,,DEM,Kamala D. Harris,189
Ulster,Hurley District 6,President,,WOR,Kamala D. Harris,0
Ulster,Hurley District 6,President,,REP,Donald J. Trump,136
Ulster,Hurley District 6,President,,CON,Donald J. Trump,27
Ulster,Hurley District 6,President,,,Write-in,4
Ulster,Hurley District 7,President,,DEM,Kamala D. Harris,424
Ulster,Hurley District 7,President,,WOR,Kamala D. Harris,0
Ulster,Hurley District 7,President,,REP,Donald J. Trump,138
Ulster,Hurley District 7,President,,CON,Donald J. Trump,28
Ulster,Hurley District 7,President,,,Write-in,8
Ulster,Hurley District 8,President,,DEM,Kamala D. Harris,254
Ulster,Hurley District 8,President,,WOR,Kamala D. Harris,0
Ulster,Hurley District 8,President,,REP,Donald J. Trump,192
Ulster,Hurley District 8,President,,CON,Donald J. Trump,21
Ulster,Hurley District 8,President,,,Write-in,3
Ulster,Town of Kingston District 1,President,,DEM,Kamala D. Harris,240
Ulster,Town of Kingston District 1,President,,WOR,Kamala D. Harris,0
Ulster,Town of Kingston District 1,President,,REP,Donald J. Trump,252
Ulster,Town of Kingston District 1,President,,CON,Donald J. Trump,45
Ulster,Town of Kingston District 1,President,,,Write-in,4
Ulster,Lloyd District 1,President,,DEM,Kamala D. Harris,411
Ulster,Lloyd District 1,President,,WOR,Kamala D. Harris,0
Ulster,Lloyd District 1,President,,REP,Donald J. Trump,351
Ulster,Lloyd District 1,President,,CON,Donald J. Trump,45
Ulster,Lloyd District 1,President,,,Write-in,4
Ulster,Lloyd District 2,President,,DEM,Kamala D. Harris,140
Ulster,Lloyd District 2,President,,WOR,Kamala D. Harris,0
Ulster,Lloyd District 2,President,,REP,Donald J. Trump,90
Ulster,Lloyd District 2,President,,CON,Donald J. Trump,19
Ulster,Lloyd District 2,President,,,Write-in,6
Ulster,Lloyd District 3,President,,DEM,Kamala D. Harris,747
Ulster,Lloyd District 3,President,,WOR,Kamala D. Harris,0
Ulster,Lloyd District 3,President,,REP,Donald J. Trump,558
Ulster,Lloyd District 3,President,,CON,Donald J. Trump,78
Ulster,Lloyd District 3,President,,,Write-in,6
Ulster,Lloyd District 4,President,,DEM,Kamala D. Harris,491
Ulster,Lloyd District 4,President,,WOR,Kamala D. Harris,0
Ulster,Lloyd District 4,President,,REP,Donald J. Trump,388
Ulster,Lloyd District 4,President,,CON,Donald J. Trump,47
Ulster,Lloyd District 4,President,,,Write-in,5
Ulster,Lloyd District 5,President,,DEM,Kamala D. Harris,661
Ulster,Lloyd District 5,President,,WOR,Kamala D. Harris,0
Ulster,Lloyd District 5,President,,REP,Donald J. Trump,416
Ulster,Lloyd District 5,President,,CON,Donald J. Trump,54
Ulster,Lloyd District 5,President,,,Write-in,10
Ulster,Lloyd District 6,President,,DEM,Kamala D. Harris,196
Ulster,Lloyd District 6,President,,WOR,Kamala D. Harris,0
Ulster,Lloyd District 6,President,,REP,Donald J. Trump,219
Ulster,Lloyd District 6,President,,CON,Donald J. Trump,43
Ulster,Lloyd District 6,President,,,Write-in,3
Ulster,Lloyd District 7,President,,DEM,Kamala D. Harris,423
Ulster,Lloyd District 7,President,,WOR,Kamala D. Harris,0
Ulster,Lloyd District 7,President,,REP,Donald J. Trump,384
Ulster,Lloyd District 7,President,,CON,Donald J. Trump,61
Ulster,Lloyd District 7,President,,,Write-in,3
Ulster,Marbletown District 1,President,,DEM,Kamala D. Harris,179
Ulster,Marbletown District 1,President,,WOR,Kamala D. Harris,0
Ulster,Marbletown District 1,President,,REP,Donald J. Trump,57
Ulster,Marbletown District 1,President,,CON,Donald J. Trump,11
Ulster,Marbletown District 1,President,,,Write-in,2
Ulster,Marbletown District 2,President,,DEM,Kamala D. Harris,302
Ulster,Marbletown District 2,President,,WOR,Kamala D. Harris,0
Ulster,Marbletown District 2,President,,REP,Donald J. Trump,129
Ulster,Marbletown District 2,President,,CON,Donald J. Trump,36
Ulster,Marbletown District 2,President,,,Write-in,3
Ulster,Marbletown District 3,President,,DEM,Kamala D. Harris,237
Ulster,Marbletown District 3,President,,WOR,Kamala D. Harris,0
Ulster,Marbletown District 3,President,,REP,Donald J. Trump,92
Ulster,Marbletown District 3,President,,CON,Donald J. Trump,14
Ulster,Marbletown District 3,President,,,Write-in,4
Ulster,Marbletown District 4,President,,DEM,Kamala D. Harris,304
Ulster,Marbletown District 4,President,,WOR,Kamala D. Harris,0
Ulster,Marbletown District 4,President,,REP,Donald J. Trump,151
Ulster,Marbletown District 4,President,,CON,Donald J. Trump,18
Ulster,Marbletown District 4,President,,,Write-in,2
Ulster,Marbletown District 5,President,,DEM,Kamala D. Harris,323
Ulster,Marbletown District 5,President,,WOR,Kamala D. Harris,0
Ulster,Marbletown District 5,President,,REP,Donald J. Trump,117
Ulster,Marbletown District 5,President,,CON,Donald J. Trump,33
Ulster,Marbletown District 5,President,,,Write-in,0
Ulster,Marbletown District 6,President,,DEM,Kamala D. Harris,409
Ulster,Marbletown District 6,President,,WOR,Kamala D. Harris,0
Ulster,Marbletown District 6,President,,REP,Donald J. Trump,145
Ulster,Marbletown District 6,President,,CON,Donald J. Trump,26
Ulster,Marbletown District 6,President,,,Write-in,3
Ulster,Marbletown District 7,President,,DEM,Kamala D. Harris,605
Ulster,Marbletown District 7,President,,WOR,Kamala D. Harris,0
Ulster,Marbletown District 7,President,,REP,Donald J. Trump,295
Ulster,Marbletown District 7,President,,CON,Donald J. Trump,36
Ulster,Marbletown District 7,President,,,Write-in,12
Ulster,Marlborough District 1,President,,DEM,Kamala D. Harris,321
Ulster,Marlborough District 1,President,,WOR,Kamala D. Harris,0
Ulster,Marlborough District 1,President,,REP,Donald J. Trump,475
Ulster,Marlborough District 1,President,,CON,Donald J. Trump,48
Ulster,Marlborough District 1,President,,,Write-in,0
Ulster,Marlborough District 2,President,,DEM,Kamala D. Harris,300
Ulster,Marlborough District 2,President,,WOR,Kamala D. Harris,0
Ulster,Marlborough District 2,President,,REP,Donald J. Trump,301
Ulster,Marlborough District 2,President,,CON,Donald J. Trump,27
Ulster,Marlborough District 2,President,,,Write-in,4
Ulster,Marlborough District 3,President,,DEM,Kamala D. Harris,323
Ulster,Marlborough District 3,President,,WOR,Kamala D. Harris,0
Ulster,Marlborough District 3,President,,REP,Donald J. Trump,506
Ulster,Marlborough District 3,President,,CON,Donald J. Trump,64
Ulster,Marlborough District 3,President,,,Write-in,2
Ulster,Marlborough District 4,President,,DEM,Kamala D. Harris,398
Ulster,Marlborough District 4,President,,WOR,Kamala D. Harris,0
Ulster,Marlborough District 4,President,,REP,Donald J. Trump,541
Ulster,Marlborough District 4,President,,CON,Donald J. Trump,63
Ulster,Marlborough District 4,President,,,Write-in,9
Ulster,Marlborough District 5,President,,DEM,Kamala D. Harris,370
Ulster,Marlborough District 5,President,,WOR,Kamala D. Harris,0
Ulster,Marlborough District 5,President,,REP,Donald J. Trump,441
Ulster,Marlborough District 5,President,,CON,Donald J. Trump,63
Ulster,Marlborough District 5,President,,,Write-in,2
Ulster,Marlborough District 6,President,,DEM,Kamala D. Harris,177
Ulster,Marlborough District 6,President,,WOR,Kamala D. Harris,0
Ulster,Marlborough District 6,President,,REP,Donald J. Trump,299
Ulster,Marlborough District 6,President,,CON,Donald J. Trump,39
Ulster,Marlborough District 6,President,,,Write-in,10
Ulster,New Paltz District 1,President,,DEM,Kamala D. Harris,905
Ulster,New Paltz District 1,President,,WOR,Kamala D. Harris,0
Ulster,New Paltz District 1,President,,REP,Donald J. Trump,145
Ulster,New Paltz District 1,President,,CON,Donald J. Trump,11
Ulster,New Paltz District 1,President,,,Write-in,24
Ulster,New Paltz District 2,President,,DEM,Kamala D. Harris,368
Ulster,New Paltz District 2,President,,WOR,Kamala D. Harris,0
Ulster,New Paltz District 2,President,,REP,Donald J. Trump,113
Ulster,New Paltz District 2,President,,CON,Donald J. Trump,9
Ulster,New Paltz District 2,President,,,Write-in,2
Ulster,New Paltz District 3,President,,DEM,Kamala D. Harris,282
Ulster,New Paltz District 3,President,,WOR,Kamala D. Harris,0
Ulster,New Paltz District 3,President,,REP,Donald J. Trump,111
Ulster,New Paltz District 3,President,,CON,Donald J. Trump,25
Ulster,New Paltz District 3,President,,,Write-in,5
Ulster,New Paltz District 4,President,,DEM,Kamala D. Harris,746
Ulster,New Paltz District 4,President,,WOR,Kamala D. Harris,0
Ulster,New Paltz District 4,President,,REP,Donald J. Trump,129
Ulster,New Paltz District 4,President,,CON,Donald J. Trump,18
Ulster,New Paltz District 4,President,,,Write-in,15
Ulster,New Paltz District 5,President,,DEM,Kamala D. Harris,311
Ulster,New Paltz District 5,President,,WOR,Kamala D. Harris,0
Ulster,New Paltz District 5,President,,REP,Donald J. Trump,79
Ulster,New Paltz District 5,President,,CON,Donald J. Trump,10
Ulster,New Paltz District 5,President,,,Write-in,3
Ulster,New Paltz District 6,President,,DEM,Kamala D. Harris,515
Ulster,New Paltz District 6,President,,WOR,Kamala D. Harris,0
Ulster,New Paltz District 6,President,,REP,Donald J. Trump,138
Ulster,New Paltz District 6,President,,CON,Donald J. Trump,22
Ulster,New Paltz District 6,President,,,Write-in,7
Ulster,New Paltz District 7,President,,DEM,Kamala D. Harris,424
Ulster,New Paltz District 7,President,,WOR,Kamala D. Harris,0
Ulster,New Paltz District 7,President,,REP,Donald J. Trump,180
Ulster,New Paltz District 7,President,,CON,Donald J. Trump,21
Ulster,New Paltz District 7,President,,,Write-in,11
Ulster,New Paltz District 8,President,,DEM,Kamala D. Harris,325
Ulster,New Paltz District 8,President,,WOR,Kamala D. Harris,0
Ulster,New Paltz District 8,President,,REP,Donald J. Trump,83
Ulster,New Paltz District 8,President,,CON,Donald J. Trump,10
Ulster,New Paltz District 8,President,,,Write-in,2
Ulster,New Paltz District 9,President,,DEM,Kamala D. Harris,888
Ulster,New Paltz District 9,President,,WOR,Kamala D. Harris,0
Ulster,New Paltz District 9,President,,REP,Donald J. Trump,81
Ulster,New Paltz District 9,President,,CON,Donald J. Trump,9
Ulster,New Paltz District 9,President,,,Write-in,22
Ulster,New Paltz District 10,President,,DEM,Kamala D. Harris,310
Ulster,New Paltz District 10,President,,WOR,Kamala D. Harris,0
Ulster,New Paltz District 10,President,,REP,Donald J. Trump,208
Ulster,New Paltz District 10,President,,CON,Donald J. Trump,30
Ulster,New Paltz District 10,President,,,Write-in,8
Ulster,New Paltz District 11,President,,DEM,Kamala D. Harris,206
Ulster,New Paltz District 11,President,,WOR,Kamala D. Harris,0
Ulster,New Paltz District 11,President,,REP,Donald J. Trump,43
Ulster,New Paltz District 11,President,,CON,Donald J. Trump,2
Ulster,New Paltz District 11,President,,,Write-in,4
Ulster,Olive District 1,President,,DEM,Kamala D. Harris,425
Ulster,Olive District 1,President,,WOR,Kamala D. Harris,0
Ulster,Olive District 1,President,,REP,Donald J. Trump,227
Ulster,Olive District 1,President,,CON,Donald J. Trump,53
Ulster,Olive District 1,President,,,Write-in,10
Ulster,Olive District 2,President,,DEM,Kamala D. Harris,285
Ulster,Olive District 2,President,,WOR,Kamala D. Harris,0
Ulster,Olive District 2,President,,REP,Donald J. Trump,125
Ulster,Olive District 2,President,,CON,Donald J. Trump,25
Ulster,Olive District 2,President,,,Write-in,5
Ulster,Olive District 3,President,,DEM,Kamala D. Harris,311
Ulster,Olive District 3,President,,WOR,Kamala D. Harris,0
Ulster,Olive District 3,President,,REP,Donald J. Trump,189
Ulster,Olive District 3,President,,CON,Donald J. Trump,39
Ulster,Olive District 3,President,,,Write-in,7
Ulster,Olive District 4,President,,DEM,Kamala D. Harris,307
Ulster,Olive District 4,President,,WOR,Kamala D. Harris,0
Ulster,Olive District 4,President,,REP,Donald J. Trump,166
Ulster,Olive District 4,President,,CON,Donald J. Trump,44
Ulster,Olive District 4,President,,,Write-in,17
Ulster,Olive District 5,President,,DEM,Kamala D. Harris,305
Ulster,Olive District 5,President,,WOR,Kamala D. Harris,0
Ulster,Olive District 5,President,,REP,Donald J. Trump,103
Ulster,Olive District 5,President,,CON,Donald J. Trump,34
Ulster,Olive District 5,President,,,Write-in,9
Ulster,Plattekill District 1,President,,DEM,Kamala D. Harris,387
Ulster,Plattekill District 1,President,,WOR,Kamala D. Harris,0
Ulster,Plattekill District 1,President,,REP,Donald J. Trump,428
Ulster,Plattekill District 1,President,,CON,Donald J. Trump,39
Ulster,Plattekill District 1,President,,,Write-in,2
Ulster,Plattekill District 2,President,,DEM,Kamala D. Harris,269
Ulster,Plattekill District 2,President,,WOR,Kamala D. Harris,0
Ulster,Plattekill District 2,President,,REP,Donald J. Trump,274
Ulster,Plattekill District 2,President,,CON,Donald J. Trump,28
Ulster,Plattekill District 2,President,,,Write-in,1
Ulster,Plattekill District 3,President,,DEM,Kamala D. Harris,151
Ulster,Plattekill District 3,President,,WOR,Kamala D. Harris,0
Ulster,Plattekill District 3,President,,REP,Donald J. Trump,250
Ulster,Plattekill District 3,President,,CON,Donald J. Trump,34
Ulster,Plattekill District 3,President,,,Write-in,0
Ulster,Plattekill District 4,President,,DEM,Kamala D. Harris,370
Ulster,Plattekill District 4,President,,WOR,Kamala D. Harris,0
Ulster,Plattekill District 4,President,,REP,Donald J. Trump,535
Ulster,Plattekill District 4,President,,CON,Donald J. Trump,86
Ulster,Plattekill District 4,President,,,Write-in,0
Ulster,Plattekill District 5,President,,DEM,Kamala D. Harris,474
Ulster,Plattekill District 5,President,,WOR,Kamala D. Harris,0
Ulster,Plattekill District 5,President,,REP,Donald J. Trump,587
Ulster,Plattekill District 5,President,,CON,Donald J. Trump,88
Ulster,Plattekill District 5,President,,,Write-in,6
Ulster,Plattekill District 6,President,,DEM,Kamala D. Harris,422
Ulster,Plattekill District 6,President,,WOR,Kamala D. Harris,0
Ulster,Plattekill District 6,President,,REP,Donald J. Trump,564
Ulster,Plattekill District 6,President,,CON,Donald J. Trump,75
Ulster,Plattekill District 6,President,,,Write-in,3
Ulster,Rochester District 1,President,,DEM,Kamala D. Harris,519
Ulster,Rochester District 1,President,,WOR,Kamala D. Harris,0
Ulster,Rochester District 1,President,,REP,Donald J. Trump,377
Ulster,Rochester District 1,President,,CON,Donald J. Trump,48
Ulster,Rochester District 1,President,,,Write-in,7
Ulster,Rochester District 2,President,,DEM,Kamala D. Harris,421
Ulster,Rochester District 2,President,,WOR,Kamala D. Harris,0
Ulster,Rochester District 2,President,,REP,Donald J. Trump,392
Ulster,Rochester District 2,President,,CON,Donald J. Trump,41
Ulster,Rochester District 2,President,,,Write-in,4
Ulster,Rochester District 3,President,,DEM,Kamala D. Harris,446
Ulster,Rochester District 3,President,,WOR,Kamala D. Harris,0
Ulster,Rochester District 3,President,,REP,Donald J. Trump,362
Ulster,Rochester District 3,President,,CON,Donald J. Trump,42
Ulster,Rochester District 3,President,,,Write-in,4
Ulster,Rochester District 4,President,,DEM,Kamala D. Harris,389
Ulster,Rochester District 4,President,,WOR,Kamala D. Harris,0
Ulster,Rochester District 4,President,,REP,Donald J. Trump,183
Ulster,Rochester District 4,President,,CON,Donald J. Trump,17
Ulster,Rochester District 4,President,,,Write-in,11
Ulster,Rochester District 5,President,,DEM,Kamala D. Harris,375
Ulster,Rochester District 5,President,,WOR,Kamala D. Harris,0
Ulster,Rochester District 5,President,,REP,Donald J. Trump,280
Ulster,Rochester District 5,President,,CON,Donald J. Trump,35
Ulster,Rochester District 5,President,,,Write-in,8
Ulster,Rosendale District 1,President,,DEM,Kamala D. Harris,448
Ulster,Rosendale District 1,President,,WOR,Kamala D. Harris,0
Ulster,Rosendale District 1,President,,REP,Donald J. Trump,172
Ulster,Rosendale District 1,President,,CON,Donald J. Trump,30
Ulster,Rosendale District 1,President,,,Write-in,10
Ulster,Rosendale District 2,President,,DEM,Kamala D. Harris,298
Ulster,Rosendale District 2,President,,WOR,Kamala D. Harris,0
Ulster,Rosendale District 2,President,,REP,Donald J. Trump,183
Ulster,Rosendale District 2,President,,CON,Donald J. Trump,27
Ulster,Rosendale District 2,President,,,Write-in,9
Ulster,Rosendale District 3,President,,DEM,Kamala D. Harris,317
Ulster,Rosendale District 3,President,,WOR,Kamala D. Harris,0
Ulster,Rosendale District 3,President,,REP,Donald J. Trump,234
Ulster,Rosendale District 3,President,,CON,Donald J. Trump,38
Ulster,Rosendale District 3,President,,,Write-in,7
Ulster,Rosendale District 4,President,,DEM,Kamala D. Harris,441
Ulster,Rosendale District 4,President,,WOR,Kamala D. Harris,0
Ulster,Rosendale District 4,President,,REP,Donald J. Trump,222
Ulster,Rosendale District 4,President,,CON,Donald J. Trump,43
Ulster,Rosendale District 4,President,,,Write-in,9
Ulster,Rosendale District 5,President,,DEM,Kamala D. Harris,377
Ulster,Rosendale District 5,President,,WOR,Kamala D. Harris,0
Ulster,Rosendale District 5,President,,REP,Donald J. Trump,275
Ulster,Rosendale District 5,President,,CON,Donald J. Trump,40
Ulster,Rosendale District 5,President,,,Write-in,10
Ulster,Saugerties District 1,President,,DEM,Kamala D. Harris,147
Ulster,Saugerties District 1,President,,WOR,Kamala D. Harris,0
Ulster,Saugerties District 1,President,,REP,Donald J. Trump,168
Ulster,Saugerties District 1,President,,CON,Donald J. Trump,33
Ulster,Saugerties District 1,President,,,Write-in,1
Ulster,Saugerties District 2,President,,DEM,Kamala D. Harris,386
Ulster,Saugerties District 2,President,,WOR,Kamala D. Harris,0
Ulster,Saugerties District 2,President,,REP,Donald J. Trump,179
Ulster,Saugerties District 2,President,,CON,Donald J. Trump,30
Ulster,Saugerties District 2,President,,,Write-in,3
Ulster,Saugerties District 3,President,,DEM,Kamala D. Harris,246
Ulster,Saugerties District 3,President,,WOR,Kamala D. Harris,0
Ulster,Saugerties District 3,President,,REP,Donald J. Trump,132
Ulster,Saugerties District 3,President,,CON,Donald J. Trump,15
Ulster,Saugerties District 3,President,,,Write-in,4
Ulster,Saugerties District 4,President,,DEM,Kamala D. Harris,475
Ulster,Saugerties District 4,President,,WOR,Kamala D. Harris,0
Ulster,Saugerties District 4,President,,REP,Donald J. Trump,254
Ulster,Saugerties District 4,President,,CON,Donald J. Trump,45
Ulster,Saugerties District 4,President,,,Write-in,7
Ulster,Saugerties District 5,President,,DEM,Kamala D. Harris,522
Ulster,Saugerties District 5,President,,WOR,Kamala D. Harris,0
Ulster,Saugerties District 5,President,,REP,Donald J. Trump,274
Ulster,Saugerties District 5,President,,CON,Donald J. Trump,51
Ulster,Saugerties District 5,President,,,Write-in,7
Ulster,Saugerties District 6,President,,DEM,Kamala D. Harris,400
Ulster,Saugerties District 6,President,,WOR,Kamala D. Harris,0
Ulster,Saugerties District 6,President,,REP,Donald J. Trump,397
Ulster,Saugerties District 6,President,,CON,Donald J. Trump,65
Ulster,Saugerties District 6,President,,,Write-in,4
Ulster,Saugerties District 7,President,,DEM,Kamala D. Harris,124
Ulster,Saugerties District 7,President,,WOR,Kamala D. Harris,0
Ulster,Saugerties District 7,President,,REP,Donald J. Trump,116
Ulster,Saugerties District 7,President,,CON,Donald J. Trump,22
Ulster,Saugerties District 7,President,,,Write-in,2
Ulster,Saugerties District 8,President,,DEM,Kamala D. Harris,661
Ulster,Saugerties District 8,President,,WOR,Kamala D. Harris,0
Ulster,Saugerties District 8,President,,REP,Donald J. Trump,585
Ulster,Saugerties District 8,President,,CON,Donald J. Trump,106
Ulster,Saugerties District 8,President,,,Write-in,5
Ulster,Saugerties District 9,President,,DEM,Kamala D. Harris,270
Ulster,Saugerties District 9,President,,WOR,Kamala D. Harris,0
Ulster,Saugerties District 9,President,,REP,Donald J. Trump,143
Ulster,Saugerties District 9,President,,CON,Donald J. Trump,40
Ulster,Saugerties District 9,President,,,Write-in,6
Ulster,Saugerties District 10,President,,DEM,Kamala D. Harris,176
Ulster,Saugerties District 10,President,,WOR,Kamala D. Harris,0
Ulster,Saugerties District 10,President,,REP,Donald J. Trump,155
Ulster,Saugerties District 10,President,,CON,Donald J. Trump,31
Ulster,Saugerties District 10,President,,,Write-in,2
Ulster,Saugerties District 11,President,,DEM,Kamala D. Harris,230
Ulster,Saugerties District 11,President,,WOR,Kamala D. Harris,0
Ulster,Saugerties District 11,President,,REP,Donald J. Trump,263
Ulster,Saugerties District 11,President,,CON,Donald J. Trump,30
Ulster,Saugerties District 11,President,,,Write-in,5
Ulster,Saugerties District 12,President,,DEM,Kamala D. Harris,451
Ulster,Saugerties District 12,President,,WOR,Kamala D. Harris,0
Ulster,Saugerties District 12,President,,REP,Donald J. Trump,540
Ulster,Saugerties District 12,President,,CON,Donald J. Trump,77
Ulster,Saugerties District 12,President,,,Write-in,7
Ulster,Saugerties District 13,President,,DEM,Kamala D. Harris,414
Ulster,Saugerties District 13,President,,WOR,Kamala D. Harris,0
Ulster,Saugerties District 13,President,,REP,Donald J. Trump,401
Ulster,Saugerties District 13,President,,CON,Donald J. Trump,59
Ulster,Saugerties District 13,President,,,Write-in,9
Ulster,Saugerties District 14,President,,DEM,Kamala D. Harris,432
Ulster,Saugerties District 14,President,,WOR,Kamala D. Harris,0
Ulster,Saugerties District 14,President,,REP,Donald J. Trump,338
Ulster,Saugerties District 14,President,,CON,Donald J. Trump,51
Ulster,Saugerties District 14,President,,,Write-in,8
Ulster,Saugerties District 15,President,,DEM,Kamala D. Harris,436
Ulster,Saugerties District 15,President,,WOR,Kamala D. Harris,0
Ulster,Saugerties District 15,President,,REP,Donald J. Trump,318
Ulster,Saugerties District 15,President,,CON,Donald J. Trump,64
Ulster,Saugerties District 15,President,,,Write-in,5
Ulster,Shandaken District 1,President,,DEM,Kamala D. Harris,423
Ulster,Shandaken District 1,President,,WOR,Kamala D. Harris,0
Ulster,Shandaken District 1,President,,REP,Donald J. Trump,167
Ulster,Shandaken District 1,President,,CON,Donald J. Trump,22
Ulster,Shandaken District 1,President,,,Write-in,7
Ulster,Shandaken District 2,President,,DEM,Kamala D. Harris,146
Ulster,Shandaken District 2,President,,WOR,Kamala D. Harris,0
Ulster,Shandaken District 2,President,,REP,Donald J. Trump,114
Ulster,Shandaken District 2,President,,CON,Donald J. Trump,15
Ulster,Shandaken District 2,President,,,Write-in,1
Ulster,Shandaken District 3,President,,DEM,Kamala D. Harris,226
Ulster,Shandaken District 3,President,,WOR,Kamala D. Harris,0
Ulster,Shandaken District 3,President,,REP,Donald J. Trump,122
Ulster,Shandaken District 3,President,,CON,Donald J. Trump,18
Ulster,Shandaken District 3,President,,,Write-in,4
Ulster,Shandaken District 4,President,,DEM,Kamala D. Harris,202
Ulster,Shandaken District 4,President,,WOR,Kamala D. Harris,0
Ulster,Shandaken District 4,President,,REP,Donald J. Trump,80
Ulster,Shandaken District 4,President,,CON,Donald J. Trump,22
Ulster,Shandaken District 4,President,,,Write-in,2
Ulster,Shawangunk District 1,President,,DEM,Kamala D. Harris,319
Ulster,Shawangunk District 1,President,,WOR,Kamala D. Harris,0
Ulster,Shawangunk District 1,President,,REP,Donald J. Trump,443
Ulster,Shawangunk District 1,President,,CON,Donald J. Trump,47
Ulster,Shawangunk District 1,President,,,Write-in,3
Ulster,Shawangunk District 2,President,,DEM,Kamala D. Harris,405
Ulster,Shawangunk District 2,President,,WOR,Kamala D. Harris,0
Ulster,Shawangunk District 2,President,,REP,Donald J. Trump,620
Ulster,Shawangunk District 2,President,,CON,Donald J. Trump,56
Ulster,Shawangunk District 2,President,,,Write-in,7
Ulster,Shawangunk District 3,President,,DEM,Kamala D. Harris,261
Ulster,Shawangunk District 3,President,,WOR,Kamala D. Harris,0
Ulster,Shawangunk District 3,President,,REP,Donald J. Trump,451
Ulster,Shawangunk District 3,President,,CON,Donald J. Trump,50
Ulster,Shawangunk District 3,President,,,Write-in,1
Ulster,Shawangunk District 4,President,,DEM,Kamala D. Harris,273
Ulster,Shawangunk District 4,President,,WOR,Kamala D. Harris,0
Ulster,Shawangunk District 4,President,,REP,Donald J. Trump,384
Ulster,Shawangunk District 4,President,,CON,Donald J. Trump,40
Ulster,Shawangunk District 4,President,,,Write-in,2
Ulster,Shawangunk District 5,President,,DEM,Kamala D. Harris,160
Ulster,Shawangunk District 5,President,,WOR,Kamala D. Harris,0
Ulster,Shawangunk District 5,President,,REP,Donald J. Trump,379
Ulster,Shawangunk District 5,President,,CON,Donald J. Trump,37
Ulster,Shawangunk District 5,President,,,Write-in,0
Ulster,Shawangunk District 6,President,,DEM,Kamala D. Harris,256
Ulster,Shawangunk District 6,President,,WOR,Kamala D. Harris,0
Ulster,Shawangunk District 6,President,,REP,Donald J. Trump,517
Ulster,Shawangunk District 6,President,,CON,Donald J. Trump,58
Ulster,Shawangunk District 6,President,,,Write-in,4
Ulster,Shawangunk District 7,President,,DEM,Kamala D. Harris,366
Ulster,Shawangunk District 7,President,,WOR,Kamala D. Harris,0
Ulster,Shawangunk District 7,President,,REP,Donald J. Trump,627
Ulster,Shawangunk District 7,President,,CON,Donald J. Trump,68
Ulster,Shawangunk District 7,President,,,Write-in,6
Ulster,Town of Ulster District 1,President,,DEM,Kamala D. Harris,270
Ulster,Town of Ulster District 1,President,,WOR,Kamala D. Harris,0
Ulster,Town of Ulster District 1,President,,REP,Donald J. Trump,248
Ulster,Town of Ulster District 1,President,,CON,Donald J. Trump,43
Ulster,Town of Ulster District 1,President,,,Write-in,2
Ulster,Town of Ulster District 2,President,,DEM,Kamala D. Harris,341
Ulster,Town of Ulster District 2,President,,WOR,Kamala D. Harris,0
Ulster,Town of Ulster District 2,President,,REP,Donald J. Trump,293
Ulster,Town of Ulster District 2,President,,CON,Donald J. Trump,43
Ulster,Town of Ulster District 2,President,,,Write-in,4
Ulster,Town of Ulster District 3,President,,DEM,Kamala D. Harris,127
Ulster,Town of Ulster District 3,President,,WOR,Kamala D. Harris,0
Ulster,Town of Ulster District 3,President,,REP,Donald J. Trump,101
Ulster,Town of Ulster District 3,President,,CON,Donald J. Trump,18
Ulster,Town of Ulster District 3,President,,,Write-in,0
Ulster,Town of Ulster District 4,President,,DEM,Kamala D. Harris,139
Ulster,Town of Ulster District 4,President,,WOR,Kamala D. Harris,0
Ulster,Town of Ulster District 4,President,,REP,Donald J. Trump,92
Ulster,Town of Ulster District 4,President,,CON,Donald J. Trump,15
Ulster,Town of Ulster District 4,President,,,Write-in,5
Ulster,Town of Ulster District 5,President,,DEM,Kamala D. Harris,168
Ulster,Town of Ulster District 5,President,,WOR,Kamala D. Harris,0
Ulster,Town of Ulster District 5,President,,REP,Donald J. Trump,104
Ulster,Town of Ulster District 5,President,,CON,Donald J. Trump,9
Ulster,Town of Ulster District 5,President,,,Write-in,0
Ulster,Town of Ulster District 6,President,,DEM,Kamala D. Harris,132
Ulster,Town of Ulster District 6,President,,WOR,Kamala D. Harris,0
Ulster,Town of Ulster District 6,President,,REP,Donald J. Trump,114
Ulster,Town of Ulster District 6,President,,CON,Donald J. Trump,18
Ulster,Town of Ulster District 6,President,,,Write-in,0
Ulster,Town of Ulster District 7,President,,DEM,Kamala D. Harris,182
Ulster,Town of Ulster District 7,President,,WOR,Kamala D. Harris,0
Ulster,Town of Ulster District 7,President,,REP,Donald J. Trump,196
Ulster,Town of Ulster District 7,President,,CON,Donald J. Trump,22
Ulster,Town of Ulster District 7,President,,,Write-in,1
Ulster,Town of Ulster District 8,President,,DEM,Kamala D. Harris,149
Ulster,Town of Ulster District 8,President,,WOR,Kamala D. Harris,0
Ulster,Town of Ulster District 8,President,,REP,Donald J. Trump,112
Ulster,Town of Ulster District 8,President,,CON,Donald J. Trump,12
Ulster,Town of Ulster District 8,President,,,Write-in,1
Ulster,Town of Ulster District 9,President,,DEM,Kamala D. Harris,241
Ulster,Town of Ulster District 9,President,,WOR,Kamala D. Harris,0
Ulster,Town of Ulster District 9,President,,REP,Donald J. Trump,237
Ulster,Town of Ulster District 9,President,,CON,Donald J. Trump,47
Ulster,Town of Ulster District 9,President,,,Write-in,2
Ulster,Town of Ulster District 10,President,,DEM,Kamala D. Harris,277
Ulster,Town of Ulster District 10,President,,WOR,Kamala D. Harris,0
Ulster,Town of Ulster District 10,President,,REP,Donald J. Trump,262
Ulster,Town of Ulster District 10,President,,CON,Donald J. Trump,32
Ulster,Town of Ulster District 10,President,,,Write-in,3
Ulster,Town of Ulster District 11,President,,DEM,Kamala D. Harris,234
Ulster,Town of Ulster District 11,President,,WOR,Kamala D. Harris,0
Ulster,Town of Ulster District 11,President,,REP,Donald J. Trump,179
Ulster,Town of Ulster District 11,President,,CON,Donald J. Trump,26
Ulster,Town of Ulster District 11,President,,,Write-in,1
Ulster,Town of Ulster District 12,President,,DEM,Kamala D. Harris,253
Ulster,Town of Ulster District 12,President,,WOR,Kamala D. Harris,0
Ulster,Town of Ulster District 12,President,,REP,Donald J. Trump,296
Ulster,Town of Ulster District 12,President,,CON,Donald J. Trump,52
Ulster,Town of Ulster District 12,President,,,Write-in,4
Ulster,Town of Ulster District 13,President,,DEM,Kamala D. Harris,427
Ulster,Town of Ulster District 13,President,,WOR,Kamala D. Harris,0
Ulster,Town of Ulster District 13,President,,REP,Donald J. Trump,265
Ulster,Town of Ulster District 13,President,,CON,Donald J. Trump,50
Ulster,Town of Ulster District 13,President,,,Write-in,0
Ulster,Town of Ulster District 14,President,,DEM,Kamala D. Harris,183
Ulster,Town of Ulster District 14,President,,WOR,Kamala D. Harris,0
Ulster,Town of Ulster District 14,President,,REP,Donald J. Trump,240
Ulster,Town of Ulster District 14,President,,CON,Donald J. Trump,42
Ulster,Town of Ulster District 14,President,,,Write-in,1
Ulster,Wawarsing District 1,President,,DEM,Kamala D. Harris,123
Ulster,Wawarsing District 1,President,,WOR,Kamala D. Harris,0
Ulster,Wawarsing District 1,President,,REP,Donald J. Trump,89
Ulster,Wawarsing District 1,President,,CON,Donald J. Trump,20
Ulster,Wawarsing District 1,President,,,Write-in,1
Ulster,Wawarsing District 2,President,,DEM,Kamala D. Harris,279
Ulster,Wawarsing District 2,President,,WOR,Kamala D. Harris,0
Ulster,Wawarsing District 2,President,,REP,Donald J. Trump,179
Ulster,Wawarsing District 2,President,,CON,Donald J. Trump,27
Ulster,Wawarsing District 2,President,,,Write-in,7
Ulster,Wawarsing District 3,President,,DEM,Kamala D. Harris,272
Ulster,Wawarsing District 3,President,,WOR,Kamala D. Harris,0
Ulster,Wawarsing District 3,President,,REP,Donald J. Trump,171
Ulster,Wawarsing District 3,President,,CON,Donald J. Trump,22
Ulster,Wawarsing District 3,President,,,Write-in,5
Ulster,Wawarsing District 4,President,,DEM,Kamala D. Harris,201
Ulster,Wawarsing District 4,President,,WOR,Kamala D. Harris,0
Ulster,Wawarsing District 4,President,,REP,Donald J. Trump,109
Ulster,Wawarsing District 4,President,,CON,Donald J. Trump,15
Ulster,Wawarsing District 4,President,,,Write-in,3
Ulster,Wawarsing District 5,President,,DEM,Kamala D. Harris,104
Ulster,Wawarsing District 5,President,,WOR,Kamala D. Harris,0
Ulster,Wawarsing District 5,President,,REP,Donald J. Trump,224
Ulster,Wawarsing District 5,President,,CON,Donald J. Trump,35
Ulster,Wawarsing District 5,President,,,Write-in,2
Ulster,Wawarsing District 6,President,,DEM,Kamala D. Harris,127
Ulster,Wawarsing District 6,President,,WOR,Kamala D. Harris,0
Ulster,Wawarsing District 6,President,,REP,Donald J. Trump,263
Ulster,Wawarsing District 6,President,,CON,Donald J. Trump,36
Ulster,Wawarsing District 6,President,,,Write-in,2
Ulster,Wawarsing District 7,President,,DEM,Kamala D. Harris,83
Ulster,Wawarsing District 7,President,,WOR,Kamala D. Harris,0
Ulster,Wawarsing District 7,President,,REP,Donald J. Trump,131
Ulster,Wawarsing District 7,President,,CON,Donald J. Trump,22
Ulster,Wawarsing District 7,President,,,Write-in,4
Ulster,Wawarsing District 8,President,,DEM,Kamala D. Harris,293
Ulster,Wawarsing District 8,President,,WOR,Kamala D. Harris,0
Ulster,Wawarsing District 8,President,,REP,Donald J. Trump,359
Ulster,Wawarsing District 8,President,,CON,Donald J. Trump,45
Ulster,Wawarsing District 8,President,,,Write-in,2
Ulster,Wawarsing District 9,President,,DEM,Kamala D. Harris,171
Ulster,Wawarsing District 9,President,,WOR,Kamala D. Harris,0
Ulster,Wawarsing District 9,President,,REP,Donald J. Trump,206
Ulster,Wawarsing District 9,President,,CON,Donald J. Trump,25
Ulster,Wawarsing District 9,President,,,Write-in,1
Ulster,Wawarsing District 10,President,,DEM,Kamala D. Harris,24
Ulster,Wawarsing District 10,President,,WOR,Kamala D. Harris,0
Ulster,Wawarsing District 10,President,,REP,Donald J. Trump,41
Ulster,Wawarsing District 10,President,,CON,Donald J. Trump,4
Ulster,Wawarsing District 10,President,,,Write-in,0
Ulster,Wawarsing District 11,President,,DEM,Kamala D. Harris,253
Ulster,Wawarsing District 11,President,,WOR,Kamala D. Harris,0
Ulster,Wawarsing District 11,President,,REP,Donald J. Trump,229
Ulster,Wawarsing District 11,President,,CON,Donald J. Trump,40
Ulster,Wawarsing District 11,President,,,Write-in,2
Ulster,Wawarsing District 12,President,,DEM,Kamala D. Harris,109
Ulster,Wawarsing District 12,President,,WOR,Kamala D. Harris,0
Ulster,Wawarsing District 12,President,,REP,Donald J. Trump,129
Ulster,Wawarsing District 12,President,,CON,Donald J. Trump,16
Ulster,Wawarsing District 12,President,,,Write-in,2
Ulster,Wawarsing District 13,President,,DEM,Kamala D. Harris,100
Ulster,Wawarsing District 13,President,,WOR,Kamala D. Harris,0
Ulster,Wawarsing District 13,President,,REP,Donald J. Trump,134
Ulster,Wawarsing District 13,President,,CON,Donald J. Trump,12
Ulster,Wawarsing District 13,President,,,Write-in,3
Ulster,Woodstock District 1,President,,DEM,Kamala D. Harris,539
Ulster,Woodstock District 1,President,,WOR,Kamala D. Harris,0
Ulster,Woodstock District 1,President,,REP,Donald J. Trump,54
Ulster,Woodstock District 1,President,,CON,Donald J. Trump,8
Ulster,Woodstock District 1,President,,,Write-in,5
Ulster,Woodstock District 2,President,,DEM,Kamala D. Harris,336
Ulster,Woodstock District 2,President,,WOR,Kamala D. Harris,0
Ulster,Woodstock District 2,President,,REP,Donald J. Trump,63
Ulster,Woodstock District 2,President,,CON,Donald J. Trump,9
Ulster,Woodstock District 2,President,,,Write-in,3
Ulster,Woodstock District 3,President,,DEM,Kamala D. Harris,484
Ulster,Woodstock District 3,President,,WOR,Kamala D. Harris,0
Ulster,Woodstock District 3,President,,REP,Donald J. Trump,109
Ulster,Woodstock District 3,President,,CON,Donald J. Trump,11
Ulster,Woodstock District 3,President,,,Write-in,5
Ulster,Woodstock District 4,President,,DEM,Kamala D. Harris,264
Ulster,Woodstock District 4,President,,WOR,Kamala D. Harris,0
Ulster,Woodstock District 4,President,,REP,Donald J. Trump,63
Ulster,Woodstock District 4,President,,CON,Donald J. Trump,4
Ulster,Woodstock District 4,President,,,Write-in,8
Ulster,Woodstock District 5,President,,DEM,Kamala D. Harris,275
Ulster,Woodstock District 5,President,,WOR,Kamala D. Harris,0
Ulster,Woodstock District 5,President,,REP,Donald J. Trump,41
Ulster,Woodstock District 5,President,,CON,Donald J. Trump,3
Ulster,Woodstock District 5,President,,,Write-in,7
Ulster,Woodstock District 6,President,,DEM,Kamala D. Harris,302
Ulster,Woodstock District 6,President,,WOR,Kamala D. Harris,0
Ulster,Woodstock District 6,President,,REP,Donald J. Trump,76
Ulster,Woodstock District 6,President,,CON,Donald J. Trump,22
Ulster,Woodstock District 6,President,,,Write-in,10
Ulster,Woodstock District 7,President,,DEM,Kamala D. Harris,420
Ulster,Woodstock District 7,President,,WOR,Kamala D. Harris,0
Ulster,Woodstock District 7,President,,REP,Donald J. Trump,56
Ulster,Woodstock District 7,President,,CON,Donald J. Trump,5
Ulster,Woodstock District 7,President,,,Write-in,11
Ulster,Woodstock District 8,President,,DEM,Kamala D. Harris,303
Ulster,Woodstock District 8,President,,WOR,Kamala D. Harris,0
Ulster,Woodstock District 8,President,,REP,Donald J. Trump,35
Ulster,Woodstock District 8,President,,CON,Donald J. Trump,6
Ulster,Woodstock District 8,President,,,Write-in,1
Ulster,Woodstock District 9,President,,DEM,Kamala D. Harris,419
Ulster,Woodstock District 9,President,,WOR,Kamala D. Harris,0
Ulster,Woodstock District 9,President,,REP,Donald J. Trump,46
Ulster,Woodstock District 9,President,,CON,Donald J. Trump,2
Ulster,Woodstock District 9,President,,,Write-in,9
Ulster,City of Kingston Ward 1-Dist. 1,U.S. Senate,,DEM,Kirsten E. Gillibrand,194
Ulster,City of Kingston Ward 1-Dist. 1,U.S. Senate,,WOR,Kirsten E. Gillibrand,0
Ulster,City of Kingston Ward 1-Dist. 1,U.S. Senate,,REP,Michael D. Sapraicone,90
Ulster,City of Kingston Ward 1-Dist. 1,U.S. Senate,,CON,Michael D. Sapraicone,14
Ulster,City of Kingston Ward 1-Dist. 1,U.S. Senate,,LAR,Diane Sare,2
Ulster,City of Kingston Ward 1-Dist. 1,U.S. Senate,,,Write-in,0
Ulster,City of Kingston Ward 1-Dist. 2,U.S. Senate,,DEM,Kirsten E. Gillibrand,399
Ulster,City of Kingston Ward 1-Dist. 2,U.S. Senate,,WOR,Kirsten E. Gillibrand,0
Ulster,City of Kingston Ward 1-Dist. 2,U.S. Senate,,REP,Michael D. Sapraicone,174
Ulster,City of Kingston Ward 1-Dist. 2,U.S. Senate,,CON,Michael D. Sapraicone,45
Ulster,City of Kingston Ward 1-Dist. 2,U.S. Senate,,LAR,Diane Sare,7
Ulster,City of Kingston Ward 1-Dist. 2,U.S. Senate,,,Write-in,0
Ulster,City of Kingston Ward 1-Dist. 3,U.S. Senate,,DEM,Kirsten E. Gillibrand,258
Ulster,City of Kingston Ward 1-Dist. 3,U.S. Senate,,WOR,Kirsten E. Gillibrand,0
Ulster,City of Kingston Ward 1-Dist. 3,U.S. Senate,,REP,Michael D. Sapraicone,78
Ulster,City of Kingston Ward 1-Dist. 3,U.S. Senate,,CON,Michael D. Sapraicone,20
Ulster,City of Kingston Ward 1-Dist. 3,U.S. Senate,,LAR,Diane Sare,3
Ulster,City of Kingston Ward 1-Dist. 3,U.S. Senate,,,Write-in,2
Ulster,City of Kingston Ward 2-Dist. 1,U.S. Senate,,DEM,Kirsten E. Gillibrand,249
Ulster,City of Kingston Ward 2-Dist. 1,U.S. Senate,,WOR,Kirsten E. Gillibrand,0
Ulster,City of Kingston Ward 2-Dist. 1,U.S. Senate,,REP,Michael D. Sapraicone,53
Ulster,City of Kingston Ward 2-Dist. 1,U.S. Senate,,CON,Michael D. Sapraicone,9
Ulster,City of Kingston Ward 2-Dist. 1,U.S. Senate,,LAR,Diane Sare,4
Ulster,City of Kingston Ward 2-Dist. 1,U.S. Senate,,,Write-in,0
Ulster,City of Kingston Ward 2-Dist. 2,U.S. Senate,,DEM,Kirsten E. Gillibrand,71
Ulster,City of Kingston Ward 2-Dist. 2,U.S. Senate,,WOR,Kirsten E. Gillibrand,0
Ulster,City of Kingston Ward 2-Dist. 2,U.S. Senate,,REP,Michael D. Sapraicone,30
Ulster,City of Kingston Ward 2-Dist. 2,U.S. Senate,,CON,Michael D. Sapraicone,5
Ulster,City of Kingston Ward 2-Dist. 2,U.S. Senate,,LAR,Diane Sare,5
Ulster,City of Kingston Ward 2-Dist. 2,U.S. Senate,,,Write-in,0
Ulster,City of Kingston Ward 2-Dist. 3,U.S. Senate,,DEM,Kirsten E. Gillibrand,139
Ulster,City of Kingston Ward 2-Dist. 3,U.S. Senate,,WOR,Kirsten E. Gillibrand,0
Ulster,City of Kingston Ward 2-Dist. 3,U.S. Senate,,REP,Michael D. Sapraicone,42
Ulster,City of Kingston Ward 2-Dist. 3,U.S. Senate,,CON,Michael D. Sapraicone,8
Ulster,City of Kingston Ward 2-Dist. 3,U.S. Senate,,LAR,Diane Sare,2
Ulster,City of Kingston Ward 2-Dist. 3,U.S. Senate,,,Write-in,0
Ulster,City of Kingston Ward 2-Dist. 4,U.S. Senate,,DEM,Kirsten E. Gillibrand,251
Ulster,City of Kingston Ward 2-Dist. 4,U.S. Senate,,WOR,Kirsten E. Gillibrand,0
Ulster,City of Kingston Ward 2-Dist. 4,U.S. Senate,,REP,Michael D. Sapraicone,75
Ulster,City of Kingston Ward 2-Dist. 4,U.S. Senate,,CON,Michael D. Sapraicone,11
Ulster,City of Kingston Ward 2-Dist. 4,U.S. Senate,,LAR,Diane Sare,3
Ulster,City of Kingston Ward 2-Dist. 4,U.S. Senate,,,Write-in,0
Ulster,City of Kingston Ward 3-Dist. 1,U.S. Senate,,DEM,Kirsten E. Gillibrand,433
Ulster,City of Kingston Ward 3-Dist. 1,U.S. Senate,,WOR,Kirsten E. Gillibrand,0
Ulster,City of Kingston Ward 3-Dist. 1,U.S. Senate,,REP,Michael D. Sapraicone,150
Ulster,City of Kingston Ward 3-Dist. 1,U.S. Senate,,CON,Michael D. Sapraicone,28
Ulster,City of Kingston Ward 3-Dist. 1,U.S. Senate,,LAR,Diane Sare,2
Ulster,City of Kingston Ward 3-Dist. 1,U.S. Senate,,,Write-in,0
Ulster,City of Kingston Ward 3-Dist. 2,U.S. Senate,,DEM,Kirsten E. Gillibrand,218
Ulster,City of Kingston Ward 3-Dist. 2,U.S. Senate,,WOR,Kirsten E. Gillibrand,0
Ulster,City of Kingston Ward 3-Dist. 2,U.S. Senate,,REP,Michael D. Sapraicone,53
Ulster,City of Kingston Ward 3-Dist. 2,U.S. Senate,,CON,Michael D. Sapraicone,6
Ulster,City of Kingston Ward 3-Dist. 2,U.S. Senate,,LAR,Diane Sare,1
Ulster,City of Kingston Ward 3-Dist. 2,U.S. Senate,,,Write-in,1
Ulster,City of Kingston Ward 3-Dist. 3,U.S. Senate,,DEM,Kirsten E. Gillibrand,256
Ulster,City of Kingston Ward 3-Dist. 3,U.S. Senate,,WOR,Kirsten E. Gillibrand,0
Ulster,City of Kingston Ward 3-Dist. 3,U.S. Senate,,REP,Michael D. Sapraicone,129
Ulster,City of Kingston Ward 3-Dist. 3,U.S. Senate,,CON,Michael D. Sapraicone,32
Ulster,City of Kingston Ward 3-Dist. 3,U.S. Senate,,LAR,Diane Sare,3
Ulster,City of Kingston Ward 3-Dist. 3,U.S. Senate,,,Write-in,0
Ulster,City of Kingston Ward 4-Dist. 1,U.S. Senate,,DEM,Kirsten E. Gillibrand,125
Ulster,City of Kingston Ward 4-Dist. 1,U.S. Senate,,WOR,Kirsten E. Gillibrand,0
Ulster,City of Kingston Ward 4-Dist. 1,U.S. Senate,,REP,Michael D. Sapraicone,14
Ulster,City of Kingston Ward 4-Dist. 1,U.S. Senate,,CON,Michael D. Sapraicone,7
Ulster,City of Kingston Ward 4-Dist. 1,U.S. Senate,,LAR,Diane Sare,3
Ulster,City of Kingston Ward 4-Dist. 1,U.S. Senate,,,Write-in,0
Ulster,City of Kingston Ward 4-Dist. 2,U.S. Senate,,DEM,Kirsten E. Gillibrand,331
Ulster,City of Kingston Ward 4-Dist. 2,U.S. Senate,,WOR,Kirsten E. Gillibrand,0
Ulster,City of Kingston Ward 4-Dist. 2,U.S. Senate,,REP,Michael D. Sapraicone,78
Ulster,City of Kingston Ward 4-Dist. 2,U.S. Senate,,CON,Michael D. Sapraicone,13
Ulster,City of Kingston Ward 4-Dist. 2,U.S. Senate,,LAR,Diane Sare,6
Ulster,City of Kingston Ward 4-Dist. 2,U.S. Senate,,,Write-in,1
Ulster,City of Kingston Ward 5-Dist. 1,U.S. Senate,,DEM,Kirsten E. Gillibrand,204
Ulster,City of Kingston Ward 5-Dist. 1,U.S. Senate,,WOR,Kirsten E. Gillibrand,0
Ulster,City of Kingston Ward 5-Dist. 1,U.S. Senate,,REP,Michael D. Sapraicone,58
Ulster,City of Kingston Ward 5-Dist. 1,U.S. Senate,,CON,Michael D. Sapraicone,8
Ulster,City of Kingston Ward 5-Dist. 1,U.S. Senate,,LAR,Diane Sare,3
Ulster,City of Kingston Ward 5-Dist. 1,U.S. Senate,,,Write-in,1
Ulster,City of Kingston Ward 5-Dist. 2,U.S. Senate,,DEM,Kirsten E. Gillibrand,338
Ulster,City of Kingston Ward 5-Dist. 2,U.S. Senate,,WOR,Kirsten E. Gillibrand,0
Ulster,City of Kingston Ward 5-Dist. 2,U.S. Senate,,REP,Michael D. Sapraicone,146
Ulster,City of Kingston Ward 5-Dist. 2,U.S. Senate,,CON,Michael D. Sapraicone,19
Ulster,City of Kingston Ward 5-Dist. 2,U.S. Senate,,LAR,Diane Sare,6
Ulster,City of Kingston Ward 5-Dist. 2,U.S. Senate,,,Write-in,0
Ulster,City of Kingston Ward 5-Dist. 3,U.S. Senate,,DEM,Kirsten E. Gillibrand,120
Ulster,City of Kingston Ward 5-Dist. 3,U.S. Senate,,WOR,Kirsten E. Gillibrand,0
Ulster,City of Kingston Ward 5-Dist. 3,U.S. Senate,,REP,Michael D. Sapraicone,34
Ulster,City of Kingston Ward 5-Dist. 3,U.S. Senate,,CON,Michael D. Sapraicone,8
Ulster,City of Kingston Ward 5-Dist. 3,U.S. Senate,,LAR,Diane Sare,1
Ulster,City of Kingston Ward 5-Dist. 3,U.S. Senate,,,Write-in,0
Ulster,City of Kingston Ward 6-Dist.1,U.S. Senate,,DEM,Kirsten E. Gillibrand,251
Ulster,City of Kingston Ward 6-Dist.1,U.S. Senate,,WOR,Kirsten E. Gillibrand,0
Ulster,City of Kingston Ward 6-Dist.1,U.S. Senate,,REP,Michael D. Sapraicone,140
Ulster,City of Kingston Ward 6-Dist.1,U.S. Senate,,CON,Michael D. Sapraicone,23
Ulster,City of Kingston Ward 6-Dist.1,U.S. Senate,,LAR,Diane Sare,8
Ulster,City of Kingston Ward 6-Dist.1,U.S. Senate,,,Write-in,0
Ulster,City of Kingston Ward 6-Dist. 2,U.S. Senate,,DEM,Kirsten E. Gillibrand,276
Ulster,City of Kingston Ward 6-Dist. 2,U.S. Senate,,WOR,Kirsten E. Gillibrand,0
Ulster,City of Kingston Ward 6-Dist. 2,U.S. Senate,,REP,Michael D. Sapraicone,118
Ulster,City of Kingston Ward 6-Dist. 2,U.S. Senate,,CON,Michael D. Sapraicone,13
Ulster,City of Kingston Ward 6-Dist. 2,U.S. Senate,,LAR,Diane Sare,5
Ulster,City of Kingston Ward 6-Dist. 2,U.S. Senate,,,Write-in,0
Ulster,City of Kingston Ward 6-Dist. 3,U.S. Senate,,DEM,Kirsten E. Gillibrand,182
Ulster,City of Kingston Ward 6-Dist. 3,U.S. Senate,,WOR,Kirsten E. Gillibrand,0
Ulster,City of Kingston Ward 6-Dist. 3,U.S. Senate,,REP,Michael D. Sapraicone,53
Ulster,City of Kingston Ward 6-Dist. 3,U.S. Senate,,CON,Michael D. Sapraicone,9
Ulster,City of Kingston Ward 6-Dist. 3,U.S. Senate,,LAR,Diane Sare,8
Ulster,City of Kingston Ward 6-Dist. 3,U.S. Senate,,,Write-in,0
Ulster,City of Kingston Ward 7-Dist. 1,U.S. Senate,,DEM,Kirsten E. Gillibrand,206
Ulster,City of Kingston Ward 7-Dist. 1,U.S. Senate,,WOR,Kirsten E. Gillibrand,0
Ulster,City of Kingston Ward 7-Dist. 1,U.S. Senate,,REP,Michael D. Sapraicone,115
Ulster,City of Kingston Ward 7-Dist. 1,U.S. Senate,,CON,Michael D. Sapraicone,24
Ulster,City of Kingston Ward 7-Dist. 1,U.S. Senate,,LAR,Diane Sare,0
Ulster,City of Kingston Ward 7-Dist. 1,U.S. Senate,,,Write-in,0
Ulster,City of Kingston Ward 7-Dist. 2,U.S. Senate,,DEM,Kirsten E. Gillibrand,298
Ulster,City of Kingston Ward 7-Dist. 2,U.S. Senate,,WOR,Kirsten E. Gillibrand,0
Ulster,City of Kingston Ward 7-Dist. 2,U.S. Senate,,REP,Michael D. Sapraicone,151
Ulster,City of Kingston Ward 7-Dist. 2,U.S. Senate,,CON,Michael D. Sapraicone,26
Ulster,City of Kingston Ward 7-Dist. 2,U.S. Senate,,LAR,Diane Sare,2
Ulster,City of Kingston Ward 7-Dist. 2,U.S. Senate,,,Write-in,1
Ulster,City of Kingston Ward 7-Dist. 3,U.S. Senate,,DEM,Kirsten E. Gillibrand,212
Ulster,City of Kingston Ward 7-Dist. 3,U.S. Senate,,WOR,Kirsten E. Gillibrand,0
Ulster,City of Kingston Ward 7-Dist. 3,U.S. Senate,,REP,Michael D. Sapraicone,135
Ulster,City of Kingston Ward 7-Dist. 3,U.S. Senate,,CON,Michael D. Sapraicone,20
Ulster,City of Kingston Ward 7-Dist. 3,U.S. Senate,,LAR,Diane Sare,6
Ulster,City of Kingston Ward 7-Dist. 3,U.S. Senate,,,Write-in,0
Ulster,City of Kingston Ward 8-Dist. 1,U.S. Senate,,DEM,Kirsten E. Gillibrand,244
Ulster,City of Kingston Ward 8-Dist. 1,U.S. Senate,,WOR,Kirsten E. Gillibrand,0
Ulster,City of Kingston Ward 8-Dist. 1,U.S. Senate,,REP,Michael D. Sapraicone,44
Ulster,City of Kingston Ward 8-Dist. 1,U.S. Senate,,CON,Michael D. Sapraicone,10
Ulster,City of Kingston Ward 8-Dist. 1,U.S. Senate,,LAR,Diane Sare,1
Ulster,City of Kingston Ward 8-Dist. 1,U.S. Senate,,,Write-in,0
Ulster,City of Kingston Ward 8-Dist. 2,U.S. Senate,,DEM,Kirsten E. Gillibrand,185
Ulster,City of Kingston Ward 8-Dist. 2,U.S. Senate,,WOR,Kirsten E. Gillibrand,0
Ulster,City of Kingston Ward 8-Dist. 2,U.S. Senate,,REP,Michael D. Sapraicone,42
Ulster,City of Kingston Ward 8-Dist. 2,U.S. Senate,,CON,Michael D. Sapraicone,9
Ulster,City of Kingston Ward 8-Dist. 2,U.S. Senate,,LAR,Diane Sare,4
Ulster,City of Kingston Ward 8-Dist. 2,U.S. Senate,,,Write-in,1
Ulster,City of Kingston Ward 8-Dist. 3,U.S. Senate,,DEM,Kirsten E. Gillibrand,260
Ulster,City of Kingston Ward 8-Dist. 3,U.S. Senate,,WOR,Kirsten E. Gillibrand,0
Ulster,City of Kingston Ward 8-Dist. 3,U.S. Senate,,REP,Michael D. Sapraicone,94
Ulster,City of Kingston Ward 8-Dist. 3,U.S. Senate,,CON,Michael D. Sapraicone,18
Ulster,City of Kingston Ward 8-Dist. 3,U.S. Senate,,LAR,Diane Sare,3
Ulster,City of Kingston Ward 8-Dist. 3,U.S. Senate,,,Write-in,2
Ulster,City of Kingston Ward 9-Dist. 1,U.S. Senate,,DEM,Kirsten E. Gillibrand,222
Ulster,City of Kingston Ward 9-Dist. 1,U.S. Senate,,WOR,Kirsten E. Gillibrand,0
Ulster,City of Kingston Ward 9-Dist. 1,U.S. Senate,,REP,Michael D. Sapraicone,95
Ulster,City of Kingston Ward 9-Dist. 1,U.S. Senate,,CON,Michael D. Sapraicone,19
Ulster,City of Kingston Ward 9-Dist. 1,U.S. Senate,,LAR,Diane Sare,2
Ulster,City of Kingston Ward 9-Dist. 1,U.S. Senate,,,Write-in,0
Ulster,City of Kingston Ward 9-Dist. 2,U.S. Senate,,DEM,Kirsten E. Gillibrand,440
Ulster,City of Kingston Ward 9-Dist. 2,U.S. Senate,,WOR,Kirsten E. Gillibrand,0
Ulster,City of Kingston Ward 9-Dist. 2,U.S. Senate,,REP,Michael D. Sapraicone,108
Ulster,City of Kingston Ward 9-Dist. 2,U.S. Senate,,CON,Michael D. Sapraicone,22
Ulster,City of Kingston Ward 9-Dist. 2,U.S. Senate,,LAR,Diane Sare,11
Ulster,City of Kingston Ward 9-Dist. 2,U.S. Senate,,,Write-in,2
Ulster,City of Kingston Ward 9-Dist. 3,U.S. Senate,,DEM,Kirsten E. Gillibrand,108
Ulster,City of Kingston Ward 9-Dist. 3,U.S. Senate,,WOR,Kirsten E. Gillibrand,0
Ulster,City of Kingston Ward 9-Dist. 3,U.S. Senate,,REP,Michael D. Sapraicone,47
Ulster,City of Kingston Ward 9-Dist. 3,U.S. Senate,,CON,Michael D. Sapraicone,5
Ulster,City of Kingston Ward 9-Dist. 3,U.S. Senate,,LAR,Diane Sare,1
Ulster,City of Kingston Ward 9-Dist. 3,U.S. Senate,,,Write-in,1
Ulster,Denning District 1,U.S. Senate,,DEM,Kirsten E. Gillibrand,87
Ulster,Denning District 1,U.S. Senate,,WOR,Kirsten E. Gillibrand,0
Ulster,Denning District 1,U.S. Senate,,REP,Michael D. Sapraicone,67
Ulster,Denning District 1,U.S. Senate,,CON,Michael D. Sapraicone,5
Ulster,Denning District 1,U.S. Senate,,LAR,Diane Sare,0
Ulster,Denning District 1,U.S. Senate,,,Write-in,0
Ulster,Denning District 2,U.S. Senate,,DEM,Kirsten E. Gillibrand,50
Ulster,Denning District 2,U.S. Senate,,WOR,Kirsten E. Gillibrand,0
Ulster,Denning District 2,U.S. Senate,,REP,Michael D. Sapraicone,68
Ulster,Denning District 2,U.S. Senate,,CON,Michael D. Sapraicone,3
Ulster,Denning District 2,U.S. Senate,,LAR,Diane Sare,2
Ulster,Denning District 2,U.S. Senate,,,Write-in,0
Ulster,Esopus District 1,U.S. Senate,,DEM,Kirsten E. Gillibrand,479
Ulster,Esopus District 1,U.S. Senate,,WOR,Kirsten E. Gillibrand,0
Ulster,Esopus District 1,U.S. Senate,,REP,Michael D. Sapraicone,239
Ulster,Esopus District 1,U.S. Senate,,CON,Michael D. Sapraicone,44
Ulster,Esopus District 1,U.S. Senate,,LAR,Diane Sare,5
Ulster,Esopus District 1,U.S. Senate,,,Write-in,1
Ulster,Esopus District 2,U.S. Senate,,DEM,Kirsten E. Gillibrand,248
Ulster,Esopus District 2,U.S. Senate,,WOR,Kirsten E. Gillibrand,0
Ulster,Esopus District 2,U.S. Senate,,REP,Michael D. Sapraicone,185
Ulster,Esopus District 2,U.S. Senate,,CON,Michael D. Sapraicone,49
Ulster,Esopus District 2,U.S. Senate,,LAR,Diane Sare,3
Ulster,Esopus District 2,U.S. Senate,,,Write-in,1
Ulster,Esopus District 3,U.S. Senate,,DEM,Kirsten E. Gillibrand,484
Ulster,Esopus District 3,U.S. Senate,,WOR,Kirsten E. Gillibrand,0
Ulster,Esopus District 3,U.S. Senate,,REP,Michael D. Sapraicone,277
Ulster,Esopus District 3,U.S. Senate,,CON,Michael D. Sapraicone,55
Ulster,Esopus District 3,U.S. Senate,,LAR,Diane Sare,5
Ulster,Esopus District 3,U.S. Senate,,,Write-in,0
Ulster,Esopus District 4,U.S. Senate,,DEM,Kirsten E. Gillibrand,281
Ulster,Esopus District 4,U.S. Senate,,WOR,Kirsten E. Gillibrand,0
Ulster,Esopus District 4,U.S. Senate,,REP,Michael D. Sapraicone,178
Ulster,Esopus District 4,U.S. Senate,,CON,Michael D. Sapraicone,27
Ulster,Esopus District 4,U.S. Senate,,LAR,Diane Sare,1
Ulster,Esopus District 4,U.S. Senate,,,Write-in,0
Ulster,Esopus District 5,U.S. Senate,,DEM,Kirsten E. Gillibrand,310
Ulster,Esopus District 5,U.S. Senate,,WOR,Kirsten E. Gillibrand,0
Ulster,Esopus District 5,U.S. Senate,,REP,Michael D. Sapraicone,277
Ulster,Esopus District 5,U.S. Senate,,CON,Michael D. Sapraicone,53
Ulster,Esopus District 5,U.S. Senate,,LAR,Diane Sare,3
Ulster,Esopus District 5,U.S. Senate,,,Write-in,1
Ulster,Esopus District 6,U.S. Senate,,DEM,Kirsten E. Gillibrand,370
Ulster,Esopus District 6,U.S. Senate,,WOR,Kirsten E. Gillibrand,0
Ulster,Esopus District 6,U.S. Senate,,REP,Michael D. Sapraicone,305
Ulster,Esopus District 6,U.S. Senate,,CON,Michael D. Sapraicone,44
Ulster,Esopus District 6,U.S. Senate,,LAR,Diane Sare,1
Ulster,Esopus District 6,U.S. Senate,,,Write-in,0
Ulster,Esopus District 7,U.S. Senate,,DEM,Kirsten E. Gillibrand,352
Ulster,Esopus District 7,U.S. Senate,,WOR,Kirsten E. Gillibrand,0
Ulster,Esopus District 7,U.S. Senate,,REP,Michael D. Sapraicone,276
Ulster,Esopus District 7,U.S. Senate,,CON,Michael D. Sapraicone,60
Ulster,Esopus District 7,U.S. Senate,,LAR,Diane Sare,11
Ulster,Esopus District 7,U.S. Senate,,,Write-in,1
Ulster,Gardiner District 1,U.S. Senate,,DEM,Kirsten E. Gillibrand,296
Ulster,Gardiner District 1,U.S. Senate,,WOR,Kirsten E. Gillibrand,0
Ulster,Gardiner District 1,U.S. Senate,,REP,Michael D. Sapraicone,158
Ulster,Gardiner District 1,U.S. Senate,,CON,Michael D. Sapraicone,37
Ulster,Gardiner District 1,U.S. Senate,,LAR,Diane Sare,3
Ulster,Gardiner District 1,U.S. Senate,,,Write-in,1
Ulster,Gardiner District 2,U.S. Senate,,DEM,Kirsten E. Gillibrand,605
Ulster,Gardiner District 2,U.S. Senate,,WOR,Kirsten E. Gillibrand,0
Ulster,Gardiner District 2,U.S. Senate,,REP,Michael D. Sapraicone,255
Ulster,Gardiner District 2,U.S. Senate,,CON,Michael D. Sapraicone,35
Ulster,Gardiner District 2,U.S. Senate,,LAR,Diane Sare,5
Ulster,Gardiner District 2,U.S. Senate,,,Write-in,0
Ulster,Gardiner District 3,U.S. Senate,,DEM,Kirsten E. Gillibrand,648
Ulster,Gardiner District 3,U.S. Senate,,WOR,Kirsten E. Gillibrand,0
Ulster,Gardiner District 3,U.S. Senate,,REP,Michael D. Sapraicone,199
Ulster,Gardiner District 3,U.S. Senate,,CON,Michael D. Sapraicone,32
Ulster,Gardiner District 3,U.S. Senate,,LAR,Diane Sare,6
Ulster,Gardiner District 3,U.S. Senate,,,Write-in,0
Ulster,Gardiner District 4,U.S. Senate,,DEM,Kirsten E. Gillibrand,544
Ulster,Gardiner District 4,U.S. Senate,,WOR,Kirsten E. Gillibrand,0
Ulster,Gardiner District 4,U.S. Senate,,REP,Michael D. Sapraicone,350
Ulster,Gardiner District 4,U.S. Senate,,CON,Michael D. Sapraicone,53
Ulster,Gardiner District 4,U.S. Senate,,LAR,Diane Sare,3
Ulster,Gardiner District 4,U.S. Senate,,,Write-in,1
Ulster,Hardenburgh District 1,U.S. Senate,,DEM,Kirsten E. Gillibrand,16
Ulster,Hardenburgh District 1,U.S. Senate,,WOR,Kirsten E. Gillibrand,0
Ulster,Hardenburgh District 1,U.S. Senate,,REP,Michael D. Sapraicone,14
Ulster,Hardenburgh District 1,U.S. Senate,,CON,Michael D. Sapraicone,0
Ulster,Hardenburgh District 1,U.S. Senate,,LAR,Diane Sare,0
Ulster,Hardenburgh District 1,U.S. Senate,,,Write-in,0
Ulster,Hardenburgh District 2,U.S. Senate,,DEM,Kirsten E. Gillibrand,28
Ulster,Hardenburgh District 2,U.S. Senate,,WOR,Kirsten E. Gillibrand,0
Ulster,Hardenburgh District 2,U.S. Senate,,REP,Michael D. Sapraicone,45
Ulster,Hardenburgh District 2,U.S. Senate,,CON,Michael D. Sapraicone,8
Ulster,Hardenburgh District 2,U.S. Senate,,LAR,Diane Sare,1
Ulster,Hardenburgh District 2,U.S. Senate,,,Write-in,0
Ulster,Hurley District 1,U.S. Senate,,DEM,Kirsten E. Gillibrand,266
Ulster,Hurley District 1,U.S. Senate,,WOR,Kirsten E. Gillibrand,0
Ulster,Hurley District 1,U.S. Senate,,REP,Michael D. Sapraicone,127
Ulster,Hurley District 1,U.S. Senate,,CON,Michael D. Sapraicone,20
Ulster,Hurley District 1,U.S. Senate,,LAR,Diane Sare,0
Ulster,Hurley District 1,U.S. Senate,,,Write-in,0
Ulster,Hurley District 2,U.S. Senate,,DEM,Kirsten E. Gillibrand,252
Ulster,Hurley District 2,U.S. Senate,,WOR,Kirsten E. Gillibrand,0
Ulster,Hurley District 2,U.S. Senate,,REP,Michael D. Sapraicone,157
Ulster,Hurley District 2,U.S. Senate,,CON,Michael D. Sapraicone,18
Ulster,Hurley District 2,U.S. Senate,,LAR,Diane Sare,3
Ulster,Hurley District 2,U.S. Senate,,,Write-in,0
Ulster,Hurley District 3,U.S. Senate,,DEM,Kirsten E. Gillibrand,311
Ulster,Hurley District 3,U.S. Senate,,WOR,Kirsten E. Gillibrand,0
Ulster,Hurley District 3,U.S. Senate,,REP,Michael D. Sapraicone,209
Ulster,Hurley District 3,U.S. Senate,,CON,Michael D. Sapraicone,48
Ulster,Hurley District 3,U.S. Senate,,LAR,Diane Sare,1
Ulster,Hurley District 3,U.S. Senate,,,Write-in,0
Ulster,Hurley District 4,U.S. Senate,,DEM,Kirsten E. Gillibrand,283
Ulster,Hurley District 4,U.S. Senate,,WOR,Kirsten E. Gillibrand,0
Ulster,Hurley District 4,U.S. Senate,,REP,Michael D. Sapraicone,188
Ulster,Hurley District 4,U.S. Senate,,CON,Michael D. Sapraicone,37
Ulster,Hurley District 4,U.S. Senate,,LAR,Diane Sare,1
Ulster,Hurley District 4,U.S. Senate,,,Write-in,0
Ulster,Hurley District 5,U.S. Senate,,DEM,Kirsten E. Gillibrand,362
Ulster,Hurley District 5,U.S. Senate,,WOR,Kirsten E. Gillibrand,0
Ulster,Hurley District 5,U.S. Senate,,REP,Michael D. Sapraicone,75
Ulster,Hurley District 5,U.S. Senate,,CON,Michael D. Sapraicone,18
Ulster,Hurley District 5,U.S. Senate,,LAR,Diane Sare,4
Ulster,Hurley District 5,U.S. Senate,,,Write-in,0
Ulster,Hurley District 6,U.S. Senate,,DEM,Kirsten E. Gillibrand,198
Ulster,Hurley District 6,U.S. Senate,,WOR,Kirsten E. Gillibrand,0
Ulster,Hurley District 6,U.S. Senate,,REP,Michael D. Sapraicone,122
Ulster,Hurley District 6,U.S. Senate,,CON,Michael D. Sapraicone,24
Ulster,Hurley District 6,U.S. Senate,,LAR,Diane Sare,1
Ulster,Hurley District 6,U.S. Senate,,,Write-in,2
Ulster,Hurley District 7,U.S. Senate,,DEM,Kirsten E. Gillibrand,418
Ulster,Hurley District 7,U.S. Senate,,WOR,Kirsten E. Gillibrand,0
Ulster,Hurley District 7,U.S. Senate,,REP,Michael D. Sapraicone,134
Ulster,Hurley District 7,U.S. Senate,,CON,Michael D. Sapraicone,26
Ulster,Hurley District 7,U.S. Senate,,LAR,Diane Sare,7
Ulster,Hurley District 7,U.S. Senate,,,Write-in,0
Ulster,Hurley District 8,U.S. Senate,,DEM,Kirsten E. Gillibrand,263
Ulster,Hurley District 8,U.S. Senate,,WOR,Kirsten E. Gillibrand,0
Ulster,Hurley District 8,U.S. Senate,,REP,Michael D. Sapraicone,169
Ulster,Hurley District 8,U.S. Senate,,CON,Michael D. Sapraicone,21
Ulster,Hurley District 8,U.S. Senate,,LAR,Diane Sare,1
Ulster,Hurley District 8,U.S. Senate,,,Write-in,0
Ulster,Town of Kingston District 1,U.S. Senate,,DEM,Kirsten E. Gillibrand,250
Ulster,Town of Kingston District 1,U.S. Senate,,WOR,Kirsten E. Gillibrand,0
Ulster,Town of Kingston District 1,U.S. Senate,,REP,Michael D. Sapraicone,213
Ulster,Town of Kingston District 1,U.S. Senate,,CON,Michael D. Sapraicone,45
Ulster,Town of Kingston District 1,U.S. Senate,,LAR,Diane Sare,3
Ulster,Town of Kingston District 1,U.S. Senate,,,Write-in,1
Ulster,Lloyd District 1,U.S. Senate,,DEM,Kirsten E. Gillibrand,417
Ulster,Lloyd District 1,U.S. Senate,,WOR,Kirsten E. Gillibrand,0
Ulster,Lloyd District 1,U.S. Senate,,REP,Michael D. Sapraicone,323
Ulster,Lloyd District 1,U.S. Senate,,CON,Michael D. Sapraicone,46
Ulster,Lloyd District 1,U.S. Senate,,LAR,Diane Sare,2
Ulster,Lloyd District 1,U.S. Senate,,,Write-in,0
Ulster,Lloyd District 2,U.S. Senate,,DEM,Kirsten E. Gillibrand,136
Ulster,Lloyd District 2,U.S. Senate,,WOR,Kirsten E. Gillibrand,0
Ulster,Lloyd District 2,U.S. Senate,,REP,Michael D. Sapraicone,85
Ulster,Lloyd District 2,U.S. Senate,,CON,Michael D. Sapraicone,22
Ulster,Lloyd District 2,U.S. Senate,,LAR,Diane Sare,1
Ulster,Lloyd District 2,U.S. Senate,,,Write-in,0
Ulster,Lloyd District 3,U.S. Senate,,DEM,Kirsten E. Gillibrand,745
Ulster,Lloyd District 3,U.S. Senate,,WOR,Kirsten E. Gillibrand,0
Ulster,Lloyd District 3,U.S. Senate,,REP,Michael D. Sapraicone,494
Ulster,Lloyd District 3,U.S. Senate,,CON,Michael D. Sapraicone,74
Ulster,Lloyd District 3,U.S. Senate,,LAR,Diane Sare,4
Ulster,Lloyd District 3,U.S. Senate,,,Write-in,0
Ulster,Lloyd District 4,U.S. Senate,,DEM,Kirsten E. Gillibrand,498
Ulster,Lloyd District 4,U.S. Senate,,WOR,Kirsten E. Gillibrand,0
Ulster,Lloyd District 4,U.S. Senate,,REP,Michael D. Sapraicone,354
Ulster,Lloyd District 4,U.S. Senate,,CON,Michael D. Sapraicone,43
Ulster,Lloyd District 4,U.S. Senate,,LAR,Diane Sare,6
Ulster,Lloyd District 4,U.S. Senate,,,Write-in,1
Ulster,Lloyd District 5,U.S. Senate,,DEM,Kirsten E. Gillibrand,669
Ulster,Lloyd District 5,U.S. Senate,,WOR,Kirsten E. Gillibrand,0
Ulster,Lloyd District 5,U.S. Senate,,REP,Michael D. Sapraicone,369
Ulster,Lloyd District 5,U.S. Senate,,CON,Michael D. Sapraicone,48
Ulster,Lloyd District 5,U.S. Senate,,LAR,Diane Sare,3
Ulster,Lloyd District 5,U.S. Senate,,,Write-in,0
Ulster,Lloyd District 6,U.S. Senate,,DEM,Kirsten E. Gillibrand,200
Ulster,Lloyd District 6,U.S. Senate,,WOR,Kirsten E. Gillibrand,0
Ulster,Lloyd District 6,U.S. Senate,,REP,Michael D. Sapraicone,201
Ulster,Lloyd District 6,U.S. Senate,,CON,Michael D. Sapraicone,35
Ulster,Lloyd District 6,U.S. Senate,,LAR,Diane Sare,2
Ulster,Lloyd District 6,U.S. Senate,,,Write-in,0
Ulster,Lloyd District 7,U.S. Senate,,DEM,Kirsten E. Gillibrand,417
Ulster,Lloyd District 7,U.S. Senate,,WOR,Kirsten E. Gillibrand,0
Ulster,Lloyd District 7,U.S. Senate,,REP,Michael D. Sapraicone,352
Ulster,Lloyd District 7,U.S. Senate,,CON,Michael D. Sapraicone,64
Ulster,Lloyd District 7,U.S. Senate,,LAR,Diane Sare,8
Ulster,Lloyd District 7,U.S. Senate,,,Write-in,1
Ulster,Marbletown District 1,U.S. Senate,,DEM,Kirsten E. Gillibrand,174
Ulster,Marbletown District 1,U.S. Senate,,WOR,Kirsten E. Gillibrand,0
Ulster,Marbletown District 1,U.S. Senate,,REP,Michael D. Sapraicone,56
Ulster,Marbletown District 1,U.S. Senate,,CON,Michael D. Sapraicone,7
Ulster,Marbletown District 1,U.S. Senate,,LAR,Diane Sare,2
Ulster,Marbletown District 1,U.S. Senate,,,Write-in,0
Ulster,Marbletown District 2,U.S. Senate,,DEM,Kirsten E. Gillibrand,300
Ulster,Marbletown District 2,U.S. Senate,,WOR,Kirsten E. Gillibrand,0
Ulster,Marbletown District 2,U.S. Senate,,REP,Michael D. Sapraicone,114
Ulster,Marbletown District 2,U.S. Senate,,CON,Michael D. Sapraicone,32
Ulster,Marbletown District 2,U.S. Senate,,LAR,Diane Sare,7
Ulster,Marbletown District 2,U.S. Senate,,,Write-in,0
Ulster,Marbletown District 3,U.S. Senate,,DEM,Kirsten E. Gillibrand,230
Ulster,Marbletown District 3,U.S. Senate,,WOR,Kirsten E. Gillibrand,0
Ulster,Marbletown District 3,U.S. Senate,,REP,Michael D. Sapraicone,83
Ulster,Marbletown District 3,U.S. Senate,,CON,Michael D. Sapraicone,17
Ulster,Marbletown District 3,U.S. Senate,,LAR,Diane Sare,0
Ulster,Marbletown District 3,U.S. Senate,,,Write-in,1
Ulster,Marbletown District 4,U.S. Senate,,DEM,Kirsten E. Gillibrand,307
Ulster,Marbletown District 4,U.S. Senate,,WOR,Kirsten E. Gillibrand,0
Ulster,Marbletown District 4,U.S. Senate,,REP,Michael D. Sapraicone,142
Ulster,Marbletown District 4,U.S. Senate,,CON,Michael D. Sapraicone,13
Ulster,Marbletown District 4,U.S. Senate,,LAR,Diane Sare,3
Ulster,Marbletown District 4,U.S. Senate,,,Write-in,0
Ulster,Marbletown District 5,U.S. Senate,,DEM,Kirsten E. Gillibrand,326
Ulster,Marbletown District 5,U.S. Senate,,WOR,Kirsten E. Gillibrand,0
Ulster,Marbletown District 5,U.S. Senate,,REP,Michael D. Sapraicone,103
Ulster,Marbletown District 5,U.S. Senate,,CON,Michael D. Sapraicone,25
Ulster,Marbletown District 5,U.S. Senate,,LAR,Diane Sare,1
Ulster,Marbletown District 5,U.S. Senate,,,Write-in,1
Ulster,Marbletown District 6,U.S. Senate,,DEM,Kirsten E. Gillibrand,406
Ulster,Marbletown District 6,U.S. Senate,,WOR,Kirsten E. Gillibrand,0
Ulster,Marbletown District 6,U.S. Senate,,REP,Michael D. Sapraicone,127
Ulster,Marbletown District 6,U.S. Senate,,CON,Michael D. Sapraicone,23
Ulster,Marbletown District 6,U.S. Senate,,LAR,Diane Sare,2
Ulster,Marbletown District 6,U.S. Senate,,,Write-in,2
Ulster,Marbletown District 7,U.S. Senate,,DEM,Kirsten E. Gillibrand,620
Ulster,Marbletown District 7,U.S. Senate,,WOR,Kirsten E. Gillibrand,0
Ulster,Marbletown District 7,U.S. Senate,,REP,Michael D. Sapraicone,251
Ulster,Marbletown District 7,U.S. Senate,,CON,Michael D. Sapraicone,39
Ulster,Marbletown District 7,U.S. Senate,,LAR,Diane Sare,7
Ulster,Marbletown District 7,U.S. Senate,,,Write-in,0
Ulster,Marlborough District 1,U.S. Senate,,DEM,Kirsten E. Gillibrand,341
Ulster,Marlborough District 1,U.S. Senate,,WOR,Kirsten E. Gillibrand,0
Ulster,Marlborough District 1,U.S. Senate,,REP,Michael D. Sapraicone,427
Ulster,Marlborough District 1,U.S. Senate,,CON,Michael D. Sapraicone,47
Ulster,Marlborough District 1,U.S. Senate,,LAR,Diane Sare,1
Ulster,Marlborough District 1,U.S. Senate,,,Write-in,1
Ulster,Marlborough District 2,U.S. Senate,,DEM,Kirsten E. Gillibrand,309
Ulster,Marlborough District 2,U.S. Senate,,WOR,Kirsten E. Gillibrand,0
Ulster,Marlborough District 2,U.S. Senate,,REP,Michael D. Sapraicone,269
Ulster,Marlborough District 2,U.S. Senate,,CON,Michael D. Sapraicone,27
Ulster,Marlborough District 2,U.S. Senate,,LAR,Diane Sare,2
Ulster,Marlborough District 2,U.S. Senate,,,Write-in,0
Ulster,Marlborough District 3,U.S. Senate,,DEM,Kirsten E. Gillibrand,338
Ulster,Marlborough District 3,U.S. Senate,,WOR,Kirsten E. Gillibrand,0
Ulster,Marlborough District 3,U.S. Senate,,REP,Michael D. Sapraicone,449
Ulster,Marlborough District 3,U.S. Senate,,CON,Michael D. Sapraicone,75
Ulster,Marlborough District 3,U.S. Senate,,LAR,Diane Sare,2
Ulster,Marlborough District 3,U.S. Senate,,,Write-in,0
Ulster,Marlborough District 4,U.S. Senate,,DEM,Kirsten E. Gillibrand,418
Ulster,Marlborough District 4,U.S. Senate,,WOR,Kirsten E. Gillibrand,0
Ulster,Marlborough District 4,U.S. Senate,,REP,Michael D. Sapraicone,492
Ulster,Marlborough District 4,U.S. Senate,,CON,Michael D. Sapraicone,63
Ulster,Marlborough District 4,U.S. Senate,,LAR,Diane Sare,6
Ulster,Marlborough District 4,U.S. Senate,,,Write-in,0
Ulster,Marlborough District 5,U.S. Senate,,DEM,Kirsten E. Gillibrand,390
Ulster,Marlborough District 5,U.S. Senate,,WOR,Kirsten E. Gillibrand,0
Ulster,Marlborough District 5,U.S. Senate,,REP,Michael D. Sapraicone,396
Ulster,Marlborough District 5,U.S. Senate,,CON,Michael D. Sapraicone,59
Ulster,Marlborough District 5,U.S. Senate,,LAR,Diane Sare,3
Ulster,Marlborough District 5,U.S. Senate,,,Write-in,0
Ulster,Marlborough District 6,U.S. Senate,,DEM,Kirsten E. Gillibrand,182
Ulster,Marlborough District 6,U.S. Senate,,WOR,Kirsten E. Gillibrand,0
Ulster,Marlborough District 6,U.S. Senate,,REP,Michael D. Sapraicone,273
Ulster,Marlborough District 6,U.S. Senate,,CON,Michael D. Sapraicone,38
Ulster,Marlborough District 6,U.S. Senate,,LAR,Diane Sare,3
Ulster,Marlborough District 6,U.S. Senate,,,Write-in,0
Ulster,New Paltz District 1,U.S. Senate,,DEM,Kirsten E. Gillibrand,879
Ulster,New Paltz District 1,U.S. Senate,,WOR,Kirsten E. Gillibrand,0
Ulster,New Paltz District 1,U.S. Senate,,REP,Michael D. Sapraicone,132
Ulster,New Paltz District 1,U.S. Senate,,CON,Michael D. Sapraicone,14
Ulster,New Paltz District 1,U.S. Senate,,LAR,Diane Sare,16
Ulster,New Paltz District 1,U.S. Senate,,,Write-in,2
Ulster,New Paltz District 2,U.S. Senate,,DEM,Kirsten E. Gillibrand,360
Ulster,New Paltz District 2,U.S. Senate,,WOR,Kirsten E. Gillibrand,0
Ulster,New Paltz District 2,U.S. Senate,,REP,Michael D. Sapraicone,112
Ulster,New Paltz District 2,U.S. Senate,,CON,Michael D. Sapraicone,8
Ulster,New Paltz District 2,U.S. Senate,,LAR,Diane Sare,2
Ulster,New Paltz District 2,U.S. Senate,,,Write-in,2
Ulster,New Paltz District 3,U.S. Senate,,DEM,Kirsten E. Gillibrand,283
Ulster,New Paltz District 3,U.S. Senate,,WOR,Kirsten E. Gillibrand,0
Ulster,New Paltz District 3,U.S. Senate,,REP,Michael D. Sapraicone,92
Ulster,New Paltz District 3,U.S. Senate,,CON,Michael D. Sapraicone,26
Ulster,New Paltz District 3,U.S. Senate,,LAR,Diane Sare,2
Ulster,New Paltz District 3,U.S. Senate,,,Write-in,0
Ulster,New Paltz District 4,U.S. Senate,,DEM,Kirsten E. Gillibrand,719
Ulster,New Paltz District 4,U.S. Senate,,WOR,Kirsten E. Gillibrand,0
Ulster,New Paltz District 4,U.S. Senate,,REP,Michael D. Sapraicone,105
Ulster,New Paltz District 4,U.S. Senate,,CON,Michael D. Sapraicone,17
Ulster,New Paltz District 4,U.S. Senate,,LAR,Diane Sare,12
Ulster,New Paltz District 4,U.S. Senate,,,Write-in,0
Ulster,New Paltz District 5,U.S. Senate,,DEM,Kirsten E. Gillibrand,310
Ulster,New Paltz District 5,U.S. Senate,,WOR,Kirsten E. Gillibrand,0
Ulster,New Paltz District 5,U.S. Senate,,REP,Michael D. Sapraicone,79
Ulster,New Paltz District 5,U.S. Senate,,CON,Michael D. Sapraicone,7
Ulster,New Paltz District 5,U.S. Senate,,LAR,Diane Sare,2
Ulster,New Paltz District 5,U.S. Senate,,,Write-in,0
Ulster,New Paltz District 6,U.S. Senate,,DEM,Kirsten E. Gillibrand,508
Ulster,New Paltz District 6,U.S. Senate,,WOR,Kirsten E. Gillibrand,0
Ulster,New Paltz District 6,U.S. Senate,,REP,Michael D. Sapraicone,126
Ulster,New Paltz District 6,U.S. Senate,,CON,Michael D. Sapraicone,27
Ulster,New Paltz District 6,U.S. Senate,,LAR,Diane Sare,1
Ulster,New Paltz District 6,U.S. Senate,,,Write-in,2
Ulster,New Paltz District 7,U.S. Senate,,DEM,Kirsten E. Gillibrand,423
Ulster,New Paltz District 7,U.S. Senate,,WOR,Kirsten E. Gillibrand,0
Ulster,New Paltz District 7,U.S. Senate,,REP,Michael D. Sapraicone,160
Ulster,New Paltz District 7,U.S. Senate,,CON,Michael D. Sapraicone,24
Ulster,New Paltz District 7,U.S. Senate,,LAR,Diane Sare,4
Ulster,New Paltz District 7,U.S. Senate,,,Write-in,1
Ulster,New Paltz District 8,U.S. Senate,,DEM,Kirsten E. Gillibrand,306
Ulster,New Paltz District 8,U.S. Senate,,WOR,Kirsten E. Gillibrand,0
Ulster,New Paltz District 8,U.S. Senate,,REP,Michael D. Sapraicone,77
Ulster,New Paltz District 8,U.S. Senate,,CON,Michael D. Sapraicone,7
Ulster,New Paltz District 8,U.S. Senate,,LAR,Diane Sare,0
Ulster,New Paltz District 8,U.S. Senate,,,Write-in,1
Ulster,New Paltz District 9,U.S. Senate,,DEM,Kirsten E. Gillibrand,817
Ulster,New Paltz District 9,U.S. Senate,,WOR,Kirsten E. Gillibrand,0
Ulster,New Paltz District 9,U.S. Senate,,REP,Michael D. Sapraicone,63
Ulster,New Paltz District 9,U.S. Senate,,CON,Michael D. Sapraicone,11
Ulster,New Paltz District 9,U.S. Senate,,LAR,Diane Sare,10
Ulster,New Paltz District 9,U.S. Senate,,,Write-in,1
Ulster,New Paltz District 10,U.S. Senate,,DEM,Kirsten E. Gillibrand,318
Ulster,New Paltz District 10,U.S. Senate,,WOR,Kirsten E. Gillibrand,0
Ulster,New Paltz District 10,U.S. Senate,,REP,Michael D. Sapraicone,175
Ulster,New Paltz District 10,U.S. Senate,,CON,Michael D. Sapraicone,31
Ulster,New Paltz District 10,U.S. Senate,,LAR,Diane Sare,6
Ulster,New Paltz District 10,U.S. Senate,,,Write-in,0
Ulster,New Paltz District 11,U.S. Senate,,DEM,Kirsten E. Gillibrand,206
Ulster,New Paltz District 11,U.S. Senate,,WOR,Kirsten E. Gillibrand,0
Ulster,New Paltz District 11,U.S. Senate,,REP,Michael D. Sapraicone,35
Ulster,New Paltz District 11,U.S. Senate,,CON,Michael D. Sapraicone,3
Ulster,New Paltz District 11,U.S. Senate,,LAR,Diane Sare,0
Ulster,New Paltz District 11,U.S. Senate,,,Write-in,0
Ulster,Olive District 1,U.S. Senate,,DEM,Kirsten E. Gillibrand,434
Ulster,Olive District 1,U.S. Senate,,WOR,Kirsten E. Gillibrand,0
Ulster,Olive District 1,U.S. Senate,,REP,Michael D. Sapraicone,197
Ulster,Olive District 1,U.S. Senate,,CON,Michael D. Sapraicone,53
Ulster,Olive District 1,U.S. Senate,,LAR,Diane Sare,4
Ulster,Olive District 1,U.S. Senate,,,Write-in,0
Ulster,Olive District 2,U.S. Senate,,DEM,Kirsten E. Gillibrand,283
Ulster,Olive District 2,U.S. Senate,,WOR,Kirsten E. Gillibrand,0
Ulster,Olive District 2,U.S. Senate,,REP,Michael D. Sapraicone,113
Ulster,Olive District 2,U.S. Senate,,CON,Michael D. Sapraicone,27
Ulster,Olive District 2,U.S. Senate,,LAR,Diane Sare,3
Ulster,Olive District 2,U.S. Senate,,,Write-in,0
Ulster,Olive District 3,U.S. Senate,,DEM,Kirsten E. Gillibrand,310
Ulster,Olive District 3,U.S. Senate,,WOR,Kirsten E. Gillibrand,0
Ulster,Olive District 3,U.S. Senate,,REP,Michael D. Sapraicone,170
Ulster,Olive District 3,U.S. Senate,,CON,Michael D. Sapraicone,36
Ulster,Olive District 3,U.S. Senate,,LAR,Diane Sare,0
Ulster,Olive District 3,U.S. Senate,,,Write-in,1
Ulster,Olive District 4,U.S. Senate,,DEM,Kirsten E. Gillibrand,310
Ulster,Olive District 4,U.S. Senate,,WOR,Kirsten E. Gillibrand,0
Ulster,Olive District 4,U.S. Senate,,REP,Michael D. Sapraicone,146
Ulster,Olive District 4,U.S. Senate,,CON,Michael D. Sapraicone,40
Ulster,Olive District 4,U.S. Senate,,LAR,Diane Sare,8
Ulster,Olive District 4,U.S. Senate,,,Write-in,4
Ulster,Olive District 5,U.S. Senate,,DEM,Kirsten E. Gillibrand,299
Ulster,Olive District 5,U.S. Senate,,WOR,Kirsten E. Gillibrand,0
Ulster,Olive District 5,U.S. Senate,,REP,Michael D. Sapraicone,99
Ulster,Olive District 5,U.S. Senate,,CON,Michael D. Sapraicone,28
Ulster,Olive District 5,U.S. Senate,,LAR,Diane Sare,4
Ulster,Olive District 5,U.S. Senate,,,Write-in,1
Ulster,Plattekill District 1,U.S. Senate,,DEM,Kirsten E. Gillibrand,410
Ulster,Plattekill District 1,U.S. Senate,,WOR,Kirsten E. Gillibrand,0
Ulster,Plattekill District 1,U.S. Senate,,REP,Michael D. Sapraicone,360
Ulster,Plattekill District 1,U.S. Senate,,CON,Michael D. Sapraicone,39
Ulster,Plattekill District 1,U.S. Senate,,LAR,Diane Sare,1
Ulster,Plattekill District 1,U.S. Senate,,,Write-in,0
Ulster,Plattekill District 2,U.S. Senate,,DEM,Kirsten E. Gillibrand,277
Ulster,Plattekill District 2,U.S. Senate,,WOR,Kirsten E. Gillibrand,0
Ulster,Plattekill District 2,U.S. Senate,,REP,Michael D. Sapraicone,249
Ulster,Plattekill District 2,U.S. Senate,,CON,Michael D. Sapraicone,28
Ulster,Plattekill District 2,U.S. Senate,,LAR,Diane Sare,4
Ulster,Plattekill District 2,U.S. Senate,,,Write-in,0
Ulster,Plattekill District 3,U.S. Senate,,DEM,Kirsten E. Gillibrand,163
Ulster,Plattekill District 3,U.S. Senate,,WOR,Kirsten E. Gillibrand,0
Ulster,Plattekill District 3,U.S. Senate,,REP,Michael D. Sapraicone,220
Ulster,Plattekill District 3,U.S. Senate,,CON,Michael D. Sapraicone,31
Ulster,Plattekill District 3,U.S. Senate,,LAR,Diane Sare,2
Ulster,Plattekill District 3,U.S. Senate,,,Write-in,0
Ulster,Plattekill District 4,U.S. Senate,,DEM,Kirsten E. Gillibrand,378
Ulster,Plattekill District 4,U.S. Senate,,WOR,Kirsten E. Gillibrand,0
Ulster,Plattekill District 4,U.S. Senate,,REP,Michael D. Sapraicone,496
Ulster,Plattekill District 4,U.S. Senate,,CON,Michael D. Sapraicone,76
Ulster,Plattekill District 4,U.S. Senate,,LAR,Diane Sare,2
Ulster,Plattekill District 4,U.S. Senate,,,Write-in,0
Ulster,Plattekill District 5,U.S. Senate,,DEM,Kirsten E. Gillibrand,473
Ulster,Plattekill District 5,U.S. Senate,,WOR,Kirsten E. Gillibrand,0
Ulster,Plattekill District 5,U.S. Senate,,REP,Michael D. Sapraicone,546
Ulster,Plattekill District 5,U.S. Senate,,CON,Michael D. Sapraicone,83
Ulster,Plattekill District 5,U.S. Senate,,LAR,Diane Sare,6
Ulster,Plattekill District 5,U.S. Senate,,,Write-in,1
Ulster,Plattekill District 6,U.S. Senate,,DEM,Kirsten E. Gillibrand,417
Ulster,Plattekill District 6,U.S. Senate,,WOR,Kirsten E. Gillibrand,0
Ulster,Plattekill District 6,U.S. Senate,,REP,Michael D. Sapraicone,523
Ulster,Plattekill District 6,U.S. Senate,,CON,Michael D. Sapraicone,77
Ulster,Plattekill District 6,U.S. Senate,,LAR,Diane Sare,5
Ulster,Plattekill District 6,U.S. Senate,,,Write-in,0
Ulster,Rochester District 1,U.S. Senate,,DEM,Kirsten E. Gillibrand,523
Ulster,Rochester District 1,U.S. Senate,,WOR,Kirsten E. Gillibrand,0
Ulster,Rochester District 1,U.S. Senate,,REP,Michael D. Sapraicone,344
Ulster,Rochester District 1,U.S. Senate,,CON,Michael D. Sapraicone,47
Ulster,Rochester District 1,U.S. Senate,,LAR,Diane Sare,5
Ulster,Rochester District 1,U.S. Senate,,,Write-in,2
Ulster,Rochester District 2,U.S. Senate,,DEM,Kirsten E. Gillibrand,422
Ulster,Rochester District 2,U.S. Senate,,WOR,Kirsten E. Gillibrand,0
Ulster,Rochester District 2,U.S. Senate,,REP,Michael D. Sapraicone,366
Ulster,Rochester District 2,U.S. Senate,,CON,Michael D. Sapraicone,39
Ulster,Rochester District 2,U.S. Senate,,LAR,Diane Sare,6
Ulster,Rochester District 2,U.S. Senate,,,Write-in,0
Ulster,Rochester District 3,U.S. Senate,,DEM,Kirsten E. Gillibrand,449
Ulster,Rochester District 3,U.S. Senate,,WOR,Kirsten E. Gillibrand,0
Ulster,Rochester District 3,U.S. Senate,,REP,Michael D. Sapraicone,343
Ulster,Rochester District 3,U.S. Senate,,CON,Michael D. Sapraicone,42
Ulster,Rochester District 3,U.S. Senate,,LAR,Diane Sare,4
Ulster,Rochester District 3,U.S. Senate,,,Write-in,1
Ulster,Rochester District 4,U.S. Senate,,DEM,Kirsten E. Gillibrand,397
Ulster,Rochester District 4,U.S. Senate,,WOR,Kirsten E. Gillibrand,0
Ulster,Rochester District 4,U.S. Senate,,REP,Michael D. Sapraicone,166
Ulster,Rochester District 4,U.S. Senate,,CON,Michael D. Sapraicone,19
Ulster,Rochester District 4,U.S. Senate,,LAR,Diane Sare,6
Ulster,Rochester District 4,U.S. Senate,,,Write-in,1
Ulster,Rochester District 5,U.S. Senate,,DEM,Kirsten E. Gillibrand,385
Ulster,Rochester District 5,U.S. Senate,,WOR,Kirsten E. Gillibrand,0
Ulster,Rochester District 5,U.S. Senate,,REP,Michael D. Sapraicone,260
Ulster,Rochester District 5,U.S. Senate,,CON,Michael D. Sapraicone,33
Ulster,Rochester District 5,U.S. Senate,,LAR,Diane Sare,5
Ulster,Rochester District 5,U.S. Senate,,,Write-in,0
Ulster,Rosendale District 1,U.S. Senate,,DEM,Kirsten E. Gillibrand,443
Ulster,Rosendale District 1,U.S. Senate,,WOR,Kirsten E. Gillibrand,0
Ulster,Rosendale District 1,U.S. Senate,,REP,Michael D. Sapraicone,138
Ulster,Rosendale District 1,U.S. Senate,,CON,Michael D. Sapraicone,29
Ulster,Rosendale District 1,U.S. Senate,,LAR,Diane Sare,4
Ulster,Rosendale District 1,U.S. Senate,,,Write-in,0
Ulster,Rosendale District 2,U.S. Senate,,DEM,Kirsten E. Gillibrand,298
Ulster,Rosendale District 2,U.S. Senate,,WOR,Kirsten E. Gillibrand,0
Ulster,Rosendale District 2,U.S. Senate,,REP,Michael D. Sapraicone,164
Ulster,Rosendale District 2,U.S. Senate,,CON,Michael D. Sapraicone,28
Ulster,Rosendale District 2,U.S. Senate,,LAR,Diane Sare,5
Ulster,Rosendale District 2,U.S. Senate,,,Write-in,0
Ulster,Rosendale District 3,U.S. Senate,,DEM,Kirsten E. Gillibrand,325
Ulster,Rosendale District 3,U.S. Senate,,WOR,Kirsten E. Gillibrand,0
Ulster,Rosendale District 3,U.S. Senate,,REP,Michael D. Sapraicone,209
Ulster,Rosendale District 3,U.S. Senate,,CON,Michael D. Sapraicone,37
Ulster,Rosendale District 3,U.S. Senate,,LAR,Diane Sare,3
Ulster,Rosendale District 3,U.S. Senate,,,Write-in,0
Ulster,Rosendale District 4,U.S. Senate,,DEM,Kirsten E. Gillibrand,440
Ulster,Rosendale District 4,U.S. Senate,,WOR,Kirsten E. Gillibrand,0
Ulster,Rosendale District 4,U.S. Senate,,REP,Michael D. Sapraicone,194
Ulster,Rosendale District 4,U.S. Senate,,CON,Michael D. Sapraicone,37
Ulster,Rosendale District 4,U.S. Senate,,LAR,Diane Sare,5
Ulster,Rosendale District 4,U.S. Senate,,,Write-in,0
Ulster,Rosendale District 5,U.S. Senate,,DEM,Kirsten E. Gillibrand,379
Ulster,Rosendale District 5,U.S. Senate,,WOR,Kirsten E. Gillibrand,0
Ulster,Rosendale District 5,U.S. Senate,,REP,Michael D. Sapraicone,238
Ulster,Rosendale District 5,U.S. Senate,,CON,Michael D. Sapraicone,40
Ulster,Rosendale District 5,U.S. Senate,,LAR,Diane Sare,5
Ulster,Rosendale District 5,U.S. Senate,,,Write-in,2
Ulster,Saugerties District 1,U.S. Senate,,DEM,Kirsten E. Gillibrand,154
Ulster,Saugerties District 1,U.S. Senate,,WOR,Kirsten E. Gillibrand,0
Ulster,Saugerties District 1,U.S. Senate,,REP,Michael D. Sapraicone,149
Ulster,Saugerties District 1,U.S. Senate,,CON,Michael D. Sapraicone,28
Ulster,Saugerties District 1,U.S. Senate,,LAR,Diane Sare,2
Ulster,Saugerties District 1,U.S. Senate,,,Write-in,0
Ulster,Saugerties District 2,U.S. Senate,,DEM,Kirsten E. Gillibrand,386
Ulster,Saugerties District 2,U.S. Senate,,WOR,Kirsten E. Gillibrand,0
Ulster,Saugerties District 2,U.S. Senate,,REP,Michael D. Sapraicone,146
Ulster,Saugerties District 2,U.S. Senate,,CON,Michael D. Sapraicone,34
Ulster,Saugerties District 2,U.S. Senate,,LAR,Diane Sare,5
Ulster,Saugerties District 2,U.S. Senate,,,Write-in,0
Ulster,Saugerties District 3,U.S. Senate,,DEM,Kirsten E. Gillibrand,248
Ulster,Saugerties District 3,U.S. Senate,,WOR,Kirsten E. Gillibrand,0
Ulster,Saugerties District 3,U.S. Senate,,REP,Michael D. Sapraicone,114
Ulster,Saugerties District 3,U.S. Senate,,CON,Michael D. Sapraicone,11
Ulster,Saugerties District 3,U.S. Senate,,LAR,Diane Sare,4
Ulster,Saugerties District 3,U.S. Senate,,,Write-in,0
Ulster,Saugerties District 4,U.S. Senate,,DEM,Kirsten E. Gillibrand,471
Ulster,Saugerties District 4,U.S. Senate,,WOR,Kirsten E. Gillibrand,0
Ulster,Saugerties District 4,U.S. Senate,,REP,Michael D. Sapraicone,216
Ulster,Saugerties District 4,U.S. Senate,,CON,Michael D. Sapraicone,48
Ulster,Saugerties District 4,U.S. Senate,,LAR,Diane Sare,1
Ulster,Saugerties District 4,U.S. Senate,,,Write-in,2
Ulster,Saugerties District 5,U.S. Senate,,DEM,Kirsten E. Gillibrand,526
Ulster,Saugerties District 5,U.S. Senate,,WOR,Kirsten E. Gillibrand,0
Ulster,Saugerties District 5,U.S. Senate,,REP,Michael D. Sapraicone,251
Ulster,Saugerties District 5,U.S. Senate,,CON,Michael D. Sapraicone,50
Ulster,Saugerties District 5,U.S. Senate,,LAR,Diane Sare,3
Ulster,Saugerties District 5,U.S. Senate,,,Write-in,0
Ulster,Saugerties District 6,U.S. Senate,,DEM,Kirsten E. Gillibrand,395
Ulster,Saugerties District 6,U.S. Senate,,WOR,Kirsten E. Gillibrand,0
Ulster,Saugerties District 6,U.S. Senate,,REP,Michael D. Sapraicone,351
Ulster,Saugerties District 6,U.S. Senate,,CON,Michael D. Sapraicone,62
Ulster,Saugerties District 6,U.S. Senate,,LAR,Diane Sare,4
Ulster,Saugerties District 6,U.S. Senate,,,Write-in,0
Ulster,Saugerties District 7,U.S. Senate,,DEM,Kirsten E. Gillibrand,130
Ulster,Saugerties District 7,U.S. Senate,,WOR,Kirsten E. Gillibrand,0
Ulster,Saugerties District 7,U.S. Senate,,REP,Michael D. Sapraicone,102
Ulster,Saugerties District 7,U.S. Senate,,CON,Michael D. Sapraicone,19
Ulster,Saugerties District 7,U.S. Senate,,LAR,Diane Sare,2
Ulster,Saugerties District 7,U.S. Senate,,,Write-in,0
Ulster,Saugerties District 8,U.S. Senate,,DEM,Kirsten E. Gillibrand,680
Ulster,Saugerties District 8,U.S. Senate,,WOR,Kirsten E. Gillibrand,0
Ulster,Saugerties District 8,U.S. Senate,,REP,Michael D. Sapraicone,515
Ulster,Saugerties District 8,U.S. Senate,,CON,Michael D. Sapraicone,97
Ulster,Saugerties District 8,U.S. Senate,,LAR,Diane Sare,8
Ulster,Saugerties District 8,U.S. Senate,,,Write-in,0
Ulster,Saugerties District 9,U.S. Senate,,DEM,Kirsten E. Gillibrand,274
Ulster,Saugerties District 9,U.S. Senate,,WOR,Kirsten E. Gillibrand,0
Ulster,Saugerties District 9,U.S. Senate,,REP,Michael D. Sapraicone,136
Ulster,Saugerties District 9,U.S. Senate,,CON,Michael D. Sapraicone,36
Ulster,Saugerties District 9,U.S. Senate,,LAR,Diane Sare,3
Ulster,Saugerties District 9,U.S. Senate,,,Write-in,0
Ulster,Saugerties District 10,U.S. Senate,,DEM,Kirsten E. Gillibrand,182
Ulster,Saugerties District 10,U.S. Senate,,WOR,Kirsten E. Gillibrand,0
Ulster,Saugerties District 10,U.S. Senate,,REP,Michael D. Sapraicone,139
Ulster,Saugerties District 10,U.S. Senate,,CON,Michael D. Sapraicone,31
Ulster,Saugerties District 10,U.S. Senate,,LAR,Diane Sare,2
Ulster,Saugerties District 10,U.S. Senate,,,Write-in,0
Ulster,Saugerties District 11,U.S. Senate,,DEM,Kirsten E. Gillibrand,239
Ulster,Saugerties District 11,U.S. Senate,,WOR,Kirsten E. Gillibrand,0
Ulster,Saugerties District 11,U.S. Senate,,REP,Michael D. Sapraicone,238
Ulster,Saugerties District 11,U.S. Senate,,CON,Michael D. Sapraicone,26
Ulster,Saugerties District 11,U.S. Senate,,LAR,Diane Sare,3
Ulster,Saugerties District 11,U.S. Senate,,,Write-in,0
Ulster,Saugerties District 12,U.S. Senate,,DEM,Kirsten E. Gillibrand,467
Ulster,Saugerties District 12,U.S. Senate,,WOR,Kirsten E. Gillibrand,0
Ulster,Saugerties District 12,U.S. Senate,,REP,Michael D. Sapraicone,489
Ulster,Saugerties District 12,U.S. Senate,,CON,Michael D. Sapraicone,73
Ulster,Saugerties District 12,U.S. Senate,,LAR,Diane Sare,6
Ulster,Saugerties District 12,U.S. Senate,,,Write-in,1
Ulster,Saugerties District 13,U.S. Senate,,DEM,Kirsten E. Gillibrand,434
Ulster,Saugerties District 13,U.S. Senate,,WOR,Kirsten E. Gillibrand,0
Ulster,Saugerties District 13,U.S. Senate,,REP,Michael D. Sapraicone,362
Ulster,Saugerties District 13,U.S. Senate,,CON,Michael D. Sapraicone,56
Ulster,Saugerties District 13,U.S. Senate,,LAR,Diane Sare,2
Ulster,Saugerties District 13,U.S. Senate,,,Write-in,0
Ulster,Saugerties District 14,U.S. Senate,,DEM,Kirsten E. Gillibrand,443
Ulster,Saugerties District 14,U.S. Senate,,WOR,Kirsten E. Gillibrand,0
Ulster,Saugerties District 14,U.S. Senate,,REP,Michael D. Sapraicone,308
Ulster,Saugerties District 14,U.S. Senate,,CON,Michael D. Sapraicone,50
Ulster,Saugerties District 14,U.S. Senate,,LAR,Diane Sare,1
Ulster,Saugerties District 14,U.S. Senate,,,Write-in,0
Ulster,Saugerties District 15,U.S. Senate,,DEM,Kirsten E. Gillibrand,435
Ulster,Saugerties District 15,U.S. Senate,,WOR,Kirsten E. Gillibrand,0
Ulster,Saugerties District 15,U.S. Senate,,REP,Michael D. Sapraicone,297
Ulster,Saugerties District 15,U.S. Senate,,CON,Michael D. Sapraicone,50
Ulster,Saugerties District 15,U.S. Senate,,LAR,Diane Sare,8
Ulster,Saugerties District 15,U.S. Senate,,,Write-in,1
Ulster,Shandaken District 1,U.S. Senate,,DEM,Kirsten E. Gillibrand,422
Ulster,Shandaken District 1,U.S. Senate,,WOR,Kirsten E. Gillibrand,0
Ulster,Shandaken District 1,U.S. Senate,,REP,Michael D. Sapraicone,161
Ulster,Shandaken District 1,U.S. Senate,,CON,Michael D. Sapraicone,27
Ulster,Shandaken District 1,U.S. Senate,,LAR,Diane Sare,6
Ulster,Shandaken District 1,U.S. Senate,,,Write-in,0
Ulster,Shandaken District 2,U.S. Senate,,DEM,Kirsten E. Gillibrand,148
Ulster,Shandaken District 2,U.S. Senate,,WOR,Kirsten E. Gillibrand,0
Ulster,Shandaken District 2,U.S. Senate,,REP,Michael D. Sapraicone,100
Ulster,Shandaken District 2,U.S. Senate,,CON,Michael D. Sapraicone,12
Ulster,Shandaken District 2,U.S. Senate,,LAR,Diane Sare,1
Ulster,Shandaken District 2,U.S. Senate,,,Write-in,0
Ulster,Shandaken District 3,U.S. Senate,,DEM,Kirsten E. Gillibrand,233
Ulster,Shandaken District 3,U.S. Senate,,WOR,Kirsten E. Gillibrand,0
Ulster,Shandaken District 3,U.S. Senate,,REP,Michael D. Sapraicone,112
Ulster,Shandaken District 3,U.S. Senate,,CON,Michael D. Sapraicone,18
Ulster,Shandaken District 3,U.S. Senate,,LAR,Diane Sare,1
Ulster,Shandaken District 3,U.S. Senate,,,Write-in,0
Ulster,Shandaken District 4,U.S. Senate,,DEM,Kirsten E. Gillibrand,193
Ulster,Shandaken District 4,U.S. Senate,,WOR,Kirsten E. Gillibrand,0
Ulster,Shandaken District 4,U.S. Senate,,REP,Michael D. Sapraicone,80
Ulster,Shandaken District 4,U.S. Senate,,CON,Michael D. Sapraicone,21
Ulster,Shandaken District 4,U.S. Senate,,LAR,Diane Sare,2
Ulster,Shandaken District 4,U.S. Senate,,,Write-in,0
Ulster,Shawangunk District 1,U.S. Senate,,DEM,Kirsten E. Gillibrand,330
Ulster,Shawangunk District 1,U.S. Senate,,WOR,Kirsten E. Gillibrand,0
Ulster,Shawangunk District 1,U.S. Senate,,REP,Michael D. Sapraicone,400
Ulster,Shawangunk District 1,U.S. Senate,,CON,Michael D. Sapraicone,46
Ulster,Shawangunk District 1,U.S. Senate,,LAR,Diane Sare,7
Ulster,Shawangunk District 1,U.S. Senate,,,Write-in,0
Ulster,Shawangunk District 2,U.S. Senate,,DEM,Kirsten E. Gillibrand,426
Ulster,Shawangunk District 2,U.S. Senate,,WOR,Kirsten E. Gillibrand,0
Ulster,Shawangunk District 2,U.S. Senate,,REP,Michael D. Sapraicone,573
Ulster,Shawangunk District 2,U.S. Senate,,CON,Michael D. Sapraicone,61
Ulster,Shawangunk District 2,U.S. Senate,,LAR,Diane Sare,5
Ulster,Shawangunk District 2,U.S. Senate,,,Write-in,0
Ulster,Shawangunk District 3,U.S. Senate,,DEM,Kirsten E. Gillibrand,271
Ulster,Shawangunk District 3,U.S. Senate,,WOR,Kirsten E. Gillibrand,0
Ulster,Shawangunk District 3,U.S. Senate,,REP,Michael D. Sapraicone,420
Ulster,Shawangunk District 3,U.S. Senate,,CON,Michael D. Sapraicone,51
Ulster,Shawangunk District 3,U.S. Senate,,LAR,Diane Sare,3
Ulster,Shawangunk District 3,U.S. Senate,,,Write-in,0
Ulster,Shawangunk District 4,U.S. Senate,,DEM,Kirsten E. Gillibrand,279
Ulster,Shawangunk District 4,U.S. Senate,,WOR,Kirsten E. Gillibrand,0
Ulster,Shawangunk District 4,U.S. Senate,,REP,Michael D. Sapraicone,351
Ulster,Shawangunk District 4,U.S. Senate,,CON,Michael D. Sapraicone,36
Ulster,Shawangunk District 4,U.S. Senate,,LAR,Diane Sare,3
Ulster,Shawangunk District 4,U.S. Senate,,,Write-in,0
Ulster,Shawangunk District 5,U.S. Senate,,DEM,Kirsten E. Gillibrand,162
Ulster,Shawangunk District 5,U.S. Senate,,WOR,Kirsten E. Gillibrand,0
Ulster,Shawangunk District 5,U.S. Senate,,REP,Michael D. Sapraicone,362
Ulster,Shawangunk District 5,U.S. Senate,,CON,Michael D. Sapraicone,34
Ulster,Shawangunk District 5,U.S. Senate,,LAR,Diane Sare,4
Ulster,Shawangunk District 5,U.S. Senate,,,Write-in,0
Ulster,Shawangunk District 6,U.S. Senate,,DEM,Kirsten E. Gillibrand,274
Ulster,Shawangunk District 6,U.S. Senate,,WOR,Kirsten E. Gillibrand,0
Ulster,Shawangunk District 6,U.S. Senate,,REP,Michael D. Sapraicone,476
Ulster,Shawangunk District 6,U.S. Senate,,CON,Michael D. Sapraicone,56
Ulster,Shawangunk District 6,U.S. Senate,,LAR,Diane Sare,4
Ulster,Shawangunk District 6,U.S. Senate,,,Write-in,0
Ulster,Shawangunk District 7,U.S. Senate,,DEM,Kirsten E. Gillibrand,376
Ulster,Shawangunk District 7,U.S. Senate,,WOR,Kirsten E. Gillibrand,0
Ulster,Shawangunk District 7,U.S. Senate,,REP,Michael D. Sapraicone,581
Ulster,Shawangunk District 7,U.S. Senate,,CON,Michael D. Sapraicone,66
Ulster,Shawangunk District 7,U.S. Senate,,LAR,Diane Sare,3
Ulster,Shawangunk District 7,U.S. Senate,,,Write-in,1
Ulster,Town of Ulster District 1,U.S. Senate,,DEM,Kirsten E. Gillibrand,277
Ulster,Town of Ulster District 1,U.S. Senate,,WOR,Kirsten E. Gillibrand,0
Ulster,Town of Ulster District 1,U.S. Senate,,REP,Michael D. Sapraicone,221
Ulster,Town of Ulster District 1,U.S. Senate,,CON,Michael D. Sapraicone,45
Ulster,Town of Ulster District 1,U.S. Senate,,LAR,Diane Sare,2
Ulster,Town of Ulster District 1,U.S. Senate,,,Write-in,0
Ulster,Town of Ulster District 2,U.S. Senate,,DEM,Kirsten E. Gillibrand,340
Ulster,Town of Ulster District 2,U.S. Senate,,WOR,Kirsten E. Gillibrand,0
Ulster,Town of Ulster District 2,U.S. Senate,,REP,Michael D. Sapraicone,266
Ulster,Town of Ulster District 2,U.S. Senate,,CON,Michael D. Sapraicone,35
Ulster,Town of Ulster District 2,U.S. Senate,,LAR,Diane Sare,4
Ulster,Town of Ulster District 2,U.S. Senate,,,Write-in,1
Ulster,Town of Ulster District 3,U.S. Senate,,DEM,Kirsten E. Gillibrand,130
Ulster,Town of Ulster District 3,U.S. Senate,,WOR,Kirsten E. Gillibrand,0
Ulster,Town of Ulster District 3,U.S. Senate,,REP,Michael D. Sapraicone,87
Ulster,Town of Ulster District 3,U.S. Senate,,CON,Michael D. Sapraicone,15
Ulster,Town of Ulster District 3,U.S. Senate,,LAR,Diane Sare,1
Ulster,Town of Ulster District 3,U.S. Senate,,,Write-in,0
Ulster,Town of Ulster District 4,U.S. Senate,,DEM,Kirsten E. Gillibrand,145
Ulster,Town of Ulster District 4,U.S. Senate,,WOR,Kirsten E. Gillibrand,0
Ulster,Town of Ulster District 4,U.S. Senate,,REP,Michael D. Sapraicone,73
Ulster,Town of Ulster District 4,U.S. Senate,,CON,Michael D. Sapraicone,16
Ulster,Town of Ulster District 4,U.S. Senate,,LAR,Diane Sare,5
Ulster,Town of Ulster District 4,U.S. Senate,,,Write-in,0
Ulster,Town of Ulster District 5,U.S. Senate,,DEM,Kirsten E. Gillibrand,166
Ulster,Town of Ulster District 5,U.S. Senate,,WOR,Kirsten E. Gillibrand,0
Ulster,Town of Ulster District 5,U.S. Senate,,REP,Michael D. Sapraicone,86
Ulster,Town of Ulster District 5,U.S. Senate,,CON,Michael D. Sapraicone,12
Ulster,Town of Ulster District 5,U.S. Senate,,LAR,Diane Sare,1
Ulster,Town of Ulster District 5,U.S. Senate,,,Write-in,0
Ulster,Town of Ulster District 6,U.S. Senate,,DEM,Kirsten E. Gillibrand,135
Ulster,Town of Ulster District 6,U.S. Senate,,WOR,Kirsten E. Gillibrand,0
Ulster,Town of Ulster District 6,U.S. Senate,,REP,Michael D. Sapraicone,93
Ulster,Town of Ulster District 6,U.S. Senate,,CON,Michael D. Sapraicone,18
Ulster,Town of Ulster District 6,U.S. Senate,,LAR,Diane Sare,0
Ulster,Town of Ulster District 6,U.S. Senate,,,Write-in,0
Ulster,Town of Ulster District 7,U.S. Senate,,DEM,Kirsten E. Gillibrand,188
Ulster,Town of Ulster District 7,U.S. Senate,,WOR,Kirsten E. Gillibrand,0
Ulster,Town of Ulster District 7,U.S. Senate,,REP,Michael D. Sapraicone,174
Ulster,Town of Ulster District 7,U.S. Senate,,CON,Michael D. Sapraicone,21
Ulster,Town of Ulster District 7,U.S. Senate,,LAR,Diane Sare,0
Ulster,Town of Ulster District 7,U.S. Senate,,,Write-in,0
Ulster,Town of Ulster District 8,U.S. Senate,,DEM,Kirsten E. Gillibrand,144
Ulster,Town of Ulster District 8,U.S. Senate,,WOR,Kirsten E. Gillibrand,0
Ulster,Town of Ulster District 8,U.S. Senate,,REP,Michael D. Sapraicone,101
Ulster,Town of Ulster District 8,U.S. Senate,,CON,Michael D. Sapraicone,10
Ulster,Town of Ulster District 8,U.S. Senate,,LAR,Diane Sare,1
Ulster,Town of Ulster District 8,U.S. Senate,,,Write-in,0
Ulster,Town of Ulster District 9,U.S. Senate,,DEM,Kirsten E. Gillibrand,245
Ulster,Town of Ulster District 9,U.S. Senate,,WOR,Kirsten E. Gillibrand,0
Ulster,Town of Ulster District 9,U.S. Senate,,REP,Michael D. Sapraicone,208
Ulster,Town of Ulster District 9,U.S. Senate,,CON,Michael D. Sapraicone,43
Ulster,Town of Ulster District 9,U.S. Senate,,LAR,Diane Sare,3
Ulster,Town of Ulster District 9,U.S. Senate,,,Write-in,0
Ulster,Town of Ulster District 10,U.S. Senate,,DEM,Kirsten E. Gillibrand,297
Ulster,Town of Ulster District 10,U.S. Senate,,WOR,Kirsten E. Gillibrand,0
Ulster,Town of Ulster District 10,U.S. Senate,,REP,Michael D. Sapraicone,219
Ulster,Town of Ulster District 10,U.S. Senate,,CON,Michael D. Sapraicone,33
Ulster,Town of Ulster District 10,U.S. Senate,,LAR,Diane Sare,1
Ulster,Town of Ulster District 10,U.S. Senate,,,Write-in,0
Ulster,Town of Ulster District 11,U.S. Senate,,DEM,Kirsten E. Gillibrand,231
Ulster,Town of Ulster District 11,U.S. Senate,,WOR,Kirsten E. Gillibrand,0
Ulster,Town of Ulster District 11,U.S. Senate,,REP,Michael D. Sapraicone,158
Ulster,Town of Ulster District 11,U.S. Senate,,CON,Michael D. Sapraicone,21
Ulster,Town of Ulster District 11,U.S. Senate,,LAR,Diane Sare,3
Ulster,Town of Ulster District 11,U.S. Senate,,,Write-in,0
Ulster,Town of Ulster District 12,U.S. Senate,,DEM,Kirsten E. Gillibrand,258
Ulster,Town of Ulster District 12,U.S. Senate,,WOR,Kirsten E. Gillibrand,0
Ulster,Town of Ulster District 12,U.S. Senate,,REP,Michael D. Sapraicone,260
Ulster,Town of Ulster District 12,U.S. Senate,,CON,Michael D. Sapraicone,51
Ulster,Town of Ulster District 12,U.S. Senate,,LAR,Diane Sare,4
Ulster,Town of Ulster District 12,U.S. Senate,,,Write-in,0
Ulster,Town of Ulster District 13,U.S. Senate,,DEM,Kirsten E. Gillibrand,424
Ulster,Town of Ulster District 13,U.S. Senate,,WOR,Kirsten E. Gillibrand,0
Ulster,Town of Ulster District 13,U.S. Senate,,REP,Michael D. Sapraicone,245
Ulster,Town of Ulster District 13,U.S. Senate,,CON,Michael D. Sapraicone,46
Ulster,Town of Ulster District 13,U.S. Senate,,LAR,Diane Sare,4
Ulster,Town of Ulster District 13,U.S. Senate,,,Write-in,0
Ulster,Town of Ulster District 14,U.S. Senate,,DEM,Kirsten E. Gillibrand,191
Ulster,Town of Ulster District 14,U.S. Senate,,WOR,Kirsten E. Gillibrand,0
Ulster,Town of Ulster District 14,U.S. Senate,,REP,Michael D. Sapraicone,208
Ulster,Town of Ulster District 14,U.S. Senate,,CON,Michael D. Sapraicone,37
Ulster,Town of Ulster District 14,U.S. Senate,,LAR,Diane Sare,3
Ulster,Town of Ulster District 14,U.S. Senate,,,Write-in,1
Ulster,Wawarsing District 1,U.S. Senate,,DEM,Kirsten E. Gillibrand,124
Ulster,Wawarsing District 1,U.S. Senate,,WOR,Kirsten E. Gillibrand,0
Ulster,Wawarsing District 1,U.S. Senate,,REP,Michael D. Sapraicone,75
Ulster,Wawarsing District 1,U.S. Senate,,CON,Michael D. Sapraicone,15
Ulster,Wawarsing District 1,U.S. Senate,,LAR,Diane Sare,3
Ulster,Wawarsing District 1,U.S. Senate,,,Write-in,0
Ulster,Wawarsing District 2,U.S. Senate,,DEM,Kirsten E. Gillibrand,282
Ulster,Wawarsing District 2,U.S. Senate,,WOR,Kirsten E. Gillibrand,0
Ulster,Wawarsing District 2,U.S. Senate,,REP,Michael D. Sapraicone,154
Ulster,Wawarsing District 2,U.S. Senate,,CON,Michael D. Sapraicone,27
Ulster,Wawarsing District 2,U.S. Senate,,LAR,Diane Sare,4
Ulster,Wawarsing District 2,U.S. Senate,,,Write-in,0
Ulster,Wawarsing District 3,U.S. Senate,,DEM,Kirsten E. Gillibrand,276
Ulster,Wawarsing District 3,U.S. Senate,,WOR,Kirsten E. Gillibrand,0
Ulster,Wawarsing District 3,U.S. Senate,,REP,Michael D. Sapraicone,152
Ulster,Wawarsing District 3,U.S. Senate,,CON,Michael D. Sapraicone,23
Ulster,Wawarsing District 3,U.S. Senate,,LAR,Diane Sare,3
Ulster,Wawarsing District 3,U.S. Senate,,,Write-in,0
Ulster,Wawarsing District 4,U.S. Senate,,DEM,Kirsten E. Gillibrand,205
Ulster,Wawarsing District 4,U.S. Senate,,WOR,Kirsten E. Gillibrand,0
Ulster,Wawarsing District 4,U.S. Senate,,REP,Michael D. Sapraicone,93
Ulster,Wawarsing District 4,U.S. Senate,,CON,Michael D. Sapraicone,17
Ulster,Wawarsing District 4,U.S. Senate,,LAR,Diane Sare,2
Ulster,Wawarsing District 4,U.S. Senate,,,Write-in,0
Ulster,Wawarsing District 5,U.S. Senate,,DEM,Kirsten E. Gillibrand,120
Ulster,Wawarsing District 5,U.S. Senate,,WOR,Kirsten E. Gillibrand,0
Ulster,Wawarsing District 5,U.S. Senate,,REP,Michael D. Sapraicone,194
Ulster,Wawarsing District 5,U.S. Senate,,CON,Michael D. Sapraicone,31
Ulster,Wawarsing District 5,U.S. Senate,,LAR,Diane Sare,1
Ulster,Wawarsing District 5,U.S. Senate,,,Write-in,0
Ulster,Wawarsing District 6,U.S. Senate,,DEM,Kirsten E. Gillibrand,131
Ulster,Wawarsing District 6,U.S. Senate,,WOR,Kirsten E. Gillibrand,0
Ulster,Wawarsing District 6,U.S. Senate,,REP,Michael D. Sapraicone,222
Ulster,Wawarsing District 6,U.S. Senate,,CON,Michael D. Sapraicone,33
Ulster,Wawarsing District 6,U.S. Senate,,LAR,Diane Sare,3
Ulster,Wawarsing District 6,U.S. Senate,,,Write-in,0
Ulster,Wawarsing District 7,U.S. Senate,,DEM,Kirsten E. Gillibrand,90
Ulster,Wawarsing District 7,U.S. Senate,,WOR,Kirsten E. Gillibrand,0
Ulster,Wawarsing District 7,U.S. Senate,,REP,Michael D. Sapraicone,112
Ulster,Wawarsing District 7,U.S. Senate,,CON,Michael D. Sapraicone,20
Ulster,Wawarsing District 7,U.S. Senate,,LAR,Diane Sare,0
Ulster,Wawarsing District 7,U.S. Senate,,,Write-in,0
Ulster,Wawarsing District 8,U.S. Senate,,DEM,Kirsten E. Gillibrand,309
Ulster,Wawarsing District 8,U.S. Senate,,WOR,Kirsten E. Gillibrand,0
Ulster,Wawarsing District 8,U.S. Senate,,REP,Michael D. Sapraicone,309
Ulster,Wawarsing District 8,U.S. Senate,,CON,Michael D. Sapraicone,40
Ulster,Wawarsing District 8,U.S. Senate,,LAR,Diane Sare,1
Ulster,Wawarsing District 8,U.S. Senate,,,Write-in,0
Ulster,Wawarsing District 9,U.S. Senate,,DEM,Kirsten E. Gillibrand,178
Ulster,Wawarsing District 9,U.S. Senate,,WOR,Kirsten E. Gillibrand,0
Ulster,Wawarsing District 9,U.S. Senate,,REP,Michael D. Sapraicone,187
Ulster,Wawarsing District 9,U.S. Senate,,CON,Michael D. Sapraicone,24
Ulster,Wawarsing District 9,U.S. Senate,,LAR,Diane Sare,3
Ulster,Wawarsing District 9,U.S. Senate,,,Write-in,0
Ulster,Wawarsing District 10,U.S. Senate,,DEM,Kirsten E. Gillibrand,25
Ulster,Wawarsing District 10,U.S. Senate,,WOR,Kirsten E. Gillibrand,0
Ulster,Wawarsing District 10,U.S. Senate,,REP,Michael D. Sapraicone,34
Ulster,Wawarsing District 10,U.S. Senate,,CON,Michael D. Sapraicone,4
Ulster,Wawarsing District 10,U.S. Senate,,LAR,Diane Sare,0
Ulster,Wawarsing District 10,U.S. Senate,,,Write-in,0
Ulster,Wawarsing District 11,U.S. Senate,,DEM,Kirsten E. Gillibrand,254
Ulster,Wawarsing District 11,U.S. Senate,,WOR,Kirsten E. Gillibrand,0
Ulster,Wawarsing District 11,U.S. Senate,,REP,Michael D. Sapraicone,208
Ulster,Wawarsing District 11,U.S. Senate,,CON,Michael D. Sapraicone,35
Ulster,Wawarsing District 11,U.S. Senate,,LAR,Diane Sare,3
Ulster,Wawarsing District 11,U.S. Senate,,,Write-in,0
Ulster,Wawarsing District 12,U.S. Senate,,DEM,Kirsten E. Gillibrand,110
Ulster,Wawarsing District 12,U.S. Senate,,WOR,Kirsten E. Gillibrand,0
Ulster,Wawarsing District 12,U.S. Senate,,REP,Michael D. Sapraicone,115
Ulster,Wawarsing District 12,U.S. Senate,,CON,Michael D. Sapraicone,16
Ulster,Wawarsing District 12,U.S. Senate,,LAR,Diane Sare,2
Ulster,Wawarsing District 12,U.S. Senate,,,Write-in,0
Ulster,Wawarsing District 13,U.S. Senate,,DEM,Kirsten E. Gillibrand,107
Ulster,Wawarsing District 13,U.S. Senate,,WOR,Kirsten E. Gillibrand,0
Ulster,Wawarsing District 13,U.S. Senate,,REP,Michael D. Sapraicone,122
Ulster,Wawarsing District 13,U.S. Senate,,CON,Michael D. Sapraicone,11
Ulster,Wawarsing District 13,U.S. Senate,,LAR,Diane Sare,0
Ulster,Wawarsing District 13,U.S. Senate,,,Write-in,0
Ulster,Woodstock District 1,U.S. Senate,,DEM,Kirsten E. Gillibrand,525
Ulster,Woodstock District 1,U.S. Senate,,WOR,Kirsten E. Gillibrand,0
Ulster,Woodstock District 1,U.S. Senate,,REP,Michael D. Sapraicone,52
Ulster,Woodstock District 1,U.S. Senate,,CON,Michael D. Sapraicone,7
Ulster,Woodstock District 1,U.S. Senate,,LAR,Diane Sare,3
Ulster,Woodstock District 1,U.S. Senate,,,Write-in,0
Ulster,Woodstock District 2,U.S. Senate,,DEM,Kirsten E. Gillibrand,325
Ulster,Woodstock District 2,U.S. Senate,,WOR,Kirsten E. Gillibrand,0
Ulster,Woodstock District 2,U.S. Senate,,REP,Michael D. Sapraicone,62
Ulster,Woodstock District 2,U.S. Senate,,CON,Michael D. Sapraicone,8
Ulster,Woodstock District 2,U.S. Senate,,LAR,Diane Sare,3
Ulster,Woodstock District 2,U.S. Senate,,,Write-in,1
Ulster,Woodstock District 3,U.S. Senate,,DEM,Kirsten E. Gillibrand,480
Ulster,Woodstock District 3,U.S. Senate,,WOR,Kirsten E. Gillibrand,0
Ulster,Woodstock District 3,U.S. Senate,,REP,Michael D. Sapraicone,96
Ulster,Woodstock District 3,U.S. Senate,,CON,Michael D. Sapraicone,17
Ulster,Woodstock District 3,U.S. Senate,,LAR,Diane Sare,6
Ulster,Woodstock District 3,U.S. Senate,,,Write-in,0
Ulster,Woodstock District 4,U.S. Senate,,DEM,Kirsten E. Gillibrand,257
Ulster,Woodstock District 4,U.S. Senate,,WOR,Kirsten E. Gillibrand,0
Ulster,Woodstock District 4,U.S. Senate,,REP,Michael D. Sapraicone,55
Ulster,Woodstock District 4,U.S. Senate,,CON,Michael D. Sapraicone,4
Ulster,Woodstock District 4,U.S. Senate,,LAR,Diane Sare,1
Ulster,Woodstock District 4,U.S. Senate,,,Write-in,2
Ulster,Woodstock District 5,U.S. Senate,,DEM,Kirsten E. Gillibrand,284
Ulster,Woodstock District 5,U.S. Senate,,WOR,Kirsten E. Gillibrand,0
Ulster,Woodstock District 5,U.S. Senate,,REP,Michael D. Sapraicone,35
Ulster,Woodstock District 5,U.S. Senate,,CON,Michael D. Sapraicone,2
Ulster,Woodstock District 5,U.S. Senate,,LAR,Diane Sare,2
Ulster,Woodstock District 5,U.S. Senate,,,Write-in,1
Ulster,Woodstock District 6,U.S. Senate,,DEM,Kirsten E. Gillibrand,300
Ulster,Woodstock District 6,U.S. Senate,,WOR,Kirsten E. Gillibrand,0
Ulster,Woodstock District 6,U.S. Senate,,REP,Michael D. Sapraicone,66
Ulster,Woodstock District 6,U.S. Senate,,CON,Michael D. Sapraicone,24
Ulster,Woodstock District 6,U.S. Senate,,LAR,Diane Sare,9
Ulster,Woodstock District 6,U.S. Senate,,,Write-in,0
Ulster,Woodstock District 7,U.S. Senate,,DEM,Kirsten E. Gillibrand,416
Ulster,Woodstock District 7,U.S. Senate,,WOR,Kirsten E. Gillibrand,0
Ulster,Woodstock District 7,U.S. Senate,,REP,Michael D. Sapraicone,53
Ulster,Woodstock District 7,U.S. Senate,,CON,Michael D. Sapraicone,4
Ulster,Woodstock District 7,U.S. Senate,,LAR,Diane Sare,6
Ulster,Woodstock District 7,U.S. Senate,,,Write-in,1
Ulster,Woodstock District 8,U.S. Senate,,DEM,Kirsten E. Gillibrand,305
Ulster,Woodstock District 8,U.S. Senate,,WOR,Kirsten E. Gillibrand,0
Ulster,Woodstock District 8,U.S. Senate,,REP,Michael D. Sapraicone,28
Ulster,Woodstock District 8,U.S. Senate,,CON,Michael D. Sapraicone,6
Ulster,Woodstock District 8,U.S. Senate,,LAR,Diane Sare,0
Ulster,Woodstock District 8,U.S. Senate,,,Write-in,1
Ulster,Woodstock District 9,U.S. Senate,,DEM,Kirsten E. Gillibrand,409
Ulster,Woodstock District 9,U.S. Senate,,WOR,Kirsten E. Gillibrand,0
Ulster,Woodstock District 9,U.S. Senate,,REP,Michael D. Sapraicone,42
Ulster,Woodstock District 9,U.S. Senate,,CON,Michael D. Sapraicone,1
Ulster,Woodstock District 9,U.S. Senate,,LAR,Diane Sare,6
Ulster,Woodstock District 9,U.S. Senate,,,Write-in,1
Ulster,City of Kingston Ward 1-Dist. 1,U.S. House,,DEM,Pat Ryan,205
Ulster,City of Kingston Ward 1-Dist. 1,U.S. House,,WOR,Pat Ryan,0
Ulster,City of Kingston Ward 1-Dist. 1,U.S. House,,REP,Alison Esposito,85
Ulster,City of Kingston Ward 1-Dist. 1,U.S. House,,CON,Alison Esposito,13
Ulster,City of Kingston Ward 1-Dist. 1,U.S. House,,,Write-in,0
Ulster,City of Kingston Ward 1-Dist. 2,U.S. House,,DEM,Pat Ryan,408
Ulster,City of Kingston Ward 1-Dist. 2,U.S. House,,WOR,Pat Ryan,0
Ulster,City of Kingston Ward 1-Dist. 2,U.S. House,,REP,Alison Esposito,178
Ulster,City of Kingston Ward 1-Dist. 2,U.S. House,,CON,Alison Esposito,45
Ulster,City of Kingston Ward 1-Dist. 2,U.S. House,,,Write-in,0
Ulster,City of Kingston Ward 1-Dist. 3,U.S. House,,DEM,Pat Ryan,260
Ulster,City of Kingston Ward 1-Dist. 3,U.S. House,,WOR,Pat Ryan,0
Ulster,City of Kingston Ward 1-Dist. 3,U.S. House,,REP,Alison Esposito,80
Ulster,City of Kingston Ward 1-Dist. 3,U.S. House,,CON,Alison Esposito,22
Ulster,City of Kingston Ward 1-Dist. 3,U.S. House,,,Write-in,1
Ulster,City of Kingston Ward 2-Dist. 1,U.S. House,,DEM,Pat Ryan,256
Ulster,City of Kingston Ward 2-Dist. 1,U.S. House,,WOR,Pat Ryan,0
Ulster,City of Kingston Ward 2-Dist. 1,U.S. House,,REP,Alison Esposito,52
Ulster,City of Kingston Ward 2-Dist. 1,U.S. House,,CON,Alison Esposito,9
Ulster,City of Kingston Ward 2-Dist. 1,U.S. House,,,Write-in,1
Ulster,City of Kingston Ward 2-Dist. 2,U.S. House,,DEM,Pat Ryan,71
Ulster,City of Kingston Ward 2-Dist. 2,U.S. House,,WOR,Pat Ryan,0
Ulster,City of Kingston Ward 2-Dist. 2,U.S. House,,REP,Alison Esposito,33
Ulster,City of Kingston Ward 2-Dist. 2,U.S. House,,CON,Alison Esposito,6
Ulster,City of Kingston Ward 2-Dist. 2,U.S. House,,,Write-in,0
Ulster,City of Kingston Ward 2-Dist. 3,U.S. House,,DEM,Pat Ryan,139
Ulster,City of Kingston Ward 2-Dist. 3,U.S. House,,WOR,Pat Ryan,0
Ulster,City of Kingston Ward 2-Dist. 3,U.S. House,,REP,Alison Esposito,46
Ulster,City of Kingston Ward 2-Dist. 3,U.S. House,,CON,Alison Esposito,6
Ulster,City of Kingston Ward 2-Dist. 3,U.S. House,,,Write-in,0
Ulster,City of Kingston Ward 2-Dist. 4,U.S. House,,DEM,Pat Ryan,250
Ulster,City of Kingston Ward 2-Dist. 4,U.S. House,,WOR,Pat Ryan,0
Ulster,City of Kingston Ward 2-Dist. 4,U.S. House,,REP,Alison Esposito,78
Ulster,City of Kingston Ward 2-Dist. 4,U.S. House,,CON,Alison Esposito,10
Ulster,City of Kingston Ward 2-Dist. 4,U.S. House,,,Write-in,1
Ulster,City of Kingston Ward 3-Dist. 1,U.S. House,,DEM,Pat Ryan,444
Ulster,City of Kingston Ward 3-Dist. 1,U.S. House,,WOR,Pat Ryan,0
Ulster,City of Kingston Ward 3-Dist. 1,U.S. House,,REP,Alison Esposito,154
Ulster,City of Kingston Ward 3-Dist. 1,U.S. House,,CON,Alison Esposito,28
Ulster,City of Kingston Ward 3-Dist. 1,U.S. House,,,Write-in,0
Ulster,City of Kingston Ward 3-Dist. 2,U.S. House,,DEM,Pat Ryan,220
Ulster,City of Kingston Ward 3-Dist. 2,U.S. House,,WOR,Pat Ryan,0
Ulster,City of Kingston Ward 3-Dist. 2,U.S. House,,REP,Alison Esposito,56
Ulster,City of Kingston Ward 3-Dist. 2,U.S. House,,CON,Alison Esposito,5
Ulster,City of Kingston Ward 3-Dist. 2,U.S. House,,,Write-in,0
Ulster,City of Kingston Ward 3-Dist. 3,U.S. House,,DEM,Pat Ryan,254
Ulster,City of Kingston Ward 3-Dist. 3,U.S. House,,WOR,Pat Ryan,0
Ulster,City of Kingston Ward 3-Dist. 3,U.S. House,,REP,Alison Esposito,127
Ulster,City of Kingston Ward 3-Dist. 3,U.S. House,,CON,Alison Esposito,31
Ulster,City of Kingston Ward 3-Dist. 3,U.S. House,,,Write-in,0
Ulster,City of Kingston Ward 4-Dist. 1,U.S. House,,DEM,Pat Ryan,124
Ulster,City of Kingston Ward 4-Dist. 1,U.S. House,,WOR,Pat Ryan,0
Ulster,City of Kingston Ward 4-Dist. 1,U.S. House,,REP,Alison Esposito,14
Ulster,City of Kingston Ward 4-Dist. 1,U.S. House,,CON,Alison Esposito,6
Ulster,City of Kingston Ward 4-Dist. 1,U.S. House,,,Write-in,0
Ulster,City of Kingston Ward 4-Dist. 2,U.S. House,,DEM,Pat Ryan,335
Ulster,City of Kingston Ward 4-Dist. 2,U.S. House,,WOR,Pat Ryan,0
Ulster,City of Kingston Ward 4-Dist. 2,U.S. House,,REP,Alison Esposito,82
Ulster,City of Kingston Ward 4-Dist. 2,U.S. House,,CON,Alison Esposito,20
Ulster,City of Kingston Ward 4-Dist. 2,U.S. House,,,Write-in,2
Ulster,City of Kingston Ward 5-Dist. 1,U.S. House,,DEM,Pat Ryan,201
Ulster,City of Kingston Ward 5-Dist. 1,U.S. House,,WOR,Pat Ryan,0
Ulster,City of Kingston Ward 5-Dist. 1,U.S. House,,REP,Alison Esposito,62
Ulster,City of Kingston Ward 5-Dist. 1,U.S. House,,CON,Alison Esposito,7
Ulster,City of Kingston Ward 5-Dist. 1,U.S. House,,,Write-in,1
Ulster,City of Kingston Ward 5-Dist. 2,U.S. House,,DEM,Pat Ryan,339
Ulster,City of Kingston Ward 5-Dist. 2,U.S. House,,WOR,Pat Ryan,0
Ulster,City of Kingston Ward 5-Dist. 2,U.S. House,,REP,Alison Esposito,149
Ulster,City of Kingston Ward 5-Dist. 2,U.S. House,,CON,Alison Esposito,17
Ulster,City of Kingston Ward 5-Dist. 2,U.S. House,,,Write-in,0
Ulster,City of Kingston Ward 5-Dist. 3,U.S. House,,DEM,Pat Ryan,117
Ulster,City of Kingston Ward 5-Dist. 3,U.S. House,,WOR,Pat Ryan,0
Ulster,City of Kingston Ward 5-Dist. 3,U.S. House,,REP,Alison Esposito,33
Ulster,City of Kingston Ward 5-Dist. 3,U.S. House,,CON,Alison Esposito,11
Ulster,City of Kingston Ward 5-Dist. 3,U.S. House,,,Write-in,0
Ulster,City of Kingston Ward 6-Dist.1,U.S. House,,DEM,Pat Ryan,258
Ulster,City of Kingston Ward 6-Dist.1,U.S. House,,WOR,Pat Ryan,0
Ulster,City of Kingston Ward 6-Dist.1,U.S. House,,REP,Alison Esposito,147
Ulster,City of Kingston Ward 6-Dist.1,U.S. House,,CON,Alison Esposito,22
Ulster,City of Kingston Ward 6-Dist.1,U.S. House,,,Write-in,1
Ulster,City of Kingston Ward 6-Dist. 2,U.S. House,,DEM,Pat Ryan,283
Ulster,City of Kingston Ward 6-Dist. 2,U.S. House,,WOR,Pat Ryan,0
Ulster,City of Kingston Ward 6-Dist. 2,U.S. House,,REP,Alison Esposito,131
Ulster,City of Kingston Ward 6-Dist. 2,U.S. House,,CON,Alison Esposito,13
Ulster,City of Kingston Ward 6-Dist. 2,U.S. House,,,Write-in,0
Ulster,City of Kingston Ward 6-Dist. 3,U.S. House,,DEM,Pat Ryan,181
Ulster,City of Kingston Ward 6-Dist. 3,U.S. House,,WOR,Pat Ryan,0
Ulster,City of Kingston Ward 6-Dist. 3,U.S. House,,REP,Alison Esposito,60
Ulster,City of Kingston Ward 6-Dist. 3,U.S. House,,CON,Alison Esposito,9
Ulster,City of Kingston Ward 6-Dist. 3,U.S. House,,,Write-in,0
Ulster,City of Kingston Ward 7-Dist. 1,U.S. House,,DEM,Pat Ryan,214
Ulster,City of Kingston Ward 7-Dist. 1,U.S. House,,WOR,Pat Ryan,0
Ulster,City of Kingston Ward 7-Dist. 1,U.S. House,,REP,Alison Esposito,118
Ulster,City of Kingston Ward 7-Dist. 1,U.S. House,,CON,Alison Esposito,23
Ulster,City of Kingston Ward 7-Dist. 1,U.S. House,,,Write-in,0
Ulster,City of Kingston Ward 7-Dist. 2,U.S. House,,DEM,Pat Ryan,295
Ulster,City of Kingston Ward 7-Dist. 2,U.S. House,,WOR,Pat Ryan,0
Ulster,City of Kingston Ward 7-Dist. 2,U.S. House,,REP,Alison Esposito,159
Ulster,City of Kingston Ward 7-Dist. 2,U.S. House,,CON,Alison Esposito,28
Ulster,City of Kingston Ward 7-Dist. 2,U.S. House,,,Write-in,0
Ulster,City of Kingston Ward 7-Dist. 3,U.S. House,,DEM,Pat Ryan,218
Ulster,City of Kingston Ward 7-Dist. 3,U.S. House,,WOR,Pat Ryan,0
Ulster,City of Kingston Ward 7-Dist. 3,U.S. House,,REP,Alison Esposito,137
Ulster,City of Kingston Ward 7-Dist. 3,U.S. House,,CON,Alison Esposito,23
Ulster,City of Kingston Ward 7-Dist. 3,U.S. House,,,Write-in,0
Ulster,City of Kingston Ward 8-Dist. 1,U.S. House,,DEM,Pat Ryan,245
Ulster,City of Kingston Ward 8-Dist. 1,U.S. House,,WOR,Pat Ryan,0
Ulster,City of Kingston Ward 8-Dist. 1,U.S. House,,REP,Alison Esposito,40
Ulster,City of Kingston Ward 8-Dist. 1,U.S. House,,CON,Alison Esposito,12
Ulster,City of Kingston Ward 8-Dist. 1,U.S. House,,,Write-in,1
Ulster,City of Kingston Ward 8-Dist. 2,U.S. House,,DEM,Pat Ryan,191
Ulster,City of Kingston Ward 8-Dist. 2,U.S. House,,WOR,Pat Ryan,0
Ulster,City of Kingston Ward 8-Dist. 2,U.S. House,,REP,Alison Esposito,44
Ulster,City of Kingston Ward 8-Dist. 2,U.S. House,,CON,Alison Esposito,11
Ulster,City of Kingston Ward 8-Dist. 2,U.S. House,,,Write-in,1
Ulster,City of Kingston Ward 8-Dist. 3,U.S. House,,DEM,Pat Ryan,259
Ulster,City of Kingston Ward 8-Dist. 3,U.S. House,,WOR,Pat Ryan,0
Ulster,City of Kingston Ward 8-Dist. 3,U.S. House,,REP,Alison Esposito,99
Ulster,City of Kingston Ward 8-Dist. 3,U.S. House,,CON,Alison Esposito,21
Ulster,City of Kingston Ward 8-Dist. 3,U.S. House,,,Write-in,0
Ulster,City of Kingston Ward 9-Dist. 1,U.S. House,,DEM,Pat Ryan,231
Ulster,City of Kingston Ward 9-Dist. 1,U.S. House,,WOR,Pat Ryan,0
Ulster,City of Kingston Ward 9-Dist. 1,U.S. House,,REP,Alison Esposito,89
Ulster,City of Kingston Ward 9-Dist. 1,U.S. House,,CON,Alison Esposito,25
Ulster,City of Kingston Ward 9-Dist. 1,U.S. House,,,Write-in,2
Ulster,City of Kingston Ward 9-Dist. 2,U.S. House,,DEM,Pat Ryan,442
Ulster,City of Kingston Ward 9-Dist. 2,U.S. House,,WOR,Pat Ryan,0
Ulster,City of Kingston Ward 9-Dist. 2,U.S. House,,REP,Alison Esposito,117
Ulster,City of Kingston Ward 9-Dist. 2,U.S. House,,CON,Alison Esposito,22
Ulster,City of Kingston Ward 9-Dist. 2,U.S. House,,,Write-in,0
Ulster,City of Kingston Ward 9-Dist. 3,U.S. House,,DEM,Pat Ryan,109
Ulster,City of Kingston Ward 9-Dist. 3,U.S. House,,WOR,Pat Ryan,0
Ulster,City of Kingston Ward 9-Dist. 3,U.S. House,,REP,Alison Esposito,52
Ulster,City of Kingston Ward 9-Dist. 3,U.S. House,,CON,Alison Esposito,4
Ulster,City of Kingston Ward 9-Dist. 3,U.S. House,,,Write-in,0
Ulster,Esopus District 1,U.S. House,,DEM,Pat Ryan,480
Ulster,Esopus District 1,U.S. House,,WOR,Pat Ryan,0
Ulster,Esopus District 1,U.S. House,,REP,Alison Esposito,251
Ulster,Esopus District 1,U.S. House,,CON,Alison Esposito,43
Ulster,Esopus District 1,U.S. House,,,Write-in,1
Ulster,Esopus District 2,U.S. House,,DEM,Pat Ryan,255
Ulster,Esopus District 2,U.S. House,,WOR,Pat Ryan,0
Ulster,Esopus District 2,U.S. House,,REP,Alison Esposito,179
Ulster,Esopus District 2,U.S. House,,CON,Alison Esposito,51
Ulster,Esopus District 2,U.S. House,,,Write-in,0
Ulster,Esopus District 3,U.S. House,,DEM,Pat Ryan,489
Ulster,Esopus District 3,U.S. House,,WOR,Pat Ryan,0
Ulster,Esopus District 3,U.S. House,,REP,Alison Esposito,278
Ulster,Esopus District 3,U.S. House,,CON,Alison Esposito,50
Ulster,Esopus District 3,U.S. House,,,Write-in,0
Ulster,Esopus District 4,U.S. House,,DEM,Pat Ryan,289
Ulster,Esopus District 4,U.S. House,,WOR,Pat Ryan,0
Ulster,Esopus District 4,U.S. House,,REP,Alison Esposito,180
Ulster,Esopus District 4,U.S. House,,CON,Alison Esposito,27
Ulster,Esopus District 4,U.S. House,,,Write-in,0
Ulster,Esopus District 5,U.S. House,,DEM,Pat Ryan,317
Ulster,Esopus District 5,U.S. House,,WOR,Pat Ryan,0
Ulster,Esopus District 5,U.S. House,,REP,Alison Esposito,289
Ulster,Esopus District 5,U.S. House,,CON,Alison Esposito,54
Ulster,Esopus District 5,U.S. House,,,Write-in,0
Ulster,Esopus District 6,U.S. House,,DEM,Pat Ryan,363
Ulster,Esopus District 6,U.S. House,,WOR,Pat Ryan,0
Ulster,Esopus District 6,U.S. House,,REP,Alison Esposito,315
Ulster,Esopus District 6,U.S. House,,CON,Alison Esposito,46
Ulster,Esopus District 6,U.S. House,,,Write-in,0
Ulster,Esopus District 7,U.S. House,,DEM,Pat Ryan,368
Ulster,Esopus District 7,U.S. House,,WOR,Pat Ryan,0
Ulster,Esopus District 7,U.S. House,,REP,Alison Esposito,273
Ulster,Esopus District 7,U.S. House,,CON,Alison Esposito,61
Ulster,Esopus District 7,U.S. House,,,Write-in,0
Ulster,Gardiner District 2,U.S. House,,DEM,Pat Ryan,619
Ulster,Gardiner District 2,U.S. House,,WOR,Pat Ryan,0
Ulster,Gardiner District 2,U.S. House,,REP,Alison Esposito,249
Ulster,Gardiner District 2,U.S. House,,CON,Alison Esposito,39
Ulster,Gardiner District 2,U.S. House,,,Write-in,0
Ulster,Gardiner District 3,U.S. House,,DEM,Pat Ryan,673
Ulster,Gardiner District 3,U.S. House,,WOR,Pat Ryan,0
Ulster,Gardiner District 3,U.S. House,,REP,Alison Esposito,195
Ulster,Gardiner District 3,U.S. House,,CON,Alison Esposito,30
Ulster,Gardiner District 3,U.S. House,,,Write-in,0
Ulster,Gardiner District 4,U.S. House,,DEM,Pat Ryan,556
Ulster,Gardiner District 4,U.S. House,,WOR,Pat Ryan,0
Ulster,Gardiner District 4,U.S. House,,REP,Alison Esposito,350
Ulster,Gardiner District 4,U.S. House,,CON,Alison Esposito,58
Ulster,Gardiner District 4,U.S. House,,,Write-in,1
Ulster,Town of Kingston District 1,U.S. House,,DEM,Pat Ryan,257
Ulster,Town of Kingston District 1,U.S. House,,WOR,Pat Ryan,0
Ulster,Town of Kingston District 1,U.S. House,,REP,Alison Esposito,228
Ulster,Town of Kingston District 1,U.S. House,,CON,Alison Esposito,45
Ulster,Town of Kingston District 1,U.S. House,,,Write-in,1
Ulster,Lloyd District 1,U.S. House,,DEM,Pat Ryan,426
Ulster,Lloyd District 1,U.S. House,,WOR,Pat Ryan,0
Ulster,Lloyd District 1,U.S. House,,REP,Alison Esposito,327
Ulster,Lloyd District 1,U.S. House,,CON,Alison Esposito,47
Ulster,Lloyd District 1,U.S. House,,,Write-in,0
Ulster,Lloyd District 2,U.S. House,,DEM,Pat Ryan,145
Ulster,Lloyd District 2,U.S. House,,WOR,Pat Ryan,0
Ulster,Lloyd District 2,U.S. House,,REP,Alison Esposito,83
Ulster,Lloyd District 2,U.S. House,,CON,Alison Esposito,16
Ulster,Lloyd District 2,U.S. House,,,Write-in,0
Ulster,Lloyd District 3,U.S. House,,DEM,Pat Ryan,736
Ulster,Lloyd District 3,U.S. House,,WOR,Pat Ryan,0
Ulster,Lloyd District 3,U.S. House,,REP,Alison Esposito,532
Ulster,Lloyd District 3,U.S. House,,CON,Alison Esposito,73
Ulster,Lloyd District 3,U.S. House,,,Write-in,0
Ulster,Lloyd District 4,U.S. House,,DEM,Pat Ryan,511
Ulster,Lloyd District 4,U.S. House,,WOR,Pat Ryan,0
Ulster,Lloyd District 4,U.S. House,,REP,Alison Esposito,353
Ulster,Lloyd District 4,U.S. House,,CON,Alison Esposito,45
Ulster,Lloyd District 4,U.S. House,,,Write-in,0
Ulster,Lloyd District 5,U.S. House,,DEM,Pat Ryan,656
Ulster,Lloyd District 5,U.S. House,,WOR,Pat Ryan,0
Ulster,Lloyd District 5,U.S. House,,REP,Alison Esposito,387
Ulster,Lloyd District 5,U.S. House,,CON,Alison Esposito,46
Ulster,Lloyd District 5,U.S. House,,,Write-in,0
Ulster,Lloyd District 6,U.S. House,,DEM,Pat Ryan,201
Ulster,Lloyd District 6,U.S. House,,WOR,Pat Ryan,0
Ulster,Lloyd District 6,U.S. House,,REP,Alison Esposito,199
Ulster,Lloyd District 6,U.S. House,,CON,Alison Esposito,37
Ulster,Lloyd District 6,U.S. House,,,Write-in,0
Ulster,Lloyd District 7,U.S. House,,DEM,Pat Ryan,435
Ulster,Lloyd District 7,U.S. House,,WOR,Pat Ryan,0
Ulster,Lloyd District 7,U.S. House,,REP,Alison Esposito,347
Ulster,Lloyd District 7,U.S. House,,CON,Alison Esposito,64
Ulster,Lloyd District 7,U.S. House,,,Write-in,1
Ulster,Marlborough District 1,U.S. House,,DEM,Pat Ryan,340
Ulster,Marlborough District 1,U.S. House,,WOR,Pat Ryan,0
Ulster,Marlborough District 1,U.S. House,,REP,Alison Esposito,432
Ulster,Marlborough District 1,U.S. House,,CON,Alison Esposito,49
Ulster,Marlborough District 1,U.S. House,,,Write-in,0
Ulster,Marlborough District 2,U.S. House,,DEM,Pat Ryan,320
Ulster,Marlborough District 2,U.S. House,,WOR,Pat Ryan,0
Ulster,Marlborough District 2,U.S. House,,REP,Alison Esposito,261
Ulster,Marlborough District 2,U.S. House,,CON,Alison Esposito,27
Ulster,Marlborough District 2,U.S. House,,,Write-in,0
Ulster,Marlborough District 3,U.S. House,,DEM,Pat Ryan,358
Ulster,Marlborough District 3,U.S. House,,WOR,Pat Ryan,0
Ulster,Marlborough District 3,U.S. House,,REP,Alison Esposito,437
Ulster,Marlborough District 3,U.S. House,,CON,Alison Esposito,72
Ulster,Marlborough District 3,U.S. House,,,Write-in,0
Ulster,Marlborough District 4,U.S. House,,DEM,Pat Ryan,432
Ulster,Marlborough District 4,U.S. House,,WOR,Pat Ryan,0
Ulster,Marlborough District 4,U.S. House,,REP,Alison Esposito,490
Ulster,Marlborough District 4,U.S. House,,CON,Alison Esposito,53
Ulster,Marlborough District 4,U.S. House,,,Write-in,0
Ulster,Marlborough District 5,U.S. House,,DEM,Pat Ryan,404
Ulster,Marlborough District 5,U.S. House,,WOR,Pat Ryan,0
Ulster,Marlborough District 5,U.S. House,,REP,Alison Esposito,382
Ulster,Marlborough District 5,U.S. House,,CON,Alison Esposito,60
Ulster,Marlborough District 5,U.S. House,,,Write-in,0
Ulster,Marlborough District 6,U.S. House,,DEM,Pat Ryan,191
Ulster,Marlborough District 6,U.S. House,,WOR,Pat Ryan,0
Ulster,Marlborough District 6,U.S. House,,REP,Alison Esposito,270
Ulster,Marlborough District 6,U.S. House,,CON,Alison Esposito,37
Ulster,Marlborough District 6,U.S. House,,,Write-in,1
Ulster,New Paltz District 1,U.S. House,,DEM,Pat Ryan,899
Ulster,New Paltz District 1,U.S. House,,WOR,Pat Ryan,0
Ulster,New Paltz District 1,U.S. House,,REP,Alison Esposito,127
Ulster,New Paltz District 1,U.S. House,,CON,Alison Esposito,17
Ulster,New Paltz District 1,U.S. House,,,Write-in,3
Ulster,New Paltz District 2,U.S. House,,DEM,Pat Ryan,375
Ulster,New Paltz District 2,U.S. House,,WOR,Pat Ryan,0
Ulster,New Paltz District 2,U.S. House,,REP,Alison Esposito,107
Ulster,New Paltz District 2,U.S. House,,CON,Alison Esposito,8
Ulster,New Paltz District 2,U.S. House,,,Write-in,1
Ulster,New Paltz District 3,U.S. House,,DEM,Pat Ryan,283
Ulster,New Paltz District 3,U.S. House,,WOR,Pat Ryan,0
Ulster,New Paltz District 3,U.S. House,,REP,Alison Esposito,95
Ulster,New Paltz District 3,U.S. House,,CON,Alison Esposito,24
Ulster,New Paltz District 3,U.S. House,,,Write-in,0
Ulster,New Paltz District 4,U.S. House,,DEM,Pat Ryan,735
Ulster,New Paltz District 4,U.S. House,,WOR,Pat Ryan,0
Ulster,New Paltz District 4,U.S. House,,REP,Alison Esposito,107
Ulster,New Paltz District 4,U.S. House,,CON,Alison Esposito,16
Ulster,New Paltz District 4,U.S. House,,,Write-in,2
Ulster,New Paltz District 5,U.S. House,,DEM,Pat Ryan,318
Ulster,New Paltz District 5,U.S. House,,WOR,Pat Ryan,0
Ulster,New Paltz District 5,U.S. House,,REP,Alison Esposito,69
Ulster,New Paltz District 5,U.S. House,,CON,Alison Esposito,9
Ulster,New Paltz District 5,U.S. House,,,Write-in,1
Ulster,New Paltz District 6,U.S. House,,DEM,Pat Ryan,521
Ulster,New Paltz District 6,U.S. House,,WOR,Pat Ryan,0
Ulster,New Paltz District 6,U.S. House,,REP,Alison Esposito,125
Ulster,New Paltz District 6,U.S. House,,CON,Alison Esposito,23
Ulster,New Paltz District 6,U.S. House,,,Write-in,1
Ulster,New Paltz District 7,U.S. House,,DEM,Pat Ryan,429
Ulster,New Paltz District 7,U.S. House,,WOR,Pat Ryan,0
Ulster,New Paltz District 7,U.S. House,,REP,Alison Esposito,162
Ulster,New Paltz District 7,U.S. House,,CON,Alison Esposito,24
Ulster,New Paltz District 7,U.S. House,,,Write-in,0
Ulster,New Paltz District 8,U.S. House,,DEM,Pat Ryan,318
Ulster,New Paltz District 8,U.S. House,,WOR,Pat Ryan,0
Ulster,New Paltz District 8,U.S. House,,REP,Alison Esposito,69
Ulster,New Paltz District 8,U.S. House,,CON,Alison Esposito,10
Ulster,New Paltz District 8,U.S. House,,,Write-in,2
Ulster,New Paltz District 9,U.S. House,,DEM,Pat Ryan,826
Ulster,New Paltz District 9,U.S. House,,WOR,Pat Ryan,0
Ulster,New Paltz District 9,U.S. House,,REP,Alison Esposito,65
Ulster,New Paltz District 9,U.S. House,,CON,Alison Esposito,7
Ulster,New Paltz District 9,U.S. House,,,Write-in,2
Ulster,New Paltz District 10,U.S. House,,DEM,Pat Ryan,325
Ulster,New Paltz District 10,U.S. House,,WOR,Pat Ryan,0
Ulster,New Paltz District 10,U.S. House,,REP,Alison Esposito,176
Ulster,New Paltz District 10,U.S. House,,CON,Alison Esposito,28
Ulster,New Paltz District 10,U.S. House,,,Write-in,1
Ulster,New Paltz District 11,U.S. House,,DEM,Pat Ryan,201
Ulster,New Paltz District 11,U.S. House,,WOR,Pat Ryan,0
Ulster,New Paltz District 11,U.S. House,,REP,Alison Esposito,36
Ulster,New Paltz District 11,U.S. House,,CON,Alison Esposito,5
Ulster,New Paltz District 11,U.S. House,,,Write-in,0
Ulster,Plattekill District 1,U.S. House,,DEM,Pat Ryan,406
Ulster,Plattekill District 1,U.S. House,,WOR,Pat Ryan,0
Ulster,Plattekill District 1,U.S. House,,REP,Alison Esposito,367
Ulster,Plattekill District 1,U.S. House,,CON,Alison Esposito,43
Ulster,Plattekill District 1,U.S. House,,,Write-in,0
Ulster,Plattekill District 2,U.S. House,,DEM,Pat Ryan,292
Ulster,Plattekill District 2,U.S. House,,WOR,Pat Ryan,0
Ulster,Plattekill District 2,U.S. House,,REP,Alison Esposito,233
Ulster,Plattekill District 2,U.S. House,,CON,Alison Esposito,30
Ulster,Plattekill District 2,U.S. House,,,Write-in,0
Ulster,Plattekill District 3,U.S. House,,DEM,Pat Ryan,169
Ulster,Plattekill District 3,U.S. House,,WOR,Pat Ryan,0
Ulster,Plattekill District 3,U.S. House,,REP,Alison Esposito,215
Ulster,Plattekill District 3,U.S. House,,CON,Alison Esposito,34
Ulster,Plattekill District 3,U.S. House,,,Write-in,1
Ulster,Plattekill District 4,U.S. House,,DEM,Pat Ryan,380
Ulster,Plattekill District 4,U.S. House,,WOR,Pat Ryan,0
Ulster,Plattekill District 4,U.S. House,,REP,Alison Esposito,500
Ulster,Plattekill District 4,U.S. House,,CON,Alison Esposito,76
Ulster,Plattekill District 4,U.S. House,,,Write-in,0
Ulster,Plattekill District 5,U.S. House,,DEM,Pat Ryan,495
Ulster,Plattekill District 5,U.S. House,,WOR,Pat Ryan,0
Ulster,Plattekill District 5,U.S. House,,REP,Alison Esposito,530
Ulster,Plattekill District 5,U.S. House,,CON,Alison Esposito,78
Ulster,Plattekill District 5,U.S. House,,,Write-in,0
Ulster,Plattekill District 6,U.S. House,,DEM,Pat Ryan,430
Ulster,Plattekill District 6,U.S. House,,WOR,Pat Ryan,0
Ulster,Plattekill District 6,U.S. House,,REP,Alison Esposito,519
Ulster,Plattekill District 6,U.S. House,,CON,Alison Esposito,77
Ulster,Plattekill District 6,U.S. House,,,Write-in,0
Ulster,Saugerties District 1,U.S. House,,DEM,Pat Ryan,150
Ulster,Saugerties District 1,U.S. House,,WOR,Pat Ryan,0
Ulster,Saugerties District 1,U.S. House,,REP,Alison Esposito,146
Ulster,Saugerties District 1,U.S. House,,CON,Alison Esposito,36
Ulster,Saugerties District 1,U.S. House,,,Write-in,1
Ulster,Saugerties District 2,U.S. House,,DEM,Pat Ryan,383
Ulster,Saugerties District 2,U.S. House,,WOR,Pat Ryan,0
Ulster,Saugerties District 2,U.S. House,,REP,Alison Esposito,156
Ulster,Saugerties District 2,U.S. House,,CON,Alison Esposito,31
Ulster,Saugerties District 2,U.S. House,,,Write-in,1
Ulster,Saugerties District 3,U.S. House,,DEM,Pat Ryan,259
Ulster,Saugerties District 3,U.S. House,,WOR,Pat Ryan,0
Ulster,Saugerties District 3,U.S. House,,REP,Alison Esposito,111
Ulster,Saugerties District 3,U.S. House,,CON,Alison Esposito,9
Ulster,Saugerties District 3,U.S. House,,,Write-in,1
Ulster,Saugerties District 4,U.S. House,,DEM,Pat Ryan,485
Ulster,Saugerties District 4,U.S. House,,WOR,Pat Ryan,0
Ulster,Saugerties District 4,U.S. House,,REP,Alison Esposito,224
Ulster,Saugerties District 4,U.S. House,,CON,Alison Esposito,38
Ulster,Saugerties District 4,U.S. House,,,Write-in,1
Ulster,Saugerties District 5,U.S. House,,DEM,Pat Ryan,531
Ulster,Saugerties District 5,U.S. House,,WOR,Pat Ryan,0
Ulster,Saugerties District 5,U.S. House,,REP,Alison Esposito,253
Ulster,Saugerties District 5,U.S. House,,CON,Alison Esposito,47
Ulster,Saugerties District 5,U.S. House,,,Write-in,3
Ulster,Saugerties District 6,U.S. House,,DEM,Pat Ryan,402
Ulster,Saugerties District 6,U.S. House,,WOR,Pat Ryan,0
Ulster,Saugerties District 6,U.S. House,,REP,Alison Esposito,358
Ulster,Saugerties District 6,U.S. House,,CON,Alison Esposito,65
Ulster,Saugerties District 6,U.S. House,,,Write-in,0
Ulster,Saugerties District 7,U.S. House,,DEM,Pat Ryan,128
Ulster,Saugerties District 7,U.S. House,,WOR,Pat Ryan,0
Ulster,Saugerties District 7,U.S. House,,REP,Alison Esposito,106
Ulster,Saugerties District 7,U.S. House,,CON,Alison Esposito,19
Ulster,Saugerties District 7,U.S. House,,,Write-in,1
Ulster,Saugerties District 8,U.S. House,,DEM,Pat Ryan,675
Ulster,Saugerties District 8,U.S. House,,WOR,Pat Ryan,0
Ulster,Saugerties District 8,U.S. House,,REP,Alison Esposito,525
Ulster,Saugerties District 8,U.S. House,,CON,Alison Esposito,98
Ulster,Saugerties District 8,U.S. House,,,Write-in,0
Ulster,Saugerties District 9,U.S. House,,DEM,Pat Ryan,277
Ulster,Saugerties District 9,U.S. House,,WOR,Pat Ryan,0
Ulster,Saugerties District 9,U.S. House,,REP,Alison Esposito,134
Ulster,Saugerties District 9,U.S. House,,CON,Alison Esposito,37
Ulster,Saugerties District 9,U.S. House,,,Write-in,1
Ulster,Saugerties District 10,U.S. House,,DEM,Pat Ryan,184
Ulster,Saugerties District 10,U.S. House,,WOR,Pat Ryan,0
Ulster,Saugerties District 10,U.S. House,,REP,Alison Esposito,142
Ulster,Saugerties District 10,U.S. House,,CON,Alison Esposito,28
Ulster,Saugerties District 10,U.S. House,,,Write-in,0
Ulster,Saugerties District 11,U.S. House,,DEM,Pat Ryan,236
Ulster,Saugerties District 11,U.S. House,,WOR,Pat Ryan,0
Ulster,Saugerties District 11,U.S. House,,REP,Alison Esposito,245
Ulster,Saugerties District 11,U.S. House,,CON,Alison Esposito,27
Ulster,Saugerties District 11,U.S. House,,,Write-in,0
Ulster,Saugerties District 12,U.S. House,,DEM,Pat Ryan,482
Ulster,Saugerties District 12,U.S. House,,WOR,Pat Ryan,0
Ulster,Saugerties District 12,U.S. House,,REP,Alison Esposito,482
Ulster,Saugerties District 12,U.S. House,,CON,Alison Esposito,75
Ulster,Saugerties District 12,U.S. House,,,Write-in,1
Ulster,Saugerties District 13,U.S. House,,DEM,Pat Ryan,423
Ulster,Saugerties District 13,U.S. House,,WOR,Pat Ryan,0
Ulster,Saugerties District 13,U.S. House,,REP,Alison Esposito,379
Ulster,Saugerties District 13,U.S. House,,CON,Alison Esposito,53
Ulster,Saugerties District 13,U.S. House,,,Write-in,1
Ulster,Saugerties District 14,U.S. House,,DEM,Pat Ryan,447
Ulster,Saugerties District 14,U.S. House,,WOR,Pat Ryan,0
Ulster,Saugerties District 14,U.S. House,,REP,Alison Esposito,301
Ulster,Saugerties District 14,U.S. House,,CON,Alison Esposito,51
Ulster,Saugerties District 14,U.S. House,,,Write-in,0
Ulster,Saugerties District 15,U.S. House,,DEM,Pat Ryan,449
Ulster,Saugerties District 15,U.S. House,,WOR,Pat Ryan,0
Ulster,Saugerties District 15,U.S. House,,REP,Alison Esposito,289
Ulster,Saugerties District 15,U.S. House,,CON,Alison Esposito,56
Ulster,Saugerties District 15,U.S. House,,,Write-in,0
Ulster,Town of Ulster District 1,U.S. House,,DEM,Pat Ryan,276
Ulster,Town of Ulster District 1,U.S. House,,WOR,Pat Ryan,0
Ulster,Town of Ulster District 1,U.S. House,,REP,Alison Esposito,236
Ulster,Town of Ulster District 1,U.S. House,,CON,Alison Esposito,39
Ulster,Town of Ulster District 1,U.S. House,,,Write-in,0
Ulster,Town of Ulster District 2,U.S. House,,DEM,Pat Ryan,340
Ulster,Town of Ulster District 2,U.S. House,,WOR,Pat Ryan,0
Ulster,Town of Ulster District 2,U.S. House,,REP,Alison Esposito,276
Ulster,Town of Ulster District 2,U.S. House,,CON,Alison Esposito,40
Ulster,Town of Ulster District 2,U.S. House,,,Write-in,1
Ulster,Town of Ulster District 3,U.S. House,,DEM,Pat Ryan,121
Ulster,Town of Ulster District 3,U.S. House,,WOR,Pat Ryan,0
Ulster,Town of Ulster District 3,U.S. House,,REP,Alison Esposito,94
Ulster,Town of Ulster District 3,U.S. House,,CON,Alison Esposito,15
Ulster,Town of Ulster District 3,U.S. House,,,Write-in,0
Ulster,Town of Ulster District 4,U.S. House,,DEM,Pat Ryan,143
Ulster,Town of Ulster District 4,U.S. House,,WOR,Pat Ryan,0
Ulster,Town of Ulster District 4,U.S. House,,REP,Alison Esposito,78
Ulster,Town of Ulster District 4,U.S. House,,CON,Alison Esposito,17
Ulster,Town of Ulster District 4,U.S. House,,,Write-in,1
Ulster,Town of Ulster District 5,U.S. House,,DEM,Pat Ryan,165
Ulster,Town of Ulster District 5,U.S. House,,WOR,Pat Ryan,0
Ulster,Town of Ulster District 5,U.S. House,,REP,Alison Esposito,92
Ulster,Town of Ulster District 5,U.S. House,,CON,Alison Esposito,7
Ulster,Town of Ulster District 5,U.S. House,,,Write-in,0
Ulster,Town of Ulster District 6,U.S. House,,DEM,Pat Ryan,138
Ulster,Town of Ulster District 6,U.S. House,,WOR,Pat Ryan,0
Ulster,Town of Ulster District 6,U.S. House,,REP,Alison Esposito,91
Ulster,Town of Ulster District 6,U.S. House,,CON,Alison Esposito,17
Ulster,Town of Ulster District 6,U.S. House,,,Write-in,0
Ulster,Town of Ulster District 7,U.S. House,,DEM,Pat Ryan,190
Ulster,Town of Ulster District 7,U.S. House,,WOR,Pat Ryan,0
Ulster,Town of Ulster District 7,U.S. House,,REP,Alison Esposito,168
Ulster,Town of Ulster District 7,U.S. House,,CON,Alison Esposito,22
Ulster,Town of Ulster District 7,U.S. House,,,Write-in,0
Ulster,Town of Ulster District 8,U.S. House,,DEM,Pat Ryan,148
Ulster,Town of Ulster District 8,U.S. House,,WOR,Pat Ryan,0
Ulster,Town of Ulster District 8,U.S. House,,REP,Alison Esposito,105
Ulster,Town of Ulster District 8,U.S. House,,CON,Alison Esposito,10
Ulster,Town of Ulster District 8,U.S. House,,,Write-in,0
Ulster,Town of Ulster District 9,U.S. House,,DEM,Pat Ryan,255
Ulster,Town of Ulster District 9,U.S. House,,WOR,Pat Ryan,0
Ulster,Town of Ulster District 9,U.S. House,,REP,Alison Esposito,215
Ulster,Town of Ulster District 9,U.S. House,,CON,Alison Esposito,44
Ulster,Town of Ulster District 9,U.S. House,,,Write-in,0
Ulster,Town of Ulster District 10,U.S. House,,DEM,Pat Ryan,289
Ulster,Town of Ulster District 10,U.S. House,,WOR,Pat Ryan,0
Ulster,Town of Ulster District 10,U.S. House,,REP,Alison Esposito,231
Ulster,Town of Ulster District 10,U.S. House,,CON,Alison Esposito,33
Ulster,Town of Ulster District 10,U.S. House,,,Write-in,0
Ulster,Town of Ulster District 11,U.S. House,,DEM,Pat Ryan,225
Ulster,Town of Ulster District 11,U.S. House,,WOR,Pat Ryan,0
Ulster,Town of Ulster District 11,U.S. House,,REP,Alison Esposito,167
Ulster,Town of Ulster District 11,U.S. House,,CON,Alison Esposito,29
Ulster,Town of Ulster District 11,U.S. House,,,Write-in,0
Ulster,Town of Ulster District 12,U.S. House,,DEM,Pat Ryan,254
Ulster,Town of Ulster District 12,U.S. House,,WOR,Pat Ryan,0
Ulster,Town of Ulster District 12,U.S. House,,REP,Alison Esposito,267
Ulster,Town of Ulster District 12,U.S. House,,CON,Alison Esposito,52
Ulster,Town of Ulster District 12,U.S. House,,,Write-in,0
Ulster,Town of Ulster District 13,U.S. House,,DEM,Pat Ryan,434
Ulster,Town of Ulster District 13,U.S. House,,WOR,Pat Ryan,0
Ulster,Town of Ulster District 13,U.S. House,,REP,Alison Esposito,245
Ulster,Town of Ulster District 13,U.S. House,,CON,Alison Esposito,44
Ulster,Town of Ulster District 13,U.S. House,,,Write-in,0
Ulster,Town of Ulster District 14,U.S. House,,DEM,Pat Ryan,192
Ulster,Town of Ulster District 14,U.S. House,,WOR,Pat Ryan,0
Ulster,Town of Ulster District 14,U.S. House,,REP,Alison Esposito,210
Ulster,Town of Ulster District 14,U.S. House,,CON,Alison Esposito,43
Ulster,Town of Ulster District 14,U.S. House,,,Write-in,1
Ulster,Woodstock District 1,U.S. House,,DEM,Pat Ryan,530
Ulster,Woodstock District 1,U.S. House,,WOR,Pat Ryan,0
Ulster,Woodstock District 1,U.S. House,,REP,Alison Esposito,52
Ulster,Woodstock District 1,U.S. House,,CON,Alison Esposito,7
Ulster,Woodstock District 1,U.S. House,,,Write-in,0
Ulster,Woodstock District 2,U.S. House,,DEM,Pat Ryan,329
Ulster,Woodstock District 2,U.S. House,,WOR,Pat Ryan,0
Ulster,Woodstock District 2,U.S. House,,REP,Alison Esposito,60
Ulster,Woodstock District 2,U.S. House,,CON,Alison Esposito,8
Ulster,Woodstock District 2,U.S. House,,,Write-in,0
Ulster,Woodstock District 3,U.S. House,,DEM,Pat Ryan,479
Ulster,Woodstock District 3,U.S. House,,WOR,Pat Ryan,0
Ulster,Woodstock District 3,U.S. House,,REP,Alison Esposito,99
Ulster,Woodstock District 3,U.S. House,,CON,Alison Esposito,20
Ulster,Woodstock District 3,U.S. House,,,Write-in,1
Ulster,Woodstock District 4,U.S. House,,DEM,Pat Ryan,263
Ulster,Woodstock District 4,U.S. House,,WOR,Pat Ryan,0
Ulster,Woodstock District 4,U.S. House,,REP,Alison Esposito,53
Ulster,Woodstock District 4,U.S. House,,CON,Alison Esposito,3
Ulster,Woodstock District 4,U.S. House,,,Write-in,0
Ulster,Woodstock District 5,U.S. House,,DEM,Pat Ryan,285
Ulster,Woodstock District 5,U.S. House,,WOR,Pat Ryan,0
Ulster,Woodstock District 5,U.S. House,,REP,Alison Esposito,35
Ulster,Woodstock District 5,U.S. House,,CON,Alison Esposito,2
Ulster,Woodstock District 5,U.S. House,,,Write-in,0
Ulster,Woodstock District 6,U.S. House,,DEM,Pat Ryan,292
Ulster,Woodstock District 6,U.S. House,,WOR,Pat Ryan,0
Ulster,Woodstock District 6,U.S. House,,REP,Alison Esposito,76
Ulster,Woodstock District 6,U.S. House,,CON,Alison Esposito,24
Ulster,Woodstock District 6,U.S. House,,,Write-in,0
Ulster,Woodstock District 7,U.S. House,,DEM,Pat Ryan,416
Ulster,Woodstock District 7,U.S. House,,WOR,Pat Ryan,0
Ulster,Woodstock District 7,U.S. House,,REP,Alison Esposito,57
Ulster,Woodstock District 7,U.S. House,,CON,Alison Esposito,5
Ulster,Woodstock District 7,U.S. House,,,Write-in,2
Ulster,Woodstock District 8,U.S. House,,DEM,Pat Ryan,303
Ulster,Woodstock District 8,U.S. House,,WOR,Pat Ryan,0
Ulster,Woodstock District 8,U.S. House,,REP,Alison Esposito,32
Ulster,Woodstock District 8,U.S. House,,CON,Alison Esposito,4
Ulster,Woodstock District 8,U.S. House,,,Write-in,1
Ulster,Woodstock District 9,U.S. House,,DEM,Pat Ryan,406
Ulster,Woodstock District 9,U.S. House,,WOR,Pat Ryan,0
Ulster,Woodstock District 9,U.S. House,,REP,Alison Esposito,42
Ulster,Woodstock District 9,U.S. House,,CON,Alison Esposito,2
Ulster,Woodstock District 9,U.S. House,,,Write-in,1
Ulster,Denning District 1,U.S. House,,DEM,Josh Riley,87
Ulster,Denning District 1,U.S. House,,WOR,Josh Riley,0
Ulster,Denning District 1,U.S. House,,REP,Marcus Molinaro,69
Ulster,Denning District 1,U.S. House,,CON,Marcus Molinaro,5
Ulster,Denning District 1,U.S. House,,,Write-in,0
Ulster,Denning District 2,U.S. House,,DEM,Josh Riley,48
Ulster,Denning District 2,U.S. House,,WOR,Josh Riley,0
Ulster,Denning District 2,U.S. House,,REP,Marcus Molinaro,72
Ulster,Denning District 2,U.S. House,,CON,Marcus Molinaro,5
Ulster,Denning District 2,U.S. House,,,Write-in,0
Ulster,Gardiner District 1,U.S. House,,DEM,Josh Riley,286
Ulster,Gardiner District 1,U.S. House,,WOR,Josh Riley,0
Ulster,Gardiner District 1,U.S. House,,REP,Marcus Molinaro,172
Ulster,Gardiner District 1,U.S. House,,CON,Marcus Molinaro,37
Ulster,Gardiner District 1,U.S. House,,,Write-in,0
Ulster,Hardenburgh District 1,U.S. House,,DEM,Josh Riley,16
Ulster,Hardenburgh District 1,U.S. House,,WOR,Josh Riley,0
Ulster,Hardenburgh District 1,U.S. House,,REP,Marcus Molinaro,14
Ulster,Hardenburgh District 1,U.S. House,,CON,Marcus Molinaro,0
Ulster,Hardenburgh District 1,U.S. House,,,Write-in,0
Ulster,Hardenburgh District 2,U.S. House,,DEM,Josh Riley,27
Ulster,Hardenburgh District 2,U.S. House,,WOR,Josh Riley,0
Ulster,Hardenburgh District 2,U.S. House,,REP,Marcus Molinaro,48
Ulster,Hardenburgh District 2,U.S. House,,CON,Marcus Molinaro,6
Ulster,Hardenburgh District 2,U.S. House,,,Write-in,0
Ulster,Hurley District 1,U.S. House,,DEM,Josh Riley,258
Ulster,Hurley District 1,U.S. House,,WOR,Josh Riley,0
Ulster,Hurley District 1,U.S. House,,REP,Marcus Molinaro,138
Ulster,Hurley District 1,U.S. House,,CON,Marcus Molinaro,18
Ulster,Hurley District 1,U.S. House,,,Write-in,0
Ulster,Hurley District 2,U.S. House,,DEM,Josh Riley,245
Ulster,Hurley District 2,U.S. House,,WOR,Josh Riley,0
Ulster,Hurley District 2,U.S. House,,REP,Marcus Molinaro,177
Ulster,Hurley District 2,U.S. House,,CON,Marcus Molinaro,19
Ulster,Hurley District 2,U.S. House,,,Write-in,0
Ulster,Hurley District 3,U.S. House,,DEM,Josh Riley,295
Ulster,Hurley District 3,U.S. House,,WOR,Josh Riley,0
Ulster,Hurley District 3,U.S. House,,REP,Marcus Molinaro,223
Ulster,Hurley District 3,U.S. House,,CON,Marcus Molinaro,52
Ulster,Hurley District 3,U.S. House,,,Write-in,0
Ulster,Hurley District 4,U.S. House,,DEM,Josh Riley,255
Ulster,Hurley District 4,U.S. House,,WOR,Josh Riley,0
Ulster,Hurley District 4,U.S. House,,REP,Marcus Molinaro,213
Ulster,Hurley District 4,U.S. House,,CON,Marcus Molinaro,47
Ulster,Hurley District 4,U.S. House,,,Write-in,0
Ulster,Hurley District 5,U.S. House,,DEM,Josh Riley,357
Ulster,Hurley District 5,U.S. House,,WOR,Josh Riley,0
Ulster,Hurley District 5,U.S. House,,REP,Marcus Molinaro,80
Ulster,Hurley District 5,U.S. House,,CON,Marcus Molinaro,21
Ulster,Hurley District 5,U.S. House,,,Write-in,0
Ulster,Hurley District 6,U.S. House,,DEM,Josh Riley,191
Ulster,Hurley District 6,U.S. House,,WOR,Josh Riley,0
Ulster,Hurley District 6,U.S. House,,REP,Marcus Molinaro,135
Ulster,Hurley District 6,U.S. House,,CON,Marcus Molinaro,30
Ulster,Hurley District 6,U.S. House,,,Write-in,0
Ulster,Hurley District 7,U.S. House,,DEM,Josh Riley,411
Ulster,Hurley District 7,U.S. House,,WOR,Josh Riley,0
Ulster,Hurley District 7,U.S. House,,REP,Marcus Molinaro,142
Ulster,Hurley District 7,U.S. House,,CON,Marcus Molinaro,29
Ulster,Hurley District 7,U.S. House,,,Write-in,0
Ulster,Hurley District 8,U.S. House,,DEM,Josh Riley,240
Ulster,Hurley District 8,U.S. House,,WOR,Josh Riley,0
Ulster,Hurley District 8,U.S. House,,REP,Marcus Molinaro,201
Ulster,Hurley District 8,U.S. House,,CON,Marcus Molinaro,23
Ulster,Hurley District 8,U.S. House,,,Write-in,0
Ulster,Marbletown District 1,U.S. House,,DEM,Josh Riley,171
Ulster,Marbletown District 1,U.S. House,,WOR,Josh Riley,0
Ulster,Marbletown District 1,U.S. House,,REP,Marcus Molinaro,59
Ulster,Marbletown District 1,U.S. House,,CON,Marcus Molinaro,11
Ulster,Marbletown District 1,U.S. House,,,Write-in,0
Ulster,Marbletown District 2,U.S. House,,DEM,Josh Riley,287
Ulster,Marbletown District 2,U.S. House,,WOR,Josh Riley,0
Ulster,Marbletown District 2,U.S. House,,REP,Marcus Molinaro,129
Ulster,Marbletown District 2,U.S. House,,CON,Marcus Molinaro,38
Ulster,Marbletown District 2,U.S. House,,,Write-in,0
Ulster,Marbletown District 3,U.S. House,,DEM,Josh Riley,227
Ulster,Marbletown District 3,U.S. House,,WOR,Josh Riley,0
Ulster,Marbletown District 3,U.S. House,,REP,Marcus Molinaro,88
Ulster,Marbletown District 3,U.S. House,,CON,Marcus Molinaro,17
Ulster,Marbletown District 3,U.S. House,,,Write-in,0
Ulster,Marbletown District 4,U.S. House,,DEM,Josh Riley,304
Ulster,Marbletown District 4,U.S. House,,WOR,Josh Riley,0
Ulster,Marbletown District 4,U.S. House,,REP,Marcus Molinaro,148
Ulster,Marbletown District 4,U.S. House,,CON,Marcus Molinaro,17
Ulster,Marbletown District 4,U.S. House,,,Write-in,0
Ulster,Marbletown District 5,U.S. House,,DEM,Josh Riley,312
Ulster,Marbletown District 5,U.S. House,,WOR,Josh Riley,0
Ulster,Marbletown District 5,U.S. House,,REP,Marcus Molinaro,121
Ulster,Marbletown District 5,U.S. House,,CON,Marcus Molinaro,28
Ulster,Marbletown District 5,U.S. House,,,Write-in,0
Ulster,Marbletown District 6,U.S. House,,DEM,Josh Riley,402
Ulster,Marbletown District 6,U.S. House,,WOR,Josh Riley,0
Ulster,Marbletown District 6,U.S. House,,REP,Marcus Molinaro,141
Ulster,Marbletown District 6,U.S. House,,CON,Marcus Molinaro,26
Ulster,Marbletown District 6,U.S. House,,,Write-in,0
Ulster,Marbletown District 7,U.S. House,,DEM,Josh Riley,600
Ulster,Marbletown District 7,U.S. House,,WOR,Josh Riley,0
Ulster,Marbletown District 7,U.S. House,,REP,Marcus Molinaro,295
Ulster,Marbletown District 7,U.S. House,,CON,Marcus Molinaro,45
Ulster,Marbletown District 7,U.S. House,,,Write-in,0
Ulster,Olive District 1,U.S. House,,DEM,Josh Riley,423
Ulster,Olive District 1,U.S. House,,WOR,Josh Riley,0
Ulster,Olive District 1,U.S. House,,REP,Marcus Molinaro,219
Ulster,Olive District 1,U.S. House,,CON,Marcus Molinaro,57
Ulster,Olive District 1,U.S. House,,,Write-in,0
Ulster,Olive District 2,U.S. House,,DEM,Josh Riley,277
Ulster,Olive District 2,U.S. House,,WOR,Josh Riley,0
Ulster,Olive District 2,U.S. House,,REP,Marcus Molinaro,122
Ulster,Olive District 2,U.S. House,,CON,Marcus Molinaro,32
Ulster,Olive District 2,U.S. House,,,Write-in,0
Ulster,Olive District 3,U.S. House,,DEM,Josh Riley,302
Ulster,Olive District 3,U.S. House,,WOR,Josh Riley,0
Ulster,Olive District 3,U.S. House,,REP,Marcus Molinaro,191
Ulster,Olive District 3,U.S. House,,CON,Marcus Molinaro,37
Ulster,Olive District 3,U.S. House,,,Write-in,1
Ulster,Olive District 4,U.S. House,,DEM,Josh Riley,306
Ulster,Olive District 4,U.S. House,,WOR,Josh Riley,0
Ulster,Olive District 4,U.S. House,,REP,Marcus Molinaro,156
Ulster,Olive District 4,U.S. House,,CON,Marcus Molinaro,46
Ulster,Olive District 4,U.S. House,,,Write-in,1
Ulster,Olive District 5,U.S. House,,DEM,Josh Riley,293
Ulster,Olive District 5,U.S. House,,WOR,Josh Riley,0
Ulster,Olive District 5,U.S. House,,REP,Marcus Molinaro,107
Ulster,Olive District 5,U.S. House,,CON,Marcus Molinaro,31
Ulster,Olive District 5,U.S. House,,,Write-in,1
Ulster,Rochester District 1,U.S. House,,DEM,Josh Riley,499
Ulster,Rochester District 1,U.S. House,,WOR,Josh Riley,0
Ulster,Rochester District 1,U.S. House,,REP,Marcus Molinaro,359
Ulster,Rochester District 1,U.S. House,,CON,Marcus Molinaro,57
Ulster,Rochester District 1,U.S. House,,,Write-in,1
Ulster,Rochester District 2,U.S. House,,DEM,Josh Riley,419
Ulster,Rochester District 2,U.S. House,,WOR,Josh Riley,0
Ulster,Rochester District 2,U.S. House,,REP,Marcus Molinaro,383
Ulster,Rochester District 2,U.S. House,,CON,Marcus Molinaro,41
Ulster,Rochester District 2,U.S. House,,,Write-in,0
Ulster,Rochester District 3,U.S. House,,DEM,Josh Riley,440
Ulster,Rochester District 3,U.S. House,,WOR,Josh Riley,0
Ulster,Rochester District 3,U.S. House,,REP,Marcus Molinaro,362
Ulster,Rochester District 3,U.S. House,,CON,Marcus Molinaro,41
Ulster,Rochester District 3,U.S. House,,,Write-in,0
Ulster,Rochester District 4,U.S. House,,DEM,Josh Riley,387
Ulster,Rochester District 4,U.S. House,,WOR,Josh Riley,0
Ulster,Rochester District 4,U.S. House,,REP,Marcus Molinaro,183
Ulster,Rochester District 4,U.S. House,,CON,Marcus Molinaro,22
Ulster,Rochester District 4,U.S. House,,,Write-in,0
Ulster,Rochester District 5,U.S. House,,DEM,Josh Riley,372
Ulster,Rochester District 5,U.S. House,,WOR,Josh Riley,0
Ulster,Rochester District 5,U.S. House,,REP,Marcus Molinaro,263
Ulster,Rochester District 5,U.S. House,,CON,Marcus Molinaro,41
Ulster,Rochester District 5,U.S. House,,,Write-in,1
Ulster,Rosendale District 1,U.S. House,,DEM,Josh Riley,422
Ulster,Rosendale District 1,U.S. House,,WOR,Josh Riley,0
Ulster,Rosendale District 1,U.S. House,,REP,Marcus Molinaro,167
Ulster,Rosendale District 1,U.S. House,,CON,Marcus Molinaro,34
Ulster,Rosendale District 1,U.S. House,,,Write-in,0
Ulster,Rosendale District 2,U.S. House,,DEM,Josh Riley,285
Ulster,Rosendale District 2,U.S. House,,WOR,Josh Riley,0
Ulster,Rosendale District 2,U.S. House,,REP,Marcus Molinaro,189
Ulster,Rosendale District 2,U.S. House,,CON,Marcus Molinaro,32
Ulster,Rosendale District 2,U.S. House,,,Write-in,0
Ulster,Rosendale District 3,U.S. House,,DEM,Josh Riley,310
Ulster,Rosendale District 3,U.S. House,,WOR,Josh Riley,0
Ulster,Rosendale District 3,U.S. House,,REP,Marcus Molinaro,226
Ulster,Rosendale District 3,U.S. House,,CON,Marcus Molinaro,40
Ulster,Rosendale District 3,U.S. House,,,Write-in,0
Ulster,Rosendale District 4,U.S. House,,DEM,Josh Riley,431
Ulster,Rosendale District 4,U.S. House,,WOR,Josh Riley,0
Ulster,Rosendale District 4,U.S. House,,REP,Marcus Molinaro,214
Ulster,Rosendale District 4,U.S. House,,CON,Marcus Molinaro,43
Ulster,Rosendale District 4,U.S. House,,,Write-in,0
Ulster,Rosendale District 5,U.S. House,,DEM,Josh Riley,359
Ulster,Rosendale District 5,U.S. House,,WOR,Josh Riley,0
Ulster,Rosendale District 5,U.S. House,,REP,Marcus Molinaro,267
Ulster,Rosendale District 5,U.S. House,,CON,Marcus Molinaro,39
Ulster,Rosendale District 5,U.S. House,,,Write-in,1
Ulster,Shandaken District 1,U.S. House,,DEM,Josh Riley,420
Ulster,Shandaken District 1,U.S. House,,WOR,Josh Riley,0
Ulster,Shandaken District 1,U.S. House,,REP,Marcus Molinaro,167
Ulster,Shandaken District 1,U.S. House,,CON,Marcus Molinaro,29
Ulster,Shandaken District 1,U.S. House,,,Write-in,1
Ulster,Shandaken District 2,U.S. House,,DEM,Josh Riley,144
Ulster,Shandaken District 2,U.S. House,,WOR,Josh Riley,0
Ulster,Shandaken District 2,U.S. House,,REP,Marcus Molinaro,105
Ulster,Shandaken District 2,U.S. House,,CON,Marcus Molinaro,15
Ulster,Shandaken District 2,U.S. House,,,Write-in,0
Ulster,Shandaken District 3,U.S. House,,DEM,Josh Riley,226
Ulster,Shandaken District 3,U.S. House,,WOR,Josh Riley,0
Ulster,Shandaken District 3,U.S. House,,REP,Marcus Molinaro,121
Ulster,Shandaken District 3,U.S. House,,CON,Marcus Molinaro,17
Ulster,Shandaken District 3,U.S. House,,,Write-in,0
Ulster,Shandaken District 4,U.S. House,,DEM,Josh Riley,193
Ulster,Shandaken District 4,U.S. House,,WOR,Josh Riley,0
Ulster,Shandaken District 4,U.S. House,,REP,Marcus Molinaro,83
Ulster,Shandaken District 4,U.S. House,,CON,Marcus Molinaro,22
Ulster,Shandaken District 4,U.S. House,,,Write-in,0
Ulster,Shawangunk District 1,U.S. House,,DEM,Josh Riley,301
Ulster,Shawangunk District 1,U.S. House,,WOR,Josh Riley,0
Ulster,Shawangunk District 1,U.S. House,,REP,Marcus Molinaro,430
Ulster,Shawangunk District 1,U.S. House,,CON,Marcus Molinaro,55
Ulster,Shawangunk District 1,U.S. House,,,Write-in,0
Ulster,Shawangunk District 2,U.S. House,,DEM,Josh Riley,384
Ulster,Shawangunk District 2,U.S. House,,WOR,Josh Riley,0
Ulster,Shawangunk District 2,U.S. House,,REP,Marcus Molinaro,607
Ulster,Shawangunk District 2,U.S. House,,CON,Marcus Molinaro,64
Ulster,Shawangunk District 2,U.S. House,,,Write-in,0
Ulster,Shawangunk District 3,U.S. House,,DEM,Josh Riley,261
Ulster,Shawangunk District 3,U.S. House,,WOR,Josh Riley,0
Ulster,Shawangunk District 3,U.S. House,,REP,Marcus Molinaro,429
Ulster,Shawangunk District 3,U.S. House,,CON,Marcus Molinaro,58
Ulster,Shawangunk District 3,U.S. House,,,Write-in,0
Ulster,Shawangunk District 4,U.S. House,,DEM,Josh Riley,271
Ulster,Shawangunk District 4,U.S. House,,WOR,Josh Riley,0
Ulster,Shawangunk District 4,U.S. House,,REP,Marcus Molinaro,355
Ulster,Shawangunk District 4,U.S. House,,CON,Marcus Molinaro,44
Ulster,Shawangunk District 4,U.S. House,,,Write-in,0
Ulster,Shawangunk District 5,U.S. House,,DEM,Josh Riley,154
Ulster,Shawangunk District 5,U.S. House,,WOR,Josh Riley,0
Ulster,Shawangunk District 5,U.S. House,,REP,Marcus Molinaro,368
Ulster,Shawangunk District 5,U.S. House,,CON,Marcus Molinaro,36
Ulster,Shawangunk District 5,U.S. House,,,Write-in,0
Ulster,Shawangunk District 6,U.S. House,,DEM,Josh Riley,255
Ulster,Shawangunk District 6,U.S. House,,WOR,Josh Riley,0
Ulster,Shawangunk District 6,U.S. House,,REP,Marcus Molinaro,508
Ulster,Shawangunk District 6,U.S. House,,CON,Marcus Molinaro,58
Ulster,Shawangunk District 6,U.S. House,,,Write-in,0
Ulster,Shawangunk District 7,U.S. House,,DEM,Josh Riley,360
Ulster,Shawangunk District 7,U.S. House,,WOR,Josh Riley,0
Ulster,Shawangunk District 7,U.S. House,,REP,Marcus Molinaro,595
Ulster,Shawangunk District 7,U.S. House,,CON,Marcus Molinaro,71
Ulster,Shawangunk District 7,U.S. House,,,Write-in,1
Ulster,Wawarsing District 1,U.S. House,,DEM,Josh Riley,116
Ulster,Wawarsing District 1,U.S. House,,WOR,Josh Riley,0
Ulster,Wawarsing District 1,U.S. House,,REP,Marcus Molinaro,77
Ulster,Wawarsing District 1,U.S. House,,CON,Marcus Molinaro,15
Ulster,Wawarsing District 1,U.S. House,,,Write-in,0
Ulster,Wawarsing District 2,U.S. House,,DEM,Josh Riley,270
Ulster,Wawarsing District 2,U.S. House,,WOR,Josh Riley,0
Ulster,Wawarsing District 2,U.S. House,,REP,Marcus Molinaro,173
Ulster,Wawarsing District 2,U.S. House,,CON,Marcus Molinaro,30
Ulster,Wawarsing District 2,U.S. House,,,Write-in,0
Ulster,Wawarsing District 3,U.S. House,,DEM,Josh Riley,269
Ulster,Wawarsing District 3,U.S. House,,WOR,Josh Riley,0
Ulster,Wawarsing District 3,U.S. House,,REP,Marcus Molinaro,165
Ulster,Wawarsing District 3,U.S. House,,CON,Marcus Molinaro,27
Ulster,Wawarsing District 3,U.S. House,,,Write-in,0
Ulster,Wawarsing District 4,U.S. House,,DEM,Josh Riley,191
Ulster,Wawarsing District 4,U.S. House,,WOR,Josh Riley,0
Ulster,Wawarsing District 4,U.S. House,,REP,Marcus Molinaro,104
Ulster,Wawarsing District 4,U.S. House,,CON,Marcus Molinaro,19
Ulster,Wawarsing District 4,U.S. House,,,Write-in,1
Ulster,Wawarsing District 5,U.S. House,,DEM,Josh Riley,111
Ulster,Wawarsing District 5,U.S. House,,WOR,Josh Riley,0
Ulster,Wawarsing District 5,U.S. House,,REP,Marcus Molinaro,210
Ulster,Wawarsing District 5,U.S. House,,CON,Marcus Molinaro,33
Ulster,Wawarsing District 5,U.S. House,,,Write-in,0
Ulster,Wawarsing District 6,U.S. House,,DEM,Josh Riley,124
Ulster,Wawarsing District 6,U.S. House,,WOR,Josh Riley,0
Ulster,Wawarsing District 6,U.S. House,,REP,Marcus Molinaro,240
Ulster,Wawarsing District 6,U.S. House,,CON,Marcus Molinaro,35
Ulster,Wawarsing District 6,U.S. House,,,Write-in,1
Ulster,Wawarsing District 7,U.S. House,,DEM,Josh Riley,83
Ulster,Wawarsing District 7,U.S. House,,WOR,Josh Riley,0
Ulster,Wawarsing District 7,U.S. House,,REP,Marcus Molinaro,119
Ulster,Wawarsing District 7,U.S. House,,CON,Marcus Molinaro,20
Ulster,Wawarsing District 7,U.S. House,,,Write-in,0
Ulster,Wawarsing District 8,U.S. House,,DEM,Josh Riley,292
Ulster,Wawarsing District 8,U.S. House,,WOR,Josh Riley,0
Ulster,Wawarsing District 8,U.S. House,,REP,Marcus Molinaro,327
Ulster,Wawarsing District 8,U.S. House,,CON,Marcus Molinaro,36
Ulster,Wawarsing District 8,U.S. House,,,Write-in,0
Ulster,Wawarsing District 9,U.S. House,,DEM,Josh Riley,166
Ulster,Wawarsing District 9,U.S. House,,WOR,Josh Riley,0
Ulster,Wawarsing District 9,U.S. House,,REP,Marcus Molinaro,196
Ulster,Wawarsing District 9,U.S. House,,CON,Marcus Molinaro,28
Ulster,Wawarsing District 9,U.S. House,,,Write-in,0
Ulster,Wawarsing District 10,U.S. House,,DEM,Josh Riley,21
Ulster,Wawarsing District 10,U.S. House,,WOR,Josh Riley,0
Ulster,Wawarsing District 10,U.S. House,,REP,Marcus Molinaro,40
Ulster,Wawarsing District 10,U.S. House,,CON,Marcus Molinaro,5
Ulster,Wawarsing District 10,U.S. House,,,Write-in,0
Ulster,Wawarsing District 11,U.S. House,,DEM,Josh Riley,247
Ulster,Wawarsing District 11,U.S. House,,WOR,Josh Riley,0
Ulster,Wawarsing District 11,U.S. House,,REP,Marcus Molinaro,219
Ulster,Wawarsing District 11,U.S. House,,CON,Marcus Molinaro,39
Ulster,Wawarsing District 11,U.S. House,,,Write-in,1
Ulster,Wawarsing District 12,U.S. House,,DEM,Josh Riley,102
Ulster,Wawarsing District 12,U.S. House,,WOR,Josh Riley,0
Ulster,Wawarsing District 12,U.S. House,,REP,Marcus Molinaro,127
Ulster,Wawarsing District 12,U.S. House,,CON,Marcus Molinaro,16
Ulster,Wawarsing District 12,U.S. House,,,Write-in,0
Ulster,Wawarsing District 13,U.S. House,,DEM,Josh Riley,102
Ulster,Wawarsing District 13,U.S. House,,WOR,Josh Riley,0
Ulster,Wawarsing District 13,U.S. House,,REP,Marcus Molinaro,129
Ulster,Wawarsing District 13,U.S. House,,CON,Marcus Molinaro,12
Ulster,Wawarsing District 13,U.S. House,,,Write-in,0
Ulster,City of Kingston Ward 1-Dist. 1,State Senate,41,DEM,Michelle Hinchey,202
Ulster,City of Kingston Ward 1-Dist. 1,State Senate,41,WOR,Michelle Hinchey,0
Ulster,City of Kingston Ward 1-Dist. 1,State Senate,41,REP,Patrick Sheehan,83
Ulster,City of Kingston Ward 1-Dist. 1,State Senate,41,CON,Patrick Sheehan,13
Ulster,City of Kingston Ward 1-Dist. 1,State Senate,41,,Write-in,1
Ulster,City of Kingston Ward 1-Dist. 2,State Senate,41,DEM,Michelle Hinchey,405
Ulster,City of Kingston Ward 1-Dist. 2,State Senate,41,WOR,Michelle Hinchey,0
Ulster,City of Kingston Ward 1-Dist. 2,State Senate,41,REP,Patrick Sheehan,174
Ulster,City of Kingston Ward 1-Dist. 2,State Senate,41,CON,Patrick Sheehan,43
Ulster,City of Kingston Ward 1-Dist. 2,State Senate,41,,Write-in,1
Ulster,City of Kingston Ward 1-Dist. 3,State Senate,41,DEM,Michelle Hinchey,256
Ulster,City of Kingston Ward 1-Dist. 3,State Senate,41,WOR,Michelle Hinchey,0
Ulster,City of Kingston Ward 1-Dist. 3,State Senate,41,REP,Patrick Sheehan,77
Ulster,City of Kingston Ward 1-Dist. 3,State Senate,41,CON,Patrick Sheehan,24
Ulster,City of Kingston Ward 1-Dist. 3,State Senate,41,,Write-in,2
Ulster,City of Kingston Ward 2-Dist. 1,State Senate,41,DEM,Michelle Hinchey,252
Ulster,City of Kingston Ward 2-Dist. 1,State Senate,41,WOR,Michelle Hinchey,0
Ulster,City of Kingston Ward 2-Dist. 1,State Senate,41,REP,Patrick Sheehan,49
Ulster,City of Kingston Ward 2-Dist. 1,State Senate,41,CON,Patrick Sheehan,9
Ulster,City of Kingston Ward 2-Dist. 1,State Senate,41,,Write-in,1
Ulster,City of Kingston Ward 2-Dist. 2,State Senate,41,DEM,Michelle Hinchey,76
Ulster,City of Kingston Ward 2-Dist. 2,State Senate,41,WOR,Michelle Hinchey,0
Ulster,City of Kingston Ward 2-Dist. 2,State Senate,41,REP,Patrick Sheehan,32
Ulster,City of Kingston Ward 2-Dist. 2,State Senate,41,CON,Patrick Sheehan,6
Ulster,City of Kingston Ward 2-Dist. 2,State Senate,41,,Write-in,0
Ulster,City of Kingston Ward 2-Dist. 3,State Senate,41,DEM,Michelle Hinchey,142
Ulster,City of Kingston Ward 2-Dist. 3,State Senate,41,WOR,Michelle Hinchey,0
Ulster,City of Kingston Ward 2-Dist. 3,State Senate,41,REP,Patrick Sheehan,40
Ulster,City of Kingston Ward 2-Dist. 3,State Senate,41,CON,Patrick Sheehan,7
Ulster,City of Kingston Ward 2-Dist. 3,State Senate,41,,Write-in,0
Ulster,City of Kingston Ward 2-Dist. 4,State Senate,41,DEM,Michelle Hinchey,252
Ulster,City of Kingston Ward 2-Dist. 4,State Senate,41,WOR,Michelle Hinchey,0
Ulster,City of Kingston Ward 2-Dist. 4,State Senate,41,REP,Patrick Sheehan,72
Ulster,City of Kingston Ward 2-Dist. 4,State Senate,41,CON,Patrick Sheehan,10
Ulster,City of Kingston Ward 2-Dist. 4,State Senate,41,,Write-in,0
Ulster,City of Kingston Ward 3-Dist. 1,State Senate,41,DEM,Michelle Hinchey,451
Ulster,City of Kingston Ward 3-Dist. 1,State Senate,41,WOR,Michelle Hinchey,0
Ulster,City of Kingston Ward 3-Dist. 1,State Senate,41,REP,Patrick Sheehan,134
Ulster,City of Kingston Ward 3-Dist. 1,State Senate,41,CON,Patrick Sheehan,28
Ulster,City of Kingston Ward 3-Dist. 1,State Senate,41,,Write-in,1
Ulster,City of Kingston Ward 3-Dist. 2,State Senate,41,DEM,Michelle Hinchey,218
Ulster,City of Kingston Ward 3-Dist. 2,State Senate,41,WOR,Michelle Hinchey,0
Ulster,City of Kingston Ward 3-Dist. 2,State Senate,41,REP,Patrick Sheehan,56
Ulster,City of Kingston Ward 3-Dist. 2,State Senate,41,CON,Patrick Sheehan,2
Ulster,City of Kingston Ward 3-Dist. 2,State Senate,41,,Write-in,0
Ulster,City of Kingston Ward 3-Dist. 3,State Senate,41,DEM,Michelle Hinchey,259
Ulster,City of Kingston Ward 3-Dist. 3,State Senate,41,WOR,Michelle Hinchey,0
Ulster,City of Kingston Ward 3-Dist. 3,State Senate,41,REP,Patrick Sheehan,124
Ulster,City of Kingston Ward 3-Dist. 3,State Senate,41,CON,Patrick Sheehan,30
Ulster,City of Kingston Ward 3-Dist. 3,State Senate,41,,Write-in,0
Ulster,City of Kingston Ward 4-Dist. 1,State Senate,41,DEM,Michelle Hinchey,118
Ulster,City of Kingston Ward 4-Dist. 1,State Senate,41,WOR,Michelle Hinchey,0
Ulster,City of Kingston Ward 4-Dist. 1,State Senate,41,REP,Patrick Sheehan,14
Ulster,City of Kingston Ward 4-Dist. 1,State Senate,41,CON,Patrick Sheehan,6
Ulster,City of Kingston Ward 4-Dist. 1,State Senate,41,,Write-in,0
Ulster,City of Kingston Ward 4-Dist. 2,State Senate,41,DEM,Michelle Hinchey,342
Ulster,City of Kingston Ward 4-Dist. 2,State Senate,41,WOR,Michelle Hinchey,0
Ulster,City of Kingston Ward 4-Dist. 2,State Senate,41,REP,Patrick Sheehan,78
Ulster,City of Kingston Ward 4-Dist. 2,State Senate,41,CON,Patrick Sheehan,16
Ulster,City of Kingston Ward 4-Dist. 2,State Senate,41,,Write-in,1
Ulster,City of Kingston Ward 5-Dist. 1,State Senate,41,DEM,Michelle Hinchey,205
Ulster,City of Kingston Ward 5-Dist. 1,State Senate,41,WOR,Michelle Hinchey,0
Ulster,City of Kingston Ward 5-Dist. 1,State Senate,41,REP,Patrick Sheehan,57
Ulster,City of Kingston Ward 5-Dist. 1,State Senate,41,CON,Patrick Sheehan,6
Ulster,City of Kingston Ward 5-Dist. 1,State Senate,41,,Write-in,0
Ulster,City of Kingston Ward 5-Dist. 2,State Senate,41,DEM,Michelle Hinchey,343
Ulster,City of Kingston Ward 5-Dist. 2,State Senate,41,WOR,Michelle Hinchey,0
Ulster,City of Kingston Ward 5-Dist. 2,State Senate,41,REP,Patrick Sheehan,138
Ulster,City of Kingston Ward 5-Dist. 2,State Senate,41,CON,Patrick Sheehan,18
Ulster,City of Kingston Ward 5-Dist. 2,State Senate,41,,Write-in,0
Ulster,City of Kingston Ward 5-Dist. 3,State Senate,41,DEM,Michelle Hinchey,117
Ulster,City of Kingston Ward 5-Dist. 3,State Senate,41,WOR,Michelle Hinchey,0
Ulster,City of Kingston Ward 5-Dist. 3,State Senate,41,REP,Patrick Sheehan,35
Ulster,City of Kingston Ward 5-Dist. 3,State Senate,41,CON,Patrick Sheehan,10
Ulster,City of Kingston Ward 5-Dist. 3,State Senate,41,,Write-in,0
Ulster,City of Kingston Ward 6-Dist.1,State Senate,41,DEM,Michelle Hinchey,256
Ulster,City of Kingston Ward 6-Dist.1,State Senate,41,WOR,Michelle Hinchey,0
Ulster,City of Kingston Ward 6-Dist.1,State Senate,41,REP,Patrick Sheehan,145
Ulster,City of Kingston Ward 6-Dist.1,State Senate,41,CON,Patrick Sheehan,23
Ulster,City of Kingston Ward 6-Dist.1,State Senate,41,,Write-in,0
Ulster,City of Kingston Ward 6-Dist. 2,State Senate,41,DEM,Michelle Hinchey,285
Ulster,City of Kingston Ward 6-Dist. 2,State Senate,41,WOR,Michelle Hinchey,0
Ulster,City of Kingston Ward 6-Dist. 2,State Senate,41,REP,Patrick Sheehan,120
Ulster,City of Kingston Ward 6-Dist. 2,State Senate,41,CON,Patrick Sheehan,16
Ulster,City of Kingston Ward 6-Dist. 2,State Senate,41,,Write-in,0
Ulster,City of Kingston Ward 6-Dist. 3,State Senate,41,DEM,Michelle Hinchey,191
Ulster,City of Kingston Ward 6-Dist. 3,State Senate,41,WOR,Michelle Hinchey,0
Ulster,City of Kingston Ward 6-Dist. 3,State Senate,41,REP,Patrick Sheehan,49
Ulster,City of Kingston Ward 6-Dist. 3,State Senate,41,CON,Patrick Sheehan,11
Ulster,City of Kingston Ward 6-Dist. 3,State Senate,41,,Write-in,0
Ulster,City of Kingston Ward 7-Dist. 1,State Senate,41,DEM,Michelle Hinchey,221
Ulster,City of Kingston Ward 7-Dist. 1,State Senate,41,WOR,Michelle Hinchey,0
Ulster,City of Kingston Ward 7-Dist. 1,State Senate,41,REP,Patrick Sheehan,112
Ulster,City of Kingston Ward 7-Dist. 1,State Senate,41,CON,Patrick Sheehan,18
Ulster,City of Kingston Ward 7-Dist. 1,State Senate,41,,Write-in,0
Ulster,City of Kingston Ward 7-Dist. 2,State Senate,41,DEM,Michelle Hinchey,291
Ulster,City of Kingston Ward 7-Dist. 2,State Senate,41,WOR,Michelle Hinchey,0
Ulster,City of Kingston Ward 7-Dist. 2,State Senate,41,REP,Patrick Sheehan,162
Ulster,City of Kingston Ward 7-Dist. 2,State Senate,41,CON,Patrick Sheehan,26
Ulster,City of Kingston Ward 7-Dist. 2,State Senate,41,,Write-in,0
Ulster,City of Kingston Ward 7-Dist. 3,State Senate,41,DEM,Michelle Hinchey,216
Ulster,City of Kingston Ward 7-Dist. 3,State Senate,41,WOR,Michelle Hinchey,0
Ulster,City of Kingston Ward 7-Dist. 3,State Senate,41,REP,Patrick Sheehan,136
Ulster,City of Kingston Ward 7-Dist. 3,State Senate,41,CON,Patrick Sheehan,20
Ulster,City of Kingston Ward 7-Dist. 3,State Senate,41,,Write-in,0
Ulster,City of Kingston Ward 8-Dist. 1,State Senate,41,DEM,Michelle Hinchey,242
Ulster,City of Kingston Ward 8-Dist. 1,State Senate,41,WOR,Michelle Hinchey,0
Ulster,City of Kingston Ward 8-Dist. 1,State Senate,41,REP,Patrick Sheehan,39
Ulster,City of Kingston Ward 8-Dist. 1,State Senate,41,CON,Patrick Sheehan,11
Ulster,City of Kingston Ward 8-Dist. 1,State Senate,41,,Write-in,0
Ulster,City of Kingston Ward 8-Dist. 2,State Senate,41,DEM,Michelle Hinchey,187
Ulster,City of Kingston Ward 8-Dist. 2,State Senate,41,WOR,Michelle Hinchey,0
Ulster,City of Kingston Ward 8-Dist. 2,State Senate,41,REP,Patrick Sheehan,49
Ulster,City of Kingston Ward 8-Dist. 2,State Senate,41,CON,Patrick Sheehan,10
Ulster,City of Kingston Ward 8-Dist. 2,State Senate,41,,Write-in,1
Ulster,City of Kingston Ward 8-Dist. 3,State Senate,41,DEM,Michelle Hinchey,264
Ulster,City of Kingston Ward 8-Dist. 3,State Senate,41,WOR,Michelle Hinchey,0
Ulster,City of Kingston Ward 8-Dist. 3,State Senate,41,REP,Patrick Sheehan,93
Ulster,City of Kingston Ward 8-Dist. 3,State Senate,41,CON,Patrick Sheehan,16
Ulster,City of Kingston Ward 8-Dist. 3,State Senate,41,,Write-in,0
Ulster,City of Kingston Ward 9-Dist. 1,State Senate,41,DEM,Michelle Hinchey,238
Ulster,City of Kingston Ward 9-Dist. 1,State Senate,41,WOR,Michelle Hinchey,0
Ulster,City of Kingston Ward 9-Dist. 1,State Senate,41,REP,Patrick Sheehan,90
Ulster,City of Kingston Ward 9-Dist. 1,State Senate,41,CON,Patrick Sheehan,21
Ulster,City of Kingston Ward 9-Dist. 1,State Senate,41,,Write-in,0
Ulster,City of Kingston Ward 9-Dist. 2,State Senate,41,DEM,Michelle Hinchey,444
Ulster,City of Kingston Ward 9-Dist. 2,State Senate,41,WOR,Michelle Hinchey,0
Ulster,City of Kingston Ward 9-Dist. 2,State Senate,41,REP,Patrick Sheehan,113
Ulster,City of Kingston Ward 9-Dist. 2,State Senate,41,CON,Patrick Sheehan,20
Ulster,City of Kingston Ward 9-Dist. 2,State Senate,41,,Write-in,0
Ulster,City of Kingston Ward 9-Dist. 3,State Senate,41,DEM,Michelle Hinchey,108
Ulster,City of Kingston Ward 9-Dist. 3,State Senate,41,WOR,Michelle Hinchey,0
Ulster,City of Kingston Ward 9-Dist. 3,State Senate,41,REP,Patrick Sheehan,49
Ulster,City of Kingston Ward 9-Dist. 3,State Senate,41,CON,Patrick Sheehan,7
Ulster,City of Kingston Ward 9-Dist. 3,State Senate,41,,Write-in,0
Ulster,Esopus District 1,State Senate,41,DEM,Michelle Hinchey,486
Ulster,Esopus District 1,State Senate,41,WOR,Michelle Hinchey,0
Ulster,Esopus District 1,State Senate,41,REP,Patrick Sheehan,237
Ulster,Esopus District 1,State Senate,41,CON,Patrick Sheehan,43
Ulster,Esopus District 1,State Senate,41,,Write-in,0
Ulster,Esopus District 2,State Senate,41,DEM,Michelle Hinchey,252
Ulster,Esopus District 2,State Senate,41,WOR,Michelle Hinchey,0
Ulster,Esopus District 2,State Senate,41,REP,Patrick Sheehan,182
Ulster,Esopus District 2,State Senate,41,CON,Patrick Sheehan,53
Ulster,Esopus District 2,State Senate,41,,Write-in,1
Ulster,Esopus District 3,State Senate,41,DEM,Michelle Hinchey,474
Ulster,Esopus District 3,State Senate,41,WOR,Michelle Hinchey,0
Ulster,Esopus District 3,State Senate,41,REP,Patrick Sheehan,273
Ulster,Esopus District 3,State Senate,41,CON,Patrick Sheehan,49
Ulster,Esopus District 3,State Senate,41,,Write-in,0
Ulster,Esopus District 4,State Senate,41,DEM,Michelle Hinchey,280
Ulster,Esopus District 4,State Senate,41,WOR,Michelle Hinchey,0
Ulster,Esopus District 4,State Senate,41,REP,Patrick Sheehan,179
Ulster,Esopus District 4,State Senate,41,CON,Patrick Sheehan,31
Ulster,Esopus District 4,State Senate,41,,Write-in,0
Ulster,Esopus District 5,State Senate,41,DEM,Michelle Hinchey,319
Ulster,Esopus District 5,State Senate,41,WOR,Michelle Hinchey,0
Ulster,Esopus District 5,State Senate,41,REP,Patrick Sheehan,279
Ulster,Esopus District 5,State Senate,41,CON,Patrick Sheehan,55
Ulster,Esopus District 5,State Senate,41,,Write-in,1
Ulster,Esopus District 6,State Senate,41,DEM,Michelle Hinchey,371
Ulster,Esopus District 6,State Senate,41,WOR,Michelle Hinchey,0
Ulster,Esopus District 6,State Senate,41,REP,Patrick Sheehan,301
Ulster,Esopus District 6,State Senate,41,CON,Patrick Sheehan,47
Ulster,Esopus District 6,State Senate,41,,Write-in,0
Ulster,Esopus District 7,State Senate,41,DEM,Michelle Hinchey,371
Ulster,Esopus District 7,State Senate,41,WOR,Michelle Hinchey,0
Ulster,Esopus District 7,State Senate,41,REP,Patrick Sheehan,268
Ulster,Esopus District 7,State Senate,41,CON,Patrick Sheehan,58
Ulster,Esopus District 7,State Senate,41,,Write-in,0
Ulster,Hurley District 1,State Senate,41,DEM,Michelle Hinchey,267
Ulster,Hurley District 1,State Senate,41,WOR,Michelle Hinchey,0
Ulster,Hurley District 1,State Senate,41,REP,Patrick Sheehan,120
Ulster,Hurley District 1,State Senate,41,CON,Patrick Sheehan,16
Ulster,Hurley District 1,State Senate,41,,Write-in,0
Ulster,Hurley District 2,State Senate,41,DEM,Michelle Hinchey,261
Ulster,Hurley District 2,State Senate,41,WOR,Michelle Hinchey,0
Ulster,Hurley District 2,State Senate,41,REP,Patrick Sheehan,150
Ulster,Hurley District 2,State Senate,41,CON,Patrick Sheehan,19
Ulster,Hurley District 2,State Senate,41,,Write-in,0
Ulster,Hurley District 3,State Senate,41,DEM,Michelle Hinchey,308
Ulster,Hurley District 3,State Senate,41,WOR,Michelle Hinchey,0
Ulster,Hurley District 3,State Senate,41,REP,Patrick Sheehan,202
Ulster,Hurley District 3,State Senate,41,CON,Patrick Sheehan,56
Ulster,Hurley District 3,State Senate,41,,Write-in,0
Ulster,Hurley District 4,State Senate,41,DEM,Michelle Hinchey,289
Ulster,Hurley District 4,State Senate,41,WOR,Michelle Hinchey,0
Ulster,Hurley District 4,State Senate,41,REP,Patrick Sheehan,189
Ulster,Hurley District 4,State Senate,41,CON,Patrick Sheehan,37
Ulster,Hurley District 4,State Senate,41,,Write-in,0
Ulster,Hurley District 5,State Senate,41,DEM,Michelle Hinchey,365
Ulster,Hurley District 5,State Senate,41,WOR,Michelle Hinchey,0
Ulster,Hurley District 5,State Senate,41,REP,Patrick Sheehan,63
Ulster,Hurley District 5,State Senate,41,CON,Patrick Sheehan,19
Ulster,Hurley District 5,State Senate,41,,Write-in,0
Ulster,Hurley District 6,State Senate,41,DEM,Michelle Hinchey,204
Ulster,Hurley District 6,State Senate,41,WOR,Michelle Hinchey,0
Ulster,Hurley District 6,State Senate,41,REP,Patrick Sheehan,119
Ulster,Hurley District 6,State Senate,41,CON,Patrick Sheehan,23
Ulster,Hurley District 6,State Senate,41,,Write-in,0
Ulster,Hurley District 7,State Senate,41,DEM,Michelle Hinchey,426
Ulster,Hurley District 7,State Senate,41,WOR,Michelle Hinchey,0
Ulster,Hurley District 7,State Senate,41,REP,Patrick Sheehan,128
Ulster,Hurley District 7,State Senate,41,CON,Patrick Sheehan,23
Ulster,Hurley District 7,State Senate,41,,Write-in,0
Ulster,Hurley District 8,State Senate,41,DEM,Michelle Hinchey,266
Ulster,Hurley District 8,State Senate,41,WOR,Michelle Hinchey,0
Ulster,Hurley District 8,State Senate,41,REP,Patrick Sheehan,171
Ulster,Hurley District 8,State Senate,41,CON,Patrick Sheehan,16
Ulster,Hurley District 8,State Senate,41,,Write-in,0
Ulster,Town of Kingston District 1,State Senate,41,DEM,Michelle Hinchey,269
Ulster,Town of Kingston District 1,State Senate,41,WOR,Michelle Hinchey,0
Ulster,Town of Kingston District 1,State Senate,41,REP,Patrick Sheehan,219
Ulster,Town of Kingston District 1,State Senate,41,CON,Patrick Sheehan,44
Ulster,Town of Kingston District 1,State Senate,41,,Write-in,1
Ulster,Lloyd District 1,State Senate,41,DEM,Michelle Hinchey,426
Ulster,Lloyd District 1,State Senate,41,WOR,Michelle Hinchey,0
Ulster,Lloyd District 1,State Senate,41,REP,Patrick Sheehan,311
Ulster,Lloyd District 1,State Senate,41,CON,Patrick Sheehan,47
Ulster,Lloyd District 1,State Senate,41,,Write-in,0
Ulster,Lloyd District 2,State Senate,41,DEM,Michelle Hinchey,141
Ulster,Lloyd District 2,State Senate,41,WOR,Michelle Hinchey,0
Ulster,Lloyd District 2,State Senate,41,REP,Patrick Sheehan,84
Ulster,Lloyd District 2,State Senate,41,CON,Patrick Sheehan,18
Ulster,Lloyd District 2,State Senate,41,,Write-in,0
Ulster,Lloyd District 3,State Senate,41,DEM,Michelle Hinchey,736
Ulster,Lloyd District 3,State Senate,41,WOR,Michelle Hinchey,0
Ulster,Lloyd District 3,State Senate,41,REP,Patrick Sheehan,505
Ulster,Lloyd District 3,State Senate,41,CON,Patrick Sheehan,76
Ulster,Lloyd District 3,State Senate,41,,Write-in,0
Ulster,Lloyd District 4,State Senate,41,DEM,Michelle Hinchey,498
Ulster,Lloyd District 4,State Senate,41,WOR,Michelle Hinchey,0
Ulster,Lloyd District 4,State Senate,41,REP,Patrick Sheehan,349
Ulster,Lloyd District 4,State Senate,41,CON,Patrick Sheehan,44
Ulster,Lloyd District 4,State Senate,41,,Write-in,1
Ulster,Lloyd District 5,State Senate,41,DEM,Michelle Hinchey,659
Ulster,Lloyd District 5,State Senate,41,WOR,Michelle Hinchey,0
Ulster,Lloyd District 5,State Senate,41,REP,Patrick Sheehan,378
Ulster,Lloyd District 5,State Senate,41,CON,Patrick Sheehan,51
Ulster,Lloyd District 5,State Senate,41,,Write-in,1
Ulster,Lloyd District 6,State Senate,41,DEM,Michelle Hinchey,197
Ulster,Lloyd District 6,State Senate,41,WOR,Michelle Hinchey,0
Ulster,Lloyd District 6,State Senate,41,REP,Patrick Sheehan,200
Ulster,Lloyd District 6,State Senate,41,CON,Patrick Sheehan,38
Ulster,Lloyd District 6,State Senate,41,,Write-in,1
Ulster,Lloyd District 7,State Senate,41,DEM,Michelle Hinchey,417
Ulster,Lloyd District 7,State Senate,41,WOR,Michelle Hinchey,0
Ulster,Lloyd District 7,State Senate,41,REP,Patrick Sheehan,361
Ulster,Lloyd District 7,State Senate,41,CON,Patrick Sheehan,58
Ulster,Lloyd District 7,State Senate,41,,Write-in,1
Ulster,Marlborough District 1,State Senate,41,DEM,Michelle Hinchey,329
Ulster,Marlborough District 1,State Senate,41,WOR,Michelle Hinchey,0
Ulster,Marlborough District 1,State Senate,41,REP,Patrick Sheehan,432
Ulster,Marlborough District 1,State Senate,41,CON,Patrick Sheehan,50
Ulster,Marlborough District 1,State Senate,41,,Write-in,1
Ulster,Marlborough District 2,State Senate,41,DEM,Michelle Hinchey,316
Ulster,Marlborough District 2,State Senate,41,WOR,Michelle Hinchey,0
Ulster,Marlborough District 2,State Senate,41,REP,Patrick Sheehan,260
Ulster,Marlborough District 2,State Senate,41,CON,Patrick Sheehan,26
Ulster,Marlborough District 2,State Senate,41,,Write-in,0
Ulster,Marlborough District 3,State Senate,41,DEM,Michelle Hinchey,338
Ulster,Marlborough District 3,State Senate,41,WOR,Michelle Hinchey,0
Ulster,Marlborough District 3,State Senate,41,REP,Patrick Sheehan,448
Ulster,Marlborough District 3,State Senate,41,CON,Patrick Sheehan,79
Ulster,Marlborough District 3,State Senate,41,,Write-in,0
Ulster,Marlborough District 4,State Senate,41,DEM,Michelle Hinchey,400
Ulster,Marlborough District 4,State Senate,41,WOR,Michelle Hinchey,0
Ulster,Marlborough District 4,State Senate,41,REP,Patrick Sheehan,504
Ulster,Marlborough District 4,State Senate,41,CON,Patrick Sheehan,56
Ulster,Marlborough District 4,State Senate,41,,Write-in,0
Ulster,Marlborough District 5,State Senate,41,DEM,Michelle Hinchey,383
Ulster,Marlborough District 5,State Senate,41,WOR,Michelle Hinchey,0
Ulster,Marlborough District 5,State Senate,41,REP,Patrick Sheehan,394
Ulster,Marlborough District 5,State Senate,41,CON,Patrick Sheehan,54
Ulster,Marlborough District 5,State Senate,41,,Write-in,0
Ulster,Marlborough District 6,State Senate,41,DEM,Michelle Hinchey,184
Ulster,Marlborough District 6,State Senate,41,WOR,Michelle Hinchey,0
Ulster,Marlborough District 6,State Senate,41,REP,Patrick Sheehan,270
Ulster,Marlborough District 6,State Senate,41,CON,Patrick Sheehan,38
Ulster,Marlborough District 6,State Senate,41,,Write-in,0
Ulster,New Paltz District 1,State Senate,41,DEM,Michelle Hinchey,874
Ulster,New Paltz District 1,State Senate,41,WOR,Michelle Hinchey,0
Ulster,New Paltz District 1,State Senate,41,REP,Patrick Sheehan,130
Ulster,New Paltz District 1,State Senate,41,CON,Patrick Sheehan,17
Ulster,New Paltz District 1,State Senate,41,,Write-in,0
Ulster,New Paltz District 2,State Senate,41,DEM,Michelle Hinchey,357
Ulster,New Paltz District 2,State Senate,41,WOR,Michelle Hinchey,0
Ulster,New Paltz District 2,State Senate,41,REP,Patrick Sheehan,114
Ulster,New Paltz District 2,State Senate,41,CON,Patrick Sheehan,11
Ulster,New Paltz District 2,State Senate,41,,Write-in,1
Ulster,New Paltz District 3,State Senate,41,DEM,Michelle Hinchey,281
Ulster,New Paltz District 3,State Senate,41,WOR,Michelle Hinchey,0
Ulster,New Paltz District 3,State Senate,41,REP,Patrick Sheehan,92
Ulster,New Paltz District 3,State Senate,41,CON,Patrick Sheehan,24
Ulster,New Paltz District 3,State Senate,41,,Write-in,0
Ulster,New Paltz District 4,State Senate,41,DEM,Michelle Hinchey,724
Ulster,New Paltz District 4,State Senate,41,WOR,Michelle Hinchey,0
Ulster,New Paltz District 4,State Senate,41,REP,Patrick Sheehan,105
Ulster,New Paltz District 4,State Senate,41,CON,Patrick Sheehan,17
Ulster,New Paltz District 4,State Senate,41,,Write-in,2
Ulster,New Paltz District 5,State Senate,41,DEM,Michelle Hinchey,304
Ulster,New Paltz District 5,State Senate,41,WOR,Michelle Hinchey,0
Ulster,New Paltz District 5,State Senate,41,REP,Patrick Sheehan,78
Ulster,New Paltz District 5,State Senate,41,CON,Patrick Sheehan,9
Ulster,New Paltz District 5,State Senate,41,,Write-in,0
Ulster,New Paltz District 6,State Senate,41,DEM,Michelle Hinchey,507
Ulster,New Paltz District 6,State Senate,41,WOR,Michelle Hinchey,0
Ulster,New Paltz District 6,State Senate,41,REP,Patrick Sheehan,127
Ulster,New Paltz District 6,State Senate,41,CON,Patrick Sheehan,25
Ulster,New Paltz District 6,State Senate,41,,Write-in,0
Ulster,New Paltz District 7,State Senate,41,DEM,Michelle Hinchey,430
Ulster,New Paltz District 7,State Senate,41,WOR,Michelle Hinchey,0
Ulster,New Paltz District 7,State Senate,41,REP,Patrick Sheehan,156
Ulster,New Paltz District 7,State Senate,41,CON,Patrick Sheehan,18
Ulster,New Paltz District 7,State Senate,41,,Write-in,0
Ulster,New Paltz District 8,State Senate,41,DEM,Michelle Hinchey,312
Ulster,New Paltz District 8,State Senate,41,WOR,Michelle Hinchey,0
Ulster,New Paltz District 8,State Senate,41,REP,Patrick Sheehan,74
Ulster,New Paltz District 8,State Senate,41,CON,Patrick Sheehan,8
Ulster,New Paltz District 8,State Senate,41,,Write-in,0
Ulster,New Paltz District 9,State Senate,41,DEM,Michelle Hinchey,810
Ulster,New Paltz District 9,State Senate,41,WOR,Michelle Hinchey,0
Ulster,New Paltz District 9,State Senate,41,REP,Patrick Sheehan,62
Ulster,New Paltz District 9,State Senate,41,CON,Patrick Sheehan,7
Ulster,New Paltz District 9,State Senate,41,,Write-in,0
Ulster,New Paltz District 10,State Senate,41,DEM,Michelle Hinchey,313
Ulster,New Paltz District 10,State Senate,41,WOR,Michelle Hinchey,0
Ulster,New Paltz District 10,State Senate,41,REP,Patrick Sheehan,178
Ulster,New Paltz District 10,State Senate,41,CON,Patrick Sheehan,30
Ulster,New Paltz District 10,State Senate,41,,Write-in,3
Ulster,New Paltz District 11,State Senate,41,DEM,Michelle Hinchey,199
Ulster,New Paltz District 11,State Senate,41,WOR,Michelle Hinchey,0
Ulster,New Paltz District 11,State Senate,41,REP,Patrick Sheehan,35
Ulster,New Paltz District 11,State Senate,41,CON,Patrick Sheehan,6
Ulster,New Paltz District 11,State Senate,41,,Write-in,0
Ulster,Plattekill District 1,State Senate,41,DEM,Michelle Hinchey,394
Ulster,Plattekill District 1,State Senate,41,WOR,Michelle Hinchey,0
Ulster,Plattekill District 1,State Senate,41,REP,Patrick Sheehan,374
Ulster,Plattekill District 1,State Senate,41,CON,Patrick Sheehan,43
Ulster,Plattekill District 1,State Senate,41,,Write-in,0
Ulster,Plattekill District 2,State Senate,41,DEM,Michelle Hinchey,265
Ulster,Plattekill District 2,State Senate,41,WOR,Michelle Hinchey,0
Ulster,Plattekill District 2,State Senate,41,REP,Patrick Sheehan,249
Ulster,Plattekill District 2,State Senate,41,CON,Patrick Sheehan,26
Ulster,Plattekill District 2,State Senate,41,,Write-in,0
Ulster,Plattekill District 3,State Senate,41,DEM,Michelle Hinchey,150
Ulster,Plattekill District 3,State Senate,41,WOR,Michelle Hinchey,0
Ulster,Plattekill District 3,State Senate,41,REP,Patrick Sheehan,223
Ulster,Plattekill District 3,State Senate,41,CON,Patrick Sheehan,31
Ulster,Plattekill District 3,State Senate,41,,Write-in,0
Ulster,Plattekill District 4,State Senate,41,DEM,Michelle Hinchey,361
Ulster,Plattekill District 4,State Senate,41,WOR,Michelle Hinchey,0
Ulster,Plattekill District 4,State Senate,41,REP,Patrick Sheehan,511
Ulster,Plattekill District 4,State Senate,41,CON,Patrick Sheehan,77
Ulster,Plattekill District 4,State Senate,41,,Write-in,0
Ulster,Plattekill District 5,State Senate,41,DEM,Michelle Hinchey,469
Ulster,Plattekill District 5,State Senate,41,WOR,Michelle Hinchey,0
Ulster,Plattekill District 5,State Senate,41,REP,Patrick Sheehan,559
Ulster,Plattekill District 5,State Senate,41,CON,Patrick Sheehan,81
Ulster,Plattekill District 5,State Senate,41,,Write-in,0
Ulster,Plattekill District 6,State Senate,41,DEM,Michelle Hinchey,412
Ulster,Plattekill District 6,State Senate,41,WOR,Michelle Hinchey,0
Ulster,Plattekill District 6,State Senate,41,REP,Patrick Sheehan,528
Ulster,Plattekill District 6,State Senate,41,CON,Patrick Sheehan,83
Ulster,Plattekill District 6,State Senate,41,,Write-in,0
Ulster,Rosendale District 1,State Senate,41,DEM,Michelle Hinchey,441
Ulster,Rosendale District 1,State Senate,41,WOR,Michelle Hinchey,0
Ulster,Rosendale District 1,State Senate,41,REP,Patrick Sheehan,140
Ulster,Rosendale District 1,State Senate,41,CON,Patrick Sheehan,35
Ulster,Rosendale District 1,State Senate,41,,Write-in,0
Ulster,Rosendale District 2,State Senate,41,DEM,Michelle Hinchey,306
Ulster,Rosendale District 2,State Senate,41,WOR,Michelle Hinchey,0
Ulster,Rosendale District 2,State Senate,41,REP,Patrick Sheehan,171
Ulster,Rosendale District 2,State Senate,41,CON,Patrick Sheehan,23
Ulster,Rosendale District 2,State Senate,41,,Write-in,0
Ulster,Rosendale District 3,State Senate,41,DEM,Michelle Hinchey,316
Ulster,Rosendale District 3,State Senate,41,WOR,Michelle Hinchey,0
Ulster,Rosendale District 3,State Senate,41,REP,Patrick Sheehan,216
Ulster,Rosendale District 3,State Senate,41,CON,Patrick Sheehan,37
Ulster,Rosendale District 3,State Senate,41,,Write-in,0
Ulster,Rosendale District 4,State Senate,41,DEM,Michelle Hinchey,445
Ulster,Rosendale District 4,State Senate,41,WOR,Michelle Hinchey,0
Ulster,Rosendale District 4,State Senate,41,REP,Patrick Sheehan,194
Ulster,Rosendale District 4,State Senate,41,CON,Patrick Sheehan,37
Ulster,Rosendale District 4,State Senate,41,,Write-in,0
Ulster,Rosendale District 5,State Senate,41,DEM,Michelle Hinchey,373
Ulster,Rosendale District 5,State Senate,41,WOR,Michelle Hinchey,0
Ulster,Rosendale District 5,State Senate,41,REP,Patrick Sheehan,241
Ulster,Rosendale District 5,State Senate,41,CON,Patrick Sheehan,38
Ulster,Rosendale District 5,State Senate,41,,Write-in,1
Ulster,Saugerties District 1,State Senate,41,DEM,Michelle Hinchey,168
Ulster,Saugerties District 1,State Senate,41,WOR,Michelle Hinchey,0
Ulster,Saugerties District 1,State Senate,41,REP,Patrick Sheehan,129
Ulster,Saugerties District 1,State Senate,41,CON,Patrick Sheehan,34
Ulster,Saugerties District 1,State Senate,41,,Write-in,0
Ulster,Saugerties District 2,State Senate,41,DEM,Michelle Hinchey,402
Ulster,Saugerties District 2,State Senate,41,WOR,Michelle Hinchey,0
Ulster,Saugerties District 2,State Senate,41,REP,Patrick Sheehan,137
Ulster,Saugerties District 2,State Senate,41,CON,Patrick Sheehan,31
Ulster,Saugerties District 2,State Senate,41,,Write-in,0
Ulster,Saugerties District 3,State Senate,41,DEM,Michelle Hinchey,263
Ulster,Saugerties District 3,State Senate,41,WOR,Michelle Hinchey,0
Ulster,Saugerties District 3,State Senate,41,REP,Patrick Sheehan,105
Ulster,Saugerties District 3,State Senate,41,CON,Patrick Sheehan,9
Ulster,Saugerties District 3,State Senate,41,,Write-in,1
Ulster,Saugerties District 4,State Senate,41,DEM,Michelle Hinchey,489
Ulster,Saugerties District 4,State Senate,41,WOR,Michelle Hinchey,0
Ulster,Saugerties District 4,State Senate,41,REP,Patrick Sheehan,198
Ulster,Saugerties District 4,State Senate,41,CON,Patrick Sheehan,46
Ulster,Saugerties District 4,State Senate,41,,Write-in,0
Ulster,Saugerties District 5,State Senate,41,DEM,Michelle Hinchey,532
Ulster,Saugerties District 5,State Senate,41,WOR,Michelle Hinchey,0
Ulster,Saugerties District 5,State Senate,41,REP,Patrick Sheehan,235
Ulster,Saugerties District 5,State Senate,41,CON,Patrick Sheehan,41
Ulster,Saugerties District 5,State Senate,41,,Write-in,0
Ulster,Saugerties District 6,State Senate,41,DEM,Michelle Hinchey,434
Ulster,Saugerties District 6,State Senate,41,WOR,Michelle Hinchey,0
Ulster,Saugerties District 6,State Senate,41,REP,Patrick Sheehan,327
Ulster,Saugerties District 6,State Senate,41,CON,Patrick Sheehan,57
Ulster,Saugerties District 6,State Senate,41,,Write-in,0
Ulster,Saugerties District 7,State Senate,41,DEM,Michelle Hinchey,132
Ulster,Saugerties District 7,State Senate,41,WOR,Michelle Hinchey,0
Ulster,Saugerties District 7,State Senate,41,REP,Patrick Sheehan,99
Ulster,Saugerties District 7,State Senate,41,CON,Patrick Sheehan,15
Ulster,Saugerties District 7,State Senate,41,,Write-in,0
Ulster,Saugerties District 8,State Senate,41,DEM,Michelle Hinchey,713
Ulster,Saugerties District 8,State Senate,41,WOR,Michelle Hinchey,0
Ulster,Saugerties District 8,State Senate,41,REP,Patrick Sheehan,486
Ulster,Saugerties District 8,State Senate,41,CON,Patrick Sheehan,98
Ulster,Saugerties District 8,State Senate,41,,Write-in,0
Ulster,Saugerties District 9,State Senate,41,DEM,Michelle Hinchey,282
Ulster,Saugerties District 9,State Senate,41,WOR,Michelle Hinchey,0
Ulster,Saugerties District 9,State Senate,41,REP,Patrick Sheehan,128
Ulster,Saugerties District 9,State Senate,41,CON,Patrick Sheehan,32
Ulster,Saugerties District 9,State Senate,41,,Write-in,0
Ulster,Saugerties District 10,State Senate,41,DEM,Michelle Hinchey,196
Ulster,Saugerties District 10,State Senate,41,WOR,Michelle Hinchey,0
Ulster,Saugerties District 10,State Senate,41,REP,Patrick Sheehan,131
Ulster,Saugerties District 10,State Senate,41,CON,Patrick Sheehan,27
Ulster,Saugerties District 10,State Senate,41,,Write-in,0
Ulster,Saugerties District 11,State Senate,41,DEM,Michelle Hinchey,258
Ulster,Saugerties District 11,State Senate,41,WOR,Michelle Hinchey,0
Ulster,Saugerties District 11,State Senate,41,REP,Patrick Sheehan,218
Ulster,Saugerties District 11,State Senate,41,CON,Patrick Sheehan,27
Ulster,Saugerties District 11,State Senate,41,,Write-in,0
Ulster,Saugerties District 12,State Senate,41,DEM,Michelle Hinchey,503
Ulster,Saugerties District 12,State Senate,41,WOR,Michelle Hinchey,0
Ulster,Saugerties District 12,State Senate,41,REP,Patrick Sheehan,458
Ulster,Saugerties District 12,State Senate,41,CON,Patrick Sheehan,65
Ulster,Saugerties District 12,State Senate,41,,Write-in,0
Ulster,Saugerties District 13,State Senate,41,DEM,Michelle Hinchey,441
Ulster,Saugerties District 13,State Senate,41,WOR,Michelle Hinchey,0
Ulster,Saugerties District 13,State Senate,41,REP,Patrick Sheehan,351
Ulster,Saugerties District 13,State Senate,41,CON,Patrick Sheehan,51
Ulster,Saugerties District 13,State Senate,41,,Write-in,0
Ulster,Saugerties District 14,State Senate,41,DEM,Michelle Hinchey,456
Ulster,Saugerties District 14,State Senate,41,WOR,Michelle Hinchey,0
Ulster,Saugerties District 14,State Senate,41,REP,Patrick Sheehan,289
Ulster,Saugerties District 14,State Senate,41,CON,Patrick Sheehan,52
Ulster,Saugerties District 14,State Senate,41,,Write-in,0
Ulster,Saugerties District 15,State Senate,41,DEM,Michelle Hinchey,454
Ulster,Saugerties District 15,State Senate,41,WOR,Michelle Hinchey,0
Ulster,Saugerties District 15,State Senate,41,REP,Patrick Sheehan,293
Ulster,Saugerties District 15,State Senate,41,CON,Patrick Sheehan,51
Ulster,Saugerties District 15,State Senate,41,,Write-in,0
Ulster,Shandaken District 1,State Senate,41,DEM,Michelle Hinchey,422
Ulster,Shandaken District 1,State Senate,41,WOR,Michelle Hinchey,0
Ulster,Shandaken District 1,State Senate,41,REP,Patrick Sheehan,162
Ulster,Shandaken District 1,State Senate,41,CON,Patrick Sheehan,25
Ulster,Shandaken District 1,State Senate,41,,Write-in,0
Ulster,Shandaken District 2,State Senate,41,DEM,Michelle Hinchey,150
Ulster,Shandaken District 2,State Senate,41,WOR,Michelle Hinchey,0
Ulster,Shandaken District 2,State Senate,41,REP,Patrick Sheehan,94
Ulster,Shandaken District 2,State Senate,41,CON,Patrick Sheehan,8
Ulster,Shandaken District 2,State Senate,41,,Write-in,0
Ulster,Shandaken District 3,State Senate,41,DEM,Michelle Hinchey,235
Ulster,Shandaken District 3,State Senate,41,WOR,Michelle Hinchey,0
Ulster,Shandaken District 3,State Senate,41,REP,Patrick Sheehan,103
Ulster,Shandaken District 3,State Senate,41,CON,Patrick Sheehan,14
Ulster,Shandaken District 3,State Senate,41,,Write-in,0
Ulster,Shandaken District 4,State Senate,41,DEM,Michelle Hinchey,194
Ulster,Shandaken District 4,State Senate,41,WOR,Michelle Hinchey,0
Ulster,Shandaken District 4,State Senate,41,REP,Patrick Sheehan,83
Ulster,Shandaken District 4,State Senate,41,CON,Patrick Sheehan,17
Ulster,Shandaken District 4,State Senate,41,,Write-in,0
Ulster,Town of Ulster District 1,State Senate,41,DEM,Michelle Hinchey,270
Ulster,Town of Ulster District 1,State Senate,41,WOR,Michelle Hinchey,0
Ulster,Town of Ulster District 1,State Senate,41,REP,Patrick Sheehan,224
Ulster,Town of Ulster District 1,State Senate,41,CON,Patrick Sheehan,44
Ulster,Town of Ulster District 1,State Senate,41,,Write-in,0
Ulster,Town of Ulster District 2,State Senate,41,DEM,Michelle Hinchey,355
Ulster,Town of Ulster District 2,State Senate,41,WOR,Michelle Hinchey,0
Ulster,Town of Ulster District 2,State Senate,41,REP,Patrick Sheehan,262
Ulster,Town of Ulster District 2,State Senate,41,CON,Patrick Sheehan,36
Ulster,Town of Ulster District 2,State Senate,41,,Write-in,0
Ulster,Town of Ulster District 3,State Senate,41,DEM,Michelle Hinchey,134
Ulster,Town of Ulster District 3,State Senate,41,WOR,Michelle Hinchey,0
Ulster,Town of Ulster District 3,State Senate,41,REP,Patrick Sheehan,85
Ulster,Town of Ulster District 3,State Senate,41,CON,Patrick Sheehan,12
Ulster,Town of Ulster District 3,State Senate,41,,Write-in,0
Ulster,Town of Ulster District 4,State Senate,41,DEM,Michelle Hinchey,139
Ulster,Town of Ulster District 4,State Senate,41,WOR,Michelle Hinchey,0
Ulster,Town of Ulster District 4,State Senate,41,REP,Patrick Sheehan,80
Ulster,Town of Ulster District 4,State Senate,41,CON,Patrick Sheehan,15
Ulster,Town of Ulster District 4,State Senate,41,,Write-in,1
Ulster,Town of Ulster District 5,State Senate,41,DEM,Michelle Hinchey,163
Ulster,Town of Ulster District 5,State Senate,41,WOR,Michelle Hinchey,0
Ulster,Town of Ulster District 5,State Senate,41,REP,Patrick Sheehan,87
Ulster,Town of Ulster District 5,State Senate,41,CON,Patrick Sheehan,10
Ulster,Town of Ulster District 5,State Senate,41,,Write-in,0
Ulster,Town of Ulster District 6,State Senate,41,DEM,Michelle Hinchey,137
Ulster,Town of Ulster District 6,State Senate,41,WOR,Michelle Hinchey,0
Ulster,Town of Ulster District 6,State Senate,41,REP,Patrick Sheehan,92
Ulster,Town of Ulster District 6,State Senate,41,CON,Patrick Sheehan,15
Ulster,Town of Ulster District 6,State Senate,41,,Write-in,0
Ulster,Town of Ulster District 7,State Senate,41,DEM,Michelle Hinchey,190
Ulster,Town of Ulster District 7,State Senate,41,WOR,Michelle Hinchey,0
Ulster,Town of Ulster District 7,State Senate,41,REP,Patrick Sheehan,176
Ulster,Town of Ulster District 7,State Senate,41,CON,Patrick Sheehan,21
Ulster,Town of Ulster District 7,State Senate,41,,Write-in,0
Ulster,Town of Ulster District 8,State Senate,41,DEM,Michelle Hinchey,150
Ulster,Town of Ulster District 8,State Senate,41,WOR,Michelle Hinchey,0
Ulster,Town of Ulster District 8,State Senate,41,REP,Patrick Sheehan,99
Ulster,Town of Ulster District 8,State Senate,41,CON,Patrick Sheehan,12
Ulster,Town of Ulster District 8,State Senate,41,,Write-in,0
Ulster,Town of Ulster District 9,State Senate,41,DEM,Michelle Hinchey,252
Ulster,Town of Ulster District 9,State Senate,41,WOR,Michelle Hinchey,0
Ulster,Town of Ulster District 9,State Senate,41,REP,Patrick Sheehan,206
Ulster,Town of Ulster District 9,State Senate,41,CON,Patrick Sheehan,44
Ulster,Town of Ulster District 9,State Senate,41,,Write-in,0
Ulster,Town of Ulster District 10,State Senate,41,DEM,Michelle Hinchey,284
Ulster,Town of Ulster District 10,State Senate,41,WOR,Michelle Hinchey,0
Ulster,Town of Ulster District 10,State Senate,41,REP,Patrick Sheehan,228
Ulster,Town of Ulster District 10,State Senate,41,CON,Patrick Sheehan,34
Ulster,Town of Ulster District 10,State Senate,41,,Write-in,0
Ulster,Town of Ulster District 11,State Senate,41,DEM,Michelle Hinchey,233
Ulster,Town of Ulster District 11,State Senate,41,WOR,Michelle Hinchey,0
Ulster,Town of Ulster District 11,State Senate,41,REP,Patrick Sheehan,160
Ulster,Town of Ulster District 11,State Senate,41,CON,Patrick Sheehan,27
Ulster,Town of Ulster District 11,State Senate,41,,Write-in,0
Ulster,Town of Ulster District 12,State Senate,41,DEM,Michelle Hinchey,275
Ulster,Town of Ulster District 12,State Senate,41,WOR,Michelle Hinchey,0
Ulster,Town of Ulster District 12,State Senate,41,REP,Patrick Sheehan,246
Ulster,Town of Ulster District 12,State Senate,41,CON,Patrick Sheehan,51
Ulster,Town of Ulster District 12,State Senate,41,,Write-in,1
Ulster,Town of Ulster District 13,State Senate,41,DEM,Michelle Hinchey,437
Ulster,Town of Ulster District 13,State Senate,41,WOR,Michelle Hinchey,0
Ulster,Town of Ulster District 13,State Senate,41,REP,Patrick Sheehan,239
Ulster,Town of Ulster District 13,State Senate,41,CON,Patrick Sheehan,41
Ulster,Town of Ulster District 13,State Senate,41,,Write-in,0
Ulster,Town of Ulster District 14,State Senate,41,DEM,Michelle Hinchey,187
Ulster,Town of Ulster District 14,State Senate,41,WOR,Michelle Hinchey,0
Ulster,Town of Ulster District 14,State Senate,41,REP,Patrick Sheehan,216
Ulster,Town of Ulster District 14,State Senate,41,CON,Patrick Sheehan,40
Ulster,Town of Ulster District 14,State Senate,41,,Write-in,1
Ulster,Woodstock District 1,State Senate,41,DEM,Michelle Hinchey,522
Ulster,Woodstock District 1,State Senate,41,WOR,Michelle Hinchey,0
Ulster,Woodstock District 1,State Senate,41,REP,Patrick Sheehan,56
Ulster,Woodstock District 1,State Senate,41,CON,Patrick Sheehan,3
Ulster,Woodstock District 1,State Senate,41,,Write-in,0
Ulster,Woodstock District 2,State Senate,41,DEM,Michelle Hinchey,322
Ulster,Woodstock District 2,State Senate,41,WOR,Michelle Hinchey,0
Ulster,Woodstock District 2,State Senate,41,REP,Patrick Sheehan,61
Ulster,Woodstock District 2,State Senate,41,CON,Patrick Sheehan,11
Ulster,Woodstock District 2,State Senate,41,,Write-in,0
Ulster,Woodstock District 3,State Senate,41,DEM,Michelle Hinchey,467
Ulster,Woodstock District 3,State Senate,41,WOR,Michelle Hinchey,0
Ulster,Woodstock District 3,State Senate,41,REP,Patrick Sheehan,103
Ulster,Woodstock District 3,State Senate,41,CON,Patrick Sheehan,18
Ulster,Woodstock District 3,State Senate,41,,Write-in,1
Ulster,Woodstock District 4,State Senate,41,DEM,Michelle Hinchey,262
Ulster,Woodstock District 4,State Senate,41,WOR,Michelle Hinchey,0
Ulster,Woodstock District 4,State Senate,41,REP,Patrick Sheehan,50
Ulster,Woodstock District 4,State Senate,41,CON,Patrick Sheehan,4
Ulster,Woodstock District 4,State Senate,41,,Write-in,0
Ulster,Woodstock District 5,State Senate,41,DEM,Michelle Hinchey,284
Ulster,Woodstock District 5,State Senate,41,WOR,Michelle Hinchey,0
Ulster,Woodstock District 5,State Senate,41,REP,Patrick Sheehan,31
Ulster,Woodstock District 5,State Senate,41,CON,Patrick Sheehan,2
Ulster,Woodstock District 5,State Senate,41,,Write-in,0
Ulster,Woodstock District 6,State Senate,41,DEM,Michelle Hinchey,289
Ulster,Woodstock District 6,State Senate,41,WOR,Michelle Hinchey,0
Ulster,Woodstock District 6,State Senate,41,REP,Patrick Sheehan,67
Ulster,Woodstock District 6,State Senate,41,CON,Patrick Sheehan,25
Ulster,Woodstock District 6,State Senate,41,,Write-in,0
Ulster,Woodstock District 7,State Senate,41,DEM,Michelle Hinchey,411
Ulster,Woodstock District 7,State Senate,41,WOR,Michelle Hinchey,0
Ulster,Woodstock District 7,State Senate,41,REP,Patrick Sheehan,48
Ulster,Woodstock District 7,State Senate,41,CON,Patrick Sheehan,3
Ulster,Woodstock District 7,State Senate,41,,Write-in,0
Ulster,Woodstock District 8,State Senate,41,DEM,Michelle Hinchey,290
Ulster,Woodstock District 8,State Senate,41,WOR,Michelle Hinchey,0
Ulster,Woodstock District 8,State Senate,41,REP,Patrick Sheehan,33
Ulster,Woodstock District 8,State Senate,41,CON,Patrick Sheehan,5
Ulster,Woodstock District 8,State Senate,41,,Write-in,0
Ulster,Woodstock District 9,State Senate,41,DEM,Michelle Hinchey,407
Ulster,Woodstock District 9,State Senate,41,WOR,Michelle Hinchey,0
Ulster,Woodstock District 9,State Senate,41,REP,Patrick Sheehan,40
Ulster,Woodstock District 9,State Senate,41,CON,Patrick Sheehan,1
Ulster,Woodstock District 9,State Senate,41,,Write-in,1
Ulster,Denning District 1,State Senate,51,DEM,Michele Frazier,85
Ulster,Denning District 1,State Senate,51,WOR,Michele Frazier,0
Ulster,Denning District 1,State Senate,51,REP,Peter Oberacker,70
Ulster,Denning District 1,State Senate,51,CON,Peter Oberacker,7
Ulster,Denning District 1,State Senate,51,,Write-in,0
Ulster,Denning District 2,State Senate,51,DEM,Michele Frazier,44
Ulster,Denning District 2,State Senate,51,WOR,Michele Frazier,0
Ulster,Denning District 2,State Senate,51,REP,Peter Oberacker,73
Ulster,Denning District 2,State Senate,51,CON,Peter Oberacker,4
Ulster,Denning District 2,State Senate,51,,Write-in,0
Ulster,Gardiner District 1,State Senate,51,DEM,Michele Frazier,282
Ulster,Gardiner District 1,State Senate,51,WOR,Michele Frazier,0
Ulster,Gardiner District 1,State Senate,51,REP,Peter Oberacker,170
Ulster,Gardiner District 1,State Senate,51,CON,Peter Oberacker,39
Ulster,Gardiner District 1,State Senate,51,,Write-in,0
Ulster,Gardiner District 2,State Senate,51,DEM,Michele Frazier,568
Ulster,Gardiner District 2,State Senate,51,WOR,Michele Frazier,0
Ulster,Gardiner District 2,State Senate,51,REP,Peter Oberacker,286
Ulster,Gardiner District 2,State Senate,51,CON,Peter Oberacker,43
Ulster,Gardiner District 2,State Senate,51,,Write-in,0
Ulster,Gardiner District 3,State Senate,51,DEM,Michele Frazier,630
Ulster,Gardiner District 3,State Senate,51,WOR,Michele Frazier,0
Ulster,Gardiner District 3,State Senate,51,REP,Peter Oberacker,218
Ulster,Gardiner District 3,State Senate,51,CON,Peter Oberacker,33
Ulster,Gardiner District 3,State Senate,51,,Write-in,0
Ulster,Gardiner District 4,State Senate,51,DEM,Michele Frazier,520
Ulster,Gardiner District 4,State Senate,51,WOR,Michele Frazier,0
Ulster,Gardiner District 4,State Senate,51,REP,Peter Oberacker,367
Ulster,Gardiner District 4,State Senate,51,CON,Peter Oberacker,58
Ulster,Gardiner District 4,State Senate,51,,Write-in,0
Ulster,Hardenburgh District 1,State Senate,51,DEM,Michele Frazier,16
Ulster,Hardenburgh District 1,State Senate,51,WOR,Michele Frazier,0
Ulster,Hardenburgh District 1,State Senate,51,REP,Peter Oberacker,14
Ulster,Hardenburgh District 1,State Senate,51,CON,Peter Oberacker,0
Ulster,Hardenburgh District 1,State Senate,51,,Write-in,0
Ulster,Hardenburgh District 2,State Senate,51,DEM,Michele Frazier,20
Ulster,Hardenburgh District 2,State Senate,51,WOR,Michele Frazier,0
Ulster,Hardenburgh District 2,State Senate,51,REP,Peter Oberacker,52
Ulster,Hardenburgh District 2,State Senate,51,CON,Peter Oberacker,8
Ulster,Hardenburgh District 2,State Senate,51,,Write-in,0
Ulster,Marbletown District 1,State Senate,51,DEM,Michele Frazier,170
Ulster,Marbletown District 1,State Senate,51,WOR,Michele Frazier,0
Ulster,Marbletown District 1,State Senate,51,REP,Peter Oberacker,56
Ulster,Marbletown District 1,State Senate,51,CON,Peter Oberacker,10
Ulster,Marbletown District 1,State Senate,51,,Write-in,0
Ulster,Marbletown District 2,State Senate,51,DEM,Michele Frazier,282
Ulster,Marbletown District 2,State Senate,51,WOR,Michele Frazier,0
Ulster,Marbletown District 2,State Senate,51,REP,Peter Oberacker,129
Ulster,Marbletown District 2,State Senate,51,CON,Peter Oberacker,33
Ulster,Marbletown District 2,State Senate,51,,Write-in,0
Ulster,Marbletown District 3,State Senate,51,DEM,Michele Frazier,210
Ulster,Marbletown District 3,State Senate,51,WOR,Michele Frazier,0
Ulster,Marbletown District 3,State Senate,51,REP,Peter Oberacker,91
Ulster,Marbletown District 3,State Senate,51,CON,Peter Oberacker,18
Ulster,Marbletown District 3,State Senate,51,,Write-in,1
Ulster,Marbletown District 4,State Senate,51,DEM,Michele Frazier,295
Ulster,Marbletown District 4,State Senate,51,WOR,Michele Frazier,0
Ulster,Marbletown District 4,State Senate,51,REP,Peter Oberacker,151
Ulster,Marbletown District 4,State Senate,51,CON,Peter Oberacker,18
Ulster,Marbletown District 4,State Senate,51,,Write-in,0
Ulster,Marbletown District 5,State Senate,51,DEM,Michele Frazier,301
Ulster,Marbletown District 5,State Senate,51,WOR,Michele Frazier,0
Ulster,Marbletown District 5,State Senate,51,REP,Peter Oberacker,119
Ulster,Marbletown District 5,State Senate,51,CON,Peter Oberacker,27
Ulster,Marbletown District 5,State Senate,51,,Write-in,0
Ulster,Marbletown District 6,State Senate,51,DEM,Michele Frazier,388
Ulster,Marbletown District 6,State Senate,51,WOR,Michele Frazier,0
Ulster,Marbletown District 6,State Senate,51,REP,Peter Oberacker,139
Ulster,Marbletown District 6,State Senate,51,CON,Peter Oberacker,26
Ulster,Marbletown District 6,State Senate,51,,Write-in,0
Ulster,Marbletown District 7,State Senate,51,DEM,Michele Frazier,572
Ulster,Marbletown District 7,State Senate,51,WOR,Michele Frazier,0
Ulster,Marbletown District 7,State Senate,51,REP,Peter Oberacker,286
Ulster,Marbletown District 7,State Senate,51,CON,Peter Oberacker,48
Ulster,Marbletown District 7,State Senate,51,,Write-in,0
Ulster,Olive District 1,State Senate,51,DEM,Michele Frazier,401
Ulster,Olive District 1,State Senate,51,WOR,Michele Frazier,0
Ulster,Olive District 1,State Senate,51,REP,Peter Oberacker,226
Ulster,Olive District 1,State Senate,51,CON,Peter Oberacker,55
Ulster,Olive District 1,State Senate,51,,Write-in,1
Ulster,Olive District 2,State Senate,51,DEM,Michele Frazier,267
Ulster,Olive District 2,State Senate,51,WOR,Michele Frazier,0
Ulster,Olive District 2,State Senate,51,REP,Peter Oberacker,124
Ulster,Olive District 2,State Senate,51,CON,Peter Oberacker,28
Ulster,Olive District 2,State Senate,51,,Write-in,0
Ulster,Olive District 3,State Senate,51,DEM,Michele Frazier,296
Ulster,Olive District 3,State Senate,51,WOR,Michele Frazier,0
Ulster,Olive District 3,State Senate,51,REP,Peter Oberacker,188
Ulster,Olive District 3,State Senate,51,CON,Peter Oberacker,39
Ulster,Olive District 3,State Senate,51,,Write-in,1
Ulster,Olive District 4,State Senate,51,DEM,Michele Frazier,295
Ulster,Olive District 4,State Senate,51,WOR,Michele Frazier,0
Ulster,Olive District 4,State Senate,51,REP,Peter Oberacker,156
Ulster,Olive District 4,State Senate,51,CON,Peter Oberacker,48
Ulster,Olive District 4,State Senate,51,,Write-in,2
Ulster,Olive District 5,State Senate,51,DEM,Michele Frazier,285
Ulster,Olive District 5,State Senate,51,WOR,Michele Frazier,0
Ulster,Olive District 5,State Senate,51,REP,Peter Oberacker,103
Ulster,Olive District 5,State Senate,51,CON,Peter Oberacker,29
Ulster,Olive District 5,State Senate,51,,Write-in,0
Ulster,Rochester District 1,State Senate,51,DEM,Michele Frazier,482
Ulster,Rochester District 1,State Senate,51,WOR,Michele Frazier,0
Ulster,Rochester District 1,State Senate,51,REP,Peter Oberacker,362
Ulster,Rochester District 1,State Senate,51,CON,Peter Oberacker,52
Ulster,Rochester District 1,State Senate,51,,Write-in,1
Ulster,Rochester District 2,State Senate,51,DEM,Michele Frazier,402
Ulster,Rochester District 2,State Senate,51,WOR,Michele Frazier,0
Ulster,Rochester District 2,State Senate,51,REP,Peter Oberacker,382
Ulster,Rochester District 2,State Senate,51,CON,Peter Oberacker,41
Ulster,Rochester District 2,State Senate,51,,Write-in,1
Ulster,Rochester District 3,State Senate,51,DEM,Michele Frazier,425
Ulster,Rochester District 3,State Senate,51,WOR,Michele Frazier,0
Ulster,Rochester District 3,State Senate,51,REP,Peter Oberacker,355
Ulster,Rochester District 3,State Senate,51,CON,Peter Oberacker,42
Ulster,Rochester District 3,State Senate,51,,Write-in,0
Ulster,Rochester District 4,State Senate,51,DEM,Michele Frazier,377
Ulster,Rochester District 4,State Senate,51,WOR,Michele Frazier,0
Ulster,Rochester District 4,State Senate,51,REP,Peter Oberacker,185
Ulster,Rochester District 4,State Senate,51,CON,Peter Oberacker,21
Ulster,Rochester District 4,State Senate,51,,Write-in,0
Ulster,Rochester District 5,State Senate,51,DEM,Michele Frazier,364
Ulster,Rochester District 5,State Senate,51,WOR,Michele Frazier,0
Ulster,Rochester District 5,State Senate,51,REP,Peter Oberacker,274
Ulster,Rochester District 5,State Senate,51,CON,Peter Oberacker,39
Ulster,Rochester District 5,State Senate,51,,Write-in,0
Ulster,Shawangunk District 1,State Senate,51,DEM,Michele Frazier,301
Ulster,Shawangunk District 1,State Senate,51,WOR,Michele Frazier,0
Ulster,Shawangunk District 1,State Senate,51,REP,Peter Oberacker,423
Ulster,Shawangunk District 1,State Senate,51,CON,Peter Oberacker,54
Ulster,Shawangunk District 1,State Senate,51,,Write-in,2
Ulster,Shawangunk District 2,State Senate,51,DEM,Michele Frazier,370
Ulster,Shawangunk District 2,State Senate,51,WOR,Michele Frazier,0
Ulster,Shawangunk District 2,State Senate,51,REP,Peter Oberacker,608
Ulster,Shawangunk District 2,State Senate,51,CON,Peter Oberacker,66
Ulster,Shawangunk District 2,State Senate,51,,Write-in,0
Ulster,Shawangunk District 3,State Senate,51,DEM,Michele Frazier,246
Ulster,Shawangunk District 3,State Senate,51,WOR,Michele Frazier,0
Ulster,Shawangunk District 3,State Senate,51,REP,Peter Oberacker,443
Ulster,Shawangunk District 3,State Senate,51,CON,Peter Oberacker,55
Ulster,Shawangunk District 3,State Senate,51,,Write-in,0
Ulster,Shawangunk District 4,State Senate,51,DEM,Michele Frazier,256
Ulster,Shawangunk District 4,State Senate,51,WOR,Michele Frazier,0
Ulster,Shawangunk District 4,State Senate,51,REP,Peter Oberacker,367
Ulster,Shawangunk District 4,State Senate,51,CON,Peter Oberacker,44
Ulster,Shawangunk District 4,State Senate,51,,Write-in,0
Ulster,Shawangunk District 5,State Senate,51,DEM,Michele Frazier,145
Ulster,Shawangunk District 5,State Senate,51,WOR,Michele Frazier,0
Ulster,Shawangunk District 5,State Senate,51,REP,Peter Oberacker,376
Ulster,Shawangunk District 5,State Senate,51,CON,Peter Oberacker,36
Ulster,Shawangunk District 5,State Senate,51,,Write-in,0
Ulster,Shawangunk District 6,State Senate,51,DEM,Michele Frazier,241
Ulster,Shawangunk District 6,State Senate,51,WOR,Michele Frazier,0
Ulster,Shawangunk District 6,State Senate,51,REP,Peter Oberacker,507
Ulster,Shawangunk District 6,State Senate,51,CON,Peter Oberacker,63
Ulster,Shawangunk District 6,State Senate,51,,Write-in,0
Ulster,Shawangunk District 7,State Senate,51,DEM,Michele Frazier,351
Ulster,Shawangunk District 7,State Senate,51,WOR,Michele Frazier,0
Ulster,Shawangunk District 7,State Senate,51,REP,Peter Oberacker,593
Ulster,Shawangunk District 7,State Senate,51,CON,Peter Oberacker,72
Ulster,Shawangunk District 7,State Senate,51,,Write-in,1
Ulster,Wawarsing District 1,State Senate,51,DEM,Michele Frazier,116
Ulster,Wawarsing District 1,State Senate,51,WOR,Michele Frazier,0
Ulster,Wawarsing District 1,State Senate,51,REP,Peter Oberacker,73
Ulster,Wawarsing District 1,State Senate,51,CON,Peter Oberacker,15
Ulster,Wawarsing District 1,State Senate,51,,Write-in,0
Ulster,Wawarsing District 2,State Senate,51,DEM,Michele Frazier,264
Ulster,Wawarsing District 2,State Senate,51,WOR,Michele Frazier,0
Ulster,Wawarsing District 2,State Senate,51,REP,Peter Oberacker,167
Ulster,Wawarsing District 2,State Senate,51,CON,Peter Oberacker,32
Ulster,Wawarsing District 2,State Senate,51,,Write-in,0
Ulster,Wawarsing District 3,State Senate,51,DEM,Michele Frazier,264
Ulster,Wawarsing District 3,State Senate,51,WOR,Michele Frazier,0
Ulster,Wawarsing District 3,State Senate,51,REP,Peter Oberacker,153
Ulster,Wawarsing District 3,State Senate,51,CON,Peter Oberacker,22
Ulster,Wawarsing District 3,State Senate,51,,Write-in,0
Ulster,Wawarsing District 4,State Senate,51,DEM,Michele Frazier,190
Ulster,Wawarsing District 4,State Senate,51,WOR,Michele Frazier,0
Ulster,Wawarsing District 4,State Senate,51,REP,Peter Oberacker,95
Ulster,Wawarsing District 4,State Senate,51,CON,Peter Oberacker,20
Ulster,Wawarsing District 4,State Senate,51,,Write-in,0
Ulster,Wawarsing District 5,State Senate,51,DEM,Michele Frazier,105
Ulster,Wawarsing District 5,State Senate,51,WOR,Michele Frazier,0
Ulster,Wawarsing District 5,State Senate,51,REP,Peter Oberacker,208
Ulster,Wawarsing District 5,State Senate,51,CON,Peter Oberacker,32
Ulster,Wawarsing District 5,State Senate,51,,Write-in,0
Ulster,Wawarsing District 6,State Senate,51,DEM,Michele Frazier,119
Ulster,Wawarsing District 6,State Senate,51,WOR,Michele Frazier,0
Ulster,Wawarsing District 6,State Senate,51,REP,Peter Oberacker,229
Ulster,Wawarsing District 6,State Senate,51,CON,Peter Oberacker,35
Ulster,Wawarsing District 6,State Senate,51,,Write-in,1
Ulster,Wawarsing District 7,State Senate,51,DEM,Michele Frazier,80
Ulster,Wawarsing District 7,State Senate,51,WOR,Michele Frazier,0
Ulster,Wawarsing District 7,State Senate,51,REP,Peter Oberacker,115
Ulster,Wawarsing District 7,State Senate,51,CON,Peter Oberacker,25
Ulster,Wawarsing District 7,State Senate,51,,Write-in,0
Ulster,Wawarsing District 8,State Senate,51,DEM,Michele Frazier,283
Ulster,Wawarsing District 8,State Senate,51,WOR,Michele Frazier,0
Ulster,Wawarsing District 8,State Senate,51,REP,Peter Oberacker,327
Ulster,Wawarsing District 8,State Senate,51,CON,Peter Oberacker,44
Ulster,Wawarsing District 8,State Senate,51,,Write-in,0
Ulster,Wawarsing District 9,State Senate,51,DEM,Michele Frazier,166
Ulster,Wawarsing District 9,State Senate,51,WOR,Michele Frazier,0
Ulster,Wawarsing District 9,State Senate,51,REP,Peter Oberacker,189
Ulster,Wawarsing District 9,State Senate,51,CON,Peter Oberacker,28
Ulster,Wawarsing District 9,State Senate,51,,Write-in,0
Ulster,Wawarsing District 10,State Senate,51,DEM,Michele Frazier,24
Ulster,Wawarsing District 10,State Senate,51,WOR,Michele Frazier,0
Ulster,Wawarsing District 10,State Senate,51,REP,Peter Oberacker,35
Ulster,Wawarsing District 10,State Senate,51,CON,Peter Oberacker,5
Ulster,Wawarsing District 10,State Senate,51,,Write-in,0
Ulster,Wawarsing District 11,State Senate,51,DEM,Michele Frazier,232
Ulster,Wawarsing District 11,State Senate,51,WOR,Michele Frazier,0
Ulster,Wawarsing District 11,State Senate,51,REP,Peter Oberacker,229
Ulster,Wawarsing District 11,State Senate,51,CON,Peter Oberacker,41
Ulster,Wawarsing District 11,State Senate,51,,Write-in,0
Ulster,Wawarsing District 12,State Senate,51,DEM,Michele Frazier,108
Ulster,Wawarsing District 12,State Senate,51,WOR,Michele Frazier,0
Ulster,Wawarsing District 12,State Senate,51,REP,Peter Oberacker,119
Ulster,Wawarsing District 12,State Senate,51,CON,Peter Oberacker,16
Ulster,Wawarsing District 12,State Senate,51,,Write-in,0
Ulster,Wawarsing District 13,State Senate,51,DEM,Michele Frazier,101
Ulster,Wawarsing District 13,State Senate,51,WOR,Michele Frazier,0
Ulster,Wawarsing District 13,State Senate,51,REP,Peter Oberacker,128
Ulster,Wawarsing District 13,State Senate,51,CON,Peter Oberacker,11
Ulster,Wawarsing District 13,State Senate,51,,Write-in,0
Ulster,Denning District 1,State Assembly,101,REP,Brian M. Maher,83
Ulster,Denning District 1,State Assembly,101,CON,Brian M. Maher,14
Ulster,Denning District 1,State Assembly,101,,Write-in,2
Ulster,Denning District 2,State Assembly,101,REP,Brian M. Maher,84
Ulster,Denning District 2,State Assembly,101,CON,Brian M. Maher,9
Ulster,Denning District 2,State Assembly,101,,Write-in,0
Ulster,Hardenburgh District 1,State Assembly,101,REP,Brian M. Maher,16
Ulster,Hardenburgh District 1,State Assembly,101,CON,Brian M. Maher,0
Ulster,Hardenburgh District 1,State Assembly,101,,Write-in,1
Ulster,Hardenburgh District 2,State Assembly,101,REP,Brian M. Maher,58
Ulster,Hardenburgh District 2,State Assembly,101,CON,Brian M. Maher,8
Ulster,Hardenburgh District 2,State Assembly,101,,Write-in,1
Ulster,Rochester District 1,State Assembly,101,REP,Brian M. Maher,448
Ulster,Rochester District 1,State Assembly,101,CON,Brian M. Maher,88
Ulster,Rochester District 1,State Assembly,101,,Write-in,11
Ulster,Rochester District 2,State Assembly,101,REP,Brian M. Maher,448
Ulster,Rochester District 2,State Assembly,101,CON,Brian M. Maher,71
Ulster,Rochester District 2,State Assembly,101,,Write-in,13
Ulster,Rochester District 3,State Assembly,101,REP,Brian M. Maher,400
Ulster,Rochester District 3,State Assembly,101,CON,Brian M. Maher,70
Ulster,Rochester District 3,State Assembly,101,,Write-in,13
Ulster,Rochester District 4,State Assembly,101,REP,Brian M. Maher,230
Ulster,Rochester District 4,State Assembly,101,CON,Brian M. Maher,43
Ulster,Rochester District 4,State Assembly,101,,Write-in,8
Ulster,Rochester District 5,State Assembly,101,REP,Brian M. Maher,329
Ulster,Rochester District 5,State Assembly,101,CON,Brian M. Maher,61
Ulster,Rochester District 5,State Assembly,101,,Write-in,7
Ulster,Shandaken District 1,State Assembly,101,REP,Brian M. Maher,220
Ulster,Shandaken District 1,State Assembly,101,CON,Brian M. Maher,43
Ulster,Shandaken District 1,State Assembly,101,,Write-in,12
Ulster,Shandaken District 2,State Assembly,101,REP,Brian M. Maher,124
Ulster,Shandaken District 2,State Assembly,101,CON,Brian M. Maher,28
Ulster,Shandaken District 2,State Assembly,101,,Write-in,4
Ulster,Shandaken District 3,State Assembly,101,REP,Brian M. Maher,148
Ulster,Shandaken District 3,State Assembly,101,CON,Brian M. Maher,26
Ulster,Shandaken District 3,State Assembly,101,,Write-in,1
Ulster,Shandaken District 4,State Assembly,101,REP,Brian M. Maher,103
Ulster,Shandaken District 4,State Assembly,101,CON,Brian M. Maher,30
Ulster,Shandaken District 4,State Assembly,101,,Write-in,6
Ulster,Shawangunk District 1,State Assembly,101,REP,Brian M. Maher,517
Ulster,Shawangunk District 1,State Assembly,101,CON,Brian M. Maher,70
Ulster,Shawangunk District 1,State Assembly,101,,Write-in,16
Ulster,Shawangunk District 2,State Assembly,101,REP,Brian M. Maher,714
Ulster,Shawangunk District 2,State Assembly,101,CON,Brian M. Maher,100
Ulster,Shawangunk District 2,State Assembly,101,,Write-in,2
Ulster,Shawangunk District 3,State Assembly,101,REP,Brian M. Maher,497
Ulster,Shawangunk District 3,State Assembly,101,CON,Brian M. Maher,82
Ulster,Shawangunk District 3,State Assembly,101,,Write-in,4
Ulster,Shawangunk District 4,State Assembly,101,REP,Brian M. Maher,418
Ulster,Shawangunk District 4,State Assembly,101,CON,Brian M. Maher,64
Ulster,Shawangunk District 4,State Assembly,101,,Write-in,9
Ulster,Shawangunk District 5,State Assembly,101,REP,Brian M. Maher,415
Ulster,Shawangunk District 5,State Assembly,101,CON,Brian M. Maher,45
Ulster,Shawangunk District 5,State Assembly,101,,Write-in,2
Ulster,Shawangunk District 6,State Assembly,101,REP,Brian M. Maher,570
Ulster,Shawangunk District 6,State Assembly,101,CON,Brian M. Maher,79
Ulster,Shawangunk District 6,State Assembly,101,,Write-in,7
Ulster,Shawangunk District 7,State Assembly,101,REP,Brian M. Maher,672
Ulster,Shawangunk District 7,State Assembly,101,CON,Brian M. Maher,99
Ulster,Shawangunk District 7,State Assembly,101,,Write-in,3
Ulster,Wawarsing District 1,State Assembly,101,REP,Brian M. Maher,93
Ulster,Wawarsing District 1,State Assembly,101,CON,Brian M. Maher,29
Ulster,Wawarsing District 1,State Assembly,101,,Write-in,2
Ulster,Wawarsing District 2,State Assembly,101,REP,Brian M. Maher,214
Ulster,Wawarsing District 2,State Assembly,101,CON,Brian M. Maher,54
Ulster,Wawarsing District 2,State Assembly,101,,Write-in,2
Ulster,Wawarsing District 3,State Assembly,101,REP,Brian M. Maher,197
Ulster,Wawarsing District 3,State Assembly,101,CON,Brian M. Maher,41
Ulster,Wawarsing District 3,State Assembly,101,,Write-in,4
Ulster,Wawarsing District 4,State Assembly,101,REP,Brian M. Maher,135
Ulster,Wawarsing District 4,State Assembly,101,CON,Brian M. Maher,31
Ulster,Wawarsing District 4,State Assembly,101,,Write-in,4
Ulster,Wawarsing District 5,State Assembly,101,REP,Brian M. Maher,231
Ulster,Wawarsing District 5,State Assembly,101,CON,Brian M. Maher,39
Ulster,Wawarsing District 5,State Assembly,101,,Write-in,7
Ulster,Wawarsing District 6,State Assembly,101,REP,Brian M. Maher,256
Ulster,Wawarsing District 6,State Assembly,101,CON,Brian M. Maher,55
Ulster,Wawarsing District 6,State Assembly,101,,Write-in,2
Ulster,Wawarsing District 7,State Assembly,101,REP,Brian M. Maher,131
Ulster,Wawarsing District 7,State Assembly,101,CON,Brian M. Maher,28
Ulster,Wawarsing District 7,State Assembly,101,,Write-in,0
Ulster,Wawarsing District 8,State Assembly,101,REP,Brian M. Maher,388
Ulster,Wawarsing District 8,State Assembly,101,CON,Brian M. Maher,77
Ulster,Wawarsing District 8,State Assembly,101,,Write-in,1
Ulster,Wawarsing District 9,State Assembly,101,REP,Brian M. Maher,226
Ulster,Wawarsing District 9,State Assembly,101,CON,Brian M. Maher,42
Ulster,Wawarsing District 9,State Assembly,101,,Write-in,7
Ulster,Wawarsing District 10,State Assembly,101,REP,Brian M. Maher,42
Ulster,Wawarsing District 10,State Assembly,101,CON,Brian M. Maher,7
Ulster,Wawarsing District 10,State Assembly,101,,Write-in,0
Ulster,Wawarsing District 11,State Assembly,101,REP,Brian M. Maher,259
Ulster,Wawarsing District 11,State Assembly,101,CON,Brian M. Maher,58
Ulster,Wawarsing District 11,State Assembly,101,,Write-in,4
Ulster,Wawarsing District 12,State Assembly,101,REP,Brian M. Maher,149
Ulster,Wawarsing District 12,State Assembly,101,CON,Brian M. Maher,24
Ulster,Wawarsing District 12,State Assembly,101,,Write-in,2
Ulster,Wawarsing District 13,State Assembly,101,REP,Brian M. Maher,146
Ulster,Wawarsing District 13,State Assembly,101,CON,Brian M. Maher,21
Ulster,Wawarsing District 13,State Assembly,101,,Write-in,0
Ulster,City of Kingston Ward 1-Dist. 1,State Assembly,103,DEM,Sarahana,186
Ulster,City of Kingston Ward 1-Dist. 1,State Assembly,103,WOR,Shrestha,0
Ulster,City of Kingston Ward 1-Dist. 1,State Assembly,103,REP,Jack Hayes,97
Ulster,City of Kingston Ward 1-Dist. 1,State Assembly,103,CON,Jack Hayes,14
Ulster,City of Kingston Ward 1-Dist. 1,State Assembly,103,,Write-in,1
Ulster,City of Kingston Ward 1-Dist. 2,State Assembly,103,DEM,Sarahana,365
Ulster,City of Kingston Ward 1-Dist. 2,State Assembly,103,WOR,Shrestha,0
Ulster,City of Kingston Ward 1-Dist. 2,State Assembly,103,REP,Jack Hayes,204
Ulster,City of Kingston Ward 1-Dist. 2,State Assembly,103,CON,Jack Hayes,46
Ulster,City of Kingston Ward 1-Dist. 2,State Assembly,103,,Write-in,4
Ulster,City of Kingston Ward 1-Dist. 3,State Assembly,103,DEM,Sarahana,238
Ulster,City of Kingston Ward 1-Dist. 3,State Assembly,103,WOR,Shrestha,0
Ulster,City of Kingston Ward 1-Dist. 3,State Assembly,103,REP,Jack Hayes,87
Ulster,City of Kingston Ward 1-Dist. 3,State Assembly,103,CON,Jack Hayes,26
Ulster,City of Kingston Ward 1-Dist. 3,State Assembly,103,,Write-in,6
Ulster,City of Kingston Ward 2-Dist. 1,State Assembly,103,DEM,Sarahana,237
Ulster,City of Kingston Ward 2-Dist. 1,State Assembly,103,WOR,Shrestha,0
Ulster,City of Kingston Ward 2-Dist. 1,State Assembly,103,REP,Jack Hayes,61
Ulster,City of Kingston Ward 2-Dist. 1,State Assembly,103,CON,Jack Hayes,11
Ulster,City of Kingston Ward 2-Dist. 1,State Assembly,103,,Write-in,1
Ulster,City of Kingston Ward 2-Dist. 2,State Assembly,103,DEM,Sarahana,64
Ulster,City of Kingston Ward 2-Dist. 2,State Assembly,103,WOR,Shrestha,0
Ulster,City of Kingston Ward 2-Dist. 2,State Assembly,103,REP,Jack Hayes,38
Ulster,City of Kingston Ward 2-Dist. 2,State Assembly,103,CON,Jack Hayes,7
Ulster,City of Kingston Ward 2-Dist. 2,State Assembly,103,,Write-in,0
Ulster,City of Kingston Ward 2-Dist. 3,State Assembly,103,DEM,Sarahana,104
Ulster,City of Kingston Ward 2-Dist. 3,State Assembly,103,WOR,Shrestha,0
Ulster,City of Kingston Ward 2-Dist. 3,State Assembly,103,REP,Jack Hayes,60
Ulster,City of Kingston Ward 2-Dist. 3,State Assembly,103,CON,Jack Hayes,9
Ulster,City of Kingston Ward 2-Dist. 3,State Assembly,103,,Write-in,1
Ulster,City of Kingston Ward 2-Dist. 4,State Assembly,103,DEM,Sarahana,225
Ulster,City of Kingston Ward 2-Dist. 4,State Assembly,103,WOR,Shrestha,0
Ulster,City of Kingston Ward 2-Dist. 4,State Assembly,103,REP,Jack Hayes,91
Ulster,City of Kingston Ward 2-Dist. 4,State Assembly,103,CON,Jack Hayes,17
Ulster,City of Kingston Ward 2-Dist. 4,State Assembly,103,,Write-in,0
Ulster,City of Kingston Ward 3-Dist. 1,State Assembly,103,DEM,Sarahana,359
Ulster,City of Kingston Ward 3-Dist. 1,State Assembly,103,WOR,Shrestha,0
Ulster,City of Kingston Ward 3-Dist. 1,State Assembly,103,REP,Jack Hayes,197
Ulster,City of Kingston Ward 3-Dist. 1,State Assembly,103,CON,Jack Hayes,33
Ulster,City of Kingston Ward 3-Dist. 1,State Assembly,103,,Write-in,2
Ulster,City of Kingston Ward 3-Dist. 2,State Assembly,103,DEM,Sarahana,200
Ulster,City of Kingston Ward 3-Dist. 2,State Assembly,103,WOR,Shrestha,0
Ulster,City of Kingston Ward 3-Dist. 2,State Assembly,103,REP,Jack Hayes,71
Ulster,City of Kingston Ward 3-Dist. 2,State Assembly,103,CON,Jack Hayes,5
Ulster,City of Kingston Ward 3-Dist. 2,State Assembly,103,,Write-in,0
Ulster,City of Kingston Ward 3-Dist. 3,State Assembly,103,DEM,Sarahana,232
Ulster,City of Kingston Ward 3-Dist. 3,State Assembly,103,WOR,Shrestha,0
Ulster,City of Kingston Ward 3-Dist. 3,State Assembly,103,REP,Jack Hayes,143
Ulster,City of Kingston Ward 3-Dist. 3,State Assembly,103,CON,Jack Hayes,38
Ulster,City of Kingston Ward 3-Dist. 3,State Assembly,103,,Write-in,4
Ulster,City of Kingston Ward 4-Dist. 1,State Assembly,103,DEM,Sarahana,114
Ulster,City of Kingston Ward 4-Dist. 1,State Assembly,103,WOR,Shrestha,0
Ulster,City of Kingston Ward 4-Dist. 1,State Assembly,103,REP,Jack Hayes,16
Ulster,City of Kingston Ward 4-Dist. 1,State Assembly,103,CON,Jack Hayes,8
Ulster,City of Kingston Ward 4-Dist. 1,State Assembly,103,,Write-in,0
Ulster,City of Kingston Ward 4-Dist. 2,State Assembly,103,DEM,Sarahana,324
Ulster,City of Kingston Ward 4-Dist. 2,State Assembly,103,WOR,Shrestha,0
Ulster,City of Kingston Ward 4-Dist. 2,State Assembly,103,REP,Jack Hayes,89
Ulster,City of Kingston Ward 4-Dist. 2,State Assembly,103,CON,Jack Hayes,20
Ulster,City of Kingston Ward 4-Dist. 2,State Assembly,103,,Write-in,2
Ulster,City of Kingston Ward 5-Dist. 1,State Assembly,103,DEM,Sarahana,192
Ulster,City of Kingston Ward 5-Dist. 1,State Assembly,103,WOR,Shrestha,0
Ulster,City of Kingston Ward 5-Dist. 1,State Assembly,103,REP,Jack Hayes,63
Ulster,City of Kingston Ward 5-Dist. 1,State Assembly,103,CON,Jack Hayes,7
Ulster,City of Kingston Ward 5-Dist. 1,State Assembly,103,,Write-in,0
Ulster,City of Kingston Ward 5-Dist. 2,State Assembly,103,DEM,Sarahana,314
Ulster,City of Kingston Ward 5-Dist. 2,State Assembly,103,WOR,Shrestha,0
Ulster,City of Kingston Ward 5-Dist. 2,State Assembly,103,REP,Jack Hayes,160
Ulster,City of Kingston Ward 5-Dist. 2,State Assembly,103,CON,Jack Hayes,20
Ulster,City of Kingston Ward 5-Dist. 2,State Assembly,103,,Write-in,1
Ulster,City of Kingston Ward 5-Dist. 3,State Assembly,103,DEM,Sarahana,110
Ulster,City of Kingston Ward 5-Dist. 3,State Assembly,103,WOR,Shrestha,0
Ulster,City of Kingston Ward 5-Dist. 3,State Assembly,103,REP,Jack Hayes,40
Ulster,City of Kingston Ward 5-Dist. 3,State Assembly,103,CON,Jack Hayes,13
Ulster,City of Kingston Ward 5-Dist. 3,State Assembly,103,,Write-in,0
Ulster,City of Kingston Ward 6-Dist.1,State Assembly,103,DEM,Sarahana,201
Ulster,City of Kingston Ward 6-Dist.1,State Assembly,103,WOR,Shrestha,0
Ulster,City of Kingston Ward 6-Dist.1,State Assembly,103,REP,Jack Hayes,175
Ulster,City of Kingston Ward 6-Dist.1,State Assembly,103,CON,Jack Hayes,33
Ulster,City of Kingston Ward 6-Dist.1,State Assembly,103,,Write-in,0
Ulster,City of Kingston Ward 6-Dist. 2,State Assembly,103,DEM,Sarahana,254
Ulster,City of Kingston Ward 6-Dist. 2,State Assembly,103,WOR,Shrestha,0
Ulster,City of Kingston Ward 6-Dist. 2,State Assembly,103,REP,Jack Hayes,131
Ulster,City of Kingston Ward 6-Dist. 2,State Assembly,103,CON,Jack Hayes,22
Ulster,City of Kingston Ward 6-Dist. 2,State Assembly,103,,Write-in,1
Ulster,City of Kingston Ward 6-Dist. 3,State Assembly,103,DEM,Sarahana,165
Ulster,City of Kingston Ward 6-Dist. 3,State Assembly,103,WOR,Shrestha,0
Ulster,City of Kingston Ward 6-Dist. 3,State Assembly,103,REP,Jack Hayes,64
Ulster,City of Kingston Ward 6-Dist. 3,State Assembly,103,CON,Jack Hayes,15
Ulster,City of Kingston Ward 6-Dist. 3,State Assembly,103,,Write-in,1
Ulster,City of Kingston Ward 7-Dist. 1,State Assembly,103,DEM,Sarahana,178
Ulster,City of Kingston Ward 7-Dist. 1,State Assembly,103,WOR,Shrestha,0
Ulster,City of Kingston Ward 7-Dist. 1,State Assembly,103,REP,Jack Hayes,143
Ulster,City of Kingston Ward 7-Dist. 1,State Assembly,103,CON,Jack Hayes,24
Ulster,City of Kingston Ward 7-Dist. 1,State Assembly,103,,Write-in,1
Ulster,City of Kingston Ward 7-Dist. 2,State Assembly,103,DEM,Sarahana,256
Ulster,City of Kingston Ward 7-Dist. 2,State Assembly,103,WOR,Shrestha,0
Ulster,City of Kingston Ward 7-Dist. 2,State Assembly,103,REP,Jack Hayes,181
Ulster,City of Kingston Ward 7-Dist. 2,State Assembly,103,CON,Jack Hayes,32
Ulster,City of Kingston Ward 7-Dist. 2,State Assembly,103,,Write-in,1
Ulster,City of Kingston Ward 7-Dist. 3,State Assembly,103,DEM,Sarahana,189
Ulster,City of Kingston Ward 7-Dist. 3,State Assembly,103,WOR,Shrestha,0
Ulster,City of Kingston Ward 7-Dist. 3,State Assembly,103,REP,Jack Hayes,143
Ulster,City of Kingston Ward 7-Dist. 3,State Assembly,103,CON,Jack Hayes,26
Ulster,City of Kingston Ward 7-Dist. 3,State Assembly,103,,Write-in,2
Ulster,City of Kingston Ward 8-Dist. 1,State Assembly,103,DEM,Sarahana,236
Ulster,City of Kingston Ward 8-Dist. 1,State Assembly,103,WOR,Shrestha,0
Ulster,City of Kingston Ward 8-Dist. 1,State Assembly,103,REP,Jack Hayes,46
Ulster,City of Kingston Ward 8-Dist. 1,State Assembly,103,CON,Jack Hayes,12
Ulster,City of Kingston Ward 8-Dist. 1,State Assembly,103,,Write-in,0
Ulster,City of Kingston Ward 8-Dist. 2,State Assembly,103,DEM,Sarahana,181
Ulster,City of Kingston Ward 8-Dist. 2,State Assembly,103,WOR,Shrestha,0
Ulster,City of Kingston Ward 8-Dist. 2,State Assembly,103,REP,Jack Hayes,46
Ulster,City of Kingston Ward 8-Dist. 2,State Assembly,103,CON,Jack Hayes,10
Ulster,City of Kingston Ward 8-Dist. 2,State Assembly,103,,Write-in,1
Ulster,City of Kingston Ward 8-Dist. 3,State Assembly,103,DEM,Sarahana,240
Ulster,City of Kingston Ward 8-Dist. 3,State Assembly,103,WOR,Shrestha,0
Ulster,City of Kingston Ward 8-Dist. 3,State Assembly,103,REP,Jack Hayes,105
Ulster,City of Kingston Ward 8-Dist. 3,State Assembly,103,CON,Jack Hayes,24
Ulster,City of Kingston Ward 8-Dist. 3,State Assembly,103,,Write-in,0
Ulster,City of Kingston Ward 9-Dist. 1,State Assembly,103,DEM,Sarahana,211
Ulster,City of Kingston Ward 9-Dist. 1,State Assembly,103,WOR,Shrestha,0
Ulster,City of Kingston Ward 9-Dist. 1,State Assembly,103,REP,Jack Hayes,109
Ulster,City of Kingston Ward 9-Dist. 1,State Assembly,103,CON,Jack Hayes,22
Ulster,City of Kingston Ward 9-Dist. 1,State Assembly,103,,Write-in,0
Ulster,City of Kingston Ward 9-Dist. 2,State Assembly,103,DEM,Sarahana,417
Ulster,City of Kingston Ward 9-Dist. 2,State Assembly,103,WOR,Shrestha,0
Ulster,City of Kingston Ward 9-Dist. 2,State Assembly,103,REP,Jack Hayes,131
Ulster,City of Kingston Ward 9-Dist. 2,State Assembly,103,CON,Jack Hayes,26
Ulster,City of Kingston Ward 9-Dist. 2,State Assembly,103,,Write-in,3
Ulster,City of Kingston Ward 9-Dist. 3,State Assembly,103,DEM,Sarahana,93
Ulster,City of Kingston Ward 9-Dist. 3,State Assembly,103,WOR,Shrestha,0
Ulster,City of Kingston Ward 9-Dist. 3,State Assembly,103,REP,Jack Hayes,60
Ulster,City of Kingston Ward 9-Dist. 3,State Assembly,103,CON,Jack Hayes,11
Ulster,City of Kingston Ward 9-Dist. 3,State Assembly,103,,Write-in,0
Ulster,Esopus District 1,State Assembly,103,DEM,Sarahana,410
Ulster,Esopus District 1,State Assembly,103,WOR,Shrestha,0
Ulster,Esopus District 1,State Assembly,103,REP,Jack Hayes,286
Ulster,Esopus District 1,State Assembly,103,CON,Jack Hayes,55
Ulster,Esopus District 1,State Assembly,103,,Write-in,1
Ulster,Esopus District 2,State Assembly,103,DEM,Sarahana,216
Ulster,Esopus District 2,State Assembly,103,WOR,Shrestha,0
Ulster,Esopus District 2,State Assembly,103,REP,Jack Hayes,209
Ulster,Esopus District 2,State Assembly,103,CON,Jack Hayes,59
Ulster,Esopus District 2,State Assembly,103,,Write-in,0
Ulster,Esopus District 3,State Assembly,103,DEM,Sarahana,430
Ulster,Esopus District 3,State Assembly,103,WOR,Shrestha,0
Ulster,Esopus District 3,State Assembly,103,REP,Jack Hayes,309
Ulster,Esopus District 3,State Assembly,103,CON,Jack Hayes,55
Ulster,Esopus District 3,State Assembly,103,,Write-in,0
Ulster,Esopus District 4,State Assembly,103,DEM,Sarahana,247
Ulster,Esopus District 4,State Assembly,103,WOR,Shrestha,0
Ulster,Esopus District 4,State Assembly,103,REP,Jack Hayes,215
Ulster,Esopus District 4,State Assembly,103,CON,Jack Hayes,34
Ulster,Esopus District 4,State Assembly,103,,Write-in,3
Ulster,Esopus District 5,State Assembly,103,DEM,Sarahana,289
Ulster,Esopus District 5,State Assembly,103,WOR,Shrestha,0
Ulster,Esopus District 5,State Assembly,103,REP,Jack Hayes,300
Ulster,Esopus District 5,State Assembly,103,CON,Jack Hayes,66
Ulster,Esopus District 5,State Assembly,103,,Write-in,0
Ulster,Esopus District 6,State Assembly,103,DEM,Sarahana,318
Ulster,Esopus District 6,State Assembly,103,WOR,Shrestha,0
Ulster,Esopus District 6,State Assembly,103,REP,Jack Hayes,342
Ulster,Esopus District 6,State Assembly,103,CON,Jack Hayes,51
Ulster,Esopus District 6,State Assembly,103,,Write-in,0
Ulster,Esopus District 7,State Assembly,103,DEM,Sarahana,305
Ulster,Esopus District 7,State Assembly,103,WOR,Shrestha,0
Ulster,Esopus District 7,State Assembly,103,REP,Jack Hayes,313
Ulster,Esopus District 7,State Assembly,103,CON,Jack Hayes,72
Ulster,Esopus District 7,State Assembly,103,,Write-in,1
Ulster,Gardiner District 1,State Assembly,103,DEM,Sarahana,269
Ulster,Gardiner District 1,State Assembly,103,WOR,Shrestha,0
Ulster,Gardiner District 1,State Assembly,103,REP,Jack Hayes,176
Ulster,Gardiner District 1,State Assembly,103,CON,Jack Hayes,44
Ulster,Gardiner District 1,State Assembly,103,,Write-in,0
Ulster,Gardiner District 2,State Assembly,103,DEM,Sarahana,550
Ulster,Gardiner District 2,State Assembly,103,WOR,Shrestha,0
Ulster,Gardiner District 2,State Assembly,103,REP,Jack Hayes,314
Ulster,Gardiner District 2,State Assembly,103,CON,Jack Hayes,47
Ulster,Gardiner District 2,State Assembly,103,,Write-in,0
Ulster,Gardiner District 3,State Assembly,103,DEM,Sarahana,587
Ulster,Gardiner District 3,State Assembly,103,WOR,Shrestha,0
Ulster,Gardiner District 3,State Assembly,103,REP,Jack Hayes,250
Ulster,Gardiner District 3,State Assembly,103,CON,Jack Hayes,47
Ulster,Gardiner District 3,State Assembly,103,,Write-in,1
Ulster,Gardiner District 4,State Assembly,103,DEM,Sarahana,478
Ulster,Gardiner District 4,State Assembly,103,WOR,Shrestha,0
Ulster,Gardiner District 4,State Assembly,103,REP,Jack Hayes,400
Ulster,Gardiner District 4,State Assembly,103,CON,Jack Hayes,68
Ulster,Gardiner District 4,State Assembly,103,,Write-in,2
Ulster,Hurley District 1,State Assembly,103,DEM,Sarahana,238
Ulster,Hurley District 1,State Assembly,103,WOR,Shrestha,0
Ulster,Hurley District 1,State Assembly,103,REP,Jack Hayes,141
Ulster,Hurley District 1,State Assembly,103,CON,Jack Hayes,20
Ulster,Hurley District 1,State Assembly,103,,Write-in,1
Ulster,Hurley District 2,State Assembly,103,DEM,Sarahana,226
Ulster,Hurley District 2,State Assembly,103,WOR,Shrestha,0
Ulster,Hurley District 2,State Assembly,103,REP,Jack Hayes,175
Ulster,Hurley District 2,State Assembly,103,CON,Jack Hayes,24
Ulster,Hurley District 2,State Assembly,103,,Write-in,0
Ulster,Hurley District 3,State Assembly,103,DEM,Sarahana,273
Ulster,Hurley District 3,State Assembly,103,WOR,Shrestha,0
Ulster,Hurley District 3,State Assembly,103,REP,Jack Hayes,221
Ulster,Hurley District 3,State Assembly,103,CON,Jack Hayes,57
Ulster,Hurley District 3,State Assembly,103,,Write-in,2
Ulster,Hurley District 4,State Assembly,103,DEM,Sarahana,237
Ulster,Hurley District 4,State Assembly,103,WOR,Shrestha,0
Ulster,Hurley District 4,State Assembly,103,REP,Jack Hayes,222
Ulster,Hurley District 4,State Assembly,103,CON,Jack Hayes,47
Ulster,Hurley District 4,State Assembly,103,,Write-in,1
Ulster,Hurley District 5,State Assembly,103,DEM,Sarahana,332
Ulster,Hurley District 5,State Assembly,103,WOR,Shrestha,0
Ulster,Hurley District 5,State Assembly,103,REP,Jack Hayes,83
Ulster,Hurley District 5,State Assembly,103,CON,Jack Hayes,21
Ulster,Hurley District 5,State Assembly,103,,Write-in,0
Ulster,Hurley District 6,State Assembly,103,DEM,Sarahana,169
Ulster,Hurley District 6,State Assembly,103,WOR,Shrestha,0
Ulster,Hurley District 6,State Assembly,103,REP,Jack Hayes,139
Ulster,Hurley District 6,State Assembly,103,CON,Jack Hayes,28
Ulster,Hurley District 6,State Assembly,103,,Write-in,0
Ulster,Hurley District 7,State Assembly,103,DEM,Sarahana,424
Ulster,Hurley District 7,State Assembly,103,WOR,Shrestha,0
Ulster,Hurley District 7,State Assembly,103,REP,Jack Hayes,138
Ulster,Hurley District 7,State Assembly,103,CON,Jack Hayes,28
Ulster,Hurley District 7,State Assembly,103,,Write-in,8
Ulster,Hurley District 8,State Assembly,103,DEM,Sarahana,212
Ulster,Hurley District 8,State Assembly,103,WOR,Shrestha,0
Ulster,Hurley District 8,State Assembly,103,REP,Jack Hayes,208
Ulster,Hurley District 8,State Assembly,103,CON,Jack Hayes,24
Ulster,Hurley District 8,State Assembly,103,,Write-in,2
Ulster,Town of Kingston District 1,State Assembly,103,DEM,Sarahana,222
Ulster,Town of Kingston District 1,State Assembly,103,WOR,Shrestha,0
Ulster,Town of Kingston District 1,State Assembly,103,REP,Jack Hayes,233
Ulster,Town of Kingston District 1,State Assembly,103,CON,Jack Hayes,48
Ulster,Town of Kingston District 1,State Assembly,103,,Write-in,3
Ulster,Marbletown District 1,State Assembly,103,DEM,Sarahana,161
Ulster,Marbletown District 1,State Assembly,103,WOR,Shrestha,0
Ulster,Marbletown District 1,State Assembly,103,REP,Jack Hayes,61
Ulster,Marbletown District 1,State Assembly,103,CON,Jack Hayes,9
Ulster,Marbletown District 1,State Assembly,103,,Write-in,1
Ulster,Marbletown District 2,State Assembly,103,DEM,Sarahana,272
Ulster,Marbletown District 2,State Assembly,103,WOR,Shrestha,0
Ulster,Marbletown District 2,State Assembly,103,REP,Jack Hayes,135
Ulster,Marbletown District 2,State Assembly,103,CON,Jack Hayes,33
Ulster,Marbletown District 2,State Assembly,103,,Write-in,1
Ulster,Marbletown District 3,State Assembly,103,DEM,Sarahana,204
Ulster,Marbletown District 3,State Assembly,103,WOR,Shrestha,0
Ulster,Marbletown District 3,State Assembly,103,REP,Jack Hayes,92
Ulster,Marbletown District 3,State Assembly,103,CON,Jack Hayes,19
Ulster,Marbletown District 3,State Assembly,103,,Write-in,0
Ulster,Marbletown District 4,State Assembly,103,DEM,Sarahana,285
Ulster,Marbletown District 4,State Assembly,103,WOR,Shrestha,0
Ulster,Marbletown District 4,State Assembly,103,REP,Jack Hayes,156
Ulster,Marbletown District 4,State Assembly,103,CON,Jack Hayes,19
Ulster,Marbletown District 4,State Assembly,103,,Write-in,1
Ulster,Marbletown District 5,State Assembly,103,DEM,Sarahana,289
Ulster,Marbletown District 5,State Assembly,103,WOR,Shrestha,0
Ulster,Marbletown District 5,State Assembly,103,REP,Jack Hayes,122
Ulster,Marbletown District 5,State Assembly,103,CON,Jack Hayes,30
Ulster,Marbletown District 5,State Assembly,103,,Write-in,1
Ulster,Marbletown District 6,State Assembly,103,DEM,Sarahana,385
Ulster,Marbletown District 6,State Assembly,103,WOR,Shrestha,0
Ulster,Marbletown District 6,State Assembly,103,REP,Jack Hayes,145
Ulster,Marbletown District 6,State Assembly,103,CON,Jack Hayes,26
Ulster,Marbletown District 6,State Assembly,103,,Write-in,0
Ulster,Marbletown District 7,State Assembly,103,DEM,Sarahana,553
Ulster,Marbletown District 7,State Assembly,103,WOR,Shrestha,0
Ulster,Marbletown District 7,State Assembly,103,REP,Jack Hayes,300
Ulster,Marbletown District 7,State Assembly,103,CON,Jack Hayes,50
Ulster,Marbletown District 7,State Assembly,103,,Write-in,0
Ulster,New Paltz District 1,State Assembly,103,DEM,Sarahana,834
Ulster,New Paltz District 1,State Assembly,103,WOR,Shrestha,0
Ulster,New Paltz District 1,State Assembly,103,REP,Jack Hayes,154
Ulster,New Paltz District 1,State Assembly,103,CON,Jack Hayes,19
Ulster,New Paltz District 1,State Assembly,103,,Write-in,3
Ulster,New Paltz District 2,State Assembly,103,DEM,Sarahana,330
Ulster,New Paltz District 2,State Assembly,103,WOR,Shrestha,0
Ulster,New Paltz District 2,State Assembly,103,REP,Jack Hayes,127
Ulster,New Paltz District 2,State Assembly,103,CON,Jack Hayes,12
Ulster,New Paltz District 2,State Assembly,103,,Write-in,2
Ulster,New Paltz District 3,State Assembly,103,DEM,Sarahana,258
Ulster,New Paltz District 3,State Assembly,103,WOR,Shrestha,0
Ulster,New Paltz District 3,State Assembly,103,REP,Jack Hayes,110
Ulster,New Paltz District 3,State Assembly,103,CON,Jack Hayes,27
Ulster,New Paltz District 3,State Assembly,103,,Write-in,1
Ulster,New Paltz District 4,State Assembly,103,DEM,Sarahana,698
Ulster,New Paltz District 4,State Assembly,103,WOR,Shrestha,0
Ulster,New Paltz District 4,State Assembly,103,REP,Jack Hayes,125
Ulster,New Paltz District 4,State Assembly,103,CON,Jack Hayes,18
Ulster,New Paltz District 4,State Assembly,103,,Write-in,2
Ulster,New Paltz District 5,State Assembly,103,DEM,Sarahana,270
Ulster,New Paltz District 5,State Assembly,103,WOR,Shrestha,0
Ulster,New Paltz District 5,State Assembly,103,REP,Jack Hayes,98
Ulster,New Paltz District 5,State Assembly,103,CON,Jack Hayes,14
Ulster,New Paltz District 5,State Assembly,103,,Write-in,0
Ulster,New Paltz District 6,State Assembly,103,DEM,Sarahana,468
Ulster,New Paltz District 6,State Assembly,103,WOR,Shrestha,0
Ulster,New Paltz District 6,State Assembly,103,REP,Jack Hayes,146
Ulster,New Paltz District 6,State Assembly,103,CON,Jack Hayes,29
Ulster,New Paltz District 6,State Assembly,103,,Write-in,2
Ulster,New Paltz District 7,State Assembly,103,DEM,Sarahana,372
Ulster,New Paltz District 7,State Assembly,103,WOR,Shrestha,0
Ulster,New Paltz District 7,State Assembly,103,REP,Jack Hayes,190
Ulster,New Paltz District 7,State Assembly,103,CON,Jack Hayes,25
Ulster,New Paltz District 7,State Assembly,103,,Write-in,2
Ulster,New Paltz District 8,State Assembly,103,DEM,Sarahana,291
Ulster,New Paltz District 8,State Assembly,103,WOR,Shrestha,0
Ulster,New Paltz District 8,State Assembly,103,REP,Jack Hayes,86
Ulster,New Paltz District 8,State Assembly,103,CON,Jack Hayes,10
Ulster,New Paltz District 8,State Assembly,103,,Write-in,1
Ulster,New Paltz District 9,State Assembly,103,DEM,Sarahana,808
Ulster,New Paltz District 9,State Assembly,103,WOR,Shrestha,0
Ulster,New Paltz District 9,State Assembly,103,REP,Jack Hayes,63
Ulster,New Paltz District 9,State Assembly,103,CON,Jack Hayes,6
Ulster,New Paltz District 9,State Assembly,103,,Write-in,0
Ulster,New Paltz District 10,State Assembly,103,DEM,Sarahana,279
Ulster,New Paltz District 10,State Assembly,103,WOR,Shrestha,0
Ulster,New Paltz District 10,State Assembly,103,REP,Jack Hayes,197
Ulster,New Paltz District 10,State Assembly,103,CON,Jack Hayes,38
Ulster,New Paltz District 10,State Assembly,103,,Write-in,0
Ulster,New Paltz District 11,State Assembly,103,DEM,Sarahana,191
Ulster,New Paltz District 11,State Assembly,103,WOR,Shrestha,0
Ulster,New Paltz District 11,State Assembly,103,REP,Jack Hayes,36
Ulster,New Paltz District 11,State Assembly,103,CON,Jack Hayes,5
Ulster,New Paltz District 11,State Assembly,103,,Write-in,0
Ulster,Olive District 1,State Assembly,103,DEM,Sarahana,402
Ulster,Olive District 1,State Assembly,103,WOR,Shrestha,0
Ulster,Olive District 1,State Assembly,103,REP,Jack Hayes,223
Ulster,Olive District 1,State Assembly,103,CON,Jack Hayes,56
Ulster,Olive District 1,State Assembly,103,,Write-in,0
Ulster,Olive District 2,State Assembly,103,DEM,Sarahana,260
Ulster,Olive District 2,State Assembly,103,WOR,Shrestha,0
Ulster,Olive District 2,State Assembly,103,REP,Jack Hayes,124
Ulster,Olive District 2,State Assembly,103,CON,Jack Hayes,32
Ulster,Olive District 2,State Assembly,103,,Write-in,0
Ulster,Olive District 3,State Assembly,103,DEM,Sarahana,295
Ulster,Olive District 3,State Assembly,103,WOR,Shrestha,0
Ulster,Olive District 3,State Assembly,103,REP,Jack Hayes,188
Ulster,Olive District 3,State Assembly,103,CON,Jack Hayes,42
Ulster,Olive District 3,State Assembly,103,,Write-in,1
Ulster,Olive District 4,State Assembly,103,DEM,Sarahana,293
Ulster,Olive District 4,State Assembly,103,WOR,Shrestha,0
Ulster,Olive District 4,State Assembly,103,REP,Jack Hayes,157
Ulster,Olive District 4,State Assembly,103,CON,Jack Hayes,46
Ulster,Olive District 4,State Assembly,103,,Write-in,2
Ulster,Olive District 5,State Assembly,103,DEM,Sarahana,289
Ulster,Olive District 5,State Assembly,103,WOR,Shrestha,0
Ulster,Olive District 5,State Assembly,103,REP,Jack Hayes,107
Ulster,Olive District 5,State Assembly,103,CON,Jack Hayes,33
Ulster,Olive District 5,State Assembly,103,,Write-in,1
Ulster,Rosendale District 1,State Assembly,103,DEM,Sarahana,413
Ulster,Rosendale District 1,State Assembly,103,WOR,Shrestha,0
Ulster,Rosendale District 1,State Assembly,103,REP,Jack Hayes,151
Ulster,Rosendale District 1,State Assembly,103,CON,Jack Hayes,39
Ulster,Rosendale District 1,State Assembly,103,,Write-in,0
Ulster,Rosendale District 2,State Assembly,103,DEM,Sarahana,266
Ulster,Rosendale District 2,State Assembly,103,WOR,Shrestha,0
Ulster,Rosendale District 2,State Assembly,103,REP,Jack Hayes,192
Ulster,Rosendale District 2,State Assembly,103,CON,Jack Hayes,29
Ulster,Rosendale District 2,State Assembly,103,,Write-in,1
Ulster,Rosendale District 3,State Assembly,103,DEM,Sarahana,289
Ulster,Rosendale District 3,State Assembly,103,WOR,Shrestha,0
Ulster,Rosendale District 3,State Assembly,103,REP,Jack Hayes,233
Ulster,Rosendale District 3,State Assembly,103,CON,Jack Hayes,39
Ulster,Rosendale District 3,State Assembly,103,,Write-in,0
Ulster,Rosendale District 4,State Assembly,103,DEM,Sarahana,405
Ulster,Rosendale District 4,State Assembly,103,WOR,Shrestha,0
Ulster,Rosendale District 4,State Assembly,103,REP,Jack Hayes,226
Ulster,Rosendale District 4,State Assembly,103,CON,Jack Hayes,43
Ulster,Rosendale District 4,State Assembly,103,,Write-in,1
Ulster,Rosendale District 5,State Assembly,103,DEM,Sarahana,343
Ulster,Rosendale District 5,State Assembly,103,WOR,Shrestha,0
Ulster,Rosendale District 5,State Assembly,103,REP,Jack Hayes,272
Ulster,Rosendale District 5,State Assembly,103,CON,Jack Hayes,43
Ulster,Rosendale District 5,State Assembly,103,,Write-in,2
Ulster,Saugerties District 1,State Assembly,103,DEM,Sarahana,141
Ulster,Saugerties District 1,State Assembly,103,WOR,Shrestha,0
Ulster,Saugerties District 1,State Assembly,103,REP,Jack Hayes,154
Ulster,Saugerties District 1,State Assembly,103,CON,Jack Hayes,32
Ulster,Saugerties District 1,State Assembly,103,,Write-in,0
Ulster,Saugerties District 2,State Assembly,103,DEM,Sarahana,359
Ulster,Saugerties District 2,State Assembly,103,WOR,Shrestha,0
Ulster,Saugerties District 2,State Assembly,103,REP,Jack Hayes,167
Ulster,Saugerties District 2,State Assembly,103,CON,Jack Hayes,38
Ulster,Saugerties District 2,State Assembly,103,,Write-in,0
Ulster,Saugerties District 3,State Assembly,103,DEM,Sarahana,240
Ulster,Saugerties District 3,State Assembly,103,WOR,Shrestha,0
Ulster,Saugerties District 3,State Assembly,103,REP,Jack Hayes,125
Ulster,Saugerties District 3,State Assembly,103,CON,Jack Hayes,14
Ulster,Saugerties District 3,State Assembly,103,,Write-in,0
Ulster,Saugerties District 4,State Assembly,103,DEM,Sarahana,436
Ulster,Saugerties District 4,State Assembly,103,WOR,Shrestha,0
Ulster,Saugerties District 4,State Assembly,103,REP,Jack Hayes,238
Ulster,Saugerties District 4,State Assembly,103,CON,Jack Hayes,56
Ulster,Saugerties District 4,State Assembly,103,,Write-in,0
Ulster,Saugerties District 5,State Assembly,103,DEM,Sarahana,488
Ulster,Saugerties District 5,State Assembly,103,WOR,Shrestha,0
Ulster,Saugerties District 5,State Assembly,103,REP,Jack Hayes,263
Ulster,Saugerties District 5,State Assembly,103,CON,Jack Hayes,54
Ulster,Saugerties District 5,State Assembly,103,,Write-in,0
Ulster,Saugerties District 6,State Assembly,103,DEM,Sarahana,362
Ulster,Saugerties District 6,State Assembly,103,WOR,Shrestha,0
Ulster,Saugerties District 6,State Assembly,103,REP,Jack Hayes,381
Ulster,Saugerties District 6,State Assembly,103,CON,Jack Hayes,69
Ulster,Saugerties District 6,State Assembly,103,,Write-in,1
Ulster,Saugerties District 7,State Assembly,103,DEM,Sarahana,112
Ulster,Saugerties District 7,State Assembly,103,WOR,Shrestha,0
Ulster,Saugerties District 7,State Assembly,103,REP,Jack Hayes,112
Ulster,Saugerties District 7,State Assembly,103,CON,Jack Hayes,20
Ulster,Saugerties District 7,State Assembly,103,,Write-in,0
Ulster,Saugerties District 8,State Assembly,103,DEM,Sarahana,606
Ulster,Saugerties District 8,State Assembly,103,WOR,Shrestha,0
Ulster,Saugerties District 8,State Assembly,103,REP,Jack Hayes,577
Ulster,Saugerties District 8,State Assembly,103,CON,Jack Hayes,111
Ulster,Saugerties District 8,State Assembly,103,,Write-in,1
Ulster,Saugerties District 9,State Assembly,103,DEM,Sarahana,269
Ulster,Saugerties District 9,State Assembly,103,WOR,Shrestha,0
Ulster,Saugerties District 9,State Assembly,103,REP,Jack Hayes,141
Ulster,Saugerties District 9,State Assembly,103,CON,Jack Hayes,37
Ulster,Saugerties District 9,State Assembly,103,,Write-in,0
Ulster,Saugerties District 10,State Assembly,103,DEM,Sarahana,170
Ulster,Saugerties District 10,State Assembly,103,WOR,Shrestha,0
Ulster,Saugerties District 10,State Assembly,103,REP,Jack Hayes,149
Ulster,Saugerties District 10,State Assembly,103,CON,Jack Hayes,35
Ulster,Saugerties District 10,State Assembly,103,,Write-in,0
Ulster,Saugerties District 11,State Assembly,103,DEM,Sarahana,212
Ulster,Saugerties District 11,State Assembly,103,WOR,Shrestha,0
Ulster,Saugerties District 11,State Assembly,103,REP,Jack Hayes,259
Ulster,Saugerties District 11,State Assembly,103,CON,Jack Hayes,30
Ulster,Saugerties District 11,State Assembly,103,,Write-in,0
Ulster,Saugerties District 12,State Assembly,103,DEM,Sarahana,419
Ulster,Saugerties District 12,State Assembly,103,WOR,Shrestha,0
Ulster,Saugerties District 12,State Assembly,103,REP,Jack Hayes,523
Ulster,Saugerties District 12,State Assembly,103,CON,Jack Hayes,85
Ulster,Saugerties District 12,State Assembly,103,,Write-in,0
Ulster,Saugerties District 13,State Assembly,103,DEM,Sarahana,378
Ulster,Saugerties District 13,State Assembly,103,WOR,Shrestha,0
Ulster,Saugerties District 13,State Assembly,103,REP,Jack Hayes,400
Ulster,Saugerties District 13,State Assembly,103,CON,Jack Hayes,60
Ulster,Saugerties District 13,State Assembly,103,,Write-in,0
Ulster,Saugerties District 14,State Assembly,103,DEM,Sarahana,399
Ulster,Saugerties District 14,State Assembly,103,WOR,Shrestha,0
Ulster,Saugerties District 14,State Assembly,103,REP,Jack Hayes,335
Ulster,Saugerties District 14,State Assembly,103,CON,Jack Hayes,61
Ulster,Saugerties District 14,State Assembly,103,,Write-in,0
Ulster,Saugerties District 15,State Assembly,103,DEM,Sarahana,399
Ulster,Saugerties District 15,State Assembly,103,WOR,Shrestha,0
Ulster,Saugerties District 15,State Assembly,103,REP,Jack Hayes,326
Ulster,Saugerties District 15,State Assembly,103,CON,Jack Hayes,61
Ulster,Saugerties District 15,State Assembly,103,,Write-in,1
Ulster,Town of Ulster District 1,State Assembly,103,DEM,Sarahana,233
Ulster,Town of Ulster District 1,State Assembly,103,WOR,Shrestha,0
Ulster,Town of Ulster District 1,State Assembly,103,REP,Jack Hayes,246
Ulster,Town of Ulster District 1,State Assembly,103,CON,Jack Hayes,44
Ulster,Town of Ulster District 1,State Assembly,103,,Write-in,0
Ulster,Town of Ulster District 2,State Assembly,103,DEM,Sarahana,301
Ulster,Town of Ulster District 2,State Assembly,103,WOR,Shrestha,0
Ulster,Town of Ulster District 2,State Assembly,103,REP,Jack Hayes,297
Ulster,Town of Ulster District 2,State Assembly,103,CON,Jack Hayes,47
Ulster,Town of Ulster District 2,State Assembly,103,,Write-in,1
Ulster,Town of Ulster District 3,State Assembly,103,DEM,Sarahana,112
Ulster,Town of Ulster District 3,State Assembly,103,WOR,Shrestha,0
Ulster,Town of Ulster District 3,State Assembly,103,REP,Jack Hayes,99
Ulster,Town of Ulster District 3,State Assembly,103,CON,Jack Hayes,16
Ulster,Town of Ulster District 3,State Assembly,103,,Write-in,0
Ulster,Town of Ulster District 4,State Assembly,103,DEM,Sarahana,130
Ulster,Town of Ulster District 4,State Assembly,103,WOR,Shrestha,0
Ulster,Town of Ulster District 4,State Assembly,103,REP,Jack Hayes,91
Ulster,Town of Ulster District 4,State Assembly,103,CON,Jack Hayes,17
Ulster,Town of Ulster District 4,State Assembly,103,,Write-in,1
Ulster,Town of Ulster District 5,State Assembly,103,DEM,Sarahana,151
Ulster,Town of Ulster District 5,State Assembly,103,WOR,Shrestha,0
Ulster,Town of Ulster District 5,State Assembly,103,REP,Jack Hayes,99
Ulster,Town of Ulster District 5,State Assembly,103,CON,Jack Hayes,12
Ulster,Town of Ulster District 5,State Assembly,103,,Write-in,0
Ulster,Town of Ulster District 6,State Assembly,103,DEM,Sarahana,116
Ulster,Town of Ulster District 6,State Assembly,103,WOR,Shrestha,0
Ulster,Town of Ulster District 6,State Assembly,103,REP,Jack Hayes,107
Ulster,Town of Ulster District 6,State Assembly,103,CON,Jack Hayes,19
Ulster,Town of Ulster District 6,State Assembly,103,,Write-in,0
Ulster,Town of Ulster District 7,State Assembly,103,DEM,Sarahana,161
Ulster,Town of Ulster District 7,State Assembly,103,WOR,Shrestha,0
Ulster,Town of Ulster District 7,State Assembly,103,REP,Jack Hayes,196
Ulster,Town of Ulster District 7,State Assembly,103,CON,Jack Hayes,25
Ulster,Town of Ulster District 7,State Assembly,103,,Write-in,0
Ulster,Town of Ulster District 8,State Assembly,103,DEM,Sarahana,134
Ulster,Town of Ulster District 8,State Assembly,103,WOR,Shrestha,0
Ulster,Town of Ulster District 8,State Assembly,103,REP,Jack Hayes,108
Ulster,Town of Ulster District 8,State Assembly,103,CON,Jack Hayes,15
Ulster,Town of Ulster District 8,State Assembly,103,,Write-in,0
Ulster,Town of Ulster District 9,State Assembly,103,DEM,Sarahana,222
Ulster,Town of Ulster District 9,State Assembly,103,WOR,Shrestha,0
Ulster,Town of Ulster District 9,State Assembly,103,REP,Jack Hayes,232
Ulster,Town of Ulster District 9,State Assembly,103,CON,Jack Hayes,41
Ulster,Town of Ulster District 9,State Assembly,103,,Write-in,2
Ulster,Town of Ulster District 10,State Assembly,103,DEM,Sarahana,235
Ulster,Town of Ulster District 10,State Assembly,103,WOR,Shrestha,0
Ulster,Town of Ulster District 10,State Assembly,103,REP,Jack Hayes,272
Ulster,Town of Ulster District 10,State Assembly,103,CON,Jack Hayes,38
Ulster,Town of Ulster District 10,State Assembly,103,,Write-in,2
Ulster,Town of Ulster District 11,State Assembly,103,DEM,Sarahana,208
Ulster,Town of Ulster District 11,State Assembly,103,WOR,Shrestha,0
Ulster,Town of Ulster District 11,State Assembly,103,REP,Jack Hayes,175
Ulster,Town of Ulster District 11,State Assembly,103,CON,Jack Hayes,30
Ulster,Town of Ulster District 11,State Assembly,103,,Write-in,5
Ulster,Town of Ulster District 12,State Assembly,103,DEM,Sarahana,221
Ulster,Town of Ulster District 12,State Assembly,103,WOR,Shrestha,0
Ulster,Town of Ulster District 12,State Assembly,103,REP,Jack Hayes,286
Ulster,Town of Ulster District 12,State Assembly,103,CON,Jack Hayes,62
Ulster,Town of Ulster District 12,State Assembly,103,,Write-in,0
Ulster,Town of Ulster District 13,State Assembly,103,DEM,Sarahana,352
Ulster,Town of Ulster District 13,State Assembly,103,WOR,Shrestha,0
Ulster,Town of Ulster District 13,State Assembly,103,REP,Jack Hayes,301
Ulster,Town of Ulster District 13,State Assembly,103,CON,Jack Hayes,52
Ulster,Town of Ulster District 13,State Assembly,103,,Write-in,0
Ulster,Town of Ulster District 14,State Assembly,103,DEM,Sarahana,158
Ulster,Town of Ulster District 14,State Assembly,103,WOR,Shrestha,0
Ulster,Town of Ulster District 14,State Assembly,103,REP,Jack Hayes,230
Ulster,Town of Ulster District 14,State Assembly,103,CON,Jack Hayes,50
Ulster,Town of Ulster District 14,State Assembly,103,,Write-in,0
Ulster,Woodstock District 1,State Assembly,103,DEM,Sarahana,502
Ulster,Woodstock District 1,State Assembly,103,WOR,Shrestha,0
Ulster,Woodstock District 1,State Assembly,103,REP,Jack Hayes,59
Ulster,Woodstock District 1,State Assembly,103,CON,Jack Hayes,10
Ulster,Woodstock District 1,State Assembly,103,,Write-in,1
Ulster,Woodstock District 2,State Assembly,103,DEM,Sarahana,310
Ulster,Woodstock District 2,State Assembly,103,WOR,Shrestha,0
Ulster,Woodstock District 2,State Assembly,103,REP,Jack Hayes,66
Ulster,Woodstock District 2,State Assembly,103,CON,Jack Hayes,10
Ulster,Woodstock District 2,State Assembly,103,,Write-in,0
Ulster,Woodstock District 3,State Assembly,103,DEM,Sarahana,435
Ulster,Woodstock District 3,State Assembly,103,WOR,Shrestha,0
Ulster,Woodstock District 3,State Assembly,103,REP,Jack Hayes,114
Ulster,Woodstock District 3,State Assembly,103,CON,Jack Hayes,24
Ulster,Woodstock District 3,State Assembly,103,,Write-in,2
Ulster,Woodstock District 4,State Assembly,103,DEM,Sarahana,250
Ulster,Woodstock District 4,State Assembly,103,WOR,Shrestha,0
Ulster,Woodstock District 4,State Assembly,103,REP,Jack Hayes,53
Ulster,Woodstock District 4,State Assembly,103,CON,Jack Hayes,5
Ulster,Woodstock District 4,State Assembly,103,,Write-in,0
Ulster,Woodstock District 5,State Assembly,103,DEM,Sarahana,269
Ulster,Woodstock District 5,State Assembly,103,WOR,Shrestha,0
Ulster,Woodstock District 5,State Assembly,103,REP,Jack Hayes,38
Ulster,Woodstock District 5,State Assembly,103,CON,Jack Hayes,3
Ulster,Woodstock District 5,State Assembly,103,,Write-in,0
Ulster,Woodstock District 6,State Assembly,103,DEM,Sarahana,266
Ulster,Woodstock District 6,State Assembly,103,WOR,Shrestha,0
Ulster,Woodstock District 6,State Assembly,103,REP,Jack Hayes,83
Ulster,Woodstock District 6,State Assembly,103,CON,Jack Hayes,23
Ulster,Woodstock District 6,State Assembly,103,,Write-in,0
Ulster,Woodstock District 7,State Assembly,103,DEM,Sarahana,385
Ulster,Woodstock District 7,State Assembly,103,WOR,Shrestha,0
Ulster,Woodstock District 7,State Assembly,103,REP,Jack Hayes,63
Ulster,Woodstock District 7,State Assembly,103,CON,Jack Hayes,4
Ulster,Woodstock District 7,State Assembly,103,,Write-in,1
Ulster,Woodstock District 8,State Assembly,103,DEM,Sarahana,266
Ulster,Woodstock District 8,State Assembly,103,WOR,Shrestha,0
Ulster,Woodstock District 8,State Assembly,103,REP,Jack Hayes,40
Ulster,Woodstock District 8,State Assembly,103,CON,Jack Hayes,5
Ulster,Woodstock District 8,State Assembly,103,,Write-in,1
Ulster,Woodstock District 9,State Assembly,103,DEM,Sarahana,392
Ulster,Woodstock District 9,State Assembly,103,WOR,Shrestha,0
Ulster,Woodstock District 9,State Assembly,103,REP,Jack Hayes,52
Ulster,Woodstock District 9,State Assembly,103,CON,Jack Hayes,7
Ulster,Woodstock District 9,State Assembly,103,,Write-in,2
Ulster,Lloyd District 1,State Assembly,104,DEM,Jonathan G. Jacobson,455
Ulster,Lloyd District 1,State Assembly,104,WOR,Jonathan G. Jacobson,0
Ulster,Lloyd District 1,State Assembly,104,,Write-in,7
Ulster,Lloyd District 2,State Assembly,104,DEM,Jonathan G. Jacobson,150
Ulster,Lloyd District 2,State Assembly,104,WOR,Jonathan G. Jacobson,0
Ulster,Lloyd District 2,State Assembly,104,,Write-in,1
Ulster,Lloyd District 3,State Assembly,104,DEM,Jonathan G. Jacobson,774
Ulster,Lloyd District 3,State Assembly,104,WOR,Jonathan G. Jacobson,0
Ulster,Lloyd District 3,State Assembly,104,,Write-in,8
Ulster,Lloyd District 4,State Assembly,104,DEM,Jonathan G. Jacobson,523
Ulster,Lloyd District 4,State Assembly,104,WOR,Jonathan G. Jacobson,0
Ulster,Lloyd District 4,State Assembly,104,,Write-in,7
Ulster,Lloyd District 5,State Assembly,104,DEM,Jonathan G. Jacobson,699
Ulster,Lloyd District 5,State Assembly,104,WOR,Jonathan G. Jacobson,0
Ulster,Lloyd District 5,State Assembly,104,,Write-in,3
Ulster,Lloyd District 6,State Assembly,104,DEM,Jonathan G. Jacobson,212
Ulster,Lloyd District 6,State Assembly,104,WOR,Jonathan G. Jacobson,0
Ulster,Lloyd District 6,State Assembly,104,,Write-in,2
Ulster,Lloyd District 7,State Assembly,104,DEM,Jonathan G. Jacobson,472
Ulster,Lloyd District 7,State Assembly,104,WOR,Jonathan G. Jacobson,0
Ulster,Lloyd District 7,State Assembly,104,,Write-in,2
Ulster,Marlborough District 1,State Assembly,104,DEM,Jonathan G. Jacobson,382
Ulster,Marlborough District 1,State Assembly,104,WOR,Jonathan G. Jacobson,0
Ulster,Marlborough District 1,State Assembly,104,,Write-in,6
Ulster,Marlborough District 2,State Assembly,104,DEM,Jonathan G. Jacobson,333
Ulster,Marlborough District 2,State Assembly,104,WOR,Jonathan G. Jacobson,0
Ulster,Marlborough District 2,State Assembly,104,,Write-in,1
Ulster,Marlborough District 3,State Assembly,104,DEM,Jonathan G. Jacobson,390
Ulster,Marlborough District 3,State Assembly,104,WOR,Jonathan G. Jacobson,0
Ulster,Marlborough District 3,State Assembly,104,,Write-in,3
Ulster,Marlborough District 4,State Assembly,104,DEM,Jonathan G. Jacobson,439
Ulster,Marlborough District 4,State Assembly,104,WOR,Jonathan G. Jacobson,0
Ulster,Marlborough District 4,State Assembly,104,,Write-in,5
Ulster,Marlborough District 5,State Assembly,104,DEM,Jonathan G. Jacobson,429
Ulster,Marlborough District 5,State Assembly,104,WOR,Jonathan G. Jacobson,0
Ulster,Marlborough District 5,State Assembly,104,,Write-in,8
Ulster,Marlborough District 6,State Assembly,104,DEM,Jonathan G. Jacobson,211
Ulster,Marlborough District 6,State Assembly,104,WOR,Jonathan G. Jacobson,0
Ulster,Marlborough District 6,State Assembly,104,,Write-in,0
Ulster,Plattekill District 1,State Assembly,104,DEM,Jonathan G. Jacobson,420
Ulster,Plattekill District 1,State Assembly,104,WOR,Jonathan G. Jacobson,0
Ulster,Plattekill District 1,State Assembly,104,,Write-in,1
Ulster,Plattekill District 2,State Assembly,104,DEM,Jonathan G. Jacobson,301
Ulster,Plattekill District 2,State Assembly,104,WOR,Jonathan G. Jacobson,0
Ulster,Plattekill District 2,State Assembly,104,,Write-in,4
Ulster,Plattekill District 3,State Assembly,104,DEM,Jonathan G. Jacobson,167
Ulster,Plattekill District 3,State Assembly,104,WOR,Jonathan G. Jacobson,0
Ulster,Plattekill District 3,State Assembly,104,,Write-in,0
Ulster,Plattekill District 4,State Assembly,104,DEM,Jonathan G. Jacobson,422
Ulster,Plattekill District 4,State Assembly,104,WOR,Jonathan G. Jacobson,0
Ulster,Plattekill District 4,State Assembly,104,,Write-in,6
Ulster,Plattekill District 5,State Assembly,104,DEM,Jonathan G. Jacobson,535
Ulster,Plattekill District 5,State Assembly,104,WOR,Jonathan G. Jacobson,0
Ulster,Plattekill District 5,State Assembly,104,,Write-in,6
Ulster,Plattekill District 6,State Assembly,104,DEM,Jonathan G. Jacobson,465
Ulster,Plattekill District 6,State Assembly,104,WOR,Jonathan G. Jacobson,0
Ulster,Plattekill District 6,State Assembly,104,,Write-in,7
