county,precinct,office,district,party,candidate,votes
Oneida,Annsville 1,President,,DEM,Kamala D. Harris,169
Oneida,Annsville 1,President,,WF,Kamala D. Harris,577
Oneida,Annsville 1,President,,REP,Donald J. Trump,47
Oneida,Annsville 1,President,,CON,Donald J. Trump,0
Oneida,Annsville 2,President,,DEM,Kamala D. Harris,67
Oneida,Annsville 2,President,,WF,Kamala D. Harris,201
Oneida,Annsville 2,President,,REP,Donald J. Trump,19
Oneida,Annsville 2,President,,CON,Donald J. Trump,0
Oneida,Annsville 3,President,,DEM,Kamala D. Harris,33
Oneida,Annsville 3,President,,WF,Kamala D. Harris,125
Oneida,Annsville 3,President,,REP,Donald J. Trump,11
Oneida,Annsville 3,President,,CON,Donald J. Trump,1
Oneida,Augusta 1,President,,DEM,Kamala D. Harris,99
Oneida,Augusta 1,President,,WF,Kamala D. Harris,331
Oneida,Augusta 1,President,,REP,Donald J. Trump,29
Oneida,Augusta 1,President,,CON,Donald J. Trump,0
Oneida,Augusta 2,President,,DEM,Kamala D. Harris,167
Oneida,Augusta 2,President,,WF,Kamala D. Harris,270
Oneida,Augusta 2,President,,REP,Donald J. Trump,27
Oneida,Augusta 2,President,,CON,Donald J. Trump,0
Oneida,Ava 1,President,,DEM,Kamala D. Harris,53
Oneida,Ava 1,President,,WF,Kamala D. Harris,235
Oneida,Ava 1,President,,REP,Donald J. Trump,20
Oneida,Ava 1,President,,CON,Donald J. Trump,0
Oneida,Boonville 1,President,,DEM,Kamala D. Harris,155
Oneida,Boonville 1,President,,WF,Kamala D. Harris,421
Oneida,Boonville 1,President,,REP,Donald J. Trump,45
Oneida,Boonville 1,President,,CON,Donald J. Trump,0
Oneida,Boonville 2,President,,DEM,Kamala D. Harris,269
Oneida,Boonville 2,President,,WF,Kamala D. Harris,546
Oneida,Boonville 2,President,,REP,Donald J. Trump,45
Oneida,Boonville 2,President,,CON,Donald J. Trump,0
Oneida,Boonville 3,President,,DEM,Kamala D. Harris,73
Oneida,Boonville 3,President,,WF,Kamala D. Harris,221
Oneida,Boonville 3,President,,REP,Donald J. Trump,20
Oneida,Boonville 3,President,,CON,Donald J. Trump,0
Oneida,Boonville 4,President,,DEM,Kamala D. Harris,73
Oneida,Boonville 4,President,,WF,Kamala D. Harris,276
Oneida,Boonville 4,President,,REP,Donald J. Trump,23
Oneida,Boonville 4,President,,CON,Donald J. Trump,0
Oneida,Bridgewater 1,President,,DEM,Kamala D. Harris,120
Oneida,Bridgewater 1,President,,WF,Kamala D. Harris,488
Oneida,Bridgewater 1,President,,REP,Donald J. Trump,41
Oneida,Bridgewater 1,President,,CON,Donald J. Trump,0
Oneida,Camden 1,President,,DEM,Kamala D. Harris,277
Oneida,Camden 1,President,,WF,Kamala D. Harris,561
Oneida,Camden 1,President,,REP,Donald J. Trump,50
Oneida,Camden 1,President,,CON,Donald J. Trump,0
Oneida,Camden 2,President,,DEM,Kamala D. Harris,198
Oneida,Camden 2,President,,WF,Kamala D. Harris,509
Oneida,Camden 2,President,,REP,Donald J. Trump,44
Oneida,Camden 2,President,,CON,Donald J. Trump,0
Oneida,Camden 3,President,,DEM,Kamala D. Harris,130
Oneida,Camden 3,President,,WF,Kamala D. Harris,425
Oneida,Camden 3,President,,REP,Donald J. Trump,39
Oneida,Camden 3,President,,CON,Donald J. Trump,0
Oneida,Deerfield 1,President,,DEM,Kamala D. Harris,322
Oneida,Deerfield 1,President,,WF,Kamala D. Harris,569
Oneida,Deerfield 1,President,,REP,Donald J. Trump,54
Oneida,Deerfield 1,President,,CON,Donald J. Trump,0
Oneida,Deerfield 2,President,,DEM,Kamala D. Harris,228
Oneida,Deerfield 2,President,,WF,Kamala D. Harris,570
Oneida,Deerfield 2,President,,REP,Donald J. Trump,47
Oneida,Deerfield 2,President,,CON,Donald J. Trump,0
Oneida,Deerfield 3,President,,DEM,Kamala D. Harris,274
Oneida,Deerfield 3,President,,WF,Kamala D. Harris,359
Oneida,Deerfield 3,President,,REP,Donald J. Trump,27
Oneida,Deerfield 3,President,,CON,Donald J. Trump,0
Oneida,Florence 1,President,,DEM,Kamala D. Harris,102
Oneida,Florence 1,President,,WF,Kamala D. Harris,359
Oneida,Florence 1,President,,REP,Donald J. Trump,32
Oneida,Florence 1,President,,CON,Donald J. Trump,0
Oneida,Floyd 1,President,,DEM,Kamala D. Harris,171
Oneida,Floyd 1,President,,WF,Kamala D. Harris,552
Oneida,Floyd 1,President,,REP,Donald J. Trump,44
Oneida,Floyd 1,President,,CON,Donald J. Trump,0
Oneida,Floyd 2,President,,DEM,Kamala D. Harris,174
Oneida,Floyd 2,President,,WF,Kamala D. Harris,470
Oneida,Floyd 2,President,,REP,Donald J. Trump,36
Oneida,Floyd 2,President,,CON,Donald J. Trump,0
Oneida,Floyd 3,President,,DEM,Kamala D. Harris,115
Oneida,Floyd 3,President,,WF,Kamala D. Harris,364
Oneida,Floyd 3,President,,REP,Donald J. Trump,24
Oneida,Floyd 3,President,,CON,Donald J. Trump,0
Oneida,Forestport 1,President,,DEM,Kamala D. Harris,175
Oneida,Forestport 1,President,,WF,Kamala D. Harris,405
Oneida,Forestport 1,President,,REP,Donald J. Trump,40
Oneida,Forestport 1,President,,CON,Donald J. Trump,0
Oneida,Forestport 2,President,,DEM,Kamala D. Harris,87
Oneida,Forestport 2,President,,WF,Kamala D. Harris,224
Oneida,Forestport 2,President,,REP,Donald J. Trump,16
Oneida,Forestport 2,President,,CON,Donald J. Trump,0
Oneida,Kirkland 1,President,,DEM,Kamala D. Harris,316
Oneida,Kirkland 1,President,,WF,Kamala D. Harris,346
Oneida,Kirkland 1,President,,REP,Donald J. Trump,38
Oneida,Kirkland 1,President,,CON,Donald J. Trump,0
Oneida,Kirkland 2,President,,DEM,Kamala D. Harris,238
Oneida,Kirkland 2,President,,WF,Kamala D. Harris,256
Oneida,Kirkland 2,President,,REP,Donald J. Trump,26
Oneida,Kirkland 2,President,,CON,Donald J. Trump,0
Oneida,Kirkland 3,President,,DEM,Kamala D. Harris,425
Oneida,Kirkland 3,President,,WF,Kamala D. Harris,120
Oneida,Kirkland 3,President,,REP,Donald J. Trump,10
Oneida,Kirkland 3,President,,CON,Donald J. Trump,0
Oneida,Kirkland 4,President,,DEM,Kamala D. Harris,228
Oneida,Kirkland 4,President,,WF,Kamala D. Harris,116
Oneida,Kirkland 4,President,,REP,Donald J. Trump,27
Oneida,Kirkland 4,President,,CON,Donald J. Trump,2
Oneida,Kirkland 5,President,,DEM,Kamala D. Harris,154
Oneida,Kirkland 5,President,,WF,Kamala D. Harris,122
Oneida,Kirkland 5,President,,REP,Donald J. Trump,15
Oneida,Kirkland 5,President,,CON,Donald J. Trump,0
Oneida,Kirkland 6,President,,DEM,Kamala D. Harris,412
Oneida,Kirkland 6,President,,WF,Kamala D. Harris,228
Oneida,Kirkland 6,President,,REP,Donald J. Trump,13
Oneida,Kirkland 6,President,,CON,Donald J. Trump,0
Oneida,Kirkland 7,President,,DEM,Kamala D. Harris,396
Oneida,Kirkland 7,President,,WF,Kamala D. Harris,158
Oneida,Kirkland 7,President,,REP,Donald J. Trump,16
Oneida,Kirkland 7,President,,CON,Donald J. Trump,0
Oneida,Kirkland 8,President,,DEM,Kamala D. Harris,190
Oneida,Kirkland 8,President,,WF,Kamala D. Harris,225
Oneida,Kirkland 8,President,,REP,Donald J. Trump,24
Oneida,Kirkland 8,President,,CON,Donald J. Trump,0
Oneida,Kirkland 9,President,,DEM,Kamala D. Harris,308
Oneida,Kirkland 9,President,,WF,Kamala D. Harris,165
Oneida,Kirkland 9,President,,REP,Donald J. Trump,17
Oneida,Kirkland 9,President,,CON,Donald J. Trump,0
Oneida,Kirkland 10,President,,DEM,Kamala D. Harris,207
Oneida,Kirkland 10,President,,WF,Kamala D. Harris,160
Oneida,Kirkland 10,President,,REP,Donald J. Trump,6
Oneida,Kirkland 10,President,,CON,Donald J. Trump,0
Oneida,Lee 1,President,,DEM,Kamala D. Harris,172
Oneida,Lee 1,President,,WF,Kamala D. Harris,402
Oneida,Lee 1,President,,REP,Donald J. Trump,31
Oneida,Lee 1,President,,CON,Donald J. Trump,0
Oneida,Lee 2,President,,DEM,Kamala D. Harris,172
Oneida,Lee 2,President,,WF,Kamala D. Harris,541
Oneida,Lee 2,President,,REP,Donald J. Trump,34
Oneida,Lee 2,President,,CON,Donald J. Trump,0
Oneida,Lee 3,President,,DEM,Kamala D. Harris,59
Oneida,Lee 3,President,,WF,Kamala D. Harris,221
Oneida,Lee 3,President,,REP,Donald J. Trump,21
Oneida,Lee 3,President,,CON,Donald J. Trump,0
Oneida,Lee 4,President,,DEM,Kamala D. Harris,246
Oneida,Lee 4,President,,WF,Kamala D. Harris,353
Oneida,Lee 4,President,,REP,Donald J. Trump,40
Oneida,Lee 4,President,,CON,Donald J. Trump,0
Oneida,Lee 5,President,,DEM,Kamala D. Harris,356
Oneida,Lee 5,President,,WF,Kamala D. Harris,572
Oneida,Lee 5,President,,REP,Donald J. Trump,46
Oneida,Lee 5,President,,CON,Donald J. Trump,0
Oneida,Marcy 1,President,,DEM,Kamala D. Harris,331
Oneida,Marcy 1,President,,WF,Kamala D. Harris,600
Oneida,Marcy 1,President,,REP,Donald J. Trump,55
Oneida,Marcy 1,President,,CON,Donald J. Trump,0
Oneida,Marcy 2,President,,DEM,Kamala D. Harris,216
Oneida,Marcy 2,President,,WF,Kamala D. Harris,495
Oneida,Marcy 2,President,,REP,Donald J. Trump,54
Oneida,Marcy 2,President,,CON,Donald J. Trump,0
Oneida,Marcy 3,President,,DEM,Kamala D. Harris,299
Oneida,Marcy 3,President,,WF,Kamala D. Harris,542
Oneida,Marcy 3,President,,REP,Donald J. Trump,57
Oneida,Marcy 3,President,,CON,Donald J. Trump,0
Oneida,Marcy 4,President,,DEM,Kamala D. Harris,251
Oneida,Marcy 4,President,,WF,Kamala D. Harris,554
Oneida,Marcy 4,President,,REP,Donald J. Trump,47
Oneida,Marcy 4,President,,CON,Donald J. Trump,0
Oneida,Marshall 1,President,,DEM,Kamala D. Harris,186
Oneida,Marshall 1,President,,WF,Kamala D. Harris,307
Oneida,Marshall 1,President,,REP,Donald J. Trump,30
Oneida,Marshall 1,President,,CON,Donald J. Trump,0
Oneida,Marshall 2,President,,DEM,Kamala D. Harris,155
Oneida,Marshall 2,President,,WF,Kamala D. Harris,293
Oneida,Marshall 2,President,,REP,Donald J. Trump,34
Oneida,Marshall 2,President,,CON,Donald J. Trump,0
Oneida,New Hartford Ward 1 District 1,President,,DEM,Kamala D. Harris,323
Oneida,New Hartford Ward 1 District 1,President,,WF,Kamala D. Harris,474
Oneida,New Hartford Ward 1 District 1,President,,REP,Donald J. Trump,33
Oneida,New Hartford Ward 1 District 1,President,,CON,Donald J. Trump,0
Oneida,New Hartford Ward 1 District 2,President,,DEM,Kamala D. Harris,214
Oneida,New Hartford Ward 1 District 2,President,,WF,Kamala D. Harris,323
Oneida,New Hartford Ward 1 District 2,President,,REP,Donald J. Trump,28
Oneida,New Hartford Ward 1 District 2,President,,CON,Donald J. Trump,0
Oneida,New Hartford Ward 1 District 3,President,,DEM,Kamala D. Harris,417
Oneida,New Hartford Ward 1 District 3,President,,WF,Kamala D. Harris,372
Oneida,New Hartford Ward 1 District 3,President,,REP,Donald J. Trump,33
Oneida,New Hartford Ward 1 District 3,President,,CON,Donald J. Trump,0
Oneida,New Hartford Ward 1 District 4,President,,DEM,Kamala D. Harris,271
Oneida,New Hartford Ward 1 District 4,President,,WF,Kamala D. Harris,344
Oneida,New Hartford Ward 1 District 4,President,,REP,Donald J. Trump,39
Oneida,New Hartford Ward 1 District 4,President,,CON,Donald J. Trump,0
Oneida,New Hartford Ward 1 District 5,President,,DEM,Kamala D. Harris,335
Oneida,New Hartford Ward 1 District 5,President,,WF,Kamala D. Harris,303
Oneida,New Hartford Ward 1 District 5,President,,REP,Donald J. Trump,28
Oneida,New Hartford Ward 1 District 5,President,,CON,Donald J. Trump,0
Oneida,New Hartford Ward 2 District 1,President,,DEM,Kamala D. Harris,242
Oneida,New Hartford Ward 2 District 1,President,,WF,Kamala D. Harris,311
Oneida,New Hartford Ward 2 District 1,President,,REP,Donald J. Trump,28
Oneida,New Hartford Ward 2 District 1,President,,CON,Donald J. Trump,0
Oneida,New Hartford Ward 2 District 2,President,,DEM,Kamala D. Harris,317
Oneida,New Hartford Ward 2 District 2,President,,WF,Kamala D. Harris,374
Oneida,New Hartford Ward 2 District 2,President,,REP,Donald J. Trump,27
Oneida,New Hartford Ward 2 District 2,President,,CON,Donald J. Trump,0
Oneida,New Hartford Ward 2 District 3,President,,DEM,Kamala D. Harris,328
Oneida,New Hartford Ward 2 District 3,President,,WF,Kamala D. Harris,427
Oneida,New Hartford Ward 2 District 3,President,,REP,Donald J. Trump,35
Oneida,New Hartford Ward 2 District 3,President,,CON,Donald J. Trump,0
Oneida,New Hartford Ward 2 District 4,President,,DEM,Kamala D. Harris,464
Oneida,New Hartford Ward 2 District 4,President,,WF,Kamala D. Harris,417
Oneida,New Hartford Ward 2 District 4,President,,REP,Donald J. Trump,38
Oneida,New Hartford Ward 2 District 4,President,,CON,Donald J. Trump,0
Oneida,New Hartford Ward 3 District 1,President,,DEM,Kamala D. Harris,385
Oneida,New Hartford Ward 3 District 1,President,,WF,Kamala D. Harris,256
Oneida,New Hartford Ward 3 District 1,President,,REP,Donald J. Trump,25
Oneida,New Hartford Ward 3 District 1,President,,CON,Donald J. Trump,0
Oneida,New Hartford Ward 3 District 2,President,,DEM,Kamala D. Harris,398
Oneida,New Hartford Ward 3 District 2,President,,WF,Kamala D. Harris,360
Oneida,New Hartford Ward 3 District 2,President,,REP,Donald J. Trump,37
Oneida,New Hartford Ward 3 District 2,President,,CON,Donald J. Trump,0
Oneida,New Hartford Ward 3 District 3,President,,DEM,Kamala D. Harris,278
Oneida,New Hartford Ward 3 District 3,President,,WF,Kamala D. Harris,232
Oneida,New Hartford Ward 3 District 3,President,,REP,Donald J. Trump,9
Oneida,New Hartford Ward 3 District 3,President,,CON,Donald J. Trump,0
Oneida,New Hartford Ward 3 District 4,President,,DEM,Kamala D. Harris,325
Oneida,New Hartford Ward 3 District 4,President,,WF,Kamala D. Harris,317
Oneida,New Hartford Ward 3 District 4,President,,REP,Donald J. Trump,30
Oneida,New Hartford Ward 3 District 4,President,,CON,Donald J. Trump,2
Oneida,New Hartford Ward 4 District 1,President,,DEM,Kamala D. Harris,421
Oneida,New Hartford Ward 4 District 1,President,,WF,Kamala D. Harris,408
Oneida,New Hartford Ward 4 District 1,President,,REP,Donald J. Trump,30
Oneida,New Hartford Ward 4 District 1,President,,CON,Donald J. Trump,0
Oneida,New Hartford Ward 4 District 2,President,,DEM,Kamala D. Harris,227
Oneida,New Hartford Ward 4 District 2,President,,WF,Kamala D. Harris,211
Oneida,New Hartford Ward 4 District 2,President,,REP,Donald J. Trump,16
Oneida,New Hartford Ward 4 District 2,President,,CON,Donald J. Trump,0
Oneida,New Hartford Ward 4 District 3,President,,DEM,Kamala D. Harris,247
Oneida,New Hartford Ward 4 District 3,President,,WF,Kamala D. Harris,231
Oneida,New Hartford Ward 4 District 3,President,,REP,Donald J. Trump,23
Oneida,New Hartford Ward 4 District 3,President,,CON,Donald J. Trump,0
Oneida,New Hartford Ward 4 District 4,President,,DEM,Kamala D. Harris,601
Oneida,New Hartford Ward 4 District 4,President,,WF,Kamala D. Harris,620
Oneida,New Hartford Ward 4 District 4,President,,REP,Donald J. Trump,68
Oneida,New Hartford Ward 4 District 4,President,,CON,Donald J. Trump,1
Oneida,Paris 1,President,,DEM,Kamala D. Harris,226
Oneida,Paris 1,President,,WF,Kamala D. Harris,435
Oneida,Paris 1,President,,REP,Donald J. Trump,30
Oneida,Paris 1,President,,CON,Donald J. Trump,0
Oneida,Paris 2,President,,DEM,Kamala D. Harris,246
Oneida,Paris 2,President,,WF,Kamala D. Harris,489
Oneida,Paris 2,President,,REP,Donald J. Trump,56
Oneida,Paris 2,President,,CON,Donald J. Trump,0
Oneida,Paris 3,President,,DEM,Kamala D. Harris,289
Oneida,Paris 3,President,,WF,Kamala D. Harris,593
Oneida,Paris 3,President,,REP,Donald J. Trump,68
Oneida,Paris 3,President,,CON,Donald J. Trump,0
Oneida,Remsen 1,President,,DEM,Kamala D. Harris,272
Oneida,Remsen 1,President,,WF,Kamala D. Harris,676
Oneida,Remsen 1,President,,REP,Donald J. Trump,57
Oneida,Remsen 1,President,,CON,Donald J. Trump,0
Oneida,Rome Ward 1 District 1,President,,DEM,Kamala D. Harris,147
Oneida,Rome Ward 1 District 1,President,,WF,Kamala D. Harris,160
Oneida,Rome Ward 1 District 1,President,,REP,Donald J. Trump,14
Oneida,Rome Ward 1 District 1,President,,CON,Donald J. Trump,0
Oneida,Rome Ward 1 District 2,President,,DEM,Kamala D. Harris,135
Oneida,Rome Ward 1 District 2,President,,WF,Kamala D. Harris,190
Oneida,Rome Ward 1 District 2,President,,REP,Donald J. Trump,15
Oneida,Rome Ward 1 District 2,President,,CON,Donald J. Trump,0
Oneida,Rome Ward 1 District 3,President,,DEM,Kamala D. Harris,194
Oneida,Rome Ward 1 District 3,President,,WF,Kamala D. Harris,221
Oneida,Rome Ward 1 District 3,President,,REP,Donald J. Trump,24
Oneida,Rome Ward 1 District 3,President,,CON,Donald J. Trump,0
Oneida,Rome Ward 1 District 4,President,,DEM,Kamala D. Harris,198
Oneida,Rome Ward 1 District 4,President,,WF,Kamala D. Harris,270
Oneida,Rome Ward 1 District 4,President,,REP,Donald J. Trump,26
Oneida,Rome Ward 1 District 4,President,,CON,Donald J. Trump,0
Oneida,Rome Ward 2 District 1,President,,DEM,Kamala D. Harris,212
Oneida,Rome Ward 2 District 1,President,,WF,Kamala D. Harris,461
Oneida,Rome Ward 2 District 1,President,,REP,Donald J. Trump,50
Oneida,Rome Ward 2 District 1,President,,CON,Donald J. Trump,0
Oneida,Rome Ward 2 District 2,President,,DEM,Kamala D. Harris,35
Oneida,Rome Ward 2 District 2,President,,WF,Kamala D. Harris,59
Oneida,Rome Ward 2 District 2,President,,REP,Donald J. Trump,3
Oneida,Rome Ward 2 District 2,President,,CON,Donald J. Trump,0
Oneida,Rome Ward 2 District 3,President,,DEM,Kamala D. Harris,37
Oneida,Rome Ward 2 District 3,President,,WF,Kamala D. Harris,74
Oneida,Rome Ward 2 District 3,President,,REP,Donald J. Trump,7
Oneida,Rome Ward 2 District 3,President,,CON,Donald J. Trump,0
Oneida,Rome Ward 2 District 4,President,,DEM,Kamala D. Harris,63
Oneida,Rome Ward 2 District 4,President,,WF,Kamala D. Harris,128
Oneida,Rome Ward 2 District 4,President,,REP,Donald J. Trump,4
Oneida,Rome Ward 2 District 4,President,,CON,Donald J. Trump,0
Oneida,Rome Ward 2 District 5,President,,DEM,Kamala D. Harris,94
Oneida,Rome Ward 2 District 5,President,,WF,Kamala D. Harris,127
Oneida,Rome Ward 2 District 5,President,,REP,Donald J. Trump,12
Oneida,Rome Ward 2 District 5,President,,CON,Donald J. Trump,0
Oneida,Rome Ward 3 District 1,President,,DEM,Kamala D. Harris,43
Oneida,Rome Ward 3 District 1,President,,WF,Kamala D. Harris,77
Oneida,Rome Ward 3 District 1,President,,REP,Donald J. Trump,7
Oneida,Rome Ward 3 District 1,President,,CON,Donald J. Trump,0
Oneida,Rome Ward 3 District 2,President,,DEM,Kamala D. Harris,40
Oneida,Rome Ward 3 District 2,President,,WF,Kamala D. Harris,128
Oneida,Rome Ward 3 District 2,President,,REP,Donald J. Trump,10
Oneida,Rome Ward 3 District 2,President,,CON,Donald J. Trump,0
Oneida,Rome Ward 3 District 3,President,,DEM,Kamala D. Harris,227
Oneida,Rome Ward 3 District 3,President,,WF,Kamala D. Harris,418
Oneida,Rome Ward 3 District 3,President,,REP,Donald J. Trump,30
Oneida,Rome Ward 3 District 3,President,,CON,Donald J. Trump,0
Oneida,Rome Ward 3 District 4,President,,DEM,Kamala D. Harris,148
Oneida,Rome Ward 3 District 4,President,,WF,Kamala D. Harris,239
Oneida,Rome Ward 3 District 4,President,,REP,Donald J. Trump,31
Oneida,Rome Ward 3 District 4,President,,CON,Donald J. Trump,0
Oneida,Rome Ward 3 District 5,President,,DEM,Kamala D. Harris,20
Oneida,Rome Ward 3 District 5,President,,WF,Kamala D. Harris,28
Oneida,Rome Ward 3 District 5,President,,REP,Donald J. Trump,4
Oneida,Rome Ward 3 District 5,President,,CON,Donald J. Trump,0
Oneida,Rome Ward 4 District 1,President,,DEM,Kamala D. Harris,108
Oneida,Rome Ward 4 District 1,President,,WF,Kamala D. Harris,95
Oneida,Rome Ward 4 District 1,President,,REP,Donald J. Trump,5
Oneida,Rome Ward 4 District 1,President,,CON,Donald J. Trump,0
Oneida,Rome Ward 4 District 2,President,,DEM,Kamala D. Harris,217
Oneida,Rome Ward 4 District 2,President,,WF,Kamala D. Harris,239
Oneida,Rome Ward 4 District 2,President,,REP,Donald J. Trump,20
Oneida,Rome Ward 4 District 2,President,,CON,Donald J. Trump,0
Oneida,Rome Ward 4 District 3,President,,DEM,Kamala D. Harris,132
Oneida,Rome Ward 4 District 3,President,,WF,Kamala D. Harris,197
Oneida,Rome Ward 4 District 3,President,,REP,Donald J. Trump,15
Oneida,Rome Ward 4 District 3,President,,CON,Donald J. Trump,0
Oneida,Rome Ward 4 District 4,President,,DEM,Kamala D. Harris,180
Oneida,Rome Ward 4 District 4,President,,WF,Kamala D. Harris,253
Oneida,Rome Ward 4 District 4,President,,REP,Donald J. Trump,35
Oneida,Rome Ward 4 District 4,President,,CON,Donald J. Trump,0
Oneida,Rome Ward 5 District 1,President,,DEM,Kamala D. Harris,150
Oneida,Rome Ward 5 District 1,President,,WF,Kamala D. Harris,145
Oneida,Rome Ward 5 District 1,President,,REP,Donald J. Trump,9
Oneida,Rome Ward 5 District 1,President,,CON,Donald J. Trump,0
Oneida,Rome Ward 5 District 2,President,,DEM,Kamala D. Harris,177
Oneida,Rome Ward 5 District 2,President,,WF,Kamala D. Harris,192
Oneida,Rome Ward 5 District 2,President,,REP,Donald J. Trump,27
Oneida,Rome Ward 5 District 2,President,,CON,Donald J. Trump,0
Oneida,Rome Ward 5 District 3,President,,DEM,Kamala D. Harris,222
Oneida,Rome Ward 5 District 3,President,,WF,Kamala D. Harris,261
Oneida,Rome Ward 5 District 3,President,,REP,Donald J. Trump,26
Oneida,Rome Ward 5 District 3,President,,CON,Donald J. Trump,0
Oneida,Rome Ward 5 District 4,President,,DEM,Kamala D. Harris,358
Oneida,Rome Ward 5 District 4,President,,WF,Kamala D. Harris,446
Oneida,Rome Ward 5 District 4,President,,REP,Donald J. Trump,34
Oneida,Rome Ward 5 District 4,President,,CON,Donald J. Trump,0
Oneida,Rome Ward 6 District 1,President,,DEM,Kamala D. Harris,128
Oneida,Rome Ward 6 District 1,President,,WF,Kamala D. Harris,220
Oneida,Rome Ward 6 District 1,President,,REP,Donald J. Trump,17
Oneida,Rome Ward 6 District 1,President,,CON,Donald J. Trump,0
Oneida,Rome Ward 6 District 2,President,,DEM,Kamala D. Harris,212
Oneida,Rome Ward 6 District 2,President,,WF,Kamala D. Harris,261
Oneida,Rome Ward 6 District 2,President,,REP,Donald J. Trump,33
Oneida,Rome Ward 6 District 2,President,,CON,Donald J. Trump,0
Oneida,Rome Ward 6 District 3,President,,DEM,Kamala D. Harris,297
Oneida,Rome Ward 6 District 3,President,,WF,Kamala D. Harris,405
Oneida,Rome Ward 6 District 3,President,,REP,Donald J. Trump,26
Oneida,Rome Ward 6 District 3,President,,CON,Donald J. Trump,0
Oneida,Rome Ward 6 District 4,President,,DEM,Kamala D. Harris,325
Oneida,Rome Ward 6 District 4,President,,WF,Kamala D. Harris,510
Oneida,Rome Ward 6 District 4,President,,REP,Donald J. Trump,44
Oneida,Rome Ward 6 District 4,President,,CON,Donald J. Trump,0
Oneida,Rome Ward 7 District 1,President,,DEM,Kamala D. Harris,98
Oneida,Rome Ward 7 District 1,President,,WF,Kamala D. Harris,185
Oneida,Rome Ward 7 District 1,President,,REP,Donald J. Trump,19
Oneida,Rome Ward 7 District 1,President,,CON,Donald J. Trump,0
Oneida,Rome Ward 7 District 2,President,,DEM,Kamala D. Harris,220
Oneida,Rome Ward 7 District 2,President,,WF,Kamala D. Harris,245
Oneida,Rome Ward 7 District 2,President,,REP,Donald J. Trump,37
Oneida,Rome Ward 7 District 2,President,,CON,Donald J. Trump,0
Oneida,Rome Ward 7 District 3,President,,DEM,Kamala D. Harris,238
Oneida,Rome Ward 7 District 3,President,,WF,Kamala D. Harris,254
Oneida,Rome Ward 7 District 3,President,,REP,Donald J. Trump,20
Oneida,Rome Ward 7 District 3,President,,CON,Donald J. Trump,0
Oneida,Rome Ward 7 District 4,President,,DEM,Kamala D. Harris,183
Oneida,Rome Ward 7 District 4,President,,WF,Kamala D. Harris,210
Oneida,Rome Ward 7 District 4,President,,REP,Donald J. Trump,17
Oneida,Rome Ward 7 District 4,President,,CON,Donald J. Trump,0
Oneida,Rome Ward 7 District 5,President,,DEM,Kamala D. Harris,225
Oneida,Rome Ward 7 District 5,President,,WF,Kamala D. Harris,211
Oneida,Rome Ward 7 District 5,President,,REP,Donald J. Trump,20
Oneida,Rome Ward 7 District 5,President,,CON,Donald J. Trump,0
Oneida,Sangerfield 1,President,,DEM,Kamala D. Harris,269
Oneida,Sangerfield 1,President,,WF,Kamala D. Harris,299
Oneida,Sangerfield 1,President,,REP,Donald J. Trump,28
Oneida,Sangerfield 1,President,,CON,Donald J. Trump,0
Oneida,Sangerfield 2,President,,DEM,Kamala D. Harris,150
Oneida,Sangerfield 2,President,,WF,Kamala D. Harris,319
Oneida,Sangerfield 2,President,,REP,Donald J. Trump,25
Oneida,Sangerfield 2,President,,CON,Donald J. Trump,0
Oneida,Steuben 1,President,,DEM,Kamala D. Harris,141
Oneida,Steuben 1,President,,WF,Kamala D. Harris,455
Oneida,Steuben 1,President,,REP,Donald J. Trump,33
Oneida,Steuben 1,President,,CON,Donald J. Trump,0
Oneida,Trenton 1,President,,DEM,Kamala D. Harris,213
Oneida,Trenton 1,President,,WF,Kamala D. Harris,397
Oneida,Trenton 1,President,,REP,Donald J. Trump,25
Oneida,Trenton 1,President,,CON,Donald J. Trump,0
Oneida,Trenton 2,President,,DEM,Kamala D. Harris,250
Oneida,Trenton 2,President,,WF,Kamala D. Harris,475
Oneida,Trenton 2,President,,REP,Donald J. Trump,21
Oneida,Trenton 2,President,,CON,Donald J. Trump,1
Oneida,Trenton 3,President,,DEM,Kamala D. Harris,253
Oneida,Trenton 3,President,,WF,Kamala D. Harris,387
Oneida,Trenton 3,President,,REP,Donald J. Trump,45
Oneida,Trenton 3,President,,CON,Donald J. Trump,2
Oneida,Trenton 4,President,,DEM,Kamala D. Harris,116
Oneida,Trenton 4,President,,WF,Kamala D. Harris,284
Oneida,Trenton 4,President,,REP,Donald J. Trump,26
Oneida,Trenton 4,President,,CON,Donald J. Trump,0
Oneida,Utica Ward 1 District 1,President,,DEM,Kamala D. Harris,68
Oneida,Utica Ward 1 District 1,President,,WF,Kamala D. Harris,53
Oneida,Utica Ward 1 District 1,President,,REP,Donald J. Trump,6
Oneida,Utica Ward 1 District 1,President,,CON,Donald J. Trump,0
Oneida,Utica Ward 1 District 2,President,,DEM,Kamala D. Harris,103
Oneida,Utica Ward 1 District 2,President,,WF,Kamala D. Harris,36
Oneida,Utica Ward 1 District 2,President,,REP,Donald J. Trump,1
Oneida,Utica Ward 1 District 2,President,,CON,Donald J. Trump,0
Oneida,Utica Ward 1 District 3,President,,DEM,Kamala D. Harris,118
Oneida,Utica Ward 1 District 3,President,,WF,Kamala D. Harris,48
Oneida,Utica Ward 1 District 3,President,,REP,Donald J. Trump,8
Oneida,Utica Ward 1 District 3,President,,CON,Donald J. Trump,0
Oneida,Utica Ward 1 District 4,President,,DEM,Kamala D. Harris,221
Oneida,Utica Ward 1 District 4,President,,WF,Kamala D. Harris,130
Oneida,Utica Ward 1 District 4,President,,REP,Donald J. Trump,11
Oneida,Utica Ward 1 District 4,President,,CON,Donald J. Trump,0
Oneida,Utica Ward 1 District 5,President,,DEM,Kamala D. Harris,113
Oneida,Utica Ward 1 District 5,President,,WF,Kamala D. Harris,94
Oneida,Utica Ward 1 District 5,President,,REP,Donald J. Trump,9
Oneida,Utica Ward 1 District 5,President,,CON,Donald J. Trump,0
Oneida,Utica Ward 1 District 6,President,,DEM,Kamala D. Harris,58
Oneida,Utica Ward 1 District 6,President,,WF,Kamala D. Harris,30
Oneida,Utica Ward 1 District 6,President,,REP,Donald J. Trump,9
Oneida,Utica Ward 1 District 6,President,,CON,Donald J. Trump,0
Oneida,Utica Ward 1 District 7,President,,DEM,Kamala D. Harris,200
Oneida,Utica Ward 1 District 7,President,,WF,Kamala D. Harris,126
Oneida,Utica Ward 1 District 7,President,,REP,Donald J. Trump,4
Oneida,Utica Ward 1 District 7,President,,CON,Donald J. Trump,0
Oneida,Utica Ward 1 District 8,President,,DEM,Kamala D. Harris,109
Oneida,Utica Ward 1 District 8,President,,WF,Kamala D. Harris,60
Oneida,Utica Ward 1 District 8,President,,REP,Donald J. Trump,4
Oneida,Utica Ward 1 District 8,President,,CON,Donald J. Trump,0
Oneida,Utica Ward 2 District 1,President,,DEM,Kamala D. Harris,185
Oneida,Utica Ward 2 District 1,President,,WF,Kamala D. Harris,174
Oneida,Utica Ward 2 District 1,President,,REP,Donald J. Trump,18
Oneida,Utica Ward 2 District 1,President,,CON,Donald J. Trump,0
Oneida,Utica Ward 2 District 2,President,,DEM,Kamala D. Harris,96
Oneida,Utica Ward 2 District 2,President,,WF,Kamala D. Harris,82
Oneida,Utica Ward 2 District 2,President,,REP,Donald J. Trump,9
Oneida,Utica Ward 2 District 2,President,,CON,Donald J. Trump,0
Oneida,Utica Ward 2 District 3,President,,DEM,Kamala D. Harris,208
Oneida,Utica Ward 2 District 3,President,,WF,Kamala D. Harris,171
Oneida,Utica Ward 2 District 3,President,,REP,Donald J. Trump,13
Oneida,Utica Ward 2 District 3,President,,CON,Donald J. Trump,0
Oneida,Utica Ward 2 District 4,President,,DEM,Kamala D. Harris,211
Oneida,Utica Ward 2 District 4,President,,WF,Kamala D. Harris,171
Oneida,Utica Ward 2 District 4,President,,REP,Donald J. Trump,19
Oneida,Utica Ward 2 District 4,President,,CON,Donald J. Trump,0
Oneida,Utica Ward 2 District 5,President,,DEM,Kamala D. Harris,130
Oneida,Utica Ward 2 District 5,President,,WF,Kamala D. Harris,112
Oneida,Utica Ward 2 District 5,President,,REP,Donald J. Trump,24
Oneida,Utica Ward 2 District 5,President,,CON,Donald J. Trump,0
Oneida,Utica Ward 2 District 6,President,,DEM,Kamala D. Harris,71
Oneida,Utica Ward 2 District 6,President,,WF,Kamala D. Harris,47
Oneida,Utica Ward 2 District 6,President,,REP,Donald J. Trump,10
Oneida,Utica Ward 2 District 6,President,,CON,Donald J. Trump,0
Oneida,Utica Ward 2 District 7,President,,DEM,Kamala D. Harris,135
Oneida,Utica Ward 2 District 7,President,,WF,Kamala D. Harris,59
Oneida,Utica Ward 2 District 7,President,,REP,Donald J. Trump,6
Oneida,Utica Ward 2 District 7,President,,CON,Donald J. Trump,0
Oneida,Utica Ward 2 District 8,President,,DEM,Kamala D. Harris,81
Oneida,Utica Ward 2 District 8,President,,WF,Kamala D. Harris,42
Oneida,Utica Ward 2 District 8,President,,REP,Donald J. Trump,5
Oneida,Utica Ward 2 District 8,President,,CON,Donald J. Trump,0
Oneida,Utica Ward 3 District 1,President,,DEM,Kamala D. Harris,250
Oneida,Utica Ward 3 District 1,President,,WF,Kamala D. Harris,190
Oneida,Utica Ward 3 District 1,President,,REP,Donald J. Trump,19
Oneida,Utica Ward 3 District 1,President,,CON,Donald J. Trump,0
Oneida,Utica Ward 3 District 2,President,,DEM,Kamala D. Harris,214
Oneida,Utica Ward 3 District 2,President,,WF,Kamala D. Harris,176
Oneida,Utica Ward 3 District 2,President,,REP,Donald J. Trump,24
Oneida,Utica Ward 3 District 2,President,,CON,Donald J. Trump,0
Oneida,Utica Ward 3 District 3,President,,DEM,Kamala D. Harris,291
Oneida,Utica Ward 3 District 3,President,,WF,Kamala D. Harris,265
Oneida,Utica Ward 3 District 3,President,,REP,Donald J. Trump,37
Oneida,Utica Ward 3 District 3,President,,CON,Donald J. Trump,0
Oneida,Utica Ward 3 District 4,President,,DEM,Kamala D. Harris,324
Oneida,Utica Ward 3 District 4,President,,WF,Kamala D. Harris,226
Oneida,Utica Ward 3 District 4,President,,REP,Donald J. Trump,20
Oneida,Utica Ward 3 District 4,President,,CON,Donald J. Trump,0
Oneida,Utica Ward 3 District 5,President,,DEM,Kamala D. Harris,205
Oneida,Utica Ward 3 District 5,President,,WF,Kamala D. Harris,120
Oneida,Utica Ward 3 District 5,President,,REP,Donald J. Trump,11
Oneida,Utica Ward 3 District 5,President,,CON,Donald J. Trump,0
Oneida,Utica Ward 3 District 6,President,,DEM,Kamala D. Harris,326
Oneida,Utica Ward 3 District 6,President,,WF,Kamala D. Harris,219
Oneida,Utica Ward 3 District 6,President,,REP,Donald J. Trump,16
Oneida,Utica Ward 3 District 6,President,,CON,Donald J. Trump,0
Oneida,Utica Ward 3 District 7,President,,DEM,Kamala D. Harris,202
Oneida,Utica Ward 3 District 7,President,,WF,Kamala D. Harris,113
Oneida,Utica Ward 3 District 7,President,,REP,Donald J. Trump,12
Oneida,Utica Ward 3 District 7,President,,CON,Donald J. Trump,0
Oneida,Utica Ward 3 District 8,President,,DEM,Kamala D. Harris,180
Oneida,Utica Ward 3 District 8,President,,WF,Kamala D. Harris,102
Oneida,Utica Ward 3 District 8,President,,REP,Donald J. Trump,12
Oneida,Utica Ward 3 District 8,President,,CON,Donald J. Trump,0
Oneida,Utica Ward 3 District 9,President,,DEM,Kamala D. Harris,255
Oneida,Utica Ward 3 District 9,President,,WF,Kamala D. Harris,157
Oneida,Utica Ward 3 District 9,President,,REP,Donald J. Trump,13
Oneida,Utica Ward 3 District 9,President,,CON,Donald J. Trump,0
Oneida,Utica Ward 3 District 10,President,,DEM,Kamala D. Harris,115
Oneida,Utica Ward 3 District 10,President,,WF,Kamala D. Harris,94
Oneida,Utica Ward 3 District 10,President,,REP,Donald J. Trump,3
Oneida,Utica Ward 3 District 10,President,,CON,Donald J. Trump,0
Oneida,Utica Ward 4 District 1,President,,DEM,Kamala D. Harris,158
Oneida,Utica Ward 4 District 1,President,,WF,Kamala D. Harris,128
Oneida,Utica Ward 4 District 1,President,,REP,Donald J. Trump,5
Oneida,Utica Ward 4 District 1,President,,CON,Donald J. Trump,0
Oneida,Utica Ward 4 District 2,President,,DEM,Kamala D. Harris,141
Oneida,Utica Ward 4 District 2,President,,WF,Kamala D. Harris,132
Oneida,Utica Ward 4 District 2,President,,REP,Donald J. Trump,10
Oneida,Utica Ward 4 District 2,President,,CON,Donald J. Trump,0
Oneida,Utica Ward 4 District 3,President,,DEM,Kamala D. Harris,186
Oneida,Utica Ward 4 District 3,President,,WF,Kamala D. Harris,226
Oneida,Utica Ward 4 District 3,President,,REP,Donald J. Trump,15
Oneida,Utica Ward 4 District 3,President,,CON,Donald J. Trump,0
Oneida,Utica Ward 4 District 4,President,,DEM,Kamala D. Harris,103
Oneida,Utica Ward 4 District 4,President,,WF,Kamala D. Harris,118
Oneida,Utica Ward 4 District 4,President,,REP,Donald J. Trump,6
Oneida,Utica Ward 4 District 4,President,,CON,Donald J. Trump,0
Oneida,Utica Ward 4 District 5,President,,DEM,Kamala D. Harris,146
Oneida,Utica Ward 4 District 5,President,,WF,Kamala D. Harris,191
Oneida,Utica Ward 4 District 5,President,,REP,Donald J. Trump,14
Oneida,Utica Ward 4 District 5,President,,CON,Donald J. Trump,0
Oneida,Utica Ward 4 District 6,President,,DEM,Kamala D. Harris,212
Oneida,Utica Ward 4 District 6,President,,WF,Kamala D. Harris,209
Oneida,Utica Ward 4 District 6,President,,REP,Donald J. Trump,13
Oneida,Utica Ward 4 District 6,President,,CON,Donald J. Trump,0
Oneida,Utica Ward 4 District 7,President,,DEM,Kamala D. Harris,161
Oneida,Utica Ward 4 District 7,President,,WF,Kamala D. Harris,139
Oneida,Utica Ward 4 District 7,President,,REP,Donald J. Trump,11
Oneida,Utica Ward 4 District 7,President,,CON,Donald J. Trump,0
Oneida,Utica Ward 4 District 8,President,,DEM,Kamala D. Harris,168
Oneida,Utica Ward 4 District 8,President,,WF,Kamala D. Harris,146
Oneida,Utica Ward 4 District 8,President,,REP,Donald J. Trump,6
Oneida,Utica Ward 4 District 8,President,,CON,Donald J. Trump,0
Oneida,Utica Ward 4 District 9,President,,DEM,Kamala D. Harris,189
Oneida,Utica Ward 4 District 9,President,,WF,Kamala D. Harris,298
Oneida,Utica Ward 4 District 9,President,,REP,Donald J. Trump,21
Oneida,Utica Ward 4 District 9,President,,CON,Donald J. Trump,0
Oneida,Utica Ward 5 District 1,President,,DEM,Kamala D. Harris,186
Oneida,Utica Ward 5 District 1,President,,WF,Kamala D. Harris,69
Oneida,Utica Ward 5 District 1,President,,REP,Donald J. Trump,10
Oneida,Utica Ward 5 District 1,President,,CON,Donald J. Trump,0
Oneida,Utica Ward 5 District 2,President,,DEM,Kamala D. Harris,279
Oneida,Utica Ward 5 District 2,President,,WF,Kamala D. Harris,123
Oneida,Utica Ward 5 District 2,President,,REP,Donald J. Trump,9
Oneida,Utica Ward 5 District 2,President,,CON,Donald J. Trump,0
Oneida,Utica Ward 5 District 3,President,,DEM,Kamala D. Harris,120
Oneida,Utica Ward 5 District 3,President,,WF,Kamala D. Harris,64
Oneida,Utica Ward 5 District 3,President,,REP,Donald J. Trump,4
Oneida,Utica Ward 5 District 3,President,,CON,Donald J. Trump,0
Oneida,Utica Ward 5 District 4,President,,DEM,Kamala D. Harris,213
Oneida,Utica Ward 5 District 4,President,,WF,Kamala D. Harris,77
Oneida,Utica Ward 5 District 4,President,,REP,Donald J. Trump,7
Oneida,Utica Ward 5 District 4,President,,CON,Donald J. Trump,0
Oneida,Utica Ward 5 District 5,President,,DEM,Kamala D. Harris,259
Oneida,Utica Ward 5 District 5,President,,WF,Kamala D. Harris,154
Oneida,Utica Ward 5 District 5,President,,REP,Donald J. Trump,13
Oneida,Utica Ward 5 District 5,President,,CON,Donald J. Trump,0
Oneida,Utica Ward 5 District 6,President,,DEM,Kamala D. Harris,217
Oneida,Utica Ward 5 District 6,President,,WF,Kamala D. Harris,107
Oneida,Utica Ward 5 District 6,President,,REP,Donald J. Trump,6
Oneida,Utica Ward 5 District 6,President,,CON,Donald J. Trump,0
Oneida,Utica Ward 5 District 7,President,,DEM,Kamala D. Harris,68
Oneida,Utica Ward 5 District 7,President,,WF,Kamala D. Harris,41
Oneida,Utica Ward 5 District 7,President,,REP,Donald J. Trump,5
Oneida,Utica Ward 5 District 7,President,,CON,Donald J. Trump,0
Oneida,Utica Ward 6 District 1,President,,DEM,Kamala D. Harris,171
Oneida,Utica Ward 6 District 1,President,,WF,Kamala D. Harris,225
Oneida,Utica Ward 6 District 1,President,,REP,Donald J. Trump,14
Oneida,Utica Ward 6 District 1,President,,CON,Donald J. Trump,0
Oneida,Utica Ward 6 District 2,President,,DEM,Kamala D. Harris,364
Oneida,Utica Ward 6 District 2,President,,WF,Kamala D. Harris,404
Oneida,Utica Ward 6 District 2,President,,REP,Donald J. Trump,30
Oneida,Utica Ward 6 District 2,President,,CON,Donald J. Trump,0
Oneida,Utica Ward 6 District 3,President,,DEM,Kamala D. Harris,174
Oneida,Utica Ward 6 District 3,President,,WF,Kamala D. Harris,269
Oneida,Utica Ward 6 District 3,President,,REP,Donald J. Trump,12
Oneida,Utica Ward 6 District 3,President,,CON,Donald J. Trump,0
Oneida,Utica Ward 6 District 4,President,,DEM,Kamala D. Harris,176
Oneida,Utica Ward 6 District 4,President,,WF,Kamala D. Harris,218
Oneida,Utica Ward 6 District 4,President,,REP,Donald J. Trump,12
Oneida,Utica Ward 6 District 4,President,,CON,Donald J. Trump,0
Oneida,Utica Ward 6 District 5,President,,DEM,Kamala D. Harris,216
Oneida,Utica Ward 6 District 5,President,,WF,Kamala D. Harris,313
Oneida,Utica Ward 6 District 5,President,,REP,Donald J. Trump,31
Oneida,Utica Ward 6 District 5,President,,CON,Donald J. Trump,0
Oneida,Utica Ward 6 District 6,President,,DEM,Kamala D. Harris,267
Oneida,Utica Ward 6 District 6,President,,WF,Kamala D. Harris,398
Oneida,Utica Ward 6 District 6,President,,REP,Donald J. Trump,22
Oneida,Utica Ward 6 District 6,President,,CON,Donald J. Trump,0
Oneida,Utica Ward 6 District 7,President,,DEM,Kamala D. Harris,229
Oneida,Utica Ward 6 District 7,President,,WF,Kamala D. Harris,234
Oneida,Utica Ward 6 District 7,President,,REP,Donald J. Trump,13
Oneida,Utica Ward 6 District 7,President,,CON,Donald J. Trump,0
Oneida,Utica Ward 6 District 8,President,,DEM,Kamala D. Harris,354
Oneida,Utica Ward 6 District 8,President,,WF,Kamala D. Harris,269
Oneida,Utica Ward 6 District 8,President,,REP,Donald J. Trump,24
Oneida,Utica Ward 6 District 8,President,,CON,Donald J. Trump,0
Oneida,Utica Ward 6 District 9,President,,DEM,Kamala D. Harris,103
Oneida,Utica Ward 6 District 9,President,,WF,Kamala D. Harris,118
Oneida,Utica Ward 6 District 9,President,,REP,Donald J. Trump,4
Oneida,Utica Ward 6 District 9,President,,CON,Donald J. Trump,0
Oneida,Vernon 1,President,,DEM,Kamala D. Harris,173
Oneida,Vernon 1,President,,WF,Kamala D. Harris,457
Oneida,Vernon 1,President,,REP,Donald J. Trump,55
Oneida,Vernon 1,President,,CON,Donald J. Trump,0
Oneida,Vernon 2,President,,DEM,Kamala D. Harris,292
Oneida,Vernon 2,President,,WF,Kamala D. Harris,554
Oneida,Vernon 2,President,,REP,Donald J. Trump,70
Oneida,Vernon 2,President,,CON,Donald J. Trump,0
Oneida,Vernon 3,President,,DEM,Kamala D. Harris,377
Oneida,Vernon 3,President,,WF,Kamala D. Harris,537
Oneida,Vernon 3,President,,REP,Donald J. Trump,43
Oneida,Vernon 3,President,,CON,Donald J. Trump,0
Oneida,Vernon 4,President,,DEM,Kamala D. Harris,484
Oneida,Vernon 4,President,,WF,Kamala D. Harris,566
Oneida,Vernon 4,President,,REP,Donald J. Trump,53
Oneida,Vernon 4,President,,CON,Donald J. Trump,0
Oneida,Vernon 5,President,,DEM,Kamala D. Harris,303
Oneida,Vernon 5,President,,WF,Kamala D. Harris,391
Oneida,Vernon 5,President,,REP,Donald J. Trump,50
Oneida,Vernon 5,President,,CON,Donald J. Trump,0
Oneida,Verona 1,President,,DEM,Kamala D. Harris,232
Oneida,Verona 1,President,,WF,Kamala D. Harris,520
Oneida,Verona 1,President,,REP,Donald J. Trump,68
Oneida,Verona 1,President,,CON,Donald J. Trump,0
Oneida,Verona 2,President,,DEM,Kamala D. Harris,115
Oneida,Verona 2,President,,WF,Kamala D. Harris,367
Oneida,Verona 2,President,,REP,Donald J. Trump,28
Oneida,Verona 2,President,,CON,Donald J. Trump,0
Oneida,Verona 3,President,,DEM,Kamala D. Harris,151
Oneida,Verona 3,President,,WF,Kamala D. Harris,349
Oneida,Verona 3,President,,REP,Donald J. Trump,29
Oneida,Verona 3,President,,CON,Donald J. Trump,0
Oneida,Verona 4,President,,DEM,Kamala D. Harris,78
Oneida,Verona 4,President,,WF,Kamala D. Harris,243
Oneida,Verona 4,President,,REP,Donald J. Trump,35
Oneida,Verona 4,President,,CON,Donald J. Trump,0
Oneida,"Verona 5, 10, 11",President,,DEM,Kamala D. Harris,136
Oneida,"Verona 5, 10, 11",President,,WF,Kamala D. Harris,214
Oneida,"Verona 5, 10, 11",President,,REP,Donald J. Trump,30
Oneida,"Verona 5, 10, 11",President,,CON,Donald J. Trump,0
Oneida,Verona 6,President,,DEM,Kamala D. Harris,95
Oneida,Verona 6,President,,WF,Kamala D. Harris,170
Oneida,Verona 6,President,,REP,Donald J. Trump,16
Oneida,Verona 6,President,,CON,Donald J. Trump,0
Oneida,Verona 7,President,,DEM,Kamala D. Harris,45
Oneida,Verona 7,President,,WF,Kamala D. Harris,102
Oneida,Verona 7,President,,REP,Donald J. Trump,9
Oneida,Verona 7,President,,CON,Donald J. Trump,0
Oneida,"Verona 8, 9",President,,DEM,Kamala D. Harris,16
Oneida,"Verona 8, 9",President,,WF,Kamala D. Harris,36
Oneida,"Verona 8, 9",President,,REP,Donald J. Trump,8
Oneida,"Verona 8, 9",President,,CON,Donald J. Trump,0
Oneida,Vienna 1,President,,DEM,Kamala D. Harris,239
Oneida,Vienna 1,President,,WF,Kamala D. Harris,475
Oneida,Vienna 1,President,,REP,Donald J. Trump,53
Oneida,Vienna 1,President,,CON,Donald J. Trump,0
Oneida,Vienna 2,President,,DEM,Kamala D. Harris,161
Oneida,Vienna 2,President,,WF,Kamala D. Harris,362
Oneida,Vienna 2,President,,REP,Donald J. Trump,41
Oneida,Vienna 2,President,,CON,Donald J. Trump,0
Oneida,Vienna 3,President,,DEM,Kamala D. Harris,210
Oneida,Vienna 3,President,,WF,Kamala D. Harris,505
Oneida,Vienna 3,President,,REP,Donald J. Trump,48
Oneida,Vienna 3,President,,CON,Donald J. Trump,0
Oneida,Vienna 4,President,,DEM,Kamala D. Harris,136
Oneida,Vienna 4,President,,WF,Kamala D. Harris,317
Oneida,Vienna 4,President,,REP,Donald J. Trump,27
Oneida,Vienna 4,President,,CON,Donald J. Trump,0
Oneida,Western 1,President,,DEM,Kamala D. Harris,48
Oneida,Western 1,President,,WF,Kamala D. Harris,231
Oneida,Western 1,President,,REP,Donald J. Trump,16
Oneida,Western 1,President,,CON,Donald J. Trump,0
Oneida,Western 2,President,,DEM,Kamala D. Harris,116
Oneida,Western 2,President,,WF,Kamala D. Harris,257
Oneida,Western 2,President,,REP,Donald J. Trump,23
Oneida,Western 2,President,,CON,Donald J. Trump,0
Oneida,Western 3,President,,DEM,Kamala D. Harris,94
Oneida,Western 3,President,,WF,Kamala D. Harris,240
Oneida,Western 3,President,,REP,Donald J. Trump,33
Oneida,Western 3,President,,CON,Donald J. Trump,0
Oneida,Westmoreland 1,President,,DEM,Kamala D. Harris,188
Oneida,Westmoreland 1,President,,WF,Kamala D. Harris,328
Oneida,Westmoreland 1,President,,REP,Donald J. Trump,31
Oneida,Westmoreland 1,President,,CON,Donald J. Trump,0
Oneida,Westmoreland 2,President,,DEM,Kamala D. Harris,345
Oneida,Westmoreland 2,President,,WF,Kamala D. Harris,823
Oneida,Westmoreland 2,President,,REP,Donald J. Trump,65
Oneida,Westmoreland 2,President,,CON,Donald J. Trump,0
Oneida,Westmoreland 3,President,,DEM,Kamala D. Harris,223
Oneida,Westmoreland 3,President,,WF,Kamala D. Harris,576
Oneida,Westmoreland 3,President,,REP,Donald J. Trump,64
Oneida,Westmoreland 3,President,,CON,Donald J. Trump,0
Oneida,Westmoreland 4,President,,DEM,Kamala D. Harris,218
Oneida,Westmoreland 4,President,,WF,Kamala D. Harris,524
Oneida,Westmoreland 4,President,,REP,Donald J. Trump,47
Oneida,Westmoreland 4,President,,CON,Donald J. Trump,0
Oneida,Whitestown 1,President,,DEM,Kamala D. Harris,106
Oneida,Whitestown 1,President,,WF,Kamala D. Harris,145
Oneida,Whitestown 1,President,,REP,Donald J. Trump,15
Oneida,Whitestown 1,President,,CON,Donald J. Trump,0
Oneida,Whitestown 2,President,,DEM,Kamala D. Harris,105
Oneida,Whitestown 2,President,,WF,Kamala D. Harris,143
Oneida,Whitestown 2,President,,REP,Donald J. Trump,14
Oneida,Whitestown 2,President,,CON,Donald J. Trump,0
Oneida,Whitestown 3,President,,DEM,Kamala D. Harris,250
Oneida,Whitestown 3,President,,WF,Kamala D. Harris,329
Oneida,Whitestown 3,President,,REP,Donald J. Trump,28
Oneida,Whitestown 3,President,,CON,Donald J. Trump,0
Oneida,Whitestown 4,President,,DEM,Kamala D. Harris,181
Oneida,Whitestown 4,President,,WF,Kamala D. Harris,247
Oneida,Whitestown 4,President,,REP,Donald J. Trump,23
Oneida,Whitestown 4,President,,CON,Donald J. Trump,0
Oneida,Whitestown 5,President,,DEM,Kamala D. Harris,157
Oneida,Whitestown 5,President,,WF,Kamala D. Harris,242
Oneida,Whitestown 5,President,,REP,Donald J. Trump,22
Oneida,Whitestown 5,President,,CON,Donald J. Trump,0
Oneida,Whitestown 6,President,,DEM,Kamala D. Harris,275
Oneida,Whitestown 6,President,,WF,Kamala D. Harris,350
Oneida,Whitestown 6,President,,REP,Donald J. Trump,31
Oneida,Whitestown 6,President,,CON,Donald J. Trump,0
Oneida,Whitestown 7,President,,DEM,Kamala D. Harris,169
Oneida,Whitestown 7,President,,WF,Kamala D. Harris,251
Oneida,Whitestown 7,President,,REP,Donald J. Trump,20
Oneida,Whitestown 7,President,,CON,Donald J. Trump,0
Oneida,Whitestown 8,President,,DEM,Kamala D. Harris,215
Oneida,Whitestown 8,President,,WF,Kamala D. Harris,356
Oneida,Whitestown 8,President,,REP,Donald J. Trump,37
Oneida,Whitestown 8,President,,CON,Donald J. Trump,0
Oneida,Whitestown 9,President,,DEM,Kamala D. Harris,239
Oneida,Whitestown 9,President,,WF,Kamala D. Harris,408
Oneida,Whitestown 9,President,,REP,Donald J. Trump,61
Oneida,Whitestown 9,President,,CON,Donald J. Trump,0
Oneida,Whitestown 10,President,,DEM,Kamala D. Harris,164
Oneida,Whitestown 10,President,,WF,Kamala D. Harris,171
Oneida,Whitestown 10,President,,REP,Donald J. Trump,22
Oneida,Whitestown 10,President,,CON,Donald J. Trump,0
Oneida,Whitestown 11,President,,DEM,Kamala D. Harris,139
Oneida,Whitestown 11,President,,WF,Kamala D. Harris,263
Oneida,Whitestown 11,President,,REP,Donald J. Trump,30
Oneida,Whitestown 11,President,,CON,Donald J. Trump,0
Oneida,Whitestown 12,President,,DEM,Kamala D. Harris,276
Oneida,Whitestown 12,President,,WF,Kamala D. Harris,275
Oneida,Whitestown 12,President,,REP,Donald J. Trump,31
Oneida,Whitestown 12,President,,CON,Donald J. Trump,0
Oneida,Whitestown 13,President,,DEM,Kamala D. Harris,116
Oneida,Whitestown 13,President,,WF,Kamala D. Harris,186
Oneida,Whitestown 13,President,,REP,Donald J. Trump,16
Oneida,Whitestown 13,President,,CON,Donald J. Trump,0
Oneida,Whitestown 14,President,,DEM,Kamala D. Harris,325
Oneida,Whitestown 14,President,,WF,Kamala D. Harris,513
Oneida,Whitestown 14,President,,REP,Donald J. Trump,47
Oneida,Whitestown 14,President,,CON,Donald J. Trump,0
Oneida,Whitestown 15,President,,DEM,Kamala D. Harris,349
Oneida,Whitestown 15,President,,WF,Kamala D. Harris,603
Oneida,Whitestown 15,President,,REP,Donald J. Trump,62
Oneida,Whitestown 15,President,,CON,Donald J. Trump,0
Oneida,Whitestown 16,President,,DEM,Kamala D. Harris,416
Oneida,Whitestown 16,President,,WF,Kamala D. Harris,655
Oneida,Whitestown 16,President,,REP,Donald J. Trump,63
Oneida,Whitestown 16,President,,CON,Donald J. Trump,0
Oneida,Annsville 1,U.S. Senate,,DEM,Kirsten E. Gillibrand,150
Oneida,Annsville 1,U.S. Senate,,WF,Kirsten E. Gillibrand,28
Oneida,Annsville 1,U.S. Senate,,REP,Michael D. Sapraicone,509
Oneida,Annsville 1,U.S. Senate,,CON,Michael D. Sapraicone,50
Oneida,Annsville 1,U.S. Senate,,LAR,Diane Sare,1
Oneida,Annsville 2,U.S. Senate,,DEM,Kirsten E. Gillibrand,55
Oneida,Annsville 2,U.S. Senate,,WF,Kirsten E. Gillibrand,17
Oneida,Annsville 2,U.S. Senate,,REP,Michael D. Sapraicone,192
Oneida,Annsville 2,U.S. Senate,,CON,Michael D. Sapraicone,18
Oneida,Annsville 2,U.S. Senate,,LAR,Diane Sare,0
Oneida,Annsville 3,U.S. Senate,,DEM,Kirsten E. Gillibrand,33
Oneida,Annsville 3,U.S. Senate,,WF,Kirsten E. Gillibrand,5
Oneida,Annsville 3,U.S. Senate,,REP,Michael D. Sapraicone,109
Oneida,Annsville 3,U.S. Senate,,CON,Michael D. Sapraicone,10
Oneida,Annsville 3,U.S. Senate,,LAR,Diane Sare,1
Oneida,Augusta 1,U.S. Senate,,DEM,Kirsten E. Gillibrand,97
Oneida,Augusta 1,U.S. Senate,,WF,Kirsten E. Gillibrand,18
Oneida,Augusta 1,U.S. Senate,,REP,Michael D. Sapraicone,297
Oneida,Augusta 1,U.S. Senate,,CON,Michael D. Sapraicone,29
Oneida,Augusta 1,U.S. Senate,,LAR,Diane Sare,2
Oneida,Augusta 2,U.S. Senate,,DEM,Kirsten E. Gillibrand,173
Oneida,Augusta 2,U.S. Senate,,WF,Kirsten E. Gillibrand,20
Oneida,Augusta 2,U.S. Senate,,REP,Michael D. Sapraicone,235
Oneida,Augusta 2,U.S. Senate,,CON,Michael D. Sapraicone,27
Oneida,Augusta 2,U.S. Senate,,LAR,Diane Sare,1
Oneida,Ava 1,U.S. Senate,,DEM,Kirsten E. Gillibrand,57
Oneida,Ava 1,U.S. Senate,,WF,Kirsten E. Gillibrand,6
Oneida,Ava 1,U.S. Senate,,REP,Michael D. Sapraicone,210
Oneida,Ava 1,U.S. Senate,,CON,Michael D. Sapraicone,16
Oneida,Ava 1,U.S. Senate,,LAR,Diane Sare,2
Oneida,Boonville 1,U.S. Senate,,DEM,Kirsten E. Gillibrand,151
Oneida,Boonville 1,U.S. Senate,,WF,Kirsten E. Gillibrand,23
Oneida,Boonville 1,U.S. Senate,,REP,Michael D. Sapraicone,373
Oneida,Boonville 1,U.S. Senate,,CON,Michael D. Sapraicone,43
Oneida,Boonville 1,U.S. Senate,,LAR,Diane Sare,0
Oneida,Boonville 2,U.S. Senate,,DEM,Kirsten E. Gillibrand,247
Oneida,Boonville 2,U.S. Senate,,WF,Kirsten E. Gillibrand,28
Oneida,Boonville 2,U.S. Senate,,REP,Michael D. Sapraicone,476
Oneida,Boonville 2,U.S. Senate,,CON,Michael D. Sapraicone,43
Oneida,Boonville 2,U.S. Senate,,LAR,Diane Sare,9
Oneida,Boonville 3,U.S. Senate,,DEM,Kirsten E. Gillibrand,78
Oneida,Boonville 3,U.S. Senate,,WF,Kirsten E. Gillibrand,9
Oneida,Boonville 3,U.S. Senate,,REP,Michael D. Sapraicone,186
Oneida,Boonville 3,U.S. Senate,,CON,Michael D. Sapraicone,24
Oneida,Boonville 3,U.S. Senate,,LAR,Diane Sare,1
Oneida,Boonville 4,U.S. Senate,,DEM,Kirsten E. Gillibrand,78
Oneida,Boonville 4,U.S. Senate,,WF,Kirsten E. Gillibrand,16
Oneida,Boonville 4,U.S. Senate,,REP,Michael D. Sapraicone,237
Oneida,Boonville 4,U.S. Senate,,CON,Michael D. Sapraicone,24
Oneida,Boonville 4,U.S. Senate,,LAR,Diane Sare,2
Oneida,Bridgewater 1,U.S. Senate,,DEM,Kirsten E. Gillibrand,122
Oneida,Bridgewater 1,U.S. Senate,,WF,Kirsten E. Gillibrand,24
Oneida,Bridgewater 1,U.S. Senate,,REP,Michael D. Sapraicone,431
Oneida,Bridgewater 1,U.S. Senate,,CON,Michael D. Sapraicone,36
Oneida,Bridgewater 1,U.S. Senate,,LAR,Diane Sare,2
Oneida,Camden 1,U.S. Senate,,DEM,Kirsten E. Gillibrand,270
Oneida,Camden 1,U.S. Senate,,WF,Kirsten E. Gillibrand,25
Oneida,Camden 1,U.S. Senate,,REP,Michael D. Sapraicone,483
Oneida,Camden 1,U.S. Senate,,CON,Michael D. Sapraicone,60
Oneida,Camden 1,U.S. Senate,,LAR,Diane Sare,6
Oneida,Camden 2,U.S. Senate,,DEM,Kirsten E. Gillibrand,190
Oneida,Camden 2,U.S. Senate,,WF,Kirsten E. Gillibrand,20
Oneida,Camden 2,U.S. Senate,,REP,Michael D. Sapraicone,461
Oneida,Camden 2,U.S. Senate,,CON,Michael D. Sapraicone,43
Oneida,Camden 2,U.S. Senate,,LAR,Diane Sare,3
Oneida,Camden 3,U.S. Senate,,DEM,Kirsten E. Gillibrand,125
Oneida,Camden 3,U.S. Senate,,WF,Kirsten E. Gillibrand,17
Oneida,Camden 3,U.S. Senate,,REP,Michael D. Sapraicone,390
Oneida,Camden 3,U.S. Senate,,CON,Michael D. Sapraicone,36
Oneida,Camden 3,U.S. Senate,,LAR,Diane Sare,4
Oneida,Deerfield 1,U.S. Senate,,DEM,Kirsten E. Gillibrand,312
Oneida,Deerfield 1,U.S. Senate,,WF,Kirsten E. Gillibrand,37
Oneida,Deerfield 1,U.S. Senate,,REP,Michael D. Sapraicone,523
Oneida,Deerfield 1,U.S. Senate,,CON,Michael D. Sapraicone,50
Oneida,Deerfield 1,U.S. Senate,,LAR,Diane Sare,2
Oneida,Deerfield 2,U.S. Senate,,DEM,Kirsten E. Gillibrand,227
Oneida,Deerfield 2,U.S. Senate,,WF,Kirsten E. Gillibrand,25
Oneida,Deerfield 2,U.S. Senate,,REP,Michael D. Sapraicone,507
Oneida,Deerfield 2,U.S. Senate,,CON,Michael D. Sapraicone,53
Oneida,Deerfield 2,U.S. Senate,,LAR,Diane Sare,2
Oneida,Deerfield 3,U.S. Senate,,DEM,Kirsten E. Gillibrand,267
Oneida,Deerfield 3,U.S. Senate,,WF,Kirsten E. Gillibrand,23
Oneida,Deerfield 3,U.S. Senate,,REP,Michael D. Sapraicone,331
Oneida,Deerfield 3,U.S. Senate,,CON,Michael D. Sapraicone,27
Oneida,Deerfield 3,U.S. Senate,,LAR,Diane Sare,3
Oneida,Florence 1,U.S. Senate,,DEM,Kirsten E. Gillibrand,95
Oneida,Florence 1,U.S. Senate,,WF,Kirsten E. Gillibrand,14
Oneida,Florence 1,U.S. Senate,,REP,Michael D. Sapraicone,315
Oneida,Florence 1,U.S. Senate,,CON,Michael D. Sapraicone,36
Oneida,Florence 1,U.S. Senate,,LAR,Diane Sare,3
Oneida,Floyd 1,U.S. Senate,,DEM,Kirsten E. Gillibrand,171
Oneida,Floyd 1,U.S. Senate,,WF,Kirsten E. Gillibrand,27
Oneida,Floyd 1,U.S. Senate,,REP,Michael D. Sapraicone,490
Oneida,Floyd 1,U.S. Senate,,CON,Michael D. Sapraicone,44
Oneida,Floyd 1,U.S. Senate,,LAR,Diane Sare,2
Oneida,Floyd 2,U.S. Senate,,DEM,Kirsten E. Gillibrand,189
Oneida,Floyd 2,U.S. Senate,,WF,Kirsten E. Gillibrand,17
Oneida,Floyd 2,U.S. Senate,,REP,Michael D. Sapraicone,408
Oneida,Floyd 2,U.S. Senate,,CON,Michael D. Sapraicone,39
Oneida,Floyd 2,U.S. Senate,,LAR,Diane Sare,5
Oneida,Floyd 3,U.S. Senate,,DEM,Kirsten E. Gillibrand,124
Oneida,Floyd 3,U.S. Senate,,WF,Kirsten E. Gillibrand,21
Oneida,Floyd 3,U.S. Senate,,REP,Michael D. Sapraicone,318
Oneida,Floyd 3,U.S. Senate,,CON,Michael D. Sapraicone,25
Oneida,Floyd 3,U.S. Senate,,LAR,Diane Sare,2
Oneida,Forestport 1,U.S. Senate,,DEM,Kirsten E. Gillibrand,169
Oneida,Forestport 1,U.S. Senate,,WF,Kirsten E. Gillibrand,23
Oneida,Forestport 1,U.S. Senate,,REP,Michael D. Sapraicone,361
Oneida,Forestport 1,U.S. Senate,,CON,Michael D. Sapraicone,44
Oneida,Forestport 1,U.S. Senate,,LAR,Diane Sare,2
Oneida,Forestport 2,U.S. Senate,,DEM,Kirsten E. Gillibrand,91
Oneida,Forestport 2,U.S. Senate,,WF,Kirsten E. Gillibrand,14
Oneida,Forestport 2,U.S. Senate,,REP,Michael D. Sapraicone,199
Oneida,Forestport 2,U.S. Senate,,CON,Michael D. Sapraicone,13
Oneida,Forestport 2,U.S. Senate,,LAR,Diane Sare,0
Oneida,Kirkland 1,U.S. Senate,,DEM,Kirsten E. Gillibrand,305
Oneida,Kirkland 1,U.S. Senate,,WF,Kirsten E. Gillibrand,28
Oneida,Kirkland 1,U.S. Senate,,REP,Michael D. Sapraicone,312
Oneida,Kirkland 1,U.S. Senate,,CON,Michael D. Sapraicone,35
Oneida,Kirkland 1,U.S. Senate,,LAR,Diane Sare,2
Oneida,Kirkland 2,U.S. Senate,,DEM,Kirsten E. Gillibrand,219
Oneida,Kirkland 2,U.S. Senate,,WF,Kirsten E. Gillibrand,19
Oneida,Kirkland 2,U.S. Senate,,REP,Michael D. Sapraicone,241
Oneida,Kirkland 2,U.S. Senate,,CON,Michael D. Sapraicone,26
Oneida,Kirkland 2,U.S. Senate,,LAR,Diane Sare,2
Oneida,Kirkland 3,U.S. Senate,,DEM,Kirsten E. Gillibrand,385
Oneida,Kirkland 3,U.S. Senate,,WF,Kirsten E. Gillibrand,30
Oneida,Kirkland 3,U.S. Senate,,REP,Michael D. Sapraicone,118
Oneida,Kirkland 3,U.S. Senate,,CON,Michael D. Sapraicone,11
Oneida,Kirkland 3,U.S. Senate,,LAR,Diane Sare,1
Oneida,Kirkland 4,U.S. Senate,,DEM,Kirsten E. Gillibrand,211
Oneida,Kirkland 4,U.S. Senate,,WF,Kirsten E. Gillibrand,18
Oneida,Kirkland 4,U.S. Senate,,REP,Michael D. Sapraicone,110
Oneida,Kirkland 4,U.S. Senate,,CON,Michael D. Sapraicone,27
Oneida,Kirkland 4,U.S. Senate,,LAR,Diane Sare,1
Oneida,Kirkland 5,U.S. Senate,,DEM,Kirsten E. Gillibrand,138
Oneida,Kirkland 5,U.S. Senate,,WF,Kirsten E. Gillibrand,14
Oneida,Kirkland 5,U.S. Senate,,REP,Michael D. Sapraicone,124
Oneida,Kirkland 5,U.S. Senate,,CON,Michael D. Sapraicone,16
Oneida,Kirkland 5,U.S. Senate,,LAR,Diane Sare,3
Oneida,Kirkland 6,U.S. Senate,,DEM,Kirsten E. Gillibrand,373
Oneida,Kirkland 6,U.S. Senate,,WF,Kirsten E. Gillibrand,44
Oneida,Kirkland 6,U.S. Senate,,REP,Michael D. Sapraicone,214
Oneida,Kirkland 6,U.S. Senate,,CON,Michael D. Sapraicone,13
Oneida,Kirkland 6,U.S. Senate,,LAR,Diane Sare,2
Oneida,Kirkland 7,U.S. Senate,,DEM,Kirsten E. Gillibrand,371
Oneida,Kirkland 7,U.S. Senate,,WF,Kirsten E. Gillibrand,34
Oneida,Kirkland 7,U.S. Senate,,REP,Michael D. Sapraicone,153
Oneida,Kirkland 7,U.S. Senate,,CON,Michael D. Sapraicone,15
Oneida,Kirkland 7,U.S. Senate,,LAR,Diane Sare,3
Oneida,Kirkland 8,U.S. Senate,,DEM,Kirsten E. Gillibrand,178
Oneida,Kirkland 8,U.S. Senate,,WF,Kirsten E. Gillibrand,19
Oneida,Kirkland 8,U.S. Senate,,REP,Michael D. Sapraicone,206
Oneida,Kirkland 8,U.S. Senate,,CON,Michael D. Sapraicone,21
Oneida,Kirkland 8,U.S. Senate,,LAR,Diane Sare,1
Oneida,Kirkland 9,U.S. Senate,,DEM,Kirsten E. Gillibrand,289
Oneida,Kirkland 9,U.S. Senate,,WF,Kirsten E. Gillibrand,19
Oneida,Kirkland 9,U.S. Senate,,REP,Michael D. Sapraicone,146
Oneida,Kirkland 9,U.S. Senate,,CON,Michael D. Sapraicone,21
Oneida,Kirkland 9,U.S. Senate,,LAR,Diane Sare,2
Oneida,Kirkland 10,U.S. Senate,,DEM,Kirsten E. Gillibrand,190
Oneida,Kirkland 10,U.S. Senate,,WF,Kirsten E. Gillibrand,14
Oneida,Kirkland 10,U.S. Senate,,REP,Michael D. Sapraicone,155
Oneida,Kirkland 10,U.S. Senate,,CON,Michael D. Sapraicone,9
Oneida,Kirkland 10,U.S. Senate,,LAR,Diane Sare,1
Oneida,Lee 1,U.S. Senate,,DEM,Kirsten E. Gillibrand,167
Oneida,Lee 1,U.S. Senate,,WF,Kirsten E. Gillibrand,17
Oneida,Lee 1,U.S. Senate,,REP,Michael D. Sapraicone,353
Oneida,Lee 1,U.S. Senate,,CON,Michael D. Sapraicone,30
Oneida,Lee 1,U.S. Senate,,LAR,Diane Sare,5
Oneida,Lee 2,U.S. Senate,,DEM,Kirsten E. Gillibrand,173
Oneida,Lee 2,U.S. Senate,,WF,Kirsten E. Gillibrand,34
Oneida,Lee 2,U.S. Senate,,REP,Michael D. Sapraicone,449
Oneida,Lee 2,U.S. Senate,,CON,Michael D. Sapraicone,37
Oneida,Lee 2,U.S. Senate,,LAR,Diane Sare,1
Oneida,Lee 3,U.S. Senate,,DEM,Kirsten E. Gillibrand,53
Oneida,Lee 3,U.S. Senate,,WF,Kirsten E. Gillibrand,15
Oneida,Lee 3,U.S. Senate,,REP,Michael D. Sapraicone,199
Oneida,Lee 3,U.S. Senate,,CON,Michael D. Sapraicone,23
Oneida,Lee 3,U.S. Senate,,LAR,Diane Sare,1
Oneida,Lee 4,U.S. Senate,,DEM,Kirsten E. Gillibrand,253
Oneida,Lee 4,U.S. Senate,,WF,Kirsten E. Gillibrand,14
Oneida,Lee 4,U.S. Senate,,REP,Michael D. Sapraicone,318
Oneida,Lee 4,U.S. Senate,,CON,Michael D. Sapraicone,37
Oneida,Lee 4,U.S. Senate,,LAR,Diane Sare,3
Oneida,Lee 5,U.S. Senate,,DEM,Kirsten E. Gillibrand,357
Oneida,Lee 5,U.S. Senate,,WF,Kirsten E. Gillibrand,32
Oneida,Lee 5,U.S. Senate,,REP,Michael D. Sapraicone,519
Oneida,Lee 5,U.S. Senate,,CON,Michael D. Sapraicone,44
Oneida,Lee 5,U.S. Senate,,LAR,Diane Sare,4
Oneida,Marcy 1,U.S. Senate,,DEM,Kirsten E. Gillibrand,329
Oneida,Marcy 1,U.S. Senate,,WF,Kirsten E. Gillibrand,37
Oneida,Marcy 1,U.S. Senate,,REP,Michael D. Sapraicone,505
Oneida,Marcy 1,U.S. Senate,,CON,Michael D. Sapraicone,51
Oneida,Marcy 1,U.S. Senate,,LAR,Diane Sare,7
Oneida,Marcy 2,U.S. Senate,,DEM,Kirsten E. Gillibrand,218
Oneida,Marcy 2,U.S. Senate,,WF,Kirsten E. Gillibrand,33
Oneida,Marcy 2,U.S. Senate,,REP,Michael D. Sapraicone,445
Oneida,Marcy 2,U.S. Senate,,CON,Michael D. Sapraicone,46
Oneida,Marcy 2,U.S. Senate,,LAR,Diane Sare,0
Oneida,Marcy 3,U.S. Senate,,DEM,Kirsten E. Gillibrand,279
Oneida,Marcy 3,U.S. Senate,,WF,Kirsten E. Gillibrand,41
Oneida,Marcy 3,U.S. Senate,,REP,Michael D. Sapraicone,490
Oneida,Marcy 3,U.S. Senate,,CON,Michael D. Sapraicone,56
Oneida,Marcy 3,U.S. Senate,,LAR,Diane Sare,2
Oneida,Marcy 4,U.S. Senate,,DEM,Kirsten E. Gillibrand,241
Oneida,Marcy 4,U.S. Senate,,WF,Kirsten E. Gillibrand,29
Oneida,Marcy 4,U.S. Senate,,REP,Michael D. Sapraicone,513
Oneida,Marcy 4,U.S. Senate,,CON,Michael D. Sapraicone,51
Oneida,Marcy 4,U.S. Senate,,LAR,Diane Sare,1
Oneida,Marshall 1,U.S. Senate,,DEM,Kirsten E. Gillibrand,180
Oneida,Marshall 1,U.S. Senate,,WF,Kirsten E. Gillibrand,21
Oneida,Marshall 1,U.S. Senate,,REP,Michael D. Sapraicone,282
Oneida,Marshall 1,U.S. Senate,,CON,Michael D. Sapraicone,29
Oneida,Marshall 1,U.S. Senate,,LAR,Diane Sare,2
Oneida,Marshall 2,U.S. Senate,,DEM,Kirsten E. Gillibrand,145
Oneida,Marshall 2,U.S. Senate,,WF,Kirsten E. Gillibrand,21
Oneida,Marshall 2,U.S. Senate,,REP,Michael D. Sapraicone,271
Oneida,Marshall 2,U.S. Senate,,CON,Michael D. Sapraicone,33
Oneida,Marshall 2,U.S. Senate,,LAR,Diane Sare,1
Oneida,New Hartford Ward 1 District 1,U.S. Senate,,DEM,Kirsten E. Gillibrand,320
Oneida,New Hartford Ward 1 District 1,U.S. Senate,,WF,Kirsten E. Gillibrand,35
Oneida,New Hartford Ward 1 District 1,U.S. Senate,,REP,Michael D. Sapraicone,415
Oneida,New Hartford Ward 1 District 1,U.S. Senate,,CON,Michael D. Sapraicone,34
Oneida,New Hartford Ward 1 District 1,U.S. Senate,,LAR,Diane Sare,7
Oneida,New Hartford Ward 1 District 2,U.S. Senate,,DEM,Kirsten E. Gillibrand,206
Oneida,New Hartford Ward 1 District 2,U.S. Senate,,WF,Kirsten E. Gillibrand,32
Oneida,New Hartford Ward 1 District 2,U.S. Senate,,REP,Michael D. Sapraicone,286
Oneida,New Hartford Ward 1 District 2,U.S. Senate,,CON,Michael D. Sapraicone,32
Oneida,New Hartford Ward 1 District 2,U.S. Senate,,LAR,Diane Sare,2
Oneida,New Hartford Ward 1 District 3,U.S. Senate,,DEM,Kirsten E. Gillibrand,404
Oneida,New Hartford Ward 1 District 3,U.S. Senate,,WF,Kirsten E. Gillibrand,36
Oneida,New Hartford Ward 1 District 3,U.S. Senate,,REP,Michael D. Sapraicone,332
Oneida,New Hartford Ward 1 District 3,U.S. Senate,,CON,Michael D. Sapraicone,41
Oneida,New Hartford Ward 1 District 3,U.S. Senate,,LAR,Diane Sare,1
Oneida,New Hartford Ward 1 District 4,U.S. Senate,,DEM,Kirsten E. Gillibrand,255
Oneida,New Hartford Ward 1 District 4,U.S. Senate,,WF,Kirsten E. Gillibrand,33
Oneida,New Hartford Ward 1 District 4,U.S. Senate,,REP,Michael D. Sapraicone,299
Oneida,New Hartford Ward 1 District 4,U.S. Senate,,CON,Michael D. Sapraicone,41
Oneida,New Hartford Ward 1 District 4,U.S. Senate,,LAR,Diane Sare,5
Oneida,New Hartford Ward 1 District 5,U.S. Senate,,DEM,Kirsten E. Gillibrand,318
Oneida,New Hartford Ward 1 District 5,U.S. Senate,,WF,Kirsten E. Gillibrand,28
Oneida,New Hartford Ward 1 District 5,U.S. Senate,,REP,Michael D. Sapraicone,276
Oneida,New Hartford Ward 1 District 5,U.S. Senate,,CON,Michael D. Sapraicone,33
Oneida,New Hartford Ward 1 District 5,U.S. Senate,,LAR,Diane Sare,2
Oneida,New Hartford Ward 2 District 1,U.S. Senate,,DEM,Kirsten E. Gillibrand,234
Oneida,New Hartford Ward 2 District 1,U.S. Senate,,WF,Kirsten E. Gillibrand,31
Oneida,New Hartford Ward 2 District 1,U.S. Senate,,REP,Michael D. Sapraicone,260
Oneida,New Hartford Ward 2 District 1,U.S. Senate,,CON,Michael D. Sapraicone,28
Oneida,New Hartford Ward 2 District 1,U.S. Senate,,LAR,Diane Sare,1
Oneida,New Hartford Ward 2 District 2,U.S. Senate,,DEM,Kirsten E. Gillibrand,306
Oneida,New Hartford Ward 2 District 2,U.S. Senate,,WF,Kirsten E. Gillibrand,35
Oneida,New Hartford Ward 2 District 2,U.S. Senate,,REP,Michael D. Sapraicone,324
Oneida,New Hartford Ward 2 District 2,U.S. Senate,,CON,Michael D. Sapraicone,29
Oneida,New Hartford Ward 2 District 2,U.S. Senate,,LAR,Diane Sare,2
Oneida,New Hartford Ward 2 District 3,U.S. Senate,,DEM,Kirsten E. Gillibrand,322
Oneida,New Hartford Ward 2 District 3,U.S. Senate,,WF,Kirsten E. Gillibrand,21
Oneida,New Hartford Ward 2 District 3,U.S. Senate,,REP,Michael D. Sapraicone,402
Oneida,New Hartford Ward 2 District 3,U.S. Senate,,CON,Michael D. Sapraicone,28
Oneida,New Hartford Ward 2 District 3,U.S. Senate,,LAR,Diane Sare,4
Oneida,New Hartford Ward 2 District 4,U.S. Senate,,DEM,Kirsten E. Gillibrand,449
Oneida,New Hartford Ward 2 District 4,U.S. Senate,,WF,Kirsten E. Gillibrand,30
Oneida,New Hartford Ward 2 District 4,U.S. Senate,,REP,Michael D. Sapraicone,380
Oneida,New Hartford Ward 2 District 4,U.S. Senate,,CON,Michael D. Sapraicone,42
Oneida,New Hartford Ward 2 District 4,U.S. Senate,,LAR,Diane Sare,7
Oneida,New Hartford Ward 3 District 1,U.S. Senate,,DEM,Kirsten E. Gillibrand,353
Oneida,New Hartford Ward 3 District 1,U.S. Senate,,WF,Kirsten E. Gillibrand,43
Oneida,New Hartford Ward 3 District 1,U.S. Senate,,REP,Michael D. Sapraicone,233
Oneida,New Hartford Ward 3 District 1,U.S. Senate,,CON,Michael D. Sapraicone,25
Oneida,New Hartford Ward 3 District 1,U.S. Senate,,LAR,Diane Sare,0
Oneida,New Hartford Ward 3 District 2,U.S. Senate,,DEM,Kirsten E. Gillibrand,377
Oneida,New Hartford Ward 3 District 2,U.S. Senate,,WF,Kirsten E. Gillibrand,32
Oneida,New Hartford Ward 3 District 2,U.S. Senate,,REP,Michael D. Sapraicone,326
Oneida,New Hartford Ward 3 District 2,U.S. Senate,,CON,Michael D. Sapraicone,37
Oneida,New Hartford Ward 3 District 2,U.S. Senate,,LAR,Diane Sare,3
Oneida,New Hartford Ward 3 District 3,U.S. Senate,,DEM,Kirsten E. Gillibrand,254
Oneida,New Hartford Ward 3 District 3,U.S. Senate,,WF,Kirsten E. Gillibrand,33
Oneida,New Hartford Ward 3 District 3,U.S. Senate,,REP,Michael D. Sapraicone,218
Oneida,New Hartford Ward 3 District 3,U.S. Senate,,CON,Michael D. Sapraicone,13
Oneida,New Hartford Ward 3 District 3,U.S. Senate,,LAR,Diane Sare,0
Oneida,New Hartford Ward 3 District 4,U.S. Senate,,DEM,Kirsten E. Gillibrand,309
Oneida,New Hartford Ward 3 District 4,U.S. Senate,,WF,Kirsten E. Gillibrand,17
Oneida,New Hartford Ward 3 District 4,U.S. Senate,,REP,Michael D. Sapraicone,315
Oneida,New Hartford Ward 3 District 4,U.S. Senate,,CON,Michael D. Sapraicone,35
Oneida,New Hartford Ward 3 District 4,U.S. Senate,,LAR,Diane Sare,1
Oneida,New Hartford Ward 4 District 1,U.S. Senate,,DEM,Kirsten E. Gillibrand,413
Oneida,New Hartford Ward 4 District 1,U.S. Senate,,WF,Kirsten E. Gillibrand,26
Oneida,New Hartford Ward 4 District 1,U.S. Senate,,REP,Michael D. Sapraicone,361
Oneida,New Hartford Ward 4 District 1,U.S. Senate,,CON,Michael D. Sapraicone,31
Oneida,New Hartford Ward 4 District 1,U.S. Senate,,LAR,Diane Sare,2
Oneida,New Hartford Ward 4 District 2,U.S. Senate,,DEM,Kirsten E. Gillibrand,214
Oneida,New Hartford Ward 4 District 2,U.S. Senate,,WF,Kirsten E. Gillibrand,15
Oneida,New Hartford Ward 4 District 2,U.S. Senate,,REP,Michael D. Sapraicone,194
Oneida,New Hartford Ward 4 District 2,U.S. Senate,,CON,Michael D. Sapraicone,14
Oneida,New Hartford Ward 4 District 2,U.S. Senate,,LAR,Diane Sare,3
Oneida,New Hartford Ward 4 District 3,U.S. Senate,,DEM,Kirsten E. Gillibrand,236
Oneida,New Hartford Ward 4 District 3,U.S. Senate,,WF,Kirsten E. Gillibrand,26
Oneida,New Hartford Ward 4 District 3,U.S. Senate,,REP,Michael D. Sapraicone,196
Oneida,New Hartford Ward 4 District 3,U.S. Senate,,CON,Michael D. Sapraicone,23
Oneida,New Hartford Ward 4 District 3,U.S. Senate,,LAR,Diane Sare,6
Oneida,New Hartford Ward 4 District 4,U.S. Senate,,DEM,Kirsten E. Gillibrand,582
Oneida,New Hartford Ward 4 District 4,U.S. Senate,,WF,Kirsten E. Gillibrand,44
Oneida,New Hartford Ward 4 District 4,U.S. Senate,,REP,Michael D. Sapraicone,569
Oneida,New Hartford Ward 4 District 4,U.S. Senate,,CON,Michael D. Sapraicone,63
Oneida,New Hartford Ward 4 District 4,U.S. Senate,,LAR,Diane Sare,4
Oneida,Paris 1,U.S. Senate,,DEM,Kirsten E. Gillibrand,219
Oneida,Paris 1,U.S. Senate,,WF,Kirsten E. Gillibrand,29
Oneida,Paris 1,U.S. Senate,,REP,Michael D. Sapraicone,384
Oneida,Paris 1,U.S. Senate,,CON,Michael D. Sapraicone,31
Oneida,Paris 1,U.S. Senate,,LAR,Diane Sare,0
Oneida,Paris 2,U.S. Senate,,DEM,Kirsten E. Gillibrand,239
Oneida,Paris 2,U.S. Senate,,WF,Kirsten E. Gillibrand,37
Oneida,Paris 2,U.S. Senate,,REP,Michael D. Sapraicone,423
Oneida,Paris 2,U.S. Senate,,CON,Michael D. Sapraicone,51
Oneida,Paris 2,U.S. Senate,,LAR,Diane Sare,5
Oneida,Paris 3,U.S. Senate,,DEM,Kirsten E. Gillibrand,287
Oneida,Paris 3,U.S. Senate,,WF,Kirsten E. Gillibrand,31
Oneida,Paris 3,U.S. Senate,,REP,Michael D. Sapraicone,543
Oneida,Paris 3,U.S. Senate,,CON,Michael D. Sapraicone,65
Oneida,Paris 3,U.S. Senate,,LAR,Diane Sare,1
Oneida,Remsen 1,U.S. Senate,,DEM,Kirsten E. Gillibrand,261
Oneida,Remsen 1,U.S. Senate,,WF,Kirsten E. Gillibrand,37
Oneida,Remsen 1,U.S. Senate,,REP,Michael D. Sapraicone,608
Oneida,Remsen 1,U.S. Senate,,CON,Michael D. Sapraicone,54
Oneida,Remsen 1,U.S. Senate,,LAR,Diane Sare,5
Oneida,Rome Ward 1 District 1,U.S. Senate,,DEM,Kirsten E. Gillibrand,141
Oneida,Rome Ward 1 District 1,U.S. Senate,,WF,Kirsten E. Gillibrand,17
Oneida,Rome Ward 1 District 1,U.S. Senate,,REP,Michael D. Sapraicone,136
Oneida,Rome Ward 1 District 1,U.S. Senate,,CON,Michael D. Sapraicone,13
Oneida,Rome Ward 1 District 1,U.S. Senate,,LAR,Diane Sare,0
Oneida,Rome Ward 1 District 2,U.S. Senate,,DEM,Kirsten E. Gillibrand,137
Oneida,Rome Ward 1 District 2,U.S. Senate,,WF,Kirsten E. Gillibrand,12
Oneida,Rome Ward 1 District 2,U.S. Senate,,REP,Michael D. Sapraicone,164
Oneida,Rome Ward 1 District 2,U.S. Senate,,CON,Michael D. Sapraicone,14
Oneida,Rome Ward 1 District 2,U.S. Senate,,LAR,Diane Sare,1
Oneida,Rome Ward 1 District 3,U.S. Senate,,DEM,Kirsten E. Gillibrand,177
Oneida,Rome Ward 1 District 3,U.S. Senate,,WF,Kirsten E. Gillibrand,20
Oneida,Rome Ward 1 District 3,U.S. Senate,,REP,Michael D. Sapraicone,185
Oneida,Rome Ward 1 District 3,U.S. Senate,,CON,Michael D. Sapraicone,30
Oneida,Rome Ward 1 District 3,U.S. Senate,,LAR,Diane Sare,8
Oneida,Rome Ward 1 District 4,U.S. Senate,,DEM,Kirsten E. Gillibrand,190
Oneida,Rome Ward 1 District 4,U.S. Senate,,WF,Kirsten E. Gillibrand,26
Oneida,Rome Ward 1 District 4,U.S. Senate,,REP,Michael D. Sapraicone,225
Oneida,Rome Ward 1 District 4,U.S. Senate,,CON,Michael D. Sapraicone,26
Oneida,Rome Ward 1 District 4,U.S. Senate,,LAR,Diane Sare,4
Oneida,Rome Ward 2 District 1,U.S. Senate,,DEM,Kirsten E. Gillibrand,198
Oneida,Rome Ward 2 District 1,U.S. Senate,,WF,Kirsten E. Gillibrand,29
Oneida,Rome Ward 2 District 1,U.S. Senate,,REP,Michael D. Sapraicone,413
Oneida,Rome Ward 2 District 1,U.S. Senate,,CON,Michael D. Sapraicone,49
Oneida,Rome Ward 2 District 1,U.S. Senate,,LAR,Diane Sare,4
Oneida,Rome Ward 2 District 2,U.S. Senate,,DEM,Kirsten E. Gillibrand,31
Oneida,Rome Ward 2 District 2,U.S. Senate,,WF,Kirsten E. Gillibrand,3
Oneida,Rome Ward 2 District 2,U.S. Senate,,REP,Michael D. Sapraicone,52
Oneida,Rome Ward 2 District 2,U.S. Senate,,CON,Michael D. Sapraicone,4
Oneida,Rome Ward 2 District 2,U.S. Senate,,LAR,Diane Sare,1
Oneida,Rome Ward 2 District 3,U.S. Senate,,DEM,Kirsten E. Gillibrand,37
Oneida,Rome Ward 2 District 3,U.S. Senate,,WF,Kirsten E. Gillibrand,5
Oneida,Rome Ward 2 District 3,U.S. Senate,,REP,Michael D. Sapraicone,58
Oneida,Rome Ward 2 District 3,U.S. Senate,,CON,Michael D. Sapraicone,6
Oneida,Rome Ward 2 District 3,U.S. Senate,,LAR,Diane Sare,1
Oneida,Rome Ward 2 District 4,U.S. Senate,,DEM,Kirsten E. Gillibrand,61
Oneida,Rome Ward 2 District 4,U.S. Senate,,WF,Kirsten E. Gillibrand,3
Oneida,Rome Ward 2 District 4,U.S. Senate,,REP,Michael D. Sapraicone,111
Oneida,Rome Ward 2 District 4,U.S. Senate,,CON,Michael D. Sapraicone,8
Oneida,Rome Ward 2 District 4,U.S. Senate,,LAR,Diane Sare,1
Oneida,Rome Ward 2 District 5,U.S. Senate,,DEM,Kirsten E. Gillibrand,104
Oneida,Rome Ward 2 District 5,U.S. Senate,,WF,Kirsten E. Gillibrand,10
Oneida,Rome Ward 2 District 5,U.S. Senate,,REP,Michael D. Sapraicone,94
Oneida,Rome Ward 2 District 5,U.S. Senate,,CON,Michael D. Sapraicone,10
Oneida,Rome Ward 2 District 5,U.S. Senate,,LAR,Diane Sare,0
Oneida,Rome Ward 3 District 1,U.S. Senate,,DEM,Kirsten E. Gillibrand,43
Oneida,Rome Ward 3 District 1,U.S. Senate,,WF,Kirsten E. Gillibrand,3
Oneida,Rome Ward 3 District 1,U.S. Senate,,REP,Michael D. Sapraicone,62
Oneida,Rome Ward 3 District 1,U.S. Senate,,CON,Michael D. Sapraicone,3
Oneida,Rome Ward 3 District 1,U.S. Senate,,LAR,Diane Sare,1
Oneida,Rome Ward 3 District 2,U.S. Senate,,DEM,Kirsten E. Gillibrand,42
Oneida,Rome Ward 3 District 2,U.S. Senate,,WF,Kirsten E. Gillibrand,4
Oneida,Rome Ward 3 District 2,U.S. Senate,,REP,Michael D. Sapraicone,107
Oneida,Rome Ward 3 District 2,U.S. Senate,,CON,Michael D. Sapraicone,13
Oneida,Rome Ward 3 District 2,U.S. Senate,,LAR,Diane Sare,0
Oneida,Rome Ward 3 District 3,U.S. Senate,,DEM,Kirsten E. Gillibrand,213
Oneida,Rome Ward 3 District 3,U.S. Senate,,WF,Kirsten E. Gillibrand,33
Oneida,Rome Ward 3 District 3,U.S. Senate,,REP,Michael D. Sapraicone,353
Oneida,Rome Ward 3 District 3,U.S. Senate,,CON,Michael D. Sapraicone,26
Oneida,Rome Ward 3 District 3,U.S. Senate,,LAR,Diane Sare,2
Oneida,Rome Ward 3 District 4,U.S. Senate,,DEM,Kirsten E. Gillibrand,128
Oneida,Rome Ward 3 District 4,U.S. Senate,,WF,Kirsten E. Gillibrand,25
Oneida,Rome Ward 3 District 4,U.S. Senate,,REP,Michael D. Sapraicone,204
Oneida,Rome Ward 3 District 4,U.S. Senate,,CON,Michael D. Sapraicone,28
Oneida,Rome Ward 3 District 4,U.S. Senate,,LAR,Diane Sare,3
Oneida,Rome Ward 3 District 5,U.S. Senate,,DEM,Kirsten E. Gillibrand,18
Oneida,Rome Ward 3 District 5,U.S. Senate,,WF,Kirsten E. Gillibrand,4
Oneida,Rome Ward 3 District 5,U.S. Senate,,REP,Michael D. Sapraicone,16
Oneida,Rome Ward 3 District 5,U.S. Senate,,CON,Michael D. Sapraicone,4
Oneida,Rome Ward 3 District 5,U.S. Senate,,LAR,Diane Sare,1
Oneida,Rome Ward 4 District 1,U.S. Senate,,DEM,Kirsten E. Gillibrand,95
Oneida,Rome Ward 4 District 1,U.S. Senate,,WF,Kirsten E. Gillibrand,14
Oneida,Rome Ward 4 District 1,U.S. Senate,,REP,Michael D. Sapraicone,68
Oneida,Rome Ward 4 District 1,U.S. Senate,,CON,Michael D. Sapraicone,7
Oneida,Rome Ward 4 District 1,U.S. Senate,,LAR,Diane Sare,5
Oneida,Rome Ward 4 District 2,U.S. Senate,,DEM,Kirsten E. Gillibrand,214
Oneida,Rome Ward 4 District 2,U.S. Senate,,WF,Kirsten E. Gillibrand,15
Oneida,Rome Ward 4 District 2,U.S. Senate,,REP,Michael D. Sapraicone,204
Oneida,Rome Ward 4 District 2,U.S. Senate,,CON,Michael D. Sapraicone,22
Oneida,Rome Ward 4 District 2,U.S. Senate,,LAR,Diane Sare,1
Oneida,Rome Ward 4 District 3,U.S. Senate,,DEM,Kirsten E. Gillibrand,115
Oneida,Rome Ward 4 District 3,U.S. Senate,,WF,Kirsten E. Gillibrand,23
Oneida,Rome Ward 4 District 3,U.S. Senate,,REP,Michael D. Sapraicone,164
Oneida,Rome Ward 4 District 3,U.S. Senate,,CON,Michael D. Sapraicone,13
Oneida,Rome Ward 4 District 3,U.S. Senate,,LAR,Diane Sare,1
Oneida,Rome Ward 4 District 4,U.S. Senate,,DEM,Kirsten E. Gillibrand,172
Oneida,Rome Ward 4 District 4,U.S. Senate,,WF,Kirsten E. Gillibrand,16
Oneida,Rome Ward 4 District 4,U.S. Senate,,REP,Michael D. Sapraicone,225
Oneida,Rome Ward 4 District 4,U.S. Senate,,CON,Michael D. Sapraicone,31
Oneida,Rome Ward 4 District 4,U.S. Senate,,LAR,Diane Sare,0
Oneida,Rome Ward 5 District 1,U.S. Senate,,DEM,Kirsten E. Gillibrand,146
Oneida,Rome Ward 5 District 1,U.S. Senate,,WF,Kirsten E. Gillibrand,11
Oneida,Rome Ward 5 District 1,U.S. Senate,,REP,Michael D. Sapraicone,129
Oneida,Rome Ward 5 District 1,U.S. Senate,,CON,Michael D. Sapraicone,8
Oneida,Rome Ward 5 District 1,U.S. Senate,,LAR,Diane Sare,2
Oneida,Rome Ward 5 District 2,U.S. Senate,,DEM,Kirsten E. Gillibrand,160
Oneida,Rome Ward 5 District 2,U.S. Senate,,WF,Kirsten E. Gillibrand,17
Oneida,Rome Ward 5 District 2,U.S. Senate,,REP,Michael D. Sapraicone,164
Oneida,Rome Ward 5 District 2,U.S. Senate,,CON,Michael D. Sapraicone,28
Oneida,Rome Ward 5 District 2,U.S. Senate,,LAR,Diane Sare,4
Oneida,Rome Ward 5 District 3,U.S. Senate,,DEM,Kirsten E. Gillibrand,218
Oneida,Rome Ward 5 District 3,U.S. Senate,,WF,Kirsten E. Gillibrand,18
Oneida,Rome Ward 5 District 3,U.S. Senate,,REP,Michael D. Sapraicone,234
Oneida,Rome Ward 5 District 3,U.S. Senate,,CON,Michael D. Sapraicone,25
Oneida,Rome Ward 5 District 3,U.S. Senate,,LAR,Diane Sare,2
Oneida,Rome Ward 5 District 4,U.S. Senate,,DEM,Kirsten E. Gillibrand,343
Oneida,Rome Ward 5 District 4,U.S. Senate,,WF,Kirsten E. Gillibrand,41
Oneida,Rome Ward 5 District 4,U.S. Senate,,REP,Michael D. Sapraicone,399
Oneida,Rome Ward 5 District 4,U.S. Senate,,CON,Michael D. Sapraicone,28
Oneida,Rome Ward 5 District 4,U.S. Senate,,LAR,Diane Sare,2
Oneida,Rome Ward 6 District 1,U.S. Senate,,DEM,Kirsten E. Gillibrand,129
Oneida,Rome Ward 6 District 1,U.S. Senate,,WF,Kirsten E. Gillibrand,8
Oneida,Rome Ward 6 District 1,U.S. Senate,,REP,Michael D. Sapraicone,191
Oneida,Rome Ward 6 District 1,U.S. Senate,,CON,Michael D. Sapraicone,20
Oneida,Rome Ward 6 District 1,U.S. Senate,,LAR,Diane Sare,0
Oneida,Rome Ward 6 District 2,U.S. Senate,,DEM,Kirsten E. Gillibrand,208
Oneida,Rome Ward 6 District 2,U.S. Senate,,WF,Kirsten E. Gillibrand,18
Oneida,Rome Ward 6 District 2,U.S. Senate,,REP,Michael D. Sapraicone,227
Oneida,Rome Ward 6 District 2,U.S. Senate,,CON,Michael D. Sapraicone,33
Oneida,Rome Ward 6 District 2,U.S. Senate,,LAR,Diane Sare,0
Oneida,Rome Ward 6 District 3,U.S. Senate,,DEM,Kirsten E. Gillibrand,280
Oneida,Rome Ward 6 District 3,U.S. Senate,,WF,Kirsten E. Gillibrand,32
Oneida,Rome Ward 6 District 3,U.S. Senate,,REP,Michael D. Sapraicone,359
Oneida,Rome Ward 6 District 3,U.S. Senate,,CON,Michael D. Sapraicone,28
Oneida,Rome Ward 6 District 3,U.S. Senate,,LAR,Diane Sare,1
Oneida,Rome Ward 6 District 4,U.S. Senate,,DEM,Kirsten E. Gillibrand,322
Oneida,Rome Ward 6 District 4,U.S. Senate,,WF,Kirsten E. Gillibrand,24
Oneida,Rome Ward 6 District 4,U.S. Senate,,REP,Michael D. Sapraicone,453
Oneida,Rome Ward 6 District 4,U.S. Senate,,CON,Michael D. Sapraicone,44
Oneida,Rome Ward 6 District 4,U.S. Senate,,LAR,Diane Sare,4
Oneida,Rome Ward 7 District 1,U.S. Senate,,DEM,Kirsten E. Gillibrand,99
Oneida,Rome Ward 7 District 1,U.S. Senate,,WF,Kirsten E. Gillibrand,13
Oneida,Rome Ward 7 District 1,U.S. Senate,,REP,Michael D. Sapraicone,156
Oneida,Rome Ward 7 District 1,U.S. Senate,,CON,Michael D. Sapraicone,20
Oneida,Rome Ward 7 District 1,U.S. Senate,,LAR,Diane Sare,1
Oneida,Rome Ward 7 District 2,U.S. Senate,,DEM,Kirsten E. Gillibrand,207
Oneida,Rome Ward 7 District 2,U.S. Senate,,WF,Kirsten E. Gillibrand,18
Oneida,Rome Ward 7 District 2,U.S. Senate,,REP,Michael D. Sapraicone,211
Oneida,Rome Ward 7 District 2,U.S. Senate,,CON,Michael D. Sapraicone,33
Oneida,Rome Ward 7 District 2,U.S. Senate,,LAR,Diane Sare,4
Oneida,Rome Ward 7 District 3,U.S. Senate,,DEM,Kirsten E. Gillibrand,216
Oneida,Rome Ward 7 District 3,U.S. Senate,,WF,Kirsten E. Gillibrand,26
Oneida,Rome Ward 7 District 3,U.S. Senate,,REP,Michael D. Sapraicone,214
Oneida,Rome Ward 7 District 3,U.S. Senate,,CON,Michael D. Sapraicone,19
Oneida,Rome Ward 7 District 3,U.S. Senate,,LAR,Diane Sare,1
Oneida,Rome Ward 7 District 4,U.S. Senate,,DEM,Kirsten E. Gillibrand,178
Oneida,Rome Ward 7 District 4,U.S. Senate,,WF,Kirsten E. Gillibrand,22
Oneida,Rome Ward 7 District 4,U.S. Senate,,REP,Michael D. Sapraicone,175
Oneida,Rome Ward 7 District 4,U.S. Senate,,CON,Michael D. Sapraicone,14
Oneida,Rome Ward 7 District 4,U.S. Senate,,LAR,Diane Sare,0
Oneida,Rome Ward 7 District 5,U.S. Senate,,DEM,Kirsten E. Gillibrand,217
Oneida,Rome Ward 7 District 5,U.S. Senate,,WF,Kirsten E. Gillibrand,21
Oneida,Rome Ward 7 District 5,U.S. Senate,,REP,Michael D. Sapraicone,181
Oneida,Rome Ward 7 District 5,U.S. Senate,,CON,Michael D. Sapraicone,22
Oneida,Rome Ward 7 District 5,U.S. Senate,,LAR,Diane Sare,1
Oneida,Sangerfield 1,U.S. Senate,,DEM,Kirsten E. Gillibrand,254
Oneida,Sangerfield 1,U.S. Senate,,WF,Kirsten E. Gillibrand,30
Oneida,Sangerfield 1,U.S. Senate,,REP,Michael D. Sapraicone,271
Oneida,Sangerfield 1,U.S. Senate,,CON,Michael D. Sapraicone,30
Oneida,Sangerfield 1,U.S. Senate,,LAR,Diane Sare,2
Oneida,Sangerfield 2,U.S. Senate,,DEM,Kirsten E. Gillibrand,151
Oneida,Sangerfield 2,U.S. Senate,,WF,Kirsten E. Gillibrand,13
Oneida,Sangerfield 2,U.S. Senate,,REP,Michael D. Sapraicone,276
Oneida,Sangerfield 2,U.S. Senate,,CON,Michael D. Sapraicone,32
Oneida,Sangerfield 2,U.S. Senate,,LAR,Diane Sare,2
Oneida,Steuben 1,U.S. Senate,,DEM,Kirsten E. Gillibrand,150
Oneida,Steuben 1,U.S. Senate,,WF,Kirsten E. Gillibrand,15
Oneida,Steuben 1,U.S. Senate,,REP,Michael D. Sapraicone,423
Oneida,Steuben 1,U.S. Senate,,CON,Michael D. Sapraicone,30
Oneida,Steuben 1,U.S. Senate,,LAR,Diane Sare,3
Oneida,Trenton 1,U.S. Senate,,DEM,Kirsten E. Gillibrand,212
Oneida,Trenton 1,U.S. Senate,,WF,Kirsten E. Gillibrand,13
Oneida,Trenton 1,U.S. Senate,,REP,Michael D. Sapraicone,356
Oneida,Trenton 1,U.S. Senate,,CON,Michael D. Sapraicone,23
Oneida,Trenton 1,U.S. Senate,,LAR,Diane Sare,0
Oneida,Trenton 2,U.S. Senate,,DEM,Kirsten E. Gillibrand,239
Oneida,Trenton 2,U.S. Senate,,WF,Kirsten E. Gillibrand,37
Oneida,Trenton 2,U.S. Senate,,REP,Michael D. Sapraicone,429
Oneida,Trenton 2,U.S. Senate,,CON,Michael D. Sapraicone,26
Oneida,Trenton 2,U.S. Senate,,LAR,Diane Sare,3
Oneida,Trenton 3,U.S. Senate,,DEM,Kirsten E. Gillibrand,242
Oneida,Trenton 3,U.S. Senate,,WF,Kirsten E. Gillibrand,28
Oneida,Trenton 3,U.S. Senate,,REP,Michael D. Sapraicone,348
Oneida,Trenton 3,U.S. Senate,,CON,Michael D. Sapraicone,47
Oneida,Trenton 3,U.S. Senate,,LAR,Diane Sare,1
Oneida,Trenton 4,U.S. Senate,,DEM,Kirsten E. Gillibrand,115
Oneida,Trenton 4,U.S. Senate,,WF,Kirsten E. Gillibrand,13
Oneida,Trenton 4,U.S. Senate,,REP,Michael D. Sapraicone,262
Oneida,Trenton 4,U.S. Senate,,CON,Michael D. Sapraicone,28
Oneida,Trenton 4,U.S. Senate,,LAR,Diane Sare,1
Oneida,Utica Ward 1 District 1,U.S. Senate,,DEM,Kirsten E. Gillibrand,60
Oneida,Utica Ward 1 District 1,U.S. Senate,,WF,Kirsten E. Gillibrand,11
Oneida,Utica Ward 1 District 1,U.S. Senate,,REP,Michael D. Sapraicone,38
Oneida,Utica Ward 1 District 1,U.S. Senate,,CON,Michael D. Sapraicone,4
Oneida,Utica Ward 1 District 1,U.S. Senate,,LAR,Diane Sare,0
Oneida,Utica Ward 1 District 2,U.S. Senate,,DEM,Kirsten E. Gillibrand,81
Oneida,Utica Ward 1 District 2,U.S. Senate,,WF,Kirsten E. Gillibrand,9
Oneida,Utica Ward 1 District 2,U.S. Senate,,REP,Michael D. Sapraicone,28
Oneida,Utica Ward 1 District 2,U.S. Senate,,CON,Michael D. Sapraicone,3
Oneida,Utica Ward 1 District 2,U.S. Senate,,LAR,Diane Sare,2
Oneida,Utica Ward 1 District 3,U.S. Senate,,DEM,Kirsten E. Gillibrand,108
Oneida,Utica Ward 1 District 3,U.S. Senate,,WF,Kirsten E. Gillibrand,5
Oneida,Utica Ward 1 District 3,U.S. Senate,,REP,Michael D. Sapraicone,40
Oneida,Utica Ward 1 District 3,U.S. Senate,,CON,Michael D. Sapraicone,5
Oneida,Utica Ward 1 District 3,U.S. Senate,,LAR,Diane Sare,1
Oneida,Utica Ward 1 District 4,U.S. Senate,,DEM,Kirsten E. Gillibrand,197
Oneida,Utica Ward 1 District 4,U.S. Senate,,WF,Kirsten E. Gillibrand,12
Oneida,Utica Ward 1 District 4,U.S. Senate,,REP,Michael D. Sapraicone,106
Oneida,Utica Ward 1 District 4,U.S. Senate,,CON,Michael D. Sapraicone,12
Oneida,Utica Ward 1 District 4,U.S. Senate,,LAR,Diane Sare,4
Oneida,Utica Ward 1 District 5,U.S. Senate,,DEM,Kirsten E. Gillibrand,96
Oneida,Utica Ward 1 District 5,U.S. Senate,,WF,Kirsten E. Gillibrand,16
Oneida,Utica Ward 1 District 5,U.S. Senate,,REP,Michael D. Sapraicone,74
Oneida,Utica Ward 1 District 5,U.S. Senate,,CON,Michael D. Sapraicone,7
Oneida,Utica Ward 1 District 5,U.S. Senate,,LAR,Diane Sare,0
Oneida,Utica Ward 1 District 6,U.S. Senate,,DEM,Kirsten E. Gillibrand,45
Oneida,Utica Ward 1 District 6,U.S. Senate,,WF,Kirsten E. Gillibrand,2
Oneida,Utica Ward 1 District 6,U.S. Senate,,REP,Michael D. Sapraicone,30
Oneida,Utica Ward 1 District 6,U.S. Senate,,CON,Michael D. Sapraicone,9
Oneida,Utica Ward 1 District 6,U.S. Senate,,LAR,Diane Sare,1
Oneida,Utica Ward 1 District 7,U.S. Senate,,DEM,Kirsten E. Gillibrand,182
Oneida,Utica Ward 1 District 7,U.S. Senate,,WF,Kirsten E. Gillibrand,12
Oneida,Utica Ward 1 District 7,U.S. Senate,,REP,Michael D. Sapraicone,92
Oneida,Utica Ward 1 District 7,U.S. Senate,,CON,Michael D. Sapraicone,6
Oneida,Utica Ward 1 District 7,U.S. Senate,,LAR,Diane Sare,5
Oneida,Utica Ward 1 District 8,U.S. Senate,,DEM,Kirsten E. Gillibrand,82
Oneida,Utica Ward 1 District 8,U.S. Senate,,WF,Kirsten E. Gillibrand,28
Oneida,Utica Ward 1 District 8,U.S. Senate,,REP,Michael D. Sapraicone,43
Oneida,Utica Ward 1 District 8,U.S. Senate,,CON,Michael D. Sapraicone,7
Oneida,Utica Ward 1 District 8,U.S. Senate,,LAR,Diane Sare,1
Oneida,Utica Ward 2 District 1,U.S. Senate,,DEM,Kirsten E. Gillibrand,178
Oneida,Utica Ward 2 District 1,U.S. Senate,,WF,Kirsten E. Gillibrand,14
Oneida,Utica Ward 2 District 1,U.S. Senate,,REP,Michael D. Sapraicone,140
Oneida,Utica Ward 2 District 1,U.S. Senate,,CON,Michael D. Sapraicone,17
Oneida,Utica Ward 2 District 1,U.S. Senate,,LAR,Diane Sare,3
Oneida,Utica Ward 2 District 2,U.S. Senate,,DEM,Kirsten E. Gillibrand,95
Oneida,Utica Ward 2 District 2,U.S. Senate,,WF,Kirsten E. Gillibrand,4
Oneida,Utica Ward 2 District 2,U.S. Senate,,REP,Michael D. Sapraicone,57
Oneida,Utica Ward 2 District 2,U.S. Senate,,CON,Michael D. Sapraicone,8
Oneida,Utica Ward 2 District 2,U.S. Senate,,LAR,Diane Sare,2
Oneida,Utica Ward 2 District 3,U.S. Senate,,DEM,Kirsten E. Gillibrand,189
Oneida,Utica Ward 2 District 3,U.S. Senate,,WF,Kirsten E. Gillibrand,30
Oneida,Utica Ward 2 District 3,U.S. Senate,,REP,Michael D. Sapraicone,135
Oneida,Utica Ward 2 District 3,U.S. Senate,,CON,Michael D. Sapraicone,12
Oneida,Utica Ward 2 District 3,U.S. Senate,,LAR,Diane Sare,1
Oneida,Utica Ward 2 District 4,U.S. Senate,,DEM,Kirsten E. Gillibrand,192
Oneida,Utica Ward 2 District 4,U.S. Senate,,WF,Kirsten E. Gillibrand,22
Oneida,Utica Ward 2 District 4,U.S. Senate,,REP,Michael D. Sapraicone,133
Oneida,Utica Ward 2 District 4,U.S. Senate,,CON,Michael D. Sapraicone,14
Oneida,Utica Ward 2 District 4,U.S. Senate,,LAR,Diane Sare,6
Oneida,Utica Ward 2 District 5,U.S. Senate,,DEM,Kirsten E. Gillibrand,120
Oneida,Utica Ward 2 District 5,U.S. Senate,,WF,Kirsten E. Gillibrand,15
Oneida,Utica Ward 2 District 5,U.S. Senate,,REP,Michael D. Sapraicone,93
Oneida,Utica Ward 2 District 5,U.S. Senate,,CON,Michael D. Sapraicone,24
Oneida,Utica Ward 2 District 5,U.S. Senate,,LAR,Diane Sare,2
Oneida,Utica Ward 2 District 6,U.S. Senate,,DEM,Kirsten E. Gillibrand,61
Oneida,Utica Ward 2 District 6,U.S. Senate,,WF,Kirsten E. Gillibrand,8
Oneida,Utica Ward 2 District 6,U.S. Senate,,REP,Michael D. Sapraicone,44
Oneida,Utica Ward 2 District 6,U.S. Senate,,CON,Michael D. Sapraicone,11
Oneida,Utica Ward 2 District 6,U.S. Senate,,LAR,Diane Sare,1
Oneida,Utica Ward 2 District 7,U.S. Senate,,DEM,Kirsten E. Gillibrand,120
Oneida,Utica Ward 2 District 7,U.S. Senate,,WF,Kirsten E. Gillibrand,13
Oneida,Utica Ward 2 District 7,U.S. Senate,,REP,Michael D. Sapraicone,53
Oneida,Utica Ward 2 District 7,U.S. Senate,,CON,Michael D. Sapraicone,8
Oneida,Utica Ward 2 District 7,U.S. Senate,,LAR,Diane Sare,2
Oneida,Utica Ward 2 District 8,U.S. Senate,,DEM,Kirsten E. Gillibrand,76
Oneida,Utica Ward 2 District 8,U.S. Senate,,WF,Kirsten E. Gillibrand,5
Oneida,Utica Ward 2 District 8,U.S. Senate,,REP,Michael D. Sapraicone,38
Oneida,Utica Ward 2 District 8,U.S. Senate,,CON,Michael D. Sapraicone,2
Oneida,Utica Ward 2 District 8,U.S. Senate,,LAR,Diane Sare,2
Oneida,Utica Ward 3 District 1,U.S. Senate,,DEM,Kirsten E. Gillibrand,254
Oneida,Utica Ward 3 District 1,U.S. Senate,,WF,Kirsten E. Gillibrand,21
Oneida,Utica Ward 3 District 1,U.S. Senate,,REP,Michael D. Sapraicone,148
Oneida,Utica Ward 3 District 1,U.S. Senate,,CON,Michael D. Sapraicone,19
Oneida,Utica Ward 3 District 1,U.S. Senate,,LAR,Diane Sare,6
Oneida,Utica Ward 3 District 2,U.S. Senate,,DEM,Kirsten E. Gillibrand,207
Oneida,Utica Ward 3 District 2,U.S. Senate,,WF,Kirsten E. Gillibrand,22
Oneida,Utica Ward 3 District 2,U.S. Senate,,REP,Michael D. Sapraicone,150
Oneida,Utica Ward 3 District 2,U.S. Senate,,CON,Michael D. Sapraicone,23
Oneida,Utica Ward 3 District 2,U.S. Senate,,LAR,Diane Sare,1
Oneida,Utica Ward 3 District 3,U.S. Senate,,DEM,Kirsten E. Gillibrand,281
Oneida,Utica Ward 3 District 3,U.S. Senate,,WF,Kirsten E. Gillibrand,38
Oneida,Utica Ward 3 District 3,U.S. Senate,,REP,Michael D. Sapraicone,223
Oneida,Utica Ward 3 District 3,U.S. Senate,,CON,Michael D. Sapraicone,39
Oneida,Utica Ward 3 District 3,U.S. Senate,,LAR,Diane Sare,4
Oneida,Utica Ward 3 District 4,U.S. Senate,,DEM,Kirsten E. Gillibrand,307
Oneida,Utica Ward 3 District 4,U.S. Senate,,WF,Kirsten E. Gillibrand,16
Oneida,Utica Ward 3 District 4,U.S. Senate,,REP,Michael D. Sapraicone,204
Oneida,Utica Ward 3 District 4,U.S. Senate,,CON,Michael D. Sapraicone,19
Oneida,Utica Ward 3 District 4,U.S. Senate,,LAR,Diane Sare,7
Oneida,Utica Ward 3 District 5,U.S. Senate,,DEM,Kirsten E. Gillibrand,188
Oneida,Utica Ward 3 District 5,U.S. Senate,,WF,Kirsten E. Gillibrand,19
Oneida,Utica Ward 3 District 5,U.S. Senate,,REP,Michael D. Sapraicone,108
Oneida,Utica Ward 3 District 5,U.S. Senate,,CON,Michael D. Sapraicone,11
Oneida,Utica Ward 3 District 5,U.S. Senate,,LAR,Diane Sare,5
Oneida,Utica Ward 3 District 6,U.S. Senate,,DEM,Kirsten E. Gillibrand,294
Oneida,Utica Ward 3 District 6,U.S. Senate,,WF,Kirsten E. Gillibrand,28
Oneida,Utica Ward 3 District 6,U.S. Senate,,REP,Michael D. Sapraicone,205
Oneida,Utica Ward 3 District 6,U.S. Senate,,CON,Michael D. Sapraicone,17
Oneida,Utica Ward 3 District 6,U.S. Senate,,LAR,Diane Sare,2
Oneida,Utica Ward 3 District 7,U.S. Senate,,DEM,Kirsten E. Gillibrand,183
Oneida,Utica Ward 3 District 7,U.S. Senate,,WF,Kirsten E. Gillibrand,23
Oneida,Utica Ward 3 District 7,U.S. Senate,,REP,Michael D. Sapraicone,90
Oneida,Utica Ward 3 District 7,U.S. Senate,,CON,Michael D. Sapraicone,9
Oneida,Utica Ward 3 District 7,U.S. Senate,,LAR,Diane Sare,3
Oneida,Utica Ward 3 District 8,U.S. Senate,,DEM,Kirsten E. Gillibrand,169
Oneida,Utica Ward 3 District 8,U.S. Senate,,WF,Kirsten E. Gillibrand,19
Oneida,Utica Ward 3 District 8,U.S. Senate,,REP,Michael D. Sapraicone,90
Oneida,Utica Ward 3 District 8,U.S. Senate,,CON,Michael D. Sapraicone,11
Oneida,Utica Ward 3 District 8,U.S. Senate,,LAR,Diane Sare,0
Oneida,Utica Ward 3 District 9,U.S. Senate,,DEM,Kirsten E. Gillibrand,242
Oneida,Utica Ward 3 District 9,U.S. Senate,,WF,Kirsten E. Gillibrand,21
Oneida,Utica Ward 3 District 9,U.S. Senate,,REP,Michael D. Sapraicone,136
Oneida,Utica Ward 3 District 9,U.S. Senate,,CON,Michael D. Sapraicone,13
Oneida,Utica Ward 3 District 9,U.S. Senate,,LAR,Diane Sare,1
Oneida,Utica Ward 3 District 10,U.S. Senate,,DEM,Kirsten E. Gillibrand,109
Oneida,Utica Ward 3 District 10,U.S. Senate,,WF,Kirsten E. Gillibrand,13
Oneida,Utica Ward 3 District 10,U.S. Senate,,REP,Michael D. Sapraicone,78
Oneida,Utica Ward 3 District 10,U.S. Senate,,CON,Michael D. Sapraicone,3
Oneida,Utica Ward 3 District 10,U.S. Senate,,LAR,Diane Sare,0
Oneida,Utica Ward 4 District 1,U.S. Senate,,DEM,Kirsten E. Gillibrand,158
Oneida,Utica Ward 4 District 1,U.S. Senate,,WF,Kirsten E. Gillibrand,7
Oneida,Utica Ward 4 District 1,U.S. Senate,,REP,Michael D. Sapraicone,98
Oneida,Utica Ward 4 District 1,U.S. Senate,,CON,Michael D. Sapraicone,8
Oneida,Utica Ward 4 District 1,U.S. Senate,,LAR,Diane Sare,2
Oneida,Utica Ward 4 District 2,U.S. Senate,,DEM,Kirsten E. Gillibrand,127
Oneida,Utica Ward 4 District 2,U.S. Senate,,WF,Kirsten E. Gillibrand,20
Oneida,Utica Ward 4 District 2,U.S. Senate,,REP,Michael D. Sapraicone,109
Oneida,Utica Ward 4 District 2,U.S. Senate,,CON,Michael D. Sapraicone,11
Oneida,Utica Ward 4 District 2,U.S. Senate,,LAR,Diane Sare,1
Oneida,Utica Ward 4 District 3,U.S. Senate,,DEM,Kirsten E. Gillibrand,180
Oneida,Utica Ward 4 District 3,U.S. Senate,,WF,Kirsten E. Gillibrand,9
Oneida,Utica Ward 4 District 3,U.S. Senate,,REP,Michael D. Sapraicone,185
Oneida,Utica Ward 4 District 3,U.S. Senate,,CON,Michael D. Sapraicone,15
Oneida,Utica Ward 4 District 3,U.S. Senate,,LAR,Diane Sare,4
Oneida,Utica Ward 4 District 4,U.S. Senate,,DEM,Kirsten E. Gillibrand,88
Oneida,Utica Ward 4 District 4,U.S. Senate,,WF,Kirsten E. Gillibrand,17
Oneida,Utica Ward 4 District 4,U.S. Senate,,REP,Michael D. Sapraicone,94
Oneida,Utica Ward 4 District 4,U.S. Senate,,CON,Michael D. Sapraicone,5
Oneida,Utica Ward 4 District 4,U.S. Senate,,LAR,Diane Sare,1
Oneida,Utica Ward 4 District 5,U.S. Senate,,DEM,Kirsten E. Gillibrand,148
Oneida,Utica Ward 4 District 5,U.S. Senate,,WF,Kirsten E. Gillibrand,12
Oneida,Utica Ward 4 District 5,U.S. Senate,,REP,Michael D. Sapraicone,164
Oneida,Utica Ward 4 District 5,U.S. Senate,,CON,Michael D. Sapraicone,10
Oneida,Utica Ward 4 District 5,U.S. Senate,,LAR,Diane Sare,4
Oneida,Utica Ward 4 District 6,U.S. Senate,,DEM,Kirsten E. Gillibrand,212
Oneida,Utica Ward 4 District 6,U.S. Senate,,WF,Kirsten E. Gillibrand,21
Oneida,Utica Ward 4 District 6,U.S. Senate,,REP,Michael D. Sapraicone,149
Oneida,Utica Ward 4 District 6,U.S. Senate,,CON,Michael D. Sapraicone,15
Oneida,Utica Ward 4 District 6,U.S. Senate,,LAR,Diane Sare,0
Oneida,Utica Ward 4 District 7,U.S. Senate,,DEM,Kirsten E. Gillibrand,146
Oneida,Utica Ward 4 District 7,U.S. Senate,,WF,Kirsten E. Gillibrand,14
Oneida,Utica Ward 4 District 7,U.S. Senate,,REP,Michael D. Sapraicone,108
Oneida,Utica Ward 4 District 7,U.S. Senate,,CON,Michael D. Sapraicone,6
Oneida,Utica Ward 4 District 7,U.S. Senate,,LAR,Diane Sare,1
Oneida,Utica Ward 4 District 8,U.S. Senate,,DEM,Kirsten E. Gillibrand,164
Oneida,Utica Ward 4 District 8,U.S. Senate,,WF,Kirsten E. Gillibrand,12
Oneida,Utica Ward 4 District 8,U.S. Senate,,REP,Michael D. Sapraicone,122
Oneida,Utica Ward 4 District 8,U.S. Senate,,CON,Michael D. Sapraicone,4
Oneida,Utica Ward 4 District 8,U.S. Senate,,LAR,Diane Sare,0
Oneida,Utica Ward 4 District 9,U.S. Senate,,DEM,Kirsten E. Gillibrand,201
Oneida,Utica Ward 4 District 9,U.S. Senate,,WF,Kirsten E. Gillibrand,12
Oneida,Utica Ward 4 District 9,U.S. Senate,,REP,Michael D. Sapraicone,252
Oneida,Utica Ward 4 District 9,U.S. Senate,,CON,Michael D. Sapraicone,20
Oneida,Utica Ward 4 District 9,U.S. Senate,,LAR,Diane Sare,1
Oneida,Utica Ward 5 District 1,U.S. Senate,,DEM,Kirsten E. Gillibrand,161
Oneida,Utica Ward 5 District 1,U.S. Senate,,WF,Kirsten E. Gillibrand,19
Oneida,Utica Ward 5 District 1,U.S. Senate,,REP,Michael D. Sapraicone,57
Oneida,Utica Ward 5 District 1,U.S. Senate,,CON,Michael D. Sapraicone,10
Oneida,Utica Ward 5 District 1,U.S. Senate,,LAR,Diane Sare,3
Oneida,Utica Ward 5 District 2,U.S. Senate,,DEM,Kirsten E. Gillibrand,241
Oneida,Utica Ward 5 District 2,U.S. Senate,,WF,Kirsten E. Gillibrand,34
Oneida,Utica Ward 5 District 2,U.S. Senate,,REP,Michael D. Sapraicone,93
Oneida,Utica Ward 5 District 2,U.S. Senate,,CON,Michael D. Sapraicone,8
Oneida,Utica Ward 5 District 2,U.S. Senate,,LAR,Diane Sare,4
Oneida,Utica Ward 5 District 3,U.S. Senate,,DEM,Kirsten E. Gillibrand,104
Oneida,Utica Ward 5 District 3,U.S. Senate,,WF,Kirsten E. Gillibrand,17
Oneida,Utica Ward 5 District 3,U.S. Senate,,REP,Michael D. Sapraicone,53
Oneida,Utica Ward 5 District 3,U.S. Senate,,CON,Michael D. Sapraicone,5
Oneida,Utica Ward 5 District 3,U.S. Senate,,LAR,Diane Sare,0
Oneida,Utica Ward 5 District 4,U.S. Senate,,DEM,Kirsten E. Gillibrand,194
Oneida,Utica Ward 5 District 4,U.S. Senate,,WF,Kirsten E. Gillibrand,11
Oneida,Utica Ward 5 District 4,U.S. Senate,,REP,Michael D. Sapraicone,64
Oneida,Utica Ward 5 District 4,U.S. Senate,,CON,Michael D. Sapraicone,7
Oneida,Utica Ward 5 District 4,U.S. Senate,,LAR,Diane Sare,3
Oneida,Utica Ward 5 District 5,U.S. Senate,,DEM,Kirsten E. Gillibrand,235
Oneida,Utica Ward 5 District 5,U.S. Senate,,WF,Kirsten E. Gillibrand,28
Oneida,Utica Ward 5 District 5,U.S. Senate,,REP,Michael D. Sapraicone,131
Oneida,Utica Ward 5 District 5,U.S. Senate,,CON,Michael D. Sapraicone,11
Oneida,Utica Ward 5 District 5,U.S. Senate,,LAR,Diane Sare,2
Oneida,Utica Ward 5 District 6,U.S. Senate,,DEM,Kirsten E. Gillibrand,195
Oneida,Utica Ward 5 District 6,U.S. Senate,,WF,Kirsten E. Gillibrand,22
Oneida,Utica Ward 5 District 6,U.S. Senate,,REP,Michael D. Sapraicone,72
Oneida,Utica Ward 5 District 6,U.S. Senate,,CON,Michael D. Sapraicone,7
Oneida,Utica Ward 5 District 6,U.S. Senate,,LAR,Diane Sare,1
Oneida,Utica Ward 5 District 7,U.S. Senate,,DEM,Kirsten E. Gillibrand,61
Oneida,Utica Ward 5 District 7,U.S. Senate,,WF,Kirsten E. Gillibrand,10
Oneida,Utica Ward 5 District 7,U.S. Senate,,REP,Michael D. Sapraicone,30
Oneida,Utica Ward 5 District 7,U.S. Senate,,CON,Michael D. Sapraicone,4
Oneida,Utica Ward 5 District 7,U.S. Senate,,LAR,Diane Sare,1
Oneida,Utica Ward 6 District 1,U.S. Senate,,DEM,Kirsten E. Gillibrand,161
Oneida,Utica Ward 6 District 1,U.S. Senate,,WF,Kirsten E. Gillibrand,22
Oneida,Utica Ward 6 District 1,U.S. Senate,,REP,Michael D. Sapraicone,200
Oneida,Utica Ward 6 District 1,U.S. Senate,,CON,Michael D. Sapraicone,11
Oneida,Utica Ward 6 District 1,U.S. Senate,,LAR,Diane Sare,2
Oneida,Utica Ward 6 District 2,U.S. Senate,,DEM,Kirsten E. Gillibrand,357
Oneida,Utica Ward 6 District 2,U.S. Senate,,WF,Kirsten E. Gillibrand,30
Oneida,Utica Ward 6 District 2,U.S. Senate,,REP,Michael D. Sapraicone,352
Oneida,Utica Ward 6 District 2,U.S. Senate,,CON,Michael D. Sapraicone,31
Oneida,Utica Ward 6 District 2,U.S. Senate,,LAR,Diane Sare,4
Oneida,Utica Ward 6 District 3,U.S. Senate,,DEM,Kirsten E. Gillibrand,180
Oneida,Utica Ward 6 District 3,U.S. Senate,,WF,Kirsten E. Gillibrand,16
Oneida,Utica Ward 6 District 3,U.S. Senate,,REP,Michael D. Sapraicone,229
Oneida,Utica Ward 6 District 3,U.S. Senate,,CON,Michael D. Sapraicone,11
Oneida,Utica Ward 6 District 3,U.S. Senate,,LAR,Diane Sare,1
Oneida,Utica Ward 6 District 4,U.S. Senate,,DEM,Kirsten E. Gillibrand,166
Oneida,Utica Ward 6 District 4,U.S. Senate,,WF,Kirsten E. Gillibrand,22
Oneida,Utica Ward 6 District 4,U.S. Senate,,REP,Michael D. Sapraicone,185
Oneida,Utica Ward 6 District 4,U.S. Senate,,CON,Michael D. Sapraicone,8
Oneida,Utica Ward 6 District 4,U.S. Senate,,LAR,Diane Sare,1
Oneida,Utica Ward 6 District 5,U.S. Senate,,DEM,Kirsten E. Gillibrand,216
Oneida,Utica Ward 6 District 5,U.S. Senate,,WF,Kirsten E. Gillibrand,28
Oneida,Utica Ward 6 District 5,U.S. Senate,,REP,Michael D. Sapraicone,265
Oneida,Utica Ward 6 District 5,U.S. Senate,,CON,Michael D. Sapraicone,28
Oneida,Utica Ward 6 District 5,U.S. Senate,,LAR,Diane Sare,3
Oneida,Utica Ward 6 District 6,U.S. Senate,,DEM,Kirsten E. Gillibrand,261
Oneida,Utica Ward 6 District 6,U.S. Senate,,WF,Kirsten E. Gillibrand,35
Oneida,Utica Ward 6 District 6,U.S. Senate,,REP,Michael D. Sapraicone,344
Oneida,Utica Ward 6 District 6,U.S. Senate,,CON,Michael D. Sapraicone,16
Oneida,Utica Ward 6 District 6,U.S. Senate,,LAR,Diane Sare,2
Oneida,Utica Ward 6 District 7,U.S. Senate,,DEM,Kirsten E. Gillibrand,207
Oneida,Utica Ward 6 District 7,U.S. Senate,,WF,Kirsten E. Gillibrand,25
Oneida,Utica Ward 6 District 7,U.S. Senate,,REP,Michael D. Sapraicone,210
Oneida,Utica Ward 6 District 7,U.S. Senate,,CON,Michael D. Sapraicone,12
Oneida,Utica Ward 6 District 7,U.S. Senate,,LAR,Diane Sare,3
Oneida,Utica Ward 6 District 8,U.S. Senate,,DEM,Kirsten E. Gillibrand,333
Oneida,Utica Ward 6 District 8,U.S. Senate,,WF,Kirsten E. Gillibrand,33
Oneida,Utica Ward 6 District 8,U.S. Senate,,REP,Michael D. Sapraicone,234
Oneida,Utica Ward 6 District 8,U.S. Senate,,CON,Michael D. Sapraicone,27
Oneida,Utica Ward 6 District 8,U.S. Senate,,LAR,Diane Sare,4
Oneida,Utica Ward 6 District 9,U.S. Senate,,DEM,Kirsten E. Gillibrand,97
Oneida,Utica Ward 6 District 9,U.S. Senate,,WF,Kirsten E. Gillibrand,10
Oneida,Utica Ward 6 District 9,U.S. Senate,,REP,Michael D. Sapraicone,98
Oneida,Utica Ward 6 District 9,U.S. Senate,,CON,Michael D. Sapraicone,3
Oneida,Utica Ward 6 District 9,U.S. Senate,,LAR,Diane Sare,2
Oneida,Vernon 1,U.S. Senate,,DEM,Kirsten E. Gillibrand,168
Oneida,Vernon 1,U.S. Senate,,WF,Kirsten E. Gillibrand,27
Oneida,Vernon 1,U.S. Senate,,REP,Michael D. Sapraicone,411
Oneida,Vernon 1,U.S. Senate,,CON,Michael D. Sapraicone,55
Oneida,Vernon 1,U.S. Senate,,LAR,Diane Sare,3
Oneida,Vernon 2,U.S. Senate,,DEM,Kirsten E. Gillibrand,289
Oneida,Vernon 2,U.S. Senate,,WF,Kirsten E. Gillibrand,45
Oneida,Vernon 2,U.S. Senate,,REP,Michael D. Sapraicone,491
Oneida,Vernon 2,U.S. Senate,,CON,Michael D. Sapraicone,65
Oneida,Vernon 2,U.S. Senate,,LAR,Diane Sare,5
Oneida,Vernon 3,U.S. Senate,,DEM,Kirsten E. Gillibrand,354
Oneida,Vernon 3,U.S. Senate,,WF,Kirsten E. Gillibrand,53
Oneida,Vernon 3,U.S. Senate,,REP,Michael D. Sapraicone,476
Oneida,Vernon 3,U.S. Senate,,CON,Michael D. Sapraicone,48
Oneida,Vernon 3,U.S. Senate,,LAR,Diane Sare,5
Oneida,Vernon 4,U.S. Senate,,DEM,Kirsten E. Gillibrand,467
Oneida,Vernon 4,U.S. Senate,,WF,Kirsten E. Gillibrand,32
Oneida,Vernon 4,U.S. Senate,,REP,Michael D. Sapraicone,507
Oneida,Vernon 4,U.S. Senate,,CON,Michael D. Sapraicone,56
Oneida,Vernon 4,U.S. Senate,,LAR,Diane Sare,2
Oneida,Vernon 5,U.S. Senate,,DEM,Kirsten E. Gillibrand,282
Oneida,Vernon 5,U.S. Senate,,WF,Kirsten E. Gillibrand,23
Oneida,Vernon 5,U.S. Senate,,REP,Michael D. Sapraicone,362
Oneida,Vernon 5,U.S. Senate,,CON,Michael D. Sapraicone,49
Oneida,Vernon 5,U.S. Senate,,LAR,Diane Sare,4
Oneida,Verona 1,U.S. Senate,,DEM,Kirsten E. Gillibrand,235
Oneida,Verona 1,U.S. Senate,,WF,Kirsten E. Gillibrand,25
Oneida,Verona 1,U.S. Senate,,REP,Michael D. Sapraicone,449
Oneida,Verona 1,U.S. Senate,,CON,Michael D. Sapraicone,69
Oneida,Verona 1,U.S. Senate,,LAR,Diane Sare,8
Oneida,Verona 2,U.S. Senate,,DEM,Kirsten E. Gillibrand,122
Oneida,Verona 2,U.S. Senate,,WF,Kirsten E. Gillibrand,25
Oneida,Verona 2,U.S. Senate,,REP,Michael D. Sapraicone,312
Oneida,Verona 2,U.S. Senate,,CON,Michael D. Sapraicone,33
Oneida,Verona 2,U.S. Senate,,LAR,Diane Sare,2
Oneida,Verona 3,U.S. Senate,,DEM,Kirsten E. Gillibrand,133
Oneida,Verona 3,U.S. Senate,,WF,Kirsten E. Gillibrand,20
Oneida,Verona 3,U.S. Senate,,REP,Michael D. Sapraicone,316
Oneida,Verona 3,U.S. Senate,,CON,Michael D. Sapraicone,33
Oneida,Verona 3,U.S. Senate,,LAR,Diane Sare,4
Oneida,Verona 4,U.S. Senate,,DEM,Kirsten E. Gillibrand,72
Oneida,Verona 4,U.S. Senate,,WF,Kirsten E. Gillibrand,6
Oneida,Verona 4,U.S. Senate,,REP,Michael D. Sapraicone,226
Oneida,Verona 4,U.S. Senate,,CON,Michael D. Sapraicone,39
Oneida,Verona 4,U.S. Senate,,LAR,Diane Sare,1
Oneida,"Verona 5, 10, 11",U.S. Senate,,DEM,Kirsten E. Gillibrand,123
Oneida,"Verona 5, 10, 11",U.S. Senate,,WF,Kirsten E. Gillibrand,20
Oneida,"Verona 5, 10, 11",U.S. Senate,,REP,Michael D. Sapraicone,197
Oneida,"Verona 5, 10, 11",U.S. Senate,,CON,Michael D. Sapraicone,34
Oneida,"Verona 5, 10, 11",U.S. Senate,,LAR,Diane Sare,2
Oneida,Verona 6,U.S. Senate,,DEM,Kirsten E. Gillibrand,93
Oneida,Verona 6,U.S. Senate,,WF,Kirsten E. Gillibrand,7
Oneida,Verona 6,U.S. Senate,,REP,Michael D. Sapraicone,157
Oneida,Verona 6,U.S. Senate,,CON,Michael D. Sapraicone,18
Oneida,Verona 6,U.S. Senate,,LAR,Diane Sare,1
Oneida,Verona 7,U.S. Senate,,DEM,Kirsten E. Gillibrand,37
Oneida,Verona 7,U.S. Senate,,WF,Kirsten E. Gillibrand,5
Oneida,Verona 7,U.S. Senate,,REP,Michael D. Sapraicone,96
Oneida,Verona 7,U.S. Senate,,CON,Michael D. Sapraicone,8
Oneida,Verona 7,U.S. Senate,,LAR,Diane Sare,1
Oneida,"Verona 8, 9",U.S. Senate,,DEM,Kirsten E. Gillibrand,15
Oneida,"Verona 8, 9",U.S. Senate,,WF,Kirsten E. Gillibrand,1
Oneida,"Verona 8, 9",U.S. Senate,,REP,Michael D. Sapraicone,35
Oneida,"Verona 8, 9",U.S. Senate,,CON,Michael D. Sapraicone,8
Oneida,"Verona 8, 9",U.S. Senate,,LAR,Diane Sare,0
Oneida,Vienna 1,U.S. Senate,,DEM,Kirsten E. Gillibrand,225
Oneida,Vienna 1,U.S. Senate,,WF,Kirsten E. Gillibrand,34
Oneida,Vienna 1,U.S. Senate,,REP,Michael D. Sapraicone,424
Oneida,Vienna 1,U.S. Senate,,CON,Michael D. Sapraicone,45
Oneida,Vienna 1,U.S. Senate,,LAR,Diane Sare,3
Oneida,Vienna 2,U.S. Senate,,DEM,Kirsten E. Gillibrand,146
Oneida,Vienna 2,U.S. Senate,,WF,Kirsten E. Gillibrand,21
Oneida,Vienna 2,U.S. Senate,,REP,Michael D. Sapraicone,329
Oneida,Vienna 2,U.S. Senate,,CON,Michael D. Sapraicone,44
Oneida,Vienna 2,U.S. Senate,,LAR,Diane Sare,1
Oneida,Vienna 3,U.S. Senate,,DEM,Kirsten E. Gillibrand,192
Oneida,Vienna 3,U.S. Senate,,WF,Kirsten E. Gillibrand,30
Oneida,Vienna 3,U.S. Senate,,REP,Michael D. Sapraicone,450
Oneida,Vienna 3,U.S. Senate,,CON,Michael D. Sapraicone,46
Oneida,Vienna 3,U.S. Senate,,LAR,Diane Sare,4
Oneida,Vienna 4,U.S. Senate,,DEM,Kirsten E. Gillibrand,134
Oneida,Vienna 4,U.S. Senate,,WF,Kirsten E. Gillibrand,15
Oneida,Vienna 4,U.S. Senate,,REP,Michael D. Sapraicone,278
Oneida,Vienna 4,U.S. Senate,,CON,Michael D. Sapraicone,29
Oneida,Vienna 4,U.S. Senate,,LAR,Diane Sare,0
Oneida,Western 1,U.S. Senate,,DEM,Kirsten E. Gillibrand,47
Oneida,Western 1,U.S. Senate,,WF,Kirsten E. Gillibrand,10
Oneida,Western 1,U.S. Senate,,REP,Michael D. Sapraicone,201
Oneida,Western 1,U.S. Senate,,CON,Michael D. Sapraicone,16
Oneida,Western 1,U.S. Senate,,LAR,Diane Sare,1
Oneida,Western 2,U.S. Senate,,DEM,Kirsten E. Gillibrand,97
Oneida,Western 2,U.S. Senate,,WF,Kirsten E. Gillibrand,20
Oneida,Western 2,U.S. Senate,,REP,Michael D. Sapraicone,241
Oneida,Western 2,U.S. Senate,,CON,Michael D. Sapraicone,24
Oneida,Western 2,U.S. Senate,,LAR,Diane Sare,1
Oneida,Western 3,U.S. Senate,,DEM,Kirsten E. Gillibrand,90
Oneida,Western 3,U.S. Senate,,WF,Kirsten E. Gillibrand,16
Oneida,Western 3,U.S. Senate,,REP,Michael D. Sapraicone,214
Oneida,Western 3,U.S. Senate,,CON,Michael D. Sapraicone,30
Oneida,Western 3,U.S. Senate,,LAR,Diane Sare,2
Oneida,Westmoreland 1,U.S. Senate,,DEM,Kirsten E. Gillibrand,176
Oneida,Westmoreland 1,U.S. Senate,,WF,Kirsten E. Gillibrand,23
Oneida,Westmoreland 1,U.S. Senate,,REP,Michael D. Sapraicone,296
Oneida,Westmoreland 1,U.S. Senate,,CON,Michael D. Sapraicone,34
Oneida,Westmoreland 1,U.S. Senate,,LAR,Diane Sare,4
Oneida,Westmoreland 2,U.S. Senate,,DEM,Kirsten E. Gillibrand,335
Oneida,Westmoreland 2,U.S. Senate,,WF,Kirsten E. Gillibrand,46
Oneida,Westmoreland 2,U.S. Senate,,REP,Michael D. Sapraicone,734
Oneida,Westmoreland 2,U.S. Senate,,CON,Michael D. Sapraicone,65
Oneida,Westmoreland 2,U.S. Senate,,LAR,Diane Sare,2
Oneida,Westmoreland 3,U.S. Senate,,DEM,Kirsten E. Gillibrand,220
Oneida,Westmoreland 3,U.S. Senate,,WF,Kirsten E. Gillibrand,33
Oneida,Westmoreland 3,U.S. Senate,,REP,Michael D. Sapraicone,521
Oneida,Westmoreland 3,U.S. Senate,,CON,Michael D. Sapraicone,65
Oneida,Westmoreland 3,U.S. Senate,,LAR,Diane Sare,2
Oneida,Westmoreland 4,U.S. Senate,,DEM,Kirsten E. Gillibrand,207
Oneida,Westmoreland 4,U.S. Senate,,WF,Kirsten E. Gillibrand,41
Oneida,Westmoreland 4,U.S. Senate,,REP,Michael D. Sapraicone,460
Oneida,Westmoreland 4,U.S. Senate,,CON,Michael D. Sapraicone,48
Oneida,Westmoreland 4,U.S. Senate,,LAR,Diane Sare,1
Oneida,Whitestown 1,U.S. Senate,,DEM,Kirsten E. Gillibrand,107
Oneida,Whitestown 1,U.S. Senate,,WF,Kirsten E. Gillibrand,11
Oneida,Whitestown 1,U.S. Senate,,REP,Michael D. Sapraicone,126
Oneida,Whitestown 1,U.S. Senate,,CON,Michael D. Sapraicone,14
Oneida,Whitestown 1,U.S. Senate,,LAR,Diane Sare,1
Oneida,Whitestown 2,U.S. Senate,,DEM,Kirsten E. Gillibrand,109
Oneida,Whitestown 2,U.S. Senate,,WF,Kirsten E. Gillibrand,14
Oneida,Whitestown 2,U.S. Senate,,REP,Michael D. Sapraicone,118
Oneida,Whitestown 2,U.S. Senate,,CON,Michael D. Sapraicone,13
Oneida,Whitestown 2,U.S. Senate,,LAR,Diane Sare,2
Oneida,Whitestown 3,U.S. Senate,,DEM,Kirsten E. Gillibrand,243
Oneida,Whitestown 3,U.S. Senate,,WF,Kirsten E. Gillibrand,26
Oneida,Whitestown 3,U.S. Senate,,REP,Michael D. Sapraicone,281
Oneida,Whitestown 3,U.S. Senate,,CON,Michael D. Sapraicone,27
Oneida,Whitestown 3,U.S. Senate,,LAR,Diane Sare,1
Oneida,Whitestown 4,U.S. Senate,,DEM,Kirsten E. Gillibrand,169
Oneida,Whitestown 4,U.S. Senate,,WF,Kirsten E. Gillibrand,22
Oneida,Whitestown 4,U.S. Senate,,REP,Michael D. Sapraicone,219
Oneida,Whitestown 4,U.S. Senate,,CON,Michael D. Sapraicone,16
Oneida,Whitestown 4,U.S. Senate,,LAR,Diane Sare,4
Oneida,Whitestown 5,U.S. Senate,,DEM,Kirsten E. Gillibrand,152
Oneida,Whitestown 5,U.S. Senate,,WF,Kirsten E. Gillibrand,22
Oneida,Whitestown 5,U.S. Senate,,REP,Michael D. Sapraicone,207
Oneida,Whitestown 5,U.S. Senate,,CON,Michael D. Sapraicone,22
Oneida,Whitestown 5,U.S. Senate,,LAR,Diane Sare,3
Oneida,Whitestown 6,U.S. Senate,,DEM,Kirsten E. Gillibrand,263
Oneida,Whitestown 6,U.S. Senate,,WF,Kirsten E. Gillibrand,40
Oneida,Whitestown 6,U.S. Senate,,REP,Michael D. Sapraicone,305
Oneida,Whitestown 6,U.S. Senate,,CON,Michael D. Sapraicone,30
Oneida,Whitestown 6,U.S. Senate,,LAR,Diane Sare,2
Oneida,Whitestown 7,U.S. Senate,,DEM,Kirsten E. Gillibrand,158
Oneida,Whitestown 7,U.S. Senate,,WF,Kirsten E. Gillibrand,32
Oneida,Whitestown 7,U.S. Senate,,REP,Michael D. Sapraicone,220
Oneida,Whitestown 7,U.S. Senate,,CON,Michael D. Sapraicone,11
Oneida,Whitestown 7,U.S. Senate,,LAR,Diane Sare,0
Oneida,Whitestown 8,U.S. Senate,,DEM,Kirsten E. Gillibrand,213
Oneida,Whitestown 8,U.S. Senate,,WF,Kirsten E. Gillibrand,23
Oneida,Whitestown 8,U.S. Senate,,REP,Michael D. Sapraicone,310
Oneida,Whitestown 8,U.S. Senate,,CON,Michael D. Sapraicone,42
Oneida,Whitestown 8,U.S. Senate,,LAR,Diane Sare,3
Oneida,Whitestown 9,U.S. Senate,,DEM,Kirsten E. Gillibrand,254
Oneida,Whitestown 9,U.S. Senate,,WF,Kirsten E. Gillibrand,22
Oneida,Whitestown 9,U.S. Senate,,REP,Michael D. Sapraicone,357
Oneida,Whitestown 9,U.S. Senate,,CON,Michael D. Sapraicone,46
Oneida,Whitestown 9,U.S. Senate,,LAR,Diane Sare,2
Oneida,Whitestown 10,U.S. Senate,,DEM,Kirsten E. Gillibrand,155
Oneida,Whitestown 10,U.S. Senate,,WF,Kirsten E. Gillibrand,15
Oneida,Whitestown 10,U.S. Senate,,REP,Michael D. Sapraicone,139
Oneida,Whitestown 10,U.S. Senate,,CON,Michael D. Sapraicone,27
Oneida,Whitestown 10,U.S. Senate,,LAR,Diane Sare,2
Oneida,Whitestown 11,U.S. Senate,,DEM,Kirsten E. Gillibrand,147
Oneida,Whitestown 11,U.S. Senate,,WF,Kirsten E. Gillibrand,21
Oneida,Whitestown 11,U.S. Senate,,REP,Michael D. Sapraicone,221
Oneida,Whitestown 11,U.S. Senate,,CON,Michael D. Sapraicone,26
Oneida,Whitestown 11,U.S. Senate,,LAR,Diane Sare,2
Oneida,Whitestown 12,U.S. Senate,,DEM,Kirsten E. Gillibrand,276
Oneida,Whitestown 12,U.S. Senate,,WF,Kirsten E. Gillibrand,14
Oneida,Whitestown 12,U.S. Senate,,REP,Michael D. Sapraicone,256
Oneida,Whitestown 12,U.S. Senate,,CON,Michael D. Sapraicone,23
Oneida,Whitestown 12,U.S. Senate,,LAR,Diane Sare,3
Oneida,Whitestown 13,U.S. Senate,,DEM,Kirsten E. Gillibrand,113
Oneida,Whitestown 13,U.S. Senate,,WF,Kirsten E. Gillibrand,14
Oneida,Whitestown 13,U.S. Senate,,REP,Michael D. Sapraicone,160
Oneida,Whitestown 13,U.S. Senate,,CON,Michael D. Sapraicone,18
Oneida,Whitestown 13,U.S. Senate,,LAR,Diane Sare,1
Oneida,Whitestown 14,U.S. Senate,,DEM,Kirsten E. Gillibrand,309
Oneida,Whitestown 14,U.S. Senate,,WF,Kirsten E. Gillibrand,28
Oneida,Whitestown 14,U.S. Senate,,REP,Michael D. Sapraicone,460
Oneida,Whitestown 14,U.S. Senate,,CON,Michael D. Sapraicone,49
Oneida,Whitestown 14,U.S. Senate,,LAR,Diane Sare,0
Oneida,Whitestown 15,U.S. Senate,,DEM,Kirsten E. Gillibrand,338
Oneida,Whitestown 15,U.S. Senate,,WF,Kirsten E. Gillibrand,37
Oneida,Whitestown 15,U.S. Senate,,REP,Michael D. Sapraicone,536
Oneida,Whitestown 15,U.S. Senate,,CON,Michael D. Sapraicone,65
Oneida,Whitestown 15,U.S. Senate,,LAR,Diane Sare,2
Oneida,Whitestown 16,U.S. Senate,,DEM,Kirsten E. Gillibrand,415
Oneida,Whitestown 16,U.S. Senate,,WF,Kirsten E. Gillibrand,34
Oneida,Whitestown 16,U.S. Senate,,REP,Michael D. Sapraicone,605
Oneida,Whitestown 16,U.S. Senate,,CON,Michael D. Sapraicone,60
Oneida,Whitestown 16,U.S. Senate,,LAR,Diane Sare,1
Oneida,Annsville 1,U.S. House,21,WF,Paula Collins,20
Oneida,Annsville 1,U.S. House,21,DEM,Paula Collins,124
Oneida,Annsville 1,U.S. House,21,CON,Elise M. Stefanik,55
Oneida,Annsville 1,U.S. House,21,REP,Elise M. Stefanik,545
Oneida,Annsville 2,U.S. House,21,WF,Paula Collins,7
Oneida,Annsville 2,U.S. House,21,DEM,Paula Collins,54
Oneida,Annsville 2,U.S. House,21,CON,Elise M. Stefanik,23
Oneida,Annsville 2,U.S. House,21,REP,Elise M. Stefanik,198
Oneida,Annsville 3,U.S. House,21,WF,Paula Collins,4
Oneida,Annsville 3,U.S. House,21,DEM,Paula Collins,24
Oneida,Annsville 3,U.S. House,21,CON,Elise M. Stefanik,10
Oneida,Annsville 3,U.S. House,21,REP,Elise M. Stefanik,119
Oneida,Ava 1,U.S. House,21,WF,Paula Collins,5
Oneida,Ava 1,U.S. House,21,DEM,Paula Collins,42
Oneida,Ava 1,U.S. House,21,CON,Elise M. Stefanik,17
Oneida,Ava 1,U.S. House,21,REP,Elise M. Stefanik,233
Oneida,Boonville 1,U.S. House,21,WF,Paula Collins,10
Oneida,Boonville 1,U.S. House,21,DEM,Paula Collins,128
Oneida,Boonville 1,U.S. House,21,CON,Elise M. Stefanik,51
Oneida,Boonville 1,U.S. House,21,REP,Elise M. Stefanik,416
Oneida,Boonville 2,U.S. House,21,WF,Paula Collins,22
Oneida,Boonville 2,U.S. House,21,DEM,Paula Collins,214
Oneida,Boonville 2,U.S. House,21,CON,Elise M. Stefanik,54
Oneida,Boonville 2,U.S. House,21,REP,Elise M. Stefanik,525
Oneida,Boonville 3,U.S. House,21,WF,Paula Collins,5
Oneida,Boonville 3,U.S. House,21,DEM,Paula Collins,63
Oneida,Boonville 3,U.S. House,21,CON,Elise M. Stefanik,24
Oneida,Boonville 3,U.S. House,21,REP,Elise M. Stefanik,209
Oneida,Boonville 4,U.S. House,21,WF,Paula Collins,9
Oneida,Boonville 4,U.S. House,21,DEM,Paula Collins,62
Oneida,Boonville 4,U.S. House,21,CON,Elise M. Stefanik,23
Oneida,Boonville 4,U.S. House,21,REP,Elise M. Stefanik,268
Oneida,Camden 1,U.S. House,21,WF,Paula Collins,18
Oneida,Camden 1,U.S. House,21,DEM,Paula Collins,233
Oneida,Camden 1,U.S. House,21,CON,Elise M. Stefanik,58
Oneida,Camden 1,U.S. House,21,REP,Elise M. Stefanik,538
Oneida,Camden 2,U.S. House,21,WF,Paula Collins,12
Oneida,Camden 2,U.S. House,21,DEM,Paula Collins,161
Oneida,Camden 2,U.S. House,21,CON,Elise M. Stefanik,52
Oneida,Camden 2,U.S. House,21,REP,Elise M. Stefanik,499
Oneida,Camden 3,U.S. House,21,WF,Paula Collins,13
Oneida,Camden 3,U.S. House,21,DEM,Paula Collins,108
Oneida,Camden 3,U.S. House,21,CON,Elise M. Stefanik,38
Oneida,Camden 3,U.S. House,21,REP,Elise M. Stefanik,416
Oneida,Deerfield 1,U.S. House,21,WF,Paula Collins,24
Oneida,Deerfield 1,U.S. House,21,DEM,Paula Collins,268
Oneida,Deerfield 1,U.S. House,21,CON,Elise M. Stefanik,56
Oneida,Deerfield 1,U.S. House,21,REP,Elise M. Stefanik,573
Oneida,Deerfield 2,U.S. House,21,WF,Paula Collins,9
Oneida,Deerfield 2,U.S. House,21,DEM,Paula Collins,183
Oneida,Deerfield 2,U.S. House,21,CON,Elise M. Stefanik,68
Oneida,Deerfield 2,U.S. House,21,REP,Elise M. Stefanik,557
Oneida,Deerfield 3,U.S. House,21,WF,Paula Collins,20
Oneida,Deerfield 3,U.S. House,21,DEM,Paula Collins,234
Oneida,Deerfield 3,U.S. House,21,CON,Elise M. Stefanik,33
Oneida,Deerfield 3,U.S. House,21,REP,Elise M. Stefanik,356
Oneida,Florence 1,U.S. House,21,WF,Paula Collins,12
Oneida,Florence 1,U.S. House,21,DEM,Paula Collins,87
Oneida,Florence 1,U.S. House,21,CON,Elise M. Stefanik,34
Oneida,Florence 1,U.S. House,21,REP,Elise M. Stefanik,333
Oneida,Floyd 1,U.S. House,21,WF,Paula Collins,13
Oneida,Floyd 1,U.S. House,21,DEM,Paula Collins,138
Oneida,Floyd 1,U.S. House,21,CON,Elise M. Stefanik,52
Oneida,Floyd 1,U.S. House,21,REP,Elise M. Stefanik,538
Oneida,Floyd 2,U.S. House,21,WF,Paula Collins,13
Oneida,Floyd 2,U.S. House,21,DEM,Paula Collins,151
Oneida,Floyd 2,U.S. House,21,CON,Elise M. Stefanik,41
Oneida,Floyd 2,U.S. House,21,REP,Elise M. Stefanik,460
Oneida,Floyd 3,U.S. House,21,WF,Paula Collins,11
Oneida,Floyd 3,U.S. House,21,DEM,Paula Collins,102
Oneida,Floyd 3,U.S. House,21,CON,Elise M. Stefanik,29
Oneida,Floyd 3,U.S. House,21,REP,Elise M. Stefanik,352
Oneida,Forestport 1,U.S. House,21,WF,Paula Collins,9
Oneida,Forestport 1,U.S. House,21,DEM,Paula Collins,148
Oneida,Forestport 1,U.S. House,21,CON,Elise M. Stefanik,56
Oneida,Forestport 1,U.S. House,21,REP,Elise M. Stefanik,393
Oneida,Forestport 2,U.S. House,21,WF,Paula Collins,8
Oneida,Forestport 2,U.S. House,21,DEM,Paula Collins,69
Oneida,Forestport 2,U.S. House,21,CON,Elise M. Stefanik,15
Oneida,Forestport 2,U.S. House,21,REP,Elise M. Stefanik,230
Oneida,Lee 1,U.S. House,21,WF,Paula Collins,10
Oneida,Lee 1,U.S. House,21,DEM,Paula Collins,142
Oneida,Lee 1,U.S. House,21,CON,Elise M. Stefanik,34
Oneida,Lee 1,U.S. House,21,REP,Elise M. Stefanik,394
Oneida,Lee 2,U.S. House,21,WF,Paula Collins,18
Oneida,Lee 2,U.S. House,21,DEM,Paula Collins,134
Oneida,Lee 2,U.S. House,21,CON,Elise M. Stefanik,44
Oneida,Lee 2,U.S. House,21,REP,Elise M. Stefanik,517
Oneida,Lee 3,U.S. House,21,WF,Paula Collins,10
Oneida,Lee 3,U.S. House,21,DEM,Paula Collins,37
Oneida,Lee 3,U.S. House,21,CON,Elise M. Stefanik,24
Oneida,Lee 3,U.S. House,21,REP,Elise M. Stefanik,222
Oneida,Lee 4,U.S. House,21,WF,Paula Collins,10
Oneida,Lee 4,U.S. House,21,DEM,Paula Collins,213
Oneida,Lee 4,U.S. House,21,CON,Elise M. Stefanik,39
Oneida,Lee 4,U.S. House,21,REP,Elise M. Stefanik,365
Oneida,Lee 5,U.S. House,21,WF,Paula Collins,18
Oneida,Lee 5,U.S. House,21,DEM,Paula Collins,294
Oneida,Lee 5,U.S. House,21,CON,Elise M. Stefanik,53
Oneida,Lee 5,U.S. House,21,REP,Elise M. Stefanik,598
Oneida,Marcy 1,U.S. House,21,WF,Paula Collins,26
Oneida,Marcy 1,U.S. House,21,DEM,Paula Collins,270
Oneida,Marcy 1,U.S. House,21,CON,Elise M. Stefanik,58
Oneida,Marcy 1,U.S. House,21,REP,Elise M. Stefanik,576
Oneida,Marcy 2,U.S. House,21,WF,Paula Collins,21
Oneida,Marcy 2,U.S. House,21,DEM,Paula Collins,184
Oneida,Marcy 2,U.S. House,21,CON,Elise M. Stefanik,57
Oneida,Marcy 2,U.S. House,21,REP,Elise M. Stefanik,479
Oneida,Marcy 3,U.S. House,21,WF,Paula Collins,30
Oneida,Marcy 3,U.S. House,21,DEM,Paula Collins,241
Oneida,Marcy 3,U.S. House,21,CON,Elise M. Stefanik,65
Oneida,Marcy 3,U.S. House,21,REP,Elise M. Stefanik,532
Oneida,Marcy 4,U.S. House,21,WF,Paula Collins,15
Oneida,Marcy 4,U.S. House,21,DEM,Paula Collins,206
Oneida,Marcy 4,U.S. House,21,CON,Elise M. Stefanik,54
Oneida,Marcy 4,U.S. House,21,REP,Elise M. Stefanik,558
Oneida,Remsen 1,U.S. House,21,WF,Paula Collins,20
Oneida,Remsen 1,U.S. House,21,DEM,Paula Collins,217
Oneida,Remsen 1,U.S. House,21,CON,Elise M. Stefanik,61
Oneida,Remsen 1,U.S. House,21,REP,Elise M. Stefanik,678
Oneida,Rome Ward 1 District 1,U.S. House,21,WF,Paula Collins,9
Oneida,Rome Ward 1 District 1,U.S. House,21,DEM,Paula Collins,124
Oneida,Rome Ward 1 District 1,U.S. House,21,CON,Elise M. Stefanik,17
Oneida,Rome Ward 1 District 1,U.S. House,21,REP,Elise M. Stefanik,157
Oneida,Rome Ward 1 District 2,U.S. House,21,WF,Paula Collins,11
Oneida,Rome Ward 1 District 2,U.S. House,21,DEM,Paula Collins,113
Oneida,Rome Ward 1 District 2,U.S. House,21,CON,Elise M. Stefanik,21
Oneida,Rome Ward 1 District 2,U.S. House,21,REP,Elise M. Stefanik,184
Oneida,Rome Ward 1 District 3,U.S. House,21,WF,Paula Collins,16
Oneida,Rome Ward 1 District 3,U.S. House,21,DEM,Paula Collins,164
Oneida,Rome Ward 1 District 3,U.S. House,21,CON,Elise M. Stefanik,32
Oneida,Rome Ward 1 District 3,U.S. House,21,REP,Elise M. Stefanik,208
Oneida,Rome Ward 1 District 4,U.S. House,21,WF,Paula Collins,16
Oneida,Rome Ward 1 District 4,U.S. House,21,DEM,Paula Collins,176
Oneida,Rome Ward 1 District 4,U.S. House,21,CON,Elise M. Stefanik,26
Oneida,Rome Ward 1 District 4,U.S. House,21,REP,Elise M. Stefanik,250
Oneida,Rome Ward 2 District 1,U.S. House,21,WF,Paula Collins,17
Oneida,Rome Ward 2 District 1,U.S. House,21,DEM,Paula Collins,160
Oneida,Rome Ward 2 District 1,U.S. House,21,CON,Elise M. Stefanik,63
Oneida,Rome Ward 2 District 1,U.S. House,21,REP,Elise M. Stefanik,454
Oneida,Rome Ward 2 District 2,U.S. House,21,WF,Paula Collins,3
Oneida,Rome Ward 2 District 2,U.S. House,21,DEM,Paula Collins,29
Oneida,Rome Ward 2 District 2,U.S. House,21,CON,Elise M. Stefanik,5
Oneida,Rome Ward 2 District 2,U.S. House,21,REP,Elise M. Stefanik,54
Oneida,Rome Ward 2 District 3,U.S. House,21,WF,Paula Collins,4
Oneida,Rome Ward 2 District 3,U.S. House,21,DEM,Paula Collins,32
Oneida,Rome Ward 2 District 3,U.S. House,21,CON,Elise M. Stefanik,8
Oneida,Rome Ward 2 District 3,U.S. House,21,REP,Elise M. Stefanik,66
Oneida,Rome Ward 2 District 4,U.S. House,21,WF,Paula Collins,3
Oneida,Rome Ward 2 District 4,U.S. House,21,DEM,Paula Collins,57
Oneida,Rome Ward 2 District 4,U.S. House,21,CON,Elise M. Stefanik,8
Oneida,Rome Ward 2 District 4,U.S. House,21,REP,Elise M. Stefanik,117
Oneida,Rome Ward 2 District 5,U.S. House,21,WF,Paula Collins,4
Oneida,Rome Ward 2 District 5,U.S. House,21,DEM,Paula Collins,90
Oneida,Rome Ward 2 District 5,U.S. House,21,CON,Elise M. Stefanik,16
Oneida,Rome Ward 2 District 5,U.S. House,21,REP,Elise M. Stefanik,108
Oneida,Rome Ward 3 District 1,U.S. House,21,WF,Paula Collins,0
Oneida,Rome Ward 3 District 1,U.S. House,21,DEM,Paula Collins,41
Oneida,Rome Ward 3 District 1,U.S. House,21,CON,Elise M. Stefanik,8
Oneida,Rome Ward 3 District 1,U.S. House,21,REP,Elise M. Stefanik,65
Oneida,Rome Ward 3 District 2,U.S. House,21,WF,Paula Collins,2
Oneida,Rome Ward 3 District 2,U.S. House,21,DEM,Paula Collins,31
Oneida,Rome Ward 3 District 2,U.S. House,21,CON,Elise M. Stefanik,15
Oneida,Rome Ward 3 District 2,U.S. House,21,REP,Elise M. Stefanik,117
Oneida,Rome Ward 3 District 3,U.S. House,21,WF,Paula Collins,21
Oneida,Rome Ward 3 District 3,U.S. House,21,DEM,Paula Collins,187
Oneida,Rome Ward 3 District 3,U.S. House,21,CON,Elise M. Stefanik,29
Oneida,Rome Ward 3 District 3,U.S. House,21,REP,Elise M. Stefanik,389
Oneida,Rome Ward 3 District 4,U.S. House,21,WF,Paula Collins,17
Oneida,Rome Ward 3 District 4,U.S. House,21,DEM,Paula Collins,121
Oneida,Rome Ward 3 District 4,U.S. House,21,CON,Elise M. Stefanik,29
Oneida,Rome Ward 3 District 4,U.S. House,21,REP,Elise M. Stefanik,227
Oneida,Rome Ward 3 District 5,U.S. House,21,WF,Paula Collins,3
Oneida,Rome Ward 3 District 5,U.S. House,21,DEM,Paula Collins,15
Oneida,Rome Ward 3 District 5,U.S. House,21,CON,Elise M. Stefanik,7
Oneida,Rome Ward 3 District 5,U.S. House,21,REP,Elise M. Stefanik,21
Oneida,Rome Ward 4 District 1,U.S. House,21,WF,Paula Collins,8
Oneida,Rome Ward 4 District 1,U.S. House,21,DEM,Paula Collins,93
Oneida,Rome Ward 4 District 1,U.S. House,21,CON,Elise M. Stefanik,6
Oneida,Rome Ward 4 District 1,U.S. House,21,REP,Elise M. Stefanik,82
Oneida,Rome Ward 4 District 2,U.S. House,21,WF,Paula Collins,13
Oneida,Rome Ward 4 District 2,U.S. House,21,DEM,Paula Collins,189
Oneida,Rome Ward 4 District 2,U.S. House,21,CON,Elise M. Stefanik,26
Oneida,Rome Ward 4 District 2,U.S. House,21,REP,Elise M. Stefanik,229
Oneida,Rome Ward 4 District 3,U.S. House,21,WF,Paula Collins,18
Oneida,Rome Ward 4 District 3,U.S. House,21,DEM,Paula Collins,103
Oneida,Rome Ward 4 District 3,U.S. House,21,CON,Elise M. Stefanik,19
Oneida,Rome Ward 4 District 3,U.S. House,21,REP,Elise M. Stefanik,186
Oneida,Rome Ward 4 District 4,U.S. House,21,WF,Paula Collins,11
Oneida,Rome Ward 4 District 4,U.S. House,21,DEM,Paula Collins,148
Oneida,Rome Ward 4 District 4,U.S. House,21,CON,Elise M. Stefanik,32
Oneida,Rome Ward 4 District 4,U.S. House,21,REP,Elise M. Stefanik,249
Oneida,Rome Ward 5 District 1,U.S. House,21,WF,Paula Collins,10
Oneida,Rome Ward 5 District 1,U.S. House,21,DEM,Paula Collins,139
Oneida,Rome Ward 5 District 1,U.S. House,21,CON,Elise M. Stefanik,12
Oneida,Rome Ward 5 District 1,U.S. House,21,REP,Elise M. Stefanik,134
Oneida,Rome Ward 5 District 2,U.S. House,21,WF,Paula Collins,14
Oneida,Rome Ward 5 District 2,U.S. House,21,DEM,Paula Collins,138
Oneida,Rome Ward 5 District 2,U.S. House,21,CON,Elise M. Stefanik,31
Oneida,Rome Ward 5 District 2,U.S. House,21,REP,Elise M. Stefanik,191
Oneida,Rome Ward 5 District 3,U.S. House,21,WF,Paula Collins,13
Oneida,Rome Ward 5 District 3,U.S. House,21,DEM,Paula Collins,202
Oneida,Rome Ward 5 District 3,U.S. House,21,CON,Elise M. Stefanik,30
Oneida,Rome Ward 5 District 3,U.S. House,21,REP,Elise M. Stefanik,259
Oneida,Rome Ward 5 District 4,U.S. House,21,WF,Paula Collins,24
Oneida,Rome Ward 5 District 4,U.S. House,21,DEM,Paula Collins,300
Oneida,Rome Ward 5 District 4,U.S. House,21,CON,Elise M. Stefanik,31
Oneida,Rome Ward 5 District 4,U.S. House,21,REP,Elise M. Stefanik,459
Oneida,Rome Ward 6 District 1,U.S. House,21,WF,Paula Collins,3
Oneida,Rome Ward 6 District 1,U.S. House,21,DEM,Paula Collins,107
Oneida,Rome Ward 6 District 1,U.S. House,21,CON,Elise M. Stefanik,23
Oneida,Rome Ward 6 District 1,U.S. House,21,REP,Elise M. Stefanik,216
Oneida,Rome Ward 6 District 2,U.S. House,21,WF,Paula Collins,15
Oneida,Rome Ward 6 District 2,U.S. House,21,DEM,Paula Collins,177
Oneida,Rome Ward 6 District 2,U.S. House,21,CON,Elise M. Stefanik,37
Oneida,Rome Ward 6 District 2,U.S. House,21,REP,Elise M. Stefanik,263
Oneida,Rome Ward 6 District 3,U.S. House,21,WF,Paula Collins,21
Oneida,Rome Ward 6 District 3,U.S. House,21,DEM,Paula Collins,240
Oneida,Rome Ward 6 District 3,U.S. House,21,CON,Elise M. Stefanik,31
Oneida,Rome Ward 6 District 3,U.S. House,21,REP,Elise M. Stefanik,400
Oneida,Rome Ward 6 District 4,U.S. House,21,WF,Paula Collins,8
Oneida,Rome Ward 6 District 4,U.S. House,21,DEM,Paula Collins,282
Oneida,Rome Ward 6 District 4,U.S. House,21,CON,Elise M. Stefanik,53
Oneida,Rome Ward 6 District 4,U.S. House,21,REP,Elise M. Stefanik,499
Oneida,Rome Ward 7 District 1,U.S. House,21,WF,Paula Collins,5
Oneida,Rome Ward 7 District 1,U.S. House,21,DEM,Paula Collins,79
Oneida,Rome Ward 7 District 1,U.S. House,21,CON,Elise M. Stefanik,27
Oneida,Rome Ward 7 District 1,U.S. House,21,REP,Elise M. Stefanik,180
Oneida,Rome Ward 7 District 2,U.S. House,21,WF,Paula Collins,15
Oneida,Rome Ward 7 District 2,U.S. House,21,DEM,Paula Collins,189
Oneida,Rome Ward 7 District 2,U.S. House,21,CON,Elise M. Stefanik,38
Oneida,Rome Ward 7 District 2,U.S. House,21,REP,Elise M. Stefanik,238
Oneida,Rome Ward 7 District 3,U.S. House,21,WF,Paula Collins,19
Oneida,Rome Ward 7 District 3,U.S. House,21,DEM,Paula Collins,184
Oneida,Rome Ward 7 District 3,U.S. House,21,CON,Elise M. Stefanik,26
Oneida,Rome Ward 7 District 3,U.S. House,21,REP,Elise M. Stefanik,251
Oneida,Rome Ward 7 District 4,U.S. House,21,WF,Paula Collins,12
Oneida,Rome Ward 7 District 4,U.S. House,21,DEM,Paula Collins,146
Oneida,Rome Ward 7 District 4,U.S. House,21,CON,Elise M. Stefanik,18
Oneida,Rome Ward 7 District 4,U.S. House,21,REP,Elise M. Stefanik,203
Oneida,Rome Ward 7 District 5,U.S. House,21,WF,Paula Collins,17
Oneida,Rome Ward 7 District 5,U.S. House,21,DEM,Paula Collins,198
Oneida,Rome Ward 7 District 5,U.S. House,21,CON,Elise M. Stefanik,27
Oneida,Rome Ward 7 District 5,U.S. House,21,REP,Elise M. Stefanik,199
Oneida,Steuben 1,U.S. House,21,WF,Paula Collins,11
Oneida,Steuben 1,U.S. House,21,DEM,Paula Collins,119
Oneida,Steuben 1,U.S. House,21,CON,Elise M. Stefanik,33
Oneida,Steuben 1,U.S. House,21,REP,Elise M. Stefanik,455
Oneida,Trenton 1,U.S. House,21,WF,Paula Collins,11
Oneida,Trenton 1,U.S. House,21,DEM,Paula Collins,176
Oneida,Trenton 1,U.S. House,21,CON,Elise M. Stefanik,26
Oneida,Trenton 1,U.S. House,21,REP,Elise M. Stefanik,401
Oneida,Trenton 2,U.S. House,21,WF,Paula Collins,28
Oneida,Trenton 2,U.S. House,21,DEM,Paula Collins,203
Oneida,Trenton 2,U.S. House,21,CON,Elise M. Stefanik,31
Oneida,Trenton 2,U.S. House,21,REP,Elise M. Stefanik,470
Oneida,Trenton 3,U.S. House,21,WF,Paula Collins,22
Oneida,Trenton 3,U.S. House,21,DEM,Paula Collins,216
Oneida,Trenton 3,U.S. House,21,CON,Elise M. Stefanik,50
Oneida,Trenton 3,U.S. House,21,REP,Elise M. Stefanik,384
Oneida,Trenton 4,U.S. House,21,WF,Paula Collins,11
Oneida,Trenton 4,U.S. House,21,DEM,Paula Collins,96
Oneida,Trenton 4,U.S. House,21,CON,Elise M. Stefanik,31
Oneida,Trenton 4,U.S. House,21,REP,Elise M. Stefanik,282
Oneida,Verona 1,U.S. House,21,WF,Paula Collins,21
Oneida,Verona 1,U.S. House,21,DEM,Paula Collins,188
Oneida,Verona 1,U.S. House,21,CON,Elise M. Stefanik,73
Oneida,Verona 1,U.S. House,21,REP,Elise M. Stefanik,511
Oneida,Verona 2,U.S. House,21,WF,Paula Collins,16
Oneida,Verona 2,U.S. House,21,DEM,Paula Collins,94
Oneida,Verona 2,U.S. House,21,CON,Elise M. Stefanik,36
Oneida,Verona 2,U.S. House,21,REP,Elise M. Stefanik,342
Oneida,Verona 3,U.S. House,21,WF,Paula Collins,8
Oneida,Verona 3,U.S. House,21,DEM,Paula Collins,125
Oneida,Verona 3,U.S. House,21,CON,Elise M. Stefanik,34
Oneida,Verona 3,U.S. House,21,REP,Elise M. Stefanik,339
Oneida,Verona 4,U.S. House,21,WF,Paula Collins,5
Oneida,Verona 4,U.S. House,21,DEM,Paula Collins,57
Oneida,Verona 4,U.S. House,21,CON,Elise M. Stefanik,36
Oneida,Verona 4,U.S. House,21,REP,Elise M. Stefanik,248
Oneida,Verona 6,U.S. House,21,WF,Paula Collins,5
Oneida,Verona 6,U.S. House,21,DEM,Paula Collins,82
Oneida,Verona 6,U.S. House,21,CON,Elise M. Stefanik,19
Oneida,Verona 6,U.S. House,21,REP,Elise M. Stefanik,167
Oneida,"Verona 8, 9",U.S. House,21,WF,Paula Collins,0
Oneida,"Verona 8, 9",U.S. House,21,DEM,Paula Collins,13
Oneida,"Verona 8, 9",U.S. House,21,CON,Elise M. Stefanik,11
Oneida,"Verona 8, 9",U.S. House,21,REP,Elise M. Stefanik,34
Oneida,Vienna 1,U.S. House,21,WF,Paula Collins,23
Oneida,Vienna 1,U.S. House,21,DEM,Paula Collins,199
Oneida,Vienna 1,U.S. House,21,CON,Elise M. Stefanik,54
Oneida,Vienna 1,U.S. House,21,REP,Elise M. Stefanik,459
Oneida,Vienna 2,U.S. House,21,WF,Paula Collins,10
Oneida,Vienna 2,U.S. House,21,DEM,Paula Collins,135
Oneida,Vienna 2,U.S. House,21,CON,Elise M. Stefanik,46
Oneida,Vienna 2,U.S. House,21,REP,Elise M. Stefanik,344
Oneida,Vienna 3,U.S. House,21,WF,Paula Collins,24
Oneida,Vienna 3,U.S. House,21,DEM,Paula Collins,162
Oneida,Vienna 3,U.S. House,21,CON,Elise M. Stefanik,51
Oneida,Vienna 3,U.S. House,21,REP,Elise M. Stefanik,489
Oneida,Vienna 4,U.S. House,21,WF,Paula Collins,15
Oneida,Vienna 4,U.S. House,21,DEM,Paula Collins,113
Oneida,Vienna 4,U.S. House,21,CON,Elise M. Stefanik,31
Oneida,Vienna 4,U.S. House,21,REP,Elise M. Stefanik,302
Oneida,Western 1,U.S. House,21,WF,Paula Collins,3
Oneida,Western 1,U.S. House,21,DEM,Paula Collins,31
Oneida,Western 1,U.S. House,21,CON,Elise M. Stefanik,20
Oneida,Western 1,U.S. House,21,REP,Elise M. Stefanik,229
Oneida,Western 2,U.S. House,21,WF,Paula Collins,12
Oneida,Western 2,U.S. House,21,DEM,Paula Collins,79
Oneida,Western 2,U.S. House,21,CON,Elise M. Stefanik,25
Oneida,Western 2,U.S. House,21,REP,Elise M. Stefanik,271
Oneida,Western 3,U.S. House,21,WF,Paula Collins,6
Oneida,Western 3,U.S. House,21,DEM,Paula Collins,72
Oneida,Western 3,U.S. House,21,CON,Elise M. Stefanik,36
Oneida,Western 3,U.S. House,21,REP,Elise M. Stefanik,241
Oneida,Augusta 1,U.S. House,22,DEM,John W. Mannion,84
Oneida,Augusta 1,U.S. House,22,WF,John W. Mannion,15
Oneida,Augusta 1,U.S. House,22,REP,Brandon M. Williams,323
Oneida,Augusta 1,U.S. House,22,CON,Brandon M. Williams,28
Oneida,Augusta 2,U.S. House,22,DEM,John W. Mannion,153
Oneida,Augusta 2,U.S. House,22,WF,John W. Mannion,15
Oneida,Augusta 2,U.S. House,22,REP,Brandon M. Williams,265
Oneida,Augusta 2,U.S. House,22,CON,Brandon M. Williams,27
Oneida,Bridgewater 1,U.S. House,22,DEM,John W. Mannion,114
Oneida,Bridgewater 1,U.S. House,22,WF,John W. Mannion,15
Oneida,Bridgewater 1,U.S. House,22,REP,Brandon M. Williams,457
Oneida,Bridgewater 1,U.S. House,22,CON,Brandon M. Williams,40
Oneida,Kirkland 1,U.S. House,22,DEM,John W. Mannion,300
Oneida,Kirkland 1,U.S. House,22,WF,John W. Mannion,24
Oneida,Kirkland 1,U.S. House,22,REP,Brandon M. Williams,322
Oneida,Kirkland 1,U.S. House,22,CON,Brandon M. Williams,36
Oneida,Kirkland 2,U.S. House,22,DEM,John W. Mannion,214
Oneida,Kirkland 2,U.S. House,22,WF,John W. Mannion,15
Oneida,Kirkland 2,U.S. House,22,REP,Brandon M. Williams,251
Oneida,Kirkland 2,U.S. House,22,CON,Brandon M. Williams,26
Oneida,Kirkland 3,U.S. House,22,DEM,John W. Mannion,381
Oneida,Kirkland 3,U.S. House,22,WF,John W. Mannion,30
Oneida,Kirkland 3,U.S. House,22,REP,Brandon M. Williams,121
Oneida,Kirkland 3,U.S. House,22,CON,Brandon M. Williams,11
Oneida,Kirkland 4,U.S. House,22,DEM,John W. Mannion,206
Oneida,Kirkland 4,U.S. House,22,WF,John W. Mannion,13
Oneida,Kirkland 4,U.S. House,22,REP,Brandon M. Williams,118
Oneida,Kirkland 4,U.S. House,22,CON,Brandon M. Williams,27
Oneida,Kirkland 5,U.S. House,22,DEM,John W. Mannion,134
Oneida,Kirkland 5,U.S. House,22,WF,John W. Mannion,16
Oneida,Kirkland 5,U.S. House,22,REP,Brandon M. Williams,129
Oneida,Kirkland 5,U.S. House,22,CON,Brandon M. Williams,18
Oneida,Kirkland 6,U.S. House,22,DEM,John W. Mannion,366
Oneida,Kirkland 6,U.S. House,22,WF,John W. Mannion,43
Oneida,Kirkland 6,U.S. House,22,REP,Brandon M. Williams,220
Oneida,Kirkland 6,U.S. House,22,CON,Brandon M. Williams,13
Oneida,Kirkland 7,U.S. House,22,DEM,John W. Mannion,363
Oneida,Kirkland 7,U.S. House,22,WF,John W. Mannion,34
Oneida,Kirkland 7,U.S. House,22,REP,Brandon M. Williams,157
Oneida,Kirkland 7,U.S. House,22,CON,Brandon M. Williams,14
Oneida,Kirkland 8,U.S. House,22,DEM,John W. Mannion,175
Oneida,Kirkland 8,U.S. House,22,WF,John W. Mannion,19
Oneida,Kirkland 8,U.S. House,22,REP,Brandon M. Williams,222
Oneida,Kirkland 8,U.S. House,22,CON,Brandon M. Williams,20
Oneida,Kirkland 9,U.S. House,22,DEM,John W. Mannion,273
Oneida,Kirkland 9,U.S. House,22,WF,John W. Mannion,20
Oneida,Kirkland 9,U.S. House,22,REP,Brandon M. Williams,165
Oneida,Kirkland 9,U.S. House,22,CON,Brandon M. Williams,23
Oneida,Kirkland 10,U.S. House,22,DEM,John W. Mannion,188
Oneida,Kirkland 10,U.S. House,22,WF,John W. Mannion,9
Oneida,Kirkland 10,U.S. House,22,REP,Brandon M. Williams,163
Oneida,Kirkland 10,U.S. House,22,CON,Brandon M. Williams,11
Oneida,Marshall 1,U.S. House,22,DEM,John W. Mannion,171
Oneida,Marshall 1,U.S. House,22,WF,John W. Mannion,15
Oneida,Marshall 1,U.S. House,22,REP,Brandon M. Williams,296
Oneida,Marshall 1,U.S. House,22,CON,Brandon M. Williams,34
Oneida,Marshall 2,U.S. House,22,DEM,John W. Mannion,142
Oneida,Marshall 2,U.S. House,22,WF,John W. Mannion,17
Oneida,Marshall 2,U.S. House,22,REP,Brandon M. Williams,281
Oneida,Marshall 2,U.S. House,22,CON,Brandon M. Williams,40
Oneida,New Hartford Ward 1 District 1,U.S. House,22,DEM,John W. Mannion,297
Oneida,New Hartford Ward 1 District 1,U.S. House,22,WF,John W. Mannion,25
Oneida,New Hartford Ward 1 District 1,U.S. House,22,REP,Brandon M. Williams,455
Oneida,New Hartford Ward 1 District 1,U.S. House,22,CON,Brandon M. Williams,43
Oneida,New Hartford Ward 1 District 2,U.S. House,22,DEM,John W. Mannion,187
Oneida,New Hartford Ward 1 District 2,U.S. House,22,WF,John W. Mannion,25
Oneida,New Hartford Ward 1 District 2,U.S. House,22,REP,Brandon M. Williams,313
Oneida,New Hartford Ward 1 District 2,U.S. House,22,CON,Brandon M. Williams,30
Oneida,New Hartford Ward 1 District 3,U.S. House,22,DEM,John W. Mannion,383
Oneida,New Hartford Ward 1 District 3,U.S. House,22,WF,John W. Mannion,31
Oneida,New Hartford Ward 1 District 3,U.S. House,22,REP,Brandon M. Williams,352
Oneida,New Hartford Ward 1 District 3,U.S. House,22,CON,Brandon M. Williams,45
Oneida,New Hartford Ward 1 District 4,U.S. House,22,DEM,John W. Mannion,248
Oneida,New Hartford Ward 1 District 4,U.S. House,22,WF,John W. Mannion,28
Oneida,New Hartford Ward 1 District 4,U.S. House,22,REP,Brandon M. Williams,326
Oneida,New Hartford Ward 1 District 4,U.S. House,22,CON,Brandon M. Williams,42
Oneida,New Hartford Ward 1 District 5,U.S. House,22,DEM,John W. Mannion,305
Oneida,New Hartford Ward 1 District 5,U.S. House,22,WF,John W. Mannion,28
Oneida,New Hartford Ward 1 District 5,U.S. House,22,REP,Brandon M. Williams,295
Oneida,New Hartford Ward 1 District 5,U.S. House,22,CON,Brandon M. Williams,28
Oneida,New Hartford Ward 2 District 1,U.S. House,22,DEM,John W. Mannion,216
Oneida,New Hartford Ward 2 District 1,U.S. House,22,WF,John W. Mannion,27
Oneida,New Hartford Ward 2 District 1,U.S. House,22,REP,Brandon M. Williams,289
Oneida,New Hartford Ward 2 District 1,U.S. House,22,CON,Brandon M. Williams,29
Oneida,New Hartford Ward 2 District 2,U.S. House,22,DEM,John W. Mannion,299
Oneida,New Hartford Ward 2 District 2,U.S. House,22,WF,John W. Mannion,22
Oneida,New Hartford Ward 2 District 2,U.S. House,22,REP,Brandon M. Williams,343
Oneida,New Hartford Ward 2 District 2,U.S. House,22,CON,Brandon M. Williams,32
Oneida,New Hartford Ward 2 District 3,U.S. House,22,DEM,John W. Mannion,304
Oneida,New Hartford Ward 2 District 3,U.S. House,22,WF,John W. Mannion,17
Oneida,New Hartford Ward 2 District 3,U.S. House,22,REP,Brandon M. Williams,427
Oneida,New Hartford Ward 2 District 3,U.S. House,22,CON,Brandon M. Williams,35
Oneida,New Hartford Ward 2 District 4,U.S. House,22,DEM,John W. Mannion,426
Oneida,New Hartford Ward 2 District 4,U.S. House,22,WF,John W. Mannion,32
Oneida,New Hartford Ward 2 District 4,U.S. House,22,REP,Brandon M. Williams,410
Oneida,New Hartford Ward 2 District 4,U.S. House,22,CON,Brandon M. Williams,41
Oneida,New Hartford Ward 3 District 1,U.S. House,22,DEM,John W. Mannion,331
Oneida,New Hartford Ward 3 District 1,U.S. House,22,WF,John W. Mannion,35
Oneida,New Hartford Ward 3 District 1,U.S. House,22,REP,Brandon M. Williams,252
Oneida,New Hartford Ward 3 District 1,U.S. House,22,CON,Brandon M. Williams,30
Oneida,New Hartford Ward 3 District 2,U.S. House,22,DEM,John W. Mannion,358
Oneida,New Hartford Ward 3 District 2,U.S. House,22,WF,John W. Mannion,35
Oneida,New Hartford Ward 3 District 2,U.S. House,22,REP,Brandon M. Williams,346
Oneida,New Hartford Ward 3 District 2,U.S. House,22,CON,Brandon M. Williams,39
Oneida,New Hartford Ward 3 District 3,U.S. House,22,DEM,John W. Mannion,236
Oneida,New Hartford Ward 3 District 3,U.S. House,22,WF,John W. Mannion,33
Oneida,New Hartford Ward 3 District 3,U.S. House,22,REP,Brandon M. Williams,235
Oneida,New Hartford Ward 3 District 3,U.S. House,22,CON,Brandon M. Williams,15
Oneida,New Hartford Ward 3 District 4,U.S. House,22,DEM,John W. Mannion,295
Oneida,New Hartford Ward 3 District 4,U.S. House,22,WF,John W. Mannion,16
Oneida,New Hartford Ward 3 District 4,U.S. House,22,REP,Brandon M. Williams,326
Oneida,New Hartford Ward 3 District 4,U.S. House,22,CON,Brandon M. Williams,41
Oneida,New Hartford Ward 4 District 1,U.S. House,22,DEM,John W. Mannion,406
Oneida,New Hartford Ward 4 District 1,U.S. House,22,WF,John W. Mannion,18
Oneida,New Hartford Ward 4 District 1,U.S. House,22,REP,Brandon M. Williams,381
Oneida,New Hartford Ward 4 District 1,U.S. House,22,CON,Brandon M. Williams,39
Oneida,New Hartford Ward 4 District 2,U.S. House,22,DEM,John W. Mannion,211
Oneida,New Hartford Ward 4 District 2,U.S. House,22,WF,John W. Mannion,12
Oneida,New Hartford Ward 4 District 2,U.S. House,22,REP,Brandon M. Williams,207
Oneida,New Hartford Ward 4 District 2,U.S. House,22,CON,Brandon M. Williams,13
Oneida,New Hartford Ward 4 District 3,U.S. House,22,DEM,John W. Mannion,233
Oneida,New Hartford Ward 4 District 3,U.S. House,22,WF,John W. Mannion,16
Oneida,New Hartford Ward 4 District 3,U.S. House,22,REP,Brandon M. Williams,212
Oneida,New Hartford Ward 4 District 3,U.S. House,22,CON,Brandon M. Williams,25
Oneida,New Hartford Ward 4 District 4,U.S. House,22,DEM,John W. Mannion,563
Oneida,New Hartford Ward 4 District 4,U.S. House,22,WF,John W. Mannion,44
Oneida,New Hartford Ward 4 District 4,U.S. House,22,REP,Brandon M. Williams,588
Oneida,New Hartford Ward 4 District 4,U.S. House,22,CON,Brandon M. Williams,70
Oneida,Paris 1,U.S. House,22,DEM,John W. Mannion,199
Oneida,Paris 1,U.S. House,22,WF,John W. Mannion,26
Oneida,Paris 1,U.S. House,22,REP,Brandon M. Williams,412
Oneida,Paris 1,U.S. House,22,CON,Brandon M. Williams,34
Oneida,Paris 2,U.S. House,22,DEM,John W. Mannion,222
Oneida,Paris 2,U.S. House,22,WF,John W. Mannion,32
Oneida,Paris 2,U.S. House,22,REP,Brandon M. Williams,452
Oneida,Paris 2,U.S. House,22,CON,Brandon M. Williams,61
Oneida,Paris 3,U.S. House,22,DEM,John W. Mannion,276
Oneida,Paris 3,U.S. House,22,WF,John W. Mannion,32
Oneida,Paris 3,U.S. House,22,REP,Brandon M. Williams,555
Oneida,Paris 3,U.S. House,22,CON,Brandon M. Williams,70
Oneida,Sangerfield 1,U.S. House,22,DEM,John W. Mannion,247
Oneida,Sangerfield 1,U.S. House,22,WF,John W. Mannion,21
Oneida,Sangerfield 1,U.S. House,22,REP,Brandon M. Williams,288
Oneida,Sangerfield 1,U.S. House,22,CON,Brandon M. Williams,31
Oneida,Sangerfield 2,U.S. House,22,DEM,John W. Mannion,141
Oneida,Sangerfield 2,U.S. House,22,WF,John W. Mannion,12
Oneida,Sangerfield 2,U.S. House,22,REP,Brandon M. Williams,294
Oneida,Sangerfield 2,U.S. House,22,CON,Brandon M. Williams,32
Oneida,Utica Ward 1 District 1,U.S. House,22,DEM,John W. Mannion,55
Oneida,Utica Ward 1 District 1,U.S. House,22,WF,John W. Mannion,10
Oneida,Utica Ward 1 District 1,U.S. House,22,REP,Brandon M. Williams,44
Oneida,Utica Ward 1 District 1,U.S. House,22,CON,Brandon M. Williams,4
Oneida,Utica Ward 1 District 2,U.S. House,22,DEM,John W. Mannion,83
Oneida,Utica Ward 1 District 2,U.S. House,22,WF,John W. Mannion,7
Oneida,Utica Ward 1 District 2,U.S. House,22,REP,Brandon M. Williams,34
Oneida,Utica Ward 1 District 2,U.S. House,22,CON,Brandon M. Williams,0
Oneida,Utica Ward 1 District 3,U.S. House,22,DEM,John W. Mannion,109
Oneida,Utica Ward 1 District 3,U.S. House,22,WF,John W. Mannion,6
Oneida,Utica Ward 1 District 3,U.S. House,22,REP,Brandon M. Williams,42
Oneida,Utica Ward 1 District 3,U.S. House,22,CON,Brandon M. Williams,8
Oneida,Utica Ward 1 District 4,U.S. House,22,DEM,John W. Mannion,195
Oneida,Utica Ward 1 District 4,U.S. House,22,WF,John W. Mannion,11
Oneida,Utica Ward 1 District 4,U.S. House,22,REP,Brandon M. Williams,103
Oneida,Utica Ward 1 District 4,U.S. House,22,CON,Brandon M. Williams,17
Oneida,Utica Ward 1 District 5,U.S. House,22,DEM,John W. Mannion,96
Oneida,Utica Ward 1 District 5,U.S. House,22,WF,John W. Mannion,12
Oneida,Utica Ward 1 District 5,U.S. House,22,REP,Brandon M. Williams,81
Oneida,Utica Ward 1 District 5,U.S. House,22,CON,Brandon M. Williams,9
Oneida,Utica Ward 1 District 6,U.S. House,22,DEM,John W. Mannion,46
Oneida,Utica Ward 1 District 6,U.S. House,22,WF,John W. Mannion,5
Oneida,Utica Ward 1 District 6,U.S. House,22,REP,Brandon M. Williams,25
Oneida,Utica Ward 1 District 6,U.S. House,22,CON,Brandon M. Williams,10
Oneida,Utica Ward 1 District 7,U.S. House,22,DEM,John W. Mannion,180
Oneida,Utica Ward 1 District 7,U.S. House,22,WF,John W. Mannion,13
Oneida,Utica Ward 1 District 7,U.S. House,22,REP,Brandon M. Williams,94
Oneida,Utica Ward 1 District 7,U.S. House,22,CON,Brandon M. Williams,9
Oneida,Utica Ward 1 District 8,U.S. House,22,DEM,John W. Mannion,84
Oneida,Utica Ward 1 District 8,U.S. House,22,WF,John W. Mannion,29
Oneida,Utica Ward 1 District 8,U.S. House,22,REP,Brandon M. Williams,49
Oneida,Utica Ward 1 District 8,U.S. House,22,CON,Brandon M. Williams,4
Oneida,Utica Ward 2 District 1,U.S. House,22,DEM,John W. Mannion,172
Oneida,Utica Ward 2 District 1,U.S. House,22,WF,John W. Mannion,11
Oneida,Utica Ward 2 District 1,U.S. House,22,REP,Brandon M. Williams,152
Oneida,Utica Ward 2 District 1,U.S. House,22,CON,Brandon M. Williams,19
Oneida,Utica Ward 2 District 2,U.S. House,22,DEM,John W. Mannion,91
Oneida,Utica Ward 2 District 2,U.S. House,22,WF,John W. Mannion,6
Oneida,Utica Ward 2 District 2,U.S. House,22,REP,Brandon M. Williams,66
Oneida,Utica Ward 2 District 2,U.S. House,22,CON,Brandon M. Williams,11
Oneida,Utica Ward 2 District 3,U.S. House,22,DEM,John W. Mannion,184
Oneida,Utica Ward 2 District 3,U.S. House,22,WF,John W. Mannion,25
Oneida,Utica Ward 2 District 3,U.S. House,22,REP,Brandon M. Williams,140
Oneida,Utica Ward 2 District 3,U.S. House,22,CON,Brandon M. Williams,18
Oneida,Utica Ward 2 District 4,U.S. House,22,DEM,John W. Mannion,187
Oneida,Utica Ward 2 District 4,U.S. House,22,WF,John W. Mannion,18
Oneida,Utica Ward 2 District 4,U.S. House,22,REP,Brandon M. Williams,146
Oneida,Utica Ward 2 District 4,U.S. House,22,CON,Brandon M. Williams,21
Oneida,Utica Ward 2 District 5,U.S. House,22,DEM,John W. Mannion,111
Oneida,Utica Ward 2 District 5,U.S. House,22,WF,John W. Mannion,10
Oneida,Utica Ward 2 District 5,U.S. House,22,REP,Brandon M. Williams,112
Oneida,Utica Ward 2 District 5,U.S. House,22,CON,Brandon M. Williams,24
Oneida,Utica Ward 2 District 6,U.S. House,22,DEM,John W. Mannion,59
Oneida,Utica Ward 2 District 6,U.S. House,22,WF,John W. Mannion,6
Oneida,Utica Ward 2 District 6,U.S. House,22,REP,Brandon M. Williams,48
Oneida,Utica Ward 2 District 6,U.S. House,22,CON,Brandon M. Williams,14
Oneida,Utica Ward 2 District 7,U.S. House,22,DEM,John W. Mannion,120
Oneida,Utica Ward 2 District 7,U.S. House,22,WF,John W. Mannion,11
Oneida,Utica Ward 2 District 7,U.S. House,22,REP,Brandon M. Williams,57
Oneida,Utica Ward 2 District 7,U.S. House,22,CON,Brandon M. Williams,7
Oneida,Utica Ward 2 District 8,U.S. House,22,DEM,John W. Mannion,72
Oneida,Utica Ward 2 District 8,U.S. House,22,WF,John W. Mannion,10
Oneida,Utica Ward 2 District 8,U.S. House,22,REP,Brandon M. Williams,39
Oneida,Utica Ward 2 District 8,U.S. House,22,CON,Brandon M. Williams,3
Oneida,Utica Ward 3 District 1,U.S. House,22,DEM,John W. Mannion,243
Oneida,Utica Ward 3 District 1,U.S. House,22,WF,John W. Mannion,20
Oneida,Utica Ward 3 District 1,U.S. House,22,REP,Brandon M. Williams,162
Oneida,Utica Ward 3 District 1,U.S. House,22,CON,Brandon M. Williams,19
Oneida,Utica Ward 3 District 2,U.S. House,22,DEM,John W. Mannion,197
Oneida,Utica Ward 3 District 2,U.S. House,22,WF,John W. Mannion,21
Oneida,Utica Ward 3 District 2,U.S. House,22,REP,Brandon M. Williams,162
Oneida,Utica Ward 3 District 2,U.S. House,22,CON,Brandon M. Williams,27
Oneida,Utica Ward 3 District 3,U.S. House,22,DEM,John W. Mannion,257
Oneida,Utica Ward 3 District 3,U.S. House,22,WF,John W. Mannion,33
Oneida,Utica Ward 3 District 3,U.S. House,22,REP,Brandon M. Williams,258
Oneida,Utica Ward 3 District 3,U.S. House,22,CON,Brandon M. Williams,36
Oneida,Utica Ward 3 District 4,U.S. House,22,DEM,John W. Mannion,299
Oneida,Utica Ward 3 District 4,U.S. House,22,WF,John W. Mannion,16
Oneida,Utica Ward 3 District 4,U.S. House,22,REP,Brandon M. Williams,223
Oneida,Utica Ward 3 District 4,U.S. House,22,CON,Brandon M. Williams,19
Oneida,Utica Ward 3 District 5,U.S. House,22,DEM,John W. Mannion,187
Oneida,Utica Ward 3 District 5,U.S. House,22,WF,John W. Mannion,14
Oneida,Utica Ward 3 District 5,U.S. House,22,REP,Brandon M. Williams,120
Oneida,Utica Ward 3 District 5,U.S. House,22,CON,Brandon M. Williams,14
Oneida,Utica Ward 3 District 6,U.S. House,22,DEM,John W. Mannion,285
Oneida,Utica Ward 3 District 6,U.S. House,22,WF,John W. Mannion,36
Oneida,Utica Ward 3 District 6,U.S. House,22,REP,Brandon M. Williams,212
Oneida,Utica Ward 3 District 6,U.S. House,22,CON,Brandon M. Williams,16
Oneida,Utica Ward 3 District 7,U.S. House,22,DEM,John W. Mannion,175
Oneida,Utica Ward 3 District 7,U.S. House,22,WF,John W. Mannion,20
Oneida,Utica Ward 3 District 7,U.S. House,22,REP,Brandon M. Williams,103
Oneida,Utica Ward 3 District 7,U.S. House,22,CON,Brandon M. Williams,13
Oneida,Utica Ward 3 District 8,U.S. House,22,DEM,John W. Mannion,169
Oneida,Utica Ward 3 District 8,U.S. House,22,WF,John W. Mannion,19
Oneida,Utica Ward 3 District 8,U.S. House,22,REP,Brandon M. Williams,92
Oneida,Utica Ward 3 District 8,U.S. House,22,CON,Brandon M. Williams,13
Oneida,Utica Ward 3 District 9,U.S. House,22,DEM,John W. Mannion,234
Oneida,Utica Ward 3 District 9,U.S. House,22,WF,John W. Mannion,24
Oneida,Utica Ward 3 District 9,U.S. House,22,REP,Brandon M. Williams,140
Oneida,Utica Ward 3 District 9,U.S. House,22,CON,Brandon M. Williams,13
Oneida,Utica Ward 3 District 10,U.S. House,22,DEM,John W. Mannion,100
Oneida,Utica Ward 3 District 10,U.S. House,22,WF,John W. Mannion,13
Oneida,Utica Ward 3 District 10,U.S. House,22,REP,Brandon M. Williams,86
Oneida,Utica Ward 3 District 10,U.S. House,22,CON,Brandon M. Williams,6
Oneida,Utica Ward 4 District 1,U.S. House,22,DEM,John W. Mannion,156
Oneida,Utica Ward 4 District 1,U.S. House,22,WF,John W. Mannion,7
Oneida,Utica Ward 4 District 1,U.S. House,22,REP,Brandon M. Williams,103
Oneida,Utica Ward 4 District 1,U.S. House,22,CON,Brandon M. Williams,8
Oneida,Utica Ward 4 District 2,U.S. House,22,DEM,John W. Mannion,135
Oneida,Utica Ward 4 District 2,U.S. House,22,WF,John W. Mannion,20
Oneida,Utica Ward 4 District 2,U.S. House,22,REP,Brandon M. Williams,111
Oneida,Utica Ward 4 District 2,U.S. House,22,CON,Brandon M. Williams,8
Oneida,Utica Ward 4 District 3,U.S. House,22,DEM,John W. Mannion,172
Oneida,Utica Ward 4 District 3,U.S. House,22,WF,John W. Mannion,12
Oneida,Utica Ward 4 District 3,U.S. House,22,REP,Brandon M. Williams,201
Oneida,Utica Ward 4 District 3,U.S. House,22,CON,Brandon M. Williams,15
Oneida,Utica Ward 4 District 4,U.S. House,22,DEM,John W. Mannion,84
Oneida,Utica Ward 4 District 4,U.S. House,22,WF,John W. Mannion,15
Oneida,Utica Ward 4 District 4,U.S. House,22,REP,Brandon M. Williams,101
Oneida,Utica Ward 4 District 4,U.S. House,22,CON,Brandon M. Williams,5
Oneida,Utica Ward 4 District 5,U.S. House,22,DEM,John W. Mannion,136
Oneida,Utica Ward 4 District 5,U.S. House,22,WF,John W. Mannion,11
Oneida,Utica Ward 4 District 5,U.S. House,22,REP,Brandon M. Williams,174
Oneida,Utica Ward 4 District 5,U.S. House,22,CON,Brandon M. Williams,15
Oneida,Utica Ward 4 District 6,U.S. House,22,DEM,John W. Mannion,204
Oneida,Utica Ward 4 District 6,U.S. House,22,WF,John W. Mannion,21
Oneida,Utica Ward 4 District 6,U.S. House,22,REP,Brandon M. Williams,159
Oneida,Utica Ward 4 District 6,U.S. House,22,CON,Brandon M. Williams,13
Oneida,Utica Ward 4 District 7,U.S. House,22,DEM,John W. Mannion,145
Oneida,Utica Ward 4 District 7,U.S. House,22,WF,John W. Mannion,14
Oneida,Utica Ward 4 District 7,U.S. House,22,REP,Brandon M. Williams,111
Oneida,Utica Ward 4 District 7,U.S. House,22,CON,Brandon M. Williams,10
Oneida,Utica Ward 4 District 8,U.S. House,22,DEM,John W. Mannion,169
Oneida,Utica Ward 4 District 8,U.S. House,22,WF,John W. Mannion,8
Oneida,Utica Ward 4 District 8,U.S. House,22,REP,Brandon M. Williams,120
Oneida,Utica Ward 4 District 8,U.S. House,22,CON,Brandon M. Williams,4
Oneida,Utica Ward 4 District 9,U.S. House,22,DEM,John W. Mannion,180
Oneida,Utica Ward 4 District 9,U.S. House,22,WF,John W. Mannion,7
Oneida,Utica Ward 4 District 9,U.S. House,22,REP,Brandon M. Williams,273
Oneida,Utica Ward 4 District 9,U.S. House,22,CON,Brandon M. Williams,22
Oneida,Utica Ward 5 District 1,U.S. House,22,DEM,John W. Mannion,160
Oneida,Utica Ward 5 District 1,U.S. House,22,WF,John W. Mannion,15
Oneida,Utica Ward 5 District 1,U.S. House,22,REP,Brandon M. Williams,67
Oneida,Utica Ward 5 District 1,U.S. House,22,CON,Brandon M. Williams,9
Oneida,Utica Ward 5 District 2,U.S. House,22,DEM,John W. Mannion,240
Oneida,Utica Ward 5 District 2,U.S. House,22,WF,John W. Mannion,25
Oneida,Utica Ward 5 District 2,U.S. House,22,REP,Brandon M. Williams,104
Oneida,Utica Ward 5 District 2,U.S. House,22,CON,Brandon M. Williams,7
Oneida,Utica Ward 5 District 3,U.S. House,22,DEM,John W. Mannion,107
Oneida,Utica Ward 5 District 3,U.S. House,22,WF,John W. Mannion,10
Oneida,Utica Ward 5 District 3,U.S. House,22,REP,Brandon M. Williams,51
Oneida,Utica Ward 5 District 3,U.S. House,22,CON,Brandon M. Williams,8
Oneida,Utica Ward 5 District 4,U.S. House,22,DEM,John W. Mannion,196
Oneida,Utica Ward 5 District 4,U.S. House,22,WF,John W. Mannion,8
Oneida,Utica Ward 5 District 4,U.S. House,22,REP,Brandon M. Williams,68
Oneida,Utica Ward 5 District 4,U.S. House,22,CON,Brandon M. Williams,9
Oneida,Utica Ward 5 District 5,U.S. House,22,DEM,John W. Mannion,229
Oneida,Utica Ward 5 District 5,U.S. House,22,WF,John W. Mannion,27
Oneida,Utica Ward 5 District 5,U.S. House,22,REP,Brandon M. Williams,133
Oneida,Utica Ward 5 District 5,U.S. House,22,CON,Brandon M. Williams,16
Oneida,Utica Ward 5 District 6,U.S. House,22,DEM,John W. Mannion,187
Oneida,Utica Ward 5 District 6,U.S. House,22,WF,John W. Mannion,18
Oneida,Utica Ward 5 District 6,U.S. House,22,REP,Brandon M. Williams,73
Oneida,Utica Ward 5 District 6,U.S. House,22,CON,Brandon M. Williams,11
Oneida,Utica Ward 5 District 7,U.S. House,22,DEM,John W. Mannion,63
Oneida,Utica Ward 5 District 7,U.S. House,22,WF,John W. Mannion,7
Oneida,Utica Ward 5 District 7,U.S. House,22,REP,Brandon M. Williams,32
Oneida,Utica Ward 5 District 7,U.S. House,22,CON,Brandon M. Williams,7
Oneida,Utica Ward 6 District 1,U.S. House,22,DEM,John W. Mannion,158
Oneida,Utica Ward 6 District 1,U.S. House,22,WF,John W. Mannion,16
Oneida,Utica Ward 6 District 1,U.S. House,22,REP,Brandon M. Williams,202
Oneida,Utica Ward 6 District 1,U.S. House,22,CON,Brandon M. Williams,17
Oneida,Utica Ward 6 District 2,U.S. House,22,DEM,John W. Mannion,336
Oneida,Utica Ward 6 District 2,U.S. House,22,WF,John W. Mannion,24
Oneida,Utica Ward 6 District 2,U.S. House,22,REP,Brandon M. Williams,370
Oneida,Utica Ward 6 District 2,U.S. House,22,CON,Brandon M. Williams,34
Oneida,Utica Ward 6 District 3,U.S. House,22,DEM,John W. Mannion,174
Oneida,Utica Ward 6 District 3,U.S. House,22,WF,John W. Mannion,16
Oneida,Utica Ward 6 District 3,U.S. House,22,REP,Brandon M. Williams,240
Oneida,Utica Ward 6 District 3,U.S. House,22,CON,Brandon M. Williams,15
Oneida,Utica Ward 6 District 4,U.S. House,22,DEM,John W. Mannion,152
Oneida,Utica Ward 6 District 4,U.S. House,22,WF,John W. Mannion,18
Oneida,Utica Ward 6 District 4,U.S. House,22,REP,Brandon M. Williams,212
Oneida,Utica Ward 6 District 4,U.S. House,22,CON,Brandon M. Williams,12
Oneida,Utica Ward 6 District 5,U.S. House,22,DEM,John W. Mannion,201
Oneida,Utica Ward 6 District 5,U.S. House,22,WF,John W. Mannion,19
Oneida,Utica Ward 6 District 5,U.S. House,22,REP,Brandon M. Williams,288
Oneida,Utica Ward 6 District 5,U.S. House,22,CON,Brandon M. Williams,33
Oneida,Utica Ward 6 District 6,U.S. House,22,DEM,John W. Mannion,239
Oneida,Utica Ward 6 District 6,U.S. House,22,WF,John W. Mannion,29
Oneida,Utica Ward 6 District 6,U.S. House,22,REP,Brandon M. Williams,367
Oneida,Utica Ward 6 District 6,U.S. House,22,CON,Brandon M. Williams,23
Oneida,Utica Ward 6 District 7,U.S. House,22,DEM,John W. Mannion,194
Oneida,Utica Ward 6 District 7,U.S. House,22,WF,John W. Mannion,21
Oneida,Utica Ward 6 District 7,U.S. House,22,REP,Brandon M. Williams,231
Oneida,Utica Ward 6 District 7,U.S. House,22,CON,Brandon M. Williams,13
Oneida,Utica Ward 6 District 8,U.S. House,22,DEM,John W. Mannion,309
Oneida,Utica Ward 6 District 8,U.S. House,22,WF,John W. Mannion,22
Oneida,Utica Ward 6 District 8,U.S. House,22,REP,Brandon M. Williams,261
Oneida,Utica Ward 6 District 8,U.S. House,22,CON,Brandon M. Williams,35
Oneida,Utica Ward 6 District 9,U.S. House,22,DEM,John W. Mannion,93
Oneida,Utica Ward 6 District 9,U.S. House,22,WF,John W. Mannion,9
Oneida,Utica Ward 6 District 9,U.S. House,22,REP,Brandon M. Williams,102
Oneida,Utica Ward 6 District 9,U.S. House,22,CON,Brandon M. Williams,7
Oneida,Vernon 1,U.S. House,22,DEM,John W. Mannion,158
Oneida,Vernon 1,U.S. House,22,WF,John W. Mannion,18
Oneida,Vernon 1,U.S. House,22,REP,Brandon M. Williams,428
Oneida,Vernon 1,U.S. House,22,CON,Brandon M. Williams,64
Oneida,Vernon 2,U.S. House,22,DEM,John W. Mannion,281
Oneida,Vernon 2,U.S. House,22,WF,John W. Mannion,37
Oneida,Vernon 2,U.S. House,22,REP,Brandon M. Williams,510
Oneida,Vernon 2,U.S. House,22,CON,Brandon M. Williams,72
Oneida,Vernon 3,U.S. House,22,DEM,John W. Mannion,326
Oneida,Vernon 3,U.S. House,22,WF,John W. Mannion,34
Oneida,Vernon 3,U.S. House,22,REP,Brandon M. Williams,526
Oneida,Vernon 3,U.S. House,22,CON,Brandon M. Williams,55
Oneida,Vernon 4,U.S. House,22,DEM,John W. Mannion,438
Oneida,Vernon 4,U.S. House,22,WF,John W. Mannion,25
Oneida,Vernon 4,U.S. House,22,REP,Brandon M. Williams,550
Oneida,Vernon 4,U.S. House,22,CON,Brandon M. Williams,69
Oneida,Vernon 5,U.S. House,22,DEM,John W. Mannion,278
Oneida,Vernon 5,U.S. House,22,WF,John W. Mannion,21
Oneida,Vernon 5,U.S. House,22,REP,Brandon M. Williams,375
Oneida,Vernon 5,U.S. House,22,CON,Brandon M. Williams,53
Oneida,"Verona 5, 10, 11",U.S. House,22,DEM,John W. Mannion,118
Oneida,"Verona 5, 10, 11",U.S. House,22,WF,John W. Mannion,19
Oneida,"Verona 5, 10, 11",U.S. House,22,REP,Brandon M. Williams,209
Oneida,"Verona 5, 10, 11",U.S. House,22,CON,Brandon M. Williams,35
Oneida,Verona 7,U.S. House,22,DEM,John W. Mannion,36
Oneida,Verona 7,U.S. House,22,WF,John W. Mannion,5
Oneida,Verona 7,U.S. House,22,REP,Brandon M. Williams,98
Oneida,Verona 7,U.S. House,22,CON,Brandon M. Williams,9
Oneida,Westmoreland 1,U.S. House,22,DEM,John W. Mannion,177
Oneida,Westmoreland 1,U.S. House,22,WF,John W. Mannion,26
Oneida,Westmoreland 1,U.S. House,22,REP,Brandon M. Williams,301
Oneida,Westmoreland 1,U.S. House,22,CON,Brandon M. Williams,30
Oneida,Westmoreland 2,U.S. House,22,DEM,John W. Mannion,318
Oneida,Westmoreland 2,U.S. House,22,WF,John W. Mannion,35
Oneida,Westmoreland 2,U.S. House,22,REP,Brandon M. Williams,768
Oneida,Westmoreland 2,U.S. House,22,CON,Brandon M. Williams,73
Oneida,Westmoreland 3,U.S. House,22,DEM,John W. Mannion,195
Oneida,Westmoreland 3,U.S. House,22,WF,John W. Mannion,31
Oneida,Westmoreland 3,U.S. House,22,REP,Brandon M. Williams,545
Oneida,Westmoreland 3,U.S. House,22,CON,Brandon M. Williams,68
Oneida,Westmoreland 4,U.S. House,22,DEM,John W. Mannion,201
Oneida,Westmoreland 4,U.S. House,22,WF,John W. Mannion,35
Oneida,Westmoreland 4,U.S. House,22,REP,Brandon M. Williams,479
Oneida,Westmoreland 4,U.S. House,22,CON,Brandon M. Williams,49
Oneida,Whitestown 1,U.S. House,22,DEM,John W. Mannion,103
Oneida,Whitestown 1,U.S. House,22,WF,John W. Mannion,7
Oneida,Whitestown 1,U.S. House,22,REP,Brandon M. Williams,139
Oneida,Whitestown 1,U.S. House,22,CON,Brandon M. Williams,12
Oneida,Whitestown 2,U.S. House,22,DEM,John W. Mannion,94
Oneida,Whitestown 2,U.S. House,22,WF,John W. Mannion,10
Oneida,Whitestown 2,U.S. House,22,REP,Brandon M. Williams,139
Oneida,Whitestown 2,U.S. House,22,CON,Brandon M. Williams,14
Oneida,Whitestown 3,U.S. House,22,DEM,John W. Mannion,224
Oneida,Whitestown 3,U.S. House,22,WF,John W. Mannion,27
Oneida,Whitestown 3,U.S. House,22,REP,Brandon M. Williams,295
Oneida,Whitestown 3,U.S. House,22,CON,Brandon M. Williams,31
Oneida,Whitestown 4,U.S. House,22,DEM,John W. Mannion,169
Oneida,Whitestown 4,U.S. House,22,WF,John W. Mannion,19
Oneida,Whitestown 4,U.S. House,22,REP,Brandon M. Williams,232
Oneida,Whitestown 4,U.S. House,22,CON,Brandon M. Williams,17
Oneida,Whitestown 5,U.S. House,22,DEM,John W. Mannion,140
Oneida,Whitestown 5,U.S. House,22,WF,John W. Mannion,16
Oneida,Whitestown 5,U.S. House,22,REP,Brandon M. Williams,219
Oneida,Whitestown 5,U.S. House,22,CON,Brandon M. Williams,34
Oneida,Whitestown 6,U.S. House,22,DEM,John W. Mannion,255
Oneida,Whitestown 6,U.S. House,22,WF,John W. Mannion,30
Oneida,Whitestown 6,U.S. House,22,REP,Brandon M. Williams,325
Oneida,Whitestown 6,U.S. House,22,CON,Brandon M. Williams,40
Oneida,Whitestown 7,U.S. House,22,DEM,John W. Mannion,152
Oneida,Whitestown 7,U.S. House,22,WF,John W. Mannion,21
Oneida,Whitestown 7,U.S. House,22,REP,Brandon M. Williams,229
Oneida,Whitestown 7,U.S. House,22,CON,Brandon M. Williams,21
Oneida,Whitestown 8,U.S. House,22,DEM,John W. Mannion,199
Oneida,Whitestown 8,U.S. House,22,WF,John W. Mannion,16
Oneida,Whitestown 8,U.S. House,22,REP,Brandon M. Williams,331
Oneida,Whitestown 8,U.S. House,22,CON,Brandon M. Williams,48
Oneida,Whitestown 9,U.S. House,22,DEM,John W. Mannion,221
Oneida,Whitestown 9,U.S. House,22,WF,John W. Mannion,19
Oneida,Whitestown 9,U.S. House,22,REP,Brandon M. Williams,392
Oneida,Whitestown 9,U.S. House,22,CON,Brandon M. Williams,53
Oneida,Whitestown 10,U.S. House,22,DEM,John W. Mannion,144
Oneida,Whitestown 10,U.S. House,22,WF,John W. Mannion,19
Oneida,Whitestown 10,U.S. House,22,REP,Brandon M. Williams,148
Oneida,Whitestown 10,U.S. House,22,CON,Brandon M. Williams,29
Oneida,Whitestown 11,U.S. House,22,DEM,John W. Mannion,129
Oneida,Whitestown 11,U.S. House,22,WF,John W. Mannion,13
Oneida,Whitestown 11,U.S. House,22,REP,Brandon M. Williams,248
Oneida,Whitestown 11,U.S. House,22,CON,Brandon M. Williams,29
Oneida,Whitestown 12,U.S. House,22,DEM,John W. Mannion,261
Oneida,Whitestown 12,U.S. House,22,WF,John W. Mannion,17
Oneida,Whitestown 12,U.S. House,22,REP,Brandon M. Williams,264
Oneida,Whitestown 12,U.S. House,22,CON,Brandon M. Williams,34
Oneida,Whitestown 13,U.S. House,22,DEM,John W. Mannion,113
Oneida,Whitestown 13,U.S. House,22,WF,John W. Mannion,10
Oneida,Whitestown 13,U.S. House,22,REP,Brandon M. Williams,167
Oneida,Whitestown 13,U.S. House,22,CON,Brandon M. Williams,17
Oneida,Whitestown 14,U.S. House,22,DEM,John W. Mannion,298
Oneida,Whitestown 14,U.S. House,22,WF,John W. Mannion,32
Oneida,Whitestown 14,U.S. House,22,REP,Brandon M. Williams,479
Oneida,Whitestown 14,U.S. House,22,CON,Brandon M. Williams,50
Oneida,Whitestown 15,U.S. House,22,DEM,John W. Mannion,318
Oneida,Whitestown 15,U.S. House,22,WF,John W. Mannion,25
Oneida,Whitestown 15,U.S. House,22,REP,Brandon M. Williams,571
Oneida,Whitestown 15,U.S. House,22,CON,Brandon M. Williams,69
Oneida,Whitestown 16,U.S. House,22,DEM,John W. Mannion,393
Oneida,Whitestown 16,U.S. House,22,WF,John W. Mannion,21
Oneida,Whitestown 16,U.S. House,22,REP,Brandon M. Williams,639
Oneida,Whitestown 16,U.S. House,22,CON,Brandon M. Williams,66
Oneida,Annsville 1,State Senate,53,DEM,James Meyers,90
Oneida,Annsville 1,State Senate,53,WF,James Meyers,17
Oneida,Annsville 1,State Senate,53,REP,Joseph A. Griffo,609
Oneida,Annsville 1,State Senate,53,CON,Joseph A. Griffo,61
Oneida,Annsville 2,State Senate,53,DEM,James Meyers,45
Oneida,Annsville 2,State Senate,53,WF,James Meyers,7
Oneida,Annsville 2,State Senate,53,REP,Joseph A. Griffo,210
Oneida,Annsville 2,State Senate,53,CON,Joseph A. Griffo,25
Oneida,Annsville 3,State Senate,53,DEM,James Meyers,20
Oneida,Annsville 3,State Senate,53,WF,James Meyers,1
Oneida,Annsville 3,State Senate,53,REP,Joseph A. Griffo,124
Oneida,Annsville 3,State Senate,53,CON,Joseph A. Griffo,17
Oneida,Augusta 1,State Senate,53,DEM,James Meyers,67
Oneida,Augusta 1,State Senate,53,WF,James Meyers,7
Oneida,Augusta 1,State Senate,53,REP,Joseph A. Griffo,329
Oneida,Augusta 1,State Senate,53,CON,Joseph A. Griffo,42
Oneida,Augusta 2,State Senate,53,DEM,James Meyers,121
Oneida,Augusta 2,State Senate,53,WF,James Meyers,9
Oneida,Augusta 2,State Senate,53,REP,Joseph A. Griffo,290
Oneida,Augusta 2,State Senate,53,CON,Joseph A. Griffo,39
Oneida,Ava 1,State Senate,53,DEM,James Meyers,38
Oneida,Ava 1,State Senate,53,WF,James Meyers,5
Oneida,Ava 1,State Senate,53,REP,Joseph A. Griffo,238
Oneida,Ava 1,State Senate,53,CON,Joseph A. Griffo,20
Oneida,Boonville 1,State Senate,53,DEM,James Meyers,90
Oneida,Boonville 1,State Senate,53,WF,James Meyers,6
Oneida,Boonville 1,State Senate,53,REP,Joseph A. Griffo,452
Oneida,Boonville 1,State Senate,53,CON,Joseph A. Griffo,56
Oneida,Boonville 2,State Senate,53,DEM,James Meyers,150
Oneida,Boonville 2,State Senate,53,WF,James Meyers,15
Oneida,Boonville 2,State Senate,53,REP,Joseph A. Griffo,601
Oneida,Boonville 2,State Senate,53,CON,Joseph A. Griffo,63
Oneida,Boonville 3,State Senate,53,DEM,James Meyers,46
Oneida,Boonville 3,State Senate,53,WF,James Meyers,3
Oneida,Boonville 3,State Senate,53,REP,Joseph A. Griffo,220
Oneida,Boonville 3,State Senate,53,CON,Joseph A. Griffo,29
Oneida,Boonville 4,State Senate,53,DEM,James Meyers,46
Oneida,Boonville 4,State Senate,53,WF,James Meyers,8
Oneida,Boonville 4,State Senate,53,REP,Joseph A. Griffo,285
Oneida,Boonville 4,State Senate,53,CON,Joseph A. Griffo,26
Oneida,Bridgewater 1,State Senate,53,DEM,James Meyers,86
Oneida,Bridgewater 1,State Senate,53,WF,James Meyers,12
Oneida,Bridgewater 1,State Senate,53,REP,Joseph A. Griffo,491
Oneida,Bridgewater 1,State Senate,53,CON,Joseph A. Griffo,48
Oneida,Camden 1,State Senate,53,DEM,James Meyers,157
Oneida,Camden 1,State Senate,53,WF,James Meyers,14
Oneida,Camden 1,State Senate,53,REP,Joseph A. Griffo,626
Oneida,Camden 1,State Senate,53,CON,Joseph A. Griffo,70
Oneida,Camden 2,State Senate,53,DEM,James Meyers,125
Oneida,Camden 2,State Senate,53,WF,James Meyers,8
Oneida,Camden 2,State Senate,53,REP,Joseph A. Griffo,545
Oneida,Camden 2,State Senate,53,CON,Joseph A. Griffo,62
Oneida,Camden 3,State Senate,53,DEM,James Meyers,85
Oneida,Camden 3,State Senate,53,WF,James Meyers,11
Oneida,Camden 3,State Senate,53,REP,Joseph A. Griffo,444
Oneida,Camden 3,State Senate,53,CON,Joseph A. Griffo,41
Oneida,Deerfield 1,State Senate,53,DEM,James Meyers,181
Oneida,Deerfield 1,State Senate,53,WF,James Meyers,16
Oneida,Deerfield 1,State Senate,53,REP,Joseph A. Griffo,667
Oneida,Deerfield 1,State Senate,53,CON,Joseph A. Griffo,71
Oneida,Deerfield 2,State Senate,53,DEM,James Meyers,107
Oneida,Deerfield 2,State Senate,53,WF,James Meyers,7
Oneida,Deerfield 2,State Senate,53,REP,Joseph A. Griffo,640
Oneida,Deerfield 2,State Senate,53,CON,Joseph A. Griffo,71
Oneida,Deerfield 3,State Senate,53,DEM,James Meyers,137
Oneida,Deerfield 3,State Senate,53,WF,James Meyers,11
Oneida,Deerfield 3,State Senate,53,REP,Joseph A. Griffo,465
Oneida,Deerfield 3,State Senate,53,CON,Joseph A. Griffo,42
Oneida,Florence 1,State Senate,53,DEM,James Meyers,76
Oneida,Florence 1,State Senate,53,WF,James Meyers,7
Oneida,Florence 1,State Senate,53,REP,Joseph A. Griffo,355
Oneida,Florence 1,State Senate,53,CON,Joseph A. Griffo,37
Oneida,Floyd 1,State Senate,53,DEM,James Meyers,95
Oneida,Floyd 1,State Senate,53,WF,James Meyers,8
Oneida,Floyd 1,State Senate,53,REP,Joseph A. Griffo,593
Oneida,Floyd 1,State Senate,53,CON,Joseph A. Griffo,57
Oneida,Floyd 2,State Senate,53,DEM,James Meyers,111
Oneida,Floyd 2,State Senate,53,WF,James Meyers,5
Oneida,Floyd 2,State Senate,53,REP,Joseph A. Griffo,509
Oneida,Floyd 2,State Senate,53,CON,Joseph A. Griffo,50
Oneida,Floyd 3,State Senate,53,DEM,James Meyers,67
Oneida,Floyd 3,State Senate,53,WF,James Meyers,10
Oneida,Floyd 3,State Senate,53,REP,Joseph A. Griffo,390
Oneida,Floyd 3,State Senate,53,CON,Joseph A. Griffo,34
Oneida,Forestport 1,State Senate,53,DEM,James Meyers,103
Oneida,Forestport 1,State Senate,53,WF,James Meyers,9
Oneida,Forestport 1,State Senate,53,REP,Joseph A. Griffo,433
Oneida,Forestport 1,State Senate,53,CON,Joseph A. Griffo,62
Oneida,Forestport 2,State Senate,53,DEM,James Meyers,48
Oneida,Forestport 2,State Senate,53,WF,James Meyers,6
Oneida,Forestport 2,State Senate,53,REP,Joseph A. Griffo,250
Oneida,Forestport 2,State Senate,53,CON,Joseph A. Griffo,21
Oneida,Kirkland 1,State Senate,53,DEM,James Meyers,215
Oneida,Kirkland 1,State Senate,53,WF,James Meyers,16
Oneida,Kirkland 1,State Senate,53,REP,Joseph A. Griffo,419
Oneida,Kirkland 1,State Senate,53,CON,Joseph A. Griffo,48
Oneida,Kirkland 2,State Senate,53,DEM,James Meyers,153
Oneida,Kirkland 2,State Senate,53,WF,James Meyers,12
Oneida,Kirkland 2,State Senate,53,REP,Joseph A. Griffo,312
Oneida,Kirkland 2,State Senate,53,CON,Joseph A. Griffo,32
Oneida,Kirkland 3,State Senate,53,DEM,James Meyers,328
Oneida,Kirkland 3,State Senate,53,WF,James Meyers,28
Oneida,Kirkland 3,State Senate,53,REP,Joseph A. Griffo,162
Oneida,Kirkland 3,State Senate,53,CON,Joseph A. Griffo,14
Oneida,Kirkland 4,State Senate,53,DEM,James Meyers,156
Oneida,Kirkland 4,State Senate,53,WF,James Meyers,10
Oneida,Kirkland 4,State Senate,53,REP,Joseph A. Griffo,168
Oneida,Kirkland 4,State Senate,53,CON,Joseph A. Griffo,32
Oneida,Kirkland 5,State Senate,53,DEM,James Meyers,108
Oneida,Kirkland 5,State Senate,53,WF,James Meyers,15
Oneida,Kirkland 5,State Senate,53,REP,Joseph A. Griffo,148
Oneida,Kirkland 5,State Senate,53,CON,Joseph A. Griffo,21
Oneida,Kirkland 6,State Senate,53,DEM,James Meyers,272
Oneida,Kirkland 6,State Senate,53,WF,James Meyers,34
Oneida,Kirkland 6,State Senate,53,REP,Joseph A. Griffo,311
Oneida,Kirkland 6,State Senate,53,CON,Joseph A. Griffo,27
Oneida,Kirkland 7,State Senate,53,DEM,James Meyers,286
Oneida,Kirkland 7,State Senate,53,WF,James Meyers,23
Oneida,Kirkland 7,State Senate,53,REP,Joseph A. Griffo,226
Oneida,Kirkland 7,State Senate,53,CON,Joseph A. Griffo,30
Oneida,Kirkland 8,State Senate,53,DEM,James Meyers,137
Oneida,Kirkland 8,State Senate,53,WF,James Meyers,14
Oneida,Kirkland 8,State Senate,53,REP,Joseph A. Griffo,253
Oneida,Kirkland 8,State Senate,53,CON,Joseph A. Griffo,26
Oneida,Kirkland 9,State Senate,53,DEM,James Meyers,234
Oneida,Kirkland 9,State Senate,53,WF,James Meyers,16
Oneida,Kirkland 9,State Senate,53,REP,Joseph A. Griffo,210
Oneida,Kirkland 9,State Senate,53,CON,Joseph A. Griffo,22
Oneida,Kirkland 10,State Senate,53,DEM,James Meyers,154
Oneida,Kirkland 10,State Senate,53,WF,James Meyers,8
Oneida,Kirkland 10,State Senate,53,REP,Joseph A. Griffo,194
Oneida,Kirkland 10,State Senate,53,CON,Joseph A. Griffo,16
Oneida,Lee 1,State Senate,53,DEM,James Meyers,105
Oneida,Lee 1,State Senate,53,WF,James Meyers,7
Oneida,Lee 1,State Senate,53,REP,Joseph A. Griffo,440
Oneida,Lee 1,State Senate,53,CON,Joseph A. Griffo,38
Oneida,Lee 2,State Senate,53,DEM,James Meyers,97
Oneida,Lee 2,State Senate,53,WF,James Meyers,19
Oneida,Lee 2,State Senate,53,REP,Joseph A. Griffo,563
Oneida,Lee 2,State Senate,53,CON,Joseph A. Griffo,52
Oneida,Lee 3,State Senate,53,DEM,James Meyers,26
Oneida,Lee 3,State Senate,53,WF,James Meyers,6
Oneida,Lee 3,State Senate,53,REP,Joseph A. Griffo,235
Oneida,Lee 3,State Senate,53,CON,Joseph A. Griffo,28
Oneida,Lee 4,State Senate,53,DEM,James Meyers,117
Oneida,Lee 4,State Senate,53,WF,James Meyers,6
Oneida,Lee 4,State Senate,53,REP,Joseph A. Griffo,457
Oneida,Lee 4,State Senate,53,CON,Joseph A. Griffo,56
Oneida,Lee 5,State Senate,53,DEM,James Meyers,178
Oneida,Lee 5,State Senate,53,WF,James Meyers,12
Oneida,Lee 5,State Senate,53,REP,Joseph A. Griffo,700
Oneida,Lee 5,State Senate,53,CON,Joseph A. Griffo,84
Oneida,Marcy 1,State Senate,53,DEM,James Meyers,186
Oneida,Marcy 1,State Senate,53,WF,James Meyers,25
Oneida,Marcy 1,State Senate,53,REP,Joseph A. Griffo,685
Oneida,Marcy 1,State Senate,53,CON,Joseph A. Griffo,76
Oneida,Marcy 2,State Senate,53,DEM,James Meyers,128
Oneida,Marcy 2,State Senate,53,WF,James Meyers,18
Oneida,Marcy 2,State Senate,53,REP,Joseph A. Griffo,541
Oneida,Marcy 2,State Senate,53,CON,Joseph A. Griffo,70
Oneida,Marcy 3,State Senate,53,DEM,James Meyers,162
Oneida,Marcy 3,State Senate,53,WF,James Meyers,23
Oneida,Marcy 3,State Senate,53,REP,Joseph A. Griffo,638
Oneida,Marcy 3,State Senate,53,CON,Joseph A. Griffo,78
Oneida,Marcy 4,State Senate,53,DEM,James Meyers,138
Oneida,Marcy 4,State Senate,53,WF,James Meyers,12
Oneida,Marcy 4,State Senate,53,REP,Joseph A. Griffo,623
Oneida,Marcy 4,State Senate,53,CON,Joseph A. Griffo,73
Oneida,Marshall 1,State Senate,53,DEM,James Meyers,116
Oneida,Marshall 1,State Senate,53,WF,James Meyers,11
Oneida,Marshall 1,State Senate,53,REP,Joseph A. Griffo,349
Oneida,Marshall 1,State Senate,53,CON,Joseph A. Griffo,42
Oneida,Marshall 2,State Senate,53,DEM,James Meyers,101
Oneida,Marshall 2,State Senate,53,WF,James Meyers,7
Oneida,Marshall 2,State Senate,53,REP,Joseph A. Griffo,324
Oneida,Marshall 2,State Senate,53,CON,Joseph A. Griffo,48
Oneida,New Hartford Ward 1 District 1,State Senate,53,DEM,James Meyers,206
Oneida,New Hartford Ward 1 District 1,State Senate,53,WF,James Meyers,16
Oneida,New Hartford Ward 1 District 1,State Senate,53,REP,Joseph A. Griffo,561
Oneida,New Hartford Ward 1 District 1,State Senate,53,CON,Joseph A. Griffo,45
Oneida,New Hartford Ward 1 District 2,State Senate,53,DEM,James Meyers,129
Oneida,New Hartford Ward 1 District 2,State Senate,53,WF,James Meyers,18
Oneida,New Hartford Ward 1 District 2,State Senate,53,REP,Joseph A. Griffo,377
Oneida,New Hartford Ward 1 District 2,State Senate,53,CON,Joseph A. Griffo,38
Oneida,New Hartford Ward 1 District 3,State Senate,53,DEM,James Meyers,249
Oneida,New Hartford Ward 1 District 3,State Senate,53,WF,James Meyers,22
Oneida,New Hartford Ward 1 District 3,State Senate,53,REP,Joseph A. Griffo,478
Oneida,New Hartford Ward 1 District 3,State Senate,53,CON,Joseph A. Griffo,67
Oneida,New Hartford Ward 1 District 4,State Senate,53,DEM,James Meyers,173
Oneida,New Hartford Ward 1 District 4,State Senate,53,WF,James Meyers,15
Oneida,New Hartford Ward 1 District 4,State Senate,53,REP,Joseph A. Griffo,396
Oneida,New Hartford Ward 1 District 4,State Senate,53,CON,Joseph A. Griffo,65
Oneida,New Hartford Ward 1 District 5,State Senate,53,DEM,James Meyers,210
Oneida,New Hartford Ward 1 District 5,State Senate,53,WF,James Meyers,19
Oneida,New Hartford Ward 1 District 5,State Senate,53,REP,Joseph A. Griffo,382
Oneida,New Hartford Ward 1 District 5,State Senate,53,CON,Joseph A. Griffo,51
Oneida,New Hartford Ward 2 District 1,State Senate,53,DEM,James Meyers,139
Oneida,New Hartford Ward 2 District 1,State Senate,53,WF,James Meyers,15
Oneida,New Hartford Ward 2 District 1,State Senate,53,REP,Joseph A. Griffo,360
Oneida,New Hartford Ward 2 District 1,State Senate,53,CON,Joseph A. Griffo,49
Oneida,New Hartford Ward 2 District 2,State Senate,53,DEM,James Meyers,196
Oneida,New Hartford Ward 2 District 2,State Senate,53,WF,James Meyers,11
Oneida,New Hartford Ward 2 District 2,State Senate,53,REP,Joseph A. Griffo,448
Oneida,New Hartford Ward 2 District 2,State Senate,53,CON,Joseph A. Griffo,48
Oneida,New Hartford Ward 2 District 3,State Senate,53,DEM,James Meyers,187
Oneida,New Hartford Ward 2 District 3,State Senate,53,WF,James Meyers,17
Oneida,New Hartford Ward 2 District 3,State Senate,53,REP,Joseph A. Griffo,542
Oneida,New Hartford Ward 2 District 3,State Senate,53,CON,Joseph A. Griffo,47
Oneida,New Hartford Ward 2 District 4,State Senate,53,DEM,James Meyers,271
Oneida,New Hartford Ward 2 District 4,State Senate,53,WF,James Meyers,17
Oneida,New Hartford Ward 2 District 4,State Senate,53,REP,Joseph A. Griffo,564
Oneida,New Hartford Ward 2 District 4,State Senate,53,CON,Joseph A. Griffo,61
Oneida,New Hartford Ward 3 District 1,State Senate,53,DEM,James Meyers,222
Oneida,New Hartford Ward 3 District 1,State Senate,53,WF,James Meyers,25
Oneida,New Hartford Ward 3 District 1,State Senate,53,REP,Joseph A. Griffo,368
Oneida,New Hartford Ward 3 District 1,State Senate,53,CON,Joseph A. Griffo,46
Oneida,New Hartford Ward 3 District 2,State Senate,53,DEM,James Meyers,249
Oneida,New Hartford Ward 3 District 2,State Senate,53,WF,James Meyers,27
Oneida,New Hartford Ward 3 District 2,State Senate,53,REP,Joseph A. Griffo,451
Oneida,New Hartford Ward 3 District 2,State Senate,53,CON,Joseph A. Griffo,56
Oneida,New Hartford Ward 3 District 3,State Senate,53,DEM,James Meyers,175
Oneida,New Hartford Ward 3 District 3,State Senate,53,WF,James Meyers,24
Oneida,New Hartford Ward 3 District 3,State Senate,53,REP,Joseph A. Griffo,298
Oneida,New Hartford Ward 3 District 3,State Senate,53,CON,Joseph A. Griffo,23
Oneida,New Hartford Ward 3 District 4,State Senate,53,DEM,James Meyers,192
Oneida,New Hartford Ward 3 District 4,State Senate,53,WF,James Meyers,14
Oneida,New Hartford Ward 3 District 4,State Senate,53,REP,Joseph A. Griffo,434
Oneida,New Hartford Ward 3 District 4,State Senate,53,CON,Joseph A. Griffo,41
Oneida,New Hartford Ward 4 District 1,State Senate,53,DEM,James Meyers,266
Oneida,New Hartford Ward 4 District 1,State Senate,53,WF,James Meyers,10
Oneida,New Hartford Ward 4 District 1,State Senate,53,REP,Joseph A. Griffo,529
Oneida,New Hartford Ward 4 District 1,State Senate,53,CON,Joseph A. Griffo,47
Oneida,New Hartford Ward 4 District 2,State Senate,53,DEM,James Meyers,128
Oneida,New Hartford Ward 4 District 2,State Senate,53,WF,James Meyers,8
Oneida,New Hartford Ward 4 District 2,State Senate,53,REP,Joseph A. Griffo,280
Oneida,New Hartford Ward 4 District 2,State Senate,53,CON,Joseph A. Griffo,27
Oneida,New Hartford Ward 4 District 3,State Senate,53,DEM,James Meyers,161
Oneida,New Hartford Ward 4 District 3,State Senate,53,WF,James Meyers,11
Oneida,New Hartford Ward 4 District 3,State Senate,53,REP,Joseph A. Griffo,284
Oneida,New Hartford Ward 4 District 3,State Senate,53,CON,Joseph A. Griffo,31
Oneida,New Hartford Ward 4 District 4,State Senate,53,DEM,James Meyers,325
Oneida,New Hartford Ward 4 District 4,State Senate,53,WF,James Meyers,30
Oneida,New Hartford Ward 4 District 4,State Senate,53,REP,Joseph A. Griffo,819
Oneida,New Hartford Ward 4 District 4,State Senate,53,CON,Joseph A. Griffo,102
Oneida,Paris 1,State Senate,53,DEM,James Meyers,127
Oneida,Paris 1,State Senate,53,WF,James Meyers,14
Oneida,Paris 1,State Senate,53,REP,Joseph A. Griffo,481
Oneida,Paris 1,State Senate,53,CON,Joseph A. Griffo,47
Oneida,Paris 2,State Senate,53,DEM,James Meyers,134
Oneida,Paris 2,State Senate,53,WF,James Meyers,20
Oneida,Paris 2,State Senate,53,REP,Joseph A. Griffo,556
Oneida,Paris 2,State Senate,53,CON,Joseph A. Griffo,63
Oneida,Paris 3,State Senate,53,DEM,James Meyers,166
Oneida,Paris 3,State Senate,53,WF,James Meyers,13
Oneida,Paris 3,State Senate,53,REP,Joseph A. Griffo,680
Oneida,Paris 3,State Senate,53,CON,Joseph A. Griffo,83
Oneida,Remsen 1,State Senate,53,DEM,James Meyers,141
Oneida,Remsen 1,State Senate,53,WF,James Meyers,16
Oneida,Remsen 1,State Senate,53,REP,Joseph A. Griffo,752
Oneida,Remsen 1,State Senate,53,CON,Joseph A. Griffo,80
Oneida,Rome Ward 1 District 1,State Senate,53,DEM,James Meyers,89
Oneida,Rome Ward 1 District 1,State Senate,53,WF,James Meyers,10
Oneida,Rome Ward 1 District 1,State Senate,53,REP,Joseph A. Griffo,194
Oneida,Rome Ward 1 District 1,State Senate,53,CON,Joseph A. Griffo,21
Oneida,Rome Ward 1 District 2,State Senate,53,DEM,James Meyers,88
Oneida,Rome Ward 1 District 2,State Senate,53,WF,James Meyers,9
Oneida,Rome Ward 1 District 2,State Senate,53,REP,Joseph A. Griffo,215
Oneida,Rome Ward 1 District 2,State Senate,53,CON,Joseph A. Griffo,27
Oneida,Rome Ward 1 District 3,State Senate,53,DEM,James Meyers,131
Oneida,Rome Ward 1 District 3,State Senate,53,WF,James Meyers,16
Oneida,Rome Ward 1 District 3,State Senate,53,REP,Joseph A. Griffo,249
Oneida,Rome Ward 1 District 3,State Senate,53,CON,Joseph A. Griffo,35
Oneida,Rome Ward 1 District 4,State Senate,53,DEM,James Meyers,133
Oneida,Rome Ward 1 District 4,State Senate,53,WF,James Meyers,11
Oneida,Rome Ward 1 District 4,State Senate,53,REP,Joseph A. Griffo,300
Oneida,Rome Ward 1 District 4,State Senate,53,CON,Joseph A. Griffo,38
Oneida,Rome Ward 2 District 1,State Senate,53,DEM,James Meyers,102
Oneida,Rome Ward 2 District 1,State Senate,53,WF,James Meyers,13
Oneida,Rome Ward 2 District 1,State Senate,53,REP,Joseph A. Griffo,520
Oneida,Rome Ward 2 District 1,State Senate,53,CON,Joseph A. Griffo,77
Oneida,Rome Ward 2 District 2,State Senate,53,DEM,James Meyers,19
Oneida,Rome Ward 2 District 2,State Senate,53,WF,James Meyers,0
Oneida,Rome Ward 2 District 2,State Senate,53,REP,Joseph A. Griffo,64
Oneida,Rome Ward 2 District 2,State Senate,53,CON,Joseph A. Griffo,10
Oneida,Rome Ward 2 District 3,State Senate,53,DEM,James Meyers,22
Oneida,Rome Ward 2 District 3,State Senate,53,WF,James Meyers,4
Oneida,Rome Ward 2 District 3,State Senate,53,REP,Joseph A. Griffo,79
Oneida,Rome Ward 2 District 3,State Senate,53,CON,Joseph A. Griffo,8
Oneida,Rome Ward 2 District 4,State Senate,53,DEM,James Meyers,51
Oneida,Rome Ward 2 District 4,State Senate,53,WF,James Meyers,2
Oneida,Rome Ward 2 District 4,State Senate,53,REP,Joseph A. Griffo,125
Oneida,Rome Ward 2 District 4,State Senate,53,CON,Joseph A. Griffo,11
Oneida,Rome Ward 2 District 5,State Senate,53,DEM,James Meyers,64
Oneida,Rome Ward 2 District 5,State Senate,53,WF,James Meyers,3
Oneida,Rome Ward 2 District 5,State Senate,53,REP,Joseph A. Griffo,138
Oneida,Rome Ward 2 District 5,State Senate,53,CON,Joseph A. Griffo,21
Oneida,Rome Ward 3 District 1,State Senate,53,DEM,James Meyers,29
Oneida,Rome Ward 3 District 1,State Senate,53,WF,James Meyers,4
Oneida,Rome Ward 3 District 1,State Senate,53,REP,Joseph A. Griffo,82
Oneida,Rome Ward 3 District 1,State Senate,53,CON,Joseph A. Griffo,8
Oneida,Rome Ward 3 District 2,State Senate,53,DEM,James Meyers,28
Oneida,Rome Ward 3 District 2,State Senate,53,WF,James Meyers,5
Oneida,Rome Ward 3 District 2,State Senate,53,REP,Joseph A. Griffo,126
Oneida,Rome Ward 3 District 2,State Senate,53,CON,Joseph A. Griffo,13
Oneida,Rome Ward 3 District 3,State Senate,53,DEM,James Meyers,146
Oneida,Rome Ward 3 District 3,State Senate,53,WF,James Meyers,17
Oneida,Rome Ward 3 District 3,State Senate,53,REP,Joseph A. Griffo,440
Oneida,Rome Ward 3 District 3,State Senate,53,CON,Joseph A. Griffo,42
Oneida,Rome Ward 3 District 4,State Senate,53,DEM,James Meyers,93
Oneida,Rome Ward 3 District 4,State Senate,53,WF,James Meyers,12
Oneida,Rome Ward 3 District 4,State Senate,53,REP,Joseph A. Griffo,255
Oneida,Rome Ward 3 District 4,State Senate,53,CON,Joseph A. Griffo,42
Oneida,Rome Ward 3 District 5,State Senate,53,DEM,James Meyers,14
Oneida,Rome Ward 3 District 5,State Senate,53,WF,James Meyers,2
Oneida,Rome Ward 3 District 5,State Senate,53,REP,Joseph A. Griffo,24
Oneida,Rome Ward 3 District 5,State Senate,53,CON,Joseph A. Griffo,8
Oneida,Rome Ward 4 District 1,State Senate,53,DEM,James Meyers,80
Oneida,Rome Ward 4 District 1,State Senate,53,WF,James Meyers,8
Oneida,Rome Ward 4 District 1,State Senate,53,REP,Joseph A. Griffo,99
Oneida,Rome Ward 4 District 1,State Senate,53,CON,Joseph A. Griffo,10
Oneida,Rome Ward 4 District 2,State Senate,53,DEM,James Meyers,128
Oneida,Rome Ward 4 District 2,State Senate,53,WF,James Meyers,10
Oneida,Rome Ward 4 District 2,State Senate,53,REP,Joseph A. Griffo,285
Oneida,Rome Ward 4 District 2,State Senate,53,CON,Joseph A. Griffo,36
Oneida,Rome Ward 4 District 3,State Senate,53,DEM,James Meyers,79
Oneida,Rome Ward 4 District 3,State Senate,53,WF,James Meyers,10
Oneida,Rome Ward 4 District 3,State Senate,53,REP,Joseph A. Griffo,220
Oneida,Rome Ward 4 District 3,State Senate,53,CON,Joseph A. Griffo,27
Oneida,Rome Ward 4 District 4,State Senate,53,DEM,James Meyers,97
Oneida,Rome Ward 4 District 4,State Senate,53,WF,James Meyers,12
Oneida,Rome Ward 4 District 4,State Senate,53,REP,Joseph A. Griffo,302
Oneida,Rome Ward 4 District 4,State Senate,53,CON,Joseph A. Griffo,39
Oneida,Rome Ward 5 District 1,State Senate,53,DEM,James Meyers,110
Oneida,Rome Ward 5 District 1,State Senate,53,WF,James Meyers,6
Oneida,Rome Ward 5 District 1,State Senate,53,REP,Joseph A. Griffo,166
Oneida,Rome Ward 5 District 1,State Senate,53,CON,Joseph A. Griffo,17
Oneida,Rome Ward 5 District 2,State Senate,53,DEM,James Meyers,105
Oneida,Rome Ward 5 District 2,State Senate,53,WF,James Meyers,7
Oneida,Rome Ward 5 District 2,State Senate,53,REP,Joseph A. Griffo,228
Oneida,Rome Ward 5 District 2,State Senate,53,CON,Joseph A. Griffo,42
Oneida,Rome Ward 5 District 3,State Senate,53,DEM,James Meyers,130
Oneida,Rome Ward 5 District 3,State Senate,53,WF,James Meyers,7
Oneida,Rome Ward 5 District 3,State Senate,53,REP,Joseph A. Griffo,335
Oneida,Rome Ward 5 District 3,State Senate,53,CON,Joseph A. Griffo,36
Oneida,Rome Ward 5 District 4,State Senate,53,DEM,James Meyers,196
Oneida,Rome Ward 5 District 4,State Senate,53,WF,James Meyers,17
Oneida,Rome Ward 5 District 4,State Senate,53,REP,Joseph A. Griffo,556
Oneida,Rome Ward 5 District 4,State Senate,53,CON,Joseph A. Griffo,63
Oneida,Rome Ward 6 District 1,State Senate,53,DEM,James Meyers,70
Oneida,Rome Ward 6 District 1,State Senate,53,WF,James Meyers,2
Oneida,Rome Ward 6 District 1,State Senate,53,REP,Joseph A. Griffo,257
Oneida,Rome Ward 6 District 1,State Senate,53,CON,Joseph A. Griffo,32
Oneida,Rome Ward 6 District 2,State Senate,53,DEM,James Meyers,101
Oneida,Rome Ward 6 District 2,State Senate,53,WF,James Meyers,13
Oneida,Rome Ward 6 District 2,State Senate,53,REP,Joseph A. Griffo,334
Oneida,Rome Ward 6 District 2,State Senate,53,CON,Joseph A. Griffo,56
Oneida,Rome Ward 6 District 3,State Senate,53,DEM,James Meyers,131
Oneida,Rome Ward 6 District 3,State Senate,53,WF,James Meyers,14
Oneida,Rome Ward 6 District 3,State Senate,53,REP,Joseph A. Griffo,523
Oneida,Rome Ward 6 District 3,State Senate,53,CON,Joseph A. Griffo,49
Oneida,Rome Ward 6 District 4,State Senate,53,DEM,James Meyers,160
Oneida,Rome Ward 6 District 4,State Senate,53,WF,James Meyers,12
Oneida,Rome Ward 6 District 4,State Senate,53,REP,Joseph A. Griffo,623
Oneida,Rome Ward 6 District 4,State Senate,53,CON,Joseph A. Griffo,66
Oneida,Rome Ward 7 District 1,State Senate,53,DEM,James Meyers,46
Oneida,Rome Ward 7 District 1,State Senate,53,WF,James Meyers,5
Oneida,Rome Ward 7 District 1,State Senate,53,REP,Joseph A. Griffo,211
Oneida,Rome Ward 7 District 1,State Senate,53,CON,Joseph A. Griffo,32
Oneida,Rome Ward 7 District 2,State Senate,53,DEM,James Meyers,140
Oneida,Rome Ward 7 District 2,State Senate,53,WF,James Meyers,13
Oneida,Rome Ward 7 District 2,State Senate,53,REP,Joseph A. Griffo,296
Oneida,Rome Ward 7 District 2,State Senate,53,CON,Joseph A. Griffo,48
Oneida,Rome Ward 7 District 3,State Senate,53,DEM,James Meyers,118
Oneida,Rome Ward 7 District 3,State Senate,53,WF,James Meyers,17
Oneida,Rome Ward 7 District 3,State Senate,53,REP,Joseph A. Griffo,320
Oneida,Rome Ward 7 District 3,State Senate,53,CON,Joseph A. Griffo,35
Oneida,Rome Ward 7 District 4,State Senate,53,DEM,James Meyers,103
Oneida,Rome Ward 7 District 4,State Senate,53,WF,James Meyers,11
Oneida,Rome Ward 7 District 4,State Senate,53,REP,Joseph A. Griffo,254
Oneida,Rome Ward 7 District 4,State Senate,53,CON,Joseph A. Griffo,24
Oneida,Rome Ward 7 District 5,State Senate,53,DEM,James Meyers,107
Oneida,Rome Ward 7 District 5,State Senate,53,WF,James Meyers,16
Oneida,Rome Ward 7 District 5,State Senate,53,REP,Joseph A. Griffo,286
Oneida,Rome Ward 7 District 5,State Senate,53,CON,Joseph A. Griffo,37
Oneida,Sangerfield 1,State Senate,53,DEM,James Meyers,175
Oneida,Sangerfield 1,State Senate,53,WF,James Meyers,17
Oneida,Sangerfield 1,State Senate,53,REP,Joseph A. Griffo,355
Oneida,Sangerfield 1,State Senate,53,CON,Joseph A. Griffo,34
Oneida,Sangerfield 2,State Senate,53,DEM,James Meyers,100
Oneida,Sangerfield 2,State Senate,53,WF,James Meyers,10
Oneida,Sangerfield 2,State Senate,53,REP,Joseph A. Griffo,336
Oneida,Sangerfield 2,State Senate,53,CON,Joseph A. Griffo,32
Oneida,Steuben 1,State Senate,53,DEM,James Meyers,84
Oneida,Steuben 1,State Senate,53,WF,James Meyers,3
Oneida,Steuben 1,State Senate,53,REP,Joseph A. Griffo,494
Oneida,Steuben 1,State Senate,53,CON,Joseph A. Griffo,42
Oneida,Trenton 1,State Senate,53,DEM,James Meyers,136
Oneida,Trenton 1,State Senate,53,WF,James Meyers,8
Oneida,Trenton 1,State Senate,53,REP,Joseph A. Griffo,448
Oneida,Trenton 1,State Senate,53,CON,Joseph A. Griffo,36
Oneida,Trenton 2,State Senate,53,DEM,James Meyers,153
Oneida,Trenton 2,State Senate,53,WF,James Meyers,21
Oneida,Trenton 2,State Senate,53,REP,Joseph A. Griffo,528
Oneida,Trenton 2,State Senate,53,CON,Joseph A. Griffo,39
Oneida,Trenton 3,State Senate,53,DEM,James Meyers,159
Oneida,Trenton 3,State Senate,53,WF,James Meyers,19
Oneida,Trenton 3,State Senate,53,REP,Joseph A. Griffo,442
Oneida,Trenton 3,State Senate,53,CON,Joseph A. Griffo,48
Oneida,Trenton 4,State Senate,53,DEM,James Meyers,65
Oneida,Trenton 4,State Senate,53,WF,James Meyers,9
Oneida,Trenton 4,State Senate,53,REP,Joseph A. Griffo,310
Oneida,Trenton 4,State Senate,53,CON,Joseph A. Griffo,36
Oneida,Utica Ward 1 District 1,State Senate,53,DEM,James Meyers,51
Oneida,Utica Ward 1 District 1,State Senate,53,WF,James Meyers,7
Oneida,Utica Ward 1 District 1,State Senate,53,REP,Joseph A. Griffo,50
Oneida,Utica Ward 1 District 1,State Senate,53,CON,Joseph A. Griffo,9
Oneida,Utica Ward 1 District 2,State Senate,53,DEM,James Meyers,69
Oneida,Utica Ward 1 District 2,State Senate,53,WF,James Meyers,8
Oneida,Utica Ward 1 District 2,State Senate,53,REP,Joseph A. Griffo,43
Oneida,Utica Ward 1 District 2,State Senate,53,CON,Joseph A. Griffo,6
Oneida,Utica Ward 1 District 3,State Senate,53,DEM,James Meyers,85
Oneida,Utica Ward 1 District 3,State Senate,53,WF,James Meyers,8
Oneida,Utica Ward 1 District 3,State Senate,53,REP,Joseph A. Griffo,62
Oneida,Utica Ward 1 District 3,State Senate,53,CON,Joseph A. Griffo,10
Oneida,Utica Ward 1 District 4,State Senate,53,DEM,James Meyers,170
Oneida,Utica Ward 1 District 4,State Senate,53,WF,James Meyers,10
Oneida,Utica Ward 1 District 4,State Senate,53,REP,Joseph A. Griffo,137
Oneida,Utica Ward 1 District 4,State Senate,53,CON,Joseph A. Griffo,19
Oneida,Utica Ward 1 District 5,State Senate,53,DEM,James Meyers,78
Oneida,Utica Ward 1 District 5,State Senate,53,WF,James Meyers,9
Oneida,Utica Ward 1 District 5,State Senate,53,REP,Joseph A. Griffo,92
Oneida,Utica Ward 1 District 5,State Senate,53,CON,Joseph A. Griffo,14
Oneida,Utica Ward 1 District 6,State Senate,53,DEM,James Meyers,43
Oneida,Utica Ward 1 District 6,State Senate,53,WF,James Meyers,4
Oneida,Utica Ward 1 District 6,State Senate,53,REP,Joseph A. Griffo,31
Oneida,Utica Ward 1 District 6,State Senate,53,CON,Joseph A. Griffo,11
Oneida,Utica Ward 1 District 7,State Senate,53,DEM,James Meyers,159
Oneida,Utica Ward 1 District 7,State Senate,53,WF,James Meyers,8
Oneida,Utica Ward 1 District 7,State Senate,53,REP,Joseph A. Griffo,123
Oneida,Utica Ward 1 District 7,State Senate,53,CON,Joseph A. Griffo,13
Oneida,Utica Ward 1 District 8,State Senate,53,DEM,James Meyers,72
Oneida,Utica Ward 1 District 8,State Senate,53,WF,James Meyers,22
Oneida,Utica Ward 1 District 8,State Senate,53,REP,Joseph A. Griffo,67
Oneida,Utica Ward 1 District 8,State Senate,53,CON,Joseph A. Griffo,6
Oneida,Utica Ward 2 District 1,State Senate,53,DEM,James Meyers,112
Oneida,Utica Ward 2 District 1,State Senate,53,WF,James Meyers,10
Oneida,Utica Ward 2 District 1,State Senate,53,REP,Joseph A. Griffo,215
Oneida,Utica Ward 2 District 1,State Senate,53,CON,Joseph A. Griffo,29
Oneida,Utica Ward 2 District 2,State Senate,53,DEM,James Meyers,73
Oneida,Utica Ward 2 District 2,State Senate,53,WF,James Meyers,4
Oneida,Utica Ward 2 District 2,State Senate,53,REP,Joseph A. Griffo,81
Oneida,Utica Ward 2 District 2,State Senate,53,CON,Joseph A. Griffo,15
Oneida,Utica Ward 2 District 3,State Senate,53,DEM,James Meyers,144
Oneida,Utica Ward 2 District 3,State Senate,53,WF,James Meyers,21
Oneida,Utica Ward 2 District 3,State Senate,53,REP,Joseph A. Griffo,185
Oneida,Utica Ward 2 District 3,State Senate,53,CON,Joseph A. Griffo,20
Oneida,Utica Ward 2 District 4,State Senate,53,DEM,James Meyers,161
Oneida,Utica Ward 2 District 4,State Senate,53,WF,James Meyers,20
Oneida,Utica Ward 2 District 4,State Senate,53,REP,Joseph A. Griffo,166
Oneida,Utica Ward 2 District 4,State Senate,53,CON,Joseph A. Griffo,26
Oneida,Utica Ward 2 District 5,State Senate,53,DEM,James Meyers,86
Oneida,Utica Ward 2 District 5,State Senate,53,WF,James Meyers,9
Oneida,Utica Ward 2 District 5,State Senate,53,REP,Joseph A. Griffo,134
Oneida,Utica Ward 2 District 5,State Senate,53,CON,Joseph A. Griffo,31
Oneida,Utica Ward 2 District 6,State Senate,53,DEM,James Meyers,48
Oneida,Utica Ward 2 District 6,State Senate,53,WF,James Meyers,10
Oneida,Utica Ward 2 District 6,State Senate,53,REP,Joseph A. Griffo,54
Oneida,Utica Ward 2 District 6,State Senate,53,CON,Joseph A. Griffo,16
Oneida,Utica Ward 2 District 7,State Senate,53,DEM,James Meyers,100
Oneida,Utica Ward 2 District 7,State Senate,53,WF,James Meyers,12
Oneida,Utica Ward 2 District 7,State Senate,53,REP,Joseph A. Griffo,73
Oneida,Utica Ward 2 District 7,State Senate,53,CON,Joseph A. Griffo,8
Oneida,Utica Ward 2 District 8,State Senate,53,DEM,James Meyers,63
Oneida,Utica Ward 2 District 8,State Senate,53,WF,James Meyers,7
Oneida,Utica Ward 2 District 8,State Senate,53,REP,Joseph A. Griffo,47
Oneida,Utica Ward 2 District 8,State Senate,53,CON,Joseph A. Griffo,5
Oneida,Utica Ward 3 District 1,State Senate,53,DEM,James Meyers,170
Oneida,Utica Ward 3 District 1,State Senate,53,WF,James Meyers,17
Oneida,Utica Ward 3 District 1,State Senate,53,REP,Joseph A. Griffo,240
Oneida,Utica Ward 3 District 1,State Senate,53,CON,Joseph A. Griffo,32
Oneida,Utica Ward 3 District 2,State Senate,53,DEM,James Meyers,131
Oneida,Utica Ward 3 District 2,State Senate,53,WF,James Meyers,12
Oneida,Utica Ward 3 District 2,State Senate,53,REP,Joseph A. Griffo,221
Oneida,Utica Ward 3 District 2,State Senate,53,CON,Joseph A. Griffo,44
Oneida,Utica Ward 3 District 3,State Senate,53,DEM,James Meyers,174
Oneida,Utica Ward 3 District 3,State Senate,53,WF,James Meyers,25
Oneida,Utica Ward 3 District 3,State Senate,53,REP,Joseph A. Griffo,340
Oneida,Utica Ward 3 District 3,State Senate,53,CON,Joseph A. Griffo,51
Oneida,Utica Ward 3 District 4,State Senate,53,DEM,James Meyers,194
Oneida,Utica Ward 3 District 4,State Senate,53,WF,James Meyers,13
Oneida,Utica Ward 3 District 4,State Senate,53,REP,Joseph A. Griffo,321
Oneida,Utica Ward 3 District 4,State Senate,53,CON,Joseph A. Griffo,27
Oneida,Utica Ward 3 District 5,State Senate,53,DEM,James Meyers,113
Oneida,Utica Ward 3 District 5,State Senate,53,WF,James Meyers,10
Oneida,Utica Ward 3 District 5,State Senate,53,REP,Joseph A. Griffo,186
Oneida,Utica Ward 3 District 5,State Senate,53,CON,Joseph A. Griffo,23
Oneida,Utica Ward 3 District 6,State Senate,53,DEM,James Meyers,218
Oneida,Utica Ward 3 District 6,State Senate,53,WF,James Meyers,26
Oneida,Utica Ward 3 District 6,State Senate,53,REP,Joseph A. Griffo,266
Oneida,Utica Ward 3 District 6,State Senate,53,CON,Joseph A. Griffo,31
Oneida,Utica Ward 3 District 7,State Senate,53,DEM,James Meyers,134
Oneida,Utica Ward 3 District 7,State Senate,53,WF,James Meyers,19
Oneida,Utica Ward 3 District 7,State Senate,53,REP,Joseph A. Griffo,138
Oneida,Utica Ward 3 District 7,State Senate,53,CON,Joseph A. Griffo,15
Oneida,Utica Ward 3 District 8,State Senate,53,DEM,James Meyers,136
Oneida,Utica Ward 3 District 8,State Senate,53,WF,James Meyers,14
Oneida,Utica Ward 3 District 8,State Senate,53,REP,Joseph A. Griffo,125
Oneida,Utica Ward 3 District 8,State Senate,53,CON,Joseph A. Griffo,19
Oneida,Utica Ward 3 District 9,State Senate,53,DEM,James Meyers,180
Oneida,Utica Ward 3 District 9,State Senate,53,WF,James Meyers,19
Oneida,Utica Ward 3 District 9,State Senate,53,REP,Joseph A. Griffo,198
Oneida,Utica Ward 3 District 9,State Senate,53,CON,Joseph A. Griffo,20
Oneida,Utica Ward 3 District 10,State Senate,53,DEM,James Meyers,76
Oneida,Utica Ward 3 District 10,State Senate,53,WF,James Meyers,9
Oneida,Utica Ward 3 District 10,State Senate,53,REP,Joseph A. Griffo,106
Oneida,Utica Ward 3 District 10,State Senate,53,CON,Joseph A. Griffo,15
Oneida,Utica Ward 4 District 1,State Senate,53,DEM,James Meyers,128
Oneida,Utica Ward 4 District 1,State Senate,53,WF,James Meyers,5
Oneida,Utica Ward 4 District 1,State Senate,53,REP,Joseph A. Griffo,137
Oneida,Utica Ward 4 District 1,State Senate,53,CON,Joseph A. Griffo,11
Oneida,Utica Ward 4 District 2,State Senate,53,DEM,James Meyers,80
Oneida,Utica Ward 4 District 2,State Senate,53,WF,James Meyers,16
Oneida,Utica Ward 4 District 2,State Senate,53,REP,Joseph A. Griffo,166
Oneida,Utica Ward 4 District 2,State Senate,53,CON,Joseph A. Griffo,17
Oneida,Utica Ward 4 District 3,State Senate,53,DEM,James Meyers,121
Oneida,Utica Ward 4 District 3,State Senate,53,WF,James Meyers,9
Oneida,Utica Ward 4 District 3,State Senate,53,REP,Joseph A. Griffo,252
Oneida,Utica Ward 4 District 3,State Senate,53,CON,Joseph A. Griffo,22
Oneida,Utica Ward 4 District 4,State Senate,53,DEM,James Meyers,68
Oneida,Utica Ward 4 District 4,State Senate,53,WF,James Meyers,11
Oneida,Utica Ward 4 District 4,State Senate,53,REP,Joseph A. Griffo,118
Oneida,Utica Ward 4 District 4,State Senate,53,CON,Joseph A. Griffo,12
Oneida,Utica Ward 4 District 5,State Senate,53,DEM,James Meyers,99
Oneida,Utica Ward 4 District 5,State Senate,53,WF,James Meyers,8
Oneida,Utica Ward 4 District 5,State Senate,53,REP,Joseph A. Griffo,212
Oneida,Utica Ward 4 District 5,State Senate,53,CON,Joseph A. Griffo,20
Oneida,Utica Ward 4 District 6,State Senate,53,DEM,James Meyers,160
Oneida,Utica Ward 4 District 6,State Senate,53,WF,James Meyers,16
Oneida,Utica Ward 4 District 6,State Senate,53,REP,Joseph A. Griffo,215
Oneida,Utica Ward 4 District 6,State Senate,53,CON,Joseph A. Griffo,15
Oneida,Utica Ward 4 District 7,State Senate,53,DEM,James Meyers,121
Oneida,Utica Ward 4 District 7,State Senate,53,WF,James Meyers,9
Oneida,Utica Ward 4 District 7,State Senate,53,REP,Joseph A. Griffo,139
Oneida,Utica Ward 4 District 7,State Senate,53,CON,Joseph A. Griffo,15
Oneida,Utica Ward 4 District 8,State Senate,53,DEM,James Meyers,113
Oneida,Utica Ward 4 District 8,State Senate,53,WF,James Meyers,6
Oneida,Utica Ward 4 District 8,State Senate,53,REP,Joseph A. Griffo,179
Oneida,Utica Ward 4 District 8,State Senate,53,CON,Joseph A. Griffo,10
Oneida,Utica Ward 4 District 9,State Senate,53,DEM,James Meyers,121
Oneida,Utica Ward 4 District 9,State Senate,53,WF,James Meyers,6
Oneida,Utica Ward 4 District 9,State Senate,53,REP,Joseph A. Griffo,337
Oneida,Utica Ward 4 District 9,State Senate,53,CON,Joseph A. Griffo,35
Oneida,Utica Ward 5 District 1,State Senate,53,DEM,James Meyers,147
Oneida,Utica Ward 5 District 1,State Senate,53,WF,James Meyers,15
Oneida,Utica Ward 5 District 1,State Senate,53,REP,Joseph A. Griffo,78
Oneida,Utica Ward 5 District 1,State Senate,53,CON,Joseph A. Griffo,11
Oneida,Utica Ward 5 District 2,State Senate,53,DEM,James Meyers,197
Oneida,Utica Ward 5 District 2,State Senate,53,WF,James Meyers,25
Oneida,Utica Ward 5 District 2,State Senate,53,REP,Joseph A. Griffo,149
Oneida,Utica Ward 5 District 2,State Senate,53,CON,Joseph A. Griffo,15
Oneida,Utica Ward 5 District 3,State Senate,53,DEM,James Meyers,87
Oneida,Utica Ward 5 District 3,State Senate,53,WF,James Meyers,10
Oneida,Utica Ward 5 District 3,State Senate,53,REP,Joseph A. Griffo,67
Oneida,Utica Ward 5 District 3,State Senate,53,CON,Joseph A. Griffo,12
Oneida,Utica Ward 5 District 4,State Senate,53,DEM,James Meyers,173
Oneida,Utica Ward 5 District 4,State Senate,53,WF,James Meyers,8
Oneida,Utica Ward 5 District 4,State Senate,53,REP,Joseph A. Griffo,88
Oneida,Utica Ward 5 District 4,State Senate,53,CON,Joseph A. Griffo,14
Oneida,Utica Ward 5 District 5,State Senate,53,DEM,James Meyers,190
Oneida,Utica Ward 5 District 5,State Senate,53,WF,James Meyers,19
Oneida,Utica Ward 5 District 5,State Senate,53,REP,Joseph A. Griffo,166
Oneida,Utica Ward 5 District 5,State Senate,53,CON,Joseph A. Griffo,26
Oneida,Utica Ward 5 District 6,State Senate,53,DEM,James Meyers,177
Oneida,Utica Ward 5 District 6,State Senate,53,WF,James Meyers,16
Oneida,Utica Ward 5 District 6,State Senate,53,REP,Joseph A. Griffo,88
Oneida,Utica Ward 5 District 6,State Senate,53,CON,Joseph A. Griffo,17
Oneida,Utica Ward 5 District 7,State Senate,53,DEM,James Meyers,51
Oneida,Utica Ward 5 District 7,State Senate,53,WF,James Meyers,6
Oneida,Utica Ward 5 District 7,State Senate,53,REP,Joseph A. Griffo,43
Oneida,Utica Ward 5 District 7,State Senate,53,CON,Joseph A. Griffo,6
Oneida,Utica Ward 6 District 1,State Senate,53,DEM,James Meyers,91
Oneida,Utica Ward 6 District 1,State Senate,53,WF,James Meyers,7
Oneida,Utica Ward 6 District 1,State Senate,53,REP,Joseph A. Griffo,283
Oneida,Utica Ward 6 District 1,State Senate,53,CON,Joseph A. Griffo,26
Oneida,Utica Ward 6 District 2,State Senate,53,DEM,James Meyers,208
Oneida,Utica Ward 6 District 2,State Senate,53,WF,James Meyers,20
Oneida,Utica Ward 6 District 2,State Senate,53,REP,Joseph A. Griffo,507
Oneida,Utica Ward 6 District 2,State Senate,53,CON,Joseph A. Griffo,51
Oneida,Utica Ward 6 District 3,State Senate,53,DEM,James Meyers,103
Oneida,Utica Ward 6 District 3,State Senate,53,WF,James Meyers,10
Oneida,Utica Ward 6 District 3,State Senate,53,REP,Joseph A. Griffo,310
Oneida,Utica Ward 6 District 3,State Senate,53,CON,Joseph A. Griffo,25
Oneida,Utica Ward 6 District 4,State Senate,53,DEM,James Meyers,97
Oneida,Utica Ward 6 District 4,State Senate,53,WF,James Meyers,15
Oneida,Utica Ward 6 District 4,State Senate,53,REP,Joseph A. Griffo,266
Oneida,Utica Ward 6 District 4,State Senate,53,CON,Joseph A. Griffo,24
Oneida,Utica Ward 6 District 5,State Senate,53,DEM,James Meyers,121
Oneida,Utica Ward 6 District 5,State Senate,53,WF,James Meyers,12
Oneida,Utica Ward 6 District 5,State Senate,53,REP,Joseph A. Griffo,369
Oneida,Utica Ward 6 District 5,State Senate,53,CON,Joseph A. Griffo,51
Oneida,Utica Ward 6 District 6,State Senate,53,DEM,James Meyers,151
Oneida,Utica Ward 6 District 6,State Senate,53,WF,James Meyers,11
Oneida,Utica Ward 6 District 6,State Senate,53,REP,Joseph A. Griffo,470
Oneida,Utica Ward 6 District 6,State Senate,53,CON,Joseph A. Griffo,39
Oneida,Utica Ward 6 District 7,State Senate,53,DEM,James Meyers,141
Oneida,Utica Ward 6 District 7,State Senate,53,WF,James Meyers,20
Oneida,Utica Ward 6 District 7,State Senate,53,REP,Joseph A. Griffo,279
Oneida,Utica Ward 6 District 7,State Senate,53,CON,Joseph A. Griffo,20
Oneida,Utica Ward 6 District 8,State Senate,53,DEM,James Meyers,191
Oneida,Utica Ward 6 District 8,State Senate,53,WF,James Meyers,17
Oneida,Utica Ward 6 District 8,State Senate,53,REP,Joseph A. Griffo,382
Oneida,Utica Ward 6 District 8,State Senate,53,CON,Joseph A. Griffo,42
Oneida,Utica Ward 6 District 9,State Senate,53,DEM,James Meyers,80
Oneida,Utica Ward 6 District 9,State Senate,53,WF,James Meyers,7
Oneida,Utica Ward 6 District 9,State Senate,53,REP,Joseph A. Griffo,114
Oneida,Utica Ward 6 District 9,State Senate,53,CON,Joseph A. Griffo,11
Oneida,Vernon 1,State Senate,53,DEM,James Meyers,101
Oneida,Vernon 1,State Senate,53,WF,James Meyers,6
Oneida,Vernon 1,State Senate,53,REP,Joseph A. Griffo,495
Oneida,Vernon 1,State Senate,53,CON,Joseph A. Griffo,68
Oneida,Vernon 2,State Senate,53,DEM,James Meyers,201
Oneida,Vernon 2,State Senate,53,WF,James Meyers,27
Oneida,Vernon 2,State Senate,53,REP,Joseph A. Griffo,588
Oneida,Vernon 2,State Senate,53,CON,Joseph A. Griffo,81
Oneida,Vernon 3,State Senate,53,DEM,James Meyers,236
Oneida,Vernon 3,State Senate,53,WF,James Meyers,22
Oneida,Vernon 3,State Senate,53,REP,Joseph A. Griffo,620
Oneida,Vernon 3,State Senate,53,CON,Joseph A. Griffo,66
Oneida,Vernon 4,State Senate,53,DEM,James Meyers,313
Oneida,Vernon 4,State Senate,53,WF,James Meyers,24
Oneida,Vernon 4,State Senate,53,REP,Joseph A. Griffo,662
Oneida,Vernon 4,State Senate,53,CON,Joseph A. Griffo,72
Oneida,Vernon 5,State Senate,53,DEM,James Meyers,199
Oneida,Vernon 5,State Senate,53,WF,James Meyers,20
Oneida,Vernon 5,State Senate,53,REP,Joseph A. Griffo,454
Oneida,Vernon 5,State Senate,53,CON,Joseph A. Griffo,61
Oneida,Verona 1,State Senate,53,DEM,James Meyers,133
Oneida,Verona 1,State Senate,53,WF,James Meyers,14
Oneida,Verona 1,State Senate,53,REP,Joseph A. Griffo,563
Oneida,Verona 1,State Senate,53,CON,Joseph A. Griffo,80
Oneida,Verona 2,State Senate,53,DEM,James Meyers,71
Oneida,Verona 2,State Senate,53,WF,James Meyers,13
Oneida,Verona 2,State Senate,53,REP,Joseph A. Griffo,374
Oneida,Verona 2,State Senate,53,CON,Joseph A. Griffo,39
Oneida,Verona 3,State Senate,53,DEM,James Meyers,107
Oneida,Verona 3,State Senate,53,WF,James Meyers,8
Oneida,Verona 3,State Senate,53,REP,Joseph A. Griffo,357
Oneida,Verona 3,State Senate,53,CON,Joseph A. Griffo,45
Oneida,Verona 4,State Senate,53,DEM,James Meyers,48
Oneida,Verona 4,State Senate,53,WF,James Meyers,1
Oneida,Verona 4,State Senate,53,REP,Joseph A. Griffo,256
Oneida,Verona 4,State Senate,53,CON,Joseph A. Griffo,44
Oneida,"Verona 5, 10, 11",State Senate,53,DEM,James Meyers,83
Oneida,"Verona 5, 10, 11",State Senate,53,WF,James Meyers,8
Oneida,"Verona 5, 10, 11",State Senate,53,REP,Joseph A. Griffo,241
Oneida,"Verona 5, 10, 11",State Senate,53,CON,Joseph A. Griffo,48
Oneida,Verona 6,State Senate,53,DEM,James Meyers,72
Oneida,Verona 6,State Senate,53,WF,James Meyers,3
Oneida,Verona 6,State Senate,53,REP,Joseph A. Griffo,184
Oneida,Verona 6,State Senate,53,CON,Joseph A. Griffo,21
Oneida,Verona 7,State Senate,53,DEM,James Meyers,23
Oneida,Verona 7,State Senate,53,WF,James Meyers,3
Oneida,Verona 7,State Senate,53,REP,Joseph A. Griffo,108
Oneida,Verona 7,State Senate,53,CON,Joseph A. Griffo,12
Oneida,"Verona 8, 9",State Senate,53,DEM,James Meyers,13
Oneida,"Verona 8, 9",State Senate,53,WF,James Meyers,1
Oneida,"Verona 8, 9",State Senate,53,REP,Joseph A. Griffo,37
Oneida,"Verona 8, 9",State Senate,53,CON,Joseph A. Griffo,11
Oneida,Vienna 1,State Senate,53,DEM,James Meyers,176
Oneida,Vienna 1,State Senate,53,WF,James Meyers,25
Oneida,Vienna 1,State Senate,53,REP,Joseph A. Griffo,487
Oneida,Vienna 1,State Senate,53,CON,Joseph A. Griffo,56
Oneida,Vienna 2,State Senate,53,DEM,James Meyers,103
Oneida,Vienna 2,State Senate,53,WF,James Meyers,10
Oneida,Vienna 2,State Senate,53,REP,Joseph A. Griffo,381
Oneida,Vienna 2,State Senate,53,CON,Joseph A. Griffo,52
Oneida,Vienna 3,State Senate,53,DEM,James Meyers,131
Oneida,Vienna 3,State Senate,53,WF,James Meyers,16
Oneida,Vienna 3,State Senate,53,REP,Joseph A. Griffo,531
Oneida,Vienna 3,State Senate,53,CON,Joseph A. Griffo,58
Oneida,Vienna 4,State Senate,53,DEM,James Meyers,96
Oneida,Vienna 4,State Senate,53,WF,James Meyers,8
Oneida,Vienna 4,State Senate,53,REP,Joseph A. Griffo,321
Oneida,Vienna 4,State Senate,53,CON,Joseph A. Griffo,42
Oneida,Western 1,State Senate,53,DEM,James Meyers,23
Oneida,Western 1,State Senate,53,WF,James Meyers,3
Oneida,Western 1,State Senate,53,REP,Joseph A. Griffo,240
Oneida,Western 1,State Senate,53,CON,Joseph A. Griffo,23
Oneida,Western 2,State Senate,53,DEM,James Meyers,49
Oneida,Western 2,State Senate,53,WF,James Meyers,12
Oneida,Western 2,State Senate,53,REP,Joseph A. Griffo,301
Oneida,Western 2,State Senate,53,CON,Joseph A. Griffo,33
Oneida,Western 3,State Senate,53,DEM,James Meyers,53
Oneida,Western 3,State Senate,53,WF,James Meyers,5
Oneida,Western 3,State Senate,53,REP,Joseph A. Griffo,261
Oneida,Western 3,State Senate,53,CON,Joseph A. Griffo,42
Oneida,Westmoreland 1,State Senate,53,DEM,James Meyers,106
Oneida,Westmoreland 1,State Senate,53,WF,James Meyers,15
Oneida,Westmoreland 1,State Senate,53,REP,Joseph A. Griffo,376
Oneida,Westmoreland 1,State Senate,53,CON,Joseph A. Griffo,45
Oneida,Westmoreland 2,State Senate,53,DEM,James Meyers,192
Oneida,Westmoreland 2,State Senate,53,WF,James Meyers,18
Oneida,Westmoreland 2,State Senate,53,REP,Joseph A. Griffo,904
Oneida,Westmoreland 2,State Senate,53,CON,Joseph A. Griffo,99
Oneida,Westmoreland 3,State Senate,53,DEM,James Meyers,134
Oneida,Westmoreland 3,State Senate,53,WF,James Meyers,20
Oneida,Westmoreland 3,State Senate,53,REP,Joseph A. Griffo,625
Oneida,Westmoreland 3,State Senate,53,CON,Joseph A. Griffo,76
Oneida,Westmoreland 4,State Senate,53,DEM,James Meyers,118
Oneida,Westmoreland 4,State Senate,53,WF,James Meyers,19
Oneida,Westmoreland 4,State Senate,53,REP,Joseph A. Griffo,567
Oneida,Westmoreland 4,State Senate,53,CON,Joseph A. Griffo,64
Oneida,Whitestown 1,State Senate,53,DEM,James Meyers,71
Oneida,Whitestown 1,State Senate,53,WF,James Meyers,2
Oneida,Whitestown 1,State Senate,53,REP,Joseph A. Griffo,175
Oneida,Whitestown 1,State Senate,53,CON,Joseph A. Griffo,15
Oneida,Whitestown 2,State Senate,53,DEM,James Meyers,68
Oneida,Whitestown 2,State Senate,53,WF,James Meyers,8
Oneida,Whitestown 2,State Senate,53,REP,Joseph A. Griffo,164
Oneida,Whitestown 2,State Senate,53,CON,Joseph A. Griffo,21
Oneida,Whitestown 3,State Senate,53,DEM,James Meyers,160
Oneida,Whitestown 3,State Senate,53,WF,James Meyers,11
Oneida,Whitestown 3,State Senate,53,REP,Joseph A. Griffo,374
Oneida,Whitestown 3,State Senate,53,CON,Joseph A. Griffo,44
Oneida,Whitestown 4,State Senate,53,DEM,James Meyers,112
Oneida,Whitestown 4,State Senate,53,WF,James Meyers,14
Oneida,Whitestown 4,State Senate,53,REP,Joseph A. Griffo,277
Oneida,Whitestown 4,State Senate,53,CON,Joseph A. Griffo,33
Oneida,Whitestown 5,State Senate,53,DEM,James Meyers,103
Oneida,Whitestown 5,State Senate,53,WF,James Meyers,17
Oneida,Whitestown 5,State Senate,53,REP,Joseph A. Griffo,251
Oneida,Whitestown 5,State Senate,53,CON,Joseph A. Griffo,37
Oneida,Whitestown 6,State Senate,53,DEM,James Meyers,169
Oneida,Whitestown 6,State Senate,53,WF,James Meyers,20
Oneida,Whitestown 6,State Senate,53,REP,Joseph A. Griffo,407
Oneida,Whitestown 6,State Senate,53,CON,Joseph A. Griffo,57
Oneida,Whitestown 7,State Senate,53,DEM,James Meyers,98
Oneida,Whitestown 7,State Senate,53,WF,James Meyers,12
Oneida,Whitestown 7,State Senate,53,REP,Joseph A. Griffo,296
Oneida,Whitestown 7,State Senate,53,CON,Joseph A. Griffo,31
Oneida,Whitestown 8,State Senate,53,DEM,James Meyers,130
Oneida,Whitestown 8,State Senate,53,WF,James Meyers,9
Oneida,Whitestown 8,State Senate,53,REP,Joseph A. Griffo,407
Oneida,Whitestown 8,State Senate,53,CON,Joseph A. Griffo,56
Oneida,Whitestown 9,State Senate,53,DEM,James Meyers,140
Oneida,Whitestown 9,State Senate,53,WF,James Meyers,9
Oneida,Whitestown 9,State Senate,53,REP,Joseph A. Griffo,473
Oneida,Whitestown 9,State Senate,53,CON,Joseph A. Griffo,69
Oneida,Whitestown 10,State Senate,53,DEM,James Meyers,105
Oneida,Whitestown 10,State Senate,53,WF,James Meyers,15
Oneida,Whitestown 10,State Senate,53,REP,Joseph A. Griffo,190
Oneida,Whitestown 10,State Senate,53,CON,Joseph A. Griffo,35
Oneida,Whitestown 11,State Senate,53,DEM,James Meyers,85
Oneida,Whitestown 11,State Senate,53,WF,James Meyers,9
Oneida,Whitestown 11,State Senate,53,REP,Joseph A. Griffo,288
Oneida,Whitestown 11,State Senate,53,CON,Joseph A. Griffo,43
Oneida,Whitestown 12,State Senate,53,DEM,James Meyers,152
Oneida,Whitestown 12,State Senate,53,WF,James Meyers,7
Oneida,Whitestown 12,State Senate,53,REP,Joseph A. Griffo,379
Oneida,Whitestown 12,State Senate,53,CON,Joseph A. Griffo,43
Oneida,Whitestown 13,State Senate,53,DEM,James Meyers,75
Oneida,Whitestown 13,State Senate,53,WF,James Meyers,8
Oneida,Whitestown 13,State Senate,53,REP,Joseph A. Griffo,211
Oneida,Whitestown 13,State Senate,53,CON,Joseph A. Griffo,23
Oneida,Whitestown 14,State Senate,53,DEM,James Meyers,166
Oneida,Whitestown 14,State Senate,53,WF,James Meyers,15
Oneida,Whitestown 14,State Senate,53,REP,Joseph A. Griffo,616
Oneida,Whitestown 14,State Senate,53,CON,Joseph A. Griffo,67
Oneida,Whitestown 15,State Senate,53,DEM,James Meyers,186
Oneida,Whitestown 15,State Senate,53,WF,James Meyers,16
Oneida,Whitestown 15,State Senate,53,REP,Joseph A. Griffo,707
Oneida,Whitestown 15,State Senate,53,CON,Joseph A. Griffo,80
Oneida,Whitestown 16,State Senate,53,DEM,James Meyers,226
Oneida,Whitestown 16,State Senate,53,WF,James Meyers,14
Oneida,Whitestown 16,State Senate,53,REP,Joseph A. Griffo,812
Oneida,Whitestown 16,State Senate,53,CON,Joseph A. Griffo,78
Oneida,Annsville 1,State Assembly,117,REP,Kenneth Blankenbush,570
Oneida,Annsville 1,State Assembly,117,CON,Kenneth Blankenbush,77
Oneida,Annsville 2,State Assembly,117,REP,Kenneth Blankenbush,206
Oneida,Annsville 2,State Assembly,117,CON,Kenneth Blankenbush,30
Oneida,Annsville 3,State Assembly,117,REP,Kenneth Blankenbush,122
Oneida,Annsville 3,State Assembly,117,CON,Kenneth Blankenbush,20
Oneida,Ava 1,State Assembly,117,REP,Kenneth Blankenbush,232
Oneida,Ava 1,State Assembly,117,CON,Kenneth Blankenbush,21
Oneida,Boonville 1,State Assembly,117,REP,Kenneth Blankenbush,450
Oneida,Boonville 1,State Assembly,117,CON,Kenneth Blankenbush,67
Oneida,Boonville 2,State Assembly,117,REP,Kenneth Blankenbush,616
Oneida,Boonville 2,State Assembly,117,CON,Kenneth Blankenbush,85
Oneida,Boonville 3,State Assembly,117,REP,Kenneth Blankenbush,229
Oneida,Boonville 3,State Assembly,117,CON,Kenneth Blankenbush,31
Oneida,Boonville 4,State Assembly,117,REP,Kenneth Blankenbush,287
Oneida,Boonville 4,State Assembly,117,CON,Kenneth Blankenbush,36
Oneida,Camden 1,State Assembly,117,REP,Kenneth Blankenbush,616
Oneida,Camden 1,State Assembly,117,CON,Kenneth Blankenbush,95
Oneida,Camden 2,State Assembly,117,REP,Kenneth Blankenbush,543
Oneida,Camden 2,State Assembly,117,CON,Kenneth Blankenbush,70
Oneida,Camden 3,State Assembly,117,REP,Kenneth Blankenbush,445
Oneida,Camden 3,State Assembly,117,CON,Kenneth Blankenbush,55
Oneida,Florence 1,State Assembly,117,REP,Kenneth Blankenbush,348
Oneida,Florence 1,State Assembly,117,CON,Kenneth Blankenbush,54
Oneida,Forestport 1,State Assembly,117,REP,Kenneth Blankenbush,428
Oneida,Forestport 1,State Assembly,117,CON,Kenneth Blankenbush,70
Oneida,Forestport 2,State Assembly,117,REP,Kenneth Blankenbush,248
Oneida,Forestport 2,State Assembly,117,CON,Kenneth Blankenbush,23
Oneida,Lee 1,State Assembly,117,REP,Kenneth Blankenbush,419
Oneida,Lee 1,State Assembly,117,CON,Kenneth Blankenbush,59
Oneida,Lee 2,State Assembly,117,REP,Kenneth Blankenbush,532
Oneida,Lee 2,State Assembly,117,CON,Kenneth Blankenbush,61
Oneida,Lee 3,State Assembly,117,REP,Kenneth Blankenbush,227
Oneida,Lee 3,State Assembly,117,CON,Kenneth Blankenbush,34
Oneida,Lee 4,State Assembly,117,REP,Kenneth Blankenbush,428
Oneida,Lee 4,State Assembly,117,CON,Kenneth Blankenbush,68
Oneida,Lee 5,State Assembly,117,REP,Kenneth Blankenbush,651
Oneida,Lee 5,State Assembly,117,CON,Kenneth Blankenbush,101
Oneida,Vienna 1,State Assembly,117,REP,Kenneth Blankenbush,491
Oneida,Vienna 1,State Assembly,117,CON,Kenneth Blankenbush,76
Oneida,Vienna 2,State Assembly,117,REP,Kenneth Blankenbush,377
Oneida,Vienna 2,State Assembly,117,CON,Kenneth Blankenbush,56
Oneida,Vienna 3,State Assembly,117,REP,Kenneth Blankenbush,530
Oneida,Vienna 3,State Assembly,117,CON,Kenneth Blankenbush,84
Oneida,Vienna 4,State Assembly,117,REP,Kenneth Blankenbush,315
Oneida,Vienna 4,State Assembly,117,CON,Kenneth Blankenbush,55
Oneida,Remsen 1,State Assembly,118,REP,Robert Smullen,720
Oneida,Remsen 1,State Assembly,118,CON,Robert Smullen,93
Oneida,Steuben 1,State Assembly,118,REP,Robert Smullen,495
Oneida,Steuben 1,State Assembly,118,CON,Robert Smullen,52
Oneida,Trenton 1,State Assembly,118,REP,Robert Smullen,440
Oneida,Trenton 1,State Assembly,118,CON,Robert Smullen,51
Oneida,Trenton 2,State Assembly,118,REP,Robert Smullen,540
Oneida,Trenton 2,State Assembly,118,CON,Robert Smullen,60
Oneida,Trenton 3,State Assembly,118,REP,Robert Smullen,454
Oneida,Trenton 3,State Assembly,118,CON,Robert Smullen,66
Oneida,Trenton 4,State Assembly,118,REP,Robert Smullen,307
Oneida,Trenton 4,State Assembly,118,CON,Robert Smullen,42
Oneida,Western 1,State Assembly,118,REP,Robert Smullen,235
Oneida,Western 1,State Assembly,118,CON,Robert Smullen,26
Oneida,Western 2,State Assembly,118,REP,Robert Smullen,294
Oneida,Western 2,State Assembly,118,CON,Robert Smullen,44
Oneida,Western 3,State Assembly,118,REP,Robert Smullen,257
Oneida,Western 3,State Assembly,118,CON,Robert Smullen,47
Oneida,Deerfield 1,State Assembly,119,DEM,Marianne Buttenschon,379
Oneida,Deerfield 1,State Assembly,119,REP,Christine Esposito,493
Oneida,Deerfield 1,State Assembly,119,CON,Christine Esposito,41
Oneida,Deerfield 2,State Assembly,119,DEM,Marianne Buttenschon,296
Oneida,Deerfield 2,State Assembly,119,REP,Christine Esposito,466
Oneida,Deerfield 2,State Assembly,119,CON,Christine Esposito,44
Oneida,Deerfield 3,State Assembly,119,DEM,Marianne Buttenschon,344
Oneida,Deerfield 3,State Assembly,119,REP,Christine Esposito,270
Oneida,Deerfield 3,State Assembly,119,CON,Christine Esposito,22
Oneida,Floyd 1,State Assembly,119,DEM,Marianne Buttenschon,225
Oneida,Floyd 1,State Assembly,119,REP,Christine Esposito,463
Oneida,Floyd 1,State Assembly,119,CON,Christine Esposito,47
Oneida,Floyd 2,State Assembly,119,DEM,Marianne Buttenschon,230
Oneida,Floyd 2,State Assembly,119,REP,Christine Esposito,392
Oneida,Floyd 2,State Assembly,119,CON,Christine Esposito,39
Oneida,Floyd 3,State Assembly,119,DEM,Marianne Buttenschon,169
Oneida,Floyd 3,State Assembly,119,REP,Christine Esposito,292
Oneida,Floyd 3,State Assembly,119,CON,Christine Esposito,25
Oneida,Marcy 1,State Assembly,119,DEM,Marianne Buttenschon,470
Oneida,Marcy 1,State Assembly,119,REP,Christine Esposito,417
Oneida,Marcy 1,State Assembly,119,CON,Christine Esposito,43
Oneida,Marcy 2,State Assembly,119,DEM,Marianne Buttenschon,291
Oneida,Marcy 2,State Assembly,119,REP,Christine Esposito,390
Oneida,Marcy 2,State Assembly,119,CON,Christine Esposito,51
Oneida,Marcy 3,State Assembly,119,DEM,Marianne Buttenschon,420
Oneida,Marcy 3,State Assembly,119,REP,Christine Esposito,389
Oneida,Marcy 3,State Assembly,119,CON,Christine Esposito,44
Oneida,Marcy 4,State Assembly,119,DEM,Marianne Buttenschon,369
Oneida,Marcy 4,State Assembly,119,REP,Christine Esposito,410
Oneida,Marcy 4,State Assembly,119,CON,Christine Esposito,39
Oneida,Rome Ward 1 District 1,State Assembly,119,DEM,Marianne Buttenschon,149
Oneida,Rome Ward 1 District 1,State Assembly,119,REP,Christine Esposito,143
Oneida,Rome Ward 1 District 1,State Assembly,119,CON,Christine Esposito,13
Oneida,Rome Ward 1 District 2,State Assembly,119,DEM,Marianne Buttenschon,154
Oneida,Rome Ward 1 District 2,State Assembly,119,REP,Christine Esposito,161
Oneida,Rome Ward 1 District 2,State Assembly,119,CON,Christine Esposito,15
Oneida,Rome Ward 1 District 3,State Assembly,119,DEM,Marianne Buttenschon,196
Oneida,Rome Ward 1 District 3,State Assembly,119,REP,Christine Esposito,190
Oneida,Rome Ward 1 District 3,State Assembly,119,CON,Christine Esposito,29
Oneida,Rome Ward 1 District 4,State Assembly,119,DEM,Marianne Buttenschon,212
Oneida,Rome Ward 1 District 4,State Assembly,119,REP,Christine Esposito,232
Oneida,Rome Ward 1 District 4,State Assembly,119,CON,Christine Esposito,23
Oneida,Rome Ward 2 District 1,State Assembly,119,DEM,Marianne Buttenschon,233
Oneida,Rome Ward 2 District 1,State Assembly,119,REP,Christine Esposito,406
Oneida,Rome Ward 2 District 1,State Assembly,119,CON,Christine Esposito,59
Oneida,Rome Ward 2 District 2,State Assembly,119,DEM,Marianne Buttenschon,35
Oneida,Rome Ward 2 District 2,State Assembly,119,REP,Christine Esposito,52
Oneida,Rome Ward 2 District 2,State Assembly,119,CON,Christine Esposito,4
Oneida,Rome Ward 2 District 3,State Assembly,119,DEM,Marianne Buttenschon,40
Oneida,Rome Ward 2 District 3,State Assembly,119,REP,Christine Esposito,60
Oneida,Rome Ward 2 District 3,State Assembly,119,CON,Christine Esposito,9
Oneida,Rome Ward 2 District 4,State Assembly,119,DEM,Marianne Buttenschon,67
Oneida,Rome Ward 2 District 4,State Assembly,119,REP,Christine Esposito,107
Oneida,Rome Ward 2 District 4,State Assembly,119,CON,Christine Esposito,10
Oneida,Rome Ward 2 District 5,State Assembly,119,DEM,Marianne Buttenschon,92
Oneida,Rome Ward 2 District 5,State Assembly,119,REP,Christine Esposito,112
Oneida,Rome Ward 2 District 5,State Assembly,119,CON,Christine Esposito,11
Oneida,Rome Ward 3 District 1,State Assembly,119,DEM,Marianne Buttenschon,46
Oneida,Rome Ward 3 District 1,State Assembly,119,REP,Christine Esposito,64
Oneida,Rome Ward 3 District 1,State Assembly,119,CON,Christine Esposito,6
Oneida,Rome Ward 3 District 2,State Assembly,119,DEM,Marianne Buttenschon,51
Oneida,Rome Ward 3 District 2,State Assembly,119,REP,Christine Esposito,107
Oneida,Rome Ward 3 District 2,State Assembly,119,CON,Christine Esposito,12
Oneida,Rome Ward 3 District 3,State Assembly,119,DEM,Marianne Buttenschon,240
Oneida,Rome Ward 3 District 3,State Assembly,119,REP,Christine Esposito,360
Oneida,Rome Ward 3 District 3,State Assembly,119,CON,Christine Esposito,28
Oneida,Rome Ward 3 District 4,State Assembly,119,DEM,Marianne Buttenschon,147
Oneida,Rome Ward 3 District 4,State Assembly,119,REP,Christine Esposito,221
Oneida,Rome Ward 3 District 4,State Assembly,119,CON,Christine Esposito,30
Oneida,Rome Ward 3 District 5,State Assembly,119,DEM,Marianne Buttenschon,20
Oneida,Rome Ward 3 District 5,State Assembly,119,REP,Christine Esposito,17
Oneida,Rome Ward 3 District 5,State Assembly,119,CON,Christine Esposito,4
Oneida,Rome Ward 4 District 1,State Assembly,119,DEM,Marianne Buttenschon,110
Oneida,Rome Ward 4 District 1,State Assembly,119,REP,Christine Esposito,72
Oneida,Rome Ward 4 District 1,State Assembly,119,CON,Christine Esposito,8
Oneida,Rome Ward 4 District 2,State Assembly,119,DEM,Marianne Buttenschon,207
Oneida,Rome Ward 4 District 2,State Assembly,119,REP,Christine Esposito,211
Oneida,Rome Ward 4 District 2,State Assembly,119,CON,Christine Esposito,31
Oneida,Rome Ward 4 District 3,State Assembly,119,DEM,Marianne Buttenschon,122
Oneida,Rome Ward 4 District 3,State Assembly,119,REP,Christine Esposito,182
Oneida,Rome Ward 4 District 3,State Assembly,119,CON,Christine Esposito,18
Oneida,Rome Ward 4 District 4,State Assembly,119,DEM,Marianne Buttenschon,193
Oneida,Rome Ward 4 District 4,State Assembly,119,REP,Christine Esposito,220
Oneida,Rome Ward 4 District 4,State Assembly,119,CON,Christine Esposito,31
Oneida,Rome Ward 5 District 1,State Assembly,119,DEM,Marianne Buttenschon,149
Oneida,Rome Ward 5 District 1,State Assembly,119,REP,Christine Esposito,128
Oneida,Rome Ward 5 District 1,State Assembly,119,CON,Christine Esposito,12
Oneida,Rome Ward 5 District 2,State Assembly,119,DEM,Marianne Buttenschon,160
Oneida,Rome Ward 5 District 2,State Assembly,119,REP,Christine Esposito,174
Oneida,Rome Ward 5 District 2,State Assembly,119,CON,Christine Esposito,29
Oneida,Rome Ward 5 District 3,State Assembly,119,DEM,Marianne Buttenschon,232
Oneida,Rome Ward 5 District 3,State Assembly,119,REP,Christine Esposito,241
Oneida,Rome Ward 5 District 3,State Assembly,119,CON,Christine Esposito,25
Oneida,Rome Ward 5 District 4,State Assembly,119,DEM,Marianne Buttenschon,377
Oneida,Rome Ward 5 District 4,State Assembly,119,REP,Christine Esposito,402
Oneida,Rome Ward 5 District 4,State Assembly,119,CON,Christine Esposito,31
Oneida,Rome Ward 6 District 1,State Assembly,119,DEM,Marianne Buttenschon,140
Oneida,Rome Ward 6 District 1,State Assembly,119,REP,Christine Esposito,190
Oneida,Rome Ward 6 District 1,State Assembly,119,CON,Christine Esposito,22
Oneida,Rome Ward 6 District 2,State Assembly,119,DEM,Marianne Buttenschon,230
Oneida,Rome Ward 6 District 2,State Assembly,119,REP,Christine Esposito,224
Oneida,Rome Ward 6 District 2,State Assembly,119,CON,Christine Esposito,35
Oneida,Rome Ward 6 District 3,State Assembly,119,DEM,Marianne Buttenschon,315
Oneida,Rome Ward 6 District 3,State Assembly,119,REP,Christine Esposito,343
Oneida,Rome Ward 6 District 3,State Assembly,119,CON,Christine Esposito,28
Oneida,Rome Ward 6 District 4,State Assembly,119,DEM,Marianne Buttenschon,358
Oneida,Rome Ward 6 District 4,State Assembly,119,REP,Christine Esposito,443
Oneida,Rome Ward 6 District 4,State Assembly,119,CON,Christine Esposito,43
Oneida,Rome Ward 7 District 1,State Assembly,119,DEM,Marianne Buttenschon,110
Oneida,Rome Ward 7 District 1,State Assembly,119,REP,Christine Esposito,155
Oneida,Rome Ward 7 District 1,State Assembly,119,CON,Christine Esposito,24
Oneida,Rome Ward 7 District 2,State Assembly,119,DEM,Marianne Buttenschon,241
Oneida,Rome Ward 7 District 2,State Assembly,119,REP,Christine Esposito,201
Oneida,Rome Ward 7 District 2,State Assembly,119,CON,Christine Esposito,37
Oneida,Rome Ward 7 District 3,State Assembly,119,DEM,Marianne Buttenschon,243
Oneida,Rome Ward 7 District 3,State Assembly,119,REP,Christine Esposito,211
Oneida,Rome Ward 7 District 3,State Assembly,119,CON,Christine Esposito,23
Oneida,Rome Ward 7 District 4,State Assembly,119,DEM,Marianne Buttenschon,174
Oneida,Rome Ward 7 District 4,State Assembly,119,REP,Christine Esposito,188
Oneida,Rome Ward 7 District 4,State Assembly,119,CON,Christine Esposito,18
Oneida,Rome Ward 7 District 5,State Assembly,119,DEM,Marianne Buttenschon,236
Oneida,Rome Ward 7 District 5,State Assembly,119,REP,Christine Esposito,172
Oneida,Rome Ward 7 District 5,State Assembly,119,CON,Christine Esposito,21
Oneida,Utica Ward 1 District 1,State Assembly,119,DEM,Marianne Buttenschon,62
Oneida,Utica Ward 1 District 1,State Assembly,119,REP,Christine Esposito,39
Oneida,Utica Ward 1 District 1,State Assembly,119,CON,Christine Esposito,5
Oneida,Utica Ward 1 District 2,State Assembly,119,DEM,Marianne Buttenschon,94
Oneida,Utica Ward 1 District 2,State Assembly,119,REP,Christine Esposito,27
Oneida,Utica Ward 1 District 2,State Assembly,119,CON,Christine Esposito,1
Oneida,Utica Ward 1 District 3,State Assembly,119,DEM,Marianne Buttenschon,108
Oneida,Utica Ward 1 District 3,State Assembly,119,REP,Christine Esposito,37
Oneida,Utica Ward 1 District 3,State Assembly,119,CON,Christine Esposito,9
Oneida,Utica Ward 1 District 4,State Assembly,119,DEM,Marianne Buttenschon,213
Oneida,Utica Ward 1 District 4,State Assembly,119,REP,Christine Esposito,102
Oneida,Utica Ward 1 District 4,State Assembly,119,CON,Christine Esposito,15
Oneida,Utica Ward 1 District 5,State Assembly,119,DEM,Marianne Buttenschon,110
Oneida,Utica Ward 1 District 5,State Assembly,119,REP,Christine Esposito,65
Oneida,Utica Ward 1 District 5,State Assembly,119,CON,Christine Esposito,8
Oneida,Utica Ward 1 District 6,State Assembly,119,DEM,Marianne Buttenschon,52
Oneida,Utica Ward 1 District 6,State Assembly,119,REP,Christine Esposito,24
Oneida,Utica Ward 1 District 6,State Assembly,119,CON,Christine Esposito,9
Oneida,Utica Ward 1 District 7,State Assembly,119,DEM,Marianne Buttenschon,199
Oneida,Utica Ward 1 District 7,State Assembly,119,REP,Christine Esposito,92
Oneida,Utica Ward 1 District 7,State Assembly,119,CON,Christine Esposito,4
Oneida,Utica Ward 1 District 8,State Assembly,119,DEM,Marianne Buttenschon,105
Oneida,Utica Ward 1 District 8,State Assembly,119,REP,Christine Esposito,42
Oneida,Utica Ward 1 District 8,State Assembly,119,CON,Christine Esposito,5
Oneida,Utica Ward 2 District 1,State Assembly,119,DEM,Marianne Buttenschon,199
Oneida,Utica Ward 2 District 1,State Assembly,119,REP,Christine Esposito,138
Oneida,Utica Ward 2 District 1,State Assembly,119,CON,Christine Esposito,16
Oneida,Utica Ward 2 District 2,State Assembly,119,DEM,Marianne Buttenschon,103
Oneida,Utica Ward 2 District 2,State Assembly,119,REP,Christine Esposito,61
Oneida,Utica Ward 2 District 2,State Assembly,119,CON,Christine Esposito,10
Oneida,Utica Ward 2 District 3,State Assembly,119,DEM,Marianne Buttenschon,205
Oneida,Utica Ward 2 District 3,State Assembly,119,REP,Christine Esposito,130
Oneida,Utica Ward 2 District 3,State Assembly,119,CON,Christine Esposito,17
Oneida,Utica Ward 2 District 4,State Assembly,119,DEM,Marianne Buttenschon,188
Oneida,Utica Ward 2 District 4,State Assembly,119,REP,Christine Esposito,149
Oneida,Utica Ward 2 District 4,State Assembly,119,CON,Christine Esposito,21
Oneida,Utica Ward 2 District 5,State Assembly,119,DEM,Marianne Buttenschon,133
Oneida,Utica Ward 2 District 5,State Assembly,119,REP,Christine Esposito,93
Oneida,Utica Ward 2 District 5,State Assembly,119,CON,Christine Esposito,24
Oneida,Utica Ward 2 District 6,State Assembly,119,DEM,Marianne Buttenschon,67
Oneida,Utica Ward 2 District 6,State Assembly,119,REP,Christine Esposito,42
Oneida,Utica Ward 2 District 6,State Assembly,119,CON,Christine Esposito,14
Oneida,Utica Ward 2 District 7,State Assembly,119,DEM,Marianne Buttenschon,126
Oneida,Utica Ward 2 District 7,State Assembly,119,REP,Christine Esposito,56
Oneida,Utica Ward 2 District 7,State Assembly,119,CON,Christine Esposito,8
Oneida,Utica Ward 2 District 8,State Assembly,119,DEM,Marianne Buttenschon,85
Oneida,Utica Ward 2 District 8,State Assembly,119,REP,Christine Esposito,33
Oneida,Utica Ward 2 District 8,State Assembly,119,CON,Christine Esposito,2
Oneida,Utica Ward 3 District 1,State Assembly,119,DEM,Marianne Buttenschon,270
Oneida,Utica Ward 3 District 1,State Assembly,119,REP,Christine Esposito,147
Oneida,Utica Ward 3 District 1,State Assembly,119,CON,Christine Esposito,21
Oneida,Utica Ward 3 District 2,State Assembly,119,DEM,Marianne Buttenschon,227
Oneida,Utica Ward 3 District 2,State Assembly,119,REP,Christine Esposito,149
Oneida,Utica Ward 3 District 2,State Assembly,119,CON,Christine Esposito,25
Oneida,Utica Ward 3 District 3,State Assembly,119,DEM,Marianne Buttenschon,316
Oneida,Utica Ward 3 District 3,State Assembly,119,REP,Christine Esposito,220
Oneida,Utica Ward 3 District 3,State Assembly,119,CON,Christine Esposito,32
Oneida,Utica Ward 3 District 4,State Assembly,119,DEM,Marianne Buttenschon,346
Oneida,Utica Ward 3 District 4,State Assembly,119,REP,Christine Esposito,182
Oneida,Utica Ward 3 District 4,State Assembly,119,CON,Christine Esposito,18
Oneida,Utica Ward 3 District 5,State Assembly,119,DEM,Marianne Buttenschon,203
Oneida,Utica Ward 3 District 5,State Assembly,119,REP,Christine Esposito,102
Oneida,Utica Ward 3 District 5,State Assembly,119,CON,Christine Esposito,14
Oneida,Utica Ward 3 District 6,State Assembly,119,DEM,Marianne Buttenschon,331
Oneida,Utica Ward 3 District 6,State Assembly,119,REP,Christine Esposito,188
Oneida,Utica Ward 3 District 6,State Assembly,119,CON,Christine Esposito,18
Oneida,Utica Ward 3 District 7,State Assembly,119,DEM,Marianne Buttenschon,199
Oneida,Utica Ward 3 District 7,State Assembly,119,REP,Christine Esposito,91
Oneida,Utica Ward 3 District 7,State Assembly,119,CON,Christine Esposito,11
Oneida,Utica Ward 3 District 8,State Assembly,119,DEM,Marianne Buttenschon,179
Oneida,Utica Ward 3 District 8,State Assembly,119,REP,Christine Esposito,94
Oneida,Utica Ward 3 District 8,State Assembly,119,CON,Christine Esposito,9
Oneida,Utica Ward 3 District 9,State Assembly,119,DEM,Marianne Buttenschon,261
Oneida,Utica Ward 3 District 9,State Assembly,119,REP,Christine Esposito,129
Oneida,Utica Ward 3 District 9,State Assembly,119,CON,Christine Esposito,13
Oneida,Utica Ward 3 District 10,State Assembly,119,DEM,Marianne Buttenschon,118
Oneida,Utica Ward 3 District 10,State Assembly,119,REP,Christine Esposito,80
Oneida,Utica Ward 3 District 10,State Assembly,119,CON,Christine Esposito,4
Oneida,Utica Ward 4 District 1,State Assembly,119,DEM,Marianne Buttenschon,161
Oneida,Utica Ward 4 District 1,State Assembly,119,REP,Christine Esposito,105
Oneida,Utica Ward 4 District 1,State Assembly,119,CON,Christine Esposito,7
Oneida,Utica Ward 4 District 2,State Assembly,119,DEM,Marianne Buttenschon,166
Oneida,Utica Ward 4 District 2,State Assembly,119,REP,Christine Esposito,91
Oneida,Utica Ward 4 District 2,State Assembly,119,CON,Christine Esposito,12
Oneida,Utica Ward 4 District 3,State Assembly,119,DEM,Marianne Buttenschon,206
Oneida,Utica Ward 4 District 3,State Assembly,119,REP,Christine Esposito,177
Oneida,Utica Ward 4 District 3,State Assembly,119,CON,Christine Esposito,13
Oneida,Utica Ward 4 District 4,State Assembly,119,DEM,Marianne Buttenschon,103
Oneida,Utica Ward 4 District 4,State Assembly,119,REP,Christine Esposito,94
Oneida,Utica Ward 4 District 4,State Assembly,119,CON,Christine Esposito,5
Oneida,Utica Ward 4 District 5,State Assembly,119,DEM,Marianne Buttenschon,173
Oneida,Utica Ward 4 District 5,State Assembly,119,REP,Christine Esposito,152
Oneida,Utica Ward 4 District 5,State Assembly,119,CON,Christine Esposito,12
Oneida,Utica Ward 4 District 6,State Assembly,119,DEM,Marianne Buttenschon,227
Oneida,Utica Ward 4 District 6,State Assembly,119,REP,Christine Esposito,151
Oneida,Utica Ward 4 District 6,State Assembly,119,CON,Christine Esposito,14
Oneida,Utica Ward 4 District 7,State Assembly,119,DEM,Marianne Buttenschon,166
Oneida,Utica Ward 4 District 7,State Assembly,119,REP,Christine Esposito,104
Oneida,Utica Ward 4 District 7,State Assembly,119,CON,Christine Esposito,8
Oneida,Utica Ward 4 District 8,State Assembly,119,DEM,Marianne Buttenschon,179
Oneida,Utica Ward 4 District 8,State Assembly,119,REP,Christine Esposito,117
Oneida,Utica Ward 4 District 8,State Assembly,119,CON,Christine Esposito,3
Oneida,Utica Ward 4 District 9,State Assembly,119,DEM,Marianne Buttenschon,236
Oneida,Utica Ward 4 District 9,State Assembly,119,REP,Christine Esposito,235
Oneida,Utica Ward 4 District 9,State Assembly,119,CON,Christine Esposito,22
Oneida,Utica Ward 5 District 1,State Assembly,119,DEM,Marianne Buttenschon,170
Oneida,Utica Ward 5 District 1,State Assembly,119,REP,Christine Esposito,65
Oneida,Utica Ward 5 District 1,State Assembly,119,CON,Christine Esposito,10
Oneida,Utica Ward 5 District 2,State Assembly,119,DEM,Marianne Buttenschon,265
Oneida,Utica Ward 5 District 2,State Assembly,119,REP,Christine Esposito,100
Oneida,Utica Ward 5 District 2,State Assembly,119,CON,Christine Esposito,8
Oneida,Utica Ward 5 District 3,State Assembly,119,DEM,Marianne Buttenschon,113
Oneida,Utica Ward 5 District 3,State Assembly,119,REP,Christine Esposito,56
Oneida,Utica Ward 5 District 3,State Assembly,119,CON,Christine Esposito,5
Oneida,Utica Ward 5 District 4,State Assembly,119,DEM,Marianne Buttenschon,204
Oneida,Utica Ward 5 District 4,State Assembly,119,REP,Christine Esposito,63
Oneida,Utica Ward 5 District 4,State Assembly,119,CON,Christine Esposito,10
Oneida,Utica Ward 5 District 5,State Assembly,119,DEM,Marianne Buttenschon,237
Oneida,Utica Ward 5 District 5,State Assembly,119,REP,Christine Esposito,132
Oneida,Utica Ward 5 District 5,State Assembly,119,CON,Christine Esposito,14
Oneida,Utica Ward 5 District 6,State Assembly,119,DEM,Marianne Buttenschon,203
Oneida,Utica Ward 5 District 6,State Assembly,119,REP,Christine Esposito,74
Oneida,Utica Ward 5 District 6,State Assembly,119,CON,Christine Esposito,10
Oneida,Utica Ward 5 District 7,State Assembly,119,DEM,Marianne Buttenschon,73
Oneida,Utica Ward 5 District 7,State Assembly,119,REP,Christine Esposito,26
Oneida,Utica Ward 5 District 7,State Assembly,119,CON,Christine Esposito,3
Oneida,Utica Ward 6 District 1,State Assembly,119,DEM,Marianne Buttenschon,195
Oneida,Utica Ward 6 District 1,State Assembly,119,REP,Christine Esposito,186
Oneida,Utica Ward 6 District 1,State Assembly,119,CON,Christine Esposito,14
Oneida,Utica Ward 6 District 2,State Assembly,119,DEM,Marianne Buttenschon,400
Oneida,Utica Ward 6 District 2,State Assembly,119,REP,Christine Esposito,333
Oneida,Utica Ward 6 District 2,State Assembly,119,CON,Christine Esposito,36
Oneida,Utica Ward 6 District 3,State Assembly,119,DEM,Marianne Buttenschon,208
Oneida,Utica Ward 6 District 3,State Assembly,119,REP,Christine Esposito,201
Oneida,Utica Ward 6 District 3,State Assembly,119,CON,Christine Esposito,19
Oneida,Utica Ward 6 District 4,State Assembly,119,DEM,Marianne Buttenschon,187
Oneida,Utica Ward 6 District 4,State Assembly,119,REP,Christine Esposito,190
Oneida,Utica Ward 6 District 4,State Assembly,119,CON,Christine Esposito,14
Oneida,Utica Ward 6 District 5,State Assembly,119,DEM,Marianne Buttenschon,251
Oneida,Utica Ward 6 District 5,State Assembly,119,REP,Christine Esposito,255
Oneida,Utica Ward 6 District 5,State Assembly,119,CON,Christine Esposito,29
Oneida,Utica Ward 6 District 6,State Assembly,119,DEM,Marianne Buttenschon,282
Oneida,Utica Ward 6 District 6,State Assembly,119,REP,Christine Esposito,352
Oneida,Utica Ward 6 District 6,State Assembly,119,CON,Christine Esposito,20
Oneida,Utica Ward 6 District 7,State Assembly,119,DEM,Marianne Buttenschon,245
Oneida,Utica Ward 6 District 7,State Assembly,119,REP,Christine Esposito,192
Oneida,Utica Ward 6 District 7,State Assembly,119,CON,Christine Esposito,13
Oneida,Utica Ward 6 District 8,State Assembly,119,DEM,Marianne Buttenschon,368
Oneida,Utica Ward 6 District 8,State Assembly,119,REP,Christine Esposito,222
Oneida,Utica Ward 6 District 8,State Assembly,119,CON,Christine Esposito,28
Oneida,Utica Ward 6 District 9,State Assembly,119,DEM,Marianne Buttenschon,103
Oneida,Utica Ward 6 District 9,State Assembly,119,REP,Christine Esposito,98
Oneida,Utica Ward 6 District 9,State Assembly,119,CON,Christine Esposito,6
Oneida,Whitestown 1,State Assembly,119,DEM,Marianne Buttenschon,133
Oneida,Whitestown 1,State Assembly,119,REP,Christine Esposito,113
Oneida,Whitestown 1,State Assembly,119,CON,Christine Esposito,12
Oneida,Whitestown 2,State Assembly,119,DEM,Marianne Buttenschon,123
Oneida,Whitestown 2,State Assembly,119,REP,Christine Esposito,119
Oneida,Whitestown 2,State Assembly,119,CON,Christine Esposito,12
Oneida,Whitestown 3,State Assembly,119,DEM,Marianne Buttenschon,278
Oneida,Whitestown 3,State Assembly,119,REP,Christine Esposito,258
Oneida,Whitestown 3,State Assembly,119,CON,Christine Esposito,28
Oneida,Whitestown 4,State Assembly,119,DEM,Marianne Buttenschon,201
Oneida,Whitestown 4,State Assembly,119,REP,Christine Esposito,205
Oneida,Whitestown 4,State Assembly,119,CON,Christine Esposito,14
Oneida,Whitestown 5,State Assembly,119,DEM,Marianne Buttenschon,180
Oneida,Whitestown 5,State Assembly,119,REP,Christine Esposito,191
Oneida,Whitestown 5,State Assembly,119,CON,Christine Esposito,30
Oneida,Whitestown 6,State Assembly,119,DEM,Marianne Buttenschon,319
Oneida,Whitestown 6,State Assembly,119,REP,Christine Esposito,280
Oneida,Whitestown 6,State Assembly,119,CON,Christine Esposito,33
Oneida,Whitestown 7,State Assembly,119,DEM,Marianne Buttenschon,211
Oneida,Whitestown 7,State Assembly,119,REP,Christine Esposito,189
Oneida,Whitestown 7,State Assembly,119,CON,Christine Esposito,17
Oneida,Whitestown 8,State Assembly,119,DEM,Marianne Buttenschon,273
Oneida,Whitestown 8,State Assembly,119,REP,Christine Esposito,281
Oneida,Whitestown 8,State Assembly,119,CON,Christine Esposito,35
Oneida,Whitestown 9,State Assembly,119,DEM,Marianne Buttenschon,293
Oneida,Whitestown 9,State Assembly,119,REP,Christine Esposito,343
Oneida,Whitestown 9,State Assembly,119,CON,Christine Esposito,41
Oneida,Whitestown 10,State Assembly,119,DEM,Marianne Buttenschon,176
Oneida,Whitestown 10,State Assembly,119,REP,Christine Esposito,136
Oneida,Whitestown 10,State Assembly,119,CON,Christine Esposito,21
Oneida,Whitestown 11,State Assembly,119,DEM,Marianne Buttenschon,167
Oneida,Whitestown 11,State Assembly,119,REP,Christine Esposito,217
Oneida,Whitestown 11,State Assembly,119,CON,Christine Esposito,28
Oneida,Whitestown 12,State Assembly,119,DEM,Marianne Buttenschon,321
Oneida,Whitestown 12,State Assembly,119,REP,Christine Esposito,224
Oneida,Whitestown 12,State Assembly,119,CON,Christine Esposito,23
Oneida,Whitestown 13,State Assembly,119,DEM,Marianne Buttenschon,140
Oneida,Whitestown 13,State Assembly,119,REP,Christine Esposito,152
Oneida,Whitestown 13,State Assembly,119,CON,Christine Esposito,18
Oneida,Whitestown 14,State Assembly,119,DEM,Marianne Buttenschon,385
Oneida,Whitestown 14,State Assembly,119,REP,Christine Esposito,423
Oneida,Whitestown 14,State Assembly,119,CON,Christine Esposito,46
Oneida,Whitestown 15,State Assembly,119,DEM,Marianne Buttenschon,416
Oneida,Whitestown 15,State Assembly,119,REP,Christine Esposito,500
Oneida,Whitestown 15,State Assembly,119,CON,Christine Esposito,57
Oneida,Whitestown 16,State Assembly,119,DEM,Marianne Buttenschon,519
Oneida,Whitestown 16,State Assembly,119,REP,Christine Esposito,524
Oneida,Whitestown 16,State Assembly,119,CON,Christine Esposito,53
Oneida,Augusta 1,State Assembly,122,WF,Adrienne Martini,4
Oneida,Augusta 1,State Assembly,122,DEM,Adrienne Martini,75
Oneida,Augusta 1,State Assembly,122,REP,Brian Miller,321
Oneida,Augusta 1,State Assembly,122,CON,Brian Miller,38
Oneida,Augusta 2,State Assembly,122,WF,Adrienne Martini,14
Oneida,Augusta 2,State Assembly,122,DEM,Adrienne Martini,131
Oneida,Augusta 2,State Assembly,122,REP,Brian Miller,276
Oneida,Augusta 2,State Assembly,122,CON,Brian Miller,32
Oneida,Bridgewater 1,State Assembly,122,WF,Adrienne Martini,15
Oneida,Bridgewater 1,State Assembly,122,DEM,Adrienne Martini,90
Oneida,Bridgewater 1,State Assembly,122,REP,Brian Miller,476
Oneida,Bridgewater 1,State Assembly,122,CON,Brian Miller,44
Oneida,Kirkland 1,State Assembly,122,WF,Adrienne Martini,17
Oneida,Kirkland 1,State Assembly,122,DEM,Adrienne Martini,262
Oneida,Kirkland 1,State Assembly,122,REP,Brian Miller,357
Oneida,Kirkland 1,State Assembly,122,CON,Brian Miller,40
Oneida,Kirkland 2,State Assembly,122,WF,Adrienne Martini,9
Oneida,Kirkland 2,State Assembly,122,DEM,Adrienne Martini,178
Oneida,Kirkland 2,State Assembly,122,REP,Brian Miller,274
Oneida,Kirkland 2,State Assembly,122,CON,Brian Miller,33
Oneida,Kirkland 3,State Assembly,122,WF,Adrienne Martini,28
Oneida,Kirkland 3,State Assembly,122,DEM,Adrienne Martini,346
Oneida,Kirkland 3,State Assembly,122,REP,Brian Miller,138
Oneida,Kirkland 3,State Assembly,122,CON,Brian Miller,11
Oneida,Kirkland 4,State Assembly,122,WF,Adrienne Martini,14
Oneida,Kirkland 4,State Assembly,122,DEM,Adrienne Martini,183
Oneida,Kirkland 4,State Assembly,122,REP,Brian Miller,135
Oneida,Kirkland 4,State Assembly,122,CON,Brian Miller,29
Oneida,Kirkland 5,State Assembly,122,WF,Adrienne Martini,15
Oneida,Kirkland 5,State Assembly,122,DEM,Adrienne Martini,122
Oneida,Kirkland 5,State Assembly,122,REP,Brian Miller,135
Oneida,Kirkland 5,State Assembly,122,CON,Brian Miller,19
Oneida,Kirkland 6,State Assembly,122,WF,Adrienne Martini,41
Oneida,Kirkland 6,State Assembly,122,DEM,Adrienne Martini,318
Oneida,Kirkland 6,State Assembly,122,REP,Brian Miller,256
Oneida,Kirkland 6,State Assembly,122,CON,Brian Miller,18
Oneida,Kirkland 7,State Assembly,122,WF,Adrienne Martini,30
Oneida,Kirkland 7,State Assembly,122,DEM,Adrienne Martini,325
Oneida,Kirkland 7,State Assembly,122,REP,Brian Miller,183
Oneida,Kirkland 7,State Assembly,122,CON,Brian Miller,21
Oneida,Kirkland 8,State Assembly,122,WF,Adrienne Martini,21
Oneida,Kirkland 8,State Assembly,122,DEM,Adrienne Martini,148
Oneida,Kirkland 8,State Assembly,122,REP,Brian Miller,232
Oneida,Kirkland 8,State Assembly,122,CON,Brian Miller,22
Oneida,Kirkland 9,State Assembly,122,WF,Adrienne Martini,21
Oneida,Kirkland 9,State Assembly,122,DEM,Adrienne Martini,251
Oneida,Kirkland 9,State Assembly,122,REP,Brian Miller,177
Oneida,Kirkland 9,State Assembly,122,CON,Brian Miller,22
Oneida,Kirkland 10,State Assembly,122,WF,Adrienne Martini,7
Oneida,Kirkland 10,State Assembly,122,DEM,Adrienne Martini,168
Oneida,Kirkland 10,State Assembly,122,REP,Brian Miller,183
Oneida,Kirkland 10,State Assembly,122,CON,Brian Miller,10
Oneida,Marshall 1,State Assembly,122,WF,Adrienne Martini,15
Oneida,Marshall 1,State Assembly,122,DEM,Adrienne Martini,140
Oneida,Marshall 1,State Assembly,122,REP,Brian Miller,316
Oneida,Marshall 1,State Assembly,122,CON,Brian Miller,38
Oneida,Marshall 2,State Assembly,122,WF,Adrienne Martini,12
Oneida,Marshall 2,State Assembly,122,DEM,Adrienne Martini,117
Oneida,Marshall 2,State Assembly,122,REP,Brian Miller,295
Oneida,Marshall 2,State Assembly,122,CON,Brian Miller,47
Oneida,New Hartford Ward 1 District 1,State Assembly,122,WF,Adrienne Martini,18
Oneida,New Hartford Ward 1 District 1,State Assembly,122,DEM,Adrienne Martini,246
Oneida,New Hartford Ward 1 District 1,State Assembly,122,REP,Brian Miller,505
Oneida,New Hartford Ward 1 District 1,State Assembly,122,CON,Brian Miller,39
Oneida,New Hartford Ward 1 District 2,State Assembly,122,WF,Adrienne Martini,15
Oneida,New Hartford Ward 1 District 2,State Assembly,122,DEM,Adrienne Martini,143
Oneida,New Hartford Ward 1 District 2,State Assembly,122,REP,Brian Miller,363
Oneida,New Hartford Ward 1 District 2,State Assembly,122,CON,Brian Miller,34
Oneida,New Hartford Ward 1 District 3,State Assembly,122,WF,Adrienne Martini,24
Oneida,New Hartford Ward 1 District 3,State Assembly,122,DEM,Adrienne Martini,308
Oneida,New Hartford Ward 1 District 3,State Assembly,122,REP,Brian Miller,410
Oneida,New Hartford Ward 1 District 3,State Assembly,122,CON,Brian Miller,57
Oneida,New Hartford Ward 1 District 4,State Assembly,122,WF,Adrienne Martini,23
Oneida,New Hartford Ward 1 District 4,State Assembly,122,DEM,Adrienne Martini,196
Oneida,New Hartford Ward 1 District 4,State Assembly,122,REP,Brian Miller,355
Oneida,New Hartford Ward 1 District 4,State Assembly,122,CON,Brian Miller,56
Oneida,New Hartford Ward 1 District 5,State Assembly,122,WF,Adrienne Martini,22
Oneida,New Hartford Ward 1 District 5,State Assembly,122,DEM,Adrienne Martini,246
Oneida,New Hartford Ward 1 District 5,State Assembly,122,REP,Brian Miller,340
Oneida,New Hartford Ward 1 District 5,State Assembly,122,CON,Brian Miller,43
Oneida,New Hartford Ward 2 District 1,State Assembly,122,WF,Adrienne Martini,19
Oneida,New Hartford Ward 2 District 1,State Assembly,122,DEM,Adrienne Martini,169
Oneida,New Hartford Ward 2 District 1,State Assembly,122,REP,Brian Miller,312
Oneida,New Hartford Ward 2 District 1,State Assembly,122,CON,Brian Miller,44
Oneida,New Hartford Ward 2 District 2,State Assembly,122,WF,Adrienne Martini,17
Oneida,New Hartford Ward 2 District 2,State Assembly,122,DEM,Adrienne Martini,249
Oneida,New Hartford Ward 2 District 2,State Assembly,122,REP,Brian Miller,384
Oneida,New Hartford Ward 2 District 2,State Assembly,122,CON,Brian Miller,38
Oneida,New Hartford Ward 2 District 3,State Assembly,122,WF,Adrienne Martini,15
Oneida,New Hartford Ward 2 District 3,State Assembly,122,DEM,Adrienne Martini,241
Oneida,New Hartford Ward 2 District 3,State Assembly,122,REP,Brian Miller,470
Oneida,New Hartford Ward 2 District 3,State Assembly,122,CON,Brian Miller,43
Oneida,New Hartford Ward 2 District 4,State Assembly,122,WF,Adrienne Martini,23
Oneida,New Hartford Ward 2 District 4,State Assembly,122,DEM,Adrienne Martini,352
Oneida,New Hartford Ward 2 District 4,State Assembly,122,REP,Brian Miller,464
Oneida,New Hartford Ward 2 District 4,State Assembly,122,CON,Brian Miller,49
Oneida,New Hartford Ward 3 District 1,State Assembly,122,WF,Adrienne Martini,36
Oneida,New Hartford Ward 3 District 1,State Assembly,122,DEM,Adrienne Martini,269
Oneida,New Hartford Ward 3 District 1,State Assembly,122,REP,Brian Miller,308
Oneida,New Hartford Ward 3 District 1,State Assembly,122,CON,Brian Miller,32
Oneida,New Hartford Ward 3 District 2,State Assembly,122,WF,Adrienne Martini,23
Oneida,New Hartford Ward 3 District 2,State Assembly,122,DEM,Adrienne Martini,300
Oneida,New Hartford Ward 3 District 2,State Assembly,122,REP,Brian Miller,391
Oneida,New Hartford Ward 3 District 2,State Assembly,122,CON,Brian Miller,47
Oneida,New Hartford Ward 3 District 3,State Assembly,122,WF,Adrienne Martini,28
Oneida,New Hartford Ward 3 District 3,State Assembly,122,DEM,Adrienne Martini,196
Oneida,New Hartford Ward 3 District 3,State Assembly,122,REP,Brian Miller,272
Oneida,New Hartford Ward 3 District 3,State Assembly,122,CON,Brian Miller,17
Oneida,New Hartford Ward 3 District 4,State Assembly,122,WF,Adrienne Martini,14
Oneida,New Hartford Ward 3 District 4,State Assembly,122,DEM,Adrienne Martini,227
Oneida,New Hartford Ward 3 District 4,State Assembly,122,REP,Brian Miller,392
Oneida,New Hartford Ward 3 District 4,State Assembly,122,CON,Brian Miller,40
Oneida,New Hartford Ward 4 District 1,State Assembly,122,WF,Adrienne Martini,12
Oneida,New Hartford Ward 4 District 1,State Assembly,122,DEM,Adrienne Martini,322
Oneida,New Hartford Ward 4 District 1,State Assembly,122,REP,Brian Miller,447
Oneida,New Hartford Ward 4 District 1,State Assembly,122,CON,Brian Miller,42
Oneida,New Hartford Ward 4 District 2,State Assembly,122,WF,Adrienne Martini,6
Oneida,New Hartford Ward 4 District 2,State Assembly,122,DEM,Adrienne Martini,167
Oneida,New Hartford Ward 4 District 2,State Assembly,122,REP,Brian Miller,242
Oneida,New Hartford Ward 4 District 2,State Assembly,122,CON,Brian Miller,20
Oneida,New Hartford Ward 4 District 3,State Assembly,122,WF,Adrienne Martini,17
Oneida,New Hartford Ward 4 District 3,State Assembly,122,DEM,Adrienne Martini,195
Oneida,New Hartford Ward 4 District 3,State Assembly,122,REP,Brian Miller,245
Oneida,New Hartford Ward 4 District 3,State Assembly,122,CON,Brian Miller,27
Oneida,New Hartford Ward 4 District 4,State Assembly,122,WF,Adrienne Martini,38
Oneida,New Hartford Ward 4 District 4,State Assembly,122,DEM,Adrienne Martini,434
Oneida,New Hartford Ward 4 District 4,State Assembly,122,REP,Brian Miller,694
Oneida,New Hartford Ward 4 District 4,State Assembly,122,CON,Brian Miller,89
Oneida,Paris 1,State Assembly,122,WF,Adrienne Martini,17
Oneida,Paris 1,State Assembly,122,DEM,Adrienne Martini,131
Oneida,Paris 1,State Assembly,122,REP,Brian Miller,463
Oneida,Paris 1,State Assembly,122,CON,Brian Miller,46
Oneida,Paris 2,State Assembly,122,WF,Adrienne Martini,21
Oneida,Paris 2,State Assembly,122,DEM,Adrienne Martini,149
Oneida,Paris 2,State Assembly,122,REP,Brian Miller,526
Oneida,Paris 2,State Assembly,122,CON,Brian Miller,66
Oneida,Paris 3,State Assembly,122,WF,Adrienne Martini,15
Oneida,Paris 3,State Assembly,122,DEM,Adrienne Martini,187
Oneida,Paris 3,State Assembly,122,REP,Brian Miller,643
Oneida,Paris 3,State Assembly,122,CON,Brian Miller,86
Oneida,Sangerfield 1,State Assembly,122,WF,Adrienne Martini,15
Oneida,Sangerfield 1,State Assembly,122,DEM,Adrienne Martini,203
Oneida,Sangerfield 1,State Assembly,122,REP,Brian Miller,328
Oneida,Sangerfield 1,State Assembly,122,CON,Brian Miller,32
Oneida,Sangerfield 2,State Assembly,122,WF,Adrienne Martini,10
Oneida,Sangerfield 2,State Assembly,122,DEM,Adrienne Martini,114
Oneida,Sangerfield 2,State Assembly,122,REP,Brian Miller,315
Oneida,Sangerfield 2,State Assembly,122,CON,Brian Miller,32
Oneida,Vernon 1,State Assembly,122,WF,Adrienne Martini,8
Oneida,Vernon 1,State Assembly,122,DEM,Adrienne Martini,115
Oneida,Vernon 1,State Assembly,122,REP,Brian Miller,470
Oneida,Vernon 1,State Assembly,122,CON,Brian Miller,65
Oneida,Vernon 2,State Assembly,122,WF,Adrienne Martini,28
Oneida,Vernon 2,State Assembly,122,DEM,Adrienne Martini,225
Oneida,Vernon 2,State Assembly,122,REP,Brian Miller,549
Oneida,Vernon 2,State Assembly,122,CON,Brian Miller,77
Oneida,Vernon 3,State Assembly,122,WF,Adrienne Martini,23
Oneida,Vernon 3,State Assembly,122,DEM,Adrienne Martini,269
Oneida,Vernon 3,State Assembly,122,REP,Brian Miller,560
Oneida,Vernon 3,State Assembly,122,CON,Brian Miller,58
Oneida,Vernon 4,State Assembly,122,WF,Adrienne Martini,25
Oneida,Vernon 4,State Assembly,122,DEM,Adrienne Martini,358
Oneida,Vernon 4,State Assembly,122,REP,Brian Miller,597
Oneida,Vernon 4,State Assembly,122,CON,Brian Miller,65
Oneida,Vernon 5,State Assembly,122,WF,Adrienne Martini,16
Oneida,Vernon 5,State Assembly,122,DEM,Adrienne Martini,238
Oneida,Vernon 5,State Assembly,122,REP,Brian Miller,396
Oneida,Vernon 5,State Assembly,122,CON,Brian Miller,59
Oneida,Verona 1,State Assembly,122,WF,Adrienne Martini,16
Oneida,Verona 1,State Assembly,122,DEM,Adrienne Martini,162
Oneida,Verona 1,State Assembly,122,REP,Brian Miller,521
Oneida,Verona 1,State Assembly,122,CON,Brian Miller,77
Oneida,Verona 2,State Assembly,122,WF,Adrienne Martini,21
Oneida,Verona 2,State Assembly,122,DEM,Adrienne Martini,85
Oneida,Verona 2,State Assembly,122,REP,Brian Miller,336
Oneida,Verona 2,State Assembly,122,CON,Brian Miller,33
Oneida,Verona 3,State Assembly,122,WF,Adrienne Martini,13
Oneida,Verona 3,State Assembly,122,DEM,Adrienne Martini,112
Oneida,Verona 3,State Assembly,122,REP,Brian Miller,338
Oneida,Verona 3,State Assembly,122,CON,Brian Miller,38
Oneida,Verona 4,State Assembly,122,WF,Adrienne Martini,5
Oneida,Verona 4,State Assembly,122,DEM,Adrienne Martini,55
Oneida,Verona 4,State Assembly,122,REP,Brian Miller,243
Oneida,Verona 4,State Assembly,122,CON,Brian Miller,39
Oneida,"Verona 5, 10, 11",State Assembly,122,WF,Adrienne Martini,15
Oneida,"Verona 5, 10, 11",State Assembly,122,DEM,Adrienne Martini,104
Oneida,"Verona 5, 10, 11",State Assembly,122,REP,Brian Miller,216
Oneida,"Verona 5, 10, 11",State Assembly,122,CON,Brian Miller,37
Oneida,Verona 6,State Assembly,122,WF,Adrienne Martini,4
Oneida,Verona 6,State Assembly,122,DEM,Adrienne Martini,79
Oneida,Verona 6,State Assembly,122,REP,Brian Miller,171
Oneida,Verona 6,State Assembly,122,CON,Brian Miller,17
Oneida,Verona 7,State Assembly,122,WF,Adrienne Martini,4
Oneida,Verona 7,State Assembly,122,DEM,Adrienne Martini,29
Oneida,Verona 7,State Assembly,122,REP,Brian Miller,105
Oneida,Verona 7,State Assembly,122,CON,Brian Miller,8
Oneida,"Verona 8, 9",State Assembly,122,WF,Adrienne Martini,1
Oneida,"Verona 8, 9",State Assembly,122,DEM,Adrienne Martini,11
Oneida,"Verona 8, 9",State Assembly,122,REP,Brian Miller,37
Oneida,"Verona 8, 9",State Assembly,122,CON,Brian Miller,11
Oneida,Westmoreland 1,State Assembly,122,WF,Adrienne Martini,17
Oneida,Westmoreland 1,State Assembly,122,DEM,Adrienne Martini,140
Oneida,Westmoreland 1,State Assembly,122,REP,Brian Miller,335
Oneida,Westmoreland 1,State Assembly,122,CON,Brian Miller,35
Oneida,Westmoreland 2,State Assembly,122,WF,Adrienne Martini,19
Oneida,Westmoreland 2,State Assembly,122,DEM,Adrienne Martini,242
Oneida,Westmoreland 2,State Assembly,122,REP,Brian Miller,835
Oneida,Westmoreland 2,State Assembly,122,CON,Brian Miller,80
Oneida,Westmoreland 3,State Assembly,122,WF,Adrienne Martini,18
Oneida,Westmoreland 3,State Assembly,122,DEM,Adrienne Martini,161
Oneida,Westmoreland 3,State Assembly,122,REP,Brian Miller,582
Oneida,Westmoreland 3,State Assembly,122,CON,Brian Miller,71
Oneida,Westmoreland 4,State Assembly,122,WF,Adrienne Martini,24
Oneida,Westmoreland 4,State Assembly,122,DEM,Adrienne Martini,149
Oneida,Westmoreland 4,State Assembly,122,REP,Brian Miller,514
Oneida,Westmoreland 4,State Assembly,122,CON,Brian Miller,56
