county,precinct,office,district,party,candidate,votes
Saratoga,Ballston 1,President,,DEM,Kamala D. Harris,303
Saratoga,Ballston 1,President,,REP,Donald J. Trump,174
Saratoga,Ballston 1,President,,CON,Donald J. Trump,34
Saratoga,Ballston 1,President,,WOR,Kamala D. Harris,28
Saratoga,Ballston 1,President,,,Write-in,6
Saratoga,Ballston 1,U.S. Senate,,DEM,Kirsten E. Gillibrand,298
Saratoga,Ballston 1,U.S. Senate,,REP,Michael D. Sapraicone,160
Saratoga,Ballston 1,U.S. Senate,,CON,Michael D. Sapraicone,35
Saratoga,Ballston 1,U.S. Senate,,WOR,Kirsten E. Gillibrand,38
Saratoga,Ballston 1,U.S. Senate,,LAR,Diane Sare,7
Saratoga,Ballston 1,U.S. House,20,DEM,Paul D. Tonko,296
Saratoga,Ballston 1,U.S. House,20,REP,Kevin M. Waltz,165
Saratoga,Ballston 1,U.S. House,20,CON,Kevin M. Waltz,38
Saratoga,Ballston 1,U.S. House,20,WOR,Paul D. Tonko,37
Saratoga,Ballston 1,State Senate,44,DEM,Minita J. Sanghvi,216
Saratoga,Ballston 1,State Senate,44,REP,James N. Tedisco,242
Saratoga,Ballston 1,State Senate,44,CON,James N. Tedisco,52
Saratoga,Ballston 1,State Senate,44,WOR,Minita J. Sanghvi,28
Saratoga,Ballston 1,State Assembly,112,DEM,Joe Seeman,237
Saratoga,Ballston 1,State Assembly,112,REP,Mary Beth Walsh,222
Saratoga,Ballston 1,State Assembly,112,CON,Mary Beth Walsh,46
Saratoga,Ballston 1,State Assembly,112,WOR,Joe Seeman,28
Saratoga,Ballston 2,President,,DEM,Kamala D. Harris,500
Saratoga,Ballston 2,President,,REP,Donald J. Trump,453
Saratoga,Ballston 2,President,,CON,Donald J. Trump,59
Saratoga,Ballston 2,President,,WOR,Kamala D. Harris,30
Saratoga,Ballston 2,President,,,Write-in,2
Saratoga,Ballston 2,U.S. Senate,,DEM,Kirsten E. Gillibrand,501
Saratoga,Ballston 2,U.S. Senate,,REP,Michael D. Sapraicone,428
Saratoga,Ballston 2,U.S. Senate,,CON,Michael D. Sapraicone,67
Saratoga,Ballston 2,U.S. Senate,,WOR,Kirsten E. Gillibrand,35
Saratoga,Ballston 2,U.S. Senate,,LAR,Diane Sare,4
Saratoga,Ballston 2,U.S. House,20,DEM,Paul D. Tonko,503
Saratoga,Ballston 2,U.S. House,20,REP,Kevin M. Waltz,429
Saratoga,Ballston 2,U.S. House,20,CON,Kevin M. Waltz,64
Saratoga,Ballston 2,U.S. House,20,WOR,Paul D. Tonko,35
Saratoga,Ballston 2,State Senate,44,DEM,Minita J. Sanghvi,384
Saratoga,Ballston 2,State Senate,44,REP,James N. Tedisco,535
Saratoga,Ballston 2,State Senate,44,CON,James N. Tedisco,78
Saratoga,Ballston 2,State Senate,44,WOR,Minita J. Sanghvi,27
Saratoga,Ballston 2,State Senate,44,,Write-in,1
Saratoga,Ballston 2,State Assembly,112,DEM,Joe Seeman,423
Saratoga,Ballston 2,State Assembly,112,REP,Mary Beth Walsh,495
Saratoga,Ballston 2,State Assembly,112,CON,Mary Beth Walsh,74
Saratoga,Ballston 2,State Assembly,112,WOR,Joe Seeman,31
Saratoga,Ballston 3,President,,DEM,Kamala D. Harris,676
Saratoga,Ballston 3,President,,REP,Donald J. Trump,586
Saratoga,Ballston 3,President,,CON,Donald J. Trump,92
Saratoga,Ballston 3,President,,WOR,Kamala D. Harris,40
Saratoga,Ballston 3,President,,,Write-in,7
Saratoga,Ballston 3,U.S. Senate,,DEM,Kirsten E. Gillibrand,674
Saratoga,Ballston 3,U.S. Senate,,REP,Michael D. Sapraicone,551
Saratoga,Ballston 3,U.S. Senate,,CON,Michael D. Sapraicone,101
Saratoga,Ballston 3,U.S. Senate,,WOR,Kirsten E. Gillibrand,53
Saratoga,Ballston 3,U.S. Senate,,LAR,Diane Sare,5
Saratoga,Ballston 3,U.S. House,20,DEM,Paul D. Tonko,668
Saratoga,Ballston 3,U.S. House,20,REP,Kevin M. Waltz,550
Saratoga,Ballston 3,U.S. House,20,CON,Kevin M. Waltz,104
Saratoga,Ballston 3,U.S. House,20,WOR,Paul D. Tonko,53
Saratoga,Ballston 3,State Senate,44,DEM,Minita J. Sanghvi,484
Saratoga,Ballston 3,State Senate,44,REP,James N. Tedisco,737
Saratoga,Ballston 3,State Senate,44,CON,James N. Tedisco,122
Saratoga,Ballston 3,State Senate,44,WOR,Minita J. Sanghvi,29
Saratoga,Ballston 3,State Assembly,112,DEM,Joe Seeman,512
Saratoga,Ballston 3,State Assembly,112,REP,Mary Beth Walsh,700
Saratoga,Ballston 3,State Assembly,112,CON,Mary Beth Walsh,118
Saratoga,Ballston 3,State Assembly,112,WOR,Joe Seeman,37
Saratoga,Ballston 4,President,,DEM,Kamala D. Harris,437
Saratoga,Ballston 4,President,,REP,Donald J. Trump,370
Saratoga,Ballston 4,President,,CON,Donald J. Trump,52
Saratoga,Ballston 4,President,,WOR,Kamala D. Harris,21
Saratoga,Ballston 4,President,,,Write-in,1
Saratoga,Ballston 4,U.S. Senate,,DEM,Kirsten E. Gillibrand,432
Saratoga,Ballston 4,U.S. Senate,,REP,Michael D. Sapraicone,352
Saratoga,Ballston 4,U.S. Senate,,CON,Michael D. Sapraicone,50
Saratoga,Ballston 4,U.S. Senate,,WOR,Kirsten E. Gillibrand,36
Saratoga,Ballston 4,U.S. Senate,,LAR,Diane Sare,2
Saratoga,Ballston 4,U.S. House,20,DEM,Paul D. Tonko,437
Saratoga,Ballston 4,U.S. House,20,REP,Kevin M. Waltz,348
Saratoga,Ballston 4,U.S. House,20,CON,Kevin M. Waltz,53
Saratoga,Ballston 4,U.S. House,20,WOR,Paul D. Tonko,31
Saratoga,Ballston 4,State Senate,44,DEM,Minita J. Sanghvi,307
Saratoga,Ballston 4,State Senate,44,REP,James N. Tedisco,473
Saratoga,Ballston 4,State Senate,44,CON,James N. Tedisco,68
Saratoga,Ballston 4,State Senate,44,WOR,Minita J. Sanghvi,16
Saratoga,Ballston 4,State Assembly,112,DEM,Joe Seeman,325
Saratoga,Ballston 4,State Assembly,112,REP,Mary Beth Walsh,450
Saratoga,Ballston 4,State Assembly,112,CON,Mary Beth Walsh,64
Saratoga,Ballston 4,State Assembly,112,WOR,Joe Seeman,21
Saratoga,Ballston 5,President,,DEM,Kamala D. Harris,243
Saratoga,Ballston 5,President,,REP,Donald J. Trump,216
Saratoga,Ballston 5,President,,CON,Donald J. Trump,28
Saratoga,Ballston 5,President,,WOR,Kamala D. Harris,17
Saratoga,Ballston 5,President,,,Write-in,2
Saratoga,Ballston 5,U.S. Senate,,DEM,Kirsten E. Gillibrand,244
Saratoga,Ballston 5,U.S. Senate,,REP,Michael D. Sapraicone,200
Saratoga,Ballston 5,U.S. Senate,,CON,Michael D. Sapraicone,35
Saratoga,Ballston 5,U.S. Senate,,WOR,Kirsten E. Gillibrand,24
Saratoga,Ballston 5,U.S. Senate,,LAR,Diane Sare,2
Saratoga,Ballston 5,U.S. House,20,DEM,Paul D. Tonko,250
Saratoga,Ballston 5,U.S. House,20,REP,Kevin M. Waltz,198
Saratoga,Ballston 5,U.S. House,20,CON,Kevin M. Waltz,36
Saratoga,Ballston 5,U.S. House,20,WOR,Paul D. Tonko,21
Saratoga,Ballston 5,U.S. House,20,,Write-in,1
Saratoga,Ballston 5,State Senate,44,DEM,Minita J. Sanghvi,178
Saratoga,Ballston 5,State Senate,44,REP,James N. Tedisco,261
Saratoga,Ballston 5,State Senate,44,CON,James N. Tedisco,44
Saratoga,Ballston 5,State Senate,44,WOR,Minita J. Sanghvi,16
Saratoga,Ballston 5,State Senate,44,,Write-in,1
Saratoga,Ballston 5,State Assembly,112,DEM,Joe Seeman,184
Saratoga,Ballston 5,State Assembly,112,REP,Mary Beth Walsh,256
Saratoga,Ballston 5,State Assembly,112,CON,Mary Beth Walsh,41
Saratoga,Ballston 5,State Assembly,112,WOR,Joe Seeman,15
Saratoga,Ballston 5,State Assembly,112,,Write-in,2
Saratoga,Ballston 6,President,,DEM,Kamala D. Harris,684
Saratoga,Ballston 6,President,,REP,Donald J. Trump,554
Saratoga,Ballston 6,President,,CON,Donald J. Trump,71
Saratoga,Ballston 6,President,,WOR,Kamala D. Harris,32
Saratoga,Ballston 6,President,,,Write-in,10
Saratoga,Ballston 6,U.S. Senate,,DEM,Kirsten E. Gillibrand,678
Saratoga,Ballston 6,U.S. Senate,,REP,Michael D. Sapraicone,537
Saratoga,Ballston 6,U.S. Senate,,CON,Michael D. Sapraicone,82
Saratoga,Ballston 6,U.S. Senate,,WOR,Kirsten E. Gillibrand,39
Saratoga,Ballston 6,U.S. Senate,,LAR,Diane Sare,1
Saratoga,Ballston 6,U.S. House,20,DEM,Paul D. Tonko,672
Saratoga,Ballston 6,U.S. House,20,REP,Kevin M. Waltz,533
Saratoga,Ballston 6,U.S. House,20,CON,Kevin M. Waltz,80
Saratoga,Ballston 6,U.S. House,20,WOR,Paul D. Tonko,47
Saratoga,Ballston 6,State Senate,44,DEM,Minita J. Sanghvi,476
Saratoga,Ballston 6,State Senate,44,REP,James N. Tedisco,719
Saratoga,Ballston 6,State Senate,44,CON,James N. Tedisco,113
Saratoga,Ballston 6,State Senate,44,WOR,Minita J. Sanghvi,29
Saratoga,Ballston 6,State Assembly,112,DEM,Joe Seeman,514
Saratoga,Ballston 6,State Assembly,112,REP,Mary Beth Walsh,681
Saratoga,Ballston 6,State Assembly,112,CON,Mary Beth Walsh,102
Saratoga,Ballston 6,State Assembly,112,WOR,Joe Seeman,32
Saratoga,Ballston 6,State Assembly,112,,Write-in,1
Saratoga,Ballston 7,President,,DEM,Kamala D. Harris,394
Saratoga,Ballston 7,President,,REP,Donald J. Trump,329
Saratoga,Ballston 7,President,,CON,Donald J. Trump,39
Saratoga,Ballston 7,President,,WOR,Kamala D. Harris,15
Saratoga,Ballston 7,President,,,Write-in,2
Saratoga,Ballston 7,U.S. Senate,,DEM,Kirsten E. Gillibrand,398
Saratoga,Ballston 7,U.S. Senate,,REP,Michael D. Sapraicone,302
Saratoga,Ballston 7,U.S. Senate,,CON,Michael D. Sapraicone,39
Saratoga,Ballston 7,U.S. Senate,,WOR,Kirsten E. Gillibrand,22
Saratoga,Ballston 7,U.S. Senate,,LAR,Diane Sare,4
Saratoga,Ballston 7,U.S. Senate,,,Write-in,1
Saratoga,Ballston 7,U.S. House,20,DEM,Paul D. Tonko,394
Saratoga,Ballston 7,U.S. House,20,REP,Kevin M. Waltz,309
Saratoga,Ballston 7,U.S. House,20,CON,Kevin M. Waltz,36
Saratoga,Ballston 7,U.S. House,20,WOR,Paul D. Tonko,24
Saratoga,Ballston 7,State Senate,44,DEM,Minita J. Sanghvi,285
Saratoga,Ballston 7,State Senate,44,REP,James N. Tedisco,411
Saratoga,Ballston 7,State Senate,44,CON,James N. Tedisco,51
Saratoga,Ballston 7,State Senate,44,WOR,Minita J. Sanghvi,15
Saratoga,Ballston 7,State Assembly,112,DEM,Joe Seeman,309
Saratoga,Ballston 7,State Assembly,112,REP,Mary Beth Walsh,380
Saratoga,Ballston 7,State Assembly,112,CON,Mary Beth Walsh,50
Saratoga,Ballston 7,State Assembly,112,WOR,Joe Seeman,15
Saratoga,Ballston 8,President,,DEM,Kamala D. Harris,266
Saratoga,Ballston 8,President,,REP,Donald J. Trump,314
Saratoga,Ballston 8,President,,CON,Donald J. Trump,49
Saratoga,Ballston 8,President,,WOR,Kamala D. Harris,13
Saratoga,Ballston 8,President,,,Write-in,3
Saratoga,Ballston 8,U.S. Senate,,DEM,Kirsten E. Gillibrand,268
Saratoga,Ballston 8,U.S. Senate,,REP,Michael D. Sapraicone,296
Saratoga,Ballston 8,U.S. Senate,,CON,Michael D. Sapraicone,53
Saratoga,Ballston 8,U.S. Senate,,WOR,Kirsten E. Gillibrand,24
Saratoga,Ballston 8,U.S. Senate,,LAR,Diane Sare,3
Saratoga,Ballston 8,U.S. House,20,DEM,Paul D. Tonko,257
Saratoga,Ballston 8,U.S. House,20,REP,Kevin M. Waltz,308
Saratoga,Ballston 8,U.S. House,20,CON,Kevin M. Waltz,51
Saratoga,Ballston 8,U.S. House,20,WOR,Paul D. Tonko,24
Saratoga,Ballston 8,State Senate,44,DEM,Minita J. Sanghvi,183
Saratoga,Ballston 8,State Senate,44,REP,James N. Tedisco,381
Saratoga,Ballston 8,State Senate,44,CON,James N. Tedisco,60
Saratoga,Ballston 8,State Senate,44,WOR,Minita J. Sanghvi,11
Saratoga,Ballston 8,State Senate,44,,Write-in,1
Saratoga,Ballston 8,State Assembly,112,DEM,Joe Seeman,194
Saratoga,Ballston 8,State Assembly,112,REP,Mary Beth Walsh,368
Saratoga,Ballston 8,State Assembly,112,CON,Mary Beth Walsh,56
Saratoga,Ballston 8,State Assembly,112,WOR,Joe Seeman,11
Saratoga,Ballston 8,State Assembly,112,,Write-in,2
Saratoga,Ballston 9,President,,DEM,Kamala D. Harris,218
Saratoga,Ballston 9,President,,REP,Donald J. Trump,186
Saratoga,Ballston 9,President,,CON,Donald J. Trump,33
Saratoga,Ballston 9,President,,WOR,Kamala D. Harris,15
Saratoga,Ballston 9,President,,,Write-in,3
Saratoga,Ballston 9,U.S. Senate,,DEM,Kirsten E. Gillibrand,209
Saratoga,Ballston 9,U.S. Senate,,REP,Michael D. Sapraicone,184
Saratoga,Ballston 9,U.S. Senate,,CON,Michael D. Sapraicone,38
Saratoga,Ballston 9,U.S. Senate,,WOR,Kirsten E. Gillibrand,26
Saratoga,Ballston 9,U.S. Senate,,LAR,Diane Sare,1
Saratoga,Ballston 9,U.S. House,20,DEM,Paul D. Tonko,211
Saratoga,Ballston 9,U.S. House,20,REP,Kevin M. Waltz,179
Saratoga,Ballston 9,U.S. House,20,CON,Kevin M. Waltz,34
Saratoga,Ballston 9,U.S. House,20,WOR,Paul D. Tonko,29
Saratoga,Ballston 9,State Senate,44,DEM,Minita J. Sanghvi,149
Saratoga,Ballston 9,State Senate,44,REP,James N. Tedisco,245
Saratoga,Ballston 9,State Senate,44,CON,James N. Tedisco,46
Saratoga,Ballston 9,State Senate,44,WOR,Minita J. Sanghvi,15
Saratoga,Ballston 9,State Assembly,112,DEM,Joe Seeman,155
Saratoga,Ballston 9,State Assembly,112,REP,Mary Beth Walsh,239
Saratoga,Ballston 9,State Assembly,112,CON,Mary Beth Walsh,41
Saratoga,Ballston 9,State Assembly,112,WOR,Joe Seeman,19
Saratoga,Ballston 9,State Assembly,112,,Write-in,1
Saratoga,Charlton 1,President,,DEM,Kamala D. Harris,378
Saratoga,Charlton 1,President,,REP,Donald J. Trump,425
Saratoga,Charlton 1,President,,CON,Donald J. Trump,61
Saratoga,Charlton 1,President,,WOR,Kamala D. Harris,24
Saratoga,Charlton 1,President,,,Write-in,4
Saratoga,Charlton 1,U.S. Senate,,DEM,Kirsten E. Gillibrand,369
Saratoga,Charlton 1,U.S. Senate,,REP,Michael D. Sapraicone,403
Saratoga,Charlton 1,U.S. Senate,,CON,Michael D. Sapraicone,70
Saratoga,Charlton 1,U.S. Senate,,WOR,Kirsten E. Gillibrand,30
Saratoga,Charlton 1,U.S. Senate,,LAR,Diane Sare,3
Saratoga,Charlton 1,U.S. House,20,DEM,Paul D. Tonko,363
Saratoga,Charlton 1,U.S. House,20,REP,Kevin M. Waltz,406
Saratoga,Charlton 1,U.S. House,20,CON,Kevin M. Waltz,74
Saratoga,Charlton 1,U.S. House,20,WOR,Paul D. Tonko,33
Saratoga,Charlton 1,State Senate,44,DEM,Minita J. Sanghvi,260
Saratoga,Charlton 1,State Senate,44,REP,James N. Tedisco,518
Saratoga,Charlton 1,State Senate,44,CON,James N. Tedisco,95
Saratoga,Charlton 1,State Senate,44,WOR,Minita J. Sanghvi,19
Saratoga,Charlton 1,State Assembly,112,DEM,Joe Seeman,261
Saratoga,Charlton 1,State Assembly,112,REP,Mary Beth Walsh,503
Saratoga,Charlton 1,State Assembly,112,CON,Mary Beth Walsh,90
Saratoga,Charlton 1,State Assembly,112,WOR,Joe Seeman,21
Saratoga,Charlton 2,President,,DEM,Kamala D. Harris,145
Saratoga,Charlton 2,President,,REP,Donald J. Trump,231
Saratoga,Charlton 2,President,,CON,Donald J. Trump,27
Saratoga,Charlton 2,President,,WOR,Kamala D. Harris,8
Saratoga,Charlton 2,President,,,Write-in,3
Saratoga,Charlton 2,U.S. Senate,,DEM,Kirsten E. Gillibrand,139
Saratoga,Charlton 2,U.S. Senate,,REP,Michael D. Sapraicone,218
Saratoga,Charlton 2,U.S. Senate,,CON,Michael D. Sapraicone,30
Saratoga,Charlton 2,U.S. Senate,,WOR,Kirsten E. Gillibrand,16
Saratoga,Charlton 2,U.S. Senate,,LAR,Diane Sare,2
Saratoga,Charlton 2,U.S. House,20,DEM,Paul D. Tonko,143
Saratoga,Charlton 2,U.S. House,20,REP,Kevin M. Waltz,208
Saratoga,Charlton 2,U.S. House,20,CON,Kevin M. Waltz,34
Saratoga,Charlton 2,U.S. House,20,WOR,Paul D. Tonko,16
Saratoga,Charlton 2,State Senate,44,DEM,Minita J. Sanghvi,84
Saratoga,Charlton 2,State Senate,44,REP,James N. Tedisco,277
Saratoga,Charlton 2,State Senate,44,CON,James N. Tedisco,38
Saratoga,Charlton 2,State Senate,44,WOR,Minita J. Sanghvi,5
Saratoga,Charlton 2,State Assembly,112,DEM,Joe Seeman,99
Saratoga,Charlton 2,State Assembly,112,REP,Mary Beth Walsh,258
Saratoga,Charlton 2,State Assembly,112,CON,Mary Beth Walsh,36
Saratoga,Charlton 2,State Assembly,112,WOR,Joe Seeman,4
Saratoga,Charlton 3,President,,DEM,Kamala D. Harris,236
Saratoga,Charlton 3,President,,REP,Donald J. Trump,273
Saratoga,Charlton 3,President,,CON,Donald J. Trump,37
Saratoga,Charlton 3,President,,WOR,Kamala D. Harris,23
Saratoga,Charlton 3,President,,,Write-in,6
Saratoga,Charlton 3,U.S. Senate,,DEM,Kirsten E. Gillibrand,233
Saratoga,Charlton 3,U.S. Senate,,REP,Michael D. Sapraicone,252
Saratoga,Charlton 3,U.S. Senate,,CON,Michael D. Sapraicone,48
Saratoga,Charlton 3,U.S. Senate,,WOR,Kirsten E. Gillibrand,33
Saratoga,Charlton 3,U.S. Senate,,LAR,Diane Sare,1
Saratoga,Charlton 3,U.S. House,20,DEM,Paul D. Tonko,237
Saratoga,Charlton 3,U.S. House,20,REP,Kevin M. Waltz,251
Saratoga,Charlton 3,U.S. House,20,CON,Kevin M. Waltz,48
Saratoga,Charlton 3,U.S. House,20,WOR,Paul D. Tonko,28
Saratoga,Charlton 3,State Senate,44,DEM,Minita J. Sanghvi,172
Saratoga,Charlton 3,State Senate,44,REP,James N. Tedisco,320
Saratoga,Charlton 3,State Senate,44,CON,James N. Tedisco,59
Saratoga,Charlton 3,State Senate,44,WOR,Minita J. Sanghvi,18
Saratoga,Charlton 3,State Assembly,112,DEM,Joe Seeman,177
Saratoga,Charlton 3,State Assembly,112,REP,Mary Beth Walsh,313
Saratoga,Charlton 3,State Assembly,112,CON,Mary Beth Walsh,52
Saratoga,Charlton 3,State Assembly,112,WOR,Joe Seeman,17
Saratoga,Charlton 4,President,,DEM,Kamala D. Harris,397
Saratoga,Charlton 4,President,,REP,Donald J. Trump,453
Saratoga,Charlton 4,President,,CON,Donald J. Trump,63
Saratoga,Charlton 4,President,,WOR,Kamala D. Harris,30
Saratoga,Charlton 4,President,,,Write-in,2
Saratoga,Charlton 4,U.S. Senate,,DEM,Kirsten E. Gillibrand,384
Saratoga,Charlton 4,U.S. Senate,,REP,Michael D. Sapraicone,434
Saratoga,Charlton 4,U.S. Senate,,CON,Michael D. Sapraicone,73
Saratoga,Charlton 4,U.S. Senate,,WOR,Kirsten E. Gillibrand,42
Saratoga,Charlton 4,U.S. Senate,,LAR,Diane Sare,3
Saratoga,Charlton 4,U.S. House,20,DEM,Paul D. Tonko,390
Saratoga,Charlton 4,U.S. House,20,REP,Kevin M. Waltz,429
Saratoga,Charlton 4,U.S. House,20,CON,Kevin M. Waltz,74
Saratoga,Charlton 4,U.S. House,20,WOR,Paul D. Tonko,38
Saratoga,Charlton 4,State Senate,44,DEM,Minita J. Sanghvi,288
Saratoga,Charlton 4,State Senate,44,REP,James N. Tedisco,537
Saratoga,Charlton 4,State Senate,44,CON,James N. Tedisco,88
Saratoga,Charlton 4,State Senate,44,WOR,Minita J. Sanghvi,24
Saratoga,Charlton 4,State Assembly,112,DEM,Joe Seeman,294
Saratoga,Charlton 4,State Assembly,112,REP,Mary Beth Walsh,519
Saratoga,Charlton 4,State Assembly,112,CON,Mary Beth Walsh,87
Saratoga,Charlton 4,State Assembly,112,WOR,Joe Seeman,28
Saratoga,Clifton Park 1,President,,DEM,Kamala D. Harris,381
Saratoga,Clifton Park 1,President,,REP,Donald J. Trump,280
Saratoga,Clifton Park 1,President,,CON,Donald J. Trump,45
Saratoga,Clifton Park 1,President,,WOR,Kamala D. Harris,25
Saratoga,Clifton Park 1,President,,,Write-in,3
Saratoga,Clifton Park 1,U.S. Senate,,DEM,Kirsten E. Gillibrand,379
Saratoga,Clifton Park 1,U.S. Senate,,REP,Michael D. Sapraicone,258
Saratoga,Clifton Park 1,U.S. Senate,,CON,Michael D. Sapraicone,56
Saratoga,Clifton Park 1,U.S. Senate,,WOR,Kirsten E. Gillibrand,27
Saratoga,Clifton Park 1,U.S. Senate,,LAR,Diane Sare,5
Saratoga,Clifton Park 1,U.S. House,20,DEM,Paul D. Tonko,377
Saratoga,Clifton Park 1,U.S. House,20,REP,Kevin M. Waltz,259
Saratoga,Clifton Park 1,U.S. House,20,CON,Kevin M. Waltz,50
Saratoga,Clifton Park 1,U.S. House,20,WOR,Paul D. Tonko,39
Saratoga,Clifton Park 1,State Senate,44,DEM,Minita J. Sanghvi,287
Saratoga,Clifton Park 1,State Senate,44,REP,James N. Tedisco,351
Saratoga,Clifton Park 1,State Senate,44,CON,James N. Tedisco,63
Saratoga,Clifton Park 1,State Senate,44,WOR,Minita J. Sanghvi,23
Saratoga,Clifton Park 1,State Assembly,112,DEM,Joe Seeman,312
Saratoga,Clifton Park 1,State Assembly,112,REP,Mary Beth Walsh,319
Saratoga,Clifton Park 1,State Assembly,112,CON,Mary Beth Walsh,62
Saratoga,Clifton Park 1,State Assembly,112,WOR,Joe Seeman,25
Saratoga,Clifton Park 2,President,,DEM,Kamala D. Harris,313
Saratoga,Clifton Park 2,President,,REP,Donald J. Trump,209
Saratoga,Clifton Park 2,President,,CON,Donald J. Trump,40
Saratoga,Clifton Park 2,President,,WOR,Kamala D. Harris,24
Saratoga,Clifton Park 2,President,,,Write-in,2
Saratoga,Clifton Park 2,U.S. Senate,,DEM,Kirsten E. Gillibrand,301
Saratoga,Clifton Park 2,U.S. Senate,,REP,Michael D. Sapraicone,200
Saratoga,Clifton Park 2,U.S. Senate,,CON,Michael D. Sapraicone,43
Saratoga,Clifton Park 2,U.S. Senate,,WOR,Kirsten E. Gillibrand,32
Saratoga,Clifton Park 2,U.S. Senate,,LAR,Diane Sare,6
Saratoga,Clifton Park 2,U.S. House,20,DEM,Paul D. Tonko,301
Saratoga,Clifton Park 2,U.S. House,20,REP,Kevin M. Waltz,197
Saratoga,Clifton Park 2,U.S. House,20,CON,Kevin M. Waltz,41
Saratoga,Clifton Park 2,U.S. House,20,WOR,Paul D. Tonko,41
Saratoga,Clifton Park 2,State Senate,44,DEM,Minita J. Sanghvi,228
Saratoga,Clifton Park 2,State Senate,44,REP,James N. Tedisco,279
Saratoga,Clifton Park 2,State Senate,44,CON,James N. Tedisco,46
Saratoga,Clifton Park 2,State Senate,44,WOR,Minita J. Sanghvi,29
Saratoga,Clifton Park 2,State Assembly,112,DEM,Joe Seeman,256
Saratoga,Clifton Park 2,State Assembly,112,REP,Mary Beth Walsh,246
Saratoga,Clifton Park 2,State Assembly,112,CON,Mary Beth Walsh,41
Saratoga,Clifton Park 2,State Assembly,112,WOR,Joe Seeman,36
Saratoga,Clifton Park 3,President,,DEM,Kamala D. Harris,231
Saratoga,Clifton Park 3,President,,REP,Donald J. Trump,168
Saratoga,Clifton Park 3,President,,CON,Donald J. Trump,37
Saratoga,Clifton Park 3,President,,WOR,Kamala D. Harris,6
Saratoga,Clifton Park 3,President,,,Write-in,1
Saratoga,Clifton Park 3,U.S. Senate,,DEM,Kirsten E. Gillibrand,232
Saratoga,Clifton Park 3,U.S. Senate,,REP,Michael D. Sapraicone,155
Saratoga,Clifton Park 3,U.S. Senate,,CON,Michael D. Sapraicone,39
Saratoga,Clifton Park 3,U.S. Senate,,WOR,Kirsten E. Gillibrand,15
Saratoga,Clifton Park 3,U.S. Senate,,LAR,Diane Sare,2
Saratoga,Clifton Park 3,U.S. Senate,,,Write-in,1
Saratoga,Clifton Park 3,U.S. House,20,DEM,Paul D. Tonko,237
Saratoga,Clifton Park 3,U.S. House,20,REP,Kevin M. Waltz,148
Saratoga,Clifton Park 3,U.S. House,20,CON,Kevin M. Waltz,43
Saratoga,Clifton Park 3,U.S. House,20,WOR,Paul D. Tonko,13
Saratoga,Clifton Park 3,U.S. House,20,,Write-in,1
Saratoga,Clifton Park 3,State Senate,44,DEM,Minita J. Sanghvi,169
Saratoga,Clifton Park 3,State Senate,44,REP,James N. Tedisco,217
Saratoga,Clifton Park 3,State Senate,44,CON,James N. Tedisco,44
Saratoga,Clifton Park 3,State Senate,44,WOR,Minita J. Sanghvi,10
Saratoga,Clifton Park 3,State Assembly,112,DEM,Joe Seeman,186
Saratoga,Clifton Park 3,State Assembly,112,REP,Mary Beth Walsh,199
Saratoga,Clifton Park 3,State Assembly,112,CON,Mary Beth Walsh,44
Saratoga,Clifton Park 3,State Assembly,112,WOR,Joe Seeman,11
Saratoga,Clifton Park 4,President,,DEM,Kamala D. Harris,509
Saratoga,Clifton Park 4,President,,REP,Donald J. Trump,393
Saratoga,Clifton Park 4,President,,CON,Donald J. Trump,57
Saratoga,Clifton Park 4,President,,WOR,Kamala D. Harris,28
Saratoga,Clifton Park 4,President,,,Write-in,7
Saratoga,Clifton Park 4,U.S. Senate,,DEM,Kirsten E. Gillibrand,510
Saratoga,Clifton Park 4,U.S. Senate,,REP,Michael D. Sapraicone,369
Saratoga,Clifton Park 4,U.S. Senate,,CON,Michael D. Sapraicone,62
Saratoga,Clifton Park 4,U.S. Senate,,WOR,Kirsten E. Gillibrand,32
Saratoga,Clifton Park 4,U.S. Senate,,LAR,Diane Sare,3
Saratoga,Clifton Park 4,U.S. Senate,,,Write-in,1
Saratoga,Clifton Park 4,U.S. House,20,DEM,Paul D. Tonko,510
Saratoga,Clifton Park 4,U.S. House,20,REP,Kevin M. Waltz,365
Saratoga,Clifton Park 4,U.S. House,20,CON,Kevin M. Waltz,62
Saratoga,Clifton Park 4,U.S. House,20,WOR,Paul D. Tonko,35
Saratoga,Clifton Park 4,State Senate,44,DEM,Minita J. Sanghvi,343
Saratoga,Clifton Park 4,State Senate,44,REP,James N. Tedisco,523
Saratoga,Clifton Park 4,State Senate,44,CON,James N. Tedisco,88
Saratoga,Clifton Park 4,State Senate,44,WOR,Minita J. Sanghvi,21
Saratoga,Clifton Park 4,State Assembly,112,DEM,Joe Seeman,389
Saratoga,Clifton Park 4,State Assembly,112,REP,Mary Beth Walsh,481
Saratoga,Clifton Park 4,State Assembly,112,CON,Mary Beth Walsh,73
Saratoga,Clifton Park 4,State Assembly,112,WOR,Joe Seeman,25
Saratoga,Clifton Park 5,President,,DEM,Kamala D. Harris,128
Saratoga,Clifton Park 5,President,,REP,Donald J. Trump,134
Saratoga,Clifton Park 5,President,,CON,Donald J. Trump,30
Saratoga,Clifton Park 5,President,,WOR,Kamala D. Harris,6
Saratoga,Clifton Park 5,U.S. Senate,,DEM,Kirsten E. Gillibrand,119
Saratoga,Clifton Park 5,U.S. Senate,,REP,Michael D. Sapraicone,129
Saratoga,Clifton Park 5,U.S. Senate,,CON,Michael D. Sapraicone,31
Saratoga,Clifton Park 5,U.S. Senate,,WOR,Kirsten E. Gillibrand,7
Saratoga,Clifton Park 5,U.S. House,20,DEM,Paul D. Tonko,129
Saratoga,Clifton Park 5,U.S. House,20,REP,Kevin M. Waltz,126
Saratoga,Clifton Park 5,U.S. House,20,CON,Kevin M. Waltz,30
Saratoga,Clifton Park 5,U.S. House,20,WOR,Paul D. Tonko,6
Saratoga,Clifton Park 5,State Senate,44,DEM,Minita J. Sanghvi,87
Saratoga,Clifton Park 5,State Senate,44,REP,James N. Tedisco,160
Saratoga,Clifton Park 5,State Senate,44,CON,James N. Tedisco,38
Saratoga,Clifton Park 5,State Senate,44,WOR,Minita J. Sanghvi,6
Saratoga,Clifton Park 5,State Assembly,112,DEM,Joe Seeman,90
Saratoga,Clifton Park 5,State Assembly,112,REP,Mary Beth Walsh,158
Saratoga,Clifton Park 5,State Assembly,112,CON,Mary Beth Walsh,31
Saratoga,Clifton Park 5,State Assembly,112,WOR,Joe Seeman,7
Saratoga,Clifton Park 6,President,,DEM,Kamala D. Harris,330
Saratoga,Clifton Park 6,President,,REP,Donald J. Trump,269
Saratoga,Clifton Park 6,President,,CON,Donald J. Trump,46
Saratoga,Clifton Park 6,President,,WOR,Kamala D. Harris,26
Saratoga,Clifton Park 6,President,,,Write-in,1
Saratoga,Clifton Park 6,U.S. Senate,,DEM,Kirsten E. Gillibrand,334
Saratoga,Clifton Park 6,U.S. Senate,,REP,Michael D. Sapraicone,257
Saratoga,Clifton Park 6,U.S. Senate,,CON,Michael D. Sapraicone,46
Saratoga,Clifton Park 6,U.S. Senate,,WOR,Kirsten E. Gillibrand,24
Saratoga,Clifton Park 6,U.S. Senate,,LAR,Diane Sare,2
Saratoga,Clifton Park 6,U.S. House,20,DEM,Paul D. Tonko,340
Saratoga,Clifton Park 6,U.S. House,20,REP,Kevin M. Waltz,246
Saratoga,Clifton Park 6,U.S. House,20,CON,Kevin M. Waltz,44
Saratoga,Clifton Park 6,U.S. House,20,WOR,Paul D. Tonko,26
Saratoga,Clifton Park 6,State Senate,44,DEM,Minita J. Sanghvi,248
Saratoga,Clifton Park 6,State Senate,44,REP,James N. Tedisco,331
Saratoga,Clifton Park 6,State Senate,44,CON,James N. Tedisco,60
Saratoga,Clifton Park 6,State Senate,44,WOR,Minita J. Sanghvi,21
Saratoga,Clifton Park 6,State Assembly,112,DEM,Joe Seeman,267
Saratoga,Clifton Park 6,State Assembly,112,REP,Mary Beth Walsh,306
Saratoga,Clifton Park 6,State Assembly,112,CON,Mary Beth Walsh,53
Saratoga,Clifton Park 6,State Assembly,112,WOR,Joe Seeman,22
Saratoga,Clifton Park 7,President,,DEM,Kamala D. Harris,184
Saratoga,Clifton Park 7,President,,REP,Donald J. Trump,136
Saratoga,Clifton Park 7,President,,CON,Donald J. Trump,19
Saratoga,Clifton Park 7,President,,WOR,Kamala D. Harris,13
Saratoga,Clifton Park 7,President,,,Write-in,1
Saratoga,Clifton Park 7,U.S. Senate,,DEM,Kirsten E. Gillibrand,178
Saratoga,Clifton Park 7,U.S. Senate,,REP,Michael D. Sapraicone,140
Saratoga,Clifton Park 7,U.S. Senate,,CON,Michael D. Sapraicone,19
Saratoga,Clifton Park 7,U.S. Senate,,WOR,Kirsten E. Gillibrand,14
Saratoga,Clifton Park 7,U.S. Senate,,LAR,Diane Sare,1
Saratoga,Clifton Park 7,U.S. House,20,DEM,Paul D. Tonko,174
Saratoga,Clifton Park 7,U.S. House,20,REP,Kevin M. Waltz,141
Saratoga,Clifton Park 7,U.S. House,20,CON,Kevin M. Waltz,21
Saratoga,Clifton Park 7,U.S. House,20,WOR,Paul D. Tonko,14
Saratoga,Clifton Park 7,State Senate,44,DEM,Minita J. Sanghvi,131
Saratoga,Clifton Park 7,State Senate,44,REP,James N. Tedisco,180
Saratoga,Clifton Park 7,State Senate,44,CON,James N. Tedisco,29
Saratoga,Clifton Park 7,State Senate,44,WOR,Minita J. Sanghvi,10
Saratoga,Clifton Park 7,State Assembly,112,DEM,Joe Seeman,147
Saratoga,Clifton Park 7,State Assembly,112,REP,Mary Beth Walsh,167
Saratoga,Clifton Park 7,State Assembly,112,CON,Mary Beth Walsh,24
Saratoga,Clifton Park 7,State Assembly,112,WOR,Joe Seeman,10
Saratoga,Clifton Park 8,President,,DEM,Kamala D. Harris,431
Saratoga,Clifton Park 8,President,,REP,Donald J. Trump,269
Saratoga,Clifton Park 8,President,,CON,Donald J. Trump,36
Saratoga,Clifton Park 8,President,,WOR,Kamala D. Harris,23
Saratoga,Clifton Park 8,President,,,Write-in,8
Saratoga,Clifton Park 8,U.S. Senate,,DEM,Kirsten E. Gillibrand,424
Saratoga,Clifton Park 8,U.S. Senate,,REP,Michael D. Sapraicone,241
Saratoga,Clifton Park 8,U.S. Senate,,CON,Michael D. Sapraicone,35
Saratoga,Clifton Park 8,U.S. Senate,,WOR,Kirsten E. Gillibrand,42
Saratoga,Clifton Park 8,U.S. Senate,,LAR,Diane Sare,4
Saratoga,Clifton Park 8,U.S. Senate,,,Write-in,1
Saratoga,Clifton Park 8,U.S. House,20,DEM,Paul D. Tonko,439
Saratoga,Clifton Park 8,U.S. House,20,REP,Kevin M. Waltz,234
Saratoga,Clifton Park 8,U.S. House,20,CON,Kevin M. Waltz,34
Saratoga,Clifton Park 8,U.S. House,20,WOR,Paul D. Tonko,40
Saratoga,Clifton Park 8,U.S. House,20,,Write-in,1
Saratoga,Clifton Park 8,State Senate,44,DEM,Minita J. Sanghvi,321
Saratoga,Clifton Park 8,State Senate,44,REP,James N. Tedisco,345
Saratoga,Clifton Park 8,State Senate,44,CON,James N. Tedisco,46
Saratoga,Clifton Park 8,State Senate,44,WOR,Minita J. Sanghvi,31
Saratoga,Clifton Park 8,State Senate,44,,Write-in,1
Saratoga,Clifton Park 8,State Assembly,112,DEM,Joe Seeman,353
Saratoga,Clifton Park 8,State Assembly,112,REP,Mary Beth Walsh,301
Saratoga,Clifton Park 8,State Assembly,112,CON,Mary Beth Walsh,43
Saratoga,Clifton Park 8,State Assembly,112,WOR,Joe Seeman,33
Saratoga,Clifton Park 8,State Assembly,112,,Write-in,1
Saratoga,Clifton Park 9,President,,DEM,Kamala D. Harris,179
Saratoga,Clifton Park 9,President,,REP,Donald J. Trump,84
Saratoga,Clifton Park 9,President,,CON,Donald J. Trump,13
Saratoga,Clifton Park 9,President,,WOR,Kamala D. Harris,6
Saratoga,Clifton Park 9,President,,,Write-in,2
Saratoga,Clifton Park 9,U.S. Senate,,DEM,Kirsten E. Gillibrand,175
Saratoga,Clifton Park 9,U.S. Senate,,REP,Michael D. Sapraicone,82
Saratoga,Clifton Park 9,U.S. Senate,,CON,Michael D. Sapraicone,13
Saratoga,Clifton Park 9,U.S. Senate,,WOR,Kirsten E. Gillibrand,9
Saratoga,Clifton Park 9,U.S. Senate,,LAR,Diane Sare,4
Saratoga,Clifton Park 9,U.S. House,20,DEM,Paul D. Tonko,177
Saratoga,Clifton Park 9,U.S. House,20,REP,Kevin M. Waltz,84
Saratoga,Clifton Park 9,U.S. House,20,CON,Kevin M. Waltz,13
Saratoga,Clifton Park 9,U.S. House,20,WOR,Paul D. Tonko,10
Saratoga,Clifton Park 9,State Senate,44,DEM,Minita J. Sanghvi,153
Saratoga,Clifton Park 9,State Senate,44,REP,James N. Tedisco,99
Saratoga,Clifton Park 9,State Senate,44,CON,James N. Tedisco,20
Saratoga,Clifton Park 9,State Senate,44,WOR,Minita J. Sanghvi,9
Saratoga,Clifton Park 9,State Assembly,112,DEM,Joe Seeman,159
Saratoga,Clifton Park 9,State Assembly,112,REP,Mary Beth Walsh,95
Saratoga,Clifton Park 9,State Assembly,112,CON,Mary Beth Walsh,17
Saratoga,Clifton Park 9,State Assembly,112,WOR,Joe Seeman,7
Saratoga,Clifton Park 10,President,,DEM,Kamala D. Harris,418
Saratoga,Clifton Park 10,President,,REP,Donald J. Trump,288
Saratoga,Clifton Park 10,President,,CON,Donald J. Trump,44
Saratoga,Clifton Park 10,President,,WOR,Kamala D. Harris,37
Saratoga,Clifton Park 10,President,,,Write-in,3
Saratoga,Clifton Park 10,U.S. Senate,,DEM,Kirsten E. Gillibrand,407
Saratoga,Clifton Park 10,U.S. Senate,,REP,Michael D. Sapraicone,272
Saratoga,Clifton Park 10,U.S. Senate,,CON,Michael D. Sapraicone,41
Saratoga,Clifton Park 10,U.S. Senate,,WOR,Kirsten E. Gillibrand,48
Saratoga,Clifton Park 10,U.S. Senate,,LAR,Diane Sare,4
Saratoga,Clifton Park 10,U.S. Senate,,,Write-in,1
Saratoga,Clifton Park 10,U.S. House,20,DEM,Paul D. Tonko,406
Saratoga,Clifton Park 10,U.S. House,20,REP,Kevin M. Waltz,272
Saratoga,Clifton Park 10,U.S. House,20,CON,Kevin M. Waltz,42
Saratoga,Clifton Park 10,U.S. House,20,WOR,Paul D. Tonko,47
Saratoga,Clifton Park 10,U.S. House,20,,Write-in,2
Saratoga,Clifton Park 10,State Senate,44,DEM,Minita J. Sanghvi,305
Saratoga,Clifton Park 10,State Senate,44,REP,James N. Tedisco,373
Saratoga,Clifton Park 10,State Senate,44,CON,James N. Tedisco,60
Saratoga,Clifton Park 10,State Senate,44,WOR,Minita J. Sanghvi,32
Saratoga,Clifton Park 10,State Senate,44,,Write-in,1
Saratoga,Clifton Park 10,State Assembly,112,DEM,Joe Seeman,328
Saratoga,Clifton Park 10,State Assembly,112,REP,Mary Beth Walsh,347
Saratoga,Clifton Park 10,State Assembly,112,CON,Mary Beth Walsh,53
Saratoga,Clifton Park 10,State Assembly,112,WOR,Joe Seeman,34
Saratoga,Clifton Park 10,State Assembly,112,,Write-in,2
Saratoga,Clifton Park 11,President,,DEM,Kamala D. Harris,401
Saratoga,Clifton Park 11,President,,REP,Donald J. Trump,291
Saratoga,Clifton Park 11,President,,CON,Donald J. Trump,29
Saratoga,Clifton Park 11,President,,WOR,Kamala D. Harris,18
Saratoga,Clifton Park 11,President,,,Write-in,1
Saratoga,Clifton Park 11,U.S. Senate,,DEM,Kirsten E. Gillibrand,387
Saratoga,Clifton Park 11,U.S. Senate,,REP,Michael D. Sapraicone,285
Saratoga,Clifton Park 11,U.S. Senate,,CON,Michael D. Sapraicone,35
Saratoga,Clifton Park 11,U.S. Senate,,WOR,Kirsten E. Gillibrand,30
Saratoga,Clifton Park 11,U.S. Senate,,LAR,Diane Sare,3
Saratoga,Clifton Park 11,U.S. Senate,,,Write-in,1
Saratoga,Clifton Park 11,U.S. House,20,DEM,Paul D. Tonko,397
Saratoga,Clifton Park 11,U.S. House,20,REP,Kevin M. Waltz,277
Saratoga,Clifton Park 11,U.S. House,20,CON,Kevin M. Waltz,37
Saratoga,Clifton Park 11,U.S. House,20,WOR,Paul D. Tonko,28
Saratoga,Clifton Park 11,State Senate,44,DEM,Minita J. Sanghvi,285
Saratoga,Clifton Park 11,State Senate,44,REP,James N. Tedisco,385
Saratoga,Clifton Park 11,State Senate,44,CON,James N. Tedisco,44
Saratoga,Clifton Park 11,State Senate,44,WOR,Minita J. Sanghvi,20
Saratoga,Clifton Park 11,State Assembly,112,DEM,Joe Seeman,309
Saratoga,Clifton Park 11,State Assembly,112,REP,Mary Beth Walsh,360
Saratoga,Clifton Park 11,State Assembly,112,CON,Mary Beth Walsh,44
Saratoga,Clifton Park 11,State Assembly,112,WOR,Joe Seeman,19
Saratoga,Clifton Park 12,President,,DEM,Kamala D. Harris,493
Saratoga,Clifton Park 12,President,,REP,Donald J. Trump,395
Saratoga,Clifton Park 12,President,,CON,Donald J. Trump,59
Saratoga,Clifton Park 12,President,,WOR,Kamala D. Harris,20
Saratoga,Clifton Park 12,President,,,Write-in,6
Saratoga,Clifton Park 12,U.S. Senate,,DEM,Kirsten E. Gillibrand,489
Saratoga,Clifton Park 12,U.S. Senate,,REP,Michael D. Sapraicone,370
Saratoga,Clifton Park 12,U.S. Senate,,CON,Michael D. Sapraicone,62
Saratoga,Clifton Park 12,U.S. Senate,,WOR,Kirsten E. Gillibrand,28
Saratoga,Clifton Park 12,U.S. Senate,,LAR,Diane Sare,3
Saratoga,Clifton Park 12,U.S. House,20,DEM,Paul D. Tonko,492
Saratoga,Clifton Park 12,U.S. House,20,REP,Kevin M. Waltz,359
Saratoga,Clifton Park 12,U.S. House,20,CON,Kevin M. Waltz,63
Saratoga,Clifton Park 12,U.S. House,20,WOR,Paul D. Tonko,36
Saratoga,Clifton Park 12,State Senate,44,DEM,Minita J. Sanghvi,342
Saratoga,Clifton Park 12,State Senate,44,REP,James N. Tedisco,506
Saratoga,Clifton Park 12,State Senate,44,CON,James N. Tedisco,77
Saratoga,Clifton Park 12,State Senate,44,WOR,Minita J. Sanghvi,26
Saratoga,Clifton Park 12,State Assembly,112,DEM,Joe Seeman,379
Saratoga,Clifton Park 12,State Assembly,112,REP,Mary Beth Walsh,458
Saratoga,Clifton Park 12,State Assembly,112,CON,Mary Beth Walsh,69
Saratoga,Clifton Park 12,State Assembly,112,WOR,Joe Seeman,28
Saratoga,Clifton Park 13,President,,DEM,Kamala D. Harris,288
Saratoga,Clifton Park 13,President,,REP,Donald J. Trump,225
Saratoga,Clifton Park 13,President,,CON,Donald J. Trump,33
Saratoga,Clifton Park 13,President,,WOR,Kamala D. Harris,20
Saratoga,Clifton Park 13,President,,,Write-in,3
Saratoga,Clifton Park 13,U.S. Senate,,DEM,Kirsten E. Gillibrand,293
Saratoga,Clifton Park 13,U.S. Senate,,REP,Michael D. Sapraicone,214
Saratoga,Clifton Park 13,U.S. Senate,,CON,Michael D. Sapraicone,23
Saratoga,Clifton Park 13,U.S. Senate,,WOR,Kirsten E. Gillibrand,25
Saratoga,Clifton Park 13,U.S. Senate,,LAR,Diane Sare,6
Saratoga,Clifton Park 13,U.S. House,20,DEM,Paul D. Tonko,301
Saratoga,Clifton Park 13,U.S. House,20,REP,Kevin M. Waltz,204
Saratoga,Clifton Park 13,U.S. House,20,CON,Kevin M. Waltz,28
Saratoga,Clifton Park 13,U.S. House,20,WOR,Paul D. Tonko,28
Saratoga,Clifton Park 13,U.S. House,20,,Write-in,1
Saratoga,Clifton Park 13,State Senate,44,DEM,Minita J. Sanghvi,213
Saratoga,Clifton Park 13,State Senate,44,REP,James N. Tedisco,303
Saratoga,Clifton Park 13,State Senate,44,CON,James N. Tedisco,33
Saratoga,Clifton Park 13,State Senate,44,WOR,Minita J. Sanghvi,16
Saratoga,Clifton Park 13,State Senate,44,,Write-in,1
Saratoga,Clifton Park 13,State Assembly,112,DEM,Joe Seeman,247
Saratoga,Clifton Park 13,State Assembly,112,REP,Mary Beth Walsh,256
Saratoga,Clifton Park 13,State Assembly,112,CON,Mary Beth Walsh,31
Saratoga,Clifton Park 13,State Assembly,112,WOR,Joe Seeman,22
Saratoga,Clifton Park 13,State Assembly,112,,Write-in,2
Saratoga,Clifton Park 14,President,,DEM,Kamala D. Harris,355
Saratoga,Clifton Park 14,President,,REP,Donald J. Trump,274
Saratoga,Clifton Park 14,President,,CON,Donald J. Trump,51
Saratoga,Clifton Park 14,President,,WOR,Kamala D. Harris,25
Saratoga,Clifton Park 14,President,,,Write-in,9
Saratoga,Clifton Park 14,U.S. Senate,,DEM,Kirsten E. Gillibrand,352
Saratoga,Clifton Park 14,U.S. Senate,,REP,Michael D. Sapraicone,252
Saratoga,Clifton Park 14,U.S. Senate,,CON,Michael D. Sapraicone,59
Saratoga,Clifton Park 14,U.S. Senate,,WOR,Kirsten E. Gillibrand,30
Saratoga,Clifton Park 14,U.S. Senate,,LAR,Diane Sare,7
Saratoga,Clifton Park 14,U.S. House,20,DEM,Paul D. Tonko,364
Saratoga,Clifton Park 14,U.S. House,20,REP,Kevin M. Waltz,242
Saratoga,Clifton Park 14,U.S. House,20,CON,Kevin M. Waltz,55
Saratoga,Clifton Park 14,U.S. House,20,WOR,Paul D. Tonko,39
Saratoga,Clifton Park 14,State Senate,44,DEM,Minita J. Sanghvi,239
Saratoga,Clifton Park 14,State Senate,44,REP,James N. Tedisco,363
Saratoga,Clifton Park 14,State Senate,44,CON,James N. Tedisco,68
Saratoga,Clifton Park 14,State Senate,44,WOR,Minita J. Sanghvi,27
Saratoga,Clifton Park 14,State Assembly,112,DEM,Joe Seeman,274
Saratoga,Clifton Park 14,State Assembly,112,REP,Mary Beth Walsh,317
Saratoga,Clifton Park 14,State Assembly,112,CON,Mary Beth Walsh,70
Saratoga,Clifton Park 14,State Assembly,112,WOR,Joe Seeman,30
Saratoga,Clifton Park 14,State Assembly,112,,Write-in,1
Saratoga,Clifton Park 15,President,,DEM,Kamala D. Harris,422
Saratoga,Clifton Park 15,President,,REP,Donald J. Trump,343
Saratoga,Clifton Park 15,President,,CON,Donald J. Trump,32
Saratoga,Clifton Park 15,President,,WOR,Kamala D. Harris,21
Saratoga,Clifton Park 15,President,,,Write-in,11
Saratoga,Clifton Park 15,U.S. Senate,,DEM,Kirsten E. Gillibrand,429
Saratoga,Clifton Park 15,U.S. Senate,,REP,Michael D. Sapraicone,327
Saratoga,Clifton Park 15,U.S. Senate,,CON,Michael D. Sapraicone,34
Saratoga,Clifton Park 15,U.S. Senate,,WOR,Kirsten E. Gillibrand,23
Saratoga,Clifton Park 15,U.S. Senate,,LAR,Diane Sare,5
Saratoga,Clifton Park 15,U.S. Senate,,,Write-in,1
Saratoga,Clifton Park 15,U.S. House,20,DEM,Paul D. Tonko,429
Saratoga,Clifton Park 15,U.S. House,20,REP,Kevin M. Waltz,324
Saratoga,Clifton Park 15,U.S. House,20,CON,Kevin M. Waltz,33
Saratoga,Clifton Park 15,U.S. House,20,WOR,Paul D. Tonko,34
Saratoga,Clifton Park 15,State Senate,44,DEM,Minita J. Sanghvi,291
Saratoga,Clifton Park 15,State Senate,44,REP,James N. Tedisco,448
Saratoga,Clifton Park 15,State Senate,44,CON,James N. Tedisco,54
Saratoga,Clifton Park 15,State Senate,44,WOR,Minita J. Sanghvi,17
Saratoga,Clifton Park 15,State Senate,44,,Write-in,1
Saratoga,Clifton Park 15,State Assembly,112,DEM,Joe Seeman,320
Saratoga,Clifton Park 15,State Assembly,112,REP,Mary Beth Walsh,417
Saratoga,Clifton Park 15,State Assembly,112,CON,Mary Beth Walsh,47
Saratoga,Clifton Park 15,State Assembly,112,WOR,Joe Seeman,22
Saratoga,Clifton Park 16,President,,DEM,Kamala D. Harris,347
Saratoga,Clifton Park 16,President,,REP,Donald J. Trump,228
Saratoga,Clifton Park 16,President,,CON,Donald J. Trump,34
Saratoga,Clifton Park 16,President,,WOR,Kamala D. Harris,20
Saratoga,Clifton Park 16,President,,,Write-in,6
Saratoga,Clifton Park 16,U.S. Senate,,DEM,Kirsten E. Gillibrand,350
Saratoga,Clifton Park 16,U.S. Senate,,REP,Michael D. Sapraicone,213
Saratoga,Clifton Park 16,U.S. Senate,,CON,Michael D. Sapraicone,37
Saratoga,Clifton Park 16,U.S. Senate,,WOR,Kirsten E. Gillibrand,19
Saratoga,Clifton Park 16,U.S. Senate,,LAR,Diane Sare,8
Saratoga,Clifton Park 16,U.S. Senate,,,Write-in,1
Saratoga,Clifton Park 16,U.S. House,20,DEM,Paul D. Tonko,346
Saratoga,Clifton Park 16,U.S. House,20,REP,Kevin M. Waltz,205
Saratoga,Clifton Park 16,U.S. House,20,CON,Kevin M. Waltz,46
Saratoga,Clifton Park 16,U.S. House,20,WOR,Paul D. Tonko,25
Saratoga,Clifton Park 16,U.S. House,20,,Write-in,1
Saratoga,Clifton Park 16,State Senate,44,DEM,Minita J. Sanghvi,240
Saratoga,Clifton Park 16,State Senate,44,REP,James N. Tedisco,295
Saratoga,Clifton Park 16,State Senate,44,CON,James N. Tedisco,56
Saratoga,Clifton Park 16,State Senate,44,WOR,Minita J. Sanghvi,22
Saratoga,Clifton Park 16,State Senate,44,,Write-in,1
Saratoga,Clifton Park 16,State Assembly,112,DEM,Joe Seeman,276
Saratoga,Clifton Park 16,State Assembly,112,REP,Mary Beth Walsh,267
Saratoga,Clifton Park 16,State Assembly,112,CON,Mary Beth Walsh,44
Saratoga,Clifton Park 16,State Assembly,112,WOR,Joe Seeman,20
Saratoga,Clifton Park 16,State Assembly,112,,Write-in,1
Saratoga,Clifton Park 17,President,,DEM,Kamala D. Harris,252
Saratoga,Clifton Park 17,President,,REP,Donald J. Trump,180
Saratoga,Clifton Park 17,President,,CON,Donald J. Trump,19
Saratoga,Clifton Park 17,President,,WOR,Kamala D. Harris,16
Saratoga,Clifton Park 17,President,,,Write-in,2
Saratoga,Clifton Park 17,U.S. Senate,,DEM,Kirsten E. Gillibrand,257
Saratoga,Clifton Park 17,U.S. Senate,,REP,Michael D. Sapraicone,166
Saratoga,Clifton Park 17,U.S. Senate,,CON,Michael D. Sapraicone,21
Saratoga,Clifton Park 17,U.S. Senate,,WOR,Kirsten E. Gillibrand,16
Saratoga,Clifton Park 17,U.S. Senate,,LAR,Diane Sare,2
Saratoga,Clifton Park 17,U.S. House,20,DEM,Paul D. Tonko,256
Saratoga,Clifton Park 17,U.S. House,20,REP,Kevin M. Waltz,161
Saratoga,Clifton Park 17,U.S. House,20,CON,Kevin M. Waltz,21
Saratoga,Clifton Park 17,U.S. House,20,WOR,Paul D. Tonko,20
Saratoga,Clifton Park 17,State Senate,44,DEM,Minita J. Sanghvi,186
Saratoga,Clifton Park 17,State Senate,44,REP,James N. Tedisco,237
Saratoga,Clifton Park 17,State Senate,44,CON,James N. Tedisco,27
Saratoga,Clifton Park 17,State Senate,44,WOR,Minita J. Sanghvi,10
Saratoga,Clifton Park 17,State Senate,44,,Write-in,1
Saratoga,Clifton Park 17,State Assembly,112,DEM,Joe Seeman,211
Saratoga,Clifton Park 17,State Assembly,112,REP,Mary Beth Walsh,207
Saratoga,Clifton Park 17,State Assembly,112,CON,Mary Beth Walsh,26
Saratoga,Clifton Park 17,State Assembly,112,WOR,Joe Seeman,14
Saratoga,Clifton Park 18,President,,DEM,Kamala D. Harris,373
Saratoga,Clifton Park 18,President,,REP,Donald J. Trump,249
Saratoga,Clifton Park 18,President,,CON,Donald J. Trump,35
Saratoga,Clifton Park 18,President,,WOR,Kamala D. Harris,20
Saratoga,Clifton Park 18,President,,,Write-in,5
Saratoga,Clifton Park 18,U.S. Senate,,DEM,Kirsten E. Gillibrand,370
Saratoga,Clifton Park 18,U.S. Senate,,REP,Michael D. Sapraicone,230
Saratoga,Clifton Park 18,U.S. Senate,,CON,Michael D. Sapraicone,37
Saratoga,Clifton Park 18,U.S. Senate,,WOR,Kirsten E. Gillibrand,25
Saratoga,Clifton Park 18,U.S. Senate,,LAR,Diane Sare,5
Saratoga,Clifton Park 18,U.S. House,20,DEM,Paul D. Tonko,374
Saratoga,Clifton Park 18,U.S. House,20,REP,Kevin M. Waltz,233
Saratoga,Clifton Park 18,U.S. House,20,CON,Kevin M. Waltz,36
Saratoga,Clifton Park 18,U.S. House,20,WOR,Paul D. Tonko,28
Saratoga,Clifton Park 18,State Senate,44,DEM,Minita J. Sanghvi,276
Saratoga,Clifton Park 18,State Senate,44,REP,James N. Tedisco,317
Saratoga,Clifton Park 18,State Senate,44,CON,James N. Tedisco,52
Saratoga,Clifton Park 18,State Senate,44,WOR,Minita J. Sanghvi,16
Saratoga,Clifton Park 18,State Assembly,112,DEM,Joe Seeman,290
Saratoga,Clifton Park 18,State Assembly,112,REP,Mary Beth Walsh,301
Saratoga,Clifton Park 18,State Assembly,112,CON,Mary Beth Walsh,43
Saratoga,Clifton Park 18,State Assembly,112,WOR,Joe Seeman,22
Saratoga,Clifton Park 19,President,,DEM,Kamala D. Harris,384
Saratoga,Clifton Park 19,President,,REP,Donald J. Trump,257
Saratoga,Clifton Park 19,President,,CON,Donald J. Trump,43
Saratoga,Clifton Park 19,President,,WOR,Kamala D. Harris,23
Saratoga,Clifton Park 19,President,,,Write-in,13
Saratoga,Clifton Park 19,U.S. Senate,,DEM,Kirsten E. Gillibrand,396
Saratoga,Clifton Park 19,U.S. Senate,,REP,Michael D. Sapraicone,243
Saratoga,Clifton Park 19,U.S. Senate,,CON,Michael D. Sapraicone,41
Saratoga,Clifton Park 19,U.S. Senate,,WOR,Kirsten E. Gillibrand,26
Saratoga,Clifton Park 19,U.S. Senate,,LAR,Diane Sare,5
Saratoga,Clifton Park 19,U.S. House,20,DEM,Paul D. Tonko,400
Saratoga,Clifton Park 19,U.S. House,20,REP,Kevin M. Waltz,234
Saratoga,Clifton Park 19,U.S. House,20,CON,Kevin M. Waltz,43
Saratoga,Clifton Park 19,U.S. House,20,WOR,Paul D. Tonko,27
Saratoga,Clifton Park 19,State Senate,44,DEM,Minita J. Sanghvi,297
Saratoga,Clifton Park 19,State Senate,44,REP,James N. Tedisco,333
Saratoga,Clifton Park 19,State Senate,44,CON,James N. Tedisco,62
Saratoga,Clifton Park 19,State Senate,44,WOR,Minita J. Sanghvi,14
Saratoga,Clifton Park 19,State Assembly,112,DEM,Joe Seeman,312
Saratoga,Clifton Park 19,State Assembly,112,REP,Mary Beth Walsh,309
Saratoga,Clifton Park 19,State Assembly,112,CON,Mary Beth Walsh,54
Saratoga,Clifton Park 19,State Assembly,112,WOR,Joe Seeman,17
Saratoga,Clifton Park 20,President,,DEM,Kamala D. Harris,397
Saratoga,Clifton Park 20,President,,REP,Donald J. Trump,237
Saratoga,Clifton Park 20,President,,CON,Donald J. Trump,44
Saratoga,Clifton Park 20,President,,WOR,Kamala D. Harris,23
Saratoga,Clifton Park 20,President,,,Write-in,1
Saratoga,Clifton Park 20,U.S. Senate,,DEM,Kirsten E. Gillibrand,384
Saratoga,Clifton Park 20,U.S. Senate,,REP,Michael D. Sapraicone,228
Saratoga,Clifton Park 20,U.S. Senate,,CON,Michael D. Sapraicone,48
Saratoga,Clifton Park 20,U.S. Senate,,WOR,Kirsten E. Gillibrand,25
Saratoga,Clifton Park 20,U.S. Senate,,LAR,Diane Sare,5
Saratoga,Clifton Park 20,U.S. Senate,,,Write-in,1
Saratoga,Clifton Park 20,U.S. House,20,DEM,Paul D. Tonko,387
Saratoga,Clifton Park 20,U.S. House,20,REP,Kevin M. Waltz,223
Saratoga,Clifton Park 20,U.S. House,20,CON,Kevin M. Waltz,47
Saratoga,Clifton Park 20,U.S. House,20,WOR,Paul D. Tonko,28
Saratoga,Clifton Park 20,State Senate,44,DEM,Minita J. Sanghvi,277
Saratoga,Clifton Park 20,State Senate,44,REP,James N. Tedisco,323
Saratoga,Clifton Park 20,State Senate,44,CON,James N. Tedisco,63
Saratoga,Clifton Park 20,State Senate,44,WOR,Minita J. Sanghvi,18
Saratoga,Clifton Park 20,State Assembly,112,DEM,Joe Seeman,290
Saratoga,Clifton Park 20,State Assembly,112,REP,Mary Beth Walsh,308
Saratoga,Clifton Park 20,State Assembly,112,CON,Mary Beth Walsh,64
Saratoga,Clifton Park 20,State Assembly,112,WOR,Joe Seeman,16
Saratoga,Clifton Park 21,President,,DEM,Kamala D. Harris,418
Saratoga,Clifton Park 21,President,,REP,Donald J. Trump,287
Saratoga,Clifton Park 21,President,,CON,Donald J. Trump,30
Saratoga,Clifton Park 21,President,,WOR,Kamala D. Harris,22
Saratoga,Clifton Park 21,President,,,Write-in,17
Saratoga,Clifton Park 21,U.S. Senate,,DEM,Kirsten E. Gillibrand,427
Saratoga,Clifton Park 21,U.S. Senate,,REP,Michael D. Sapraicone,261
Saratoga,Clifton Park 21,U.S. Senate,,CON,Michael D. Sapraicone,32
Saratoga,Clifton Park 21,U.S. Senate,,WOR,Kirsten E. Gillibrand,34
Saratoga,Clifton Park 21,U.S. Senate,,LAR,Diane Sare,11
Saratoga,Clifton Park 21,U.S. House,20,DEM,Paul D. Tonko,429
Saratoga,Clifton Park 21,U.S. House,20,REP,Kevin M. Waltz,270
Saratoga,Clifton Park 21,U.S. House,20,CON,Kevin M. Waltz,28
Saratoga,Clifton Park 21,U.S. House,20,WOR,Paul D. Tonko,36
Saratoga,Clifton Park 21,U.S. House,20,,Write-in,1
Saratoga,Clifton Park 21,State Senate,44,DEM,Minita J. Sanghvi,336
Saratoga,Clifton Park 21,State Senate,44,REP,James N. Tedisco,344
Saratoga,Clifton Park 21,State Senate,44,CON,James N. Tedisco,45
Saratoga,Clifton Park 21,State Senate,44,WOR,Minita J. Sanghvi,30
Saratoga,Clifton Park 21,State Assembly,112,DEM,Joe Seeman,365
Saratoga,Clifton Park 21,State Assembly,112,REP,Mary Beth Walsh,312
Saratoga,Clifton Park 21,State Assembly,112,CON,Mary Beth Walsh,41
Saratoga,Clifton Park 21,State Assembly,112,WOR,Joe Seeman,33
Saratoga,Clifton Park 22,President,,DEM,Kamala D. Harris,335
Saratoga,Clifton Park 22,President,,REP,Donald J. Trump,294
Saratoga,Clifton Park 22,President,,CON,Donald J. Trump,44
Saratoga,Clifton Park 22,President,,WOR,Kamala D. Harris,13
Saratoga,Clifton Park 22,President,,,Write-in,5
Saratoga,Clifton Park 22,U.S. Senate,,DEM,Kirsten E. Gillibrand,325
Saratoga,Clifton Park 22,U.S. Senate,,REP,Michael D. Sapraicone,279
Saratoga,Clifton Park 22,U.S. Senate,,CON,Michael D. Sapraicone,41
Saratoga,Clifton Park 22,U.S. Senate,,WOR,Kirsten E. Gillibrand,26
Saratoga,Clifton Park 22,U.S. Senate,,LAR,Diane Sare,5
Saratoga,Clifton Park 22,U.S. House,20,DEM,Paul D. Tonko,335
Saratoga,Clifton Park 22,U.S. House,20,REP,Kevin M. Waltz,271
Saratoga,Clifton Park 22,U.S. House,20,CON,Kevin M. Waltz,40
Saratoga,Clifton Park 22,U.S. House,20,WOR,Paul D. Tonko,29
Saratoga,Clifton Park 22,State Senate,44,DEM,Minita J. Sanghvi,255
Saratoga,Clifton Park 22,State Senate,44,REP,James N. Tedisco,339
Saratoga,Clifton Park 22,State Senate,44,CON,James N. Tedisco,58
Saratoga,Clifton Park 22,State Senate,44,WOR,Minita J. Sanghvi,25
Saratoga,Clifton Park 22,State Assembly,112,DEM,Joe Seeman,274
Saratoga,Clifton Park 22,State Assembly,112,REP,Mary Beth Walsh,315
Saratoga,Clifton Park 22,State Assembly,112,CON,Mary Beth Walsh,54
Saratoga,Clifton Park 22,State Assembly,112,WOR,Joe Seeman,30
Saratoga,Clifton Park 23,President,,DEM,Kamala D. Harris,316
Saratoga,Clifton Park 23,President,,REP,Donald J. Trump,255
Saratoga,Clifton Park 23,President,,CON,Donald J. Trump,32
Saratoga,Clifton Park 23,President,,WOR,Kamala D. Harris,15
Saratoga,Clifton Park 23,President,,,Write-in,4
Saratoga,Clifton Park 23,U.S. Senate,,DEM,Kirsten E. Gillibrand,306
Saratoga,Clifton Park 23,U.S. Senate,,REP,Michael D. Sapraicone,249
Saratoga,Clifton Park 23,U.S. Senate,,CON,Michael D. Sapraicone,29
Saratoga,Clifton Park 23,U.S. Senate,,WOR,Kirsten E. Gillibrand,23
Saratoga,Clifton Park 23,U.S. Senate,,LAR,Diane Sare,3
Saratoga,Clifton Park 23,U.S. Senate,,,Write-in,3
Saratoga,Clifton Park 23,U.S. House,20,DEM,Paul D. Tonko,312
Saratoga,Clifton Park 23,U.S. House,20,REP,Kevin M. Waltz,247
Saratoga,Clifton Park 23,U.S. House,20,CON,Kevin M. Waltz,31
Saratoga,Clifton Park 23,U.S. House,20,WOR,Paul D. Tonko,22
Saratoga,Clifton Park 23,State Senate,44,DEM,Minita J. Sanghvi,225
Saratoga,Clifton Park 23,State Senate,44,REP,James N. Tedisco,336
Saratoga,Clifton Park 23,State Senate,44,CON,James N. Tedisco,40
Saratoga,Clifton Park 23,State Senate,44,WOR,Minita J. Sanghvi,15
Saratoga,Clifton Park 23,State Assembly,112,DEM,Joe Seeman,242
Saratoga,Clifton Park 23,State Assembly,112,REP,Mary Beth Walsh,310
Saratoga,Clifton Park 23,State Assembly,112,CON,Mary Beth Walsh,40
Saratoga,Clifton Park 23,State Assembly,112,WOR,Joe Seeman,19
Saratoga,Clifton Park 24,President,,DEM,Kamala D. Harris,333
Saratoga,Clifton Park 24,President,,REP,Donald J. Trump,219
Saratoga,Clifton Park 24,President,,CON,Donald J. Trump,32
Saratoga,Clifton Park 24,President,,WOR,Kamala D. Harris,21
Saratoga,Clifton Park 24,President,,,Write-in,9
Saratoga,Clifton Park 24,U.S. Senate,,DEM,Kirsten E. Gillibrand,335
Saratoga,Clifton Park 24,U.S. Senate,,REP,Michael D. Sapraicone,206
Saratoga,Clifton Park 24,U.S. Senate,,CON,Michael D. Sapraicone,36
Saratoga,Clifton Park 24,U.S. Senate,,WOR,Kirsten E. Gillibrand,22
Saratoga,Clifton Park 24,U.S. Senate,,LAR,Diane Sare,5
Saratoga,Clifton Park 24,U.S. House,20,DEM,Paul D. Tonko,351
Saratoga,Clifton Park 24,U.S. House,20,REP,Kevin M. Waltz,191
Saratoga,Clifton Park 24,U.S. House,20,CON,Kevin M. Waltz,34
Saratoga,Clifton Park 24,U.S. House,20,WOR,Paul D. Tonko,27
Saratoga,Clifton Park 24,State Senate,44,DEM,Minita J. Sanghvi,241
Saratoga,Clifton Park 24,State Senate,44,REP,James N. Tedisco,293
Saratoga,Clifton Park 24,State Senate,44,CON,James N. Tedisco,45
Saratoga,Clifton Park 24,State Senate,44,WOR,Minita J. Sanghvi,19
Saratoga,Clifton Park 24,State Senate,44,,Write-in,2
Saratoga,Clifton Park 24,State Assembly,112,DEM,Joe Seeman,261
Saratoga,Clifton Park 24,State Assembly,112,REP,Mary Beth Walsh,265
Saratoga,Clifton Park 24,State Assembly,112,CON,Mary Beth Walsh,46
Saratoga,Clifton Park 24,State Assembly,112,WOR,Joe Seeman,22
Saratoga,Clifton Park 24,State Assembly,112,,Write-in,1
Saratoga,Clifton Park 25,President,,DEM,Kamala D. Harris,368
Saratoga,Clifton Park 25,President,,REP,Donald J. Trump,284
Saratoga,Clifton Park 25,President,,CON,Donald J. Trump,30
Saratoga,Clifton Park 25,President,,WOR,Kamala D. Harris,19
Saratoga,Clifton Park 25,President,,,Write-in,3
Saratoga,Clifton Park 25,U.S. Senate,,DEM,Kirsten E. Gillibrand,366
Saratoga,Clifton Park 25,U.S. Senate,,REP,Michael D. Sapraicone,265
Saratoga,Clifton Park 25,U.S. Senate,,CON,Michael D. Sapraicone,34
Saratoga,Clifton Park 25,U.S. Senate,,WOR,Kirsten E. Gillibrand,30
Saratoga,Clifton Park 25,U.S. Senate,,LAR,Diane Sare,2
Saratoga,Clifton Park 25,U.S. Senate,,,Write-in,1
Saratoga,Clifton Park 25,U.S. House,20,DEM,Paul D. Tonko,365
Saratoga,Clifton Park 25,U.S. House,20,REP,Kevin M. Waltz,264
Saratoga,Clifton Park 25,U.S. House,20,CON,Kevin M. Waltz,37
Saratoga,Clifton Park 25,U.S. House,20,WOR,Paul D. Tonko,28
Saratoga,Clifton Park 25,State Senate,44,DEM,Minita J. Sanghvi,267
Saratoga,Clifton Park 25,State Senate,44,REP,James N. Tedisco,373
Saratoga,Clifton Park 25,State Senate,44,CON,James N. Tedisco,44
Saratoga,Clifton Park 25,State Senate,44,WOR,Minita J. Sanghvi,19
Saratoga,Clifton Park 25,State Assembly,112,DEM,Joe Seeman,295
Saratoga,Clifton Park 25,State Assembly,112,REP,Mary Beth Walsh,338
Saratoga,Clifton Park 25,State Assembly,112,CON,Mary Beth Walsh,42
Saratoga,Clifton Park 25,State Assembly,112,WOR,Joe Seeman,15
Saratoga,Clifton Park 26,President,,DEM,Kamala D. Harris,255
Saratoga,Clifton Park 26,President,,REP,Donald J. Trump,208
Saratoga,Clifton Park 26,President,,CON,Donald J. Trump,28
Saratoga,Clifton Park 26,President,,WOR,Kamala D. Harris,15
Saratoga,Clifton Park 26,President,,,Write-in,5
Saratoga,Clifton Park 26,U.S. Senate,,DEM,Kirsten E. Gillibrand,254
Saratoga,Clifton Park 26,U.S. Senate,,REP,Michael D. Sapraicone,192
Saratoga,Clifton Park 26,U.S. Senate,,CON,Michael D. Sapraicone,28
Saratoga,Clifton Park 26,U.S. Senate,,WOR,Kirsten E. Gillibrand,24
Saratoga,Clifton Park 26,U.S. Senate,,LAR,Diane Sare,2
Saratoga,Clifton Park 26,U.S. House,20,DEM,Paul D. Tonko,260
Saratoga,Clifton Park 26,U.S. House,20,REP,Kevin M. Waltz,187
Saratoga,Clifton Park 26,U.S. House,20,CON,Kevin M. Waltz,25
Saratoga,Clifton Park 26,U.S. House,20,WOR,Paul D. Tonko,25
Saratoga,Clifton Park 26,State Senate,44,DEM,Minita J. Sanghvi,187
Saratoga,Clifton Park 26,State Senate,44,REP,James N. Tedisco,252
Saratoga,Clifton Park 26,State Senate,44,CON,James N. Tedisco,39
Saratoga,Clifton Park 26,State Senate,44,WOR,Minita J. Sanghvi,17
Saratoga,Clifton Park 26,State Assembly,112,DEM,Joe Seeman,194
Saratoga,Clifton Park 26,State Assembly,112,REP,Mary Beth Walsh,240
Saratoga,Clifton Park 26,State Assembly,112,CON,Mary Beth Walsh,35
Saratoga,Clifton Park 26,State Assembly,112,WOR,Joe Seeman,23
Saratoga,Clifton Park 27,President,,DEM,Kamala D. Harris,263
Saratoga,Clifton Park 27,President,,REP,Donald J. Trump,305
Saratoga,Clifton Park 27,President,,CON,Donald J. Trump,49
Saratoga,Clifton Park 27,President,,WOR,Kamala D. Harris,25
Saratoga,Clifton Park 27,U.S. Senate,,DEM,Kirsten E. Gillibrand,278
Saratoga,Clifton Park 27,U.S. Senate,,REP,Michael D. Sapraicone,276
Saratoga,Clifton Park 27,U.S. Senate,,CON,Michael D. Sapraicone,44
Saratoga,Clifton Park 27,U.S. Senate,,WOR,Kirsten E. Gillibrand,30
Saratoga,Clifton Park 27,U.S. Senate,,LAR,Diane Sare,3
Saratoga,Clifton Park 27,U.S. House,20,DEM,Paul D. Tonko,273
Saratoga,Clifton Park 27,U.S. House,20,REP,Kevin M. Waltz,276
Saratoga,Clifton Park 27,U.S. House,20,CON,Kevin M. Waltz,45
Saratoga,Clifton Park 27,U.S. House,20,WOR,Paul D. Tonko,30
Saratoga,Clifton Park 27,State Senate,44,DEM,Minita J. Sanghvi,175
Saratoga,Clifton Park 27,State Senate,44,REP,James N. Tedisco,382
Saratoga,Clifton Park 27,State Senate,44,CON,James N. Tedisco,55
Saratoga,Clifton Park 27,State Senate,44,WOR,Minita J. Sanghvi,23
Saratoga,Clifton Park 27,State Assembly,112,DEM,Joe Seeman,200
Saratoga,Clifton Park 27,State Assembly,112,REP,Mary Beth Walsh,350
Saratoga,Clifton Park 27,State Assembly,112,CON,Mary Beth Walsh,55
Saratoga,Clifton Park 27,State Assembly,112,WOR,Joe Seeman,23
Saratoga,Clifton Park 28,President,,DEM,Kamala D. Harris,240
Saratoga,Clifton Park 28,President,,REP,Donald J. Trump,179
Saratoga,Clifton Park 28,President,,CON,Donald J. Trump,25
Saratoga,Clifton Park 28,President,,WOR,Kamala D. Harris,11
Saratoga,Clifton Park 28,President,,,Write-in,2
Saratoga,Clifton Park 28,U.S. Senate,,DEM,Kirsten E. Gillibrand,234
Saratoga,Clifton Park 28,U.S. Senate,,REP,Michael D. Sapraicone,178
Saratoga,Clifton Park 28,U.S. Senate,,CON,Michael D. Sapraicone,27
Saratoga,Clifton Park 28,U.S. Senate,,WOR,Kirsten E. Gillibrand,14
Saratoga,Clifton Park 28,U.S. Senate,,LAR,Diane Sare,2
Saratoga,Clifton Park 28,U.S. House,20,DEM,Paul D. Tonko,244
Saratoga,Clifton Park 28,U.S. House,20,REP,Kevin M. Waltz,165
Saratoga,Clifton Park 28,U.S. House,20,CON,Kevin M. Waltz,28
Saratoga,Clifton Park 28,U.S. House,20,WOR,Paul D. Tonko,17
Saratoga,Clifton Park 28,State Senate,44,DEM,Minita J. Sanghvi,161
Saratoga,Clifton Park 28,State Senate,44,REP,James N. Tedisco,239
Saratoga,Clifton Park 28,State Senate,44,CON,James N. Tedisco,34
Saratoga,Clifton Park 28,State Senate,44,WOR,Minita J. Sanghvi,12
Saratoga,Clifton Park 28,State Senate,44,,Write-in,1
Saratoga,Clifton Park 28,State Assembly,112,DEM,Joe Seeman,178
Saratoga,Clifton Park 28,State Assembly,112,REP,Mary Beth Walsh,222
Saratoga,Clifton Park 28,State Assembly,112,CON,Mary Beth Walsh,38
Saratoga,Clifton Park 28,State Assembly,112,WOR,Joe Seeman,8
Saratoga,Clifton Park 29,President,,DEM,Kamala D. Harris,377
Saratoga,Clifton Park 29,President,,REP,Donald J. Trump,283
Saratoga,Clifton Park 29,President,,CON,Donald J. Trump,41
Saratoga,Clifton Park 29,President,,WOR,Kamala D. Harris,21
Saratoga,Clifton Park 29,President,,,Write-in,6
Saratoga,Clifton Park 29,U.S. Senate,,DEM,Kirsten E. Gillibrand,373
Saratoga,Clifton Park 29,U.S. Senate,,REP,Michael D. Sapraicone,285
Saratoga,Clifton Park 29,U.S. Senate,,CON,Michael D. Sapraicone,44
Saratoga,Clifton Park 29,U.S. Senate,,WOR,Kirsten E. Gillibrand,24
Saratoga,Clifton Park 29,U.S. Senate,,LAR,Diane Sare,1
Saratoga,Clifton Park 29,U.S. House,20,DEM,Paul D. Tonko,373
Saratoga,Clifton Park 29,U.S. House,20,REP,Kevin M. Waltz,280
Saratoga,Clifton Park 29,U.S. House,20,CON,Kevin M. Waltz,38
Saratoga,Clifton Park 29,U.S. House,20,WOR,Paul D. Tonko,31
Saratoga,Clifton Park 29,State Senate,44,DEM,Minita J. Sanghvi,292
Saratoga,Clifton Park 29,State Senate,44,REP,James N. Tedisco,356
Saratoga,Clifton Park 29,State Senate,44,CON,James N. Tedisco,53
Saratoga,Clifton Park 29,State Senate,44,WOR,Minita J. Sanghvi,25
Saratoga,Clifton Park 29,State Assembly,112,DEM,Joe Seeman,312
Saratoga,Clifton Park 29,State Assembly,112,REP,Mary Beth Walsh,329
Saratoga,Clifton Park 29,State Assembly,112,CON,Mary Beth Walsh,49
Saratoga,Clifton Park 29,State Assembly,112,WOR,Joe Seeman,27
Saratoga,Clifton Park 30,President,,DEM,Kamala D. Harris,181
Saratoga,Clifton Park 30,President,,REP,Donald J. Trump,131
Saratoga,Clifton Park 30,President,,CON,Donald J. Trump,14
Saratoga,Clifton Park 30,President,,WOR,Kamala D. Harris,9
Saratoga,Clifton Park 30,President,,,Write-in,5
Saratoga,Clifton Park 30,U.S. Senate,,DEM,Kirsten E. Gillibrand,184
Saratoga,Clifton Park 30,U.S. Senate,,REP,Michael D. Sapraicone,121
Saratoga,Clifton Park 30,U.S. Senate,,CON,Michael D. Sapraicone,15
Saratoga,Clifton Park 30,U.S. Senate,,WOR,Kirsten E. Gillibrand,11
Saratoga,Clifton Park 30,U.S. Senate,,LAR,Diane Sare,4
Saratoga,Clifton Park 30,U.S. House,20,DEM,Paul D. Tonko,185
Saratoga,Clifton Park 30,U.S. House,20,REP,Kevin M. Waltz,122
Saratoga,Clifton Park 30,U.S. House,20,CON,Kevin M. Waltz,13
Saratoga,Clifton Park 30,U.S. House,20,WOR,Paul D. Tonko,11
Saratoga,Clifton Park 30,State Senate,44,DEM,Minita J. Sanghvi,139
Saratoga,Clifton Park 30,State Senate,44,REP,James N. Tedisco,163
Saratoga,Clifton Park 30,State Senate,44,CON,James N. Tedisco,20
Saratoga,Clifton Park 30,State Senate,44,WOR,Minita J. Sanghvi,12
Saratoga,Clifton Park 30,State Assembly,112,DEM,Joe Seeman,147
Saratoga,Clifton Park 30,State Assembly,112,REP,Mary Beth Walsh,153
Saratoga,Clifton Park 30,State Assembly,112,CON,Mary Beth Walsh,19
Saratoga,Clifton Park 30,State Assembly,112,WOR,Joe Seeman,12
Saratoga,Clifton Park 31,President,,DEM,Kamala D. Harris,463
Saratoga,Clifton Park 31,President,,REP,Donald J. Trump,380
Saratoga,Clifton Park 31,President,,CON,Donald J. Trump,47
Saratoga,Clifton Park 31,President,,WOR,Kamala D. Harris,33
Saratoga,Clifton Park 31,President,,,Write-in,14
Saratoga,Clifton Park 31,U.S. Senate,,DEM,Kirsten E. Gillibrand,454
Saratoga,Clifton Park 31,U.S. Senate,,REP,Michael D. Sapraicone,369
Saratoga,Clifton Park 31,U.S. Senate,,CON,Michael D. Sapraicone,50
Saratoga,Clifton Park 31,U.S. Senate,,WOR,Kirsten E. Gillibrand,40
Saratoga,Clifton Park 31,U.S. Senate,,LAR,Diane Sare,5
Saratoga,Clifton Park 31,U.S. House,20,DEM,Paul D. Tonko,474
Saratoga,Clifton Park 31,U.S. House,20,REP,Kevin M. Waltz,347
Saratoga,Clifton Park 31,U.S. House,20,CON,Kevin M. Waltz,48
Saratoga,Clifton Park 31,U.S. House,20,WOR,Paul D. Tonko,48
Saratoga,Clifton Park 31,U.S. House,20,,Write-in,2
Saratoga,Clifton Park 31,State Senate,44,DEM,Minita J. Sanghvi,331
Saratoga,Clifton Park 31,State Senate,44,REP,James N. Tedisco,475
Saratoga,Clifton Park 31,State Senate,44,CON,James N. Tedisco,71
Saratoga,Clifton Park 31,State Senate,44,WOR,Minita J. Sanghvi,32
Saratoga,Clifton Park 31,State Senate,44,,Write-in,1
Saratoga,Clifton Park 31,State Assembly,112,DEM,Joe Seeman,363
Saratoga,Clifton Park 31,State Assembly,112,REP,Mary Beth Walsh,441
Saratoga,Clifton Park 31,State Assembly,112,CON,Mary Beth Walsh,66
Saratoga,Clifton Park 31,State Assembly,112,WOR,Joe Seeman,33
Saratoga,Clifton Park 31,State Assembly,112,,Write-in,1
Saratoga,Clifton Park 32,President,,DEM,Kamala D. Harris,260
Saratoga,Clifton Park 32,President,,REP,Donald J. Trump,210
Saratoga,Clifton Park 32,President,,CON,Donald J. Trump,27
Saratoga,Clifton Park 32,President,,WOR,Kamala D. Harris,23
Saratoga,Clifton Park 32,President,,,Write-in,2
Saratoga,Clifton Park 32,U.S. Senate,,DEM,Kirsten E. Gillibrand,263
Saratoga,Clifton Park 32,U.S. Senate,,REP,Michael D. Sapraicone,191
Saratoga,Clifton Park 32,U.S. Senate,,CON,Michael D. Sapraicone,33
Saratoga,Clifton Park 32,U.S. Senate,,WOR,Kirsten E. Gillibrand,32
Saratoga,Clifton Park 32,U.S. Senate,,LAR,Diane Sare,1
Saratoga,Clifton Park 32,U.S. House,20,DEM,Paul D. Tonko,265
Saratoga,Clifton Park 32,U.S. House,20,REP,Kevin M. Waltz,186
Saratoga,Clifton Park 32,U.S. House,20,CON,Kevin M. Waltz,29
Saratoga,Clifton Park 32,U.S. House,20,WOR,Paul D. Tonko,38
Saratoga,Clifton Park 32,State Senate,44,DEM,Minita J. Sanghvi,185
Saratoga,Clifton Park 32,State Senate,44,REP,James N. Tedisco,267
Saratoga,Clifton Park 32,State Senate,44,CON,James N. Tedisco,42
Saratoga,Clifton Park 32,State Senate,44,WOR,Minita J. Sanghvi,26
Saratoga,Clifton Park 32,State Assembly,112,DEM,Joe Seeman,207
Saratoga,Clifton Park 32,State Assembly,112,REP,Mary Beth Walsh,241
Saratoga,Clifton Park 32,State Assembly,112,CON,Mary Beth Walsh,38
Saratoga,Clifton Park 32,State Assembly,112,WOR,Joe Seeman,27
Saratoga,Clifton Park 33,President,,DEM,Kamala D. Harris,351
Saratoga,Clifton Park 33,President,,REP,Donald J. Trump,262
Saratoga,Clifton Park 33,President,,CON,Donald J. Trump,38
Saratoga,Clifton Park 33,President,,WOR,Kamala D. Harris,12
Saratoga,Clifton Park 33,President,,,Write-in,2
Saratoga,Clifton Park 33,U.S. Senate,,DEM,Kirsten E. Gillibrand,350
Saratoga,Clifton Park 33,U.S. Senate,,REP,Michael D. Sapraicone,253
Saratoga,Clifton Park 33,U.S. Senate,,CON,Michael D. Sapraicone,36
Saratoga,Clifton Park 33,U.S. Senate,,WOR,Kirsten E. Gillibrand,21
Saratoga,Clifton Park 33,U.S. Senate,,LAR,Diane Sare,2
Saratoga,Clifton Park 33,U.S. House,20,DEM,Paul D. Tonko,358
Saratoga,Clifton Park 33,U.S. House,20,REP,Kevin M. Waltz,238
Saratoga,Clifton Park 33,U.S. House,20,CON,Kevin M. Waltz,38
Saratoga,Clifton Park 33,U.S. House,20,WOR,Paul D. Tonko,22
Saratoga,Clifton Park 33,State Senate,44,DEM,Minita J. Sanghvi,269
Saratoga,Clifton Park 33,State Senate,44,REP,James N. Tedisco,332
Saratoga,Clifton Park 33,State Senate,44,CON,James N. Tedisco,45
Saratoga,Clifton Park 33,State Senate,44,WOR,Minita J. Sanghvi,13
Saratoga,Clifton Park 33,State Assembly,112,DEM,Joe Seeman,289
Saratoga,Clifton Park 33,State Assembly,112,REP,Mary Beth Walsh,300
Saratoga,Clifton Park 33,State Assembly,112,CON,Mary Beth Walsh,43
Saratoga,Clifton Park 33,State Assembly,112,WOR,Joe Seeman,16
Saratoga,Clifton Park 34,President,,DEM,Kamala D. Harris,525
Saratoga,Clifton Park 34,President,,REP,Donald J. Trump,389
Saratoga,Clifton Park 34,President,,CON,Donald J. Trump,42
Saratoga,Clifton Park 34,President,,WOR,Kamala D. Harris,23
Saratoga,Clifton Park 34,President,,,Write-in,11
Saratoga,Clifton Park 34,U.S. Senate,,DEM,Kirsten E. Gillibrand,530
Saratoga,Clifton Park 34,U.S. Senate,,REP,Michael D. Sapraicone,361
Saratoga,Clifton Park 34,U.S. Senate,,CON,Michael D. Sapraicone,43
Saratoga,Clifton Park 34,U.S. Senate,,WOR,Kirsten E. Gillibrand,39
Saratoga,Clifton Park 34,U.S. Senate,,LAR,Diane Sare,8
Saratoga,Clifton Park 34,U.S. Senate,,,Write-in,2
Saratoga,Clifton Park 34,U.S. House,20,DEM,Paul D. Tonko,548
Saratoga,Clifton Park 34,U.S. House,20,REP,Kevin M. Waltz,349
Saratoga,Clifton Park 34,U.S. House,20,CON,Kevin M. Waltz,37
Saratoga,Clifton Park 34,U.S. House,20,WOR,Paul D. Tonko,37
Saratoga,Clifton Park 34,State Senate,44,DEM,Minita J. Sanghvi,399
Saratoga,Clifton Park 34,State Senate,44,REP,James N. Tedisco,482
Saratoga,Clifton Park 34,State Senate,44,CON,James N. Tedisco,64
Saratoga,Clifton Park 34,State Senate,44,WOR,Minita J. Sanghvi,27
Saratoga,Clifton Park 34,State Senate,44,,Write-in,1
Saratoga,Clifton Park 34,State Assembly,112,DEM,Joe Seeman,416
Saratoga,Clifton Park 34,State Assembly,112,REP,Mary Beth Walsh,461
Saratoga,Clifton Park 34,State Assembly,112,CON,Mary Beth Walsh,59
Saratoga,Clifton Park 34,State Assembly,112,WOR,Joe Seeman,27
Saratoga,Clifton Park 34,State Assembly,112,,Write-in,2
Saratoga,Corinth 1,President,,DEM,Kamala D. Harris,155
Saratoga,Corinth 1,President,,REP,Donald J. Trump,300
Saratoga,Corinth 1,President,,CON,Donald J. Trump,32
Saratoga,Corinth 1,President,,WOR,Kamala D. Harris,13
Saratoga,Corinth 1,U.S. Senate,,DEM,Kirsten E. Gillibrand,168
Saratoga,Corinth 1,U.S. Senate,,REP,Michael D. Sapraicone,255
Saratoga,Corinth 1,U.S. Senate,,CON,Michael D. Sapraicone,33
Saratoga,Corinth 1,U.S. Senate,,WOR,Kirsten E. Gillibrand,30
Saratoga,Corinth 1,U.S. Senate,,LAR,Diane Sare,5
Saratoga,Corinth 1,U.S. House,21,DEM,Paula Collins,135
Saratoga,Corinth 1,U.S. House,21,REP,Elise M. Stefanik,306
Saratoga,Corinth 1,U.S. House,21,CON,Elise M. Stefanik,39
Saratoga,Corinth 1,U.S. House,21,WOR,Paula Collins,15
Saratoga,Corinth 1,State Senate,44,DEM,Minita J. Sanghvi,99
Saratoga,Corinth 1,State Senate,44,REP,James N. Tedisco,333
Saratoga,Corinth 1,State Senate,44,CON,James N. Tedisco,45
Saratoga,Corinth 1,State Senate,44,WOR,Minita J. Sanghvi,14
Saratoga,Corinth 1,State Assembly,114,REP,Matthew J. Simpson,346
Saratoga,Corinth 1,State Assembly,114,CON,Matthew J. Simpson,57
Saratoga,Corinth 1,State Assembly,114,,Write-in,1
Saratoga,Corinth 2,President,,DEM,Kamala D. Harris,160
Saratoga,Corinth 2,President,,REP,Donald J. Trump,404
Saratoga,Corinth 2,President,,CON,Donald J. Trump,31
Saratoga,Corinth 2,President,,WOR,Kamala D. Harris,11
Saratoga,Corinth 2,President,,,Write-in,1
Saratoga,Corinth 2,U.S. Senate,,DEM,Kirsten E. Gillibrand,160
Saratoga,Corinth 2,U.S. Senate,,REP,Michael D. Sapraicone,364
Saratoga,Corinth 2,U.S. Senate,,CON,Michael D. Sapraicone,25
Saratoga,Corinth 2,U.S. Senate,,WOR,Kirsten E. Gillibrand,37
Saratoga,Corinth 2,U.S. Senate,,LAR,Diane Sare,1
Saratoga,Corinth 2,U.S. House,21,DEM,Paula Collins,138
Saratoga,Corinth 2,U.S. House,21,REP,Elise M. Stefanik,405
Saratoga,Corinth 2,U.S. House,21,CON,Elise M. Stefanik,31
Saratoga,Corinth 2,U.S. House,21,WOR,Paula Collins,13
Saratoga,Corinth 2,State Senate,44,DEM,Minita J. Sanghvi,106
Saratoga,Corinth 2,State Senate,44,REP,James N. Tedisco,429
Saratoga,Corinth 2,State Senate,44,CON,James N. Tedisco,35
Saratoga,Corinth 2,State Senate,44,WOR,Minita J. Sanghvi,12
Saratoga,Corinth 2,State Assembly,114,REP,Matthew J. Simpson,446
Saratoga,Corinth 2,State Assembly,114,CON,Matthew J. Simpson,42
Saratoga,Corinth 2,State Assembly,114,,Write-in,1
Saratoga,Corinth 3,President,,DEM,Kamala D. Harris,226
Saratoga,Corinth 3,President,,REP,Donald J. Trump,380
Saratoga,Corinth 3,President,,CON,Donald J. Trump,40
Saratoga,Corinth 3,President,,WOR,Kamala D. Harris,9
Saratoga,Corinth 3,U.S. Senate,,DEM,Kirsten E. Gillibrand,237
Saratoga,Corinth 3,U.S. Senate,,REP,Michael D. Sapraicone,333
Saratoga,Corinth 3,U.S. Senate,,CON,Michael D. Sapraicone,42
Saratoga,Corinth 3,U.S. Senate,,WOR,Kirsten E. Gillibrand,21
Saratoga,Corinth 3,U.S. Senate,,LAR,Diane Sare,4
Saratoga,Corinth 3,U.S. House,21,DEM,Paula Collins,204
Saratoga,Corinth 3,U.S. House,21,REP,Elise M. Stefanik,381
Saratoga,Corinth 3,U.S. House,21,CON,Elise M. Stefanik,40
Saratoga,Corinth 3,U.S. House,21,WOR,Paula Collins,13
Saratoga,Corinth 3,State Senate,44,DEM,Minita J. Sanghvi,169
Saratoga,Corinth 3,State Senate,44,REP,James N. Tedisco,411
Saratoga,Corinth 3,State Senate,44,CON,James N. Tedisco,48
Saratoga,Corinth 3,State Senate,44,WOR,Minita J. Sanghvi,7
Saratoga,Corinth 3,State Assembly,114,REP,Matthew J. Simpson,428
Saratoga,Corinth 3,State Assembly,114,CON,Matthew J. Simpson,64
Saratoga,Corinth 3,State Assembly,114,,Write-in,1
Saratoga,Corinth 4,President,,DEM,Kamala D. Harris,129
Saratoga,Corinth 4,President,,REP,Donald J. Trump,269
Saratoga,Corinth 4,President,,CON,Donald J. Trump,29
Saratoga,Corinth 4,President,,WOR,Kamala D. Harris,13
Saratoga,Corinth 4,U.S. Senate,,DEM,Kirsten E. Gillibrand,133
Saratoga,Corinth 4,U.S. Senate,,REP,Michael D. Sapraicone,240
Saratoga,Corinth 4,U.S. Senate,,CON,Michael D. Sapraicone,23
Saratoga,Corinth 4,U.S. Senate,,WOR,Kirsten E. Gillibrand,26
Saratoga,Corinth 4,U.S. Senate,,LAR,Diane Sare,2
Saratoga,Corinth 4,U.S. House,21,DEM,Paula Collins,113
Saratoga,Corinth 4,U.S. House,21,REP,Elise M. Stefanik,280
Saratoga,Corinth 4,U.S. House,21,CON,Elise M. Stefanik,30
Saratoga,Corinth 4,U.S. House,21,WOR,Paula Collins,8
Saratoga,Corinth 4,State Senate,44,DEM,Minita J. Sanghvi,90
Saratoga,Corinth 4,State Senate,44,REP,James N. Tedisco,298
Saratoga,Corinth 4,State Senate,44,CON,James N. Tedisco,28
Saratoga,Corinth 4,State Senate,44,WOR,Minita J. Sanghvi,9
Saratoga,Corinth 4,State Assembly,114,REP,Matthew J. Simpson,296
Saratoga,Corinth 4,State Assembly,114,CON,Matthew J. Simpson,36
Saratoga,Corinth 4,State Assembly,114,,Write-in,1
Saratoga,Corinth 5,President,,DEM,Kamala D. Harris,226
Saratoga,Corinth 5,President,,REP,Donald J. Trump,493
Saratoga,Corinth 5,President,,CON,Donald J. Trump,37
Saratoga,Corinth 5,President,,WOR,Kamala D. Harris,15
Saratoga,Corinth 5,U.S. Senate,,DEM,Kirsten E. Gillibrand,245
Saratoga,Corinth 5,U.S. Senate,,REP,Michael D. Sapraicone,441
Saratoga,Corinth 5,U.S. Senate,,CON,Michael D. Sapraicone,37
Saratoga,Corinth 5,U.S. Senate,,WOR,Kirsten E. Gillibrand,29
Saratoga,Corinth 5,U.S. Senate,,LAR,Diane Sare,3
Saratoga,Corinth 5,U.S. House,21,DEM,Paula Collins,205
Saratoga,Corinth 5,U.S. House,21,REP,Elise M. Stefanik,491
Saratoga,Corinth 5,U.S. House,21,CON,Elise M. Stefanik,43
Saratoga,Corinth 5,U.S. House,21,WOR,Paula Collins,18
Saratoga,Corinth 5,State Senate,44,DEM,Minita J. Sanghvi,170
Saratoga,Corinth 5,State Senate,44,REP,James N. Tedisco,525
Saratoga,Corinth 5,State Senate,44,CON,James N. Tedisco,44
Saratoga,Corinth 5,State Senate,44,WOR,Minita J. Sanghvi,17
Saratoga,Corinth 5,State Assembly,114,REP,Matthew J. Simpson,528
Saratoga,Corinth 5,State Assembly,114,CON,Matthew J. Simpson,60
Saratoga,Corinth 5,State Assembly,114,,Write-in,2
Saratoga,Day 1,President,,DEM,Kamala D. Harris,177
Saratoga,Day 1,President,,REP,Donald J. Trump,328
Saratoga,Day 1,President,,CON,Donald J. Trump,37
Saratoga,Day 1,President,,WOR,Kamala D. Harris,10
Saratoga,Day 1,President,,,Write-in,1
Saratoga,Day 1,U.S. Senate,,DEM,Kirsten E. Gillibrand,174
Saratoga,Day 1,U.S. Senate,,REP,Michael D. Sapraicone,311
Saratoga,Day 1,U.S. Senate,,CON,Michael D. Sapraicone,36
Saratoga,Day 1,U.S. Senate,,WOR,Kirsten E. Gillibrand,15
Saratoga,Day 1,U.S. Senate,,LAR,Diane Sare,4
Saratoga,Day 1,U.S. House,21,DEM,Paula Collins,158
Saratoga,Day 1,U.S. House,21,REP,Elise M. Stefanik,332
Saratoga,Day 1,U.S. House,21,CON,Elise M. Stefanik,44
Saratoga,Day 1,U.S. House,21,WOR,Paula Collins,10
Saratoga,Day 1,State Senate,44,DEM,Minita J. Sanghvi,103
Saratoga,Day 1,State Senate,44,REP,James N. Tedisco,378
Saratoga,Day 1,State Senate,44,CON,James N. Tedisco,48
Saratoga,Day 1,State Senate,44,WOR,Minita J. Sanghvi,6
Saratoga,Day 1,State Assembly,114,REP,Matthew J. Simpson,372
Saratoga,Day 1,State Assembly,114,CON,Matthew J. Simpson,62
Saratoga,Day 1,State Assembly,114,,Write-in,3
Saratoga,Edinburg 1,President,,DEM,Kamala D. Harris,233
Saratoga,Edinburg 1,President,,REP,Donald J. Trump,606
Saratoga,Edinburg 1,President,,CON,Donald J. Trump,59
Saratoga,Edinburg 1,President,,WOR,Kamala D. Harris,16
Saratoga,Edinburg 1,President,,,Write-in,4
Saratoga,Edinburg 1,U.S. Senate,,DEM,Kirsten E. Gillibrand,254
Saratoga,Edinburg 1,U.S. Senate,,REP,Michael D. Sapraicone,543
Saratoga,Edinburg 1,U.S. Senate,,CON,Michael D. Sapraicone,54
Saratoga,Edinburg 1,U.S. Senate,,WOR,Kirsten E. Gillibrand,35
Saratoga,Edinburg 1,U.S. Senate,,LAR,Diane Sare,6
Saratoga,Edinburg 1,U.S. House,21,DEM,Paula Collins,219
Saratoga,Edinburg 1,U.S. House,21,REP,Elise M. Stefanik,603
Saratoga,Edinburg 1,U.S. House,21,CON,Elise M. Stefanik,68
Saratoga,Edinburg 1,U.S. House,21,WOR,Paula Collins,19
Saratoga,Edinburg 1,State Senate,44,DEM,Minita J. Sanghvi,141
Saratoga,Edinburg 1,State Senate,44,REP,James N. Tedisco,680
Saratoga,Edinburg 1,State Senate,44,CON,James N. Tedisco,76
Saratoga,Edinburg 1,State Senate,44,WOR,Minita J. Sanghvi,11
Saratoga,Edinburg 1,State Assembly,114,REP,Matthew J. Simpson,654
Saratoga,Edinburg 1,State Assembly,114,CON,Matthew J. Simpson,94
Saratoga,Edinburg 1,State Assembly,114,,Write-in,1
Saratoga,Galway 1,President,,DEM,Kamala D. Harris,250
Saratoga,Galway 1,President,,REP,Donald J. Trump,408
Saratoga,Galway 1,President,,CON,Donald J. Trump,46
Saratoga,Galway 1,President,,WOR,Kamala D. Harris,11
Saratoga,Galway 1,President,,,Write-in,1
Saratoga,Galway 1,U.S. Senate,,DEM,Kirsten E. Gillibrand,265
Saratoga,Galway 1,U.S. Senate,,REP,Michael D. Sapraicone,361
Saratoga,Galway 1,U.S. Senate,,CON,Michael D. Sapraicone,47
Saratoga,Galway 1,U.S. Senate,,WOR,Kirsten E. Gillibrand,24
Saratoga,Galway 1,U.S. House,20,DEM,Paul D. Tonko,258
Saratoga,Galway 1,U.S. House,20,REP,Kevin M. Waltz,365
Saratoga,Galway 1,U.S. House,20,CON,Kevin M. Waltz,48
Saratoga,Galway 1,U.S. House,20,WOR,Paul D. Tonko,24
Saratoga,Galway 1,State Senate,44,DEM,Minita J. Sanghvi,168
Saratoga,Galway 1,State Senate,44,REP,James N. Tedisco,463
Saratoga,Galway 1,State Senate,44,CON,James N. Tedisco,51
Saratoga,Galway 1,State Senate,44,WOR,Minita J. Sanghvi,13
Saratoga,Galway 1,State Senate,44,,Write-in,2
Saratoga,Galway 1,State Assembly,112,DEM,Joe Seeman,174
Saratoga,Galway 1,State Assembly,112,REP,Mary Beth Walsh,457
Saratoga,Galway 1,State Assembly,112,CON,Mary Beth Walsh,49
Saratoga,Galway 1,State Assembly,112,WOR,Joe Seeman,10
Saratoga,Galway 2,President,,DEM,Kamala D. Harris,318
Saratoga,Galway 2,President,,REP,Donald J. Trump,408
Saratoga,Galway 2,President,,CON,Donald J. Trump,60
Saratoga,Galway 2,President,,WOR,Kamala D. Harris,20
Saratoga,Galway 2,President,,,Write-in,1
Saratoga,Galway 2,U.S. Senate,,DEM,Kirsten E. Gillibrand,327
Saratoga,Galway 2,U.S. Senate,,REP,Michael D. Sapraicone,358
Saratoga,Galway 2,U.S. Senate,,CON,Michael D. Sapraicone,63
Saratoga,Galway 2,U.S. Senate,,WOR,Kirsten E. Gillibrand,37
Saratoga,Galway 2,U.S. Senate,,LAR,Diane Sare,2
Saratoga,Galway 2,U.S. House,20,DEM,Paul D. Tonko,326
Saratoga,Galway 2,U.S. House,20,REP,Kevin M. Waltz,362
Saratoga,Galway 2,U.S. House,20,CON,Kevin M. Waltz,62
Saratoga,Galway 2,U.S. House,20,WOR,Paul D. Tonko,34
Saratoga,Galway 2,State Senate,44,DEM,Minita J. Sanghvi,208
Saratoga,Galway 2,State Senate,44,REP,James N. Tedisco,482
Saratoga,Galway 2,State Senate,44,CON,James N. Tedisco,76
Saratoga,Galway 2,State Senate,44,WOR,Minita J. Sanghvi,21
Saratoga,Galway 2,State Assembly,112,DEM,Joe Seeman,224
Saratoga,Galway 2,State Assembly,112,REP,Mary Beth Walsh,455
Saratoga,Galway 2,State Assembly,112,CON,Mary Beth Walsh,78
Saratoga,Galway 2,State Assembly,112,WOR,Joe Seeman,20
Saratoga,Galway 3,President,,DEM,Kamala D. Harris,224
Saratoga,Galway 3,President,,REP,Donald J. Trump,420
Saratoga,Galway 3,President,,CON,Donald J. Trump,32
Saratoga,Galway 3,President,,WOR,Kamala D. Harris,16
Saratoga,Galway 3,President,,,Write-in,1
Saratoga,Galway 3,U.S. Senate,,DEM,Kirsten E. Gillibrand,229
Saratoga,Galway 3,U.S. Senate,,REP,Michael D. Sapraicone,397
Saratoga,Galway 3,U.S. Senate,,CON,Michael D. Sapraicone,31
Saratoga,Galway 3,U.S. Senate,,WOR,Kirsten E. Gillibrand,23
Saratoga,Galway 3,U.S. Senate,,LAR,Diane Sare,4
Saratoga,Galway 3,U.S. House,20,DEM,Paul D. Tonko,228
Saratoga,Galway 3,U.S. House,20,REP,Kevin M. Waltz,396
Saratoga,Galway 3,U.S. House,20,CON,Kevin M. Waltz,32
Saratoga,Galway 3,U.S. House,20,WOR,Paul D. Tonko,24
Saratoga,Galway 3,State Senate,44,DEM,Minita J. Sanghvi,151
Saratoga,Galway 3,State Senate,44,REP,James N. Tedisco,484
Saratoga,Galway 3,State Senate,44,CON,James N. Tedisco,44
Saratoga,Galway 3,State Senate,44,WOR,Minita J. Sanghvi,14
Saratoga,Galway 3,State Assembly,112,DEM,Joe Seeman,160
Saratoga,Galway 3,State Assembly,112,REP,Mary Beth Walsh,466
Saratoga,Galway 3,State Assembly,112,CON,Mary Beth Walsh,43
Saratoga,Galway 3,State Assembly,112,WOR,Joe Seeman,11
Saratoga,Greenfield 1,President,,DEM,Kamala D. Harris,319
Saratoga,Greenfield 1,President,,REP,Donald J. Trump,278
Saratoga,Greenfield 1,President,,CON,Donald J. Trump,26
Saratoga,Greenfield 1,President,,WOR,Kamala D. Harris,12
Saratoga,Greenfield 1,President,,,Write-in,3
Saratoga,Greenfield 1,U.S. Senate,,DEM,Kirsten E. Gillibrand,315
Saratoga,Greenfield 1,U.S. Senate,,REP,Michael D. Sapraicone,249
Saratoga,Greenfield 1,U.S. Senate,,CON,Michael D. Sapraicone,26
Saratoga,Greenfield 1,U.S. Senate,,WOR,Kirsten E. Gillibrand,27
Saratoga,Greenfield 1,U.S. Senate,,LAR,Diane Sare,1
Saratoga,Greenfield 1,U.S. House,21,DEM,Paula Collins,295
Saratoga,Greenfield 1,U.S. House,21,REP,Elise M. Stefanik,280
Saratoga,Greenfield 1,U.S. House,21,CON,Elise M. Stefanik,25
Saratoga,Greenfield 1,U.S. House,21,WOR,Paula Collins,21
Saratoga,Greenfield 1,State Senate,44,DEM,Minita J. Sanghvi,242
Saratoga,Greenfield 1,State Senate,44,REP,James N. Tedisco,324
Saratoga,Greenfield 1,State Senate,44,CON,James N. Tedisco,35
Saratoga,Greenfield 1,State Senate,44,WOR,Minita J. Sanghvi,17
Saratoga,Greenfield 1,State Assembly,114,REP,Matthew J. Simpson,343
Saratoga,Greenfield 1,State Assembly,114,CON,Matthew J. Simpson,55
Saratoga,Greenfield 1,State Assembly,114,,Write-in,3
Saratoga,Greenfield 2,President,,DEM,Kamala D. Harris,230
Saratoga,Greenfield 2,President,,REP,Donald J. Trump,259
Saratoga,Greenfield 2,President,,CON,Donald J. Trump,33
Saratoga,Greenfield 2,President,,WOR,Kamala D. Harris,9
Saratoga,Greenfield 2,President,,,Write-in,2
Saratoga,Greenfield 2,U.S. Senate,,DEM,Kirsten E. Gillibrand,225
Saratoga,Greenfield 2,U.S. Senate,,REP,Michael D. Sapraicone,241
Saratoga,Greenfield 2,U.S. Senate,,CON,Michael D. Sapraicone,31
Saratoga,Greenfield 2,U.S. Senate,,WOR,Kirsten E. Gillibrand,19
Saratoga,Greenfield 2,U.S. Senate,,LAR,Diane Sare,5
Saratoga,Greenfield 2,U.S. House,21,DEM,Paula Collins,217
Saratoga,Greenfield 2,U.S. House,21,REP,Elise M. Stefanik,255
Saratoga,Greenfield 2,U.S. House,21,CON,Elise M. Stefanik,36
Saratoga,Greenfield 2,U.S. House,21,WOR,Paula Collins,13
Saratoga,Greenfield 2,U.S. House,21,,Write-in,1
Saratoga,Greenfield 2,State Senate,44,DEM,Minita J. Sanghvi,173
Saratoga,Greenfield 2,State Senate,44,REP,James N. Tedisco,301
Saratoga,Greenfield 2,State Senate,44,CON,James N. Tedisco,40
Saratoga,Greenfield 2,State Senate,44,WOR,Minita J. Sanghvi,8
Saratoga,Greenfield 2,State Senate,44,,Write-in,1
Saratoga,Greenfield 2,State Assembly,114,REP,Matthew J. Simpson,314
Saratoga,Greenfield 2,State Assembly,114,CON,Matthew J. Simpson,49
Saratoga,Greenfield 2,State Assembly,114,,Write-in,3
Saratoga,Greenfield 3,President,,DEM,Kamala D. Harris,234
Saratoga,Greenfield 3,President,,REP,Donald J. Trump,289
Saratoga,Greenfield 3,President,,CON,Donald J. Trump,34
Saratoga,Greenfield 3,President,,WOR,Kamala D. Harris,20
Saratoga,Greenfield 3,U.S. Senate,,DEM,Kirsten E. Gillibrand,243
Saratoga,Greenfield 3,U.S. Senate,,REP,Michael D. Sapraicone,256
Saratoga,Greenfield 3,U.S. Senate,,CON,Michael D. Sapraicone,35
Saratoga,Greenfield 3,U.S. Senate,,WOR,Kirsten E. Gillibrand,33
Saratoga,Greenfield 3,U.S. Senate,,LAR,Diane Sare,2
Saratoga,Greenfield 3,U.S. House,21,DEM,Paula Collins,220
Saratoga,Greenfield 3,U.S. House,21,REP,Elise M. Stefanik,288
Saratoga,Greenfield 3,U.S. House,21,CON,Elise M. Stefanik,41
Saratoga,Greenfield 3,U.S. House,21,WOR,Paula Collins,21
Saratoga,Greenfield 3,State Senate,44,DEM,Minita J. Sanghvi,191
Saratoga,Greenfield 3,State Senate,44,REP,James N. Tedisco,311
Saratoga,Greenfield 3,State Senate,44,CON,James N. Tedisco,49
Saratoga,Greenfield 3,State Senate,44,WOR,Minita J. Sanghvi,18
Saratoga,Greenfield 3,State Assembly,114,REP,Matthew J. Simpson,325
Saratoga,Greenfield 3,State Assembly,114,CON,Matthew J. Simpson,62
Saratoga,Greenfield 3,State Assembly,114,,Write-in,2
Saratoga,Greenfield 4,President,,DEM,Kamala D. Harris,345
Saratoga,Greenfield 4,President,,REP,Donald J. Trump,182
Saratoga,Greenfield 4,President,,CON,Donald J. Trump,22
Saratoga,Greenfield 4,President,,WOR,Kamala D. Harris,13
Saratoga,Greenfield 4,President,,,Write-in,1
Saratoga,Greenfield 4,U.S. Senate,,DEM,Kirsten E. Gillibrand,339
Saratoga,Greenfield 4,U.S. Senate,,REP,Michael D. Sapraicone,174
Saratoga,Greenfield 4,U.S. Senate,,CON,Michael D. Sapraicone,23
Saratoga,Greenfield 4,U.S. Senate,,WOR,Kirsten E. Gillibrand,16
Saratoga,Greenfield 4,U.S. Senate,,,Write-in,1
Saratoga,Greenfield 4,U.S. House,21,DEM,Paula Collins,323
Saratoga,Greenfield 4,U.S. House,21,REP,Elise M. Stefanik,181
Saratoga,Greenfield 4,U.S. House,21,CON,Elise M. Stefanik,30
Saratoga,Greenfield 4,U.S. House,21,WOR,Paula Collins,15
Saratoga,Greenfield 4,U.S. House,21,,Write-in,1
Saratoga,Greenfield 4,State Senate,44,DEM,Minita J. Sanghvi,263
Saratoga,Greenfield 4,State Senate,44,REP,James N. Tedisco,241
Saratoga,Greenfield 4,State Senate,44,CON,James N. Tedisco,35
Saratoga,Greenfield 4,State Senate,44,WOR,Minita J. Sanghvi,12
Saratoga,Greenfield 4,State Senate,44,,Write-in,1
Saratoga,Greenfield 4,State Assembly,114,REP,Matthew J. Simpson,242
Saratoga,Greenfield 4,State Assembly,114,CON,Matthew J. Simpson,53
Saratoga,Greenfield 4,State Assembly,114,,Write-in,3
Saratoga,Greenfield 5,President,,DEM,Kamala D. Harris,315
Saratoga,Greenfield 5,President,,REP,Donald J. Trump,357
Saratoga,Greenfield 5,President,,CON,Donald J. Trump,40
Saratoga,Greenfield 5,President,,WOR,Kamala D. Harris,21
Saratoga,Greenfield 5,President,,,Write-in,1
Saratoga,Greenfield 5,U.S. Senate,,DEM,Kirsten E. Gillibrand,323
Saratoga,Greenfield 5,U.S. Senate,,REP,Michael D. Sapraicone,338
Saratoga,Greenfield 5,U.S. Senate,,CON,Michael D. Sapraicone,38
Saratoga,Greenfield 5,U.S. Senate,,WOR,Kirsten E. Gillibrand,37
Saratoga,Greenfield 5,U.S. Senate,,LAR,Diane Sare,2
Saratoga,Greenfield 5,U.S. Senate,,,Write-in,1
Saratoga,Greenfield 5,U.S. House,21,DEM,Paula Collins,290
Saratoga,Greenfield 5,U.S. House,21,REP,Elise M. Stefanik,377
Saratoga,Greenfield 5,U.S. House,21,CON,Elise M. Stefanik,45
Saratoga,Greenfield 5,U.S. House,21,WOR,Paula Collins,23
Saratoga,Greenfield 5,U.S. House,21,,Write-in,2
Saratoga,Greenfield 5,State Senate,44,DEM,Minita J. Sanghvi,247
Saratoga,Greenfield 5,State Senate,44,REP,James N. Tedisco,419
Saratoga,Greenfield 5,State Senate,44,CON,James N. Tedisco,46
Saratoga,Greenfield 5,State Senate,44,WOR,Minita J. Sanghvi,22
Saratoga,Greenfield 5,State Senate,44,,Write-in,1
Saratoga,Greenfield 5,State Assembly,114,REP,Matthew J. Simpson,440
Saratoga,Greenfield 5,State Assembly,114,CON,Matthew J. Simpson,70
Saratoga,Greenfield 5,State Assembly,114,,Write-in,1
Saratoga,Greenfield 6,President,,DEM,Kamala D. Harris,226
Saratoga,Greenfield 6,President,,REP,Donald J. Trump,259
Saratoga,Greenfield 6,President,,CON,Donald J. Trump,27
Saratoga,Greenfield 6,President,,WOR,Kamala D. Harris,9
Saratoga,Greenfield 6,President,,,Write-in,2
Saratoga,Greenfield 6,U.S. Senate,,DEM,Kirsten E. Gillibrand,230
Saratoga,Greenfield 6,U.S. Senate,,REP,Michael D. Sapraicone,241
Saratoga,Greenfield 6,U.S. Senate,,CON,Michael D. Sapraicone,27
Saratoga,Greenfield 6,U.S. Senate,,WOR,Kirsten E. Gillibrand,13
Saratoga,Greenfield 6,U.S. Senate,,LAR,Diane Sare,5
Saratoga,Greenfield 6,U.S. House,21,DEM,Paula Collins,208
Saratoga,Greenfield 6,U.S. House,21,REP,Elise M. Stefanik,266
Saratoga,Greenfield 6,U.S. House,21,CON,Elise M. Stefanik,29
Saratoga,Greenfield 6,U.S. House,21,WOR,Paula Collins,16
Saratoga,Greenfield 6,State Senate,44,DEM,Minita J. Sanghvi,171
Saratoga,Greenfield 6,State Senate,44,REP,James N. Tedisco,306
Saratoga,Greenfield 6,State Senate,44,CON,James N. Tedisco,34
Saratoga,Greenfield 6,State Senate,44,WOR,Minita J. Sanghvi,10
Saratoga,Greenfield 6,State Assembly,114,REP,Matthew J. Simpson,315
Saratoga,Greenfield 6,State Assembly,114,CON,Matthew J. Simpson,49
Saratoga,Greenfield 7,President,,DEM,Kamala D. Harris,184
Saratoga,Greenfield 7,President,,REP,Donald J. Trump,245
Saratoga,Greenfield 7,President,,CON,Donald J. Trump,35
Saratoga,Greenfield 7,President,,WOR,Kamala D. Harris,10
Saratoga,Greenfield 7,President,,,Write-in,2
Saratoga,Greenfield 7,U.S. Senate,,DEM,Kirsten E. Gillibrand,186
Saratoga,Greenfield 7,U.S. Senate,,REP,Michael D. Sapraicone,225
Saratoga,Greenfield 7,U.S. Senate,,CON,Michael D. Sapraicone,36
Saratoga,Greenfield 7,U.S. Senate,,WOR,Kirsten E. Gillibrand,17
Saratoga,Greenfield 7,U.S. Senate,,LAR,Diane Sare,3
Saratoga,Greenfield 7,U.S. House,21,DEM,Paula Collins,164
Saratoga,Greenfield 7,U.S. House,21,REP,Elise M. Stefanik,250
Saratoga,Greenfield 7,U.S. House,21,CON,Elise M. Stefanik,37
Saratoga,Greenfield 7,U.S. House,21,WOR,Paula Collins,15
Saratoga,Greenfield 7,State Senate,44,DEM,Minita J. Sanghvi,131
Saratoga,Greenfield 7,State Senate,44,REP,James N. Tedisco,275
Saratoga,Greenfield 7,State Senate,44,CON,James N. Tedisco,48
Saratoga,Greenfield 7,State Senate,44,WOR,Minita J. Sanghvi,10
Saratoga,Greenfield 7,State Assembly,114,REP,Matthew J. Simpson,279
Saratoga,Greenfield 7,State Assembly,114,CON,Matthew J. Simpson,61
Saratoga,Greenfield 7,State Assembly,114,,Write-in,1
Saratoga,Greenfield 8,President,,DEM,Kamala D. Harris,239
Saratoga,Greenfield 8,President,,REP,Donald J. Trump,237
Saratoga,Greenfield 8,President,,CON,Donald J. Trump,13
Saratoga,Greenfield 8,President,,WOR,Kamala D. Harris,25
Saratoga,Greenfield 8,U.S. Senate,,DEM,Kirsten E. Gillibrand,248
Saratoga,Greenfield 8,U.S. Senate,,REP,Michael D. Sapraicone,201
Saratoga,Greenfield 8,U.S. Senate,,CON,Michael D. Sapraicone,16
Saratoga,Greenfield 8,U.S. Senate,,WOR,Kirsten E. Gillibrand,36
Saratoga,Greenfield 8,U.S. House,21,DEM,Paula Collins,225
Saratoga,Greenfield 8,U.S. House,21,REP,Elise M. Stefanik,229
Saratoga,Greenfield 8,U.S. House,21,CON,Elise M. Stefanik,19
Saratoga,Greenfield 8,U.S. House,21,WOR,Paula Collins,33
Saratoga,Greenfield 8,State Senate,44,DEM,Minita J. Sanghvi,189
Saratoga,Greenfield 8,State Senate,44,REP,James N. Tedisco,254
Saratoga,Greenfield 8,State Senate,44,CON,James N. Tedisco,29
Saratoga,Greenfield 8,State Senate,44,WOR,Minita J. Sanghvi,31
Saratoga,Greenfield 8,State Assembly,114,REP,Matthew J. Simpson,283
Saratoga,Greenfield 8,State Assembly,114,CON,Matthew J. Simpson,38
Saratoga,Greenfield 8,State Assembly,114,,Write-in,1
Saratoga,Hadley 1,President,,DEM,Kamala D. Harris,126
Saratoga,Hadley 1,President,,REP,Donald J. Trump,337
Saratoga,Hadley 1,President,,CON,Donald J. Trump,27
Saratoga,Hadley 1,President,,WOR,Kamala D. Harris,8
Saratoga,Hadley 1,President,,,Write-in,2
Saratoga,Hadley 1,U.S. Senate,,DEM,Kirsten E. Gillibrand,130
Saratoga,Hadley 1,U.S. Senate,,REP,Michael D. Sapraicone,302
Saratoga,Hadley 1,U.S. Senate,,CON,Michael D. Sapraicone,27
Saratoga,Hadley 1,U.S. Senate,,WOR,Kirsten E. Gillibrand,20
Saratoga,Hadley 1,U.S. Senate,,LAR,Diane Sare,3
Saratoga,Hadley 1,U.S. House,21,DEM,Paula Collins,112
Saratoga,Hadley 1,U.S. House,21,REP,Elise M. Stefanik,341
Saratoga,Hadley 1,U.S. House,21,CON,Elise M. Stefanik,28
Saratoga,Hadley 1,U.S. House,21,WOR,Paula Collins,9
Saratoga,Hadley 1,State Senate,44,DEM,Minita J. Sanghvi,91
Saratoga,Hadley 1,State Senate,44,REP,James N. Tedisco,357
Saratoga,Hadley 1,State Senate,44,CON,James N. Tedisco,31
Saratoga,Hadley 1,State Senate,44,WOR,Minita J. Sanghvi,5
Saratoga,Hadley 1,State Assembly,114,REP,Matthew J. Simpson,356
Saratoga,Hadley 1,State Assembly,114,CON,Matthew J. Simpson,40
Saratoga,Hadley 2,President,,DEM,Kamala D. Harris,157
Saratoga,Hadley 2,President,,REP,Donald J. Trump,349
Saratoga,Hadley 2,President,,CON,Donald J. Trump,28
Saratoga,Hadley 2,President,,WOR,Kamala D. Harris,8
Saratoga,Hadley 2,President,,,Write-in,1
Saratoga,Hadley 2,U.S. Senate,,DEM,Kirsten E. Gillibrand,166
Saratoga,Hadley 2,U.S. Senate,,REP,Michael D. Sapraicone,298
Saratoga,Hadley 2,U.S. Senate,,CON,Michael D. Sapraicone,30
Saratoga,Hadley 2,U.S. Senate,,WOR,Kirsten E. Gillibrand,22
Saratoga,Hadley 2,U.S. Senate,,LAR,Diane Sare,1
Saratoga,Hadley 2,U.S. House,21,DEM,Paula Collins,143
Saratoga,Hadley 2,U.S. House,21,REP,Elise M. Stefanik,343
Saratoga,Hadley 2,U.S. House,21,CON,Elise M. Stefanik,36
Saratoga,Hadley 2,U.S. House,21,WOR,Paula Collins,11
Saratoga,Hadley 2,State Senate,44,DEM,Minita J. Sanghvi,124
Saratoga,Hadley 2,State Senate,44,REP,James N. Tedisco,353
Saratoga,Hadley 2,State Senate,44,CON,James N. Tedisco,38
Saratoga,Hadley 2,State Senate,44,WOR,Minita J. Sanghvi,8
Saratoga,Hadley 2,State Assembly,114,REP,Matthew J. Simpson,361
Saratoga,Hadley 2,State Assembly,114,CON,Matthew J. Simpson,50
Saratoga,Halfmoon 1,President,,DEM,Kamala D. Harris,268
Saratoga,Halfmoon 1,President,,REP,Donald J. Trump,331
Saratoga,Halfmoon 1,President,,CON,Donald J. Trump,36
Saratoga,Halfmoon 1,President,,WOR,Kamala D. Harris,22
Saratoga,Halfmoon 1,President,,,Write-in,12
Saratoga,Halfmoon 1,U.S. Senate,,DEM,Kirsten E. Gillibrand,277
Saratoga,Halfmoon 1,U.S. Senate,,REP,Michael D. Sapraicone,288
Saratoga,Halfmoon 1,U.S. Senate,,CON,Michael D. Sapraicone,32
Saratoga,Halfmoon 1,U.S. Senate,,WOR,Kirsten E. Gillibrand,44
Saratoga,Halfmoon 1,U.S. Senate,,LAR,Diane Sare,8
Saratoga,Halfmoon 1,U.S. House,20,DEM,Paul D. Tonko,278
Saratoga,Halfmoon 1,U.S. House,20,REP,Kevin M. Waltz,280
Saratoga,Halfmoon 1,U.S. House,20,CON,Kevin M. Waltz,36
Saratoga,Halfmoon 1,U.S. House,20,WOR,Paul D. Tonko,50
Saratoga,Halfmoon 1,State Senate,44,DEM,Minita J. Sanghvi,196
Saratoga,Halfmoon 1,State Senate,44,REP,James N. Tedisco,357
Saratoga,Halfmoon 1,State Senate,44,CON,James N. Tedisco,53
Saratoga,Halfmoon 1,State Senate,44,WOR,Minita J. Sanghvi,30
Saratoga,Halfmoon 1,State Assembly,112,DEM,Joe Seeman,212
Saratoga,Halfmoon 1,State Assembly,112,REP,Mary Beth Walsh,332
Saratoga,Halfmoon 1,State Assembly,112,CON,Mary Beth Walsh,53
Saratoga,Halfmoon 1,State Assembly,112,WOR,Joe Seeman,35
Saratoga,Halfmoon 2,President,,DEM,Kamala D. Harris,349
Saratoga,Halfmoon 2,President,,REP,Donald J. Trump,355
Saratoga,Halfmoon 2,President,,CON,Donald J. Trump,43
Saratoga,Halfmoon 2,President,,WOR,Kamala D. Harris,9
Saratoga,Halfmoon 2,President,,,Write-in,3
Saratoga,Halfmoon 2,U.S. Senate,,DEM,Kirsten E. Gillibrand,351
Saratoga,Halfmoon 2,U.S. Senate,,REP,Michael D. Sapraicone,321
Saratoga,Halfmoon 2,U.S. Senate,,CON,Michael D. Sapraicone,46
Saratoga,Halfmoon 2,U.S. Senate,,WOR,Kirsten E. Gillibrand,25
Saratoga,Halfmoon 2,U.S. Senate,,LAR,Diane Sare,2
Saratoga,Halfmoon 2,U.S. Senate,,,Write-in,2
Saratoga,Halfmoon 2,U.S. House,20,DEM,Paul D. Tonko,365
Saratoga,Halfmoon 2,U.S. House,20,REP,Kevin M. Waltz,320
Saratoga,Halfmoon 2,U.S. House,20,CON,Kevin M. Waltz,39
Saratoga,Halfmoon 2,U.S. House,20,WOR,Paul D. Tonko,24
Saratoga,Halfmoon 2,U.S. House,20,,Write-in,1
Saratoga,Halfmoon 2,State Senate,44,DEM,Minita J. Sanghvi,262
Saratoga,Halfmoon 2,State Senate,44,REP,James N. Tedisco,424
Saratoga,Halfmoon 2,State Senate,44,CON,James N. Tedisco,54
Saratoga,Halfmoon 2,State Senate,44,WOR,Minita J. Sanghvi,12
Saratoga,Halfmoon 2,State Assembly,112,DEM,Joe Seeman,277
Saratoga,Halfmoon 2,State Assembly,112,REP,Mary Beth Walsh,401
Saratoga,Halfmoon 2,State Assembly,112,CON,Mary Beth Walsh,49
Saratoga,Halfmoon 2,State Assembly,112,WOR,Joe Seeman,14
Saratoga,Halfmoon 3,President,,DEM,Kamala D. Harris,487
Saratoga,Halfmoon 3,President,,REP,Donald J. Trump,473
Saratoga,Halfmoon 3,President,,CON,Donald J. Trump,54
Saratoga,Halfmoon 3,President,,WOR,Kamala D. Harris,12
Saratoga,Halfmoon 3,President,,,Write-in,4
Saratoga,Halfmoon 3,U.S. Senate,,DEM,Kirsten E. Gillibrand,473
Saratoga,Halfmoon 3,U.S. Senate,,REP,Michael D. Sapraicone,457
Saratoga,Halfmoon 3,U.S. Senate,,CON,Michael D. Sapraicone,55
Saratoga,Halfmoon 3,U.S. Senate,,WOR,Kirsten E. Gillibrand,27
Saratoga,Halfmoon 3,U.S. Senate,,LAR,Diane Sare,4
Saratoga,Halfmoon 3,U.S. House,20,DEM,Paul D. Tonko,471
Saratoga,Halfmoon 3,U.S. House,20,REP,Kevin M. Waltz,460
Saratoga,Halfmoon 3,U.S. House,20,CON,Kevin M. Waltz,53
Saratoga,Halfmoon 3,U.S. House,20,WOR,Paul D. Tonko,30
Saratoga,Halfmoon 3,State Senate,44,DEM,Minita J. Sanghvi,317
Saratoga,Halfmoon 3,State Senate,44,REP,James N. Tedisco,606
Saratoga,Halfmoon 3,State Senate,44,CON,James N. Tedisco,71
Saratoga,Halfmoon 3,State Senate,44,WOR,Minita J. Sanghvi,11
Saratoga,Halfmoon 3,State Senate,44,,Write-in,1
Saratoga,Halfmoon 3,State Assembly,112,DEM,Joe Seeman,360
Saratoga,Halfmoon 3,State Assembly,112,REP,Mary Beth Walsh,554
Saratoga,Halfmoon 3,State Assembly,112,CON,Mary Beth Walsh,64
Saratoga,Halfmoon 3,State Assembly,112,WOR,Joe Seeman,17
Saratoga,Halfmoon 3,State Assembly,112,,Write-in,1
Saratoga,Halfmoon 4,President,,DEM,Kamala D. Harris,497
Saratoga,Halfmoon 4,President,,REP,Donald J. Trump,487
Saratoga,Halfmoon 4,President,,CON,Donald J. Trump,56
Saratoga,Halfmoon 4,President,,WOR,Kamala D. Harris,34
Saratoga,Halfmoon 4,President,,,Write-in,3
Saratoga,Halfmoon 4,U.S. Senate,,DEM,Kirsten E. Gillibrand,505
Saratoga,Halfmoon 4,U.S. Senate,,REP,Michael D. Sapraicone,452
Saratoga,Halfmoon 4,U.S. Senate,,CON,Michael D. Sapraicone,55
Saratoga,Halfmoon 4,U.S. Senate,,WOR,Kirsten E. Gillibrand,42
Saratoga,Halfmoon 4,U.S. Senate,,LAR,Diane Sare,3
Saratoga,Halfmoon 4,U.S. House,20,DEM,Paul D. Tonko,501
Saratoga,Halfmoon 4,U.S. House,20,REP,Kevin M. Waltz,458
Saratoga,Halfmoon 4,U.S. House,20,CON,Kevin M. Waltz,52
Saratoga,Halfmoon 4,U.S. House,20,WOR,Paul D. Tonko,43
Saratoga,Halfmoon 4,State Senate,44,DEM,Minita J. Sanghvi,345
Saratoga,Halfmoon 4,State Senate,44,REP,James N. Tedisco,600
Saratoga,Halfmoon 4,State Senate,44,CON,James N. Tedisco,77
Saratoga,Halfmoon 4,State Senate,44,WOR,Minita J. Sanghvi,28
Saratoga,Halfmoon 4,State Assembly,112,DEM,Joe Seeman,397
Saratoga,Halfmoon 4,State Assembly,112,REP,Mary Beth Walsh,547
Saratoga,Halfmoon 4,State Assembly,112,CON,Mary Beth Walsh,68
Saratoga,Halfmoon 4,State Assembly,112,WOR,Joe Seeman,32
Saratoga,Halfmoon 5,President,,DEM,Kamala D. Harris,270
Saratoga,Halfmoon 5,President,,REP,Donald J. Trump,258
Saratoga,Halfmoon 5,President,,CON,Donald J. Trump,22
Saratoga,Halfmoon 5,President,,WOR,Kamala D. Harris,21
Saratoga,Halfmoon 5,President,,,Write-in,4
Saratoga,Halfmoon 5,U.S. Senate,,DEM,Kirsten E. Gillibrand,280
Saratoga,Halfmoon 5,U.S. Senate,,REP,Michael D. Sapraicone,223
Saratoga,Halfmoon 5,U.S. Senate,,CON,Michael D. Sapraicone,25
Saratoga,Halfmoon 5,U.S. Senate,,WOR,Kirsten E. Gillibrand,32
Saratoga,Halfmoon 5,U.S. Senate,,LAR,Diane Sare,2
Saratoga,Halfmoon 5,U.S. House,20,DEM,Paul D. Tonko,270
Saratoga,Halfmoon 5,U.S. House,20,REP,Kevin M. Waltz,233
Saratoga,Halfmoon 5,U.S. House,20,CON,Kevin M. Waltz,26
Saratoga,Halfmoon 5,U.S. House,20,WOR,Paul D. Tonko,32
Saratoga,Halfmoon 5,State Senate,44,DEM,Minita J. Sanghvi,197
Saratoga,Halfmoon 5,State Senate,44,REP,James N. Tedisco,307
Saratoga,Halfmoon 5,State Senate,44,CON,James N. Tedisco,34
Saratoga,Halfmoon 5,State Senate,44,WOR,Minita J. Sanghvi,22
Saratoga,Halfmoon 5,State Assembly,112,DEM,Joe Seeman,204
Saratoga,Halfmoon 5,State Assembly,112,REP,Mary Beth Walsh,295
Saratoga,Halfmoon 5,State Assembly,112,CON,Mary Beth Walsh,34
Saratoga,Halfmoon 5,State Assembly,112,WOR,Joe Seeman,22
Saratoga,Halfmoon 6,President,,DEM,Kamala D. Harris,354
Saratoga,Halfmoon 6,President,,REP,Donald J. Trump,354
Saratoga,Halfmoon 6,President,,CON,Donald J. Trump,39
Saratoga,Halfmoon 6,President,,WOR,Kamala D. Harris,12
Saratoga,Halfmoon 6,President,,,Write-in,2
Saratoga,Halfmoon 6,U.S. Senate,,DEM,Kirsten E. Gillibrand,355
Saratoga,Halfmoon 6,U.S. Senate,,REP,Michael D. Sapraicone,326
Saratoga,Halfmoon 6,U.S. Senate,,CON,Michael D. Sapraicone,42
Saratoga,Halfmoon 6,U.S. Senate,,WOR,Kirsten E. Gillibrand,27
Saratoga,Halfmoon 6,U.S. Senate,,LAR,Diane Sare,4
Saratoga,Halfmoon 6,U.S. House,20,DEM,Paul D. Tonko,351
Saratoga,Halfmoon 6,U.S. House,20,REP,Kevin M. Waltz,319
Saratoga,Halfmoon 6,U.S. House,20,CON,Kevin M. Waltz,45
Saratoga,Halfmoon 6,U.S. House,20,WOR,Paul D. Tonko,28
Saratoga,Halfmoon 6,State Senate,44,DEM,Minita J. Sanghvi,245
Saratoga,Halfmoon 6,State Senate,44,REP,James N. Tedisco,431
Saratoga,Halfmoon 6,State Senate,44,CON,James N. Tedisco,55
Saratoga,Halfmoon 6,State Senate,44,WOR,Minita J. Sanghvi,15
Saratoga,Halfmoon 6,State Senate,44,,Write-in,1
Saratoga,Halfmoon 6,State Assembly,112,DEM,Joe Seeman,278
Saratoga,Halfmoon 6,State Assembly,112,REP,Mary Beth Walsh,390
Saratoga,Halfmoon 6,State Assembly,112,CON,Mary Beth Walsh,49
Saratoga,Halfmoon 6,State Assembly,112,WOR,Joe Seeman,24
Saratoga,Halfmoon 7,President,,DEM,Kamala D. Harris,404
Saratoga,Halfmoon 7,President,,REP,Donald J. Trump,339
Saratoga,Halfmoon 7,President,,CON,Donald J. Trump,25
Saratoga,Halfmoon 7,President,,WOR,Kamala D. Harris,31
Saratoga,Halfmoon 7,President,,,Write-in,7
Saratoga,Halfmoon 7,U.S. Senate,,DEM,Kirsten E. Gillibrand,405
Saratoga,Halfmoon 7,U.S. Senate,,REP,Michael D. Sapraicone,304
Saratoga,Halfmoon 7,U.S. Senate,,CON,Michael D. Sapraicone,27
Saratoga,Halfmoon 7,U.S. Senate,,WOR,Kirsten E. Gillibrand,52
Saratoga,Halfmoon 7,U.S. Senate,,LAR,Diane Sare,7
Saratoga,Halfmoon 7,U.S. Senate,,,Write-in,1
Saratoga,Halfmoon 7,U.S. House,20,DEM,Paul D. Tonko,407
Saratoga,Halfmoon 7,U.S. House,20,REP,Kevin M. Waltz,300
Saratoga,Halfmoon 7,U.S. House,20,CON,Kevin M. Waltz,30
Saratoga,Halfmoon 7,U.S. House,20,WOR,Paul D. Tonko,51
Saratoga,Halfmoon 7,State Senate,44,DEM,Minita J. Sanghvi,313
Saratoga,Halfmoon 7,State Senate,44,REP,James N. Tedisco,391
Saratoga,Halfmoon 7,State Senate,44,CON,James N. Tedisco,51
Saratoga,Halfmoon 7,State Senate,44,WOR,Minita J. Sanghvi,31
Saratoga,Halfmoon 7,State Senate,44,,Write-in,3
Saratoga,Halfmoon 7,State Assembly,112,DEM,Joe Seeman,326
Saratoga,Halfmoon 7,State Assembly,112,REP,Mary Beth Walsh,369
Saratoga,Halfmoon 7,State Assembly,112,CON,Mary Beth Walsh,57
Saratoga,Halfmoon 7,State Assembly,112,WOR,Joe Seeman,34
Saratoga,Halfmoon 8,President,,DEM,Kamala D. Harris,322
Saratoga,Halfmoon 8,President,,REP,Donald J. Trump,253
Saratoga,Halfmoon 8,President,,CON,Donald J. Trump,28
Saratoga,Halfmoon 8,President,,WOR,Kamala D. Harris,15
Saratoga,Halfmoon 8,President,,,Write-in,7
Saratoga,Halfmoon 8,U.S. Senate,,DEM,Kirsten E. Gillibrand,321
Saratoga,Halfmoon 8,U.S. Senate,,REP,Michael D. Sapraicone,242
Saratoga,Halfmoon 8,U.S. Senate,,CON,Michael D. Sapraicone,29
Saratoga,Halfmoon 8,U.S. Senate,,WOR,Kirsten E. Gillibrand,22
Saratoga,Halfmoon 8,U.S. Senate,,LAR,Diane Sare,5
Saratoga,Halfmoon 8,U.S. House,20,DEM,Paul D. Tonko,326
Saratoga,Halfmoon 8,U.S. House,20,REP,Kevin M. Waltz,238
Saratoga,Halfmoon 8,U.S. House,20,CON,Kevin M. Waltz,32
Saratoga,Halfmoon 8,U.S. House,20,WOR,Paul D. Tonko,22
Saratoga,Halfmoon 8,State Senate,44,DEM,Minita J. Sanghvi,237
Saratoga,Halfmoon 8,State Senate,44,REP,James N. Tedisco,322
Saratoga,Halfmoon 8,State Senate,44,CON,James N. Tedisco,39
Saratoga,Halfmoon 8,State Senate,44,WOR,Minita J. Sanghvi,21
Saratoga,Halfmoon 8,State Assembly,112,DEM,Joe Seeman,256
Saratoga,Halfmoon 8,State Assembly,112,REP,Mary Beth Walsh,295
Saratoga,Halfmoon 8,State Assembly,112,CON,Mary Beth Walsh,39
Saratoga,Halfmoon 8,State Assembly,112,WOR,Joe Seeman,17
Saratoga,Halfmoon 9,President,,DEM,Kamala D. Harris,479
Saratoga,Halfmoon 9,President,,REP,Donald J. Trump,444
Saratoga,Halfmoon 9,President,,CON,Donald J. Trump,37
Saratoga,Halfmoon 9,President,,WOR,Kamala D. Harris,29
Saratoga,Halfmoon 9,President,,,Write-in,14
Saratoga,Halfmoon 9,U.S. Senate,,DEM,Kirsten E. Gillibrand,484
Saratoga,Halfmoon 9,U.S. Senate,,REP,Michael D. Sapraicone,415
Saratoga,Halfmoon 9,U.S. Senate,,CON,Michael D. Sapraicone,44
Saratoga,Halfmoon 9,U.S. Senate,,WOR,Kirsten E. Gillibrand,40
Saratoga,Halfmoon 9,U.S. Senate,,LAR,Diane Sare,4
Saratoga,Halfmoon 9,U.S. House,20,DEM,Paul D. Tonko,492
Saratoga,Halfmoon 9,U.S. House,20,REP,Kevin M. Waltz,402
Saratoga,Halfmoon 9,U.S. House,20,CON,Kevin M. Waltz,43
Saratoga,Halfmoon 9,U.S. House,20,WOR,Paul D. Tonko,40
Saratoga,Halfmoon 9,U.S. House,20,,Write-in,1
Saratoga,Halfmoon 9,State Senate,44,DEM,Minita J. Sanghvi,360
Saratoga,Halfmoon 9,State Senate,44,REP,James N. Tedisco,522
Saratoga,Halfmoon 9,State Senate,44,CON,James N. Tedisco,66
Saratoga,Halfmoon 9,State Senate,44,WOR,Minita J. Sanghvi,27
Saratoga,Halfmoon 9,State Assembly,112,DEM,Joe Seeman,387
Saratoga,Halfmoon 9,State Assembly,112,REP,Mary Beth Walsh,497
Saratoga,Halfmoon 9,State Assembly,112,CON,Mary Beth Walsh,54
Saratoga,Halfmoon 9,State Assembly,112,WOR,Joe Seeman,30
Saratoga,Halfmoon 9,State Assembly,112,,Write-in,1
Saratoga,Halfmoon 10,President,,DEM,Kamala D. Harris,293
Saratoga,Halfmoon 10,President,,REP,Donald J. Trump,236
Saratoga,Halfmoon 10,President,,CON,Donald J. Trump,20
Saratoga,Halfmoon 10,President,,WOR,Kamala D. Harris,18
Saratoga,Halfmoon 10,President,,,Write-in,3
Saratoga,Halfmoon 10,U.S. Senate,,DEM,Kirsten E. Gillibrand,287
Saratoga,Halfmoon 10,U.S. Senate,,REP,Michael D. Sapraicone,221
Saratoga,Halfmoon 10,U.S. Senate,,CON,Michael D. Sapraicone,19
Saratoga,Halfmoon 10,U.S. Senate,,WOR,Kirsten E. Gillibrand,23
Saratoga,Halfmoon 10,U.S. Senate,,,Write-in,1
Saratoga,Halfmoon 10,U.S. House,20,DEM,Paul D. Tonko,286
Saratoga,Halfmoon 10,U.S. House,20,REP,Kevin M. Waltz,214
Saratoga,Halfmoon 10,U.S. House,20,CON,Kevin M. Waltz,22
Saratoga,Halfmoon 10,U.S. House,20,WOR,Paul D. Tonko,28
Saratoga,Halfmoon 10,State Senate,44,DEM,Minita J. Sanghvi,236
Saratoga,Halfmoon 10,State Senate,44,REP,James N. Tedisco,270
Saratoga,Halfmoon 10,State Senate,44,CON,James N. Tedisco,25
Saratoga,Halfmoon 10,State Senate,44,WOR,Minita J. Sanghvi,21
Saratoga,Halfmoon 10,State Assembly,112,DEM,Joe Seeman,247
Saratoga,Halfmoon 10,State Assembly,112,REP,Mary Beth Walsh,255
Saratoga,Halfmoon 10,State Assembly,112,CON,Mary Beth Walsh,23
Saratoga,Halfmoon 10,State Assembly,112,WOR,Joe Seeman,20
Saratoga,Halfmoon 11,President,,DEM,Kamala D. Harris,628
Saratoga,Halfmoon 11,President,,REP,Donald J. Trump,570
Saratoga,Halfmoon 11,President,,CON,Donald J. Trump,64
Saratoga,Halfmoon 11,President,,WOR,Kamala D. Harris,29
Saratoga,Halfmoon 11,President,,,Write-in,10
Saratoga,Halfmoon 11,U.S. Senate,,DEM,Kirsten E. Gillibrand,638
Saratoga,Halfmoon 11,U.S. Senate,,REP,Michael D. Sapraicone,516
Saratoga,Halfmoon 11,U.S. Senate,,CON,Michael D. Sapraicone,59
Saratoga,Halfmoon 11,U.S. Senate,,WOR,Kirsten E. Gillibrand,55
Saratoga,Halfmoon 11,U.S. Senate,,LAR,Diane Sare,6
Saratoga,Halfmoon 11,U.S. House,20,DEM,Paul D. Tonko,628
Saratoga,Halfmoon 11,U.S. House,20,REP,Kevin M. Waltz,536
Saratoga,Halfmoon 11,U.S. House,20,CON,Kevin M. Waltz,56
Saratoga,Halfmoon 11,U.S. House,20,WOR,Paul D. Tonko,48
Saratoga,Halfmoon 11,State Senate,44,DEM,Minita J. Sanghvi,470
Saratoga,Halfmoon 11,State Senate,44,REP,James N. Tedisco,697
Saratoga,Halfmoon 11,State Senate,44,CON,James N. Tedisco,81
Saratoga,Halfmoon 11,State Senate,44,WOR,Minita J. Sanghvi,26
Saratoga,Halfmoon 11,State Senate,44,,Write-in,1
Saratoga,Halfmoon 11,State Assembly,112,DEM,Joe Seeman,507
Saratoga,Halfmoon 11,State Assembly,112,REP,Mary Beth Walsh,633
Saratoga,Halfmoon 11,State Assembly,112,CON,Mary Beth Walsh,77
Saratoga,Halfmoon 11,State Assembly,112,WOR,Joe Seeman,34
Saratoga,Halfmoon 12,President,,DEM,Kamala D. Harris,366
Saratoga,Halfmoon 12,President,,REP,Donald J. Trump,426
Saratoga,Halfmoon 12,President,,CON,Donald J. Trump,52
Saratoga,Halfmoon 12,President,,WOR,Kamala D. Harris,11
Saratoga,Halfmoon 12,President,,,Write-in,5
Saratoga,Halfmoon 12,U.S. Senate,,DEM,Kirsten E. Gillibrand,387
Saratoga,Halfmoon 12,U.S. Senate,,REP,Michael D. Sapraicone,384
Saratoga,Halfmoon 12,U.S. Senate,,CON,Michael D. Sapraicone,53
Saratoga,Halfmoon 12,U.S. Senate,,WOR,Kirsten E. Gillibrand,22
Saratoga,Halfmoon 12,U.S. Senate,,LAR,Diane Sare,5
Saratoga,Halfmoon 12,U.S. Senate,,,Write-in,1
Saratoga,Halfmoon 12,U.S. House,20,DEM,Paul D. Tonko,396
Saratoga,Halfmoon 12,U.S. House,20,REP,Kevin M. Waltz,373
Saratoga,Halfmoon 12,U.S. House,20,CON,Kevin M. Waltz,54
Saratoga,Halfmoon 12,U.S. House,20,WOR,Paul D. Tonko,25
Saratoga,Halfmoon 12,U.S. House,20,,Write-in,1
Saratoga,Halfmoon 12,State Senate,44,DEM,Minita J. Sanghvi,265
Saratoga,Halfmoon 12,State Senate,44,REP,James N. Tedisco,487
Saratoga,Halfmoon 12,State Senate,44,CON,James N. Tedisco,69
Saratoga,Halfmoon 12,State Senate,44,WOR,Minita J. Sanghvi,14
Saratoga,Halfmoon 12,State Senate,44,,Write-in,3
Saratoga,Halfmoon 12,State Assembly,112,DEM,Joe Seeman,283
Saratoga,Halfmoon 12,State Assembly,112,REP,Mary Beth Walsh,476
Saratoga,Halfmoon 12,State Assembly,112,CON,Mary Beth Walsh,59
Saratoga,Halfmoon 12,State Assembly,112,WOR,Joe Seeman,17
Saratoga,Halfmoon 12,State Assembly,112,,Write-in,1
Saratoga,Halfmoon 13,President,,DEM,Kamala D. Harris,199
Saratoga,Halfmoon 13,President,,REP,Donald J. Trump,139
Saratoga,Halfmoon 13,President,,CON,Donald J. Trump,11
Saratoga,Halfmoon 13,President,,WOR,Kamala D. Harris,10
Saratoga,Halfmoon 13,President,,,Write-in,1
Saratoga,Halfmoon 13,U.S. Senate,,DEM,Kirsten E. Gillibrand,204
Saratoga,Halfmoon 13,U.S. Senate,,REP,Michael D. Sapraicone,117
Saratoga,Halfmoon 13,U.S. Senate,,CON,Michael D. Sapraicone,12
Saratoga,Halfmoon 13,U.S. Senate,,WOR,Kirsten E. Gillibrand,15
Saratoga,Halfmoon 13,U.S. Senate,,LAR,Diane Sare,3
Saratoga,Halfmoon 13,U.S. House,20,DEM,Paul D. Tonko,201
Saratoga,Halfmoon 13,U.S. House,20,REP,Kevin M. Waltz,116
Saratoga,Halfmoon 13,U.S. House,20,CON,Kevin M. Waltz,11
Saratoga,Halfmoon 13,U.S. House,20,WOR,Paul D. Tonko,18
Saratoga,Halfmoon 13,State Senate,44,DEM,Minita J. Sanghvi,145
Saratoga,Halfmoon 13,State Senate,44,REP,James N. Tedisco,169
Saratoga,Halfmoon 13,State Senate,44,CON,James N. Tedisco,21
Saratoga,Halfmoon 13,State Senate,44,WOR,Minita J. Sanghvi,12
Saratoga,Halfmoon 13,State Assembly,112,DEM,Joe Seeman,156
Saratoga,Halfmoon 13,State Assembly,112,REP,Mary Beth Walsh,156
Saratoga,Halfmoon 13,State Assembly,112,CON,Mary Beth Walsh,19
Saratoga,Halfmoon 13,State Assembly,112,WOR,Joe Seeman,10
Saratoga,Halfmoon 14,President,,DEM,Kamala D. Harris,336
Saratoga,Halfmoon 14,President,,REP,Donald J. Trump,295
Saratoga,Halfmoon 14,President,,CON,Donald J. Trump,43
Saratoga,Halfmoon 14,President,,WOR,Kamala D. Harris,14
Saratoga,Halfmoon 14,President,,,Write-in,3
Saratoga,Halfmoon 14,U.S. Senate,,DEM,Kirsten E. Gillibrand,340
Saratoga,Halfmoon 14,U.S. Senate,,REP,Michael D. Sapraicone,285
Saratoga,Halfmoon 14,U.S. Senate,,CON,Michael D. Sapraicone,41
Saratoga,Halfmoon 14,U.S. Senate,,WOR,Kirsten E. Gillibrand,17
Saratoga,Halfmoon 14,U.S. Senate,,LAR,Diane Sare,2
Saratoga,Halfmoon 14,U.S. House,20,DEM,Paul D. Tonko,342
Saratoga,Halfmoon 14,U.S. House,20,REP,Kevin M. Waltz,276
Saratoga,Halfmoon 14,U.S. House,20,CON,Kevin M. Waltz,39
Saratoga,Halfmoon 14,U.S. House,20,WOR,Paul D. Tonko,23
Saratoga,Halfmoon 14,State Senate,44,DEM,Minita J. Sanghvi,247
Saratoga,Halfmoon 14,State Senate,44,REP,James N. Tedisco,365
Saratoga,Halfmoon 14,State Senate,44,CON,James N. Tedisco,55
Saratoga,Halfmoon 14,State Senate,44,WOR,Minita J. Sanghvi,12
Saratoga,Halfmoon 14,State Senate,44,,Write-in,1
Saratoga,Halfmoon 14,State Assembly,112,DEM,Joe Seeman,274
Saratoga,Halfmoon 14,State Assembly,112,REP,Mary Beth Walsh,331
Saratoga,Halfmoon 14,State Assembly,112,CON,Mary Beth Walsh,52
Saratoga,Halfmoon 14,State Assembly,112,WOR,Joe Seeman,21
Saratoga,Halfmoon 15,President,,DEM,Kamala D. Harris,120
Saratoga,Halfmoon 15,President,,REP,Donald J. Trump,105
Saratoga,Halfmoon 15,President,,CON,Donald J. Trump,13
Saratoga,Halfmoon 15,President,,WOR,Kamala D. Harris,6
Saratoga,Halfmoon 15,President,,,Write-in,2
Saratoga,Halfmoon 15,U.S. Senate,,DEM,Kirsten E. Gillibrand,138
Saratoga,Halfmoon 15,U.S. Senate,,REP,Michael D. Sapraicone,85
Saratoga,Halfmoon 15,U.S. Senate,,CON,Michael D. Sapraicone,12
Saratoga,Halfmoon 15,U.S. Senate,,WOR,Kirsten E. Gillibrand,9
Saratoga,Halfmoon 15,U.S. House,20,DEM,Paul D. Tonko,129
Saratoga,Halfmoon 15,U.S. House,20,REP,Kevin M. Waltz,87
Saratoga,Halfmoon 15,U.S. House,20,CON,Kevin M. Waltz,11
Saratoga,Halfmoon 15,U.S. House,20,WOR,Paul D. Tonko,16
Saratoga,Halfmoon 15,State Senate,44,DEM,Minita J. Sanghvi,108
Saratoga,Halfmoon 15,State Senate,44,REP,James N. Tedisco,108
Saratoga,Halfmoon 15,State Senate,44,CON,James N. Tedisco,18
Saratoga,Halfmoon 15,State Senate,44,WOR,Minita J. Sanghvi,8
Saratoga,Halfmoon 15,State Assembly,112,DEM,Joe Seeman,111
Saratoga,Halfmoon 15,State Assembly,112,REP,Mary Beth Walsh,103
Saratoga,Halfmoon 15,State Assembly,112,CON,Mary Beth Walsh,13
Saratoga,Halfmoon 15,State Assembly,112,WOR,Joe Seeman,13
Saratoga,Halfmoon 16,President,,DEM,Kamala D. Harris,99
Saratoga,Halfmoon 16,President,,REP,Donald J. Trump,114
Saratoga,Halfmoon 16,President,,CON,Donald J. Trump,16
Saratoga,Halfmoon 16,President,,WOR,Kamala D. Harris,10
Saratoga,Halfmoon 16,U.S. Senate,,DEM,Kirsten E. Gillibrand,99
Saratoga,Halfmoon 16,U.S. Senate,,REP,Michael D. Sapraicone,99
Saratoga,Halfmoon 16,U.S. Senate,,CON,Michael D. Sapraicone,16
Saratoga,Halfmoon 16,U.S. Senate,,WOR,Kirsten E. Gillibrand,17
Saratoga,Halfmoon 16,U.S. Senate,,LAR,Diane Sare,1
Saratoga,Halfmoon 16,U.S. House,20,DEM,Paul D. Tonko,96
Saratoga,Halfmoon 16,U.S. House,20,REP,Kevin M. Waltz,106
Saratoga,Halfmoon 16,U.S. House,20,CON,Kevin M. Waltz,14
Saratoga,Halfmoon 16,U.S. House,20,WOR,Paul D. Tonko,15
Saratoga,Halfmoon 16,State Senate,44,DEM,Minita J. Sanghvi,70
Saratoga,Halfmoon 16,State Senate,44,REP,James N. Tedisco,135
Saratoga,Halfmoon 16,State Senate,44,CON,James N. Tedisco,22
Saratoga,Halfmoon 16,State Senate,44,WOR,Minita J. Sanghvi,7
Saratoga,Halfmoon 16,State Assembly,112,DEM,Joe Seeman,81
Saratoga,Halfmoon 16,State Assembly,112,REP,Mary Beth Walsh,120
Saratoga,Halfmoon 16,State Assembly,112,CON,Mary Beth Walsh,18
Saratoga,Halfmoon 16,State Assembly,112,WOR,Joe Seeman,13
Saratoga,Halfmoon 17,President,,DEM,Kamala D. Harris,142
Saratoga,Halfmoon 17,President,,REP,Donald J. Trump,100
Saratoga,Halfmoon 17,President,,CON,Donald J. Trump,13
Saratoga,Halfmoon 17,President,,WOR,Kamala D. Harris,10
Saratoga,Halfmoon 17,President,,,Write-in,3
Saratoga,Halfmoon 17,U.S. Senate,,DEM,Kirsten E. Gillibrand,135
Saratoga,Halfmoon 17,U.S. Senate,,REP,Michael D. Sapraicone,89
Saratoga,Halfmoon 17,U.S. Senate,,CON,Michael D. Sapraicone,14
Saratoga,Halfmoon 17,U.S. Senate,,WOR,Kirsten E. Gillibrand,16
Saratoga,Halfmoon 17,U.S. Senate,,LAR,Diane Sare,1
Saratoga,Halfmoon 17,U.S. House,20,DEM,Paul D. Tonko,138
Saratoga,Halfmoon 17,U.S. House,20,REP,Kevin M. Waltz,87
Saratoga,Halfmoon 17,U.S. House,20,CON,Kevin M. Waltz,17
Saratoga,Halfmoon 17,U.S. House,20,WOR,Paul D. Tonko,12
Saratoga,Halfmoon 17,State Senate,44,DEM,Minita J. Sanghvi,120
Saratoga,Halfmoon 17,State Senate,44,REP,James N. Tedisco,105
Saratoga,Halfmoon 17,State Senate,44,CON,James N. Tedisco,21
Saratoga,Halfmoon 17,State Senate,44,WOR,Minita J. Sanghvi,8
Saratoga,Halfmoon 17,State Assembly,112,DEM,Joe Seeman,116
Saratoga,Halfmoon 17,State Assembly,112,REP,Mary Beth Walsh,109
Saratoga,Halfmoon 17,State Assembly,112,CON,Mary Beth Walsh,19
Saratoga,Halfmoon 17,State Assembly,112,WOR,Joe Seeman,10
Saratoga,Halfmoon 18,President,,DEM,Kamala D. Harris,426
Saratoga,Halfmoon 18,President,,REP,Donald J. Trump,534
Saratoga,Halfmoon 18,President,,CON,Donald J. Trump,49
Saratoga,Halfmoon 18,President,,WOR,Kamala D. Harris,15
Saratoga,Halfmoon 18,President,,,Write-in,1
Saratoga,Halfmoon 18,U.S. Senate,,DEM,Kirsten E. Gillibrand,446
Saratoga,Halfmoon 18,U.S. Senate,,REP,Michael D. Sapraicone,492
Saratoga,Halfmoon 18,U.S. Senate,,CON,Michael D. Sapraicone,47
Saratoga,Halfmoon 18,U.S. Senate,,WOR,Kirsten E. Gillibrand,30
Saratoga,Halfmoon 18,U.S. Senate,,LAR,Diane Sare,3
Saratoga,Halfmoon 18,U.S. House,20,DEM,Paul D. Tonko,452
Saratoga,Halfmoon 18,U.S. House,20,REP,Kevin M. Waltz,484
Saratoga,Halfmoon 18,U.S. House,20,CON,Kevin M. Waltz,46
Saratoga,Halfmoon 18,U.S. House,20,WOR,Paul D. Tonko,30
Saratoga,Halfmoon 18,State Senate,44,DEM,Minita J. Sanghvi,300
Saratoga,Halfmoon 18,State Senate,44,REP,James N. Tedisco,631
Saratoga,Halfmoon 18,State Senate,44,CON,James N. Tedisco,65
Saratoga,Halfmoon 18,State Senate,44,WOR,Minita J. Sanghvi,10
Saratoga,Halfmoon 18,State Assembly,112,DEM,Joe Seeman,336
Saratoga,Halfmoon 18,State Assembly,112,REP,Mary Beth Walsh,605
Saratoga,Halfmoon 18,State Assembly,112,CON,Mary Beth Walsh,54
Saratoga,Halfmoon 18,State Assembly,112,WOR,Joe Seeman,12
Saratoga,Halfmoon 19,President,,DEM,Kamala D. Harris,323
Saratoga,Halfmoon 19,President,,REP,Donald J. Trump,205
Saratoga,Halfmoon 19,President,,CON,Donald J. Trump,28
Saratoga,Halfmoon 19,President,,WOR,Kamala D. Harris,9
Saratoga,Halfmoon 19,President,,,Write-in,1
Saratoga,Halfmoon 19,U.S. Senate,,DEM,Kirsten E. Gillibrand,314
Saratoga,Halfmoon 19,U.S. Senate,,REP,Michael D. Sapraicone,194
Saratoga,Halfmoon 19,U.S. Senate,,CON,Michael D. Sapraicone,30
Saratoga,Halfmoon 19,U.S. Senate,,WOR,Kirsten E. Gillibrand,16
Saratoga,Halfmoon 19,U.S. Senate,,LAR,Diane Sare,4
Saratoga,Halfmoon 19,U.S. House,20,DEM,Paul D. Tonko,311
Saratoga,Halfmoon 19,U.S. House,20,REP,Kevin M. Waltz,196
Saratoga,Halfmoon 19,U.S. House,20,CON,Kevin M. Waltz,30
Saratoga,Halfmoon 19,U.S. House,20,WOR,Paul D. Tonko,17
Saratoga,Halfmoon 19,State Senate,44,DEM,Minita J. Sanghvi,206
Saratoga,Halfmoon 19,State Senate,44,REP,James N. Tedisco,296
Saratoga,Halfmoon 19,State Senate,44,CON,James N. Tedisco,44
Saratoga,Halfmoon 19,State Senate,44,WOR,Minita J. Sanghvi,9
Saratoga,Halfmoon 19,State Assembly,112,DEM,Joe Seeman,221
Saratoga,Halfmoon 19,State Assembly,112,REP,Mary Beth Walsh,272
Saratoga,Halfmoon 19,State Assembly,112,CON,Mary Beth Walsh,41
Saratoga,Halfmoon 19,State Assembly,112,WOR,Joe Seeman,9
Saratoga,Malta 1,President,,DEM,Kamala D. Harris,533
Saratoga,Malta 1,President,,REP,Donald J. Trump,482
Saratoga,Malta 1,President,,CON,Donald J. Trump,49
Saratoga,Malta 1,President,,WOR,Kamala D. Harris,28
Saratoga,Malta 1,President,,,Write-in,4
Saratoga,Malta 1,U.S. Senate,,DEM,Kirsten E. Gillibrand,523
Saratoga,Malta 1,U.S. Senate,,REP,Michael D. Sapraicone,462
Saratoga,Malta 1,U.S. Senate,,CON,Michael D. Sapraicone,53
Saratoga,Malta 1,U.S. Senate,,WOR,Kirsten E. Gillibrand,46
Saratoga,Malta 1,U.S. Senate,,LAR,Diane Sare,1
Saratoga,Malta 1,U.S. Senate,,,Write-in,1
Saratoga,Malta 1,U.S. House,20,DEM,Paul D. Tonko,524
Saratoga,Malta 1,U.S. House,20,REP,Kevin M. Waltz,456
Saratoga,Malta 1,U.S. House,20,CON,Kevin M. Waltz,54
Saratoga,Malta 1,U.S. House,20,WOR,Paul D. Tonko,47
Saratoga,Malta 1,U.S. House,20,,Write-in,1
Saratoga,Malta 1,State Senate,44,DEM,Minita J. Sanghvi,395
Saratoga,Malta 1,State Senate,44,REP,James N. Tedisco,593
Saratoga,Malta 1,State Senate,44,CON,James N. Tedisco,65
Saratoga,Malta 1,State Senate,44,WOR,Minita J. Sanghvi,30
Saratoga,Malta 1,State Senate,44,,Write-in,2
Saratoga,Malta 1,State Assembly,113,DEM,Carrie Woerner,544
Saratoga,Malta 1,State Assembly,113,REP,Jeremy Messina,467
Saratoga,Malta 1,State Assembly,113,CON,Jeremy Messina,56
Saratoga,Malta 1,State Assembly,113,,Write-in,2
Saratoga,Malta 2,President,,DEM,Kamala D. Harris,658
Saratoga,Malta 2,President,,REP,Donald J. Trump,581
Saratoga,Malta 2,President,,CON,Donald J. Trump,66
Saratoga,Malta 2,President,,WOR,Kamala D. Harris,22
Saratoga,Malta 2,President,,,Write-in,8
Saratoga,Malta 2,U.S. Senate,,DEM,Kirsten E. Gillibrand,670
Saratoga,Malta 2,U.S. Senate,,REP,Michael D. Sapraicone,537
Saratoga,Malta 2,U.S. Senate,,CON,Michael D. Sapraicone,60
Saratoga,Malta 2,U.S. Senate,,WOR,Kirsten E. Gillibrand,40
Saratoga,Malta 2,U.S. Senate,,LAR,Diane Sare,5
Saratoga,Malta 2,U.S. House,20,DEM,Paul D. Tonko,674
Saratoga,Malta 2,U.S. House,20,REP,Kevin M. Waltz,529
Saratoga,Malta 2,U.S. House,20,CON,Kevin M. Waltz,60
Saratoga,Malta 2,U.S. House,20,WOR,Paul D. Tonko,38
Saratoga,Malta 2,State Senate,44,DEM,Minita J. Sanghvi,525
Saratoga,Malta 2,State Senate,44,REP,James N. Tedisco,663
Saratoga,Malta 2,State Senate,44,CON,James N. Tedisco,78
Saratoga,Malta 2,State Senate,44,WOR,Minita J. Sanghvi,36
Saratoga,Malta 2,State Assembly,113,DEM,Carrie Woerner,666
Saratoga,Malta 2,State Assembly,113,REP,Jeremy Messina,561
Saratoga,Malta 2,State Assembly,113,CON,Jeremy Messina,69
Saratoga,Malta 3,President,,DEM,Kamala D. Harris,359
Saratoga,Malta 3,President,,REP,Donald J. Trump,188
Saratoga,Malta 3,President,,CON,Donald J. Trump,31
Saratoga,Malta 3,President,,WOR,Kamala D. Harris,23
Saratoga,Malta 3,President,,,Write-in,5
Saratoga,Malta 3,U.S. Senate,,DEM,Kirsten E. Gillibrand,348
Saratoga,Malta 3,U.S. Senate,,REP,Michael D. Sapraicone,171
Saratoga,Malta 3,U.S. Senate,,CON,Michael D. Sapraicone,30
Saratoga,Malta 3,U.S. Senate,,WOR,Kirsten E. Gillibrand,24
Saratoga,Malta 3,U.S. Senate,,LAR,Diane Sare,7
Saratoga,Malta 3,U.S. Senate,,,Write-in,4
Saratoga,Malta 3,U.S. House,20,DEM,Paul D. Tonko,355
Saratoga,Malta 3,U.S. House,20,REP,Kevin M. Waltz,175
Saratoga,Malta 3,U.S. House,20,CON,Kevin M. Waltz,28
Saratoga,Malta 3,U.S. House,20,WOR,Paul D. Tonko,29
Saratoga,Malta 3,State Senate,44,DEM,Minita J. Sanghvi,302
Saratoga,Malta 3,State Senate,44,REP,James N. Tedisco,228
Saratoga,Malta 3,State Senate,44,CON,James N. Tedisco,30
Saratoga,Malta 3,State Senate,44,WOR,Minita J. Sanghvi,24
Saratoga,Malta 3,State Senate,44,,Write-in,1
Saratoga,Malta 3,State Assembly,113,DEM,Carrie Woerner,395
Saratoga,Malta 3,State Assembly,113,REP,Jeremy Messina,161
Saratoga,Malta 3,State Assembly,113,CON,Jeremy Messina,29
Saratoga,Malta 3,State Assembly,113,,Write-in,1
Saratoga,Malta 4,President,,DEM,Kamala D. Harris,291
Saratoga,Malta 4,President,,REP,Donald J. Trump,217
Saratoga,Malta 4,President,,CON,Donald J. Trump,42
Saratoga,Malta 4,President,,WOR,Kamala D. Harris,11
Saratoga,Malta 4,President,,,Write-in,2
Saratoga,Malta 4,U.S. Senate,,DEM,Kirsten E. Gillibrand,289
Saratoga,Malta 4,U.S. Senate,,REP,Michael D. Sapraicone,212
Saratoga,Malta 4,U.S. Senate,,CON,Michael D. Sapraicone,42
Saratoga,Malta 4,U.S. Senate,,WOR,Kirsten E. Gillibrand,12
Saratoga,Malta 4,U.S. Senate,,LAR,Diane Sare,3
Saratoga,Malta 4,U.S. Senate,,,Write-in,1
Saratoga,Malta 4,U.S. House,20,DEM,Paul D. Tonko,294
Saratoga,Malta 4,U.S. House,20,REP,Kevin M. Waltz,206
Saratoga,Malta 4,U.S. House,20,CON,Kevin M. Waltz,43
Saratoga,Malta 4,U.S. House,20,WOR,Paul D. Tonko,12
Saratoga,Malta 4,U.S. House,20,,Write-in,1
Saratoga,Malta 4,State Senate,44,DEM,Minita J. Sanghvi,216
Saratoga,Malta 4,State Senate,44,REP,James N. Tedisco,280
Saratoga,Malta 4,State Senate,44,CON,James N. Tedisco,51
Saratoga,Malta 4,State Senate,44,WOR,Minita J. Sanghvi,11
Saratoga,Malta 4,State Assembly,113,DEM,Carrie Woerner,293
Saratoga,Malta 4,State Assembly,113,REP,Jeremy Messina,219
Saratoga,Malta 4,State Assembly,113,CON,Jeremy Messina,44
Saratoga,Malta 4,State Assembly,113,,Write-in,1
Saratoga,Malta 5,President,,DEM,Kamala D. Harris,247
Saratoga,Malta 5,President,,REP,Donald J. Trump,305
Saratoga,Malta 5,President,,CON,Donald J. Trump,32
Saratoga,Malta 5,President,,WOR,Kamala D. Harris,20
Saratoga,Malta 5,President,,,Write-in,1
Saratoga,Malta 5,U.S. Senate,,DEM,Kirsten E. Gillibrand,248
Saratoga,Malta 5,U.S. Senate,,REP,Michael D. Sapraicone,275
Saratoga,Malta 5,U.S. Senate,,CON,Michael D. Sapraicone,38
Saratoga,Malta 5,U.S. Senate,,WOR,Kirsten E. Gillibrand,25
Saratoga,Malta 5,U.S. Senate,,LAR,Diane Sare,4
Saratoga,Malta 5,U.S. Senate,,,Write-in,1
Saratoga,Malta 5,U.S. House,20,DEM,Paul D. Tonko,254
Saratoga,Malta 5,U.S. House,20,REP,Kevin M. Waltz,270
Saratoga,Malta 5,U.S. House,20,CON,Kevin M. Waltz,40
Saratoga,Malta 5,U.S. House,20,WOR,Paul D. Tonko,26
Saratoga,Malta 5,State Senate,44,DEM,Minita J. Sanghvi,179
Saratoga,Malta 5,State Senate,44,REP,James N. Tedisco,345
Saratoga,Malta 5,State Senate,44,CON,James N. Tedisco,49
Saratoga,Malta 5,State Senate,44,WOR,Minita J. Sanghvi,16
Saratoga,Malta 5,State Assembly,113,DEM,Carrie Woerner,262
Saratoga,Malta 5,State Assembly,113,REP,Jeremy Messina,276
Saratoga,Malta 5,State Assembly,113,CON,Jeremy Messina,43
Saratoga,Malta 6,President,,DEM,Kamala D. Harris,591
Saratoga,Malta 6,President,,REP,Donald J. Trump,387
Saratoga,Malta 6,President,,CON,Donald J. Trump,60
Saratoga,Malta 6,President,,WOR,Kamala D. Harris,24
Saratoga,Malta 6,President,,,Write-in,5
Saratoga,Malta 6,U.S. Senate,,DEM,Kirsten E. Gillibrand,575
Saratoga,Malta 6,U.S. Senate,,REP,Michael D. Sapraicone,368
Saratoga,Malta 6,U.S. Senate,,CON,Michael D. Sapraicone,66
Saratoga,Malta 6,U.S. Senate,,WOR,Kirsten E. Gillibrand,44
Saratoga,Malta 6,U.S. Senate,,LAR,Diane Sare,1
Saratoga,Malta 6,U.S. House,20,DEM,Paul D. Tonko,571
Saratoga,Malta 6,U.S. House,20,REP,Kevin M. Waltz,363
Saratoga,Malta 6,U.S. House,20,CON,Kevin M. Waltz,67
Saratoga,Malta 6,U.S. House,20,WOR,Paul D. Tonko,50
Saratoga,Malta 6,State Senate,44,DEM,Minita J. Sanghvi,438
Saratoga,Malta 6,State Senate,44,REP,James N. Tedisco,497
Saratoga,Malta 6,State Senate,44,CON,James N. Tedisco,86
Saratoga,Malta 6,State Senate,44,WOR,Minita J. Sanghvi,26
Saratoga,Malta 6,State Senate,44,,Write-in,1
Saratoga,Malta 6,State Assembly,113,DEM,Carrie Woerner,589
Saratoga,Malta 6,State Assembly,113,REP,Jeremy Messina,384
Saratoga,Malta 6,State Assembly,113,CON,Jeremy Messina,70
Saratoga,Malta 7,President,,DEM,Kamala D. Harris,312
Saratoga,Malta 7,President,,REP,Donald J. Trump,227
Saratoga,Malta 7,President,,CON,Donald J. Trump,24
Saratoga,Malta 7,President,,WOR,Kamala D. Harris,14
Saratoga,Malta 7,President,,,Write-in,4
Saratoga,Malta 7,U.S. Senate,,DEM,Kirsten E. Gillibrand,308
Saratoga,Malta 7,U.S. Senate,,REP,Michael D. Sapraicone,202
Saratoga,Malta 7,U.S. Senate,,CON,Michael D. Sapraicone,26
Saratoga,Malta 7,U.S. Senate,,WOR,Kirsten E. Gillibrand,27
Saratoga,Malta 7,U.S. Senate,,LAR,Diane Sare,3
Saratoga,Malta 7,U.S. House,20,DEM,Paul D. Tonko,316
Saratoga,Malta 7,U.S. House,20,REP,Kevin M. Waltz,200
Saratoga,Malta 7,U.S. House,20,CON,Kevin M. Waltz,25
Saratoga,Malta 7,U.S. House,20,WOR,Paul D. Tonko,28
Saratoga,Malta 7,State Senate,44,DEM,Minita J. Sanghvi,243
Saratoga,Malta 7,State Senate,44,REP,James N. Tedisco,269
Saratoga,Malta 7,State Senate,44,CON,James N. Tedisco,41
Saratoga,Malta 7,State Senate,44,WOR,Minita J. Sanghvi,16
Saratoga,Malta 7,State Assembly,113,DEM,Carrie Woerner,328
Saratoga,Malta 7,State Assembly,113,REP,Jeremy Messina,209
Saratoga,Malta 7,State Assembly,113,CON,Jeremy Messina,27
Saratoga,Malta 8,President,,DEM,Kamala D. Harris,408
Saratoga,Malta 8,President,,REP,Donald J. Trump,326
Saratoga,Malta 8,President,,CON,Donald J. Trump,40
Saratoga,Malta 8,President,,WOR,Kamala D. Harris,22
Saratoga,Malta 8,President,,,Write-in,3
Saratoga,Malta 8,U.S. Senate,,DEM,Kirsten E. Gillibrand,404
Saratoga,Malta 8,U.S. Senate,,REP,Michael D. Sapraicone,309
Saratoga,Malta 8,U.S. Senate,,CON,Michael D. Sapraicone,41
Saratoga,Malta 8,U.S. Senate,,WOR,Kirsten E. Gillibrand,35
Saratoga,Malta 8,U.S. Senate,,,Write-in,1
Saratoga,Malta 8,U.S. House,20,DEM,Paul D. Tonko,410
Saratoga,Malta 8,U.S. House,20,REP,Kevin M. Waltz,303
Saratoga,Malta 8,U.S. House,20,CON,Kevin M. Waltz,41
Saratoga,Malta 8,U.S. House,20,WOR,Paul D. Tonko,37
Saratoga,Malta 8,State Senate,44,DEM,Minita J. Sanghvi,308
Saratoga,Malta 8,State Senate,44,REP,James N. Tedisco,401
Saratoga,Malta 8,State Senate,44,CON,James N. Tedisco,60
Saratoga,Malta 8,State Senate,44,WOR,Minita J. Sanghvi,23
Saratoga,Malta 8,State Senate,44,,Write-in,2
Saratoga,Malta 8,State Assembly,113,DEM,Carrie Woerner,406
Saratoga,Malta 8,State Assembly,113,REP,Jeremy Messina,327
Saratoga,Malta 8,State Assembly,113,CON,Jeremy Messina,44
Saratoga,Malta 9,President,,DEM,Kamala D. Harris,199
Saratoga,Malta 9,President,,REP,Donald J. Trump,200
Saratoga,Malta 9,President,,CON,Donald J. Trump,31
Saratoga,Malta 9,President,,WOR,Kamala D. Harris,11
Saratoga,Malta 9,U.S. Senate,,DEM,Kirsten E. Gillibrand,184
Saratoga,Malta 9,U.S. Senate,,REP,Michael D. Sapraicone,204
Saratoga,Malta 9,U.S. Senate,,CON,Michael D. Sapraicone,36
Saratoga,Malta 9,U.S. Senate,,WOR,Kirsten E. Gillibrand,14
Saratoga,Malta 9,U.S. Senate,,LAR,Diane Sare,2
Saratoga,Malta 9,U.S. House,20,DEM,Paul D. Tonko,194
Saratoga,Malta 9,U.S. House,20,REP,Kevin M. Waltz,190
Saratoga,Malta 9,U.S. House,20,CON,Kevin M. Waltz,35
Saratoga,Malta 9,U.S. House,20,WOR,Paul D. Tonko,15
Saratoga,Malta 9,State Senate,44,DEM,Minita J. Sanghvi,131
Saratoga,Malta 9,State Senate,44,REP,James N. Tedisco,256
Saratoga,Malta 9,State Senate,44,CON,James N. Tedisco,42
Saratoga,Malta 9,State Senate,44,WOR,Minita J. Sanghvi,9
Saratoga,Malta 9,State Assembly,113,DEM,Carrie Woerner,188
Saratoga,Malta 9,State Assembly,113,REP,Jeremy Messina,209
Saratoga,Malta 9,State Assembly,113,CON,Jeremy Messina,35
Saratoga,Malta 10,President,,DEM,Kamala D. Harris,326
Saratoga,Malta 10,President,,REP,Donald J. Trump,324
Saratoga,Malta 10,President,,CON,Donald J. Trump,49
Saratoga,Malta 10,President,,WOR,Kamala D. Harris,18
Saratoga,Malta 10,President,,,Write-in,1
Saratoga,Malta 10,U.S. Senate,,DEM,Kirsten E. Gillibrand,339
Saratoga,Malta 10,U.S. Senate,,REP,Michael D. Sapraicone,293
Saratoga,Malta 10,U.S. Senate,,CON,Michael D. Sapraicone,47
Saratoga,Malta 10,U.S. Senate,,WOR,Kirsten E. Gillibrand,28
Saratoga,Malta 10,U.S. Senate,,LAR,Diane Sare,2
Saratoga,Malta 10,U.S. House,20,DEM,Paul D. Tonko,329
Saratoga,Malta 10,U.S. House,20,REP,Kevin M. Waltz,295
Saratoga,Malta 10,U.S. House,20,CON,Kevin M. Waltz,45
Saratoga,Malta 10,U.S. House,20,WOR,Paul D. Tonko,36
Saratoga,Malta 10,State Senate,44,DEM,Minita J. Sanghvi,206
Saratoga,Malta 10,State Senate,44,REP,James N. Tedisco,405
Saratoga,Malta 10,State Senate,44,CON,James N. Tedisco,63
Saratoga,Malta 10,State Senate,44,WOR,Minita J. Sanghvi,18
Saratoga,Malta 10,State Assembly,113,DEM,Carrie Woerner,341
Saratoga,Malta 10,State Assembly,113,REP,Jeremy Messina,299
Saratoga,Malta 10,State Assembly,113,CON,Jeremy Messina,50
Saratoga,Malta 11,President,,DEM,Kamala D. Harris,368
Saratoga,Malta 11,President,,REP,Donald J. Trump,350
Saratoga,Malta 11,President,,CON,Donald J. Trump,37
Saratoga,Malta 11,President,,WOR,Kamala D. Harris,26
Saratoga,Malta 11,President,,,Write-in,3
Saratoga,Malta 11,U.S. Senate,,DEM,Kirsten E. Gillibrand,371
Saratoga,Malta 11,U.S. Senate,,REP,Michael D. Sapraicone,309
Saratoga,Malta 11,U.S. Senate,,CON,Michael D. Sapraicone,48
Saratoga,Malta 11,U.S. Senate,,WOR,Kirsten E. Gillibrand,40
Saratoga,Malta 11,U.S. Senate,,LAR,Diane Sare,4
Saratoga,Malta 11,U.S. Senate,,,Write-in,1
Saratoga,Malta 11,U.S. House,20,DEM,Paul D. Tonko,368
Saratoga,Malta 11,U.S. House,20,REP,Kevin M. Waltz,313
Saratoga,Malta 11,U.S. House,20,CON,Kevin M. Waltz,49
Saratoga,Malta 11,U.S. House,20,WOR,Paul D. Tonko,39
Saratoga,Malta 11,U.S. House,20,,Write-in,2
Saratoga,Malta 11,State Senate,44,DEM,Minita J. Sanghvi,243
Saratoga,Malta 11,State Senate,44,REP,James N. Tedisco,450
Saratoga,Malta 11,State Senate,44,CON,James N. Tedisco,57
Saratoga,Malta 11,State Senate,44,WOR,Minita J. Sanghvi,27
Saratoga,Malta 11,State Senate,44,,Write-in,1
Saratoga,Malta 11,State Assembly,113,DEM,Carrie Woerner,385
Saratoga,Malta 11,State Assembly,113,REP,Jeremy Messina,331
Saratoga,Malta 11,State Assembly,113,CON,Jeremy Messina,50
Saratoga,Malta 11,State Assembly,113,,Write-in,2
Saratoga,Malta 12,President,,DEM,Kamala D. Harris,457
Saratoga,Malta 12,President,,REP,Donald J. Trump,371
Saratoga,Malta 12,President,,CON,Donald J. Trump,41
Saratoga,Malta 12,President,,WOR,Kamala D. Harris,18
Saratoga,Malta 12,President,,,Write-in,1
Saratoga,Malta 12,U.S. Senate,,DEM,Kirsten E. Gillibrand,448
Saratoga,Malta 12,U.S. Senate,,REP,Michael D. Sapraicone,356
Saratoga,Malta 12,U.S. Senate,,CON,Michael D. Sapraicone,40
Saratoga,Malta 12,U.S. Senate,,WOR,Kirsten E. Gillibrand,28
Saratoga,Malta 12,U.S. Senate,,LAR,Diane Sare,2
Saratoga,Malta 12,U.S. House,20,DEM,Paul D. Tonko,455
Saratoga,Malta 12,U.S. House,20,REP,Kevin M. Waltz,342
Saratoga,Malta 12,U.S. House,20,CON,Kevin M. Waltz,39
Saratoga,Malta 12,U.S. House,20,WOR,Paul D. Tonko,36
Saratoga,Malta 12,State Senate,44,DEM,Minita J. Sanghvi,303
Saratoga,Malta 12,State Senate,44,REP,James N. Tedisco,496
Saratoga,Malta 12,State Senate,44,CON,James N. Tedisco,65
Saratoga,Malta 12,State Senate,44,WOR,Minita J. Sanghvi,11
Saratoga,Malta 12,State Assembly,113,DEM,Carrie Woerner,455
Saratoga,Malta 12,State Assembly,113,REP,Jeremy Messina,366
Saratoga,Malta 12,State Assembly,113,CON,Jeremy Messina,41
Saratoga,Mechanicville 1,President,,DEM,Kamala D. Harris,169
Saratoga,Mechanicville 1,President,,REP,Donald J. Trump,215
Saratoga,Mechanicville 1,President,,CON,Donald J. Trump,26
Saratoga,Mechanicville 1,President,,WOR,Kamala D. Harris,17
Saratoga,Mechanicville 1,U.S. Senate,,DEM,Kirsten E. Gillibrand,172
Saratoga,Mechanicville 1,U.S. Senate,,REP,Michael D. Sapraicone,180
Saratoga,Mechanicville 1,U.S. Senate,,CON,Michael D. Sapraicone,28
Saratoga,Mechanicville 1,U.S. Senate,,WOR,Kirsten E. Gillibrand,29
Saratoga,Mechanicville 1,U.S. Senate,,LAR,Diane Sare,2
Saratoga,Mechanicville 1,U.S. House,20,DEM,Paul D. Tonko,182
Saratoga,Mechanicville 1,U.S. House,20,REP,Kevin M. Waltz,180
Saratoga,Mechanicville 1,U.S. House,20,CON,Kevin M. Waltz,25
Saratoga,Mechanicville 1,U.S. House,20,WOR,Paul D. Tonko,27
Saratoga,Mechanicville 1,State Senate,44,DEM,Minita J. Sanghvi,130
Saratoga,Mechanicville 1,State Senate,44,REP,James N. Tedisco,234
Saratoga,Mechanicville 1,State Senate,44,CON,James N. Tedisco,35
Saratoga,Mechanicville 1,State Senate,44,WOR,Minita J. Sanghvi,17
Saratoga,Mechanicville 1,State Assembly,113,DEM,Carrie Woerner,189
Saratoga,Mechanicville 1,State Assembly,113,REP,Jeremy Messina,181
Saratoga,Mechanicville 1,State Assembly,113,CON,Jeremy Messina,25
Saratoga,Mechanicville 2,President,,DEM,Kamala D. Harris,105
Saratoga,Mechanicville 2,President,,REP,Donald J. Trump,156
Saratoga,Mechanicville 2,President,,CON,Donald J. Trump,19
Saratoga,Mechanicville 2,President,,WOR,Kamala D. Harris,8
Saratoga,Mechanicville 2,President,,,Write-in,4
Saratoga,Mechanicville 2,U.S. Senate,,DEM,Kirsten E. Gillibrand,106
Saratoga,Mechanicville 2,U.S. Senate,,REP,Michael D. Sapraicone,129
Saratoga,Mechanicville 2,U.S. Senate,,CON,Michael D. Sapraicone,16
Saratoga,Mechanicville 2,U.S. Senate,,WOR,Kirsten E. Gillibrand,16
Saratoga,Mechanicville 2,U.S. Senate,,LAR,Diane Sare,3
Saratoga,Mechanicville 2,U.S. House,20,DEM,Paul D. Tonko,106
Saratoga,Mechanicville 2,U.S. House,20,REP,Kevin M. Waltz,125
Saratoga,Mechanicville 2,U.S. House,20,CON,Kevin M. Waltz,19
Saratoga,Mechanicville 2,U.S. House,20,WOR,Paul D. Tonko,15
Saratoga,Mechanicville 2,State Senate,44,DEM,Minita J. Sanghvi,82
Saratoga,Mechanicville 2,State Senate,44,REP,James N. Tedisco,156
Saratoga,Mechanicville 2,State Senate,44,CON,James N. Tedisco,20
Saratoga,Mechanicville 2,State Senate,44,WOR,Minita J. Sanghvi,12
Saratoga,Mechanicville 2,State Assembly,113,DEM,Carrie Woerner,118
Saratoga,Mechanicville 2,State Assembly,113,REP,Jeremy Messina,126
Saratoga,Mechanicville 2,State Assembly,113,CON,Jeremy Messina,20
Saratoga,Mechanicville 3,President,,DEM,Kamala D. Harris,142
Saratoga,Mechanicville 3,President,,REP,Donald J. Trump,181
Saratoga,Mechanicville 3,President,,CON,Donald J. Trump,13
Saratoga,Mechanicville 3,President,,WOR,Kamala D. Harris,5
Saratoga,Mechanicville 3,U.S. Senate,,DEM,Kirsten E. Gillibrand,147
Saratoga,Mechanicville 3,U.S. Senate,,REP,Michael D. Sapraicone,152
Saratoga,Mechanicville 3,U.S. Senate,,CON,Michael D. Sapraicone,7
Saratoga,Mechanicville 3,U.S. Senate,,WOR,Kirsten E. Gillibrand,11
Saratoga,Mechanicville 3,U.S. Senate,,LAR,Diane Sare,1
Saratoga,Mechanicville 3,U.S. House,20,DEM,Paul D. Tonko,148
Saratoga,Mechanicville 3,U.S. House,20,REP,Kevin M. Waltz,149
Saratoga,Mechanicville 3,U.S. House,20,CON,Kevin M. Waltz,7
Saratoga,Mechanicville 3,U.S. House,20,WOR,Paul D. Tonko,15
Saratoga,Mechanicville 3,State Senate,44,DEM,Minita J. Sanghvi,109
Saratoga,Mechanicville 3,State Senate,44,REP,James N. Tedisco,190
Saratoga,Mechanicville 3,State Senate,44,CON,James N. Tedisco,14
Saratoga,Mechanicville 3,State Senate,44,WOR,Minita J. Sanghvi,9
Saratoga,Mechanicville 3,State Assembly,113,DEM,Carrie Woerner,165
Saratoga,Mechanicville 3,State Assembly,113,REP,Jeremy Messina,148
Saratoga,Mechanicville 3,State Assembly,113,CON,Jeremy Messina,8
Saratoga,Mechanicville 4,President,,DEM,Kamala D. Harris,112
Saratoga,Mechanicville 4,President,,REP,Donald J. Trump,180
Saratoga,Mechanicville 4,President,,CON,Donald J. Trump,27
Saratoga,Mechanicville 4,President,,WOR,Kamala D. Harris,7
Saratoga,Mechanicville 4,President,,,Write-in,1
Saratoga,Mechanicville 4,U.S. Senate,,DEM,Kirsten E. Gillibrand,124
Saratoga,Mechanicville 4,U.S. Senate,,REP,Michael D. Sapraicone,143
Saratoga,Mechanicville 4,U.S. Senate,,CON,Michael D. Sapraicone,18
Saratoga,Mechanicville 4,U.S. Senate,,WOR,Kirsten E. Gillibrand,22
Saratoga,Mechanicville 4,U.S. Senate,,LAR,Diane Sare,3
Saratoga,Mechanicville 4,U.S. House,20,DEM,Paul D. Tonko,129
Saratoga,Mechanicville 4,U.S. House,20,REP,Kevin M. Waltz,133
Saratoga,Mechanicville 4,U.S. House,20,CON,Kevin M. Waltz,26
Saratoga,Mechanicville 4,U.S. House,20,WOR,Paul D. Tonko,20
Saratoga,Mechanicville 4,State Senate,44,DEM,Minita J. Sanghvi,84
Saratoga,Mechanicville 4,State Senate,44,REP,James N. Tedisco,186
Saratoga,Mechanicville 4,State Senate,44,CON,James N. Tedisco,30
Saratoga,Mechanicville 4,State Senate,44,WOR,Minita J. Sanghvi,13
Saratoga,Mechanicville 4,State Assembly,113,DEM,Carrie Woerner,130
Saratoga,Mechanicville 4,State Assembly,113,REP,Jeremy Messina,149
Saratoga,Mechanicville 4,State Assembly,113,CON,Jeremy Messina,23
Saratoga,Mechanicville 5,President,,DEM,Kamala D. Harris,163
Saratoga,Mechanicville 5,President,,REP,Donald J. Trump,160
Saratoga,Mechanicville 5,President,,CON,Donald J. Trump,18
Saratoga,Mechanicville 5,President,,WOR,Kamala D. Harris,7
Saratoga,Mechanicville 5,U.S. Senate,,DEM,Kirsten E. Gillibrand,163
Saratoga,Mechanicville 5,U.S. Senate,,REP,Michael D. Sapraicone,143
Saratoga,Mechanicville 5,U.S. Senate,,CON,Michael D. Sapraicone,12
Saratoga,Mechanicville 5,U.S. Senate,,WOR,Kirsten E. Gillibrand,13
Saratoga,Mechanicville 5,U.S. Senate,,LAR,Diane Sare,4
Saratoga,Mechanicville 5,U.S. Senate,,,Write-in,1
Saratoga,Mechanicville 5,U.S. House,20,DEM,Paul D. Tonko,167
Saratoga,Mechanicville 5,U.S. House,20,REP,Kevin M. Waltz,131
Saratoga,Mechanicville 5,U.S. House,20,CON,Kevin M. Waltz,16
Saratoga,Mechanicville 5,U.S. House,20,WOR,Paul D. Tonko,13
Saratoga,Mechanicville 5,State Senate,44,DEM,Minita J. Sanghvi,110
Saratoga,Mechanicville 5,State Senate,44,REP,James N. Tedisco,189
Saratoga,Mechanicville 5,State Senate,44,CON,James N. Tedisco,24
Saratoga,Mechanicville 5,State Senate,44,WOR,Minita J. Sanghvi,7
Saratoga,Mechanicville 5,State Assembly,113,DEM,Carrie Woerner,174
Saratoga,Mechanicville 5,State Assembly,113,REP,Jeremy Messina,142
Saratoga,Mechanicville 5,State Assembly,113,CON,Jeremy Messina,15
Saratoga,Mechanicville 5,State Assembly,113,,Write-in,1
Saratoga,Mechanicville 6,President,,DEM,Kamala D. Harris,125
Saratoga,Mechanicville 6,President,,REP,Donald J. Trump,191
Saratoga,Mechanicville 6,President,,CON,Donald J. Trump,12
Saratoga,Mechanicville 6,President,,WOR,Kamala D. Harris,10
Saratoga,Mechanicville 6,U.S. Senate,,DEM,Kirsten E. Gillibrand,134
Saratoga,Mechanicville 6,U.S. Senate,,REP,Michael D. Sapraicone,162
Saratoga,Mechanicville 6,U.S. Senate,,CON,Michael D. Sapraicone,13
Saratoga,Mechanicville 6,U.S. Senate,,WOR,Kirsten E. Gillibrand,19
Saratoga,Mechanicville 6,U.S. Senate,,LAR,Diane Sare,3
Saratoga,Mechanicville 6,U.S. House,20,DEM,Paul D. Tonko,144
Saratoga,Mechanicville 6,U.S. House,20,REP,Kevin M. Waltz,155
Saratoga,Mechanicville 6,U.S. House,20,CON,Kevin M. Waltz,14
Saratoga,Mechanicville 6,U.S. House,20,WOR,Paul D. Tonko,20
Saratoga,Mechanicville 6,State Senate,44,DEM,Minita J. Sanghvi,103
Saratoga,Mechanicville 6,State Senate,44,REP,James N. Tedisco,203
Saratoga,Mechanicville 6,State Senate,44,CON,James N. Tedisco,16
Saratoga,Mechanicville 6,State Senate,44,WOR,Minita J. Sanghvi,13
Saratoga,Mechanicville 6,State Assembly,113,DEM,Carrie Woerner,165
Saratoga,Mechanicville 6,State Assembly,113,REP,Jeremy Messina,149
Saratoga,Mechanicville 6,State Assembly,113,CON,Jeremy Messina,14
Saratoga,Milton 1,President,,DEM,Kamala D. Harris,644
Saratoga,Milton 1,President,,REP,Donald J. Trump,405
Saratoga,Milton 1,President,,CON,Donald J. Trump,44
Saratoga,Milton 1,President,,WOR,Kamala D. Harris,54
Saratoga,Milton 1,President,,,Write-in,6
Saratoga,Milton 1,U.S. Senate,,DEM,Kirsten E. Gillibrand,621
Saratoga,Milton 1,U.S. Senate,,REP,Michael D. Sapraicone,382
Saratoga,Milton 1,U.S. Senate,,CON,Michael D. Sapraicone,42
Saratoga,Milton 1,U.S. Senate,,WOR,Kirsten E. Gillibrand,77
Saratoga,Milton 1,U.S. Senate,,LAR,Diane Sare,9
Saratoga,Milton 1,U.S. House,20,DEM,Paul D. Tonko,629
Saratoga,Milton 1,U.S. House,20,REP,Kevin M. Waltz,373
Saratoga,Milton 1,U.S. House,20,CON,Kevin M. Waltz,43
Saratoga,Milton 1,U.S. House,20,WOR,Paul D. Tonko,80
Saratoga,Milton 1,State Senate,44,DEM,Minita J. Sanghvi,449
Saratoga,Milton 1,State Senate,44,REP,James N. Tedisco,556
Saratoga,Milton 1,State Senate,44,CON,James N. Tedisco,77
Saratoga,Milton 1,State Senate,44,WOR,Minita J. Sanghvi,53
Saratoga,Milton 1,State Assembly,112,DEM,Joe Seeman,489
Saratoga,Milton 1,State Assembly,112,REP,Mary Beth Walsh,510
Saratoga,Milton 1,State Assembly,112,CON,Mary Beth Walsh,66
Saratoga,Milton 1,State Assembly,112,WOR,Joe Seeman,58
Saratoga,Milton 2,President,,DEM,Kamala D. Harris,337
Saratoga,Milton 2,President,,REP,Donald J. Trump,341
Saratoga,Milton 2,President,,CON,Donald J. Trump,29
Saratoga,Milton 2,President,,WOR,Kamala D. Harris,21
Saratoga,Milton 2,U.S. Senate,,DEM,Kirsten E. Gillibrand,341
Saratoga,Milton 2,U.S. Senate,,REP,Michael D. Sapraicone,307
Saratoga,Milton 2,U.S. Senate,,CON,Michael D. Sapraicone,38
Saratoga,Milton 2,U.S. Senate,,WOR,Kirsten E. Gillibrand,33
Saratoga,Milton 2,U.S. Senate,,LAR,Diane Sare,3
Saratoga,Milton 2,U.S. House,20,DEM,Paul D. Tonko,345
Saratoga,Milton 2,U.S. House,20,REP,Kevin M. Waltz,310
Saratoga,Milton 2,U.S. House,20,CON,Kevin M. Waltz,30
Saratoga,Milton 2,U.S. House,20,WOR,Paul D. Tonko,33
Saratoga,Milton 2,State Senate,44,DEM,Minita J. Sanghvi,238
Saratoga,Milton 2,State Senate,44,REP,James N. Tedisco,423
Saratoga,Milton 2,State Senate,44,CON,James N. Tedisco,44
Saratoga,Milton 2,State Senate,44,WOR,Minita J. Sanghvi,20
Saratoga,Milton 2,State Assembly,112,DEM,Joe Seeman,254
Saratoga,Milton 2,State Assembly,112,REP,Mary Beth Walsh,390
Saratoga,Milton 2,State Assembly,112,CON,Mary Beth Walsh,42
Saratoga,Milton 2,State Assembly,112,WOR,Joe Seeman,17
Saratoga,Milton 3,President,,DEM,Kamala D. Harris,93
Saratoga,Milton 3,President,,REP,Donald J. Trump,95
Saratoga,Milton 3,President,,CON,Donald J. Trump,18
Saratoga,Milton 3,President,,WOR,Kamala D. Harris,4
Saratoga,Milton 3,President,,,Write-in,1
Saratoga,Milton 3,U.S. Senate,,DEM,Kirsten E. Gillibrand,100
Saratoga,Milton 3,U.S. Senate,,REP,Michael D. Sapraicone,80
Saratoga,Milton 3,U.S. Senate,,CON,Michael D. Sapraicone,16
Saratoga,Milton 3,U.S. Senate,,WOR,Kirsten E. Gillibrand,5
Saratoga,Milton 3,U.S. House,20,DEM,Paul D. Tonko,90
Saratoga,Milton 3,U.S. House,20,REP,Kevin M. Waltz,82
Saratoga,Milton 3,U.S. House,20,CON,Kevin M. Waltz,20
Saratoga,Milton 3,U.S. House,20,WOR,Paul D. Tonko,7
Saratoga,Milton 3,State Senate,44,DEM,Minita J. Sanghvi,59
Saratoga,Milton 3,State Senate,44,REP,James N. Tedisco,116
Saratoga,Milton 3,State Senate,44,CON,James N. Tedisco,24
Saratoga,Milton 3,State Assembly,112,DEM,Joe Seeman,73
Saratoga,Milton 3,State Assembly,112,REP,Mary Beth Walsh,100
Saratoga,Milton 3,State Assembly,112,CON,Mary Beth Walsh,22
Saratoga,Milton 3,State Assembly,112,WOR,Joe Seeman,1
Saratoga,Milton 3,State Assembly,112,,Write-in,1
Saratoga,Milton 4,President,,DEM,Kamala D. Harris,426
Saratoga,Milton 4,President,,REP,Donald J. Trump,403
Saratoga,Milton 4,President,,CON,Donald J. Trump,54
Saratoga,Milton 4,President,,WOR,Kamala D. Harris,38
Saratoga,Milton 4,President,,,Write-in,4
Saratoga,Milton 4,U.S. Senate,,DEM,Kirsten E. Gillibrand,426
Saratoga,Milton 4,U.S. Senate,,REP,Michael D. Sapraicone,375
Saratoga,Milton 4,U.S. Senate,,CON,Michael D. Sapraicone,49
Saratoga,Milton 4,U.S. Senate,,WOR,Kirsten E. Gillibrand,51
Saratoga,Milton 4,U.S. Senate,,LAR,Diane Sare,2
Saratoga,Milton 4,U.S. House,20,DEM,Paul D. Tonko,410
Saratoga,Milton 4,U.S. House,20,REP,Kevin M. Waltz,384
Saratoga,Milton 4,U.S. House,20,CON,Kevin M. Waltz,51
Saratoga,Milton 4,U.S. House,20,WOR,Paul D. Tonko,51
Saratoga,Milton 4,State Senate,44,DEM,Minita J. Sanghvi,299
Saratoga,Milton 4,State Senate,44,REP,James N. Tedisco,507
Saratoga,Milton 4,State Senate,44,CON,James N. Tedisco,67
Saratoga,Milton 4,State Senate,44,WOR,Minita J. Sanghvi,31
Saratoga,Milton 4,State Assembly,112,DEM,Joe Seeman,324
Saratoga,Milton 4,State Assembly,112,REP,Mary Beth Walsh,470
Saratoga,Milton 4,State Assembly,112,CON,Mary Beth Walsh,61
Saratoga,Milton 4,State Assembly,112,WOR,Joe Seeman,37
Saratoga,Milton 5,President,,DEM,Kamala D. Harris,241
Saratoga,Milton 5,President,,REP,Donald J. Trump,200
Saratoga,Milton 5,President,,CON,Donald J. Trump,31
Saratoga,Milton 5,President,,WOR,Kamala D. Harris,14
Saratoga,Milton 5,U.S. Senate,,DEM,Kirsten E. Gillibrand,235
Saratoga,Milton 5,U.S. Senate,,REP,Michael D. Sapraicone,177
Saratoga,Milton 5,U.S. Senate,,CON,Michael D. Sapraicone,32
Saratoga,Milton 5,U.S. Senate,,WOR,Kirsten E. Gillibrand,25
Saratoga,Milton 5,U.S. Senate,,LAR,Diane Sare,4
Saratoga,Milton 5,U.S. House,20,DEM,Paul D. Tonko,233
Saratoga,Milton 5,U.S. House,20,REP,Kevin M. Waltz,173
Saratoga,Milton 5,U.S. House,20,CON,Kevin M. Waltz,33
Saratoga,Milton 5,U.S. House,20,WOR,Paul D. Tonko,27
Saratoga,Milton 5,State Senate,44,DEM,Minita J. Sanghvi,165
Saratoga,Milton 5,State Senate,44,REP,James N. Tedisco,257
Saratoga,Milton 5,State Senate,44,CON,James N. Tedisco,39
Saratoga,Milton 5,State Senate,44,WOR,Minita J. Sanghvi,15
Saratoga,Milton 5,State Assembly,112,DEM,Joe Seeman,175
Saratoga,Milton 5,State Assembly,112,REP,Mary Beth Walsh,233
Saratoga,Milton 5,State Assembly,112,CON,Mary Beth Walsh,38
Saratoga,Milton 5,State Assembly,112,WOR,Joe Seeman,16
Saratoga,Milton 6,President,,DEM,Kamala D. Harris,198
Saratoga,Milton 6,President,,REP,Donald J. Trump,332
Saratoga,Milton 6,President,,CON,Donald J. Trump,41
Saratoga,Milton 6,President,,WOR,Kamala D. Harris,17
Saratoga,Milton 6,U.S. Senate,,DEM,Kirsten E. Gillibrand,205
Saratoga,Milton 6,U.S. Senate,,REP,Michael D. Sapraicone,303
Saratoga,Milton 6,U.S. Senate,,CON,Michael D. Sapraicone,37
Saratoga,Milton 6,U.S. Senate,,WOR,Kirsten E. Gillibrand,31
Saratoga,Milton 6,U.S. House,20,DEM,Paul D. Tonko,202
Saratoga,Milton 6,U.S. House,20,REP,Kevin M. Waltz,301
Saratoga,Milton 6,U.S. House,20,CON,Kevin M. Waltz,37
Saratoga,Milton 6,U.S. House,20,WOR,Paul D. Tonko,33
Saratoga,Milton 6,State Senate,44,DEM,Minita J. Sanghvi,127
Saratoga,Milton 6,State Senate,44,REP,James N. Tedisco,383
Saratoga,Milton 6,State Senate,44,CON,James N. Tedisco,47
Saratoga,Milton 6,State Senate,44,WOR,Minita J. Sanghvi,16
Saratoga,Milton 6,State Assembly,112,DEM,Joe Seeman,149
Saratoga,Milton 6,State Assembly,112,REP,Mary Beth Walsh,357
Saratoga,Milton 6,State Assembly,112,CON,Mary Beth Walsh,42
Saratoga,Milton 6,State Assembly,112,WOR,Joe Seeman,22
Saratoga,Milton 7,President,,DEM,Kamala D. Harris,320
Saratoga,Milton 7,President,,REP,Donald J. Trump,459
Saratoga,Milton 7,President,,CON,Donald J. Trump,38
Saratoga,Milton 7,President,,WOR,Kamala D. Harris,22
Saratoga,Milton 7,President,,,Write-in,5
Saratoga,Milton 7,U.S. Senate,,DEM,Kirsten E. Gillibrand,322
Saratoga,Milton 7,U.S. Senate,,REP,Michael D. Sapraicone,413
Saratoga,Milton 7,U.S. Senate,,CON,Michael D. Sapraicone,48
Saratoga,Milton 7,U.S. Senate,,WOR,Kirsten E. Gillibrand,39
Saratoga,Milton 7,U.S. Senate,,LAR,Diane Sare,7
Saratoga,Milton 7,U.S. House,20,DEM,Paul D. Tonko,316
Saratoga,Milton 7,U.S. House,20,REP,Kevin M. Waltz,415
Saratoga,Milton 7,U.S. House,20,CON,Kevin M. Waltz,45
Saratoga,Milton 7,U.S. House,20,WOR,Paul D. Tonko,35
Saratoga,Milton 7,State Senate,44,DEM,Minita J. Sanghvi,220
Saratoga,Milton 7,State Senate,44,REP,James N. Tedisco,521
Saratoga,Milton 7,State Senate,44,CON,James N. Tedisco,62
Saratoga,Milton 7,State Senate,44,WOR,Minita J. Sanghvi,24
Saratoga,Milton 7,State Assembly,112,DEM,Joe Seeman,255
Saratoga,Milton 7,State Assembly,112,REP,Mary Beth Walsh,477
Saratoga,Milton 7,State Assembly,112,CON,Mary Beth Walsh,51
Saratoga,Milton 7,State Assembly,112,WOR,Joe Seeman,25
Saratoga,Milton 8,President,,DEM,Kamala D. Harris,184
Saratoga,Milton 8,President,,REP,Donald J. Trump,160
Saratoga,Milton 8,President,,CON,Donald J. Trump,12
Saratoga,Milton 8,President,,WOR,Kamala D. Harris,16
Saratoga,Milton 8,President,,,Write-in,1
Saratoga,Milton 8,U.S. Senate,,DEM,Kirsten E. Gillibrand,187
Saratoga,Milton 8,U.S. Senate,,REP,Michael D. Sapraicone,146
Saratoga,Milton 8,U.S. Senate,,CON,Michael D. Sapraicone,13
Saratoga,Milton 8,U.S. Senate,,WOR,Kirsten E. Gillibrand,19
Saratoga,Milton 8,U.S. Senate,,LAR,Diane Sare,1
Saratoga,Milton 8,U.S. House,20,DEM,Paul D. Tonko,187
Saratoga,Milton 8,U.S. House,20,REP,Kevin M. Waltz,142
Saratoga,Milton 8,U.S. House,20,CON,Kevin M. Waltz,15
Saratoga,Milton 8,U.S. House,20,WOR,Paul D. Tonko,16
Saratoga,Milton 8,State Senate,44,DEM,Minita J. Sanghvi,110
Saratoga,Milton 8,State Senate,44,REP,James N. Tedisco,218
Saratoga,Milton 8,State Senate,44,CON,James N. Tedisco,23
Saratoga,Milton 8,State Senate,44,WOR,Minita J. Sanghvi,13
Saratoga,Milton 8,State Assembly,112,DEM,Joe Seeman,133
Saratoga,Milton 8,State Assembly,112,REP,Mary Beth Walsh,196
Saratoga,Milton 8,State Assembly,112,CON,Mary Beth Walsh,15
Saratoga,Milton 8,State Assembly,112,WOR,Joe Seeman,15
Saratoga,Milton 9,President,,DEM,Kamala D. Harris,517
Saratoga,Milton 9,President,,REP,Donald J. Trump,383
Saratoga,Milton 9,President,,CON,Donald J. Trump,40
Saratoga,Milton 9,President,,WOR,Kamala D. Harris,23
Saratoga,Milton 9,U.S. Senate,,DEM,Kirsten E. Gillibrand,500
Saratoga,Milton 9,U.S. Senate,,REP,Michael D. Sapraicone,354
Saratoga,Milton 9,U.S. Senate,,CON,Michael D. Sapraicone,43
Saratoga,Milton 9,U.S. Senate,,WOR,Kirsten E. Gillibrand,42
Saratoga,Milton 9,U.S. Senate,,LAR,Diane Sare,3
Saratoga,Milton 9,U.S. House,20,DEM,Paul D. Tonko,500
Saratoga,Milton 9,U.S. House,20,REP,Kevin M. Waltz,350
Saratoga,Milton 9,U.S. House,20,CON,Kevin M. Waltz,44
Saratoga,Milton 9,U.S. House,20,WOR,Paul D. Tonko,39
Saratoga,Milton 9,State Senate,44,DEM,Minita J. Sanghvi,380
Saratoga,Milton 9,State Senate,44,REP,James N. Tedisco,491
Saratoga,Milton 9,State Senate,44,CON,James N. Tedisco,53
Saratoga,Milton 9,State Senate,44,WOR,Minita J. Sanghvi,20
Saratoga,Milton 9,State Assembly,112,DEM,Joe Seeman,393
Saratoga,Milton 9,State Assembly,112,REP,Mary Beth Walsh,455
Saratoga,Milton 9,State Assembly,112,CON,Mary Beth Walsh,49
Saratoga,Milton 9,State Assembly,112,WOR,Joe Seeman,27
Saratoga,Milton 10,President,,DEM,Kamala D. Harris,504
Saratoga,Milton 10,President,,REP,Donald J. Trump,396
Saratoga,Milton 10,President,,CON,Donald J. Trump,44
Saratoga,Milton 10,President,,WOR,Kamala D. Harris,24
Saratoga,Milton 10,President,,,Write-in,5
Saratoga,Milton 10,U.S. Senate,,DEM,Kirsten E. Gillibrand,484
Saratoga,Milton 10,U.S. Senate,,REP,Michael D. Sapraicone,388
Saratoga,Milton 10,U.S. Senate,,CON,Michael D. Sapraicone,45
Saratoga,Milton 10,U.S. Senate,,WOR,Kirsten E. Gillibrand,34
Saratoga,Milton 10,U.S. Senate,,LAR,Diane Sare,6
Saratoga,Milton 10,U.S. Senate,,,Write-in,1
Saratoga,Milton 10,U.S. House,20,DEM,Paul D. Tonko,483
Saratoga,Milton 10,U.S. House,20,REP,Kevin M. Waltz,377
Saratoga,Milton 10,U.S. House,20,CON,Kevin M. Waltz,46
Saratoga,Milton 10,U.S. House,20,WOR,Paul D. Tonko,37
Saratoga,Milton 10,U.S. House,20,,Write-in,2
Saratoga,Milton 10,State Senate,44,DEM,Minita J. Sanghvi,377
Saratoga,Milton 10,State Senate,44,REP,James N. Tedisco,489
Saratoga,Milton 10,State Senate,44,CON,James N. Tedisco,62
Saratoga,Milton 10,State Senate,44,WOR,Minita J. Sanghvi,24
Saratoga,Milton 10,State Assembly,112,DEM,Joe Seeman,401
Saratoga,Milton 10,State Assembly,112,REP,Mary Beth Walsh,458
Saratoga,Milton 10,State Assembly,112,CON,Mary Beth Walsh,56
Saratoga,Milton 10,State Assembly,112,WOR,Joe Seeman,26
Saratoga,Milton 11,President,,DEM,Kamala D. Harris,237
Saratoga,Milton 11,President,,REP,Donald J. Trump,250
Saratoga,Milton 11,President,,CON,Donald J. Trump,20
Saratoga,Milton 11,President,,WOR,Kamala D. Harris,16
Saratoga,Milton 11,President,,,Write-in,2
Saratoga,Milton 11,U.S. Senate,,DEM,Kirsten E. Gillibrand,230
Saratoga,Milton 11,U.S. Senate,,REP,Michael D. Sapraicone,237
Saratoga,Milton 11,U.S. Senate,,CON,Michael D. Sapraicone,18
Saratoga,Milton 11,U.S. Senate,,WOR,Kirsten E. Gillibrand,26
Saratoga,Milton 11,U.S. Senate,,LAR,Diane Sare,2
Saratoga,Milton 11,U.S. Senate,,,Write-in,1
Saratoga,Milton 11,U.S. House,20,DEM,Paul D. Tonko,232
Saratoga,Milton 11,U.S. House,20,REP,Kevin M. Waltz,235
Saratoga,Milton 11,U.S. House,20,CON,Kevin M. Waltz,23
Saratoga,Milton 11,U.S. House,20,WOR,Paul D. Tonko,20
Saratoga,Milton 11,U.S. House,20,,Write-in,2
Saratoga,Milton 11,State Senate,44,DEM,Minita J. Sanghvi,152
Saratoga,Milton 11,State Senate,44,REP,James N. Tedisco,326
Saratoga,Milton 11,State Senate,44,CON,James N. Tedisco,25
Saratoga,Milton 11,State Senate,44,WOR,Minita J. Sanghvi,15
Saratoga,Milton 11,State Senate,44,,Write-in,1
Saratoga,Milton 11,State Assembly,112,DEM,Joe Seeman,173
Saratoga,Milton 11,State Assembly,112,REP,Mary Beth Walsh,294
Saratoga,Milton 11,State Assembly,112,CON,Mary Beth Walsh,24
Saratoga,Milton 11,State Assembly,112,WOR,Joe Seeman,19
Saratoga,Milton 11,State Assembly,112,,Write-in,1
Saratoga,Milton 12,President,,DEM,Kamala D. Harris,211
Saratoga,Milton 12,President,,REP,Donald J. Trump,348
Saratoga,Milton 12,President,,CON,Donald J. Trump,32
Saratoga,Milton 12,President,,WOR,Kamala D. Harris,27
Saratoga,Milton 12,President,,,Write-in,2
Saratoga,Milton 12,U.S. Senate,,DEM,Kirsten E. Gillibrand,212
Saratoga,Milton 12,U.S. Senate,,REP,Michael D. Sapraicone,304
Saratoga,Milton 12,U.S. Senate,,CON,Michael D. Sapraicone,36
Saratoga,Milton 12,U.S. Senate,,WOR,Kirsten E. Gillibrand,41
Saratoga,Milton 12,U.S. Senate,,LAR,Diane Sare,4
Saratoga,Milton 12,U.S. House,20,DEM,Paul D. Tonko,209
Saratoga,Milton 12,U.S. House,20,REP,Kevin M. Waltz,305
Saratoga,Milton 12,U.S. House,20,CON,Kevin M. Waltz,34
Saratoga,Milton 12,U.S. House,20,WOR,Paul D. Tonko,40
Saratoga,Milton 12,State Senate,44,DEM,Minita J. Sanghvi,136
Saratoga,Milton 12,State Senate,44,REP,James N. Tedisco,390
Saratoga,Milton 12,State Senate,44,CON,James N. Tedisco,53
Saratoga,Milton 12,State Senate,44,WOR,Minita J. Sanghvi,21
Saratoga,Milton 12,State Assembly,112,DEM,Joe Seeman,158
Saratoga,Milton 12,State Assembly,112,REP,Mary Beth Walsh,359
Saratoga,Milton 12,State Assembly,112,CON,Mary Beth Walsh,41
Saratoga,Milton 12,State Assembly,112,WOR,Joe Seeman,28
Saratoga,Milton 13,President,,DEM,Kamala D. Harris,586
Saratoga,Milton 13,President,,REP,Donald J. Trump,519
Saratoga,Milton 13,President,,CON,Donald J. Trump,57
Saratoga,Milton 13,President,,WOR,Kamala D. Harris,33
Saratoga,Milton 13,President,,,Write-in,1
Saratoga,Milton 13,U.S. Senate,,DEM,Kirsten E. Gillibrand,598
Saratoga,Milton 13,U.S. Senate,,REP,Michael D. Sapraicone,471
Saratoga,Milton 13,U.S. Senate,,CON,Michael D. Sapraicone,61
Saratoga,Milton 13,U.S. Senate,,WOR,Kirsten E. Gillibrand,42
Saratoga,Milton 13,U.S. Senate,,LAR,Diane Sare,3
Saratoga,Milton 13,U.S. House,20,DEM,Paul D. Tonko,589
Saratoga,Milton 13,U.S. House,20,REP,Kevin M. Waltz,472
Saratoga,Milton 13,U.S. House,20,CON,Kevin M. Waltz,58
Saratoga,Milton 13,U.S. House,20,WOR,Paul D. Tonko,46
Saratoga,Milton 13,State Senate,44,DEM,Minita J. Sanghvi,440
Saratoga,Milton 13,State Senate,44,REP,James N. Tedisco,642
Saratoga,Milton 13,State Senate,44,CON,James N. Tedisco,72
Saratoga,Milton 13,State Senate,44,WOR,Minita J. Sanghvi,25
Saratoga,Milton 13,State Assembly,112,DEM,Joe Seeman,479
Saratoga,Milton 13,State Assembly,112,REP,Mary Beth Walsh,591
Saratoga,Milton 13,State Assembly,112,CON,Mary Beth Walsh,61
Saratoga,Milton 13,State Assembly,112,WOR,Joe Seeman,36
Saratoga,Milton 14,President,,DEM,Kamala D. Harris,386
Saratoga,Milton 14,President,,REP,Donald J. Trump,244
Saratoga,Milton 14,President,,CON,Donald J. Trump,35
Saratoga,Milton 14,President,,WOR,Kamala D. Harris,16
Saratoga,Milton 14,President,,,Write-in,2
Saratoga,Milton 14,U.S. Senate,,DEM,Kirsten E. Gillibrand,363
Saratoga,Milton 14,U.S. Senate,,REP,Michael D. Sapraicone,239
Saratoga,Milton 14,U.S. Senate,,CON,Michael D. Sapraicone,34
Saratoga,Milton 14,U.S. Senate,,WOR,Kirsten E. Gillibrand,25
Saratoga,Milton 14,U.S. Senate,,LAR,Diane Sare,5
Saratoga,Milton 14,U.S. House,20,DEM,Paul D. Tonko,372
Saratoga,Milton 14,U.S. House,20,REP,Kevin M. Waltz,229
Saratoga,Milton 14,U.S. House,20,CON,Kevin M. Waltz,34
Saratoga,Milton 14,U.S. House,20,WOR,Paul D. Tonko,27
Saratoga,Milton 14,State Senate,44,DEM,Minita J. Sanghvi,290
Saratoga,Milton 14,State Senate,44,REP,James N. Tedisco,313
Saratoga,Milton 14,State Senate,44,CON,James N. Tedisco,50
Saratoga,Milton 14,State Senate,44,WOR,Minita J. Sanghvi,14
Saratoga,Milton 14,State Assembly,112,DEM,Joe Seeman,306
Saratoga,Milton 14,State Assembly,112,REP,Mary Beth Walsh,286
Saratoga,Milton 14,State Assembly,112,CON,Mary Beth Walsh,47
Saratoga,Milton 14,State Assembly,112,WOR,Joe Seeman,19
Saratoga,Moreau 1,President,,DEM,Kamala D. Harris,208
Saratoga,Moreau 1,President,,REP,Donald J. Trump,296
Saratoga,Moreau 1,President,,CON,Donald J. Trump,19
Saratoga,Moreau 1,President,,WOR,Kamala D. Harris,15
Saratoga,Moreau 1,U.S. Senate,,DEM,Kirsten E. Gillibrand,213
Saratoga,Moreau 1,U.S. Senate,,REP,Michael D. Sapraicone,270
Saratoga,Moreau 1,U.S. Senate,,CON,Michael D. Sapraicone,15
Saratoga,Moreau 1,U.S. Senate,,WOR,Kirsten E. Gillibrand,26
Saratoga,Moreau 1,U.S. Senate,,LAR,Diane Sare,2
Saratoga,Moreau 1,U.S. Senate,,,Write-in,1
Saratoga,Moreau 1,U.S. House,21,DEM,Paula Collins,193
Saratoga,Moreau 1,U.S. House,21,REP,Elise M. Stefanik,297
Saratoga,Moreau 1,U.S. House,21,CON,Elise M. Stefanik,21
Saratoga,Moreau 1,U.S. House,21,WOR,Paula Collins,15
Saratoga,Moreau 1,U.S. House,21,,Write-in,1
Saratoga,Moreau 1,State Senate,44,DEM,Minita J. Sanghvi,143
Saratoga,Moreau 1,State Senate,44,REP,James N. Tedisco,334
Saratoga,Moreau 1,State Senate,44,CON,James N. Tedisco,33
Saratoga,Moreau 1,State Senate,44,WOR,Minita J. Sanghvi,12
Saratoga,Moreau 1,State Senate,44,,Write-in,1
Saratoga,Moreau 1,State Assembly,113,DEM,Carrie Woerner,245
Saratoga,Moreau 1,State Assembly,113,REP,Jeremy Messina,259
Saratoga,Moreau 1,State Assembly,113,CON,Jeremy Messina,16
Saratoga,Moreau 1,State Assembly,113,,Write-in,1
Saratoga,Moreau 2,President,,DEM,Kamala D. Harris,260
Saratoga,Moreau 2,President,,REP,Donald J. Trump,258
Saratoga,Moreau 2,President,,CON,Donald J. Trump,20
Saratoga,Moreau 2,President,,WOR,Kamala D. Harris,13
Saratoga,Moreau 2,President,,,Write-in,1
Saratoga,Moreau 2,U.S. Senate,,DEM,Kirsten E. Gillibrand,257
Saratoga,Moreau 2,U.S. Senate,,REP,Michael D. Sapraicone,215
Saratoga,Moreau 2,U.S. Senate,,CON,Michael D. Sapraicone,24
Saratoga,Moreau 2,U.S. Senate,,WOR,Kirsten E. Gillibrand,30
Saratoga,Moreau 2,U.S. Senate,,LAR,Diane Sare,1
Saratoga,Moreau 2,U.S. House,21,DEM,Paula Collins,238
Saratoga,Moreau 2,U.S. House,21,REP,Elise M. Stefanik,250
Saratoga,Moreau 2,U.S. House,21,CON,Elise M. Stefanik,28
Saratoga,Moreau 2,U.S. House,21,WOR,Paula Collins,16
Saratoga,Moreau 2,State Senate,44,DEM,Minita J. Sanghvi,194
Saratoga,Moreau 2,State Senate,44,REP,James N. Tedisco,280
Saratoga,Moreau 2,State Senate,44,CON,James N. Tedisco,32
Saratoga,Moreau 2,State Senate,44,WOR,Minita J. Sanghvi,15
Saratoga,Moreau 2,State Assembly,113,DEM,Carrie Woerner,280
Saratoga,Moreau 2,State Assembly,113,REP,Jeremy Messina,216
Saratoga,Moreau 2,State Assembly,113,CON,Jeremy Messina,28
Saratoga,Moreau 3,President,,DEM,Kamala D. Harris,330
Saratoga,Moreau 3,President,,REP,Donald J. Trump,282
Saratoga,Moreau 3,President,,CON,Donald J. Trump,30
Saratoga,Moreau 3,President,,WOR,Kamala D. Harris,17
Saratoga,Moreau 3,President,,,Write-in,1
Saratoga,Moreau 3,U.S. Senate,,DEM,Kirsten E. Gillibrand,342
Saratoga,Moreau 3,U.S. Senate,,REP,Michael D. Sapraicone,239
Saratoga,Moreau 3,U.S. Senate,,CON,Michael D. Sapraicone,29
Saratoga,Moreau 3,U.S. Senate,,WOR,Kirsten E. Gillibrand,27
Saratoga,Moreau 3,U.S. Senate,,LAR,Diane Sare,4
Saratoga,Moreau 3,U.S. House,21,DEM,Paula Collins,309
Saratoga,Moreau 3,U.S. House,21,REP,Elise M. Stefanik,282
Saratoga,Moreau 3,U.S. House,21,CON,Elise M. Stefanik,32
Saratoga,Moreau 3,U.S. House,21,WOR,Paula Collins,21
Saratoga,Moreau 3,State Senate,44,DEM,Minita J. Sanghvi,252
Saratoga,Moreau 3,State Senate,44,REP,James N. Tedisco,321
Saratoga,Moreau 3,State Senate,44,CON,James N. Tedisco,44
Saratoga,Moreau 3,State Senate,44,WOR,Minita J. Sanghvi,15
Saratoga,Moreau 3,State Assembly,113,DEM,Carrie Woerner,376
Saratoga,Moreau 3,State Assembly,113,REP,Jeremy Messina,235
Saratoga,Moreau 3,State Assembly,113,CON,Jeremy Messina,28
Saratoga,Moreau 4,President,,DEM,Kamala D. Harris,488
Saratoga,Moreau 4,President,,REP,Donald J. Trump,623
Saratoga,Moreau 4,President,,CON,Donald J. Trump,69
Saratoga,Moreau 4,President,,WOR,Kamala D. Harris,26
Saratoga,Moreau 4,President,,,Write-in,5
Saratoga,Moreau 4,U.S. Senate,,DEM,Kirsten E. Gillibrand,515
Saratoga,Moreau 4,U.S. Senate,,REP,Michael D. Sapraicone,562
Saratoga,Moreau 4,U.S. Senate,,CON,Michael D. Sapraicone,61
Saratoga,Moreau 4,U.S. Senate,,WOR,Kirsten E. Gillibrand,50
Saratoga,Moreau 4,U.S. Senate,,LAR,Diane Sare,4
Saratoga,Moreau 4,U.S. House,21,DEM,Paula Collins,453
Saratoga,Moreau 4,U.S. House,21,REP,Elise M. Stefanik,625
Saratoga,Moreau 4,U.S. House,21,CON,Elise M. Stefanik,73
Saratoga,Moreau 4,U.S. House,21,WOR,Paula Collins,32
Saratoga,Moreau 4,State Senate,44,DEM,Minita J. Sanghvi,402
Saratoga,Moreau 4,State Senate,44,REP,James N. Tedisco,665
Saratoga,Moreau 4,State Senate,44,CON,James N. Tedisco,89
Saratoga,Moreau 4,State Senate,44,WOR,Minita J. Sanghvi,30
Saratoga,Moreau 4,State Assembly,113,DEM,Carrie Woerner,554
Saratoga,Moreau 4,State Assembly,113,REP,Jeremy Messina,555
Saratoga,Moreau 4,State Assembly,113,CON,Jeremy Messina,66
Saratoga,Moreau 5,President,,DEM,Kamala D. Harris,436
Saratoga,Moreau 5,President,,REP,Donald J. Trump,505
Saratoga,Moreau 5,President,,CON,Donald J. Trump,51
Saratoga,Moreau 5,President,,WOR,Kamala D. Harris,22
Saratoga,Moreau 5,President,,,Write-in,1
Saratoga,Moreau 5,U.S. Senate,,DEM,Kirsten E. Gillibrand,456
Saratoga,Moreau 5,U.S. Senate,,REP,Michael D. Sapraicone,451
Saratoga,Moreau 5,U.S. Senate,,CON,Michael D. Sapraicone,43
Saratoga,Moreau 5,U.S. Senate,,WOR,Kirsten E. Gillibrand,45
Saratoga,Moreau 5,U.S. Senate,,LAR,Diane Sare,2
Saratoga,Moreau 5,U.S. House,21,DEM,Paula Collins,398
Saratoga,Moreau 5,U.S. House,21,REP,Elise M. Stefanik,512
Saratoga,Moreau 5,U.S. House,21,CON,Elise M. Stefanik,61
Saratoga,Moreau 5,U.S. House,21,WOR,Paula Collins,31
Saratoga,Moreau 5,State Senate,44,DEM,Minita J. Sanghvi,322
Saratoga,Moreau 5,State Senate,44,REP,James N. Tedisco,576
Saratoga,Moreau 5,State Senate,44,CON,James N. Tedisco,64
Saratoga,Moreau 5,State Senate,44,WOR,Minita J. Sanghvi,31
Saratoga,Moreau 5,State Assembly,113,DEM,Carrie Woerner,486
Saratoga,Moreau 5,State Assembly,113,REP,Jeremy Messina,455
Saratoga,Moreau 5,State Assembly,113,CON,Jeremy Messina,52
Saratoga,Moreau 5,State Assembly,113,,Write-in,1
Saratoga,Moreau 6,President,,DEM,Kamala D. Harris,342
Saratoga,Moreau 6,President,,REP,Donald J. Trump,452
Saratoga,Moreau 6,President,,CON,Donald J. Trump,37
Saratoga,Moreau 6,President,,WOR,Kamala D. Harris,14
Saratoga,Moreau 6,U.S. Senate,,DEM,Kirsten E. Gillibrand,373
Saratoga,Moreau 6,U.S. Senate,,REP,Michael D. Sapraicone,379
Saratoga,Moreau 6,U.S. Senate,,CON,Michael D. Sapraicone,35
Saratoga,Moreau 6,U.S. Senate,,WOR,Kirsten E. Gillibrand,37
Saratoga,Moreau 6,U.S. Senate,,LAR,Diane Sare,5
Saratoga,Moreau 6,U.S. House,21,DEM,Paula Collins,328
Saratoga,Moreau 6,U.S. House,21,REP,Elise M. Stefanik,449
Saratoga,Moreau 6,U.S. House,21,CON,Elise M. Stefanik,41
Saratoga,Moreau 6,U.S. House,21,WOR,Paula Collins,15
Saratoga,Moreau 6,State Senate,44,DEM,Minita J. Sanghvi,283
Saratoga,Moreau 6,State Senate,44,REP,James N. Tedisco,501
Saratoga,Moreau 6,State Senate,44,CON,James N. Tedisco,43
Saratoga,Moreau 6,State Senate,44,WOR,Minita J. Sanghvi,10
Saratoga,Moreau 6,State Assembly,113,DEM,Carrie Woerner,381
Saratoga,Moreau 6,State Assembly,113,REP,Jeremy Messina,402
Saratoga,Moreau 6,State Assembly,113,CON,Jeremy Messina,37
Saratoga,Moreau 7,President,,DEM,Kamala D. Harris,238
Saratoga,Moreau 7,President,,REP,Donald J. Trump,281
Saratoga,Moreau 7,President,,CON,Donald J. Trump,23
Saratoga,Moreau 7,President,,WOR,Kamala D. Harris,13
Saratoga,Moreau 7,President,,,Write-in,3
Saratoga,Moreau 7,U.S. Senate,,DEM,Kirsten E. Gillibrand,253
Saratoga,Moreau 7,U.S. Senate,,REP,Michael D. Sapraicone,243
Saratoga,Moreau 7,U.S. Senate,,CON,Michael D. Sapraicone,22
Saratoga,Moreau 7,U.S. Senate,,WOR,Kirsten E. Gillibrand,20
Saratoga,Moreau 7,U.S. Senate,,LAR,Diane Sare,2
Saratoga,Moreau 7,U.S. House,21,DEM,Paula Collins,212
Saratoga,Moreau 7,U.S. House,21,REP,Elise M. Stefanik,289
Saratoga,Moreau 7,U.S. House,21,CON,Elise M. Stefanik,25
Saratoga,Moreau 7,U.S. House,21,WOR,Paula Collins,18
Saratoga,Moreau 7,State Senate,44,DEM,Minita J. Sanghvi,180
Saratoga,Moreau 7,State Senate,44,REP,James N. Tedisco,322
Saratoga,Moreau 7,State Senate,44,CON,James N. Tedisco,21
Saratoga,Moreau 7,State Senate,44,WOR,Minita J. Sanghvi,19
Saratoga,Moreau 7,State Assembly,113,DEM,Carrie Woerner,267
Saratoga,Moreau 7,State Assembly,113,REP,Jeremy Messina,249
Saratoga,Moreau 7,State Assembly,113,CON,Jeremy Messina,22
Saratoga,Moreau 8,President,,DEM,Kamala D. Harris,180
Saratoga,Moreau 8,President,,REP,Donald J. Trump,250
Saratoga,Moreau 8,President,,CON,Donald J. Trump,24
Saratoga,Moreau 8,President,,WOR,Kamala D. Harris,13
Saratoga,Moreau 8,U.S. Senate,,DEM,Kirsten E. Gillibrand,206
Saratoga,Moreau 8,U.S. Senate,,REP,Michael D. Sapraicone,207
Saratoga,Moreau 8,U.S. Senate,,CON,Michael D. Sapraicone,18
Saratoga,Moreau 8,U.S. Senate,,WOR,Kirsten E. Gillibrand,26
Saratoga,Moreau 8,U.S. Senate,,LAR,Diane Sare,4
Saratoga,Moreau 8,U.S. House,21,DEM,Paula Collins,166
Saratoga,Moreau 8,U.S. House,21,REP,Elise M. Stefanik,251
Saratoga,Moreau 8,U.S. House,21,CON,Elise M. Stefanik,29
Saratoga,Moreau 8,U.S. House,21,WOR,Paula Collins,14
Saratoga,Moreau 8,State Senate,44,DEM,Minita J. Sanghvi,141
Saratoga,Moreau 8,State Senate,44,REP,James N. Tedisco,263
Saratoga,Moreau 8,State Senate,44,CON,James N. Tedisco,36
Saratoga,Moreau 8,State Senate,44,WOR,Minita J. Sanghvi,18
Saratoga,Moreau 8,State Assembly,113,DEM,Carrie Woerner,215
Saratoga,Moreau 8,State Assembly,113,REP,Jeremy Messina,221
Saratoga,Moreau 8,State Assembly,113,CON,Jeremy Messina,24
Saratoga,Moreau 9,President,,DEM,Kamala D. Harris,265
Saratoga,Moreau 9,President,,REP,Donald J. Trump,319
Saratoga,Moreau 9,President,,CON,Donald J. Trump,39
Saratoga,Moreau 9,President,,WOR,Kamala D. Harris,24
Saratoga,Moreau 9,President,,,Write-in,2
Saratoga,Moreau 9,U.S. Senate,,DEM,Kirsten E. Gillibrand,292
Saratoga,Moreau 9,U.S. Senate,,REP,Michael D. Sapraicone,272
Saratoga,Moreau 9,U.S. Senate,,CON,Michael D. Sapraicone,29
Saratoga,Moreau 9,U.S. Senate,,WOR,Kirsten E. Gillibrand,43
Saratoga,Moreau 9,U.S. Senate,,LAR,Diane Sare,3
Saratoga,Moreau 9,U.S. House,21,DEM,Paula Collins,244
Saratoga,Moreau 9,U.S. House,21,REP,Elise M. Stefanik,332
Saratoga,Moreau 9,U.S. House,21,CON,Elise M. Stefanik,40
Saratoga,Moreau 9,U.S. House,21,WOR,Paula Collins,28
Saratoga,Moreau 9,State Senate,44,DEM,Minita J. Sanghvi,195
Saratoga,Moreau 9,State Senate,44,REP,James N. Tedisco,372
Saratoga,Moreau 9,State Senate,44,CON,James N. Tedisco,52
Saratoga,Moreau 9,State Senate,44,WOR,Minita J. Sanghvi,15
Saratoga,Moreau 9,State Assembly,113,DEM,Carrie Woerner,309
Saratoga,Moreau 9,State Assembly,113,REP,Jeremy Messina,289
Saratoga,Moreau 9,State Assembly,113,CON,Jeremy Messina,35
Saratoga,Moreau 10,President,,DEM,Kamala D. Harris,426
Saratoga,Moreau 10,President,,REP,Donald J. Trump,595
Saratoga,Moreau 10,President,,CON,Donald J. Trump,66
Saratoga,Moreau 10,President,,WOR,Kamala D. Harris,24
Saratoga,Moreau 10,U.S. Senate,,DEM,Kirsten E. Gillibrand,442
Saratoga,Moreau 10,U.S. Senate,,REP,Michael D. Sapraicone,529
Saratoga,Moreau 10,U.S. Senate,,CON,Michael D. Sapraicone,62
Saratoga,Moreau 10,U.S. Senate,,WOR,Kirsten E. Gillibrand,52
Saratoga,Moreau 10,U.S. Senate,,LAR,Diane Sare,4
Saratoga,Moreau 10,U.S. House,21,DEM,Paula Collins,385
Saratoga,Moreau 10,U.S. House,21,REP,Elise M. Stefanik,609
Saratoga,Moreau 10,U.S. House,21,CON,Elise M. Stefanik,76
Saratoga,Moreau 10,U.S. House,21,WOR,Paula Collins,26
Saratoga,Moreau 10,State Senate,44,DEM,Minita J. Sanghvi,300
Saratoga,Moreau 10,State Senate,44,REP,James N. Tedisco,667
Saratoga,Moreau 10,State Senate,44,CON,James N. Tedisco,89
Saratoga,Moreau 10,State Senate,44,WOR,Minita J. Sanghvi,22
Saratoga,Moreau 10,State Assembly,113,DEM,Carrie Woerner,484
Saratoga,Moreau 10,State Assembly,113,REP,Jeremy Messina,526
Saratoga,Moreau 10,State Assembly,113,CON,Jeremy Messina,63
Saratoga,Moreau 10,State Assembly,113,,Write-in,1
Saratoga,Moreau 11,President,,DEM,Kamala D. Harris,411
Saratoga,Moreau 11,President,,REP,Donald J. Trump,365
Saratoga,Moreau 11,President,,CON,Donald J. Trump,29
Saratoga,Moreau 11,President,,WOR,Kamala D. Harris,18
Saratoga,Moreau 11,President,,,Write-in,3
Saratoga,Moreau 11,U.S. Senate,,DEM,Kirsten E. Gillibrand,428
Saratoga,Moreau 11,U.S. Senate,,REP,Michael D. Sapraicone,296
Saratoga,Moreau 11,U.S. Senate,,CON,Michael D. Sapraicone,27
Saratoga,Moreau 11,U.S. Senate,,WOR,Kirsten E. Gillibrand,41
Saratoga,Moreau 11,U.S. Senate,,LAR,Diane Sare,1
Saratoga,Moreau 11,U.S. House,21,DEM,Paula Collins,379
Saratoga,Moreau 11,U.S. House,21,REP,Elise M. Stefanik,369
Saratoga,Moreau 11,U.S. House,21,CON,Elise M. Stefanik,35
Saratoga,Moreau 11,U.S. House,21,WOR,Paula Collins,18
Saratoga,Moreau 11,State Senate,44,DEM,Minita J. Sanghvi,315
Saratoga,Moreau 11,State Senate,44,REP,James N. Tedisco,410
Saratoga,Moreau 11,State Senate,44,CON,James N. Tedisco,43
Saratoga,Moreau 11,State Senate,44,WOR,Minita J. Sanghvi,18
Saratoga,Moreau 11,State Assembly,113,DEM,Carrie Woerner,463
Saratoga,Moreau 11,State Assembly,113,REP,Jeremy Messina,302
Saratoga,Moreau 11,State Assembly,113,CON,Jeremy Messina,30
Saratoga,Northumberland 1,President,,DEM,Kamala D. Harris,433
Saratoga,Northumberland 1,President,,REP,Donald J. Trump,597
Saratoga,Northumberland 1,President,,CON,Donald J. Trump,58
Saratoga,Northumberland 1,President,,WOR,Kamala D. Harris,19
Saratoga,Northumberland 1,President,,,Write-in,2
Saratoga,Northumberland 1,U.S. Senate,,DEM,Kirsten E. Gillibrand,461
Saratoga,Northumberland 1,U.S. Senate,,REP,Michael D. Sapraicone,529
Saratoga,Northumberland 1,U.S. Senate,,CON,Michael D. Sapraicone,56
Saratoga,Northumberland 1,U.S. Senate,,WOR,Kirsten E. Gillibrand,42
Saratoga,Northumberland 1,U.S. Senate,,LAR,Diane Sare,4
Saratoga,Northumberland 1,U.S. House,21,DEM,Paula Collins,404
Saratoga,Northumberland 1,U.S. House,21,REP,Elise M. Stefanik,597
Saratoga,Northumberland 1,U.S. House,21,CON,Elise M. Stefanik,58
Saratoga,Northumberland 1,U.S. House,21,WOR,Paula Collins,35
Saratoga,Northumberland 1,State Senate,44,DEM,Minita J. Sanghvi,310
Saratoga,Northumberland 1,State Senate,44,REP,James N. Tedisco,680
Saratoga,Northumberland 1,State Senate,44,CON,James N. Tedisco,81
Saratoga,Northumberland 1,State Senate,44,WOR,Minita J. Sanghvi,17
Saratoga,Northumberland 1,State Assembly,113,DEM,Carrie Woerner,482
Saratoga,Northumberland 1,State Assembly,113,REP,Jeremy Messina,531
Saratoga,Northumberland 1,State Assembly,113,CON,Jeremy Messina,65
Saratoga,Northumberland 2,President,,DEM,Kamala D. Harris,292
Saratoga,Northumberland 2,President,,REP,Donald J. Trump,358
Saratoga,Northumberland 2,President,,CON,Donald J. Trump,47
Saratoga,Northumberland 2,President,,WOR,Kamala D. Harris,19
Saratoga,Northumberland 2,President,,,Write-in,2
Saratoga,Northumberland 2,U.S. Senate,,DEM,Kirsten E. Gillibrand,307
Saratoga,Northumberland 2,U.S. Senate,,REP,Michael D. Sapraicone,318
Saratoga,Northumberland 2,U.S. Senate,,CON,Michael D. Sapraicone,56
Saratoga,Northumberland 2,U.S. Senate,,WOR,Kirsten E. Gillibrand,29
Saratoga,Northumberland 2,U.S. Senate,,LAR,Diane Sare,1
Saratoga,Northumberland 2,U.S. Senate,,,Write-in,1
Saratoga,Northumberland 2,U.S. House,21,DEM,Paula Collins,271
Saratoga,Northumberland 2,U.S. House,21,REP,Elise M. Stefanik,370
Saratoga,Northumberland 2,U.S. House,21,CON,Elise M. Stefanik,54
Saratoga,Northumberland 2,U.S. House,21,WOR,Paula Collins,23
Saratoga,Northumberland 2,State Senate,44,DEM,Minita J. Sanghvi,237
Saratoga,Northumberland 2,State Senate,44,REP,James N. Tedisco,401
Saratoga,Northumberland 2,State Senate,44,CON,James N. Tedisco,58
Saratoga,Northumberland 2,State Senate,44,WOR,Minita J. Sanghvi,17
Saratoga,Northumberland 2,State Assembly,113,DEM,Carrie Woerner,336
Saratoga,Northumberland 2,State Assembly,113,REP,Jeremy Messina,327
Saratoga,Northumberland 2,State Assembly,113,CON,Jeremy Messina,52
Saratoga,Northumberland 3,President,,DEM,Kamala D. Harris,163
Saratoga,Northumberland 3,President,,REP,Donald J. Trump,301
Saratoga,Northumberland 3,President,,CON,Donald J. Trump,35
Saratoga,Northumberland 3,President,,WOR,Kamala D. Harris,11
Saratoga,Northumberland 3,U.S. Senate,,DEM,Kirsten E. Gillibrand,182
Saratoga,Northumberland 3,U.S. Senate,,REP,Michael D. Sapraicone,249
Saratoga,Northumberland 3,U.S. Senate,,CON,Michael D. Sapraicone,38
Saratoga,Northumberland 3,U.S. Senate,,WOR,Kirsten E. Gillibrand,25
Saratoga,Northumberland 3,U.S. Senate,,LAR,Diane Sare,5
Saratoga,Northumberland 3,U.S. House,21,DEM,Paula Collins,146
Saratoga,Northumberland 3,U.S. House,21,REP,Elise M. Stefanik,298
Saratoga,Northumberland 3,U.S. House,21,CON,Elise M. Stefanik,41
Saratoga,Northumberland 3,U.S. House,21,WOR,Paula Collins,14
Saratoga,Northumberland 3,State Senate,44,DEM,Minita J. Sanghvi,113
Saratoga,Northumberland 3,State Senate,44,REP,James N. Tedisco,325
Saratoga,Northumberland 3,State Senate,44,CON,James N. Tedisco,40
Saratoga,Northumberland 3,State Senate,44,WOR,Minita J. Sanghvi,15
Saratoga,Northumberland 3,State Assembly,113,DEM,Carrie Woerner,194
Saratoga,Northumberland 3,State Assembly,113,REP,Jeremy Messina,268
Saratoga,Northumberland 3,State Assembly,113,CON,Jeremy Messina,34
Saratoga,Northumberland 4,President,,DEM,Kamala D. Harris,244
Saratoga,Northumberland 4,President,,REP,Donald J. Trump,272
Saratoga,Northumberland 4,President,,CON,Donald J. Trump,35
Saratoga,Northumberland 4,President,,WOR,Kamala D. Harris,12
Saratoga,Northumberland 4,President,,,Write-in,1
Saratoga,Northumberland 4,U.S. Senate,,DEM,Kirsten E. Gillibrand,252
Saratoga,Northumberland 4,U.S. Senate,,REP,Michael D. Sapraicone,249
Saratoga,Northumberland 4,U.S. Senate,,CON,Michael D. Sapraicone,34
Saratoga,Northumberland 4,U.S. Senate,,WOR,Kirsten E. Gillibrand,22
Saratoga,Northumberland 4,U.S. Senate,,LAR,Diane Sare,2
Saratoga,Northumberland 4,U.S. House,21,DEM,Paula Collins,222
Saratoga,Northumberland 4,U.S. House,21,REP,Elise M. Stefanik,286
Saratoga,Northumberland 4,U.S. House,21,CON,Elise M. Stefanik,42
Saratoga,Northumberland 4,U.S. House,21,WOR,Paula Collins,9
Saratoga,Northumberland 4,U.S. House,21,,Write-in,1
Saratoga,Northumberland 4,State Senate,44,DEM,Minita J. Sanghvi,184
Saratoga,Northumberland 4,State Senate,44,REP,James N. Tedisco,324
Saratoga,Northumberland 4,State Senate,44,CON,James N. Tedisco,40
Saratoga,Northumberland 4,State Senate,44,WOR,Minita J. Sanghvi,9
Saratoga,Northumberland 4,State Assembly,113,DEM,Carrie Woerner,272
Saratoga,Northumberland 4,State Assembly,113,REP,Jeremy Messina,248
Saratoga,Northumberland 4,State Assembly,113,CON,Jeremy Messina,36
Saratoga,Providence 1,President,,DEM,Kamala D. Harris,74
Saratoga,Providence 1,President,,REP,Donald J. Trump,236
Saratoga,Providence 1,President,,CON,Donald J. Trump,27
Saratoga,Providence 1,President,,WOR,Kamala D. Harris,8
Saratoga,Providence 1,U.S. Senate,,DEM,Kirsten E. Gillibrand,86
Saratoga,Providence 1,U.S. Senate,,REP,Michael D. Sapraicone,209
Saratoga,Providence 1,U.S. Senate,,CON,Michael D. Sapraicone,22
Saratoga,Providence 1,U.S. Senate,,WOR,Kirsten E. Gillibrand,10
Saratoga,Providence 1,U.S. House,21,DEM,Paula Collins,64
Saratoga,Providence 1,U.S. House,21,REP,Elise M. Stefanik,235
Saratoga,Providence 1,U.S. House,21,CON,Elise M. Stefanik,29
Saratoga,Providence 1,U.S. House,21,WOR,Paula Collins,5
Saratoga,Providence 1,U.S. House,21,,Write-in,1
Saratoga,Providence 1,State Senate,44,DEM,Minita J. Sanghvi,54
Saratoga,Providence 1,State Senate,44,REP,James N. Tedisco,244
Saratoga,Providence 1,State Senate,44,CON,James N. Tedisco,31
Saratoga,Providence 1,State Senate,44,WOR,Minita J. Sanghvi,4
Saratoga,Providence 1,State Assembly,112,DEM,Joe Seeman,60
Saratoga,Providence 1,State Assembly,112,REP,Mary Beth Walsh,233
Saratoga,Providence 1,State Assembly,112,CON,Mary Beth Walsh,28
Saratoga,Providence 1,State Assembly,112,WOR,Joe Seeman,2
Saratoga,Providence 2,President,,DEM,Kamala D. Harris,236
Saratoga,Providence 2,President,,REP,Donald J. Trump,521
Saratoga,Providence 2,President,,CON,Donald J. Trump,58
Saratoga,Providence 2,President,,WOR,Kamala D. Harris,18
Saratoga,Providence 2,President,,,Write-in,3
Saratoga,Providence 2,U.S. Senate,,DEM,Kirsten E. Gillibrand,242
Saratoga,Providence 2,U.S. Senate,,REP,Michael D. Sapraicone,456
Saratoga,Providence 2,U.S. Senate,,CON,Michael D. Sapraicone,57
Saratoga,Providence 2,U.S. Senate,,WOR,Kirsten E. Gillibrand,39
Saratoga,Providence 2,U.S. Senate,,LAR,Diane Sare,6
Saratoga,Providence 2,U.S. House,21,DEM,Paula Collins,200
Saratoga,Providence 2,U.S. House,21,REP,Elise M. Stefanik,515
Saratoga,Providence 2,U.S. House,21,CON,Elise M. Stefanik,67
Saratoga,Providence 2,U.S. House,21,WOR,Paula Collins,23
Saratoga,Providence 2,U.S. House,21,,Write-in,1
Saratoga,Providence 2,State Senate,44,DEM,Minita J. Sanghvi,167
Saratoga,Providence 2,State Senate,44,REP,James N. Tedisco,553
Saratoga,Providence 2,State Senate,44,CON,James N. Tedisco,65
Saratoga,Providence 2,State Senate,44,WOR,Minita J. Sanghvi,19
Saratoga,Providence 2,State Assembly,112,DEM,Joe Seeman,171
Saratoga,Providence 2,State Assembly,112,REP,Mary Beth Walsh,547
Saratoga,Providence 2,State Assembly,112,CON,Mary Beth Walsh,63
Saratoga,Providence 2,State Assembly,112,WOR,Joe Seeman,18
Saratoga,Saratoga 1,President,,DEM,Kamala D. Harris,332
Saratoga,Saratoga 1,President,,REP,Donald J. Trump,256
Saratoga,Saratoga 1,President,,CON,Donald J. Trump,37
Saratoga,Saratoga 1,President,,WOR,Kamala D. Harris,13
Saratoga,Saratoga 1,President,,,Write-in,3
Saratoga,Saratoga 1,U.S. Senate,,DEM,Kirsten E. Gillibrand,331
Saratoga,Saratoga 1,U.S. Senate,,REP,Michael D. Sapraicone,216
Saratoga,Saratoga 1,U.S. Senate,,CON,Michael D. Sapraicone,36
Saratoga,Saratoga 1,U.S. Senate,,WOR,Kirsten E. Gillibrand,34
Saratoga,Saratoga 1,U.S. Senate,,LAR,Diane Sare,5
Saratoga,Saratoga 1,U.S. House,21,DEM,Paula Collins,314
Saratoga,Saratoga 1,U.S. House,21,REP,Elise M. Stefanik,258
Saratoga,Saratoga 1,U.S. House,21,CON,Elise M. Stefanik,36
Saratoga,Saratoga 1,U.S. House,21,WOR,Paula Collins,18
Saratoga,Saratoga 1,State Senate,44,DEM,Minita J. Sanghvi,252
Saratoga,Saratoga 1,State Senate,44,REP,James N. Tedisco,303
Saratoga,Saratoga 1,State Senate,44,CON,James N. Tedisco,44
Saratoga,Saratoga 1,State Senate,44,WOR,Minita J. Sanghvi,15
Saratoga,Saratoga 1,State Assembly,113,DEM,Carrie Woerner,364
Saratoga,Saratoga 1,State Assembly,113,REP,Jeremy Messina,219
Saratoga,Saratoga 1,State Assembly,113,CON,Jeremy Messina,39
Saratoga,Saratoga 2,President,,DEM,Kamala D. Harris,397
Saratoga,Saratoga 2,President,,REP,Donald J. Trump,363
Saratoga,Saratoga 2,President,,CON,Donald J. Trump,48
Saratoga,Saratoga 2,President,,WOR,Kamala D. Harris,30
Saratoga,Saratoga 2,U.S. Senate,,DEM,Kirsten E. Gillibrand,390
Saratoga,Saratoga 2,U.S. Senate,,REP,Michael D. Sapraicone,339
Saratoga,Saratoga 2,U.S. Senate,,CON,Michael D. Sapraicone,49
Saratoga,Saratoga 2,U.S. Senate,,WOR,Kirsten E. Gillibrand,47
Saratoga,Saratoga 2,U.S. Senate,,LAR,Diane Sare,2
Saratoga,Saratoga 2,U.S. House,21,DEM,Paula Collins,360
Saratoga,Saratoga 2,U.S. House,21,REP,Elise M. Stefanik,379
Saratoga,Saratoga 2,U.S. House,21,CON,Elise M. Stefanik,51
Saratoga,Saratoga 2,U.S. House,21,WOR,Paula Collins,41
Saratoga,Saratoga 2,State Senate,44,DEM,Minita J. Sanghvi,294
Saratoga,Saratoga 2,State Senate,44,REP,James N. Tedisco,434
Saratoga,Saratoga 2,State Senate,44,CON,James N. Tedisco,57
Saratoga,Saratoga 2,State Senate,44,WOR,Minita J. Sanghvi,32
Saratoga,Saratoga 2,State Assembly,113,DEM,Carrie Woerner,439
Saratoga,Saratoga 2,State Assembly,113,REP,Jeremy Messina,328
Saratoga,Saratoga 2,State Assembly,113,CON,Jeremy Messina,49
Saratoga,Saratoga 3,President,,DEM,Kamala D. Harris,228
Saratoga,Saratoga 3,President,,REP,Donald J. Trump,232
Saratoga,Saratoga 3,President,,CON,Donald J. Trump,28
Saratoga,Saratoga 3,President,,WOR,Kamala D. Harris,7
Saratoga,Saratoga 3,President,,,Write-in,3
Saratoga,Saratoga 3,U.S. Senate,,DEM,Kirsten E. Gillibrand,223
Saratoga,Saratoga 3,U.S. Senate,,REP,Michael D. Sapraicone,223
Saratoga,Saratoga 3,U.S. Senate,,CON,Michael D. Sapraicone,32
Saratoga,Saratoga 3,U.S. Senate,,WOR,Kirsten E. Gillibrand,17
Saratoga,Saratoga 3,U.S. House,21,DEM,Paula Collins,196
Saratoga,Saratoga 3,U.S. House,21,REP,Elise M. Stefanik,251
Saratoga,Saratoga 3,U.S. House,21,CON,Elise M. Stefanik,35
Saratoga,Saratoga 3,U.S. House,21,WOR,Paula Collins,11
Saratoga,Saratoga 3,State Senate,44,DEM,Minita J. Sanghvi,162
Saratoga,Saratoga 3,State Senate,44,REP,James N. Tedisco,279
Saratoga,Saratoga 3,State Senate,44,CON,James N. Tedisco,40
Saratoga,Saratoga 3,State Senate,44,WOR,Minita J. Sanghvi,8
Saratoga,Saratoga 3,State Assembly,113,DEM,Carrie Woerner,241
Saratoga,Saratoga 3,State Assembly,113,REP,Jeremy Messina,220
Saratoga,Saratoga 3,State Assembly,113,CON,Jeremy Messina,31
Saratoga,Saratoga 4,President,,DEM,Kamala D. Harris,226
Saratoga,Saratoga 4,President,,REP,Donald J. Trump,300
Saratoga,Saratoga 4,President,,CON,Donald J. Trump,45
Saratoga,Saratoga 4,President,,WOR,Kamala D. Harris,24
Saratoga,Saratoga 4,President,,,Write-in,3
Saratoga,Saratoga 4,U.S. Senate,,DEM,Kirsten E. Gillibrand,236
Saratoga,Saratoga 4,U.S. Senate,,REP,Michael D. Sapraicone,251
Saratoga,Saratoga 4,U.S. Senate,,CON,Michael D. Sapraicone,52
Saratoga,Saratoga 4,U.S. Senate,,WOR,Kirsten E. Gillibrand,43
Saratoga,Saratoga 4,U.S. Senate,,LAR,Diane Sare,2
Saratoga,Saratoga 4,U.S. House,21,DEM,Paula Collins,213
Saratoga,Saratoga 4,U.S. House,21,REP,Elise M. Stefanik,291
Saratoga,Saratoga 4,U.S. House,21,CON,Elise M. Stefanik,60
Saratoga,Saratoga 4,U.S. House,21,WOR,Paula Collins,19
Saratoga,Saratoga 4,U.S. House,21,,Write-in,1
Saratoga,Saratoga 4,State Senate,44,DEM,Minita J. Sanghvi,179
Saratoga,Saratoga 4,State Senate,44,REP,James N. Tedisco,313
Saratoga,Saratoga 4,State Senate,44,CON,James N. Tedisco,65
Saratoga,Saratoga 4,State Senate,44,WOR,Minita J. Sanghvi,15
Saratoga,Saratoga 4,State Assembly,113,DEM,Carrie Woerner,290
Saratoga,Saratoga 4,State Assembly,113,REP,Jeremy Messina,243
Saratoga,Saratoga 4,State Assembly,113,CON,Jeremy Messina,46
Saratoga,Saratoga 5,President,,DEM,Kamala D. Harris,270
Saratoga,Saratoga 5,President,,REP,Donald J. Trump,340
Saratoga,Saratoga 5,President,,CON,Donald J. Trump,40
Saratoga,Saratoga 5,President,,WOR,Kamala D. Harris,13
Saratoga,Saratoga 5,President,,,Write-in,3
Saratoga,Saratoga 5,U.S. Senate,,DEM,Kirsten E. Gillibrand,286
Saratoga,Saratoga 5,U.S. Senate,,REP,Michael D. Sapraicone,311
Saratoga,Saratoga 5,U.S. Senate,,CON,Michael D. Sapraicone,41
Saratoga,Saratoga 5,U.S. Senate,,WOR,Kirsten E. Gillibrand,16
Saratoga,Saratoga 5,U.S. Senate,,LAR,Diane Sare,4
Saratoga,Saratoga 5,U.S. House,21,DEM,Paula Collins,256
Saratoga,Saratoga 5,U.S. House,21,REP,Elise M. Stefanik,344
Saratoga,Saratoga 5,U.S. House,21,CON,Elise M. Stefanik,45
Saratoga,Saratoga 5,U.S. House,21,WOR,Paula Collins,19
Saratoga,Saratoga 5,State Senate,44,DEM,Minita J. Sanghvi,216
Saratoga,Saratoga 5,State Senate,44,REP,James N. Tedisco,377
Saratoga,Saratoga 5,State Senate,44,CON,James N. Tedisco,53
Saratoga,Saratoga 5,State Senate,44,WOR,Minita J. Sanghvi,13
Saratoga,Saratoga 5,State Assembly,113,DEM,Carrie Woerner,304
Saratoga,Saratoga 5,State Assembly,113,REP,Jeremy Messina,307
Saratoga,Saratoga 5,State Assembly,113,CON,Jeremy Messina,44
Saratoga,Saratoga Springs 1,President,,DEM,Kamala D. Harris,489
Saratoga,Saratoga Springs 1,President,,REP,Donald J. Trump,179
Saratoga,Saratoga Springs 1,President,,CON,Donald J. Trump,16
Saratoga,Saratoga Springs 1,President,,WOR,Kamala D. Harris,16
Saratoga,Saratoga Springs 1,President,,,Write-in,1
Saratoga,Saratoga Springs 1,U.S. Senate,,DEM,Kirsten E. Gillibrand,477
Saratoga,Saratoga Springs 1,U.S. Senate,,REP,Michael D. Sapraicone,175
Saratoga,Saratoga Springs 1,U.S. Senate,,CON,Michael D. Sapraicone,17
Saratoga,Saratoga Springs 1,U.S. Senate,,WOR,Kirsten E. Gillibrand,26
Saratoga,Saratoga Springs 1,U.S. Senate,,LAR,Diane Sare,2
Saratoga,Saratoga Springs 1,U.S. House,20,DEM,Paul D. Tonko,484
Saratoga,Saratoga Springs 1,U.S. House,20,REP,Kevin M. Waltz,166
Saratoga,Saratoga Springs 1,U.S. House,20,CON,Kevin M. Waltz,17
Saratoga,Saratoga Springs 1,U.S. House,20,WOR,Paul D. Tonko,27
Saratoga,Saratoga Springs 1,State Senate,44,DEM,Minita J. Sanghvi,385
Saratoga,Saratoga Springs 1,State Senate,44,REP,James N. Tedisco,255
Saratoga,Saratoga Springs 1,State Senate,44,CON,James N. Tedisco,30
Saratoga,Saratoga Springs 1,State Senate,44,WOR,Minita J. Sanghvi,18
Saratoga,Saratoga Springs 1,State Assembly,113,DEM,Carrie Woerner,481
Saratoga,Saratoga Springs 1,State Assembly,113,REP,Jeremy Messina,182
Saratoga,Saratoga Springs 1,State Assembly,113,CON,Jeremy Messina,19
Saratoga,Saratoga Springs 1,State Assembly,113,,Write-in,1
Saratoga,Saratoga Springs 2,President,,DEM,Kamala D. Harris,375
Saratoga,Saratoga Springs 2,President,,REP,Donald J. Trump,150
Saratoga,Saratoga Springs 2,President,,CON,Donald J. Trump,15
Saratoga,Saratoga Springs 2,President,,WOR,Kamala D. Harris,16
Saratoga,Saratoga Springs 2,U.S. Senate,,DEM,Kirsten E. Gillibrand,354
Saratoga,Saratoga Springs 2,U.S. Senate,,REP,Michael D. Sapraicone,134
Saratoga,Saratoga Springs 2,U.S. Senate,,CON,Michael D. Sapraicone,17
Saratoga,Saratoga Springs 2,U.S. Senate,,WOR,Kirsten E. Gillibrand,24
Saratoga,Saratoga Springs 2,U.S. Senate,,LAR,Diane Sare,2
Saratoga,Saratoga Springs 2,U.S. House,20,DEM,Paul D. Tonko,353
Saratoga,Saratoga Springs 2,U.S. House,20,REP,Kevin M. Waltz,129
Saratoga,Saratoga Springs 2,U.S. House,20,CON,Kevin M. Waltz,18
Saratoga,Saratoga Springs 2,U.S. House,20,WOR,Paul D. Tonko,25
Saratoga,Saratoga Springs 2,State Senate,44,DEM,Minita J. Sanghvi,264
Saratoga,Saratoga Springs 2,State Senate,44,REP,James N. Tedisco,213
Saratoga,Saratoga Springs 2,State Senate,44,CON,James N. Tedisco,26
Saratoga,Saratoga Springs 2,State Senate,44,WOR,Minita J. Sanghvi,18
Saratoga,Saratoga Springs 2,State Assembly,113,DEM,Carrie Woerner,365
Saratoga,Saratoga Springs 2,State Assembly,113,REP,Jeremy Messina,137
Saratoga,Saratoga Springs 2,State Assembly,113,CON,Jeremy Messina,18
Saratoga,Saratoga Springs 3,President,,DEM,Kamala D. Harris,326
Saratoga,Saratoga Springs 3,President,,REP,Donald J. Trump,151
Saratoga,Saratoga Springs 3,President,,CON,Donald J. Trump,15
Saratoga,Saratoga Springs 3,President,,WOR,Kamala D. Harris,9
Saratoga,Saratoga Springs 3,President,,,Write-in,2
Saratoga,Saratoga Springs 3,U.S. Senate,,DEM,Kirsten E. Gillibrand,322
Saratoga,Saratoga Springs 3,U.S. Senate,,REP,Michael D. Sapraicone,143
Saratoga,Saratoga Springs 3,U.S. Senate,,CON,Michael D. Sapraicone,18
Saratoga,Saratoga Springs 3,U.S. Senate,,WOR,Kirsten E. Gillibrand,14
Saratoga,Saratoga Springs 3,U.S. House,20,DEM,Paul D. Tonko,317
Saratoga,Saratoga Springs 3,U.S. House,20,REP,Kevin M. Waltz,146
Saratoga,Saratoga Springs 3,U.S. House,20,CON,Kevin M. Waltz,16
Saratoga,Saratoga Springs 3,U.S. House,20,WOR,Paul D. Tonko,17
Saratoga,Saratoga Springs 3,State Senate,44,DEM,Minita J. Sanghvi,257
Saratoga,Saratoga Springs 3,State Senate,44,REP,James N. Tedisco,199
Saratoga,Saratoga Springs 3,State Senate,44,CON,James N. Tedisco,26
Saratoga,Saratoga Springs 3,State Senate,44,WOR,Minita J. Sanghvi,12
Saratoga,Saratoga Springs 3,State Assembly,113,DEM,Carrie Woerner,324
Saratoga,Saratoga Springs 3,State Assembly,113,REP,Jeremy Messina,149
Saratoga,Saratoga Springs 3,State Assembly,113,CON,Jeremy Messina,18
Saratoga,Saratoga Springs 4,President,,DEM,Kamala D. Harris,481
Saratoga,Saratoga Springs 4,President,,REP,Donald J. Trump,134
Saratoga,Saratoga Springs 4,President,,CON,Donald J. Trump,29
Saratoga,Saratoga Springs 4,President,,WOR,Kamala D. Harris,21
Saratoga,Saratoga Springs 4,President,,,Write-in,5
Saratoga,Saratoga Springs 4,U.S. Senate,,DEM,Kirsten E. Gillibrand,467
Saratoga,Saratoga Springs 4,U.S. Senate,,REP,Michael D. Sapraicone,143
Saratoga,Saratoga Springs 4,U.S. Senate,,CON,Michael D. Sapraicone,29
Saratoga,Saratoga Springs 4,U.S. Senate,,WOR,Kirsten E. Gillibrand,36
Saratoga,Saratoga Springs 4,U.S. Senate,,LAR,Diane Sare,2
Saratoga,Saratoga Springs 4,U.S. House,20,DEM,Paul D. Tonko,482
Saratoga,Saratoga Springs 4,U.S. House,20,REP,Kevin M. Waltz,132
Saratoga,Saratoga Springs 4,U.S. House,20,CON,Kevin M. Waltz,27
Saratoga,Saratoga Springs 4,U.S. House,20,WOR,Paul D. Tonko,36
Saratoga,Saratoga Springs 4,State Senate,44,DEM,Minita J. Sanghvi,403
Saratoga,Saratoga Springs 4,State Senate,44,REP,James N. Tedisco,209
Saratoga,Saratoga Springs 4,State Senate,44,CON,James N. Tedisco,32
Saratoga,Saratoga Springs 4,State Senate,44,WOR,Minita J. Sanghvi,24
Saratoga,Saratoga Springs 4,State Assembly,113,DEM,Carrie Woerner,487
Saratoga,Saratoga Springs 4,State Assembly,113,REP,Jeremy Messina,150
Saratoga,Saratoga Springs 4,State Assembly,113,CON,Jeremy Messina,28
Saratoga,Saratoga Springs 5,President,,DEM,Kamala D. Harris,413
Saratoga,Saratoga Springs 5,President,,REP,Donald J. Trump,165
Saratoga,Saratoga Springs 5,President,,CON,Donald J. Trump,18
Saratoga,Saratoga Springs 5,President,,WOR,Kamala D. Harris,25
Saratoga,Saratoga Springs 5,President,,,Write-in,7
Saratoga,Saratoga Springs 5,U.S. Senate,,DEM,Kirsten E. Gillibrand,424
Saratoga,Saratoga Springs 5,U.S. Senate,,REP,Michael D. Sapraicone,163
Saratoga,Saratoga Springs 5,U.S. Senate,,CON,Michael D. Sapraicone,21
Saratoga,Saratoga Springs 5,U.S. Senate,,WOR,Kirsten E. Gillibrand,26
Saratoga,Saratoga Springs 5,U.S. Senate,,LAR,Diane Sare,1
Saratoga,Saratoga Springs 5,U.S. House,20,DEM,Paul D. Tonko,424
Saratoga,Saratoga Springs 5,U.S. House,20,REP,Kevin M. Waltz,160
Saratoga,Saratoga Springs 5,U.S. House,20,CON,Kevin M. Waltz,20
Saratoga,Saratoga Springs 5,U.S. House,20,WOR,Paul D. Tonko,27
Saratoga,Saratoga Springs 5,U.S. House,20,,Write-in,1
Saratoga,Saratoga Springs 5,State Senate,44,DEM,Minita J. Sanghvi,332
Saratoga,Saratoga Springs 5,State Senate,44,REP,James N. Tedisco,256
Saratoga,Saratoga Springs 5,State Senate,44,CON,James N. Tedisco,24
Saratoga,Saratoga Springs 5,State Senate,44,WOR,Minita J. Sanghvi,20
Saratoga,Saratoga Springs 5,State Senate,44,,Write-in,1
Saratoga,Saratoga Springs 5,State Assembly,113,DEM,Carrie Woerner,440
Saratoga,Saratoga Springs 5,State Assembly,113,REP,Jeremy Messina,165
Saratoga,Saratoga Springs 5,State Assembly,113,CON,Jeremy Messina,24
Saratoga,Saratoga Springs 5,State Assembly,113,,Write-in,2
Saratoga,Saratoga Springs 6,President,,DEM,Kamala D. Harris,509
Saratoga,Saratoga Springs 6,President,,REP,Donald J. Trump,198
Saratoga,Saratoga Springs 6,President,,CON,Donald J. Trump,32
Saratoga,Saratoga Springs 6,President,,WOR,Kamala D. Harris,48
Saratoga,Saratoga Springs 6,President,,,Write-in,9
Saratoga,Saratoga Springs 6,U.S. Senate,,DEM,Kirsten E. Gillibrand,513
Saratoga,Saratoga Springs 6,U.S. Senate,,REP,Michael D. Sapraicone,189
Saratoga,Saratoga Springs 6,U.S. Senate,,CON,Michael D. Sapraicone,34
Saratoga,Saratoga Springs 6,U.S. Senate,,WOR,Kirsten E. Gillibrand,55
Saratoga,Saratoga Springs 6,U.S. Senate,,LAR,Diane Sare,6
Saratoga,Saratoga Springs 6,U.S. House,20,DEM,Paul D. Tonko,518
Saratoga,Saratoga Springs 6,U.S. House,20,REP,Kevin M. Waltz,182
Saratoga,Saratoga Springs 6,U.S. House,20,CON,Kevin M. Waltz,29
Saratoga,Saratoga Springs 6,U.S. House,20,WOR,Paul D. Tonko,62
Saratoga,Saratoga Springs 6,State Senate,44,DEM,Minita J. Sanghvi,402
Saratoga,Saratoga Springs 6,State Senate,44,REP,James N. Tedisco,288
Saratoga,Saratoga Springs 6,State Senate,44,CON,James N. Tedisco,44
Saratoga,Saratoga Springs 6,State Senate,44,WOR,Minita J. Sanghvi,58
Saratoga,Saratoga Springs 6,State Senate,44,,Write-in,2
Saratoga,Saratoga Springs 6,State Assembly,113,DEM,Carrie Woerner,548
Saratoga,Saratoga Springs 6,State Assembly,113,REP,Jeremy Messina,204
Saratoga,Saratoga Springs 6,State Assembly,113,CON,Jeremy Messina,31
Saratoga,Saratoga Springs 7,President,,DEM,Kamala D. Harris,180
Saratoga,Saratoga Springs 7,President,,REP,Donald J. Trump,108
Saratoga,Saratoga Springs 7,President,,CON,Donald J. Trump,13
Saratoga,Saratoga Springs 7,President,,WOR,Kamala D. Harris,9
Saratoga,Saratoga Springs 7,President,,,Write-in,3
Saratoga,Saratoga Springs 7,U.S. Senate,,DEM,Kirsten E. Gillibrand,173
Saratoga,Saratoga Springs 7,U.S. Senate,,REP,Michael D. Sapraicone,98
Saratoga,Saratoga Springs 7,U.S. Senate,,CON,Michael D. Sapraicone,13
Saratoga,Saratoga Springs 7,U.S. Senate,,WOR,Kirsten E. Gillibrand,19
Saratoga,Saratoga Springs 7,U.S. Senate,,LAR,Diane Sare,3
Saratoga,Saratoga Springs 7,U.S. Senate,,,Write-in,2
Saratoga,Saratoga Springs 7,U.S. House,20,DEM,Paul D. Tonko,173
Saratoga,Saratoga Springs 7,U.S. House,20,REP,Kevin M. Waltz,98
Saratoga,Saratoga Springs 7,U.S. House,20,CON,Kevin M. Waltz,18
Saratoga,Saratoga Springs 7,U.S. House,20,WOR,Paul D. Tonko,17
Saratoga,Saratoga Springs 7,State Senate,44,DEM,Minita J. Sanghvi,138
Saratoga,Saratoga Springs 7,State Senate,44,REP,James N. Tedisco,139
Saratoga,Saratoga Springs 7,State Senate,44,CON,James N. Tedisco,17
Saratoga,Saratoga Springs 7,State Senate,44,WOR,Minita J. Sanghvi,13
Saratoga,Saratoga Springs 7,State Assembly,113,DEM,Carrie Woerner,175
Saratoga,Saratoga Springs 7,State Assembly,113,REP,Jeremy Messina,109
Saratoga,Saratoga Springs 7,State Assembly,113,CON,Jeremy Messina,18
Saratoga,Saratoga Springs 8,President,,DEM,Kamala D. Harris,406
Saratoga,Saratoga Springs 8,President,,REP,Donald J. Trump,129
Saratoga,Saratoga Springs 8,President,,CON,Donald J. Trump,22
Saratoga,Saratoga Springs 8,President,,WOR,Kamala D. Harris,27
Saratoga,Saratoga Springs 8,President,,,Write-in,3
Saratoga,Saratoga Springs 8,U.S. Senate,,DEM,Kirsten E. Gillibrand,398
Saratoga,Saratoga Springs 8,U.S. Senate,,REP,Michael D. Sapraicone,136
Saratoga,Saratoga Springs 8,U.S. Senate,,CON,Michael D. Sapraicone,22
Saratoga,Saratoga Springs 8,U.S. Senate,,WOR,Kirsten E. Gillibrand,31
Saratoga,Saratoga Springs 8,U.S. Senate,,,Write-in,1
Saratoga,Saratoga Springs 8,U.S. House,20,DEM,Paul D. Tonko,408
Saratoga,Saratoga Springs 8,U.S. House,20,REP,Kevin M. Waltz,120
Saratoga,Saratoga Springs 8,U.S. House,20,CON,Kevin M. Waltz,21
Saratoga,Saratoga Springs 8,U.S. House,20,WOR,Paul D. Tonko,37
Saratoga,Saratoga Springs 8,State Senate,44,DEM,Minita J. Sanghvi,346
Saratoga,Saratoga Springs 8,State Senate,44,REP,James N. Tedisco,185
Saratoga,Saratoga Springs 8,State Senate,44,CON,James N. Tedisco,22
Saratoga,Saratoga Springs 8,State Senate,44,WOR,Minita J. Sanghvi,32
Saratoga,Saratoga Springs 8,State Assembly,113,DEM,Carrie Woerner,430
Saratoga,Saratoga Springs 8,State Assembly,113,REP,Jeremy Messina,132
Saratoga,Saratoga Springs 8,State Assembly,113,CON,Jeremy Messina,18
Saratoga,Saratoga Springs 9,President,,DEM,Kamala D. Harris,408
Saratoga,Saratoga Springs 9,President,,REP,Donald J. Trump,149
Saratoga,Saratoga Springs 9,President,,CON,Donald J. Trump,5
Saratoga,Saratoga Springs 9,President,,WOR,Kamala D. Harris,19
Saratoga,Saratoga Springs 9,President,,,Write-in,3
Saratoga,Saratoga Springs 9,U.S. Senate,,DEM,Kirsten E. Gillibrand,398
Saratoga,Saratoga Springs 9,U.S. Senate,,REP,Michael D. Sapraicone,150
Saratoga,Saratoga Springs 9,U.S. Senate,,CON,Michael D. Sapraicone,9
Saratoga,Saratoga Springs 9,U.S. Senate,,WOR,Kirsten E. Gillibrand,21
Saratoga,Saratoga Springs 9,U.S. Senate,,LAR,Diane Sare,1
Saratoga,Saratoga Springs 9,U.S. House,20,DEM,Paul D. Tonko,398
Saratoga,Saratoga Springs 9,U.S. House,20,REP,Kevin M. Waltz,149
Saratoga,Saratoga Springs 9,U.S. House,20,CON,Kevin M. Waltz,13
Saratoga,Saratoga Springs 9,U.S. House,20,WOR,Paul D. Tonko,22
Saratoga,Saratoga Springs 9,State Senate,44,DEM,Minita J. Sanghvi,322
Saratoga,Saratoga Springs 9,State Senate,44,REP,James N. Tedisco,216
Saratoga,Saratoga Springs 9,State Senate,44,CON,James N. Tedisco,18
Saratoga,Saratoga Springs 9,State Senate,44,WOR,Minita J. Sanghvi,18
Saratoga,Saratoga Springs 9,State Assembly,113,DEM,Carrie Woerner,424
Saratoga,Saratoga Springs 9,State Assembly,113,REP,Jeremy Messina,143
Saratoga,Saratoga Springs 9,State Assembly,113,CON,Jeremy Messina,8
Saratoga,Saratoga Springs 10,President,,DEM,Kamala D. Harris,287
Saratoga,Saratoga Springs 10,President,,REP,Donald J. Trump,159
Saratoga,Saratoga Springs 10,President,,CON,Donald J. Trump,28
Saratoga,Saratoga Springs 10,President,,WOR,Kamala D. Harris,15
Saratoga,Saratoga Springs 10,President,,,Write-in,1
Saratoga,Saratoga Springs 10,U.S. Senate,,DEM,Kirsten E. Gillibrand,283
Saratoga,Saratoga Springs 10,U.S. Senate,,REP,Michael D. Sapraicone,146
Saratoga,Saratoga Springs 10,U.S. Senate,,CON,Michael D. Sapraicone,24
Saratoga,Saratoga Springs 10,U.S. Senate,,WOR,Kirsten E. Gillibrand,27
Saratoga,Saratoga Springs 10,U.S. Senate,,LAR,Diane Sare,1
Saratoga,Saratoga Springs 10,U.S. House,20,DEM,Paul D. Tonko,277
Saratoga,Saratoga Springs 10,U.S. House,20,REP,Kevin M. Waltz,140
Saratoga,Saratoga Springs 10,U.S. House,20,CON,Kevin M. Waltz,27
Saratoga,Saratoga Springs 10,U.S. House,20,WOR,Paul D. Tonko,34
Saratoga,Saratoga Springs 10,State Senate,44,DEM,Minita J. Sanghvi,221
Saratoga,Saratoga Springs 10,State Senate,44,REP,James N. Tedisco,197
Saratoga,Saratoga Springs 10,State Senate,44,CON,James N. Tedisco,40
Saratoga,Saratoga Springs 10,State Senate,44,WOR,Minita J. Sanghvi,19
Saratoga,Saratoga Springs 10,State Assembly,113,DEM,Carrie Woerner,296
Saratoga,Saratoga Springs 10,State Assembly,113,REP,Jeremy Messina,147
Saratoga,Saratoga Springs 10,State Assembly,113,CON,Jeremy Messina,28
Saratoga,Saratoga Springs 11,President,,DEM,Kamala D. Harris,648
Saratoga,Saratoga Springs 11,President,,REP,Donald J. Trump,254
Saratoga,Saratoga Springs 11,President,,CON,Donald J. Trump,36
Saratoga,Saratoga Springs 11,President,,WOR,Kamala D. Harris,46
Saratoga,Saratoga Springs 11,President,,,Write-in,7
Saratoga,Saratoga Springs 11,U.S. Senate,,DEM,Kirsten E. Gillibrand,622
Saratoga,Saratoga Springs 11,U.S. Senate,,REP,Michael D. Sapraicone,249
Saratoga,Saratoga Springs 11,U.S. Senate,,CON,Michael D. Sapraicone,47
Saratoga,Saratoga Springs 11,U.S. Senate,,WOR,Kirsten E. Gillibrand,62
Saratoga,Saratoga Springs 11,U.S. Senate,,LAR,Diane Sare,5
Saratoga,Saratoga Springs 11,U.S. Senate,,,Write-in,2
Saratoga,Saratoga Springs 11,U.S. House,20,DEM,Paul D. Tonko,629
Saratoga,Saratoga Springs 11,U.S. House,20,REP,Kevin M. Waltz,246
Saratoga,Saratoga Springs 11,U.S. House,20,CON,Kevin M. Waltz,44
Saratoga,Saratoga Springs 11,U.S. House,20,WOR,Paul D. Tonko,63
Saratoga,Saratoga Springs 11,U.S. House,20,,Write-in,1
Saratoga,Saratoga Springs 11,State Senate,44,DEM,Minita J. Sanghvi,517
Saratoga,Saratoga Springs 11,State Senate,44,REP,James N. Tedisco,353
Saratoga,Saratoga Springs 11,State Senate,44,CON,James N. Tedisco,58
Saratoga,Saratoga Springs 11,State Senate,44,WOR,Minita J. Sanghvi,52
Saratoga,Saratoga Springs 11,State Senate,44,,Write-in,2
Saratoga,Saratoga Springs 11,State Assembly,113,DEM,Carrie Woerner,652
Saratoga,Saratoga Springs 11,State Assembly,113,REP,Jeremy Messina,259
Saratoga,Saratoga Springs 11,State Assembly,113,CON,Jeremy Messina,52
Saratoga,Saratoga Springs 11,State Assembly,113,,Write-in,1
Saratoga,Saratoga Springs 12,President,,DEM,Kamala D. Harris,371
Saratoga,Saratoga Springs 12,President,,REP,Donald J. Trump,123
Saratoga,Saratoga Springs 12,President,,CON,Donald J. Trump,12
Saratoga,Saratoga Springs 12,President,,WOR,Kamala D. Harris,16
Saratoga,Saratoga Springs 12,President,,,Write-in,1
Saratoga,Saratoga Springs 12,U.S. Senate,,DEM,Kirsten E. Gillibrand,351
Saratoga,Saratoga Springs 12,U.S. Senate,,REP,Michael D. Sapraicone,132
Saratoga,Saratoga Springs 12,U.S. Senate,,CON,Michael D. Sapraicone,9
Saratoga,Saratoga Springs 12,U.S. Senate,,WOR,Kirsten E. Gillibrand,27
Saratoga,Saratoga Springs 12,U.S. House,20,DEM,Paul D. Tonko,365
Saratoga,Saratoga Springs 12,U.S. House,20,REP,Kevin M. Waltz,117
Saratoga,Saratoga Springs 12,U.S. House,20,CON,Kevin M. Waltz,11
Saratoga,Saratoga Springs 12,U.S. House,20,WOR,Paul D. Tonko,27
Saratoga,Saratoga Springs 12,State Senate,44,DEM,Minita J. Sanghvi,288
Saratoga,Saratoga Springs 12,State Senate,44,REP,James N. Tedisco,192
Saratoga,Saratoga Springs 12,State Senate,44,CON,James N. Tedisco,14
Saratoga,Saratoga Springs 12,State Senate,44,WOR,Minita J. Sanghvi,19
Saratoga,Saratoga Springs 12,State Assembly,113,DEM,Carrie Woerner,382
Saratoga,Saratoga Springs 12,State Assembly,113,REP,Jeremy Messina,127
Saratoga,Saratoga Springs 12,State Assembly,113,CON,Jeremy Messina,9
Saratoga,Saratoga Springs 13,President,,DEM,Kamala D. Harris,250
Saratoga,Saratoga Springs 13,President,,REP,Donald J. Trump,119
Saratoga,Saratoga Springs 13,President,,CON,Donald J. Trump,17
Saratoga,Saratoga Springs 13,President,,WOR,Kamala D. Harris,15
Saratoga,Saratoga Springs 13,President,,,Write-in,3
Saratoga,Saratoga Springs 13,U.S. Senate,,DEM,Kirsten E. Gillibrand,245
Saratoga,Saratoga Springs 13,U.S. Senate,,REP,Michael D. Sapraicone,117
Saratoga,Saratoga Springs 13,U.S. Senate,,CON,Michael D. Sapraicone,18
Saratoga,Saratoga Springs 13,U.S. Senate,,WOR,Kirsten E. Gillibrand,18
Saratoga,Saratoga Springs 13,U.S. Senate,,LAR,Diane Sare,2
Saratoga,Saratoga Springs 13,U.S. House,20,DEM,Paul D. Tonko,245
Saratoga,Saratoga Springs 13,U.S. House,20,REP,Kevin M. Waltz,117
Saratoga,Saratoga Springs 13,U.S. House,20,CON,Kevin M. Waltz,14
Saratoga,Saratoga Springs 13,U.S. House,20,WOR,Paul D. Tonko,22
Saratoga,Saratoga Springs 13,State Senate,44,DEM,Minita J. Sanghvi,174
Saratoga,Saratoga Springs 13,State Senate,44,REP,James N. Tedisco,181
Saratoga,Saratoga Springs 13,State Senate,44,CON,James N. Tedisco,23
Saratoga,Saratoga Springs 13,State Senate,44,WOR,Minita J. Sanghvi,15
Saratoga,Saratoga Springs 13,State Assembly,113,DEM,Carrie Woerner,251
Saratoga,Saratoga Springs 13,State Assembly,113,REP,Jeremy Messina,124
Saratoga,Saratoga Springs 13,State Assembly,113,CON,Jeremy Messina,18
Saratoga,Saratoga Springs 14,President,,DEM,Kamala D. Harris,505
Saratoga,Saratoga Springs 14,President,,REP,Donald J. Trump,276
Saratoga,Saratoga Springs 14,President,,CON,Donald J. Trump,34
Saratoga,Saratoga Springs 14,President,,WOR,Kamala D. Harris,28
Saratoga,Saratoga Springs 14,President,,,Write-in,6
Saratoga,Saratoga Springs 14,U.S. Senate,,DEM,Kirsten E. Gillibrand,498
Saratoga,Saratoga Springs 14,U.S. Senate,,REP,Michael D. Sapraicone,252
Saratoga,Saratoga Springs 14,U.S. Senate,,CON,Michael D. Sapraicone,36
Saratoga,Saratoga Springs 14,U.S. Senate,,WOR,Kirsten E. Gillibrand,42
Saratoga,Saratoga Springs 14,U.S. Senate,,LAR,Diane Sare,3
Saratoga,Saratoga Springs 14,U.S. Senate,,,Write-in,1
Saratoga,Saratoga Springs 14,U.S. House,20,DEM,Paul D. Tonko,493
Saratoga,Saratoga Springs 14,U.S. House,20,REP,Kevin M. Waltz,253
Saratoga,Saratoga Springs 14,U.S. House,20,CON,Kevin M. Waltz,40
Saratoga,Saratoga Springs 14,U.S. House,20,WOR,Paul D. Tonko,42
Saratoga,Saratoga Springs 14,State Senate,44,DEM,Minita J. Sanghvi,406
Saratoga,Saratoga Springs 14,State Senate,44,REP,James N. Tedisco,347
Saratoga,Saratoga Springs 14,State Senate,44,CON,James N. Tedisco,45
Saratoga,Saratoga Springs 14,State Senate,44,WOR,Minita J. Sanghvi,32
Saratoga,Saratoga Springs 14,State Senate,44,,Write-in,1
Saratoga,Saratoga Springs 14,State Assembly,113,DEM,Carrie Woerner,510
Saratoga,Saratoga Springs 14,State Assembly,113,REP,Jeremy Messina,265
Saratoga,Saratoga Springs 14,State Assembly,113,CON,Jeremy Messina,34
Saratoga,Saratoga Springs 15,President,,DEM,Kamala D. Harris,341
Saratoga,Saratoga Springs 15,President,,REP,Donald J. Trump,187
Saratoga,Saratoga Springs 15,President,,CON,Donald J. Trump,23
Saratoga,Saratoga Springs 15,President,,WOR,Kamala D. Harris,13
Saratoga,Saratoga Springs 15,President,,,Write-in,2
Saratoga,Saratoga Springs 15,U.S. Senate,,DEM,Kirsten E. Gillibrand,345
Saratoga,Saratoga Springs 15,U.S. Senate,,REP,Michael D. Sapraicone,182
Saratoga,Saratoga Springs 15,U.S. Senate,,CON,Michael D. Sapraicone,23
Saratoga,Saratoga Springs 15,U.S. Senate,,WOR,Kirsten E. Gillibrand,19
Saratoga,Saratoga Springs 15,U.S. Senate,,LAR,Diane Sare,3
Saratoga,Saratoga Springs 15,U.S. Senate,,,Write-in,1
Saratoga,Saratoga Springs 15,U.S. House,20,DEM,Paul D. Tonko,346
Saratoga,Saratoga Springs 15,U.S. House,20,REP,Kevin M. Waltz,184
Saratoga,Saratoga Springs 15,U.S. House,20,CON,Kevin M. Waltz,23
Saratoga,Saratoga Springs 15,U.S. House,20,WOR,Paul D. Tonko,23
Saratoga,Saratoga Springs 15,State Senate,44,DEM,Minita J. Sanghvi,253
Saratoga,Saratoga Springs 15,State Senate,44,REP,James N. Tedisco,272
Saratoga,Saratoga Springs 15,State Senate,44,CON,James N. Tedisco,29
Saratoga,Saratoga Springs 15,State Senate,44,WOR,Minita J. Sanghvi,20
Saratoga,Saratoga Springs 15,State Senate,44,,Write-in,1
Saratoga,Saratoga Springs 15,State Assembly,113,DEM,Carrie Woerner,384
Saratoga,Saratoga Springs 15,State Assembly,113,REP,Jeremy Messina,173
Saratoga,Saratoga Springs 15,State Assembly,113,CON,Jeremy Messina,20
Saratoga,Saratoga Springs 15,State Assembly,113,,Write-in,1
Saratoga,Saratoga Springs 16,President,,DEM,Kamala D. Harris,276
Saratoga,Saratoga Springs 16,President,,REP,Donald J. Trump,194
Saratoga,Saratoga Springs 16,President,,CON,Donald J. Trump,20
Saratoga,Saratoga Springs 16,President,,WOR,Kamala D. Harris,19
Saratoga,Saratoga Springs 16,President,,,Write-in,1
Saratoga,Saratoga Springs 16,U.S. Senate,,DEM,Kirsten E. Gillibrand,278
Saratoga,Saratoga Springs 16,U.S. Senate,,REP,Michael D. Sapraicone,180
Saratoga,Saratoga Springs 16,U.S. Senate,,CON,Michael D. Sapraicone,23
Saratoga,Saratoga Springs 16,U.S. Senate,,WOR,Kirsten E. Gillibrand,28
Saratoga,Saratoga Springs 16,U.S. House,20,DEM,Paul D. Tonko,287
Saratoga,Saratoga Springs 16,U.S. House,20,REP,Kevin M. Waltz,172
Saratoga,Saratoga Springs 16,U.S. House,20,CON,Kevin M. Waltz,19
Saratoga,Saratoga Springs 16,U.S. House,20,WOR,Paul D. Tonko,31
Saratoga,Saratoga Springs 16,State Senate,44,DEM,Minita J. Sanghvi,223
Saratoga,Saratoga Springs 16,State Senate,44,REP,James N. Tedisco,245
Saratoga,Saratoga Springs 16,State Senate,44,CON,James N. Tedisco,32
Saratoga,Saratoga Springs 16,State Senate,44,WOR,Minita J. Sanghvi,12
Saratoga,Saratoga Springs 16,State Assembly,113,DEM,Carrie Woerner,304
Saratoga,Saratoga Springs 16,State Assembly,113,REP,Jeremy Messina,182
Saratoga,Saratoga Springs 16,State Assembly,113,CON,Jeremy Messina,20
Saratoga,Saratoga Springs 17,President,,DEM,Kamala D. Harris,402
Saratoga,Saratoga Springs 17,President,,REP,Donald J. Trump,343
Saratoga,Saratoga Springs 17,President,,CON,Donald J. Trump,31
Saratoga,Saratoga Springs 17,President,,WOR,Kamala D. Harris,26
Saratoga,Saratoga Springs 17,President,,,Write-in,5
Saratoga,Saratoga Springs 17,U.S. Senate,,DEM,Kirsten E. Gillibrand,408
Saratoga,Saratoga Springs 17,U.S. Senate,,REP,Michael D. Sapraicone,346
Saratoga,Saratoga Springs 17,U.S. Senate,,CON,Michael D. Sapraicone,30
Saratoga,Saratoga Springs 17,U.S. Senate,,WOR,Kirsten E. Gillibrand,20
Saratoga,Saratoga Springs 17,U.S. Senate,,LAR,Diane Sare,4
Saratoga,Saratoga Springs 17,U.S. House,20,DEM,Paul D. Tonko,400
Saratoga,Saratoga Springs 17,U.S. House,20,REP,Kevin M. Waltz,353
Saratoga,Saratoga Springs 17,U.S. House,20,CON,Kevin M. Waltz,28
Saratoga,Saratoga Springs 17,U.S. House,20,WOR,Paul D. Tonko,27
Saratoga,Saratoga Springs 17,State Senate,44,DEM,Minita J. Sanghvi,308
Saratoga,Saratoga Springs 17,State Senate,44,REP,James N. Tedisco,437
Saratoga,Saratoga Springs 17,State Senate,44,CON,James N. Tedisco,39
Saratoga,Saratoga Springs 17,State Senate,44,WOR,Minita J. Sanghvi,17
Saratoga,Saratoga Springs 17,State Assembly,113,DEM,Carrie Woerner,414
Saratoga,Saratoga Springs 17,State Assembly,113,REP,Jeremy Messina,348
Saratoga,Saratoga Springs 17,State Assembly,113,CON,Jeremy Messina,32
Saratoga,Saratoga Springs 18,President,,DEM,Kamala D. Harris,284
Saratoga,Saratoga Springs 18,President,,REP,Donald J. Trump,191
Saratoga,Saratoga Springs 18,President,,CON,Donald J. Trump,30
Saratoga,Saratoga Springs 18,President,,WOR,Kamala D. Harris,8
Saratoga,Saratoga Springs 18,President,,,Write-in,1
Saratoga,Saratoga Springs 18,U.S. Senate,,DEM,Kirsten E. Gillibrand,269
Saratoga,Saratoga Springs 18,U.S. Senate,,REP,Michael D. Sapraicone,178
Saratoga,Saratoga Springs 18,U.S. Senate,,CON,Michael D. Sapraicone,26
Saratoga,Saratoga Springs 18,U.S. Senate,,WOR,Kirsten E. Gillibrand,26
Saratoga,Saratoga Springs 18,U.S. Senate,,LAR,Diane Sare,2
Saratoga,Saratoga Springs 18,U.S. House,20,DEM,Paul D. Tonko,278
Saratoga,Saratoga Springs 18,U.S. House,20,REP,Kevin M. Waltz,178
Saratoga,Saratoga Springs 18,U.S. House,20,CON,Kevin M. Waltz,25
Saratoga,Saratoga Springs 18,U.S. House,20,WOR,Paul D. Tonko,21
Saratoga,Saratoga Springs 18,State Senate,44,DEM,Minita J. Sanghvi,208
Saratoga,Saratoga Springs 18,State Senate,44,REP,James N. Tedisco,242
Saratoga,Saratoga Springs 18,State Senate,44,CON,James N. Tedisco,37
Saratoga,Saratoga Springs 18,State Senate,44,WOR,Minita J. Sanghvi,16
Saratoga,Saratoga Springs 18,State Assembly,113,DEM,Carrie Woerner,288
Saratoga,Saratoga Springs 18,State Assembly,113,REP,Jeremy Messina,179
Saratoga,Saratoga Springs 18,State Assembly,113,CON,Jeremy Messina,29
Saratoga,Saratoga Springs 19,President,,DEM,Kamala D. Harris,399
Saratoga,Saratoga Springs 19,President,,REP,Donald J. Trump,226
Saratoga,Saratoga Springs 19,President,,CON,Donald J. Trump,32
Saratoga,Saratoga Springs 19,President,,WOR,Kamala D. Harris,21
Saratoga,Saratoga Springs 19,President,,,Write-in,1
Saratoga,Saratoga Springs 19,U.S. Senate,,DEM,Kirsten E. Gillibrand,388
Saratoga,Saratoga Springs 19,U.S. Senate,,REP,Michael D. Sapraicone,207
Saratoga,Saratoga Springs 19,U.S. Senate,,CON,Michael D. Sapraicone,40
Saratoga,Saratoga Springs 19,U.S. Senate,,WOR,Kirsten E. Gillibrand,19
Saratoga,Saratoga Springs 19,U.S. Senate,,LAR,Diane Sare,7
Saratoga,Saratoga Springs 19,U.S. House,20,DEM,Paul D. Tonko,387
Saratoga,Saratoga Springs 19,U.S. House,20,REP,Kevin M. Waltz,211
Saratoga,Saratoga Springs 19,U.S. House,20,CON,Kevin M. Waltz,37
Saratoga,Saratoga Springs 19,U.S. House,20,WOR,Paul D. Tonko,23
Saratoga,Saratoga Springs 19,State Senate,44,DEM,Minita J. Sanghvi,292
Saratoga,Saratoga Springs 19,State Senate,44,REP,James N. Tedisco,307
Saratoga,Saratoga Springs 19,State Senate,44,CON,James N. Tedisco,42
Saratoga,Saratoga Springs 19,State Senate,44,WOR,Minita J. Sanghvi,21
Saratoga,Saratoga Springs 19,State Assembly,113,DEM,Carrie Woerner,402
Saratoga,Saratoga Springs 19,State Assembly,113,REP,Jeremy Messina,215
Saratoga,Saratoga Springs 19,State Assembly,113,CON,Jeremy Messina,40
Saratoga,Saratoga Springs 20,President,,DEM,Kamala D. Harris,364
Saratoga,Saratoga Springs 20,President,,REP,Donald J. Trump,258
Saratoga,Saratoga Springs 20,President,,CON,Donald J. Trump,29
Saratoga,Saratoga Springs 20,President,,WOR,Kamala D. Harris,27
Saratoga,Saratoga Springs 20,U.S. Senate,,DEM,Kirsten E. Gillibrand,360
Saratoga,Saratoga Springs 20,U.S. Senate,,REP,Michael D. Sapraicone,239
Saratoga,Saratoga Springs 20,U.S. Senate,,CON,Michael D. Sapraicone,36
Saratoga,Saratoga Springs 20,U.S. Senate,,WOR,Kirsten E. Gillibrand,37
Saratoga,Saratoga Springs 20,U.S. Senate,,LAR,Diane Sare,2
Saratoga,Saratoga Springs 20,U.S. House,20,DEM,Paul D. Tonko,371
Saratoga,Saratoga Springs 20,U.S. House,20,REP,Kevin M. Waltz,235
Saratoga,Saratoga Springs 20,U.S. House,20,CON,Kevin M. Waltz,31
Saratoga,Saratoga Springs 20,U.S. House,20,WOR,Paul D. Tonko,37
Saratoga,Saratoga Springs 20,State Senate,44,DEM,Minita J. Sanghvi,265
Saratoga,Saratoga Springs 20,State Senate,44,REP,James N. Tedisco,335
Saratoga,Saratoga Springs 20,State Senate,44,CON,James N. Tedisco,38
Saratoga,Saratoga Springs 20,State Senate,44,WOR,Minita J. Sanghvi,31
Saratoga,Saratoga Springs 20,State Senate,44,,Write-in,1
Saratoga,Saratoga Springs 20,State Assembly,113,DEM,Carrie Woerner,384
Saratoga,Saratoga Springs 20,State Assembly,113,REP,Jeremy Messina,244
Saratoga,Saratoga Springs 20,State Assembly,113,CON,Jeremy Messina,39
Saratoga,Saratoga Springs 21,President,,DEM,Kamala D. Harris,433
Saratoga,Saratoga Springs 21,President,,REP,Donald J. Trump,181
Saratoga,Saratoga Springs 21,President,,CON,Donald J. Trump,28
Saratoga,Saratoga Springs 21,President,,WOR,Kamala D. Harris,31
Saratoga,Saratoga Springs 21,President,,,Write-in,6
Saratoga,Saratoga Springs 21,U.S. Senate,,DEM,Kirsten E. Gillibrand,426
Saratoga,Saratoga Springs 21,U.S. Senate,,REP,Michael D. Sapraicone,178
Saratoga,Saratoga Springs 21,U.S. Senate,,CON,Michael D. Sapraicone,33
Saratoga,Saratoga Springs 21,U.S. Senate,,WOR,Kirsten E. Gillibrand,33
Saratoga,Saratoga Springs 21,U.S. Senate,,LAR,Diane Sare,4
Saratoga,Saratoga Springs 21,U.S. Senate,,,Write-in,1
Saratoga,Saratoga Springs 21,U.S. House,20,DEM,Paul D. Tonko,429
Saratoga,Saratoga Springs 21,U.S. House,20,REP,Kevin M. Waltz,170
Saratoga,Saratoga Springs 21,U.S. House,20,CON,Kevin M. Waltz,35
Saratoga,Saratoga Springs 21,U.S. House,20,WOR,Paul D. Tonko,39
Saratoga,Saratoga Springs 21,U.S. House,20,,Write-in,1
Saratoga,Saratoga Springs 21,State Senate,44,DEM,Minita J. Sanghvi,327
Saratoga,Saratoga Springs 21,State Senate,44,REP,James N. Tedisco,275
Saratoga,Saratoga Springs 21,State Senate,44,CON,James N. Tedisco,52
Saratoga,Saratoga Springs 21,State Senate,44,WOR,Minita J. Sanghvi,24
Saratoga,Saratoga Springs 21,State Assembly,113,DEM,Carrie Woerner,442
Saratoga,Saratoga Springs 21,State Assembly,113,REP,Jeremy Messina,190
Saratoga,Saratoga Springs 21,State Assembly,113,CON,Jeremy Messina,40
Saratoga,Saratoga Springs 22,President,,DEM,Kamala D. Harris,587
Saratoga,Saratoga Springs 22,President,,REP,Donald J. Trump,358
Saratoga,Saratoga Springs 22,President,,CON,Donald J. Trump,39
Saratoga,Saratoga Springs 22,President,,WOR,Kamala D. Harris,18
Saratoga,Saratoga Springs 22,President,,,Write-in,5
Saratoga,Saratoga Springs 22,U.S. Senate,,DEM,Kirsten E. Gillibrand,563
Saratoga,Saratoga Springs 22,U.S. Senate,,REP,Michael D. Sapraicone,365
Saratoga,Saratoga Springs 22,U.S. Senate,,CON,Michael D. Sapraicone,39
Saratoga,Saratoga Springs 22,U.S. Senate,,WOR,Kirsten E. Gillibrand,32
Saratoga,Saratoga Springs 22,U.S. Senate,,LAR,Diane Sare,4
Saratoga,Saratoga Springs 22,U.S. House,20,DEM,Paul D. Tonko,580
Saratoga,Saratoga Springs 22,U.S. House,20,REP,Kevin M. Waltz,339
Saratoga,Saratoga Springs 22,U.S. House,20,CON,Kevin M. Waltz,39
Saratoga,Saratoga Springs 22,U.S. House,20,WOR,Paul D. Tonko,36
Saratoga,Saratoga Springs 22,State Senate,44,DEM,Minita J. Sanghvi,423
Saratoga,Saratoga Springs 22,State Senate,44,REP,James N. Tedisco,493
Saratoga,Saratoga Springs 22,State Senate,44,CON,James N. Tedisco,53
Saratoga,Saratoga Springs 22,State Senate,44,WOR,Minita J. Sanghvi,20
Saratoga,Saratoga Springs 22,State Assembly,113,DEM,Carrie Woerner,589
Saratoga,Saratoga Springs 22,State Assembly,113,REP,Jeremy Messina,358
Saratoga,Saratoga Springs 22,State Assembly,113,CON,Jeremy Messina,43
Saratoga,Saratoga Springs 23,President,,DEM,Kamala D. Harris,593
Saratoga,Saratoga Springs 23,President,,REP,Donald J. Trump,290
Saratoga,Saratoga Springs 23,President,,CON,Donald J. Trump,28
Saratoga,Saratoga Springs 23,President,,WOR,Kamala D. Harris,20
Saratoga,Saratoga Springs 23,U.S. Senate,,DEM,Kirsten E. Gillibrand,592
Saratoga,Saratoga Springs 23,U.S. Senate,,REP,Michael D. Sapraicone,289
Saratoga,Saratoga Springs 23,U.S. Senate,,CON,Michael D. Sapraicone,33
Saratoga,Saratoga Springs 23,U.S. Senate,,WOR,Kirsten E. Gillibrand,19
Saratoga,Saratoga Springs 23,U.S. Senate,,LAR,Diane Sare,1
Saratoga,Saratoga Springs 23,U.S. Senate,,,Write-in,1
Saratoga,Saratoga Springs 23,U.S. House,20,DEM,Paul D. Tonko,607
Saratoga,Saratoga Springs 23,U.S. House,20,REP,Kevin M. Waltz,267
Saratoga,Saratoga Springs 23,U.S. House,20,CON,Kevin M. Waltz,31
Saratoga,Saratoga Springs 23,U.S. House,20,WOR,Paul D. Tonko,24
Saratoga,Saratoga Springs 23,State Senate,44,DEM,Minita J. Sanghvi,462
Saratoga,Saratoga Springs 23,State Senate,44,REP,James N. Tedisco,411
Saratoga,Saratoga Springs 23,State Senate,44,CON,James N. Tedisco,43
Saratoga,Saratoga Springs 23,State Senate,44,WOR,Minita J. Sanghvi,17
Saratoga,Saratoga Springs 23,State Assembly,113,DEM,Carrie Woerner,603
Saratoga,Saratoga Springs 23,State Assembly,113,REP,Jeremy Messina,297
Saratoga,Saratoga Springs 23,State Assembly,113,CON,Jeremy Messina,30
Saratoga,Saratoga Springs 24,President,,DEM,Kamala D. Harris,240
Saratoga,Saratoga Springs 24,President,,REP,Donald J. Trump,9
Saratoga,Saratoga Springs 24,President,,WOR,Kamala D. Harris,11
Saratoga,Saratoga Springs 24,U.S. Senate,,DEM,Kirsten E. Gillibrand,225
Saratoga,Saratoga Springs 24,U.S. Senate,,REP,Michael D. Sapraicone,9
Saratoga,Saratoga Springs 24,U.S. Senate,,WOR,Kirsten E. Gillibrand,17
Saratoga,Saratoga Springs 24,U.S. Senate,,LAR,Diane Sare,1
Saratoga,Saratoga Springs 24,U.S. House,20,DEM,Paul D. Tonko,222
Saratoga,Saratoga Springs 24,U.S. House,20,REP,Kevin M. Waltz,8
Saratoga,Saratoga Springs 24,U.S. House,20,WOR,Paul D. Tonko,18
Saratoga,Saratoga Springs 24,State Senate,44,DEM,Minita J. Sanghvi,213
Saratoga,Saratoga Springs 24,State Senate,44,REP,James N. Tedisco,11
Saratoga,Saratoga Springs 24,State Senate,44,WOR,Minita J. Sanghvi,15
Saratoga,Saratoga Springs 24,State Assembly,113,DEM,Carrie Woerner,224
Saratoga,Saratoga Springs 24,State Assembly,113,REP,Jeremy Messina,10
Saratoga,Saratoga Springs 25,President,,DEM,Kamala D. Harris,239
Saratoga,Saratoga Springs 25,President,,REP,Donald J. Trump,96
Saratoga,Saratoga Springs 25,President,,CON,Donald J. Trump,13
Saratoga,Saratoga Springs 25,President,,WOR,Kamala D. Harris,14
Saratoga,Saratoga Springs 25,President,,,Write-in,1
Saratoga,Saratoga Springs 25,U.S. Senate,,DEM,Kirsten E. Gillibrand,234
Saratoga,Saratoga Springs 25,U.S. Senate,,REP,Michael D. Sapraicone,98
Saratoga,Saratoga Springs 25,U.S. Senate,,CON,Michael D. Sapraicone,12
Saratoga,Saratoga Springs 25,U.S. Senate,,WOR,Kirsten E. Gillibrand,18
Saratoga,Saratoga Springs 25,U.S. House,20,DEM,Paul D. Tonko,231
Saratoga,Saratoga Springs 25,U.S. House,20,REP,Kevin M. Waltz,101
Saratoga,Saratoga Springs 25,U.S. House,20,CON,Kevin M. Waltz,10
Saratoga,Saratoga Springs 25,U.S. House,20,WOR,Paul D. Tonko,18
Saratoga,Saratoga Springs 25,State Senate,44,DEM,Minita J. Sanghvi,182
Saratoga,Saratoga Springs 25,State Senate,44,REP,James N. Tedisco,147
Saratoga,Saratoga Springs 25,State Senate,44,CON,James N. Tedisco,12
Saratoga,Saratoga Springs 25,State Senate,44,WOR,Minita J. Sanghvi,19
Saratoga,Saratoga Springs 25,State Senate,44,,Write-in,1
Saratoga,Saratoga Springs 25,State Assembly,113,DEM,Carrie Woerner,256
Saratoga,Saratoga Springs 25,State Assembly,113,REP,Jeremy Messina,97
Saratoga,Saratoga Springs 25,State Assembly,113,CON,Jeremy Messina,10
Saratoga,Stillwater 1,President,,DEM,Kamala D. Harris,231
Saratoga,Stillwater 1,President,,REP,Donald J. Trump,299
Saratoga,Stillwater 1,President,,CON,Donald J. Trump,51
Saratoga,Stillwater 1,President,,WOR,Kamala D. Harris,10
Saratoga,Stillwater 1,President,,,Write-in,5
Saratoga,Stillwater 1,U.S. Senate,,DEM,Kirsten E. Gillibrand,239
Saratoga,Stillwater 1,U.S. Senate,,REP,Michael D. Sapraicone,283
Saratoga,Stillwater 1,U.S. Senate,,CON,Michael D. Sapraicone,50
Saratoga,Stillwater 1,U.S. Senate,,WOR,Kirsten E. Gillibrand,16
Saratoga,Stillwater 1,U.S. Senate,,,Write-in,1
Saratoga,Stillwater 1,U.S. House,20,DEM,Paul D. Tonko,235
Saratoga,Stillwater 1,U.S. House,20,REP,Kevin M. Waltz,287
Saratoga,Stillwater 1,U.S. House,20,CON,Kevin M. Waltz,51
Saratoga,Stillwater 1,U.S. House,20,WOR,Paul D. Tonko,16
Saratoga,Stillwater 1,U.S. House,20,,Write-in,1
Saratoga,Stillwater 1,State Senate,44,DEM,Minita J. Sanghvi,168
Saratoga,Stillwater 1,State Senate,44,REP,James N. Tedisco,350
Saratoga,Stillwater 1,State Senate,44,CON,James N. Tedisco,61
Saratoga,Stillwater 1,State Senate,44,WOR,Minita J. Sanghvi,8
Saratoga,Stillwater 1,State Senate,44,,Write-in,1
Saratoga,Stillwater 1,State Assembly,113,DEM,Carrie Woerner,249
Saratoga,Stillwater 1,State Assembly,113,REP,Jeremy Messina,281
Saratoga,Stillwater 1,State Assembly,113,CON,Jeremy Messina,51
Saratoga,Stillwater 1,State Assembly,113,,Write-in,2
Saratoga,Stillwater 2,President,,DEM,Kamala D. Harris,333
Saratoga,Stillwater 2,President,,REP,Donald J. Trump,453
Saratoga,Stillwater 2,President,,CON,Donald J. Trump,54
Saratoga,Stillwater 2,President,,WOR,Kamala D. Harris,19
Saratoga,Stillwater 2,President,,,Write-in,1
Saratoga,Stillwater 2,U.S. Senate,,DEM,Kirsten E. Gillibrand,346
Saratoga,Stillwater 2,U.S. Senate,,REP,Michael D. Sapraicone,400
Saratoga,Stillwater 2,U.S. Senate,,CON,Michael D. Sapraicone,50
Saratoga,Stillwater 2,U.S. Senate,,WOR,Kirsten E. Gillibrand,41
Saratoga,Stillwater 2,U.S. Senate,,LAR,Diane Sare,1
Saratoga,Stillwater 2,U.S. House,20,DEM,Paul D. Tonko,340
Saratoga,Stillwater 2,U.S. House,20,REP,Kevin M. Waltz,408
Saratoga,Stillwater 2,U.S. House,20,CON,Kevin M. Waltz,48
Saratoga,Stillwater 2,U.S. House,20,WOR,Paul D. Tonko,38
Saratoga,Stillwater 2,State Senate,44,DEM,Minita J. Sanghvi,241
Saratoga,Stillwater 2,State Senate,44,REP,James N. Tedisco,516
Saratoga,Stillwater 2,State Senate,44,CON,James N. Tedisco,66
Saratoga,Stillwater 2,State Senate,44,WOR,Minita J. Sanghvi,18
Saratoga,Stillwater 2,State Assembly,113,DEM,Carrie Woerner,361
Saratoga,Stillwater 2,State Assembly,113,REP,Jeremy Messina,404
Saratoga,Stillwater 2,State Assembly,113,CON,Jeremy Messina,53
Saratoga,Stillwater 3,President,,DEM,Kamala D. Harris,168
Saratoga,Stillwater 3,President,,REP,Donald J. Trump,332
Saratoga,Stillwater 3,President,,CON,Donald J. Trump,36
Saratoga,Stillwater 3,President,,WOR,Kamala D. Harris,16
Saratoga,Stillwater 3,President,,,Write-in,1
Saratoga,Stillwater 3,U.S. Senate,,DEM,Kirsten E. Gillibrand,192
Saratoga,Stillwater 3,U.S. Senate,,REP,Michael D. Sapraicone,294
Saratoga,Stillwater 3,U.S. Senate,,CON,Michael D. Sapraicone,32
Saratoga,Stillwater 3,U.S. Senate,,WOR,Kirsten E. Gillibrand,25
Saratoga,Stillwater 3,U.S. Senate,,LAR,Diane Sare,3
Saratoga,Stillwater 3,U.S. House,20,DEM,Paul D. Tonko,187
Saratoga,Stillwater 3,U.S. House,20,REP,Kevin M. Waltz,297
Saratoga,Stillwater 3,U.S. House,20,CON,Kevin M. Waltz,35
Saratoga,Stillwater 3,U.S. House,20,WOR,Paul D. Tonko,24
Saratoga,Stillwater 3,State Senate,44,DEM,Minita J. Sanghvi,111
Saratoga,Stillwater 3,State Senate,44,REP,James N. Tedisco,373
Saratoga,Stillwater 3,State Senate,44,CON,James N. Tedisco,48
Saratoga,Stillwater 3,State Senate,44,WOR,Minita J. Sanghvi,11
Saratoga,Stillwater 3,State Assembly,113,DEM,Carrie Woerner,204
Saratoga,Stillwater 3,State Assembly,113,REP,Jeremy Messina,297
Saratoga,Stillwater 3,State Assembly,113,CON,Jeremy Messina,37
Saratoga,Stillwater 4,President,,DEM,Kamala D. Harris,126
Saratoga,Stillwater 4,President,,REP,Donald J. Trump,265
Saratoga,Stillwater 4,President,,CON,Donald J. Trump,22
Saratoga,Stillwater 4,President,,WOR,Kamala D. Harris,10
Saratoga,Stillwater 4,President,,,Write-in,1
Saratoga,Stillwater 4,U.S. Senate,,DEM,Kirsten E. Gillibrand,143
Saratoga,Stillwater 4,U.S. Senate,,REP,Michael D. Sapraicone,222
Saratoga,Stillwater 4,U.S. Senate,,CON,Michael D. Sapraicone,25
Saratoga,Stillwater 4,U.S. Senate,,WOR,Kirsten E. Gillibrand,18
Saratoga,Stillwater 4,U.S. Senate,,LAR,Diane Sare,2
Saratoga,Stillwater 4,U.S. House,20,DEM,Paul D. Tonko,153
Saratoga,Stillwater 4,U.S. House,20,REP,Kevin M. Waltz,214
Saratoga,Stillwater 4,U.S. House,20,CON,Kevin M. Waltz,22
Saratoga,Stillwater 4,U.S. House,20,WOR,Paul D. Tonko,20
Saratoga,Stillwater 4,State Senate,44,DEM,Minita J. Sanghvi,87
Saratoga,Stillwater 4,State Senate,44,REP,James N. Tedisco,280
Saratoga,Stillwater 4,State Senate,44,CON,James N. Tedisco,33
Saratoga,Stillwater 4,State Senate,44,WOR,Minita J. Sanghvi,10
Saratoga,Stillwater 4,State Assembly,113,DEM,Carrie Woerner,171
Saratoga,Stillwater 4,State Assembly,113,REP,Jeremy Messina,217
Saratoga,Stillwater 4,State Assembly,113,CON,Jeremy Messina,23
Saratoga,Stillwater 5,President,,DEM,Kamala D. Harris,636
Saratoga,Stillwater 5,President,,REP,Donald J. Trump,877
Saratoga,Stillwater 5,President,,CON,Donald J. Trump,114
Saratoga,Stillwater 5,President,,WOR,Kamala D. Harris,29
Saratoga,Stillwater 5,President,,,Write-in,5
Saratoga,Stillwater 5,U.S. Senate,,DEM,Kirsten E. Gillibrand,638
Saratoga,Stillwater 5,U.S. Senate,,REP,Michael D. Sapraicone,822
Saratoga,Stillwater 5,U.S. Senate,,CON,Michael D. Sapraicone,108
Saratoga,Stillwater 5,U.S. Senate,,WOR,Kirsten E. Gillibrand,48
Saratoga,Stillwater 5,U.S. Senate,,LAR,Diane Sare,4
Saratoga,Stillwater 5,U.S. House,20,DEM,Paul D. Tonko,646
Saratoga,Stillwater 5,U.S. House,20,REP,Kevin M. Waltz,810
Saratoga,Stillwater 5,U.S. House,20,CON,Kevin M. Waltz,104
Saratoga,Stillwater 5,U.S. House,20,WOR,Paul D. Tonko,53
Saratoga,Stillwater 5,State Senate,44,DEM,Minita J. Sanghvi,457
Saratoga,Stillwater 5,State Senate,44,REP,James N. Tedisco,993
Saratoga,Stillwater 5,State Senate,44,CON,James N. Tedisco,134
Saratoga,Stillwater 5,State Senate,44,WOR,Minita J. Sanghvi,30
Saratoga,Stillwater 5,State Assembly,113,DEM,Carrie Woerner,681
Saratoga,Stillwater 5,State Assembly,113,REP,Jeremy Messina,802
Saratoga,Stillwater 5,State Assembly,113,CON,Jeremy Messina,114
Saratoga,Stillwater 6,President,,DEM,Kamala D. Harris,47
Saratoga,Stillwater 6,President,,REP,Donald J. Trump,86
Saratoga,Stillwater 6,President,,CON,Donald J. Trump,15
Saratoga,Stillwater 6,President,,WOR,Kamala D. Harris,2
Saratoga,Stillwater 6,U.S. Senate,,DEM,Kirsten E. Gillibrand,49
Saratoga,Stillwater 6,U.S. Senate,,REP,Michael D. Sapraicone,78
Saratoga,Stillwater 6,U.S. Senate,,CON,Michael D. Sapraicone,16
Saratoga,Stillwater 6,U.S. Senate,,WOR,Kirsten E. Gillibrand,3
Saratoga,Stillwater 6,U.S. House,20,DEM,Paul D. Tonko,52
Saratoga,Stillwater 6,U.S. House,20,REP,Kevin M. Waltz,76
Saratoga,Stillwater 6,U.S. House,20,CON,Kevin M. Waltz,15
Saratoga,Stillwater 6,U.S. House,20,WOR,Paul D. Tonko,2
Saratoga,Stillwater 6,State Senate,44,DEM,Minita J. Sanghvi,34
Saratoga,Stillwater 6,State Senate,44,REP,James N. Tedisco,94
Saratoga,Stillwater 6,State Senate,44,CON,James N. Tedisco,16
Saratoga,Stillwater 6,State Senate,44,WOR,Minita J. Sanghvi,3
Saratoga,Stillwater 6,State Assembly,113,DEM,Carrie Woerner,55
Saratoga,Stillwater 6,State Assembly,113,REP,Jeremy Messina,74
Saratoga,Stillwater 6,State Assembly,113,CON,Jeremy Messina,13
Saratoga,Stillwater 7,President,,DEM,Kamala D. Harris,102
Saratoga,Stillwater 7,President,,REP,Donald J. Trump,212
Saratoga,Stillwater 7,President,,CON,Donald J. Trump,34
Saratoga,Stillwater 7,President,,WOR,Kamala D. Harris,10
Saratoga,Stillwater 7,U.S. Senate,,DEM,Kirsten E. Gillibrand,106
Saratoga,Stillwater 7,U.S. Senate,,REP,Michael D. Sapraicone,203
Saratoga,Stillwater 7,U.S. Senate,,CON,Michael D. Sapraicone,33
Saratoga,Stillwater 7,U.S. Senate,,WOR,Kirsten E. Gillibrand,10
Saratoga,Stillwater 7,U.S. Senate,,LAR,Diane Sare,1
Saratoga,Stillwater 7,U.S. Senate,,,Write-in,1
Saratoga,Stillwater 7,U.S. House,20,DEM,Paul D. Tonko,112
Saratoga,Stillwater 7,U.S. House,20,REP,Kevin M. Waltz,193
Saratoga,Stillwater 7,U.S. House,20,CON,Kevin M. Waltz,36
Saratoga,Stillwater 7,U.S. House,20,WOR,Paul D. Tonko,11
Saratoga,Stillwater 7,State Senate,44,DEM,Minita J. Sanghvi,79
Saratoga,Stillwater 7,State Senate,44,REP,James N. Tedisco,229
Saratoga,Stillwater 7,State Senate,44,CON,James N. Tedisco,39
Saratoga,Stillwater 7,State Senate,44,WOR,Minita J. Sanghvi,6
Saratoga,Stillwater 7,State Senate,44,,Write-in,1
Saratoga,Stillwater 7,State Assembly,113,DEM,Carrie Woerner,122
Saratoga,Stillwater 7,State Assembly,113,REP,Jeremy Messina,196
Saratoga,Stillwater 7,State Assembly,113,CON,Jeremy Messina,37
Saratoga,Stillwater 8,President,,DEM,Kamala D. Harris,281
Saratoga,Stillwater 8,President,,REP,Donald J. Trump,319
Saratoga,Stillwater 8,President,,CON,Donald J. Trump,38
Saratoga,Stillwater 8,President,,WOR,Kamala D. Harris,10
Saratoga,Stillwater 8,President,,,Write-in,5
Saratoga,Stillwater 8,U.S. Senate,,DEM,Kirsten E. Gillibrand,274
Saratoga,Stillwater 8,U.S. Senate,,REP,Michael D. Sapraicone,306
Saratoga,Stillwater 8,U.S. Senate,,CON,Michael D. Sapraicone,39
Saratoga,Stillwater 8,U.S. Senate,,WOR,Kirsten E. Gillibrand,23
Saratoga,Stillwater 8,U.S. Senate,,LAR,Diane Sare,5
Saratoga,Stillwater 8,U.S. Senate,,,Write-in,1
Saratoga,Stillwater 8,U.S. House,20,DEM,Paul D. Tonko,274
Saratoga,Stillwater 8,U.S. House,20,REP,Kevin M. Waltz,306
Saratoga,Stillwater 8,U.S. House,20,CON,Kevin M. Waltz,37
Saratoga,Stillwater 8,U.S. House,20,WOR,Paul D. Tonko,25
Saratoga,Stillwater 8,U.S. House,20,,Write-in,1
Saratoga,Stillwater 8,State Senate,44,DEM,Minita J. Sanghvi,202
Saratoga,Stillwater 8,State Senate,44,REP,James N. Tedisco,380
Saratoga,Stillwater 8,State Senate,44,CON,James N. Tedisco,47
Saratoga,Stillwater 8,State Senate,44,WOR,Minita J. Sanghvi,14
Saratoga,Stillwater 8,State Assembly,113,DEM,Carrie Woerner,298
Saratoga,Stillwater 8,State Assembly,113,REP,Jeremy Messina,302
Saratoga,Stillwater 8,State Assembly,113,CON,Jeremy Messina,40
Saratoga,Stillwater 8,State Assembly,113,,Write-in,2
Saratoga,Waterford 1,President,,DEM,Kamala D. Harris,180
Saratoga,Waterford 1,President,,REP,Donald J. Trump,161
Saratoga,Waterford 1,President,,CON,Donald J. Trump,19
Saratoga,Waterford 1,President,,WOR,Kamala D. Harris,20
Saratoga,Waterford 1,President,,,Write-in,4
Saratoga,Waterford 1,U.S. Senate,,DEM,Kirsten E. Gillibrand,177
Saratoga,Waterford 1,U.S. Senate,,REP,Michael D. Sapraicone,141
Saratoga,Waterford 1,U.S. Senate,,CON,Michael D. Sapraicone,20
Saratoga,Waterford 1,U.S. Senate,,WOR,Kirsten E. Gillibrand,25
Saratoga,Waterford 1,U.S. Senate,,LAR,Diane Sare,6
Saratoga,Waterford 1,U.S. Senate,,,Write-in,1
Saratoga,Waterford 1,U.S. House,20,DEM,Paul D. Tonko,174
Saratoga,Waterford 1,U.S. House,20,REP,Kevin M. Waltz,139
Saratoga,Waterford 1,U.S. House,20,CON,Kevin M. Waltz,27
Saratoga,Waterford 1,U.S. House,20,WOR,Paul D. Tonko,30
Saratoga,Waterford 1,State Senate,44,DEM,Minita J. Sanghvi,143
Saratoga,Waterford 1,State Senate,44,REP,James N. Tedisco,173
Saratoga,Waterford 1,State Senate,44,CON,James N. Tedisco,32
Saratoga,Waterford 1,State Senate,44,WOR,Minita J. Sanghvi,23
Saratoga,Waterford 1,State Assembly,108,DEM,John T. McDonald III,237
Saratoga,Waterford 1,State Assembly,108,,Write-in,2
Saratoga,Waterford 2,President,,DEM,Kamala D. Harris,140
Saratoga,Waterford 2,President,,REP,Donald J. Trump,197
Saratoga,Waterford 2,President,,CON,Donald J. Trump,21
Saratoga,Waterford 2,President,,WOR,Kamala D. Harris,17
Saratoga,Waterford 2,President,,,Write-in,2
Saratoga,Waterford 2,U.S. Senate,,DEM,Kirsten E. Gillibrand,146
Saratoga,Waterford 2,U.S. Senate,,REP,Michael D. Sapraicone,168
Saratoga,Waterford 2,U.S. Senate,,CON,Michael D. Sapraicone,15
Saratoga,Waterford 2,U.S. Senate,,WOR,Kirsten E. Gillibrand,31
Saratoga,Waterford 2,U.S. Senate,,LAR,Diane Sare,2
Saratoga,Waterford 2,U.S. House,20,DEM,Paul D. Tonko,148
Saratoga,Waterford 2,U.S. House,20,REP,Kevin M. Waltz,164
Saratoga,Waterford 2,U.S. House,20,CON,Kevin M. Waltz,16
Saratoga,Waterford 2,U.S. House,20,WOR,Paul D. Tonko,33
Saratoga,Waterford 2,State Senate,44,DEM,Minita J. Sanghvi,104
Saratoga,Waterford 2,State Senate,44,REP,James N. Tedisco,212
Saratoga,Waterford 2,State Senate,44,CON,James N. Tedisco,25
Saratoga,Waterford 2,State Senate,44,WOR,Minita J. Sanghvi,21
Saratoga,Waterford 2,State Assembly,108,DEM,John T. McDonald III,216
Saratoga,Waterford 2,State Assembly,108,,Write-in,2
Saratoga,Waterford 3,President,,DEM,Kamala D. Harris,192
Saratoga,Waterford 3,President,,REP,Donald J. Trump,209
Saratoga,Waterford 3,President,,CON,Donald J. Trump,31
Saratoga,Waterford 3,President,,WOR,Kamala D. Harris,11
Saratoga,Waterford 3,President,,,Write-in,2
Saratoga,Waterford 3,U.S. Senate,,DEM,Kirsten E. Gillibrand,194
Saratoga,Waterford 3,U.S. Senate,,REP,Michael D. Sapraicone,188
Saratoga,Waterford 3,U.S. Senate,,CON,Michael D. Sapraicone,29
Saratoga,Waterford 3,U.S. Senate,,WOR,Kirsten E. Gillibrand,21
Saratoga,Waterford 3,U.S. Senate,,LAR,Diane Sare,7
Saratoga,Waterford 3,U.S. Senate,,,Write-in,2
Saratoga,Waterford 3,U.S. House,20,DEM,Paul D. Tonko,206
Saratoga,Waterford 3,U.S. House,20,REP,Kevin M. Waltz,179
Saratoga,Waterford 3,U.S. House,20,CON,Kevin M. Waltz,29
Saratoga,Waterford 3,U.S. House,20,WOR,Paul D. Tonko,21
Saratoga,Waterford 3,State Senate,44,DEM,Minita J. Sanghvi,147
Saratoga,Waterford 3,State Senate,44,REP,James N. Tedisco,240
Saratoga,Waterford 3,State Senate,44,CON,James N. Tedisco,34
Saratoga,Waterford 3,State Senate,44,WOR,Minita J. Sanghvi,11
Saratoga,Waterford 3,State Assembly,108,DEM,John T. McDonald III,270
Saratoga,Waterford 3,State Assembly,108,,Write-in,2
Saratoga,Waterford 4,President,,DEM,Kamala D. Harris,115
Saratoga,Waterford 4,President,,REP,Donald J. Trump,191
Saratoga,Waterford 4,President,,CON,Donald J. Trump,23
Saratoga,Waterford 4,President,,WOR,Kamala D. Harris,14
Saratoga,Waterford 4,U.S. Senate,,DEM,Kirsten E. Gillibrand,124
Saratoga,Waterford 4,U.S. Senate,,REP,Michael D. Sapraicone,168
Saratoga,Waterford 4,U.S. Senate,,CON,Michael D. Sapraicone,21
Saratoga,Waterford 4,U.S. Senate,,WOR,Kirsten E. Gillibrand,19
Saratoga,Waterford 4,U.S. Senate,,LAR,Diane Sare,4
Saratoga,Waterford 4,U.S. House,20,DEM,Paul D. Tonko,124
Saratoga,Waterford 4,U.S. House,20,REP,Kevin M. Waltz,164
Saratoga,Waterford 4,U.S. House,20,CON,Kevin M. Waltz,22
Saratoga,Waterford 4,U.S. House,20,WOR,Paul D. Tonko,22
Saratoga,Waterford 4,State Senate,44,DEM,Minita J. Sanghvi,87
Saratoga,Waterford 4,State Senate,44,REP,James N. Tedisco,200
Saratoga,Waterford 4,State Senate,44,CON,James N. Tedisco,33
Saratoga,Waterford 4,State Senate,44,WOR,Minita J. Sanghvi,16
Saratoga,Waterford 4,State Assembly,108,DEM,John T. McDonald III,171
Saratoga,Waterford 5,President,,DEM,Kamala D. Harris,217
Saratoga,Waterford 5,President,,REP,Donald J. Trump,205
Saratoga,Waterford 5,President,,CON,Donald J. Trump,27
Saratoga,Waterford 5,President,,WOR,Kamala D. Harris,13
Saratoga,Waterford 5,President,,,Write-in,1
Saratoga,Waterford 5,U.S. Senate,,DEM,Kirsten E. Gillibrand,206
Saratoga,Waterford 5,U.S. Senate,,REP,Michael D. Sapraicone,184
Saratoga,Waterford 5,U.S. Senate,,CON,Michael D. Sapraicone,29
Saratoga,Waterford 5,U.S. Senate,,WOR,Kirsten E. Gillibrand,28
Saratoga,Waterford 5,U.S. Senate,,LAR,Diane Sare,1
Saratoga,Waterford 5,U.S. House,20,DEM,Paul D. Tonko,212
Saratoga,Waterford 5,U.S. House,20,REP,Kevin M. Waltz,182
Saratoga,Waterford 5,U.S. House,20,CON,Kevin M. Waltz,30
Saratoga,Waterford 5,U.S. House,20,WOR,Paul D. Tonko,19
Saratoga,Waterford 5,State Senate,44,DEM,Minita J. Sanghvi,141
Saratoga,Waterford 5,State Senate,44,REP,James N. Tedisco,240
Saratoga,Waterford 5,State Senate,44,CON,James N. Tedisco,43
Saratoga,Waterford 5,State Senate,44,WOR,Minita J. Sanghvi,12
Saratoga,Waterford 5,State Assembly,108,DEM,John T. McDonald III,278
Saratoga,Waterford 6,President,,DEM,Kamala D. Harris,307
Saratoga,Waterford 6,President,,REP,Donald J. Trump,378
Saratoga,Waterford 6,President,,CON,Donald J. Trump,52
Saratoga,Waterford 6,President,,WOR,Kamala D. Harris,12
Saratoga,Waterford 6,President,,,Write-in,4
Saratoga,Waterford 6,U.S. Senate,,DEM,Kirsten E. Gillibrand,322
Saratoga,Waterford 6,U.S. Senate,,REP,Michael D. Sapraicone,329
Saratoga,Waterford 6,U.S. Senate,,CON,Michael D. Sapraicone,47
Saratoga,Waterford 6,U.S. Senate,,WOR,Kirsten E. Gillibrand,25
Saratoga,Waterford 6,U.S. Senate,,LAR,Diane Sare,4
Saratoga,Waterford 6,U.S. House,20,DEM,Paul D. Tonko,324
Saratoga,Waterford 6,U.S. House,20,REP,Kevin M. Waltz,327
Saratoga,Waterford 6,U.S. House,20,CON,Kevin M. Waltz,52
Saratoga,Waterford 6,U.S. House,20,WOR,Paul D. Tonko,23
Saratoga,Waterford 6,State Senate,44,DEM,Minita J. Sanghvi,218
Saratoga,Waterford 6,State Senate,44,REP,James N. Tedisco,424
Saratoga,Waterford 6,State Senate,44,CON,James N. Tedisco,66
Saratoga,Waterford 6,State Senate,44,WOR,Minita J. Sanghvi,11
Saratoga,Waterford 6,State Assembly,108,DEM,John T. McDonald III,439
Saratoga,Waterford 7,President,,DEM,Kamala D. Harris,195
Saratoga,Waterford 7,President,,REP,Donald J. Trump,271
Saratoga,Waterford 7,President,,CON,Donald J. Trump,17
Saratoga,Waterford 7,President,,WOR,Kamala D. Harris,10
Saratoga,Waterford 7,President,,,Write-in,2
Saratoga,Waterford 7,U.S. Senate,,DEM,Kirsten E. Gillibrand,215
Saratoga,Waterford 7,U.S. Senate,,REP,Michael D. Sapraicone,223
Saratoga,Waterford 7,U.S. Senate,,CON,Michael D. Sapraicone,17
Saratoga,Waterford 7,U.S. Senate,,WOR,Kirsten E. Gillibrand,28
Saratoga,Waterford 7,U.S. House,20,DEM,Paul D. Tonko,213
Saratoga,Waterford 7,U.S. House,20,REP,Kevin M. Waltz,229
Saratoga,Waterford 7,U.S. House,20,CON,Kevin M. Waltz,15
Saratoga,Waterford 7,U.S. House,20,WOR,Paul D. Tonko,24
Saratoga,Waterford 7,State Senate,44,DEM,Minita J. Sanghvi,151
Saratoga,Waterford 7,State Senate,44,REP,James N. Tedisco,283
Saratoga,Waterford 7,State Senate,44,CON,James N. Tedisco,27
Saratoga,Waterford 7,State Senate,44,WOR,Minita J. Sanghvi,18
Saratoga,Waterford 7,State Assembly,108,DEM,John T. McDonald III,288
Saratoga,Waterford 7,State Assembly,108,,Write-in,2
Saratoga,Waterford 8,President,,DEM,Kamala D. Harris,366
Saratoga,Waterford 8,President,,REP,Donald J. Trump,384
Saratoga,Waterford 8,President,,CON,Donald J. Trump,37
Saratoga,Waterford 8,President,,WOR,Kamala D. Harris,14
Saratoga,Waterford 8,President,,,Write-in,4
Saratoga,Waterford 8,U.S. Senate,,DEM,Kirsten E. Gillibrand,375
Saratoga,Waterford 8,U.S. Senate,,REP,Michael D. Sapraicone,347
Saratoga,Waterford 8,U.S. Senate,,CON,Michael D. Sapraicone,37
Saratoga,Waterford 8,U.S. Senate,,WOR,Kirsten E. Gillibrand,28
Saratoga,Waterford 8,U.S. Senate,,LAR,Diane Sare,4
Saratoga,Waterford 8,U.S. House,20,DEM,Paul D. Tonko,384
Saratoga,Waterford 8,U.S. House,20,REP,Kevin M. Waltz,332
Saratoga,Waterford 8,U.S. House,20,CON,Kevin M. Waltz,43
Saratoga,Waterford 8,U.S. House,20,WOR,Paul D. Tonko,27
Saratoga,Waterford 8,State Senate,44,DEM,Minita J. Sanghvi,283
Saratoga,Waterford 8,State Senate,44,REP,James N. Tedisco,434
Saratoga,Waterford 8,State Senate,44,CON,James N. Tedisco,54
Saratoga,Waterford 8,State Senate,44,WOR,Minita J. Sanghvi,12
Saratoga,Waterford 8,State Assembly,108,DEM,John T. McDonald III,480
Saratoga,Waterford 8,State Assembly,108,,Write-in,3
Saratoga,Wilton 1,President,,DEM,Kamala D. Harris,380
Saratoga,Wilton 1,President,,REP,Donald J. Trump,337
Saratoga,Wilton 1,President,,CON,Donald J. Trump,35
Saratoga,Wilton 1,President,,WOR,Kamala D. Harris,18
Saratoga,Wilton 1,U.S. Senate,,DEM,Kirsten E. Gillibrand,375
Saratoga,Wilton 1,U.S. Senate,,REP,Michael D. Sapraicone,316
Saratoga,Wilton 1,U.S. Senate,,CON,Michael D. Sapraicone,43
Saratoga,Wilton 1,U.S. Senate,,WOR,Kirsten E. Gillibrand,37
Saratoga,Wilton 1,U.S. Senate,,LAR,Diane Sare,1
Saratoga,Wilton 1,U.S. House,21,DEM,Paula Collins,342
Saratoga,Wilton 1,U.S. House,21,REP,Elise M. Stefanik,363
Saratoga,Wilton 1,U.S. House,21,CON,Elise M. Stefanik,42
Saratoga,Wilton 1,U.S. House,21,WOR,Paula Collins,21
Saratoga,Wilton 1,State Senate,44,DEM,Minita J. Sanghvi,274
Saratoga,Wilton 1,State Senate,44,REP,James N. Tedisco,422
Saratoga,Wilton 1,State Senate,44,CON,James N. Tedisco,59
Saratoga,Wilton 1,State Senate,44,WOR,Minita J. Sanghvi,15
Saratoga,Wilton 1,State Assembly,113,DEM,Carrie Woerner,397
Saratoga,Wilton 1,State Assembly,113,REP,Jeremy Messina,315
Saratoga,Wilton 1,State Assembly,113,CON,Jeremy Messina,45
Saratoga,Wilton 2,President,,DEM,Kamala D. Harris,334
Saratoga,Wilton 2,President,,REP,Donald J. Trump,254
Saratoga,Wilton 2,President,,CON,Donald J. Trump,26
Saratoga,Wilton 2,President,,WOR,Kamala D. Harris,7
Saratoga,Wilton 2,U.S. Senate,,DEM,Kirsten E. Gillibrand,329
Saratoga,Wilton 2,U.S. Senate,,REP,Michael D. Sapraicone,247
Saratoga,Wilton 2,U.S. Senate,,CON,Michael D. Sapraicone,28
Saratoga,Wilton 2,U.S. Senate,,WOR,Kirsten E. Gillibrand,9
Saratoga,Wilton 2,U.S. Senate,,LAR,Diane Sare,1
Saratoga,Wilton 2,U.S. House,20,DEM,Paul D. Tonko,328
Saratoga,Wilton 2,U.S. House,20,REP,Kevin M. Waltz,251
Saratoga,Wilton 2,U.S. House,20,CON,Kevin M. Waltz,29
Saratoga,Wilton 2,U.S. House,20,WOR,Paul D. Tonko,7
Saratoga,Wilton 2,State Senate,44,DEM,Minita J. Sanghvi,249
Saratoga,Wilton 2,State Senate,44,REP,James N. Tedisco,324
Saratoga,Wilton 2,State Senate,44,CON,James N. Tedisco,36
Saratoga,Wilton 2,State Senate,44,WOR,Minita J. Sanghvi,5
Saratoga,Wilton 2,State Assembly,113,DEM,Carrie Woerner,336
Saratoga,Wilton 2,State Assembly,113,REP,Jeremy Messina,252
Saratoga,Wilton 2,State Assembly,113,CON,Jeremy Messina,26
Saratoga,Wilton 3,President,,DEM,Kamala D. Harris,334
Saratoga,Wilton 3,President,,REP,Donald J. Trump,254
Saratoga,Wilton 3,President,,CON,Donald J. Trump,33
Saratoga,Wilton 3,President,,WOR,Kamala D. Harris,19
Saratoga,Wilton 3,U.S. Senate,,DEM,Kirsten E. Gillibrand,333
Saratoga,Wilton 3,U.S. Senate,,REP,Michael D. Sapraicone,248
Saratoga,Wilton 3,U.S. Senate,,CON,Michael D. Sapraicone,32
Saratoga,Wilton 3,U.S. Senate,,WOR,Kirsten E. Gillibrand,21
Saratoga,Wilton 3,U.S. Senate,,LAR,Diane Sare,1
Saratoga,Wilton 3,U.S. House,20,DEM,Paul D. Tonko,326
Saratoga,Wilton 3,U.S. House,20,REP,Kevin M. Waltz,246
Saratoga,Wilton 3,U.S. House,20,CON,Kevin M. Waltz,36
Saratoga,Wilton 3,U.S. House,20,WOR,Paul D. Tonko,22
Saratoga,Wilton 3,U.S. House,20,,Write-in,2
Saratoga,Wilton 3,State Senate,44,DEM,Minita J. Sanghvi,258
Saratoga,Wilton 3,State Senate,44,REP,James N. Tedisco,320
Saratoga,Wilton 3,State Senate,44,CON,James N. Tedisco,41
Saratoga,Wilton 3,State Senate,44,WOR,Minita J. Sanghvi,17
Saratoga,Wilton 3,State Assembly,113,DEM,Carrie Woerner,337
Saratoga,Wilton 3,State Assembly,113,REP,Jeremy Messina,252
Saratoga,Wilton 3,State Assembly,113,CON,Jeremy Messina,38
Saratoga,Wilton 4,President,,DEM,Kamala D. Harris,441
Saratoga,Wilton 4,President,,REP,Donald J. Trump,407
Saratoga,Wilton 4,President,,CON,Donald J. Trump,38
Saratoga,Wilton 4,President,,WOR,Kamala D. Harris,19
Saratoga,Wilton 4,President,,,Write-in,1
Saratoga,Wilton 4,U.S. Senate,,DEM,Kirsten E. Gillibrand,448
Saratoga,Wilton 4,U.S. Senate,,REP,Michael D. Sapraicone,354
Saratoga,Wilton 4,U.S. Senate,,CON,Michael D. Sapraicone,49
Saratoga,Wilton 4,U.S. Senate,,WOR,Kirsten E. Gillibrand,33
Saratoga,Wilton 4,U.S. Senate,,LAR,Diane Sare,2
Saratoga,Wilton 4,U.S. House,20,DEM,Paul D. Tonko,450
Saratoga,Wilton 4,U.S. House,20,REP,Kevin M. Waltz,348
Saratoga,Wilton 4,U.S. House,20,CON,Kevin M. Waltz,46
Saratoga,Wilton 4,U.S. House,20,WOR,Paul D. Tonko,29
Saratoga,Wilton 4,State Senate,44,DEM,Minita J. Sanghvi,359
Saratoga,Wilton 4,State Senate,44,REP,James N. Tedisco,439
Saratoga,Wilton 4,State Senate,44,CON,James N. Tedisco,61
Saratoga,Wilton 4,State Senate,44,WOR,Minita J. Sanghvi,17
Saratoga,Wilton 4,State Assembly,113,DEM,Carrie Woerner,459
Saratoga,Wilton 4,State Assembly,113,REP,Jeremy Messina,364
Saratoga,Wilton 4,State Assembly,113,CON,Jeremy Messina,47
Saratoga,Wilton 5,President,,DEM,Kamala D. Harris,299
Saratoga,Wilton 5,President,,REP,Donald J. Trump,262
Saratoga,Wilton 5,President,,CON,Donald J. Trump,31
Saratoga,Wilton 5,President,,WOR,Kamala D. Harris,14
Saratoga,Wilton 5,President,,,Write-in,2
Saratoga,Wilton 5,U.S. Senate,,DEM,Kirsten E. Gillibrand,305
Saratoga,Wilton 5,U.S. Senate,,REP,Michael D. Sapraicone,257
Saratoga,Wilton 5,U.S. Senate,,CON,Michael D. Sapraicone,32
Saratoga,Wilton 5,U.S. Senate,,WOR,Kirsten E. Gillibrand,13
Saratoga,Wilton 5,U.S. Senate,,LAR,Diane Sare,2
Saratoga,Wilton 5,U.S. House,20,DEM,Paul D. Tonko,301
Saratoga,Wilton 5,U.S. House,20,REP,Kevin M. Waltz,253
Saratoga,Wilton 5,U.S. House,20,CON,Kevin M. Waltz,35
Saratoga,Wilton 5,U.S. House,20,WOR,Paul D. Tonko,17
Saratoga,Wilton 5,U.S. House,20,,Write-in,1
Saratoga,Wilton 5,State Senate,44,DEM,Minita J. Sanghvi,220
Saratoga,Wilton 5,State Senate,44,REP,James N. Tedisco,336
Saratoga,Wilton 5,State Senate,44,CON,James N. Tedisco,42
Saratoga,Wilton 5,State Senate,44,WOR,Minita J. Sanghvi,7
Saratoga,Wilton 5,State Assembly,113,DEM,Carrie Woerner,320
Saratoga,Wilton 5,State Assembly,113,REP,Jeremy Messina,255
Saratoga,Wilton 5,State Assembly,113,CON,Jeremy Messina,30
Saratoga,Wilton 6,President,,DEM,Kamala D. Harris,220
Saratoga,Wilton 6,President,,REP,Donald J. Trump,276
Saratoga,Wilton 6,President,,CON,Donald J. Trump,22
Saratoga,Wilton 6,President,,WOR,Kamala D. Harris,15
Saratoga,Wilton 6,U.S. Senate,,DEM,Kirsten E. Gillibrand,224
Saratoga,Wilton 6,U.S. Senate,,REP,Michael D. Sapraicone,250
Saratoga,Wilton 6,U.S. Senate,,CON,Michael D. Sapraicone,22
Saratoga,Wilton 6,U.S. Senate,,WOR,Kirsten E. Gillibrand,23
Saratoga,Wilton 6,U.S. Senate,,LAR,Diane Sare,1
Saratoga,Wilton 6,U.S. House,21,DEM,Paula Collins,198
Saratoga,Wilton 6,U.S. House,21,REP,Elise M. Stefanik,283
Saratoga,Wilton 6,U.S. House,21,CON,Elise M. Stefanik,23
Saratoga,Wilton 6,U.S. House,21,WOR,Paula Collins,19
Saratoga,Wilton 6,State Senate,44,DEM,Minita J. Sanghvi,168
Saratoga,Wilton 6,State Senate,44,REP,James N. Tedisco,307
Saratoga,Wilton 6,State Senate,44,CON,James N. Tedisco,30
Saratoga,Wilton 6,State Senate,44,WOR,Minita J. Sanghvi,16
Saratoga,Wilton 6,State Assembly,113,DEM,Carrie Woerner,229
Saratoga,Wilton 6,State Assembly,113,REP,Jeremy Messina,254
Saratoga,Wilton 6,State Assembly,113,CON,Jeremy Messina,21
Saratoga,Wilton 7,President,,DEM,Kamala D. Harris,255
Saratoga,Wilton 7,President,,REP,Donald J. Trump,175
Saratoga,Wilton 7,President,,CON,Donald J. Trump,26
Saratoga,Wilton 7,President,,WOR,Kamala D. Harris,10
Saratoga,Wilton 7,U.S. Senate,,DEM,Kirsten E. Gillibrand,251
Saratoga,Wilton 7,U.S. Senate,,REP,Michael D. Sapraicone,167
Saratoga,Wilton 7,U.S. Senate,,CON,Michael D. Sapraicone,32
Saratoga,Wilton 7,U.S. Senate,,WOR,Kirsten E. Gillibrand,15
Saratoga,Wilton 7,U.S. Senate,,LAR,Diane Sare,3
Saratoga,Wilton 7,U.S. House,21,DEM,Paula Collins,239
Saratoga,Wilton 7,U.S. House,21,REP,Elise M. Stefanik,186
Saratoga,Wilton 7,U.S. House,21,CON,Elise M. Stefanik,30
Saratoga,Wilton 7,U.S. House,21,WOR,Paula Collins,14
Saratoga,Wilton 7,State Senate,44,DEM,Minita J. Sanghvi,207
Saratoga,Wilton 7,State Senate,44,REP,James N. Tedisco,213
Saratoga,Wilton 7,State Senate,44,CON,James N. Tedisco,41
Saratoga,Wilton 7,State Senate,44,WOR,Minita J. Sanghvi,10
Saratoga,Wilton 7,State Assembly,113,DEM,Carrie Woerner,273
Saratoga,Wilton 7,State Assembly,113,REP,Jeremy Messina,166
Saratoga,Wilton 7,State Assembly,113,CON,Jeremy Messina,29
Saratoga,Wilton 8,President,,DEM,Kamala D. Harris,321
Saratoga,Wilton 8,President,,REP,Donald J. Trump,234
Saratoga,Wilton 8,President,,CON,Donald J. Trump,31
Saratoga,Wilton 8,President,,WOR,Kamala D. Harris,17
Saratoga,Wilton 8,U.S. Senate,,DEM,Kirsten E. Gillibrand,320
Saratoga,Wilton 8,U.S. Senate,,REP,Michael D. Sapraicone,212
Saratoga,Wilton 8,U.S. Senate,,CON,Michael D. Sapraicone,27
Saratoga,Wilton 8,U.S. Senate,,WOR,Kirsten E. Gillibrand,27
Saratoga,Wilton 8,U.S. Senate,,LAR,Diane Sare,1
Saratoga,Wilton 8,U.S. House,20,DEM,Paul D. Tonko,313
Saratoga,Wilton 8,U.S. House,20,REP,Kevin M. Waltz,202
Saratoga,Wilton 8,U.S. House,20,CON,Kevin M. Waltz,34
Saratoga,Wilton 8,U.S. House,20,WOR,Paul D. Tonko,29
Saratoga,Wilton 8,State Senate,44,DEM,Minita J. Sanghvi,236
Saratoga,Wilton 8,State Senate,44,REP,James N. Tedisco,289
Saratoga,Wilton 8,State Senate,44,CON,James N. Tedisco,35
Saratoga,Wilton 8,State Senate,44,WOR,Minita J. Sanghvi,17
Saratoga,Wilton 8,State Assembly,113,DEM,Carrie Woerner,324
Saratoga,Wilton 8,State Assembly,113,REP,Jeremy Messina,222
Saratoga,Wilton 8,State Assembly,113,CON,Jeremy Messina,32
Saratoga,Wilton 9,President,,DEM,Kamala D. Harris,436
Saratoga,Wilton 9,President,,REP,Donald J. Trump,381
Saratoga,Wilton 9,President,,CON,Donald J. Trump,52
Saratoga,Wilton 9,President,,WOR,Kamala D. Harris,25
Saratoga,Wilton 9,President,,,Write-in,1
Saratoga,Wilton 9,U.S. Senate,,DEM,Kirsten E. Gillibrand,440
Saratoga,Wilton 9,U.S. Senate,,REP,Michael D. Sapraicone,353
Saratoga,Wilton 9,U.S. Senate,,CON,Michael D. Sapraicone,56
Saratoga,Wilton 9,U.S. Senate,,WOR,Kirsten E. Gillibrand,37
Saratoga,Wilton 9,U.S. Senate,,LAR,Diane Sare,2
Saratoga,Wilton 9,U.S. House,21,DEM,Paula Collins,419
Saratoga,Wilton 9,U.S. House,21,REP,Elise M. Stefanik,388
Saratoga,Wilton 9,U.S. House,21,CON,Elise M. Stefanik,52
Saratoga,Wilton 9,U.S. House,21,WOR,Paula Collins,32
Saratoga,Wilton 9,State Senate,44,DEM,Minita J. Sanghvi,355
Saratoga,Wilton 9,State Senate,44,REP,James N. Tedisco,444
Saratoga,Wilton 9,State Senate,44,CON,James N. Tedisco,66
Saratoga,Wilton 9,State Senate,44,WOR,Minita J. Sanghvi,20
Saratoga,Wilton 9,State Assembly,113,DEM,Carrie Woerner,473
Saratoga,Wilton 9,State Assembly,113,REP,Jeremy Messina,358
Saratoga,Wilton 9,State Assembly,113,CON,Jeremy Messina,53
Saratoga,Wilton 10,President,,DEM,Kamala D. Harris,413
Saratoga,Wilton 10,President,,REP,Donald J. Trump,225
Saratoga,Wilton 10,President,,CON,Donald J. Trump,27
Saratoga,Wilton 10,President,,WOR,Kamala D. Harris,16
Saratoga,Wilton 10,U.S. Senate,,DEM,Kirsten E. Gillibrand,401
Saratoga,Wilton 10,U.S. Senate,,REP,Michael D. Sapraicone,222
Saratoga,Wilton 10,U.S. Senate,,CON,Michael D. Sapraicone,29
Saratoga,Wilton 10,U.S. Senate,,WOR,Kirsten E. Gillibrand,19
Saratoga,Wilton 10,U.S. Senate,,LAR,Diane Sare,4
Saratoga,Wilton 10,U.S. House,20,DEM,Paul D. Tonko,381
Saratoga,Wilton 10,U.S. House,20,REP,Kevin M. Waltz,232
Saratoga,Wilton 10,U.S. House,20,CON,Kevin M. Waltz,29
Saratoga,Wilton 10,U.S. House,20,WOR,Paul D. Tonko,18
Saratoga,Wilton 10,State Senate,44,DEM,Minita J. Sanghvi,311
Saratoga,Wilton 10,State Senate,44,REP,James N. Tedisco,309
Saratoga,Wilton 10,State Senate,44,CON,James N. Tedisco,38
Saratoga,Wilton 10,State Senate,44,WOR,Minita J. Sanghvi,10
Saratoga,Wilton 10,State Assembly,113,DEM,Carrie Woerner,411
Saratoga,Wilton 10,State Assembly,113,REP,Jeremy Messina,226
Saratoga,Wilton 10,State Assembly,113,CON,Jeremy Messina,27
Saratoga,Wilton 11,President,,DEM,Kamala D. Harris,352
Saratoga,Wilton 11,President,,REP,Donald J. Trump,240
Saratoga,Wilton 11,President,,CON,Donald J. Trump,34
Saratoga,Wilton 11,President,,WOR,Kamala D. Harris,17
Saratoga,Wilton 11,U.S. Senate,,DEM,Kirsten E. Gillibrand,362
Saratoga,Wilton 11,U.S. Senate,,REP,Michael D. Sapraicone,224
Saratoga,Wilton 11,U.S. Senate,,CON,Michael D. Sapraicone,32
Saratoga,Wilton 11,U.S. Senate,,WOR,Kirsten E. Gillibrand,19
Saratoga,Wilton 11,U.S. Senate,,LAR,Diane Sare,1
Saratoga,Wilton 11,U.S. House,20,DEM,Paul D. Tonko,358
Saratoga,Wilton 11,U.S. House,20,REP,Kevin M. Waltz,223
Saratoga,Wilton 11,U.S. House,20,CON,Kevin M. Waltz,32
Saratoga,Wilton 11,U.S. House,20,WOR,Paul D. Tonko,23
Saratoga,Wilton 11,State Senate,44,DEM,Minita J. Sanghvi,283
Saratoga,Wilton 11,State Senate,44,REP,James N. Tedisco,294
Saratoga,Wilton 11,State Senate,44,CON,James N. Tedisco,47
Saratoga,Wilton 11,State Senate,44,WOR,Minita J. Sanghvi,17
Saratoga,Wilton 11,State Assembly,113,DEM,Carrie Woerner,363
Saratoga,Wilton 11,State Assembly,113,REP,Jeremy Messina,234
Saratoga,Wilton 11,State Assembly,113,CON,Jeremy Messina,35
Saratoga,Wilton 12,President,,DEM,Kamala D. Harris,329
Saratoga,Wilton 12,President,,REP,Donald J. Trump,213
Saratoga,Wilton 12,President,,CON,Donald J. Trump,31
Saratoga,Wilton 12,President,,WOR,Kamala D. Harris,14
Saratoga,Wilton 12,U.S. Senate,,DEM,Kirsten E. Gillibrand,327
Saratoga,Wilton 12,U.S. Senate,,REP,Michael D. Sapraicone,206
Saratoga,Wilton 12,U.S. Senate,,CON,Michael D. Sapraicone,31
Saratoga,Wilton 12,U.S. Senate,,WOR,Kirsten E. Gillibrand,19
Saratoga,Wilton 12,U.S. Senate,,LAR,Diane Sare,5
Saratoga,Wilton 12,U.S. House,21,DEM,Paula Collins,317
Saratoga,Wilton 12,U.S. House,21,REP,Elise M. Stefanik,218
Saratoga,Wilton 12,U.S. House,21,CON,Elise M. Stefanik,32
Saratoga,Wilton 12,U.S. House,21,WOR,Paula Collins,17
Saratoga,Wilton 12,State Senate,44,DEM,Minita J. Sanghvi,255
Saratoga,Wilton 12,State Senate,44,REP,James N. Tedisco,265
Saratoga,Wilton 12,State Senate,44,CON,James N. Tedisco,43
Saratoga,Wilton 12,State Senate,44,WOR,Minita J. Sanghvi,18
Saratoga,Wilton 12,State Assembly,113,DEM,Carrie Woerner,333
Saratoga,Wilton 12,State Assembly,113,REP,Jeremy Messina,210
Saratoga,Wilton 12,State Assembly,113,CON,Jeremy Messina,36
Saratoga,Wilton 13,President,,DEM,Kamala D. Harris,380
Saratoga,Wilton 13,President,,REP,Donald J. Trump,298
Saratoga,Wilton 13,President,,CON,Donald J. Trump,25
Saratoga,Wilton 13,President,,WOR,Kamala D. Harris,12
Saratoga,Wilton 13,President,,,Write-in,1
Saratoga,Wilton 13,U.S. Senate,,DEM,Kirsten E. Gillibrand,374
Saratoga,Wilton 13,U.S. Senate,,REP,Michael D. Sapraicone,289
Saratoga,Wilton 13,U.S. Senate,,CON,Michael D. Sapraicone,24
Saratoga,Wilton 13,U.S. Senate,,WOR,Kirsten E. Gillibrand,20
Saratoga,Wilton 13,U.S. Senate,,LAR,Diane Sare,5
Saratoga,Wilton 13,U.S. House,20,DEM,Paul D. Tonko,370
Saratoga,Wilton 13,U.S. House,20,REP,Kevin M. Waltz,285
Saratoga,Wilton 13,U.S. House,20,CON,Kevin M. Waltz,27
Saratoga,Wilton 13,U.S. House,20,WOR,Paul D. Tonko,24
Saratoga,Wilton 13,State Senate,44,DEM,Minita J. Sanghvi,283
Saratoga,Wilton 13,State Senate,44,REP,James N. Tedisco,369
Saratoga,Wilton 13,State Senate,44,CON,James N. Tedisco,44
Saratoga,Wilton 13,State Senate,44,WOR,Minita J. Sanghvi,13
Saratoga,Wilton 13,State Assembly,113,DEM,Carrie Woerner,382
Saratoga,Wilton 13,State Assembly,113,REP,Jeremy Messina,302
Saratoga,Wilton 13,State Assembly,113,CON,Jeremy Messina,27
Saratoga,Wilton 14,President,,DEM,Kamala D. Harris,242
Saratoga,Wilton 14,President,,REP,Donald J. Trump,174
Saratoga,Wilton 14,President,,CON,Donald J. Trump,24
Saratoga,Wilton 14,President,,WOR,Kamala D. Harris,11
Saratoga,Wilton 14,U.S. Senate,,DEM,Kirsten E. Gillibrand,240
Saratoga,Wilton 14,U.S. Senate,,REP,Michael D. Sapraicone,171
Saratoga,Wilton 14,U.S. Senate,,CON,Michael D. Sapraicone,26
Saratoga,Wilton 14,U.S. Senate,,WOR,Kirsten E. Gillibrand,19
Saratoga,Wilton 14,U.S. House,20,DEM,Paul D. Tonko,240
Saratoga,Wilton 14,U.S. House,20,REP,Kevin M. Waltz,172
Saratoga,Wilton 14,U.S. House,20,CON,Kevin M. Waltz,27
Saratoga,Wilton 14,U.S. House,20,WOR,Paul D. Tonko,17
Saratoga,Wilton 14,State Senate,44,DEM,Minita J. Sanghvi,193
Saratoga,Wilton 14,State Senate,44,REP,James N. Tedisco,212
Saratoga,Wilton 14,State Senate,44,CON,James N. Tedisco,31
Saratoga,Wilton 14,State Senate,44,WOR,Minita J. Sanghvi,13
Saratoga,Wilton 14,State Assembly,113,DEM,Carrie Woerner,247
Saratoga,Wilton 14,State Assembly,113,REP,Jeremy Messina,178
Saratoga,Wilton 14,State Assembly,113,CON,Jeremy Messina,28
Saratoga,Wilton 15,President,,DEM,Kamala D. Harris,152
Saratoga,Wilton 15,President,,REP,Donald J. Trump,100
Saratoga,Wilton 15,President,,CON,Donald J. Trump,14
Saratoga,Wilton 15,President,,WOR,Kamala D. Harris,6
Saratoga,Wilton 15,U.S. Senate,,DEM,Kirsten E. Gillibrand,148
Saratoga,Wilton 15,U.S. Senate,,REP,Michael D. Sapraicone,95
Saratoga,Wilton 15,U.S. Senate,,CON,Michael D. Sapraicone,14
Saratoga,Wilton 15,U.S. Senate,,WOR,Kirsten E. Gillibrand,7
Saratoga,Wilton 15,U.S. Senate,,LAR,Diane Sare,1
Saratoga,Wilton 15,U.S. House,21,DEM,Paula Collins,143
Saratoga,Wilton 15,U.S. House,21,REP,Elise M. Stefanik,100
Saratoga,Wilton 15,U.S. House,21,CON,Elise M. Stefanik,18
Saratoga,Wilton 15,U.S. House,21,WOR,Paula Collins,5
Saratoga,Wilton 15,State Senate,44,DEM,Minita J. Sanghvi,122
Saratoga,Wilton 15,State Senate,44,REP,James N. Tedisco,116
Saratoga,Wilton 15,State Senate,44,CON,James N. Tedisco,19
Saratoga,Wilton 15,State Senate,44,WOR,Minita J. Sanghvi,6
Saratoga,Wilton 15,State Assembly,113,DEM,Carrie Woerner,156
Saratoga,Wilton 15,State Assembly,113,REP,Jeremy Messina,93
Saratoga,Wilton 15,State Assembly,113,CON,Jeremy Messina,14
Saratoga,Wilton 16,President,,DEM,Kamala D. Harris,7
Saratoga,Wilton 16,President,,REP,Donald J. Trump,2
Saratoga,Wilton 16,U.S. Senate,,DEM,Kirsten E. Gillibrand,7
Saratoga,Wilton 16,U.S. Senate,,REP,Michael D. Sapraicone,2
Saratoga,Wilton 16,U.S. House,20,DEM,Paul D. Tonko,7
Saratoga,Wilton 16,U.S. House,20,REP,Kevin M. Waltz,2
Saratoga,Wilton 16,State Senate,44,DEM,Minita J. Sanghvi,6
Saratoga,Wilton 16,State Senate,44,REP,James N. Tedisco,3
Saratoga,Wilton 16,State Assembly,113,DEM,Carrie Woerner,7
Saratoga,Wilton 16,State Assembly,113,REP,Jeremy Messina,2
Saratoga,Wilton 17,President,,DEM,Kamala D. Harris,7
Saratoga,Wilton 17,President,,REP,Donald J. Trump,6
Saratoga,Wilton 17,U.S. Senate,,DEM,Kirsten E. Gillibrand,7
Saratoga,Wilton 17,U.S. Senate,,REP,Michael D. Sapraicone,6
Saratoga,Wilton 17,U.S. House,20,DEM,Paul D. Tonko,7
Saratoga,Wilton 17,U.S. House,20,REP,Kevin M. Waltz,6
Saratoga,Wilton 17,State Senate,44,DEM,Minita J. Sanghvi,5
Saratoga,Wilton 17,State Senate,44,REP,James N. Tedisco,7
Saratoga,Wilton 17,State Senate,44,CON,James N. Tedisco,1
Saratoga,Wilton 17,State Assembly,113,DEM,Carrie Woerner,7
Saratoga,Wilton 17,State Assembly,113,REP,Jeremy Messina,6
Saratoga,Wilton 18,President,,DEM,Kamala D. Harris,65
Saratoga,Wilton 18,President,,REP,Donald J. Trump,49
Saratoga,Wilton 18,President,,CON,Donald J. Trump,5
Saratoga,Wilton 18,President,,WOR,Kamala D. Harris,1
Saratoga,Wilton 18,U.S. Senate,,DEM,Kirsten E. Gillibrand,65
Saratoga,Wilton 18,U.S. Senate,,REP,Michael D. Sapraicone,48
Saratoga,Wilton 18,U.S. Senate,,CON,Michael D. Sapraicone,5
Saratoga,Wilton 18,U.S. Senate,,WOR,Kirsten E. Gillibrand,2
Saratoga,Wilton 18,U.S. House,20,DEM,Paul D. Tonko,65
Saratoga,Wilton 18,U.S. House,20,REP,Kevin M. Waltz,49
Saratoga,Wilton 18,U.S. House,20,CON,Kevin M. Waltz,4
Saratoga,Wilton 18,U.S. House,20,WOR,Paul D. Tonko,1
Saratoga,Wilton 18,State Senate,44,DEM,Minita J. Sanghvi,50
Saratoga,Wilton 18,State Senate,44,REP,James N. Tedisco,64
Saratoga,Wilton 18,State Senate,44,CON,James N. Tedisco,4
Saratoga,Wilton 18,State Senate,44,WOR,Minita J. Sanghvi,3
Saratoga,Wilton 18,State Assembly,113,DEM,Carrie Woerner,64
Saratoga,Wilton 18,State Assembly,113,REP,Jeremy Messina,53
Saratoga,Wilton 18,State Assembly,113,CON,Jeremy Messina,3
Saratoga,Wilton 19,President,,DEM,Kamala D. Harris,170
Saratoga,Wilton 19,President,,REP,Donald J. Trump,110
Saratoga,Wilton 19,President,,CON,Donald J. Trump,10
Saratoga,Wilton 19,President,,WOR,Kamala D. Harris,6
Saratoga,Wilton 19,U.S. Senate,,DEM,Kirsten E. Gillibrand,164
Saratoga,Wilton 19,U.S. Senate,,REP,Michael D. Sapraicone,105
Saratoga,Wilton 19,U.S. Senate,,CON,Michael D. Sapraicone,12
Saratoga,Wilton 19,U.S. Senate,,WOR,Kirsten E. Gillibrand,11
Saratoga,Wilton 19,U.S. House,21,DEM,Paula Collins,157
Saratoga,Wilton 19,U.S. House,21,REP,Elise M. Stefanik,115
Saratoga,Wilton 19,U.S. House,21,CON,Elise M. Stefanik,13
Saratoga,Wilton 19,U.S. House,21,WOR,Paula Collins,8
Saratoga,Wilton 19,State Senate,44,DEM,Minita J. Sanghvi,137
Saratoga,Wilton 19,State Senate,44,REP,James N. Tedisco,127
Saratoga,Wilton 19,State Senate,44,CON,James N. Tedisco,14
Saratoga,Wilton 19,State Senate,44,WOR,Minita J. Sanghvi,8
Saratoga,Wilton 19,State Assembly,113,DEM,Carrie Woerner,182
Saratoga,Wilton 19,State Assembly,113,REP,Jeremy Messina,98
Saratoga,Wilton 19,State Assembly,113,CON,Jeremy Messina,11
Saratoga,Wilton 20,President,,DEM,Kamala D. Harris,53
Saratoga,Wilton 20,President,,REP,Donald J. Trump,49
Saratoga,Wilton 20,President,,CON,Donald J. Trump,7
Saratoga,Wilton 20,President,,WOR,Kamala D. Harris,2
Saratoga,Wilton 20,U.S. Senate,,DEM,Kirsten E. Gillibrand,51
Saratoga,Wilton 20,U.S. Senate,,REP,Michael D. Sapraicone,48
Saratoga,Wilton 20,U.S. Senate,,CON,Michael D. Sapraicone,6
Saratoga,Wilton 20,U.S. Senate,,WOR,Kirsten E. Gillibrand,6
Saratoga,Wilton 20,U.S. Senate,,LAR,Diane Sare,1
Saratoga,Wilton 20,U.S. House,21,DEM,Paula Collins,50
Saratoga,Wilton 20,U.S. House,21,REP,Elise M. Stefanik,48
Saratoga,Wilton 20,U.S. House,21,CON,Elise M. Stefanik,9
Saratoga,Wilton 20,U.S. House,21,WOR,Paula Collins,4
Saratoga,Wilton 20,State Senate,44,DEM,Minita J. Sanghvi,41
Saratoga,Wilton 20,State Senate,44,REP,James N. Tedisco,56
Saratoga,Wilton 20,State Senate,44,CON,James N. Tedisco,10
Saratoga,Wilton 20,State Senate,44,WOR,Minita J. Sanghvi,4
Saratoga,Wilton 20,State Assembly,113,DEM,Carrie Woerner,56
Saratoga,Wilton 20,State Assembly,113,REP,Jeremy Messina,46
Saratoga,Wilton 20,State Assembly,113,CON,Jeremy Messina,8
Saratoga,Wilton 21,President,,DEM,Kamala D. Harris,21
Saratoga,Wilton 21,President,,REP,Donald J. Trump,14
Saratoga,Wilton 21,President,,CON,Donald J. Trump,1
Saratoga,Wilton 21,President,,WOR,Kamala D. Harris,1
Saratoga,Wilton 21,U.S. Senate,,DEM,Kirsten E. Gillibrand,19
Saratoga,Wilton 21,U.S. Senate,,REP,Michael D. Sapraicone,11
Saratoga,Wilton 21,U.S. Senate,,CON,Michael D. Sapraicone,1
Saratoga,Wilton 21,U.S. Senate,,WOR,Kirsten E. Gillibrand,1
Saratoga,Wilton 21,U.S. House,21,DEM,Paula Collins,17
Saratoga,Wilton 21,U.S. House,21,REP,Elise M. Stefanik,12
Saratoga,Wilton 21,U.S. House,21,CON,Elise M. Stefanik,1
Saratoga,Wilton 21,U.S. House,21,WOR,Paula Collins,2
Saratoga,Wilton 21,State Senate,44,DEM,Minita J. Sanghvi,14
Saratoga,Wilton 21,State Senate,44,REP,James N. Tedisco,15
Saratoga,Wilton 21,State Senate,44,CON,James N. Tedisco,1
Saratoga,Wilton 21,State Senate,44,WOR,Minita J. Sanghvi,2
Saratoga,Wilton 21,State Assembly,113,DEM,Carrie Woerner,20
Saratoga,Wilton 21,State Assembly,113,REP,Jeremy Messina,11
Saratoga,Wilton 21,State Assembly,113,CON,Jeremy Messina,1
Saratoga,Wilton 22,President,,DEM,Kamala D. Harris,11
Saratoga,Wilton 22,U.S. Senate,,DEM,Kirsten E. Gillibrand,12
Saratoga,Wilton 22,U.S. House,21,DEM,Paula Collins,11
Saratoga,Wilton 22,State Senate,44,DEM,Minita J. Sanghvi,10
Saratoga,Wilton 22,State Senate,44,REP,James N. Tedisco,1
Saratoga,Wilton 22,State Assembly,113,DEM,Carrie Woerner,11
Saratoga,Wilton 23,President,,DEM,Kamala D. Harris,18
Saratoga,Wilton 23,President,,REP,Donald J. Trump,31
Saratoga,Wilton 23,President,,CON,Donald J. Trump,8
Saratoga,Wilton 23,U.S. Senate,,DEM,Kirsten E. Gillibrand,19
Saratoga,Wilton 23,U.S. Senate,,REP,Michael D. Sapraicone,32
Saratoga,Wilton 23,U.S. Senate,,CON,Michael D. Sapraicone,7
Saratoga,Wilton 23,U.S. Senate,,WOR,Kirsten E. Gillibrand,1
Saratoga,Wilton 23,U.S. House,21,DEM,Paula Collins,16
Saratoga,Wilton 23,U.S. House,21,REP,Elise M. Stefanik,35
Saratoga,Wilton 23,U.S. House,21,CON,Elise M. Stefanik,6
Saratoga,Wilton 23,U.S. House,21,WOR,Paula Collins,2
Saratoga,Wilton 23,State Senate,44,DEM,Minita J. Sanghvi,17
Saratoga,Wilton 23,State Senate,44,REP,James N. Tedisco,32
Saratoga,Wilton 23,State Senate,44,CON,James N. Tedisco,8
Saratoga,Wilton 23,State Senate,44,WOR,Minita J. Sanghvi,1
Saratoga,Wilton 23,State Assembly,113,DEM,Carrie Woerner,23
Saratoga,Wilton 23,State Assembly,113,REP,Jeremy Messina,30
Saratoga,Wilton 23,State Assembly,113,CON,Jeremy Messina,5
