county,precinct,office,district,party,candidate,votes
Rensselaer,Berlin 1,President,,DEM,Kamala D. Harris,73
Rensselaer,Berlin 1,President,,REP,Donald J. Trump,89
Rensselaer,Berlin 1,President,,CON,Donald J. Trump,17
Rensselaer,Berlin 1,President,,WOR,Kamala D. Harris,7
Rensselaer,Berlin 1,President,,,Write-in,6
Rensselaer,Berlin 1,U.S. Senate,,DEM,Kirsten E. Gillibrand,76
Rensselaer,Berlin 1,U.S. Senate,,REP,Michael D. Sapraicone,83
Rensselaer,Berlin 1,U.S. Senate,,CON,Michael D. Sapraicone,17
Rensselaer,Berlin 1,U.S. Senate,,WOR,Kirsten E. Gillibrand,14
Rensselaer,Berlin 1,U.S. House,19,DEM,Josh Riley,67
Rensselaer,Berlin 1,U.S. House,19,REP,Marcus Molinaro,88
Rensselaer,Berlin 1,U.S. House,19,CON,Marcus Molinaro,21
Rensselaer,Berlin 1,U.S. House,19,WOR,Josh Riley,10
Rensselaer,Berlin 1,State Senate,43,DEM,Alvin Gamble,70
Rensselaer,Berlin 1,State Senate,43,REP,Jake Ashby,93
Rensselaer,Berlin 1,State Senate,43,CON,Jake Ashby,24
Rensselaer,Berlin 1,State Assembly,107,DEM,Chloe E. Pierce,77
Rensselaer,Berlin 1,State Assembly,107,REP,Scott H. Bendett,87
Rensselaer,Berlin 1,State Assembly,107,CON,Scott H. Bendett,22
Rensselaer,Berlin 2,President,,DEM,Kamala D. Harris,224
Rensselaer,Berlin 2,President,,REP,Donald J. Trump,419
Rensselaer,Berlin 2,President,,CON,Donald J. Trump,61
Rensselaer,Berlin 2,President,,WOR,Kamala D. Harris,13
Rensselaer,Berlin 2,President,,,Write-in,12
Rensselaer,Berlin 2,U.S. Senate,,DEM,Kirsten E. Gillibrand,241
Rensselaer,Berlin 2,U.S. Senate,,REP,Michael D. Sapraicone,372
Rensselaer,Berlin 2,U.S. Senate,,CON,Michael D. Sapraicone,64
Rensselaer,Berlin 2,U.S. Senate,,WOR,Kirsten E. Gillibrand,26
Rensselaer,Berlin 2,U.S. Senate,,LAR,Diane Sare,1
Rensselaer,Berlin 2,U.S. Senate,,,Write-in,2
Rensselaer,Berlin 2,U.S. House,19,DEM,Josh Riley,214
Rensselaer,Berlin 2,U.S. House,19,REP,Marcus Molinaro,409
Rensselaer,Berlin 2,U.S. House,19,CON,Marcus Molinaro,67
Rensselaer,Berlin 2,U.S. House,19,WOR,Josh Riley,25
Rensselaer,Berlin 2,State Senate,43,DEM,Alvin Gamble,194
Rensselaer,Berlin 2,State Senate,43,REP,Jake Ashby,437
Rensselaer,Berlin 2,State Senate,43,CON,Jake Ashby,76
Rensselaer,Berlin 2,State Assembly,107,DEM,Chloe E. Pierce,215
Rensselaer,Berlin 2,State Assembly,107,REP,Scott H. Bendett,430
Rensselaer,Berlin 2,State Assembly,107,CON,Scott H. Bendett,67
Rensselaer,Brunswick 1,President,,DEM,Kamala D. Harris,436
Rensselaer,Brunswick 1,President,,REP,Donald J. Trump,458
Rensselaer,Brunswick 1,President,,CON,Donald J. Trump,90
Rensselaer,Brunswick 1,President,,WOR,Kamala D. Harris,50
Rensselaer,Brunswick 1,President,,,Write-in,14
Rensselaer,Brunswick 1,U.S. Senate,,DEM,Kirsten E. Gillibrand,448
Rensselaer,Brunswick 1,U.S. Senate,,REP,Michael D. Sapraicone,433
Rensselaer,Brunswick 1,U.S. Senate,,CON,Michael D. Sapraicone,86
Rensselaer,Brunswick 1,U.S. Senate,,WOR,Kirsten E. Gillibrand,59
Rensselaer,Brunswick 1,U.S. Senate,,LAR,Diane Sare,5
Rensselaer,Brunswick 1,U.S. House,19,DEM,Josh Riley,395
Rensselaer,Brunswick 1,U.S. House,19,REP,Marcus Molinaro,462
Rensselaer,Brunswick 1,U.S. House,19,CON,Marcus Molinaro,102
Rensselaer,Brunswick 1,U.S. House,19,WOR,Josh Riley,56
Rensselaer,Brunswick 1,State Senate,43,DEM,Alvin Gamble,365
Rensselaer,Brunswick 1,State Senate,43,REP,Jake Ashby,534
Rensselaer,Brunswick 1,State Senate,43,CON,Jake Ashby,123
Rensselaer,Brunswick 1,State Assembly,107,DEM,Chloe E. Pierce,397
Rensselaer,Brunswick 1,State Assembly,107,REP,Scott H. Bendett,501
Rensselaer,Brunswick 1,State Assembly,107,CON,Scott H. Bendett,109
Rensselaer,Brunswick 2,President,,DEM,Kamala D. Harris,339
Rensselaer,Brunswick 2,President,,REP,Donald J. Trump,308
Rensselaer,Brunswick 2,President,,CON,Donald J. Trump,46
Rensselaer,Brunswick 2,President,,WOR,Kamala D. Harris,17
Rensselaer,Brunswick 2,President,,,Write-in,6
Rensselaer,Brunswick 2,U.S. Senate,,DEM,Kirsten E. Gillibrand,364
Rensselaer,Brunswick 2,U.S. Senate,,REP,Michael D. Sapraicone,258
Rensselaer,Brunswick 2,U.S. Senate,,CON,Michael D. Sapraicone,46
Rensselaer,Brunswick 2,U.S. Senate,,WOR,Kirsten E. Gillibrand,37
Rensselaer,Brunswick 2,U.S. Senate,,LAR,Diane Sare,6
Rensselaer,Brunswick 2,U.S. Senate,,,Write-in,1
Rensselaer,Brunswick 2,U.S. House,19,DEM,Josh Riley,315
Rensselaer,Brunswick 2,U.S. House,19,REP,Marcus Molinaro,306
Rensselaer,Brunswick 2,U.S. House,19,CON,Marcus Molinaro,50
Rensselaer,Brunswick 2,U.S. House,19,WOR,Josh Riley,31
Rensselaer,Brunswick 2,State Senate,43,DEM,Alvin Gamble,292
Rensselaer,Brunswick 2,State Senate,43,REP,Jake Ashby,346
Rensselaer,Brunswick 2,State Senate,43,CON,Jake Ashby,60
Rensselaer,Brunswick 2,State Assembly,107,DEM,Chloe E. Pierce,314
Rensselaer,Brunswick 2,State Assembly,107,REP,Scott H. Bendett,325
Rensselaer,Brunswick 2,State Assembly,107,CON,Scott H. Bendett,60
Rensselaer,Brunswick 3,President,,DEM,Kamala D. Harris,315
Rensselaer,Brunswick 3,President,,REP,Donald J. Trump,218
Rensselaer,Brunswick 3,President,,CON,Donald J. Trump,36
Rensselaer,Brunswick 3,President,,WOR,Kamala D. Harris,25
Rensselaer,Brunswick 3,President,,,Write-in,5
Rensselaer,Brunswick 3,U.S. Senate,,DEM,Kirsten E. Gillibrand,319
Rensselaer,Brunswick 3,U.S. Senate,,REP,Michael D. Sapraicone,198
Rensselaer,Brunswick 3,U.S. Senate,,CON,Michael D. Sapraicone,38
Rensselaer,Brunswick 3,U.S. Senate,,WOR,Kirsten E. Gillibrand,39
Rensselaer,Brunswick 3,U.S. Senate,,LAR,Diane Sare,2
Rensselaer,Brunswick 3,U.S. Senate,,,Write-in,1
Rensselaer,Brunswick 3,U.S. House,19,DEM,Josh Riley,282
Rensselaer,Brunswick 3,U.S. House,19,REP,Marcus Molinaro,235
Rensselaer,Brunswick 3,U.S. House,19,CON,Marcus Molinaro,41
Rensselaer,Brunswick 3,U.S. House,19,WOR,Josh Riley,33
Rensselaer,Brunswick 3,U.S. House,19,,Write-in,1
Rensselaer,Brunswick 3,State Senate,43,DEM,Alvin Gamble,272
Rensselaer,Brunswick 3,State Senate,43,REP,Jake Ashby,278
Rensselaer,Brunswick 3,State Senate,43,CON,Jake Ashby,48
Rensselaer,Brunswick 3,State Assembly,107,DEM,Chloe E. Pierce,288
Rensselaer,Brunswick 3,State Assembly,107,REP,Scott H. Bendett,245
Rensselaer,Brunswick 3,State Assembly,107,CON,Scott H. Bendett,46
Rensselaer,Brunswick 3,State Assembly,107,,Write-in,1
Rensselaer,Brunswick 4,President,,DEM,Kamala D. Harris,418
Rensselaer,Brunswick 4,President,,REP,Donald J. Trump,488
Rensselaer,Brunswick 4,President,,CON,Donald J. Trump,92
Rensselaer,Brunswick 4,President,,WOR,Kamala D. Harris,25
Rensselaer,Brunswick 4,President,,,Write-in,7
Rensselaer,Brunswick 4,U.S. Senate,,DEM,Kirsten E. Gillibrand,418
Rensselaer,Brunswick 4,U.S. Senate,,REP,Michael D. Sapraicone,448
Rensselaer,Brunswick 4,U.S. Senate,,CON,Michael D. Sapraicone,89
Rensselaer,Brunswick 4,U.S. Senate,,WOR,Kirsten E. Gillibrand,52
Rensselaer,Brunswick 4,U.S. Senate,,LAR,Diane Sare,3
Rensselaer,Brunswick 4,U.S. House,19,DEM,Josh Riley,372
Rensselaer,Brunswick 4,U.S. House,19,REP,Marcus Molinaro,479
Rensselaer,Brunswick 4,U.S. House,19,CON,Marcus Molinaro,97
Rensselaer,Brunswick 4,U.S. House,19,WOR,Josh Riley,51
Rensselaer,Brunswick 4,State Senate,43,DEM,Alvin Gamble,364
Rensselaer,Brunswick 4,State Senate,43,REP,Jake Ashby,538
Rensselaer,Brunswick 4,State Senate,43,CON,Jake Ashby,107
Rensselaer,Brunswick 4,State Assembly,107,DEM,Chloe E. Pierce,396
Rensselaer,Brunswick 4,State Assembly,107,REP,Scott H. Bendett,497
Rensselaer,Brunswick 4,State Assembly,107,CON,Scott H. Bendett,101
Rensselaer,Brunswick 5,President,,DEM,Kamala D. Harris,429
Rensselaer,Brunswick 5,President,,REP,Donald J. Trump,308
Rensselaer,Brunswick 5,President,,CON,Donald J. Trump,61
Rensselaer,Brunswick 5,President,,WOR,Kamala D. Harris,33
Rensselaer,Brunswick 5,President,,,Write-in,12
Rensselaer,Brunswick 5,U.S. Senate,,DEM,Kirsten E. Gillibrand,425
Rensselaer,Brunswick 5,U.S. Senate,,REP,Michael D. Sapraicone,270
Rensselaer,Brunswick 5,U.S. Senate,,CON,Michael D. Sapraicone,62
Rensselaer,Brunswick 5,U.S. Senate,,WOR,Kirsten E. Gillibrand,50
Rensselaer,Brunswick 5,U.S. Senate,,LAR,Diane Sare,8
Rensselaer,Brunswick 5,U.S. Senate,,,Write-in,1
Rensselaer,Brunswick 5,U.S. House,20,DEM,Paul D. Tonko,427
Rensselaer,Brunswick 5,U.S. House,20,REP,Kevin M. Waltz,272
Rensselaer,Brunswick 5,U.S. House,20,CON,Kevin M. Waltz,64
Rensselaer,Brunswick 5,U.S. House,20,WOR,Paul D. Tonko,55
Rensselaer,Brunswick 5,U.S. House,20,,Write-in,1
Rensselaer,Brunswick 5,State Senate,43,DEM,Alvin Gamble,391
Rensselaer,Brunswick 5,State Senate,43,REP,Jake Ashby,342
Rensselaer,Brunswick 5,State Senate,43,CON,Jake Ashby,80
Rensselaer,Brunswick 5,State Senate,43,,Write-in,1
Rensselaer,Brunswick 5,State Assembly,107,DEM,Chloe E. Pierce,413
Rensselaer,Brunswick 5,State Assembly,107,REP,Scott H. Bendett,314
Rensselaer,Brunswick 5,State Assembly,107,CON,Scott H. Bendett,76
Rensselaer,Brunswick 6,President,,DEM,Kamala D. Harris,181
Rensselaer,Brunswick 6,President,,REP,Donald J. Trump,183
Rensselaer,Brunswick 6,President,,CON,Donald J. Trump,32
Rensselaer,Brunswick 6,President,,WOR,Kamala D. Harris,17
Rensselaer,Brunswick 6,President,,,Write-in,4
Rensselaer,Brunswick 6,U.S. Senate,,DEM,Kirsten E. Gillibrand,189
Rensselaer,Brunswick 6,U.S. Senate,,REP,Michael D. Sapraicone,161
Rensselaer,Brunswick 6,U.S. Senate,,CON,Michael D. Sapraicone,34
Rensselaer,Brunswick 6,U.S. Senate,,WOR,Kirsten E. Gillibrand,30
Rensselaer,Brunswick 6,U.S. Senate,,LAR,Diane Sare,1
Rensselaer,Brunswick 6,U.S. House,20,DEM,Paul D. Tonko,183
Rensselaer,Brunswick 6,U.S. House,20,REP,Kevin M. Waltz,160
Rensselaer,Brunswick 6,U.S. House,20,CON,Kevin M. Waltz,33
Rensselaer,Brunswick 6,U.S. House,20,WOR,Paul D. Tonko,27
Rensselaer,Brunswick 6,State Senate,43,DEM,Alvin Gamble,168
Rensselaer,Brunswick 6,State Senate,43,REP,Jake Ashby,191
Rensselaer,Brunswick 6,State Senate,43,CON,Jake Ashby,37
Rensselaer,Brunswick 6,State Assembly,107,DEM,Chloe E. Pierce,185
Rensselaer,Brunswick 6,State Assembly,107,REP,Scott H. Bendett,175
Rensselaer,Brunswick 6,State Assembly,107,CON,Scott H. Bendett,35
Rensselaer,Brunswick 7,President,,DEM,Kamala D. Harris,88
Rensselaer,Brunswick 7,President,,REP,Donald J. Trump,93
Rensselaer,Brunswick 7,President,,CON,Donald J. Trump,14
Rensselaer,Brunswick 7,President,,WOR,Kamala D. Harris,6
Rensselaer,Brunswick 7,President,,,Write-in,4
Rensselaer,Brunswick 7,U.S. Senate,,DEM,Kirsten E. Gillibrand,91
Rensselaer,Brunswick 7,U.S. Senate,,REP,Michael D. Sapraicone,85
Rensselaer,Brunswick 7,U.S. Senate,,CON,Michael D. Sapraicone,13
Rensselaer,Brunswick 7,U.S. Senate,,WOR,Kirsten E. Gillibrand,10
Rensselaer,Brunswick 7,U.S. Senate,,LAR,Diane Sare,1
Rensselaer,Brunswick 7,U.S. Senate,,,Write-in,1
Rensselaer,Brunswick 7,U.S. House,20,DEM,Paul D. Tonko,115
Rensselaer,Brunswick 7,U.S. House,20,REP,Kevin M. Waltz,81
Rensselaer,Brunswick 7,U.S. House,20,CON,Kevin M. Waltz,12
Rensselaer,Brunswick 7,U.S. House,20,WOR,Paul D. Tonko,9
Rensselaer,Brunswick 7,U.S. House,20,,Write-in,1
Rensselaer,Brunswick 7,State Senate,43,DEM,Alvin Gamble,85
Rensselaer,Brunswick 7,State Senate,43,REP,Jake Ashby,98
Rensselaer,Brunswick 7,State Senate,43,CON,Jake Ashby,15
Rensselaer,Brunswick 7,State Senate,43,,Write-in,1
Rensselaer,Brunswick 7,State Assembly,107,DEM,Chloe E. Pierce,87
Rensselaer,Brunswick 7,State Assembly,107,REP,Scott H. Bendett,95
Rensselaer,Brunswick 7,State Assembly,107,CON,Scott H. Bendett,17
Rensselaer,Brunswick 7,State Assembly,107,,Write-in,1
Rensselaer,Brunswick 8,President,,DEM,Kamala D. Harris,323
Rensselaer,Brunswick 8,President,,REP,Donald J. Trump,430
Rensselaer,Brunswick 8,President,,CON,Donald J. Trump,61
Rensselaer,Brunswick 8,President,,WOR,Kamala D. Harris,39
Rensselaer,Brunswick 8,President,,,Write-in,8
Rensselaer,Brunswick 8,U.S. Senate,,DEM,Kirsten E. Gillibrand,344
Rensselaer,Brunswick 8,U.S. Senate,,REP,Michael D. Sapraicone,396
Rensselaer,Brunswick 8,U.S. Senate,,CON,Michael D. Sapraicone,61
Rensselaer,Brunswick 8,U.S. Senate,,WOR,Kirsten E. Gillibrand,42
Rensselaer,Brunswick 8,U.S. Senate,,LAR,Diane Sare,5
Rensselaer,Brunswick 8,U.S. Senate,,,Write-in,2
Rensselaer,Brunswick 8,U.S. House,19,DEM,Josh Riley,298
Rensselaer,Brunswick 8,U.S. House,19,REP,Marcus Molinaro,419
Rensselaer,Brunswick 8,U.S. House,19,CON,Marcus Molinaro,76
Rensselaer,Brunswick 8,U.S. House,19,WOR,Josh Riley,42
Rensselaer,Brunswick 8,U.S. House,19,,Write-in,2
Rensselaer,Brunswick 8,State Senate,43,DEM,Alvin Gamble,278
Rensselaer,Brunswick 8,State Senate,43,REP,Jake Ashby,481
Rensselaer,Brunswick 8,State Senate,43,CON,Jake Ashby,80
Rensselaer,Brunswick 8,State Senate,43,,Write-in,2
Rensselaer,Brunswick 8,State Assembly,107,DEM,Chloe E. Pierce,305
Rensselaer,Brunswick 8,State Assembly,107,REP,Scott H. Bendett,447
Rensselaer,Brunswick 8,State Assembly,107,CON,Scott H. Bendett,77
Rensselaer,Brunswick 8,State Assembly,107,,Write-in,2
Rensselaer,Brunswick 9,President,,DEM,Kamala D. Harris,393
Rensselaer,Brunswick 9,President,,REP,Donald J. Trump,526
Rensselaer,Brunswick 9,President,,CON,Donald J. Trump,98
Rensselaer,Brunswick 9,President,,WOR,Kamala D. Harris,33
Rensselaer,Brunswick 9,President,,,Write-in,6
Rensselaer,Brunswick 9,U.S. Senate,,DEM,Kirsten E. Gillibrand,410
Rensselaer,Brunswick 9,U.S. Senate,,REP,Michael D. Sapraicone,467
Rensselaer,Brunswick 9,U.S. Senate,,CON,Michael D. Sapraicone,103
Rensselaer,Brunswick 9,U.S. Senate,,WOR,Kirsten E. Gillibrand,55
Rensselaer,Brunswick 9,U.S. Senate,,LAR,Diane Sare,9
Rensselaer,Brunswick 9,U.S. House,19,DEM,Josh Riley,370
Rensselaer,Brunswick 9,U.S. House,19,REP,Marcus Molinaro,512
Rensselaer,Brunswick 9,U.S. House,19,CON,Marcus Molinaro,110
Rensselaer,Brunswick 9,U.S. House,19,WOR,Josh Riley,40
Rensselaer,Brunswick 9,State Senate,43,DEM,Alvin Gamble,333
Rensselaer,Brunswick 9,State Senate,43,REP,Jake Ashby,571
Rensselaer,Brunswick 9,State Senate,43,CON,Jake Ashby,127
Rensselaer,Brunswick 9,State Assembly,107,DEM,Chloe E. Pierce,359
Rensselaer,Brunswick 9,State Assembly,107,REP,Scott H. Bendett,542
Rensselaer,Brunswick 9,State Assembly,107,CON,Scott H. Bendett,115
Rensselaer,Brunswick 9,State Assembly,107,,Write-in,1
Rensselaer,Brunswick 10,President,,DEM,Kamala D. Harris,332
Rensselaer,Brunswick 10,President,,REP,Donald J. Trump,219
Rensselaer,Brunswick 10,President,,CON,Donald J. Trump,36
Rensselaer,Brunswick 10,President,,WOR,Kamala D. Harris,21
Rensselaer,Brunswick 10,President,,,Write-in,14
Rensselaer,Brunswick 10,U.S. Senate,,DEM,Kirsten E. Gillibrand,341
Rensselaer,Brunswick 10,U.S. Senate,,REP,Michael D. Sapraicone,195
Rensselaer,Brunswick 10,U.S. Senate,,CON,Michael D. Sapraicone,44
Rensselaer,Brunswick 10,U.S. Senate,,WOR,Kirsten E. Gillibrand,38
Rensselaer,Brunswick 10,U.S. Senate,,LAR,Diane Sare,5
Rensselaer,Brunswick 10,U.S. House,20,DEM,Paul D. Tonko,352
Rensselaer,Brunswick 10,U.S. House,20,REP,Kevin M. Waltz,189
Rensselaer,Brunswick 10,U.S. House,20,CON,Kevin M. Waltz,41
Rensselaer,Brunswick 10,U.S. House,20,WOR,Paul D. Tonko,35
Rensselaer,Brunswick 10,State Senate,43,DEM,Alvin Gamble,278
Rensselaer,Brunswick 10,State Senate,43,REP,Jake Ashby,286
Rensselaer,Brunswick 10,State Senate,43,CON,Jake Ashby,60
Rensselaer,Brunswick 10,State Assembly,107,DEM,Chloe E. Pierce,315
Rensselaer,Brunswick 10,State Assembly,107,REP,Scott H. Bendett,246
Rensselaer,Brunswick 10,State Assembly,107,CON,Scott H. Bendett,51
Rensselaer,Brunswick 11,President,,DEM,Kamala D. Harris,163
Rensselaer,Brunswick 11,President,,REP,Donald J. Trump,64
Rensselaer,Brunswick 11,President,,CON,Donald J. Trump,13
Rensselaer,Brunswick 11,President,,WOR,Kamala D. Harris,12
Rensselaer,Brunswick 11,President,,,Write-in,2
Rensselaer,Brunswick 11,U.S. Senate,,DEM,Kirsten E. Gillibrand,158
Rensselaer,Brunswick 11,U.S. Senate,,REP,Michael D. Sapraicone,58
Rensselaer,Brunswick 11,U.S. Senate,,CON,Michael D. Sapraicone,15
Rensselaer,Brunswick 11,U.S. Senate,,WOR,Kirsten E. Gillibrand,15
Rensselaer,Brunswick 11,U.S. House,19,DEM,Josh Riley,155
Rensselaer,Brunswick 11,U.S. House,19,REP,Marcus Molinaro,59
Rensselaer,Brunswick 11,U.S. House,19,CON,Marcus Molinaro,15
Rensselaer,Brunswick 11,U.S. House,19,WOR,Josh Riley,15
Rensselaer,Brunswick 11,State Senate,43,DEM,Alvin Gamble,159
Rensselaer,Brunswick 11,State Senate,43,REP,Jake Ashby,75
Rensselaer,Brunswick 11,State Senate,43,CON,Jake Ashby,16
Rensselaer,Brunswick 11,State Assembly,107,DEM,Chloe E. Pierce,165
Rensselaer,Brunswick 11,State Assembly,107,REP,Scott H. Bendett,67
Rensselaer,Brunswick 11,State Assembly,107,CON,Scott H. Bendett,18
Rensselaer,Brunswick 12,President,,DEM,Kamala D. Harris,121
Rensselaer,Brunswick 12,President,,REP,Donald J. Trump,86
Rensselaer,Brunswick 12,President,,CON,Donald J. Trump,16
Rensselaer,Brunswick 12,President,,WOR,Kamala D. Harris,7
Rensselaer,Brunswick 12,President,,,Write-in,5
Rensselaer,Brunswick 12,U.S. Senate,,DEM,Kirsten E. Gillibrand,134
Rensselaer,Brunswick 12,U.S. Senate,,REP,Michael D. Sapraicone,68
Rensselaer,Brunswick 12,U.S. Senate,,CON,Michael D. Sapraicone,15
Rensselaer,Brunswick 12,U.S. Senate,,WOR,Kirsten E. Gillibrand,13
Rensselaer,Brunswick 12,U.S. House,19,DEM,Josh Riley,125
Rensselaer,Brunswick 12,U.S. House,19,REP,Marcus Molinaro,80
Rensselaer,Brunswick 12,U.S. House,19,CON,Marcus Molinaro,15
Rensselaer,Brunswick 12,U.S. House,19,WOR,Josh Riley,8
Rensselaer,Brunswick 12,U.S. House,19,,Write-in,1
Rensselaer,Brunswick 12,State Senate,43,DEM,Alvin Gamble,114
Rensselaer,Brunswick 12,State Senate,43,REP,Jake Ashby,92
Rensselaer,Brunswick 12,State Senate,43,CON,Jake Ashby,17
Rensselaer,Brunswick 12,State Senate,43,,Write-in,1
Rensselaer,Brunswick 12,State Assembly,107,DEM,Chloe E. Pierce,121
Rensselaer,Brunswick 12,State Assembly,107,REP,Scott H. Bendett,83
Rensselaer,Brunswick 12,State Assembly,107,CON,Scott H. Bendett,18
Rensselaer,Brunswick 13,President,,DEM,Kamala D. Harris,11
Rensselaer,Brunswick 13,President,,REP,Donald J. Trump,16
Rensselaer,Brunswick 13,President,,CON,Donald J. Trump,5
Rensselaer,Brunswick 13,President,,WOR,Kamala D. Harris,1
Rensselaer,Brunswick 13,U.S. Senate,,DEM,Kirsten E. Gillibrand,12
Rensselaer,Brunswick 13,U.S. Senate,,REP,Michael D. Sapraicone,15
Rensselaer,Brunswick 13,U.S. Senate,,CON,Michael D. Sapraicone,4
Rensselaer,Brunswick 13,U.S. Senate,,WOR,Kirsten E. Gillibrand,2
Rensselaer,Brunswick 13,U.S. House,19,DEM,Josh Riley,9
Rensselaer,Brunswick 13,U.S. House,19,REP,Marcus Molinaro,16
Rensselaer,Brunswick 13,U.S. House,19,CON,Marcus Molinaro,6
Rensselaer,Brunswick 13,U.S. House,19,WOR,Josh Riley,1
Rensselaer,Brunswick 13,State Senate,43,DEM,Alvin Gamble,9
Rensselaer,Brunswick 13,State Senate,43,REP,Jake Ashby,16
Rensselaer,Brunswick 13,State Senate,43,CON,Jake Ashby,6
Rensselaer,Brunswick 13,State Assembly,107,DEM,Chloe E. Pierce,14
Rensselaer,Brunswick 13,State Assembly,107,REP,Scott H. Bendett,16
Rensselaer,Brunswick 13,State Assembly,107,CON,Scott H. Bendett,4
Rensselaer,Brunswick 14,President,,REP,Donald J. Trump,1
Rensselaer,Brunswick 14,President,,CON,Donald J. Trump,1
Rensselaer,Brunswick 14,U.S. Senate,,CON,Michael D. Sapraicone,1
Rensselaer,Brunswick 14,U.S. Senate,,LAR,Diane Sare,1
Rensselaer,Brunswick 14,U.S. House,20,DEM,Paul D. Tonko,1
Rensselaer,Brunswick 14,U.S. House,20,REP,Kevin M. Waltz,1
Rensselaer,Brunswick 14,State Senate,43,DEM,Alvin Gamble,1
Rensselaer,Brunswick 14,State Senate,43,CON,Jake Ashby,1
Rensselaer,Brunswick 14,State Assembly,107,REP,Scott H. Bendett,2
Rensselaer,Brunswick 15,President,,DEM,Kamala D. Harris,3
Rensselaer,Brunswick 15,President,,REP,Donald J. Trump,10
Rensselaer,Brunswick 15,U.S. Senate,,DEM,Kirsten E. Gillibrand,3
Rensselaer,Brunswick 15,U.S. Senate,,REP,Michael D. Sapraicone,12
Rensselaer,Brunswick 15,U.S. House,20,DEM,Paul D. Tonko,2
Rensselaer,Brunswick 15,U.S. House,20,REP,Kevin M. Waltz,12
Rensselaer,Brunswick 15,State Senate,43,DEM,Alvin Gamble,3
Rensselaer,Brunswick 15,State Senate,43,REP,Jake Ashby,11
Rensselaer,Brunswick 15,State Assembly,107,DEM,Chloe E. Pierce,3
Rensselaer,Brunswick 15,State Assembly,107,REP,Scott H. Bendett,11
Rensselaer,East Greenbush 1,President,,DEM,Kamala D. Harris,820
Rensselaer,East Greenbush 1,President,,REP,Donald J. Trump,455
Rensselaer,East Greenbush 1,President,,CON,Donald J. Trump,70
Rensselaer,East Greenbush 1,President,,WOR,Kamala D. Harris,41
Rensselaer,East Greenbush 1,President,,,Write-in,16
Rensselaer,East Greenbush 1,U.S. Senate,,DEM,Kirsten E. Gillibrand,810
Rensselaer,East Greenbush 1,U.S. Senate,,REP,Michael D. Sapraicone,431
Rensselaer,East Greenbush 1,U.S. Senate,,CON,Michael D. Sapraicone,70
Rensselaer,East Greenbush 1,U.S. Senate,,WOR,Kirsten E. Gillibrand,60
Rensselaer,East Greenbush 1,U.S. Senate,,LAR,Diane Sare,5
Rensselaer,East Greenbush 1,U.S. Senate,,,Write-in,1
Rensselaer,East Greenbush 1,U.S. House,19,DEM,Josh Riley,765
Rensselaer,East Greenbush 1,U.S. House,19,REP,Marcus Molinaro,470
Rensselaer,East Greenbush 1,U.S. House,19,CON,Marcus Molinaro,82
Rensselaer,East Greenbush 1,U.S. House,19,WOR,Josh Riley,54
Rensselaer,East Greenbush 1,U.S. House,19,,Write-in,4
Rensselaer,East Greenbush 1,State Senate,43,DEM,Alvin Gamble,669
Rensselaer,East Greenbush 1,State Senate,43,REP,Jake Ashby,609
Rensselaer,East Greenbush 1,State Senate,43,CON,Jake Ashby,97
Rensselaer,East Greenbush 1,State Senate,43,,Write-in,1
Rensselaer,East Greenbush 1,State Assembly,108,DEM,John T. McDonald III,986
Rensselaer,East Greenbush 1,State Assembly,108,,Write-in,12
Rensselaer,East Greenbush 2,President,,DEM,Kamala D. Harris,561
Rensselaer,East Greenbush 2,President,,REP,Donald J. Trump,495
Rensselaer,East Greenbush 2,President,,CON,Donald J. Trump,78
Rensselaer,East Greenbush 2,President,,WOR,Kamala D. Harris,30
Rensselaer,East Greenbush 2,President,,,Write-in,13
Rensselaer,East Greenbush 2,U.S. Senate,,DEM,Kirsten E. Gillibrand,562
Rensselaer,East Greenbush 2,U.S. Senate,,REP,Michael D. Sapraicone,455
Rensselaer,East Greenbush 2,U.S. Senate,,CON,Michael D. Sapraicone,88
Rensselaer,East Greenbush 2,U.S. Senate,,WOR,Kirsten E. Gillibrand,47
Rensselaer,East Greenbush 2,U.S. Senate,,LAR,Diane Sare,7
Rensselaer,East Greenbush 2,U.S. House,19,DEM,Josh Riley,530
Rensselaer,East Greenbush 2,U.S. House,19,REP,Marcus Molinaro,506
Rensselaer,East Greenbush 2,U.S. House,19,CON,Marcus Molinaro,89
Rensselaer,East Greenbush 2,U.S. House,19,WOR,Josh Riley,44
Rensselaer,East Greenbush 2,State Senate,43,DEM,Alvin Gamble,483
Rensselaer,East Greenbush 2,State Senate,43,REP,Jake Ashby,573
Rensselaer,East Greenbush 2,State Senate,43,CON,Jake Ashby,124
Rensselaer,East Greenbush 2,State Assembly,108,DEM,John T. McDonald III,752
Rensselaer,East Greenbush 2,State Assembly,108,,Write-in,11
Rensselaer,East Greenbush 3,President,,DEM,Kamala D. Harris,312
Rensselaer,East Greenbush 3,President,,REP,Donald J. Trump,242
Rensselaer,East Greenbush 3,President,,CON,Donald J. Trump,28
Rensselaer,East Greenbush 3,President,,WOR,Kamala D. Harris,18
Rensselaer,East Greenbush 3,President,,,Write-in,4
Rensselaer,East Greenbush 3,U.S. Senate,,DEM,Kirsten E. Gillibrand,322
Rensselaer,East Greenbush 3,U.S. Senate,,REP,Michael D. Sapraicone,205
Rensselaer,East Greenbush 3,U.S. Senate,,CON,Michael D. Sapraicone,26
Rensselaer,East Greenbush 3,U.S. Senate,,WOR,Kirsten E. Gillibrand,36
Rensselaer,East Greenbush 3,U.S. Senate,,,Write-in,2
Rensselaer,East Greenbush 3,U.S. House,19,DEM,Josh Riley,303
Rensselaer,East Greenbush 3,U.S. House,19,REP,Marcus Molinaro,230
Rensselaer,East Greenbush 3,U.S. House,19,CON,Marcus Molinaro,27
Rensselaer,East Greenbush 3,U.S. House,19,WOR,Josh Riley,32
Rensselaer,East Greenbush 3,U.S. House,19,,Write-in,2
Rensselaer,East Greenbush 3,State Senate,43,DEM,Alvin Gamble,273
Rensselaer,East Greenbush 3,State Senate,43,REP,Jake Ashby,269
Rensselaer,East Greenbush 3,State Senate,43,CON,Jake Ashby,45
Rensselaer,East Greenbush 3,State Assembly,108,DEM,John T. McDonald III,397
Rensselaer,East Greenbush 3,State Assembly,108,,Write-in,7
Rensselaer,East Greenbush 4,President,,DEM,Kamala D. Harris,293
Rensselaer,East Greenbush 4,President,,REP,Donald J. Trump,270
Rensselaer,East Greenbush 4,President,,CON,Donald J. Trump,30
Rensselaer,East Greenbush 4,President,,WOR,Kamala D. Harris,27
Rensselaer,East Greenbush 4,President,,,Write-in,7
Rensselaer,East Greenbush 4,U.S. Senate,,DEM,Kirsten E. Gillibrand,303
Rensselaer,East Greenbush 4,U.S. Senate,,REP,Michael D. Sapraicone,237
Rensselaer,East Greenbush 4,U.S. Senate,,CON,Michael D. Sapraicone,25
Rensselaer,East Greenbush 4,U.S. Senate,,WOR,Kirsten E. Gillibrand,42
Rensselaer,East Greenbush 4,U.S. Senate,,LAR,Diane Sare,3
Rensselaer,East Greenbush 4,U.S. House,19,DEM,Josh Riley,285
Rensselaer,East Greenbush 4,U.S. House,19,REP,Marcus Molinaro,264
Rensselaer,East Greenbush 4,U.S. House,19,CON,Marcus Molinaro,30
Rensselaer,East Greenbush 4,U.S. House,19,WOR,Josh Riley,33
Rensselaer,East Greenbush 4,State Senate,43,DEM,Alvin Gamble,274
Rensselaer,East Greenbush 4,State Senate,43,REP,Jake Ashby,300
Rensselaer,East Greenbush 4,State Senate,43,CON,Jake Ashby,40
Rensselaer,East Greenbush 4,State Assembly,108,DEM,John T. McDonald III,415
Rensselaer,East Greenbush 4,State Assembly,108,,Write-in,1
Rensselaer,East Greenbush 5,President,,DEM,Kamala D. Harris,156
Rensselaer,East Greenbush 5,President,,REP,Donald J. Trump,139
Rensselaer,East Greenbush 5,President,,CON,Donald J. Trump,19
Rensselaer,East Greenbush 5,President,,WOR,Kamala D. Harris,11
Rensselaer,East Greenbush 5,President,,,Write-in,3
Rensselaer,East Greenbush 5,U.S. Senate,,DEM,Kirsten E. Gillibrand,166
Rensselaer,East Greenbush 5,U.S. Senate,,REP,Michael D. Sapraicone,115
Rensselaer,East Greenbush 5,U.S. Senate,,CON,Michael D. Sapraicone,18
Rensselaer,East Greenbush 5,U.S. Senate,,WOR,Kirsten E. Gillibrand,22
Rensselaer,East Greenbush 5,U.S. House,19,DEM,Josh Riley,166
Rensselaer,East Greenbush 5,U.S. House,19,REP,Marcus Molinaro,129
Rensselaer,East Greenbush 5,U.S. House,19,CON,Marcus Molinaro,20
Rensselaer,East Greenbush 5,U.S. House,19,WOR,Josh Riley,16
Rensselaer,East Greenbush 5,State Senate,43,DEM,Alvin Gamble,155
Rensselaer,East Greenbush 5,State Senate,43,REP,Jake Ashby,150
Rensselaer,East Greenbush 5,State Senate,43,CON,Jake Ashby,29
Rensselaer,East Greenbush 5,State Senate,43,,Write-in,1
Rensselaer,East Greenbush 5,State Assembly,108,DEM,John T. McDonald III,235
Rensselaer,East Greenbush 5,State Assembly,108,,Write-in,5
Rensselaer,East Greenbush 6,President,,DEM,Kamala D. Harris,606
Rensselaer,East Greenbush 6,President,,REP,Donald J. Trump,495
Rensselaer,East Greenbush 6,President,,CON,Donald J. Trump,95
Rensselaer,East Greenbush 6,President,,WOR,Kamala D. Harris,35
Rensselaer,East Greenbush 6,President,,,Write-in,14
Rensselaer,East Greenbush 6,U.S. Senate,,DEM,Kirsten E. Gillibrand,620
Rensselaer,East Greenbush 6,U.S. Senate,,REP,Michael D. Sapraicone,441
Rensselaer,East Greenbush 6,U.S. Senate,,CON,Michael D. Sapraicone,80
Rensselaer,East Greenbush 6,U.S. Senate,,WOR,Kirsten E. Gillibrand,56
Rensselaer,East Greenbush 6,U.S. Senate,,LAR,Diane Sare,6
Rensselaer,East Greenbush 6,U.S. Senate,,,Write-in,1
Rensselaer,East Greenbush 6,U.S. House,19,DEM,Josh Riley,568
Rensselaer,East Greenbush 6,U.S. House,19,REP,Marcus Molinaro,484
Rensselaer,East Greenbush 6,U.S. House,19,CON,Marcus Molinaro,92
Rensselaer,East Greenbush 6,U.S. House,19,WOR,Josh Riley,55
Rensselaer,East Greenbush 6,State Senate,43,DEM,Alvin Gamble,508
Rensselaer,East Greenbush 6,State Senate,43,REP,Jake Ashby,574
Rensselaer,East Greenbush 6,State Senate,43,CON,Jake Ashby,119
Rensselaer,East Greenbush 6,State Assembly,108,DEM,John T. McDonald III,787
Rensselaer,East Greenbush 6,State Assembly,108,,Write-in,13
Rensselaer,East Greenbush 7,President,,DEM,Kamala D. Harris,417
Rensselaer,East Greenbush 7,President,,REP,Donald J. Trump,309
Rensselaer,East Greenbush 7,President,,CON,Donald J. Trump,41
Rensselaer,East Greenbush 7,President,,WOR,Kamala D. Harris,14
Rensselaer,East Greenbush 7,President,,,Write-in,12
Rensselaer,East Greenbush 7,U.S. Senate,,DEM,Kirsten E. Gillibrand,418
Rensselaer,East Greenbush 7,U.S. Senate,,REP,Michael D. Sapraicone,293
Rensselaer,East Greenbush 7,U.S. Senate,,CON,Michael D. Sapraicone,39
Rensselaer,East Greenbush 7,U.S. Senate,,WOR,Kirsten E. Gillibrand,27
Rensselaer,East Greenbush 7,U.S. Senate,,LAR,Diane Sare,4
Rensselaer,East Greenbush 7,U.S. House,19,DEM,Josh Riley,391
Rensselaer,East Greenbush 7,U.S. House,19,REP,Marcus Molinaro,315
Rensselaer,East Greenbush 7,U.S. House,19,CON,Marcus Molinaro,48
Rensselaer,East Greenbush 7,U.S. House,19,WOR,Josh Riley,25
Rensselaer,East Greenbush 7,State Senate,43,DEM,Alvin Gamble,354
Rensselaer,East Greenbush 7,State Senate,43,REP,Jake Ashby,361
Rensselaer,East Greenbush 7,State Senate,43,CON,Jake Ashby,59
Rensselaer,East Greenbush 7,State Assembly,108,DEM,John T. McDonald III,520
Rensselaer,East Greenbush 7,State Assembly,108,,Write-in,10
Rensselaer,East Greenbush 8,President,,DEM,Kamala D. Harris,448
Rensselaer,East Greenbush 8,President,,REP,Donald J. Trump,292
Rensselaer,East Greenbush 8,President,,CON,Donald J. Trump,45
Rensselaer,East Greenbush 8,President,,WOR,Kamala D. Harris,27
Rensselaer,East Greenbush 8,President,,,Write-in,6
Rensselaer,East Greenbush 8,U.S. Senate,,DEM,Kirsten E. Gillibrand,464
Rensselaer,East Greenbush 8,U.S. Senate,,REP,Michael D. Sapraicone,268
Rensselaer,East Greenbush 8,U.S. Senate,,CON,Michael D. Sapraicone,42
Rensselaer,East Greenbush 8,U.S. Senate,,WOR,Kirsten E. Gillibrand,42
Rensselaer,East Greenbush 8,U.S. Senate,,,Write-in,2
Rensselaer,East Greenbush 8,U.S. House,19,DEM,Josh Riley,421
Rensselaer,East Greenbush 8,U.S. House,19,REP,Marcus Molinaro,299
Rensselaer,East Greenbush 8,U.S. House,19,CON,Marcus Molinaro,57
Rensselaer,East Greenbush 8,U.S. House,19,WOR,Josh Riley,33
Rensselaer,East Greenbush 8,U.S. House,19,,Write-in,2
Rensselaer,East Greenbush 8,State Senate,43,DEM,Alvin Gamble,358
Rensselaer,East Greenbush 8,State Senate,43,REP,Jake Ashby,390
Rensselaer,East Greenbush 8,State Senate,43,CON,Jake Ashby,65
Rensselaer,East Greenbush 8,State Senate,43,,Write-in,1
Rensselaer,East Greenbush 8,State Assembly,108,DEM,John T. McDonald III,556
Rensselaer,East Greenbush 8,State Assembly,108,,Write-in,9
Rensselaer,East Greenbush 9,President,,DEM,Kamala D. Harris,299
Rensselaer,East Greenbush 9,President,,REP,Donald J. Trump,226
Rensselaer,East Greenbush 9,President,,CON,Donald J. Trump,42
Rensselaer,East Greenbush 9,President,,WOR,Kamala D. Harris,20
Rensselaer,East Greenbush 9,President,,,Write-in,10
Rensselaer,East Greenbush 9,U.S. Senate,,DEM,Kirsten E. Gillibrand,304
Rensselaer,East Greenbush 9,U.S. Senate,,REP,Michael D. Sapraicone,203
Rensselaer,East Greenbush 9,U.S. Senate,,CON,Michael D. Sapraicone,47
Rensselaer,East Greenbush 9,U.S. Senate,,WOR,Kirsten E. Gillibrand,33
Rensselaer,East Greenbush 9,U.S. Senate,,LAR,Diane Sare,1
Rensselaer,East Greenbush 9,U.S. Senate,,,Write-in,2
Rensselaer,East Greenbush 9,U.S. House,19,DEM,Josh Riley,277
Rensselaer,East Greenbush 9,U.S. House,19,REP,Marcus Molinaro,233
Rensselaer,East Greenbush 9,U.S. House,19,CON,Marcus Molinaro,52
Rensselaer,East Greenbush 9,U.S. House,19,WOR,Josh Riley,25
Rensselaer,East Greenbush 9,U.S. House,19,,Write-in,1
Rensselaer,East Greenbush 9,State Senate,43,DEM,Alvin Gamble,268
Rensselaer,East Greenbush 9,State Senate,43,REP,Jake Ashby,263
Rensselaer,East Greenbush 9,State Senate,43,CON,Jake Ashby,59
Rensselaer,East Greenbush 9,State Senate,43,,Write-in,1
Rensselaer,East Greenbush 9,State Assembly,108,DEM,John T. McDonald III,378
Rensselaer,East Greenbush 9,State Assembly,108,,Write-in,7
Rensselaer,East Greenbush 10,President,,DEM,Kamala D. Harris,543
Rensselaer,East Greenbush 10,President,,REP,Donald J. Trump,281
Rensselaer,East Greenbush 10,President,,CON,Donald J. Trump,37
Rensselaer,East Greenbush 10,President,,WOR,Kamala D. Harris,27
Rensselaer,East Greenbush 10,President,,,Write-in,7
Rensselaer,East Greenbush 10,U.S. Senate,,DEM,Kirsten E. Gillibrand,534
Rensselaer,East Greenbush 10,U.S. Senate,,REP,Michael D. Sapraicone,259
Rensselaer,East Greenbush 10,U.S. Senate,,CON,Michael D. Sapraicone,39
Rensselaer,East Greenbush 10,U.S. Senate,,WOR,Kirsten E. Gillibrand,46
Rensselaer,East Greenbush 10,U.S. Senate,,LAR,Diane Sare,12
Rensselaer,East Greenbush 10,U.S. House,19,DEM,Josh Riley,511
Rensselaer,East Greenbush 10,U.S. House,19,REP,Marcus Molinaro,287
Rensselaer,East Greenbush 10,U.S. House,19,CON,Marcus Molinaro,46
Rensselaer,East Greenbush 10,U.S. House,19,WOR,Josh Riley,40
Rensselaer,East Greenbush 10,State Senate,43,DEM,Alvin Gamble,445
Rensselaer,East Greenbush 10,State Senate,43,REP,Jake Ashby,356
Rensselaer,East Greenbush 10,State Senate,43,CON,Jake Ashby,59
Rensselaer,East Greenbush 10,State Assembly,108,DEM,John T. McDonald III,648
Rensselaer,East Greenbush 10,State Assembly,108,,Write-in,9
Rensselaer,East Greenbush 11,President,,DEM,Kamala D. Harris,493
Rensselaer,East Greenbush 11,President,,REP,Donald J. Trump,358
Rensselaer,East Greenbush 11,President,,CON,Donald J. Trump,52
Rensselaer,East Greenbush 11,President,,WOR,Kamala D. Harris,29
Rensselaer,East Greenbush 11,President,,,Write-in,18
Rensselaer,East Greenbush 11,U.S. Senate,,DEM,Kirsten E. Gillibrand,494
Rensselaer,East Greenbush 11,U.S. Senate,,REP,Michael D. Sapraicone,332
Rensselaer,East Greenbush 11,U.S. Senate,,CON,Michael D. Sapraicone,50
Rensselaer,East Greenbush 11,U.S. Senate,,WOR,Kirsten E. Gillibrand,46
Rensselaer,East Greenbush 11,U.S. Senate,,LAR,Diane Sare,11
Rensselaer,East Greenbush 11,U.S. Senate,,,Write-in,3
Rensselaer,East Greenbush 11,U.S. House,19,DEM,Josh Riley,460
Rensselaer,East Greenbush 11,U.S. House,19,REP,Marcus Molinaro,364
Rensselaer,East Greenbush 11,U.S. House,19,CON,Marcus Molinaro,63
Rensselaer,East Greenbush 11,U.S. House,19,WOR,Josh Riley,43
Rensselaer,East Greenbush 11,U.S. House,19,,Write-in,4
Rensselaer,East Greenbush 11,State Senate,43,DEM,Alvin Gamble,440
Rensselaer,East Greenbush 11,State Senate,43,REP,Jake Ashby,431
Rensselaer,East Greenbush 11,State Senate,43,CON,Jake Ashby,83
Rensselaer,East Greenbush 11,State Senate,43,,Write-in,1
Rensselaer,East Greenbush 11,State Assembly,108,DEM,John T. McDonald III,636
Rensselaer,East Greenbush 11,State Assembly,108,,Write-in,4
Rensselaer,East Greenbush 12,President,,DEM,Kamala D. Harris,178
Rensselaer,East Greenbush 12,President,,REP,Donald J. Trump,140
Rensselaer,East Greenbush 12,President,,CON,Donald J. Trump,35
Rensselaer,East Greenbush 12,President,,WOR,Kamala D. Harris,14
Rensselaer,East Greenbush 12,President,,,Write-in,4
Rensselaer,East Greenbush 12,U.S. Senate,,DEM,Kirsten E. Gillibrand,178
Rensselaer,East Greenbush 12,U.S. Senate,,REP,Michael D. Sapraicone,128
Rensselaer,East Greenbush 12,U.S. Senate,,CON,Michael D. Sapraicone,34
Rensselaer,East Greenbush 12,U.S. Senate,,WOR,Kirsten E. Gillibrand,28
Rensselaer,East Greenbush 12,U.S. Senate,,LAR,Diane Sare,1
Rensselaer,East Greenbush 12,U.S. House,19,DEM,Josh Riley,173
Rensselaer,East Greenbush 12,U.S. House,19,REP,Marcus Molinaro,140
Rensselaer,East Greenbush 12,U.S. House,19,CON,Marcus Molinaro,36
Rensselaer,East Greenbush 12,U.S. House,19,WOR,Josh Riley,21
Rensselaer,East Greenbush 12,State Senate,43,DEM,Alvin Gamble,154
Rensselaer,East Greenbush 12,State Senate,43,REP,Jake Ashby,166
Rensselaer,East Greenbush 12,State Senate,43,CON,Jake Ashby,43
Rensselaer,East Greenbush 12,State Assembly,108,DEM,John T. McDonald III,252
Rensselaer,East Greenbush 12,State Assembly,108,,Write-in,4
Rensselaer,Grafton 1,President,,DEM,Kamala D. Harris,221
Rensselaer,Grafton 1,President,,REP,Donald J. Trump,332
Rensselaer,Grafton 1,President,,CON,Donald J. Trump,70
Rensselaer,Grafton 1,President,,WOR,Kamala D. Harris,33
Rensselaer,Grafton 1,President,,,Write-in,6
Rensselaer,Grafton 1,U.S. Senate,,DEM,Kirsten E. Gillibrand,219
Rensselaer,Grafton 1,U.S. Senate,,REP,Michael D. Sapraicone,302
Rensselaer,Grafton 1,U.S. Senate,,CON,Michael D. Sapraicone,72
Rensselaer,Grafton 1,U.S. Senate,,WOR,Kirsten E. Gillibrand,51
Rensselaer,Grafton 1,U.S. Senate,,LAR,Diane Sare,7
Rensselaer,Grafton 1,U.S. Senate,,,Write-in,1
Rensselaer,Grafton 1,U.S. House,19,DEM,Josh Riley,209
Rensselaer,Grafton 1,U.S. House,19,REP,Marcus Molinaro,322
Rensselaer,Grafton 1,U.S. House,19,CON,Marcus Molinaro,79
Rensselaer,Grafton 1,U.S. House,19,WOR,Josh Riley,43
Rensselaer,Grafton 1,State Senate,43,DEM,Alvin Gamble,203
Rensselaer,Grafton 1,State Senate,43,REP,Jake Ashby,367
Rensselaer,Grafton 1,State Senate,43,CON,Jake Ashby,83
Rensselaer,Grafton 1,State Assembly,107,DEM,Chloe E. Pierce,229
Rensselaer,Grafton 1,State Assembly,107,REP,Scott H. Bendett,334
Rensselaer,Grafton 1,State Assembly,107,CON,Scott H. Bendett,83
Rensselaer,Grafton 1,State Assembly,107,,Write-in,1
Rensselaer,Grafton 2,President,,DEM,Kamala D. Harris,221
Rensselaer,Grafton 2,President,,REP,Donald J. Trump,408
Rensselaer,Grafton 2,President,,CON,Donald J. Trump,68
Rensselaer,Grafton 2,President,,WOR,Kamala D. Harris,17
Rensselaer,Grafton 2,President,,,Write-in,3
Rensselaer,Grafton 2,U.S. Senate,,DEM,Kirsten E. Gillibrand,228
Rensselaer,Grafton 2,U.S. Senate,,REP,Michael D. Sapraicone,374
Rensselaer,Grafton 2,U.S. Senate,,CON,Michael D. Sapraicone,61
Rensselaer,Grafton 2,U.S. Senate,,WOR,Kirsten E. Gillibrand,34
Rensselaer,Grafton 2,U.S. House,19,DEM,Josh Riley,212
Rensselaer,Grafton 2,U.S. House,19,REP,Marcus Molinaro,392
Rensselaer,Grafton 2,U.S. House,19,CON,Marcus Molinaro,66
Rensselaer,Grafton 2,U.S. House,19,WOR,Josh Riley,22
Rensselaer,Grafton 2,State Senate,43,DEM,Alvin Gamble,198
Rensselaer,Grafton 2,State Senate,43,REP,Jake Ashby,432
Rensselaer,Grafton 2,State Senate,43,CON,Jake Ashby,75
Rensselaer,Grafton 2,State Assembly,107,DEM,Chloe E. Pierce,234
Rensselaer,Grafton 2,State Assembly,107,REP,Scott H. Bendett,399
Rensselaer,Grafton 2,State Assembly,107,CON,Scott H. Bendett,69
Rensselaer,Hoosick 1,President,,DEM,Kamala D. Harris,202
Rensselaer,Hoosick 1,President,,REP,Donald J. Trump,167
Rensselaer,Hoosick 1,President,,CON,Donald J. Trump,37
Rensselaer,Hoosick 1,President,,WOR,Kamala D. Harris,15
Rensselaer,Hoosick 1,President,,,Write-in,5
Rensselaer,Hoosick 1,U.S. Senate,,DEM,Kirsten E. Gillibrand,211
Rensselaer,Hoosick 1,U.S. Senate,,REP,Michael D. Sapraicone,146
Rensselaer,Hoosick 1,U.S. Senate,,CON,Michael D. Sapraicone,34
Rensselaer,Hoosick 1,U.S. Senate,,WOR,Kirsten E. Gillibrand,23
Rensselaer,Hoosick 1,U.S. Senate,,LAR,Diane Sare,4
Rensselaer,Hoosick 1,U.S. House,20,DEM,Paul D. Tonko,211
Rensselaer,Hoosick 1,U.S. House,20,REP,Kevin M. Waltz,150
Rensselaer,Hoosick 1,U.S. House,20,CON,Kevin M. Waltz,32
Rensselaer,Hoosick 1,U.S. House,20,WOR,Paul D. Tonko,24
Rensselaer,Hoosick 1,State Senate,43,DEM,Alvin Gamble,174
Rensselaer,Hoosick 1,State Senate,43,REP,Jake Ashby,195
Rensselaer,Hoosick 1,State Senate,43,CON,Jake Ashby,41
Rensselaer,Hoosick 1,State Assembly,107,DEM,Chloe E. Pierce,200
Rensselaer,Hoosick 1,State Assembly,107,REP,Scott H. Bendett,166
Rensselaer,Hoosick 1,State Assembly,107,CON,Scott H. Bendett,37
Rensselaer,Hoosick 1,State Assembly,107,,Write-in,1
Rensselaer,Hoosick 2,President,,DEM,Kamala D. Harris,223
Rensselaer,Hoosick 2,President,,REP,Donald J. Trump,363
Rensselaer,Hoosick 2,President,,CON,Donald J. Trump,56
Rensselaer,Hoosick 2,President,,WOR,Kamala D. Harris,18
Rensselaer,Hoosick 2,President,,,Write-in,5
Rensselaer,Hoosick 2,U.S. Senate,,DEM,Kirsten E. Gillibrand,227
Rensselaer,Hoosick 2,U.S. Senate,,REP,Michael D. Sapraicone,329
Rensselaer,Hoosick 2,U.S. Senate,,CON,Michael D. Sapraicone,56
Rensselaer,Hoosick 2,U.S. Senate,,WOR,Kirsten E. Gillibrand,35
Rensselaer,Hoosick 2,U.S. Senate,,LAR,Diane Sare,2
Rensselaer,Hoosick 2,U.S. House,20,DEM,Paul D. Tonko,219
Rensselaer,Hoosick 2,U.S. House,20,REP,Kevin M. Waltz,329
Rensselaer,Hoosick 2,U.S. House,20,CON,Kevin M. Waltz,60
Rensselaer,Hoosick 2,U.S. House,20,WOR,Paul D. Tonko,34
Rensselaer,Hoosick 2,State Senate,43,DEM,Alvin Gamble,187
Rensselaer,Hoosick 2,State Senate,43,REP,Jake Ashby,375
Rensselaer,Hoosick 2,State Senate,43,CON,Jake Ashby,75
Rensselaer,Hoosick 2,State Assembly,107,DEM,Chloe E. Pierce,211
Rensselaer,Hoosick 2,State Assembly,107,REP,Scott H. Bendett,357
Rensselaer,Hoosick 2,State Assembly,107,CON,Scott H. Bendett,63
Rensselaer,Hoosick 3,President,,DEM,Kamala D. Harris,78
Rensselaer,Hoosick 3,President,,REP,Donald J. Trump,212
Rensselaer,Hoosick 3,President,,CON,Donald J. Trump,34
Rensselaer,Hoosick 3,President,,WOR,Kamala D. Harris,8
Rensselaer,Hoosick 3,President,,,Write-in,4
Rensselaer,Hoosick 3,U.S. Senate,,DEM,Kirsten E. Gillibrand,97
Rensselaer,Hoosick 3,U.S. Senate,,REP,Michael D. Sapraicone,187
Rensselaer,Hoosick 3,U.S. Senate,,CON,Michael D. Sapraicone,32
Rensselaer,Hoosick 3,U.S. Senate,,WOR,Kirsten E. Gillibrand,14
Rensselaer,Hoosick 3,U.S. House,20,DEM,Paul D. Tonko,105
Rensselaer,Hoosick 3,U.S. House,20,REP,Kevin M. Waltz,193
Rensselaer,Hoosick 3,U.S. House,20,CON,Kevin M. Waltz,32
Rensselaer,Hoosick 3,U.S. House,20,WOR,Paul D. Tonko,17
Rensselaer,Hoosick 3,State Senate,43,DEM,Alvin Gamble,84
Rensselaer,Hoosick 3,State Senate,43,REP,Jake Ashby,209
Rensselaer,Hoosick 3,State Senate,43,CON,Jake Ashby,46
Rensselaer,Hoosick 3,State Assembly,107,DEM,Chloe E. Pierce,80
Rensselaer,Hoosick 3,State Assembly,107,REP,Scott H. Bendett,209
Rensselaer,Hoosick 3,State Assembly,107,CON,Scott H. Bendett,38
Rensselaer,Hoosick 4,President,,DEM,Kamala D. Harris,155
Rensselaer,Hoosick 4,President,,REP,Donald J. Trump,194
Rensselaer,Hoosick 4,President,,CON,Donald J. Trump,26
Rensselaer,Hoosick 4,President,,WOR,Kamala D. Harris,9
Rensselaer,Hoosick 4,President,,,Write-in,1
Rensselaer,Hoosick 4,U.S. Senate,,DEM,Kirsten E. Gillibrand,156
Rensselaer,Hoosick 4,U.S. Senate,,REP,Michael D. Sapraicone,177
Rensselaer,Hoosick 4,U.S. Senate,,CON,Michael D. Sapraicone,24
Rensselaer,Hoosick 4,U.S. Senate,,WOR,Kirsten E. Gillibrand,19
Rensselaer,Hoosick 4,U.S. Senate,,LAR,Diane Sare,1
Rensselaer,Hoosick 4,U.S. Senate,,,Write-in,1
Rensselaer,Hoosick 4,U.S. House,20,DEM,Paul D. Tonko,153
Rensselaer,Hoosick 4,U.S. House,20,REP,Kevin M. Waltz,175
Rensselaer,Hoosick 4,U.S. House,20,CON,Kevin M. Waltz,27
Rensselaer,Hoosick 4,U.S. House,20,WOR,Paul D. Tonko,18
Rensselaer,Hoosick 4,State Senate,43,DEM,Alvin Gamble,138
Rensselaer,Hoosick 4,State Senate,43,REP,Jake Ashby,213
Rensselaer,Hoosick 4,State Senate,43,CON,Jake Ashby,34
Rensselaer,Hoosick 4,State Assembly,107,DEM,Chloe E. Pierce,145
Rensselaer,Hoosick 4,State Assembly,107,REP,Scott H. Bendett,197
Rensselaer,Hoosick 4,State Assembly,107,CON,Scott H. Bendett,33
Rensselaer,Hoosick 5,President,,DEM,Kamala D. Harris,151
Rensselaer,Hoosick 5,President,,REP,Donald J. Trump,183
Rensselaer,Hoosick 5,President,,CON,Donald J. Trump,25
Rensselaer,Hoosick 5,President,,WOR,Kamala D. Harris,13
Rensselaer,Hoosick 5,President,,,Write-in,2
Rensselaer,Hoosick 5,U.S. Senate,,DEM,Kirsten E. Gillibrand,158
Rensselaer,Hoosick 5,U.S. Senate,,REP,Michael D. Sapraicone,148
Rensselaer,Hoosick 5,U.S. Senate,,CON,Michael D. Sapraicone,21
Rensselaer,Hoosick 5,U.S. Senate,,WOR,Kirsten E. Gillibrand,31
Rensselaer,Hoosick 5,U.S. Senate,,LAR,Diane Sare,2
Rensselaer,Hoosick 5,U.S. House,20,DEM,Paul D. Tonko,157
Rensselaer,Hoosick 5,U.S. House,20,REP,Kevin M. Waltz,154
Rensselaer,Hoosick 5,U.S. House,20,CON,Kevin M. Waltz,24
Rensselaer,Hoosick 5,U.S. House,20,WOR,Paul D. Tonko,26
Rensselaer,Hoosick 5,State Senate,43,DEM,Alvin Gamble,148
Rensselaer,Hoosick 5,State Senate,43,REP,Jake Ashby,196
Rensselaer,Hoosick 5,State Senate,43,CON,Jake Ashby,36
Rensselaer,Hoosick 5,State Assembly,107,DEM,Chloe E. Pierce,165
Rensselaer,Hoosick 5,State Assembly,107,REP,Scott H. Bendett,170
Rensselaer,Hoosick 5,State Assembly,107,CON,Scott H. Bendett,28
Rensselaer,Hoosick 6,President,,DEM,Kamala D. Harris,184
Rensselaer,Hoosick 6,President,,REP,Donald J. Trump,232
Rensselaer,Hoosick 6,President,,CON,Donald J. Trump,28
Rensselaer,Hoosick 6,President,,WOR,Kamala D. Harris,14
Rensselaer,Hoosick 6,President,,,Write-in,2
Rensselaer,Hoosick 6,U.S. Senate,,DEM,Kirsten E. Gillibrand,180
Rensselaer,Hoosick 6,U.S. Senate,,REP,Michael D. Sapraicone,207
Rensselaer,Hoosick 6,U.S. Senate,,CON,Michael D. Sapraicone,27
Rensselaer,Hoosick 6,U.S. Senate,,WOR,Kirsten E. Gillibrand,27
Rensselaer,Hoosick 6,U.S. Senate,,LAR,Diane Sare,2
Rensselaer,Hoosick 6,U.S. House,20,DEM,Paul D. Tonko,175
Rensselaer,Hoosick 6,U.S. House,20,REP,Kevin M. Waltz,212
Rensselaer,Hoosick 6,U.S. House,20,CON,Kevin M. Waltz,28
Rensselaer,Hoosick 6,U.S. House,20,WOR,Paul D. Tonko,28
Rensselaer,Hoosick 6,State Senate,43,DEM,Alvin Gamble,150
Rensselaer,Hoosick 6,State Senate,43,REP,Jake Ashby,242
Rensselaer,Hoosick 6,State Senate,43,CON,Jake Ashby,39
Rensselaer,Hoosick 6,State Assembly,107,DEM,Chloe E. Pierce,166
Rensselaer,Hoosick 6,State Assembly,107,REP,Scott H. Bendett,231
Rensselaer,Hoosick 6,State Assembly,107,CON,Scott H. Bendett,33
Rensselaer,Hoosick 7,President,,DEM,Kamala D. Harris,245
Rensselaer,Hoosick 7,President,,REP,Donald J. Trump,201
Rensselaer,Hoosick 7,President,,CON,Donald J. Trump,27
Rensselaer,Hoosick 7,President,,WOR,Kamala D. Harris,18
Rensselaer,Hoosick 7,President,,,Write-in,2
Rensselaer,Hoosick 7,U.S. Senate,,DEM,Kirsten E. Gillibrand,243
Rensselaer,Hoosick 7,U.S. Senate,,REP,Michael D. Sapraicone,173
Rensselaer,Hoosick 7,U.S. Senate,,CON,Michael D. Sapraicone,24
Rensselaer,Hoosick 7,U.S. Senate,,WOR,Kirsten E. Gillibrand,32
Rensselaer,Hoosick 7,U.S. House,20,DEM,Paul D. Tonko,231
Rensselaer,Hoosick 7,U.S. House,20,REP,Kevin M. Waltz,178
Rensselaer,Hoosick 7,U.S. House,20,CON,Kevin M. Waltz,26
Rensselaer,Hoosick 7,U.S. House,20,WOR,Paul D. Tonko,32
Rensselaer,Hoosick 7,State Senate,43,DEM,Alvin Gamble,215
Rensselaer,Hoosick 7,State Senate,43,REP,Jake Ashby,213
Rensselaer,Hoosick 7,State Senate,43,CON,Jake Ashby,45
Rensselaer,Hoosick 7,State Assembly,107,DEM,Chloe E. Pierce,240
Rensselaer,Hoosick 7,State Assembly,107,REP,Scott H. Bendett,195
Rensselaer,Hoosick 7,State Assembly,107,CON,Scott H. Bendett,31
Rensselaer,Nassau 1,President,,DEM,Kamala D. Harris,226
Rensselaer,Nassau 1,President,,REP,Donald J. Trump,278
Rensselaer,Nassau 1,President,,CON,Donald J. Trump,33
Rensselaer,Nassau 1,President,,WOR,Kamala D. Harris,15
Rensselaer,Nassau 1,President,,,Write-in,5
Rensselaer,Nassau 1,U.S. Senate,,DEM,Kirsten E. Gillibrand,231
Rensselaer,Nassau 1,U.S. Senate,,REP,Michael D. Sapraicone,241
Rensselaer,Nassau 1,U.S. Senate,,CON,Michael D. Sapraicone,40
Rensselaer,Nassau 1,U.S. Senate,,WOR,Kirsten E. Gillibrand,30
Rensselaer,Nassau 1,U.S. Senate,,LAR,Diane Sare,1
Rensselaer,Nassau 1,U.S. House,19,DEM,Josh Riley,219
Rensselaer,Nassau 1,U.S. House,19,REP,Marcus Molinaro,257
Rensselaer,Nassau 1,U.S. House,19,CON,Marcus Molinaro,43
Rensselaer,Nassau 1,U.S. House,19,WOR,Josh Riley,23
Rensselaer,Nassau 1,U.S. House,19,,Write-in,1
Rensselaer,Nassau 1,State Senate,43,DEM,Alvin Gamble,195
Rensselaer,Nassau 1,State Senate,43,REP,Jake Ashby,293
Rensselaer,Nassau 1,State Senate,43,CON,Jake Ashby,50
Rensselaer,Nassau 1,State Assembly,107,DEM,Chloe E. Pierce,219
Rensselaer,Nassau 1,State Assembly,107,REP,Scott H. Bendett,274
Rensselaer,Nassau 1,State Assembly,107,CON,Scott H. Bendett,45
Rensselaer,Nassau 2,President,,DEM,Kamala D. Harris,329
Rensselaer,Nassau 2,President,,REP,Donald J. Trump,530
Rensselaer,Nassau 2,President,,CON,Donald J. Trump,73
Rensselaer,Nassau 2,President,,WOR,Kamala D. Harris,33
Rensselaer,Nassau 2,President,,,Write-in,15
Rensselaer,Nassau 2,U.S. Senate,,DEM,Kirsten E. Gillibrand,340
Rensselaer,Nassau 2,U.S. Senate,,REP,Michael D. Sapraicone,491
Rensselaer,Nassau 2,U.S. Senate,,CON,Michael D. Sapraicone,76
Rensselaer,Nassau 2,U.S. Senate,,WOR,Kirsten E. Gillibrand,44
Rensselaer,Nassau 2,U.S. Senate,,LAR,Diane Sare,7
Rensselaer,Nassau 2,U.S. Senate,,,Write-in,1
Rensselaer,Nassau 2,U.S. House,19,DEM,Josh Riley,312
Rensselaer,Nassau 2,U.S. House,19,REP,Marcus Molinaro,515
Rensselaer,Nassau 2,U.S. House,19,CON,Marcus Molinaro,85
Rensselaer,Nassau 2,U.S. House,19,WOR,Josh Riley,41
Rensselaer,Nassau 2,U.S. House,19,,Write-in,2
Rensselaer,Nassau 2,State Senate,43,DEM,Alvin Gamble,294
Rensselaer,Nassau 2,State Senate,43,REP,Jake Ashby,571
Rensselaer,Nassau 2,State Senate,43,CON,Jake Ashby,91
Rensselaer,Nassau 2,State Senate,43,,Write-in,2
Rensselaer,Nassau 2,State Assembly,107,DEM,Chloe E. Pierce,309
Rensselaer,Nassau 2,State Assembly,107,REP,Scott H. Bendett,560
Rensselaer,Nassau 2,State Assembly,107,CON,Scott H. Bendett,82
Rensselaer,Nassau 2,State Assembly,107,,Write-in,1
Rensselaer,Nassau 3,President,,DEM,Kamala D. Harris,235
Rensselaer,Nassau 3,President,,REP,Donald J. Trump,319
Rensselaer,Nassau 3,President,,CON,Donald J. Trump,63
Rensselaer,Nassau 3,President,,WOR,Kamala D. Harris,30
Rensselaer,Nassau 3,President,,,Write-in,4
Rensselaer,Nassau 3,U.S. Senate,,DEM,Kirsten E. Gillibrand,340
Rensselaer,Nassau 3,U.S. Senate,,REP,Michael D. Sapraicone,294
Rensselaer,Nassau 3,U.S. Senate,,CON,Michael D. Sapraicone,65
Rensselaer,Nassau 3,U.S. Senate,,WOR,Kirsten E. Gillibrand,39
Rensselaer,Nassau 3,U.S. Senate,,LAR,Diane Sare,3
Rensselaer,Nassau 3,U.S. Senate,,,Write-in,1
Rensselaer,Nassau 3,U.S. House,19,DEM,Josh Riley,215
Rensselaer,Nassau 3,U.S. House,19,REP,Marcus Molinaro,316
Rensselaer,Nassau 3,U.S. House,19,CON,Marcus Molinaro,65
Rensselaer,Nassau 3,U.S. House,19,WOR,Josh Riley,37
Rensselaer,Nassau 3,State Senate,43,DEM,Alvin Gamble,200
Rensselaer,Nassau 3,State Senate,43,REP,Jake Ashby,351
Rensselaer,Nassau 3,State Senate,43,CON,Jake Ashby,82
Rensselaer,Nassau 3,State Assembly,107,DEM,Chloe E. Pierce,226
Rensselaer,Nassau 3,State Assembly,107,REP,Scott H. Bendett,331
Rensselaer,Nassau 3,State Assembly,107,CON,Scott H. Bendett,72
Rensselaer,Nassau 4,President,,DEM,Kamala D. Harris,200
Rensselaer,Nassau 4,President,,REP,Donald J. Trump,276
Rensselaer,Nassau 4,President,,CON,Donald J. Trump,29
Rensselaer,Nassau 4,President,,WOR,Kamala D. Harris,19
Rensselaer,Nassau 4,President,,,Write-in,3
Rensselaer,Nassau 4,U.S. Senate,,DEM,Kirsten E. Gillibrand,201
Rensselaer,Nassau 4,U.S. Senate,,REP,Michael D. Sapraicone,240
Rensselaer,Nassau 4,U.S. Senate,,CON,Michael D. Sapraicone,29
Rensselaer,Nassau 4,U.S. Senate,,WOR,Kirsten E. Gillibrand,45
Rensselaer,Nassau 4,U.S. Senate,,LAR,Diane Sare,2
Rensselaer,Nassau 4,U.S. House,19,DEM,Josh Riley,177
Rensselaer,Nassau 4,U.S. House,19,REP,Marcus Molinaro,276
Rensselaer,Nassau 4,U.S. House,19,CON,Marcus Molinaro,32
Rensselaer,Nassau 4,U.S. House,19,WOR,Josh Riley,36
Rensselaer,Nassau 4,State Senate,43,DEM,Alvin Gamble,170
Rensselaer,Nassau 4,State Senate,43,REP,Jake Ashby,308
Rensselaer,Nassau 4,State Senate,43,CON,Jake Ashby,41
Rensselaer,Nassau 4,State Assembly,107,DEM,Chloe E. Pierce,196
Rensselaer,Nassau 4,State Assembly,107,REP,Scott H. Bendett,287
Rensselaer,Nassau 4,State Assembly,107,CON,Scott H. Bendett,39
Rensselaer,North Greenbush 1,President,,DEM,Kamala D. Harris,181
Rensselaer,North Greenbush 1,President,,REP,Donald J. Trump,206
Rensselaer,North Greenbush 1,President,,CON,Donald J. Trump,54
Rensselaer,North Greenbush 1,President,,WOR,Kamala D. Harris,18
Rensselaer,North Greenbush 1,President,,,Write-in,2
Rensselaer,North Greenbush 1,U.S. Senate,,DEM,Kirsten E. Gillibrand,183
Rensselaer,North Greenbush 1,U.S. Senate,,REP,Michael D. Sapraicone,183
Rensselaer,North Greenbush 1,U.S. Senate,,CON,Michael D. Sapraicone,52
Rensselaer,North Greenbush 1,U.S. Senate,,WOR,Kirsten E. Gillibrand,33
Rensselaer,North Greenbush 1,U.S. Senate,,LAR,Diane Sare,1
Rensselaer,North Greenbush 1,U.S. House,20,DEM,Paul D. Tonko,205
Rensselaer,North Greenbush 1,U.S. House,20,REP,Kevin M. Waltz,185
Rensselaer,North Greenbush 1,U.S. House,20,CON,Kevin M. Waltz,49
Rensselaer,North Greenbush 1,U.S. House,20,WOR,Paul D. Tonko,29
Rensselaer,North Greenbush 1,State Senate,43,DEM,Alvin Gamble,156
Rensselaer,North Greenbush 1,State Senate,43,REP,Jake Ashby,228
Rensselaer,North Greenbush 1,State Senate,43,CON,Jake Ashby,57
Rensselaer,North Greenbush 1,State Assembly,108,DEM,John T. McDonald III,265
Rensselaer,North Greenbush 1,State Assembly,108,,Write-in,4
Rensselaer,North Greenbush 2,President,,DEM,Kamala D. Harris,927
Rensselaer,North Greenbush 2,President,,REP,Donald J. Trump,573
Rensselaer,North Greenbush 2,President,,CON,Donald J. Trump,102
Rensselaer,North Greenbush 2,President,,WOR,Kamala D. Harris,47
Rensselaer,North Greenbush 2,President,,,Write-in,20
Rensselaer,North Greenbush 2,U.S. Senate,,DEM,Kirsten E. Gillibrand,909
Rensselaer,North Greenbush 2,U.S. Senate,,REP,Michael D. Sapraicone,523
Rensselaer,North Greenbush 2,U.S. Senate,,CON,Michael D. Sapraicone,107
Rensselaer,North Greenbush 2,U.S. Senate,,WOR,Kirsten E. Gillibrand,76
Rensselaer,North Greenbush 2,U.S. Senate,,LAR,Diane Sare,9
Rensselaer,North Greenbush 2,U.S. Senate,,,Write-in,2
Rensselaer,North Greenbush 2,U.S. House,20,DEM,Paul D. Tonko,933
Rensselaer,North Greenbush 2,U.S. House,20,REP,Kevin M. Waltz,506
Rensselaer,North Greenbush 2,U.S. House,20,CON,Kevin M. Waltz,97
Rensselaer,North Greenbush 2,U.S. House,20,WOR,Paul D. Tonko,86
Rensselaer,North Greenbush 2,U.S. House,20,,Write-in,1
Rensselaer,North Greenbush 2,State Senate,43,DEM,Alvin Gamble,831
Rensselaer,North Greenbush 2,State Senate,43,REP,Jake Ashby,652
Rensselaer,North Greenbush 2,State Senate,43,CON,Jake Ashby,130
Rensselaer,North Greenbush 2,State Assembly,108,DEM,John T. McDonald III,1097
Rensselaer,North Greenbush 2,State Assembly,108,,Write-in,21
Rensselaer,North Greenbush 3,President,,DEM,Kamala D. Harris,337
Rensselaer,North Greenbush 3,President,,REP,Donald J. Trump,330
Rensselaer,North Greenbush 3,President,,CON,Donald J. Trump,65
Rensselaer,North Greenbush 3,President,,WOR,Kamala D. Harris,39
Rensselaer,North Greenbush 3,President,,,Write-in,5
Rensselaer,North Greenbush 3,U.S. Senate,,DEM,Kirsten E. Gillibrand,353
Rensselaer,North Greenbush 3,U.S. Senate,,REP,Michael D. Sapraicone,272
Rensselaer,North Greenbush 3,U.S. Senate,,CON,Michael D. Sapraicone,64
Rensselaer,North Greenbush 3,U.S. Senate,,WOR,Kirsten E. Gillibrand,64
Rensselaer,North Greenbush 3,U.S. Senate,,LAR,Diane Sare,4
Rensselaer,North Greenbush 3,U.S. House,20,DEM,Paul D. Tonko,357
Rensselaer,North Greenbush 3,U.S. House,20,REP,Kevin M. Waltz,272
Rensselaer,North Greenbush 3,U.S. House,20,CON,Kevin M. Waltz,65
Rensselaer,North Greenbush 3,U.S. House,20,WOR,Paul D. Tonko,60
Rensselaer,North Greenbush 3,State Senate,43,DEM,Alvin Gamble,304
Rensselaer,North Greenbush 3,State Senate,43,REP,Jake Ashby,353
Rensselaer,North Greenbush 3,State Senate,43,CON,Jake Ashby,91
Rensselaer,North Greenbush 3,State Assembly,108,DEM,John T. McDonald III,477
Rensselaer,North Greenbush 3,State Assembly,108,,Write-in,9
Rensselaer,North Greenbush 4,President,,DEM,Kamala D. Harris,599
Rensselaer,North Greenbush 4,President,,REP,Donald J. Trump,639
Rensselaer,North Greenbush 4,President,,CON,Donald J. Trump,121
Rensselaer,North Greenbush 4,President,,WOR,Kamala D. Harris,51
Rensselaer,North Greenbush 4,President,,,Write-in,12
Rensselaer,North Greenbush 4,U.S. Senate,,DEM,Kirsten E. Gillibrand,616
Rensselaer,North Greenbush 4,U.S. Senate,,REP,Michael D. Sapraicone,571
Rensselaer,North Greenbush 4,U.S. Senate,,CON,Michael D. Sapraicone,128
Rensselaer,North Greenbush 4,U.S. Senate,,WOR,Kirsten E. Gillibrand,77
Rensselaer,North Greenbush 4,U.S. Senate,,LAR,Diane Sare,4
Rensselaer,North Greenbush 4,U.S. House,20,DEM,Paul D. Tonko,621
Rensselaer,North Greenbush 4,U.S. House,20,REP,Kevin M. Waltz,546
Rensselaer,North Greenbush 4,U.S. House,20,CON,Kevin M. Waltz,126
Rensselaer,North Greenbush 4,U.S. House,20,WOR,Paul D. Tonko,89
Rensselaer,North Greenbush 4,U.S. House,20,,Write-in,1
Rensselaer,North Greenbush 4,State Senate,43,DEM,Alvin Gamble,560
Rensselaer,North Greenbush 4,State Senate,43,REP,Jake Ashby,663
Rensselaer,North Greenbush 4,State Senate,43,CON,Jake Ashby,152
Rensselaer,North Greenbush 4,State Assembly,108,DEM,John T. McDonald III,812
Rensselaer,North Greenbush 4,State Assembly,108,,Write-in,18
Rensselaer,North Greenbush 5,President,,DEM,Kamala D. Harris,539
Rensselaer,North Greenbush 5,President,,REP,Donald J. Trump,492
Rensselaer,North Greenbush 5,President,,CON,Donald J. Trump,81
Rensselaer,North Greenbush 5,President,,WOR,Kamala D. Harris,42
Rensselaer,North Greenbush 5,President,,,Write-in,18
Rensselaer,North Greenbush 5,U.S. Senate,,DEM,Kirsten E. Gillibrand,562
Rensselaer,North Greenbush 5,U.S. Senate,,REP,Michael D. Sapraicone,449
Rensselaer,North Greenbush 5,U.S. Senate,,CON,Michael D. Sapraicone,88
Rensselaer,North Greenbush 5,U.S. Senate,,WOR,Kirsten E. Gillibrand,63
Rensselaer,North Greenbush 5,U.S. Senate,,LAR,Diane Sare,2
Rensselaer,North Greenbush 5,U.S. Senate,,,Write-in,1
Rensselaer,North Greenbush 5,U.S. House,20,DEM,Paul D. Tonko,565
Rensselaer,North Greenbush 5,U.S. House,20,REP,Kevin M. Waltz,432
Rensselaer,North Greenbush 5,U.S. House,20,CON,Kevin M. Waltz,85
Rensselaer,North Greenbush 5,U.S. House,20,WOR,Paul D. Tonko,70
Rensselaer,North Greenbush 5,State Senate,43,DEM,Alvin Gamble,482
Rensselaer,North Greenbush 5,State Senate,43,REP,Jake Ashby,557
Rensselaer,North Greenbush 5,State Senate,43,CON,Jake Ashby,109
Rensselaer,North Greenbush 5,State Assembly,108,DEM,John T. McDonald III,731
Rensselaer,North Greenbush 5,State Assembly,108,,Write-in,11
Rensselaer,North Greenbush 6,President,,DEM,Kamala D. Harris,291
Rensselaer,North Greenbush 6,President,,REP,Donald J. Trump,242
Rensselaer,North Greenbush 6,President,,CON,Donald J. Trump,34
Rensselaer,North Greenbush 6,President,,WOR,Kamala D. Harris,19
Rensselaer,North Greenbush 6,President,,,Write-in,5
Rensselaer,North Greenbush 6,U.S. Senate,,DEM,Kirsten E. Gillibrand,293
Rensselaer,North Greenbush 6,U.S. Senate,,REP,Michael D. Sapraicone,225
Rensselaer,North Greenbush 6,U.S. Senate,,CON,Michael D. Sapraicone,39
Rensselaer,North Greenbush 6,U.S. Senate,,WOR,Kirsten E. Gillibrand,30
Rensselaer,North Greenbush 6,U.S. Senate,,LAR,Diane Sare,1
Rensselaer,North Greenbush 6,U.S. Senate,,,Write-in,1
Rensselaer,North Greenbush 6,U.S. House,20,DEM,Paul D. Tonko,315
Rensselaer,North Greenbush 6,U.S. House,20,REP,Kevin M. Waltz,216
Rensselaer,North Greenbush 6,U.S. House,20,CON,Kevin M. Waltz,42
Rensselaer,North Greenbush 6,U.S. House,20,WOR,Paul D. Tonko,33
Rensselaer,North Greenbush 6,U.S. House,20,,Write-in,1
Rensselaer,North Greenbush 6,State Senate,43,DEM,Alvin Gamble,247
Rensselaer,North Greenbush 6,State Senate,43,REP,Jake Ashby,296
Rensselaer,North Greenbush 6,State Senate,43,CON,Jake Ashby,46
Rensselaer,North Greenbush 6,State Assembly,108,DEM,John T. McDonald III,390
Rensselaer,North Greenbush 6,State Assembly,108,,Write-in,4
Rensselaer,North Greenbush 7,President,,DEM,Kamala D. Harris,251
Rensselaer,North Greenbush 7,President,,REP,Donald J. Trump,326
Rensselaer,North Greenbush 7,President,,CON,Donald J. Trump,68
Rensselaer,North Greenbush 7,President,,WOR,Kamala D. Harris,16
Rensselaer,North Greenbush 7,President,,,Write-in,8
Rensselaer,North Greenbush 7,U.S. Senate,,DEM,Kirsten E. Gillibrand,264
Rensselaer,North Greenbush 7,U.S. Senate,,REP,Michael D. Sapraicone,285
Rensselaer,North Greenbush 7,U.S. Senate,,CON,Michael D. Sapraicone,57
Rensselaer,North Greenbush 7,U.S. Senate,,WOR,Kirsten E. Gillibrand,42
Rensselaer,North Greenbush 7,U.S. Senate,,LAR,Diane Sare,1
Rensselaer,North Greenbush 7,U.S. House,20,DEM,Paul D. Tonko,301
Rensselaer,North Greenbush 7,U.S. House,20,REP,Kevin M. Waltz,286
Rensselaer,North Greenbush 7,U.S. House,20,CON,Kevin M. Waltz,60
Rensselaer,North Greenbush 7,U.S. House,20,WOR,Paul D. Tonko,45
Rensselaer,North Greenbush 7,State Senate,43,DEM,Alvin Gamble,212
Rensselaer,North Greenbush 7,State Senate,43,REP,Jake Ashby,355
Rensselaer,North Greenbush 7,State Senate,43,CON,Jake Ashby,83
Rensselaer,North Greenbush 7,State Assembly,108,DEM,John T. McDonald III,368
Rensselaer,North Greenbush 7,State Assembly,108,,Write-in,5
Rensselaer,North Greenbush 8,President,,DEM,Kamala D. Harris,513
Rensselaer,North Greenbush 8,President,,REP,Donald J. Trump,489
Rensselaer,North Greenbush 8,President,,CON,Donald J. Trump,110
Rensselaer,North Greenbush 8,President,,WOR,Kamala D. Harris,50
Rensselaer,North Greenbush 8,President,,,Write-in,9
Rensselaer,North Greenbush 8,U.S. Senate,,DEM,Kirsten E. Gillibrand,530
Rensselaer,North Greenbush 8,U.S. Senate,,REP,Michael D. Sapraicone,444
Rensselaer,North Greenbush 8,U.S. Senate,,CON,Michael D. Sapraicone,107
Rensselaer,North Greenbush 8,U.S. Senate,,WOR,Kirsten E. Gillibrand,66
Rensselaer,North Greenbush 8,U.S. Senate,,LAR,Diane Sare,2
Rensselaer,North Greenbush 8,U.S. Senate,,,Write-in,2
Rensselaer,North Greenbush 8,U.S. House,20,DEM,Paul D. Tonko,540
Rensselaer,North Greenbush 8,U.S. House,20,REP,Kevin M. Waltz,423
Rensselaer,North Greenbush 8,U.S. House,20,CON,Kevin M. Waltz,106
Rensselaer,North Greenbush 8,U.S. House,20,WOR,Paul D. Tonko,71
Rensselaer,North Greenbush 8,State Senate,43,DEM,Alvin Gamble,476
Rensselaer,North Greenbush 8,State Senate,43,REP,Jake Ashby,521
Rensselaer,North Greenbush 8,State Senate,43,CON,Jake Ashby,145
Rensselaer,North Greenbush 8,State Assembly,108,DEM,John T. McDonald III,730
Rensselaer,North Greenbush 8,State Assembly,108,,Write-in,14
Rensselaer,Petersburgh 1,President,,DEM,Kamala D. Harris,257
Rensselaer,Petersburgh 1,President,,REP,Donald J. Trump,400
Rensselaer,Petersburgh 1,President,,CON,Donald J. Trump,55
Rensselaer,Petersburgh 1,President,,WOR,Kamala D. Harris,27
Rensselaer,Petersburgh 1,President,,,Write-in,13
Rensselaer,Petersburgh 1,U.S. Senate,,DEM,Kirsten E. Gillibrand,263
Rensselaer,Petersburgh 1,U.S. Senate,,REP,Michael D. Sapraicone,363
Rensselaer,Petersburgh 1,U.S. Senate,,CON,Michael D. Sapraicone,55
Rensselaer,Petersburgh 1,U.S. Senate,,WOR,Kirsten E. Gillibrand,39
Rensselaer,Petersburgh 1,U.S. Senate,,LAR,Diane Sare,4
Rensselaer,Petersburgh 1,U.S. Senate,,,Write-in,1
Rensselaer,Petersburgh 1,U.S. House,19,DEM,Josh Riley,227
Rensselaer,Petersburgh 1,U.S. House,19,REP,Marcus Molinaro,399
Rensselaer,Petersburgh 1,U.S. House,19,CON,Marcus Molinaro,66
Rensselaer,Petersburgh 1,U.S. House,19,WOR,Josh Riley,36
Rensselaer,Petersburgh 1,U.S. House,19,,Write-in,3
Rensselaer,Petersburgh 1,State Senate,43,DEM,Alvin Gamble,226
Rensselaer,Petersburgh 1,State Senate,43,REP,Jake Ashby,416
Rensselaer,Petersburgh 1,State Senate,43,CON,Jake Ashby,73
Rensselaer,Petersburgh 1,State Assembly,107,DEM,Chloe E. Pierce,245
Rensselaer,Petersburgh 1,State Assembly,107,REP,Scott H. Bendett,399
Rensselaer,Petersburgh 1,State Assembly,107,CON,Scott H. Bendett,70
Rensselaer,Petersburgh 1,State Assembly,107,,Write-in,1
Rensselaer,Pittstown 1,President,,DEM,Kamala D. Harris,106
Rensselaer,Pittstown 1,President,,REP,Donald J. Trump,224
Rensselaer,Pittstown 1,President,,CON,Donald J. Trump,41
Rensselaer,Pittstown 1,President,,WOR,Kamala D. Harris,7
Rensselaer,Pittstown 1,President,,,Write-in,3
Rensselaer,Pittstown 1,U.S. Senate,,DEM,Kirsten E. Gillibrand,108
Rensselaer,Pittstown 1,U.S. Senate,,REP,Michael D. Sapraicone,210
Rensselaer,Pittstown 1,U.S. Senate,,CON,Michael D. Sapraicone,38
Rensselaer,Pittstown 1,U.S. Senate,,WOR,Kirsten E. Gillibrand,17
Rensselaer,Pittstown 1,U.S. Senate,,LAR,Diane Sare,1
Rensselaer,Pittstown 1,U.S. House,20,DEM,Paul D. Tonko,126
Rensselaer,Pittstown 1,U.S. House,20,REP,Kevin M. Waltz,212
Rensselaer,Pittstown 1,U.S. House,20,CON,Kevin M. Waltz,42
Rensselaer,Pittstown 1,U.S. House,20,WOR,Paul D. Tonko,12
Rensselaer,Pittstown 1,State Senate,43,DEM,Alvin Gamble,87
Rensselaer,Pittstown 1,State Senate,43,REP,Jake Ashby,231
Rensselaer,Pittstown 1,State Senate,43,CON,Jake Ashby,48
Rensselaer,Pittstown 1,State Assembly,107,DEM,Chloe E. Pierce,92
Rensselaer,Pittstown 1,State Assembly,107,REP,Scott H. Bendett,238
Rensselaer,Pittstown 1,State Assembly,107,CON,Scott H. Bendett,45
Rensselaer,Pittstown 2,President,,DEM,Kamala D. Harris,128
Rensselaer,Pittstown 2,President,,REP,Donald J. Trump,348
Rensselaer,Pittstown 2,President,,CON,Donald J. Trump,34
Rensselaer,Pittstown 2,President,,WOR,Kamala D. Harris,8
Rensselaer,Pittstown 2,President,,,Write-in,1
Rensselaer,Pittstown 2,U.S. Senate,,DEM,Kirsten E. Gillibrand,142
Rensselaer,Pittstown 2,U.S. Senate,,REP,Michael D. Sapraicone,312
Rensselaer,Pittstown 2,U.S. Senate,,CON,Michael D. Sapraicone,35
Rensselaer,Pittstown 2,U.S. Senate,,WOR,Kirsten E. Gillibrand,15
Rensselaer,Pittstown 2,U.S. Senate,,LAR,Diane Sare,2
Rensselaer,Pittstown 2,U.S. House,20,DEM,Paul D. Tonko,145
Rensselaer,Pittstown 2,U.S. House,20,REP,Kevin M. Waltz,315
Rensselaer,Pittstown 2,U.S. House,20,CON,Kevin M. Waltz,41
Rensselaer,Pittstown 2,U.S. House,20,WOR,Paul D. Tonko,13
Rensselaer,Pittstown 2,State Senate,43,DEM,Alvin Gamble,98
Rensselaer,Pittstown 2,State Senate,43,REP,Jake Ashby,352
Rensselaer,Pittstown 2,State Senate,43,CON,Jake Ashby,44
Rensselaer,Pittstown 2,State Assembly,107,DEM,Chloe E. Pierce,114
Rensselaer,Pittstown 2,State Assembly,107,REP,Scott H. Bendett,336
Rensselaer,Pittstown 2,State Assembly,107,CON,Scott H. Bendett,40
Rensselaer,Pittstown 3,President,,DEM,Kamala D. Harris,146
Rensselaer,Pittstown 3,President,,REP,Donald J. Trump,436
Rensselaer,Pittstown 3,President,,CON,Donald J. Trump,52
Rensselaer,Pittstown 3,President,,WOR,Kamala D. Harris,16
Rensselaer,Pittstown 3,President,,,Write-in,4
Rensselaer,Pittstown 3,U.S. Senate,,DEM,Kirsten E. Gillibrand,172
Rensselaer,Pittstown 3,U.S. Senate,,REP,Michael D. Sapraicone,393
Rensselaer,Pittstown 3,U.S. Senate,,CON,Michael D. Sapraicone,50
Rensselaer,Pittstown 3,U.S. Senate,,WOR,Kirsten E. Gillibrand,26
Rensselaer,Pittstown 3,U.S. Senate,,LAR,Diane Sare,4
Rensselaer,Pittstown 3,U.S. House,20,DEM,Paul D. Tonko,168
Rensselaer,Pittstown 3,U.S. House,20,REP,Kevin M. Waltz,405
Rensselaer,Pittstown 3,U.S. House,20,CON,Kevin M. Waltz,52
Rensselaer,Pittstown 3,U.S. House,20,WOR,Paul D. Tonko,29
Rensselaer,Pittstown 3,State Senate,43,DEM,Alvin Gamble,120
Rensselaer,Pittstown 3,State Senate,43,REP,Jake Ashby,460
Rensselaer,Pittstown 3,State Senate,43,CON,Jake Ashby,59
Rensselaer,Pittstown 3,State Assembly,107,DEM,Chloe E. Pierce,145
Rensselaer,Pittstown 3,State Assembly,107,REP,Scott H. Bendett,433
Rensselaer,Pittstown 3,State Assembly,107,CON,Scott H. Bendett,59
Rensselaer,Pittstown 4,President,,DEM,Kamala D. Harris,245
Rensselaer,Pittstown 4,President,,REP,Donald J. Trump,375
Rensselaer,Pittstown 4,President,,CON,Donald J. Trump,54
Rensselaer,Pittstown 4,President,,WOR,Kamala D. Harris,17
Rensselaer,Pittstown 4,President,,,Write-in,5
Rensselaer,Pittstown 4,U.S. Senate,,DEM,Kirsten E. Gillibrand,234
Rensselaer,Pittstown 4,U.S. Senate,,REP,Michael D. Sapraicone,358
Rensselaer,Pittstown 4,U.S. Senate,,CON,Michael D. Sapraicone,64
Rensselaer,Pittstown 4,U.S. Senate,,WOR,Kirsten E. Gillibrand,28
Rensselaer,Pittstown 4,U.S. Senate,,LAR,Diane Sare,3
Rensselaer,Pittstown 4,U.S. House,20,DEM,Paul D. Tonko,261
Rensselaer,Pittstown 4,U.S. House,20,REP,Kevin M. Waltz,345
Rensselaer,Pittstown 4,U.S. House,20,CON,Kevin M. Waltz,67
Rensselaer,Pittstown 4,U.S. House,20,WOR,Paul D. Tonko,29
Rensselaer,Pittstown 4,State Senate,43,DEM,Alvin Gamble,195
Rensselaer,Pittstown 4,State Senate,43,REP,Jake Ashby,415
Rensselaer,Pittstown 4,State Senate,43,CON,Jake Ashby,68
Rensselaer,Pittstown 4,State Senate,43,,Write-in,1
Rensselaer,Pittstown 4,State Assembly,107,DEM,Chloe E. Pierce,211
Rensselaer,Pittstown 4,State Assembly,107,REP,Scott H. Bendett,390
Rensselaer,Pittstown 4,State Assembly,107,CON,Scott H. Bendett,69
Rensselaer,Pittstown 4,State Assembly,107,,Write-in,1
Rensselaer,Pittstown 5,President,,DEM,Kamala D. Harris,124
Rensselaer,Pittstown 5,President,,REP,Donald J. Trump,326
Rensselaer,Pittstown 5,President,,CON,Donald J. Trump,41
Rensselaer,Pittstown 5,President,,WOR,Kamala D. Harris,15
Rensselaer,Pittstown 5,President,,,Write-in,1
Rensselaer,Pittstown 5,U.S. Senate,,DEM,Kirsten E. Gillibrand,134
Rensselaer,Pittstown 5,U.S. Senate,,REP,Michael D. Sapraicone,292
Rensselaer,Pittstown 5,U.S. Senate,,CON,Michael D. Sapraicone,41
Rensselaer,Pittstown 5,U.S. Senate,,WOR,Kirsten E. Gillibrand,26
Rensselaer,Pittstown 5,U.S. Senate,,LAR,Diane Sare,1
Rensselaer,Pittstown 5,U.S. House,20,DEM,Paul D. Tonko,155
Rensselaer,Pittstown 5,U.S. House,20,REP,Kevin M. Waltz,299
Rensselaer,Pittstown 5,U.S. House,20,CON,Kevin M. Waltz,45
Rensselaer,Pittstown 5,U.S. House,20,WOR,Paul D. Tonko,20
Rensselaer,Pittstown 5,State Senate,43,DEM,Alvin Gamble,109
Rensselaer,Pittstown 5,State Senate,43,REP,Jake Ashby,334
Rensselaer,Pittstown 5,State Senate,43,CON,Jake Ashby,47
Rensselaer,Pittstown 5,State Assembly,107,DEM,Chloe E. Pierce,125
Rensselaer,Pittstown 5,State Assembly,107,REP,Scott H. Bendett,320
Rensselaer,Pittstown 5,State Assembly,107,CON,Scott H. Bendett,47
Rensselaer,Pittstown 6,President,,DEM,Kamala D. Harris,110
Rensselaer,Pittstown 6,President,,REP,Donald J. Trump,257
Rensselaer,Pittstown 6,President,,CON,Donald J. Trump,40
Rensselaer,Pittstown 6,President,,WOR,Kamala D. Harris,3
Rensselaer,Pittstown 6,President,,,Write-in,6
Rensselaer,Pittstown 6,U.S. Senate,,DEM,Kirsten E. Gillibrand,122
Rensselaer,Pittstown 6,U.S. Senate,,REP,Michael D. Sapraicone,225
Rensselaer,Pittstown 6,U.S. Senate,,CON,Michael D. Sapraicone,36
Rensselaer,Pittstown 6,U.S. Senate,,WOR,Kirsten E. Gillibrand,16
Rensselaer,Pittstown 6,U.S. Senate,,LAR,Diane Sare,1
Rensselaer,Pittstown 6,U.S. House,20,DEM,Paul D. Tonko,146
Rensselaer,Pittstown 6,U.S. House,20,REP,Kevin M. Waltz,224
Rensselaer,Pittstown 6,U.S. House,20,CON,Kevin M. Waltz,38
Rensselaer,Pittstown 6,U.S. House,20,WOR,Paul D. Tonko,15
Rensselaer,Pittstown 6,State Senate,43,DEM,Alvin Gamble,79
Rensselaer,Pittstown 6,State Senate,43,REP,Jake Ashby,274
Rensselaer,Pittstown 6,State Senate,43,CON,Jake Ashby,42
Rensselaer,Pittstown 6,State Senate,43,,Write-in,1
Rensselaer,Pittstown 6,State Assembly,107,DEM,Chloe E. Pierce,94
Rensselaer,Pittstown 6,State Assembly,107,REP,Scott H. Bendett,262
Rensselaer,Pittstown 6,State Assembly,107,CON,Scott H. Bendett,39
Rensselaer,Poestenkill 1,President,,DEM,Kamala D. Harris,176
Rensselaer,Poestenkill 1,President,,REP,Donald J. Trump,258
Rensselaer,Poestenkill 1,President,,CON,Donald J. Trump,28
Rensselaer,Poestenkill 1,President,,WOR,Kamala D. Harris,17
Rensselaer,Poestenkill 1,President,,,Write-in,5
Rensselaer,Poestenkill 1,U.S. Senate,,DEM,Kirsten E. Gillibrand,190
Rensselaer,Poestenkill 1,U.S. Senate,,REP,Michael D. Sapraicone,224
Rensselaer,Poestenkill 1,U.S. Senate,,CON,Michael D. Sapraicone,29
Rensselaer,Poestenkill 1,U.S. Senate,,WOR,Kirsten E. Gillibrand,28
Rensselaer,Poestenkill 1,U.S. Senate,,LAR,Diane Sare,2
Rensselaer,Poestenkill 1,U.S. House,19,DEM,Josh Riley,164
Rensselaer,Poestenkill 1,U.S. House,19,REP,Marcus Molinaro,250
Rensselaer,Poestenkill 1,U.S. House,19,CON,Marcus Molinaro,32
Rensselaer,Poestenkill 1,U.S. House,19,WOR,Josh Riley,25
Rensselaer,Poestenkill 1,State Senate,43,DEM,Alvin Gamble,154
Rensselaer,Poestenkill 1,State Senate,43,REP,Jake Ashby,274
Rensselaer,Poestenkill 1,State Senate,43,CON,Jake Ashby,41
Rensselaer,Poestenkill 1,State Assembly,107,DEM,Chloe E. Pierce,183
Rensselaer,Poestenkill 1,State Assembly,107,REP,Scott H. Bendett,260
Rensselaer,Poestenkill 1,State Assembly,107,CON,Scott H. Bendett,36
Rensselaer,Poestenkill 2,President,,DEM,Kamala D. Harris,261
Rensselaer,Poestenkill 2,President,,REP,Donald J. Trump,495
Rensselaer,Poestenkill 2,President,,CON,Donald J. Trump,89
Rensselaer,Poestenkill 2,President,,WOR,Kamala D. Harris,44
Rensselaer,Poestenkill 2,President,,,Write-in,4
Rensselaer,Poestenkill 2,U.S. Senate,,DEM,Kirsten E. Gillibrand,265
Rensselaer,Poestenkill 2,U.S. Senate,,REP,Michael D. Sapraicone,456
Rensselaer,Poestenkill 2,U.S. Senate,,CON,Michael D. Sapraicone,85
Rensselaer,Poestenkill 2,U.S. Senate,,WOR,Kirsten E. Gillibrand,72
Rensselaer,Poestenkill 2,U.S. Senate,,LAR,Diane Sare,5
Rensselaer,Poestenkill 2,U.S. House,19,DEM,Josh Riley,249
Rensselaer,Poestenkill 2,U.S. House,19,REP,Marcus Molinaro,487
Rensselaer,Poestenkill 2,U.S. House,19,CON,Marcus Molinaro,93
Rensselaer,Poestenkill 2,U.S. House,19,WOR,Josh Riley,51
Rensselaer,Poestenkill 2,State Senate,43,DEM,Alvin Gamble,261
Rensselaer,Poestenkill 2,State Senate,43,REP,Jake Ashby,504
Rensselaer,Poestenkill 2,State Senate,43,CON,Jake Ashby,112
Rensselaer,Poestenkill 2,State Senate,43,,Write-in,2
Rensselaer,Poestenkill 2,State Assembly,107,DEM,Chloe E. Pierce,269
Rensselaer,Poestenkill 2,State Assembly,107,REP,Scott H. Bendett,497
Rensselaer,Poestenkill 2,State Assembly,107,CON,Scott H. Bendett,108
Rensselaer,Poestenkill 2,State Assembly,107,,Write-in,1
Rensselaer,Poestenkill 3,President,,DEM,Kamala D. Harris,150
Rensselaer,Poestenkill 3,President,,REP,Donald J. Trump,190
Rensselaer,Poestenkill 3,President,,CON,Donald J. Trump,27
Rensselaer,Poestenkill 3,President,,WOR,Kamala D. Harris,11
Rensselaer,Poestenkill 3,President,,,Write-in,1
Rensselaer,Poestenkill 3,U.S. Senate,,DEM,Kirsten E. Gillibrand,155
Rensselaer,Poestenkill 3,U.S. Senate,,REP,Michael D. Sapraicone,163
Rensselaer,Poestenkill 3,U.S. Senate,,CON,Michael D. Sapraicone,25
Rensselaer,Poestenkill 3,U.S. Senate,,WOR,Kirsten E. Gillibrand,18
Rensselaer,Poestenkill 3,U.S. Senate,,LAR,Diane Sare,1
Rensselaer,Poestenkill 3,U.S. House,19,DEM,Josh Riley,145
Rensselaer,Poestenkill 3,U.S. House,19,REP,Marcus Molinaro,178
Rensselaer,Poestenkill 3,U.S. House,19,CON,Marcus Molinaro,26
Rensselaer,Poestenkill 3,U.S. House,19,WOR,Josh Riley,18
Rensselaer,Poestenkill 3,State Senate,43,DEM,Alvin Gamble,128
Rensselaer,Poestenkill 3,State Senate,43,REP,Jake Ashby,206
Rensselaer,Poestenkill 3,State Senate,43,CON,Jake Ashby,29
Rensselaer,Poestenkill 3,State Assembly,107,DEM,Chloe E. Pierce,139
Rensselaer,Poestenkill 3,State Assembly,107,REP,Scott H. Bendett,193
Rensselaer,Poestenkill 3,State Assembly,107,CON,Scott H. Bendett,30
Rensselaer,Poestenkill 4,President,,DEM,Kamala D. Harris,416
Rensselaer,Poestenkill 4,President,,REP,Donald J. Trump,460
Rensselaer,Poestenkill 4,President,,CON,Donald J. Trump,85
Rensselaer,Poestenkill 4,President,,WOR,Kamala D. Harris,46
Rensselaer,Poestenkill 4,President,,,Write-in,9
Rensselaer,Poestenkill 4,U.S. Senate,,DEM,Kirsten E. Gillibrand,421
Rensselaer,Poestenkill 4,U.S. Senate,,REP,Michael D. Sapraicone,417
Rensselaer,Poestenkill 4,U.S. Senate,,CON,Michael D. Sapraicone,86
Rensselaer,Poestenkill 4,U.S. Senate,,WOR,Kirsten E. Gillibrand,64
Rensselaer,Poestenkill 4,U.S. Senate,,LAR,Diane Sare,3
Rensselaer,Poestenkill 4,U.S. Senate,,,Write-in,2
Rensselaer,Poestenkill 4,U.S. House,19,DEM,Josh Riley,374
Rensselaer,Poestenkill 4,U.S. House,19,REP,Marcus Molinaro,466
Rensselaer,Poestenkill 4,U.S. House,19,CON,Marcus Molinaro,89
Rensselaer,Poestenkill 4,U.S. House,19,WOR,Josh Riley,51
Rensselaer,Poestenkill 4,U.S. House,19,,Write-in,2
Rensselaer,Poestenkill 4,State Senate,43,DEM,Alvin Gamble,366
Rensselaer,Poestenkill 4,State Senate,43,REP,Jake Ashby,518
Rensselaer,Poestenkill 4,State Senate,43,CON,Jake Ashby,103
Rensselaer,Poestenkill 4,State Assembly,107,DEM,Chloe E. Pierce,390
Rensselaer,Poestenkill 4,State Assembly,107,REP,Scott H. Bendett,490
Rensselaer,Poestenkill 4,State Assembly,107,CON,Scott H. Bendett,101
Rensselaer,City of Rensselaer 1,President,,DEM,Kamala D. Harris,331
Rensselaer,City of Rensselaer 1,President,,REP,Donald J. Trump,244
Rensselaer,City of Rensselaer 1,President,,CON,Donald J. Trump,35
Rensselaer,City of Rensselaer 1,President,,WOR,Kamala D. Harris,16
Rensselaer,City of Rensselaer 1,President,,,Write-in,3
Rensselaer,City of Rensselaer 1,U.S. Senate,,DEM,Kirsten E. Gillibrand,336
Rensselaer,City of Rensselaer 1,U.S. Senate,,REP,Michael D. Sapraicone,198
Rensselaer,City of Rensselaer 1,U.S. Senate,,CON,Michael D. Sapraicone,38
Rensselaer,City of Rensselaer 1,U.S. Senate,,WOR,Kirsten E. Gillibrand,35
Rensselaer,City of Rensselaer 1,U.S. Senate,,LAR,Diane Sare,6
Rensselaer,City of Rensselaer 1,U.S. Senate,,,Write-in,1
Rensselaer,City of Rensselaer 1,U.S. House,20,DEM,Paul D. Tonko,351
Rensselaer,City of Rensselaer 1,U.S. House,20,REP,Kevin M. Waltz,196
Rensselaer,City of Rensselaer 1,U.S. House,20,CON,Kevin M. Waltz,34
Rensselaer,City of Rensselaer 1,U.S. House,20,WOR,Paul D. Tonko,32
Rensselaer,City of Rensselaer 1,U.S. House,20,,Write-in,1
Rensselaer,City of Rensselaer 1,State Senate,43,DEM,Alvin Gamble,314
Rensselaer,City of Rensselaer 1,State Senate,43,REP,Jake Ashby,250
Rensselaer,City of Rensselaer 1,State Senate,43,CON,Jake Ashby,42
Rensselaer,City of Rensselaer 1,State Senate,43,,Write-in,1
Rensselaer,City of Rensselaer 1,State Assembly,108,DEM,John T. McDonald III,417
Rensselaer,City of Rensselaer 1,State Assembly,108,,Write-in,13
Rensselaer,City of Rensselaer 2,President,,DEM,Kamala D. Harris,317
Rensselaer,City of Rensselaer 2,President,,REP,Donald J. Trump,187
Rensselaer,City of Rensselaer 2,President,,CON,Donald J. Trump,31
Rensselaer,City of Rensselaer 2,President,,WOR,Kamala D. Harris,25
Rensselaer,City of Rensselaer 2,President,,,Write-in,9
Rensselaer,City of Rensselaer 2,U.S. Senate,,DEM,Kirsten E. Gillibrand,327
Rensselaer,City of Rensselaer 2,U.S. Senate,,REP,Michael D. Sapraicone,148
Rensselaer,City of Rensselaer 2,U.S. Senate,,CON,Michael D. Sapraicone,32
Rensselaer,City of Rensselaer 2,U.S. Senate,,WOR,Kirsten E. Gillibrand,39
Rensselaer,City of Rensselaer 2,U.S. Senate,,LAR,Diane Sare,3
Rensselaer,City of Rensselaer 2,U.S. Senate,,,Write-in,2
Rensselaer,City of Rensselaer 2,U.S. House,20,DEM,Paul D. Tonko,322
Rensselaer,City of Rensselaer 2,U.S. House,20,REP,Kevin M. Waltz,150
Rensselaer,City of Rensselaer 2,U.S. House,20,CON,Kevin M. Waltz,32
Rensselaer,City of Rensselaer 2,U.S. House,20,WOR,Paul D. Tonko,43
Rensselaer,City of Rensselaer 2,U.S. House,20,,Write-in,2
Rensselaer,City of Rensselaer 2,State Senate,43,DEM,Alvin Gamble,306
Rensselaer,City of Rensselaer 2,State Senate,43,REP,Jake Ashby,186
Rensselaer,City of Rensselaer 2,State Senate,43,CON,Jake Ashby,48
Rensselaer,City of Rensselaer 2,State Senate,43,,Write-in,1
Rensselaer,City of Rensselaer 2,State Assembly,108,DEM,John T. McDonald III,379
Rensselaer,City of Rensselaer 2,State Assembly,108,,Write-in,4
Rensselaer,City of Rensselaer 3,President,,DEM,Kamala D. Harris,256
Rensselaer,City of Rensselaer 3,President,,REP,Donald J. Trump,155
Rensselaer,City of Rensselaer 3,President,,CON,Donald J. Trump,25
Rensselaer,City of Rensselaer 3,President,,WOR,Kamala D. Harris,30
Rensselaer,City of Rensselaer 3,President,,,Write-in,5
Rensselaer,City of Rensselaer 3,U.S. Senate,,DEM,Kirsten E. Gillibrand,255
Rensselaer,City of Rensselaer 3,U.S. Senate,,REP,Michael D. Sapraicone,122
Rensselaer,City of Rensselaer 3,U.S. Senate,,CON,Michael D. Sapraicone,22
Rensselaer,City of Rensselaer 3,U.S. Senate,,WOR,Kirsten E. Gillibrand,49
Rensselaer,City of Rensselaer 3,U.S. Senate,,LAR,Diane Sare,2
Rensselaer,City of Rensselaer 3,U.S. House,20,DEM,Paul D. Tonko,262
Rensselaer,City of Rensselaer 3,U.S. House,20,REP,Kevin M. Waltz,111
Rensselaer,City of Rensselaer 3,U.S. House,20,CON,Kevin M. Waltz,28
Rensselaer,City of Rensselaer 3,U.S. House,20,WOR,Paul D. Tonko,48
Rensselaer,City of Rensselaer 3,State Senate,43,DEM,Alvin Gamble,255
Rensselaer,City of Rensselaer 3,State Senate,43,REP,Jake Ashby,158
Rensselaer,City of Rensselaer 3,State Senate,43,CON,Jake Ashby,36
Rensselaer,City of Rensselaer 3,State Assembly,108,DEM,John T. McDonald III,333
Rensselaer,City of Rensselaer 4,President,,DEM,Kamala D. Harris,237
Rensselaer,City of Rensselaer 4,President,,REP,Donald J. Trump,180
Rensselaer,City of Rensselaer 4,President,,CON,Donald J. Trump,32
Rensselaer,City of Rensselaer 4,President,,WOR,Kamala D. Harris,30
Rensselaer,City of Rensselaer 4,President,,,Write-in,5
Rensselaer,City of Rensselaer 4,U.S. Senate,,DEM,Kirsten E. Gillibrand,247
Rensselaer,City of Rensselaer 4,U.S. Senate,,REP,Michael D. Sapraicone,150
Rensselaer,City of Rensselaer 4,U.S. Senate,,CON,Michael D. Sapraicone,23
Rensselaer,City of Rensselaer 4,U.S. Senate,,WOR,Kirsten E. Gillibrand,48
Rensselaer,City of Rensselaer 4,U.S. Senate,,LAR,Diane Sare,1
Rensselaer,City of Rensselaer 4,U.S. Senate,,,Write-in,1
Rensselaer,City of Rensselaer 4,U.S. House,20,DEM,Paul D. Tonko,264
Rensselaer,City of Rensselaer 4,U.S. House,20,REP,Kevin M. Waltz,147
Rensselaer,City of Rensselaer 4,U.S. House,20,CON,Kevin M. Waltz,22
Rensselaer,City of Rensselaer 4,U.S. House,20,WOR,Paul D. Tonko,49
Rensselaer,City of Rensselaer 4,State Senate,43,DEM,Alvin Gamble,232
Rensselaer,City of Rensselaer 4,State Senate,43,REP,Jake Ashby,191
Rensselaer,City of Rensselaer 4,State Senate,43,CON,Jake Ashby,40
Rensselaer,City of Rensselaer 4,State Assembly,108,DEM,John T. McDonald III,309
Rensselaer,City of Rensselaer 4,State Assembly,108,,Write-in,1
Rensselaer,City of Rensselaer 5,President,,DEM,Kamala D. Harris,357
Rensselaer,City of Rensselaer 5,President,,REP,Donald J. Trump,194
Rensselaer,City of Rensselaer 5,President,,CON,Donald J. Trump,41
Rensselaer,City of Rensselaer 5,President,,WOR,Kamala D. Harris,20
Rensselaer,City of Rensselaer 5,President,,,Write-in,5
Rensselaer,City of Rensselaer 5,U.S. Senate,,DEM,Kirsten E. Gillibrand,369
Rensselaer,City of Rensselaer 5,U.S. Senate,,REP,Michael D. Sapraicone,163
Rensselaer,City of Rensselaer 5,U.S. Senate,,CON,Michael D. Sapraicone,45
Rensselaer,City of Rensselaer 5,U.S. Senate,,WOR,Kirsten E. Gillibrand,27
Rensselaer,City of Rensselaer 5,U.S. Senate,,LAR,Diane Sare,2
Rensselaer,City of Rensselaer 5,U.S. Senate,,,Write-in,1
Rensselaer,City of Rensselaer 5,U.S. House,20,DEM,Paul D. Tonko,372
Rensselaer,City of Rensselaer 5,U.S. House,20,REP,Kevin M. Waltz,163
Rensselaer,City of Rensselaer 5,U.S. House,20,CON,Kevin M. Waltz,35
Rensselaer,City of Rensselaer 5,U.S. House,20,WOR,Paul D. Tonko,35
Rensselaer,City of Rensselaer 5,U.S. House,20,,Write-in,1
Rensselaer,City of Rensselaer 5,State Senate,43,DEM,Alvin Gamble,300
Rensselaer,City of Rensselaer 5,State Senate,43,REP,Jake Ashby,225
Rensselaer,City of Rensselaer 5,State Senate,43,CON,Jake Ashby,65
Rensselaer,City of Rensselaer 5,State Assembly,108,DEM,John T. McDonald III,417
Rensselaer,City of Rensselaer 5,State Assembly,108,,Write-in,2
Rensselaer,City of Rensselaer 6,President,,DEM,Kamala D. Harris,420
Rensselaer,City of Rensselaer 6,President,,REP,Donald J. Trump,294
Rensselaer,City of Rensselaer 6,President,,CON,Donald J. Trump,44
Rensselaer,City of Rensselaer 6,President,,WOR,Kamala D. Harris,32
Rensselaer,City of Rensselaer 6,President,,,Write-in,10
Rensselaer,City of Rensselaer 6,U.S. Senate,,DEM,Kirsten E. Gillibrand,418
Rensselaer,City of Rensselaer 6,U.S. Senate,,REP,Michael D. Sapraicone,262
Rensselaer,City of Rensselaer 6,U.S. Senate,,CON,Michael D. Sapraicone,48
Rensselaer,City of Rensselaer 6,U.S. Senate,,WOR,Kirsten E. Gillibrand,48
Rensselaer,City of Rensselaer 6,U.S. Senate,,LAR,Diane Sare,4
Rensselaer,City of Rensselaer 6,U.S. House,20,DEM,Paul D. Tonko,426
Rensselaer,City of Rensselaer 6,U.S. House,20,REP,Kevin M. Waltz,265
Rensselaer,City of Rensselaer 6,U.S. House,20,CON,Kevin M. Waltz,47
Rensselaer,City of Rensselaer 6,U.S. House,20,WOR,Paul D. Tonko,50
Rensselaer,City of Rensselaer 6,State Senate,43,DEM,Alvin Gamble,372
Rensselaer,City of Rensselaer 6,State Senate,43,REP,Jake Ashby,319
Rensselaer,City of Rensselaer 6,State Senate,43,CON,Jake Ashby,65
Rensselaer,City of Rensselaer 6,State Assembly,108,DEM,John T. McDonald III,515
Rensselaer,City of Rensselaer 6,State Assembly,108,,Write-in,12
Rensselaer,Sand Lake 1,President,,DEM,Kamala D. Harris,779
Rensselaer,Sand Lake 1,President,,REP,Donald J. Trump,760
Rensselaer,Sand Lake 1,President,,CON,Donald J. Trump,145
Rensselaer,Sand Lake 1,President,,WOR,Kamala D. Harris,81
Rensselaer,Sand Lake 1,President,,,Write-in,20
Rensselaer,Sand Lake 1,U.S. Senate,,DEM,Kirsten E. Gillibrand,775
Rensselaer,Sand Lake 1,U.S. Senate,,REP,Michael D. Sapraicone,700
Rensselaer,Sand Lake 1,U.S. Senate,,CON,Michael D. Sapraicone,157
Rensselaer,Sand Lake 1,U.S. Senate,,WOR,Kirsten E. Gillibrand,111
Rensselaer,Sand Lake 1,U.S. Senate,,LAR,Diane Sare,11
Rensselaer,Sand Lake 1,U.S. Senate,,,Write-in,1
Rensselaer,Sand Lake 1,U.S. House,19,DEM,Josh Riley,714
Rensselaer,Sand Lake 1,U.S. House,19,REP,Marcus Molinaro,750
Rensselaer,Sand Lake 1,U.S. House,19,CON,Marcus Molinaro,164
Rensselaer,Sand Lake 1,U.S. House,19,WOR,Josh Riley,104
Rensselaer,Sand Lake 1,U.S. House,19,,Write-in,2
Rensselaer,Sand Lake 1,State Senate,43,DEM,Alvin Gamble,674
Rensselaer,Sand Lake 1,State Senate,43,REP,Jake Ashby,864
Rensselaer,Sand Lake 1,State Senate,43,CON,Jake Ashby,187
Rensselaer,Sand Lake 1,State Senate,43,,Write-in,1
Rensselaer,Sand Lake 1,State Assembly,107,DEM,Chloe E. Pierce,709
Rensselaer,Sand Lake 1,State Assembly,107,REP,Scott H. Bendett,845
Rensselaer,Sand Lake 1,State Assembly,107,CON,Scott H. Bendett,174
Rensselaer,Sand Lake 1,State Assembly,107,,Write-in,1
Rensselaer,Sand Lake 2,President,,DEM,Kamala D. Harris,378
Rensselaer,Sand Lake 2,President,,REP,Donald J. Trump,382
Rensselaer,Sand Lake 2,President,,CON,Donald J. Trump,64
Rensselaer,Sand Lake 2,President,,WOR,Kamala D. Harris,43
Rensselaer,Sand Lake 2,President,,,Write-in,4
Rensselaer,Sand Lake 2,U.S. Senate,,DEM,Kirsten E. Gillibrand,385
Rensselaer,Sand Lake 2,U.S. Senate,,REP,Michael D. Sapraicone,340
Rensselaer,Sand Lake 2,U.S. Senate,,CON,Michael D. Sapraicone,65
Rensselaer,Sand Lake 2,U.S. Senate,,WOR,Kirsten E. Gillibrand,63
Rensselaer,Sand Lake 2,U.S. Senate,,LAR,Diane Sare,4
Rensselaer,Sand Lake 2,U.S. Senate,,,Write-in,1
Rensselaer,Sand Lake 2,U.S. House,19,DEM,Josh Riley,357
Rensselaer,Sand Lake 2,U.S. House,19,REP,Marcus Molinaro,387
Rensselaer,Sand Lake 2,U.S. House,19,CON,Marcus Molinaro,69
Rensselaer,Sand Lake 2,U.S. House,19,WOR,Josh Riley,51
Rensselaer,Sand Lake 2,U.S. House,19,,Write-in,1
Rensselaer,Sand Lake 2,State Senate,43,DEM,Alvin Gamble,328
Rensselaer,Sand Lake 2,State Senate,43,REP,Jake Ashby,432
Rensselaer,Sand Lake 2,State Senate,43,CON,Jake Ashby,82
Rensselaer,Sand Lake 2,State Senate,43,,Write-in,1
Rensselaer,Sand Lake 2,State Assembly,107,DEM,Chloe E. Pierce,367
Rensselaer,Sand Lake 2,State Assembly,107,REP,Scott H. Bendett,409
Rensselaer,Sand Lake 2,State Assembly,107,CON,Scott H. Bendett,78
Rensselaer,Sand Lake 2,State Assembly,107,,Write-in,1
Rensselaer,Sand Lake 3,President,,DEM,Kamala D. Harris,535
Rensselaer,Sand Lake 3,President,,REP,Donald J. Trump,470
Rensselaer,Sand Lake 3,President,,CON,Donald J. Trump,92
Rensselaer,Sand Lake 3,President,,WOR,Kamala D. Harris,64
Rensselaer,Sand Lake 3,President,,,Write-in,8
Rensselaer,Sand Lake 3,U.S. Senate,,DEM,Kirsten E. Gillibrand,552
Rensselaer,Sand Lake 3,U.S. Senate,,REP,Michael D. Sapraicone,425
Rensselaer,Sand Lake 3,U.S. Senate,,CON,Michael D. Sapraicone,94
Rensselaer,Sand Lake 3,U.S. Senate,,WOR,Kirsten E. Gillibrand,76
Rensselaer,Sand Lake 3,U.S. Senate,,LAR,Diane Sare,2
Rensselaer,Sand Lake 3,U.S. Senate,,,Write-in,1
Rensselaer,Sand Lake 3,U.S. House,19,DEM,Josh Riley,492
Rensselaer,Sand Lake 3,U.S. House,19,REP,Marcus Molinaro,475
Rensselaer,Sand Lake 3,U.S. House,19,CON,Marcus Molinaro,103
Rensselaer,Sand Lake 3,U.S. House,19,WOR,Josh Riley,69
Rensselaer,Sand Lake 3,U.S. House,19,,Write-in,1
Rensselaer,Sand Lake 3,State Senate,43,DEM,Alvin Gamble,478
Rensselaer,Sand Lake 3,State Senate,43,REP,Jake Ashby,538
Rensselaer,Sand Lake 3,State Senate,43,CON,Jake Ashby,123
Rensselaer,Sand Lake 3,State Senate,43,,Write-in,1
Rensselaer,Sand Lake 3,State Assembly,107,DEM,Chloe E. Pierce,521
Rensselaer,Sand Lake 3,State Assembly,107,REP,Scott H. Bendett,502
Rensselaer,Sand Lake 3,State Assembly,107,CON,Scott H. Bendett,113
Rensselaer,Sand Lake 3,State Assembly,107,,Write-in,1
Rensselaer,Sand Lake 4,President,,DEM,Kamala D. Harris,164
Rensselaer,Sand Lake 4,President,,REP,Donald J. Trump,205
Rensselaer,Sand Lake 4,President,,CON,Donald J. Trump,45
Rensselaer,Sand Lake 4,President,,WOR,Kamala D. Harris,16
Rensselaer,Sand Lake 4,President,,,Write-in,4
Rensselaer,Sand Lake 4,U.S. Senate,,DEM,Kirsten E. Gillibrand,169
Rensselaer,Sand Lake 4,U.S. Senate,,REP,Michael D. Sapraicone,193
Rensselaer,Sand Lake 4,U.S. Senate,,CON,Michael D. Sapraicone,43
Rensselaer,Sand Lake 4,U.S. Senate,,WOR,Kirsten E. Gillibrand,18
Rensselaer,Sand Lake 4,U.S. House,19,DEM,Josh Riley,159
Rensselaer,Sand Lake 4,U.S. House,19,REP,Marcus Molinaro,205
Rensselaer,Sand Lake 4,U.S. House,19,CON,Marcus Molinaro,42
Rensselaer,Sand Lake 4,U.S. House,19,WOR,Josh Riley,18
Rensselaer,Sand Lake 4,State Senate,43,DEM,Alvin Gamble,137
Rensselaer,Sand Lake 4,State Senate,43,REP,Jake Ashby,234
Rensselaer,Sand Lake 4,State Senate,43,CON,Jake Ashby,48
Rensselaer,Sand Lake 4,State Assembly,107,DEM,Chloe E. Pierce,142
Rensselaer,Sand Lake 4,State Assembly,107,REP,Scott H. Bendett,231
Rensselaer,Sand Lake 4,State Assembly,107,CON,Scott H. Bendett,45
Rensselaer,Sand Lake 5,President,,DEM,Kamala D. Harris,321
Rensselaer,Sand Lake 5,President,,REP,Donald J. Trump,254
Rensselaer,Sand Lake 5,President,,CON,Donald J. Trump,45
Rensselaer,Sand Lake 5,President,,WOR,Kamala D. Harris,34
Rensselaer,Sand Lake 5,President,,,Write-in,8
Rensselaer,Sand Lake 5,U.S. Senate,,DEM,Kirsten E. Gillibrand,314
Rensselaer,Sand Lake 5,U.S. Senate,,REP,Michael D. Sapraicone,224
Rensselaer,Sand Lake 5,U.S. Senate,,CON,Michael D. Sapraicone,52
Rensselaer,Sand Lake 5,U.S. Senate,,WOR,Kirsten E. Gillibrand,48
Rensselaer,Sand Lake 5,U.S. Senate,,LAR,Diane Sare,6
Rensselaer,Sand Lake 5,U.S. House,19,DEM,Josh Riley,293
Rensselaer,Sand Lake 5,U.S. House,19,REP,Marcus Molinaro,250
Rensselaer,Sand Lake 5,U.S. House,19,CON,Marcus Molinaro,52
Rensselaer,Sand Lake 5,U.S. House,19,WOR,Josh Riley,47
Rensselaer,Sand Lake 5,U.S. House,19,,Write-in,1
Rensselaer,Sand Lake 5,State Senate,43,DEM,Alvin Gamble,291
Rensselaer,Sand Lake 5,State Senate,43,REP,Jake Ashby,277
Rensselaer,Sand Lake 5,State Senate,43,CON,Jake Ashby,66
Rensselaer,Sand Lake 5,State Assembly,107,DEM,Chloe E. Pierce,304
Rensselaer,Sand Lake 5,State Assembly,107,REP,Scott H. Bendett,276
Rensselaer,Sand Lake 5,State Assembly,107,CON,Scott H. Bendett,62
Rensselaer,Sand Lake 6,President,,DEM,Kamala D. Harris,208
Rensselaer,Sand Lake 6,President,,REP,Donald J. Trump,171
Rensselaer,Sand Lake 6,President,,CON,Donald J. Trump,29
Rensselaer,Sand Lake 6,President,,WOR,Kamala D. Harris,17
Rensselaer,Sand Lake 6,President,,,Write-in,9
Rensselaer,Sand Lake 6,U.S. Senate,,DEM,Kirsten E. Gillibrand,203
Rensselaer,Sand Lake 6,U.S. Senate,,REP,Michael D. Sapraicone,172
Rensselaer,Sand Lake 6,U.S. Senate,,CON,Michael D. Sapraicone,31
Rensselaer,Sand Lake 6,U.S. Senate,,WOR,Kirsten E. Gillibrand,23
Rensselaer,Sand Lake 6,U.S. Senate,,LAR,Diane Sare,2
Rensselaer,Sand Lake 6,U.S. House,19,DEM,Josh Riley,195
Rensselaer,Sand Lake 6,U.S. House,19,REP,Marcus Molinaro,192
Rensselaer,Sand Lake 6,U.S. House,19,CON,Marcus Molinaro,34
Rensselaer,Sand Lake 6,U.S. House,19,WOR,Josh Riley,16
Rensselaer,Sand Lake 6,U.S. House,19,,Write-in,1
Rensselaer,Sand Lake 6,State Senate,43,DEM,Alvin Gamble,172
Rensselaer,Sand Lake 6,State Senate,43,REP,Jake Ashby,201
Rensselaer,Sand Lake 6,State Senate,43,CON,Jake Ashby,42
Rensselaer,Sand Lake 6,State Assembly,107,DEM,Chloe E. Pierce,186
Rensselaer,Sand Lake 6,State Assembly,107,REP,Scott H. Bendett,197
Rensselaer,Sand Lake 6,State Assembly,107,CON,Scott H. Bendett,41
Rensselaer,Schaghticoke 1,President,,DEM,Kamala D. Harris,251
Rensselaer,Schaghticoke 1,President,,REP,Donald J. Trump,490
Rensselaer,Schaghticoke 1,President,,CON,Donald J. Trump,85
Rensselaer,Schaghticoke 1,President,,WOR,Kamala D. Harris,21
Rensselaer,Schaghticoke 1,President,,,Write-in,4
Rensselaer,Schaghticoke 1,U.S. Senate,,DEM,Kirsten E. Gillibrand,267
Rensselaer,Schaghticoke 1,U.S. Senate,,REP,Michael D. Sapraicone,440
Rensselaer,Schaghticoke 1,U.S. Senate,,CON,Michael D. Sapraicone,80
Rensselaer,Schaghticoke 1,U.S. Senate,,WOR,Kirsten E. Gillibrand,38
Rensselaer,Schaghticoke 1,U.S. Senate,,LAR,Diane Sare,3
Rensselaer,Schaghticoke 1,U.S. House,20,DEM,Paul D. Tonko,261
Rensselaer,Schaghticoke 1,U.S. House,20,REP,Kevin M. Waltz,436
Rensselaer,Schaghticoke 1,U.S. House,20,CON,Kevin M. Waltz,84
Rensselaer,Schaghticoke 1,U.S. House,20,WOR,Paul D. Tonko,41
Rensselaer,Schaghticoke 1,State Senate,43,DEM,Alvin Gamble,202
Rensselaer,Schaghticoke 1,State Senate,43,REP,Jake Ashby,520
Rensselaer,Schaghticoke 1,State Senate,43,CON,Jake Ashby,99
Rensselaer,Schaghticoke 1,State Assembly,107,DEM,Chloe E. Pierce,248
Rensselaer,Schaghticoke 1,State Assembly,107,REP,Scott H. Bendett,475
Rensselaer,Schaghticoke 1,State Assembly,107,CON,Scott H. Bendett,92
Rensselaer,Schaghticoke 2,President,,DEM,Kamala D. Harris,85
Rensselaer,Schaghticoke 2,President,,REP,Donald J. Trump,198
Rensselaer,Schaghticoke 2,President,,CON,Donald J. Trump,21
Rensselaer,Schaghticoke 2,President,,WOR,Kamala D. Harris,9
Rensselaer,Schaghticoke 2,President,,,Write-in,1
Rensselaer,Schaghticoke 2,U.S. Senate,,DEM,Kirsten E. Gillibrand,89
Rensselaer,Schaghticoke 2,U.S. Senate,,REP,Michael D. Sapraicone,176
Rensselaer,Schaghticoke 2,U.S. Senate,,CON,Michael D. Sapraicone,21
Rensselaer,Schaghticoke 2,U.S. Senate,,WOR,Kirsten E. Gillibrand,17
Rensselaer,Schaghticoke 2,U.S. Senate,,LAR,Diane Sare,2
Rensselaer,Schaghticoke 2,U.S. House,20,DEM,Paul D. Tonko,115
Rensselaer,Schaghticoke 2,U.S. House,20,REP,Kevin M. Waltz,177
Rensselaer,Schaghticoke 2,U.S. House,20,CON,Kevin M. Waltz,20
Rensselaer,Schaghticoke 2,U.S. House,20,WOR,Paul D. Tonko,15
Rensselaer,Schaghticoke 2,U.S. House,20,,Write-in,1
Rensselaer,Schaghticoke 2,State Senate,43,DEM,Alvin Gamble,79
Rensselaer,Schaghticoke 2,State Senate,43,REP,Jake Ashby,197
Rensselaer,Schaghticoke 2,State Senate,43,CON,Jake Ashby,25
Rensselaer,Schaghticoke 2,State Assembly,107,DEM,Chloe E. Pierce,93
Rensselaer,Schaghticoke 2,State Assembly,107,REP,Scott H. Bendett,190
Rensselaer,Schaghticoke 2,State Assembly,107,CON,Scott H. Bendett,23
Rensselaer,Schaghticoke 3,President,,DEM,Kamala D. Harris,215
Rensselaer,Schaghticoke 3,President,,REP,Donald J. Trump,403
Rensselaer,Schaghticoke 3,President,,CON,Donald J. Trump,62
Rensselaer,Schaghticoke 3,President,,WOR,Kamala D. Harris,11
Rensselaer,Schaghticoke 3,President,,,Write-in,6
Rensselaer,Schaghticoke 3,U.S. Senate,,DEM,Kirsten E. Gillibrand,233
Rensselaer,Schaghticoke 3,U.S. Senate,,REP,Michael D. Sapraicone,361
Rensselaer,Schaghticoke 3,U.S. Senate,,CON,Michael D. Sapraicone,61
Rensselaer,Schaghticoke 3,U.S. Senate,,WOR,Kirsten E. Gillibrand,28
Rensselaer,Schaghticoke 3,U.S. Senate,,LAR,Diane Sare,2
Rensselaer,Schaghticoke 3,U.S. House,20,DEM,Paul D. Tonko,221
Rensselaer,Schaghticoke 3,U.S. House,20,REP,Kevin M. Waltz,363
Rensselaer,Schaghticoke 3,U.S. House,20,CON,Kevin M. Waltz,61
Rensselaer,Schaghticoke 3,U.S. House,20,WOR,Paul D. Tonko,26
Rensselaer,Schaghticoke 3,U.S. House,20,,Write-in,1
Rensselaer,Schaghticoke 3,State Senate,43,DEM,Alvin Gamble,182
Rensselaer,Schaghticoke 3,State Senate,43,REP,Jake Ashby,424
Rensselaer,Schaghticoke 3,State Senate,43,CON,Jake Ashby,72
Rensselaer,Schaghticoke 3,State Assembly,107,DEM,Chloe E. Pierce,215
Rensselaer,Schaghticoke 3,State Assembly,107,REP,Scott H. Bendett,392
Rensselaer,Schaghticoke 3,State Assembly,107,CON,Scott H. Bendett,69
Rensselaer,Schaghticoke 4,President,,DEM,Kamala D. Harris,163
Rensselaer,Schaghticoke 4,President,,REP,Donald J. Trump,299
Rensselaer,Schaghticoke 4,President,,CON,Donald J. Trump,30
Rensselaer,Schaghticoke 4,President,,WOR,Kamala D. Harris,14
Rensselaer,Schaghticoke 4,President,,,Write-in,3
Rensselaer,Schaghticoke 4,U.S. Senate,,DEM,Kirsten E. Gillibrand,174
Rensselaer,Schaghticoke 4,U.S. Senate,,REP,Michael D. Sapraicone,266
Rensselaer,Schaghticoke 4,U.S. Senate,,CON,Michael D. Sapraicone,27
Rensselaer,Schaghticoke 4,U.S. Senate,,WOR,Kirsten E. Gillibrand,20
Rensselaer,Schaghticoke 4,U.S. Senate,,LAR,Diane Sare,2
Rensselaer,Schaghticoke 4,U.S. House,20,DEM,Paul D. Tonko,185
Rensselaer,Schaghticoke 4,U.S. House,20,REP,Kevin M. Waltz,266
Rensselaer,Schaghticoke 4,U.S. House,20,CON,Kevin M. Waltz,26
Rensselaer,Schaghticoke 4,U.S. House,20,WOR,Paul D. Tonko,22
Rensselaer,Schaghticoke 4,State Senate,43,DEM,Alvin Gamble,156
Rensselaer,Schaghticoke 4,State Senate,43,REP,Jake Ashby,305
Rensselaer,Schaghticoke 4,State Senate,43,CON,Jake Ashby,26
Rensselaer,Schaghticoke 4,State Assembly,107,DEM,Chloe E. Pierce,157
Rensselaer,Schaghticoke 4,State Assembly,107,REP,Scott H. Bendett,293
Rensselaer,Schaghticoke 4,State Assembly,107,CON,Scott H. Bendett,30
Rensselaer,Schaghticoke 5,President,,DEM,Kamala D. Harris,202
Rensselaer,Schaghticoke 5,President,,REP,Donald J. Trump,247
Rensselaer,Schaghticoke 5,President,,CON,Donald J. Trump,44
Rensselaer,Schaghticoke 5,President,,WOR,Kamala D. Harris,16
Rensselaer,Schaghticoke 5,President,,,Write-in,2
Rensselaer,Schaghticoke 5,U.S. Senate,,DEM,Kirsten E. Gillibrand,204
Rensselaer,Schaghticoke 5,U.S. Senate,,REP,Michael D. Sapraicone,211
Rensselaer,Schaghticoke 5,U.S. Senate,,CON,Michael D. Sapraicone,37
Rensselaer,Schaghticoke 5,U.S. Senate,,WOR,Kirsten E. Gillibrand,35
Rensselaer,Schaghticoke 5,U.S. Senate,,LAR,Diane Sare,6
Rensselaer,Schaghticoke 5,U.S. House,20,DEM,Paul D. Tonko,205
Rensselaer,Schaghticoke 5,U.S. House,20,REP,Kevin M. Waltz,205
Rensselaer,Schaghticoke 5,U.S. House,20,CON,Kevin M. Waltz,42
Rensselaer,Schaghticoke 5,U.S. House,20,WOR,Paul D. Tonko,42
Rensselaer,Schaghticoke 5,U.S. House,20,,Write-in,1
Rensselaer,Schaghticoke 5,State Senate,43,DEM,Alvin Gamble,182
Rensselaer,Schaghticoke 5,State Senate,43,REP,Jake Ashby,253
Rensselaer,Schaghticoke 5,State Senate,43,CON,Jake Ashby,51
Rensselaer,Schaghticoke 5,State Assembly,107,DEM,Chloe E. Pierce,199
Rensselaer,Schaghticoke 5,State Assembly,107,REP,Scott H. Bendett,243
Rensselaer,Schaghticoke 5,State Assembly,107,CON,Scott H. Bendett,46
Rensselaer,Schaghticoke 6,President,,DEM,Kamala D. Harris,273
Rensselaer,Schaghticoke 6,President,,REP,Donald J. Trump,369
Rensselaer,Schaghticoke 6,President,,CON,Donald J. Trump,54
Rensselaer,Schaghticoke 6,President,,WOR,Kamala D. Harris,21
Rensselaer,Schaghticoke 6,President,,,Write-in,5
Rensselaer,Schaghticoke 6,U.S. Senate,,DEM,Kirsten E. Gillibrand,288
Rensselaer,Schaghticoke 6,U.S. Senate,,REP,Michael D. Sapraicone,316
Rensselaer,Schaghticoke 6,U.S. Senate,,CON,Michael D. Sapraicone,60
Rensselaer,Schaghticoke 6,U.S. Senate,,WOR,Kirsten E. Gillibrand,37
Rensselaer,Schaghticoke 6,U.S. Senate,,LAR,Diane Sare,2
Rensselaer,Schaghticoke 6,U.S. House,20,DEM,Paul D. Tonko,287
Rensselaer,Schaghticoke 6,U.S. House,20,REP,Kevin M. Waltz,318
Rensselaer,Schaghticoke 6,U.S. House,20,CON,Kevin M. Waltz,59
Rensselaer,Schaghticoke 6,U.S. House,20,WOR,Paul D. Tonko,38
Rensselaer,Schaghticoke 6,State Senate,43,DEM,Alvin Gamble,227
Rensselaer,Schaghticoke 6,State Senate,43,REP,Jake Ashby,391
Rensselaer,Schaghticoke 6,State Senate,43,CON,Jake Ashby,74
Rensselaer,Schaghticoke 6,State Assembly,107,DEM,Chloe E. Pierce,261
Rensselaer,Schaghticoke 6,State Assembly,107,REP,Scott H. Bendett,355
Rensselaer,Schaghticoke 6,State Assembly,107,CON,Scott H. Bendett,66
Rensselaer,Schaghticoke 7,President,,DEM,Kamala D. Harris,233
Rensselaer,Schaghticoke 7,President,,REP,Donald J. Trump,479
Rensselaer,Schaghticoke 7,President,,CON,Donald J. Trump,64
Rensselaer,Schaghticoke 7,President,,WOR,Kamala D. Harris,33
Rensselaer,Schaghticoke 7,President,,,Write-in,5
Rensselaer,Schaghticoke 7,U.S. Senate,,DEM,Kirsten E. Gillibrand,250
Rensselaer,Schaghticoke 7,U.S. Senate,,REP,Michael D. Sapraicone,442
Rensselaer,Schaghticoke 7,U.S. Senate,,CON,Michael D. Sapraicone,61
Rensselaer,Schaghticoke 7,U.S. Senate,,WOR,Kirsten E. Gillibrand,47
Rensselaer,Schaghticoke 7,U.S. Senate,,LAR,Diane Sare,5
Rensselaer,Schaghticoke 7,U.S. House,20,DEM,Paul D. Tonko,262
Rensselaer,Schaghticoke 7,U.S. House,20,REP,Kevin M. Waltz,433
Rensselaer,Schaghticoke 7,U.S. House,20,CON,Kevin M. Waltz,69
Rensselaer,Schaghticoke 7,U.S. House,20,WOR,Paul D. Tonko,47
Rensselaer,Schaghticoke 7,State Senate,43,DEM,Alvin Gamble,195
Rensselaer,Schaghticoke 7,State Senate,43,REP,Jake Ashby,515
Rensselaer,Schaghticoke 7,State Senate,43,CON,Jake Ashby,83
Rensselaer,Schaghticoke 7,State Senate,43,,Write-in,1
Rensselaer,Schaghticoke 7,State Assembly,107,DEM,Chloe E. Pierce,215
Rensselaer,Schaghticoke 7,State Assembly,107,REP,Scott H. Bendett,492
Rensselaer,Schaghticoke 7,State Assembly,107,CON,Scott H. Bendett,80
Rensselaer,Schodack 1,President,,DEM,Kamala D. Harris,402
Rensselaer,Schodack 1,President,,REP,Donald J. Trump,307
Rensselaer,Schodack 1,President,,CON,Donald J. Trump,44
Rensselaer,Schodack 1,President,,WOR,Kamala D. Harris,25
Rensselaer,Schodack 1,President,,,Write-in,7
Rensselaer,Schodack 1,U.S. Senate,,DEM,Kirsten E. Gillibrand,405
Rensselaer,Schodack 1,U.S. Senate,,REP,Michael D. Sapraicone,282
Rensselaer,Schodack 1,U.S. Senate,,CON,Michael D. Sapraicone,46
Rensselaer,Schodack 1,U.S. Senate,,WOR,Kirsten E. Gillibrand,38
Rensselaer,Schodack 1,U.S. Senate,,LAR,Diane Sare,2
Rensselaer,Schodack 1,U.S. House,19,DEM,Josh Riley,356
Rensselaer,Schodack 1,U.S. House,19,REP,Marcus Molinaro,320
Rensselaer,Schodack 1,U.S. House,19,CON,Marcus Molinaro,48
Rensselaer,Schodack 1,U.S. House,19,WOR,Josh Riley,39
Rensselaer,Schodack 1,U.S. House,19,,Write-in,1
Rensselaer,Schodack 1,State Senate,43,DEM,Alvin Gamble,317
Rensselaer,Schodack 1,State Senate,43,REP,Jake Ashby,373
Rensselaer,Schodack 1,State Senate,43,CON,Jake Ashby,69
Rensselaer,Schodack 1,State Assembly,107,DEM,Chloe E. Pierce,371
Rensselaer,Schodack 1,State Assembly,107,REP,Scott H. Bendett,333
Rensselaer,Schodack 1,State Assembly,107,CON,Scott H. Bendett,56
Rensselaer,Schodack 2,President,,DEM,Kamala D. Harris,185
Rensselaer,Schodack 2,President,,REP,Donald J. Trump,202
Rensselaer,Schodack 2,President,,CON,Donald J. Trump,29
Rensselaer,Schodack 2,President,,WOR,Kamala D. Harris,12
Rensselaer,Schodack 2,President,,,Write-in,3
Rensselaer,Schodack 2,U.S. Senate,,DEM,Kirsten E. Gillibrand,184
Rensselaer,Schodack 2,U.S. Senate,,REP,Michael D. Sapraicone,188
Rensselaer,Schodack 2,U.S. Senate,,CON,Michael D. Sapraicone,37
Rensselaer,Schodack 2,U.S. Senate,,WOR,Kirsten E. Gillibrand,18
Rensselaer,Schodack 2,U.S. Senate,,LAR,Diane Sare,4
Rensselaer,Schodack 2,U.S. House,19,DEM,Josh Riley,173
Rensselaer,Schodack 2,U.S. House,19,REP,Marcus Molinaro,203
Rensselaer,Schodack 2,U.S. House,19,CON,Marcus Molinaro,37
Rensselaer,Schodack 2,U.S. House,19,WOR,Josh Riley,18
Rensselaer,Schodack 2,State Senate,43,DEM,Alvin Gamble,129
Rensselaer,Schodack 2,State Senate,43,REP,Jake Ashby,255
Rensselaer,Schodack 2,State Senate,43,CON,Jake Ashby,49
Rensselaer,Schodack 2,State Assembly,107,DEM,Chloe E. Pierce,167
Rensselaer,Schodack 2,State Assembly,107,REP,Scott H. Bendett,221
Rensselaer,Schodack 2,State Assembly,107,CON,Scott H. Bendett,40
Rensselaer,Schodack 3,President,,DEM,Kamala D. Harris,396
Rensselaer,Schodack 3,President,,REP,Donald J. Trump,261
Rensselaer,Schodack 3,President,,CON,Donald J. Trump,61
Rensselaer,Schodack 3,President,,WOR,Kamala D. Harris,27
Rensselaer,Schodack 3,President,,,Write-in,5
Rensselaer,Schodack 3,U.S. Senate,,DEM,Kirsten E. Gillibrand,374
Rensselaer,Schodack 3,U.S. Senate,,REP,Michael D. Sapraicone,245
Rensselaer,Schodack 3,U.S. Senate,,CON,Michael D. Sapraicone,70
Rensselaer,Schodack 3,U.S. Senate,,WOR,Kirsten E. Gillibrand,45
Rensselaer,Schodack 3,U.S. Senate,,LAR,Diane Sare,3
Rensselaer,Schodack 3,U.S. Senate,,,Write-in,1
Rensselaer,Schodack 3,U.S. House,19,DEM,Josh Riley,354
Rensselaer,Schodack 3,U.S. House,19,REP,Marcus Molinaro,273
Rensselaer,Schodack 3,U.S. House,19,CON,Marcus Molinaro,68
Rensselaer,Schodack 3,U.S. House,19,WOR,Josh Riley,36
Rensselaer,Schodack 3,U.S. House,19,,Write-in,2
Rensselaer,Schodack 3,State Senate,43,DEM,Alvin Gamble,262
Rensselaer,Schodack 3,State Senate,43,REP,Jake Ashby,383
Rensselaer,Schodack 3,State Senate,43,CON,Jake Ashby,95
Rensselaer,Schodack 3,State Senate,43,,Write-in,1
Rensselaer,Schodack 3,State Assembly,107,DEM,Chloe E. Pierce,352
Rensselaer,Schodack 3,State Assembly,107,REP,Scott H. Bendett,300
Rensselaer,Schodack 3,State Assembly,107,CON,Scott H. Bendett,77
Rensselaer,Schodack 3,State Assembly,107,,Write-in,1
Rensselaer,Schodack 4,President,,DEM,Kamala D. Harris,372
Rensselaer,Schodack 4,President,,REP,Donald J. Trump,411
Rensselaer,Schodack 4,President,,CON,Donald J. Trump,63
Rensselaer,Schodack 4,President,,WOR,Kamala D. Harris,40
Rensselaer,Schodack 4,President,,,Write-in,11
Rensselaer,Schodack 4,U.S. Senate,,DEM,Kirsten E. Gillibrand,358
Rensselaer,Schodack 4,U.S. Senate,,REP,Michael D. Sapraicone,381
Rensselaer,Schodack 4,U.S. Senate,,CON,Michael D. Sapraicone,71
Rensselaer,Schodack 4,U.S. Senate,,WOR,Kirsten E. Gillibrand,63
Rensselaer,Schodack 4,U.S. Senate,,LAR,Diane Sare,4
Rensselaer,Schodack 4,U.S. Senate,,,Write-in,1
Rensselaer,Schodack 4,U.S. House,19,DEM,Josh Riley,333
Rensselaer,Schodack 4,U.S. House,19,REP,Marcus Molinaro,398
Rensselaer,Schodack 4,U.S. House,19,CON,Marcus Molinaro,81
Rensselaer,Schodack 4,U.S. House,19,WOR,Josh Riley,61
Rensselaer,Schodack 4,U.S. House,19,,Write-in,2
Rensselaer,Schodack 4,State Senate,43,DEM,Alvin Gamble,311
Rensselaer,Schodack 4,State Senate,43,REP,Jake Ashby,463
Rensselaer,Schodack 4,State Senate,43,CON,Jake Ashby,90
Rensselaer,Schodack 4,State Senate,43,,Write-in,1
Rensselaer,Schodack 4,State Assembly,107,DEM,Chloe E. Pierce,370
Rensselaer,Schodack 4,State Assembly,107,REP,Scott H. Bendett,410
Rensselaer,Schodack 4,State Assembly,107,CON,Scott H. Bendett,84
Rensselaer,Schodack 4,State Assembly,107,,Write-in,3
Rensselaer,Schodack 5,President,,DEM,Kamala D. Harris,224
Rensselaer,Schodack 5,President,,REP,Donald J. Trump,189
Rensselaer,Schodack 5,President,,CON,Donald J. Trump,24
Rensselaer,Schodack 5,President,,WOR,Kamala D. Harris,27
Rensselaer,Schodack 5,President,,,Write-in,10
Rensselaer,Schodack 5,U.S. Senate,,DEM,Kirsten E. Gillibrand,222
Rensselaer,Schodack 5,U.S. Senate,,REP,Michael D. Sapraicone,177
Rensselaer,Schodack 5,U.S. Senate,,CON,Michael D. Sapraicone,28
Rensselaer,Schodack 5,U.S. Senate,,WOR,Kirsten E. Gillibrand,32
Rensselaer,Schodack 5,U.S. Senate,,LAR,Diane Sare,3
Rensselaer,Schodack 5,U.S. House,19,DEM,Josh Riley,203
Rensselaer,Schodack 5,U.S. House,19,REP,Marcus Molinaro,193
Rensselaer,Schodack 5,U.S. House,19,CON,Marcus Molinaro,25
Rensselaer,Schodack 5,U.S. House,19,WOR,Josh Riley,41
Rensselaer,Schodack 5,State Senate,43,DEM,Alvin Gamble,179
Rensselaer,Schodack 5,State Senate,43,REP,Jake Ashby,235
Rensselaer,Schodack 5,State Senate,43,CON,Jake Ashby,45
Rensselaer,Schodack 5,State Assembly,107,DEM,Chloe E. Pierce,233
Rensselaer,Schodack 5,State Assembly,107,REP,Scott H. Bendett,203
Rensselaer,Schodack 5,State Assembly,107,CON,Scott H. Bendett,24
Rensselaer,Schodack 5,State Assembly,107,,Write-in,1
Rensselaer,Schodack 6,President,,DEM,Kamala D. Harris,389
Rensselaer,Schodack 6,President,,REP,Donald J. Trump,483
Rensselaer,Schodack 6,President,,CON,Donald J. Trump,93
Rensselaer,Schodack 6,President,,WOR,Kamala D. Harris,24
Rensselaer,Schodack 6,President,,,Write-in,7
Rensselaer,Schodack 6,U.S. Senate,,DEM,Kirsten E. Gillibrand,409
Rensselaer,Schodack 6,U.S. Senate,,REP,Michael D. Sapraicone,419
Rensselaer,Schodack 6,U.S. Senate,,CON,Michael D. Sapraicone,95
Rensselaer,Schodack 6,U.S. Senate,,WOR,Kirsten E. Gillibrand,41
Rensselaer,Schodack 6,U.S. Senate,,LAR,Diane Sare,7
Rensselaer,Schodack 6,U.S. House,19,DEM,Josh Riley,372
Rensselaer,Schodack 6,U.S. House,19,REP,Marcus Molinaro,460
Rensselaer,Schodack 6,U.S. House,19,CON,Marcus Molinaro,105
Rensselaer,Schodack 6,U.S. House,19,WOR,Josh Riley,25
Rensselaer,Schodack 6,State Senate,43,DEM,Alvin Gamble,314
Rensselaer,Schodack 6,State Senate,43,REP,Jake Ashby,537
Rensselaer,Schodack 6,State Senate,43,CON,Jake Ashby,112
Rensselaer,Schodack 6,State Assembly,107,DEM,Chloe E. Pierce,382
Rensselaer,Schodack 6,State Assembly,107,REP,Scott H. Bendett,474
Rensselaer,Schodack 6,State Assembly,107,CON,Scott H. Bendett,105
Rensselaer,Schodack 7,President,,DEM,Kamala D. Harris,369
Rensselaer,Schodack 7,President,,REP,Donald J. Trump,364
Rensselaer,Schodack 7,President,,CON,Donald J. Trump,67
Rensselaer,Schodack 7,President,,WOR,Kamala D. Harris,33
Rensselaer,Schodack 7,President,,,Write-in,7
Rensselaer,Schodack 7,U.S. Senate,,DEM,Kirsten E. Gillibrand,368
Rensselaer,Schodack 7,U.S. Senate,,REP,Michael D. Sapraicone,347
Rensselaer,Schodack 7,U.S. Senate,,CON,Michael D. Sapraicone,59
Rensselaer,Schodack 7,U.S. Senate,,WOR,Kirsten E. Gillibrand,46
Rensselaer,Schodack 7,U.S. Senate,,LAR,Diane Sare,2
Rensselaer,Schodack 7,U.S. House,19,DEM,Josh Riley,336
Rensselaer,Schodack 7,U.S. House,19,REP,Marcus Molinaro,377
Rensselaer,Schodack 7,U.S. House,19,CON,Marcus Molinaro,65
Rensselaer,Schodack 7,U.S. House,19,WOR,Josh Riley,36
Rensselaer,Schodack 7,U.S. House,19,,Write-in,2
Rensselaer,Schodack 7,State Senate,43,DEM,Alvin Gamble,256
Rensselaer,Schodack 7,State Senate,43,REP,Jake Ashby,481
Rensselaer,Schodack 7,State Senate,43,CON,Jake Ashby,94
Rensselaer,Schodack 7,State Assembly,107,DEM,Chloe E. Pierce,339
Rensselaer,Schodack 7,State Assembly,107,REP,Scott H. Bendett,400
Rensselaer,Schodack 7,State Assembly,107,CON,Scott H. Bendett,76
Rensselaer,Schodack 8,President,,DEM,Kamala D. Harris,310
Rensselaer,Schodack 8,President,,REP,Donald J. Trump,378
Rensselaer,Schodack 8,President,,CON,Donald J. Trump,62
Rensselaer,Schodack 8,President,,WOR,Kamala D. Harris,40
Rensselaer,Schodack 8,President,,,Write-in,18
Rensselaer,Schodack 8,U.S. Senate,,DEM,Kirsten E. Gillibrand,303
Rensselaer,Schodack 8,U.S. Senate,,REP,Michael D. Sapraicone,355
Rensselaer,Schodack 8,U.S. Senate,,CON,Michael D. Sapraicone,73
Rensselaer,Schodack 8,U.S. Senate,,WOR,Kirsten E. Gillibrand,45
Rensselaer,Schodack 8,U.S. Senate,,LAR,Diane Sare,3
Rensselaer,Schodack 8,U.S. Senate,,,Write-in,3
Rensselaer,Schodack 8,U.S. House,19,DEM,Josh Riley,292
Rensselaer,Schodack 8,U.S. House,19,REP,Marcus Molinaro,379
Rensselaer,Schodack 8,U.S. House,19,CON,Marcus Molinaro,75
Rensselaer,Schodack 8,U.S. House,19,WOR,Josh Riley,45
Rensselaer,Schodack 8,U.S. House,19,,Write-in,3
Rensselaer,Schodack 8,State Senate,43,DEM,Alvin Gamble,252
Rensselaer,Schodack 8,State Senate,43,REP,Jake Ashby,452
Rensselaer,Schodack 8,State Senate,43,CON,Jake Ashby,85
Rensselaer,Schodack 8,State Assembly,107,DEM,Chloe E. Pierce,309
Rensselaer,Schodack 8,State Assembly,107,REP,Scott H. Bendett,401
Rensselaer,Schodack 8,State Assembly,107,CON,Scott H. Bendett,74
Rensselaer,Schodack 9,President,,DEM,Kamala D. Harris,213
Rensselaer,Schodack 9,President,,REP,Donald J. Trump,209
Rensselaer,Schodack 9,President,,CON,Donald J. Trump,19
Rensselaer,Schodack 9,President,,WOR,Kamala D. Harris,13
Rensselaer,Schodack 9,President,,,Write-in,3
Rensselaer,Schodack 9,U.S. Senate,,DEM,Kirsten E. Gillibrand,214
Rensselaer,Schodack 9,U.S. Senate,,REP,Michael D. Sapraicone,194
Rensselaer,Schodack 9,U.S. Senate,,CON,Michael D. Sapraicone,20
Rensselaer,Schodack 9,U.S. Senate,,WOR,Kirsten E. Gillibrand,24
Rensselaer,Schodack 9,U.S. Senate,,LAR,Diane Sare,3
Rensselaer,Schodack 9,U.S. House,19,DEM,Josh Riley,202
Rensselaer,Schodack 9,U.S. House,19,REP,Marcus Molinaro,226
Rensselaer,Schodack 9,U.S. House,19,CON,Marcus Molinaro,25
Rensselaer,Schodack 9,U.S. House,19,WOR,Josh Riley,15
Rensselaer,Schodack 9,State Senate,43,DEM,Alvin Gamble,173
Rensselaer,Schodack 9,State Senate,43,REP,Jake Ashby,246
Rensselaer,Schodack 9,State Senate,43,CON,Jake Ashby,34
Rensselaer,Schodack 9,State Assembly,107,DEM,Chloe E. Pierce,202
Rensselaer,Schodack 9,State Assembly,107,REP,Scott H. Bendett,230
Rensselaer,Schodack 9,State Assembly,107,CON,Scott H. Bendett,30
Rensselaer,Schodack 10,President,,DEM,Kamala D. Harris,319
Rensselaer,Schodack 10,President,,REP,Donald J. Trump,257
Rensselaer,Schodack 10,President,,CON,Donald J. Trump,40
Rensselaer,Schodack 10,President,,WOR,Kamala D. Harris,36
Rensselaer,Schodack 10,President,,,Write-in,11
Rensselaer,Schodack 10,U.S. Senate,,DEM,Kirsten E. Gillibrand,329
Rensselaer,Schodack 10,U.S. Senate,,REP,Michael D. Sapraicone,237
Rensselaer,Schodack 10,U.S. Senate,,CON,Michael D. Sapraicone,44
Rensselaer,Schodack 10,U.S. Senate,,WOR,Kirsten E. Gillibrand,40
Rensselaer,Schodack 10,U.S. Senate,,LAR,Diane Sare,5
Rensselaer,Schodack 10,U.S. Senate,,,Write-in,2
Rensselaer,Schodack 10,U.S. House,19,DEM,Josh Riley,295
Rensselaer,Schodack 10,U.S. House,19,REP,Marcus Molinaro,264
Rensselaer,Schodack 10,U.S. House,19,CON,Marcus Molinaro,54
Rensselaer,Schodack 10,U.S. House,19,WOR,Josh Riley,36
Rensselaer,Schodack 10,U.S. House,19,,Write-in,1
Rensselaer,Schodack 10,State Senate,43,DEM,Alvin Gamble,235
Rensselaer,Schodack 10,State Senate,43,REP,Jake Ashby,348
Rensselaer,Schodack 10,State Senate,43,CON,Jake Ashby,81
Rensselaer,Schodack 10,State Senate,43,,Write-in,1
Rensselaer,Schodack 10,State Assembly,107,DEM,Chloe E. Pierce,306
Rensselaer,Schodack 10,State Assembly,107,REP,Scott H. Bendett,280
Rensselaer,Schodack 10,State Assembly,107,CON,Scott H. Bendett,55
Rensselaer,Schodack 10,State Assembly,107,,Write-in,2
Rensselaer,Schodack 11,President,,DEM,Kamala D. Harris,407
Rensselaer,Schodack 11,President,,REP,Donald J. Trump,336
Rensselaer,Schodack 11,President,,CON,Donald J. Trump,55
Rensselaer,Schodack 11,President,,WOR,Kamala D. Harris,34
Rensselaer,Schodack 11,President,,,Write-in,5
Rensselaer,Schodack 11,U.S. Senate,,DEM,Kirsten E. Gillibrand,406
Rensselaer,Schodack 11,U.S. Senate,,REP,Michael D. Sapraicone,315
Rensselaer,Schodack 11,U.S. Senate,,CON,Michael D. Sapraicone,60
Rensselaer,Schodack 11,U.S. Senate,,WOR,Kirsten E. Gillibrand,42
Rensselaer,Schodack 11,U.S. Senate,,LAR,Diane Sare,3
Rensselaer,Schodack 11,U.S. House,19,DEM,Josh Riley,365
Rensselaer,Schodack 11,U.S. House,19,REP,Marcus Molinaro,348
Rensselaer,Schodack 11,U.S. House,19,CON,Marcus Molinaro,59
Rensselaer,Schodack 11,U.S. House,19,WOR,Josh Riley,39
Rensselaer,Schodack 11,U.S. House,19,,Write-in,1
Rensselaer,Schodack 11,State Senate,43,DEM,Alvin Gamble,317
Rensselaer,Schodack 11,State Senate,43,REP,Jake Ashby,418
Rensselaer,Schodack 11,State Senate,43,CON,Jake Ashby,80
Rensselaer,Schodack 11,State Assembly,107,DEM,Chloe E. Pierce,378
Rensselaer,Schodack 11,State Assembly,107,REP,Scott H. Bendett,358
Rensselaer,Schodack 11,State Assembly,107,CON,Scott H. Bendett,70
Rensselaer,Stephentown 1,President,,DEM,Kamala D. Harris,271
Rensselaer,Stephentown 1,President,,REP,Donald J. Trump,344
Rensselaer,Stephentown 1,President,,CON,Donald J. Trump,48
Rensselaer,Stephentown 1,President,,WOR,Kamala D. Harris,21
Rensselaer,Stephentown 1,President,,,Write-in,7
Rensselaer,Stephentown 1,U.S. Senate,,DEM,Kirsten E. Gillibrand,272
Rensselaer,Stephentown 1,U.S. Senate,,REP,Michael D. Sapraicone,303
Rensselaer,Stephentown 1,U.S. Senate,,CON,Michael D. Sapraicone,43
Rensselaer,Stephentown 1,U.S. Senate,,WOR,Kirsten E. Gillibrand,39
Rensselaer,Stephentown 1,U.S. Senate,,LAR,Diane Sare,2
Rensselaer,Stephentown 1,U.S. Senate,,,Write-in,2
Rensselaer,Stephentown 1,U.S. House,19,DEM,Josh Riley,265
Rensselaer,Stephentown 1,U.S. House,19,REP,Marcus Molinaro,325
Rensselaer,Stephentown 1,U.S. House,19,CON,Marcus Molinaro,40
Rensselaer,Stephentown 1,U.S. House,19,WOR,Josh Riley,28
Rensselaer,Stephentown 1,U.S. House,19,,Write-in,2
Rensselaer,Stephentown 1,State Senate,43,DEM,Alvin Gamble,245
Rensselaer,Stephentown 1,State Senate,43,REP,Jake Ashby,353
Rensselaer,Stephentown 1,State Senate,43,CON,Jake Ashby,59
Rensselaer,Stephentown 1,State Senate,43,,Write-in,2
Rensselaer,Stephentown 1,State Assembly,107,DEM,Chloe E. Pierce,257
Rensselaer,Stephentown 1,State Assembly,107,REP,Scott H. Bendett,339
Rensselaer,Stephentown 1,State Assembly,107,CON,Scott H. Bendett,55
Rensselaer,Stephentown 1,State Assembly,107,,Write-in,1
Rensselaer,Stephentown 2,President,,DEM,Kamala D. Harris,375
Rensselaer,Stephentown 2,President,,REP,Donald J. Trump,416
Rensselaer,Stephentown 2,President,,CON,Donald J. Trump,62
Rensselaer,Stephentown 2,President,,WOR,Kamala D. Harris,35
Rensselaer,Stephentown 2,President,,,Write-in,4
Rensselaer,Stephentown 2,U.S. Senate,,DEM,Kirsten E. Gillibrand,385
Rensselaer,Stephentown 2,U.S. Senate,,REP,Michael D. Sapraicone,379
Rensselaer,Stephentown 2,U.S. Senate,,CON,Michael D. Sapraicone,65
Rensselaer,Stephentown 2,U.S. Senate,,WOR,Kirsten E. Gillibrand,47
Rensselaer,Stephentown 2,U.S. Senate,,,Write-in,1
Rensselaer,Stephentown 2,U.S. House,19,DEM,Josh Riley,363
Rensselaer,Stephentown 2,U.S. House,19,REP,Marcus Molinaro,398
Rensselaer,Stephentown 2,U.S. House,19,CON,Marcus Molinaro,67
Rensselaer,Stephentown 2,U.S. House,19,WOR,Josh Riley,42
Rensselaer,Stephentown 2,U.S. House,19,,Write-in,2
Rensselaer,Stephentown 2,State Senate,43,DEM,Alvin Gamble,342
Rensselaer,Stephentown 2,State Senate,43,REP,Jake Ashby,436
Rensselaer,Stephentown 2,State Senate,43,CON,Jake Ashby,84
Rensselaer,Stephentown 2,State Assembly,107,DEM,Chloe E. Pierce,371
Rensselaer,Stephentown 2,State Assembly,107,REP,Scott H. Bendett,415
Rensselaer,Stephentown 2,State Assembly,107,CON,Scott H. Bendett,78
Rensselaer,City of Troy 1,President,,DEM,Kamala D. Harris,453
Rensselaer,City of Troy 1,President,,REP,Donald J. Trump,310
Rensselaer,City of Troy 1,President,,CON,Donald J. Trump,49
Rensselaer,City of Troy 1,President,,WOR,Kamala D. Harris,24
Rensselaer,City of Troy 1,President,,,Write-in,2
Rensselaer,City of Troy 1,U.S. Senate,,DEM,Kirsten E. Gillibrand,472
Rensselaer,City of Troy 1,U.S. Senate,,REP,Michael D. Sapraicone,274
Rensselaer,City of Troy 1,U.S. Senate,,CON,Michael D. Sapraicone,41
Rensselaer,City of Troy 1,U.S. Senate,,WOR,Kirsten E. Gillibrand,36
Rensselaer,City of Troy 1,U.S. Senate,,LAR,Diane Sare,5
Rensselaer,City of Troy 1,U.S. Senate,,,Write-in,1
Rensselaer,City of Troy 1,U.S. House,20,DEM,Paul D. Tonko,487
Rensselaer,City of Troy 1,U.S. House,20,REP,Kevin M. Waltz,253
Rensselaer,City of Troy 1,U.S. House,20,CON,Kevin M. Waltz,43
Rensselaer,City of Troy 1,U.S. House,20,WOR,Paul D. Tonko,45
Rensselaer,City of Troy 1,U.S. House,20,,Write-in,1
Rensselaer,City of Troy 1,State Senate,43,DEM,Alvin Gamble,418
Rensselaer,City of Troy 1,State Senate,43,REP,Jake Ashby,343
Rensselaer,City of Troy 1,State Senate,43,CON,Jake Ashby,58
Rensselaer,City of Troy 1,State Senate,43,,Write-in,1
Rensselaer,City of Troy 1,State Assembly,108,DEM,John T. McDonald III,589
Rensselaer,City of Troy 1,State Assembly,108,,Write-in,2
Rensselaer,City of Troy 2,President,,DEM,Kamala D. Harris,122
Rensselaer,City of Troy 2,President,,REP,Donald J. Trump,115
Rensselaer,City of Troy 2,President,,CON,Donald J. Trump,27
Rensselaer,City of Troy 2,President,,WOR,Kamala D. Harris,10
Rensselaer,City of Troy 2,President,,,Write-in,1
Rensselaer,City of Troy 2,U.S. Senate,,DEM,Kirsten E. Gillibrand,125
Rensselaer,City of Troy 2,U.S. Senate,,REP,Michael D. Sapraicone,94
Rensselaer,City of Troy 2,U.S. Senate,,CON,Michael D. Sapraicone,25
Rensselaer,City of Troy 2,U.S. Senate,,WOR,Kirsten E. Gillibrand,19
Rensselaer,City of Troy 2,U.S. Senate,,LAR,Diane Sare,3
Rensselaer,City of Troy 2,U.S. House,20,DEM,Paul D. Tonko,141
Rensselaer,City of Troy 2,U.S. House,20,REP,Kevin M. Waltz,94
Rensselaer,City of Troy 2,U.S. House,20,CON,Kevin M. Waltz,29
Rensselaer,City of Troy 2,U.S. House,20,WOR,Paul D. Tonko,16
Rensselaer,City of Troy 2,State Senate,43,DEM,Alvin Gamble,114
Rensselaer,City of Troy 2,State Senate,43,REP,Jake Ashby,118
Rensselaer,City of Troy 2,State Senate,43,CON,Jake Ashby,33
Rensselaer,City of Troy 2,State Senate,43,,Write-in,1
Rensselaer,City of Troy 2,State Assembly,108,DEM,John T. McDonald III,175
Rensselaer,City of Troy 2,State Assembly,108,,Write-in,3
Rensselaer,City of Troy 3,President,,DEM,Kamala D. Harris,250
Rensselaer,City of Troy 3,President,,REP,Donald J. Trump,191
Rensselaer,City of Troy 3,President,,CON,Donald J. Trump,35
Rensselaer,City of Troy 3,President,,WOR,Kamala D. Harris,19
Rensselaer,City of Troy 3,President,,,Write-in,12
Rensselaer,City of Troy 3,U.S. Senate,,DEM,Kirsten E. Gillibrand,252
Rensselaer,City of Troy 3,U.S. Senate,,REP,Michael D. Sapraicone,167
Rensselaer,City of Troy 3,U.S. Senate,,CON,Michael D. Sapraicone,30
Rensselaer,City of Troy 3,U.S. Senate,,WOR,Kirsten E. Gillibrand,38
Rensselaer,City of Troy 3,U.S. Senate,,LAR,Diane Sare,5
Rensselaer,City of Troy 3,U.S. Senate,,,Write-in,1
Rensselaer,City of Troy 3,U.S. House,20,DEM,Paul D. Tonko,252
Rensselaer,City of Troy 3,U.S. House,20,REP,Kevin M. Waltz,156
Rensselaer,City of Troy 3,U.S. House,20,CON,Kevin M. Waltz,30
Rensselaer,City of Troy 3,U.S. House,20,WOR,Paul D. Tonko,46
Rensselaer,City of Troy 3,State Senate,43,DEM,Alvin Gamble,237
Rensselaer,City of Troy 3,State Senate,43,REP,Jake Ashby,198
Rensselaer,City of Troy 3,State Senate,43,CON,Jake Ashby,44
Rensselaer,City of Troy 3,State Senate,43,,Write-in,1
Rensselaer,City of Troy 3,State Assembly,108,DEM,John T. McDonald III,341
Rensselaer,City of Troy 3,State Assembly,108,,Write-in,5
Rensselaer,City of Troy 4,President,,DEM,Kamala D. Harris,218
Rensselaer,City of Troy 4,President,,REP,Donald J. Trump,180
Rensselaer,City of Troy 4,President,,CON,Donald J. Trump,34
Rensselaer,City of Troy 4,President,,WOR,Kamala D. Harris,15
Rensselaer,City of Troy 4,U.S. Senate,,DEM,Kirsten E. Gillibrand,216
Rensselaer,City of Troy 4,U.S. Senate,,REP,Michael D. Sapraicone,155
Rensselaer,City of Troy 4,U.S. Senate,,CON,Michael D. Sapraicone,30
Rensselaer,City of Troy 4,U.S. Senate,,WOR,Kirsten E. Gillibrand,25
Rensselaer,City of Troy 4,U.S. Senate,,LAR,Diane Sare,2
Rensselaer,City of Troy 4,U.S. Senate,,,Write-in,1
Rensselaer,City of Troy 4,U.S. House,20,DEM,Paul D. Tonko,217
Rensselaer,City of Troy 4,U.S. House,20,REP,Kevin M. Waltz,150
Rensselaer,City of Troy 4,U.S. House,20,CON,Kevin M. Waltz,34
Rensselaer,City of Troy 4,U.S. House,20,WOR,Paul D. Tonko,23
Rensselaer,City of Troy 4,U.S. House,20,,Write-in,1
Rensselaer,City of Troy 4,State Senate,43,DEM,Alvin Gamble,197
Rensselaer,City of Troy 4,State Senate,43,REP,Jake Ashby,178
Rensselaer,City of Troy 4,State Senate,43,CON,Jake Ashby,43
Rensselaer,City of Troy 4,State Assembly,108,DEM,John T. McDonald III,277
Rensselaer,City of Troy 4,State Assembly,108,,Write-in,3
Rensselaer,City of Troy 5,President,,DEM,Kamala D. Harris,230
Rensselaer,City of Troy 5,President,,REP,Donald J. Trump,147
Rensselaer,City of Troy 5,President,,CON,Donald J. Trump,20
Rensselaer,City of Troy 5,President,,WOR,Kamala D. Harris,28
Rensselaer,City of Troy 5,President,,,Write-in,2
Rensselaer,City of Troy 5,U.S. Senate,,DEM,Kirsten E. Gillibrand,242
Rensselaer,City of Troy 5,U.S. Senate,,REP,Michael D. Sapraicone,114
Rensselaer,City of Troy 5,U.S. Senate,,CON,Michael D. Sapraicone,17
Rensselaer,City of Troy 5,U.S. Senate,,WOR,Kirsten E. Gillibrand,36
Rensselaer,City of Troy 5,U.S. Senate,,LAR,Diane Sare,2
Rensselaer,City of Troy 5,U.S. Senate,,,Write-in,1
Rensselaer,City of Troy 5,U.S. House,20,DEM,Paul D. Tonko,240
Rensselaer,City of Troy 5,U.S. House,20,REP,Kevin M. Waltz,109
Rensselaer,City of Troy 5,U.S. House,20,CON,Kevin M. Waltz,15
Rensselaer,City of Troy 5,U.S. House,20,WOR,Paul D. Tonko,45
Rensselaer,City of Troy 5,State Senate,43,DEM,Alvin Gamble,215
Rensselaer,City of Troy 5,State Senate,43,REP,Jake Ashby,168
Rensselaer,City of Troy 5,State Senate,43,CON,Jake Ashby,23
Rensselaer,City of Troy 5,State Senate,43,,Write-in,1
Rensselaer,City of Troy 5,State Assembly,108,DEM,John T. McDonald III,293
Rensselaer,City of Troy 5,State Assembly,108,,Write-in,4
Rensselaer,City of Troy 6,President,,DEM,Kamala D. Harris,266
Rensselaer,City of Troy 6,President,,REP,Donald J. Trump,175
Rensselaer,City of Troy 6,President,,CON,Donald J. Trump,29
Rensselaer,City of Troy 6,President,,WOR,Kamala D. Harris,29
Rensselaer,City of Troy 6,President,,,Write-in,10
Rensselaer,City of Troy 6,U.S. Senate,,DEM,Kirsten E. Gillibrand,269
Rensselaer,City of Troy 6,U.S. Senate,,REP,Michael D. Sapraicone,142
Rensselaer,City of Troy 6,U.S. Senate,,CON,Michael D. Sapraicone,33
Rensselaer,City of Troy 6,U.S. Senate,,WOR,Kirsten E. Gillibrand,43
Rensselaer,City of Troy 6,U.S. Senate,,LAR,Diane Sare,5
Rensselaer,City of Troy 6,U.S. House,20,DEM,Paul D. Tonko,282
Rensselaer,City of Troy 6,U.S. House,20,REP,Kevin M. Waltz,135
Rensselaer,City of Troy 6,U.S. House,20,CON,Kevin M. Waltz,35
Rensselaer,City of Troy 6,U.S. House,20,WOR,Paul D. Tonko,40
Rensselaer,City of Troy 6,State Senate,43,DEM,Alvin Gamble,259
Rensselaer,City of Troy 6,State Senate,43,REP,Jake Ashby,180
Rensselaer,City of Troy 6,State Senate,43,CON,Jake Ashby,48
Rensselaer,City of Troy 6,State Assembly,108,DEM,John T. McDonald III,368
Rensselaer,City of Troy 6,State Assembly,108,,Write-in,2
Rensselaer,City of Troy 7,President,,DEM,Kamala D. Harris,273
Rensselaer,City of Troy 7,President,,REP,Donald J. Trump,180
Rensselaer,City of Troy 7,President,,CON,Donald J. Trump,32
Rensselaer,City of Troy 7,President,,WOR,Kamala D. Harris,25
Rensselaer,City of Troy 7,President,,,Write-in,3
Rensselaer,City of Troy 7,U.S. Senate,,DEM,Kirsten E. Gillibrand,275
Rensselaer,City of Troy 7,U.S. Senate,,REP,Michael D. Sapraicone,150
Rensselaer,City of Troy 7,U.S. Senate,,CON,Michael D. Sapraicone,35
Rensselaer,City of Troy 7,U.S. Senate,,WOR,Kirsten E. Gillibrand,39
Rensselaer,City of Troy 7,U.S. Senate,,LAR,Diane Sare,1
Rensselaer,City of Troy 7,U.S. Senate,,,Write-in,2
Rensselaer,City of Troy 7,U.S. House,20,DEM,Paul D. Tonko,272
Rensselaer,City of Troy 7,U.S. House,20,REP,Kevin M. Waltz,152
Rensselaer,City of Troy 7,U.S. House,20,CON,Kevin M. Waltz,33
Rensselaer,City of Troy 7,U.S. House,20,WOR,Paul D. Tonko,40
Rensselaer,City of Troy 7,U.S. House,20,,Write-in,1
Rensselaer,City of Troy 7,State Senate,43,DEM,Alvin Gamble,250
Rensselaer,City of Troy 7,State Senate,43,REP,Jake Ashby,192
Rensselaer,City of Troy 7,State Senate,43,CON,Jake Ashby,47
Rensselaer,City of Troy 7,State Senate,43,,Write-in,1
Rensselaer,City of Troy 7,State Assembly,108,DEM,John T. McDonald III,341
Rensselaer,City of Troy 7,State Assembly,108,,Write-in,3
Rensselaer,City of Troy 8,President,,DEM,Kamala D. Harris,281
Rensselaer,City of Troy 8,President,,REP,Donald J. Trump,172
Rensselaer,City of Troy 8,President,,CON,Donald J. Trump,31
Rensselaer,City of Troy 8,President,,WOR,Kamala D. Harris,30
Rensselaer,City of Troy 8,President,,,Write-in,13
Rensselaer,City of Troy 8,U.S. Senate,,DEM,Kirsten E. Gillibrand,286
Rensselaer,City of Troy 8,U.S. Senate,,REP,Michael D. Sapraicone,133
Rensselaer,City of Troy 8,U.S. Senate,,CON,Michael D. Sapraicone,34
Rensselaer,City of Troy 8,U.S. Senate,,WOR,Kirsten E. Gillibrand,47
Rensselaer,City of Troy 8,U.S. Senate,,LAR,Diane Sare,5
Rensselaer,City of Troy 8,U.S. House,20,DEM,Paul D. Tonko,294
Rensselaer,City of Troy 8,U.S. House,20,REP,Kevin M. Waltz,140
Rensselaer,City of Troy 8,U.S. House,20,CON,Kevin M. Waltz,32
Rensselaer,City of Troy 8,U.S. House,20,WOR,Paul D. Tonko,52
Rensselaer,City of Troy 8,U.S. House,20,,Write-in,1
Rensselaer,City of Troy 8,State Senate,43,DEM,Alvin Gamble,273
Rensselaer,City of Troy 8,State Senate,43,REP,Jake Ashby,174
Rensselaer,City of Troy 8,State Senate,43,CON,Jake Ashby,45
Rensselaer,City of Troy 8,State Assembly,108,DEM,John T. McDonald III,365
Rensselaer,City of Troy 8,State Assembly,108,,Write-in,3
Rensselaer,City of Troy 9,President,,DEM,Kamala D. Harris,356
Rensselaer,City of Troy 9,President,,REP,Donald J. Trump,111
Rensselaer,City of Troy 9,President,,CON,Donald J. Trump,22
Rensselaer,City of Troy 9,President,,WOR,Kamala D. Harris,34
Rensselaer,City of Troy 9,President,,,Write-in,8
Rensselaer,City of Troy 9,U.S. Senate,,DEM,Kirsten E. Gillibrand,336
Rensselaer,City of Troy 9,U.S. Senate,,REP,Michael D. Sapraicone,93
Rensselaer,City of Troy 9,U.S. Senate,,CON,Michael D. Sapraicone,21
Rensselaer,City of Troy 9,U.S. Senate,,WOR,Kirsten E. Gillibrand,49
Rensselaer,City of Troy 9,U.S. Senate,,LAR,Diane Sare,3
Rensselaer,City of Troy 9,U.S. Senate,,,Write-in,2
Rensselaer,City of Troy 9,U.S. House,20,DEM,Paul D. Tonko,340
Rensselaer,City of Troy 9,U.S. House,20,REP,Kevin M. Waltz,92
Rensselaer,City of Troy 9,U.S. House,20,CON,Kevin M. Waltz,28
Rensselaer,City of Troy 9,U.S. House,20,WOR,Paul D. Tonko,55
Rensselaer,City of Troy 9,State Senate,43,DEM,Alvin Gamble,356
Rensselaer,City of Troy 9,State Senate,43,REP,Jake Ashby,111
Rensselaer,City of Troy 9,State Senate,43,CON,Jake Ashby,32
Rensselaer,City of Troy 9,State Assembly,108,DEM,John T. McDonald III,412
Rensselaer,City of Troy 9,State Assembly,108,,Write-in,4
Rensselaer,City of Troy 10,President,,DEM,Kamala D. Harris,387
Rensselaer,City of Troy 10,President,,REP,Donald J. Trump,115
Rensselaer,City of Troy 10,President,,CON,Donald J. Trump,11
Rensselaer,City of Troy 10,President,,WOR,Kamala D. Harris,26
Rensselaer,City of Troy 10,President,,,Write-in,6
Rensselaer,City of Troy 10,U.S. Senate,,DEM,Kirsten E. Gillibrand,354
Rensselaer,City of Troy 10,U.S. Senate,,REP,Michael D. Sapraicone,91
Rensselaer,City of Troy 10,U.S. Senate,,CON,Michael D. Sapraicone,12
Rensselaer,City of Troy 10,U.S. Senate,,WOR,Kirsten E. Gillibrand,47
Rensselaer,City of Troy 10,U.S. Senate,,LAR,Diane Sare,13
Rensselaer,City of Troy 10,U.S. Senate,,,Write-in,2
Rensselaer,City of Troy 10,U.S. House,20,DEM,Paul D. Tonko,359
Rensselaer,City of Troy 10,U.S. House,20,REP,Kevin M. Waltz,95
Rensselaer,City of Troy 10,U.S. House,20,CON,Kevin M. Waltz,12
Rensselaer,City of Troy 10,U.S. House,20,WOR,Paul D. Tonko,45
Rensselaer,City of Troy 10,State Senate,43,DEM,Alvin Gamble,385
Rensselaer,City of Troy 10,State Senate,43,REP,Jake Ashby,112
Rensselaer,City of Troy 10,State Senate,43,CON,Jake Ashby,20
Rensselaer,City of Troy 10,State Senate,43,,Write-in,1
Rensselaer,City of Troy 10,State Assembly,108,DEM,John T. McDonald III,416
Rensselaer,City of Troy 10,State Assembly,108,,Write-in,8
Rensselaer,City of Troy 11,President,,DEM,Kamala D. Harris,334
Rensselaer,City of Troy 11,President,,REP,Donald J. Trump,132
Rensselaer,City of Troy 11,President,,CON,Donald J. Trump,20
Rensselaer,City of Troy 11,President,,WOR,Kamala D. Harris,51
Rensselaer,City of Troy 11,President,,,Write-in,17
Rensselaer,City of Troy 11,U.S. Senate,,DEM,Kirsten E. Gillibrand,327
Rensselaer,City of Troy 11,U.S. Senate,,REP,Michael D. Sapraicone,116
Rensselaer,City of Troy 11,U.S. Senate,,CON,Michael D. Sapraicone,21
Rensselaer,City of Troy 11,U.S. Senate,,WOR,Kirsten E. Gillibrand,65
Rensselaer,City of Troy 11,U.S. Senate,,LAR,Diane Sare,7
Rensselaer,City of Troy 11,U.S. Senate,,,Write-in,6
Rensselaer,City of Troy 11,U.S. House,20,DEM,Paul D. Tonko,345
Rensselaer,City of Troy 11,U.S. House,20,REP,Kevin M. Waltz,119
Rensselaer,City of Troy 11,U.S. House,20,CON,Kevin M. Waltz,15
Rensselaer,City of Troy 11,U.S. House,20,WOR,Paul D. Tonko,71
Rensselaer,City of Troy 11,U.S. House,20,,Write-in,2
Rensselaer,City of Troy 11,State Senate,43,DEM,Alvin Gamble,365
Rensselaer,City of Troy 11,State Senate,43,REP,Jake Ashby,144
Rensselaer,City of Troy 11,State Senate,43,CON,Jake Ashby,25
Rensselaer,City of Troy 11,State Senate,43,,Write-in,2
Rensselaer,City of Troy 11,State Assembly,108,DEM,John T. McDonald III,426
Rensselaer,City of Troy 11,State Assembly,108,,Write-in,4
Rensselaer,City of Troy 12,President,,DEM,Kamala D. Harris,383
Rensselaer,City of Troy 12,President,,REP,Donald J. Trump,145
Rensselaer,City of Troy 12,President,,CON,Donald J. Trump,14
Rensselaer,City of Troy 12,President,,WOR,Kamala D. Harris,46
Rensselaer,City of Troy 12,President,,,Write-in,15
Rensselaer,City of Troy 12,U.S. Senate,,DEM,Kirsten E. Gillibrand,377
Rensselaer,City of Troy 12,U.S. Senate,,REP,Michael D. Sapraicone,126
Rensselaer,City of Troy 12,U.S. Senate,,CON,Michael D. Sapraicone,19
Rensselaer,City of Troy 12,U.S. Senate,,WOR,Kirsten E. Gillibrand,55
Rensselaer,City of Troy 12,U.S. Senate,,LAR,Diane Sare,7
Rensselaer,City of Troy 12,U.S. Senate,,,Write-in,1
Rensselaer,City of Troy 12,U.S. House,20,DEM,Paul D. Tonko,387
Rensselaer,City of Troy 12,U.S. House,20,REP,Kevin M. Waltz,117
Rensselaer,City of Troy 12,U.S. House,20,CON,Kevin M. Waltz,20
Rensselaer,City of Troy 12,U.S. House,20,WOR,Paul D. Tonko,62
Rensselaer,City of Troy 12,State Senate,43,DEM,Alvin Gamble,392
Rensselaer,City of Troy 12,State Senate,43,REP,Jake Ashby,159
Rensselaer,City of Troy 12,State Senate,43,CON,Jake Ashby,29
Rensselaer,City of Troy 12,State Assembly,108,DEM,John T. McDonald III,469
Rensselaer,City of Troy 12,State Assembly,108,,Write-in,4
Rensselaer,City of Troy 13,President,,DEM,Kamala D. Harris,276
Rensselaer,City of Troy 13,President,,REP,Donald J. Trump,155
Rensselaer,City of Troy 13,President,,CON,Donald J. Trump,22
Rensselaer,City of Troy 13,President,,WOR,Kamala D. Harris,32
Rensselaer,City of Troy 13,President,,,Write-in,14
Rensselaer,City of Troy 13,U.S. Senate,,DEM,Kirsten E. Gillibrand,288
Rensselaer,City of Troy 13,U.S. Senate,,REP,Michael D. Sapraicone,127
Rensselaer,City of Troy 13,U.S. Senate,,CON,Michael D. Sapraicone,23
Rensselaer,City of Troy 13,U.S. Senate,,WOR,Kirsten E. Gillibrand,54
Rensselaer,City of Troy 13,U.S. Senate,,,Write-in,1
Rensselaer,City of Troy 13,U.S. House,20,DEM,Paul D. Tonko,285
Rensselaer,City of Troy 13,U.S. House,20,REP,Kevin M. Waltz,132
Rensselaer,City of Troy 13,U.S. House,20,CON,Kevin M. Waltz,22
Rensselaer,City of Troy 13,U.S. House,20,WOR,Paul D. Tonko,51
Rensselaer,City of Troy 13,U.S. House,20,,Write-in,1
Rensselaer,City of Troy 13,State Senate,43,DEM,Alvin Gamble,276
Rensselaer,City of Troy 13,State Senate,43,REP,Jake Ashby,183
Rensselaer,City of Troy 13,State Senate,43,CON,Jake Ashby,36
Rensselaer,City of Troy 13,State Senate,43,,Write-in,1
Rensselaer,City of Troy 13,State Assembly,108,DEM,John T. McDonald III,375
Rensselaer,City of Troy 13,State Assembly,108,,Write-in,4
Rensselaer,City of Troy 14,President,,DEM,Kamala D. Harris,234
Rensselaer,City of Troy 14,President,,REP,Donald J. Trump,72
Rensselaer,City of Troy 14,President,,CON,Donald J. Trump,13
Rensselaer,City of Troy 14,President,,WOR,Kamala D. Harris,12
Rensselaer,City of Troy 14,President,,,Write-in,6
Rensselaer,City of Troy 14,U.S. Senate,,DEM,Kirsten E. Gillibrand,224
Rensselaer,City of Troy 14,U.S. Senate,,REP,Michael D. Sapraicone,69
Rensselaer,City of Troy 14,U.S. Senate,,CON,Michael D. Sapraicone,15
Rensselaer,City of Troy 14,U.S. Senate,,WOR,Kirsten E. Gillibrand,20
Rensselaer,City of Troy 14,U.S. Senate,,LAR,Diane Sare,3
Rensselaer,City of Troy 14,U.S. House,20,DEM,Paul D. Tonko,231
Rensselaer,City of Troy 14,U.S. House,20,REP,Kevin M. Waltz,57
Rensselaer,City of Troy 14,U.S. House,20,CON,Kevin M. Waltz,10
Rensselaer,City of Troy 14,U.S. House,20,WOR,Paul D. Tonko,28
Rensselaer,City of Troy 14,U.S. House,20,,Write-in,1
Rensselaer,City of Troy 14,State Senate,43,DEM,Alvin Gamble,214
Rensselaer,City of Troy 14,State Senate,43,REP,Jake Ashby,85
Rensselaer,City of Troy 14,State Senate,43,CON,Jake Ashby,19
Rensselaer,City of Troy 14,State Senate,43,,Write-in,1
Rensselaer,City of Troy 14,State Assembly,108,DEM,John T. McDonald III,254
Rensselaer,City of Troy 14,State Assembly,108,,Write-in,1
Rensselaer,City of Troy 15,President,,DEM,Kamala D. Harris,213
Rensselaer,City of Troy 15,President,,REP,Donald J. Trump,51
Rensselaer,City of Troy 15,President,,CON,Donald J. Trump,6
Rensselaer,City of Troy 15,President,,WOR,Kamala D. Harris,38
Rensselaer,City of Troy 15,President,,,Write-in,7
Rensselaer,City of Troy 15,U.S. Senate,,DEM,Kirsten E. Gillibrand,207
Rensselaer,City of Troy 15,U.S. Senate,,REP,Michael D. Sapraicone,45
Rensselaer,City of Troy 15,U.S. Senate,,CON,Michael D. Sapraicone,4
Rensselaer,City of Troy 15,U.S. Senate,,WOR,Kirsten E. Gillibrand,48
Rensselaer,City of Troy 15,U.S. Senate,,LAR,Diane Sare,3
Rensselaer,City of Troy 15,U.S. Senate,,,Write-in,2
Rensselaer,City of Troy 15,U.S. House,20,DEM,Paul D. Tonko,205
Rensselaer,City of Troy 15,U.S. House,20,REP,Kevin M. Waltz,44
Rensselaer,City of Troy 15,U.S. House,20,CON,Kevin M. Waltz,5
Rensselaer,City of Troy 15,U.S. House,20,WOR,Paul D. Tonko,49
Rensselaer,City of Troy 15,U.S. House,20,,Write-in,1
Rensselaer,City of Troy 15,State Senate,43,DEM,Alvin Gamble,232
Rensselaer,City of Troy 15,State Senate,43,REP,Jake Ashby,57
Rensselaer,City of Troy 15,State Senate,43,CON,Jake Ashby,8
Rensselaer,City of Troy 15,State Assembly,108,DEM,John T. McDonald III,266
Rensselaer,City of Troy 15,State Assembly,108,,Write-in,2
Rensselaer,City of Troy 16,President,,DEM,Kamala D. Harris,370
Rensselaer,City of Troy 16,President,,REP,Donald J. Trump,82
Rensselaer,City of Troy 16,President,,CON,Donald J. Trump,19
Rensselaer,City of Troy 16,President,,WOR,Kamala D. Harris,53
Rensselaer,City of Troy 16,President,,,Write-in,14
Rensselaer,City of Troy 16,U.S. Senate,,DEM,Kirsten E. Gillibrand,351
Rensselaer,City of Troy 16,U.S. Senate,,REP,Michael D. Sapraicone,60
Rensselaer,City of Troy 16,U.S. Senate,,CON,Michael D. Sapraicone,18
Rensselaer,City of Troy 16,U.S. Senate,,WOR,Kirsten E. Gillibrand,64
Rensselaer,City of Troy 16,U.S. Senate,,LAR,Diane Sare,10
Rensselaer,City of Troy 16,U.S. Senate,,,Write-in,2
Rensselaer,City of Troy 16,U.S. House,20,DEM,Paul D. Tonko,377
Rensselaer,City of Troy 16,U.S. House,20,REP,Kevin M. Waltz,54
Rensselaer,City of Troy 16,U.S. House,20,CON,Kevin M. Waltz,19
Rensselaer,City of Troy 16,U.S. House,20,WOR,Paul D. Tonko,72
Rensselaer,City of Troy 16,U.S. House,20,,Write-in,4
Rensselaer,City of Troy 16,State Senate,43,DEM,Alvin Gamble,387
Rensselaer,City of Troy 16,State Senate,43,REP,Jake Ashby,78
Rensselaer,City of Troy 16,State Senate,43,CON,Jake Ashby,28
Rensselaer,City of Troy 16,State Senate,43,,Write-in,1
Rensselaer,City of Troy 16,State Assembly,108,DEM,John T. McDonald III,405
Rensselaer,City of Troy 16,State Assembly,108,,Write-in,4
Rensselaer,City of Troy 17,President,,DEM,Kamala D. Harris,518
Rensselaer,City of Troy 17,President,,REP,Donald J. Trump,92
Rensselaer,City of Troy 17,President,,CON,Donald J. Trump,9
Rensselaer,City of Troy 17,President,,WOR,Kamala D. Harris,91
Rensselaer,City of Troy 17,President,,,Write-in,27
Rensselaer,City of Troy 17,U.S. Senate,,DEM,Kirsten E. Gillibrand,514
Rensselaer,City of Troy 17,U.S. Senate,,REP,Michael D. Sapraicone,73
Rensselaer,City of Troy 17,U.S. Senate,,CON,Michael D. Sapraicone,10
Rensselaer,City of Troy 17,U.S. Senate,,WOR,Kirsten E. Gillibrand,112
Rensselaer,City of Troy 17,U.S. Senate,,LAR,Diane Sare,5
Rensselaer,City of Troy 17,U.S. Senate,,,Write-in,1
Rensselaer,City of Troy 17,U.S. House,20,DEM,Paul D. Tonko,513
Rensselaer,City of Troy 17,U.S. House,20,REP,Kevin M. Waltz,79
Rensselaer,City of Troy 17,U.S. House,20,CON,Kevin M. Waltz,10
Rensselaer,City of Troy 17,U.S. House,20,WOR,Paul D. Tonko,122
Rensselaer,City of Troy 17,U.S. House,20,,Write-in,1
Rensselaer,City of Troy 17,State Senate,43,DEM,Alvin Gamble,584
Rensselaer,City of Troy 17,State Senate,43,REP,Jake Ashby,105
Rensselaer,City of Troy 17,State Senate,43,CON,Jake Ashby,14
Rensselaer,City of Troy 17,State Senate,43,,Write-in,1
Rensselaer,City of Troy 17,State Assembly,108,DEM,John T. McDonald III,635
Rensselaer,City of Troy 17,State Assembly,108,,Write-in,5
Rensselaer,City of Troy 18,President,,DEM,Kamala D. Harris,540
Rensselaer,City of Troy 18,President,,REP,Donald J. Trump,136
Rensselaer,City of Troy 18,President,,CON,Donald J. Trump,24
Rensselaer,City of Troy 18,President,,WOR,Kamala D. Harris,106
Rensselaer,City of Troy 18,President,,,Write-in,20
Rensselaer,City of Troy 18,U.S. Senate,,DEM,Kirsten E. Gillibrand,522
Rensselaer,City of Troy 18,U.S. Senate,,REP,Michael D. Sapraicone,116
Rensselaer,City of Troy 18,U.S. Senate,,CON,Michael D. Sapraicone,25
Rensselaer,City of Troy 18,U.S. Senate,,WOR,Kirsten E. Gillibrand,133
Rensselaer,City of Troy 18,U.S. Senate,,LAR,Diane Sare,16
Rensselaer,City of Troy 18,U.S. Senate,,,Write-in,6
Rensselaer,City of Troy 18,U.S. House,20,DEM,Paul D. Tonko,531
Rensselaer,City of Troy 18,U.S. House,20,REP,Kevin M. Waltz,107
Rensselaer,City of Troy 18,U.S. House,20,CON,Kevin M. Waltz,30
Rensselaer,City of Troy 18,U.S. House,20,WOR,Paul D. Tonko,141
Rensselaer,City of Troy 18,U.S. House,20,,Write-in,1
Rensselaer,City of Troy 18,State Senate,43,DEM,Alvin Gamble,615
Rensselaer,City of Troy 18,State Senate,43,REP,Jake Ashby,158
Rensselaer,City of Troy 18,State Senate,43,CON,Jake Ashby,31
Rensselaer,City of Troy 18,State Senate,43,,Write-in,2
Rensselaer,City of Troy 18,State Assembly,108,DEM,John T. McDonald III,675
Rensselaer,City of Troy 18,State Assembly,108,,Write-in,12
Rensselaer,City of Troy 19,President,,DEM,Kamala D. Harris,501
Rensselaer,City of Troy 19,President,,REP,Donald J. Trump,310
Rensselaer,City of Troy 19,President,,CON,Donald J. Trump,54
Rensselaer,City of Troy 19,President,,WOR,Kamala D. Harris,66
Rensselaer,City of Troy 19,President,,,Write-in,12
Rensselaer,City of Troy 19,U.S. Senate,,DEM,Kirsten E. Gillibrand,497
Rensselaer,City of Troy 19,U.S. Senate,,REP,Michael D. Sapraicone,271
Rensselaer,City of Troy 19,U.S. Senate,,CON,Michael D. Sapraicone,58
Rensselaer,City of Troy 19,U.S. Senate,,WOR,Kirsten E. Gillibrand,98
Rensselaer,City of Troy 19,U.S. Senate,,LAR,Diane Sare,3
Rensselaer,City of Troy 19,U.S. House,20,DEM,Paul D. Tonko,209
Rensselaer,City of Troy 19,U.S. House,20,REP,Kevin M. Waltz,262
Rensselaer,City of Troy 19,U.S. House,20,CON,Kevin M. Waltz,51
Rensselaer,City of Troy 19,U.S. House,20,WOR,Paul D. Tonko,103
Rensselaer,City of Troy 19,State Senate,43,DEM,Alvin Gamble,481
Rensselaer,City of Troy 19,State Senate,43,REP,Jake Ashby,354
Rensselaer,City of Troy 19,State Senate,43,CON,Jake Ashby,76
Rensselaer,City of Troy 19,State Assembly,108,DEM,John T. McDonald III,624
Rensselaer,City of Troy 19,State Assembly,108,,Write-in,8
Rensselaer,City of Troy 20,President,,DEM,Kamala D. Harris,398
Rensselaer,City of Troy 20,President,,REP,Donald J. Trump,177
Rensselaer,City of Troy 20,President,,CON,Donald J. Trump,27
Rensselaer,City of Troy 20,President,,WOR,Kamala D. Harris,34
Rensselaer,City of Troy 20,President,,,Write-in,23
Rensselaer,City of Troy 20,U.S. Senate,,DEM,Kirsten E. Gillibrand,387
Rensselaer,City of Troy 20,U.S. Senate,,REP,Michael D. Sapraicone,154
Rensselaer,City of Troy 20,U.S. Senate,,CON,Michael D. Sapraicone,32
Rensselaer,City of Troy 20,U.S. Senate,,WOR,Kirsten E. Gillibrand,58
Rensselaer,City of Troy 20,U.S. Senate,,LAR,Diane Sare,6
Rensselaer,City of Troy 20,U.S. Senate,,,Write-in,5
Rensselaer,City of Troy 20,U.S. House,20,DEM,Paul D. Tonko,393
Rensselaer,City of Troy 20,U.S. House,20,REP,Kevin M. Waltz,151
Rensselaer,City of Troy 20,U.S. House,20,CON,Kevin M. Waltz,35
Rensselaer,City of Troy 20,U.S. House,20,WOR,Paul D. Tonko,60
Rensselaer,City of Troy 20,State Senate,43,DEM,Alvin Gamble,387
Rensselaer,City of Troy 20,State Senate,43,REP,Jake Ashby,191
Rensselaer,City of Troy 20,State Senate,43,CON,Jake Ashby,43
Rensselaer,City of Troy 20,State Assembly,108,DEM,John T. McDonald III,471
Rensselaer,City of Troy 20,State Assembly,108,,Write-in,4
Rensselaer,City of Troy 21,President,,DEM,Kamala D. Harris,426
Rensselaer,City of Troy 21,President,,REP,Donald J. Trump,244
Rensselaer,City of Troy 21,President,,CON,Donald J. Trump,65
Rensselaer,City of Troy 21,President,,WOR,Kamala D. Harris,45
Rensselaer,City of Troy 21,President,,,Write-in,16
Rensselaer,City of Troy 21,U.S. Senate,,DEM,Kirsten E. Gillibrand,427
Rensselaer,City of Troy 21,U.S. Senate,,REP,Michael D. Sapraicone,212
Rensselaer,City of Troy 21,U.S. Senate,,CON,Michael D. Sapraicone,59
Rensselaer,City of Troy 21,U.S. Senate,,WOR,Kirsten E. Gillibrand,64
Rensselaer,City of Troy 21,U.S. Senate,,LAR,Diane Sare,2
Rensselaer,City of Troy 21,U.S. Senate,,,Write-in,3
Rensselaer,City of Troy 21,U.S. House,20,DEM,Paul D. Tonko,432
Rensselaer,City of Troy 21,U.S. House,20,REP,Kevin M. Waltz,212
Rensselaer,City of Troy 21,U.S. House,20,CON,Kevin M. Waltz,51
Rensselaer,City of Troy 21,U.S. House,20,WOR,Paul D. Tonko,71
Rensselaer,City of Troy 21,U.S. House,20,,Write-in,2
Rensselaer,City of Troy 21,State Senate,43,DEM,Alvin Gamble,405
Rensselaer,City of Troy 21,State Senate,43,REP,Jake Ashby,267
Rensselaer,City of Troy 21,State Senate,43,CON,Jake Ashby,81
Rensselaer,City of Troy 21,State Senate,43,,Write-in,1
Rensselaer,City of Troy 21,State Assembly,108,DEM,John T. McDonald III,543
Rensselaer,City of Troy 21,State Assembly,108,,Write-in,8
Rensselaer,City of Troy 22,President,,DEM,Kamala D. Harris,338
Rensselaer,City of Troy 22,President,,REP,Donald J. Trump,184
Rensselaer,City of Troy 22,President,,CON,Donald J. Trump,26
Rensselaer,City of Troy 22,President,,WOR,Kamala D. Harris,22
Rensselaer,City of Troy 22,President,,,Write-in,4
Rensselaer,City of Troy 22,U.S. Senate,,DEM,Kirsten E. Gillibrand,333
Rensselaer,City of Troy 22,U.S. Senate,,REP,Michael D. Sapraicone,163
Rensselaer,City of Troy 22,U.S. Senate,,CON,Michael D. Sapraicone,25
Rensselaer,City of Troy 22,U.S. Senate,,WOR,Kirsten E. Gillibrand,33
Rensselaer,City of Troy 22,U.S. Senate,,LAR,Diane Sare,4
Rensselaer,City of Troy 22,U.S. Senate,,,Write-in,1
Rensselaer,City of Troy 22,U.S. House,20,DEM,Paul D. Tonko,334
Rensselaer,City of Troy 22,U.S. House,20,REP,Kevin M. Waltz,165
Rensselaer,City of Troy 22,U.S. House,20,CON,Kevin M. Waltz,24
Rensselaer,City of Troy 22,U.S. House,20,WOR,Paul D. Tonko,35
Rensselaer,City of Troy 22,State Senate,43,DEM,Alvin Gamble,328
Rensselaer,City of Troy 22,State Senate,43,REP,Jake Ashby,192
Rensselaer,City of Troy 22,State Senate,43,CON,Jake Ashby,35
Rensselaer,City of Troy 22,State Assembly,108,DEM,John T. McDonald III,405
Rensselaer,City of Troy 22,State Assembly,108,,Write-in,6
Rensselaer,City of Troy 23,President,,DEM,Kamala D. Harris,265
Rensselaer,City of Troy 23,President,,REP,Donald J. Trump,220
Rensselaer,City of Troy 23,President,,CON,Donald J. Trump,31
Rensselaer,City of Troy 23,President,,WOR,Kamala D. Harris,26
Rensselaer,City of Troy 23,President,,,Write-in,4
Rensselaer,City of Troy 23,U.S. Senate,,DEM,Kirsten E. Gillibrand,278
Rensselaer,City of Troy 23,U.S. Senate,,REP,Michael D. Sapraicone,180
Rensselaer,City of Troy 23,U.S. Senate,,CON,Michael D. Sapraicone,25
Rensselaer,City of Troy 23,U.S. Senate,,WOR,Kirsten E. Gillibrand,43
Rensselaer,City of Troy 23,U.S. Senate,,LAR,Diane Sare,2
Rensselaer,City of Troy 23,U.S. House,20,DEM,Paul D. Tonko,282
Rensselaer,City of Troy 23,U.S. House,20,REP,Kevin M. Waltz,183
Rensselaer,City of Troy 23,U.S. House,20,CON,Kevin M. Waltz,21
Rensselaer,City of Troy 23,U.S. House,20,WOR,Paul D. Tonko,42
Rensselaer,City of Troy 23,State Senate,43,DEM,Alvin Gamble,265
Rensselaer,City of Troy 23,State Senate,43,REP,Jake Ashby,219
Rensselaer,City of Troy 23,State Senate,43,CON,Jake Ashby,38
Rensselaer,City of Troy 23,State Assembly,108,DEM,John T. McDonald III,363
Rensselaer,City of Troy 23,State Assembly,108,,Write-in,2
Rensselaer,City of Troy 24,President,,DEM,Kamala D. Harris,243
Rensselaer,City of Troy 24,President,,REP,Donald J. Trump,224
Rensselaer,City of Troy 24,President,,CON,Donald J. Trump,32
Rensselaer,City of Troy 24,President,,WOR,Kamala D. Harris,24
Rensselaer,City of Troy 24,President,,,Write-in,6
Rensselaer,City of Troy 24,U.S. Senate,,DEM,Kirsten E. Gillibrand,250
Rensselaer,City of Troy 24,U.S. Senate,,REP,Michael D. Sapraicone,195
Rensselaer,City of Troy 24,U.S. Senate,,CON,Michael D. Sapraicone,28
Rensselaer,City of Troy 24,U.S. Senate,,WOR,Kirsten E. Gillibrand,35
Rensselaer,City of Troy 24,U.S. Senate,,LAR,Diane Sare,3
Rensselaer,City of Troy 24,U.S. House,20,DEM,Paul D. Tonko,245
Rensselaer,City of Troy 24,U.S. House,20,REP,Kevin M. Waltz,187
Rensselaer,City of Troy 24,U.S. House,20,CON,Kevin M. Waltz,30
Rensselaer,City of Troy 24,U.S. House,20,WOR,Paul D. Tonko,43
Rensselaer,City of Troy 24,State Senate,43,DEM,Alvin Gamble,235
Rensselaer,City of Troy 24,State Senate,43,REP,Jake Ashby,239
Rensselaer,City of Troy 24,State Senate,43,CON,Jake Ashby,37
Rensselaer,City of Troy 24,State Assembly,108,DEM,John T. McDonald III,322
Rensselaer,City of Troy 24,State Assembly,108,,Write-in,3
Rensselaer,City of Troy 25,President,,DEM,Kamala D. Harris,173
Rensselaer,City of Troy 25,President,,REP,Donald J. Trump,66
Rensselaer,City of Troy 25,President,,CON,Donald J. Trump,3
Rensselaer,City of Troy 25,President,,WOR,Kamala D. Harris,25
Rensselaer,City of Troy 25,President,,,Write-in,7
Rensselaer,City of Troy 25,U.S. Senate,,DEM,Kirsten E. Gillibrand,174
Rensselaer,City of Troy 25,U.S. Senate,,REP,Michael D. Sapraicone,53
Rensselaer,City of Troy 25,U.S. Senate,,CON,Michael D. Sapraicone,6
Rensselaer,City of Troy 25,U.S. Senate,,WOR,Kirsten E. Gillibrand,37
Rensselaer,City of Troy 25,U.S. Senate,,LAR,Diane Sare,3
Rensselaer,City of Troy 25,U.S. Senate,,,Write-in,1
Rensselaer,City of Troy 25,U.S. House,20,DEM,Paul D. Tonko,170
Rensselaer,City of Troy 25,U.S. House,20,REP,Kevin M. Waltz,48
Rensselaer,City of Troy 25,U.S. House,20,CON,Kevin M. Waltz,12
Rensselaer,City of Troy 25,U.S. House,20,WOR,Paul D. Tonko,38
Rensselaer,City of Troy 25,U.S. House,20,,Write-in,1
Rensselaer,City of Troy 25,State Senate,43,DEM,Alvin Gamble,190
Rensselaer,City of Troy 25,State Senate,43,REP,Jake Ashby,73
Rensselaer,City of Troy 25,State Senate,43,CON,Jake Ashby,9
Rensselaer,City of Troy 25,State Assembly,108,DEM,John T. McDonald III,218
Rensselaer,City of Troy 25,State Assembly,108,,Write-in,2
Rensselaer,City of Troy 26,President,,DEM,Kamala D. Harris,258
Rensselaer,City of Troy 26,President,,REP,Donald J. Trump,238
Rensselaer,City of Troy 26,President,,CON,Donald J. Trump,52
Rensselaer,City of Troy 26,President,,WOR,Kamala D. Harris,25
Rensselaer,City of Troy 26,President,,,Write-in,6
Rensselaer,City of Troy 26,U.S. Senate,,DEM,Kirsten E. Gillibrand,272
Rensselaer,City of Troy 26,U.S. Senate,,REP,Michael D. Sapraicone,192
Rensselaer,City of Troy 26,U.S. Senate,,CON,Michael D. Sapraicone,45
Rensselaer,City of Troy 26,U.S. Senate,,WOR,Kirsten E. Gillibrand,39
Rensselaer,City of Troy 26,U.S. Senate,,LAR,Diane Sare,4
Rensselaer,City of Troy 26,U.S. Senate,,,Write-in,1
Rensselaer,City of Troy 26,U.S. House,20,DEM,Paul D. Tonko,281
Rensselaer,City of Troy 26,U.S. House,20,REP,Kevin M. Waltz,190
Rensselaer,City of Troy 26,U.S. House,20,CON,Kevin M. Waltz,38
Rensselaer,City of Troy 26,U.S. House,20,WOR,Paul D. Tonko,43
Rensselaer,City of Troy 26,U.S. House,20,,Write-in,2
Rensselaer,City of Troy 26,State Senate,43,DEM,Alvin Gamble,223
Rensselaer,City of Troy 26,State Senate,43,REP,Jake Ashby,263
Rensselaer,City of Troy 26,State Senate,43,CON,Jake Ashby,58
Rensselaer,City of Troy 26,State Assembly,108,DEM,John T. McDonald III,363
Rensselaer,City of Troy 26,State Assembly,108,,Write-in,3
Rensselaer,City of Troy 27,President,,DEM,Kamala D. Harris,177
Rensselaer,City of Troy 27,President,,REP,Donald J. Trump,108
Rensselaer,City of Troy 27,President,,CON,Donald J. Trump,18
Rensselaer,City of Troy 27,President,,WOR,Kamala D. Harris,8
Rensselaer,City of Troy 27,U.S. Senate,,DEM,Kirsten E. Gillibrand,175
Rensselaer,City of Troy 27,U.S. Senate,,REP,Michael D. Sapraicone,96
Rensselaer,City of Troy 27,U.S. Senate,,CON,Michael D. Sapraicone,18
Rensselaer,City of Troy 27,U.S. Senate,,WOR,Kirsten E. Gillibrand,15
Rensselaer,City of Troy 27,U.S. Senate,,LAR,Diane Sare,1
Rensselaer,City of Troy 27,U.S. House,20,DEM,Paul D. Tonko,176
Rensselaer,City of Troy 27,U.S. House,20,REP,Kevin M. Waltz,95
Rensselaer,City of Troy 27,U.S. House,20,CON,Kevin M. Waltz,18
Rensselaer,City of Troy 27,U.S. House,20,WOR,Paul D. Tonko,15
Rensselaer,City of Troy 27,State Senate,43,DEM,Alvin Gamble,157
Rensselaer,City of Troy 27,State Senate,43,REP,Jake Ashby,112
Rensselaer,City of Troy 27,State Senate,43,CON,Jake Ashby,31
Rensselaer,City of Troy 27,State Assembly,108,DEM,John T. McDonald III,209
Rensselaer,City of Troy 28,President,,DEM,Kamala D. Harris,218
Rensselaer,City of Troy 28,President,,REP,Donald J. Trump,153
Rensselaer,City of Troy 28,President,,CON,Donald J. Trump,20
Rensselaer,City of Troy 28,President,,WOR,Kamala D. Harris,29
Rensselaer,City of Troy 28,President,,,Write-in,3
Rensselaer,City of Troy 28,U.S. Senate,,DEM,Kirsten E. Gillibrand,214
Rensselaer,City of Troy 28,U.S. Senate,,REP,Michael D. Sapraicone,118
Rensselaer,City of Troy 28,U.S. Senate,,CON,Michael D. Sapraicone,15
Rensselaer,City of Troy 28,U.S. Senate,,WOR,Kirsten E. Gillibrand,45
Rensselaer,City of Troy 28,U.S. Senate,,LAR,Diane Sare,4
Rensselaer,City of Troy 28,U.S. House,20,DEM,Paul D. Tonko,219
Rensselaer,City of Troy 28,U.S. House,20,REP,Kevin M. Waltz,110
Rensselaer,City of Troy 28,U.S. House,20,CON,Kevin M. Waltz,19
Rensselaer,City of Troy 28,U.S. House,20,WOR,Paul D. Tonko,49
Rensselaer,City of Troy 28,State Senate,43,DEM,Alvin Gamble,226
Rensselaer,City of Troy 28,State Senate,43,REP,Jake Ashby,143
Rensselaer,City of Troy 28,State Senate,43,CON,Jake Ashby,24
Rensselaer,City of Troy 28,State Assembly,108,DEM,John T. McDonald III,278
Rensselaer,City of Troy 28,State Assembly,108,,Write-in,2
Rensselaer,City of Troy 29,President,,DEM,Kamala D. Harris,360
Rensselaer,City of Troy 29,President,,REP,Donald J. Trump,173
Rensselaer,City of Troy 29,President,,CON,Donald J. Trump,25
Rensselaer,City of Troy 29,President,,WOR,Kamala D. Harris,41
Rensselaer,City of Troy 29,President,,,Write-in,6
Rensselaer,City of Troy 29,U.S. Senate,,DEM,Kirsten E. Gillibrand,360
Rensselaer,City of Troy 29,U.S. Senate,,REP,Michael D. Sapraicone,144
Rensselaer,City of Troy 29,U.S. Senate,,CON,Michael D. Sapraicone,22
Rensselaer,City of Troy 29,U.S. Senate,,WOR,Kirsten E. Gillibrand,52
Rensselaer,City of Troy 29,U.S. Senate,,LAR,Diane Sare,5
Rensselaer,City of Troy 29,U.S. House,20,DEM,Paul D. Tonko,371
Rensselaer,City of Troy 29,U.S. House,20,REP,Kevin M. Waltz,129
Rensselaer,City of Troy 29,U.S. House,20,CON,Kevin M. Waltz,25
Rensselaer,City of Troy 29,U.S. House,20,WOR,Paul D. Tonko,61
Rensselaer,City of Troy 29,State Senate,43,DEM,Alvin Gamble,366
Rensselaer,City of Troy 29,State Senate,43,REP,Jake Ashby,177
Rensselaer,City of Troy 29,State Senate,43,CON,Jake Ashby,35
Rensselaer,City of Troy 29,State Senate,43,,Write-in,1
Rensselaer,City of Troy 29,State Assembly,108,DEM,John T. McDonald III,458
Rensselaer,City of Troy 29,State Assembly,108,,Write-in,3
