county,precinct,office,district,candidate,party,votes
Livingston,Avon 1,Clerk,,Kristine M. Secor,REP,307
Livingston,Avon 1,Clerk,,Write-in,,4
Livingston,Avon 1,Clerk,,Over Votes,,0
Livingston,Avon 1,Clerk,,Under Votes,,120
Livingston,Avon 2,Clerk,,Kristine M. Secor,REP,357
Livingston,Avon 2,Clerk,,Write-in,,5
Livingston,Avon 2,Clerk,,Over Votes,,0
Livingston,Avon 2,Clerk,,Under Votes,,185
Livingston,Avon 3,Clerk,,Kristine M. Secor,REP,398
Livingston,Avon 3,Clerk,,Write-in,,1
Livingston,Avon 3,Clerk,,Over Votes,,0
Livingston,Avon 3,Clerk,,Under Votes,,210
Livingston,Avon 4,Clerk,,Kristine M. Secor,REP,350
Livingston,Avon 4,Clerk,,Write-in,,3
Livingston,Avon 4,Clerk,,Over Votes,,0
Livingston,Avon 4,Clerk,,Under Votes,,177
Livingston,Caledonia 1,Clerk,,Kristine M. Secor,REP,136
Livingston,Caledonia 1,Clerk,,Write-in,,0
Livingston,Caledonia 1,Clerk,,Over Votes,,0
Livingston,Caledonia 1,Clerk,,Under Votes,,41
Livingston,Caledonia 2,Clerk,,Kristine M. Secor,REP,120
Livingston,Caledonia 2,Clerk,,Write-in,,6
Livingston,Caledonia 2,Clerk,,Over Votes,,1
Livingston,Caledonia 2,Clerk,,Under Votes,,46
Livingston,Caledonia 3,Clerk,,Kristine M. Secor,REP,159
Livingston,Caledonia 3,Clerk,,Write-in,,5
Livingston,Caledonia 3,Clerk,,Over Votes,,0
Livingston,Caledonia 3,Clerk,,Under Votes,,50
Livingston,Conesus 1,Clerk,,Kristine M. Secor,REP,132
Livingston,Conesus 1,Clerk,,Write-in,,0
Livingston,Conesus 1,Clerk,,Over Votes,,0
Livingston,Conesus 1,Clerk,,Under Votes,,52
Livingston,Conesus 2,Clerk,,Kristine M. Secor,REP,171
Livingston,Conesus 2,Clerk,,Write-in,,3
Livingston,Conesus 2,Clerk,,Over Votes,,0
Livingston,Conesus 2,Clerk,,Under Votes,,49
Livingston,Geneseo 1,Clerk,,Kristine M. Secor,REP,273
Livingston,Geneseo 1,Clerk,,Write-in,,3
Livingston,Geneseo 1,Clerk,,Over Votes,,0
Livingston,Geneseo 1,Clerk,,Under Votes,,200
Livingston,Geneseo 2,Clerk,,Kristine M. Secor,REP,184
Livingston,Geneseo 2,Clerk,,Write-in,,4
Livingston,Geneseo 2,Clerk,,Over Votes,,0
Livingston,Geneseo 2,Clerk,,Under Votes,,140
Livingston,Geneseo 3,Clerk,,Kristine M. Secor,REP,248
Livingston,Geneseo 3,Clerk,,Write-in,,2
Livingston,Geneseo 3,Clerk,,Over Votes,,0
Livingston,Geneseo 3,Clerk,,Under Votes,,123
Livingston,Geneseo 4,Clerk,,Kristine M. Secor,REP,234
Livingston,Geneseo 4,Clerk,,Write-in,,0
Livingston,Geneseo 4,Clerk,,Over Votes,,0
Livingston,Geneseo 4,Clerk,,Under Votes,,109
Livingston,Geneseo 5,Clerk,,Kristine M. Secor,REP,9
Livingston,Geneseo 5,Clerk,,Write-in,,0
Livingston,Geneseo 5,Clerk,,Over Votes,,0
Livingston,Geneseo 5,Clerk,,Under Votes,,4
Livingston,Groveland 1,Clerk,,Kristine M. Secor,REP,180
Livingston,Groveland 1,Clerk,,Write-in,,3
Livingston,Groveland 1,Clerk,,Over Votes,,0
Livingston,Groveland 1,Clerk,,Under Votes,,86
Livingston,Groveland 2,Clerk,,Kristine M. Secor,REP,97
Livingston,Groveland 2,Clerk,,Write-in,,0
Livingston,Groveland 2,Clerk,,Over Votes,,0
Livingston,Groveland 2,Clerk,,Under Votes,,24
Livingston,Leicester 1,Clerk,,Kristine M. Secor,REP,198
Livingston,Leicester 1,Clerk,,Write-in,,0
Livingston,Leicester 1,Clerk,,Over Votes,,0
Livingston,Leicester 1,Clerk,,Under Votes,,74
Livingston,Lima 1,Clerk,,Kristine M. Secor,REP,499
Livingston,Lima 1,Clerk,,Write-in,,2
Livingston,Lima 1,Clerk,,Over Votes,,1
Livingston,Lima 1,Clerk,,Under Votes,,208
Livingston,Lima 2,Clerk,,Kristine M. Secor,REP,374
Livingston,Lima 2,Clerk,,Write-in,,3
Livingston,Lima 2,Clerk,,Over Votes,,1
Livingston,Lima 2,Clerk,,Under Votes,,204
Livingston,Livonia 1,Clerk,,Kristine M. Secor,REP,271
Livingston,Livonia 1,Clerk,,Write-in,,0
Livingston,Livonia 1,Clerk,,Over Votes,,0
Livingston,Livonia 1,Clerk,,Under Votes,,80
Livingston,Livonia 2,Clerk,,Kristine M. Secor,REP,243
Livingston,Livonia 2,Clerk,,Write-in,,0
Livingston,Livonia 2,Clerk,,Over Votes,,0
Livingston,Livonia 2,Clerk,,Under Votes,,94
Livingston,Livonia 3,Clerk,,Kristine M. Secor,REP,220
Livingston,Livonia 3,Clerk,,Write-in,,2
Livingston,Livonia 3,Clerk,,Over Votes,,0
Livingston,Livonia 3,Clerk,,Under Votes,,86
Livingston,Livonia 4,Clerk,,Kristine M. Secor,REP,233
Livingston,Livonia 4,Clerk,,Write-in,,6
Livingston,Livonia 4,Clerk,,Over Votes,,0
Livingston,Livonia 4,Clerk,,Under Votes,,71
Livingston,Livonia 5,Clerk,,Kristine M. Secor,REP,253
Livingston,Livonia 5,Clerk,,Write-in,,1
Livingston,Livonia 5,Clerk,,Over Votes,,0
Livingston,Livonia 5,Clerk,,Under Votes,,85
Livingston,Mt. Morris 1,Clerk,,Kristine M. Secor,REP,175
Livingston,Mt. Morris 1,Clerk,,Write-in,,1
Livingston,Mt. Morris 1,Clerk,,Over Votes,,0
Livingston,Mt. Morris 1,Clerk,,Under Votes,,82
Livingston,Mt. Morris 2,Clerk,,Kristine M. Secor,REP,115
Livingston,Mt. Morris 2,Clerk,,Write-in,,1
Livingston,Mt. Morris 2,Clerk,,Over Votes,,0
Livingston,Mt. Morris 2,Clerk,,Under Votes,,67
Livingston,Mt. Morris 3,Clerk,,Kristine M. Secor,REP,178
Livingston,Mt. Morris 3,Clerk,,Write-in,,1
Livingston,Mt. Morris 3,Clerk,,Over Votes,,0
Livingston,Mt. Morris 3,Clerk,,Under Votes,,63
Livingston,North Dansville 1,Clerk,,Kristine M. Secor,REP,147
Livingston,North Dansville 1,Clerk,,Write-in,,1
Livingston,North Dansville 1,Clerk,,Over Votes,,0
Livingston,North Dansville 1,Clerk,,Under Votes,,51
Livingston,North Dansville 2,Clerk,,Kristine M. Secor,REP,109
Livingston,North Dansville 2,Clerk,,Write-in,,1
Livingston,North Dansville 2,Clerk,,Over Votes,,0
Livingston,North Dansville 2,Clerk,,Under Votes,,58
Livingston,North Dansville 3,Clerk,,Kristine M. Secor,REP,146
Livingston,North Dansville 3,Clerk,,Write-in,,2
Livingston,North Dansville 3,Clerk,,Over Votes,,0
Livingston,North Dansville 3,Clerk,,Under Votes,,34
Livingston,North Dansville 4,Clerk,,Kristine M. Secor,REP,79
Livingston,North Dansville 4,Clerk,,Write-in,,0
Livingston,North Dansville 4,Clerk,,Over Votes,,0
Livingston,North Dansville 4,Clerk,,Under Votes,,16
Livingston,Nunda 1,Clerk,,Kristine M. Secor,REP,349
Livingston,Nunda 1,Clerk,,Write-in,,1
Livingston,Nunda 1,Clerk,,Over Votes,,0
Livingston,Nunda 1,Clerk,,Under Votes,,83
Livingston,Nunda 2,Clerk,,Kristine M. Secor,REP,134
Livingston,Nunda 2,Clerk,,Write-in,,2
Livingston,Nunda 2,Clerk,,Over Votes,,0
Livingston,Nunda 2,Clerk,,Under Votes,,42
Livingston,Ossian 1,Clerk,,Kristine M. Secor,REP,114
Livingston,Ossian 1,Clerk,,Write-in,,1
Livingston,Ossian 1,Clerk,,Over Votes,,0
Livingston,Ossian 1,Clerk,,Under Votes,,27
Livingston,Portage 1,Clerk,,Kristine M. Secor,REP,102
Livingston,Portage 1,Clerk,,Write-in,,0
Livingston,Portage 1,Clerk,,Over Votes,,1
Livingston,Portage 1,Clerk,,Under Votes,,15
Livingston,Sparta 1,Clerk,,Kristine M. Secor,REP,173
Livingston,Sparta 1,Clerk,,Write-in,,2
Livingston,Sparta 1,Clerk,,Over Votes,,0
Livingston,Sparta 1,Clerk,,Under Votes,,53
Livingston,Springwater 1,Clerk,,Kristine M. Secor,REP,321
Livingston,Springwater 1,Clerk,,Write-in,,6
Livingston,Springwater 1,Clerk,,Over Votes,,0
Livingston,Springwater 1,Clerk,,Under Votes,,104
Livingston,West Sparta 1,Clerk,,Kristine M. Secor,REP,141
Livingston,West Sparta 1,Clerk,,Write-in,,0
Livingston,West Sparta 1,Clerk,,Over Votes,,0
Livingston,West Sparta 1,Clerk,,Under Votes,,42
Livingston,York 1,Clerk,,Kristine M. Secor,REP,161
Livingston,York 1,Clerk,,Write-in,,1
Livingston,York 1,Clerk,,Over Votes,,0
Livingston,York 1,Clerk,,Under Votes,,51
Livingston,York 2,Clerk,,Kristine M. Secor,REP,191
Livingston,York 2,Clerk,,Write-in,,0
Livingston,York 2,Clerk,,Over Votes,,0
Livingston,York 2,Clerk,,Under Votes,,66
Livingston,Avon 1,Treasurer,,Amy L. Davies,REP,302
Livingston,Avon 1,Treasurer,,Write-in,,3
Livingston,Avon 1,Treasurer,,Over Votes,,0
Livingston,Avon 1,Treasurer,,Under Votes,,126
Livingston,Avon 2,Treasurer,,Amy L. Davies,REP,354
Livingston,Avon 2,Treasurer,,Write-in,,5
Livingston,Avon 2,Treasurer,,Over Votes,,0
Livingston,Avon 2,Treasurer,,Under Votes,,188
Livingston,Avon 3,Treasurer,,Amy L. Davies,REP,395
Livingston,Avon 3,Treasurer,,Write-in,,1
Livingston,Avon 3,Treasurer,,Over Votes,,0
Livingston,Avon 3,Treasurer,,Under Votes,,213
Livingston,Avon 4,Treasurer,,Amy L. Davies,REP,345
Livingston,Avon 4,Treasurer,,Write-in,,2
Livingston,Avon 4,Treasurer,,Over Votes,,0
Livingston,Avon 4,Treasurer,,Under Votes,,183
Livingston,Caledonia 1,Treasurer,,Amy L. Davies,REP,132
Livingston,Caledonia 1,Treasurer,,Write-in,,0
Livingston,Caledonia 1,Treasurer,,Over Votes,,0
Livingston,Caledonia 1,Treasurer,,Under Votes,,45
Livingston,Caledonia 2,Treasurer,,Amy L. Davies,REP,123
Livingston,Caledonia 2,Treasurer,,Write-in,,4
Livingston,Caledonia 2,Treasurer,,Over Votes,,0
Livingston,Caledonia 2,Treasurer,,Under Votes,,46
Livingston,Caledonia 3,Treasurer,,Amy L. Davies,REP,154
Livingston,Caledonia 3,Treasurer,,Write-in,,5
Livingston,Caledonia 3,Treasurer,,Over Votes,,0
Livingston,Caledonia 3,Treasurer,,Under Votes,,55
Livingston,Conesus 1,Treasurer,,Amy L. Davies,REP,131
Livingston,Conesus 1,Treasurer,,Write-in,,0
Livingston,Conesus 1,Treasurer,,Over Votes,,0
Livingston,Conesus 1,Treasurer,,Under Votes,,53
Livingston,Conesus 2,Treasurer,,Amy L. Davies,REP,170
Livingston,Conesus 2,Treasurer,,Write-in,,2
Livingston,Conesus 2,Treasurer,,Over Votes,,0
Livingston,Conesus 2,Treasurer,,Under Votes,,51
Livingston,Geneseo 1,Treasurer,,Amy L. Davies,REP,272
Livingston,Geneseo 1,Treasurer,,Write-in,,3
Livingston,Geneseo 1,Treasurer,,Over Votes,,0
Livingston,Geneseo 1,Treasurer,,Under Votes,,201
Livingston,Geneseo 2,Treasurer,,Amy L. Davies,REP,181
Livingston,Geneseo 2,Treasurer,,Write-in,,4
Livingston,Geneseo 2,Treasurer,,Over Votes,,0
Livingston,Geneseo 2,Treasurer,,Under Votes,,143
Livingston,Geneseo 3,Treasurer,,Amy L. Davies,REP,241
Livingston,Geneseo 3,Treasurer,,Write-in,,4
Livingston,Geneseo 3,Treasurer,,Over Votes,,0
Livingston,Geneseo 3,Treasurer,,Under Votes,,128
Livingston,Geneseo 4,Treasurer,,Amy L. Davies,REP,230
Livingston,Geneseo 4,Treasurer,,Write-in,,0
Livingston,Geneseo 4,Treasurer,,Over Votes,,0
Livingston,Geneseo 4,Treasurer,,Under Votes,,113
Livingston,Geneseo 5,Treasurer,,Amy L. Davies,REP,9
Livingston,Geneseo 5,Treasurer,,Write-in,,0
Livingston,Geneseo 5,Treasurer,,Over Votes,,0
Livingston,Geneseo 5,Treasurer,,Under Votes,,4
Livingston,Groveland 1,Treasurer,,Amy L. Davies,REP,178
Livingston,Groveland 1,Treasurer,,Write-in,,3
Livingston,Groveland 1,Treasurer,,Over Votes,,0
Livingston,Groveland 1,Treasurer,,Under Votes,,88
Livingston,Groveland 2,Treasurer,,Amy L. Davies,REP,98
Livingston,Groveland 2,Treasurer,,Write-in,,0
Livingston,Groveland 2,Treasurer,,Over Votes,,0
Livingston,Groveland 2,Treasurer,,Under Votes,,23
Livingston,Leicester 1,Treasurer,,Amy L. Davies,REP,198
Livingston,Leicester 1,Treasurer,,Write-in,,0
Livingston,Leicester 1,Treasurer,,Over Votes,,0
Livingston,Leicester 1,Treasurer,,Under Votes,,74
Livingston,Lima 1,Treasurer,,Amy L. Davies,REP,503
Livingston,Lima 1,Treasurer,,Write-in,,2
Livingston,Lima 1,Treasurer,,Over Votes,,0
Livingston,Lima 1,Treasurer,,Under Votes,,205
Livingston,Lima 2,Treasurer,,Amy L. Davies,REP,370
Livingston,Lima 2,Treasurer,,Write-in,,2
Livingston,Lima 2,Treasurer,,Over Votes,,0
Livingston,Lima 2,Treasurer,,Under Votes,,210
Livingston,Livonia 1,Treasurer,,Amy L. Davies,REP,267
Livingston,Livonia 1,Treasurer,,Write-in,,0
Livingston,Livonia 1,Treasurer,,Over Votes,,0
Livingston,Livonia 1,Treasurer,,Under Votes,,84
Livingston,Livonia 2,Treasurer,,Amy L. Davies,REP,245
Livingston,Livonia 2,Treasurer,,Write-in,,0
Livingston,Livonia 2,Treasurer,,Over Votes,,0
Livingston,Livonia 2,Treasurer,,Under Votes,,92
Livingston,Livonia 3,Treasurer,,Amy L. Davies,REP,212
Livingston,Livonia 3,Treasurer,,Write-in,,1
Livingston,Livonia 3,Treasurer,,Over Votes,,0
Livingston,Livonia 3,Treasurer,,Under Votes,,95
Livingston,Livonia 4,Treasurer,,Amy L. Davies,REP,229
Livingston,Livonia 4,Treasurer,,Write-in,,5
Livingston,Livonia 4,Treasurer,,Over Votes,,0
Livingston,Livonia 4,Treasurer,,Under Votes,,76
Livingston,Livonia 5,Treasurer,,Amy L. Davies,REP,247
Livingston,Livonia 5,Treasurer,,Write-in,,2
Livingston,Livonia 5,Treasurer,,Over Votes,,0
Livingston,Livonia 5,Treasurer,,Under Votes,,90
Livingston,Mt. Morris 1,Treasurer,,Amy L. Davies,REP,172
Livingston,Mt. Morris 1,Treasurer,,Write-in,,0
Livingston,Mt. Morris 1,Treasurer,,Over Votes,,0
Livingston,Mt. Morris 1,Treasurer,,Under Votes,,86
Livingston,Mt. Morris 2,Treasurer,,Amy L. Davies,REP,115
Livingston,Mt. Morris 2,Treasurer,,Write-in,,0
Livingston,Mt. Morris 2,Treasurer,,Over Votes,,0
Livingston,Mt. Morris 2,Treasurer,,Under Votes,,68
Livingston,Mt. Morris 3,Treasurer,,Amy L. Davies,REP,178
Livingston,Mt. Morris 3,Treasurer,,Write-in,,0
Livingston,Mt. Morris 3,Treasurer,,Over Votes,,0
Livingston,Mt. Morris 3,Treasurer,,Under Votes,,64
Livingston,North Dansville 1,Treasurer,,Amy L. Davies,REP,148
Livingston,North Dansville 1,Treasurer,,Write-in,,1
Livingston,North Dansville 1,Treasurer,,Over Votes,,0
Livingston,North Dansville 1,Treasurer,,Under Votes,,50
Livingston,North Dansville 2,Treasurer,,Amy L. Davies,REP,111
Livingston,North Dansville 2,Treasurer,,Write-in,,1
Livingston,North Dansville 2,Treasurer,,Over Votes,,0
Livingston,North Dansville 2,Treasurer,,Under Votes,,56
Livingston,North Dansville 3,Treasurer,,Amy L. Davies,REP,142
Livingston,North Dansville 3,Treasurer,,Write-in,,2
Livingston,North Dansville 3,Treasurer,,Over Votes,,0
Livingston,North Dansville 3,Treasurer,,Under Votes,,38
Livingston,North Dansville 4,Treasurer,,Amy L. Davies,REP,78
Livingston,North Dansville 4,Treasurer,,Write-in,,0
Livingston,North Dansville 4,Treasurer,,Over Votes,,0
Livingston,North Dansville 4,Treasurer,,Under Votes,,17
Livingston,Nunda 1,Treasurer,,Amy L. Davies,REP,353
Livingston,Nunda 1,Treasurer,,Write-in,,1
Livingston,Nunda 1,Treasurer,,Over Votes,,0
Livingston,Nunda 1,Treasurer,,Under Votes,,79
Livingston,Nunda 2,Treasurer,,Amy L. Davies,REP,141
Livingston,Nunda 2,Treasurer,,Write-in,,2
Livingston,Nunda 2,Treasurer,,Over Votes,,0
Livingston,Nunda 2,Treasurer,,Under Votes,,35
Livingston,Ossian 1,Treasurer,,Amy L. Davies,REP,114
Livingston,Ossian 1,Treasurer,,Write-in,,1
Livingston,Ossian 1,Treasurer,,Over Votes,,0
Livingston,Ossian 1,Treasurer,,Under Votes,,27
Livingston,Portage 1,Treasurer,,Amy L. Davies,REP,105
Livingston,Portage 1,Treasurer,,Write-in,,0
Livingston,Portage 1,Treasurer,,Over Votes,,0
Livingston,Portage 1,Treasurer,,Under Votes,,13
Livingston,Sparta 1,Treasurer,,Amy L. Davies,REP,169
Livingston,Sparta 1,Treasurer,,Write-in,,1
Livingston,Sparta 1,Treasurer,,Over Votes,,0
Livingston,Sparta 1,Treasurer,,Under Votes,,58
Livingston,Springwater 1,Treasurer,,Amy L. Davies,REP,319
Livingston,Springwater 1,Treasurer,,Write-in,,6
Livingston,Springwater 1,Treasurer,,Over Votes,,0
Livingston,Springwater 1,Treasurer,,Under Votes,,106
Livingston,West Sparta 1,Treasurer,,Amy L. Davies,REP,143
Livingston,West Sparta 1,Treasurer,,Write-in,,0
Livingston,West Sparta 1,Treasurer,,Over Votes,,0
Livingston,West Sparta 1,Treasurer,,Under Votes,,40
Livingston,York 1,Treasurer,,Amy L. Davies,REP,161
Livingston,York 1,Treasurer,,Write-in,,1
Livingston,York 1,Treasurer,,Over Votes,,0
Livingston,York 1,Treasurer,,Under Votes,,51
Livingston,York 2,Treasurer,,Amy L. Davies,REP,186
Livingston,York 2,Treasurer,,Write-in,,0
Livingston,York 2,Treasurer,,Over Votes,,0
Livingston,York 2,Treasurer,,Under Votes,,71
Livingston,Avon 1,Sheriff,,Thomas J. Dougherty,REP,334
Livingston,Avon 1,Sheriff,,Write-in,,2
Livingston,Avon 1,Sheriff,,Over Votes,,0
Livingston,Avon 1,Sheriff,,Under Votes,,95
Livingston,Avon 2,Sheriff,,Thomas J. Dougherty,REP,396
Livingston,Avon 2,Sheriff,,Write-in,,5
Livingston,Avon 2,Sheriff,,Over Votes,,0
Livingston,Avon 2,Sheriff,,Under Votes,,146
Livingston,Avon 3,Sheriff,,Thomas J. Dougherty,REP,444
Livingston,Avon 3,Sheriff,,Write-in,,4
Livingston,Avon 3,Sheriff,,Over Votes,,0
Livingston,Avon 3,Sheriff,,Under Votes,,161
Livingston,Avon 4,Sheriff,,Thomas J. Dougherty,REP,386
Livingston,Avon 4,Sheriff,,Write-in,,5
Livingston,Avon 4,Sheriff,,Over Votes,,0
Livingston,Avon 4,Sheriff,,Under Votes,,139
Livingston,Caledonia 1,Sheriff,,Thomas J. Dougherty,REP,140
Livingston,Caledonia 1,Sheriff,,Write-in,,1
Livingston,Caledonia 1,Sheriff,,Over Votes,,0
Livingston,Caledonia 1,Sheriff,,Under Votes,,36
Livingston,Caledonia 2,Sheriff,,Thomas J. Dougherty,REP,135
Livingston,Caledonia 2,Sheriff,,Write-in,,4
Livingston,Caledonia 2,Sheriff,,Over Votes,,1
Livingston,Caledonia 2,Sheriff,,Under Votes,,33
Livingston,Caledonia 3,Sheriff,,Thomas J. Dougherty,REP,161
Livingston,Caledonia 3,Sheriff,,Write-in,,5
Livingston,Caledonia 3,Sheriff,,Over Votes,,0
Livingston,Caledonia 3,Sheriff,,Under Votes,,48
Livingston,Conesus 1,Sheriff,,Thomas J. Dougherty,REP,137
Livingston,Conesus 1,Sheriff,,Write-in,,0
Livingston,Conesus 1,Sheriff,,Over Votes,,0
Livingston,Conesus 1,Sheriff,,Under Votes,,47
Livingston,Conesus 2,Sheriff,,Thomas J. Dougherty,REP,182
Livingston,Conesus 2,Sheriff,,Write-in,,1
Livingston,Conesus 2,Sheriff,,Over Votes,,0
Livingston,Conesus 2,Sheriff,,Under Votes,,40
Livingston,Geneseo 1,Sheriff,,Thomas J. Dougherty,REP,302
Livingston,Geneseo 1,Sheriff,,Write-in,,3
Livingston,Geneseo 1,Sheriff,,Over Votes,,0
Livingston,Geneseo 1,Sheriff,,Under Votes,,171
Livingston,Geneseo 2,Sheriff,,Thomas J. Dougherty,REP,204
Livingston,Geneseo 2,Sheriff,,Write-in,,6
Livingston,Geneseo 2,Sheriff,,Over Votes,,0
Livingston,Geneseo 2,Sheriff,,Under Votes,,118
Livingston,Geneseo 3,Sheriff,,Thomas J. Dougherty,REP,252
Livingston,Geneseo 3,Sheriff,,Write-in,,6
Livingston,Geneseo 3,Sheriff,,Over Votes,,0
Livingston,Geneseo 3,Sheriff,,Under Votes,,115
Livingston,Geneseo 4,Sheriff,,Thomas J. Dougherty,REP,264
Livingston,Geneseo 4,Sheriff,,Write-in,,1
Livingston,Geneseo 4,Sheriff,,Over Votes,,0
Livingston,Geneseo 4,Sheriff,,Under Votes,,78
Livingston,Geneseo 5,Sheriff,,Thomas J. Dougherty,REP,8
Livingston,Geneseo 5,Sheriff,,Write-in,,1
Livingston,Geneseo 5,Sheriff,,Over Votes,,0
Livingston,Geneseo 5,Sheriff,,Under Votes,,4
Livingston,Groveland 1,Sheriff,,Thomas J. Dougherty,REP,187
Livingston,Groveland 1,Sheriff,,Write-in,,5
Livingston,Groveland 1,Sheriff,,Over Votes,,0
Livingston,Groveland 1,Sheriff,,Under Votes,,77
Livingston,Groveland 2,Sheriff,,Thomas J. Dougherty,REP,95
Livingston,Groveland 2,Sheriff,,Write-in,,0
Livingston,Groveland 2,Sheriff,,Over Votes,,0
Livingston,Groveland 2,Sheriff,,Under Votes,,26
Livingston,Leicester 1,Sheriff,,Thomas J. Dougherty,REP,210
Livingston,Leicester 1,Sheriff,,Write-in,,0
Livingston,Leicester 1,Sheriff,,Over Votes,,0
Livingston,Leicester 1,Sheriff,,Under Votes,,62
Livingston,Lima 1,Sheriff,,Thomas J. Dougherty,REP,522
Livingston,Lima 1,Sheriff,,Write-in,,6
Livingston,Lima 1,Sheriff,,Over Votes,,0
Livingston,Lima 1,Sheriff,,Under Votes,,182
Livingston,Lima 2,Sheriff,,Thomas J. Dougherty,REP,399
Livingston,Lima 2,Sheriff,,Write-in,,2
Livingston,Lima 2,Sheriff,,Over Votes,,0
Livingston,Lima 2,Sheriff,,Under Votes,,181
Livingston,Livonia 1,Sheriff,,Thomas J. Dougherty,REP,292
Livingston,Livonia 1,Sheriff,,Write-in,,0
Livingston,Livonia 1,Sheriff,,Over Votes,,0
Livingston,Livonia 1,Sheriff,,Under Votes,,59
Livingston,Livonia 2,Sheriff,,Thomas J. Dougherty,REP,270
Livingston,Livonia 2,Sheriff,,Write-in,,1
Livingston,Livonia 2,Sheriff,,Over Votes,,0
Livingston,Livonia 2,Sheriff,,Under Votes,,66
Livingston,Livonia 3,Sheriff,,Thomas J. Dougherty,REP,237
Livingston,Livonia 3,Sheriff,,Write-in,,1
Livingston,Livonia 3,Sheriff,,Over Votes,,0
Livingston,Livonia 3,Sheriff,,Under Votes,,70
Livingston,Livonia 4,Sheriff,,Thomas J. Dougherty,REP,239
Livingston,Livonia 4,Sheriff,,Write-in,,5
Livingston,Livonia 4,Sheriff,,Over Votes,,0
Livingston,Livonia 4,Sheriff,,Under Votes,,66
Livingston,Livonia 5,Sheriff,,Thomas J. Dougherty,REP,272
Livingston,Livonia 5,Sheriff,,Write-in,,1
Livingston,Livonia 5,Sheriff,,Over Votes,,0
Livingston,Livonia 5,Sheriff,,Under Votes,,66
Livingston,Mt. Morris 1,Sheriff,,Thomas J. Dougherty,REP,187
Livingston,Mt. Morris 1,Sheriff,,Write-in,,0
Livingston,Mt. Morris 1,Sheriff,,Over Votes,,0
Livingston,Mt. Morris 1,Sheriff,,Under Votes,,71
Livingston,Mt. Morris 2,Sheriff,,Thomas J. Dougherty,REP,128
Livingston,Mt. Morris 2,Sheriff,,Write-in,,0
Livingston,Mt. Morris 2,Sheriff,,Over Votes,,0
Livingston,Mt. Morris 2,Sheriff,,Under Votes,,55
Livingston,Mt. Morris 3,Sheriff,,Thomas J. Dougherty,REP,189
Livingston,Mt. Morris 3,Sheriff,,Write-in,,0
Livingston,Mt. Morris 3,Sheriff,,Over Votes,,0
Livingston,Mt. Morris 3,Sheriff,,Under Votes,,53
Livingston,North Dansville 1,Sheriff,,Thomas J. Dougherty,REP,155
Livingston,North Dansville 1,Sheriff,,Write-in,,3
Livingston,North Dansville 1,Sheriff,,Over Votes,,0
Livingston,North Dansville 1,Sheriff,,Under Votes,,41
Livingston,North Dansville 2,Sheriff,,Thomas J. Dougherty,REP,120
Livingston,North Dansville 2,Sheriff,,Write-in,,2
Livingston,North Dansville 2,Sheriff,,Over Votes,,0
Livingston,North Dansville 2,Sheriff,,Under Votes,,46
Livingston,North Dansville 3,Sheriff,,Thomas J. Dougherty,REP,146
Livingston,North Dansville 3,Sheriff,,Write-in,,4
Livingston,North Dansville 3,Sheriff,,Over Votes,,0
Livingston,North Dansville 3,Sheriff,,Under Votes,,32
Livingston,North Dansville 4,Sheriff,,Thomas J. Dougherty,REP,86
Livingston,North Dansville 4,Sheriff,,Write-in,,0
Livingston,North Dansville 4,Sheriff,,Over Votes,,0
Livingston,North Dansville 4,Sheriff,,Under Votes,,9
Livingston,Nunda 1,Sheriff,,Thomas J. Dougherty,REP,364
Livingston,Nunda 1,Sheriff,,Write-in,,1
Livingston,Nunda 1,Sheriff,,Over Votes,,0
Livingston,Nunda 1,Sheriff,,Under Votes,,68
Livingston,Nunda 2,Sheriff,,Thomas J. Dougherty,REP,146
Livingston,Nunda 2,Sheriff,,Write-in,,1
Livingston,Nunda 2,Sheriff,,Over Votes,,0
Livingston,Nunda 2,Sheriff,,Under Votes,,31
Livingston,Ossian 1,Sheriff,,Thomas J. Dougherty,REP,121
Livingston,Ossian 1,Sheriff,,Write-in,,1
Livingston,Ossian 1,Sheriff,,Over Votes,,0
Livingston,Ossian 1,Sheriff,,Under Votes,,20
Livingston,Portage 1,Sheriff,,Thomas J. Dougherty,REP,106
Livingston,Portage 1,Sheriff,,Write-in,,0
Livingston,Portage 1,Sheriff,,Over Votes,,0
Livingston,Portage 1,Sheriff,,Under Votes,,12
Livingston,Sparta 1,Sheriff,,Thomas J. Dougherty,REP,182
Livingston,Sparta 1,Sheriff,,Write-in,,4
Livingston,Sparta 1,Sheriff,,Over Votes,,0
Livingston,Sparta 1,Sheriff,,Under Votes,,42
Livingston,Springwater 1,Sheriff,,Thomas J. Dougherty,REP,337
Livingston,Springwater 1,Sheriff,,Write-in,,6
Livingston,Springwater 1,Sheriff,,Over Votes,,0
Livingston,Springwater 1,Sheriff,,Under Votes,,88
Livingston,West Sparta 1,Sheriff,,Thomas J. Dougherty,REP,154
Livingston,West Sparta 1,Sheriff,,Write-in,,1
Livingston,West Sparta 1,Sheriff,,Over Votes,,0
Livingston,West Sparta 1,Sheriff,,Under Votes,,28
Livingston,York 1,Sheriff,,Thomas J. Dougherty,REP,170
Livingston,York 1,Sheriff,,Write-in,,3
Livingston,York 1,Sheriff,,Over Votes,,0
Livingston,York 1,Sheriff,,Under Votes,,40
Livingston,York 2,Sheriff,,Thomas J. Dougherty,REP,199
Livingston,York 2,Sheriff,,Write-in,,1
Livingston,York 2,Sheriff,,Over Votes,,0
Livingston,York 2,Sheriff,,Under Votes,,57
Livingston,Avon 1,Coroner,,Shannon D. Griese,REP,298
Livingston,Avon 1,Coroner,,Daniel Chapman,REP,276
Livingston,Avon 1,Coroner,,Write-in,,1
Livingston,Avon 1,Coroner,,Over Votes,,0
Livingston,Avon 1,Coroner,,Under Votes,,284
Livingston,Avon 2,Coroner,,Shannon D. Griese,REP,348
Livingston,Avon 2,Coroner,,Daniel Chapman,REP,336
Livingston,Avon 2,Coroner,,Write-in,,5
Livingston,Avon 2,Coroner,,Over Votes,,0
Livingston,Avon 2,Coroner,,Under Votes,,400
Livingston,Avon 3,Coroner,,Shannon D. Griese,REP,380
Livingston,Avon 3,Coroner,,Daniel Chapman,REP,372
Livingston,Avon 3,Coroner,,Write-in,,1
Livingston,Avon 3,Coroner,,Over Votes,,0
Livingston,Avon 3,Coroner,,Under Votes,,464
Livingston,Avon 4,Coroner,,Shannon D. Griese,REP,331
Livingston,Avon 4,Coroner,,Daniel Chapman,REP,307
Livingston,Avon 4,Coroner,,Write-in,,1
Livingston,Avon 4,Coroner,,Over Votes,,0
Livingston,Avon 4,Coroner,,Under Votes,,421
Livingston,Caledonia 1,Coroner,,Shannon D. Griese,REP,124
Livingston,Caledonia 1,Coroner,,Daniel Chapman,REP,131
Livingston,Caledonia 1,Coroner,,Write-in,,0
Livingston,Caledonia 1,Coroner,,Over Votes,,0
Livingston,Caledonia 1,Coroner,,Under Votes,,99
Livingston,Caledonia 2,Coroner,,Shannon D. Griese,REP,110
Livingston,Caledonia 2,Coroner,,Daniel Chapman,REP,121
Livingston,Caledonia 2,Coroner,,Write-in,,6
Livingston,Caledonia 2,Coroner,,Over Votes,,2
Livingston,Caledonia 2,Coroner,,Under Votes,,104
Livingston,Caledonia 3,Coroner,,Shannon D. Griese,REP,142
Livingston,Caledonia 3,Coroner,,Daniel Chapman,REP,152
Livingston,Caledonia 3,Coroner,,Write-in,,5
Livingston,Caledonia 3,Coroner,,Over Votes,,0
Livingston,Caledonia 3,Coroner,,Under Votes,,124
Livingston,Conesus 1,Coroner,,Shannon D. Griese,REP,130
Livingston,Conesus 1,Coroner,,Daniel Chapman,REP,124
Livingston,Conesus 1,Coroner,,Write-in,,0
Livingston,Conesus 1,Coroner,,Over Votes,,0
Livingston,Conesus 1,Coroner,,Under Votes,,114
Livingston,Conesus 2,Coroner,,Shannon D. Griese,REP,165
Livingston,Conesus 2,Coroner,,Daniel Chapman,REP,159
Livingston,Conesus 2,Coroner,,Write-in,,2
Livingston,Conesus 2,Coroner,,Over Votes,,0
Livingston,Conesus 2,Coroner,,Under Votes,,119
Livingston,Geneseo 1,Coroner,,Shannon D. Griese,REP,261
Livingston,Geneseo 1,Coroner,,Daniel Chapman,REP,253
Livingston,Geneseo 1,Coroner,,Write-in,,5
Livingston,Geneseo 1,Coroner,,Over Votes,,0
Livingston,Geneseo 1,Coroner,,Under Votes,,430
Livingston,Geneseo 2,Coroner,,Shannon D. Griese,REP,175
Livingston,Geneseo 2,Coroner,,Daniel Chapman,REP,165
Livingston,Geneseo 2,Coroner,,Write-in,,3
Livingston,Geneseo 2,Coroner,,Over Votes,,0
Livingston,Geneseo 2,Coroner,,Under Votes,,311
Livingston,Geneseo 3,Coroner,,Shannon D. Griese,REP,233
Livingston,Geneseo 3,Coroner,,Daniel Chapman,REP,231
Livingston,Geneseo 3,Coroner,,Write-in,,2
Livingston,Geneseo 3,Coroner,,Over Votes,,0
Livingston,Geneseo 3,Coroner,,Under Votes,,279
Livingston,Geneseo 4,Coroner,,Shannon D. Griese,REP,227
Livingston,Geneseo 4,Coroner,,Daniel Chapman,REP,214
Livingston,Geneseo 4,Coroner,,Write-in,,0
Livingston,Geneseo 4,Coroner,,Over Votes,,0
Livingston,Geneseo 4,Coroner,,Under Votes,,245
Livingston,Geneseo 5,Coroner,,Shannon D. Griese,REP,9
Livingston,Geneseo 5,Coroner,,Daniel Chapman,REP,6
Livingston,Geneseo 5,Coroner,,Write-in,,0
Livingston,Geneseo 5,Coroner,,Over Votes,,0
Livingston,Geneseo 5,Coroner,,Under Votes,,10
Livingston,Groveland 1,Coroner,,Shannon D. Griese,REP,175
Livingston,Groveland 1,Coroner,,Daniel Chapman,REP,165
Livingston,Groveland 1,Coroner,,Write-in,,3
Livingston,Groveland 1,Coroner,,Over Votes,,0
Livingston,Groveland 1,Coroner,,Under Votes,,192
Livingston,Groveland 2,Coroner,,Shannon D. Griese,REP,93
Livingston,Groveland 2,Coroner,,Daniel Chapman,REP,90
Livingston,Groveland 2,Coroner,,Write-in,,0
Livingston,Groveland 2,Coroner,,Over Votes,,0
Livingston,Groveland 2,Coroner,,Under Votes,,59
Livingston,Leicester 1,Coroner,,Shannon D. Griese,REP,194
Livingston,Leicester 1,Coroner,,Daniel Chapman,REP,188
Livingston,Leicester 1,Coroner,,Write-in,,0
Livingston,Leicester 1,Coroner,,Over Votes,,0
Livingston,Leicester 1,Coroner,,Under Votes,,161
Livingston,Lima 1,Coroner,,Shannon D. Griese,REP,487
Livingston,Lima 1,Coroner,,Daniel Chapman,REP,456
Livingston,Lima 1,Coroner,,Write-in,,3
Livingston,Lima 1,Coroner,,Over Votes,,0
Livingston,Lima 1,Coroner,,Under Votes,,472
Livingston,Lima 2,Coroner,,Shannon D. Griese,REP,362
Livingston,Lima 2,Coroner,,Daniel Chapman,REP,325
Livingston,Lima 2,Coroner,,Write-in,,3
Livingston,Lima 2,Coroner,,Over Votes,,2
Livingston,Lima 2,Coroner,,Under Votes,,469
Livingston,Livonia 1,Coroner,,Shannon D. Griese,REP,261
Livingston,Livonia 1,Coroner,,Daniel Chapman,REP,253
Livingston,Livonia 1,Coroner,,Write-in,,0
Livingston,Livonia 1,Coroner,,Over Votes,,0
Livingston,Livonia 1,Coroner,,Under Votes,,188
Livingston,Livonia 2,Coroner,,Shannon D. Griese,REP,238
Livingston,Livonia 2,Coroner,,Daniel Chapman,REP,219
Livingston,Livonia 2,Coroner,,Write-in,,0
Livingston,Livonia 2,Coroner,,Over Votes,,0
Livingston,Livonia 2,Coroner,,Under Votes,,217
Livingston,Livonia 3,Coroner,,Shannon D. Griese,REP,212
Livingston,Livonia 3,Coroner,,Daniel Chapman,REP,193
Livingston,Livonia 3,Coroner,,Write-in,,1
Livingston,Livonia 3,Coroner,,Over Votes,,0
Livingston,Livonia 3,Coroner,,Under Votes,,209
Livingston,Livonia 4,Coroner,,Shannon D. Griese,REP,221
Livingston,Livonia 4,Coroner,,Daniel Chapman,REP,213
Livingston,Livonia 4,Coroner,,Write-in,,6
Livingston,Livonia 4,Coroner,,Over Votes,,0
Livingston,Livonia 4,Coroner,,Under Votes,,176
Livingston,Livonia 5,Coroner,,Shannon D. Griese,REP,234
Livingston,Livonia 5,Coroner,,Daniel Chapman,REP,232
Livingston,Livonia 5,Coroner,,Write-in,,1
Livingston,Livonia 5,Coroner,,Over Votes,,0
Livingston,Livonia 5,Coroner,,Under Votes,,210
Livingston,Mt. Morris 1,Coroner,,Shannon D. Griese,REP,169
Livingston,Mt. Morris 1,Coroner,,Daniel Chapman,REP,163
Livingston,Mt. Morris 1,Coroner,,Write-in,,0
Livingston,Mt. Morris 1,Coroner,,Over Votes,,0
Livingston,Mt. Morris 1,Coroner,,Under Votes,,183
Livingston,Mt. Morris 2,Coroner,,Shannon D. Griese,REP,110
Livingston,Mt. Morris 2,Coroner,,Daniel Chapman,REP,100
Livingston,Mt. Morris 2,Coroner,,Write-in,,0
Livingston,Mt. Morris 2,Coroner,,Over Votes,,0
Livingston,Mt. Morris 2,Coroner,,Under Votes,,156
Livingston,Mt. Morris 3,Coroner,,Shannon D. Griese,REP,172
Livingston,Mt. Morris 3,Coroner,,Daniel Chapman,REP,155
Livingston,Mt. Morris 3,Coroner,,Write-in,,0
Livingston,Mt. Morris 3,Coroner,,Over Votes,,0
Livingston,Mt. Morris 3,Coroner,,Under Votes,,157
Livingston,North Dansville 1,Coroner,,Shannon D. Griese,REP,156
Livingston,North Dansville 1,Coroner,,Daniel Chapman,REP,118
Livingston,North Dansville 1,Coroner,,Write-in,,0
Livingston,North Dansville 1,Coroner,,Over Votes,,0
Livingston,North Dansville 1,Coroner,,Under Votes,,124
Livingston,North Dansville 2,Coroner,,Shannon D. Griese,REP,117
Livingston,North Dansville 2,Coroner,,Daniel Chapman,REP,89
Livingston,North Dansville 2,Coroner,,Write-in,,1
Livingston,North Dansville 2,Coroner,,Over Votes,,0
Livingston,North Dansville 2,Coroner,,Under Votes,,128
Livingston,North Dansville 3,Coroner,,Shannon D. Griese,REP,149
Livingston,North Dansville 3,Coroner,,Daniel Chapman,REP,125
Livingston,North Dansville 3,Coroner,,Write-in,,2
Livingston,North Dansville 3,Coroner,,Over Votes,,0
Livingston,North Dansville 3,Coroner,,Under Votes,,84
Livingston,North Dansville 4,Coroner,,Shannon D. Griese,REP,82
Livingston,North Dansville 4,Coroner,,Daniel Chapman,REP,65
Livingston,North Dansville 4,Coroner,,Write-in,,0
Livingston,North Dansville 4,Coroner,,Over Votes,,0
Livingston,North Dansville 4,Coroner,,Under Votes,,43
Livingston,Nunda 1,Coroner,,Shannon D. Griese,REP,332
Livingston,Nunda 1,Coroner,,Daniel Chapman,REP,319
Livingston,Nunda 1,Coroner,,Write-in,,2
Livingston,Nunda 1,Coroner,,Over Votes,,0
Livingston,Nunda 1,Coroner,,Under Votes,,212
Livingston,Nunda 2,Coroner,,Shannon D. Griese,REP,128
Livingston,Nunda 2,Coroner,,Daniel Chapman,REP,121
Livingston,Nunda 2,Coroner,,Write-in,,2
Livingston,Nunda 2,Coroner,,Over Votes,,0
Livingston,Nunda 2,Coroner,,Under Votes,,103
Livingston,Ossian 1,Coroner,,Shannon D. Griese,REP,118
Livingston,Ossian 1,Coroner,,Daniel Chapman,REP,106
Livingston,Ossian 1,Coroner,,Write-in,,3
Livingston,Ossian 1,Coroner,,Over Votes,,0
Livingston,Ossian 1,Coroner,,Under Votes,,56
Livingston,Portage 1,Coroner,,Shannon D. Griese,REP,98
Livingston,Portage 1,Coroner,,Daniel Chapman,REP,100
Livingston,Portage 1,Coroner,,Write-in,,0
Livingston,Portage 1,Coroner,,Over Votes,,0
Livingston,Portage 1,Coroner,,Under Votes,,38
Livingston,Sparta 1,Coroner,,Shannon D. Griese,REP,171
Livingston,Sparta 1,Coroner,,Daniel Chapman,REP,159
Livingston,Sparta 1,Coroner,,Write-in,,1
Livingston,Sparta 1,Coroner,,Over Votes,,0
Livingston,Sparta 1,Coroner,,Under Votes,,124
Livingston,Springwater 1,Coroner,,Shannon D. Griese,REP,314
Livingston,Springwater 1,Coroner,,Daniel Chapman,REP,294
Livingston,Springwater 1,Coroner,,Write-in,,7
Livingston,Springwater 1,Coroner,,Over Votes,,0
Livingston,Springwater 1,Coroner,,Under Votes,,242
Livingston,West Sparta 1,Coroner,,Shannon D. Griese,REP,145
Livingston,West Sparta 1,Coroner,,Daniel Chapman,REP,124
Livingston,West Sparta 1,Coroner,,Write-in,,0
Livingston,West Sparta 1,Coroner,,Over Votes,,0
Livingston,West Sparta 1,Coroner,,Under Votes,,97
Livingston,York 1,Coroner,,Shannon D. Griese,REP,158
Livingston,York 1,Coroner,,Daniel Chapman,REP,156
Livingston,York 1,Coroner,,Write-in,,1
Livingston,York 1,Coroner,,Over Votes,,0
Livingston,York 1,Coroner,,Under Votes,,110
Livingston,York 2,Coroner,,Shannon D. Griese,REP,179
Livingston,York 2,Coroner,,Daniel Chapman,REP,183
Livingston,York 2,Coroner,,Write-in,,0
Livingston,York 2,Coroner,,Over Votes,,0
Livingston,York 2,Coroner,,Under Votes,,151
Livingston,Avon 1,Avon Town Supervisor,,David LeFeber,REP,301
Livingston,Avon 1,Avon Town Supervisor,,Write-in,,9
Livingston,Avon 1,Avon Town Supervisor,,Over Votes,,0
Livingston,Avon 1,Avon Town Supervisor,,Under Votes,,121
Livingston,Avon 2,Avon Town Supervisor,,David LeFeber,REP,355
Livingston,Avon 2,Avon Town Supervisor,,Write-in,,13
Livingston,Avon 2,Avon Town Supervisor,,Over Votes,,0
Livingston,Avon 2,Avon Town Supervisor,,Under Votes,,179
Livingston,Avon 3,Avon Town Supervisor,,David LeFeber,REP,380
Livingston,Avon 3,Avon Town Supervisor,,Write-in,,16
Livingston,Avon 3,Avon Town Supervisor,,Over Votes,,0
Livingston,Avon 3,Avon Town Supervisor,,Under Votes,,213
Livingston,Avon 4,Avon Town Supervisor,,David LeFeber,REP,339
Livingston,Avon 4,Avon Town Supervisor,,Write-in,,12
Livingston,Avon 4,Avon Town Supervisor,,Over Votes,,0
Livingston,Avon 4,Avon Town Supervisor,,Under Votes,,179
Livingston,Avon 1,Avon Town Clerk (Unexpired Term),,Anne  Czymmek,DEM,113
Livingston,Avon 1,Avon Town Clerk (Unexpired Term),,Faye Beshures,REP,181
Livingston,Avon 1,Avon Town Clerk (Unexpired Term),,Faye Beshures,Faye for Clerk,5
Livingston,Avon 1,Avon Town Clerk (Unexpired Term),,Kim McDowell,McDowell for Clerk,125
Livingston,Avon 1,Avon Town Clerk (Unexpired Term),,Write-in,,0
Livingston,Avon 1,Avon Town Clerk (Unexpired Term),,Over Votes,,4
Livingston,Avon 1,Avon Town Clerk (Unexpired Term),,Under Votes,,3
Livingston,Avon 2,Avon Town Clerk (Unexpired Term),,Anne  Czymmek,DEM,113
Livingston,Avon 2,Avon Town Clerk (Unexpired Term),,Faye Beshures,Faye for Clerk,12
Livingston,Avon 2,Avon Town Clerk (Unexpired Term),,Faye Beshures,REP,173
Livingston,Avon 2,Avon Town Clerk (Unexpired Term),,Kim McDowell,McDowell for Clerk,243
Livingston,Avon 2,Avon Town Clerk (Unexpired Term),,Write-in,,0
Livingston,Avon 2,Avon Town Clerk (Unexpired Term),,Over Votes,,2
Livingston,Avon 2,Avon Town Clerk (Unexpired Term),,Under Votes,,4
Livingston,Avon 3,Avon Town Clerk (Unexpired Term),,Anne  Czymmek,DEM,149
Livingston,Avon 3,Avon Town Clerk (Unexpired Term),,Faye Beshures,Faye for Clerk,12
Livingston,Avon 3,Avon Town Clerk (Unexpired Term),,Faye Beshures,REP,228
Livingston,Avon 3,Avon Town Clerk (Unexpired Term),,Kim McDowell,McDowell for Clerk,210
Livingston,Avon 3,Avon Town Clerk (Unexpired Term),,Write-in,,0
Livingston,Avon 3,Avon Town Clerk (Unexpired Term),,Over Votes,,5
Livingston,Avon 3,Avon Town Clerk (Unexpired Term),,Under Votes,,5
Livingston,Avon 4,Avon Town Clerk (Unexpired Term),,Anne  Czymmek,DEM,114
Livingston,Avon 4,Avon Town Clerk (Unexpired Term),,Faye Beshures,Faye for Clerk,18
Livingston,Avon 4,Avon Town Clerk (Unexpired Term),,Faye Beshures,REP,212
Livingston,Avon 4,Avon Town Clerk (Unexpired Term),,Kim McDowell,McDowell for Clerk,178
Livingston,Avon 4,Avon Town Clerk (Unexpired Term),,Write-in,,0
Livingston,Avon 4,Avon Town Clerk (Unexpired Term),,Over Votes,,2
Livingston,Avon 4,Avon Town Clerk (Unexpired Term),,Under Votes,,6
Livingston,Avon 1,Avon Town Councilmember,,Colleen Walsh-Williams,DEM,145
Livingston,Avon 1,Avon Town Councilmember,,Collin T. Hayes,DEM,198
Livingston,Avon 1,Avon Town Councilmember,,Thomas A. Mairs,REP,227
Livingston,Avon 1,Avon Town Councilmember,,Jim Harrington,REP,226
Livingston,Avon 1,Avon Town Councilmember,,Write-in,,0
Livingston,Avon 1,Avon Town Councilmember,,Over Votes,,2
Livingston,Avon 1,Avon Town Councilmember,,Under Votes,,63
Livingston,Avon 2,Avon Town Councilmember,,Colleen Walsh-Williams,DEM,195
Livingston,Avon 2,Avon Town Councilmember,,Collin T. Hayes,DEM,311
Livingston,Avon 2,Avon Town Councilmember,,Thomas A. Mairs,REP,260
Livingston,Avon 2,Avon Town Councilmember,,Jim Harrington,REP,240
Livingston,Avon 2,Avon Town Councilmember,,Write-in,,0
Livingston,Avon 2,Avon Town Councilmember,,Over Votes,,2
Livingston,Avon 2,Avon Town Councilmember,,Under Votes,,85
Livingston,Avon 3,Avon Town Councilmember,,Colleen Walsh-Williams,DEM,235
Livingston,Avon 3,Avon Town Councilmember,,Collin T. Hayes,DEM,365
Livingston,Avon 3,Avon Town Councilmember,,Thomas A. Mairs,REP,277
Livingston,Avon 3,Avon Town Councilmember,,Jim Harrington,REP,239
Livingston,Avon 3,Avon Town Councilmember,,Write-in,,0
Livingston,Avon 3,Avon Town Councilmember,,Over Votes,,0
Livingston,Avon 3,Avon Town Councilmember,,Under Votes,,99
Livingston,Avon 4,Avon Town Councilmember,,Colleen Walsh-Williams,DEM,191
Livingston,Avon 4,Avon Town Councilmember,,Collin T. Hayes,DEM,285
Livingston,Avon 4,Avon Town Councilmember,,Thomas A. Mairs,REP,264
Livingston,Avon 4,Avon Town Councilmember,,Jim Harrington,REP,238
Livingston,Avon 4,Avon Town Councilmember,,Write-in,,0
Livingston,Avon 4,Avon Town Councilmember,,Over Votes,,0
Livingston,Avon 4,Avon Town Councilmember,,Under Votes,,79
Livingston,Avon 1,Avon Town Justice,,David A. Hoffmann,REP,304
Livingston,Avon 1,Avon Town Justice,,Write-in,,4
Livingston,Avon 1,Avon Town Justice,,Over Votes,,0
Livingston,Avon 1,Avon Town Justice,,Under Votes,,123
Livingston,Avon 2,Avon Town Justice,,David A. Hoffmann,REP,373
Livingston,Avon 2,Avon Town Justice,,Write-in,,5
Livingston,Avon 2,Avon Town Justice,,Over Votes,,0
Livingston,Avon 2,Avon Town Justice,,Under Votes,,169
Livingston,Avon 3,Avon Town Justice,,David A. Hoffmann,REP,408
Livingston,Avon 3,Avon Town Justice,,Write-in,,4
Livingston,Avon 3,Avon Town Justice,,Over Votes,,0
Livingston,Avon 3,Avon Town Justice,,Under Votes,,197
Livingston,Avon 4,Avon Town Justice,,David A. Hoffmann,REP,358
Livingston,Avon 4,Avon Town Justice,,Write-in,,5
Livingston,Avon 4,Avon Town Justice,,Over Votes,,0
Livingston,Avon 4,Avon Town Justice,,Under Votes,,167
Livingston,Avon 1,Proposition 2 Town of Avon Library,,Yes,,250
Livingston,Avon 1,Proposition 2 Town of Avon Library,,No,,164
Livingston,Avon 1,Proposition 2 Town of Avon Library,,Over Votes,,0
Livingston,Avon 1,Proposition 2 Town of Avon Library,,Under Votes,,17
Livingston,Avon 2,Proposition 2 Town of Avon Library,,Yes,,354
Livingston,Avon 2,Proposition 2 Town of Avon Library,,No,,178
Livingston,Avon 2,Proposition 2 Town of Avon Library,,Over Votes,,0
Livingston,Avon 2,Proposition 2 Town of Avon Library,,Under Votes,,15
Livingston,Avon 3,Proposition 2 Town of Avon Library,,Yes,,440
Livingston,Avon 3,Proposition 2 Town of Avon Library,,No,,152
Livingston,Avon 3,Proposition 2 Town of Avon Library,,Over Votes,,0
Livingston,Avon 3,Proposition 2 Town of Avon Library,,Under Votes,,17
Livingston,Avon 4,Proposition 2 Town of Avon Library,,Yes,,361
Livingston,Avon 4,Proposition 2 Town of Avon Library,,No,,151
Livingston,Avon 4,Proposition 2 Town of Avon Library,,Over Votes,,0
Livingston,Avon 4,Proposition 2 Town of Avon Library,,Under Votes,,18
Livingston,Caledonia 1,Caledonia Town Supervisor,,Daniel L. Pangrazio,REP,120
Livingston,Caledonia 1,Caledonia Town Supervisor,,Write-in,,16
Livingston,Caledonia 1,Caledonia Town Supervisor,,Over Votes,,0
Livingston,Caledonia 1,Caledonia Town Supervisor,,Under Votes,,41
Livingston,Caledonia 2,Caledonia Town Supervisor,,Daniel L. Pangrazio,REP,120
Livingston,Caledonia 2,Caledonia Town Supervisor,,Write-in,,11
Livingston,Caledonia 2,Caledonia Town Supervisor,,Over Votes,,1
Livingston,Caledonia 2,Caledonia Town Supervisor,,Under Votes,,41
Livingston,Caledonia 3,Caledonia Town Supervisor,,Daniel L. Pangrazio,REP,154
Livingston,Caledonia 3,Caledonia Town Supervisor,,Write-in,,10
Livingston,Caledonia 3,Caledonia Town Supervisor,,Over Votes,,0
Livingston,Caledonia 3,Caledonia Town Supervisor,,Under Votes,,50
Livingston,Caledonia 1,Caledonia Town Clerk,,Seth Graham,REP,144
Livingston,Caledonia 1,Caledonia Town Clerk,,Write-in,,2
Livingston,Caledonia 1,Caledonia Town Clerk,,Over Votes,,0
Livingston,Caledonia 1,Caledonia Town Clerk,,Under Votes,,31
Livingston,Caledonia 2,Caledonia Town Clerk,,Seth Graham,REP,127
Livingston,Caledonia 2,Caledonia Town Clerk,,Write-in,,4
Livingston,Caledonia 2,Caledonia Town Clerk,,Over Votes,,0
Livingston,Caledonia 2,Caledonia Town Clerk,,Under Votes,,42
Livingston,Caledonia 3,Caledonia Town Clerk,,Seth Graham,REP,161
Livingston,Caledonia 3,Caledonia Town Clerk,,Write-in,,5
Livingston,Caledonia 3,Caledonia Town Clerk,,Over Votes,,0
Livingston,Caledonia 3,Caledonia Town Clerk,,Under Votes,,48
Livingston,Caledonia 1,Caledonia Town Councilmember,,Todd Bickford,REP,136
Livingston,Caledonia 1,Caledonia Town Councilmember,,Quentin Clark,REP,120
Livingston,Caledonia 1,Caledonia Town Councilmember,,Write-in,,2
Livingston,Caledonia 1,Caledonia Town Councilmember,,Over Votes,,0
Livingston,Caledonia 1,Caledonia Town Councilmember,,Under Votes,,94
Livingston,Caledonia 2,Caledonia Town Councilmember,,Todd Bickford,REP,124
Livingston,Caledonia 2,Caledonia Town Councilmember,,Quentin Clark,REP,110
Livingston,Caledonia 2,Caledonia Town Councilmember,,Write-in,,3
Livingston,Caledonia 2,Caledonia Town Councilmember,,Over Votes,,2
Livingston,Caledonia 2,Caledonia Town Councilmember,,Under Votes,,104
Livingston,Caledonia 3,Caledonia Town Councilmember,,Todd Bickford,REP,154
Livingston,Caledonia 3,Caledonia Town Councilmember,,Quentin Clark,REP,147
Livingston,Caledonia 3,Caledonia Town Councilmember,,Write-in,,5
Livingston,Caledonia 3,Caledonia Town Councilmember,,Over Votes,,0
Livingston,Caledonia 3,Caledonia Town Councilmember,,Under Votes,,117
Livingston,Caledonia 1,Caledonia Town Justice,,Kyle MacKay,REP,144
Livingston,Caledonia 1,Caledonia Town Justice,,Write-in,,1
Livingston,Caledonia 1,Caledonia Town Justice,,Over Votes,,0
Livingston,Caledonia 1,Caledonia Town Justice,,Under Votes,,32
Livingston,Caledonia 2,Caledonia Town Justice,,Kyle MacKay,REP,130
Livingston,Caledonia 2,Caledonia Town Justice,,Write-in,,3
Livingston,Caledonia 2,Caledonia Town Justice,,Over Votes,,0
Livingston,Caledonia 2,Caledonia Town Justice,,Under Votes,,40
Livingston,Caledonia 3,Caledonia Town Justice,,Kyle MacKay,REP,164
Livingston,Caledonia 3,Caledonia Town Justice,,Write-in,,5
Livingston,Caledonia 3,Caledonia Town Justice,,Over Votes,,0
Livingston,Caledonia 3,Caledonia Town Justice,,Under Votes,,45
Livingston,Conesus 1,Conesus Town Supervisor,,Donald W. Wester,REP,127
Livingston,Conesus 1,Conesus Town Supervisor,,Donald W. Wester,Wester,12
Livingston,Conesus 1,Conesus Town Supervisor,,Write-in,,0
Livingston,Conesus 1,Conesus Town Supervisor,,Over Votes,,0
Livingston,Conesus 1,Conesus Town Supervisor,,Under Votes,,45
Livingston,Conesus 2,Conesus Town Supervisor,,Donald W. Wester,Wester,17
Livingston,Conesus 2,Conesus Town Supervisor,,Donald W. Wester,REP,149
Livingston,Conesus 2,Conesus Town Supervisor,,Write-in,,4
Livingston,Conesus 2,Conesus Town Supervisor,,Over Votes,,0
Livingston,Conesus 2,Conesus Town Supervisor,,Under Votes,,53
Livingston,Conesus 1,Conesus Town Clerk,,Julie C. Shutt,REP,145
Livingston,Conesus 1,Conesus Town Clerk,,Write-in,,0
Livingston,Conesus 1,Conesus Town Clerk,,Over Votes,,0
Livingston,Conesus 1,Conesus Town Clerk,,Under Votes,,39
Livingston,Conesus 2,Conesus Town Clerk,,Julie C. Shutt,REP,180
Livingston,Conesus 2,Conesus Town Clerk,,Write-in,,1
Livingston,Conesus 2,Conesus Town Clerk,,Over Votes,,0
Livingston,Conesus 2,Conesus Town Clerk,,Under Votes,,42
Livingston,Conesus 1,Conesus Town Councilmember,,John Fama,REP,127
Livingston,Conesus 1,Conesus Town Councilmember,,Gary Sparks,REP,133
Livingston,Conesus 1,Conesus Town Councilmember,,Write-in,,0
Livingston,Conesus 1,Conesus Town Councilmember,,Over Votes,,0
Livingston,Conesus 1,Conesus Town Councilmember,,Under Votes,,108
Livingston,Conesus 2,Conesus Town Councilmember,,John Fama,REP,155
Livingston,Conesus 2,Conesus Town Councilmember,,Gary Sparks,REP,166
Livingston,Conesus 2,Conesus Town Councilmember,,Write-in,,2
Livingston,Conesus 2,Conesus Town Councilmember,,Over Votes,,0
Livingston,Conesus 2,Conesus Town Councilmember,,Under Votes,,121
Livingston,Conesus 1,Conesus Town Highway Superintendent,,Daniel D. Marusiak Jr.,REP,135
Livingston,Conesus 1,Conesus Town Highway Superintendent,,Write-in,,0
Livingston,Conesus 1,Conesus Town Highway Superintendent,,Over Votes,,0
Livingston,Conesus 1,Conesus Town Highway Superintendent,,Under Votes,,49
Livingston,Conesus 2,Conesus Town Highway Superintendent,,Daniel D. Marusiak Jr.,REP,175
Livingston,Conesus 2,Conesus Town Highway Superintendent,,Write-in,,2
Livingston,Conesus 2,Conesus Town Highway Superintendent,,Over Votes,,0
Livingston,Conesus 2,Conesus Town Highway Superintendent,,Under Votes,,46
Livingston,Geneseo 1,Geneseo Town Councilmember,,Meg Reitz,DEM,341
Livingston,Geneseo 1,Geneseo Town Councilmember,,Robert B. Deming,Geneseo United,23
Livingston,Geneseo 1,Geneseo Town Councilmember,,Robert B. Deming,REP,182
Livingston,Geneseo 1,Geneseo Town Councilmember,,Ronald Maxwell,Geneseo United,18
Livingston,Geneseo 1,Geneseo Town Councilmember,,Ronald Maxwell,REP,162
Livingston,Geneseo 1,Geneseo Town Councilmember,,Write-in,,4
Livingston,Geneseo 1,Geneseo Town Councilmember,,Over Votes,,2
Livingston,Geneseo 1,Geneseo Town Councilmember,,Under Votes,,220
Livingston,Geneseo 2,Geneseo Town Councilmember,,Meg Reitz,DEM,226
Livingston,Geneseo 2,Geneseo Town Councilmember,,Robert B. Deming,Geneseo United,24
Livingston,Geneseo 2,Geneseo Town Councilmember,,Robert B. Deming,REP,132
Livingston,Geneseo 2,Geneseo Town Councilmember,,Ronald Maxwell,REP,98
Livingston,Geneseo 2,Geneseo Town Councilmember,,Ronald Maxwell,Geneseo United,11
Livingston,Geneseo 2,Geneseo Town Councilmember,,Write-in,,0
Livingston,Geneseo 2,Geneseo Town Councilmember,,Over Votes,,0
Livingston,Geneseo 2,Geneseo Town Councilmember,,Under Votes,,162
Livingston,Geneseo 3,Geneseo Town Councilmember,,Meg Reitz,DEM,196
Livingston,Geneseo 3,Geneseo Town Councilmember,,Robert B. Deming,REP,194
Livingston,Geneseo 3,Geneseo Town Councilmember,,Robert B. Deming,Geneseo United,16
Livingston,Geneseo 3,Geneseo Town Councilmember,,Ronald Maxwell,Geneseo United,18
Livingston,Geneseo 3,Geneseo Town Councilmember,,Ronald Maxwell,REP,181
Livingston,Geneseo 3,Geneseo Town Councilmember,,Write-in,,0
Livingston,Geneseo 3,Geneseo Town Councilmember,,Over Votes,,2
Livingston,Geneseo 3,Geneseo Town Councilmember,,Under Votes,,138
Livingston,Geneseo 4,Geneseo Town Councilmember,,Meg Reitz,DEM,196
Livingston,Geneseo 4,Geneseo Town Councilmember,,Robert B. Deming,Geneseo United,15
Livingston,Geneseo 4,Geneseo Town Councilmember,,Robert B. Deming,REP,178
Livingston,Geneseo 4,Geneseo Town Councilmember,,Ronald Maxwell,REP,157
Livingston,Geneseo 4,Geneseo Town Councilmember,,Ronald Maxwell,Geneseo United,16
Livingston,Geneseo 4,Geneseo Town Councilmember,,Write-in,,1
Livingston,Geneseo 4,Geneseo Town Councilmember,,Over Votes,,2
Livingston,Geneseo 4,Geneseo Town Councilmember,,Under Votes,,120
Livingston,Geneseo 5,Geneseo Town Councilmember,,Meg Reitz,DEM,12
Livingston,Geneseo 5,Geneseo Town Councilmember,,Robert B. Deming,REP,3
Livingston,Geneseo 5,Geneseo Town Councilmember,,Robert B. Deming,Geneseo United,1
Livingston,Geneseo 5,Geneseo Town Councilmember,,Ronald Maxwell,Geneseo United,1
Livingston,Geneseo 5,Geneseo Town Councilmember,,Ronald Maxwell,REP,2
Livingston,Geneseo 5,Geneseo Town Councilmember,,Write-in,,0
Livingston,Geneseo 5,Geneseo Town Councilmember,,Over Votes,,0
Livingston,Geneseo 5,Geneseo Town Councilmember,,Under Votes,,7
Livingston,Geneseo 1,Geneseo Town Justice,,Kathleen F. Houston,REP,266
Livingston,Geneseo 1,Geneseo Town Justice,,Kathleen F. Houston,Geneseo United,102
Livingston,Geneseo 1,Geneseo Town Justice,,Write-in,,2
Livingston,Geneseo 1,Geneseo Town Justice,,Over Votes,,0
Livingston,Geneseo 1,Geneseo Town Justice,,Under Votes,,106
Livingston,Geneseo 2,Geneseo Town Justice,,Kathleen F. Houston,Geneseo United,82
Livingston,Geneseo 2,Geneseo Town Justice,,Kathleen F. Houston,REP,181
Livingston,Geneseo 2,Geneseo Town Justice,,Write-in,,3
Livingston,Geneseo 2,Geneseo Town Justice,,Over Votes,,0
Livingston,Geneseo 2,Geneseo Town Justice,,Under Votes,,62
Livingston,Geneseo 3,Geneseo Town Justice,,Kathleen F. Houston,REP,232
Livingston,Geneseo 3,Geneseo Town Justice,,Kathleen F. Houston,Geneseo United,54
Livingston,Geneseo 3,Geneseo Town Justice,,Write-in,,3
Livingston,Geneseo 3,Geneseo Town Justice,,Over Votes,,0
Livingston,Geneseo 3,Geneseo Town Justice,,Under Votes,,84
Livingston,Geneseo 4,Geneseo Town Justice,,Kathleen F. Houston,REP,232
Livingston,Geneseo 4,Geneseo Town Justice,,Kathleen F. Houston,Geneseo United,42
Livingston,Geneseo 4,Geneseo Town Justice,,Write-in,,0
Livingston,Geneseo 4,Geneseo Town Justice,,Over Votes,,0
Livingston,Geneseo 4,Geneseo Town Justice,,Under Votes,,69
Livingston,Geneseo 5,Geneseo Town Justice,,Kathleen F. Houston,Geneseo United,5
Livingston,Geneseo 5,Geneseo Town Justice,,Kathleen F. Houston,REP,4
Livingston,Geneseo 5,Geneseo Town Justice,,Write-in,,0
Livingston,Geneseo 5,Geneseo Town Justice,,Over Votes,,0
Livingston,Geneseo 5,Geneseo Town Justice,,Under Votes,,4
Livingston,Groveland 1,Groveland Town Councilmember,,Ron Niedermaier,DEM,139
Livingston,Groveland 1,Groveland Town Councilmember,,Gary Housel,DEM,97
Livingston,Groveland 1,Groveland Town Councilmember,,Dean A. Macauley,REP,141
Livingston,Groveland 1,Groveland Town Councilmember,,John C. Macauley,REP,141
Livingston,Groveland 1,Groveland Town Councilmember,,Write-in,,0
Livingston,Groveland 1,Groveland Town Councilmember,,Over Votes,,0
Livingston,Groveland 1,Groveland Town Councilmember,,Under Votes,,20
Livingston,Groveland 2,Groveland Town Councilmember,,Ron Niedermaier,DEM,41
Livingston,Groveland 2,Groveland Town Councilmember,,Gary Housel,DEM,28
Livingston,Groveland 2,Groveland Town Councilmember,,Dean A. Macauley,REP,78
Livingston,Groveland 2,Groveland Town Councilmember,,John C. Macauley,REP,81
Livingston,Groveland 2,Groveland Town Councilmember,,Write-in,,0
Livingston,Groveland 2,Groveland Town Councilmember,,Over Votes,,2
Livingston,Groveland 2,Groveland Town Councilmember,,Under Votes,,12
Livingston,Groveland 1,Groveland Town Justice,,Jason Jarvis,DEM,96
Livingston,Groveland 1,Groveland Town Justice,,Seth Burnette,REP,169
Livingston,Groveland 1,Groveland Town Justice,,Write-in,,1
Livingston,Groveland 1,Groveland Town Justice,,Over Votes,,0
Livingston,Groveland 1,Groveland Town Justice,,Under Votes,,3
Livingston,Groveland 2,Groveland Town Justice,,Jason Jarvis,DEM,28
Livingston,Groveland 2,Groveland Town Justice,,Seth Burnette,REP,92
Livingston,Groveland 2,Groveland Town Justice,,Write-in,,0
Livingston,Groveland 2,Groveland Town Justice,,Over Votes,,0
Livingston,Groveland 2,Groveland Town Justice,,Under Votes,,1
Livingston,Leicester 1,Leicester Town Councilmember,,Matthew Durbin,DEM,165
Livingston,Leicester 1,Leicester Town Councilmember,,Jason A. Yasso,REP,172
Livingston,Leicester 1,Leicester Town Councilmember,,Write-in,,0
Livingston,Leicester 1,Leicester Town Councilmember,,Over Votes,,0
Livingston,Leicester 1,Leicester Town Councilmember,,Under Votes,,206
Livingston,Lima 1,Lima Town Supervisor,,Michael J. Falk,REP,221
Livingston,Lima 1,Lima Town Supervisor,,Michael J. Falk,CON,47
Livingston,Lima 1,Lima Town Supervisor,,Jonathan Cates,,346
Livingston,Lima 1,Lima Town Supervisor,,Adam Lewis,,2
Livingston,Lima 1,Lima Town Supervisor,,Kyle Parnell,,2
Livingston,Lima 1,Lima Town Supervisor,,Beth McCaffrey,,1
Livingston,Lima 1,Lima Town Supervisor,,Christopher Doe,,1
Livingston,Lima 1,Lima Town Supervisor,,John Gallant,,0
Livingston,Lima 1,Lima Town Supervisor,,Kellen McCaffrey,,1
Livingston,Lima 1,Lima Town Supervisor,,Invalid Write-In,,4
Livingston,Lima 1,Lima Town Supervisor,,Over Votes,,1
Livingston,Lima 1,Lima Town Supervisor,,Under Votes,,84
Livingston,Lima 2,Lima Town Supervisor,,Michael J. Falk,CON,36
Livingston,Lima 2,Lima Town Supervisor,,Michael J. Falk,REP,162
Livingston,Lima 2,Lima Town Supervisor,,Jonathan Cates,,316
Livingston,Lima 2,Lima Town Supervisor,,Adam Lewis,,3
Livingston,Lima 2,Lima Town Supervisor,,Kyle Parnell,,0
Livingston,Lima 2,Lima Town Supervisor,,Beth McCaffrey,,0
Livingston,Lima 2,Lima Town Supervisor,,Christopher Doe,,0
Livingston,Lima 2,Lima Town Supervisor,,John Gallant,,1
Livingston,Lima 2,Lima Town Supervisor,,Kellen McCaffrey,,0
Livingston,Lima 2,Lima Town Supervisor,,Invalid Write-In,,3
Livingston,Lima 2,Lima Town Supervisor,,Over Votes,,0
Livingston,Lima 2,Lima Town Supervisor,,Under Votes,,61
Livingston,Lima 1,Lima Town Councilmember,,Bill Stremovihtg,DEM,195
Livingston,Lima 1,Lima Town Councilmember,,Christopher L. Doe,DEM,312
Livingston,Lima 1,Lima Town Councilmember,,William M. Carey,REP,252
Livingston,Lima 1,Lima Town Councilmember,,Mark Petroski,REP,243
Livingston,Lima 1,Lima Town Councilmember,,Mark Petroski,CON,53
Livingston,Lima 1,Lima Town Councilmember,,Adam Lewis,,259
Livingston,Lima 1,Lima Town Councilmember,,Jonathan Cates,,3
Livingston,Lima 1,Lima Town Councilmember,,Amy Crawford,,1
Livingston,Lima 1,Lima Town Councilmember,,Jason Stryker,,0
Livingston,Lima 1,Lima Town Councilmember,,Invalid Write-in,,5
Livingston,Lima 1,Lima Town Councilmember,,Over Votes,,10
Livingston,Lima 1,Lima Town Councilmember,,Under Votes,,85
Livingston,Lima 2,Lima Town Councilmember,,Bill Stremovihtg,DEM,150
Livingston,Lima 2,Lima Town Councilmember,,Christopher L. Doe,DEM,266
Livingston,Lima 2,Lima Town Councilmember,,William M. Carey,REP,182
Livingston,Lima 2,Lima Town Councilmember,,Mark Petroski,CON,39
Livingston,Lima 2,Lima Town Councilmember,,Mark Petroski,REP,170
Livingston,Lima 2,Lima Town Councilmember,,Adam Lewis,,251
Livingston,Lima 2,Lima Town Councilmember,,Jonathan Cates,,5
Livingston,Lima 2,Lima Town Councilmember,,Amy Crawford,,0
Livingston,Lima 2,Lima Town Councilmember,,Jason Stryker,,1
Livingston,Lima 2,Lima Town Councilmember,,Invalid Write-in,,2
Livingston,Lima 2,Lima Town Councilmember,,Over Votes,,8
Livingston,Lima 2,Lima Town Councilmember,,Under Votes,,90
Livingston,Lima 1,Lima Town Highway Superintendent,,Sean Parslow,REP,498
Livingston,Lima 1,Lima Town Highway Superintendent,,Write-in,,6
Livingston,Lima 1,Lima Town Highway Superintendent,,Over Votes,,1
Livingston,Lima 1,Lima Town Highway Superintendent,,Under Votes,,205
Livingston,Lima 2,Lima Town Highway Superintendent,,Sean Parslow,REP,368
Livingston,Lima 2,Lima Town Highway Superintendent,,Write-in,,10
Livingston,Lima 2,Lima Town Highway Superintendent,,Over Votes,,1
Livingston,Lima 2,Lima Town Highway Superintendent,,Under Votes,,203
Livingston,Lima 1,Lima Town Justice,,Aimee Koch,DEM,320
Livingston,Lima 1,Lima Town Justice,,Ronald L. Huff Jr.,REP,400
Livingston,Lima 1,Lima Town Justice,,Harold J. Harris,REP,421
Livingston,Lima 1,Lima Town Justice,,Write-in,,3
Livingston,Lima 1,Lima Town Justice,,Over Votes,,0
Livingston,Lima 1,Lima Town Justice,,Under Votes,,276
Livingston,Lima 2,Lima Town Justice,,Aimee Koch,DEM,269
Livingston,Lima 2,Lima Town Justice,,Ronald L. Huff Jr.,REP,296
Livingston,Lima 2,Lima Town Justice,,Harold J. Harris,REP,321
Livingston,Lima 2,Lima Town Justice,,Write-in,,0
Livingston,Lima 2,Lima Town Justice,,Over Votes,,0
Livingston,Lima 2,Lima Town Justice,,Under Votes,,277
Livingston,Livonia 1,Livonia Town Supervisor,,Eric R. Gott,REP,274
Livingston,Livonia 1,Livonia Town Supervisor,,Write-in,,1
Livingston,Livonia 1,Livonia Town Supervisor,,Over Votes,,0
Livingston,Livonia 1,Livonia Town Supervisor,,Under Votes,,76
Livingston,Livonia 2,Livonia Town Supervisor,,Eric R. Gott,REP,251
Livingston,Livonia 2,Livonia Town Supervisor,,Write-in,,2
Livingston,Livonia 2,Livonia Town Supervisor,,Over Votes,,0
Livingston,Livonia 2,Livonia Town Supervisor,,Under Votes,,84
Livingston,Livonia 3,Livonia Town Supervisor,,Eric R. Gott,REP,229
Livingston,Livonia 3,Livonia Town Supervisor,,Write-in,,2
Livingston,Livonia 3,Livonia Town Supervisor,,Over Votes,,0
Livingston,Livonia 3,Livonia Town Supervisor,,Under Votes,,77
Livingston,Livonia 4,Livonia Town Supervisor,,Eric R. Gott,REP,220
Livingston,Livonia 4,Livonia Town Supervisor,,Write-in,,8
Livingston,Livonia 4,Livonia Town Supervisor,,Over Votes,,0
Livingston,Livonia 4,Livonia Town Supervisor,,Under Votes,,82
Livingston,Livonia 5,Livonia Town Supervisor,,Eric R. Gott,REP,255
Livingston,Livonia 5,Livonia Town Supervisor,,Write-in,,3
Livingston,Livonia 5,Livonia Town Supervisor,,Over Votes,,0
Livingston,Livonia 5,Livonia Town Supervisor,,Under Votes,,81
Livingston,Livonia 1,Livonia Town Clerk,,Hayley Woodruff,REP,282
Livingston,Livonia 1,Livonia Town Clerk,,Write-in,,0
Livingston,Livonia 1,Livonia Town Clerk,,Over Votes,,0
Livingston,Livonia 1,Livonia Town Clerk,,Under Votes,,69
Livingston,Livonia 2,Livonia Town Clerk,,Hayley Woodruff,REP,256
Livingston,Livonia 2,Livonia Town Clerk,,Write-in,,1
Livingston,Livonia 2,Livonia Town Clerk,,Over Votes,,0
Livingston,Livonia 2,Livonia Town Clerk,,Under Votes,,80
Livingston,Livonia 3,Livonia Town Clerk,,Hayley Woodruff,REP,233
Livingston,Livonia 3,Livonia Town Clerk,,Write-in,,2
Livingston,Livonia 3,Livonia Town Clerk,,Over Votes,,0
Livingston,Livonia 3,Livonia Town Clerk,,Under Votes,,73
Livingston,Livonia 4,Livonia Town Clerk,,Hayley Woodruff,REP,229
Livingston,Livonia 4,Livonia Town Clerk,,Write-in,,5
Livingston,Livonia 4,Livonia Town Clerk,,Over Votes,,0
Livingston,Livonia 4,Livonia Town Clerk,,Under Votes,,76
Livingston,Livonia 5,Livonia Town Clerk,,Hayley Woodruff,REP,262
Livingston,Livonia 5,Livonia Town Clerk,,Write-in,,2
Livingston,Livonia 5,Livonia Town Clerk,,Over Votes,,0
Livingston,Livonia 5,Livonia Town Clerk,,Under Votes,,75
Livingston,Livonia 1,Livonia Town Councilmember,,Jeanette Bourcy,DEM,112
Livingston,Livonia 1,Livonia Town Councilmember,,Michael P. Dougherty,REP,262
Livingston,Livonia 1,Livonia Town Councilmember,,Jake Stevens,REP,218
Livingston,Livonia 1,Livonia Town Councilmember,,Write-in,,0
Livingston,Livonia 1,Livonia Town Councilmember,,Over Votes,,2
Livingston,Livonia 1,Livonia Town Councilmember,,Under Votes,,108
Livingston,Livonia 2,Livonia Town Councilmember,,Jeanette Bourcy,DEM,126
Livingston,Livonia 2,Livonia Town Councilmember,,Michael P. Dougherty,REP,254
Livingston,Livonia 2,Livonia Town Councilmember,,Jake Stevens,REP,197
Livingston,Livonia 2,Livonia Town Councilmember,,Write-in,,1
Livingston,Livonia 2,Livonia Town Councilmember,,Over Votes,,0
Livingston,Livonia 2,Livonia Town Councilmember,,Under Votes,,95
Livingston,Livonia 3,Livonia Town Councilmember,,Jeanette Bourcy,DEM,148
Livingston,Livonia 3,Livonia Town Councilmember,,Michael P. Dougherty,REP,209
Livingston,Livonia 3,Livonia Town Councilmember,,Jake Stevens,REP,151
Livingston,Livonia 3,Livonia Town Councilmember,,Write-in,,0
Livingston,Livonia 3,Livonia Town Councilmember,,Over Votes,,2
Livingston,Livonia 3,Livonia Town Councilmember,,Under Votes,,105
Livingston,Livonia 4,Livonia Town Councilmember,,Jeanette Bourcy,DEM,139
Livingston,Livonia 4,Livonia Town Councilmember,,Michael P. Dougherty,REP,206
Livingston,Livonia 4,Livonia Town Councilmember,,Jake Stevens,REP,178
Livingston,Livonia 4,Livonia Town Councilmember,,Write-in,,4
Livingston,Livonia 4,Livonia Town Councilmember,,Over Votes,,0
Livingston,Livonia 4,Livonia Town Councilmember,,Under Votes,,91
Livingston,Livonia 5,Livonia Town Councilmember,,Jeanette Bourcy,DEM,145
Livingston,Livonia 5,Livonia Town Councilmember,,Michael P. Dougherty,REP,243
Livingston,Livonia 5,Livonia Town Councilmember,,Jake Stevens,REP,178
Livingston,Livonia 5,Livonia Town Councilmember,,Write-in,,1
Livingston,Livonia 5,Livonia Town Councilmember,,Over Votes,,0
Livingston,Livonia 5,Livonia Town Councilmember,,Under Votes,,111
Livingston,Livonia 1,Livonia Town Highway Superintendent,,Paul J. Dwyer,REP,228
Livingston,Livonia 1,Livonia Town Highway Superintendent,,Paul J. Dwyer,DEM,101
Livingston,Livonia 1,Livonia Town Highway Superintendent,,Write-in,,0
Livingston,Livonia 1,Livonia Town Highway Superintendent,,Over Votes,,0
Livingston,Livonia 1,Livonia Town Highway Superintendent,,Under Votes,,22
Livingston,Livonia 2,Livonia Town Highway Superintendent,,Paul J. Dwyer,DEM,106
Livingston,Livonia 2,Livonia Town Highway Superintendent,,Paul J. Dwyer,REP,206
Livingston,Livonia 2,Livonia Town Highway Superintendent,,Write-in,,0
Livingston,Livonia 2,Livonia Town Highway Superintendent,,Over Votes,,0
Livingston,Livonia 2,Livonia Town Highway Superintendent,,Under Votes,,25
Livingston,Livonia 3,Livonia Town Highway Superintendent,,Paul J. Dwyer,DEM,129
Livingston,Livonia 3,Livonia Town Highway Superintendent,,Paul J. Dwyer,REP,155
Livingston,Livonia 3,Livonia Town Highway Superintendent,,Write-in,,0
Livingston,Livonia 3,Livonia Town Highway Superintendent,,Over Votes,,0
Livingston,Livonia 3,Livonia Town Highway Superintendent,,Under Votes,,24
Livingston,Livonia 4,Livonia Town Highway Superintendent,,Paul J. Dwyer,DEM,121
Livingston,Livonia 4,Livonia Town Highway Superintendent,,Paul J. Dwyer,REP,175
Livingston,Livonia 4,Livonia Town Highway Superintendent,,Write-in,,1
Livingston,Livonia 4,Livonia Town Highway Superintendent,,Over Votes,,0
Livingston,Livonia 4,Livonia Town Highway Superintendent,,Under Votes,,13
Livingston,Livonia 5,Livonia Town Highway Superintendent,,Paul J. Dwyer,REP,196
Livingston,Livonia 5,Livonia Town Highway Superintendent,,Paul J. Dwyer,DEM,125
Livingston,Livonia 5,Livonia Town Highway Superintendent,,Write-in,,0
Livingston,Livonia 5,Livonia Town Highway Superintendent,,Over Votes,,0
Livingston,Livonia 5,Livonia Town Highway Superintendent,,Under Votes,,18
Livingston,Livonia 1,Livonia Town Justice,,Gene E. Chichester,REP,287
Livingston,Livonia 1,Livonia Town Justice,,Write-in,,0
Livingston,Livonia 1,Livonia Town Justice,,Over Votes,,0
Livingston,Livonia 1,Livonia Town Justice,,Under Votes,,64
Livingston,Livonia 2,Livonia Town Justice,,Gene E. Chichester,REP,257
Livingston,Livonia 2,Livonia Town Justice,,Write-in,,1
Livingston,Livonia 2,Livonia Town Justice,,Over Votes,,0
Livingston,Livonia 2,Livonia Town Justice,,Under Votes,,79
Livingston,Livonia 3,Livonia Town Justice,,Gene E. Chichester,REP,231
Livingston,Livonia 3,Livonia Town Justice,,Write-in,,1
Livingston,Livonia 3,Livonia Town Justice,,Over Votes,,0
Livingston,Livonia 3,Livonia Town Justice,,Under Votes,,76
Livingston,Livonia 4,Livonia Town Justice,,Gene E. Chichester,REP,233
Livingston,Livonia 4,Livonia Town Justice,,Write-in,,6
Livingston,Livonia 4,Livonia Town Justice,,Over Votes,,0
Livingston,Livonia 4,Livonia Town Justice,,Under Votes,,71
Livingston,Livonia 5,Livonia Town Justice,,Gene E. Chichester,REP,254
Livingston,Livonia 5,Livonia Town Justice,,Write-in,,3
Livingston,Livonia 5,Livonia Town Justice,,Over Votes,,0
Livingston,Livonia 5,Livonia Town Justice,,Under Votes,,82
Livingston,Mt. Morris 1,Mt. Morris Town Supervisor,,Tom Yorks,DEM,103
Livingston,Mt. Morris 1,Mt. Morris Town Supervisor,,Tom Yorks,Mt. Morris Change,14
Livingston,Mt. Morris 1,Mt. Morris Town Supervisor,,David DiSalvo,REP,137
Livingston,Mt. Morris 1,Mt. Morris Town Supervisor,,David DiSalvo,Experience Matters,1
Livingston,Mt. Morris 1,Mt. Morris Town Supervisor,,Write-in,,0
Livingston,Mt. Morris 1,Mt. Morris Town Supervisor,,Over Votes,,0
Livingston,Mt. Morris 1,Mt. Morris Town Supervisor,,Under Votes,,3
Livingston,Mt. Morris 2,Mt. Morris Town Supervisor,,Tom Yorks,DEM,73
Livingston,Mt. Morris 2,Mt. Morris Town Supervisor,,Tom Yorks,Mt. Morris Change,8
Livingston,Mt. Morris 2,Mt. Morris Town Supervisor,,David DiSalvo,Experience Matters,2
Livingston,Mt. Morris 2,Mt. Morris Town Supervisor,,David DiSalvo,REP,94
Livingston,Mt. Morris 2,Mt. Morris Town Supervisor,,Write-in,,0
Livingston,Mt. Morris 2,Mt. Morris Town Supervisor,,Over Votes,,1
Livingston,Mt. Morris 2,Mt. Morris Town Supervisor,,Under Votes,,5
Livingston,Mt. Morris 3,Mt. Morris Town Supervisor,,Tom Yorks,DEM,120
Livingston,Mt. Morris 3,Mt. Morris Town Supervisor,,Tom Yorks,Mt. Morris Change,12
Livingston,Mt. Morris 3,Mt. Morris Town Supervisor,,David DiSalvo,REP,102
Livingston,Mt. Morris 3,Mt. Morris Town Supervisor,,David DiSalvo,Experience Matters,2
Livingston,Mt. Morris 3,Mt. Morris Town Supervisor,,Write-in,,0
Livingston,Mt. Morris 3,Mt. Morris Town Supervisor,,Over Votes,,0
Livingston,Mt. Morris 3,Mt. Morris Town Supervisor,,Under Votes,,6
Livingston,Mt. Morris 1,Mt. Morris Town Clerk,,Chelsey Woodworth,Experience Matters,0
Livingston,Mt. Morris 1,Mt. Morris Town Clerk,,Chelsey Woodworth,REP,134
Livingston,Mt. Morris 1,Mt. Morris Town Clerk,,Chelsey Woodworth,DEM,80
Livingston,Mt. Morris 1,Mt. Morris Town Clerk,,Write-in,,5
Livingston,Mt. Morris 1,Mt. Morris Town Clerk,,Over Votes,,0
Livingston,Mt. Morris 1,Mt. Morris Town Clerk,,Under Votes,,39
Livingston,Mt. Morris 2,Mt. Morris Town Clerk,,Chelsey Woodworth,REP,80
Livingston,Mt. Morris 2,Mt. Morris Town Clerk,,Chelsey Woodworth,Experience Matters,0
Livingston,Mt. Morris 2,Mt. Morris Town Clerk,,Chelsey Woodworth,DEM,70
Livingston,Mt. Morris 2,Mt. Morris Town Clerk,,Write-in,,5
Livingston,Mt. Morris 2,Mt. Morris Town Clerk,,Over Votes,,0
Livingston,Mt. Morris 2,Mt. Morris Town Clerk,,Under Votes,,28
Livingston,Mt. Morris 3,Mt. Morris Town Clerk,,Chelsey Woodworth,Experience Matters,0
Livingston,Mt. Morris 3,Mt. Morris Town Clerk,,Chelsey Woodworth,REP,133
Livingston,Mt. Morris 3,Mt. Morris Town Clerk,,Chelsey Woodworth,DEM,66
Livingston,Mt. Morris 3,Mt. Morris Town Clerk,,Write-in,,6
Livingston,Mt. Morris 3,Mt. Morris Town Clerk,,Over Votes,,0
Livingston,Mt. Morris 3,Mt. Morris Town Clerk,,Under Votes,,37
Livingston,Mt. Morris 1,Mt. Morris Town Councilmember,,Karl L. Schrier,DEM,121
Livingston,Mt. Morris 1,Mt. Morris Town Councilmember,,Don Huff,REP,113
Livingston,Mt. Morris 1,Mt. Morris Town Councilmember,,Don Huff,Experience Matters,0
Livingston,Mt. Morris 1,Mt. Morris Town Councilmember,,Don Huff,DEM,80
Livingston,Mt. Morris 1,Mt. Morris Town Councilmember,,William Manthey,Experience Matters,1
Livingston,Mt. Morris 1,Mt. Morris Town Councilmember,,William Manthey,REP,128
Livingston,Mt. Morris 1,Mt. Morris Town Councilmember,,Write-in,,0
Livingston,Mt. Morris 1,Mt. Morris Town Councilmember,,Over Votes,,2
Livingston,Mt. Morris 1,Mt. Morris Town Councilmember,,Under Votes,,71
Livingston,Mt. Morris 2,Mt. Morris Town Councilmember,,Karl L. Schrier,DEM,90
Livingston,Mt. Morris 2,Mt. Morris Town Councilmember,,Don Huff,Experience Matters,0
Livingston,Mt. Morris 2,Mt. Morris Town Councilmember,,Don Huff,DEM,78
Livingston,Mt. Morris 2,Mt. Morris Town Councilmember,,Don Huff,REP,74
Livingston,Mt. Morris 2,Mt. Morris Town Councilmember,,William Manthey,REP,79
Livingston,Mt. Morris 2,Mt. Morris Town Councilmember,,William Manthey,Experience Matters,3
Livingston,Mt. Morris 2,Mt. Morris Town Councilmember,,Write-in,,0
Livingston,Mt. Morris 2,Mt. Morris Town Councilmember,,Over Votes,,0
Livingston,Mt. Morris 2,Mt. Morris Town Councilmember,,Under Votes,,42
Livingston,Mt. Morris 3,Mt. Morris Town Councilmember,,Karl L. Schrier,DEM,135
Livingston,Mt. Morris 3,Mt. Morris Town Councilmember,,Don Huff,REP,121
Livingston,Mt. Morris 3,Mt. Morris Town Councilmember,,Don Huff,DEM,61
Livingston,Mt. Morris 3,Mt. Morris Town Councilmember,,Don Huff,Experience Matters,0
Livingston,Mt. Morris 3,Mt. Morris Town Councilmember,,William Manthey,REP,109
Livingston,Mt. Morris 3,Mt. Morris Town Councilmember,,William Manthey,Experience Matters,2
Livingston,Mt. Morris 3,Mt. Morris Town Councilmember,,Write-in,,0
Livingston,Mt. Morris 3,Mt. Morris Town Councilmember,,Over Votes,,0
Livingston,Mt. Morris 3,Mt. Morris Town Councilmember,,Under Votes,,56
Livingston,Mt. Morris 1,Mt. Morris Town Justice,,Charlene Finnigan,REP,122
Livingston,Mt. Morris 1,Mt. Morris Town Justice,,Charlene Finnigan,DEM,89
Livingston,Mt. Morris 1,Mt. Morris Town Justice,,Charlene Finnigan,Experience Matters,0
Livingston,Mt. Morris 1,Mt. Morris Town Justice,,Bob Ossont,Experience Matters,0
Livingston,Mt. Morris 1,Mt. Morris Town Justice,,Bob Ossont,DEM,87
Livingston,Mt. Morris 1,Mt. Morris Town Justice,,Bob Ossont,REP,127
Livingston,Mt. Morris 1,Mt. Morris Town Justice,,Write-in,,1
Livingston,Mt. Morris 1,Mt. Morris Town Justice,,Over Votes,,0
Livingston,Mt. Morris 1,Mt. Morris Town Justice,,Under Votes,,89
Livingston,Mt. Morris 2,Mt. Morris Town Justice,,Charlene Finnigan,DEM,69
Livingston,Mt. Morris 2,Mt. Morris Town Justice,,Charlene Finnigan,Experience Matters,0
Livingston,Mt. Morris 2,Mt. Morris Town Justice,,Charlene Finnigan,REP,77
Livingston,Mt. Morris 2,Mt. Morris Town Justice,,Bob Ossont,DEM,64
Livingston,Mt. Morris 2,Mt. Morris Town Justice,,Bob Ossont,REP,73
Livingston,Mt. Morris 2,Mt. Morris Town Justice,,Bob Ossont,Experience Matters,0
Livingston,Mt. Morris 2,Mt. Morris Town Justice,,Write-in,,0
Livingston,Mt. Morris 2,Mt. Morris Town Justice,,Over Votes,,0
Livingston,Mt. Morris 2,Mt. Morris Town Justice,,Under Votes,,83
Livingston,Mt. Morris 3,Mt. Morris Town Justice,,Charlene Finnigan,REP,137
Livingston,Mt. Morris 3,Mt. Morris Town Justice,,Charlene Finnigan,DEM,68
Livingston,Mt. Morris 3,Mt. Morris Town Justice,,Charlene Finnigan,Experience Matters,0
Livingston,Mt. Morris 3,Mt. Morris Town Justice,,Bob Ossont,DEM,58
Livingston,Mt. Morris 3,Mt. Morris Town Justice,,Bob Ossont,REP,134
Livingston,Mt. Morris 3,Mt. Morris Town Justice,,Bob Ossont,Experience Matters,0
Livingston,Mt. Morris 3,Mt. Morris Town Justice,,Write-in,,0
Livingston,Mt. Morris 3,Mt. Morris Town Justice,,Over Votes,,0
Livingston,Mt. Morris 3,Mt. Morris Town Justice,,Under Votes,,87
Livingston,North Dansville 1,North Dansville Town Supervisor,,Gregory Paul Horr,REP,157
Livingston,North Dansville 1,North Dansville Town Supervisor,,Write-in,,1
Livingston,North Dansville 1,North Dansville Town Supervisor,,Over Votes,,0
Livingston,North Dansville 1,North Dansville Town Supervisor,,Under Votes,,41
Livingston,North Dansville 2,North Dansville Town Supervisor,,Gregory Paul Horr,REP,122
Livingston,North Dansville 2,North Dansville Town Supervisor,,Write-in,,1
Livingston,North Dansville 2,North Dansville Town Supervisor,,Over Votes,,0
Livingston,North Dansville 2,North Dansville Town Supervisor,,Under Votes,,45
Livingston,North Dansville 3,North Dansville Town Supervisor,,Gregory Paul Horr,REP,146
Livingston,North Dansville 3,North Dansville Town Supervisor,,Write-in,,2
Livingston,North Dansville 3,North Dansville Town Supervisor,,Over Votes,,0
Livingston,North Dansville 3,North Dansville Town Supervisor,,Under Votes,,34
Livingston,North Dansville 4,North Dansville Town Supervisor,,Gregory Paul Horr,REP,82
Livingston,North Dansville 4,North Dansville Town Supervisor,,Write-in,,0
Livingston,North Dansville 4,North Dansville Town Supervisor,,Over Votes,,0
Livingston,North Dansville 4,North Dansville Town Supervisor,,Under Votes,,13
Livingston,North Dansville 1,North Dansville Town Clerk,,Lori Tyler,REP,154
Livingston,North Dansville 1,North Dansville Town Clerk,,Write-in,,1
Livingston,North Dansville 1,North Dansville Town Clerk,,Over Votes,,0
Livingston,North Dansville 1,North Dansville Town Clerk,,Under Votes,,44
Livingston,North Dansville 2,North Dansville Town Clerk,,Lori Tyler,REP,115
Livingston,North Dansville 2,North Dansville Town Clerk,,Write-in,,2
Livingston,North Dansville 2,North Dansville Town Clerk,,Over Votes,,0
Livingston,North Dansville 2,North Dansville Town Clerk,,Under Votes,,51
Livingston,North Dansville 3,North Dansville Town Clerk,,Lori Tyler,REP,144
Livingston,North Dansville 3,North Dansville Town Clerk,,Write-in,,3
Livingston,North Dansville 3,North Dansville Town Clerk,,Over Votes,,0
Livingston,North Dansville 3,North Dansville Town Clerk,,Under Votes,,35
Livingston,North Dansville 4,North Dansville Town Clerk,,Lori Tyler,REP,80
Livingston,North Dansville 4,North Dansville Town Clerk,,Write-in,,0
Livingston,North Dansville 4,North Dansville Town Clerk,,Over Votes,,0
Livingston,North Dansville 4,North Dansville Town Clerk,,Under Votes,,15
Livingston,North Dansville 1,North Dansville Town Councilmember,,Peter J. Bacon,REP,148
Livingston,North Dansville 1,North Dansville Town Councilmember,,Louis J. Colella,REP,124
Livingston,North Dansville 1,North Dansville Town Councilmember,,Write-in,,2
Livingston,North Dansville 1,North Dansville Town Councilmember,,Over Votes,,0
Livingston,North Dansville 1,North Dansville Town Councilmember,,Under Votes,,123
Livingston,North Dansville 2,North Dansville Town Councilmember,,Peter J. Bacon,REP,114
Livingston,North Dansville 2,North Dansville Town Councilmember,,Louis J. Colella,REP,87
Livingston,North Dansville 2,North Dansville Town Councilmember,,Write-in,,4
Livingston,North Dansville 2,North Dansville Town Councilmember,,Over Votes,,0
Livingston,North Dansville 2,North Dansville Town Councilmember,,Under Votes,,129
Livingston,North Dansville 3,North Dansville Town Councilmember,,Peter J. Bacon,REP,143
Livingston,North Dansville 3,North Dansville Town Councilmember,,Louis J. Colella,REP,124
Livingston,North Dansville 3,North Dansville Town Councilmember,,Write-in,,1
Livingston,North Dansville 3,North Dansville Town Councilmember,,Over Votes,,0
Livingston,North Dansville 3,North Dansville Town Councilmember,,Under Votes,,94
Livingston,North Dansville 4,North Dansville Town Councilmember,,Peter J. Bacon,REP,77
Livingston,North Dansville 4,North Dansville Town Councilmember,,Louis J. Colella,REP,66
Livingston,North Dansville 4,North Dansville Town Councilmember,,Write-in,,0
Livingston,North Dansville 4,North Dansville Town Councilmember,,Over Votes,,0
Livingston,North Dansville 4,North Dansville Town Councilmember,,Under Votes,,47
Livingston,Nunda 1,Nunda Town Supervisor,,Merilee Walker,REP,368
Livingston,Nunda 1,Nunda Town Supervisor,,Write-in,,3
Livingston,Nunda 1,Nunda Town Supervisor,,Over Votes,,0
Livingston,Nunda 1,Nunda Town Supervisor,,Under Votes,,62
Livingston,Nunda 2,Nunda Town Supervisor,,Merilee Walker,REP,143
Livingston,Nunda 2,Nunda Town Supervisor,,Write-in,,2
Livingston,Nunda 2,Nunda Town Supervisor,,Over Votes,,0
Livingston,Nunda 2,Nunda Town Supervisor,,Under Votes,,33
Livingston,Nunda 1,Nunda Town Clerk,,Tamara McCallum,REP,371
Livingston,Nunda 1,Nunda Town Clerk,,Write-in,,1
Livingston,Nunda 1,Nunda Town Clerk,,Over Votes,,0
Livingston,Nunda 1,Nunda Town Clerk,,Under Votes,,61
Livingston,Nunda 2,Nunda Town Clerk,,Tamara McCallum,REP,138
Livingston,Nunda 2,Nunda Town Clerk,,Write-in,,2
Livingston,Nunda 2,Nunda Town Clerk,,Over Votes,,0
Livingston,Nunda 2,Nunda Town Clerk,,Under Votes,,38
Livingston,Nunda 1,Nunda Town Councilmember,,Jim Forrester,REP,326
Livingston,Nunda 1,Nunda Town Councilmember,,Steve Kibler,REP,344
Livingston,Nunda 1,Nunda Town Councilmember,,Write-in,,1
Livingston,Nunda 1,Nunda Town Councilmember,,Over Votes,,0
Livingston,Nunda 1,Nunda Town Councilmember,,Under Votes,,195
Livingston,Nunda 2,Nunda Town Councilmember,,Jim Forrester,REP,127
Livingston,Nunda 2,Nunda Town Councilmember,,Steve Kibler,REP,139
Livingston,Nunda 2,Nunda Town Councilmember,,Write-in,,2
Livingston,Nunda 2,Nunda Town Councilmember,,Over Votes,,2
Livingston,Nunda 2,Nunda Town Councilmember,,Under Votes,,84
Livingston,Nunda 1,Nunda Town Highway Superintendent,,John L. Bennett,REP,212
Livingston,Nunda 1,Nunda Town Highway Superintendent,,Brett Murray,Murray for Highway,62
Livingston,Nunda 1,Nunda Town Highway Superintendent,,Tim Cassidy,,101
Livingston,Nunda 1,Nunda Town Highway Superintendent,,Erik Moran,,32
Livingston,Nunda 1,Nunda Town Highway Superintendent,,Melissa Day,,1
Livingston,Nunda 1,Nunda Town Highway Superintendent,,Rick Moran,,1
Livingston,Nunda 1,Nunda Town Highway Superintendent,,Invalid Write-In,,2
Livingston,Nunda 1,Nunda Town Highway Superintendent,,Over Votes,,0
Livingston,Nunda 1,Nunda Town Highway Superintendent,,Under Votes,,22
Livingston,Nunda 2,Nunda Town Highway Superintendent,,John L. Bennett,REP,89
Livingston,Nunda 2,Nunda Town Highway Superintendent,,Brett Murray,Murray for Highway,19
Livingston,Nunda 2,Nunda Town Highway Superintendent,,Tim Cassidy,,42
Livingston,Nunda 2,Nunda Town Highway Superintendent,,Erik Moran,,17
Livingston,Nunda 2,Nunda Town Highway Superintendent,,Melissa Day,,0
Livingston,Nunda 2,Nunda Town Highway Superintendent,,Rick Moran,,0
Livingston,Nunda 2,Nunda Town Highway Superintendent,,Invalid Write-In,,1
Livingston,Nunda 2,Nunda Town Highway Superintendent,,Over Votes,,0
Livingston,Nunda 2,Nunda Town Highway Superintendent,,Under Votes,,10
Livingston,Ossian 1,Ossian Town Supervisor,,Dwight Knapp,REP,119
Livingston,Ossian 1,Ossian Town Supervisor,,Write-in,,1
Livingston,Ossian 1,Ossian Town Supervisor,,Over Votes,,0
Livingston,Ossian 1,Ossian Town Supervisor,,Under Votes,,22
Livingston,Ossian 1,Ossian Town Clerk,,John VanHeusen,REP,120
Livingston,Ossian 1,Ossian Town Clerk,,Write-in,,1
Livingston,Ossian 1,Ossian Town Clerk,,Over Votes,,0
Livingston,Ossian 1,Ossian Town Clerk,,Under Votes,,21
Livingston,Ossian 1,Ossian Town Councilmember,,Louis Patane,REP,99
Livingston,Ossian 1,Ossian Town Councilmember,,Robert D. Carter,REP,115
Livingston,Ossian 1,Ossian Town Councilmember,,Write-in,,1
Livingston,Ossian 1,Ossian Town Councilmember,,Over Votes,,0
Livingston,Ossian 1,Ossian Town Councilmember,,Under Votes,,67
Livingston,Ossian 1,Ossian Town Highway Superintendent,,Keith Young,REP,116
Livingston,Ossian 1,Ossian Town Highway Superintendent,,Write-in,,2
Livingston,Ossian 1,Ossian Town Highway Superintendent,,Over Votes,,0
Livingston,Ossian 1,Ossian Town Highway Superintendent,,Under Votes,,24
Livingston,Ossian 1,Ossian Town Justice,,Michael E.  McIlwaine,REP,105
Livingston,Ossian 1,Ossian Town Justice,,Write-in,,1
Livingston,Ossian 1,Ossian Town Justice,,Over Votes,,0
Livingston,Ossian 1,Ossian Town Justice,,Under Votes,,36
Livingston,Portage 1,Portage Town Supervisor,,Ivan Davis,REP,95
Livingston,Portage 1,Portage Town Supervisor,,Write-in,,1
Livingston,Portage 1,Portage Town Supervisor,,Over Votes,,0
Livingston,Portage 1,Portage Town Supervisor,,Under Votes,,22
Livingston,Portage 1,Portage Town Councilmember,,Robert D. Gelser,REP,111
Livingston,Portage 1,Portage Town Councilmember,,Kenneth Forrester,,8
Livingston,Portage 1,Portage Town Councilmember,,Lauren Morris,,5
Livingston,Portage 1,Portage Town Councilmember,,Michael Perry,,2
Livingston,Portage 1,Portage Town Councilmember,,Jayson Borden,,1
Livingston,Portage 1,Portage Town Councilmember,,John Thompson,,1
Livingston,Portage 1,Portage Town Councilmember,,Lorraine Rocker,,1
Livingston,Portage 1,Portage Town Councilmember,,Michael Vasile,,1
Livingston,Portage 1,Portage Town Councilmember,,Over Votes,,0
Livingston,Portage 1,Portage Town Councilmember,,Under Votes,,106
Livingston,Portage 1,Portage Town Justice,,Richard Sinsabaugh,REP,107
Livingston,Portage 1,Portage Town Justice,,Write-in,,0
Livingston,Portage 1,Portage Town Justice,,Over Votes,,0
Livingston,Portage 1,Portage Town Justice,,Under Votes,,11
Livingston,Sparta 1,Sparta Town Supervisor,,Mark J. Schuster,REP,173
Livingston,Sparta 1,Sparta Town Supervisor,,Write-in,,1
Livingston,Sparta 1,Sparta Town Supervisor,,Over Votes,,0
Livingston,Sparta 1,Sparta Town Supervisor,,Under Votes,,54
Livingston,Sparta 1,Sparta Town Clerk,,Sheila Lyn Duffy,REP,187
Livingston,Sparta 1,Sparta Town Clerk,,Write-in,,1
Livingston,Sparta 1,Sparta Town Clerk,,Over Votes,,0
Livingston,Sparta 1,Sparta Town Clerk,,Under Votes,,40
Livingston,Sparta 1,Sparta Town Councilmember,,Debra J. Halpenny,REP,174
Livingston,Sparta 1,Sparta Town Councilmember,,William Smith,REP,163
Livingston,Sparta 1,Sparta Town Councilmember,,Write-in,,1
Livingston,Sparta 1,Sparta Town Councilmember,,Over Votes,,0
Livingston,Sparta 1,Sparta Town Councilmember,,Under Votes,,117
Livingston,Sparta 1,Sparta Town Highway Superintendent,,Kevin Robinson,REP,178
Livingston,Sparta 1,Sparta Town Highway Superintendent,,Write-in,,2
Livingston,Sparta 1,Sparta Town Highway Superintendent,,Over Votes,,0
Livingston,Sparta 1,Sparta Town Highway Superintendent,,Under Votes,,48
Livingston,Springwater 1,Springwater Town Councilmember,,Clark Gricius,DEM,119
Livingston,Springwater 1,Springwater Town Councilmember,,Jessica Nielsen,DEM,146
Livingston,Springwater 1,Springwater Town Councilmember,,Timothy Haywood,REP,286
Livingston,Springwater 1,Springwater Town Councilmember,,Larry Gnau,REP,269
Livingston,Springwater 1,Springwater Town Councilmember,,Write-in,,10
Livingston,Springwater 1,Springwater Town Councilmember,,Over Votes,,0
Livingston,Springwater 1,Springwater Town Councilmember,,Under Votes,,29
Livingston,West Sparta 1,West Sparta Town Councilmember,,Marjorie Cansdale,REP,146
Livingston,West Sparta 1,West Sparta Town Councilmember,,Dan Rittenhouse,REP,141
Livingston,West Sparta 1,West Sparta Town Councilmember,,Write-in,,0
Livingston,West Sparta 1,West Sparta Town Councilmember,,Over Votes,,0
Livingston,West Sparta 1,West Sparta Town Councilmember,,Under Votes,,75
Livingston,West Sparta 1,West Sparta Town Justice,,T. Sue Mahany,REP,146
Livingston,West Sparta 1,West Sparta Town Justice,,Write-in,,0
Livingston,West Sparta 1,West Sparta Town Justice,,Over Votes,,0
Livingston,West Sparta 1,West Sparta Town Justice,,Under Votes,,37
Livingston,York 1,York Town Councilmember,,John W. Morgan,REP,151
Livingston,York 1,York Town Councilmember,,Jason Swede,REP,154
Livingston,York 1,York Town Councilmember,,Write-in,,6
Livingston,York 1,York Town Councilmember,,Over Votes,,0
Livingston,York 1,York Town Councilmember,,Under Votes,,106
Livingston,York 2,York Town Councilmember,,John W. Morgan,REP,188
Livingston,York 2,York Town Councilmember,,Jason Swede,REP,182
Livingston,York 2,York Town Councilmember,,Write-in,,4
Livingston,York 2,York Town Councilmember,,Over Votes,,0
Livingston,York 2,York Town Councilmember,,Under Votes,,134
Livingston,York 1,York Town Justice,,Daniel R. Koch,REP,164
Livingston,York 1,York Town Justice,,Thomas A. Porter,REP,156
Livingston,York 1,York Town Justice,,Write-in,,2
Livingston,York 1,York Town Justice,,Over Votes,,0
Livingston,York 1,York Town Justice,,Under Votes,,104
Livingston,York 2,York Town Justice,,Daniel R. Koch,REP,187
Livingston,York 2,York Town Justice,,Thomas A. Porter,REP,192
Livingston,York 2,York Town Justice,,Write-in,,1
Livingston,York 2,York Town Justice,,Over Votes,,0
Livingston,York 2,York Town Justice,,Under Votes,,134
Livingston,Avon 1,NY State Supreme Court Justice,,David Siguenza,DEM,142
Livingston,Avon 1,NY State Supreme Court Justice,,David Siguenza,Judicial Integrity,6
Livingston,Avon 1,NY State Supreme Court Justice,,Darius Lind,DEM,123
Livingston,Avon 1,NY State Supreme Court Justice,,Darius Lind,Judicial Integrity,5
Livingston,Avon 1,NY State Supreme Court Justice,,Joe Dinolfo,CON,32
Livingston,Avon 1,NY State Supreme Court Justice,,Joe Dinolfo,REP,222
Livingston,Avon 1,NY State Supreme Court Justice,,Kristina Kitty Karle,CON,31
Livingston,Avon 1,NY State Supreme Court Justice,,Kristina Kitty Karle,REP,210
Livingston,Avon 1,NY State Supreme Court Justice,,Write-in,,0
Livingston,Avon 1,NY State Supreme Court Justice,,Over Votes,,4
Livingston,Avon 1,NY State Supreme Court Justice,,Under Votes,,87
Livingston,Avon 2,NY State Supreme Court Justice,,David Siguenza,Judicial Integrity,10
Livingston,Avon 2,NY State Supreme Court Justice,,David Siguenza,DEM,208
Livingston,Avon 2,NY State Supreme Court Justice,,Darius Lind,DEM,184
Livingston,Avon 2,NY State Supreme Court Justice,,Darius Lind,Judicial Integrity,7
Livingston,Avon 2,NY State Supreme Court Justice,,Joe Dinolfo,REP,258
Livingston,Avon 2,NY State Supreme Court Justice,,Joe Dinolfo,CON,31
Livingston,Avon 2,NY State Supreme Court Justice,,Kristina Kitty Karle,REP,237
Livingston,Avon 2,NY State Supreme Court Justice,,Kristina Kitty Karle,CON,33
Livingston,Avon 2,NY State Supreme Court Justice,,Write-in,,0
Livingston,Avon 2,NY State Supreme Court Justice,,Over Votes,,4
Livingston,Avon 2,NY State Supreme Court Justice,,Under Votes,,122
Livingston,Avon 3,NY State Supreme Court Justice,,David Siguenza,Judicial Integrity,9
Livingston,Avon 3,NY State Supreme Court Justice,,David Siguenza,DEM,263
Livingston,Avon 3,NY State Supreme Court Justice,,Darius Lind,Judicial Integrity,10
Livingston,Avon 3,NY State Supreme Court Justice,,Darius Lind,DEM,236
Livingston,Avon 3,NY State Supreme Court Justice,,Joe Dinolfo,REP,258
Livingston,Avon 3,NY State Supreme Court Justice,,Joe Dinolfo,CON,35
Livingston,Avon 3,NY State Supreme Court Justice,,Kristina Kitty Karle,CON,33
Livingston,Avon 3,NY State Supreme Court Justice,,Kristina Kitty Karle,REP,246
Livingston,Avon 3,NY State Supreme Court Justice,,Write-in,,0
Livingston,Avon 3,NY State Supreme Court Justice,,Over Votes,,4
Livingston,Avon 3,NY State Supreme Court Justice,,Under Votes,,124
Livingston,Avon 4,NY State Supreme Court Justice,,David Siguenza,Judicial Integrity,10
Livingston,Avon 4,NY State Supreme Court Justice,,David Siguenza,DEM,213
Livingston,Avon 4,NY State Supreme Court Justice,,Darius Lind,Judicial Integrity,7
Livingston,Avon 4,NY State Supreme Court Justice,,Darius Lind,DEM,197
Livingston,Avon 4,NY State Supreme Court Justice,,Joe Dinolfo,CON,24
Livingston,Avon 4,NY State Supreme Court Justice,,Joe Dinolfo,REP,237
Livingston,Avon 4,NY State Supreme Court Justice,,Kristina Kitty Karle,CON,24
Livingston,Avon 4,NY State Supreme Court Justice,,Kristina Kitty Karle,REP,219
Livingston,Avon 4,NY State Supreme Court Justice,,Write-in,,0
Livingston,Avon 4,NY State Supreme Court Justice,,Over Votes,,0
Livingston,Avon 4,NY State Supreme Court Justice,,Under Votes,,129
Livingston,Caledonia 1,NY State Supreme Court Justice,,David Siguenza,Judicial Integrity,4
Livingston,Caledonia 1,NY State Supreme Court Justice,,David Siguenza,DEM,44
Livingston,Caledonia 1,NY State Supreme Court Justice,,Darius Lind,DEM,46
Livingston,Caledonia 1,NY State Supreme Court Justice,,Darius Lind,Judicial Integrity,4
Livingston,Caledonia 1,NY State Supreme Court Justice,,Joe Dinolfo,CON,19
Livingston,Caledonia 1,NY State Supreme Court Justice,,Joe Dinolfo,REP,96
Livingston,Caledonia 1,NY State Supreme Court Justice,,Kristina Kitty Karle,CON,18
Livingston,Caledonia 1,NY State Supreme Court Justice,,Kristina Kitty Karle,REP,95
Livingston,Caledonia 1,NY State Supreme Court Justice,,Write-in,,0
Livingston,Caledonia 1,NY State Supreme Court Justice,,Over Votes,,2
Livingston,Caledonia 1,NY State Supreme Court Justice,,Under Votes,,26
Livingston,Caledonia 2,NY State Supreme Court Justice,,David Siguenza,DEM,55
Livingston,Caledonia 2,NY State Supreme Court Justice,,David Siguenza,Judicial Integrity,3
Livingston,Caledonia 2,NY State Supreme Court Justice,,Darius Lind,Judicial Integrity,1
Livingston,Caledonia 2,NY State Supreme Court Justice,,Darius Lind,DEM,51
Livingston,Caledonia 2,NY State Supreme Court Justice,,Joe Dinolfo,REP,95
Livingston,Caledonia 2,NY State Supreme Court Justice,,Joe Dinolfo,CON,10
Livingston,Caledonia 2,NY State Supreme Court Justice,,Kristina Kitty Karle,REP,91
Livingston,Caledonia 2,NY State Supreme Court Justice,,Kristina Kitty Karle,CON,9
Livingston,Caledonia 2,NY State Supreme Court Justice,,Write-in,,0
Livingston,Caledonia 2,NY State Supreme Court Justice,,Over Votes,,2
Livingston,Caledonia 2,NY State Supreme Court Justice,,Under Votes,,29
Livingston,Caledonia 3,NY State Supreme Court Justice,,David Siguenza,DEM,72
Livingston,Caledonia 3,NY State Supreme Court Justice,,David Siguenza,Judicial Integrity,5
Livingston,Caledonia 3,NY State Supreme Court Justice,,Darius Lind,Judicial Integrity,4
Livingston,Caledonia 3,NY State Supreme Court Justice,,Darius Lind,DEM,70
Livingston,Caledonia 3,NY State Supreme Court Justice,,Joe Dinolfo,REP,112
Livingston,Caledonia 3,NY State Supreme Court Justice,,Joe Dinolfo,CON,16
Livingston,Caledonia 3,NY State Supreme Court Justice,,Kristina Kitty Karle,REP,109
Livingston,Caledonia 3,NY State Supreme Court Justice,,Kristina Kitty Karle,CON,15
Livingston,Caledonia 3,NY State Supreme Court Justice,,Write-in,,0
Livingston,Caledonia 3,NY State Supreme Court Justice,,Over Votes,,0
Livingston,Caledonia 3,NY State Supreme Court Justice,,Under Votes,,25
Livingston,Conesus 1,NY State Supreme Court Justice,,David Siguenza,DEM,41
Livingston,Conesus 1,NY State Supreme Court Justice,,David Siguenza,Judicial Integrity,7
Livingston,Conesus 1,NY State Supreme Court Justice,,Darius Lind,DEM,46
Livingston,Conesus 1,NY State Supreme Court Justice,,Darius Lind,Judicial Integrity,8
Livingston,Conesus 1,NY State Supreme Court Justice,,Joe Dinolfo,CON,20
Livingston,Conesus 1,NY State Supreme Court Justice,,Joe Dinolfo,REP,101
Livingston,Conesus 1,NY State Supreme Court Justice,,Kristina Kitty Karle,REP,101
Livingston,Conesus 1,NY State Supreme Court Justice,,Kristina Kitty Karle,CON,22
Livingston,Conesus 1,NY State Supreme Court Justice,,Write-in,,0
Livingston,Conesus 1,NY State Supreme Court Justice,,Over Votes,,4
Livingston,Conesus 1,NY State Supreme Court Justice,,Under Votes,,18
Livingston,Conesus 2,NY State Supreme Court Justice,,David Siguenza,DEM,78
Livingston,Conesus 2,NY State Supreme Court Justice,,David Siguenza,Judicial Integrity,4
Livingston,Conesus 2,NY State Supreme Court Justice,,Darius Lind,DEM,68
Livingston,Conesus 2,NY State Supreme Court Justice,,Darius Lind,Judicial Integrity,4
Livingston,Conesus 2,NY State Supreme Court Justice,,Joe Dinolfo,REP,122
Livingston,Conesus 2,NY State Supreme Court Justice,,Joe Dinolfo,CON,15
Livingston,Conesus 2,NY State Supreme Court Justice,,Kristina Kitty Karle,CON,18
Livingston,Conesus 2,NY State Supreme Court Justice,,Kristina Kitty Karle,REP,121
Livingston,Conesus 2,NY State Supreme Court Justice,,Write-in,,0
Livingston,Conesus 2,NY State Supreme Court Justice,,Over Votes,,0
Livingston,Conesus 2,NY State Supreme Court Justice,,Under Votes,,16
Livingston,Geneseo 1,NY State Supreme Court Justice,,David Siguenza,Judicial Integrity,16
Livingston,Geneseo 1,NY State Supreme Court Justice,,David Siguenza,DEM,264
Livingston,Geneseo 1,NY State Supreme Court Justice,,Darius Lind,DEM,249
Livingston,Geneseo 1,NY State Supreme Court Justice,,Darius Lind,Judicial Integrity,18
Livingston,Geneseo 1,NY State Supreme Court Justice,,Joe Dinolfo,REP,173
Livingston,Geneseo 1,NY State Supreme Court Justice,,Joe Dinolfo,CON,10
Livingston,Geneseo 1,NY State Supreme Court Justice,,Kristina Kitty Karle,REP,156
Livingston,Geneseo 1,NY State Supreme Court Justice,,Kristina Kitty Karle,CON,11
Livingston,Geneseo 1,NY State Supreme Court Justice,,Write-in,,0
Livingston,Geneseo 1,NY State Supreme Court Justice,,Over Votes,,4
Livingston,Geneseo 1,NY State Supreme Court Justice,,Under Votes,,51
Livingston,Geneseo 2,NY State Supreme Court Justice,,David Siguenza,Judicial Integrity,10
Livingston,Geneseo 2,NY State Supreme Court Justice,,David Siguenza,DEM,176
Livingston,Geneseo 2,NY State Supreme Court Justice,,Darius Lind,DEM,158
Livingston,Geneseo 2,NY State Supreme Court Justice,,Darius Lind,Judicial Integrity,9
Livingston,Geneseo 2,NY State Supreme Court Justice,,Joe Dinolfo,CON,8
Livingston,Geneseo 2,NY State Supreme Court Justice,,Joe Dinolfo,REP,111
Livingston,Geneseo 2,NY State Supreme Court Justice,,Kristina Kitty Karle,CON,12
Livingston,Geneseo 2,NY State Supreme Court Justice,,Kristina Kitty Karle,REP,92
Livingston,Geneseo 2,NY State Supreme Court Justice,,Write-in,,2
Livingston,Geneseo 2,NY State Supreme Court Justice,,Over Votes,,0
Livingston,Geneseo 2,NY State Supreme Court Justice,,Under Votes,,77
Livingston,Geneseo 3,NY State Supreme Court Justice,,David Siguenza,DEM,154
Livingston,Geneseo 3,NY State Supreme Court Justice,,David Siguenza,Judicial Integrity,8
Livingston,Geneseo 3,NY State Supreme Court Justice,,Darius Lind,DEM,151
Livingston,Geneseo 3,NY State Supreme Court Justice,,Darius Lind,Judicial Integrity,7
Livingston,Geneseo 3,NY State Supreme Court Justice,,Joe Dinolfo,CON,20
Livingston,Geneseo 3,NY State Supreme Court Justice,,Joe Dinolfo,REP,178
Livingston,Geneseo 3,NY State Supreme Court Justice,,Kristina Kitty Karle,CON,23
Livingston,Geneseo 3,NY State Supreme Court Justice,,Kristina Kitty Karle,REP,159
Livingston,Geneseo 3,NY State Supreme Court Justice,,Write-in,,1
Livingston,Geneseo 3,NY State Supreme Court Justice,,Over Votes,,2
Livingston,Geneseo 3,NY State Supreme Court Justice,,Under Votes,,42
Livingston,Geneseo 4,NY State Supreme Court Justice,,David Siguenza,DEM,149
Livingston,Geneseo 4,NY State Supreme Court Justice,,David Siguenza,Judicial Integrity,4
Livingston,Geneseo 4,NY State Supreme Court Justice,,Darius Lind,DEM,137
Livingston,Geneseo 4,NY State Supreme Court Justice,,Darius Lind,Judicial Integrity,0
Livingston,Geneseo 4,NY State Supreme Court Justice,,Joe Dinolfo,CON,13
Livingston,Geneseo 4,NY State Supreme Court Justice,,Joe Dinolfo,REP,168
Livingston,Geneseo 4,NY State Supreme Court Justice,,Kristina Kitty Karle,REP,159
Livingston,Geneseo 4,NY State Supreme Court Justice,,Kristina Kitty Karle,CON,15
Livingston,Geneseo 4,NY State Supreme Court Justice,,Write-in,,0
Livingston,Geneseo 4,NY State Supreme Court Justice,,Over Votes,,0
Livingston,Geneseo 4,NY State Supreme Court Justice,,Under Votes,,41
Livingston,Geneseo 5,NY State Supreme Court Justice,,David Siguenza,DEM,10
Livingston,Geneseo 5,NY State Supreme Court Justice,,David Siguenza,Judicial Integrity,0
Livingston,Geneseo 5,NY State Supreme Court Justice,,Darius Lind,DEM,9
Livingston,Geneseo 5,NY State Supreme Court Justice,,Darius Lind,Judicial Integrity,0
Livingston,Geneseo 5,NY State Supreme Court Justice,,Joe Dinolfo,REP,1
Livingston,Geneseo 5,NY State Supreme Court Justice,,Joe Dinolfo,CON,1
Livingston,Geneseo 5,NY State Supreme Court Justice,,Kristina Kitty Karle,CON,1
Livingston,Geneseo 5,NY State Supreme Court Justice,,Kristina Kitty Karle,REP,2
Livingston,Geneseo 5,NY State Supreme Court Justice,,Write-in,,0
Livingston,Geneseo 5,NY State Supreme Court Justice,,Over Votes,,0
Livingston,Geneseo 5,NY State Supreme Court Justice,,Under Votes,,2
Livingston,Groveland 1,NY State Supreme Court Justice,,David Siguenza,DEM,96
Livingston,Groveland 1,NY State Supreme Court Justice,,David Siguenza,Judicial Integrity,6
Livingston,Groveland 1,NY State Supreme Court Justice,,Darius Lind,DEM,85
Livingston,Groveland 1,NY State Supreme Court Justice,,Darius Lind,Judicial Integrity,4
Livingston,Groveland 1,NY State Supreme Court Justice,,Joe Dinolfo,CON,15
Livingston,Groveland 1,NY State Supreme Court Justice,,Joe Dinolfo,REP,146
Livingston,Groveland 1,NY State Supreme Court Justice,,Kristina Kitty Karle,CON,16
Livingston,Groveland 1,NY State Supreme Court Justice,,Kristina Kitty Karle,REP,142
Livingston,Groveland 1,NY State Supreme Court Justice,,Write-in,,0
Livingston,Groveland 1,NY State Supreme Court Justice,,Over Votes,,0
Livingston,Groveland 1,NY State Supreme Court Justice,,Under Votes,,28
Livingston,Groveland 2,NY State Supreme Court Justice,,David Siguenza,DEM,28
Livingston,Groveland 2,NY State Supreme Court Justice,,David Siguenza,Judicial Integrity,1
Livingston,Groveland 2,NY State Supreme Court Justice,,Darius Lind,Judicial Integrity,1
Livingston,Groveland 2,NY State Supreme Court Justice,,Darius Lind,DEM,27
Livingston,Groveland 2,NY State Supreme Court Justice,,Joe Dinolfo,REP,81
Livingston,Groveland 2,NY State Supreme Court Justice,,Joe Dinolfo,CON,10
Livingston,Groveland 2,NY State Supreme Court Justice,,Kristina Kitty Karle,CON,9
Livingston,Groveland 2,NY State Supreme Court Justice,,Kristina Kitty Karle,REP,76
Livingston,Groveland 2,NY State Supreme Court Justice,,Write-in,,0
Livingston,Groveland 2,NY State Supreme Court Justice,,Over Votes,,0
Livingston,Groveland 2,NY State Supreme Court Justice,,Under Votes,,9
Livingston,Leicester 1,NY State Supreme Court Justice,,David Siguenza,Judicial Integrity,8
Livingston,Leicester 1,NY State Supreme Court Justice,,David Siguenza,DEM,90
Livingston,Leicester 1,NY State Supreme Court Justice,,Darius Lind,DEM,84
Livingston,Leicester 1,NY State Supreme Court Justice,,Darius Lind,Judicial Integrity,5
Livingston,Leicester 1,NY State Supreme Court Justice,,Joe Dinolfo,REP,146
Livingston,Leicester 1,NY State Supreme Court Justice,,Joe Dinolfo,CON,17
Livingston,Leicester 1,NY State Supreme Court Justice,,Kristina Kitty Karle,CON,19
Livingston,Leicester 1,NY State Supreme Court Justice,,Kristina Kitty Karle,REP,144
Livingston,Leicester 1,NY State Supreme Court Justice,,Write-in,,0
Livingston,Leicester 1,NY State Supreme Court Justice,,Over Votes,,0
Livingston,Leicester 1,NY State Supreme Court Justice,,Under Votes,,30
Livingston,Lima 1,NY State Supreme Court Justice,,David Siguenza,DEM,229
Livingston,Lima 1,NY State Supreme Court Justice,,David Siguenza,Judicial Integrity,24
Livingston,Lima 1,NY State Supreme Court Justice,,Darius Lind,Judicial Integrity,23
Livingston,Lima 1,NY State Supreme Court Justice,,Darius Lind,DEM,217
Livingston,Lima 1,NY State Supreme Court Justice,,Joe Dinolfo,REP,327
Livingston,Lima 1,NY State Supreme Court Justice,,Joe Dinolfo,CON,73
Livingston,Lima 1,NY State Supreme Court Justice,,Kristina Kitty Karle,CON,76
Livingston,Lima 1,NY State Supreme Court Justice,,Kristina Kitty Karle,REP,319
Livingston,Lima 1,NY State Supreme Court Justice,,Write-in,,2
Livingston,Lima 1,NY State Supreme Court Justice,,Over Votes,,0
Livingston,Lima 1,NY State Supreme Court Justice,,Under Votes,,130
Livingston,Lima 2,NY State Supreme Court Justice,,David Siguenza,DEM,215
Livingston,Lima 2,NY State Supreme Court Justice,,David Siguenza,Judicial Integrity,13
Livingston,Lima 2,NY State Supreme Court Justice,,Darius Lind,DEM,197
Livingston,Lima 2,NY State Supreme Court Justice,,Darius Lind,Judicial Integrity,15
Livingston,Lima 2,NY State Supreme Court Justice,,Joe Dinolfo,CON,56
Livingston,Lima 2,NY State Supreme Court Justice,,Joe Dinolfo,REP,230
Livingston,Lima 2,NY State Supreme Court Justice,,Kristina Kitty Karle,REP,226
Livingston,Lima 2,NY State Supreme Court Justice,,Kristina Kitty Karle,CON,57
Livingston,Lima 2,NY State Supreme Court Justice,,Write-in,,0
Livingston,Lima 2,NY State Supreme Court Justice,,Over Votes,,0
Livingston,Lima 2,NY State Supreme Court Justice,,Under Votes,,155
Livingston,Livonia 1,NY State Supreme Court Justice,,David Siguenza,Judicial Integrity,2
Livingston,Livonia 1,NY State Supreme Court Justice,,David Siguenza,DEM,100
Livingston,Livonia 1,NY State Supreme Court Justice,,Darius Lind,DEM,85
Livingston,Livonia 1,NY State Supreme Court Justice,,Darius Lind,Judicial Integrity,0
Livingston,Livonia 1,NY State Supreme Court Justice,,Joe Dinolfo,REP,206
Livingston,Livonia 1,NY State Supreme Court Justice,,Joe Dinolfo,CON,18
Livingston,Livonia 1,NY State Supreme Court Justice,,Kristina Kitty Karle,CON,22
Livingston,Livonia 1,NY State Supreme Court Justice,,Kristina Kitty Karle,REP,209
Livingston,Livonia 1,NY State Supreme Court Justice,,Write-in,,0
Livingston,Livonia 1,NY State Supreme Court Justice,,Over Votes,,0
Livingston,Livonia 1,NY State Supreme Court Justice,,Under Votes,,60
Livingston,Livonia 2,NY State Supreme Court Justice,,David Siguenza,DEM,108
Livingston,Livonia 2,NY State Supreme Court Justice,,David Siguenza,Judicial Integrity,3
Livingston,Livonia 2,NY State Supreme Court Justice,,Darius Lind,DEM,99
Livingston,Livonia 2,NY State Supreme Court Justice,,Darius Lind,Judicial Integrity,4
Livingston,Livonia 2,NY State Supreme Court Justice,,Joe Dinolfo,CON,27
Livingston,Livonia 2,NY State Supreme Court Justice,,Joe Dinolfo,REP,192
Livingston,Livonia 2,NY State Supreme Court Justice,,Kristina Kitty Karle,REP,183
Livingston,Livonia 2,NY State Supreme Court Justice,,Kristina Kitty Karle,CON,25
Livingston,Livonia 2,NY State Supreme Court Justice,,Write-in,,0
Livingston,Livonia 2,NY State Supreme Court Justice,,Over Votes,,2
Livingston,Livonia 2,NY State Supreme Court Justice,,Under Votes,,31
Livingston,Livonia 3,NY State Supreme Court Justice,,David Siguenza,DEM,114
Livingston,Livonia 3,NY State Supreme Court Justice,,David Siguenza,Judicial Integrity,8
Livingston,Livonia 3,NY State Supreme Court Justice,,Darius Lind,DEM,106
Livingston,Livonia 3,NY State Supreme Court Justice,,Darius Lind,Judicial Integrity,6
Livingston,Livonia 3,NY State Supreme Court Justice,,Joe Dinolfo,CON,24
Livingston,Livonia 3,NY State Supreme Court Justice,,Joe Dinolfo,REP,144
Livingston,Livonia 3,NY State Supreme Court Justice,,Kristina Kitty Karle,CON,23
Livingston,Livonia 3,NY State Supreme Court Justice,,Kristina Kitty Karle,REP,127
Livingston,Livonia 3,NY State Supreme Court Justice,,Write-in,,0
Livingston,Livonia 3,NY State Supreme Court Justice,,Over Votes,,4
Livingston,Livonia 3,NY State Supreme Court Justice,,Under Votes,,60
Livingston,Livonia 4,NY State Supreme Court Justice,,David Siguenza,Judicial Integrity,5
Livingston,Livonia 4,NY State Supreme Court Justice,,David Siguenza,DEM,124
Livingston,Livonia 4,NY State Supreme Court Justice,,Darius Lind,Judicial Integrity,6
Livingston,Livonia 4,NY State Supreme Court Justice,,Darius Lind,DEM,118
Livingston,Livonia 4,NY State Supreme Court Justice,,Joe Dinolfo,REP,166
Livingston,Livonia 4,NY State Supreme Court Justice,,Joe Dinolfo,CON,11
Livingston,Livonia 4,NY State Supreme Court Justice,,Kristina Kitty Karle,CON,11
Livingston,Livonia 4,NY State Supreme Court Justice,,Kristina Kitty Karle,REP,153
Livingston,Livonia 4,NY State Supreme Court Justice,,Write-in,,0
Livingston,Livonia 4,NY State Supreme Court Justice,,Over Votes,,2
Livingston,Livonia 4,NY State Supreme Court Justice,,Under Votes,,24
Livingston,Livonia 5,NY State Supreme Court Justice,,David Siguenza,DEM,121
Livingston,Livonia 5,NY State Supreme Court Justice,,David Siguenza,Judicial Integrity,5
Livingston,Livonia 5,NY State Supreme Court Justice,,Darius Lind,DEM,117
Livingston,Livonia 5,NY State Supreme Court Justice,,Darius Lind,Judicial Integrity,3
Livingston,Livonia 5,NY State Supreme Court Justice,,Joe Dinolfo,CON,25
Livingston,Livonia 5,NY State Supreme Court Justice,,Joe Dinolfo,REP,177
Livingston,Livonia 5,NY State Supreme Court Justice,,Kristina Kitty Karle,REP,168
Livingston,Livonia 5,NY State Supreme Court Justice,,Kristina Kitty Karle,CON,26
Livingston,Livonia 5,NY State Supreme Court Justice,,Write-in,,0
Livingston,Livonia 5,NY State Supreme Court Justice,,Over Votes,,2
Livingston,Livonia 5,NY State Supreme Court Justice,,Under Votes,,34
Livingston,Mt. Morris 1,NY State Supreme Court Justice,,David Siguenza,DEM,85
Livingston,Mt. Morris 1,NY State Supreme Court Justice,,David Siguenza,Judicial Integrity,4
Livingston,Mt. Morris 1,NY State Supreme Court Justice,,Darius Lind,Judicial Integrity,1
Livingston,Mt. Morris 1,NY State Supreme Court Justice,,Darius Lind,DEM,78
Livingston,Mt. Morris 1,NY State Supreme Court Justice,,Joe Dinolfo,REP,133
Livingston,Mt. Morris 1,NY State Supreme Court Justice,,Joe Dinolfo,CON,7
Livingston,Mt. Morris 1,NY State Supreme Court Justice,,Kristina Kitty Karle,REP,121
Livingston,Mt. Morris 1,NY State Supreme Court Justice,,Kristina Kitty Karle,CON,10
Livingston,Mt. Morris 1,NY State Supreme Court Justice,,Write-in,,0
Livingston,Mt. Morris 1,NY State Supreme Court Justice,,Over Votes,,0
Livingston,Mt. Morris 1,NY State Supreme Court Justice,,Under Votes,,77
Livingston,Mt. Morris 2,NY State Supreme Court Justice,,David Siguenza,DEM,68
Livingston,Mt. Morris 2,NY State Supreme Court Justice,,David Siguenza,Judicial Integrity,4
Livingston,Mt. Morris 2,NY State Supreme Court Justice,,Darius Lind,DEM,58
Livingston,Mt. Morris 2,NY State Supreme Court Justice,,Darius Lind,Judicial Integrity,2
Livingston,Mt. Morris 2,NY State Supreme Court Justice,,Joe Dinolfo,CON,10
Livingston,Mt. Morris 2,NY State Supreme Court Justice,,Joe Dinolfo,REP,79
Livingston,Mt. Morris 2,NY State Supreme Court Justice,,Kristina Kitty Karle,REP,79
Livingston,Mt. Morris 2,NY State Supreme Court Justice,,Kristina Kitty Karle,CON,7
Livingston,Mt. Morris 2,NY State Supreme Court Justice,,Write-in,,0
Livingston,Mt. Morris 2,NY State Supreme Court Justice,,Over Votes,,0
Livingston,Mt. Morris 2,NY State Supreme Court Justice,,Under Votes,,59
Livingston,Mt. Morris 3,NY State Supreme Court Justice,,David Siguenza,DEM,56
Livingston,Mt. Morris 3,NY State Supreme Court Justice,,David Siguenza,Judicial Integrity,0
Livingston,Mt. Morris 3,NY State Supreme Court Justice,,Darius Lind,DEM,55
Livingston,Mt. Morris 3,NY State Supreme Court Justice,,Darius Lind,Judicial Integrity,0
Livingston,Mt. Morris 3,NY State Supreme Court Justice,,Joe Dinolfo,CON,13
Livingston,Mt. Morris 3,NY State Supreme Court Justice,,Joe Dinolfo,REP,150
Livingston,Mt. Morris 3,NY State Supreme Court Justice,,Kristina Kitty Karle,REP,135
Livingston,Mt. Morris 3,NY State Supreme Court Justice,,Kristina Kitty Karle,CON,14
Livingston,Mt. Morris 3,NY State Supreme Court Justice,,Write-in,,0
Livingston,Mt. Morris 3,NY State Supreme Court Justice,,Over Votes,,0
Livingston,Mt. Morris 3,NY State Supreme Court Justice,,Under Votes,,61
Livingston,North Dansville 1,NY State Supreme Court Justice,,David Siguenza,Judicial Integrity,4
Livingston,North Dansville 1,NY State Supreme Court Justice,,David Siguenza,DEM,68
Livingston,North Dansville 1,NY State Supreme Court Justice,,Darius Lind,DEM,62
Livingston,North Dansville 1,NY State Supreme Court Justice,,Darius Lind,Judicial Integrity,4
Livingston,North Dansville 1,NY State Supreme Court Justice,,Joe Dinolfo,REP,106
Livingston,North Dansville 1,NY State Supreme Court Justice,,Joe Dinolfo,CON,8
Livingston,North Dansville 1,NY State Supreme Court Justice,,Kristina Kitty Karle,REP,98
Livingston,North Dansville 1,NY State Supreme Court Justice,,Kristina Kitty Karle,CON,12
Livingston,North Dansville 1,NY State Supreme Court Justice,,Write-in,,0
Livingston,North Dansville 1,NY State Supreme Court Justice,,Over Votes,,4
Livingston,North Dansville 1,NY State Supreme Court Justice,,Under Votes,,32
Livingston,North Dansville 2,NY State Supreme Court Justice,,David Siguenza,Judicial Integrity,3
Livingston,North Dansville 2,NY State Supreme Court Justice,,David Siguenza,DEM,62
Livingston,North Dansville 2,NY State Supreme Court Justice,,Darius Lind,Judicial Integrity,0
Livingston,North Dansville 2,NY State Supreme Court Justice,,Darius Lind,DEM,60
Livingston,North Dansville 2,NY State Supreme Court Justice,,Joe Dinolfo,CON,12
Livingston,North Dansville 2,NY State Supreme Court Justice,,Joe Dinolfo,REP,82
Livingston,North Dansville 2,NY State Supreme Court Justice,,Kristina Kitty Karle,REP,73
Livingston,North Dansville 2,NY State Supreme Court Justice,,Kristina Kitty Karle,CON,13
Livingston,North Dansville 2,NY State Supreme Court Justice,,Write-in,,0
Livingston,North Dansville 2,NY State Supreme Court Justice,,Over Votes,,2
Livingston,North Dansville 2,NY State Supreme Court Justice,,Under Votes,,29
Livingston,North Dansville 3,NY State Supreme Court Justice,,David Siguenza,Judicial Integrity,2
Livingston,North Dansville 3,NY State Supreme Court Justice,,David Siguenza,DEM,40
Livingston,North Dansville 3,NY State Supreme Court Justice,,Darius Lind,Judicial Integrity,2
Livingston,North Dansville 3,NY State Supreme Court Justice,,Darius Lind,DEM,44
Livingston,North Dansville 3,NY State Supreme Court Justice,,Joe Dinolfo,CON,5
Livingston,North Dansville 3,NY State Supreme Court Justice,,Joe Dinolfo,REP,121
Livingston,North Dansville 3,NY State Supreme Court Justice,,Kristina Kitty Karle,REP,117
Livingston,North Dansville 3,NY State Supreme Court Justice,,Kristina Kitty Karle,CON,5
Livingston,North Dansville 3,NY State Supreme Court Justice,,Write-in,,0
Livingston,North Dansville 3,NY State Supreme Court Justice,,Over Votes,,2
Livingston,North Dansville 3,NY State Supreme Court Justice,,Under Votes,,26
Livingston,North Dansville 4,NY State Supreme Court Justice,,David Siguenza,DEM,21
Livingston,North Dansville 4,NY State Supreme Court Justice,,David Siguenza,Judicial Integrity,2
Livingston,North Dansville 4,NY State Supreme Court Justice,,Darius Lind,Judicial Integrity,2
Livingston,North Dansville 4,NY State Supreme Court Justice,,Darius Lind,DEM,22
Livingston,North Dansville 4,NY State Supreme Court Justice,,Joe Dinolfo,CON,7
Livingston,North Dansville 4,NY State Supreme Court Justice,,Joe Dinolfo,REP,63
Livingston,North Dansville 4,NY State Supreme Court Justice,,Kristina Kitty Karle,REP,56
Livingston,North Dansville 4,NY State Supreme Court Justice,,Kristina Kitty Karle,CON,6
Livingston,North Dansville 4,NY State Supreme Court Justice,,Write-in,,0
Livingston,North Dansville 4,NY State Supreme Court Justice,,Over Votes,,0
Livingston,North Dansville 4,NY State Supreme Court Justice,,Under Votes,,11
Livingston,Nunda 1,NY State Supreme Court Justice,,David Siguenza,DEM,90
Livingston,Nunda 1,NY State Supreme Court Justice,,David Siguenza,Judicial Integrity,4
Livingston,Nunda 1,NY State Supreme Court Justice,,Darius Lind,DEM,79
Livingston,Nunda 1,NY State Supreme Court Justice,,Darius Lind,Judicial Integrity,6
Livingston,Nunda 1,NY State Supreme Court Justice,,Joe Dinolfo,REP,281
Livingston,Nunda 1,NY State Supreme Court Justice,,Joe Dinolfo,CON,35
Livingston,Nunda 1,NY State Supreme Court Justice,,Kristina Kitty Karle,CON,35
Livingston,Nunda 1,NY State Supreme Court Justice,,Kristina Kitty Karle,REP,275
Livingston,Nunda 1,NY State Supreme Court Justice,,Write-in,,0
Livingston,Nunda 1,NY State Supreme Court Justice,,Over Votes,,0
Livingston,Nunda 1,NY State Supreme Court Justice,,Under Votes,,60
Livingston,Nunda 2,NY State Supreme Court Justice,,David Siguenza,Judicial Integrity,4
Livingston,Nunda 2,NY State Supreme Court Justice,,David Siguenza,DEM,31
Livingston,Nunda 2,NY State Supreme Court Justice,,Darius Lind,DEM,31
Livingston,Nunda 2,NY State Supreme Court Justice,,Darius Lind,Judicial Integrity,3
Livingston,Nunda 2,NY State Supreme Court Justice,,Joe Dinolfo,REP,117
Livingston,Nunda 2,NY State Supreme Court Justice,,Joe Dinolfo,CON,14
Livingston,Nunda 2,NY State Supreme Court Justice,,Kristina Kitty Karle,REP,112
Livingston,Nunda 2,NY State Supreme Court Justice,,Kristina Kitty Karle,CON,10
Livingston,Nunda 2,NY State Supreme Court Justice,,Write-in,,1
Livingston,Nunda 2,NY State Supreme Court Justice,,Over Votes,,8
Livingston,Nunda 2,NY State Supreme Court Justice,,Under Votes,,25
Livingston,Ossian 1,NY State Supreme Court Justice,,David Siguenza,Judicial Integrity,2
Livingston,Ossian 1,NY State Supreme Court Justice,,David Siguenza,DEM,28
Livingston,Ossian 1,NY State Supreme Court Justice,,Darius Lind,Judicial Integrity,2
Livingston,Ossian 1,NY State Supreme Court Justice,,Darius Lind,DEM,24
Livingston,Ossian 1,NY State Supreme Court Justice,,Joe Dinolfo,CON,8
Livingston,Ossian 1,NY State Supreme Court Justice,,Joe Dinolfo,REP,94
Livingston,Ossian 1,NY State Supreme Court Justice,,Kristina Kitty Karle,CON,11
Livingston,Ossian 1,NY State Supreme Court Justice,,Kristina Kitty Karle,REP,93
Livingston,Ossian 1,NY State Supreme Court Justice,,Write-in,,0
Livingston,Ossian 1,NY State Supreme Court Justice,,Over Votes,,0
Livingston,Ossian 1,NY State Supreme Court Justice,,Under Votes,,22
Livingston,Portage 1,NY State Supreme Court Justice,,David Siguenza,Judicial Integrity,4
Livingston,Portage 1,NY State Supreme Court Justice,,David Siguenza,DEM,21
Livingston,Portage 1,NY State Supreme Court Justice,,Darius Lind,DEM,17
Livingston,Portage 1,NY State Supreme Court Justice,,Darius Lind,Judicial Integrity,3
Livingston,Portage 1,NY State Supreme Court Justice,,Joe Dinolfo,REP,86
Livingston,Portage 1,NY State Supreme Court Justice,,Joe Dinolfo,CON,5
Livingston,Portage 1,NY State Supreme Court Justice,,Kristina Kitty Karle,REP,83
Livingston,Portage 1,NY State Supreme Court Justice,,Kristina Kitty Karle,CON,4
Livingston,Portage 1,NY State Supreme Court Justice,,Write-in,,0
Livingston,Portage 1,NY State Supreme Court Justice,,Over Votes,,0
Livingston,Portage 1,NY State Supreme Court Justice,,Under Votes,,13
Livingston,Sparta 1,NY State Supreme Court Justice,,David Siguenza,Judicial Integrity,7
Livingston,Sparta 1,NY State Supreme Court Justice,,David Siguenza,DEM,62
Livingston,Sparta 1,NY State Supreme Court Justice,,Darius Lind,Judicial Integrity,8
Livingston,Sparta 1,NY State Supreme Court Justice,,Darius Lind,DEM,59
Livingston,Sparta 1,NY State Supreme Court Justice,,Joe Dinolfo,CON,10
Livingston,Sparta 1,NY State Supreme Court Justice,,Joe Dinolfo,REP,137
Livingston,Sparta 1,NY State Supreme Court Justice,,Kristina Kitty Karle,CON,13
Livingston,Sparta 1,NY State Supreme Court Justice,,Kristina Kitty Karle,REP,134
Livingston,Sparta 1,NY State Supreme Court Justice,,Write-in,,0
Livingston,Sparta 1,NY State Supreme Court Justice,,Over Votes,,4
Livingston,Sparta 1,NY State Supreme Court Justice,,Under Votes,,22
Livingston,Springwater 1,NY State Supreme Court Justice,,David Siguenza,DEM,111
Livingston,Springwater 1,NY State Supreme Court Justice,,David Siguenza,Judicial Integrity,9
Livingston,Springwater 1,NY State Supreme Court Justice,,Darius Lind,DEM,111
Livingston,Springwater 1,NY State Supreme Court Justice,,Darius Lind,Judicial Integrity,13
Livingston,Springwater 1,NY State Supreme Court Justice,,Joe Dinolfo,CON,21
Livingston,Springwater 1,NY State Supreme Court Justice,,Joe Dinolfo,REP,269
Livingston,Springwater 1,NY State Supreme Court Justice,,Kristina Kitty Karle,REP,258
Livingston,Springwater 1,NY State Supreme Court Justice,,Kristina Kitty Karle,CON,26
Livingston,Springwater 1,NY State Supreme Court Justice,,Write-in,,0
Livingston,Springwater 1,NY State Supreme Court Justice,,Over Votes,,0
Livingston,Springwater 1,NY State Supreme Court Justice,,Under Votes,,44
Livingston,West Sparta 1,NY State Supreme Court Justice,,David Siguenza,Judicial Integrity,3
Livingston,West Sparta 1,NY State Supreme Court Justice,,David Siguenza,DEM,43
Livingston,West Sparta 1,NY State Supreme Court Justice,,Darius Lind,Judicial Integrity,4
Livingston,West Sparta 1,NY State Supreme Court Justice,,Darius Lind,DEM,38
Livingston,West Sparta 1,NY State Supreme Court Justice,,Joe Dinolfo,CON,8
Livingston,West Sparta 1,NY State Supreme Court Justice,,Joe Dinolfo,REP,118
Livingston,West Sparta 1,NY State Supreme Court Justice,,Kristina Kitty Karle,CON,9
Livingston,West Sparta 1,NY State Supreme Court Justice,,Kristina Kitty Karle,REP,112
Livingston,West Sparta 1,NY State Supreme Court Justice,,Write-in,,0
Livingston,West Sparta 1,NY State Supreme Court Justice,,Over Votes,,4
Livingston,West Sparta 1,NY State Supreme Court Justice,,Under Votes,,27
Livingston,York 1,NY State Supreme Court Justice,,David Siguenza,DEM,75
Livingston,York 1,NY State Supreme Court Justice,,David Siguenza,Judicial Integrity,5
Livingston,York 1,NY State Supreme Court Justice,,Darius Lind,DEM,71
Livingston,York 1,NY State Supreme Court Justice,,Darius Lind,Judicial Integrity,3
Livingston,York 1,NY State Supreme Court Justice,,Joe Dinolfo,REP,106
Livingston,York 1,NY State Supreme Court Justice,,Joe Dinolfo,CON,17
Livingston,York 1,NY State Supreme Court Justice,,Kristina Kitty Karle,REP,106
Livingston,York 1,NY State Supreme Court Justice,,Kristina Kitty Karle,CON,16
Livingston,York 1,NY State Supreme Court Justice,,Write-in,,0
Livingston,York 1,NY State Supreme Court Justice,,Over Votes,,4
Livingston,York 1,NY State Supreme Court Justice,,Under Votes,,23
Livingston,York 2,NY State Supreme Court Justice,,David Siguenza,DEM,102
Livingston,York 2,NY State Supreme Court Justice,,David Siguenza,Judicial Integrity,10
Livingston,York 2,NY State Supreme Court Justice,,Darius Lind,Judicial Integrity,7
Livingston,York 2,NY State Supreme Court Justice,,Darius Lind,DEM,92
Livingston,York 2,NY State Supreme Court Justice,,Joe Dinolfo,REP,130
Livingston,York 2,NY State Supreme Court Justice,,Joe Dinolfo,CON,18
Livingston,York 2,NY State Supreme Court Justice,,Kristina Kitty Karle,REP,120
Livingston,York 2,NY State Supreme Court Justice,,Kristina Kitty Karle,CON,12
Livingston,York 2,NY State Supreme Court Justice,,Write-in,,0
Livingston,York 2,NY State Supreme Court Justice,,Over Votes,,2
Livingston,York 2,NY State Supreme Court Justice,,Under Votes,,21
Livingston,Avon 1,Proposition 1 State Amendment to Allow Olympic Sports Complex,,Yes,,221
Livingston,Avon 1,Proposition 1 State Amendment to Allow Olympic Sports Complex,,No,,191
Livingston,Avon 1,Proposition 1 State Amendment to Allow Olympic Sports Complex,,Over Votes,,0
Livingston,Avon 1,Proposition 1 State Amendment to Allow Olympic Sports Complex,,Under Votes,,19
Livingston,Avon 2,Proposition 1 State Amendment to Allow Olympic Sports Complex,,Yes,,272
Livingston,Avon 2,Proposition 1 State Amendment to Allow Olympic Sports Complex,,No,,253
Livingston,Avon 2,Proposition 1 State Amendment to Allow Olympic Sports Complex,,Over Votes,,0
Livingston,Avon 2,Proposition 1 State Amendment to Allow Olympic Sports Complex,,Under Votes,,22
Livingston,Avon 3,Proposition 1 State Amendment to Allow Olympic Sports Complex,,Yes,,333
Livingston,Avon 3,Proposition 1 State Amendment to Allow Olympic Sports Complex,,No,,240
Livingston,Avon 3,Proposition 1 State Amendment to Allow Olympic Sports Complex,,Over Votes,,0
Livingston,Avon 3,Proposition 1 State Amendment to Allow Olympic Sports Complex,,Under Votes,,36
Livingston,Avon 4,Proposition 1 State Amendment to Allow Olympic Sports Complex,,Yes,,280
Livingston,Avon 4,Proposition 1 State Amendment to Allow Olympic Sports Complex,,No,,221
Livingston,Avon 4,Proposition 1 State Amendment to Allow Olympic Sports Complex,,Over Votes,,0
Livingston,Avon 4,Proposition 1 State Amendment to Allow Olympic Sports Complex,,Under Votes,,29
Livingston,Caledonia 1,Proposition 1 State Amendment to Allow Olympic Sports Complex,,Yes,,77
Livingston,Caledonia 1,Proposition 1 State Amendment to Allow Olympic Sports Complex,,No,,94
Livingston,Caledonia 1,Proposition 1 State Amendment to Allow Olympic Sports Complex,,Over Votes,,0
Livingston,Caledonia 1,Proposition 1 State Amendment to Allow Olympic Sports Complex,,Under Votes,,6
Livingston,Caledonia 2,Proposition 1 State Amendment to Allow Olympic Sports Complex,,Yes,,85
Livingston,Caledonia 2,Proposition 1 State Amendment to Allow Olympic Sports Complex,,No,,80
Livingston,Caledonia 2,Proposition 1 State Amendment to Allow Olympic Sports Complex,,Over Votes,,0
Livingston,Caledonia 2,Proposition 1 State Amendment to Allow Olympic Sports Complex,,Under Votes,,8
Livingston,Caledonia 3,Proposition 1 State Amendment to Allow Olympic Sports Complex,,Yes,,101
Livingston,Caledonia 3,Proposition 1 State Amendment to Allow Olympic Sports Complex,,No,,106
Livingston,Caledonia 3,Proposition 1 State Amendment to Allow Olympic Sports Complex,,Over Votes,,0
Livingston,Caledonia 3,Proposition 1 State Amendment to Allow Olympic Sports Complex,,Under Votes,,7
Livingston,Conesus 1,Proposition 1 State Amendment to Allow Olympic Sports Complex,,Yes,,91
Livingston,Conesus 1,Proposition 1 State Amendment to Allow Olympic Sports Complex,,No,,84
Livingston,Conesus 1,Proposition 1 State Amendment to Allow Olympic Sports Complex,,Over Votes,,0
Livingston,Conesus 1,Proposition 1 State Amendment to Allow Olympic Sports Complex,,Under Votes,,9
Livingston,Conesus 2,Proposition 1 State Amendment to Allow Olympic Sports Complex,,Yes,,112
Livingston,Conesus 2,Proposition 1 State Amendment to Allow Olympic Sports Complex,,No,,98
Livingston,Conesus 2,Proposition 1 State Amendment to Allow Olympic Sports Complex,,Over Votes,,1
Livingston,Conesus 2,Proposition 1 State Amendment to Allow Olympic Sports Complex,,Under Votes,,12
Livingston,Geneseo 1,Proposition 1 State Amendment to Allow Olympic Sports Complex,,Yes,,278
Livingston,Geneseo 1,Proposition 1 State Amendment to Allow Olympic Sports Complex,,No,,175
Livingston,Geneseo 1,Proposition 1 State Amendment to Allow Olympic Sports Complex,,Over Votes,,0
Livingston,Geneseo 1,Proposition 1 State Amendment to Allow Olympic Sports Complex,,Under Votes,,23
Livingston,Geneseo 2,Proposition 1 State Amendment to Allow Olympic Sports Complex,,Yes,,201
Livingston,Geneseo 2,Proposition 1 State Amendment to Allow Olympic Sports Complex,,No,,114
Livingston,Geneseo 2,Proposition 1 State Amendment to Allow Olympic Sports Complex,,Over Votes,,0
Livingston,Geneseo 2,Proposition 1 State Amendment to Allow Olympic Sports Complex,,Under Votes,,13
Livingston,Geneseo 3,Proposition 1 State Amendment to Allow Olympic Sports Complex,,Yes,,213
Livingston,Geneseo 3,Proposition 1 State Amendment to Allow Olympic Sports Complex,,No,,150
Livingston,Geneseo 3,Proposition 1 State Amendment to Allow Olympic Sports Complex,,Over Votes,,0
Livingston,Geneseo 3,Proposition 1 State Amendment to Allow Olympic Sports Complex,,Under Votes,,10
Livingston,Geneseo 4,Proposition 1 State Amendment to Allow Olympic Sports Complex,,Yes,,196
Livingston,Geneseo 4,Proposition 1 State Amendment to Allow Olympic Sports Complex,,No,,127
Livingston,Geneseo 4,Proposition 1 State Amendment to Allow Olympic Sports Complex,,Over Votes,,0
Livingston,Geneseo 4,Proposition 1 State Amendment to Allow Olympic Sports Complex,,Under Votes,,20
Livingston,Geneseo 5,Proposition 1 State Amendment to Allow Olympic Sports Complex,,Yes,,6
Livingston,Geneseo 5,Proposition 1 State Amendment to Allow Olympic Sports Complex,,No,,7
Livingston,Geneseo 5,Proposition 1 State Amendment to Allow Olympic Sports Complex,,Over Votes,,0
Livingston,Geneseo 5,Proposition 1 State Amendment to Allow Olympic Sports Complex,,Under Votes,,0
Livingston,Groveland 1,Proposition 1 State Amendment to Allow Olympic Sports Complex,,Yes,,130
Livingston,Groveland 1,Proposition 1 State Amendment to Allow Olympic Sports Complex,,No,,111
Livingston,Groveland 1,Proposition 1 State Amendment to Allow Olympic Sports Complex,,Over Votes,,0
Livingston,Groveland 1,Proposition 1 State Amendment to Allow Olympic Sports Complex,,Under Votes,,28
Livingston,Groveland 2,Proposition 1 State Amendment to Allow Olympic Sports Complex,,Yes,,63
Livingston,Groveland 2,Proposition 1 State Amendment to Allow Olympic Sports Complex,,No,,49
Livingston,Groveland 2,Proposition 1 State Amendment to Allow Olympic Sports Complex,,Over Votes,,0
Livingston,Groveland 2,Proposition 1 State Amendment to Allow Olympic Sports Complex,,Under Votes,,9
Livingston,Leicester 1,Proposition 1 State Amendment to Allow Olympic Sports Complex,,Yes,,135
Livingston,Leicester 1,Proposition 1 State Amendment to Allow Olympic Sports Complex,,No,,118
Livingston,Leicester 1,Proposition 1 State Amendment to Allow Olympic Sports Complex,,Over Votes,,0
Livingston,Leicester 1,Proposition 1 State Amendment to Allow Olympic Sports Complex,,Under Votes,,19
Livingston,Lima 1,Proposition 1 State Amendment to Allow Olympic Sports Complex,,Yes,,366
Livingston,Lima 1,Proposition 1 State Amendment to Allow Olympic Sports Complex,,No,,302
Livingston,Lima 1,Proposition 1 State Amendment to Allow Olympic Sports Complex,,Over Votes,,0
Livingston,Lima 1,Proposition 1 State Amendment to Allow Olympic Sports Complex,,Under Votes,,42
Livingston,Lima 2,Proposition 1 State Amendment to Allow Olympic Sports Complex,,Yes,,305
Livingston,Lima 2,Proposition 1 State Amendment to Allow Olympic Sports Complex,,No,,237
Livingston,Lima 2,Proposition 1 State Amendment to Allow Olympic Sports Complex,,Over Votes,,0
Livingston,Lima 2,Proposition 1 State Amendment to Allow Olympic Sports Complex,,Under Votes,,40
Livingston,Livonia 1,Proposition 1 State Amendment to Allow Olympic Sports Complex,,Yes,,180
Livingston,Livonia 1,Proposition 1 State Amendment to Allow Olympic Sports Complex,,No,,164
Livingston,Livonia 1,Proposition 1 State Amendment to Allow Olympic Sports Complex,,Over Votes,,0
Livingston,Livonia 1,Proposition 1 State Amendment to Allow Olympic Sports Complex,,Under Votes,,7
Livingston,Livonia 2,Proposition 1 State Amendment to Allow Olympic Sports Complex,,Yes,,162
Livingston,Livonia 2,Proposition 1 State Amendment to Allow Olympic Sports Complex,,No,,161
Livingston,Livonia 2,Proposition 1 State Amendment to Allow Olympic Sports Complex,,Over Votes,,0
Livingston,Livonia 2,Proposition 1 State Amendment to Allow Olympic Sports Complex,,Under Votes,,14
Livingston,Livonia 3,Proposition 1 State Amendment to Allow Olympic Sports Complex,,Yes,,165
Livingston,Livonia 3,Proposition 1 State Amendment to Allow Olympic Sports Complex,,No,,118
Livingston,Livonia 3,Proposition 1 State Amendment to Allow Olympic Sports Complex,,Over Votes,,0
Livingston,Livonia 3,Proposition 1 State Amendment to Allow Olympic Sports Complex,,Under Votes,,25
Livingston,Livonia 4,Proposition 1 State Amendment to Allow Olympic Sports Complex,,Yes,,170
Livingston,Livonia 4,Proposition 1 State Amendment to Allow Olympic Sports Complex,,No,,132
Livingston,Livonia 4,Proposition 1 State Amendment to Allow Olympic Sports Complex,,Over Votes,,1
Livingston,Livonia 4,Proposition 1 State Amendment to Allow Olympic Sports Complex,,Under Votes,,7
Livingston,Livonia 5,Proposition 1 State Amendment to Allow Olympic Sports Complex,,Yes,,194
Livingston,Livonia 5,Proposition 1 State Amendment to Allow Olympic Sports Complex,,No,,134
Livingston,Livonia 5,Proposition 1 State Amendment to Allow Olympic Sports Complex,,Over Votes,,0
Livingston,Livonia 5,Proposition 1 State Amendment to Allow Olympic Sports Complex,,Under Votes,,11
Livingston,Mt. Morris 1,Proposition 1 State Amendment to Allow Olympic Sports Complex,,Yes,,131
Livingston,Mt. Morris 1,Proposition 1 State Amendment to Allow Olympic Sports Complex,,No,,109
Livingston,Mt. Morris 1,Proposition 1 State Amendment to Allow Olympic Sports Complex,,Over Votes,,0
Livingston,Mt. Morris 1,Proposition 1 State Amendment to Allow Olympic Sports Complex,,Under Votes,,18
Livingston,Mt. Morris 2,Proposition 1 State Amendment to Allow Olympic Sports Complex,,Yes,,92
Livingston,Mt. Morris 2,Proposition 1 State Amendment to Allow Olympic Sports Complex,,No,,72
Livingston,Mt. Morris 2,Proposition 1 State Amendment to Allow Olympic Sports Complex,,Over Votes,,0
Livingston,Mt. Morris 2,Proposition 1 State Amendment to Allow Olympic Sports Complex,,Under Votes,,19
Livingston,Mt. Morris 3,Proposition 1 State Amendment to Allow Olympic Sports Complex,,Yes,,105
Livingston,Mt. Morris 3,Proposition 1 State Amendment to Allow Olympic Sports Complex,,No,,125
Livingston,Mt. Morris 3,Proposition 1 State Amendment to Allow Olympic Sports Complex,,Over Votes,,0
Livingston,Mt. Morris 3,Proposition 1 State Amendment to Allow Olympic Sports Complex,,Under Votes,,12
Livingston,North Dansville 1,Proposition 1 State Amendment to Allow Olympic Sports Complex,,Yes,,101
Livingston,North Dansville 1,Proposition 1 State Amendment to Allow Olympic Sports Complex,,No,,83
Livingston,North Dansville 1,Proposition 1 State Amendment to Allow Olympic Sports Complex,,Over Votes,,0
Livingston,North Dansville 1,Proposition 1 State Amendment to Allow Olympic Sports Complex,,Under Votes,,15
Livingston,North Dansville 2,Proposition 1 State Amendment to Allow Olympic Sports Complex,,Yes,,78
Livingston,North Dansville 2,Proposition 1 State Amendment to Allow Olympic Sports Complex,,No,,85
Livingston,North Dansville 2,Proposition 1 State Amendment to Allow Olympic Sports Complex,,Over Votes,,0
Livingston,North Dansville 2,Proposition 1 State Amendment to Allow Olympic Sports Complex,,Under Votes,,5
Livingston,North Dansville 3,Proposition 1 State Amendment to Allow Olympic Sports Complex,,Yes,,96
Livingston,North Dansville 3,Proposition 1 State Amendment to Allow Olympic Sports Complex,,No,,82
Livingston,North Dansville 3,Proposition 1 State Amendment to Allow Olympic Sports Complex,,Over Votes,,0
Livingston,North Dansville 3,Proposition 1 State Amendment to Allow Olympic Sports Complex,,Under Votes,,4
Livingston,North Dansville 4,Proposition 1 State Amendment to Allow Olympic Sports Complex,,Yes,,41
Livingston,North Dansville 4,Proposition 1 State Amendment to Allow Olympic Sports Complex,,No,,50
Livingston,North Dansville 4,Proposition 1 State Amendment to Allow Olympic Sports Complex,,Over Votes,,0
Livingston,North Dansville 4,Proposition 1 State Amendment to Allow Olympic Sports Complex,,Under Votes,,4
Livingston,Nunda 1,Proposition 1 State Amendment to Allow Olympic Sports Complex,,Yes,,220
Livingston,Nunda 1,Proposition 1 State Amendment to Allow Olympic Sports Complex,,No,,195
Livingston,Nunda 1,Proposition 1 State Amendment to Allow Olympic Sports Complex,,Over Votes,,0
Livingston,Nunda 1,Proposition 1 State Amendment to Allow Olympic Sports Complex,,Under Votes,,18
Livingston,Nunda 2,Proposition 1 State Amendment to Allow Olympic Sports Complex,,Yes,,76
Livingston,Nunda 2,Proposition 1 State Amendment to Allow Olympic Sports Complex,,No,,80
Livingston,Nunda 2,Proposition 1 State Amendment to Allow Olympic Sports Complex,,Over Votes,,0
Livingston,Nunda 2,Proposition 1 State Amendment to Allow Olympic Sports Complex,,Under Votes,,22
Livingston,Ossian 1,Proposition 1 State Amendment to Allow Olympic Sports Complex,,Yes,,76
Livingston,Ossian 1,Proposition 1 State Amendment to Allow Olympic Sports Complex,,No,,56
Livingston,Ossian 1,Proposition 1 State Amendment to Allow Olympic Sports Complex,,Over Votes,,0
Livingston,Ossian 1,Proposition 1 State Amendment to Allow Olympic Sports Complex,,Under Votes,,10
Livingston,Portage 1,Proposition 1 State Amendment to Allow Olympic Sports Complex,,Yes,,54
Livingston,Portage 1,Proposition 1 State Amendment to Allow Olympic Sports Complex,,No,,55
Livingston,Portage 1,Proposition 1 State Amendment to Allow Olympic Sports Complex,,Over Votes,,0
Livingston,Portage 1,Proposition 1 State Amendment to Allow Olympic Sports Complex,,Under Votes,,9
Livingston,Sparta 1,Proposition 1 State Amendment to Allow Olympic Sports Complex,,Yes,,107
Livingston,Sparta 1,Proposition 1 State Amendment to Allow Olympic Sports Complex,,No,,115
Livingston,Sparta 1,Proposition 1 State Amendment to Allow Olympic Sports Complex,,Over Votes,,0
Livingston,Sparta 1,Proposition 1 State Amendment to Allow Olympic Sports Complex,,Under Votes,,6
Livingston,Springwater 1,Proposition 1 State Amendment to Allow Olympic Sports Complex,,Yes,,206
Livingston,Springwater 1,Proposition 1 State Amendment to Allow Olympic Sports Complex,,No,,202
Livingston,Springwater 1,Proposition 1 State Amendment to Allow Olympic Sports Complex,,Over Votes,,0
Livingston,Springwater 1,Proposition 1 State Amendment to Allow Olympic Sports Complex,,Under Votes,,23
Livingston,West Sparta 1,Proposition 1 State Amendment to Allow Olympic Sports Complex,,Yes,,70
Livingston,West Sparta 1,Proposition 1 State Amendment to Allow Olympic Sports Complex,,No,,104
Livingston,West Sparta 1,Proposition 1 State Amendment to Allow Olympic Sports Complex,,Over Votes,,0
Livingston,West Sparta 1,Proposition 1 State Amendment to Allow Olympic Sports Complex,,Under Votes,,9
Livingston,York 1,Proposition 1 State Amendment to Allow Olympic Sports Complex,,Yes,,116
Livingston,York 1,Proposition 1 State Amendment to Allow Olympic Sports Complex,,No,,88
Livingston,York 1,Proposition 1 State Amendment to Allow Olympic Sports Complex,,Over Votes,,0
Livingston,York 1,Proposition 1 State Amendment to Allow Olympic Sports Complex,,Under Votes,,9
Livingston,York 2,Proposition 1 State Amendment to Allow Olympic Sports Complex,,Yes,,123
Livingston,York 2,Proposition 1 State Amendment to Allow Olympic Sports Complex,,No,,121
Livingston,York 2,Proposition 1 State Amendment to Allow Olympic Sports Complex,,Over Votes,,0
Livingston,York 2,Proposition 1 State Amendment to Allow Olympic Sports Complex,,Under Votes,,13
