county,precinct,office,district,candidate,party,votes
Columbia,Hudson 1st Ward,State Supreme Court Justice,3,"William T. Little, Jr.",DEM,327
Columbia,Hudson 1st Ward,State Supreme Court Justice,3,"William T. Little, Jr.",WOR,45
Columbia,Hudson 1st Ward,State Supreme Court Justice,3,Dana Lynn Salazar,REP,43
Columbia,Hudson 1st Ward,State Supreme Court Justice,3,Dana Lynn Salazar,CON,9
Columbia,Hudson 1st Ward,State Supreme Court Justice,3,Write-in,,1
Columbia,Hudson 1st Ward,State Supreme Court Justice,3,Over Votes,,0
Columbia,Hudson 1st Ward,State Supreme Court Justice,3,Under Votes,,34
Columbia,Hudson 2nd Ward,State Supreme Court Justice,3,"William T. Little, Jr.",DEM,154
Columbia,Hudson 2nd Ward,State Supreme Court Justice,3,"William T. Little, Jr.",WOR,48
Columbia,Hudson 2nd Ward,State Supreme Court Justice,3,Dana Lynn Salazar,REP,22
Columbia,Hudson 2nd Ward,State Supreme Court Justice,3,Dana Lynn Salazar,CON,8
Columbia,Hudson 2nd Ward,State Supreme Court Justice,3,Write-in,,0
Columbia,Hudson 2nd Ward,State Supreme Court Justice,3,Over Votes,,0
Columbia,Hudson 2nd Ward,State Supreme Court Justice,3,Under Votes,,80
Columbia,Hudson 3rd Ward,State Supreme Court Justice,3,"William T. Little, Jr.",DEM,258
Columbia,Hudson 3rd Ward,State Supreme Court Justice,3,"William T. Little, Jr.",WOR,93
Columbia,Hudson 3rd Ward,State Supreme Court Justice,3,Dana Lynn Salazar,REP,41
Columbia,Hudson 3rd Ward,State Supreme Court Justice,3,Dana Lynn Salazar,CON,9
Columbia,Hudson 3rd Ward,State Supreme Court Justice,3,Write-in,,0
Columbia,Hudson 3rd Ward,State Supreme Court Justice,3,Over Votes,,0
Columbia,Hudson 3rd Ward,State Supreme Court Justice,3,Under Votes,,20
Columbia,Hudson 4th Ward,State Supreme Court Justice,3,"William T. Little, Jr.",DEM,206
Columbia,Hudson 4th Ward,State Supreme Court Justice,3,"William T. Little, Jr.",WOR,55
Columbia,Hudson 4th Ward,State Supreme Court Justice,3,Dana Lynn Salazar,REP,33
Columbia,Hudson 4th Ward,State Supreme Court Justice,3,Dana Lynn Salazar,CON,10
Columbia,Hudson 4th Ward,State Supreme Court Justice,3,Write-in,,0
Columbia,Hudson 4th Ward,State Supreme Court Justice,3,Over Votes,,0
Columbia,Hudson 4th Ward,State Supreme Court Justice,3,Under Votes,,47
Columbia,Hudson 5th Ward,State Supreme Court Justice,3,"William T. Little, Jr.",DEM,211
Columbia,Hudson 5th Ward,State Supreme Court Justice,3,"William T. Little, Jr.",WOR,94
Columbia,Hudson 5th Ward,State Supreme Court Justice,3,Dana Lynn Salazar,REP,84
Columbia,Hudson 5th Ward,State Supreme Court Justice,3,Dana Lynn Salazar,CON,19
Columbia,Hudson 5th Ward,State Supreme Court Justice,3,Write-in,,0
Columbia,Hudson 5th Ward,State Supreme Court Justice,3,Over Votes,,0
Columbia,Hudson 5th Ward,State Supreme Court Justice,3,Under Votes,,57
Columbia,Ancram 1,State Supreme Court Justice,3,"William T. Little, Jr.",DEM,204
Columbia,Ancram 1,State Supreme Court Justice,3,"William T. Little, Jr.",WOR,14
Columbia,Ancram 1,State Supreme Court Justice,3,Dana Lynn Salazar,REP,186
Columbia,Ancram 1,State Supreme Court Justice,3,Dana Lynn Salazar,CON,7
Columbia,Ancram 1,State Supreme Court Justice,3,Write-in,,0
Columbia,Ancram 1,State Supreme Court Justice,3,Over Votes,,1
Columbia,Ancram 1,State Supreme Court Justice,3,Under Votes,,17
Columbia,Ancram 2,State Supreme Court Justice,3,"William T. Little, Jr.",DEM,146
Columbia,Ancram 2,State Supreme Court Justice,3,"William T. Little, Jr.",WOR,11
Columbia,Ancram 2,State Supreme Court Justice,3,Dana Lynn Salazar,REP,139
Columbia,Ancram 2,State Supreme Court Justice,3,Dana Lynn Salazar,CON,6
Columbia,Ancram 2,State Supreme Court Justice,3,Write-in,,0
Columbia,Ancram 2,State Supreme Court Justice,3,Over Votes,,0
Columbia,Ancram 2,State Supreme Court Justice,3,Under Votes,,20
Columbia,Austerlitz 1,State Supreme Court Justice,3,"William T. Little, Jr.",DEM,245
Columbia,Austerlitz 1,State Supreme Court Justice,3,"William T. Little, Jr.",WOR,26
Columbia,Austerlitz 1,State Supreme Court Justice,3,Dana Lynn Salazar,REP,146
Columbia,Austerlitz 1,State Supreme Court Justice,3,Dana Lynn Salazar,CON,22
Columbia,Austerlitz 1,State Supreme Court Justice,3,Write-in,,0
Columbia,Austerlitz 1,State Supreme Court Justice,3,Over Votes,,0
Columbia,Austerlitz 1,State Supreme Court Justice,3,Under Votes,,15
Columbia,Austerlitz 2,State Supreme Court Justice,3,"William T. Little, Jr.",DEM,230
Columbia,Austerlitz 2,State Supreme Court Justice,3,"William T. Little, Jr.",WOR,36
Columbia,Austerlitz 2,State Supreme Court Justice,3,Dana Lynn Salazar,REP,81
Columbia,Austerlitz 2,State Supreme Court Justice,3,Dana Lynn Salazar,CON,13
Columbia,Austerlitz 2,State Supreme Court Justice,3,Write-in,,0
Columbia,Austerlitz 2,State Supreme Court Justice,3,Over Votes,,0
Columbia,Austerlitz 2,State Supreme Court Justice,3,Under Votes,,18
Columbia,Canaan 1,State Supreme Court Justice,3,"William T. Little, Jr.",DEM,227
Columbia,Canaan 1,State Supreme Court Justice,3,"William T. Little, Jr.",WOR,32
Columbia,Canaan 1,State Supreme Court Justice,3,Dana Lynn Salazar,REP,73
Columbia,Canaan 1,State Supreme Court Justice,3,Dana Lynn Salazar,CON,26
Columbia,Canaan 1,State Supreme Court Justice,3,Write-in,,0
Columbia,Canaan 1,State Supreme Court Justice,3,Over Votes,,1
Columbia,Canaan 1,State Supreme Court Justice,3,Under Votes,,12
Columbia,Canaan 2,State Supreme Court Justice,3,"William T. Little, Jr.",DEM,202
Columbia,Canaan 2,State Supreme Court Justice,3,"William T. Little, Jr.",WOR,41
Columbia,Canaan 2,State Supreme Court Justice,3,Dana Lynn Salazar,REP,108
Columbia,Canaan 2,State Supreme Court Justice,3,Dana Lynn Salazar,CON,14
Columbia,Canaan 2,State Supreme Court Justice,3,Write-in,,0
Columbia,Canaan 2,State Supreme Court Justice,3,Over Votes,,0
Columbia,Canaan 2,State Supreme Court Justice,3,Under Votes,,13
Columbia,Chatham 1,State Supreme Court Justice,3,"William T. Little, Jr.",DEM,265
Columbia,Chatham 1,State Supreme Court Justice,3,"William T. Little, Jr.",WOR,37
Columbia,Chatham 1,State Supreme Court Justice,3,Dana Lynn Salazar,REP,151
Columbia,Chatham 1,State Supreme Court Justice,3,Dana Lynn Salazar,CON,22
Columbia,Chatham 1,State Supreme Court Justice,3,Write-in,,0
Columbia,Chatham 1,State Supreme Court Justice,3,Over Votes,,0
Columbia,Chatham 1,State Supreme Court Justice,3,Under Votes,,17
Columbia,Chatham 2,State Supreme Court Justice,3,"William T. Little, Jr.",DEM,121
Columbia,Chatham 2,State Supreme Court Justice,3,"William T. Little, Jr.",WOR,15
Columbia,Chatham 2,State Supreme Court Justice,3,Dana Lynn Salazar,REP,111
Columbia,Chatham 2,State Supreme Court Justice,3,Dana Lynn Salazar,CON,6
Columbia,Chatham 2,State Supreme Court Justice,3,Write-in,,0
Columbia,Chatham 2,State Supreme Court Justice,3,Over Votes,,0
Columbia,Chatham 2,State Supreme Court Justice,3,Under Votes,,9
Columbia,Chatham 3,State Supreme Court Justice,3,"William T. Little, Jr.",DEM,177
Columbia,Chatham 3,State Supreme Court Justice,3,"William T. Little, Jr.",WOR,33
Columbia,Chatham 3,State Supreme Court Justice,3,Dana Lynn Salazar,REP,121
Columbia,Chatham 3,State Supreme Court Justice,3,Dana Lynn Salazar,CON,6
Columbia,Chatham 3,State Supreme Court Justice,3,Write-in,,0
Columbia,Chatham 3,State Supreme Court Justice,3,Over Votes,,1
Columbia,Chatham 3,State Supreme Court Justice,3,Under Votes,,7
Columbia,Chatham 4,State Supreme Court Justice,3,"William T. Little, Jr.",DEM,217
Columbia,Chatham 4,State Supreme Court Justice,3,"William T. Little, Jr.",WOR,31
Columbia,Chatham 4,State Supreme Court Justice,3,Dana Lynn Salazar,REP,87
Columbia,Chatham 4,State Supreme Court Justice,3,Dana Lynn Salazar,CON,16
Columbia,Chatham 4,State Supreme Court Justice,3,Write-in,,0
Columbia,Chatham 4,State Supreme Court Justice,3,Over Votes,,0
Columbia,Chatham 4,State Supreme Court Justice,3,Under Votes,,8
Columbia,Chatham 5,State Supreme Court Justice,3,"William T. Little, Jr.",DEM,133
Columbia,Chatham 5,State Supreme Court Justice,3,"William T. Little, Jr.",WOR,34
Columbia,Chatham 5,State Supreme Court Justice,3,Dana Lynn Salazar,REP,45
Columbia,Chatham 5,State Supreme Court Justice,3,Dana Lynn Salazar,CON,16
Columbia,Chatham 5,State Supreme Court Justice,3,Write-in,,0
Columbia,Chatham 5,State Supreme Court Justice,3,Over Votes,,0
Columbia,Chatham 5,State Supreme Court Justice,3,Under Votes,,10
Columbia,Chatham 6,State Supreme Court Justice,3,"William T. Little, Jr.",DEM,52
Columbia,Chatham 6,State Supreme Court Justice,3,"William T. Little, Jr.",WOR,12
Columbia,Chatham 6,State Supreme Court Justice,3,Dana Lynn Salazar,REP,52
Columbia,Chatham 6,State Supreme Court Justice,3,Dana Lynn Salazar,CON,7
Columbia,Chatham 6,State Supreme Court Justice,3,Write-in,,0
Columbia,Chatham 6,State Supreme Court Justice,3,Over Votes,,0
Columbia,Chatham 6,State Supreme Court Justice,3,Under Votes,,4
Columbia,Claverack 1,State Supreme Court Justice,3,"William T. Little, Jr.",DEM,167
Columbia,Claverack 1,State Supreme Court Justice,3,"William T. Little, Jr.",WOR,20
Columbia,Claverack 1,State Supreme Court Justice,3,Dana Lynn Salazar,REP,197
Columbia,Claverack 1,State Supreme Court Justice,3,Dana Lynn Salazar,CON,20
Columbia,Claverack 1,State Supreme Court Justice,3,Write-in,,0
Columbia,Claverack 1,State Supreme Court Justice,3,Over Votes,,0
Columbia,Claverack 1,State Supreme Court Justice,3,Under Votes,,15
Columbia,Claverack 2,State Supreme Court Justice,3,"William T. Little, Jr.",DEM,210
Columbia,Claverack 2,State Supreme Court Justice,3,"William T. Little, Jr.",WOR,22
Columbia,Claverack 2,State Supreme Court Justice,3,Dana Lynn Salazar,REP,191
Columbia,Claverack 2,State Supreme Court Justice,3,Dana Lynn Salazar,CON,39
Columbia,Claverack 2,State Supreme Court Justice,3,Write-in,,0
Columbia,Claverack 2,State Supreme Court Justice,3,Over Votes,,0
Columbia,Claverack 2,State Supreme Court Justice,3,Under Votes,,10
Columbia,Claverack 3,State Supreme Court Justice,3,"William T. Little, Jr.",DEM,177
Columbia,Claverack 3,State Supreme Court Justice,3,"William T. Little, Jr.",WOR,33
Columbia,Claverack 3,State Supreme Court Justice,3,Dana Lynn Salazar,REP,167
Columbia,Claverack 3,State Supreme Court Justice,3,Dana Lynn Salazar,CON,27
Columbia,Claverack 3,State Supreme Court Justice,3,Write-in,,0
Columbia,Claverack 3,State Supreme Court Justice,3,Over Votes,,0
Columbia,Claverack 3,State Supreme Court Justice,3,Under Votes,,15
Columbia,Claverack 4,State Supreme Court Justice,3,"William T. Little, Jr.",DEM,180
Columbia,Claverack 4,State Supreme Court Justice,3,"William T. Little, Jr.",WOR,35
Columbia,Claverack 4,State Supreme Court Justice,3,Dana Lynn Salazar,REP,171
Columbia,Claverack 4,State Supreme Court Justice,3,Dana Lynn Salazar,CON,33
Columbia,Claverack 4,State Supreme Court Justice,3,Write-in,,0
Columbia,Claverack 4,State Supreme Court Justice,3,Over Votes,,0
Columbia,Claverack 4,State Supreme Court Justice,3,Under Votes,,13
Columbia,Claverack 5,State Supreme Court Justice,3,"William T. Little, Jr.",DEM,197
Columbia,Claverack 5,State Supreme Court Justice,3,"William T. Little, Jr.",WOR,21
Columbia,Claverack 5,State Supreme Court Justice,3,Dana Lynn Salazar,REP,183
Columbia,Claverack 5,State Supreme Court Justice,3,Dana Lynn Salazar,CON,18
Columbia,Claverack 5,State Supreme Court Justice,3,Write-in,,0
Columbia,Claverack 5,State Supreme Court Justice,3,Over Votes,,0
Columbia,Claverack 5,State Supreme Court Justice,3,Under Votes,,9
Columbia,Clermont 1,State Supreme Court Justice,3,"William T. Little, Jr.",DEM,182
Columbia,Clermont 1,State Supreme Court Justice,3,"William T. Little, Jr.",WOR,24
Columbia,Clermont 1,State Supreme Court Justice,3,Dana Lynn Salazar,REP,104
Columbia,Clermont 1,State Supreme Court Justice,3,Dana Lynn Salazar,CON,28
Columbia,Clermont 1,State Supreme Court Justice,3,Write-in,,0
Columbia,Clermont 1,State Supreme Court Justice,3,Over Votes,,0
Columbia,Clermont 1,State Supreme Court Justice,3,Under Votes,,10
Columbia,Clermont 2,State Supreme Court Justice,3,"William T. Little, Jr.",DEM,146
Columbia,Clermont 2,State Supreme Court Justice,3,"William T. Little, Jr.",WOR,19
Columbia,Clermont 2,State Supreme Court Justice,3,Dana Lynn Salazar,REP,112
Columbia,Clermont 2,State Supreme Court Justice,3,Dana Lynn Salazar,CON,31
Columbia,Clermont 2,State Supreme Court Justice,3,Write-in,,0
Columbia,Clermont 2,State Supreme Court Justice,3,Over Votes,,0
Columbia,Clermont 2,State Supreme Court Justice,3,Under Votes,,14
Columbia,Copake 1,State Supreme Court Justice,3,"William T. Little, Jr.",DEM,206
Columbia,Copake 1,State Supreme Court Justice,3,"William T. Little, Jr.",WOR,11
Columbia,Copake 1,State Supreme Court Justice,3,Dana Lynn Salazar,REP,124
Columbia,Copake 1,State Supreme Court Justice,3,Dana Lynn Salazar,CON,26
Columbia,Copake 1,State Supreme Court Justice,3,Write-in,,0
Columbia,Copake 1,State Supreme Court Justice,3,Over Votes,,0
Columbia,Copake 1,State Supreme Court Justice,3,Under Votes,,10
Columbia,Copake 2,State Supreme Court Justice,3,"William T. Little, Jr.",DEM,128
Columbia,Copake 2,State Supreme Court Justice,3,"William T. Little, Jr.",WOR,15
Columbia,Copake 2,State Supreme Court Justice,3,Dana Lynn Salazar,REP,104
Columbia,Copake 2,State Supreme Court Justice,3,Dana Lynn Salazar,CON,14
Columbia,Copake 2,State Supreme Court Justice,3,Write-in,,0
Columbia,Copake 2,State Supreme Court Justice,3,Over Votes,,0
Columbia,Copake 2,State Supreme Court Justice,3,Under Votes,,16
Columbia,Copake 3,State Supreme Court Justice,3,"William T. Little, Jr.",DEM,156
Columbia,Copake 3,State Supreme Court Justice,3,"William T. Little, Jr.",WOR,17
Columbia,Copake 3,State Supreme Court Justice,3,Dana Lynn Salazar,REP,113
Columbia,Copake 3,State Supreme Court Justice,3,Dana Lynn Salazar,CON,18
Columbia,Copake 3,State Supreme Court Justice,3,Write-in,,0
Columbia,Copake 3,State Supreme Court Justice,3,Over Votes,,0
Columbia,Copake 3,State Supreme Court Justice,3,Under Votes,,12
Columbia,Copake 4,State Supreme Court Justice,3,"William T. Little, Jr.",DEM,124
Columbia,Copake 4,State Supreme Court Justice,3,"William T. Little, Jr.",WOR,18
Columbia,Copake 4,State Supreme Court Justice,3,Dana Lynn Salazar,REP,95
Columbia,Copake 4,State Supreme Court Justice,3,Dana Lynn Salazar,CON,15
Columbia,Copake 4,State Supreme Court Justice,3,Write-in,,0
Columbia,Copake 4,State Supreme Court Justice,3,Over Votes,,0
Columbia,Copake 4,State Supreme Court Justice,3,Under Votes,,13
Columbia,Gallatin 1,State Supreme Court Justice,3,"William T. Little, Jr.",DEM,140
Columbia,Gallatin 1,State Supreme Court Justice,3,"William T. Little, Jr.",WOR,31
Columbia,Gallatin 1,State Supreme Court Justice,3,Dana Lynn Salazar,REP,68
Columbia,Gallatin 1,State Supreme Court Justice,3,Dana Lynn Salazar,CON,10
Columbia,Gallatin 1,State Supreme Court Justice,3,Write-in,,0
Columbia,Gallatin 1,State Supreme Court Justice,3,Over Votes,,0
Columbia,Gallatin 1,State Supreme Court Justice,3,Under Votes,,6
Columbia,Gallatin 2,State Supreme Court Justice,3,"William T. Little, Jr.",DEM,154
Columbia,Gallatin 2,State Supreme Court Justice,3,"William T. Little, Jr.",WOR,15
Columbia,Gallatin 2,State Supreme Court Justice,3,Dana Lynn Salazar,REP,50
Columbia,Gallatin 2,State Supreme Court Justice,3,Dana Lynn Salazar,CON,10
Columbia,Gallatin 2,State Supreme Court Justice,3,Write-in,,0
Columbia,Gallatin 2,State Supreme Court Justice,3,Over Votes,,0
Columbia,Gallatin 2,State Supreme Court Justice,3,Under Votes,,8
Columbia,Germantown 1,State Supreme Court Justice,3,"William T. Little, Jr.",DEM,213
Columbia,Germantown 1,State Supreme Court Justice,3,"William T. Little, Jr.",WOR,31
Columbia,Germantown 1,State Supreme Court Justice,3,Dana Lynn Salazar,REP,112
Columbia,Germantown 1,State Supreme Court Justice,3,Dana Lynn Salazar,CON,27
Columbia,Germantown 1,State Supreme Court Justice,3,Write-in,,0
Columbia,Germantown 1,State Supreme Court Justice,3,Over Votes,,1
Columbia,Germantown 1,State Supreme Court Justice,3,Under Votes,,11
Columbia,Germantown 2,State Supreme Court Justice,3,"William T. Little, Jr.",DEM,168
Columbia,Germantown 2,State Supreme Court Justice,3,"William T. Little, Jr.",WOR,29
Columbia,Germantown 2,State Supreme Court Justice,3,Dana Lynn Salazar,REP,90
Columbia,Germantown 2,State Supreme Court Justice,3,Dana Lynn Salazar,CON,25
Columbia,Germantown 2,State Supreme Court Justice,3,Write-in,,0
Columbia,Germantown 2,State Supreme Court Justice,3,Over Votes,,0
Columbia,Germantown 2,State Supreme Court Justice,3,Under Votes,,12
Columbia,Ghent 1,State Supreme Court Justice,3,"William T. Little, Jr.",DEM,217
Columbia,Ghent 1,State Supreme Court Justice,3,"William T. Little, Jr.",WOR,30
Columbia,Ghent 1,State Supreme Court Justice,3,Dana Lynn Salazar,REP,148
Columbia,Ghent 1,State Supreme Court Justice,3,Dana Lynn Salazar,CON,13
Columbia,Ghent 1,State Supreme Court Justice,3,Write-in,,0
Columbia,Ghent 1,State Supreme Court Justice,3,Over Votes,,0
Columbia,Ghent 1,State Supreme Court Justice,3,Under Votes,,18
Columbia,Ghent 2,State Supreme Court Justice,3,"William T. Little, Jr.",DEM,251
Columbia,Ghent 2,State Supreme Court Justice,3,"William T. Little, Jr.",WOR,32
Columbia,Ghent 2,State Supreme Court Justice,3,Dana Lynn Salazar,REP,240
Columbia,Ghent 2,State Supreme Court Justice,3,Dana Lynn Salazar,CON,12
Columbia,Ghent 2,State Supreme Court Justice,3,Write-in,,0
Columbia,Ghent 2,State Supreme Court Justice,3,Over Votes,,0
Columbia,Ghent 2,State Supreme Court Justice,3,Under Votes,,24
Columbia,Ghent 3,State Supreme Court Justice,3,"William T. Little, Jr.",DEM,188
Columbia,Ghent 3,State Supreme Court Justice,3,"William T. Little, Jr.",WOR,24
Columbia,Ghent 3,State Supreme Court Justice,3,Dana Lynn Salazar,REP,173
Columbia,Ghent 3,State Supreme Court Justice,3,Dana Lynn Salazar,CON,12
Columbia,Ghent 3,State Supreme Court Justice,3,Write-in,,0
Columbia,Ghent 3,State Supreme Court Justice,3,Over Votes,,0
Columbia,Ghent 3,State Supreme Court Justice,3,Under Votes,,11
Columbia,Ghent 4,State Supreme Court Justice,3,"William T. Little, Jr.",DEM,246
Columbia,Ghent 4,State Supreme Court Justice,3,"William T. Little, Jr.",WOR,30
Columbia,Ghent 4,State Supreme Court Justice,3,Dana Lynn Salazar,REP,138
Columbia,Ghent 4,State Supreme Court Justice,3,Dana Lynn Salazar,CON,13
Columbia,Ghent 4,State Supreme Court Justice,3,Write-in,,0
Columbia,Ghent 4,State Supreme Court Justice,3,Over Votes,,0
Columbia,Ghent 4,State Supreme Court Justice,3,Under Votes,,14
Columbia,Ghent 5,State Supreme Court Justice,3,"William T. Little, Jr.",DEM,147
Columbia,Ghent 5,State Supreme Court Justice,3,"William T. Little, Jr.",WOR,8
Columbia,Ghent 5,State Supreme Court Justice,3,Dana Lynn Salazar,REP,201
Columbia,Ghent 5,State Supreme Court Justice,3,Dana Lynn Salazar,CON,16
Columbia,Ghent 5,State Supreme Court Justice,3,Write-in,,0
Columbia,Ghent 5,State Supreme Court Justice,3,Over Votes,,1
Columbia,Ghent 5,State Supreme Court Justice,3,Under Votes,,6
Columbia,Greenport 1,State Supreme Court Justice,3,"William T. Little, Jr.",DEM,113
Columbia,Greenport 1,State Supreme Court Justice,3,"William T. Little, Jr.",WOR,11
Columbia,Greenport 1,State Supreme Court Justice,3,Dana Lynn Salazar,REP,94
Columbia,Greenport 1,State Supreme Court Justice,3,Dana Lynn Salazar,CON,19
Columbia,Greenport 1,State Supreme Court Justice,3,Write-in,,0
Columbia,Greenport 1,State Supreme Court Justice,3,Over Votes,,0
Columbia,Greenport 1,State Supreme Court Justice,3,Under Votes,,20
Columbia,Greenport 2,State Supreme Court Justice,3,"William T. Little, Jr.",DEM,141
Columbia,Greenport 2,State Supreme Court Justice,3,"William T. Little, Jr.",WOR,23
Columbia,Greenport 2,State Supreme Court Justice,3,Dana Lynn Salazar,REP,85
Columbia,Greenport 2,State Supreme Court Justice,3,Dana Lynn Salazar,CON,29
Columbia,Greenport 2,State Supreme Court Justice,3,Write-in,,0
Columbia,Greenport 2,State Supreme Court Justice,3,Over Votes,,0
Columbia,Greenport 2,State Supreme Court Justice,3,Under Votes,,16
Columbia,Greenport 3,State Supreme Court Justice,3,"William T. Little, Jr.",DEM,144
Columbia,Greenport 3,State Supreme Court Justice,3,"William T. Little, Jr.",WOR,21
Columbia,Greenport 3,State Supreme Court Justice,3,Dana Lynn Salazar,REP,168
Columbia,Greenport 3,State Supreme Court Justice,3,Dana Lynn Salazar,CON,31
Columbia,Greenport 3,State Supreme Court Justice,3,Write-in,,1
Columbia,Greenport 3,State Supreme Court Justice,3,Over Votes,,0
Columbia,Greenport 3,State Supreme Court Justice,3,Under Votes,,36
Columbia,Greenport 4,State Supreme Court Justice,3,"William T. Little, Jr.",DEM,85
Columbia,Greenport 4,State Supreme Court Justice,3,"William T. Little, Jr.",WOR,14
Columbia,Greenport 4,State Supreme Court Justice,3,Dana Lynn Salazar,REP,78
Columbia,Greenport 4,State Supreme Court Justice,3,Dana Lynn Salazar,CON,13
Columbia,Greenport 4,State Supreme Court Justice,3,Write-in,,0
Columbia,Greenport 4,State Supreme Court Justice,3,Over Votes,,1
Columbia,Greenport 4,State Supreme Court Justice,3,Under Votes,,16
Columbia,Hillsdale 1,State Supreme Court Justice,3,"William T. Little, Jr.",DEM,235
Columbia,Hillsdale 1,State Supreme Court Justice,3,"William T. Little, Jr.",WOR,24
Columbia,Hillsdale 1,State Supreme Court Justice,3,Dana Lynn Salazar,REP,80
Columbia,Hillsdale 1,State Supreme Court Justice,3,Dana Lynn Salazar,CON,18
Columbia,Hillsdale 1,State Supreme Court Justice,3,Write-in,,0
Columbia,Hillsdale 1,State Supreme Court Justice,3,Over Votes,,0
Columbia,Hillsdale 1,State Supreme Court Justice,3,Under Votes,,14
Columbia,Hillsdale 2,State Supreme Court Justice,3,"William T. Little, Jr.",DEM,223
Columbia,Hillsdale 2,State Supreme Court Justice,3,"William T. Little, Jr.",WOR,38
Columbia,Hillsdale 2,State Supreme Court Justice,3,Dana Lynn Salazar,REP,81
Columbia,Hillsdale 2,State Supreme Court Justice,3,Dana Lynn Salazar,CON,17
Columbia,Hillsdale 2,State Supreme Court Justice,3,Write-in,,0
Columbia,Hillsdale 2,State Supreme Court Justice,3,Over Votes,,0
Columbia,Hillsdale 2,State Supreme Court Justice,3,Under Votes,,9
Columbia,Kinderhook 1,State Supreme Court Justice,3,"William T. Little, Jr.",DEM,221
Columbia,Kinderhook 1,State Supreme Court Justice,3,"William T. Little, Jr.",WOR,31
Columbia,Kinderhook 1,State Supreme Court Justice,3,Dana Lynn Salazar,REP,105
Columbia,Kinderhook 1,State Supreme Court Justice,3,Dana Lynn Salazar,CON,20
Columbia,Kinderhook 1,State Supreme Court Justice,3,Write-in,,0
Columbia,Kinderhook 1,State Supreme Court Justice,3,Over Votes,,0
Columbia,Kinderhook 1,State Supreme Court Justice,3,Under Votes,,9
Columbia,Kinderhook 2,State Supreme Court Justice,3,"William T. Little, Jr.",DEM,187
Columbia,Kinderhook 2,State Supreme Court Justice,3,"William T. Little, Jr.",WOR,21
Columbia,Kinderhook 2,State Supreme Court Justice,3,Dana Lynn Salazar,REP,94
Columbia,Kinderhook 2,State Supreme Court Justice,3,Dana Lynn Salazar,CON,29
Columbia,Kinderhook 2,State Supreme Court Justice,3,Write-in,,0
Columbia,Kinderhook 2,State Supreme Court Justice,3,Over Votes,,0
Columbia,Kinderhook 2,State Supreme Court Justice,3,Under Votes,,11
Columbia,Kinderhook 3,State Supreme Court Justice,3,"William T. Little, Jr.",DEM,194
Columbia,Kinderhook 3,State Supreme Court Justice,3,"William T. Little, Jr.",WOR,28
Columbia,Kinderhook 3,State Supreme Court Justice,3,Dana Lynn Salazar,REP,165
Columbia,Kinderhook 3,State Supreme Court Justice,3,Dana Lynn Salazar,CON,40
Columbia,Kinderhook 3,State Supreme Court Justice,3,Write-in,,0
Columbia,Kinderhook 3,State Supreme Court Justice,3,Over Votes,,1
Columbia,Kinderhook 3,State Supreme Court Justice,3,Under Votes,,12
Columbia,Kinderhook 4,State Supreme Court Justice,3,"William T. Little, Jr.",DEM,178
Columbia,Kinderhook 4,State Supreme Court Justice,3,"William T. Little, Jr.",WOR,15
Columbia,Kinderhook 4,State Supreme Court Justice,3,Dana Lynn Salazar,REP,172
Columbia,Kinderhook 4,State Supreme Court Justice,3,Dana Lynn Salazar,CON,47
Columbia,Kinderhook 4,State Supreme Court Justice,3,Write-in,,0
Columbia,Kinderhook 4,State Supreme Court Justice,3,Over Votes,,0
Columbia,Kinderhook 4,State Supreme Court Justice,3,Under Votes,,5
Columbia,Kinderhook 5,State Supreme Court Justice,3,"William T. Little, Jr.",DEM,184
Columbia,Kinderhook 5,State Supreme Court Justice,3,"William T. Little, Jr.",WOR,21
Columbia,Kinderhook 5,State Supreme Court Justice,3,Dana Lynn Salazar,REP,202
Columbia,Kinderhook 5,State Supreme Court Justice,3,Dana Lynn Salazar,CON,53
Columbia,Kinderhook 5,State Supreme Court Justice,3,Write-in,,0
Columbia,Kinderhook 5,State Supreme Court Justice,3,Over Votes,,0
Columbia,Kinderhook 5,State Supreme Court Justice,3,Under Votes,,15
Columbia,Kinderhook 6,State Supreme Court Justice,3,"William T. Little, Jr.",DEM,131
Columbia,Kinderhook 6,State Supreme Court Justice,3,"William T. Little, Jr.",WOR,15
Columbia,Kinderhook 6,State Supreme Court Justice,3,Dana Lynn Salazar,REP,137
Columbia,Kinderhook 6,State Supreme Court Justice,3,Dana Lynn Salazar,CON,35
Columbia,Kinderhook 6,State Supreme Court Justice,3,Write-in,,0
Columbia,Kinderhook 6,State Supreme Court Justice,3,Over Votes,,0
Columbia,Kinderhook 6,State Supreme Court Justice,3,Under Votes,,8
Columbia,Kinderhook 7,State Supreme Court Justice,3,"William T. Little, Jr.",DEM,186
Columbia,Kinderhook 7,State Supreme Court Justice,3,"William T. Little, Jr.",WOR,32
Columbia,Kinderhook 7,State Supreme Court Justice,3,Dana Lynn Salazar,REP,213
Columbia,Kinderhook 7,State Supreme Court Justice,3,Dana Lynn Salazar,CON,45
Columbia,Kinderhook 7,State Supreme Court Justice,3,Write-in,,0
Columbia,Kinderhook 7,State Supreme Court Justice,3,Over Votes,,0
Columbia,Kinderhook 7,State Supreme Court Justice,3,Under Votes,,11
Columbia,Kinderhook 8,State Supreme Court Justice,3,"William T. Little, Jr.",DEM,192
Columbia,Kinderhook 8,State Supreme Court Justice,3,"William T. Little, Jr.",WOR,19
Columbia,Kinderhook 8,State Supreme Court Justice,3,Dana Lynn Salazar,REP,188
Columbia,Kinderhook 8,State Supreme Court Justice,3,Dana Lynn Salazar,CON,34
Columbia,Kinderhook 8,State Supreme Court Justice,3,Write-in,,0
Columbia,Kinderhook 8,State Supreme Court Justice,3,Over Votes,,0
Columbia,Kinderhook 8,State Supreme Court Justice,3,Under Votes,,8
Columbia,Livingston 1,State Supreme Court Justice,3,"William T. Little, Jr.",DEM,184
Columbia,Livingston 1,State Supreme Court Justice,3,"William T. Little, Jr.",WOR,19
Columbia,Livingston 1,State Supreme Court Justice,3,Dana Lynn Salazar,REP,184
Columbia,Livingston 1,State Supreme Court Justice,3,Dana Lynn Salazar,CON,21
Columbia,Livingston 1,State Supreme Court Justice,3,Write-in,,0
Columbia,Livingston 1,State Supreme Court Justice,3,Over Votes,,0
Columbia,Livingston 1,State Supreme Court Justice,3,Under Votes,,21
Columbia,Livingston 2,State Supreme Court Justice,3,"William T. Little, Jr.",DEM,116
Columbia,Livingston 2,State Supreme Court Justice,3,"William T. Little, Jr.",WOR,13
Columbia,Livingston 2,State Supreme Court Justice,3,Dana Lynn Salazar,REP,93
Columbia,Livingston 2,State Supreme Court Justice,3,Dana Lynn Salazar,CON,26
Columbia,Livingston 2,State Supreme Court Justice,3,Write-in,,0
Columbia,Livingston 2,State Supreme Court Justice,3,Over Votes,,0
Columbia,Livingston 2,State Supreme Court Justice,3,Under Votes,,9
Columbia,Livingston 3,State Supreme Court Justice,3,"William T. Little, Jr.",DEM,125
Columbia,Livingston 3,State Supreme Court Justice,3,"William T. Little, Jr.",WOR,17
Columbia,Livingston 3,State Supreme Court Justice,3,Dana Lynn Salazar,REP,128
Columbia,Livingston 3,State Supreme Court Justice,3,Dana Lynn Salazar,CON,19
Columbia,Livingston 3,State Supreme Court Justice,3,Write-in,,0
Columbia,Livingston 3,State Supreme Court Justice,3,Over Votes,,0
Columbia,Livingston 3,State Supreme Court Justice,3,Under Votes,,12
Columbia,Livingston 4,State Supreme Court Justice,3,"William T. Little, Jr.",DEM,83
Columbia,Livingston 4,State Supreme Court Justice,3,"William T. Little, Jr.",WOR,9
Columbia,Livingston 4,State Supreme Court Justice,3,Dana Lynn Salazar,REP,73
Columbia,Livingston 4,State Supreme Court Justice,3,Dana Lynn Salazar,CON,14
Columbia,Livingston 4,State Supreme Court Justice,3,Write-in,,0
Columbia,Livingston 4,State Supreme Court Justice,3,Over Votes,,0
Columbia,Livingston 4,State Supreme Court Justice,3,Under Votes,,2
Columbia,New Lebanon 1,State Supreme Court Justice,3,"William T. Little, Jr.",DEM,244
Columbia,New Lebanon 1,State Supreme Court Justice,3,"William T. Little, Jr.",WOR,28
Columbia,New Lebanon 1,State Supreme Court Justice,3,Dana Lynn Salazar,REP,192
Columbia,New Lebanon 1,State Supreme Court Justice,3,Dana Lynn Salazar,CON,28
Columbia,New Lebanon 1,State Supreme Court Justice,3,Write-in,,0
Columbia,New Lebanon 1,State Supreme Court Justice,3,Over Votes,,0
Columbia,New Lebanon 1,State Supreme Court Justice,3,Under Votes,,14
Columbia,New Lebanon 2,State Supreme Court Justice,3,"William T. Little, Jr.",DEM,253
Columbia,New Lebanon 2,State Supreme Court Justice,3,"William T. Little, Jr.",WOR,23
Columbia,New Lebanon 2,State Supreme Court Justice,3,Dana Lynn Salazar,REP,215
Columbia,New Lebanon 2,State Supreme Court Justice,3,Dana Lynn Salazar,CON,45
Columbia,New Lebanon 2,State Supreme Court Justice,3,Write-in,,0
Columbia,New Lebanon 2,State Supreme Court Justice,3,Over Votes,,0
Columbia,New Lebanon 2,State Supreme Court Justice,3,Under Votes,,10
Columbia,Stockport 1,State Supreme Court Justice,3,"William T. Little, Jr.",DEM,132
Columbia,Stockport 1,State Supreme Court Justice,3,"William T. Little, Jr.",WOR,18
Columbia,Stockport 1,State Supreme Court Justice,3,Dana Lynn Salazar,REP,198
Columbia,Stockport 1,State Supreme Court Justice,3,Dana Lynn Salazar,CON,48
Columbia,Stockport 1,State Supreme Court Justice,3,Write-in,,0
Columbia,Stockport 1,State Supreme Court Justice,3,Over Votes,,1
Columbia,Stockport 1,State Supreme Court Justice,3,Under Votes,,24
Columbia,Stockport 2,State Supreme Court Justice,3,"William T. Little, Jr.",DEM,115
Columbia,Stockport 2,State Supreme Court Justice,3,"William T. Little, Jr.",WOR,16
Columbia,Stockport 2,State Supreme Court Justice,3,Dana Lynn Salazar,REP,160
Columbia,Stockport 2,State Supreme Court Justice,3,Dana Lynn Salazar,CON,41
Columbia,Stockport 2,State Supreme Court Justice,3,Write-in,,1
Columbia,Stockport 2,State Supreme Court Justice,3,Over Votes,,0
Columbia,Stockport 2,State Supreme Court Justice,3,Under Votes,,20
Columbia,Stuyvesant 1,State Supreme Court Justice,3,"William T. Little, Jr.",DEM,144
Columbia,Stuyvesant 1,State Supreme Court Justice,3,"William T. Little, Jr.",WOR,11
Columbia,Stuyvesant 1,State Supreme Court Justice,3,Dana Lynn Salazar,REP,117
Columbia,Stuyvesant 1,State Supreme Court Justice,3,Dana Lynn Salazar,CON,36
Columbia,Stuyvesant 1,State Supreme Court Justice,3,Write-in,,0
Columbia,Stuyvesant 1,State Supreme Court Justice,3,Over Votes,,0
Columbia,Stuyvesant 1,State Supreme Court Justice,3,Under Votes,,7
Columbia,Stuyvesant 2,State Supreme Court Justice,3,"William T. Little, Jr.",DEM,190
Columbia,Stuyvesant 2,State Supreme Court Justice,3,"William T. Little, Jr.",WOR,21
Columbia,Stuyvesant 2,State Supreme Court Justice,3,Dana Lynn Salazar,REP,193
Columbia,Stuyvesant 2,State Supreme Court Justice,3,Dana Lynn Salazar,CON,46
Columbia,Stuyvesant 2,State Supreme Court Justice,3,Write-in,,0
Columbia,Stuyvesant 2,State Supreme Court Justice,3,Over Votes,,0
Columbia,Stuyvesant 2,State Supreme Court Justice,3,Under Votes,,14
Columbia,Taghkanic 1,State Supreme Court Justice,3,"William T. Little, Jr.",DEM,266
Columbia,Taghkanic 1,State Supreme Court Justice,3,"William T. Little, Jr.",WOR,36
Columbia,Taghkanic 1,State Supreme Court Justice,3,Dana Lynn Salazar,REP,158
Columbia,Taghkanic 1,State Supreme Court Justice,3,Dana Lynn Salazar,CON,42
Columbia,Taghkanic 1,State Supreme Court Justice,3,Write-in,,0
Columbia,Taghkanic 1,State Supreme Court Justice,3,Over Votes,,0
Columbia,Taghkanic 1,State Supreme Court Justice,3,Under Votes,,14
Columbia,Hudson 1st Ward,"Proposal Number One, a State Constitutional Amendment",,Yes,,225
Columbia,Hudson 1st Ward,"Proposal Number One, a State Constitutional Amendment",,No,,170
Columbia,Hudson 1st Ward,"Proposal Number One, a State Constitutional Amendment",,Over Votes,,0
Columbia,Hudson 1st Ward,"Proposal Number One, a State Constitutional Amendment",,Under Votes,,64
Columbia,Hudson 2nd Ward,"Proposal Number One, a State Constitutional Amendment",,Yes,,136
Columbia,Hudson 2nd Ward,"Proposal Number One, a State Constitutional Amendment",,No,,80
Columbia,Hudson 2nd Ward,"Proposal Number One, a State Constitutional Amendment",,Over Votes,,0
Columbia,Hudson 2nd Ward,"Proposal Number One, a State Constitutional Amendment",,Under Votes,,96
Columbia,Hudson 3rd Ward,"Proposal Number One, a State Constitutional Amendment",,Yes,,231
Columbia,Hudson 3rd Ward,"Proposal Number One, a State Constitutional Amendment",,No,,151
Columbia,Hudson 3rd Ward,"Proposal Number One, a State Constitutional Amendment",,Over Votes,,0
Columbia,Hudson 3rd Ward,"Proposal Number One, a State Constitutional Amendment",,Under Votes,,39
Columbia,Hudson 4th Ward,"Proposal Number One, a State Constitutional Amendment",,Yes,,190
Columbia,Hudson 4th Ward,"Proposal Number One, a State Constitutional Amendment",,No,,119
Columbia,Hudson 4th Ward,"Proposal Number One, a State Constitutional Amendment",,Over Votes,,1
Columbia,Hudson 4th Ward,"Proposal Number One, a State Constitutional Amendment",,Under Votes,,41
Columbia,Hudson 5th Ward,"Proposal Number One, a State Constitutional Amendment",,Yes,,223
Columbia,Hudson 5th Ward,"Proposal Number One, a State Constitutional Amendment",,No,,142
Columbia,Hudson 5th Ward,"Proposal Number One, a State Constitutional Amendment",,Over Votes,,0
Columbia,Hudson 5th Ward,"Proposal Number One, a State Constitutional Amendment",,Under Votes,,100
Columbia,Ancram 1,"Proposal Number One, a State Constitutional Amendment",,Yes,,228
Columbia,Ancram 1,"Proposal Number One, a State Constitutional Amendment",,No,,181
Columbia,Ancram 1,"Proposal Number One, a State Constitutional Amendment",,Over Votes,,0
Columbia,Ancram 1,"Proposal Number One, a State Constitutional Amendment",,Under Votes,,20
Columbia,Ancram 2,"Proposal Number One, a State Constitutional Amendment",,Yes,,164
Columbia,Ancram 2,"Proposal Number One, a State Constitutional Amendment",,No,,144
Columbia,Ancram 2,"Proposal Number One, a State Constitutional Amendment",,Over Votes,,0
Columbia,Ancram 2,"Proposal Number One, a State Constitutional Amendment",,Under Votes,,14
Columbia,Austerlitz 1,"Proposal Number One, a State Constitutional Amendment",,Yes,,247
Columbia,Austerlitz 1,"Proposal Number One, a State Constitutional Amendment",,No,,165
Columbia,Austerlitz 1,"Proposal Number One, a State Constitutional Amendment",,Over Votes,,0
Columbia,Austerlitz 1,"Proposal Number One, a State Constitutional Amendment",,Under Votes,,42
Columbia,Austerlitz 2,"Proposal Number One, a State Constitutional Amendment",,Yes,,218
Columbia,Austerlitz 2,"Proposal Number One, a State Constitutional Amendment",,No,,126
Columbia,Austerlitz 2,"Proposal Number One, a State Constitutional Amendment",,Over Votes,,1
Columbia,Austerlitz 2,"Proposal Number One, a State Constitutional Amendment",,Under Votes,,33
Columbia,Canaan 1,"Proposal Number One, a State Constitutional Amendment",,Yes,,231
Columbia,Canaan 1,"Proposal Number One, a State Constitutional Amendment",,No,,120
Columbia,Canaan 1,"Proposal Number One, a State Constitutional Amendment",,Over Votes,,0
Columbia,Canaan 1,"Proposal Number One, a State Constitutional Amendment",,Under Votes,,20
Columbia,Canaan 2,"Proposal Number One, a State Constitutional Amendment",,Yes,,242
Columbia,Canaan 2,"Proposal Number One, a State Constitutional Amendment",,No,,122
Columbia,Canaan 2,"Proposal Number One, a State Constitutional Amendment",,Over Votes,,0
Columbia,Canaan 2,"Proposal Number One, a State Constitutional Amendment",,Under Votes,,14
Columbia,Chatham 1,"Proposal Number One, a State Constitutional Amendment",,Yes,,290
Columbia,Chatham 1,"Proposal Number One, a State Constitutional Amendment",,No,,179
Columbia,Chatham 1,"Proposal Number One, a State Constitutional Amendment",,Over Votes,,0
Columbia,Chatham 1,"Proposal Number One, a State Constitutional Amendment",,Under Votes,,23
Columbia,Chatham 2,"Proposal Number One, a State Constitutional Amendment",,Yes,,161
Columbia,Chatham 2,"Proposal Number One, a State Constitutional Amendment",,No,,91
Columbia,Chatham 2,"Proposal Number One, a State Constitutional Amendment",,Over Votes,,0
Columbia,Chatham 2,"Proposal Number One, a State Constitutional Amendment",,Under Votes,,10
Columbia,Chatham 3,"Proposal Number One, a State Constitutional Amendment",,Yes,,207
Columbia,Chatham 3,"Proposal Number One, a State Constitutional Amendment",,No,,122
Columbia,Chatham 3,"Proposal Number One, a State Constitutional Amendment",,Over Votes,,0
Columbia,Chatham 3,"Proposal Number One, a State Constitutional Amendment",,Under Votes,,16
Columbia,Chatham 4,"Proposal Number One, a State Constitutional Amendment",,Yes,,228
Columbia,Chatham 4,"Proposal Number One, a State Constitutional Amendment",,No,,114
Columbia,Chatham 4,"Proposal Number One, a State Constitutional Amendment",,Over Votes,,0
Columbia,Chatham 4,"Proposal Number One, a State Constitutional Amendment",,Under Votes,,17
Columbia,Chatham 5,"Proposal Number One, a State Constitutional Amendment",,Yes,,134
Columbia,Chatham 5,"Proposal Number One, a State Constitutional Amendment",,No,,88
Columbia,Chatham 5,"Proposal Number One, a State Constitutional Amendment",,Over Votes,,0
Columbia,Chatham 5,"Proposal Number One, a State Constitutional Amendment",,Under Votes,,16
Columbia,Chatham 6,"Proposal Number One, a State Constitutional Amendment",,Yes,,85
Columbia,Chatham 6,"Proposal Number One, a State Constitutional Amendment",,No,,36
Columbia,Chatham 6,"Proposal Number One, a State Constitutional Amendment",,Over Votes,,1
Columbia,Chatham 6,"Proposal Number One, a State Constitutional Amendment",,Under Votes,,5
Columbia,Claverack 1,"Proposal Number One, a State Constitutional Amendment",,Yes,,236
Columbia,Claverack 1,"Proposal Number One, a State Constitutional Amendment",,No,,146
Columbia,Claverack 1,"Proposal Number One, a State Constitutional Amendment",,Over Votes,,0
Columbia,Claverack 1,"Proposal Number One, a State Constitutional Amendment",,Under Votes,,37
Columbia,Claverack 2,"Proposal Number One, a State Constitutional Amendment",,Yes,,267
Columbia,Claverack 2,"Proposal Number One, a State Constitutional Amendment",,No,,174
Columbia,Claverack 2,"Proposal Number One, a State Constitutional Amendment",,Over Votes,,0
Columbia,Claverack 2,"Proposal Number One, a State Constitutional Amendment",,Under Votes,,31
Columbia,Claverack 3,"Proposal Number One, a State Constitutional Amendment",,Yes,,231
Columbia,Claverack 3,"Proposal Number One, a State Constitutional Amendment",,No,,178
Columbia,Claverack 3,"Proposal Number One, a State Constitutional Amendment",,Over Votes,,0
Columbia,Claverack 3,"Proposal Number One, a State Constitutional Amendment",,Under Votes,,10
Columbia,Claverack 4,"Proposal Number One, a State Constitutional Amendment",,Yes,,244
Columbia,Claverack 4,"Proposal Number One, a State Constitutional Amendment",,No,,167
Columbia,Claverack 4,"Proposal Number One, a State Constitutional Amendment",,Over Votes,,0
Columbia,Claverack 4,"Proposal Number One, a State Constitutional Amendment",,Under Votes,,21
Columbia,Claverack 5,"Proposal Number One, a State Constitutional Amendment",,Yes,,250
Columbia,Claverack 5,"Proposal Number One, a State Constitutional Amendment",,No,,156
Columbia,Claverack 5,"Proposal Number One, a State Constitutional Amendment",,Over Votes,,0
Columbia,Claverack 5,"Proposal Number One, a State Constitutional Amendment",,Under Votes,,22
Columbia,Clermont 1,"Proposal Number One, a State Constitutional Amendment",,Yes,,176
Columbia,Clermont 1,"Proposal Number One, a State Constitutional Amendment",,No,,148
Columbia,Clermont 1,"Proposal Number One, a State Constitutional Amendment",,Over Votes,,0
Columbia,Clermont 1,"Proposal Number One, a State Constitutional Amendment",,Under Votes,,24
Columbia,Clermont 2,"Proposal Number One, a State Constitutional Amendment",,Yes,,169
Columbia,Clermont 2,"Proposal Number One, a State Constitutional Amendment",,No,,137
Columbia,Clermont 2,"Proposal Number One, a State Constitutional Amendment",,Over Votes,,0
Columbia,Clermont 2,"Proposal Number One, a State Constitutional Amendment",,Under Votes,,16
Columbia,Copake 1,"Proposal Number One, a State Constitutional Amendment",,Yes,,230
Columbia,Copake 1,"Proposal Number One, a State Constitutional Amendment",,No,,130
Columbia,Copake 1,"Proposal Number One, a State Constitutional Amendment",,Over Votes,,0
Columbia,Copake 1,"Proposal Number One, a State Constitutional Amendment",,Under Votes,,17
Columbia,Copake 2,"Proposal Number One, a State Constitutional Amendment",,Yes,,154
Columbia,Copake 2,"Proposal Number One, a State Constitutional Amendment",,No,,118
Columbia,Copake 2,"Proposal Number One, a State Constitutional Amendment",,Over Votes,,0
Columbia,Copake 2,"Proposal Number One, a State Constitutional Amendment",,Under Votes,,5
Columbia,Copake 3,"Proposal Number One, a State Constitutional Amendment",,Yes,,203
Columbia,Copake 3,"Proposal Number One, a State Constitutional Amendment",,No,,103
Columbia,Copake 3,"Proposal Number One, a State Constitutional Amendment",,Over Votes,,0
Columbia,Copake 3,"Proposal Number One, a State Constitutional Amendment",,Under Votes,,10
Columbia,Copake 4,"Proposal Number One, a State Constitutional Amendment",,Yes,,151
Columbia,Copake 4,"Proposal Number One, a State Constitutional Amendment",,No,,103
Columbia,Copake 4,"Proposal Number One, a State Constitutional Amendment",,Over Votes,,0
Columbia,Copake 4,"Proposal Number One, a State Constitutional Amendment",,Under Votes,,11
Columbia,Gallatin 1,"Proposal Number One, a State Constitutional Amendment",,Yes,,152
Columbia,Gallatin 1,"Proposal Number One, a State Constitutional Amendment",,No,,84
Columbia,Gallatin 1,"Proposal Number One, a State Constitutional Amendment",,Over Votes,,1
Columbia,Gallatin 1,"Proposal Number One, a State Constitutional Amendment",,Under Votes,,18
Columbia,Gallatin 2,"Proposal Number One, a State Constitutional Amendment",,Yes,,112
Columbia,Gallatin 2,"Proposal Number One, a State Constitutional Amendment",,No,,96
Columbia,Gallatin 2,"Proposal Number One, a State Constitutional Amendment",,Over Votes,,0
Columbia,Gallatin 2,"Proposal Number One, a State Constitutional Amendment",,Under Votes,,29
Columbia,Germantown 1,"Proposal Number One, a State Constitutional Amendment",,Yes,,211
Columbia,Germantown 1,"Proposal Number One, a State Constitutional Amendment",,No,,153
Columbia,Germantown 1,"Proposal Number One, a State Constitutional Amendment",,Over Votes,,0
Columbia,Germantown 1,"Proposal Number One, a State Constitutional Amendment",,Under Votes,,31
Columbia,Germantown 2,"Proposal Number One, a State Constitutional Amendment",,Yes,,200
Columbia,Germantown 2,"Proposal Number One, a State Constitutional Amendment",,No,,102
Columbia,Germantown 2,"Proposal Number One, a State Constitutional Amendment",,Over Votes,,0
Columbia,Germantown 2,"Proposal Number One, a State Constitutional Amendment",,Under Votes,,22
Columbia,Ghent 1,"Proposal Number One, a State Constitutional Amendment",,Yes,,249
Columbia,Ghent 1,"Proposal Number One, a State Constitutional Amendment",,No,,150
Columbia,Ghent 1,"Proposal Number One, a State Constitutional Amendment",,Over Votes,,0
Columbia,Ghent 1,"Proposal Number One, a State Constitutional Amendment",,Under Votes,,27
Columbia,Ghent 2,"Proposal Number One, a State Constitutional Amendment",,Yes,,306
Columbia,Ghent 2,"Proposal Number One, a State Constitutional Amendment",,No,,218
Columbia,Ghent 2,"Proposal Number One, a State Constitutional Amendment",,Over Votes,,0
Columbia,Ghent 2,"Proposal Number One, a State Constitutional Amendment",,Under Votes,,35
Columbia,Ghent 3,"Proposal Number One, a State Constitutional Amendment",,Yes,,219
Columbia,Ghent 3,"Proposal Number One, a State Constitutional Amendment",,No,,174
Columbia,Ghent 3,"Proposal Number One, a State Constitutional Amendment",,Over Votes,,0
Columbia,Ghent 3,"Proposal Number One, a State Constitutional Amendment",,Under Votes,,15
Columbia,Ghent 4,"Proposal Number One, a State Constitutional Amendment",,Yes,,255
Columbia,Ghent 4,"Proposal Number One, a State Constitutional Amendment",,No,,163
Columbia,Ghent 4,"Proposal Number One, a State Constitutional Amendment",,Over Votes,,0
Columbia,Ghent 4,"Proposal Number One, a State Constitutional Amendment",,Under Votes,,23
Columbia,Ghent 5,"Proposal Number One, a State Constitutional Amendment",,Yes,,225
Columbia,Ghent 5,"Proposal Number One, a State Constitutional Amendment",,No,,137
Columbia,Ghent 5,"Proposal Number One, a State Constitutional Amendment",,Over Votes,,0
Columbia,Ghent 5,"Proposal Number One, a State Constitutional Amendment",,Under Votes,,17
Columbia,Greenport 1,"Proposal Number One, a State Constitutional Amendment",,Yes,,150
Columbia,Greenport 1,"Proposal Number One, a State Constitutional Amendment",,No,,96
Columbia,Greenport 1,"Proposal Number One, a State Constitutional Amendment",,Over Votes,,0
Columbia,Greenport 1,"Proposal Number One, a State Constitutional Amendment",,Under Votes,,11
Columbia,Greenport 2,"Proposal Number One, a State Constitutional Amendment",,Yes,,164
Columbia,Greenport 2,"Proposal Number One, a State Constitutional Amendment",,No,,112
Columbia,Greenport 2,"Proposal Number One, a State Constitutional Amendment",,Over Votes,,0
Columbia,Greenport 2,"Proposal Number One, a State Constitutional Amendment",,Under Votes,,18
Columbia,Greenport 3,"Proposal Number One, a State Constitutional Amendment",,Yes,,214
Columbia,Greenport 3,"Proposal Number One, a State Constitutional Amendment",,No,,169
Columbia,Greenport 3,"Proposal Number One, a State Constitutional Amendment",,Over Votes,,0
Columbia,Greenport 3,"Proposal Number One, a State Constitutional Amendment",,Under Votes,,18
Columbia,Greenport 4,"Proposal Number One, a State Constitutional Amendment",,Yes,,128
Columbia,Greenport 4,"Proposal Number One, a State Constitutional Amendment",,No,,64
Columbia,Greenport 4,"Proposal Number One, a State Constitutional Amendment",,Over Votes,,0
Columbia,Greenport 4,"Proposal Number One, a State Constitutional Amendment",,Under Votes,,15
Columbia,Hillsdale 1,"Proposal Number One, a State Constitutional Amendment",,Yes,,222
Columbia,Hillsdale 1,"Proposal Number One, a State Constitutional Amendment",,No,,126
Columbia,Hillsdale 1,"Proposal Number One, a State Constitutional Amendment",,Over Votes,,0
Columbia,Hillsdale 1,"Proposal Number One, a State Constitutional Amendment",,Under Votes,,23
Columbia,Hillsdale 2,"Proposal Number One, a State Constitutional Amendment",,Yes,,233
Columbia,Hillsdale 2,"Proposal Number One, a State Constitutional Amendment",,No,,124
Columbia,Hillsdale 2,"Proposal Number One, a State Constitutional Amendment",,Over Votes,,0
Columbia,Hillsdale 2,"Proposal Number One, a State Constitutional Amendment",,Under Votes,,11
Columbia,Kinderhook 1,"Proposal Number One, a State Constitutional Amendment",,Yes,,259
Columbia,Kinderhook 1,"Proposal Number One, a State Constitutional Amendment",,No,,112
Columbia,Kinderhook 1,"Proposal Number One, a State Constitutional Amendment",,Over Votes,,0
Columbia,Kinderhook 1,"Proposal Number One, a State Constitutional Amendment",,Under Votes,,15
Columbia,Kinderhook 2,"Proposal Number One, a State Constitutional Amendment",,Yes,,208
Columbia,Kinderhook 2,"Proposal Number One, a State Constitutional Amendment",,No,,120
Columbia,Kinderhook 2,"Proposal Number One, a State Constitutional Amendment",,Over Votes,,0
Columbia,Kinderhook 2,"Proposal Number One, a State Constitutional Amendment",,Under Votes,,14
Columbia,Kinderhook 3,"Proposal Number One, a State Constitutional Amendment",,Yes,,246
Columbia,Kinderhook 3,"Proposal Number One, a State Constitutional Amendment",,No,,186
Columbia,Kinderhook 3,"Proposal Number One, a State Constitutional Amendment",,Over Votes,,0
Columbia,Kinderhook 3,"Proposal Number One, a State Constitutional Amendment",,Under Votes,,8
Columbia,Kinderhook 4,"Proposal Number One, a State Constitutional Amendment",,Yes,,244
Columbia,Kinderhook 4,"Proposal Number One, a State Constitutional Amendment",,No,,167
Columbia,Kinderhook 4,"Proposal Number One, a State Constitutional Amendment",,Over Votes,,0
Columbia,Kinderhook 4,"Proposal Number One, a State Constitutional Amendment",,Under Votes,,6
Columbia,Kinderhook 5,"Proposal Number One, a State Constitutional Amendment",,Yes,,271
Columbia,Kinderhook 5,"Proposal Number One, a State Constitutional Amendment",,No,,189
Columbia,Kinderhook 5,"Proposal Number One, a State Constitutional Amendment",,Over Votes,,0
Columbia,Kinderhook 5,"Proposal Number One, a State Constitutional Amendment",,Under Votes,,15
Columbia,Kinderhook 6,"Proposal Number One, a State Constitutional Amendment",,Yes,,160
Columbia,Kinderhook 6,"Proposal Number One, a State Constitutional Amendment",,No,,158
Columbia,Kinderhook 6,"Proposal Number One, a State Constitutional Amendment",,Over Votes,,0
Columbia,Kinderhook 6,"Proposal Number One, a State Constitutional Amendment",,Under Votes,,8
Columbia,Kinderhook 7,"Proposal Number One, a State Constitutional Amendment",,Yes,,289
Columbia,Kinderhook 7,"Proposal Number One, a State Constitutional Amendment",,No,,179
Columbia,Kinderhook 7,"Proposal Number One, a State Constitutional Amendment",,Over Votes,,0
Columbia,Kinderhook 7,"Proposal Number One, a State Constitutional Amendment",,Under Votes,,19
Columbia,Kinderhook 8,"Proposal Number One, a State Constitutional Amendment",,Yes,,277
Columbia,Kinderhook 8,"Proposal Number One, a State Constitutional Amendment",,No,,153
Columbia,Kinderhook 8,"Proposal Number One, a State Constitutional Amendment",,Over Votes,,0
Columbia,Kinderhook 8,"Proposal Number One, a State Constitutional Amendment",,Under Votes,,11
Columbia,Livingston 1,"Proposal Number One, a State Constitutional Amendment",,Yes,,246
Columbia,Livingston 1,"Proposal Number One, a State Constitutional Amendment",,No,,140
Columbia,Livingston 1,"Proposal Number One, a State Constitutional Amendment",,Over Votes,,0
Columbia,Livingston 1,"Proposal Number One, a State Constitutional Amendment",,Under Votes,,43
Columbia,Livingston 2,"Proposal Number One, a State Constitutional Amendment",,Yes,,134
Columbia,Livingston 2,"Proposal Number One, a State Constitutional Amendment",,No,,109
Columbia,Livingston 2,"Proposal Number One, a State Constitutional Amendment",,Over Votes,,0
Columbia,Livingston 2,"Proposal Number One, a State Constitutional Amendment",,Under Votes,,14
Columbia,Livingston 3,"Proposal Number One, a State Constitutional Amendment",,Yes,,169
Columbia,Livingston 3,"Proposal Number One, a State Constitutional Amendment",,No,,103
Columbia,Livingston 3,"Proposal Number One, a State Constitutional Amendment",,Over Votes,,0
Columbia,Livingston 3,"Proposal Number One, a State Constitutional Amendment",,Under Votes,,29
Columbia,Livingston 4,"Proposal Number One, a State Constitutional Amendment",,Yes,,96
Columbia,Livingston 4,"Proposal Number One, a State Constitutional Amendment",,No,,82
Columbia,Livingston 4,"Proposal Number One, a State Constitutional Amendment",,Over Votes,,0
Columbia,Livingston 4,"Proposal Number One, a State Constitutional Amendment",,Under Votes,,3
Columbia,New Lebanon 1,"Proposal Number One, a State Constitutional Amendment",,Yes,,285
Columbia,New Lebanon 1,"Proposal Number One, a State Constitutional Amendment",,No,,200
Columbia,New Lebanon 1,"Proposal Number One, a State Constitutional Amendment",,Over Votes,,0
Columbia,New Lebanon 1,"Proposal Number One, a State Constitutional Amendment",,Under Votes,,21
Columbia,New Lebanon 2,"Proposal Number One, a State Constitutional Amendment",,Yes,,299
Columbia,New Lebanon 2,"Proposal Number One, a State Constitutional Amendment",,No,,233
Columbia,New Lebanon 2,"Proposal Number One, a State Constitutional Amendment",,Over Votes,,0
Columbia,New Lebanon 2,"Proposal Number One, a State Constitutional Amendment",,Under Votes,,14
Columbia,Stockport 1,"Proposal Number One, a State Constitutional Amendment",,Yes,,182
Columbia,Stockport 1,"Proposal Number One, a State Constitutional Amendment",,No,,189
Columbia,Stockport 1,"Proposal Number One, a State Constitutional Amendment",,Over Votes,,0
Columbia,Stockport 1,"Proposal Number One, a State Constitutional Amendment",,Under Votes,,50
Columbia,Stockport 2,"Proposal Number One, a State Constitutional Amendment",,Yes,,173
Columbia,Stockport 2,"Proposal Number One, a State Constitutional Amendment",,No,,148
Columbia,Stockport 2,"Proposal Number One, a State Constitutional Amendment",,Over Votes,,0
Columbia,Stockport 2,"Proposal Number One, a State Constitutional Amendment",,Under Votes,,32
Columbia,Stuyvesant 1,"Proposal Number One, a State Constitutional Amendment",,Yes,,182
Columbia,Stuyvesant 1,"Proposal Number One, a State Constitutional Amendment",,No,,121
Columbia,Stuyvesant 1,"Proposal Number One, a State Constitutional Amendment",,Over Votes,,0
Columbia,Stuyvesant 1,"Proposal Number One, a State Constitutional Amendment",,Under Votes,,12
Columbia,Stuyvesant 2,"Proposal Number One, a State Constitutional Amendment",,Yes,,299
Columbia,Stuyvesant 2,"Proposal Number One, a State Constitutional Amendment",,No,,158
Columbia,Stuyvesant 2,"Proposal Number One, a State Constitutional Amendment",,Over Votes,,0
Columbia,Stuyvesant 2,"Proposal Number One, a State Constitutional Amendment",,Under Votes,,7
Columbia,Taghkanic 1,"Proposal Number One, a State Constitutional Amendment",,Yes,,318
Columbia,Taghkanic 1,"Proposal Number One, a State Constitutional Amendment",,No,,166
Columbia,Taghkanic 1,"Proposal Number One, a State Constitutional Amendment",,Over Votes,,0
Columbia,Taghkanic 1,"Proposal Number One, a State Constitutional Amendment",,Under Votes,,32
Columbia,Hudson 1st Ward,Sheriff,,Jackie Salvatore,DEM,344
Columbia,Hudson 1st Ward,Sheriff,,Jackie Salvatore,WOR,63
Columbia,Hudson 1st Ward,Sheriff,,John M. Rivero,REP,40
Columbia,Hudson 1st Ward,Sheriff,,John M. Rivero,CON,8
Columbia,Hudson 1st Ward,Sheriff,,Write-in,,0
Columbia,Hudson 1st Ward,Sheriff,,Over Votes,,0
Columbia,Hudson 1st Ward,Sheriff,,Under Votes,,4
Columbia,Hudson 2nd Ward,Sheriff,,Jackie Salvatore,DEM,196
Columbia,Hudson 2nd Ward,Sheriff,,Jackie Salvatore,WOR,83
Columbia,Hudson 2nd Ward,Sheriff,,John M. Rivero,REP,16
Columbia,Hudson 2nd Ward,Sheriff,,John M. Rivero,CON,3
Columbia,Hudson 2nd Ward,Sheriff,,Write-in,,0
Columbia,Hudson 2nd Ward,Sheriff,,Over Votes,,1
Columbia,Hudson 2nd Ward,Sheriff,,Under Votes,,13
Columbia,Hudson 3rd Ward,Sheriff,,Jackie Salvatore,DEM,269
Columbia,Hudson 3rd Ward,Sheriff,,Jackie Salvatore,WOR,99
Columbia,Hudson 3rd Ward,Sheriff,,John M. Rivero,REP,42
Columbia,Hudson 3rd Ward,Sheriff,,John M. Rivero,CON,7
Columbia,Hudson 3rd Ward,Sheriff,,Write-in,,0
Columbia,Hudson 3rd Ward,Sheriff,,Over Votes,,0
Columbia,Hudson 3rd Ward,Sheriff,,Under Votes,,4
Columbia,Hudson 4th Ward,Sheriff,,Jackie Salvatore,DEM,227
Columbia,Hudson 4th Ward,Sheriff,,Jackie Salvatore,WOR,74
Columbia,Hudson 4th Ward,Sheriff,,John M. Rivero,REP,34
Columbia,Hudson 4th Ward,Sheriff,,John M. Rivero,CON,7
Columbia,Hudson 4th Ward,Sheriff,,Write-in,,0
Columbia,Hudson 4th Ward,Sheriff,,Over Votes,,0
Columbia,Hudson 4th Ward,Sheriff,,Under Votes,,9
Columbia,Hudson 5th Ward,Sheriff,,Jackie Salvatore,DEM,262
Columbia,Hudson 5th Ward,Sheriff,,Jackie Salvatore,WOR,100
Columbia,Hudson 5th Ward,Sheriff,,John M. Rivero,REP,68
Columbia,Hudson 5th Ward,Sheriff,,John M. Rivero,CON,20
Columbia,Hudson 5th Ward,Sheriff,,Write-in,,1
Columbia,Hudson 5th Ward,Sheriff,,Over Votes,,1
Columbia,Hudson 5th Ward,Sheriff,,Under Votes,,13
Columbia,Ancram 1,Sheriff,,Jackie Salvatore,DEM,217
Columbia,Ancram 1,Sheriff,,Jackie Salvatore,WOR,17
Columbia,Ancram 1,Sheriff,,John M. Rivero,REP,187
Columbia,Ancram 1,Sheriff,,John M. Rivero,CON,7
Columbia,Ancram 1,Sheriff,,Write-in,,0
Columbia,Ancram 1,Sheriff,,Over Votes,,0
Columbia,Ancram 1,Sheriff,,Under Votes,,1
Columbia,Ancram 2,Sheriff,,Jackie Salvatore,DEM,148
Columbia,Ancram 2,Sheriff,,Jackie Salvatore,WOR,8
Columbia,Ancram 2,Sheriff,,John M. Rivero,REP,148
Columbia,Ancram 2,Sheriff,,John M. Rivero,CON,9
Columbia,Ancram 2,Sheriff,,Write-in,,0
Columbia,Ancram 2,Sheriff,,Over Votes,,0
Columbia,Ancram 2,Sheriff,,Under Votes,,9
Columbia,Austerlitz 1,Sheriff,,Jackie Salvatore,DEM,252
Columbia,Austerlitz 1,Sheriff,,Jackie Salvatore,WOR,27
Columbia,Austerlitz 1,Sheriff,,John M. Rivero,REP,152
Columbia,Austerlitz 1,Sheriff,,John M. Rivero,CON,20
Columbia,Austerlitz 1,Sheriff,,Write-in,,0
Columbia,Austerlitz 1,Sheriff,,Over Votes,,0
Columbia,Austerlitz 1,Sheriff,,Under Votes,,3
Columbia,Austerlitz 2,Sheriff,,Jackie Salvatore,DEM,233
Columbia,Austerlitz 2,Sheriff,,Jackie Salvatore,WOR,31
Columbia,Austerlitz 2,Sheriff,,John M. Rivero,REP,97
Columbia,Austerlitz 2,Sheriff,,John M. Rivero,CON,13
Columbia,Austerlitz 2,Sheriff,,Write-in,,0
Columbia,Austerlitz 2,Sheriff,,Over Votes,,0
Columbia,Austerlitz 2,Sheriff,,Under Votes,,4
Columbia,Canaan 1,Sheriff,,Jackie Salvatore,DEM,243
Columbia,Canaan 1,Sheriff,,Jackie Salvatore,WOR,29
Columbia,Canaan 1,Sheriff,,John M. Rivero,REP,72
Columbia,Canaan 1,Sheriff,,John M. Rivero,CON,23
Columbia,Canaan 1,Sheriff,,Write-in,,1
Columbia,Canaan 1,Sheriff,,Over Votes,,0
Columbia,Canaan 1,Sheriff,,Under Votes,,3
Columbia,Canaan 2,Sheriff,,Jackie Salvatore,DEM,213
Columbia,Canaan 2,Sheriff,,Jackie Salvatore,WOR,36
Columbia,Canaan 2,Sheriff,,John M. Rivero,REP,113
Columbia,Canaan 2,Sheriff,,John M. Rivero,CON,13
Columbia,Canaan 2,Sheriff,,Write-in,,0
Columbia,Canaan 2,Sheriff,,Over Votes,,0
Columbia,Canaan 2,Sheriff,,Under Votes,,3
Columbia,Chatham 1,Sheriff,,Jackie Salvatore,DEM,261
Columbia,Chatham 1,Sheriff,,Jackie Salvatore,WOR,32
Columbia,Chatham 1,Sheriff,,John M. Rivero,REP,158
Columbia,Chatham 1,Sheriff,,John M. Rivero,CON,34
Columbia,Chatham 1,Sheriff,,Write-in,,1
Columbia,Chatham 1,Sheriff,,Over Votes,,0
Columbia,Chatham 1,Sheriff,,Under Votes,,6
Columbia,Chatham 2,Sheriff,,Jackie Salvatore,DEM,125
Columbia,Chatham 2,Sheriff,,Jackie Salvatore,WOR,8
Columbia,Chatham 2,Sheriff,,John M. Rivero,REP,118
Columbia,Chatham 2,Sheriff,,John M. Rivero,CON,8
Columbia,Chatham 2,Sheriff,,Write-in,,1
Columbia,Chatham 2,Sheriff,,Over Votes,,0
Columbia,Chatham 2,Sheriff,,Under Votes,,2
Columbia,Chatham 3,Sheriff,,Jackie Salvatore,DEM,173
Columbia,Chatham 3,Sheriff,,Jackie Salvatore,WOR,24
Columbia,Chatham 3,Sheriff,,John M. Rivero,REP,130
Columbia,Chatham 3,Sheriff,,John M. Rivero,CON,11
Columbia,Chatham 3,Sheriff,,Write-in,,0
Columbia,Chatham 3,Sheriff,,Over Votes,,1
Columbia,Chatham 3,Sheriff,,Under Votes,,6
Columbia,Chatham 4,Sheriff,,Jackie Salvatore,DEM,221
Columbia,Chatham 4,Sheriff,,Jackie Salvatore,WOR,28
Columbia,Chatham 4,Sheriff,,John M. Rivero,REP,90
Columbia,Chatham 4,Sheriff,,John M. Rivero,CON,16
Columbia,Chatham 4,Sheriff,,Write-in,,0
Columbia,Chatham 4,Sheriff,,Over Votes,,0
Columbia,Chatham 4,Sheriff,,Under Votes,,4
Columbia,Chatham 5,Sheriff,,Jackie Salvatore,DEM,142
Columbia,Chatham 5,Sheriff,,Jackie Salvatore,WOR,38
Columbia,Chatham 5,Sheriff,,John M. Rivero,REP,48
Columbia,Chatham 5,Sheriff,,John M. Rivero,CON,6
Columbia,Chatham 5,Sheriff,,Write-in,,0
Columbia,Chatham 5,Sheriff,,Over Votes,,0
Columbia,Chatham 5,Sheriff,,Under Votes,,4
Columbia,Chatham 6,Sheriff,,Jackie Salvatore,DEM,46
Columbia,Chatham 6,Sheriff,,Jackie Salvatore,WOR,12
Columbia,Chatham 6,Sheriff,,John M. Rivero,REP,62
Columbia,Chatham 6,Sheriff,,John M. Rivero,CON,7
Columbia,Chatham 6,Sheriff,,Write-in,,0
Columbia,Chatham 6,Sheriff,,Over Votes,,0
Columbia,Chatham 6,Sheriff,,Under Votes,,0
Columbia,Claverack 1,Sheriff,,Jackie Salvatore,DEM,189
Columbia,Claverack 1,Sheriff,,Jackie Salvatore,WOR,28
Columbia,Claverack 1,Sheriff,,John M. Rivero,REP,186
Columbia,Claverack 1,Sheriff,,John M. Rivero,CON,15
Columbia,Claverack 1,Sheriff,,Write-in,,0
Columbia,Claverack 1,Sheriff,,Over Votes,,0
Columbia,Claverack 1,Sheriff,,Under Votes,,1
Columbia,Claverack 2,Sheriff,,Jackie Salvatore,DEM,225
Columbia,Claverack 2,Sheriff,,Jackie Salvatore,WOR,30
Columbia,Claverack 2,Sheriff,,John M. Rivero,REP,182
Columbia,Claverack 2,Sheriff,,John M. Rivero,CON,32
Columbia,Claverack 2,Sheriff,,Write-in,,0
Columbia,Claverack 2,Sheriff,,Over Votes,,0
Columbia,Claverack 2,Sheriff,,Under Votes,,3
Columbia,Claverack 3,Sheriff,,Jackie Salvatore,DEM,179
Columbia,Claverack 3,Sheriff,,Jackie Salvatore,WOR,44
Columbia,Claverack 3,Sheriff,,John M. Rivero,REP,166
Columbia,Claverack 3,Sheriff,,John M. Rivero,CON,30
Columbia,Claverack 3,Sheriff,,Write-in,,0
Columbia,Claverack 3,Sheriff,,Over Votes,,0
Columbia,Claverack 3,Sheriff,,Under Votes,,0
Columbia,Claverack 4,Sheriff,,Jackie Salvatore,DEM,185
Columbia,Claverack 4,Sheriff,,Jackie Salvatore,WOR,42
Columbia,Claverack 4,Sheriff,,John M. Rivero,REP,169
Columbia,Claverack 4,Sheriff,,John M. Rivero,CON,34
Columbia,Claverack 4,Sheriff,,Write-in,,0
Columbia,Claverack 4,Sheriff,,Over Votes,,0
Columbia,Claverack 4,Sheriff,,Under Votes,,2
Columbia,Claverack 5,Sheriff,,Jackie Salvatore,DEM,207
Columbia,Claverack 5,Sheriff,,Jackie Salvatore,WOR,25
Columbia,Claverack 5,Sheriff,,John M. Rivero,REP,176
Columbia,Claverack 5,Sheriff,,John M. Rivero,CON,18
Columbia,Claverack 5,Sheriff,,Write-in,,0
Columbia,Claverack 5,Sheriff,,Over Votes,,0
Columbia,Claverack 5,Sheriff,,Under Votes,,2
Columbia,Clermont 1,Sheriff,,Jackie Salvatore,DEM,185
Columbia,Clermont 1,Sheriff,,Jackie Salvatore,WOR,20
Columbia,Clermont 1,Sheriff,,John M. Rivero,REP,111
Columbia,Clermont 1,Sheriff,,John M. Rivero,CON,28
Columbia,Clermont 1,Sheriff,,Write-in,,0
Columbia,Clermont 1,Sheriff,,Over Votes,,0
Columbia,Clermont 1,Sheriff,,Under Votes,,4
Columbia,Clermont 2,Sheriff,,Jackie Salvatore,DEM,155
Columbia,Clermont 2,Sheriff,,Jackie Salvatore,WOR,21
Columbia,Clermont 2,Sheriff,,John M. Rivero,REP,116
Columbia,Clermont 2,Sheriff,,John M. Rivero,CON,27
Columbia,Clermont 2,Sheriff,,Write-in,,0
Columbia,Clermont 2,Sheriff,,Over Votes,,0
Columbia,Clermont 2,Sheriff,,Under Votes,,3
Columbia,Copake 1,Sheriff,,Jackie Salvatore,DEM,220
Columbia,Copake 1,Sheriff,,Jackie Salvatore,WOR,9
Columbia,Copake 1,Sheriff,,John M. Rivero,REP,123
Columbia,Copake 1,Sheriff,,John M. Rivero,CON,23
Columbia,Copake 1,Sheriff,,Write-in,,0
Columbia,Copake 1,Sheriff,,Over Votes,,0
Columbia,Copake 1,Sheriff,,Under Votes,,2
Columbia,Copake 2,Sheriff,,Jackie Salvatore,DEM,122
Columbia,Copake 2,Sheriff,,Jackie Salvatore,WOR,19
Columbia,Copake 2,Sheriff,,John M. Rivero,REP,118
Columbia,Copake 2,Sheriff,,John M. Rivero,CON,18
Columbia,Copake 2,Sheriff,,Write-in,,0
Columbia,Copake 2,Sheriff,,Over Votes,,0
Columbia,Copake 2,Sheriff,,Under Votes,,0
Columbia,Copake 3,Sheriff,,Jackie Salvatore,DEM,153
Columbia,Copake 3,Sheriff,,Jackie Salvatore,WOR,12
Columbia,Copake 3,Sheriff,,John M. Rivero,REP,130
Columbia,Copake 3,Sheriff,,John M. Rivero,CON,20
Columbia,Copake 3,Sheriff,,Write-in,,0
Columbia,Copake 3,Sheriff,,Over Votes,,0
Columbia,Copake 3,Sheriff,,Under Votes,,1
Columbia,Copake 4,Sheriff,,Jackie Salvatore,DEM,119
Columbia,Copake 4,Sheriff,,Jackie Salvatore,WOR,14
Columbia,Copake 4,Sheriff,,John M. Rivero,REP,113
Columbia,Copake 4,Sheriff,,John M. Rivero,CON,19
Columbia,Copake 4,Sheriff,,Write-in,,0
Columbia,Copake 4,Sheriff,,Over Votes,,0
Columbia,Copake 4,Sheriff,,Under Votes,,0
Columbia,Gallatin 1,Sheriff,,Jackie Salvatore,DEM,143
Columbia,Gallatin 1,Sheriff,,Jackie Salvatore,WOR,31
Columbia,Gallatin 1,Sheriff,,John M. Rivero,REP,71
Columbia,Gallatin 1,Sheriff,,John M. Rivero,CON,8
Columbia,Gallatin 1,Sheriff,,Write-in,,0
Columbia,Gallatin 1,Sheriff,,Over Votes,,0
Columbia,Gallatin 1,Sheriff,,Under Votes,,2
Columbia,Gallatin 2,Sheriff,,Jackie Salvatore,DEM,159
Columbia,Gallatin 2,Sheriff,,Jackie Salvatore,WOR,13
Columbia,Gallatin 2,Sheriff,,John M. Rivero,REP,57
Columbia,Gallatin 2,Sheriff,,John M. Rivero,CON,8
Columbia,Gallatin 2,Sheriff,,Write-in,,0
Columbia,Gallatin 2,Sheriff,,Over Votes,,0
Columbia,Gallatin 2,Sheriff,,Under Votes,,0
Columbia,Germantown 1,Sheriff,,Jackie Salvatore,DEM,220
Columbia,Germantown 1,Sheriff,,Jackie Salvatore,WOR,32
Columbia,Germantown 1,Sheriff,,John M. Rivero,REP,115
Columbia,Germantown 1,Sheriff,,John M. Rivero,CON,25
Columbia,Germantown 1,Sheriff,,Write-in,,3
Columbia,Germantown 1,Sheriff,,Over Votes,,0
Columbia,Germantown 1,Sheriff,,Under Votes,,0
Columbia,Germantown 2,Sheriff,,Jackie Salvatore,DEM,184
Columbia,Germantown 2,Sheriff,,Jackie Salvatore,WOR,30
Columbia,Germantown 2,Sheriff,,John M. Rivero,REP,85
Columbia,Germantown 2,Sheriff,,John M. Rivero,CON,23
Columbia,Germantown 2,Sheriff,,Write-in,,0
Columbia,Germantown 2,Sheriff,,Over Votes,,0
Columbia,Germantown 2,Sheriff,,Under Votes,,2
Columbia,Ghent 1,Sheriff,,Jackie Salvatore,DEM,206
Columbia,Ghent 1,Sheriff,,Jackie Salvatore,WOR,36
Columbia,Ghent 1,Sheriff,,John M. Rivero,REP,163
Columbia,Ghent 1,Sheriff,,John M. Rivero,CON,17
Columbia,Ghent 1,Sheriff,,Write-in,,0
Columbia,Ghent 1,Sheriff,,Over Votes,,0
Columbia,Ghent 1,Sheriff,,Under Votes,,4
Columbia,Ghent 2,Sheriff,,Jackie Salvatore,DEM,243
Columbia,Ghent 2,Sheriff,,Jackie Salvatore,WOR,41
Columbia,Ghent 2,Sheriff,,John M. Rivero,REP,243
Columbia,Ghent 2,Sheriff,,John M. Rivero,CON,24
Columbia,Ghent 2,Sheriff,,Write-in,,0
Columbia,Ghent 2,Sheriff,,Over Votes,,0
Columbia,Ghent 2,Sheriff,,Under Votes,,8
Columbia,Ghent 3,Sheriff,,Jackie Salvatore,DEM,193
Columbia,Ghent 3,Sheriff,,Jackie Salvatore,WOR,28
Columbia,Ghent 3,Sheriff,,John M. Rivero,REP,171
Columbia,Ghent 3,Sheriff,,John M. Rivero,CON,15
Columbia,Ghent 3,Sheriff,,Write-in,,0
Columbia,Ghent 3,Sheriff,,Over Votes,,0
Columbia,Ghent 3,Sheriff,,Under Votes,,1
Columbia,Ghent 4,Sheriff,,Jackie Salvatore,DEM,244
Columbia,Ghent 4,Sheriff,,Jackie Salvatore,WOR,39
Columbia,Ghent 4,Sheriff,,John M. Rivero,REP,136
Columbia,Ghent 4,Sheriff,,John M. Rivero,CON,15
Columbia,Ghent 4,Sheriff,,Write-in,,0
Columbia,Ghent 4,Sheriff,,Over Votes,,0
Columbia,Ghent 4,Sheriff,,Under Votes,,7
Columbia,Ghent 5,Sheriff,,Jackie Salvatore,DEM,147
Columbia,Ghent 5,Sheriff,,Jackie Salvatore,WOR,8
Columbia,Ghent 5,Sheriff,,John M. Rivero,REP,198
Columbia,Ghent 5,Sheriff,,John M. Rivero,CON,24
Columbia,Ghent 5,Sheriff,,Write-in,,0
Columbia,Ghent 5,Sheriff,,Over Votes,,0
Columbia,Ghent 5,Sheriff,,Under Votes,,2
Columbia,Greenport 1,Sheriff,,Jackie Salvatore,DEM,136
Columbia,Greenport 1,Sheriff,,Jackie Salvatore,WOR,19
Columbia,Greenport 1,Sheriff,,John M. Rivero,REP,83
Columbia,Greenport 1,Sheriff,,John M. Rivero,CON,15
Columbia,Greenport 1,Sheriff,,Write-in,,2
Columbia,Greenport 1,Sheriff,,Over Votes,,1
Columbia,Greenport 1,Sheriff,,Under Votes,,1
Columbia,Greenport 2,Sheriff,,Jackie Salvatore,DEM,151
Columbia,Greenport 2,Sheriff,,Jackie Salvatore,WOR,28
Columbia,Greenport 2,Sheriff,,John M. Rivero,REP,86
Columbia,Greenport 2,Sheriff,,John M. Rivero,CON,28
Columbia,Greenport 2,Sheriff,,Write-in,,0
Columbia,Greenport 2,Sheriff,,Over Votes,,0
Columbia,Greenport 2,Sheriff,,Under Votes,,1
Columbia,Greenport 3,Sheriff,,Jackie Salvatore,DEM,180
Columbia,Greenport 3,Sheriff,,Jackie Salvatore,WOR,34
Columbia,Greenport 3,Sheriff,,John M. Rivero,REP,153
Columbia,Greenport 3,Sheriff,,John M. Rivero,CON,31
Columbia,Greenport 3,Sheriff,,Write-in,,1
Columbia,Greenport 3,Sheriff,,Over Votes,,1
Columbia,Greenport 3,Sheriff,,Under Votes,,1
Columbia,Greenport 4,Sheriff,,Jackie Salvatore,DEM,103
Columbia,Greenport 4,Sheriff,,Jackie Salvatore,WOR,17
Columbia,Greenport 4,Sheriff,,John M. Rivero,REP,75
Columbia,Greenport 4,Sheriff,,John M. Rivero,CON,9
Columbia,Greenport 4,Sheriff,,Write-in,,1
Columbia,Greenport 4,Sheriff,,Over Votes,,0
Columbia,Greenport 4,Sheriff,,Under Votes,,2
Columbia,Hillsdale 1,Sheriff,,Jackie Salvatore,DEM,240
Columbia,Hillsdale 1,Sheriff,,Jackie Salvatore,WOR,26
Columbia,Hillsdale 1,Sheriff,,John M. Rivero,REP,91
Columbia,Hillsdale 1,Sheriff,,John M. Rivero,CON,14
Columbia,Hillsdale 1,Sheriff,,Write-in,,0
Columbia,Hillsdale 1,Sheriff,,Over Votes,,0
Columbia,Hillsdale 1,Sheriff,,Under Votes,,0
Columbia,Hillsdale 2,Sheriff,,Jackie Salvatore,DEM,225
Columbia,Hillsdale 2,Sheriff,,Jackie Salvatore,WOR,33
Columbia,Hillsdale 2,Sheriff,,John M. Rivero,REP,90
Columbia,Hillsdale 2,Sheriff,,John M. Rivero,CON,19
Columbia,Hillsdale 2,Sheriff,,Write-in,,0
Columbia,Hillsdale 2,Sheriff,,Over Votes,,1
Columbia,Hillsdale 2,Sheriff,,Under Votes,,0
Columbia,Kinderhook 1,Sheriff,,Jackie Salvatore,DEM,199
Columbia,Kinderhook 1,Sheriff,,Jackie Salvatore,WOR,30
Columbia,Kinderhook 1,Sheriff,,John M. Rivero,REP,124
Columbia,Kinderhook 1,Sheriff,,John M. Rivero,CON,29
Columbia,Kinderhook 1,Sheriff,,Write-in,,0
Columbia,Kinderhook 1,Sheriff,,Over Votes,,0
Columbia,Kinderhook 1,Sheriff,,Under Votes,,4
Columbia,Kinderhook 2,Sheriff,,Jackie Salvatore,DEM,186
Columbia,Kinderhook 2,Sheriff,,Jackie Salvatore,WOR,22
Columbia,Kinderhook 2,Sheriff,,John M. Rivero,REP,100
Columbia,Kinderhook 2,Sheriff,,John M. Rivero,CON,29
Columbia,Kinderhook 2,Sheriff,,Write-in,,1
Columbia,Kinderhook 2,Sheriff,,Over Votes,,0
Columbia,Kinderhook 2,Sheriff,,Under Votes,,4
Columbia,Kinderhook 3,Sheriff,,Jackie Salvatore,DEM,205
Columbia,Kinderhook 3,Sheriff,,Jackie Salvatore,WOR,21
Columbia,Kinderhook 3,Sheriff,,John M. Rivero,REP,165
Columbia,Kinderhook 3,Sheriff,,John M. Rivero,CON,48
Columbia,Kinderhook 3,Sheriff,,Write-in,,0
Columbia,Kinderhook 3,Sheriff,,Over Votes,,0
Columbia,Kinderhook 3,Sheriff,,Under Votes,,1
Columbia,Kinderhook 4,Sheriff,,Jackie Salvatore,DEM,161
Columbia,Kinderhook 4,Sheriff,,Jackie Salvatore,WOR,15
Columbia,Kinderhook 4,Sheriff,,John M. Rivero,REP,184
Columbia,Kinderhook 4,Sheriff,,John M. Rivero,CON,56
Columbia,Kinderhook 4,Sheriff,,Write-in,,1
Columbia,Kinderhook 4,Sheriff,,Over Votes,,0
Columbia,Kinderhook 4,Sheriff,,Under Votes,,0
Columbia,Kinderhook 5,Sheriff,,Jackie Salvatore,DEM,172
Columbia,Kinderhook 5,Sheriff,,Jackie Salvatore,WOR,25
Columbia,Kinderhook 5,Sheriff,,John M. Rivero,REP,226
Columbia,Kinderhook 5,Sheriff,,John M. Rivero,CON,52
Columbia,Kinderhook 5,Sheriff,,Write-in,,0
Columbia,Kinderhook 5,Sheriff,,Over Votes,,0
Columbia,Kinderhook 5,Sheriff,,Under Votes,,0
Columbia,Kinderhook 6,Sheriff,,Jackie Salvatore,DEM,121
Columbia,Kinderhook 6,Sheriff,,Jackie Salvatore,WOR,12
Columbia,Kinderhook 6,Sheriff,,John M. Rivero,REP,154
Columbia,Kinderhook 6,Sheriff,,John M. Rivero,CON,38
Columbia,Kinderhook 6,Sheriff,,Write-in,,0
Columbia,Kinderhook 6,Sheriff,,Over Votes,,0
Columbia,Kinderhook 6,Sheriff,,Under Votes,,1
Columbia,Kinderhook 7,Sheriff,,Jackie Salvatore,DEM,171
Columbia,Kinderhook 7,Sheriff,,Jackie Salvatore,WOR,23
Columbia,Kinderhook 7,Sheriff,,John M. Rivero,REP,239
Columbia,Kinderhook 7,Sheriff,,John M. Rivero,CON,54
Columbia,Kinderhook 7,Sheriff,,Write-in,,0
Columbia,Kinderhook 7,Sheriff,,Over Votes,,0
Columbia,Kinderhook 7,Sheriff,,Under Votes,,0
Columbia,Kinderhook 8,Sheriff,,Jackie Salvatore,DEM,163
Columbia,Kinderhook 8,Sheriff,,Jackie Salvatore,WOR,21
Columbia,Kinderhook 8,Sheriff,,John M. Rivero,REP,214
Columbia,Kinderhook 8,Sheriff,,John M. Rivero,CON,41
Columbia,Kinderhook 8,Sheriff,,Write-in,,0
Columbia,Kinderhook 8,Sheriff,,Over Votes,,0
Columbia,Kinderhook 8,Sheriff,,Under Votes,,2
Columbia,Livingston 1,Sheriff,,Jackie Salvatore,DEM,188
Columbia,Livingston 1,Sheriff,,Jackie Salvatore,WOR,30
Columbia,Livingston 1,Sheriff,,John M. Rivero,REP,185
Columbia,Livingston 1,Sheriff,,John M. Rivero,CON,20
Columbia,Livingston 1,Sheriff,,Write-in,,0
Columbia,Livingston 1,Sheriff,,Over Votes,,0
Columbia,Livingston 1,Sheriff,,Under Votes,,6
Columbia,Livingston 2,Sheriff,,Jackie Salvatore,DEM,126
Columbia,Livingston 2,Sheriff,,Jackie Salvatore,WOR,16
Columbia,Livingston 2,Sheriff,,John M. Rivero,REP,92
Columbia,Livingston 2,Sheriff,,John M. Rivero,CON,21
Columbia,Livingston 2,Sheriff,,Write-in,,0
Columbia,Livingston 2,Sheriff,,Over Votes,,0
Columbia,Livingston 2,Sheriff,,Under Votes,,2
Columbia,Livingston 3,Sheriff,,Jackie Salvatore,DEM,146
Columbia,Livingston 3,Sheriff,,Jackie Salvatore,WOR,19
Columbia,Livingston 3,Sheriff,,John M. Rivero,REP,111
Columbia,Livingston 3,Sheriff,,John M. Rivero,CON,19
Columbia,Livingston 3,Sheriff,,Write-in,,2
Columbia,Livingston 3,Sheriff,,Over Votes,,2
Columbia,Livingston 3,Sheriff,,Under Votes,,2
Columbia,Livingston 4,Sheriff,,Jackie Salvatore,DEM,77
Columbia,Livingston 4,Sheriff,,Jackie Salvatore,WOR,11
Columbia,Livingston 4,Sheriff,,John M. Rivero,REP,74
Columbia,Livingston 4,Sheriff,,John M. Rivero,CON,17
Columbia,Livingston 4,Sheriff,,Write-in,,1
Columbia,Livingston 4,Sheriff,,Over Votes,,0
Columbia,Livingston 4,Sheriff,,Under Votes,,1
Columbia,New Lebanon 1,Sheriff,,Jackie Salvatore,DEM,242
Columbia,New Lebanon 1,Sheriff,,Jackie Salvatore,WOR,28
Columbia,New Lebanon 1,Sheriff,,John M. Rivero,REP,202
Columbia,New Lebanon 1,Sheriff,,John M. Rivero,CON,25
Columbia,New Lebanon 1,Sheriff,,Write-in,,0
Columbia,New Lebanon 1,Sheriff,,Over Votes,,1
Columbia,New Lebanon 1,Sheriff,,Under Votes,,8
Columbia,New Lebanon 2,Sheriff,,Jackie Salvatore,DEM,233
Columbia,New Lebanon 2,Sheriff,,Jackie Salvatore,WOR,26
Columbia,New Lebanon 2,Sheriff,,John M. Rivero,REP,243
Columbia,New Lebanon 2,Sheriff,,John M. Rivero,CON,37
Columbia,New Lebanon 2,Sheriff,,Write-in,,0
Columbia,New Lebanon 2,Sheriff,,Over Votes,,1
Columbia,New Lebanon 2,Sheriff,,Under Votes,,6
Columbia,Stockport 1,Sheriff,,Jackie Salvatore,DEM,142
Columbia,Stockport 1,Sheriff,,Jackie Salvatore,WOR,22
Columbia,Stockport 1,Sheriff,,John M. Rivero,REP,207
Columbia,Stockport 1,Sheriff,,John M. Rivero,CON,49
Columbia,Stockport 1,Sheriff,,Write-in,,0
Columbia,Stockport 1,Sheriff,,Over Votes,,0
Columbia,Stockport 1,Sheriff,,Under Votes,,1
Columbia,Stockport 2,Sheriff,,Jackie Salvatore,DEM,134
Columbia,Stockport 2,Sheriff,,Jackie Salvatore,WOR,29
Columbia,Stockport 2,Sheriff,,John M. Rivero,REP,152
Columbia,Stockport 2,Sheriff,,John M. Rivero,CON,34
Columbia,Stockport 2,Sheriff,,Write-in,,1
Columbia,Stockport 2,Sheriff,,Over Votes,,0
Columbia,Stockport 2,Sheriff,,Under Votes,,3
Columbia,Stuyvesant 1,Sheriff,,Jackie Salvatore,DEM,146
Columbia,Stuyvesant 1,Sheriff,,Jackie Salvatore,WOR,11
Columbia,Stuyvesant 1,Sheriff,,John M. Rivero,REP,118
Columbia,Stuyvesant 1,Sheriff,,John M. Rivero,CON,38
Columbia,Stuyvesant 1,Sheriff,,Write-in,,0
Columbia,Stuyvesant 1,Sheriff,,Over Votes,,0
Columbia,Stuyvesant 1,Sheriff,,Under Votes,,2
Columbia,Stuyvesant 2,Sheriff,,Jackie Salvatore,DEM,192
Columbia,Stuyvesant 2,Sheriff,,Jackie Salvatore,WOR,31
Columbia,Stuyvesant 2,Sheriff,,John M. Rivero,REP,193
Columbia,Stuyvesant 2,Sheriff,,John M. Rivero,CON,43
Columbia,Stuyvesant 2,Sheriff,,Write-in,,0
Columbia,Stuyvesant 2,Sheriff,,Over Votes,,0
Columbia,Stuyvesant 2,Sheriff,,Under Votes,,5
Columbia,Taghkanic 1,Sheriff,,Jackie Salvatore,DEM,278
Columbia,Taghkanic 1,Sheriff,,Jackie Salvatore,WOR,36
Columbia,Taghkanic 1,Sheriff,,John M. Rivero,REP,167
Columbia,Taghkanic 1,Sheriff,,John M. Rivero,CON,34
Columbia,Taghkanic 1,Sheriff,,Write-in,,0
Columbia,Taghkanic 1,Sheriff,,Over Votes,,0
Columbia,Taghkanic 1,Sheriff,,Under Votes,,1
Columbia,Ancram 1,Ancram Town Supervisor,,Colleen Lutz,DEM,224
Columbia,Ancram 1,Ancram Town Supervisor,,James MacArthur,REP,204
Columbia,Ancram 1,Ancram Town Supervisor,,Write-in,,0
Columbia,Ancram 1,Ancram Town Supervisor,,Over Votes,,0
Columbia,Ancram 1,Ancram Town Supervisor,,Under Votes,,1
Columbia,Ancram 2,Ancram Town Supervisor,,Colleen Lutz,DEM,165
Columbia,Ancram 2,Ancram Town Supervisor,,James MacArthur,REP,154
Columbia,Ancram 2,Ancram Town Supervisor,,Write-in,,0
Columbia,Ancram 2,Ancram Town Supervisor,,Over Votes,,1
Columbia,Ancram 2,Ancram Town Supervisor,,Under Votes,,2
Columbia,Ancram 1,Ancram Town Council,,Bonnie Hundt,DEM,215
Columbia,Ancram 1,Ancram Town Council,,Amy Gold,DEM,216
Columbia,Ancram 1,Ancram Town Council,,Rick Dubray,REP,205
Columbia,Ancram 1,Ancram Town Council,,Jennifer Boice,REP,214
Columbia,Ancram 1,Ancram Town Council,,Write-in,,2
Columbia,Ancram 1,Ancram Town Council,,Over Votes,,0
Columbia,Ancram 1,Ancram Town Council,,Under Votes,,6
Columbia,Ancram 2,Ancram Town Council,,Bonnie Hundt,DEM,154
Columbia,Ancram 2,Ancram Town Council,,Amy Gold,DEM,156
Columbia,Ancram 2,Ancram Town Council,,Rick Dubray,REP,153
Columbia,Ancram 2,Ancram Town Council,,Jennifer Boice,REP,168
Columbia,Ancram 2,Ancram Town Council,,Write-in,,2
Columbia,Ancram 2,Ancram Town Council,,Over Votes,,0
Columbia,Ancram 2,Ancram Town Council,,Under Votes,,11
Columbia,Ancram 1,"Proposal Number Two, Town of Ancram",,Yes,,205
Columbia,Ancram 1,"Proposal Number Two, Town of Ancram",,No,,216
Columbia,Ancram 1,"Proposal Number Two, Town of Ancram",,Over Votes,,0
Columbia,Ancram 1,"Proposal Number Two, Town of Ancram",,Under Votes,,8
Columbia,Ancram 2,"Proposal Number Two, Town of Ancram",,Yes,,154
Columbia,Ancram 2,"Proposal Number Two, Town of Ancram",,No,,159
Columbia,Ancram 2,"Proposal Number Two, Town of Ancram",,Over Votes,,0
Columbia,Ancram 2,"Proposal Number Two, Town of Ancram",,Under Votes,,9
Columbia,Austerlitz 1,Austerlitz Town Supervisor,,Vanessa Villanova,DEM,165
Columbia,Austerlitz 1,Austerlitz Town Supervisor,,Robert Lagonia,REP,272
Columbia,Austerlitz 1,Austerlitz Town Supervisor,,Write-in,,0
Columbia,Austerlitz 1,Austerlitz Town Supervisor,,Over Votes,,0
Columbia,Austerlitz 1,Austerlitz Town Supervisor,,Under Votes,,17
Columbia,Austerlitz 2,Austerlitz Town Supervisor,,Vanessa Villanova,DEM,159
Columbia,Austerlitz 2,Austerlitz Town Supervisor,,Robert Lagonia,REP,207
Columbia,Austerlitz 2,Austerlitz Town Supervisor,,Write-in,,0
Columbia,Austerlitz 2,Austerlitz Town Supervisor,,Over Votes,,0
Columbia,Austerlitz 2,Austerlitz Town Supervisor,,Under Votes,,12
Columbia,Austerlitz 1,Austerlitz Town Clerk/Tax Collector,,Susan Haag,DEM,269
Columbia,Austerlitz 1,Austerlitz Town Clerk/Tax Collector,,Susan Haag,REP,158
Columbia,Austerlitz 1,Austerlitz Town Clerk/Tax Collector,,Write-in,,2
Columbia,Austerlitz 1,Austerlitz Town Clerk/Tax Collector,,Over Votes,,0
Columbia,Austerlitz 1,Austerlitz Town Clerk/Tax Collector,,Under Votes,,25
Columbia,Austerlitz 2,Austerlitz Town Clerk/Tax Collector,,Susan Haag,DEM,259
Columbia,Austerlitz 2,Austerlitz Town Clerk/Tax Collector,,Susan Haag,REP,98
Columbia,Austerlitz 2,Austerlitz Town Clerk/Tax Collector,,Write-in,,0
Columbia,Austerlitz 2,Austerlitz Town Clerk/Tax Collector,,Over Votes,,0
Columbia,Austerlitz 2,Austerlitz Town Clerk/Tax Collector,,Under Votes,,21
Columbia,Austerlitz 1,Austerlitz Town Council,,Erin E. Stamper,DEM,254
Columbia,Austerlitz 1,Austerlitz Town Council,,Greg Vogler,DEM,270
Columbia,Austerlitz 1,Austerlitz Town Council,,Brian Kellogg,REP,216
Columbia,Austerlitz 1,Austerlitz Town Council,,Write-in,,0
Columbia,Austerlitz 1,Austerlitz Town Council,,Over Votes,,0
Columbia,Austerlitz 1,Austerlitz Town Council,,Under Votes,,168
Columbia,Austerlitz 2,Austerlitz Town Council,,Erin E. Stamper,DEM,246
Columbia,Austerlitz 2,Austerlitz Town Council,,Greg Vogler,DEM,240
Columbia,Austerlitz 2,Austerlitz Town Council,,Brian Kellogg,REP,156
Columbia,Austerlitz 2,Austerlitz Town Council,,Write-in,,0
Columbia,Austerlitz 2,Austerlitz Town Council,,Over Votes,,0
Columbia,Austerlitz 2,Austerlitz Town Council,,Under Votes,,114
Columbia,Austerlitz 1,Austerlitz Town Highway Superintendent,,Peter Fitzpatrick,DEM,269
Columbia,Austerlitz 1,Austerlitz Town Highway Superintendent,,Peter Fitzpatrick,REP,157
Columbia,Austerlitz 1,Austerlitz Town Highway Superintendent,,Write-in,,3
Columbia,Austerlitz 1,Austerlitz Town Highway Superintendent,,Over Votes,,0
Columbia,Austerlitz 1,Austerlitz Town Highway Superintendent,,Under Votes,,25
Columbia,Austerlitz 2,Austerlitz Town Highway Superintendent,,Peter Fitzpatrick,DEM,260
Columbia,Austerlitz 2,Austerlitz Town Highway Superintendent,,Peter Fitzpatrick,REP,98
Columbia,Austerlitz 2,Austerlitz Town Highway Superintendent,,Write-in,,0
Columbia,Austerlitz 2,Austerlitz Town Highway Superintendent,,Over Votes,,0
Columbia,Austerlitz 2,Austerlitz Town Highway Superintendent,,Under Votes,,20
Columbia,Austerlitz 1,Austerlitz Town Justice,,Sharon E. Grubin,DEM,263
Columbia,Austerlitz 1,Austerlitz Town Justice,,Sharon E. Grubin,REP,156
Columbia,Austerlitz 1,Austerlitz Town Justice,,Write-in,,3
Columbia,Austerlitz 1,Austerlitz Town Justice,,Over Votes,,0
Columbia,Austerlitz 1,Austerlitz Town Justice,,Under Votes,,32
Columbia,Austerlitz 2,Austerlitz Town Justice,,Sharon E. Grubin,DEM,252
Columbia,Austerlitz 2,Austerlitz Town Justice,,Sharon E. Grubin,REP,85
Columbia,Austerlitz 2,Austerlitz Town Justice,,Write-in,,1
Columbia,Austerlitz 2,Austerlitz Town Justice,,Over Votes,,0
Columbia,Austerlitz 2,Austerlitz Town Justice,,Under Votes,,40
Columbia,Canaan 1,Canaan Town Supervisor,,Brenda Adams,DEM,262
Columbia,Canaan 1,Canaan Town Supervisor,,Brenda Adams,REP,83
Columbia,Canaan 1,Canaan Town Supervisor,,Write-in,,1
Columbia,Canaan 1,Canaan Town Supervisor,,Over Votes,,0
Columbia,Canaan 1,Canaan Town Supervisor,,Under Votes,,25
Columbia,Canaan 2,Canaan Town Supervisor,,Brenda Adams,DEM,251
Columbia,Canaan 2,Canaan Town Supervisor,,Brenda Adams,REP,93
Columbia,Canaan 2,Canaan Town Supervisor,,Write-in,,1
Columbia,Canaan 2,Canaan Town Supervisor,,Over Votes,,0
Columbia,Canaan 2,Canaan Town Supervisor,,Under Votes,,33
Columbia,Canaan 1,Canaan Town Clerk,,Sandra Bevens,DEM,258
Columbia,Canaan 1,Canaan Town Clerk,,Sandra Bevens,REP,80
Columbia,Canaan 1,Canaan Town Clerk,,Write-in,,1
Columbia,Canaan 1,Canaan Town Clerk,,Over Votes,,0
Columbia,Canaan 1,Canaan Town Clerk,,Under Votes,,32
Columbia,Canaan 2,Canaan Town Clerk,,Sandra Bevens,DEM,249
Columbia,Canaan 2,Canaan Town Clerk,,Sandra Bevens,REP,101
Columbia,Canaan 2,Canaan Town Clerk,,Write-in,,0
Columbia,Canaan 2,Canaan Town Clerk,,Over Votes,,0
Columbia,Canaan 2,Canaan Town Clerk,,Under Votes,,28
Columbia,Canaan 1,Canaan Town Council,,Victoria Mills,DEM,261
Columbia,Canaan 1,Canaan Town Council,,Frank Wood,DEM,224
Columbia,Canaan 1,Canaan Town Council,,Frank Wood,REP,81
Columbia,Canaan 1,Canaan Town Council,,Suzanne Maiello,REP,107
Columbia,Canaan 1,Canaan Town Council,,Write-in,,1
Columbia,Canaan 1,Canaan Town Council,,Over Votes,,0
Columbia,Canaan 1,Canaan Town Council,,Under Votes,,68
Columbia,Canaan 2,Canaan Town Council,,Victoria Mills,DEM,246
Columbia,Canaan 2,Canaan Town Council,,Frank Wood,DEM,216
Columbia,Canaan 2,Canaan Town Council,,Frank Wood,REP,92
Columbia,Canaan 2,Canaan Town Council,,Suzanne Maiello,REP,132
Columbia,Canaan 2,Canaan Town Council,,Write-in,,0
Columbia,Canaan 2,Canaan Town Council,,Over Votes,,0
Columbia,Canaan 2,Canaan Town Council,,Under Votes,,70
Columbia,Canaan 1,"Proposal Number Two, Town of Canaan",,Yes,,178
Columbia,Canaan 1,"Proposal Number Two, Town of Canaan",,No,,172
Columbia,Canaan 1,"Proposal Number Two, Town of Canaan",,Over Votes,,0
Columbia,Canaan 1,"Proposal Number Two, Town of Canaan",,Under Votes,,21
Columbia,Canaan 2,"Proposal Number Two, Town of Canaan",,Yes,,177
Columbia,Canaan 2,"Proposal Number Two, Town of Canaan",,No,,188
Columbia,Canaan 2,"Proposal Number Two, Town of Canaan",,Over Votes,,0
Columbia,Canaan 2,"Proposal Number Two, Town of Canaan",,Under Votes,,13
Columbia,Chatham 1,Chatham Town Clerk/Tax Collector,,Beth Anne Rippel,REP,227
Columbia,Chatham 1,Chatham Town Clerk/Tax Collector,,Beth Anne Rippel,CFA,116
Columbia,Chatham 1,Chatham Town Clerk/Tax Collector,,Write-in,,3
Columbia,Chatham 1,Chatham Town Clerk/Tax Collector,,Over Votes,,0
Columbia,Chatham 1,Chatham Town Clerk/Tax Collector,,Under Votes,,146
Columbia,Chatham 2,Chatham Town Clerk/Tax Collector,,Beth Anne Rippel,REP,153
Columbia,Chatham 2,Chatham Town Clerk/Tax Collector,,Beth Anne Rippel,CFA,57
Columbia,Chatham 2,Chatham Town Clerk/Tax Collector,,Write-in,,2
Columbia,Chatham 2,Chatham Town Clerk/Tax Collector,,Over Votes,,0
Columbia,Chatham 2,Chatham Town Clerk/Tax Collector,,Under Votes,,50
Columbia,Chatham 3,Chatham Town Clerk/Tax Collector,,Beth Anne Rippel,REP,168
Columbia,Chatham 3,Chatham Town Clerk/Tax Collector,,Beth Anne Rippel,CFA,66
Columbia,Chatham 3,Chatham Town Clerk/Tax Collector,,Write-in,,2
Columbia,Chatham 3,Chatham Town Clerk/Tax Collector,,Over Votes,,0
Columbia,Chatham 3,Chatham Town Clerk/Tax Collector,,Under Votes,,109
Columbia,Chatham 4,Chatham Town Clerk/Tax Collector,,Beth Anne Rippel,REP,142
Columbia,Chatham 4,Chatham Town Clerk/Tax Collector,,Beth Anne Rippel,CFA,80
Columbia,Chatham 4,Chatham Town Clerk/Tax Collector,,Write-in,,2
Columbia,Chatham 4,Chatham Town Clerk/Tax Collector,,Over Votes,,0
Columbia,Chatham 4,Chatham Town Clerk/Tax Collector,,Under Votes,,135
Columbia,Chatham 5,Chatham Town Clerk/Tax Collector,,Beth Anne Rippel,REP,75
Columbia,Chatham 5,Chatham Town Clerk/Tax Collector,,Beth Anne Rippel,CFA,65
Columbia,Chatham 5,Chatham Town Clerk/Tax Collector,,Write-in,,0
Columbia,Chatham 5,Chatham Town Clerk/Tax Collector,,Over Votes,,0
Columbia,Chatham 5,Chatham Town Clerk/Tax Collector,,Under Votes,,98
Columbia,Chatham 6,Chatham Town Clerk/Tax Collector,,Beth Anne Rippel,REP,74
Columbia,Chatham 6,Chatham Town Clerk/Tax Collector,,Beth Anne Rippel,CFA,23
Columbia,Chatham 6,Chatham Town Clerk/Tax Collector,,Write-in,,0
Columbia,Chatham 6,Chatham Town Clerk/Tax Collector,,Over Votes,,0
Columbia,Chatham 6,Chatham Town Clerk/Tax Collector,,Under Votes,,30
Columbia,Chatham 1,Chatham Town Council,,Lisa Simonetti,DEM,239
Columbia,Chatham 1,Chatham Town Council,,Lisa Simonetti,CN,24
Columbia,Chatham 1,Chatham Town Council,,Rick Werwaiss,DEM,217
Columbia,Chatham 1,Chatham Town Council,,Rick Werwaiss,CN,20
Columbia,Chatham 1,Chatham Town Council,,Vance F. Pitkin,REP,170
Columbia,Chatham 1,Chatham Town Council,,Vance F. Pitkin,CFA,61
Columbia,Chatham 1,Chatham Town Council,,Timothy M. Mackerer,REP,169
Columbia,Chatham 1,Chatham Town Council,,Timothy M. Mackerer,CFA,64
Columbia,Chatham 1,Chatham Town Council,,Write-in,,0
Columbia,Chatham 1,Chatham Town Council,,Over Votes,,0
Columbia,Chatham 1,Chatham Town Council,,Under Votes,,20
Columbia,Chatham 2,Chatham Town Council,,Lisa Simonetti,DEM,98
Columbia,Chatham 2,Chatham Town Council,,Lisa Simonetti,CN,3
Columbia,Chatham 2,Chatham Town Council,,Rick Werwaiss,DEM,95
Columbia,Chatham 2,Chatham Town Council,,Rick Werwaiss,CN,3
Columbia,Chatham 2,Chatham Town Council,,Vance F. Pitkin,REP,132
Columbia,Chatham 2,Chatham Town Council,,Vance F. Pitkin,CFA,30
Columbia,Chatham 2,Chatham Town Council,,Timothy M. Mackerer,REP,124
Columbia,Chatham 2,Chatham Town Council,,Timothy M. Mackerer,CFA,30
Columbia,Chatham 2,Chatham Town Council,,Write-in,,0
Columbia,Chatham 2,Chatham Town Council,,Over Votes,,2
Columbia,Chatham 2,Chatham Town Council,,Under Votes,,7
Columbia,Chatham 3,Chatham Town Council,,Lisa Simonetti,DEM,177
Columbia,Chatham 3,Chatham Town Council,,Lisa Simonetti,CN,18
Columbia,Chatham 3,Chatham Town Council,,Rick Werwaiss,DEM,162
Columbia,Chatham 3,Chatham Town Council,,Rick Werwaiss,CN,17
Columbia,Chatham 3,Chatham Town Council,,Vance F. Pitkin,REP,131
Columbia,Chatham 3,Chatham Town Council,,Vance F. Pitkin,CFA,14
Columbia,Chatham 3,Chatham Town Council,,Timothy M. Mackerer,REP,131
Columbia,Chatham 3,Chatham Town Council,,Timothy M. Mackerer,CFA,16
Columbia,Chatham 3,Chatham Town Council,,Write-in,,0
Columbia,Chatham 3,Chatham Town Council,,Over Votes,,0
Columbia,Chatham 3,Chatham Town Council,,Under Votes,,24
Columbia,Chatham 4,Chatham Town Council,,Lisa Simonetti,DEM,217
Columbia,Chatham 4,Chatham Town Council,,Lisa Simonetti,CN,13
Columbia,Chatham 4,Chatham Town Council,,Rick Werwaiss,DEM,206
Columbia,Chatham 4,Chatham Town Council,,Rick Werwaiss,CN,12
Columbia,Chatham 4,Chatham Town Council,,Vance F. Pitkin,REP,111
Columbia,Chatham 4,Chatham Town Council,,Vance F. Pitkin,CFA,26
Columbia,Chatham 4,Chatham Town Council,,Timothy M. Mackerer,REP,103
Columbia,Chatham 4,Chatham Town Council,,Timothy M. Mackerer,CFA,21
Columbia,Chatham 4,Chatham Town Council,,Write-in,,0
Columbia,Chatham 4,Chatham Town Council,,Over Votes,,0
Columbia,Chatham 4,Chatham Town Council,,Under Votes,,9
Columbia,Chatham 5,Chatham Town Council,,Lisa Simonetti,DEM,141
Columbia,Chatham 5,Chatham Town Council,,Lisa Simonetti,CN,9
Columbia,Chatham 5,Chatham Town Council,,Rick Werwaiss,DEM,130
Columbia,Chatham 5,Chatham Town Council,,Rick Werwaiss,CN,9
Columbia,Chatham 5,Chatham Town Council,,Vance F. Pitkin,REP,60
Columbia,Chatham 5,Chatham Town Council,,Vance F. Pitkin,CFA,30
Columbia,Chatham 5,Chatham Town Council,,Timothy M. Mackerer,REP,56
Columbia,Chatham 5,Chatham Town Council,,Timothy M. Mackerer,CFA,26
Columbia,Chatham 5,Chatham Town Council,,Write-in,,1
Columbia,Chatham 5,Chatham Town Council,,Over Votes,,0
Columbia,Chatham 5,Chatham Town Council,,Under Votes,,14
Columbia,Chatham 6,Chatham Town Council,,Lisa Simonetti,DEM,59
Columbia,Chatham 6,Chatham Town Council,,Lisa Simonetti,CN,5
Columbia,Chatham 6,Chatham Town Council,,Rick Werwaiss,DEM,59
Columbia,Chatham 6,Chatham Town Council,,Rick Werwaiss,CN,6
Columbia,Chatham 6,Chatham Town Council,,Vance F. Pitkin,REP,50
Columbia,Chatham 6,Chatham Town Council,,Vance F. Pitkin,CFA,8
Columbia,Chatham 6,Chatham Town Council,,Timothy M. Mackerer,REP,52
Columbia,Chatham 6,Chatham Town Council,,Timothy M. Mackerer,CFA,6
Columbia,Chatham 6,Chatham Town Council,,Write-in,,0
Columbia,Chatham 6,Chatham Town Council,,Over Votes,,0
Columbia,Chatham 6,Chatham Town Council,,Under Votes,,9
Columbia,Chatham 1,Chatham Town Highway Superintendent,,James Fetzer,DEM,287
Columbia,Chatham 1,Chatham Town Highway Superintendent,,James Fetzer,REP,171
Columbia,Chatham 1,Chatham Town Highway Superintendent,,Write-in,,1
Columbia,Chatham 1,Chatham Town Highway Superintendent,,Over Votes,,0
Columbia,Chatham 1,Chatham Town Highway Superintendent,,Under Votes,,33
Columbia,Chatham 2,Chatham Town Highway Superintendent,,James Fetzer,DEM,119
Columbia,Chatham 2,Chatham Town Highway Superintendent,,James Fetzer,REP,131
Columbia,Chatham 2,Chatham Town Highway Superintendent,,Write-in,,1
Columbia,Chatham 2,Chatham Town Highway Superintendent,,Over Votes,,0
Columbia,Chatham 2,Chatham Town Highway Superintendent,,Under Votes,,11
Columbia,Chatham 3,Chatham Town Highway Superintendent,,James Fetzer,DEM,193
Columbia,Chatham 3,Chatham Town Highway Superintendent,,James Fetzer,REP,128
Columbia,Chatham 3,Chatham Town Highway Superintendent,,Write-in,,0
Columbia,Chatham 3,Chatham Town Highway Superintendent,,Over Votes,,0
Columbia,Chatham 3,Chatham Town Highway Superintendent,,Under Votes,,24
Columbia,Chatham 4,Chatham Town Highway Superintendent,,James Fetzer,DEM,229
Columbia,Chatham 4,Chatham Town Highway Superintendent,,James Fetzer,REP,100
Columbia,Chatham 4,Chatham Town Highway Superintendent,,Write-in,,0
Columbia,Chatham 4,Chatham Town Highway Superintendent,,Over Votes,,0
Columbia,Chatham 4,Chatham Town Highway Superintendent,,Under Votes,,30
Columbia,Chatham 5,Chatham Town Highway Superintendent,,James Fetzer,DEM,153
Columbia,Chatham 5,Chatham Town Highway Superintendent,,James Fetzer,REP,54
Columbia,Chatham 5,Chatham Town Highway Superintendent,,Write-in,,2
Columbia,Chatham 5,Chatham Town Highway Superintendent,,Over Votes,,0
Columbia,Chatham 5,Chatham Town Highway Superintendent,,Under Votes,,29
Columbia,Chatham 6,Chatham Town Highway Superintendent,,James Fetzer,DEM,56
Columbia,Chatham 6,Chatham Town Highway Superintendent,,James Fetzer,REP,56
Columbia,Chatham 6,Chatham Town Highway Superintendent,,Write-in,,0
Columbia,Chatham 6,Chatham Town Highway Superintendent,,Over Votes,,0
Columbia,Chatham 6,Chatham Town Highway Superintendent,,Under Votes,,15
Columbia,Chatham 1,Chatham Town Justice,,Michael Rosen,DEM,295
Columbia,Chatham 1,Chatham Town Justice,,Michael Rosen,REP,165
Columbia,Chatham 1,Chatham Town Justice,,Write-in,,2
Columbia,Chatham 1,Chatham Town Justice,,Over Votes,,0
Columbia,Chatham 1,Chatham Town Justice,,Under Votes,,30
Columbia,Chatham 2,Chatham Town Justice,,Michael Rosen,DEM,129
Columbia,Chatham 2,Chatham Town Justice,,Michael Rosen,REP,126
Columbia,Chatham 2,Chatham Town Justice,,Write-in,,1
Columbia,Chatham 2,Chatham Town Justice,,Over Votes,,0
Columbia,Chatham 2,Chatham Town Justice,,Under Votes,,6
Columbia,Chatham 3,Chatham Town Justice,,Michael Rosen,DEM,198
Columbia,Chatham 3,Chatham Town Justice,,Michael Rosen,REP,131
Columbia,Chatham 3,Chatham Town Justice,,Write-in,,1
Columbia,Chatham 3,Chatham Town Justice,,Over Votes,,0
Columbia,Chatham 3,Chatham Town Justice,,Under Votes,,15
Columbia,Chatham 4,Chatham Town Justice,,Michael Rosen,DEM,234
Columbia,Chatham 4,Chatham Town Justice,,Michael Rosen,REP,102
Columbia,Chatham 4,Chatham Town Justice,,Write-in,,0
Columbia,Chatham 4,Chatham Town Justice,,Over Votes,,0
Columbia,Chatham 4,Chatham Town Justice,,Under Votes,,23
Columbia,Chatham 5,Chatham Town Justice,,Michael Rosen,DEM,153
Columbia,Chatham 5,Chatham Town Justice,,Michael Rosen,REP,56
Columbia,Chatham 5,Chatham Town Justice,,Write-in,,1
Columbia,Chatham 5,Chatham Town Justice,,Over Votes,,0
Columbia,Chatham 5,Chatham Town Justice,,Under Votes,,28
Columbia,Chatham 6,Chatham Town Justice,,Michael Rosen,DEM,59
Columbia,Chatham 6,Chatham Town Justice,,Michael Rosen,REP,56
Columbia,Chatham 6,Chatham Town Justice,,Write-in,,0
Columbia,Chatham 6,Chatham Town Justice,,Over Votes,,0
Columbia,Chatham 6,Chatham Town Justice,,Under Votes,,12
Columbia,Chatham 1,"Proposal Number Two, Town of Chatham",,Yes,,327
Columbia,Chatham 1,"Proposal Number Two, Town of Chatham",,No,,146
Columbia,Chatham 1,"Proposal Number Two, Town of Chatham",,Over Votes,,0
Columbia,Chatham 1,"Proposal Number Two, Town of Chatham",,Under Votes,,19
Columbia,Chatham 2,"Proposal Number Two, Town of Chatham",,Yes,,157
Columbia,Chatham 2,"Proposal Number Two, Town of Chatham",,No,,96
Columbia,Chatham 2,"Proposal Number Two, Town of Chatham",,Over Votes,,0
Columbia,Chatham 2,"Proposal Number Two, Town of Chatham",,Under Votes,,9
Columbia,Chatham 3,"Proposal Number Two, Town of Chatham",,Yes,,256
Columbia,Chatham 3,"Proposal Number Two, Town of Chatham",,No,,80
Columbia,Chatham 3,"Proposal Number Two, Town of Chatham",,Over Votes,,0
Columbia,Chatham 3,"Proposal Number Two, Town of Chatham",,Under Votes,,9
Columbia,Chatham 4,"Proposal Number Two, Town of Chatham",,Yes,,287
Columbia,Chatham 4,"Proposal Number Two, Town of Chatham",,No,,63
Columbia,Chatham 4,"Proposal Number Two, Town of Chatham",,Over Votes,,0
Columbia,Chatham 4,"Proposal Number Two, Town of Chatham",,Under Votes,,9
Columbia,Chatham 5,"Proposal Number Two, Town of Chatham",,Yes,,176
Columbia,Chatham 5,"Proposal Number Two, Town of Chatham",,No,,51
Columbia,Chatham 5,"Proposal Number Two, Town of Chatham",,Over Votes,,0
Columbia,Chatham 5,"Proposal Number Two, Town of Chatham",,Under Votes,,11
Columbia,Chatham 6,"Proposal Number Two, Town of Chatham",,Yes,,95
Columbia,Chatham 6,"Proposal Number Two, Town of Chatham",,No,,29
Columbia,Chatham 6,"Proposal Number Two, Town of Chatham",,Over Votes,,0
Columbia,Chatham 6,"Proposal Number Two, Town of Chatham",,Under Votes,,3
Columbia,Claverack 1,Claverack Town Supervisor,,Ilze Earner,DEM,156
Columbia,Claverack 1,Claverack Town Supervisor,,Ilze Earner,DS,12
Columbia,Claverack 1,Claverack Town Supervisor,,Clifford Kippy Weigelt,REP,217
Columbia,Claverack 1,Claverack Town Supervisor,,Clifford Kippy Weigelt,CON,25
Columbia,Claverack 1,Claverack Town Supervisor,,Write-in,,0
Columbia,Claverack 1,Claverack Town Supervisor,,Over Votes,,0
Columbia,Claverack 1,Claverack Town Supervisor,,Under Votes,,9
Columbia,Claverack 2,Claverack Town Supervisor,,Ilze Earner,DEM,215
Columbia,Claverack 2,Claverack Town Supervisor,,Ilze Earner,DS,18
Columbia,Claverack 2,Claverack Town Supervisor,,Clifford Kippy Weigelt,REP,195
Columbia,Claverack 2,Claverack Town Supervisor,,Clifford Kippy Weigelt,CON,37
Columbia,Claverack 2,Claverack Town Supervisor,,Write-in,,0
Columbia,Claverack 2,Claverack Town Supervisor,,Over Votes,,0
Columbia,Claverack 2,Claverack Town Supervisor,,Under Votes,,7
Columbia,Claverack 3,Claverack Town Supervisor,,Ilze Earner,DEM,180
Columbia,Claverack 3,Claverack Town Supervisor,,Ilze Earner,DS,18
Columbia,Claverack 3,Claverack Town Supervisor,,Clifford Kippy Weigelt,REP,185
Columbia,Claverack 3,Claverack Town Supervisor,,Clifford Kippy Weigelt,CON,32
Columbia,Claverack 3,Claverack Town Supervisor,,Write-in,,0
Columbia,Claverack 3,Claverack Town Supervisor,,Over Votes,,0
Columbia,Claverack 3,Claverack Town Supervisor,,Under Votes,,4
Columbia,Claverack 4,Claverack Town Supervisor,,Ilze Earner,DEM,171
Columbia,Claverack 4,Claverack Town Supervisor,,Ilze Earner,DS,24
Columbia,Claverack 4,Claverack Town Supervisor,,Clifford Kippy Weigelt,REP,195
Columbia,Claverack 4,Claverack Town Supervisor,,Clifford Kippy Weigelt,CON,37
Columbia,Claverack 4,Claverack Town Supervisor,,Write-in,,0
Columbia,Claverack 4,Claverack Town Supervisor,,Over Votes,,0
Columbia,Claverack 4,Claverack Town Supervisor,,Under Votes,,5
Columbia,Claverack 5,Claverack Town Supervisor,,Ilze Earner,DEM,198
Columbia,Claverack 5,Claverack Town Supervisor,,Ilze Earner,DS,10
Columbia,Claverack 5,Claverack Town Supervisor,,Clifford Kippy Weigelt,REP,195
Columbia,Claverack 5,Claverack Town Supervisor,,Clifford Kippy Weigelt,CON,19
Columbia,Claverack 5,Claverack Town Supervisor,,Write-in,,0
Columbia,Claverack 5,Claverack Town Supervisor,,Over Votes,,0
Columbia,Claverack 5,Claverack Town Supervisor,,Under Votes,,6
Columbia,Claverack 1,Claverack Town Clerk/Tax Collector,,Amber D'Amato,DEM,164
Columbia,Claverack 1,Claverack Town Clerk/Tax Collector,,Amber D'Amato,DS,14
Columbia,Claverack 1,Claverack Town Clerk/Tax Collector,,William R. Dickie Michael,REP,212
Columbia,Claverack 1,Claverack Town Clerk/Tax Collector,,William R. Dickie Michael,CON,18
Columbia,Claverack 1,Claverack Town Clerk/Tax Collector,,Write-in,,1
Columbia,Claverack 1,Claverack Town Clerk/Tax Collector,,Over Votes,,0
Columbia,Claverack 1,Claverack Town Clerk/Tax Collector,,Under Votes,,10
Columbia,Claverack 2,Claverack Town Clerk/Tax Collector,,Amber D'Amato,DEM,213
Columbia,Claverack 2,Claverack Town Clerk/Tax Collector,,Amber D'Amato,DS,17
Columbia,Claverack 2,Claverack Town Clerk/Tax Collector,,William R. Dickie Michael,REP,194
Columbia,Claverack 2,Claverack Town Clerk/Tax Collector,,William R. Dickie Michael,CON,41
Columbia,Claverack 2,Claverack Town Clerk/Tax Collector,,Write-in,,0
Columbia,Claverack 2,Claverack Town Clerk/Tax Collector,,Over Votes,,0
Columbia,Claverack 2,Claverack Town Clerk/Tax Collector,,Under Votes,,7
Columbia,Claverack 3,Claverack Town Clerk/Tax Collector,,Amber D'Amato,DEM,184
Columbia,Claverack 3,Claverack Town Clerk/Tax Collector,,Amber D'Amato,DS,21
Columbia,Claverack 3,Claverack Town Clerk/Tax Collector,,William R. Dickie Michael,REP,182
Columbia,Claverack 3,Claverack Town Clerk/Tax Collector,,William R. Dickie Michael,CON,27
Columbia,Claverack 3,Claverack Town Clerk/Tax Collector,,Write-in,,0
Columbia,Claverack 3,Claverack Town Clerk/Tax Collector,,Over Votes,,0
Columbia,Claverack 3,Claverack Town Clerk/Tax Collector,,Under Votes,,5
Columbia,Claverack 4,Claverack Town Clerk/Tax Collector,,Amber D'Amato,DEM,180
Columbia,Claverack 4,Claverack Town Clerk/Tax Collector,,Amber D'Amato,DS,26
Columbia,Claverack 4,Claverack Town Clerk/Tax Collector,,William R. Dickie Michael,REP,184
Columbia,Claverack 4,Claverack Town Clerk/Tax Collector,,William R. Dickie Michael,CON,35
Columbia,Claverack 4,Claverack Town Clerk/Tax Collector,,Write-in,,0
Columbia,Claverack 4,Claverack Town Clerk/Tax Collector,,Over Votes,,0
Columbia,Claverack 4,Claverack Town Clerk/Tax Collector,,Under Votes,,7
Columbia,Claverack 5,Claverack Town Clerk/Tax Collector,,Amber D'Amato,DEM,197
Columbia,Claverack 5,Claverack Town Clerk/Tax Collector,,Amber D'Amato,DS,12
Columbia,Claverack 5,Claverack Town Clerk/Tax Collector,,William R. Dickie Michael,REP,192
Columbia,Claverack 5,Claverack Town Clerk/Tax Collector,,William R. Dickie Michael,CON,19
Columbia,Claverack 5,Claverack Town Clerk/Tax Collector,,Write-in,,1
Columbia,Claverack 5,Claverack Town Clerk/Tax Collector,,Over Votes,,0
Columbia,Claverack 5,Claverack Town Clerk/Tax Collector,,Under Votes,,7
Columbia,Claverack 1,Claverack Town Council,,Peter Hoffman,DEM,165
Columbia,Claverack 1,Claverack Town Council,,Peter Hoffman,DS,15
Columbia,Claverack 1,Claverack Town Council,,Robert Honeywell,DEM,160
Columbia,Claverack 1,Claverack Town Council,,Robert Honeywell,DS,14
Columbia,Claverack 1,Claverack Town Council,,Philip Tkacy,REP,205
Columbia,Claverack 1,Claverack Town Council,,Philip Tkacy,CON,20
Columbia,Claverack 1,Claverack Town Council,,Stephen Hookie Hook,REP,210
Columbia,Claverack 1,Claverack Town Council,,Stephen Hookie Hook,CON,17
Columbia,Claverack 1,Claverack Town Council,,Write-in,,0
Columbia,Claverack 1,Claverack Town Council,,Over Votes,,4
Columbia,Claverack 1,Claverack Town Council,,Under Votes,,28
Columbia,Claverack 2,Claverack Town Council,,Peter Hoffman,DEM,213
Columbia,Claverack 2,Claverack Town Council,,Peter Hoffman,DS,18
Columbia,Claverack 2,Claverack Town Council,,Robert Honeywell,DEM,212
Columbia,Claverack 2,Claverack Town Council,,Robert Honeywell,DS,18
Columbia,Claverack 2,Claverack Town Council,,Philip Tkacy,REP,197
Columbia,Claverack 2,Claverack Town Council,,Philip Tkacy,CON,41
Columbia,Claverack 2,Claverack Town Council,,Stephen Hookie Hook,REP,195
Columbia,Claverack 2,Claverack Town Council,,Stephen Hookie Hook,CON,40
Columbia,Claverack 2,Claverack Town Council,,Write-in,,0
Columbia,Claverack 2,Claverack Town Council,,Over Votes,,0
Columbia,Claverack 2,Claverack Town Council,,Under Votes,,10
Columbia,Claverack 3,Claverack Town Council,,Peter Hoffman,DEM,181
Columbia,Claverack 3,Claverack Town Council,,Peter Hoffman,DS,21
Columbia,Claverack 3,Claverack Town Council,,Robert Honeywell,DEM,177
Columbia,Claverack 3,Claverack Town Council,,Robert Honeywell,DS,19
Columbia,Claverack 3,Claverack Town Council,,Philip Tkacy,REP,175
Columbia,Claverack 3,Claverack Town Council,,Philip Tkacy,CON,31
Columbia,Claverack 3,Claverack Town Council,,Stephen Hookie Hook,REP,181
Columbia,Claverack 3,Claverack Town Council,,Stephen Hookie Hook,CON,27
Columbia,Claverack 3,Claverack Town Council,,Write-in,,0
Columbia,Claverack 3,Claverack Town Council,,Over Votes,,0
Columbia,Claverack 3,Claverack Town Council,,Under Votes,,26
Columbia,Claverack 4,Claverack Town Council,,Peter Hoffman,DEM,187
Columbia,Claverack 4,Claverack Town Council,,Peter Hoffman,DS,27
Columbia,Claverack 4,Claverack Town Council,,Robert Honeywell,DEM,180
Columbia,Claverack 4,Claverack Town Council,,Robert Honeywell,DS,26
Columbia,Claverack 4,Claverack Town Council,,Philip Tkacy,REP,175
Columbia,Claverack 4,Claverack Town Council,,Philip Tkacy,CON,34
Columbia,Claverack 4,Claverack Town Council,,Stephen Hookie Hook,REP,171
Columbia,Claverack 4,Claverack Town Council,,Stephen Hookie Hook,CON,32
Columbia,Claverack 4,Claverack Town Council,,Write-in,,0
Columbia,Claverack 4,Claverack Town Council,,Over Votes,,0
Columbia,Claverack 4,Claverack Town Council,,Under Votes,,32
Columbia,Claverack 5,Claverack Town Council,,Peter Hoffman,DEM,207
Columbia,Claverack 5,Claverack Town Council,,Peter Hoffman,DS,13
Columbia,Claverack 5,Claverack Town Council,,Robert Honeywell,DEM,199
Columbia,Claverack 5,Claverack Town Council,,Robert Honeywell,DS,14
Columbia,Claverack 5,Claverack Town Council,,Philip Tkacy,REP,182
Columbia,Claverack 5,Claverack Town Council,,Philip Tkacy,CON,17
Columbia,Claverack 5,Claverack Town Council,,Stephen Hookie Hook,REP,178
Columbia,Claverack 5,Claverack Town Council,,Stephen Hookie Hook,CON,16
Columbia,Claverack 5,Claverack Town Council,,Write-in,,0
Columbia,Claverack 5,Claverack Town Council,,Over Votes,,0
Columbia,Claverack 5,Claverack Town Council,,Under Votes,,30
Columbia,Claverack 1,Claverack Town Highway Superintendent,,Louis C. Lamont,DEM,166
Columbia,Claverack 1,Claverack Town Highway Superintendent,,Louis C. Lamont,REP,206
Columbia,Claverack 1,Claverack Town Highway Superintendent,,Louis C. Lamont,CON,19
Columbia,Claverack 1,Claverack Town Highway Superintendent,,Write-in,,0
Columbia,Claverack 1,Claverack Town Highway Superintendent,,Over Votes,,0
Columbia,Claverack 1,Claverack Town Highway Superintendent,,Under Votes,,28
Columbia,Claverack 2,Claverack Town Highway Superintendent,,Louis C. Lamont,DEM,216
Columbia,Claverack 2,Claverack Town Highway Superintendent,,Louis C. Lamont,REP,193
Columbia,Claverack 2,Claverack Town Highway Superintendent,,Louis C. Lamont,CON,38
Columbia,Claverack 2,Claverack Town Highway Superintendent,,Write-in,,3
Columbia,Claverack 2,Claverack Town Highway Superintendent,,Over Votes,,0
Columbia,Claverack 2,Claverack Town Highway Superintendent,,Under Votes,,22
Columbia,Claverack 3,Claverack Town Highway Superintendent,,Louis C. Lamont,DEM,182
Columbia,Claverack 3,Claverack Town Highway Superintendent,,Louis C. Lamont,REP,174
Columbia,Claverack 3,Claverack Town Highway Superintendent,,Louis C. Lamont,CON,27
Columbia,Claverack 3,Claverack Town Highway Superintendent,,Write-in,,1
Columbia,Claverack 3,Claverack Town Highway Superintendent,,Over Votes,,0
Columbia,Claverack 3,Claverack Town Highway Superintendent,,Under Votes,,35
Columbia,Claverack 4,Claverack Town Highway Superintendent,,Louis C. Lamont,DEM,185
Columbia,Claverack 4,Claverack Town Highway Superintendent,,Louis C. Lamont,REP,171
Columbia,Claverack 4,Claverack Town Highway Superintendent,,Louis C. Lamont,CON,41
Columbia,Claverack 4,Claverack Town Highway Superintendent,,Write-in,,2
Columbia,Claverack 4,Claverack Town Highway Superintendent,,Over Votes,,0
Columbia,Claverack 4,Claverack Town Highway Superintendent,,Under Votes,,33
Columbia,Claverack 5,Claverack Town Highway Superintendent,,Louis C. Lamont,DEM,190
Columbia,Claverack 5,Claverack Town Highway Superintendent,,Louis C. Lamont,REP,186
Columbia,Claverack 5,Claverack Town Highway Superintendent,,Louis C. Lamont,CON,20
Columbia,Claverack 5,Claverack Town Highway Superintendent,,Write-in,,0
Columbia,Claverack 5,Claverack Town Highway Superintendent,,Over Votes,,0
Columbia,Claverack 5,Claverack Town Highway Superintendent,,Under Votes,,32
Columbia,Claverack 1,"Proposal Number Two, Town of Claverack",,Yes,,278
Columbia,Claverack 1,"Proposal Number Two, Town of Claverack",,No,,113
Columbia,Claverack 1,"Proposal Number Two, Town of Claverack",,Over Votes,,0
Columbia,Claverack 1,"Proposal Number Two, Town of Claverack",,Under Votes,,28
Columbia,Claverack 2,"Proposal Number Two, Town of Claverack",,Yes,,300
Columbia,Claverack 2,"Proposal Number Two, Town of Claverack",,No,,147
Columbia,Claverack 2,"Proposal Number Two, Town of Claverack",,Over Votes,,0
Columbia,Claverack 2,"Proposal Number Two, Town of Claverack",,Under Votes,,25
Columbia,Claverack 3,"Proposal Number Two, Town of Claverack",,Yes,,247
Columbia,Claverack 3,"Proposal Number Two, Town of Claverack",,No,,167
Columbia,Claverack 3,"Proposal Number Two, Town of Claverack",,Over Votes,,0
Columbia,Claverack 3,"Proposal Number Two, Town of Claverack",,Under Votes,,5
Columbia,Claverack 4,"Proposal Number Two, Town of Claverack",,Yes,,263
Columbia,Claverack 4,"Proposal Number Two, Town of Claverack",,No,,154
Columbia,Claverack 4,"Proposal Number Two, Town of Claverack",,Over Votes,,0
Columbia,Claverack 4,"Proposal Number Two, Town of Claverack",,Under Votes,,15
Columbia,Claverack 5,"Proposal Number Two, Town of Claverack",,Yes,,262
Columbia,Claverack 5,"Proposal Number Two, Town of Claverack",,No,,152
Columbia,Claverack 5,"Proposal Number Two, Town of Claverack",,Over Votes,,0
Columbia,Claverack 5,"Proposal Number Two, Town of Claverack",,Under Votes,,14
Columbia,Clermont 1,Clermont Town Supervisor,,Raymond Staats,DEM,192
Columbia,Clermont 1,Clermont Town Supervisor,,Raymond Staats,REP,102
Columbia,Clermont 1,Clermont Town Supervisor,,Raymond Staats,CON,32
Columbia,Clermont 1,Clermont Town Supervisor,,Write-in,,1
Columbia,Clermont 1,Clermont Town Supervisor,,Over Votes,,0
Columbia,Clermont 1,Clermont Town Supervisor,,Under Votes,,21
Columbia,Clermont 2,Clermont Town Supervisor,,Raymond Staats,DEM,157
Columbia,Clermont 2,Clermont Town Supervisor,,Raymond Staats,REP,111
Columbia,Clermont 2,Clermont Town Supervisor,,Raymond Staats,CON,30
Columbia,Clermont 2,Clermont Town Supervisor,,Write-in,,1
Columbia,Clermont 2,Clermont Town Supervisor,,Over Votes,,0
Columbia,Clermont 2,Clermont Town Supervisor,,Under Votes,,23
Columbia,Clermont 1,Clermont Town Clerk,,Tracey Gallant,DEM,183
Columbia,Clermont 1,Clermont Town Clerk,,Tracey Gallant,REP,109
Columbia,Clermont 1,Clermont Town Clerk,,Tracey Gallant,CON,33
Columbia,Clermont 1,Clermont Town Clerk,,Write-in,,0
Columbia,Clermont 1,Clermont Town Clerk,,Over Votes,,0
Columbia,Clermont 1,Clermont Town Clerk,,Under Votes,,23
Columbia,Clermont 2,Clermont Town Clerk,,Tracey Gallant,DEM,157
Columbia,Clermont 2,Clermont Town Clerk,,Tracey Gallant,REP,114
Columbia,Clermont 2,Clermont Town Clerk,,Tracey Gallant,CON,27
Columbia,Clermont 2,Clermont Town Clerk,,Write-in,,2
Columbia,Clermont 2,Clermont Town Clerk,,Over Votes,,0
Columbia,Clermont 2,Clermont Town Clerk,,Under Votes,,22
Columbia,Clermont 1,Clermont Town Tax Collector,,Joan Buser,DEM,184
Columbia,Clermont 1,Clermont Town Tax Collector,,Joan Buser,REP,131
Columbia,Clermont 1,Clermont Town Tax Collector,,Write-in,,0
Columbia,Clermont 1,Clermont Town Tax Collector,,Over Votes,,0
Columbia,Clermont 1,Clermont Town Tax Collector,,Under Votes,,33
Columbia,Clermont 2,Clermont Town Tax Collector,,Joan Buser,DEM,164
Columbia,Clermont 2,Clermont Town Tax Collector,,Joan Buser,REP,133
Columbia,Clermont 2,Clermont Town Tax Collector,,Write-in,,0
Columbia,Clermont 2,Clermont Town Tax Collector,,Over Votes,,0
Columbia,Clermont 2,Clermont Town Tax Collector,,Under Votes,,25
Columbia,Clermont 1,Clermont Town Council,,Anthony Finta,DEM,195
Columbia,Clermont 1,Clermont Town Council,,Kris Gildersleeve,REP,126
Columbia,Clermont 1,Clermont Town Council,,Kris Gildersleeve,CON,36
Columbia,Clermont 1,Clermont Town Council,,Robert G. Desmond,REP,114
Columbia,Clermont 1,Clermont Town Council,,Robert G. Desmond,CON,35
Columbia,Clermont 1,Clermont Town Council,,Write-in,,0
Columbia,Clermont 1,Clermont Town Council,,Over Votes,,0
Columbia,Clermont 1,Clermont Town Council,,Under Votes,,190
Columbia,Clermont 2,Clermont Town Council,,Anthony Finta,DEM,173
Columbia,Clermont 2,Clermont Town Council,,Kris Gildersleeve,REP,132
Columbia,Clermont 2,Clermont Town Council,,Kris Gildersleeve,CON,29
Columbia,Clermont 2,Clermont Town Council,,Robert G. Desmond,REP,126
Columbia,Clermont 2,Clermont Town Council,,Robert G. Desmond,CON,31
Columbia,Clermont 2,Clermont Town Council,,Write-in,,1
Columbia,Clermont 2,Clermont Town Council,,Over Votes,,2
Columbia,Clermont 2,Clermont Town Council,,Under Votes,,150
Columbia,Clermont 1,Clermont Town Highway Superintendent,,Tyler J. Case,DEM,210
Columbia,Clermont 1,Clermont Town Highway Superintendent,,Lee Gallant,REP,125
Columbia,Clermont 1,Clermont Town Highway Superintendent,,Lee Gallant,CF,8
Columbia,Clermont 1,Clermont Town Highway Superintendent,,Write-in,,0
Columbia,Clermont 1,Clermont Town Highway Superintendent,,Over Votes,,0
Columbia,Clermont 1,Clermont Town Highway Superintendent,,Under Votes,,5
Columbia,Clermont 2,Clermont Town Highway Superintendent,,Tyler J. Case,DEM,189
Columbia,Clermont 2,Clermont Town Highway Superintendent,,Lee Gallant,REP,120
Columbia,Clermont 2,Clermont Town Highway Superintendent,,Lee Gallant,CF,9
Columbia,Clermont 2,Clermont Town Highway Superintendent,,Write-in,,0
Columbia,Clermont 2,Clermont Town Highway Superintendent,,Over Votes,,0
Columbia,Clermont 2,Clermont Town Highway Superintendent,,Under Votes,,4
Columbia,Clermont 1,Clermont Town Justice,,Ronald W. F. Banks,DEM,182
Columbia,Clermont 1,Clermont Town Justice,,Ronald W. F. Banks,REP,107
Columbia,Clermont 1,Clermont Town Justice,,Ronald W. F. Banks,CON,30
Columbia,Clermont 1,Clermont Town Justice,,Write-in,,0
Columbia,Clermont 1,Clermont Town Justice,,Over Votes,,0
Columbia,Clermont 1,Clermont Town Justice,,Under Votes,,29
Columbia,Clermont 2,Clermont Town Justice,,Ronald W. F. Banks,DEM,154
Columbia,Clermont 2,Clermont Town Justice,,Ronald W. F. Banks,REP,113
Columbia,Clermont 2,Clermont Town Justice,,Ronald W. F. Banks,CON,34
Columbia,Clermont 2,Clermont Town Justice,,Write-in,,1
Columbia,Clermont 2,Clermont Town Justice,,Over Votes,,0
Columbia,Clermont 2,Clermont Town Justice,,Under Votes,,20
Columbia,Copake 1,Copake Town Council,,Will Morningstar,DEM,259
Columbia,Copake 1,Copake Town Council,,Linda Gabaccia,DEM,240
Columbia,Copake 1,Copake Town Council,,Write-in,,5
Columbia,Copake 1,Copake Town Council,,Over Votes,,0
Columbia,Copake 1,Copake Town Council,,Under Votes,,250
Columbia,Copake 2,Copake Town Council,,Will Morningstar,DEM,178
Columbia,Copake 2,Copake Town Council,,Linda Gabaccia,DEM,190
Columbia,Copake 2,Copake Town Council,,Write-in,,4
Columbia,Copake 2,Copake Town Council,,Over Votes,,0
Columbia,Copake 2,Copake Town Council,,Under Votes,,182
Columbia,Copake 3,Copake Town Council,,Will Morningstar,DEM,199
Columbia,Copake 3,Copake Town Council,,Linda Gabaccia,DEM,212
Columbia,Copake 3,Copake Town Council,,Write-in,,7
Columbia,Copake 3,Copake Town Council,,Over Votes,,0
Columbia,Copake 3,Copake Town Council,,Under Votes,,214
Columbia,Copake 4,Copake Town Council,,Will Morningstar,DEM,173
Columbia,Copake 4,Copake Town Council,,Linda Gabaccia,DEM,186
Columbia,Copake 4,Copake Town Council,,Write-in,,0
Columbia,Copake 4,Copake Town Council,,Over Votes,,0
Columbia,Copake 4,Copake Town Council,,Under Votes,,171
Columbia,Copake 1,Copake Town Justice,,Jeanne E. Mettler,DEM,281
Columbia,Copake 1,Copake Town Justice,,Write-in,,4
Columbia,Copake 1,Copake Town Justice,,Over Votes,,0
Columbia,Copake 1,Copake Town Justice,,Under Votes,,92
Columbia,Copake 2,Copake Town Justice,,Jeanne E. Mettler,DEM,205
Columbia,Copake 2,Copake Town Justice,,Write-in,,3
Columbia,Copake 2,Copake Town Justice,,Over Votes,,0
Columbia,Copake 2,Copake Town Justice,,Under Votes,,69
Columbia,Copake 3,Copake Town Justice,,Jeanne E. Mettler,DEM,228
Columbia,Copake 3,Copake Town Justice,,Write-in,,5
Columbia,Copake 3,Copake Town Justice,,Over Votes,,0
Columbia,Copake 3,Copake Town Justice,,Under Votes,,83
Columbia,Copake 4,Copake Town Justice,,Jeanne E. Mettler,DEM,199
Columbia,Copake 4,Copake Town Justice,,Write-in,,1
Columbia,Copake 4,Copake Town Justice,,Over Votes,,0
Columbia,Copake 4,Copake Town Justice,,Under Votes,,65
Columbia,Copake 1,"Proposal Number Two, Town of Copake",,Yes,,247
Columbia,Copake 1,"Proposal Number Two, Town of Copake",,No,,114
Columbia,Copake 1,"Proposal Number Two, Town of Copake",,Over Votes,,0
Columbia,Copake 1,"Proposal Number Two, Town of Copake",,Under Votes,,16
Columbia,Copake 2,"Proposal Number Two, Town of Copake",,Yes,,145
Columbia,Copake 2,"Proposal Number Two, Town of Copake",,No,,128
Columbia,Copake 2,"Proposal Number Two, Town of Copake",,Over Votes,,0
Columbia,Copake 2,"Proposal Number Two, Town of Copake",,Under Votes,,4
Columbia,Copake 3,"Proposal Number Two, Town of Copake",,Yes,,181
Columbia,Copake 3,"Proposal Number Two, Town of Copake",,No,,133
Columbia,Copake 3,"Proposal Number Two, Town of Copake",,Over Votes,,0
Columbia,Copake 3,"Proposal Number Two, Town of Copake",,Under Votes,,2
Columbia,Copake 4,"Proposal Number Two, Town of Copake",,Yes,,143
Columbia,Copake 4,"Proposal Number Two, Town of Copake",,No,,117
Columbia,Copake 4,"Proposal Number Two, Town of Copake",,Over Votes,,0
Columbia,Copake 4,"Proposal Number Two, Town of Copake",,Under Votes,,5
Columbia,Gallatin 1,Gallatin Town Supervisor,,John C. Reilly,DEM,206
Columbia,Gallatin 1,Gallatin Town Supervisor,,Write-in,,0
Columbia,Gallatin 1,Gallatin Town Supervisor,,Over Votes,,0
Columbia,Gallatin 1,Gallatin Town Supervisor,,Under Votes,,49
Columbia,Gallatin 2,Gallatin Town Supervisor,,John C. Reilly,DEM,192
Columbia,Gallatin 2,Gallatin Town Supervisor,,Write-in,,1
Columbia,Gallatin 2,Gallatin Town Supervisor,,Over Votes,,0
Columbia,Gallatin 2,Gallatin Town Supervisor,,Under Votes,,44
Columbia,Gallatin 1,Gallatin Town Clerk/Tax Collector,,Lisa DeLeeuw,DEM,209
Columbia,Gallatin 1,Gallatin Town Clerk/Tax Collector,,Write-in,,0
Columbia,Gallatin 1,Gallatin Town Clerk/Tax Collector,,Over Votes,,0
Columbia,Gallatin 1,Gallatin Town Clerk/Tax Collector,,Under Votes,,46
Columbia,Gallatin 2,Gallatin Town Clerk/Tax Collector,,Lisa DeLeeuw,DEM,201
Columbia,Gallatin 2,Gallatin Town Clerk/Tax Collector,,Write-in,,0
Columbia,Gallatin 2,Gallatin Town Clerk/Tax Collector,,Over Votes,,0
Columbia,Gallatin 2,Gallatin Town Clerk/Tax Collector,,Under Votes,,36
Columbia,Gallatin 1,Gallatin Town Council,,Tara Silberberg,DEM,198
Columbia,Gallatin 1,Gallatin Town Council,,Benjamin Maron,DEM,192
Columbia,Gallatin 1,Gallatin Town Council,,Write-in,,1
Columbia,Gallatin 1,Gallatin Town Council,,Over Votes,,0
Columbia,Gallatin 1,Gallatin Town Council,,Under Votes,,119
Columbia,Gallatin 2,Gallatin Town Council,,Tara Silberberg,DEM,177
Columbia,Gallatin 2,Gallatin Town Council,,Benjamin Maron,DEM,173
Columbia,Gallatin 2,Gallatin Town Council,,Write-in,,4
Columbia,Gallatin 2,Gallatin Town Council,,Over Votes,,0
Columbia,Gallatin 2,Gallatin Town Council,,Under Votes,,120
Columbia,Gallatin 1,Gallatin Town Justice,,Matthew A. Gold,DEM,197
Columbia,Gallatin 1,Gallatin Town Justice,,Write-in,,0
Columbia,Gallatin 1,Gallatin Town Justice,,Over Votes,,0
Columbia,Gallatin 1,Gallatin Town Justice,,Under Votes,,58
Columbia,Gallatin 2,Gallatin Town Justice,,Matthew A. Gold,DEM,185
Columbia,Gallatin 2,Gallatin Town Justice,,Write-in,,0
Columbia,Gallatin 2,Gallatin Town Justice,,Over Votes,,0
Columbia,Gallatin 2,Gallatin Town Justice,,Under Votes,,52
Columbia,Germantown 1,Germantown Town Supervisor,,David L. Helsley,REP,178
Columbia,Germantown 1,Germantown Town Supervisor,,David L. Helsley,CON,51
Columbia,Germantown 1,Germantown Town Supervisor,,Write-in,,5
Columbia,Germantown 1,Germantown Town Supervisor,,Over Votes,,0
Columbia,Germantown 1,Germantown Town Supervisor,,Under Votes,,161
Columbia,Germantown 2,Germantown Town Supervisor,,David L. Helsley,REP,142
Columbia,Germantown 2,Germantown Town Supervisor,,David L. Helsley,CON,46
Columbia,Germantown 2,Germantown Town Supervisor,,Write-in,,3
Columbia,Germantown 2,Germantown Town Supervisor,,Over Votes,,0
Columbia,Germantown 2,Germantown Town Supervisor,,Under Votes,,133
Columbia,Germantown 1,Germantown Town Clerk,,Joyce Vale,REP,193
Columbia,Germantown 1,Germantown Town Clerk,,Joyce Vale,CON,54
Columbia,Germantown 1,Germantown Town Clerk,,Write-in,,2
Columbia,Germantown 1,Germantown Town Clerk,,Over Votes,,0
Columbia,Germantown 1,Germantown Town Clerk,,Under Votes,,146
Columbia,Germantown 2,Germantown Town Clerk,,Joyce Vale,REP,149
Columbia,Germantown 2,Germantown Town Clerk,,Joyce Vale,CON,52
Columbia,Germantown 2,Germantown Town Clerk,,Write-in,,0
Columbia,Germantown 2,Germantown Town Clerk,,Over Votes,,1
Columbia,Germantown 2,Germantown Town Clerk,,Under Votes,,122
Columbia,Germantown 1,Germantown Town Tax Collector,,Kerrie M. Abela,REP,182
Columbia,Germantown 1,Germantown Town Tax Collector,,Kerrie M. Abela,CON,51
Columbia,Germantown 1,Germantown Town Tax Collector,,Write-in,,2
Columbia,Germantown 1,Germantown Town Tax Collector,,Over Votes,,0
Columbia,Germantown 1,Germantown Town Tax Collector,,Under Votes,,160
Columbia,Germantown 2,Germantown Town Tax Collector,,Kerrie M. Abela,REP,143
Columbia,Germantown 2,Germantown Town Tax Collector,,Kerrie M. Abela,CON,50
Columbia,Germantown 2,Germantown Town Tax Collector,,Write-in,,0
Columbia,Germantown 2,Germantown Town Tax Collector,,Over Votes,,0
Columbia,Germantown 2,Germantown Town Tax Collector,,Under Votes,,131
Columbia,Germantown 1,Germantown Town Council,,Austin P. Sullivan,REP,181
Columbia,Germantown 1,Germantown Town Council,,Austin P. Sullivan,CON,49
Columbia,Germantown 1,Germantown Town Council,,John J. Kukon,REP,177
Columbia,Germantown 1,Germantown Town Council,,John J. Kukon,CON,49
Columbia,Germantown 1,Germantown Town Council,,Write-in,,5
Columbia,Germantown 1,Germantown Town Council,,Over Votes,,0
Columbia,Germantown 1,Germantown Town Council,,Under Votes,,329
Columbia,Germantown 2,Germantown Town Council,,Austin P. Sullivan,REP,145
Columbia,Germantown 2,Germantown Town Council,,Austin P. Sullivan,CON,51
Columbia,Germantown 2,Germantown Town Council,,John J. Kukon,REP,138
Columbia,Germantown 2,Germantown Town Council,,John J. Kukon,CON,50
Columbia,Germantown 2,Germantown Town Council,,Write-in,,4
Columbia,Germantown 2,Germantown Town Council,,Over Votes,,0
Columbia,Germantown 2,Germantown Town Council,,Under Votes,,260
Columbia,Germantown 1,Germantown Town Highway Superintendent,,Anthony C. Cidras,REP,177
Columbia,Germantown 1,Germantown Town Highway Superintendent,,Anthony C. Cidras,CON,54
Columbia,Germantown 1,Germantown Town Highway Superintendent,,Write-in,,4
Columbia,Germantown 1,Germantown Town Highway Superintendent,,Over Votes,,0
Columbia,Germantown 1,Germantown Town Highway Superintendent,,Under Votes,,160
Columbia,Germantown 2,Germantown Town Highway Superintendent,,Anthony C. Cidras,REP,143
Columbia,Germantown 2,Germantown Town Highway Superintendent,,Anthony C. Cidras,CON,49
Columbia,Germantown 2,Germantown Town Highway Superintendent,,Write-in,,0
Columbia,Germantown 2,Germantown Town Highway Superintendent,,Over Votes,,0
Columbia,Germantown 2,Germantown Town Highway Superintendent,,Under Votes,,132
Columbia,Germantown 1,Germantown Town Justice,,John J. Rustici,REP,169
Columbia,Germantown 1,Germantown Town Justice,,John J. Rustici,CON,51
Columbia,Germantown 1,Germantown Town Justice,,Wendy E. Nack-Lawlor,REP,188
Columbia,Germantown 1,Germantown Town Justice,,Wendy E. Nack-Lawlor,CON,51
Columbia,Germantown 1,Germantown Town Justice,,Write-in,,3
Columbia,Germantown 1,Germantown Town Justice,,Over Votes,,0
Columbia,Germantown 1,Germantown Town Justice,,Under Votes,,328
Columbia,Germantown 2,Germantown Town Justice,,John J. Rustici,REP,135
Columbia,Germantown 2,Germantown Town Justice,,John J. Rustici,CON,45
Columbia,Germantown 2,Germantown Town Justice,,Wendy E. Nack-Lawlor,REP,153
Columbia,Germantown 2,Germantown Town Justice,,Wendy E. Nack-Lawlor,CON,45
Columbia,Germantown 2,Germantown Town Justice,,Write-in,,0
Columbia,Germantown 2,Germantown Town Justice,,Over Votes,,0
Columbia,Germantown 2,Germantown Town Justice,,Under Votes,,270
Columbia,Germantown 1,"Proposal Number Two, Town of Germantown",,Yes,,236
Columbia,Germantown 1,"Proposal Number Two, Town of Germantown",,No,,137
Columbia,Germantown 1,"Proposal Number Two, Town of Germantown",,Over Votes,,0
Columbia,Germantown 1,"Proposal Number Two, Town of Germantown",,Under Votes,,22
Columbia,Germantown 2,"Proposal Number Two, Town of Germantown",,Yes,,217
Columbia,Germantown 2,"Proposal Number Two, Town of Germantown",,No,,95
Columbia,Germantown 2,"Proposal Number Two, Town of Germantown",,Over Votes,,0
Columbia,Germantown 2,"Proposal Number Two, Town of Germantown",,Under Votes,,12
Columbia,Ghent 1,Ghent Town Supervisor,,Frederick Hutchinson,DEM,214
Columbia,Ghent 1,Ghent Town Supervisor,,Craig Simmons,REP,172
Columbia,Ghent 1,Ghent Town Supervisor,,Craig Simmons,CGH,37
Columbia,Ghent 1,Ghent Town Supervisor,,Write-in,,0
Columbia,Ghent 1,Ghent Town Supervisor,,Over Votes,,0
Columbia,Ghent 1,Ghent Town Supervisor,,Under Votes,,3
Columbia,Ghent 2,Ghent Town Supervisor,,Frederick Hutchinson,DEM,233
Columbia,Ghent 2,Ghent Town Supervisor,,Craig Simmons,REP,260
Columbia,Ghent 2,Ghent Town Supervisor,,Craig Simmons,CGH,57
Columbia,Ghent 2,Ghent Town Supervisor,,Write-in,,0
Columbia,Ghent 2,Ghent Town Supervisor,,Over Votes,,0
Columbia,Ghent 2,Ghent Town Supervisor,,Under Votes,,9
Columbia,Ghent 3,Ghent Town Supervisor,,Frederick Hutchinson,DEM,188
Columbia,Ghent 3,Ghent Town Supervisor,,Craig Simmons,REP,196
Columbia,Ghent 3,Ghent Town Supervisor,,Craig Simmons,CGH,15
Columbia,Ghent 3,Ghent Town Supervisor,,Write-in,,0
Columbia,Ghent 3,Ghent Town Supervisor,,Over Votes,,0
Columbia,Ghent 3,Ghent Town Supervisor,,Under Votes,,9
Columbia,Ghent 4,Ghent Town Supervisor,,Frederick Hutchinson,DEM,253
Columbia,Ghent 4,Ghent Town Supervisor,,Craig Simmons,REP,156
Columbia,Ghent 4,Ghent Town Supervisor,,Craig Simmons,CGH,26
Columbia,Ghent 4,Ghent Town Supervisor,,Write-in,,0
Columbia,Ghent 4,Ghent Town Supervisor,,Over Votes,,0
Columbia,Ghent 4,Ghent Town Supervisor,,Under Votes,,6
Columbia,Ghent 5,Ghent Town Supervisor,,Frederick Hutchinson,DEM,134
Columbia,Ghent 5,Ghent Town Supervisor,,Craig Simmons,REP,227
Columbia,Ghent 5,Ghent Town Supervisor,,Craig Simmons,CGH,12
Columbia,Ghent 5,Ghent Town Supervisor,,Write-in,,0
Columbia,Ghent 5,Ghent Town Supervisor,,Over Votes,,0
Columbia,Ghent 5,Ghent Town Supervisor,,Under Votes,,6
Columbia,Ghent 1,Ghent Town Clerk/Tax Collector,,Michelle Radley,DEM,210
Columbia,Ghent 1,Ghent Town Clerk/Tax Collector,,Michelle Radley,REP,147
Columbia,Ghent 1,Ghent Town Clerk/Tax Collector,,Michelle Radley,CGH,38
Columbia,Ghent 1,Ghent Town Clerk/Tax Collector,,Write-in,,3
Columbia,Ghent 1,Ghent Town Clerk/Tax Collector,,Over Votes,,0
Columbia,Ghent 1,Ghent Town Clerk/Tax Collector,,Under Votes,,28
Columbia,Ghent 2,Ghent Town Clerk/Tax Collector,,Michelle Radley,DEM,242
Columbia,Ghent 2,Ghent Town Clerk/Tax Collector,,Michelle Radley,REP,238
Columbia,Ghent 2,Ghent Town Clerk/Tax Collector,,Michelle Radley,CGH,45
Columbia,Ghent 2,Ghent Town Clerk/Tax Collector,,Write-in,,2
Columbia,Ghent 2,Ghent Town Clerk/Tax Collector,,Over Votes,,0
Columbia,Ghent 2,Ghent Town Clerk/Tax Collector,,Under Votes,,32
Columbia,Ghent 3,Ghent Town Clerk/Tax Collector,,Michelle Radley,DEM,196
Columbia,Ghent 3,Ghent Town Clerk/Tax Collector,,Michelle Radley,REP,183
Columbia,Ghent 3,Ghent Town Clerk/Tax Collector,,Michelle Radley,CGH,13
Columbia,Ghent 3,Ghent Town Clerk/Tax Collector,,Write-in,,1
Columbia,Ghent 3,Ghent Town Clerk/Tax Collector,,Over Votes,,0
Columbia,Ghent 3,Ghent Town Clerk/Tax Collector,,Under Votes,,15
Columbia,Ghent 4,Ghent Town Clerk/Tax Collector,,Michelle Radley,DEM,250
Columbia,Ghent 4,Ghent Town Clerk/Tax Collector,,Michelle Radley,REP,134
Columbia,Ghent 4,Ghent Town Clerk/Tax Collector,,Michelle Radley,CGH,28
Columbia,Ghent 4,Ghent Town Clerk/Tax Collector,,Write-in,,0
Columbia,Ghent 4,Ghent Town Clerk/Tax Collector,,Over Votes,,0
Columbia,Ghent 4,Ghent Town Clerk/Tax Collector,,Under Votes,,29
Columbia,Ghent 5,Ghent Town Clerk/Tax Collector,,Michelle Radley,DEM,137
Columbia,Ghent 5,Ghent Town Clerk/Tax Collector,,Michelle Radley,REP,212
Columbia,Ghent 5,Ghent Town Clerk/Tax Collector,,Michelle Radley,CGH,11
Columbia,Ghent 5,Ghent Town Clerk/Tax Collector,,Write-in,,1
Columbia,Ghent 5,Ghent Town Clerk/Tax Collector,,Over Votes,,0
Columbia,Ghent 5,Ghent Town Clerk/Tax Collector,,Under Votes,,18
Columbia,Ghent 1,Ghent Town Council,,Penny Coulson-Sanchez,DEM,224
Columbia,Ghent 1,Ghent Town Council,,Carl Quinn,DEM,231
Columbia,Ghent 1,Ghent Town Council,,Wally Engel,REP,166
Columbia,Ghent 1,Ghent Town Council,,Wally Engel,CGH,34
Columbia,Ghent 1,Ghent Town Council,,Scott C. Myers,REP,151
Columbia,Ghent 1,Ghent Town Council,,Scott C. Myers,CGH,26
Columbia,Ghent 1,Ghent Town Council,,Write-in,,1
Columbia,Ghent 1,Ghent Town Council,,Over Votes,,0
Columbia,Ghent 1,Ghent Town Council,,Under Votes,,19
Columbia,Ghent 2,Ghent Town Council,,Penny Coulson-Sanchez,DEM,241
Columbia,Ghent 2,Ghent Town Council,,Carl Quinn,DEM,252
Columbia,Ghent 2,Ghent Town Council,,Wally Engel,REP,258
Columbia,Ghent 2,Ghent Town Council,,Wally Engel,CGH,54
Columbia,Ghent 2,Ghent Town Council,,Scott C. Myers,REP,237
Columbia,Ghent 2,Ghent Town Council,,Scott C. Myers,CGH,46
Columbia,Ghent 2,Ghent Town Council,,Write-in,,0
Columbia,Ghent 2,Ghent Town Council,,Over Votes,,0
Columbia,Ghent 2,Ghent Town Council,,Under Votes,,30
Columbia,Ghent 3,Ghent Town Council,,Penny Coulson-Sanchez,DEM,190
Columbia,Ghent 3,Ghent Town Council,,Carl Quinn,DEM,188
Columbia,Ghent 3,Ghent Town Council,,Wally Engel,REP,202
Columbia,Ghent 3,Ghent Town Council,,Wally Engel,CGH,14
Columbia,Ghent 3,Ghent Town Council,,Scott C. Myers,REP,180
Columbia,Ghent 3,Ghent Town Council,,Scott C. Myers,CGH,18
Columbia,Ghent 3,Ghent Town Council,,Write-in,,0
Columbia,Ghent 3,Ghent Town Council,,Over Votes,,0
Columbia,Ghent 3,Ghent Town Council,,Under Votes,,24
Columbia,Ghent 4,Ghent Town Council,,Penny Coulson-Sanchez,DEM,264
Columbia,Ghent 4,Ghent Town Council,,Carl Quinn,DEM,266
Columbia,Ghent 4,Ghent Town Council,,Wally Engel,REP,147
Columbia,Ghent 4,Ghent Town Council,,Wally Engel,CGH,26
Columbia,Ghent 4,Ghent Town Council,,Scott C. Myers,REP,132
Columbia,Ghent 4,Ghent Town Council,,Scott C. Myers,CGH,19
Columbia,Ghent 4,Ghent Town Council,,Write-in,,0
Columbia,Ghent 4,Ghent Town Council,,Over Votes,,0
Columbia,Ghent 4,Ghent Town Council,,Under Votes,,28
Columbia,Ghent 5,Ghent Town Council,,Penny Coulson-Sanchez,DEM,141
Columbia,Ghent 5,Ghent Town Council,,Carl Quinn,DEM,144
Columbia,Ghent 5,Ghent Town Council,,Wally Engel,REP,227
Columbia,Ghent 5,Ghent Town Council,,Wally Engel,CGH,11
Columbia,Ghent 5,Ghent Town Council,,Scott C. Myers,REP,206
Columbia,Ghent 5,Ghent Town Council,,Scott C. Myers,CGH,10
Columbia,Ghent 5,Ghent Town Council,,Write-in,,0
Columbia,Ghent 5,Ghent Town Council,,Over Votes,,0
Columbia,Ghent 5,Ghent Town Council,,Under Votes,,19
Columbia,Ghent 1,Ghent Town Highway Superintendent,,Benjamin J. Perry,DEM,221
Columbia,Ghent 1,Ghent Town Highway Superintendent,,Benjamin J. Perry,REP,145
Columbia,Ghent 1,Ghent Town Highway Superintendent,,Benjamin J. Perry,CGH,36
Columbia,Ghent 1,Ghent Town Highway Superintendent,,Write-in,,2
Columbia,Ghent 1,Ghent Town Highway Superintendent,,Over Votes,,0
Columbia,Ghent 1,Ghent Town Highway Superintendent,,Under Votes,,22
Columbia,Ghent 2,Ghent Town Highway Superintendent,,Benjamin J. Perry,DEM,244
Columbia,Ghent 2,Ghent Town Highway Superintendent,,Benjamin J. Perry,REP,239
Columbia,Ghent 2,Ghent Town Highway Superintendent,,Benjamin J. Perry,CGH,48
Columbia,Ghent 2,Ghent Town Highway Superintendent,,Write-in,,0
Columbia,Ghent 2,Ghent Town Highway Superintendent,,Over Votes,,0
Columbia,Ghent 2,Ghent Town Highway Superintendent,,Under Votes,,28
Columbia,Ghent 3,Ghent Town Highway Superintendent,,Benjamin J. Perry,DEM,187
Columbia,Ghent 3,Ghent Town Highway Superintendent,,Benjamin J. Perry,REP,184
Columbia,Ghent 3,Ghent Town Highway Superintendent,,Benjamin J. Perry,CGH,16
Columbia,Ghent 3,Ghent Town Highway Superintendent,,Write-in,,0
Columbia,Ghent 3,Ghent Town Highway Superintendent,,Over Votes,,0
Columbia,Ghent 3,Ghent Town Highway Superintendent,,Under Votes,,21
Columbia,Ghent 4,Ghent Town Highway Superintendent,,Benjamin J. Perry,DEM,256
Columbia,Ghent 4,Ghent Town Highway Superintendent,,Benjamin J. Perry,REP,138
Columbia,Ghent 4,Ghent Town Highway Superintendent,,Benjamin J. Perry,CGH,28
Columbia,Ghent 4,Ghent Town Highway Superintendent,,Write-in,,0
Columbia,Ghent 4,Ghent Town Highway Superintendent,,Over Votes,,0
Columbia,Ghent 4,Ghent Town Highway Superintendent,,Under Votes,,19
Columbia,Ghent 5,Ghent Town Highway Superintendent,,Benjamin J. Perry,DEM,137
Columbia,Ghent 5,Ghent Town Highway Superintendent,,Benjamin J. Perry,REP,212
Columbia,Ghent 5,Ghent Town Highway Superintendent,,Benjamin J. Perry,CGH,13
Columbia,Ghent 5,Ghent Town Highway Superintendent,,Write-in,,0
Columbia,Ghent 5,Ghent Town Highway Superintendent,,Over Votes,,0
Columbia,Ghent 5,Ghent Town Highway Superintendent,,Under Votes,,17
Columbia,Greenport 1,Greenport Town Supervisor,,Kathleen P. Eldridge,DEM,126
Columbia,Greenport 1,Greenport Town Supervisor,,Kathleen P. Eldridge,REP,72
Columbia,Greenport 1,Greenport Town Supervisor,,Kathleen P. Eldridge,CON,15
Columbia,Greenport 1,Greenport Town Supervisor,,Write-in,,4
Columbia,Greenport 1,Greenport Town Supervisor,,Over Votes,,0
Columbia,Greenport 1,Greenport Town Supervisor,,Under Votes,,40
Columbia,Greenport 2,Greenport Town Supervisor,,Kathleen P. Eldridge,DEM,147
Columbia,Greenport 2,Greenport Town Supervisor,,Kathleen P. Eldridge,REP,69
Columbia,Greenport 2,Greenport Town Supervisor,,Kathleen P. Eldridge,CON,23
Columbia,Greenport 2,Greenport Town Supervisor,,Write-in,,0
Columbia,Greenport 2,Greenport Town Supervisor,,Over Votes,,0
Columbia,Greenport 2,Greenport Town Supervisor,,Under Votes,,55
Columbia,Greenport 3,Greenport Town Supervisor,,Kathleen P. Eldridge,DEM,160
Columbia,Greenport 3,Greenport Town Supervisor,,Kathleen P. Eldridge,REP,123
Columbia,Greenport 3,Greenport Town Supervisor,,Kathleen P. Eldridge,CON,26
Columbia,Greenport 3,Greenport Town Supervisor,,Write-in,,8
Columbia,Greenport 3,Greenport Town Supervisor,,Over Votes,,0
Columbia,Greenport 3,Greenport Town Supervisor,,Under Votes,,84
Columbia,Greenport 4,Greenport Town Supervisor,,Kathleen P. Eldridge,DEM,93
Columbia,Greenport 4,Greenport Town Supervisor,,Kathleen P. Eldridge,REP,67
Columbia,Greenport 4,Greenport Town Supervisor,,Kathleen P. Eldridge,CON,8
Columbia,Greenport 4,Greenport Town Supervisor,,Write-in,,4
Columbia,Greenport 4,Greenport Town Supervisor,,Over Votes,,0
Columbia,Greenport 4,Greenport Town Supervisor,,Under Votes,,35
Columbia,Greenport 1,Greenport Town Clerk/Tax Collector,,Deborah L. Mausolf,DEM,122
Columbia,Greenport 1,Greenport Town Clerk/Tax Collector,,Deborah L. Mausolf,REP,86
Columbia,Greenport 1,Greenport Town Clerk/Tax Collector,,Deborah L. Mausolf,CON,15
Columbia,Greenport 1,Greenport Town Clerk/Tax Collector,,Write-in,,2
Columbia,Greenport 1,Greenport Town Clerk/Tax Collector,,Over Votes,,0
Columbia,Greenport 1,Greenport Town Clerk/Tax Collector,,Under Votes,,32
Columbia,Greenport 2,Greenport Town Clerk/Tax Collector,,Deborah L. Mausolf,DEM,147
Columbia,Greenport 2,Greenport Town Clerk/Tax Collector,,Deborah L. Mausolf,REP,74
Columbia,Greenport 2,Greenport Town Clerk/Tax Collector,,Deborah L. Mausolf,CON,26
Columbia,Greenport 2,Greenport Town Clerk/Tax Collector,,Write-in,,0
Columbia,Greenport 2,Greenport Town Clerk/Tax Collector,,Over Votes,,0
Columbia,Greenport 2,Greenport Town Clerk/Tax Collector,,Under Votes,,47
Columbia,Greenport 3,Greenport Town Clerk/Tax Collector,,Deborah L. Mausolf,DEM,163
Columbia,Greenport 3,Greenport Town Clerk/Tax Collector,,Deborah L. Mausolf,REP,136
Columbia,Greenport 3,Greenport Town Clerk/Tax Collector,,Deborah L. Mausolf,CON,32
Columbia,Greenport 3,Greenport Town Clerk/Tax Collector,,Write-in,,2
Columbia,Greenport 3,Greenport Town Clerk/Tax Collector,,Over Votes,,0
Columbia,Greenport 3,Greenport Town Clerk/Tax Collector,,Under Votes,,68
Columbia,Greenport 4,Greenport Town Clerk/Tax Collector,,Deborah L. Mausolf,DEM,94
Columbia,Greenport 4,Greenport Town Clerk/Tax Collector,,Deborah L. Mausolf,REP,72
Columbia,Greenport 4,Greenport Town Clerk/Tax Collector,,Deborah L. Mausolf,CON,13
Columbia,Greenport 4,Greenport Town Clerk/Tax Collector,,Write-in,,0
Columbia,Greenport 4,Greenport Town Clerk/Tax Collector,,Over Votes,,0
Columbia,Greenport 4,Greenport Town Clerk/Tax Collector,,Under Votes,,28
Columbia,Greenport 1,Greenport Town Council,,"James J. Dolan, Jr.",DEM,120
Columbia,Greenport 1,Greenport Town Council,,"James J. Dolan, Jr.",REP,73
Columbia,Greenport 1,Greenport Town Council,,"James J. Dolan, Jr.",CON,17
Columbia,Greenport 1,Greenport Town Council,,"Clayton Clark, Jr.",DEM,119
Columbia,Greenport 1,Greenport Town Council,,"Clayton Clark, Jr.",REP,84
Columbia,Greenport 1,Greenport Town Council,,"Clayton Clark, Jr.",CON,15
Columbia,Greenport 1,Greenport Town Council,,Write-in,,1
Columbia,Greenport 1,Greenport Town Council,,Over Votes,,0
Columbia,Greenport 1,Greenport Town Council,,Under Votes,,85
Columbia,Greenport 2,Greenport Town Council,,"James J. Dolan, Jr.",DEM,133
Columbia,Greenport 2,Greenport Town Council,,"James J. Dolan, Jr.",REP,71
Columbia,Greenport 2,Greenport Town Council,,"James J. Dolan, Jr.",CON,22
Columbia,Greenport 2,Greenport Town Council,,"Clayton Clark, Jr.",DEM,142
Columbia,Greenport 2,Greenport Town Council,,"Clayton Clark, Jr.",REP,77
Columbia,Greenport 2,Greenport Town Council,,"Clayton Clark, Jr.",CON,31
Columbia,Greenport 2,Greenport Town Council,,Write-in,,1
Columbia,Greenport 2,Greenport Town Council,,Over Votes,,0
Columbia,Greenport 2,Greenport Town Council,,Under Votes,,111
Columbia,Greenport 3,Greenport Town Council,,"James J. Dolan, Jr.",DEM,158
Columbia,Greenport 3,Greenport Town Council,,"James J. Dolan, Jr.",REP,136
Columbia,Greenport 3,Greenport Town Council,,"James J. Dolan, Jr.",CON,28
Columbia,Greenport 3,Greenport Town Council,,"Clayton Clark, Jr.",DEM,149
Columbia,Greenport 3,Greenport Town Council,,"Clayton Clark, Jr.",REP,142
Columbia,Greenport 3,Greenport Town Council,,"Clayton Clark, Jr.",CON,28
Columbia,Greenport 3,Greenport Town Council,,Write-in,,2
Columbia,Greenport 3,Greenport Town Council,,Over Votes,,0
Columbia,Greenport 3,Greenport Town Council,,Under Votes,,159
Columbia,Greenport 4,Greenport Town Council,,"James J. Dolan, Jr.",DEM,89
Columbia,Greenport 4,Greenport Town Council,,"James J. Dolan, Jr.",REP,68
Columbia,Greenport 4,Greenport Town Council,,"James J. Dolan, Jr.",CON,10
Columbia,Greenport 4,Greenport Town Council,,"Clayton Clark, Jr.",DEM,82
Columbia,Greenport 4,Greenport Town Council,,"Clayton Clark, Jr.",REP,62
Columbia,Greenport 4,Greenport Town Council,,"Clayton Clark, Jr.",CON,12
Columbia,Greenport 4,Greenport Town Council,,Write-in,,2
Columbia,Greenport 4,Greenport Town Council,,Over Votes,,0
Columbia,Greenport 4,Greenport Town Council,,Under Votes,,89
Columbia,Greenport 1,Greenport Town Highway Superintendent,,"John P. Mausolf, Sr.",DEM,125
Columbia,Greenport 1,Greenport Town Highway Superintendent,,"John P. Mausolf, Sr.",REP,80
Columbia,Greenport 1,Greenport Town Highway Superintendent,,"John P. Mausolf, Sr.",CON,17
Columbia,Greenport 1,Greenport Town Highway Superintendent,,Write-in,,2
Columbia,Greenport 1,Greenport Town Highway Superintendent,,Over Votes,,0
Columbia,Greenport 1,Greenport Town Highway Superintendent,,Under Votes,,33
Columbia,Greenport 2,Greenport Town Highway Superintendent,,"John P. Mausolf, Sr.",DEM,141
Columbia,Greenport 2,Greenport Town Highway Superintendent,,"John P. Mausolf, Sr.",REP,74
Columbia,Greenport 2,Greenport Town Highway Superintendent,,"John P. Mausolf, Sr.",CON,29
Columbia,Greenport 2,Greenport Town Highway Superintendent,,Write-in,,0
Columbia,Greenport 2,Greenport Town Highway Superintendent,,Over Votes,,0
Columbia,Greenport 2,Greenport Town Highway Superintendent,,Under Votes,,50
Columbia,Greenport 3,Greenport Town Highway Superintendent,,"John P. Mausolf, Sr.",DEM,156
Columbia,Greenport 3,Greenport Town Highway Superintendent,,"John P. Mausolf, Sr.",REP,140
Columbia,Greenport 3,Greenport Town Highway Superintendent,,"John P. Mausolf, Sr.",CON,35
Columbia,Greenport 3,Greenport Town Highway Superintendent,,Write-in,,1
Columbia,Greenport 3,Greenport Town Highway Superintendent,,Over Votes,,0
Columbia,Greenport 3,Greenport Town Highway Superintendent,,Under Votes,,69
Columbia,Greenport 4,Greenport Town Highway Superintendent,,"John P. Mausolf, Sr.",DEM,94
Columbia,Greenport 4,Greenport Town Highway Superintendent,,"John P. Mausolf, Sr.",REP,72
Columbia,Greenport 4,Greenport Town Highway Superintendent,,"John P. Mausolf, Sr.",CON,14
Columbia,Greenport 4,Greenport Town Highway Superintendent,,Write-in,,0
Columbia,Greenport 4,Greenport Town Highway Superintendent,,Over Votes,,0
Columbia,Greenport 4,Greenport Town Highway Superintendent,,Under Votes,,27
Columbia,Greenport 1,Greenport Town Justice,,"John J. Porreca, Sr.",DEM,128
Columbia,Greenport 1,Greenport Town Justice,,"John J. Porreca, Sr.",REP,88
Columbia,Greenport 1,Greenport Town Justice,,"John J. Porreca, Sr.",CON,19
Columbia,Greenport 1,Greenport Town Justice,,Write-in,,0
Columbia,Greenport 1,Greenport Town Justice,,Over Votes,,0
Columbia,Greenport 1,Greenport Town Justice,,Under Votes,,22
Columbia,Greenport 2,Greenport Town Justice,,"John J. Porreca, Sr.",DEM,148
Columbia,Greenport 2,Greenport Town Justice,,"John J. Porreca, Sr.",REP,76
Columbia,Greenport 2,Greenport Town Justice,,"John J. Porreca, Sr.",CON,31
Columbia,Greenport 2,Greenport Town Justice,,Write-in,,0
Columbia,Greenport 2,Greenport Town Justice,,Over Votes,,0
Columbia,Greenport 2,Greenport Town Justice,,Under Votes,,39
Columbia,Greenport 3,Greenport Town Justice,,"John J. Porreca, Sr.",DEM,163
Columbia,Greenport 3,Greenport Town Justice,,"John J. Porreca, Sr.",REP,149
Columbia,Greenport 3,Greenport Town Justice,,"John J. Porreca, Sr.",CON,34
Columbia,Greenport 3,Greenport Town Justice,,Write-in,,1
Columbia,Greenport 3,Greenport Town Justice,,Over Votes,,0
Columbia,Greenport 3,Greenport Town Justice,,Under Votes,,54
Columbia,Greenport 4,Greenport Town Justice,,"John J. Porreca, Sr.",DEM,88
Columbia,Greenport 4,Greenport Town Justice,,"John J. Porreca, Sr.",REP,74
Columbia,Greenport 4,Greenport Town Justice,,"John J. Porreca, Sr.",CON,15
Columbia,Greenport 4,Greenport Town Justice,,Write-in,,0
Columbia,Greenport 4,Greenport Town Justice,,Over Votes,,0
Columbia,Greenport 4,Greenport Town Justice,,Under Votes,,30
Columbia,Hillsdale 1,Hillsdale Town Council,,Nico Hernandez,DEM,244
Columbia,Hillsdale 1,Hillsdale Town Council,,Nico Hernandez,HUP,35
Columbia,Hillsdale 1,Hillsdale Town Council,,Bart Ziegler,DEM,234
Columbia,Hillsdale 1,Hillsdale Town Council,,Bart Ziegler,HUP,41
Columbia,Hillsdale 1,Hillsdale Town Council,,Write-in,,0
Columbia,Hillsdale 1,Hillsdale Town Council,,Over Votes,,0
Columbia,Hillsdale 1,Hillsdale Town Council,,Under Votes,,188
Columbia,Hillsdale 2,Hillsdale Town Council,,Nico Hernandez,DEM,250
Columbia,Hillsdale 2,Hillsdale Town Council,,Nico Hernandez,HUP,44
Columbia,Hillsdale 2,Hillsdale Town Council,,Bart Ziegler,DEM,246
Columbia,Hillsdale 2,Hillsdale Town Council,,Bart Ziegler,HUP,43
Columbia,Hillsdale 2,Hillsdale Town Council,,Write-in,,1
Columbia,Hillsdale 2,Hillsdale Town Council,,Over Votes,,0
Columbia,Hillsdale 2,Hillsdale Town Council,,Under Votes,,152
Columbia,Hillsdale 1,"Proposal Number Two, Town of Hillsdale",,Yes,,271
Columbia,Hillsdale 1,"Proposal Number Two, Town of Hillsdale",,No,,89
Columbia,Hillsdale 1,"Proposal Number Two, Town of Hillsdale",,Over Votes,,0
Columbia,Hillsdale 1,"Proposal Number Two, Town of Hillsdale",,Under Votes,,11
Columbia,Hillsdale 2,"Proposal Number Two, Town of Hillsdale",,Yes,,264
Columbia,Hillsdale 2,"Proposal Number Two, Town of Hillsdale",,No,,99
Columbia,Hillsdale 2,"Proposal Number Two, Town of Hillsdale",,Over Votes,,0
Columbia,Hillsdale 2,"Proposal Number Two, Town of Hillsdale",,Under Votes,,5
Columbia,Hudson 1st Ward,Hudson Mayor,,Joseph Ferris,DEM,324
Columbia,Hudson 1st Ward,Hudson Mayor,,Lloyd A. Koedding,REP,15
Columbia,Hudson 1st Ward,Hudson Mayor,,Lloyd A. Koedding,HP,1
Columbia,Hudson 1st Ward,Hudson Mayor,,Kamal Johnson,WOR,109
Columbia,Hudson 1st Ward,Hudson Mayor,,Peter Spear,FH,5
Columbia,Hudson 1st Ward,Hudson Mayor,,Write-in,,0
Columbia,Hudson 1st Ward,Hudson Mayor,,Over Votes,,1
Columbia,Hudson 1st Ward,Hudson Mayor,,Under Votes,,4
Columbia,Hudson 2nd Ward,Hudson Mayor,,Joseph Ferris,DEM,80
Columbia,Hudson 2nd Ward,Hudson Mayor,,Lloyd A. Koedding,REP,7
Columbia,Hudson 2nd Ward,Hudson Mayor,,Lloyd A. Koedding,HP,1
Columbia,Hudson 2nd Ward,Hudson Mayor,,Kamal Johnson,WOR,208
Columbia,Hudson 2nd Ward,Hudson Mayor,,Peter Spear,FH,2
Columbia,Hudson 2nd Ward,Hudson Mayor,,Write-in,,0
Columbia,Hudson 2nd Ward,Hudson Mayor,,Over Votes,,1
Columbia,Hudson 2nd Ward,Hudson Mayor,,Under Votes,,13
Columbia,Hudson 3rd Ward,Hudson Mayor,,Joseph Ferris,DEM,232
Columbia,Hudson 3rd Ward,Hudson Mayor,,Lloyd A. Koedding,REP,10
Columbia,Hudson 3rd Ward,Hudson Mayor,,Lloyd A. Koedding,HP,1
Columbia,Hudson 3rd Ward,Hudson Mayor,,Kamal Johnson,WOR,168
Columbia,Hudson 3rd Ward,Hudson Mayor,,Peter Spear,FH,3
Columbia,Hudson 3rd Ward,Hudson Mayor,,Write-in,,3
Columbia,Hudson 3rd Ward,Hudson Mayor,,Over Votes,,0
Columbia,Hudson 3rd Ward,Hudson Mayor,,Under Votes,,4
Columbia,Hudson 4th Ward,Hudson Mayor,,Joseph Ferris,DEM,182
Columbia,Hudson 4th Ward,Hudson Mayor,,Lloyd A. Koedding,REP,14
Columbia,Hudson 4th Ward,Hudson Mayor,,Lloyd A. Koedding,HP,1
Columbia,Hudson 4th Ward,Hudson Mayor,,Kamal Johnson,WOR,140
Columbia,Hudson 4th Ward,Hudson Mayor,,Peter Spear,FH,6
Columbia,Hudson 4th Ward,Hudson Mayor,,Write-in,,1
Columbia,Hudson 4th Ward,Hudson Mayor,,Over Votes,,0
Columbia,Hudson 4th Ward,Hudson Mayor,,Under Votes,,7
Columbia,Hudson 5th Ward,Hudson Mayor,,Joseph Ferris,DEM,141
Columbia,Hudson 5th Ward,Hudson Mayor,,Lloyd A. Koedding,REP,15
Columbia,Hudson 5th Ward,Hudson Mayor,,Lloyd A. Koedding,HP,3
Columbia,Hudson 5th Ward,Hudson Mayor,,Kamal Johnson,WOR,293
Columbia,Hudson 5th Ward,Hudson Mayor,,Peter Spear,FH,2
Columbia,Hudson 5th Ward,Hudson Mayor,,Write-in,,1
Columbia,Hudson 5th Ward,Hudson Mayor,,Over Votes,,1
Columbia,Hudson 5th Ward,Hudson Mayor,,Under Votes,,9
Columbia,Hudson 1st Ward,Hudson City Treasurer,,Heather S. Campbell,DEM,392
Columbia,Hudson 1st Ward,Hudson City Treasurer,,Write-in,,1
Columbia,Hudson 1st Ward,Hudson City Treasurer,,Over Votes,,0
Columbia,Hudson 1st Ward,Hudson City Treasurer,,Under Votes,,66
Columbia,Hudson 2nd Ward,Hudson City Treasurer,,Heather S. Campbell,DEM,189
Columbia,Hudson 2nd Ward,Hudson City Treasurer,,Write-in,,0
Columbia,Hudson 2nd Ward,Hudson City Treasurer,,Over Votes,,0
Columbia,Hudson 2nd Ward,Hudson City Treasurer,,Under Votes,,123
Columbia,Hudson 3rd Ward,Hudson City Treasurer,,Heather S. Campbell,DEM,333
Columbia,Hudson 3rd Ward,Hudson City Treasurer,,Write-in,,3
Columbia,Hudson 3rd Ward,Hudson City Treasurer,,Over Votes,,0
Columbia,Hudson 3rd Ward,Hudson City Treasurer,,Under Votes,,85
Columbia,Hudson 4th Ward,Hudson City Treasurer,,Heather S. Campbell,DEM,275
Columbia,Hudson 4th Ward,Hudson City Treasurer,,Write-in,,0
Columbia,Hudson 4th Ward,Hudson City Treasurer,,Over Votes,,0
Columbia,Hudson 4th Ward,Hudson City Treasurer,,Under Votes,,76
Columbia,Hudson 5th Ward,Hudson City Treasurer,,Heather S. Campbell,DEM,320
Columbia,Hudson 5th Ward,Hudson City Treasurer,,Write-in,,0
Columbia,Hudson 5th Ward,Hudson City Treasurer,,Over Votes,,0
Columbia,Hudson 5th Ward,Hudson City Treasurer,,Under Votes,,145
Columbia,Hudson 1st Ward,Hudson Common Council President,,Margaret Morris,DEM,378
Columbia,Hudson 1st Ward,Hudson Common Council President,,Margaret Morris,HU,16
Columbia,Hudson 1st Ward,Hudson Common Council President,,Write-in,,7
Columbia,Hudson 1st Ward,Hudson Common Council President,,Over Votes,,0
Columbia,Hudson 1st Ward,Hudson Common Council President,,Under Votes,,58
Columbia,Hudson 2nd Ward,Hudson Common Council President,,Margaret Morris,DEM,179
Columbia,Hudson 2nd Ward,Hudson Common Council President,,Margaret Morris,HU,8
Columbia,Hudson 2nd Ward,Hudson Common Council President,,Write-in,,1
Columbia,Hudson 2nd Ward,Hudson Common Council President,,Over Votes,,0
Columbia,Hudson 2nd Ward,Hudson Common Council President,,Under Votes,,124
Columbia,Hudson 3rd Ward,Hudson Common Council President,,Margaret Morris,DEM,307
Columbia,Hudson 3rd Ward,Hudson Common Council President,,Margaret Morris,HU,23
Columbia,Hudson 3rd Ward,Hudson Common Council President,,Write-in,,8
Columbia,Hudson 3rd Ward,Hudson Common Council President,,Over Votes,,0
Columbia,Hudson 3rd Ward,Hudson Common Council President,,Under Votes,,83
Columbia,Hudson 4th Ward,Hudson Common Council President,,Margaret Morris,DEM,260
Columbia,Hudson 4th Ward,Hudson Common Council President,,Margaret Morris,HU,13
Columbia,Hudson 4th Ward,Hudson Common Council President,,Write-in,,0
Columbia,Hudson 4th Ward,Hudson Common Council President,,Over Votes,,0
Columbia,Hudson 4th Ward,Hudson Common Council President,,Under Votes,,78
Columbia,Hudson 5th Ward,Hudson Common Council President,,Margaret Morris,DEM,301
Columbia,Hudson 5th Ward,Hudson Common Council President,,Margaret Morris,HU,19
Columbia,Hudson 5th Ward,Hudson Common Council President,,Write-in,,6
Columbia,Hudson 5th Ward,Hudson Common Council President,,Over Votes,,0
Columbia,Hudson 5th Ward,Hudson Common Council President,,Under Votes,,139
Columbia,Hudson 1st Ward,1st Ward Supervisor,,Alexandria Madero,DEM,315
Columbia,Hudson 1st Ward,1st Ward Supervisor,,Randall Martin,WOR,106
Columbia,Hudson 1st Ward,1st Ward Supervisor,,Write-in,,2
Columbia,Hudson 1st Ward,1st Ward Supervisor,,Over Votes,,0
Columbia,Hudson 1st Ward,1st Ward Supervisor,,Under Votes,,36
Columbia,Hudson 1st Ward,1st Ward Councilmember,,Henry A. Haddad,DEM,337
Columbia,Hudson 1st Ward,1st Ward Councilmember,,Gary W. Purnhagen,DEM,212
Columbia,Hudson 1st Ward,1st Ward Councilmember,,Patricia L. Ramoska,REP,50
Columbia,Hudson 1st Ward,1st Ward Councilmember,,Write-in,,5
Columbia,Hudson 1st Ward,1st Ward Councilmember,,Over Votes,,2
Columbia,Hudson 1st Ward,1st Ward Councilmember,,Under Votes,,200
Columbia,Hudson 2nd Ward,2nd Ward Supervisor,,Abdus Miah,DEM,208
Columbia,Hudson 2nd Ward,2nd Ward Supervisor,,Write-in,,1
Columbia,Hudson 2nd Ward,2nd Ward Supervisor,,Over Votes,,0
Columbia,Hudson 2nd Ward,2nd Ward Supervisor,,Under Votes,,103
Columbia,Hudson 2nd Ward,2nd Ward Councilmember,,Dewan A. Sarowar,DEM,179
Columbia,Hudson 2nd Ward,2nd Ward Councilmember,,Mohammed M. Rony,DEM,154
Columbia,Hudson 2nd Ward,2nd Ward Councilmember,,Write-in,,2
Columbia,Hudson 2nd Ward,2nd Ward Councilmember,,Over Votes,,0
Columbia,Hudson 2nd Ward,2nd Ward Councilmember,,Under Votes,,289
Columbia,Hudson 3rd Ward,3rd Ward Supervisor,,Sonja Okun,DEM,263
Columbia,Hudson 3rd Ward,3rd Ward Supervisor,,Sonja Okun,WOR,92
Columbia,Hudson 3rd Ward,3rd Ward Supervisor,,Write-in,,4
Columbia,Hudson 3rd Ward,3rd Ward Supervisor,,Over Votes,,0
Columbia,Hudson 3rd Ward,3rd Ward Supervisor,,Under Votes,,62
Columbia,Hudson 3rd Ward,3rd Ward Councilmember,,Jason Foster,DEM,288
Columbia,Hudson 3rd Ward,3rd Ward Councilmember,,Jason Foster,GV,16
Columbia,Hudson 3rd Ward,3rd Ward Councilmember,,Lola F. Roberts,DEM,231
Columbia,Hudson 3rd Ward,3rd Ward Councilmember,,Lola F. Roberts,WOR,85
Columbia,Hudson 3rd Ward,3rd Ward Councilmember,,Write-in,,6
Columbia,Hudson 3rd Ward,3rd Ward Councilmember,,Over Votes,,0
Columbia,Hudson 3rd Ward,3rd Ward Councilmember,,Under Votes,,216
Columbia,Hudson 4th Ward,4th Ward Supervisor,,Linda L. Mussmann,DEM,272
Columbia,Hudson 4th Ward,4th Ward Supervisor,,Write-in,,1
Columbia,Hudson 4th Ward,4th Ward Supervisor,,Over Votes,,0
Columbia,Hudson 4th Ward,4th Ward Supervisor,,Under Votes,,78
Columbia,Hudson 4th Ward,4th Ward Councilmember,,Rich Trixie Volo,DEM,253
Columbia,Hudson 4th Ward,4th Ward Councilmember,,Rich Trixie Volo,HU,11
Columbia,Hudson 4th Ward,4th Ward Councilmember,,Jennifer Belton,DEM,223
Columbia,Hudson 4th Ward,4th Ward Councilmember,,Write-in,,2
Columbia,Hudson 4th Ward,4th Ward Councilmember,,Over Votes,,0
Columbia,Hudson 4th Ward,4th Ward Councilmember,,Under Votes,,213
Columbia,Hudson 5th Ward,5th Ward Supervisor,,Richard E. Scalera,DEM,325
Columbia,Hudson 5th Ward,5th Ward Supervisor,,Write-in,,3
Columbia,Hudson 5th Ward,5th Ward Supervisor,,Over Votes,,0
Columbia,Hudson 5th Ward,5th Ward Supervisor,,Under Votes,,137
Columbia,Hudson 5th Ward,5th Ward Councilmember,,Claire Cousin,DEM,217
Columbia,Hudson 5th Ward,5th Ward Councilmember,,Claire Cousin,WOR,92
Columbia,Hudson 5th Ward,5th Ward Councilmember,,Dominic Merante,DEM,292
Columbia,Hudson 5th Ward,5th Ward Councilmember,,Write-in,,3
Columbia,Hudson 5th Ward,5th Ward Councilmember,,Over Votes,,0
Columbia,Hudson 5th Ward,5th Ward Councilmember,,Under Votes,,326
Columbia,Kinderhook 1,Kinderhook Town Supervisor,,Timothy Ooms,DEM,195
Columbia,Kinderhook 1,Kinderhook Town Supervisor,,Timothy Ooms,REP,116
Columbia,Kinderhook 1,Kinderhook Town Supervisor,,Timothy Ooms,CON,20
Columbia,Kinderhook 1,Kinderhook Town Supervisor,,Write-in,,4
Columbia,Kinderhook 1,Kinderhook Town Supervisor,,Over Votes,,0
Columbia,Kinderhook 1,Kinderhook Town Supervisor,,Under Votes,,51
Columbia,Kinderhook 2,Kinderhook Town Supervisor,,Timothy Ooms,DEM,168
Columbia,Kinderhook 2,Kinderhook Town Supervisor,,Timothy Ooms,REP,88
Columbia,Kinderhook 2,Kinderhook Town Supervisor,,Timothy Ooms,CON,29
Columbia,Kinderhook 2,Kinderhook Town Supervisor,,Write-in,,0
Columbia,Kinderhook 2,Kinderhook Town Supervisor,,Over Votes,,0
Columbia,Kinderhook 2,Kinderhook Town Supervisor,,Under Votes,,57
Columbia,Kinderhook 3,Kinderhook Town Supervisor,,Timothy Ooms,DEM,194
Columbia,Kinderhook 3,Kinderhook Town Supervisor,,Timothy Ooms,REP,163
Columbia,Kinderhook 3,Kinderhook Town Supervisor,,Timothy Ooms,CON,44
Columbia,Kinderhook 3,Kinderhook Town Supervisor,,Write-in,,1
Columbia,Kinderhook 3,Kinderhook Town Supervisor,,Over Votes,,0
Columbia,Kinderhook 3,Kinderhook Town Supervisor,,Under Votes,,38
Columbia,Kinderhook 4,Kinderhook Town Supervisor,,Timothy Ooms,DEM,171
Columbia,Kinderhook 4,Kinderhook Town Supervisor,,Timothy Ooms,REP,173
Columbia,Kinderhook 4,Kinderhook Town Supervisor,,Timothy Ooms,CON,50
Columbia,Kinderhook 4,Kinderhook Town Supervisor,,Write-in,,0
Columbia,Kinderhook 4,Kinderhook Town Supervisor,,Over Votes,,0
Columbia,Kinderhook 4,Kinderhook Town Supervisor,,Under Votes,,23
Columbia,Kinderhook 5,Kinderhook Town Supervisor,,Timothy Ooms,DEM,174
Columbia,Kinderhook 5,Kinderhook Town Supervisor,,Timothy Ooms,REP,210
Columbia,Kinderhook 5,Kinderhook Town Supervisor,,Timothy Ooms,CON,56
Columbia,Kinderhook 5,Kinderhook Town Supervisor,,Write-in,,1
Columbia,Kinderhook 5,Kinderhook Town Supervisor,,Over Votes,,0
Columbia,Kinderhook 5,Kinderhook Town Supervisor,,Under Votes,,34
Columbia,Kinderhook 6,Kinderhook Town Supervisor,,Timothy Ooms,DEM,129
Columbia,Kinderhook 6,Kinderhook Town Supervisor,,Timothy Ooms,REP,144
Columbia,Kinderhook 6,Kinderhook Town Supervisor,,Timothy Ooms,CON,35
Columbia,Kinderhook 6,Kinderhook Town Supervisor,,Write-in,,3
Columbia,Kinderhook 6,Kinderhook Town Supervisor,,Over Votes,,0
Columbia,Kinderhook 6,Kinderhook Town Supervisor,,Under Votes,,15
Columbia,Kinderhook 7,Kinderhook Town Supervisor,,Timothy Ooms,DEM,196
Columbia,Kinderhook 7,Kinderhook Town Supervisor,,Timothy Ooms,REP,211
Columbia,Kinderhook 7,Kinderhook Town Supervisor,,Timothy Ooms,CON,48
Columbia,Kinderhook 7,Kinderhook Town Supervisor,,Write-in,,3
Columbia,Kinderhook 7,Kinderhook Town Supervisor,,Over Votes,,0
Columbia,Kinderhook 7,Kinderhook Town Supervisor,,Under Votes,,29
Columbia,Kinderhook 8,Kinderhook Town Supervisor,,Timothy Ooms,DEM,183
Columbia,Kinderhook 8,Kinderhook Town Supervisor,,Timothy Ooms,REP,193
Columbia,Kinderhook 8,Kinderhook Town Supervisor,,Timothy Ooms,CON,39
Columbia,Kinderhook 8,Kinderhook Town Supervisor,,Write-in,,1
Columbia,Kinderhook 8,Kinderhook Town Supervisor,,Over Votes,,0
Columbia,Kinderhook 8,Kinderhook Town Supervisor,,Under Votes,,25
Columbia,Kinderhook 1,Kinderhook Town Council,,Jessie Anderson,DEM,227
Columbia,Kinderhook 1,Kinderhook Town Council,,Jessie Anderson,KCP,19
Columbia,Kinderhook 1,Kinderhook Town Council,,Steven J. D'Ambrozio,DEM,216
Columbia,Kinderhook 1,Kinderhook Town Council,,Steven J. D'Ambrozio,KCP,20
Columbia,Kinderhook 1,Kinderhook Town Council,,Sean Casey,REP,116
Columbia,Kinderhook 1,Kinderhook Town Council,,Sean Casey,CON,25
Columbia,Kinderhook 1,Kinderhook Town Council,,Melissa Falkner,REP,106
Columbia,Kinderhook 1,Kinderhook Town Council,,Melissa Falkner,CON,23
Columbia,Kinderhook 1,Kinderhook Town Council,,Write-in,,0
Columbia,Kinderhook 1,Kinderhook Town Council,,Over Votes,,0
Columbia,Kinderhook 1,Kinderhook Town Council,,Under Votes,,20
Columbia,Kinderhook 2,Kinderhook Town Council,,Jessie Anderson,DEM,198
Columbia,Kinderhook 2,Kinderhook Town Council,,Jessie Anderson,KCP,17
Columbia,Kinderhook 2,Kinderhook Town Council,,Steven J. D'Ambrozio,DEM,186
Columbia,Kinderhook 2,Kinderhook Town Council,,Steven J. D'Ambrozio,KCP,16
Columbia,Kinderhook 2,Kinderhook Town Council,,Sean Casey,REP,93
Columbia,Kinderhook 2,Kinderhook Town Council,,Sean Casey,CON,30
Columbia,Kinderhook 2,Kinderhook Town Council,,Melissa Falkner,REP,88
Columbia,Kinderhook 2,Kinderhook Town Council,,Melissa Falkner,CON,29
Columbia,Kinderhook 2,Kinderhook Town Council,,Write-in,,0
Columbia,Kinderhook 2,Kinderhook Town Council,,Over Votes,,2
Columbia,Kinderhook 2,Kinderhook Town Council,,Under Votes,,25
Columbia,Kinderhook 3,Kinderhook Town Council,,Jessie Anderson,DEM,193
Columbia,Kinderhook 3,Kinderhook Town Council,,Jessie Anderson,KCP,17
Columbia,Kinderhook 3,Kinderhook Town Council,,Steven J. D'Ambrozio,DEM,189
Columbia,Kinderhook 3,Kinderhook Town Council,,Steven J. D'Ambrozio,KCP,18
Columbia,Kinderhook 3,Kinderhook Town Council,,Sean Casey,REP,176
Columbia,Kinderhook 3,Kinderhook Town Council,,Sean Casey,CON,44
Columbia,Kinderhook 3,Kinderhook Town Council,,Melissa Falkner,REP,160
Columbia,Kinderhook 3,Kinderhook Town Council,,Melissa Falkner,CON,43
Columbia,Kinderhook 3,Kinderhook Town Council,,Write-in,,0
Columbia,Kinderhook 3,Kinderhook Town Council,,Over Votes,,0
Columbia,Kinderhook 3,Kinderhook Town Council,,Under Votes,,40
Columbia,Kinderhook 4,Kinderhook Town Council,,Jessie Anderson,DEM,168
Columbia,Kinderhook 4,Kinderhook Town Council,,Jessie Anderson,KCP,14
Columbia,Kinderhook 4,Kinderhook Town Council,,Steven J. D'Ambrozio,DEM,164
Columbia,Kinderhook 4,Kinderhook Town Council,,Steven J. D'Ambrozio,KCP,16
Columbia,Kinderhook 4,Kinderhook Town Council,,Sean Casey,REP,180
Columbia,Kinderhook 4,Kinderhook Town Council,,Sean Casey,CON,54
Columbia,Kinderhook 4,Kinderhook Town Council,,Melissa Falkner,REP,175
Columbia,Kinderhook 4,Kinderhook Town Council,,Melissa Falkner,CON,48
Columbia,Kinderhook 4,Kinderhook Town Council,,Write-in,,0
Columbia,Kinderhook 4,Kinderhook Town Council,,Over Votes,,0
Columbia,Kinderhook 4,Kinderhook Town Council,,Under Votes,,15
Columbia,Kinderhook 5,Kinderhook Town Council,,Jessie Anderson,DEM,190
Columbia,Kinderhook 5,Kinderhook Town Council,,Jessie Anderson,KCP,18
Columbia,Kinderhook 5,Kinderhook Town Council,,Steven J. D'Ambrozio,DEM,175
Columbia,Kinderhook 5,Kinderhook Town Council,,Steven J. D'Ambrozio,KCP,18
Columbia,Kinderhook 5,Kinderhook Town Council,,Sean Casey,REP,211
Columbia,Kinderhook 5,Kinderhook Town Council,,Sean Casey,CON,51
Columbia,Kinderhook 5,Kinderhook Town Council,,Melissa Falkner,REP,191
Columbia,Kinderhook 5,Kinderhook Town Council,,Melissa Falkner,CON,51
Columbia,Kinderhook 5,Kinderhook Town Council,,Write-in,,0
Columbia,Kinderhook 5,Kinderhook Town Council,,Over Votes,,2
Columbia,Kinderhook 5,Kinderhook Town Council,,Under Votes,,43
Columbia,Kinderhook 6,Kinderhook Town Council,,Jessie Anderson,DEM,132
Columbia,Kinderhook 6,Kinderhook Town Council,,Jessie Anderson,KCP,10
Columbia,Kinderhook 6,Kinderhook Town Council,,Steven J. D'Ambrozio,DEM,128
Columbia,Kinderhook 6,Kinderhook Town Council,,Steven J. D'Ambrozio,KCP,12
Columbia,Kinderhook 6,Kinderhook Town Council,,Sean Casey,REP,147
Columbia,Kinderhook 6,Kinderhook Town Council,,Sean Casey,CON,35
Columbia,Kinderhook 6,Kinderhook Town Council,,Melissa Falkner,REP,141
Columbia,Kinderhook 6,Kinderhook Town Council,,Melissa Falkner,CON,29
Columbia,Kinderhook 6,Kinderhook Town Council,,Write-in,,0
Columbia,Kinderhook 6,Kinderhook Town Council,,Over Votes,,0
Columbia,Kinderhook 6,Kinderhook Town Council,,Under Votes,,18
Columbia,Kinderhook 7,Kinderhook Town Council,,Jessie Anderson,DEM,195
Columbia,Kinderhook 7,Kinderhook Town Council,,Jessie Anderson,KCP,16
Columbia,Kinderhook 7,Kinderhook Town Council,,Steven J. D'Ambrozio,DEM,182
Columbia,Kinderhook 7,Kinderhook Town Council,,Steven J. D'Ambrozio,KCP,13
Columbia,Kinderhook 7,Kinderhook Town Council,,Sean Casey,REP,227
Columbia,Kinderhook 7,Kinderhook Town Council,,Sean Casey,CON,47
Columbia,Kinderhook 7,Kinderhook Town Council,,Melissa Falkner,REP,210
Columbia,Kinderhook 7,Kinderhook Town Council,,Melissa Falkner,CON,42
Columbia,Kinderhook 7,Kinderhook Town Council,,Write-in,,0
Columbia,Kinderhook 7,Kinderhook Town Council,,Over Votes,,8
Columbia,Kinderhook 7,Kinderhook Town Council,,Under Votes,,34
Columbia,Kinderhook 8,Kinderhook Town Council,,Jessie Anderson,DEM,193
Columbia,Kinderhook 8,Kinderhook Town Council,,Jessie Anderson,KCP,17
Columbia,Kinderhook 8,Kinderhook Town Council,,Steven J. D'Ambrozio,DEM,185
Columbia,Kinderhook 8,Kinderhook Town Council,,Steven J. D'Ambrozio,KCP,16
Columbia,Kinderhook 8,Kinderhook Town Council,,Sean Casey,REP,187
Columbia,Kinderhook 8,Kinderhook Town Council,,Sean Casey,CON,34
Columbia,Kinderhook 8,Kinderhook Town Council,,Melissa Falkner,REP,179
Columbia,Kinderhook 8,Kinderhook Town Council,,Melissa Falkner,CON,37
Columbia,Kinderhook 8,Kinderhook Town Council,,Write-in,,0
Columbia,Kinderhook 8,Kinderhook Town Council,,Over Votes,,6
Columbia,Kinderhook 8,Kinderhook Town Council,,Under Votes,,28
Columbia,Kinderhook 1,Kinderhook Town Highway Superintendent,,"John Ruchel, Jr.",DEM,227
Columbia,Kinderhook 1,Kinderhook Town Highway Superintendent,,"John Ruchel, Jr.",REP,103
Columbia,Kinderhook 1,Kinderhook Town Highway Superintendent,,"John Ruchel, Jr.",CON,22
Columbia,Kinderhook 1,Kinderhook Town Highway Superintendent,,Write-in,,1
Columbia,Kinderhook 1,Kinderhook Town Highway Superintendent,,Over Votes,,0
Columbia,Kinderhook 1,Kinderhook Town Highway Superintendent,,Under Votes,,33
Columbia,Kinderhook 2,Kinderhook Town Highway Superintendent,,"John Ruchel, Jr.",DEM,188
Columbia,Kinderhook 2,Kinderhook Town Highway Superintendent,,"John Ruchel, Jr.",REP,80
Columbia,Kinderhook 2,Kinderhook Town Highway Superintendent,,"John Ruchel, Jr.",CON,32
Columbia,Kinderhook 2,Kinderhook Town Highway Superintendent,,Write-in,,0
Columbia,Kinderhook 2,Kinderhook Town Highway Superintendent,,Over Votes,,0
Columbia,Kinderhook 2,Kinderhook Town Highway Superintendent,,Under Votes,,42
Columbia,Kinderhook 3,Kinderhook Town Highway Superintendent,,"John Ruchel, Jr.",DEM,203
Columbia,Kinderhook 3,Kinderhook Town Highway Superintendent,,"John Ruchel, Jr.",REP,163
Columbia,Kinderhook 3,Kinderhook Town Highway Superintendent,,"John Ruchel, Jr.",CON,45
Columbia,Kinderhook 3,Kinderhook Town Highway Superintendent,,Write-in,,0
Columbia,Kinderhook 3,Kinderhook Town Highway Superintendent,,Over Votes,,0
Columbia,Kinderhook 3,Kinderhook Town Highway Superintendent,,Under Votes,,29
Columbia,Kinderhook 4,Kinderhook Town Highway Superintendent,,"John Ruchel, Jr.",DEM,177
Columbia,Kinderhook 4,Kinderhook Town Highway Superintendent,,"John Ruchel, Jr.",REP,173
Columbia,Kinderhook 4,Kinderhook Town Highway Superintendent,,"John Ruchel, Jr.",CON,51
Columbia,Kinderhook 4,Kinderhook Town Highway Superintendent,,Write-in,,0
Columbia,Kinderhook 4,Kinderhook Town Highway Superintendent,,Over Votes,,0
Columbia,Kinderhook 4,Kinderhook Town Highway Superintendent,,Under Votes,,16
Columbia,Kinderhook 5,Kinderhook Town Highway Superintendent,,"John Ruchel, Jr.",DEM,188
Columbia,Kinderhook 5,Kinderhook Town Highway Superintendent,,"John Ruchel, Jr.",REP,198
Columbia,Kinderhook 5,Kinderhook Town Highway Superintendent,,"John Ruchel, Jr.",CON,54
Columbia,Kinderhook 5,Kinderhook Town Highway Superintendent,,Write-in,,0
Columbia,Kinderhook 5,Kinderhook Town Highway Superintendent,,Over Votes,,0
Columbia,Kinderhook 5,Kinderhook Town Highway Superintendent,,Under Votes,,35
Columbia,Kinderhook 6,Kinderhook Town Highway Superintendent,,"John Ruchel, Jr.",DEM,126
Columbia,Kinderhook 6,Kinderhook Town Highway Superintendent,,"John Ruchel, Jr.",REP,146
Columbia,Kinderhook 6,Kinderhook Town Highway Superintendent,,"John Ruchel, Jr.",CON,35
Columbia,Kinderhook 6,Kinderhook Town Highway Superintendent,,Write-in,,0
Columbia,Kinderhook 6,Kinderhook Town Highway Superintendent,,Over Votes,,0
Columbia,Kinderhook 6,Kinderhook Town Highway Superintendent,,Under Votes,,19
Columbia,Kinderhook 7,Kinderhook Town Highway Superintendent,,"John Ruchel, Jr.",DEM,200
Columbia,Kinderhook 7,Kinderhook Town Highway Superintendent,,"John Ruchel, Jr.",REP,206
Columbia,Kinderhook 7,Kinderhook Town Highway Superintendent,,"John Ruchel, Jr.",CON,51
Columbia,Kinderhook 7,Kinderhook Town Highway Superintendent,,Write-in,,2
Columbia,Kinderhook 7,Kinderhook Town Highway Superintendent,,Over Votes,,0
Columbia,Kinderhook 7,Kinderhook Town Highway Superintendent,,Under Votes,,28
Columbia,Kinderhook 8,Kinderhook Town Highway Superintendent,,"John Ruchel, Jr.",DEM,193
Columbia,Kinderhook 8,Kinderhook Town Highway Superintendent,,"John Ruchel, Jr.",REP,187
Columbia,Kinderhook 8,Kinderhook Town Highway Superintendent,,"John Ruchel, Jr.",CON,39
Columbia,Kinderhook 8,Kinderhook Town Highway Superintendent,,Write-in,,1
Columbia,Kinderhook 8,Kinderhook Town Highway Superintendent,,Over Votes,,0
Columbia,Kinderhook 8,Kinderhook Town Highway Superintendent,,Under Votes,,21
Columbia,Kinderhook 1,Kinderhook Town Justice,,Lisa M. Mills,REP,168
Columbia,Kinderhook 1,Kinderhook Town Justice,,Lisa M. Mills,CON,61
Columbia,Kinderhook 1,Kinderhook Town Justice,,Write-in,,4
Columbia,Kinderhook 1,Kinderhook Town Justice,,Over Votes,,0
Columbia,Kinderhook 1,Kinderhook Town Justice,,Under Votes,,153
Columbia,Kinderhook 2,Kinderhook Town Justice,,Lisa M. Mills,REP,139
Columbia,Kinderhook 2,Kinderhook Town Justice,,Lisa M. Mills,CON,47
Columbia,Kinderhook 2,Kinderhook Town Justice,,Write-in,,4
Columbia,Kinderhook 2,Kinderhook Town Justice,,Over Votes,,0
Columbia,Kinderhook 2,Kinderhook Town Justice,,Under Votes,,152
Columbia,Kinderhook 3,Kinderhook Town Justice,,Lisa M. Mills,REP,225
Columbia,Kinderhook 3,Kinderhook Town Justice,,Lisa M. Mills,CON,66
Columbia,Kinderhook 3,Kinderhook Town Justice,,Write-in,,2
Columbia,Kinderhook 3,Kinderhook Town Justice,,Over Votes,,0
Columbia,Kinderhook 3,Kinderhook Town Justice,,Under Votes,,147
Columbia,Kinderhook 4,Kinderhook Town Justice,,Lisa M. Mills,REP,237
Columbia,Kinderhook 4,Kinderhook Town Justice,,Lisa M. Mills,CON,89
Columbia,Kinderhook 4,Kinderhook Town Justice,,Write-in,,4
Columbia,Kinderhook 4,Kinderhook Town Justice,,Over Votes,,0
Columbia,Kinderhook 4,Kinderhook Town Justice,,Under Votes,,87
Columbia,Kinderhook 5,Kinderhook Town Justice,,Lisa M. Mills,REP,259
Columbia,Kinderhook 5,Kinderhook Town Justice,,Lisa M. Mills,CON,77
Columbia,Kinderhook 5,Kinderhook Town Justice,,Write-in,,6
Columbia,Kinderhook 5,Kinderhook Town Justice,,Over Votes,,0
Columbia,Kinderhook 5,Kinderhook Town Justice,,Under Votes,,133
Columbia,Kinderhook 6,Kinderhook Town Justice,,Lisa M. Mills,REP,183
Columbia,Kinderhook 6,Kinderhook Town Justice,,Lisa M. Mills,CON,54
Columbia,Kinderhook 6,Kinderhook Town Justice,,Write-in,,1
Columbia,Kinderhook 6,Kinderhook Town Justice,,Over Votes,,0
Columbia,Kinderhook 6,Kinderhook Town Justice,,Under Votes,,88
Columbia,Kinderhook 7,Kinderhook Town Justice,,Lisa M. Mills,REP,279
Columbia,Kinderhook 7,Kinderhook Town Justice,,Lisa M. Mills,CON,89
Columbia,Kinderhook 7,Kinderhook Town Justice,,Write-in,,4
Columbia,Kinderhook 7,Kinderhook Town Justice,,Over Votes,,0
Columbia,Kinderhook 7,Kinderhook Town Justice,,Under Votes,,115
Columbia,Kinderhook 8,Kinderhook Town Justice,,Lisa M. Mills,REP,254
Columbia,Kinderhook 8,Kinderhook Town Justice,,Lisa M. Mills,CON,74
Columbia,Kinderhook 8,Kinderhook Town Justice,,Write-in,,6
Columbia,Kinderhook 8,Kinderhook Town Justice,,Over Votes,,0
Columbia,Kinderhook 8,Kinderhook Town Justice,,Under Votes,,107
Columbia,Kinderhook 1,"Proposal Number Two, Town of Kinderhook",,Yes,,244
Columbia,Kinderhook 1,"Proposal Number Two, Town of Kinderhook",,No,,134
Columbia,Kinderhook 1,"Proposal Number Two, Town of Kinderhook",,Over Votes,,0
Columbia,Kinderhook 1,"Proposal Number Two, Town of Kinderhook",,Under Votes,,8
Columbia,Kinderhook 2,"Proposal Number Two, Town of Kinderhook",,Yes,,218
Columbia,Kinderhook 2,"Proposal Number Two, Town of Kinderhook",,No,,120
Columbia,Kinderhook 2,"Proposal Number Two, Town of Kinderhook",,Over Votes,,0
Columbia,Kinderhook 2,"Proposal Number Two, Town of Kinderhook",,Under Votes,,4
Columbia,Kinderhook 3,"Proposal Number Two, Town of Kinderhook",,Yes,,240
Columbia,Kinderhook 3,"Proposal Number Two, Town of Kinderhook",,No,,195
Columbia,Kinderhook 3,"Proposal Number Two, Town of Kinderhook",,Over Votes,,0
Columbia,Kinderhook 3,"Proposal Number Two, Town of Kinderhook",,Under Votes,,5
Columbia,Kinderhook 4,"Proposal Number Two, Town of Kinderhook",,Yes,,223
Columbia,Kinderhook 4,"Proposal Number Two, Town of Kinderhook",,No,,190
Columbia,Kinderhook 4,"Proposal Number Two, Town of Kinderhook",,Over Votes,,0
Columbia,Kinderhook 4,"Proposal Number Two, Town of Kinderhook",,Under Votes,,4
Columbia,Kinderhook 5,"Proposal Number Two, Town of Kinderhook",,Yes,,242
Columbia,Kinderhook 5,"Proposal Number Two, Town of Kinderhook",,No,,225
Columbia,Kinderhook 5,"Proposal Number Two, Town of Kinderhook",,Over Votes,,0
Columbia,Kinderhook 5,"Proposal Number Two, Town of Kinderhook",,Under Votes,,8
Columbia,Kinderhook 6,"Proposal Number Two, Town of Kinderhook",,Yes,,147
Columbia,Kinderhook 6,"Proposal Number Two, Town of Kinderhook",,No,,173
Columbia,Kinderhook 6,"Proposal Number Two, Town of Kinderhook",,Over Votes,,0
Columbia,Kinderhook 6,"Proposal Number Two, Town of Kinderhook",,Under Votes,,6
Columbia,Kinderhook 7,"Proposal Number Two, Town of Kinderhook",,Yes,,261
Columbia,Kinderhook 7,"Proposal Number Two, Town of Kinderhook",,No,,212
Columbia,Kinderhook 7,"Proposal Number Two, Town of Kinderhook",,Over Votes,,0
Columbia,Kinderhook 7,"Proposal Number Two, Town of Kinderhook",,Under Votes,,14
Columbia,Kinderhook 8,"Proposal Number Two, Town of Kinderhook",,Yes,,248
Columbia,Kinderhook 8,"Proposal Number Two, Town of Kinderhook",,No,,184
Columbia,Kinderhook 8,"Proposal Number Two, Town of Kinderhook",,Over Votes,,0
Columbia,Kinderhook 8,"Proposal Number Two, Town of Kinderhook",,Under Votes,,9
Columbia,Livingston 1,Livingston Town Supervisor,,James Guzzi,DEM,183
Columbia,Livingston 1,Livingston Town Supervisor,,James Guzzi,REP,184
Columbia,Livingston 1,Livingston Town Supervisor,,James Guzzi,CON,29
Columbia,Livingston 1,Livingston Town Supervisor,,Write-in,,1
Columbia,Livingston 1,Livingston Town Supervisor,,Over Votes,,0
Columbia,Livingston 1,Livingston Town Supervisor,,Under Votes,,32
Columbia,Livingston 2,Livingston Town Supervisor,,James Guzzi,DEM,120
Columbia,Livingston 2,Livingston Town Supervisor,,James Guzzi,REP,94
Columbia,Livingston 2,Livingston Town Supervisor,,James Guzzi,CON,22
Columbia,Livingston 2,Livingston Town Supervisor,,Write-in,,1
Columbia,Livingston 2,Livingston Town Supervisor,,Over Votes,,0
Columbia,Livingston 2,Livingston Town Supervisor,,Under Votes,,20
Columbia,Livingston 3,Livingston Town Supervisor,,James Guzzi,DEM,133
Columbia,Livingston 3,Livingston Town Supervisor,,James Guzzi,REP,124
Columbia,Livingston 3,Livingston Town Supervisor,,James Guzzi,CON,18
Columbia,Livingston 3,Livingston Town Supervisor,,Write-in,,0
Columbia,Livingston 3,Livingston Town Supervisor,,Over Votes,,1
Columbia,Livingston 3,Livingston Town Supervisor,,Under Votes,,25
Columbia,Livingston 4,Livingston Town Supervisor,,James Guzzi,DEM,81
Columbia,Livingston 4,Livingston Town Supervisor,,James Guzzi,REP,70
Columbia,Livingston 4,Livingston Town Supervisor,,James Guzzi,CON,17
Columbia,Livingston 4,Livingston Town Supervisor,,Write-in,,2
Columbia,Livingston 4,Livingston Town Supervisor,,Over Votes,,0
Columbia,Livingston 4,Livingston Town Supervisor,,Under Votes,,11
Columbia,Livingston 1,Livingston Town Clerk/Tax Collector,,Tammy Molinski,REP,248
Columbia,Livingston 1,Livingston Town Clerk/Tax Collector,,Tammy Molinski,CON,66
Columbia,Livingston 1,Livingston Town Clerk/Tax Collector,,Write-in,,0
Columbia,Livingston 1,Livingston Town Clerk/Tax Collector,,Over Votes,,0
Columbia,Livingston 1,Livingston Town Clerk/Tax Collector,,Under Votes,,115
Columbia,Livingston 2,Livingston Town Clerk/Tax Collector,,Tammy Molinski,REP,120
Columbia,Livingston 2,Livingston Town Clerk/Tax Collector,,Tammy Molinski,CON,40
Columbia,Livingston 2,Livingston Town Clerk/Tax Collector,,Write-in,,1
Columbia,Livingston 2,Livingston Town Clerk/Tax Collector,,Over Votes,,0
Columbia,Livingston 2,Livingston Town Clerk/Tax Collector,,Under Votes,,96
Columbia,Livingston 3,Livingston Town Clerk/Tax Collector,,Tammy Molinski,REP,163
Columbia,Livingston 3,Livingston Town Clerk/Tax Collector,,Tammy Molinski,CON,39
Columbia,Livingston 3,Livingston Town Clerk/Tax Collector,,Write-in,,1
Columbia,Livingston 3,Livingston Town Clerk/Tax Collector,,Over Votes,,0
Columbia,Livingston 3,Livingston Town Clerk/Tax Collector,,Under Votes,,98
Columbia,Livingston 4,Livingston Town Clerk/Tax Collector,,Tammy Molinski,REP,96
Columbia,Livingston 4,Livingston Town Clerk/Tax Collector,,Tammy Molinski,CON,31
Columbia,Livingston 4,Livingston Town Clerk/Tax Collector,,Write-in,,0
Columbia,Livingston 4,Livingston Town Clerk/Tax Collector,,Over Votes,,0
Columbia,Livingston 4,Livingston Town Clerk/Tax Collector,,Under Votes,,54
Columbia,Livingston 1,Livingston Town Council,,Joseph Rapp,DEM,206
Columbia,Livingston 1,Livingston Town Council,,Philip J. Massaro,REP,203
Columbia,Livingston 1,Livingston Town Council,,Philip J. Massaro,CON,35
Columbia,Livingston 1,Livingston Town Council,,Fred Conte,REP,199
Columbia,Livingston 1,Livingston Town Council,,Fred Conte,CON,33
Columbia,Livingston 1,Livingston Town Council,,Write-in,,0
Columbia,Livingston 1,Livingston Town Council,,Over Votes,,0
Columbia,Livingston 1,Livingston Town Council,,Under Votes,,182
Columbia,Livingston 2,Livingston Town Council,,Joseph Rapp,DEM,134
Columbia,Livingston 2,Livingston Town Council,,Philip J. Massaro,REP,102
Columbia,Livingston 2,Livingston Town Council,,Philip J. Massaro,CON,22
Columbia,Livingston 2,Livingston Town Council,,Fred Conte,REP,86
Columbia,Livingston 2,Livingston Town Council,,Fred Conte,CON,29
Columbia,Livingston 2,Livingston Town Council,,Write-in,,0
Columbia,Livingston 2,Livingston Town Council,,Over Votes,,0
Columbia,Livingston 2,Livingston Town Council,,Under Votes,,141
Columbia,Livingston 3,Livingston Town Council,,Joseph Rapp,DEM,144
Columbia,Livingston 3,Livingston Town Council,,Philip J. Massaro,REP,130
Columbia,Livingston 3,Livingston Town Council,,Philip J. Massaro,CON,21
Columbia,Livingston 3,Livingston Town Council,,Fred Conte,REP,145
Columbia,Livingston 3,Livingston Town Council,,Fred Conte,CON,28
Columbia,Livingston 3,Livingston Town Council,,Write-in,,0
Columbia,Livingston 3,Livingston Town Council,,Over Votes,,0
Columbia,Livingston 3,Livingston Town Council,,Under Votes,,134
Columbia,Livingston 4,Livingston Town Council,,Joseph Rapp,DEM,89
Columbia,Livingston 4,Livingston Town Council,,Philip J. Massaro,REP,79
Columbia,Livingston 4,Livingston Town Council,,Philip J. Massaro,CON,16
Columbia,Livingston 4,Livingston Town Council,,Fred Conte,REP,80
Columbia,Livingston 4,Livingston Town Council,,Fred Conte,CON,19
Columbia,Livingston 4,Livingston Town Council,,Write-in,,0
Columbia,Livingston 4,Livingston Town Council,,Over Votes,,0
Columbia,Livingston 4,Livingston Town Council,,Under Votes,,79
Columbia,Livingston 1,Livingston Town Highway Superintendent,,David Lyons,DEM,188
Columbia,Livingston 1,Livingston Town Highway Superintendent,,David Lyons,REP,181
Columbia,Livingston 1,Livingston Town Highway Superintendent,,David Lyons,CON,30
Columbia,Livingston 1,Livingston Town Highway Superintendent,,Write-in,,2
Columbia,Livingston 1,Livingston Town Highway Superintendent,,Over Votes,,0
Columbia,Livingston 1,Livingston Town Highway Superintendent,,Under Votes,,28
Columbia,Livingston 2,Livingston Town Highway Superintendent,,David Lyons,DEM,126
Columbia,Livingston 2,Livingston Town Highway Superintendent,,David Lyons,REP,89
Columbia,Livingston 2,Livingston Town Highway Superintendent,,David Lyons,CON,21
Columbia,Livingston 2,Livingston Town Highway Superintendent,,Write-in,,0
Columbia,Livingston 2,Livingston Town Highway Superintendent,,Over Votes,,0
Columbia,Livingston 2,Livingston Town Highway Superintendent,,Under Votes,,21
Columbia,Livingston 3,Livingston Town Highway Superintendent,,David Lyons,DEM,132
Columbia,Livingston 3,Livingston Town Highway Superintendent,,David Lyons,REP,131
Columbia,Livingston 3,Livingston Town Highway Superintendent,,David Lyons,CON,20
Columbia,Livingston 3,Livingston Town Highway Superintendent,,Write-in,,0
Columbia,Livingston 3,Livingston Town Highway Superintendent,,Over Votes,,0
Columbia,Livingston 3,Livingston Town Highway Superintendent,,Under Votes,,18
Columbia,Livingston 4,Livingston Town Highway Superintendent,,David Lyons,DEM,81
Columbia,Livingston 4,Livingston Town Highway Superintendent,,David Lyons,REP,75
Columbia,Livingston 4,Livingston Town Highway Superintendent,,David Lyons,CON,16
Columbia,Livingston 4,Livingston Town Highway Superintendent,,Write-in,,0
Columbia,Livingston 4,Livingston Town Highway Superintendent,,Over Votes,,0
Columbia,Livingston 4,Livingston Town Highway Superintendent,,Under Votes,,9
Columbia,Livingston 1,Livingston Town Justice,,Elizabeth Kennedy,DEM,205
Columbia,Livingston 1,Livingston Town Justice,,Angela Guzzi,REP,196
Columbia,Livingston 1,Livingston Town Justice,,Angela Guzzi,CON,25
Columbia,Livingston 1,Livingston Town Justice,,Write-in,,0
Columbia,Livingston 1,Livingston Town Justice,,Over Votes,,0
Columbia,Livingston 1,Livingston Town Justice,,Under Votes,,3
Columbia,Livingston 2,Livingston Town Justice,,Elizabeth Kennedy,DEM,138
Columbia,Livingston 2,Livingston Town Justice,,Angela Guzzi,REP,95
Columbia,Livingston 2,Livingston Town Justice,,Angela Guzzi,CON,22
Columbia,Livingston 2,Livingston Town Justice,,Write-in,,0
Columbia,Livingston 2,Livingston Town Justice,,Over Votes,,0
Columbia,Livingston 2,Livingston Town Justice,,Under Votes,,2
Columbia,Livingston 3,Livingston Town Justice,,Elizabeth Kennedy,DEM,157
Columbia,Livingston 3,Livingston Town Justice,,Angela Guzzi,REP,126
Columbia,Livingston 3,Livingston Town Justice,,Angela Guzzi,CON,15
Columbia,Livingston 3,Livingston Town Justice,,Write-in,,0
Columbia,Livingston 3,Livingston Town Justice,,Over Votes,,0
Columbia,Livingston 3,Livingston Town Justice,,Under Votes,,3
Columbia,Livingston 4,Livingston Town Justice,,Elizabeth Kennedy,DEM,92
Columbia,Livingston 4,Livingston Town Justice,,Angela Guzzi,REP,74
Columbia,Livingston 4,Livingston Town Justice,,Angela Guzzi,CON,14
Columbia,Livingston 4,Livingston Town Justice,,Write-in,,0
Columbia,Livingston 4,Livingston Town Justice,,Over Votes,,0
Columbia,Livingston 4,Livingston Town Justice,,Under Votes,,1
Columbia,New Lebanon 1,New Lebanon Town Supervisor,,Tistrya Houghtling,DEM,251
Columbia,New Lebanon 1,New Lebanon Town Supervisor,,Tistrya Houghtling,WOR,39
Columbia,New Lebanon 1,New Lebanon Town Supervisor,,Write-in,,2
Columbia,New Lebanon 1,New Lebanon Town Supervisor,,Over Votes,,0
Columbia,New Lebanon 1,New Lebanon Town Supervisor,,Under Votes,,36
Columbia,New Lebanon 2,New Lebanon Town Supervisor,,Tistrya Houghtling,DEM,251
Columbia,New Lebanon 2,New Lebanon Town Supervisor,,Tistrya Houghtling,WOR,41
Columbia,New Lebanon 2,New Lebanon Town Supervisor,,Write-in,,9
Columbia,New Lebanon 2,New Lebanon Town Supervisor,,Over Votes,,0
Columbia,New Lebanon 2,New Lebanon Town Supervisor,,Under Votes,,43
Columbia,New Lebanon 1,New Lebanon Town Council,,Chris Patterson,DEM,261
Columbia,New Lebanon 1,New Lebanon Town Council,,Jim Dawson,DEM,236
Columbia,New Lebanon 1,New Lebanon Town Council,,Craig James Skerkis,REP,204
Columbia,New Lebanon 1,New Lebanon Town Council,,Craig James Skerkis,CON,26
Columbia,New Lebanon 1,New Lebanon Town Council,,Joanne E. Amlaw,REP,230
Columbia,New Lebanon 1,New Lebanon Town Council,,Joanne E. Amlaw,CON,32
Columbia,New Lebanon 1,New Lebanon Town Council,,Write-in,,0
Columbia,New Lebanon 1,New Lebanon Town Council,,Over Votes,,0
Columbia,New Lebanon 1,New Lebanon Town Council,,Under Votes,,23
Columbia,New Lebanon 2,New Lebanon Town Council,,Chris Patterson,DEM,263
Columbia,New Lebanon 2,New Lebanon Town Council,,Jim Dawson,DEM,244
Columbia,New Lebanon 2,New Lebanon Town Council,,Craig James Skerkis,REP,232
Columbia,New Lebanon 2,New Lebanon Town Council,,Craig James Skerkis,CON,40
Columbia,New Lebanon 2,New Lebanon Town Council,,Joanne E. Amlaw,REP,241
Columbia,New Lebanon 2,New Lebanon Town Council,,Joanne E. Amlaw,CON,46
Columbia,New Lebanon 2,New Lebanon Town Council,,Write-in,,1
Columbia,New Lebanon 2,New Lebanon Town Council,,Over Votes,,2
Columbia,New Lebanon 2,New Lebanon Town Council,,Under Votes,,23
Columbia,New Lebanon 1,New Lebanon Town Council Unexpired Term,,Susan Tipogragh,DEM,262
Columbia,New Lebanon 1,New Lebanon Town Council Unexpired Term,,Joanna Phillips,REP,211
Columbia,New Lebanon 1,New Lebanon Town Council Unexpired Term,,Joanna Phillips,CON,26
Columbia,New Lebanon 1,New Lebanon Town Council Unexpired Term,,Write-in,,0
Columbia,New Lebanon 1,New Lebanon Town Council Unexpired Term,,Over Votes,,0
Columbia,New Lebanon 1,New Lebanon Town Council Unexpired Term,,Under Votes,,7
Columbia,New Lebanon 2,New Lebanon Town Council Unexpired Term,,Susan Tipogragh,DEM,266
Columbia,New Lebanon 2,New Lebanon Town Council Unexpired Term,,Joanna Phillips,REP,231
Columbia,New Lebanon 2,New Lebanon Town Council Unexpired Term,,Joanna Phillips,CON,40
Columbia,New Lebanon 2,New Lebanon Town Council Unexpired Term,,Write-in,,1
Columbia,New Lebanon 2,New Lebanon Town Council Unexpired Term,,Over Votes,,1
Columbia,New Lebanon 2,New Lebanon Town Council Unexpired Term,,Under Votes,,7
Columbia,New Lebanon 1,"Proposal Number Two, Town of New Lebanon",,Yes,,297
Columbia,New Lebanon 1,"Proposal Number Two, Town of New Lebanon",,No,,193
Columbia,New Lebanon 1,"Proposal Number Two, Town of New Lebanon",,Over Votes,,0
Columbia,New Lebanon 1,"Proposal Number Two, Town of New Lebanon",,Under Votes,,16
Columbia,New Lebanon 2,"Proposal Number Two, Town of New Lebanon",,Yes,,300
Columbia,New Lebanon 2,"Proposal Number Two, Town of New Lebanon",,No,,239
Columbia,New Lebanon 2,"Proposal Number Two, Town of New Lebanon",,Over Votes,,0
Columbia,New Lebanon 2,"Proposal Number Two, Town of New Lebanon",,Under Votes,,7
Columbia,Stockport 1,Stockport Town Clerk/Tax Collector,,Sandra M. Novak,REP,269
Columbia,Stockport 1,Stockport Town Clerk/Tax Collector,,Sandra M. Novak,CON,71
Columbia,Stockport 1,Stockport Town Clerk/Tax Collector,,Write-in,,0
Columbia,Stockport 1,Stockport Town Clerk/Tax Collector,,Over Votes,,0
Columbia,Stockport 1,Stockport Town Clerk/Tax Collector,,Under Votes,,81
Columbia,Stockport 2,Stockport Town Clerk/Tax Collector,,Sandra M. Novak,REP,206
Columbia,Stockport 2,Stockport Town Clerk/Tax Collector,,Sandra M. Novak,CON,65
Columbia,Stockport 2,Stockport Town Clerk/Tax Collector,,Write-in,,2
Columbia,Stockport 2,Stockport Town Clerk/Tax Collector,,Over Votes,,0
Columbia,Stockport 2,Stockport Town Clerk/Tax Collector,,Under Votes,,80
Columbia,Stockport 1,Stockport Town Council,,Toye Honeyman,DEM,128
Columbia,Stockport 1,Stockport Town Council,,Amy Hausknecht,DEM,121
Columbia,Stockport 1,Stockport Town Council,,Kathleen A. Hamm,REP,209
Columbia,Stockport 1,Stockport Town Council,,Kathleen A. Hamm,CON,46
Columbia,Stockport 1,Stockport Town Council,,Joanne M. Briggs,REP,239
Columbia,Stockport 1,Stockport Town Council,,John L. Drabick,CON,41
Columbia,Stockport 1,Stockport Town Council,,Write-in,,0
Columbia,Stockport 1,Stockport Town Council,,Over Votes,,4
Columbia,Stockport 1,Stockport Town Council,,Under Votes,,54
Columbia,Stockport 2,Stockport Town Council,,Toye Honeyman,DEM,118
Columbia,Stockport 2,Stockport Town Council,,Amy Hausknecht,DEM,108
Columbia,Stockport 2,Stockport Town Council,,Kathleen A. Hamm,REP,178
Columbia,Stockport 2,Stockport Town Council,,Kathleen A. Hamm,CON,40
Columbia,Stockport 2,Stockport Town Council,,Joanne M. Briggs,REP,175
Columbia,Stockport 2,Stockport Town Council,,John L. Drabick,CON,47
Columbia,Stockport 2,Stockport Town Council,,Write-in,,2
Columbia,Stockport 2,Stockport Town Council,,Over Votes,,2
Columbia,Stockport 2,Stockport Town Council,,Under Votes,,36
Columbia,Stockport 1,Stockport Town Highway Superintendent,,Timothy A. Masten,REP,260
Columbia,Stockport 1,Stockport Town Highway Superintendent,,Timothy A. Masten,CON,61
Columbia,Stockport 1,Stockport Town Highway Superintendent,,Write-in,,0
Columbia,Stockport 1,Stockport Town Highway Superintendent,,Over Votes,,0
Columbia,Stockport 1,Stockport Town Highway Superintendent,,Under Votes,,100
Columbia,Stockport 2,Stockport Town Highway Superintendent,,Timothy A. Masten,REP,195
Columbia,Stockport 2,Stockport Town Highway Superintendent,,Timothy A. Masten,CON,68
Columbia,Stockport 2,Stockport Town Highway Superintendent,,Write-in,,2
Columbia,Stockport 2,Stockport Town Highway Superintendent,,Over Votes,,0
Columbia,Stockport 2,Stockport Town Highway Superintendent,,Under Votes,,88
Columbia,Stockport 1,Stockport Town Justice,,John Jack Mabb,DEM,135
Columbia,Stockport 1,Stockport Town Justice,,Joseph C. Carey,REP,227
Columbia,Stockport 1,Stockport Town Justice,,Joseph C. Carey,CON,54
Columbia,Stockport 1,Stockport Town Justice,,Write-in,,0
Columbia,Stockport 1,Stockport Town Justice,,Over Votes,,0
Columbia,Stockport 1,Stockport Town Justice,,Under Votes,,5
Columbia,Stockport 2,Stockport Town Justice,,John Jack Mabb,DEM,149
Columbia,Stockport 2,Stockport Town Justice,,Joseph C. Carey,REP,158
Columbia,Stockport 2,Stockport Town Justice,,Joseph C. Carey,CON,40
Columbia,Stockport 2,Stockport Town Justice,,Write-in,,1
Columbia,Stockport 2,Stockport Town Justice,,Over Votes,,0
Columbia,Stockport 2,Stockport Town Justice,,Under Votes,,5
Columbia,Stuyvesant 1,Stuyvesant Town Supervisor,,Lee F. Jamison,DEM,134
Columbia,Stuyvesant 1,Stuyvesant Town Supervisor,,Lee F. Jamison,WOR,8
Columbia,Stuyvesant 1,Stuyvesant Town Supervisor,,Ron Knott,REP,133
Columbia,Stuyvesant 1,Stuyvesant Town Supervisor,,Ron Knott,CON,39
Columbia,Stuyvesant 1,Stuyvesant Town Supervisor,,Write-in,,0
Columbia,Stuyvesant 1,Stuyvesant Town Supervisor,,Over Votes,,1
Columbia,Stuyvesant 1,Stuyvesant Town Supervisor,,Under Votes,,0
Columbia,Stuyvesant 2,Stuyvesant Town Supervisor,,Lee F. Jamison,DEM,165
Columbia,Stuyvesant 2,Stuyvesant Town Supervisor,,Lee F. Jamison,WOR,24
Columbia,Stuyvesant 2,Stuyvesant Town Supervisor,,Ron Knott,REP,216
Columbia,Stuyvesant 2,Stuyvesant Town Supervisor,,Ron Knott,CON,55
Columbia,Stuyvesant 2,Stuyvesant Town Supervisor,,Write-in,,0
Columbia,Stuyvesant 2,Stuyvesant Town Supervisor,,Over Votes,,0
Columbia,Stuyvesant 2,Stuyvesant Town Supervisor,,Under Votes,,4
Columbia,Stuyvesant 1,Stuyvesant Town Clerk/Tax Collector,,Melissa Naegeli,REP,165
Columbia,Stuyvesant 1,Stuyvesant Town Clerk/Tax Collector,,Melissa Naegeli,CON,57
Columbia,Stuyvesant 1,Stuyvesant Town Clerk/Tax Collector,,Write-in,,1
Columbia,Stuyvesant 1,Stuyvesant Town Clerk/Tax Collector,,Over Votes,,0
Columbia,Stuyvesant 1,Stuyvesant Town Clerk/Tax Collector,,Under Votes,,92
Columbia,Stuyvesant 2,Stuyvesant Town Clerk/Tax Collector,,Melissa Naegeli,REP,260
Columbia,Stuyvesant 2,Stuyvesant Town Clerk/Tax Collector,,Melissa Naegeli,CON,78
Columbia,Stuyvesant 2,Stuyvesant Town Clerk/Tax Collector,,Write-in,,5
Columbia,Stuyvesant 2,Stuyvesant Town Clerk/Tax Collector,,Over Votes,,0
Columbia,Stuyvesant 2,Stuyvesant Town Clerk/Tax Collector,,Under Votes,,121
Columbia,Stuyvesant 1,Stuyvesant Town Council,,Greg Pettyjohn,DEM,156
Columbia,Stuyvesant 1,Stuyvesant Town Council,,Brian Chittenden,REP,124
Columbia,Stuyvesant 1,Stuyvesant Town Council,,Brian Chittenden,CON,35
Columbia,Stuyvesant 1,Stuyvesant Town Council,,Carolyn Gleason,REP,133
Columbia,Stuyvesant 1,Stuyvesant Town Council,,Carolyn Gleason,CON,47
Columbia,Stuyvesant 1,Stuyvesant Town Council,,Write-in,,2
Columbia,Stuyvesant 1,Stuyvesant Town Council,,Over Votes,,0
Columbia,Stuyvesant 1,Stuyvesant Town Council,,Under Votes,,133
Columbia,Stuyvesant 2,Stuyvesant Town Council,,Greg Pettyjohn,DEM,200
Columbia,Stuyvesant 2,Stuyvesant Town Council,,Brian Chittenden,REP,213
Columbia,Stuyvesant 2,Stuyvesant Town Council,,Brian Chittenden,CON,52
Columbia,Stuyvesant 2,Stuyvesant Town Council,,Carolyn Gleason,REP,213
Columbia,Stuyvesant 2,Stuyvesant Town Council,,Carolyn Gleason,CON,62
Columbia,Stuyvesant 2,Stuyvesant Town Council,,Write-in,,0
Columbia,Stuyvesant 2,Stuyvesant Town Council,,Over Votes,,0
Columbia,Stuyvesant 2,Stuyvesant Town Council,,Under Votes,,188
Columbia,Stuyvesant 1,Stuyvesant Town Highway Superintendent,,Joseph Scrum,REP,164
Columbia,Stuyvesant 1,Stuyvesant Town Highway Superintendent,,Joseph Scrum,CON,55
Columbia,Stuyvesant 1,Stuyvesant Town Highway Superintendent,,Write-in,,0
Columbia,Stuyvesant 1,Stuyvesant Town Highway Superintendent,,Over Votes,,0
Columbia,Stuyvesant 1,Stuyvesant Town Highway Superintendent,,Under Votes,,96
Columbia,Stuyvesant 2,Stuyvesant Town Highway Superintendent,,Joseph Scrum,REP,250
Columbia,Stuyvesant 2,Stuyvesant Town Highway Superintendent,,Joseph Scrum,CON,74
Columbia,Stuyvesant 2,Stuyvesant Town Highway Superintendent,,Write-in,,4
Columbia,Stuyvesant 2,Stuyvesant Town Highway Superintendent,,Over Votes,,0
Columbia,Stuyvesant 2,Stuyvesant Town Highway Superintendent,,Under Votes,,136
Columbia,Stuyvesant 1,Stuyvesant Town Justice,,Heather M. Johnson,DEM,142
Columbia,Stuyvesant 1,Stuyvesant Town Justice,,Carrie A. O'Hare,REP,130
Columbia,Stuyvesant 1,Stuyvesant Town Justice,,Carrie A. O'Hare,CON,38
Columbia,Stuyvesant 1,Stuyvesant Town Justice,,Write-in,,0
Columbia,Stuyvesant 1,Stuyvesant Town Justice,,Over Votes,,0
Columbia,Stuyvesant 1,Stuyvesant Town Justice,,Under Votes,,5
Columbia,Stuyvesant 2,Stuyvesant Town Justice,,Heather M. Johnson,DEM,200
Columbia,Stuyvesant 2,Stuyvesant Town Justice,,Carrie A. O'Hare,REP,204
Columbia,Stuyvesant 2,Stuyvesant Town Justice,,Carrie A. O'Hare,CON,50
Columbia,Stuyvesant 2,Stuyvesant Town Justice,,Write-in,,0
Columbia,Stuyvesant 2,Stuyvesant Town Justice,,Over Votes,,0
Columbia,Stuyvesant 2,Stuyvesant Town Justice,,Under Votes,,10
Columbia,Stuyvesant 1,"Proposal Number Two, Town of Stuyvesant",,Yes,,213
Columbia,Stuyvesant 1,"Proposal Number Two, Town of Stuyvesant",,No,,95
Columbia,Stuyvesant 1,"Proposal Number Two, Town of Stuyvesant",,Over Votes,,0
Columbia,Stuyvesant 1,"Proposal Number Two, Town of Stuyvesant",,Under Votes,,7
Columbia,Stuyvesant 2,"Proposal Number Two, Town of Stuyvesant",,Yes,,282
Columbia,Stuyvesant 2,"Proposal Number Two, Town of Stuyvesant",,No,,178
Columbia,Stuyvesant 2,"Proposal Number Two, Town of Stuyvesant",,Over Votes,,0
Columbia,Stuyvesant 2,"Proposal Number Two, Town of Stuyvesant",,Under Votes,,4
Columbia,Taghkanic 1,Taghkanic Town Supervisor,,Ryan Skoda,REP,226
Columbia,Taghkanic 1,Taghkanic Town Supervisor,,Ryan Skoda,CON,76
Columbia,Taghkanic 1,Taghkanic Town Supervisor,,Write-in,,9
Columbia,Taghkanic 1,Taghkanic Town Supervisor,,Over Votes,,0
Columbia,Taghkanic 1,Taghkanic Town Supervisor,,Under Votes,,205
Columbia,Taghkanic 1,Taghkanic Town Clerk/Tax Collector,,Cheryl E. Rogers,REP,239
Columbia,Taghkanic 1,Taghkanic Town Clerk/Tax Collector,,Cheryl E. Rogers,CON,80
Columbia,Taghkanic 1,Taghkanic Town Clerk/Tax Collector,,Write-in,,8
Columbia,Taghkanic 1,Taghkanic Town Clerk/Tax Collector,,Over Votes,,0
Columbia,Taghkanic 1,Taghkanic Town Clerk/Tax Collector,,Under Votes,,189
Columbia,Taghkanic 1,Taghkanic Town Council,,Linda Mirabelli,DEM,317
Columbia,Taghkanic 1,Taghkanic Town Council,,Betsy Albert,DEM,313
Columbia,Taghkanic 1,Taghkanic Town Council,,Joshua Plass,REP,162
Columbia,Taghkanic 1,Taghkanic Town Council,,Joshua Plass,CON,41
Columbia,Taghkanic 1,Taghkanic Town Council,,Write-in,,1
Columbia,Taghkanic 1,Taghkanic Town Council,,Over Votes,,0
Columbia,Taghkanic 1,Taghkanic Town Council,,Under Votes,,198
Columbia,Taghkanic 1,Taghkanic Town Justice,,Nicholas Zapp,DEM,309
Columbia,Taghkanic 1,Taghkanic Town Justice,,Nicholas Zapp,CON,115
Columbia,Taghkanic 1,Taghkanic Town Justice,,Write-in,,0
Columbia,Taghkanic 1,Taghkanic Town Justice,,Over Votes,,0
Columbia,Taghkanic 1,Taghkanic Town Justice,,Under Votes,,92
