county,precinct,office,district,candidate,party,votes
Warren,Bolton 1,State Supreme Court Justice,4,Chris Obstarczyk,REP,405
Warren,Bolton 1,State Supreme Court Justice,4,Kris Singh,REP,371
Warren,Bolton 1,State Supreme Court Justice,4,Chris Obstarczyk,CON,99
Warren,Bolton 1,State Supreme Court Justice,4,Kris Singh,CON,95
Warren,Bolton 1,State Supreme Court Justice,4,Write-ins,,2
Warren,Bolton 1,State Supreme Court Justice,4,Under Votes,,468
Warren,Chester 1,State Supreme Court Justice,4,Chris Obstarczyk,REP,284
Warren,Chester 1,State Supreme Court Justice,4,Kris Singh,REP,270
Warren,Chester 1,State Supreme Court Justice,4,Chris Obstarczyk,CON,66
Warren,Chester 1,State Supreme Court Justice,4,Kris Singh,CON,65
Warren,Chester 1,State Supreme Court Justice,4,Write-ins,,2
Warren,Chester 1,State Supreme Court Justice,4,Under Votes,,261
Warren,Chester 2,State Supreme Court Justice,4,Chris Obstarczyk,REP,194
Warren,Chester 2,State Supreme Court Justice,4,Kris Singh,REP,179
Warren,Chester 2,State Supreme Court Justice,4,Chris Obstarczyk,CON,33
Warren,Chester 2,State Supreme Court Justice,4,Kris Singh,CON,32
Warren,Chester 2,State Supreme Court Justice,4,Write-ins,,4
Warren,Chester 2,State Supreme Court Justice,4,Under Votes,,222
Warren,Chester 2,State Supreme Court Justice,4,Over Votes,,2
Warren,Glens Falls - Ward 1 1,State Supreme Court Justice,4,Chris Obstarczyk,REP,142
Warren,Glens Falls - Ward 1 1,State Supreme Court Justice,4,Kris Singh,REP,131
Warren,Glens Falls - Ward 1 1,State Supreme Court Justice,4,Chris Obstarczyk,CON,51
Warren,Glens Falls - Ward 1 1,State Supreme Court Justice,4,Kris Singh,CON,54
Warren,Glens Falls - Ward 1 1,State Supreme Court Justice,4,Write-ins,,10
Warren,Glens Falls - Ward 1 1,State Supreme Court Justice,4,Under Votes,,244
Warren,Glens Falls - Ward 2 1,State Supreme Court Justice,4,Chris Obstarczyk,REP,277
Warren,Glens Falls - Ward 2 1,State Supreme Court Justice,4,Kris Singh,REP,256
Warren,Glens Falls - Ward 2 1,State Supreme Court Justice,4,Chris Obstarczyk,CON,120
Warren,Glens Falls - Ward 2 1,State Supreme Court Justice,4,Kris Singh,CON,119
Warren,Glens Falls - Ward 2 1,State Supreme Court Justice,4,Write-ins,,12
Warren,Glens Falls - Ward 2 1,State Supreme Court Justice,4,Under Votes,,466
Warren,Glens Falls - Ward 3 1,State Supreme Court Justice,4,Chris Obstarczyk,REP,295
Warren,Glens Falls - Ward 3 1,State Supreme Court Justice,4,Kris Singh,REP,278
Warren,Glens Falls - Ward 3 1,State Supreme Court Justice,4,Chris Obstarczyk,CON,94
Warren,Glens Falls - Ward 3 1,State Supreme Court Justice,4,Kris Singh,CON,87
Warren,Glens Falls - Ward 3 1,State Supreme Court Justice,4,Write-ins,,28
Warren,Glens Falls - Ward 3 1,State Supreme Court Justice,4,Under Votes,,550
Warren,Glens Falls - Ward 4 1,State Supreme Court Justice,4,Chris Obstarczyk,REP,158
Warren,Glens Falls - Ward 4 1,State Supreme Court Justice,4,Kris Singh,REP,161
Warren,Glens Falls - Ward 4 1,State Supreme Court Justice,4,Chris Obstarczyk,CON,62
Warren,Glens Falls - Ward 4 1,State Supreme Court Justice,4,Kris Singh,CON,58
Warren,Glens Falls - Ward 4 1,State Supreme Court Justice,4,Write-ins,,8
Warren,Glens Falls - Ward 4 1,State Supreme Court Justice,4,Under Votes,,355
Warren,Glens Falls - Ward 4 2,State Supreme Court Justice,4,Chris Obstarczyk,REP,161
Warren,Glens Falls - Ward 4 2,State Supreme Court Justice,4,Kris Singh,REP,155
Warren,Glens Falls - Ward 4 2,State Supreme Court Justice,4,Chris Obstarczyk,CON,46
Warren,Glens Falls - Ward 4 2,State Supreme Court Justice,4,Kris Singh,CON,47
Warren,Glens Falls - Ward 4 2,State Supreme Court Justice,4,Write-ins,,4
Warren,Glens Falls - Ward 4 2,State Supreme Court Justice,4,Under Votes,,215
Warren,Glens Falls - Ward 5 1,State Supreme Court Justice,4,Chris Obstarczyk,REP,104
Warren,Glens Falls - Ward 5 1,State Supreme Court Justice,4,Kris Singh,REP,106
Warren,Glens Falls - Ward 5 1,State Supreme Court Justice,4,Chris Obstarczyk,CON,58
Warren,Glens Falls - Ward 5 1,State Supreme Court Justice,4,Kris Singh,CON,60
Warren,Glens Falls - Ward 5 1,State Supreme Court Justice,4,Write-ins,,6
Warren,Glens Falls - Ward 5 1,State Supreme Court Justice,4,Under Votes,,198
Warren,Glens Falls - Ward 5 2,State Supreme Court Justice,4,Chris Obstarczyk,REP,89
Warren,Glens Falls - Ward 5 2,State Supreme Court Justice,4,Kris Singh,REP,82
Warren,Glens Falls - Ward 5 2,State Supreme Court Justice,4,Chris Obstarczyk,CON,45
Warren,Glens Falls - Ward 5 2,State Supreme Court Justice,4,Kris Singh,CON,42
Warren,Glens Falls - Ward 5 2,State Supreme Court Justice,4,Write-ins,,16
Warren,Glens Falls - Ward 5 2,State Supreme Court Justice,4,Under Votes,,164
Warren,Hague 1,State Supreme Court Justice,4,Chris Obstarczyk,REP,158
Warren,Hague 1,State Supreme Court Justice,4,Kris Singh,REP,149
Warren,Hague 1,State Supreme Court Justice,4,Chris Obstarczyk,CON,32
Warren,Hague 1,State Supreme Court Justice,4,Kris Singh,CON,33
Warren,Hague 1,State Supreme Court Justice,4,Write-ins,,3
Warren,Hague 1,State Supreme Court Justice,4,Under Votes,,287
Warren,Horicon 1,State Supreme Court Justice,4,Chris Obstarczyk,REP,270
Warren,Horicon 1,State Supreme Court Justice,4,Kris Singh,REP,235
Warren,Horicon 1,State Supreme Court Justice,4,Chris Obstarczyk,CON,47
Warren,Horicon 1,State Supreme Court Justice,4,Kris Singh,CON,47
Warren,Horicon 1,State Supreme Court Justice,4,Write-ins,,2
Warren,Horicon 1,State Supreme Court Justice,4,Under Votes,,279
Warren,Johnsburg 1,State Supreme Court Justice,4,Chris Obstarczyk,REP,307
Warren,Johnsburg 1,State Supreme Court Justice,4,Kris Singh,REP,267
Warren,Johnsburg 1,State Supreme Court Justice,4,Chris Obstarczyk,CON,82
Warren,Johnsburg 1,State Supreme Court Justice,4,Kris Singh,CON,82
Warren,Johnsburg 1,State Supreme Court Justice,4,Write-ins,,4
Warren,Johnsburg 1,State Supreme Court Justice,4,Under Votes,,600
Warren,Lake George 1,State Supreme Court Justice,4,Chris Obstarczyk,REP,158
Warren,Lake George 1,State Supreme Court Justice,4,Kris Singh,REP,154
Warren,Lake George 1,State Supreme Court Justice,4,Chris Obstarczyk,CON,39
Warren,Lake George 1,State Supreme Court Justice,4,Kris Singh,CON,35
Warren,Lake George 1,State Supreme Court Justice,4,Write-ins,,10
Warren,Lake George 1,State Supreme Court Justice,4,Under Votes,,132
Warren,Lake George 2,State Supreme Court Justice,4,Chris Obstarczyk,REP,218
Warren,Lake George 2,State Supreme Court Justice,4,Kris Singh,REP,210
Warren,Lake George 2,State Supreme Court Justice,4,Chris Obstarczyk,CON,55
Warren,Lake George 2,State Supreme Court Justice,4,Kris Singh,CON,52
Warren,Lake George 2,State Supreme Court Justice,4,Write-ins,,6
Warren,Lake George 2,State Supreme Court Justice,4,Under Votes,,211
Warren,Lake Luzerne 1,State Supreme Court Justice,4,Chris Obstarczyk,REP,170
Warren,Lake Luzerne 1,State Supreme Court Justice,4,Kris Singh,REP,158
Warren,Lake Luzerne 1,State Supreme Court Justice,4,Chris Obstarczyk,CON,34
Warren,Lake Luzerne 1,State Supreme Court Justice,4,Kris Singh,CON,31
Warren,Lake Luzerne 1,State Supreme Court Justice,4,Write-ins,,5
Warren,Lake Luzerne 1,State Supreme Court Justice,4,Under Votes,,160
Warren,Lake Luzerne 2,State Supreme Court Justice,4,Chris Obstarczyk,REP,130
Warren,Lake Luzerne 2,State Supreme Court Justice,4,Kris Singh,REP,129
Warren,Lake Luzerne 2,State Supreme Court Justice,4,Chris Obstarczyk,CON,25
Warren,Lake Luzerne 2,State Supreme Court Justice,4,Kris Singh,CON,26
Warren,Lake Luzerne 2,State Supreme Court Justice,4,Write-ins,,2
Warren,Lake Luzerne 2,State Supreme Court Justice,4,Under Votes,,106
Warren,Queensbury - Ward 1 1,State Supreme Court Justice,4,Chris Obstarczyk,REP,294
Warren,Queensbury - Ward 1 1,State Supreme Court Justice,4,Kris Singh,REP,258
Warren,Queensbury - Ward 1 1,State Supreme Court Justice,4,Chris Obstarczyk,CON,59
Warren,Queensbury - Ward 1 1,State Supreme Court Justice,4,Kris Singh,CON,59
Warren,Queensbury - Ward 1 1,State Supreme Court Justice,4,Under Votes,,348
Warren,Queensbury - Ward 1 2,State Supreme Court Justice,4,Chris Obstarczyk,REP,255
Warren,Queensbury - Ward 1 2,State Supreme Court Justice,4,Kris Singh,REP,234
Warren,Queensbury - Ward 1 2,State Supreme Court Justice,4,Chris Obstarczyk,CON,64
Warren,Queensbury - Ward 1 2,State Supreme Court Justice,4,Kris Singh,CON,64
Warren,Queensbury - Ward 1 2,State Supreme Court Justice,4,Write-ins,,2
Warren,Queensbury - Ward 1 2,State Supreme Court Justice,4,Under Votes,,397
Warren,Queensbury - Ward 1 3,State Supreme Court Justice,4,Chris Obstarczyk,REP,278
Warren,Queensbury - Ward 1 3,State Supreme Court Justice,4,Kris Singh,REP,239
Warren,Queensbury - Ward 1 3,State Supreme Court Justice,4,Chris Obstarczyk,CON,64
Warren,Queensbury - Ward 1 3,State Supreme Court Justice,4,Kris Singh,CON,64
Warren,Queensbury - Ward 1 3,State Supreme Court Justice,4,Under Votes,,393
Warren,Queensbury - Ward 1 4,State Supreme Court Justice,4,Chris Obstarczyk,REP,177
Warren,Queensbury - Ward 1 4,State Supreme Court Justice,4,Kris Singh,REP,161
Warren,Queensbury - Ward 1 4,State Supreme Court Justice,4,Chris Obstarczyk,CON,40
Warren,Queensbury - Ward 1 4,State Supreme Court Justice,4,Kris Singh,CON,37
Warren,Queensbury - Ward 1 4,State Supreme Court Justice,4,Write-ins,,2
Warren,Queensbury - Ward 1 4,State Supreme Court Justice,4,Under Votes,,229
Warren,Queensbury - Ward 1 5,State Supreme Court Justice,4,Chris Obstarczyk,REP,249
Warren,Queensbury - Ward 1 5,State Supreme Court Justice,4,Kris Singh,REP,213
Warren,Queensbury - Ward 1 5,State Supreme Court Justice,4,Chris Obstarczyk,CON,49
Warren,Queensbury - Ward 1 5,State Supreme Court Justice,4,Kris Singh,CON,49
Warren,Queensbury - Ward 1 5,State Supreme Court Justice,4,Under Votes,,310
Warren,Queensbury - Ward 2 1,State Supreme Court Justice,4,Chris Obstarczyk,REP,201
Warren,Queensbury - Ward 2 1,State Supreme Court Justice,4,Kris Singh,REP,176
Warren,Queensbury - Ward 2 1,State Supreme Court Justice,4,Chris Obstarczyk,CON,76
Warren,Queensbury - Ward 2 1,State Supreme Court Justice,4,Kris Singh,CON,65
Warren,Queensbury - Ward 2 1,State Supreme Court Justice,4,Write-ins,,6
Warren,Queensbury - Ward 2 1,State Supreme Court Justice,4,Under Votes,,274
Warren,Queensbury - Ward 2 2,State Supreme Court Justice,4,Chris Obstarczyk,REP,293
Warren,Queensbury - Ward 2 2,State Supreme Court Justice,4,Kris Singh,REP,265
Warren,Queensbury - Ward 2 2,State Supreme Court Justice,4,Chris Obstarczyk,CON,69
Warren,Queensbury - Ward 2 2,State Supreme Court Justice,4,Kris Singh,CON,71
Warren,Queensbury - Ward 2 2,State Supreme Court Justice,4,Write-ins,,6
Warren,Queensbury - Ward 2 2,State Supreme Court Justice,4,Under Votes,,462
Warren,Queensbury - Ward 2 3,State Supreme Court Justice,4,Chris Obstarczyk,REP,218
Warren,Queensbury - Ward 2 3,State Supreme Court Justice,4,Kris Singh,REP,201
Warren,Queensbury - Ward 2 3,State Supreme Court Justice,4,Chris Obstarczyk,CON,67
Warren,Queensbury - Ward 2 3,State Supreme Court Justice,4,Kris Singh,CON,62
Warren,Queensbury - Ward 2 3,State Supreme Court Justice,4,Write-ins,,7
Warren,Queensbury - Ward 2 3,State Supreme Court Justice,4,Under Votes,,323
Warren,Queensbury - Ward 2 4,State Supreme Court Justice,4,Chris Obstarczyk,REP,220
Warren,Queensbury - Ward 2 4,State Supreme Court Justice,4,Kris Singh,REP,206
Warren,Queensbury - Ward 2 4,State Supreme Court Justice,4,Chris Obstarczyk,CON,59
Warren,Queensbury - Ward 2 4,State Supreme Court Justice,4,Kris Singh,CON,61
Warren,Queensbury - Ward 2 4,State Supreme Court Justice,4,Write-ins,,10
Warren,Queensbury - Ward 2 4,State Supreme Court Justice,4,Under Votes,,292
Warren,Queensbury - Ward 3 1,State Supreme Court Justice,4,Chris Obstarczyk,REP,232
Warren,Queensbury - Ward 3 1,State Supreme Court Justice,4,Kris Singh,REP,215
Warren,Queensbury - Ward 3 1,State Supreme Court Justice,4,Chris Obstarczyk,CON,70
Warren,Queensbury - Ward 3 1,State Supreme Court Justice,4,Kris Singh,CON,62
Warren,Queensbury - Ward 3 1,State Supreme Court Justice,4,Write-ins,,1
Warren,Queensbury - Ward 3 1,State Supreme Court Justice,4,Under Votes,,346
Warren,Queensbury - Ward 3 2,State Supreme Court Justice,4,Chris Obstarczyk,REP,265
Warren,Queensbury - Ward 3 2,State Supreme Court Justice,4,Kris Singh,REP,234
Warren,Queensbury - Ward 3 2,State Supreme Court Justice,4,Chris Obstarczyk,CON,77
Warren,Queensbury - Ward 3 2,State Supreme Court Justice,4,Kris Singh,CON,77
Warren,Queensbury - Ward 3 2,State Supreme Court Justice,4,Write-ins,,5
Warren,Queensbury - Ward 3 2,State Supreme Court Justice,4,Under Votes,,320
Warren,Queensbury - Ward 3 3,State Supreme Court Justice,4,Chris Obstarczyk,REP,249
Warren,Queensbury - Ward 3 3,State Supreme Court Justice,4,Kris Singh,REP,229
Warren,Queensbury - Ward 3 3,State Supreme Court Justice,4,Chris Obstarczyk,CON,67
Warren,Queensbury - Ward 3 3,State Supreme Court Justice,4,Kris Singh,CON,63
Warren,Queensbury - Ward 3 3,State Supreme Court Justice,4,Write-ins,,10
Warren,Queensbury - Ward 3 3,State Supreme Court Justice,4,Under Votes,,272
Warren,Queensbury - Ward 3 4,State Supreme Court Justice,4,Chris Obstarczyk,REP,251
Warren,Queensbury - Ward 3 4,State Supreme Court Justice,4,Kris Singh,REP,222
Warren,Queensbury - Ward 3 4,State Supreme Court Justice,4,Chris Obstarczyk,CON,48
Warren,Queensbury - Ward 3 4,State Supreme Court Justice,4,Kris Singh,CON,46
Warren,Queensbury - Ward 3 4,State Supreme Court Justice,4,Write-ins,,4
Warren,Queensbury - Ward 3 4,State Supreme Court Justice,4,Under Votes,,253
Warren,Queensbury - Ward 4 1,State Supreme Court Justice,4,Chris Obstarczyk,REP,213
Warren,Queensbury - Ward 4 1,State Supreme Court Justice,4,Kris Singh,REP,179
Warren,Queensbury - Ward 4 1,State Supreme Court Justice,4,Chris Obstarczyk,CON,48
Warren,Queensbury - Ward 4 1,State Supreme Court Justice,4,Kris Singh,CON,53
Warren,Queensbury - Ward 4 1,State Supreme Court Justice,4,Write-ins,,4
Warren,Queensbury - Ward 4 1,State Supreme Court Justice,4,Under Votes,,221
Warren,Queensbury - Ward 4 2,State Supreme Court Justice,4,Chris Obstarczyk,REP,231
Warren,Queensbury - Ward 4 2,State Supreme Court Justice,4,Kris Singh,REP,215
Warren,Queensbury - Ward 4 2,State Supreme Court Justice,4,Chris Obstarczyk,CON,84
Warren,Queensbury - Ward 4 2,State Supreme Court Justice,4,Kris Singh,CON,81
Warren,Queensbury - Ward 4 2,State Supreme Court Justice,4,Write-ins,,6
Warren,Queensbury - Ward 4 2,State Supreme Court Justice,4,Under Votes,,325
Warren,Queensbury - Ward 4 3,State Supreme Court Justice,4,Chris Obstarczyk,REP,206
Warren,Queensbury - Ward 4 3,State Supreme Court Justice,4,Kris Singh,REP,182
Warren,Queensbury - Ward 4 3,State Supreme Court Justice,4,Chris Obstarczyk,CON,61
Warren,Queensbury - Ward 4 3,State Supreme Court Justice,4,Kris Singh,CON,55
Warren,Queensbury - Ward 4 3,State Supreme Court Justice,4,Write-ins,,6
Warren,Queensbury - Ward 4 3,State Supreme Court Justice,4,Under Votes,,276
Warren,Stony Creek 1,State Supreme Court Justice,4,Chris Obstarczyk,REP,162
Warren,Stony Creek 1,State Supreme Court Justice,4,Kris Singh,REP,147
Warren,Stony Creek 1,State Supreme Court Justice,4,Chris Obstarczyk,CON,21
Warren,Stony Creek 1,State Supreme Court Justice,4,Kris Singh,CON,20
Warren,Stony Creek 1,State Supreme Court Justice,4,Write-ins,,2
Warren,Stony Creek 1,State Supreme Court Justice,4,Under Votes,,210
Warren,Thurman 1,State Supreme Court Justice,4,Chris Obstarczyk,REP,115
Warren,Thurman 1,State Supreme Court Justice,4,Kris Singh,REP,98
Warren,Thurman 1,State Supreme Court Justice,4,Chris Obstarczyk,CON,22
Warren,Thurman 1,State Supreme Court Justice,4,Kris Singh,CON,18
Warren,Thurman 1,State Supreme Court Justice,4,Write-ins,,2
Warren,Thurman 1,State Supreme Court Justice,4,Under Votes,,139
Warren,Warrensburg 1,State Supreme Court Justice,4,Chris Obstarczyk,REP,228
Warren,Warrensburg 1,State Supreme Court Justice,4,Kris Singh,REP,198
Warren,Warrensburg 1,State Supreme Court Justice,4,Chris Obstarczyk,CON,45
Warren,Warrensburg 1,State Supreme Court Justice,4,Kris Singh,CON,48
Warren,Warrensburg 1,State Supreme Court Justice,4,Under Votes,,249
Warren,Warrensburg 2,State Supreme Court Justice,4,Chris Obstarczyk,REP,211
Warren,Warrensburg 2,State Supreme Court Justice,4,Kris Singh,REP,193
Warren,Warrensburg 2,State Supreme Court Justice,4,Chris Obstarczyk,CON,45
Warren,Warrensburg 2,State Supreme Court Justice,4,Kris Singh,CON,52
Warren,Warrensburg 2,State Supreme Court Justice,4,Write-ins,,12
Warren,Warrensburg 2,State Supreme Court Justice,4,Under Votes,,243
Warren,Bolton 1,Family Court Judge,,Eric C. Schwenker,REP,408
Warren,Bolton 1,Family Court Judge,,Eric C. Schwenker,CON,97
Warren,Bolton 1,Family Court Judge,,Write-ins,,1
Warren,Bolton 1,Family Court Judge,,Under Votes,,214
Warren,Chester 1,Family Court Judge,,Eric C. Schwenker,REP,303
Warren,Chester 1,Family Court Judge,,Eric C. Schwenker,CON,70
Warren,Chester 1,Family Court Judge,,Write-ins,,1
Warren,Chester 1,Family Court Judge,,Under Votes,,100
Warren,Chester 2,Family Court Judge,,Eric C. Schwenker,REP,203
Warren,Chester 2,Family Court Judge,,Eric C. Schwenker,CON,36
Warren,Chester 2,Family Court Judge,,Write-ins,,2
Warren,Chester 2,Family Court Judge,,Under Votes,,92
Warren,Glens Falls - Ward 1 1,Family Court Judge,,Eric C. Schwenker,REP,148
Warren,Glens Falls - Ward 1 1,Family Court Judge,,Eric C. Schwenker,CON,57
Warren,Glens Falls - Ward 1 1,Family Court Judge,,Write-ins,,3
Warren,Glens Falls - Ward 1 1,Family Court Judge,,Under Votes,,108
Warren,Glens Falls - Ward 2 1,Family Court Judge,,Eric C. Schwenker,REP,299
Warren,Glens Falls - Ward 2 1,Family Court Judge,,Eric C. Schwenker,CON,132
Warren,Glens Falls - Ward 2 1,Family Court Judge,,Write-ins,,8
Warren,Glens Falls - Ward 2 1,Family Court Judge,,Under Votes,,186
Warren,Glens Falls - Ward 3 1,Family Court Judge,,Eric C. Schwenker,REP,325
Warren,Glens Falls - Ward 3 1,Family Court Judge,,Eric C. Schwenker,CON,108
Warren,Glens Falls - Ward 3 1,Family Court Judge,,Write-ins,,14
Warren,Glens Falls - Ward 3 1,Family Court Judge,,Under Votes,,219
Warren,Glens Falls - Ward 4 1,Family Court Judge,,Eric C. Schwenker,REP,173
Warren,Glens Falls - Ward 4 1,Family Court Judge,,Eric C. Schwenker,CON,71
Warren,Glens Falls - Ward 4 1,Family Court Judge,,Write-ins,,4
Warren,Glens Falls - Ward 4 1,Family Court Judge,,Under Votes,,153
Warren,Glens Falls - Ward 4 2,Family Court Judge,,Eric C. Schwenker,REP,167
Warren,Glens Falls - Ward 4 2,Family Court Judge,,Eric C. Schwenker,CON,50
Warren,Glens Falls - Ward 4 2,Family Court Judge,,Write-ins,,1
Warren,Glens Falls - Ward 4 2,Family Court Judge,,Under Votes,,96
Warren,Glens Falls - Ward 5 1,Family Court Judge,,Eric C. Schwenker,REP,116
Warren,Glens Falls - Ward 5 1,Family Court Judge,,Eric C. Schwenker,CON,70
Warren,Glens Falls - Ward 5 1,Family Court Judge,,Write-ins,,3
Warren,Glens Falls - Ward 5 1,Family Court Judge,,Under Votes,,77
Warren,Glens Falls - Ward 5 2,Family Court Judge,,Eric C. Schwenker,REP,90
Warren,Glens Falls - Ward 5 2,Family Court Judge,,Eric C. Schwenker,CON,47
Warren,Glens Falls - Ward 5 2,Family Court Judge,,Write-ins,,8
Warren,Glens Falls - Ward 5 2,Family Court Judge,,Under Votes,,74
Warren,Hague 1,Family Court Judge,,Eric C. Schwenker,REP,167
Warren,Hague 1,Family Court Judge,,Eric C. Schwenker,CON,33
Warren,Hague 1,Family Court Judge,,Write-ins,,1
Warren,Hague 1,Family Court Judge,,Under Votes,,130
Warren,Horicon 1,Family Court Judge,,Eric C. Schwenker,REP,275
Warren,Horicon 1,Family Court Judge,,Eric C. Schwenker,CON,46
Warren,Horicon 1,Family Court Judge,,Write-ins,,1
Warren,Horicon 1,Family Court Judge,,Under Votes,,118
Warren,Johnsburg 1,Family Court Judge,,Eric C. Schwenker,REP,313
Warren,Johnsburg 1,Family Court Judge,,Eric C. Schwenker,CON,86
Warren,Johnsburg 1,Family Court Judge,,Write-ins,,2
Warren,Johnsburg 1,Family Court Judge,,Under Votes,,270
Warren,Lake George 1,Family Court Judge,,Eric C. Schwenker,REP,165
Warren,Lake George 1,Family Court Judge,,Eric C. Schwenker,CON,40
Warren,Lake George 1,Family Court Judge,,Write-ins,,3
Warren,Lake George 1,Family Court Judge,,Under Votes,,56
Warren,Lake George 2,Family Court Judge,,Eric C. Schwenker,REP,232
Warren,Lake George 2,Family Court Judge,,Eric C. Schwenker,CON,60
Warren,Lake George 2,Family Court Judge,,Write-ins,,2
Warren,Lake George 2,Family Court Judge,,Under Votes,,82
Warren,Lake Luzerne 1,Family Court Judge,,Eric C. Schwenker,REP,178
Warren,Lake Luzerne 1,Family Court Judge,,Eric C. Schwenker,CON,34
Warren,Lake Luzerne 1,Family Court Judge,,Write-ins,,1
Warren,Lake Luzerne 1,Family Court Judge,,Under Votes,,66
Warren,Lake Luzerne 2,Family Court Judge,,Eric C. Schwenker,REP,134
Warren,Lake Luzerne 2,Family Court Judge,,Eric C. Schwenker,CON,28
Warren,Lake Luzerne 2,Family Court Judge,,Write-ins,,3
Warren,Lake Luzerne 2,Family Court Judge,,Under Votes,,44
Warren,Queensbury - Ward 1 1,Family Court Judge,,Eric C. Schwenker,REP,309
Warren,Queensbury - Ward 1 1,Family Court Judge,,Eric C. Schwenker,CON,64
Warren,Queensbury - Ward 1 1,Family Court Judge,,Under Votes,,136
Warren,Queensbury - Ward 1 2,Family Court Judge,,Eric C. Schwenker,REP,270
Warren,Queensbury - Ward 1 2,Family Court Judge,,Eric C. Schwenker,CON,70
Warren,Queensbury - Ward 1 2,Family Court Judge,,Write-ins,,2
Warren,Queensbury - Ward 1 2,Family Court Judge,,Under Votes,,166
Warren,Queensbury - Ward 1 3,Family Court Judge,,Eric C. Schwenker,REP,294
Warren,Queensbury - Ward 1 3,Family Court Judge,,Eric C. Schwenker,CON,69
Warren,Queensbury - Ward 1 3,Family Court Judge,,Under Votes,,156
Warren,Queensbury - Ward 1 4,Family Court Judge,,Eric C. Schwenker,REP,190
Warren,Queensbury - Ward 1 4,Family Court Judge,,Eric C. Schwenker,CON,44
Warren,Queensbury - Ward 1 4,Family Court Judge,,Write-ins,,1
Warren,Queensbury - Ward 1 4,Family Court Judge,,Under Votes,,88
Warren,Queensbury - Ward 1 5,Family Court Judge,,Eric C. Schwenker,REP,259
Warren,Queensbury - Ward 1 5,Family Court Judge,,Eric C. Schwenker,CON,60
Warren,Queensbury - Ward 1 5,Family Court Judge,,Write-ins,,1
Warren,Queensbury - Ward 1 5,Family Court Judge,,Under Votes,,115
Warren,Queensbury - Ward 2 1,Family Court Judge,,Eric C. Schwenker,REP,214
Warren,Queensbury - Ward 2 1,Family Court Judge,,Eric C. Schwenker,CON,71
Warren,Queensbury - Ward 2 1,Family Court Judge,,Write-ins,,2
Warren,Queensbury - Ward 2 1,Family Court Judge,,Under Votes,,112
Warren,Queensbury - Ward 2 2,Family Court Judge,,Eric C. Schwenker,REP,308
Warren,Queensbury - Ward 2 2,Family Court Judge,,Eric C. Schwenker,CON,84
Warren,Queensbury - Ward 2 2,Family Court Judge,,Write-ins,,6
Warren,Queensbury - Ward 2 2,Family Court Judge,,Under Votes,,185
Warren,Queensbury - Ward 2 3,Family Court Judge,,Eric C. Schwenker,REP,251
Warren,Queensbury - Ward 2 3,Family Court Judge,,Eric C. Schwenker,CON,75
Warren,Queensbury - Ward 2 3,Family Court Judge,,Write-ins,,5
Warren,Queensbury - Ward 2 3,Family Court Judge,,Under Votes,,108
Warren,Queensbury - Ward 2 4,Family Court Judge,,Eric C. Schwenker,REP,238
Warren,Queensbury - Ward 2 4,Family Court Judge,,Eric C. Schwenker,CON,66
Warren,Queensbury - Ward 2 4,Family Court Judge,,Write-ins,,3
Warren,Queensbury - Ward 2 4,Family Court Judge,,Under Votes,,117
Warren,Queensbury - Ward 3 1,Family Court Judge,,Eric C. Schwenker,REP,257
Warren,Queensbury - Ward 3 1,Family Court Judge,,Eric C. Schwenker,CON,74
Warren,Queensbury - Ward 3 1,Family Court Judge,,Write-ins,,3
Warren,Queensbury - Ward 3 1,Family Court Judge,,Under Votes,,129
Warren,Queensbury - Ward 3 2,Family Court Judge,,Eric C. Schwenker,REP,280
Warren,Queensbury - Ward 3 2,Family Court Judge,,Eric C. Schwenker,CON,86
Warren,Queensbury - Ward 3 2,Family Court Judge,,Write-ins,,3
Warren,Queensbury - Ward 3 2,Family Court Judge,,Under Votes,,120
Warren,Queensbury - Ward 3 3,Family Court Judge,,Eric C. Schwenker,REP,270
Warren,Queensbury - Ward 3 3,Family Court Judge,,Eric C. Schwenker,CON,66
Warren,Queensbury - Ward 3 3,Family Court Judge,,Write-ins,,5
Warren,Queensbury - Ward 3 3,Family Court Judge,,Under Votes,,104
Warren,Queensbury - Ward 3 4,Family Court Judge,,Eric C. Schwenker,REP,262
Warren,Queensbury - Ward 3 4,Family Court Judge,,Eric C. Schwenker,CON,58
Warren,Queensbury - Ward 3 4,Family Court Judge,,Write-ins,,2
Warren,Queensbury - Ward 3 4,Family Court Judge,,Under Votes,,90
Warren,Queensbury - Ward 4 1,Family Court Judge,,Eric C. Schwenker,REP,228
Warren,Queensbury - Ward 4 1,Family Court Judge,,Eric C. Schwenker,CON,51
Warren,Queensbury - Ward 4 1,Family Court Judge,,Write-ins,,2
Warren,Queensbury - Ward 4 1,Family Court Judge,,Under Votes,,78
Warren,Queensbury - Ward 4 2,Family Court Judge,,Eric C. Schwenker,REP,264
Warren,Queensbury - Ward 4 2,Family Court Judge,,Eric C. Schwenker,CON,90
Warren,Queensbury - Ward 4 2,Family Court Judge,,Write-ins,,4
Warren,Queensbury - Ward 4 2,Family Court Judge,,Under Votes,,113
Warren,Queensbury - Ward 4 3,Family Court Judge,,Eric C. Schwenker,REP,222
Warren,Queensbury - Ward 4 3,Family Court Judge,,Eric C. Schwenker,CON,66
Warren,Queensbury - Ward 4 3,Family Court Judge,,Write-ins,,4
Warren,Queensbury - Ward 4 3,Family Court Judge,,Under Votes,,101
Warren,Stony Creek 1,Family Court Judge,,Eric C. Schwenker,REP,169
Warren,Stony Creek 1,Family Court Judge,,Eric C. Schwenker,CON,20
Warren,Stony Creek 1,Family Court Judge,,Write-ins,,1
Warren,Stony Creek 1,Family Court Judge,,Under Votes,,91
Warren,Thurman 1,Family Court Judge,,Eric C. Schwenker,REP,118
Warren,Thurman 1,Family Court Judge,,Eric C. Schwenker,CON,21
Warren,Thurman 1,Family Court Judge,,Write-ins,,1
Warren,Thurman 1,Family Court Judge,,Under Votes,,57
Warren,Warrensburg 1,Family Court Judge,,Eric C. Schwenker,REP,226
Warren,Warrensburg 1,Family Court Judge,,Eric C. Schwenker,CON,51
Warren,Warrensburg 1,Family Court Judge,,Under Votes,,107
Warren,Warrensburg 2,Family Court Judge,,Eric C. Schwenker,REP,215
Warren,Warrensburg 2,Family Court Judge,,Eric C. Schwenker,CON,52
Warren,Warrensburg 2,Family Court Judge,,Write-ins,,6
Warren,Warrensburg 2,Family Court Judge,,Under Votes,,105
Warren,Bolton 1,District Attorney,,Jason Carusone,REP,435
Warren,Bolton 1,District Attorney,,Jason Carusone,CON,104
Warren,Bolton 1,District Attorney,,Write-ins,,3
Warren,Bolton 1,District Attorney,,Under Votes,,178
Warren,Chester 1,District Attorney,,Jason Carusone,REP,308
Warren,Chester 1,District Attorney,,Jason Carusone,CON,68
Warren,Chester 1,District Attorney,,Write-ins,,2
Warren,Chester 1,District Attorney,,Under Votes,,96
Warren,Chester 2,District Attorney,,Jason Carusone,REP,204
Warren,Chester 2,District Attorney,,Jason Carusone,CON,43
Warren,Chester 2,District Attorney,,Write-ins,,3
Warren,Chester 2,District Attorney,,Under Votes,,83
Warren,Glens Falls - Ward 1 1,District Attorney,,Jason Carusone,REP,148
Warren,Glens Falls - Ward 1 1,District Attorney,,Jason Carusone,CON,66
Warren,Glens Falls - Ward 1 1,District Attorney,,Write-ins,,3
Warren,Glens Falls - Ward 1 1,District Attorney,,Under Votes,,99
Warren,Glens Falls - Ward 2 1,District Attorney,,Jason Carusone,REP,281
Warren,Glens Falls - Ward 2 1,District Attorney,,Jason Carusone,CON,136
Warren,Glens Falls - Ward 2 1,District Attorney,,Write-ins,,10
Warren,Glens Falls - Ward 2 1,District Attorney,,Under Votes,,198
Warren,Glens Falls - Ward 3 1,District Attorney,,Jason Carusone,REP,331
Warren,Glens Falls - Ward 3 1,District Attorney,,Jason Carusone,CON,99
Warren,Glens Falls - Ward 3 1,District Attorney,,Write-ins,,16
Warren,Glens Falls - Ward 3 1,District Attorney,,Under Votes,,220
Warren,Glens Falls - Ward 4 1,District Attorney,,Jason Carusone,REP,177
Warren,Glens Falls - Ward 4 1,District Attorney,,Jason Carusone,CON,70
Warren,Glens Falls - Ward 4 1,District Attorney,,Write-ins,,7
Warren,Glens Falls - Ward 4 1,District Attorney,,Under Votes,,147
Warren,Glens Falls - Ward 4 2,District Attorney,,Jason Carusone,REP,170
Warren,Glens Falls - Ward 4 2,District Attorney,,Jason Carusone,CON,48
Warren,Glens Falls - Ward 4 2,District Attorney,,Write-ins,,2
Warren,Glens Falls - Ward 4 2,District Attorney,,Under Votes,,94
Warren,Glens Falls - Ward 5 1,District Attorney,,Jason Carusone,REP,116
Warren,Glens Falls - Ward 5 1,District Attorney,,Jason Carusone,CON,65
Warren,Glens Falls - Ward 5 1,District Attorney,,Write-ins,,3
Warren,Glens Falls - Ward 5 1,District Attorney,,Under Votes,,82
Warren,Glens Falls - Ward 5 2,District Attorney,,Jason Carusone,REP,91
Warren,Glens Falls - Ward 5 2,District Attorney,,Jason Carusone,CON,44
Warren,Glens Falls - Ward 5 2,District Attorney,,Write-ins,,10
Warren,Glens Falls - Ward 5 2,District Attorney,,Under Votes,,74
Warren,Hague 1,District Attorney,,Jason Carusone,REP,167
Warren,Hague 1,District Attorney,,Jason Carusone,CON,36
Warren,Hague 1,District Attorney,,Write-ins,,1
Warren,Hague 1,District Attorney,,Under Votes,,127
Warren,Horicon 1,District Attorney,,Jason Carusone,REP,277
Warren,Horicon 1,District Attorney,,Jason Carusone,CON,56
Warren,Horicon 1,District Attorney,,Write-ins,,2
Warren,Horicon 1,District Attorney,,Under Votes,,105
Warren,Johnsburg 1,District Attorney,,Jason Carusone,REP,311
Warren,Johnsburg 1,District Attorney,,Jason Carusone,CON,108
Warren,Johnsburg 1,District Attorney,,Write-ins,,5
Warren,Johnsburg 1,District Attorney,,Under Votes,,247
Warren,Lake George 1,District Attorney,,Jason Carusone,REP,169
Warren,Lake George 1,District Attorney,,Jason Carusone,CON,37
Warren,Lake George 1,District Attorney,,Write-ins,,5
Warren,Lake George 1,District Attorney,,Under Votes,,53
Warren,Lake George 2,District Attorney,,Jason Carusone,REP,243
Warren,Lake George 2,District Attorney,,Jason Carusone,CON,58
Warren,Lake George 2,District Attorney,,Write-ins,,4
Warren,Lake George 2,District Attorney,,Under Votes,,71
Warren,Lake Luzerne 1,District Attorney,,Jason Carusone,REP,182
Warren,Lake Luzerne 1,District Attorney,,Jason Carusone,CON,37
Warren,Lake Luzerne 1,District Attorney,,Write-ins,,4
Warren,Lake Luzerne 1,District Attorney,,Under Votes,,56
Warren,Lake Luzerne 2,District Attorney,,Jason Carusone,REP,136
Warren,Lake Luzerne 2,District Attorney,,Jason Carusone,CON,33
Warren,Lake Luzerne 2,District Attorney,,Write-ins,,1
Warren,Lake Luzerne 2,District Attorney,,Under Votes,,39
Warren,Queensbury - Ward 1 1,District Attorney,,Jason Carusone,REP,315
Warren,Queensbury - Ward 1 1,District Attorney,,Jason Carusone,CON,79
Warren,Queensbury - Ward 1 1,District Attorney,,Under Votes,,115
Warren,Queensbury - Ward 1 2,District Attorney,,Jason Carusone,REP,264
Warren,Queensbury - Ward 1 2,District Attorney,,Jason Carusone,CON,91
Warren,Queensbury - Ward 1 2,District Attorney,,Write-ins,,2
Warren,Queensbury - Ward 1 2,District Attorney,,Under Votes,,151
Warren,Queensbury - Ward 1 3,District Attorney,,Jason Carusone,REP,312
Warren,Queensbury - Ward 1 3,District Attorney,,Jason Carusone,CON,79
Warren,Queensbury - Ward 1 3,District Attorney,,Write-ins,,2
Warren,Queensbury - Ward 1 3,District Attorney,,Under Votes,,126
Warren,Queensbury - Ward 1 4,District Attorney,,Jason Carusone,REP,194
Warren,Queensbury - Ward 1 4,District Attorney,,Jason Carusone,CON,50
Warren,Queensbury - Ward 1 4,District Attorney,,Write-ins,,1
Warren,Queensbury - Ward 1 4,District Attorney,,Under Votes,,78
Warren,Queensbury - Ward 1 5,District Attorney,,Jason Carusone,REP,261
Warren,Queensbury - Ward 1 5,District Attorney,,Jason Carusone,CON,56
Warren,Queensbury - Ward 1 5,District Attorney,,Write-ins,,2
Warren,Queensbury - Ward 1 5,District Attorney,,Under Votes,,116
Warren,Queensbury - Ward 2 1,District Attorney,,Jason Carusone,REP,215
Warren,Queensbury - Ward 2 1,District Attorney,,Jason Carusone,CON,78
Warren,Queensbury - Ward 2 1,District Attorney,,Write-ins,,4
Warren,Queensbury - Ward 2 1,District Attorney,,Under Votes,,102
Warren,Queensbury - Ward 2 2,District Attorney,,Jason Carusone,REP,320
Warren,Queensbury - Ward 2 2,District Attorney,,Jason Carusone,CON,98
Warren,Queensbury - Ward 2 2,District Attorney,,Write-ins,,4
Warren,Queensbury - Ward 2 2,District Attorney,,Under Votes,,161
Warren,Queensbury - Ward 2 3,District Attorney,,Jason Carusone,REP,242
Warren,Queensbury - Ward 2 3,District Attorney,,Jason Carusone,CON,84
Warren,Queensbury - Ward 2 3,District Attorney,,Write-ins,,5
Warren,Queensbury - Ward 2 3,District Attorney,,Under Votes,,108
Warren,Queensbury - Ward 2 4,District Attorney,,Jason Carusone,REP,245
Warren,Queensbury - Ward 2 4,District Attorney,,Jason Carusone,CON,73
Warren,Queensbury - Ward 2 4,District Attorney,,Write-ins,,6
Warren,Queensbury - Ward 2 4,District Attorney,,Under Votes,,100
Warren,Queensbury - Ward 3 1,District Attorney,,Jason Carusone,REP,251
Warren,Queensbury - Ward 3 1,District Attorney,,Jason Carusone,CON,88
Warren,Queensbury - Ward 3 1,District Attorney,,Write-ins,,4
Warren,Queensbury - Ward 3 1,District Attorney,,Under Votes,,120
Warren,Queensbury - Ward 3 2,District Attorney,,Jason Carusone,REP,293
Warren,Queensbury - Ward 3 2,District Attorney,,Jason Carusone,CON,90
Warren,Queensbury - Ward 3 2,District Attorney,,Write-ins,,1
Warren,Queensbury - Ward 3 2,District Attorney,,Under Votes,,105
Warren,Queensbury - Ward 3 3,District Attorney,,Jason Carusone,REP,269
Warren,Queensbury - Ward 3 3,District Attorney,,Jason Carusone,CON,72
Warren,Queensbury - Ward 3 3,District Attorney,,Write-ins,,9
Warren,Queensbury - Ward 3 3,District Attorney,,Under Votes,,95
Warren,Queensbury - Ward 3 4,District Attorney,,Jason Carusone,REP,262
Warren,Queensbury - Ward 3 4,District Attorney,,Jason Carusone,CON,66
Warren,Queensbury - Ward 3 4,District Attorney,,Write-ins,,3
Warren,Queensbury - Ward 3 4,District Attorney,,Under Votes,,81
Warren,Queensbury - Ward 4 1,District Attorney,,Jason Carusone,REP,225
Warren,Queensbury - Ward 4 1,District Attorney,,Jason Carusone,CON,60
Warren,Queensbury - Ward 4 1,District Attorney,,Write-ins,,2
Warren,Queensbury - Ward 4 1,District Attorney,,Under Votes,,72
Warren,Queensbury - Ward 4 2,District Attorney,,Jason Carusone,REP,256
Warren,Queensbury - Ward 4 2,District Attorney,,Jason Carusone,CON,92
Warren,Queensbury - Ward 4 2,District Attorney,,Write-ins,,5
Warren,Queensbury - Ward 4 2,District Attorney,,Under Votes,,118
Warren,Queensbury - Ward 4 3,District Attorney,,Jason Carusone,REP,221
Warren,Queensbury - Ward 4 3,District Attorney,,Jason Carusone,CON,71
Warren,Queensbury - Ward 4 3,District Attorney,,Write-ins,,4
Warren,Queensbury - Ward 4 3,District Attorney,,Under Votes,,97
Warren,Stony Creek 1,District Attorney,,Jason Carusone,REP,176
Warren,Stony Creek 1,District Attorney,,Jason Carusone,CON,25
Warren,Stony Creek 1,District Attorney,,Write-ins,,1
Warren,Stony Creek 1,District Attorney,,Under Votes,,79
Warren,Thurman 1,District Attorney,,Jason Carusone,REP,115
Warren,Thurman 1,District Attorney,,Jason Carusone,CON,27
Warren,Thurman 1,District Attorney,,Write-ins,,1
Warren,Thurman 1,District Attorney,,Under Votes,,54
Warren,Warrensburg 1,District Attorney,,Jason Carusone,REP,239
Warren,Warrensburg 1,District Attorney,,Jason Carusone,CON,51
Warren,Warrensburg 1,District Attorney,,Under Votes,,94
Warren,Warrensburg 2,District Attorney,,Jason Carusone,REP,232
Warren,Warrensburg 2,District Attorney,,Jason Carusone,CON,55
Warren,Warrensburg 2,District Attorney,,Write-ins,,5
Warren,Warrensburg 2,District Attorney,,Under Votes,,86
Warren,Bolton 1,Coroner,,Paul Bachman,REP,517
Warren,Bolton 1,Coroner,,Write-ins,,1
Warren,Bolton 1,Coroner,,Under Votes,,202
Warren,Chester 1,Coroner,,Paul Bachman,REP,387
Warren,Chester 1,Coroner,,Write-ins,,3
Warren,Chester 1,Coroner,,Under Votes,,84
Warren,Chester 2,Coroner,,Paul Bachman,REP,243
Warren,Chester 2,Coroner,,Write-ins,,2
Warren,Chester 2,Coroner,,Under Votes,,88
Warren,Glens Falls - Ward 1 1,Coroner,,Paul Bachman,REP,196
Warren,Glens Falls - Ward 1 1,Coroner,,Write-ins,,4
Warren,Glens Falls - Ward 1 1,Coroner,,Under Votes,,116
Warren,Glens Falls - Ward 2 1,Coroner,,Paul Bachman,REP,396
Warren,Glens Falls - Ward 2 1,Coroner,,Write-ins,,5
Warren,Glens Falls - Ward 2 1,Coroner,,Under Votes,,224
Warren,Glens Falls - Ward 3 1,Coroner,,Paul Bachman,REP,399
Warren,Glens Falls - Ward 3 1,Coroner,,Write-ins,,11
Warren,Glens Falls - Ward 3 1,Coroner,,Under Votes,,256
Warren,Glens Falls - Ward 4 1,Coroner,,Paul Bachman,REP,239
Warren,Glens Falls - Ward 4 1,Coroner,,Write-ins,,5
Warren,Glens Falls - Ward 4 1,Coroner,,Under Votes,,157
Warren,Glens Falls - Ward 4 2,Coroner,,Paul Bachman,REP,208
Warren,Glens Falls - Ward 4 2,Coroner,,Write-ins,,1
Warren,Glens Falls - Ward 4 2,Coroner,,Under Votes,,105
Warren,Glens Falls - Ward 5 1,Coroner,,Paul Bachman,REP,171
Warren,Glens Falls - Ward 5 1,Coroner,,Write-ins,,4
Warren,Glens Falls - Ward 5 1,Coroner,,Under Votes,,91
Warren,Glens Falls - Ward 5 2,Coroner,,Paul Bachman,REP,127
Warren,Glens Falls - Ward 5 2,Coroner,,Write-ins,,5
Warren,Glens Falls - Ward 5 2,Coroner,,Under Votes,,87
Warren,Hague 1,Coroner,,Paul Bachman,REP,206
Warren,Hague 1,Coroner,,Under Votes,,125
Warren,Horicon 1,Coroner,,Paul Bachman,REP,330
Warren,Horicon 1,Coroner,,Write-ins,,3
Warren,Horicon 1,Coroner,,Under Votes,,107
Warren,Johnsburg 1,Coroner,,Paul Bachman,REP,400
Warren,Johnsburg 1,Coroner,,Write-ins,,5
Warren,Johnsburg 1,Coroner,,Under Votes,,266
Warren,Lake George 1,Coroner,,Paul Bachman,REP,202
Warren,Lake George 1,Coroner,,Write-ins,,3
Warren,Lake George 1,Coroner,,Under Votes,,59
Warren,Lake George 2,Coroner,,Paul Bachman,REP,281
Warren,Lake George 2,Coroner,,Write-ins,,2
Warren,Lake George 2,Coroner,,Under Votes,,93
Warren,Lake Luzerne 1,Coroner,,Paul Bachman,REP,200
Warren,Lake Luzerne 1,Coroner,,Write-ins,,2
Warren,Lake Luzerne 1,Coroner,,Under Votes,,77
Warren,Lake Luzerne 2,Coroner,,Paul Bachman,REP,157
Warren,Lake Luzerne 2,Coroner,,Write-ins,,1
Warren,Lake Luzerne 2,Coroner,,Under Votes,,51
Warren,Queensbury - Ward 1 1,Coroner,,Paul Bachman,REP,365
Warren,Queensbury - Ward 1 1,Coroner,,Under Votes,,144
Warren,Queensbury - Ward 1 2,Coroner,,Paul Bachman,REP,330
Warren,Queensbury - Ward 1 2,Coroner,,Write-ins,,1
Warren,Queensbury - Ward 1 2,Coroner,,Under Votes,,177
Warren,Queensbury - Ward 1 3,Coroner,,Paul Bachman,REP,358
Warren,Queensbury - Ward 1 3,Coroner,,Write-ins,,1
Warren,Queensbury - Ward 1 3,Coroner,,Under Votes,,160
Warren,Queensbury - Ward 1 4,Coroner,,Paul Bachman,REP,227
Warren,Queensbury - Ward 1 4,Coroner,,Write-ins,,1
Warren,Queensbury - Ward 1 4,Coroner,,Under Votes,,95
Warren,Queensbury - Ward 1 5,Coroner,,Paul Bachman,REP,303
Warren,Queensbury - Ward 1 5,Coroner,,Under Votes,,132
Warren,Queensbury - Ward 2 1,Coroner,,Paul Bachman,REP,267
Warren,Queensbury - Ward 2 1,Coroner,,Write-ins,,3
Warren,Queensbury - Ward 2 1,Coroner,,Under Votes,,129
Warren,Queensbury - Ward 2 2,Coroner,,Paul Bachman,REP,380
Warren,Queensbury - Ward 2 2,Coroner,,Write-ins,,4
Warren,Queensbury - Ward 2 2,Coroner,,Under Votes,,199
Warren,Queensbury - Ward 2 3,Coroner,,Paul Bachman,REP,306
Warren,Queensbury - Ward 2 3,Coroner,,Write-ins,,5
Warren,Queensbury - Ward 2 3,Coroner,,Under Votes,,128
Warren,Queensbury - Ward 2 4,Coroner,,Paul Bachman,REP,291
Warren,Queensbury - Ward 2 4,Coroner,,Write-ins,,7
Warren,Queensbury - Ward 2 4,Coroner,,Under Votes,,126
Warren,Queensbury - Ward 3 1,Coroner,,Paul Bachman,REP,324
Warren,Queensbury - Ward 3 1,Coroner,,Write-ins,,3
Warren,Queensbury - Ward 3 1,Coroner,,Under Votes,,136
Warren,Queensbury - Ward 3 2,Coroner,,Paul Bachman,REP,356
Warren,Queensbury - Ward 3 2,Coroner,,Write-ins,,2
Warren,Queensbury - Ward 3 2,Coroner,,Under Votes,,131
Warren,Queensbury - Ward 3 3,Coroner,,Paul Bachman,REP,323
Warren,Queensbury - Ward 3 3,Coroner,,Write-ins,,6
Warren,Queensbury - Ward 3 3,Coroner,,Under Votes,,116
Warren,Queensbury - Ward 3 4,Coroner,,Paul Bachman,REP,317
Warren,Queensbury - Ward 3 4,Coroner,,Write-ins,,4
Warren,Queensbury - Ward 3 4,Coroner,,Under Votes,,91
Warren,Queensbury - Ward 4 1,Coroner,,Paul Bachman,REP,276
Warren,Queensbury - Ward 4 1,Coroner,,Write-ins,,1
Warren,Queensbury - Ward 4 1,Coroner,,Under Votes,,82
Warren,Queensbury - Ward 4 2,Coroner,,Paul Bachman,REP,331
Warren,Queensbury - Ward 4 2,Coroner,,Write-ins,,5
Warren,Queensbury - Ward 4 2,Coroner,,Under Votes,,135
Warren,Queensbury - Ward 4 3,Coroner,,Paul Bachman,REP,282
Warren,Queensbury - Ward 4 3,Coroner,,Write-ins,,1
Warren,Queensbury - Ward 4 3,Coroner,,Under Votes,,110
Warren,Stony Creek 1,Coroner,,Paul Bachman,REP,200
Warren,Stony Creek 1,Coroner,,Under Votes,,81
Warren,Thurman 1,Coroner,,Paul Bachman,REP,138
Warren,Thurman 1,Coroner,,Write-ins,,1
Warren,Thurman 1,Coroner,,Under Votes,,58
Warren,Warrensburg 1,Coroner,,Paul Bachman,REP,289
Warren,Warrensburg 1,Coroner,,Under Votes,,95
Warren,Warrensburg 2,Coroner,,Paul Bachman,REP,283
Warren,Warrensburg 2,Coroner,,Write-ins,,5
Warren,Warrensburg 2,Coroner,,Under Votes,,90
Warren,Bolton 1,Bolton Town Supervisor,,Ronald Conover,REP,390
Warren,Bolton 1,Bolton Town Supervisor,,Ronald Conover,CON,99
Warren,Bolton 1,Bolton Town Supervisor,,Write-ins,,12
Warren,Bolton 1,Bolton Town Supervisor,,Under Votes,,219
Warren,Bolton 1,Bolton Town Clerk,,Erin Pratt,REP,426
Warren,Bolton 1,Bolton Town Clerk,,Erin Pratt,Best for Bolton,88
Warren,Bolton 1,Bolton Town Clerk,,Karly Calzada,Karly Calzada Party,177
Warren,Bolton 1,Bolton Town Clerk,,Write-ins,,2
Warren,Bolton 1,Bolton Town Clerk,,Under Votes,,26
Warren,Bolton 1,Bolton Town Clerk,,Over Votes,,1
Warren,Bolton 1,Bolton Town Councilmember,,William Sherman,REP,493
Warren,Bolton 1,Bolton Town Councilmember,,Douglas J. Wholey,REP,481
Warren,Bolton 1,Bolton Town Councilmember,,Write-ins,,22
Warren,Bolton 1,Bolton Town Councilmember,,Under Votes,,444
Warren,Bolton 1,Bolton Superintendent of Highways,,Bernard A. Russell,DEM,232
Warren,Bolton 1,Bolton Superintendent of Highways,,Matthew Coon,REP,471
Warren,Bolton 1,Bolton Superintendent of Highways,,Write-ins,,1
Warren,Bolton 1,Bolton Superintendent of Highways,,Under Votes,,15
Warren,Bolton 1,Bolton Superintendent of Highways,,Over Votes,,1
Warren,Bolton 1,Bolton Town Justice,,Edward G. White,REP,562
Warren,Bolton 1,Bolton Town Justice,,Write-ins,,2
Warren,Bolton 1,Bolton Town Justice,,Under Votes,,156
Warren,Chester 1,Chester Town Councilmember,,Karen L. DuRose,REP,305
Warren,Chester 1,Chester Town Councilmember,,Lawrence J. Turcotte,REP,338
Warren,Chester 1,Chester Town Councilmember,,Karen L. DuRose,United Citizens Party,52
Warren,Chester 1,Chester Town Councilmember,,Write-ins,,8
Warren,Chester 1,Chester Town Councilmember,,Under Votes,,245
Warren,Chester 2,Chester Town Councilmember,,Karen L. DuRose,REP,216
Warren,Chester 2,Chester Town Councilmember,,Lawrence J. Turcotte,REP,235
Warren,Chester 2,Chester Town Councilmember,,Karen L. DuRose,United Citizens Party,34
Warren,Chester 2,Chester Town Councilmember,,Write-ins,,8
Warren,Chester 2,Chester Town Councilmember,,Under Votes,,173
Warren,Chester 1,Chester Town Councilmember (Unexpired 2 yr),,Stephen J. Durkish,REP,272
Warren,Chester 1,Chester Town Councilmember (Unexpired 2 yr),,Marion Eagan,4Chester,191
Warren,Chester 1,Chester Town Councilmember (Unexpired 2 yr),,Under Votes,,10
Warren,Chester 1,Chester Town Councilmember (Unexpired 2 yr),,Over Votes,,1
Warren,Chester 2,Chester Town Councilmember (Unexpired 2 yr),,Stephen J. Durkish,REP,172
Warren,Chester 2,Chester Town Councilmember (Unexpired 2 yr),,Marion Eagan,4Chester,140
Warren,Chester 2,Chester Town Councilmember (Unexpired 2 yr),,Write-ins,,2
Warren,Chester 2,Chester Town Councilmember (Unexpired 2 yr),,Under Votes,,17
Warren,Chester 2,Chester Town Councilmember (Unexpired 2 yr),,Over Votes,,2
Warren,Chester 1,Chester Town Justice,,James P. McDermott,REP,405
Warren,Chester 1,Chester Town Justice,,Write-ins,,4
Warren,Chester 1,Chester Town Justice,,Under Votes,,65
Warren,Chester 2,Chester Town Justice,,James P. McDermott,REP,261
Warren,Chester 2,Chester Town Justice,,Write-ins,,3
Warren,Chester 2,Chester Town Justice,,Under Votes,,69
Warren,Glens Falls - Ward 1 1,Mayor of Glens Falls,,Diana Palmer,DEM,175
Warren,Glens Falls - Ward 1 1,Mayor of Glens Falls,,S. William Collins,CON,75
Warren,Glens Falls - Ward 1 1,Mayor of Glens Falls,,Diana Palmer,Together Forward,34
Warren,Glens Falls - Ward 1 1,Mayor of Glens Falls,,S. William Collins,Glens Falls GF,18
Warren,Glens Falls - Ward 1 1,Mayor of Glens Falls,,Under Votes,,11
Warren,Glens Falls - Ward 1 1,Mayor of Glens Falls,,Over Votes,,3
Warren,Glens Falls - Ward 2 1,Mayor of Glens Falls,,Diana Palmer,DEM,403
Warren,Glens Falls - Ward 2 1,Mayor of Glens Falls,,S. William Collins,CON,110
Warren,Glens Falls - Ward 2 1,Mayor of Glens Falls,,Diana Palmer,Together Forward,47
Warren,Glens Falls - Ward 2 1,Mayor of Glens Falls,,S. William Collins,Glens Falls GF,34
Warren,Glens Falls - Ward 2 1,Mayor of Glens Falls,,Write-ins,,6
Warren,Glens Falls - Ward 2 1,Mayor of Glens Falls,,Under Votes,,25
Warren,Glens Falls - Ward 3 1,Mayor of Glens Falls,,Diana Palmer,DEM,496
Warren,Glens Falls - Ward 3 1,Mayor of Glens Falls,,S. William Collins,CON,73
Warren,Glens Falls - Ward 3 1,Mayor of Glens Falls,,Diana Palmer,Together Forward,40
Warren,Glens Falls - Ward 3 1,Mayor of Glens Falls,,S. William Collins,Glens Falls GF,14
Warren,Glens Falls - Ward 3 1,Mayor of Glens Falls,,Write-ins,,4
Warren,Glens Falls - Ward 3 1,Mayor of Glens Falls,,Under Votes,,38
Warren,Glens Falls - Ward 3 1,Mayor of Glens Falls,,Over Votes,,1
Warren,Glens Falls - Ward 4 1,Mayor of Glens Falls,,Diana Palmer,DEM,306
Warren,Glens Falls - Ward 4 1,Mayor of Glens Falls,,S. William Collins,CON,40
Warren,Glens Falls - Ward 4 1,Mayor of Glens Falls,,Diana Palmer,Together Forward,28
Warren,Glens Falls - Ward 4 1,Mayor of Glens Falls,,S. William Collins,Glens Falls GF,10
Warren,Glens Falls - Ward 4 1,Mayor of Glens Falls,,Write-ins,,3
Warren,Glens Falls - Ward 4 1,Mayor of Glens Falls,,Under Votes,,14
Warren,Glens Falls - Ward 4 2,Mayor of Glens Falls,,Diana Palmer,DEM,201
Warren,Glens Falls - Ward 4 2,Mayor of Glens Falls,,S. William Collins,CON,53
Warren,Glens Falls - Ward 4 2,Mayor of Glens Falls,,Diana Palmer,Together Forward,19
Warren,Glens Falls - Ward 4 2,Mayor of Glens Falls,,S. William Collins,Glens Falls GF,11
Warren,Glens Falls - Ward 4 2,Mayor of Glens Falls,,Write-ins,,6
Warren,Glens Falls - Ward 4 2,Mayor of Glens Falls,,Under Votes,,24
Warren,Glens Falls - Ward 5 1,Mayor of Glens Falls,,Diana Palmer,DEM,167
Warren,Glens Falls - Ward 5 1,Mayor of Glens Falls,,S. William Collins,CON,44
Warren,Glens Falls - Ward 5 1,Mayor of Glens Falls,,Diana Palmer,Together Forward,24
Warren,Glens Falls - Ward 5 1,Mayor of Glens Falls,,S. William Collins,Glens Falls GF,11
Warren,Glens Falls - Ward 5 1,Mayor of Glens Falls,,Write-ins,,7
Warren,Glens Falls - Ward 5 1,Mayor of Glens Falls,,Under Votes,,13
Warren,Glens Falls - Ward 5 2,Mayor of Glens Falls,,Diana Palmer,DEM,142
Warren,Glens Falls - Ward 5 2,Mayor of Glens Falls,,S. William Collins,CON,33
Warren,Glens Falls - Ward 5 2,Mayor of Glens Falls,,Diana Palmer,Together Forward,23
Warren,Glens Falls - Ward 5 2,Mayor of Glens Falls,,S. William Collins,Glens Falls GF,8
Warren,Glens Falls - Ward 5 2,Mayor of Glens Falls,,Write-ins,,3
Warren,Glens Falls - Ward 5 2,Mayor of Glens Falls,,Under Votes,,10
Warren,Glens Falls - Ward 1 1,Glens Falls Councilmember,At Large,Mary Gooden,DEM,236
Warren,Glens Falls - Ward 1 1,Glens Falls Councilmember,At Large,Write-ins,,4
Warren,Glens Falls - Ward 1 1,Glens Falls Councilmember,At Large,Under Votes,,76
Warren,Glens Falls - Ward 2 1,Glens Falls Councilmember,At Large,Mary Gooden,DEM,500
Warren,Glens Falls - Ward 2 1,Glens Falls Councilmember,At Large,Write-ins,,12
Warren,Glens Falls - Ward 2 1,Glens Falls Councilmember,At Large,Under Votes,,113
Warren,Glens Falls - Ward 3 1,Glens Falls Councilmember,At Large,Mary Gooden,DEM,494
Warren,Glens Falls - Ward 3 1,Glens Falls Councilmember,At Large,Write-ins,,17
Warren,Glens Falls - Ward 3 1,Glens Falls Councilmember,At Large,Under Votes,,155
Warren,Glens Falls - Ward 4 1,Glens Falls Councilmember,At Large,Mary Gooden,DEM,331
Warren,Glens Falls - Ward 4 1,Glens Falls Councilmember,At Large,Write-ins,,2
Warren,Glens Falls - Ward 4 1,Glens Falls Councilmember,At Large,Under Votes,,68
Warren,Glens Falls - Ward 4 2,Glens Falls Councilmember,At Large,Mary Gooden,DEM,236
Warren,Glens Falls - Ward 4 2,Glens Falls Councilmember,At Large,Write-ins,,4
Warren,Glens Falls - Ward 4 2,Glens Falls Councilmember,At Large,Under Votes,,74
Warren,Glens Falls - Ward 5 1,Glens Falls Councilmember,At Large,Mary Gooden,DEM,186
Warren,Glens Falls - Ward 5 1,Glens Falls Councilmember,At Large,Write-ins,,6
Warren,Glens Falls - Ward 5 1,Glens Falls Councilmember,At Large,Under Votes,,74
Warren,Glens Falls - Ward 5 2,Glens Falls Councilmember,At Large,Mary Gooden,DEM,164
Warren,Glens Falls - Ward 5 2,Glens Falls Councilmember,At Large,Write-ins,,3
Warren,Glens Falls - Ward 5 2,Glens Falls Councilmember,At Large,Under Votes,,52
Warren,Glens Falls - Ward 1 1,Glens Falls Supervisor,1,Jack Diamond,DEM,250
Warren,Glens Falls - Ward 1 1,Glens Falls Supervisor,1,Under Votes,,66
Warren,Glens Falls - Ward 2 1,Glens Falls Supervisor,2,Haley Gilligan,DEM,492
Warren,Glens Falls - Ward 2 1,Glens Falls Supervisor,2,Write-ins,,10
Warren,Glens Falls - Ward 2 1,Glens Falls Supervisor,2,Under Votes,,123
Warren,Glens Falls - Ward 3 1,Glens Falls Supervisor,3,Nancy Turner,DEM,415
Warren,Glens Falls - Ward 3 1,Glens Falls Supervisor,3,Magen MacDavid,REP,201
Warren,Glens Falls - Ward 3 1,Glens Falls Supervisor,3,Magen MacDavid,Black Bear Party,18
Warren,Glens Falls - Ward 3 1,Glens Falls Supervisor,3,Write-ins,,2
Warren,Glens Falls - Ward 3 1,Glens Falls Supervisor,3,Under Votes,,26
Warren,Glens Falls - Ward 3 1,Glens Falls Supervisor,3,Over Votes,,4
Warren,Glens Falls - Ward 4 1,Glens Falls Supervisor,4,Daniel F. Bruno,REP,162
Warren,Glens Falls - Ward 4 1,Glens Falls Supervisor,4,Daniel F. Bruno,CON,70
Warren,Glens Falls - Ward 4 1,Glens Falls Supervisor,4,Write-ins,,6
Warren,Glens Falls - Ward 4 1,Glens Falls Supervisor,4,Under Votes,,163
Warren,Glens Falls - Ward 4 2,Glens Falls Supervisor,4,Daniel F. Bruno,REP,168
Warren,Glens Falls - Ward 4 2,Glens Falls Supervisor,4,Daniel F. Bruno,CON,50
Warren,Glens Falls - Ward 4 2,Glens Falls Supervisor,4,Write-ins,,2
Warren,Glens Falls - Ward 4 2,Glens Falls Supervisor,4,Under Votes,,94
Warren,Glens Falls - Ward 5 1,Glens Falls Supervisor,5,Bennet F. Driscoll,DEM,165
Warren,Glens Falls - Ward 5 1,Glens Falls Supervisor,5,Bennet F. Driscoll,CON,62
Warren,Glens Falls - Ward 5 1,Glens Falls Supervisor,5,Write-ins,,1
Warren,Glens Falls - Ward 5 1,Glens Falls Supervisor,5,Under Votes,,38
Warren,Glens Falls - Ward 5 2,Glens Falls Supervisor,5,Bennet F. Driscoll,DEM,152
Warren,Glens Falls - Ward 5 2,Glens Falls Supervisor,5,Bennet F. Driscoll,CON,35
Warren,Glens Falls - Ward 5 2,Glens Falls Supervisor,5,Write-ins,,1
Warren,Glens Falls - Ward 5 2,Glens Falls Supervisor,5,Under Votes,,31
Warren,Glens Falls - Ward 1 1,Glens Falls Councilmember,1,Daniel Donohue,DEM,219
Warren,Glens Falls - Ward 1 1,Glens Falls Councilmember,1,Daniel Donohue,Glens Falls Forward,30
Warren,Glens Falls - Ward 1 1,Glens Falls Councilmember,1,Write-ins,,3
Warren,Glens Falls - Ward 1 1,Glens Falls Councilmember,1,Under Votes,,64
Warren,Glens Falls - Ward 2 1,Glens Falls Councilmember,2,Robert J. Landry,REP,301
Warren,Glens Falls - Ward 2 1,Glens Falls Councilmember,2,Robert J. Landry,CON,144
Warren,Glens Falls - Ward 2 1,Glens Falls Councilmember,2,Write-ins,,9
Warren,Glens Falls - Ward 2 1,Glens Falls Councilmember,2,Under Votes,,171
Warren,Glens Falls - Ward 3 1,Glens Falls Councilmember,3,Daniel Rice,DEM,445
Warren,Glens Falls - Ward 3 1,Glens Falls Councilmember,3,Matthew C. Webster,REP,199
Warren,Glens Falls - Ward 3 1,Glens Falls Councilmember,3,Write-ins,,1
Warren,Glens Falls - Ward 3 1,Glens Falls Councilmember,3,Under Votes,,20
Warren,Glens Falls - Ward 3 1,Glens Falls Councilmember,3,Over Votes,,1
Warren,Glens Falls - Ward 4 1,Glens Falls Councilmember,4,Benjamin Lapham,DEM,260
Warren,Glens Falls - Ward 4 1,Glens Falls Councilmember,4,Sarah Driscoll,REP,119
Warren,Glens Falls - Ward 4 1,Glens Falls Councilmember,4,Sarah Driscoll,Black Bear Party,8
Warren,Glens Falls - Ward 4 1,Glens Falls Councilmember,4,Benjamin Lapham,Sunlight Party,10
Warren,Glens Falls - Ward 4 1,Glens Falls Councilmember,4,Under Votes,,2
Warren,Glens Falls - Ward 4 1,Glens Falls Councilmember,4,Over Votes,,2
Warren,Glens Falls - Ward 4 2,Glens Falls Councilmember,4,Benjamin Lapham,DEM,157
Warren,Glens Falls - Ward 4 2,Glens Falls Councilmember,4,Sarah Driscoll,REP,143
Warren,Glens Falls - Ward 4 2,Glens Falls Councilmember,4,Sarah Driscoll,Black Bear Party,3
Warren,Glens Falls - Ward 4 2,Glens Falls Councilmember,4,Benjamin Lapham,Sunlight Party,5
Warren,Glens Falls - Ward 4 2,Glens Falls Councilmember,4,Under Votes,,6
Warren,Glens Falls - Ward 5 1,Glens Falls Councilmember,5,Sean Palladino,DEM,128
Warren,Glens Falls - Ward 5 1,Glens Falls Councilmember,5,Robert Curtis,REP,128
Warren,Glens Falls - Ward 5 1,Glens Falls Councilmember,5,Under Votes,,10
Warren,Glens Falls - Ward 5 2,Glens Falls Councilmember,5,Sean Palladino,DEM,119
Warren,Glens Falls - Ward 5 2,Glens Falls Councilmember,5,Robert Curtis,REP,91
Warren,Glens Falls - Ward 5 2,Glens Falls Councilmember,5,Under Votes,,9
Warren,Glens Falls - Ward 1 1,Glens Falls Proposal Number Two (Crandall Library Budget),,Yes,,221
Warren,Glens Falls - Ward 1 1,Glens Falls Proposal Number Two (Crandall Library Budget),,No,,83
Warren,Glens Falls - Ward 1 1,Glens Falls Proposal Number Two (Crandall Library Budget),,Under Votes,,12
Warren,Glens Falls - Ward 2 1,Glens Falls Proposal Number Two (Crandall Library Budget),,Yes,,462
Warren,Glens Falls - Ward 2 1,Glens Falls Proposal Number Two (Crandall Library Budget),,No,,157
Warren,Glens Falls - Ward 2 1,Glens Falls Proposal Number Two (Crandall Library Budget),,Under Votes,,6
Warren,Glens Falls - Ward 3 1,Glens Falls Proposal Number Two (Crandall Library Budget),,Yes,,505
Warren,Glens Falls - Ward 3 1,Glens Falls Proposal Number Two (Crandall Library Budget),,No,,145
Warren,Glens Falls - Ward 3 1,Glens Falls Proposal Number Two (Crandall Library Budget),,Under Votes,,16
Warren,Glens Falls - Ward 4 1,Glens Falls Proposal Number Two (Crandall Library Budget),,Yes,,322
Warren,Glens Falls - Ward 4 1,Glens Falls Proposal Number Two (Crandall Library Budget),,No,,69
Warren,Glens Falls - Ward 4 1,Glens Falls Proposal Number Two (Crandall Library Budget),,Under Votes,,10
Warren,Glens Falls - Ward 4 2,Glens Falls Proposal Number Two (Crandall Library Budget),,Yes,,232
Warren,Glens Falls - Ward 4 2,Glens Falls Proposal Number Two (Crandall Library Budget),,No,,76
Warren,Glens Falls - Ward 4 2,Glens Falls Proposal Number Two (Crandall Library Budget),,Under Votes,,6
Warren,Glens Falls - Ward 5 1,Glens Falls Proposal Number Two (Crandall Library Budget),,Yes,,174
Warren,Glens Falls - Ward 5 1,Glens Falls Proposal Number Two (Crandall Library Budget),,No,,80
Warren,Glens Falls - Ward 5 1,Glens Falls Proposal Number Two (Crandall Library Budget),,Under Votes,,12
Warren,Glens Falls - Ward 5 2,Glens Falls Proposal Number Two (Crandall Library Budget),,Yes,,155
Warren,Glens Falls - Ward 5 2,Glens Falls Proposal Number Two (Crandall Library Budget),,No,,59
Warren,Glens Falls - Ward 5 2,Glens Falls Proposal Number Two (Crandall Library Budget),,Under Votes,,5
Warren,Hague 1,Hague Town Supervisor,,Joshua Patchett,DEM,152
Warren,Hague 1,Hague Town Supervisor,,Joshua Patchett,Fiscal Responsibility,15
Warren,Hague 1,Hague Town Supervisor,,Write-ins,,135
Warren,Hague 1,Hague Town Supervisor,,Under Votes,,29
Warren,Hague 1,Hague Town Councilmember,,Christopher Richards,DEM,101
Warren,Hague 1,Hague Town Councilmember,,Maureen Cherubini,REP,236
Warren,Hague 1,Hague Town Councilmember,,Edna Frasier,REP,209
Warren,Hague 1,Hague Town Councilmember,,Christopher Richards,EMG,11
Warren,Hague 1,Hague Town Councilmember,,Write-ins,,5
Warren,Hague 1,Hague Town Councilmember,,Under Votes,,100
Warren,Hague 1,Hague Town Justice,,Leslie R. Midgley,DEM,220
Warren,Hague 1,Hague Town Justice,,Write-ins,,2
Warren,Hague 1,Hague Town Justice,,Under Votes,,109
Warren,Horicon 1,Horicon Town Supervisor,,Wayne Butler Jr.,REP,304
Warren,Horicon 1,Horicon Town Supervisor,,Write-ins,,8
Warren,Horicon 1,Horicon Town Supervisor,,Under Votes,,128
Warren,Horicon 1,Horicon Town Clerk,,Krista Wood,REP,350
Warren,Horicon 1,Horicon Town Clerk,,Write-ins,,4
Warren,Horicon 1,Horicon Town Clerk,,Under Votes,,86
Warren,Horicon 1,Horicon Town Councilmember,,Scott Hayes,REP,315
Warren,Horicon 1,Horicon Town Councilmember,,Kayla Carlozzi,REP,312
Warren,Horicon 1,Horicon Town Councilmember,,Write-ins,,6
Warren,Horicon 1,Horicon Town Councilmember,,Under Votes,,247
Warren,Horicon 1,Horicon Town Councilmember (Unexpired 2 yr),,Dianne Dreyer,DEM,119
Warren,Horicon 1,Horicon Town Councilmember (Unexpired 2 yr),,Michael Hill,REP,296
Warren,Horicon 1,Horicon Town Councilmember (Unexpired 2 yr),,Write-ins,,2
Warren,Horicon 1,Horicon Town Councilmember (Unexpired 2 yr),,Under Votes,,22
Warren,Horicon 1,Horicon Town Councilmember (Unexpired 2 yr),,Over Votes,,1
Warren,Horicon 1,Horicon Proposal Number Two (LOSAP Program),,Yes,,374
Warren,Horicon 1,Horicon Proposal Number Two (LOSAP Program),,No,,50
Warren,Horicon 1,Horicon Proposal Number Two (LOSAP Program),,Under Votes,,16
Warren,Johnsburg 1,Johnsburg Town Supervisor,,Kevin M. Bean,REP,246
Warren,Johnsburg 1,Johnsburg Town Supervisor,,Kevin M. Bean,Johnsburg Forward,49
Warren,Johnsburg 1,Johnsburg Town Supervisor,,Mark Smith,Johnsburg Freedom,302
Warren,Johnsburg 1,Johnsburg Town Supervisor,,Write-ins,,6
Warren,Johnsburg 1,Johnsburg Town Supervisor,,Under Votes,,68
Warren,Johnsburg 1,Johnsburg Town Councilmember,,Curtis Richards,REP,288
Warren,Johnsburg 1,Johnsburg Town Councilmember,,Matt Parobeck,REP,330
Warren,Johnsburg 1,Johnsburg Town Councilmember,,Mindy Preuninger,Community Now,417
Warren,Johnsburg 1,Johnsburg Town Councilmember,,Write-ins,,5
Warren,Johnsburg 1,Johnsburg Town Councilmember,,Under Votes,,302
Warren,Johnsburg 1,Johnsburg Superintendent of Highways,,Frederick T. Comstock,REP,323
Warren,Johnsburg 1,Johnsburg Superintendent of Highways,,Frederick T. Comstock,Johnsburg Party,146
Warren,Johnsburg 1,Johnsburg Superintendent of Highways,,Write-ins,,17
Warren,Johnsburg 1,Johnsburg Superintendent of Highways,,Under Votes,,185
Warren,Lake George 1,Lake George Town Supervisor,,Vinnie Crocitto Jr.,REP,205
Warren,Lake George 1,Lake George Town Supervisor,,Write-ins,,6
Warren,Lake George 1,Lake George Town Supervisor,,Under Votes,,53
Warren,Lake George 2,Lake George Town Supervisor,,Vinnie Crocitto Jr.,REP,299
Warren,Lake George 2,Lake George Town Supervisor,,Write-ins,,15
Warren,Lake George 2,Lake George Town Supervisor,,Under Votes,,61
Warren,Lake George 2,Lake George Town Supervisor,,Over Votes,,1
Warren,Lake George 1,Lake George Town Councilmember,,Nancy Stannard,REP,203
Warren,Lake George 1,Lake George Town Councilmember,,Ed Pagnotta Jr.,REP,200
Warren,Lake George 1,Lake George Town Councilmember,,Write-ins,,9
Warren,Lake George 1,Lake George Town Councilmember,,Under Votes,,116
Warren,Lake George 2,Lake George Town Councilmember,,Nancy Stannard,REP,279
Warren,Lake George 2,Lake George Town Councilmember,,Ed Pagnotta Jr.,REP,286
Warren,Lake George 2,Lake George Town Councilmember,,Write-ins,,15
Warren,Lake George 2,Lake George Town Councilmember,,Under Votes,,170
Warren,Lake George 2,Lake George Town Councilmember,,Over Votes,,2
Warren,Lake George 1,Lake George Town Justice,,Brian Reichenbach,REP,198
Warren,Lake George 1,Lake George Town Justice,,Write-ins,,4
Warren,Lake George 1,Lake George Town Justice,,Under Votes,,62
Warren,Lake George 2,Lake George Town Justice,,Brian Reichenbach,REP,295
Warren,Lake George 2,Lake George Town Justice,,Write-ins,,1
Warren,Lake George 2,Lake George Town Justice,,Under Votes,,80
Warren,Lake Luzerne 1,Lake Luzerne Town Supervisor,,James Niles,REP,212
Warren,Lake Luzerne 1,Lake Luzerne Town Supervisor,,Write-ins,,8
Warren,Lake Luzerne 1,Lake Luzerne Town Supervisor,,Under Votes,,59
Warren,Lake Luzerne 2,Lake Luzerne Town Supervisor,,James Niles,REP,164
Warren,Lake Luzerne 2,Lake Luzerne Town Supervisor,,Write-ins,,4
Warren,Lake Luzerne 2,Lake Luzerne Town Supervisor,,Under Votes,,40
Warren,Lake Luzerne 2,Lake Luzerne Town Supervisor,,Over Votes,,1
Warren,Lake Luzerne 1,Lake Luzerne Town Clerk,,Lorri Holcomb,REP,221
Warren,Lake Luzerne 1,Lake Luzerne Town Clerk,,Write-ins,,1
Warren,Lake Luzerne 1,Lake Luzerne Town Clerk,,Under Votes,,57
Warren,Lake Luzerne 2,Lake Luzerne Town Clerk,,Lorri Holcomb,REP,174
Warren,Lake Luzerne 2,Lake Luzerne Town Clerk,,Write-ins,,2
Warren,Lake Luzerne 2,Lake Luzerne Town Clerk,,Under Votes,,33
Warren,Lake Luzerne 1,Lake Luzerne Town Councilmember,,Burgess Ovitt,REP,189
Warren,Lake Luzerne 1,Lake Luzerne Town Councilmember,,Pamela E. Petteys,REP,205
Warren,Lake Luzerne 1,Lake Luzerne Town Councilmember,,Write-ins,,12
Warren,Lake Luzerne 1,Lake Luzerne Town Councilmember,,Under Votes,,152
Warren,Lake Luzerne 2,Lake Luzerne Town Councilmember,,Burgess Ovitt,REP,140
Warren,Lake Luzerne 2,Lake Luzerne Town Councilmember,,Pamela E. Petteys,REP,160
Warren,Lake Luzerne 2,Lake Luzerne Town Councilmember,,Write-ins,,5
Warren,Lake Luzerne 2,Lake Luzerne Town Councilmember,,Under Votes,,113
Warren,Lake Luzerne 1,Lake Luzerne Superintendent of Highways,,Ronnie C. Deuel,REP,215
Warren,Lake Luzerne 1,Lake Luzerne Superintendent of Highways,,Write-ins,,4
Warren,Lake Luzerne 1,Lake Luzerne Superintendent of Highways,,Under Votes,,60
Warren,Lake Luzerne 2,Lake Luzerne Superintendent of Highways,,Ronnie C. Deuel,REP,160
Warren,Lake Luzerne 2,Lake Luzerne Superintendent of Highways,,Write-ins,,3
Warren,Lake Luzerne 2,Lake Luzerne Superintendent of Highways,,Under Votes,,46
Warren,Queensbury - Ward 1 1,County Supervisor,At Large,David J. Strainer,DEM,196
Warren,Queensbury - Ward 1 1,County Supervisor,At Large,Jason Miller,REP,271
Warren,Queensbury - Ward 1 1,County Supervisor,At Large,Nathan Etu,REP,261
Warren,Queensbury - Ward 1 1,County Supervisor,At Large,Doug Beaty,REP,249
Warren,Queensbury - Ward 1 1,County Supervisor,At Large,Michael Wild,REP,206
Warren,Queensbury - Ward 1 1,County Supervisor,At Large,David J. Strainer,CON,41
Warren,Queensbury - Ward 1 1,County Supervisor,At Large,Michael Wild,CON,45
Warren,Queensbury - Ward 1 1,County Supervisor,At Large,Doug Beaty,No New Taxes,50
Warren,Queensbury - Ward 1 1,County Supervisor,At Large,Write-ins,,9
Warren,Queensbury - Ward 1 1,County Supervisor,At Large,Under Votes,,696
Warren,Queensbury - Ward 1 1,County Supervisor,At Large,Over Votes,,12
Warren,Queensbury - Ward 1 2,County Supervisor,At Large,David J. Strainer,DEM,238
Warren,Queensbury - Ward 1 2,County Supervisor,At Large,Jason Miller,REP,223
Warren,Queensbury - Ward 1 2,County Supervisor,At Large,Nathan Etu,REP,267
Warren,Queensbury - Ward 1 2,County Supervisor,At Large,Doug Beaty,REP,239
Warren,Queensbury - Ward 1 2,County Supervisor,At Large,Michael Wild,REP,195
Warren,Queensbury - Ward 1 2,County Supervisor,At Large,David J. Strainer,CON,44
Warren,Queensbury - Ward 1 2,County Supervisor,At Large,Michael Wild,CON,43
Warren,Queensbury - Ward 1 2,County Supervisor,At Large,Doug Beaty,No New Taxes,46
Warren,Queensbury - Ward 1 2,County Supervisor,At Large,Write-ins,,9
Warren,Queensbury - Ward 1 2,County Supervisor,At Large,Under Votes,,728
Warren,Queensbury - Ward 1 3,County Supervisor,At Large,David J. Strainer,DEM,242
Warren,Queensbury - Ward 1 3,County Supervisor,At Large,Jason Miller,REP,206
Warren,Queensbury - Ward 1 3,County Supervisor,At Large,Nathan Etu,REP,264
Warren,Queensbury - Ward 1 3,County Supervisor,At Large,Doug Beaty,REP,246
Warren,Queensbury - Ward 1 3,County Supervisor,At Large,Michael Wild,REP,226
Warren,Queensbury - Ward 1 3,County Supervisor,At Large,David J. Strainer,CON,56
Warren,Queensbury - Ward 1 3,County Supervisor,At Large,Michael Wild,CON,39
Warren,Queensbury - Ward 1 3,County Supervisor,At Large,Doug Beaty,No New Taxes,40
Warren,Queensbury - Ward 1 3,County Supervisor,At Large,Write-ins,,5
Warren,Queensbury - Ward 1 3,County Supervisor,At Large,Under Votes,,748
Warren,Queensbury - Ward 1 3,County Supervisor,At Large,Over Votes,,4
Warren,Queensbury - Ward 1 4,County Supervisor,At Large,David J. Strainer,DEM,130
Warren,Queensbury - Ward 1 4,County Supervisor,At Large,Jason Miller,REP,163
Warren,Queensbury - Ward 1 4,County Supervisor,At Large,Nathan Etu,REP,172
Warren,Queensbury - Ward 1 4,County Supervisor,At Large,Doug Beaty,REP,158
Warren,Queensbury - Ward 1 4,County Supervisor,At Large,Michael Wild,REP,142
Warren,Queensbury - Ward 1 4,County Supervisor,At Large,David J. Strainer,CON,25
Warren,Queensbury - Ward 1 4,County Supervisor,At Large,Michael Wild,CON,18
Warren,Queensbury - Ward 1 4,County Supervisor,At Large,Doug Beaty,No New Taxes,27
Warren,Queensbury - Ward 1 4,County Supervisor,At Large,Write-ins,,7
Warren,Queensbury - Ward 1 4,County Supervisor,At Large,Under Votes,,450
Warren,Queensbury - Ward 1 5,County Supervisor,At Large,David J. Strainer,DEM,222
Warren,Queensbury - Ward 1 5,County Supervisor,At Large,Jason Miller,REP,195
Warren,Queensbury - Ward 1 5,County Supervisor,At Large,Nathan Etu,REP,219
Warren,Queensbury - Ward 1 5,County Supervisor,At Large,Doug Beaty,REP,196
Warren,Queensbury - Ward 1 5,County Supervisor,At Large,Michael Wild,REP,180
Warren,Queensbury - Ward 1 5,County Supervisor,At Large,David J. Strainer,CON,36
Warren,Queensbury - Ward 1 5,County Supervisor,At Large,Michael Wild,CON,26
Warren,Queensbury - Ward 1 5,County Supervisor,At Large,Doug Beaty,No New Taxes,28
Warren,Queensbury - Ward 1 5,County Supervisor,At Large,Write-ins,,8
Warren,Queensbury - Ward 1 5,County Supervisor,At Large,Under Votes,,622
Warren,Queensbury - Ward 1 5,County Supervisor,At Large,Over Votes,,8
Warren,Queensbury - Ward 2 1,County Supervisor,At Large,David J. Strainer,DEM,184
Warren,Queensbury - Ward 2 1,County Supervisor,At Large,Jason Miller,REP,178
Warren,Queensbury - Ward 2 1,County Supervisor,At Large,Nathan Etu,REP,197
Warren,Queensbury - Ward 2 1,County Supervisor,At Large,Doug Beaty,REP,194
Warren,Queensbury - Ward 2 1,County Supervisor,At Large,Michael Wild,REP,153
Warren,Queensbury - Ward 2 1,County Supervisor,At Large,David J. Strainer,CON,37
Warren,Queensbury - Ward 2 1,County Supervisor,At Large,Michael Wild,CON,44
Warren,Queensbury - Ward 2 1,County Supervisor,At Large,Doug Beaty,No New Taxes,37
Warren,Queensbury - Ward 2 1,County Supervisor,At Large,Write-ins,,13
Warren,Queensbury - Ward 2 1,County Supervisor,At Large,Under Votes,,555
Warren,Queensbury - Ward 2 1,County Supervisor,At Large,Over Votes,,4
Warren,Queensbury - Ward 2 2,County Supervisor,At Large,David J. Strainer,DEM,321
Warren,Queensbury - Ward 2 2,County Supervisor,At Large,Jason Miller,REP,215
Warren,Queensbury - Ward 2 2,County Supervisor,At Large,Nathan Etu,REP,277
Warren,Queensbury - Ward 2 2,County Supervisor,At Large,Doug Beaty,REP,258
Warren,Queensbury - Ward 2 2,County Supervisor,At Large,Michael Wild,REP,225
Warren,Queensbury - Ward 2 2,County Supervisor,At Large,David J. Strainer,CON,39
Warren,Queensbury - Ward 2 2,County Supervisor,At Large,Michael Wild,CON,53
Warren,Queensbury - Ward 2 2,County Supervisor,At Large,Doug Beaty,No New Taxes,52
Warren,Queensbury - Ward 2 2,County Supervisor,At Large,Write-ins,,16
Warren,Queensbury - Ward 2 2,County Supervisor,At Large,Under Votes,,872
Warren,Queensbury - Ward 2 2,County Supervisor,At Large,Over Votes,,4
Warren,Queensbury - Ward 2 3,County Supervisor,At Large,David J. Strainer,DEM,243
Warren,Queensbury - Ward 2 3,County Supervisor,At Large,Jason Miller,REP,148
Warren,Queensbury - Ward 2 3,County Supervisor,At Large,Nathan Etu,REP,213
Warren,Queensbury - Ward 2 3,County Supervisor,At Large,Doug Beaty,REP,190
Warren,Queensbury - Ward 2 3,County Supervisor,At Large,Michael Wild,REP,165
Warren,Queensbury - Ward 2 3,County Supervisor,At Large,David J. Strainer,CON,42
Warren,Queensbury - Ward 2 3,County Supervisor,At Large,Michael Wild,CON,47
Warren,Queensbury - Ward 2 3,County Supervisor,At Large,Doug Beaty,No New Taxes,50
Warren,Queensbury - Ward 2 3,County Supervisor,At Large,Write-ins,,26
Warren,Queensbury - Ward 2 3,County Supervisor,At Large,Under Votes,,624
Warren,Queensbury - Ward 2 3,County Supervisor,At Large,Over Votes,,8
Warren,Queensbury - Ward 2 4,County Supervisor,At Large,David J. Strainer,DEM,230
Warren,Queensbury - Ward 2 4,County Supervisor,At Large,Jason Miller,REP,181
Warren,Queensbury - Ward 2 4,County Supervisor,At Large,Nathan Etu,REP,224
Warren,Queensbury - Ward 2 4,County Supervisor,At Large,Doug Beaty,REP,178
Warren,Queensbury - Ward 2 4,County Supervisor,At Large,Michael Wild,REP,186
Warren,Queensbury - Ward 2 4,County Supervisor,At Large,David J. Strainer,CON,28
Warren,Queensbury - Ward 2 4,County Supervisor,At Large,Michael Wild,CON,39
Warren,Queensbury - Ward 2 4,County Supervisor,At Large,Doug Beaty,No New Taxes,52
Warren,Queensbury - Ward 2 4,County Supervisor,At Large,Write-ins,,16
Warren,Queensbury - Ward 2 4,County Supervisor,At Large,Under Votes,,562
Warren,Queensbury - Ward 3 1,County Supervisor,At Large,David J. Strainer,DEM,243
Warren,Queensbury - Ward 3 1,County Supervisor,At Large,Jason Miller,REP,206
Warren,Queensbury - Ward 3 1,County Supervisor,At Large,Nathan Etu,REP,253
Warren,Queensbury - Ward 3 1,County Supervisor,At Large,Doug Beaty,REP,187
Warren,Queensbury - Ward 3 1,County Supervisor,At Large,Michael Wild,REP,192
Warren,Queensbury - Ward 3 1,County Supervisor,At Large,David J. Strainer,CON,41
Warren,Queensbury - Ward 3 1,County Supervisor,At Large,Michael Wild,CON,49
Warren,Queensbury - Ward 3 1,County Supervisor,At Large,Doug Beaty,No New Taxes,47
Warren,Queensbury - Ward 3 1,County Supervisor,At Large,Write-ins,,16
Warren,Queensbury - Ward 3 1,County Supervisor,At Large,Under Votes,,618
Warren,Queensbury - Ward 3 2,County Supervisor,At Large,David J. Strainer,DEM,228
Warren,Queensbury - Ward 3 2,County Supervisor,At Large,Jason Miller,REP,222
Warren,Queensbury - Ward 3 2,County Supervisor,At Large,Nathan Etu,REP,261
Warren,Queensbury - Ward 3 2,County Supervisor,At Large,Doug Beaty,REP,221
Warren,Queensbury - Ward 3 2,County Supervisor,At Large,Michael Wild,REP,181
Warren,Queensbury - Ward 3 2,County Supervisor,At Large,David J. Strainer,CON,47
Warren,Queensbury - Ward 3 2,County Supervisor,At Large,Michael Wild,CON,62
Warren,Queensbury - Ward 3 2,County Supervisor,At Large,Doug Beaty,No New Taxes,56
Warren,Queensbury - Ward 3 2,County Supervisor,At Large,Write-ins,,6
Warren,Queensbury - Ward 3 2,County Supervisor,At Large,Under Votes,,672
Warren,Queensbury - Ward 3 3,County Supervisor,At Large,David J. Strainer,DEM,198
Warren,Queensbury - Ward 3 3,County Supervisor,At Large,Jason Miller,REP,225
Warren,Queensbury - Ward 3 3,County Supervisor,At Large,Nathan Etu,REP,258
Warren,Queensbury - Ward 3 3,County Supervisor,At Large,Doug Beaty,REP,196
Warren,Queensbury - Ward 3 3,County Supervisor,At Large,Michael Wild,REP,204
Warren,Queensbury - Ward 3 3,County Supervisor,At Large,David J. Strainer,CON,42
Warren,Queensbury - Ward 3 3,County Supervisor,At Large,Michael Wild,CON,45
Warren,Queensbury - Ward 3 3,County Supervisor,At Large,Doug Beaty,No New Taxes,42
Warren,Queensbury - Ward 3 3,County Supervisor,At Large,Write-ins,,11
Warren,Queensbury - Ward 3 3,County Supervisor,At Large,Under Votes,,555
Warren,Queensbury - Ward 3 3,County Supervisor,At Large,Over Votes,,4
Warren,Queensbury - Ward 3 4,County Supervisor,At Large,David J. Strainer,DEM,170
Warren,Queensbury - Ward 3 4,County Supervisor,At Large,Jason Miller,REP,203
Warren,Queensbury - Ward 3 4,County Supervisor,At Large,Nathan Etu,REP,237
Warren,Queensbury - Ward 3 4,County Supervisor,At Large,Doug Beaty,REP,200
Warren,Queensbury - Ward 3 4,County Supervisor,At Large,Michael Wild,REP,190
Warren,Queensbury - Ward 3 4,County Supervisor,At Large,David J. Strainer,CON,40
Warren,Queensbury - Ward 3 4,County Supervisor,At Large,Michael Wild,CON,40
Warren,Queensbury - Ward 3 4,County Supervisor,At Large,Doug Beaty,No New Taxes,30
Warren,Queensbury - Ward 3 4,County Supervisor,At Large,Write-ins,,12
Warren,Queensbury - Ward 3 4,County Supervisor,At Large,Under Votes,,526
Warren,Queensbury - Ward 4 1,County Supervisor,At Large,David J. Strainer,DEM,151
Warren,Queensbury - Ward 4 1,County Supervisor,At Large,Jason Miller,REP,183
Warren,Queensbury - Ward 4 1,County Supervisor,At Large,Nathan Etu,REP,223
Warren,Queensbury - Ward 4 1,County Supervisor,At Large,Doug Beaty,REP,176
Warren,Queensbury - Ward 4 1,County Supervisor,At Large,Michael Wild,REP,168
Warren,Queensbury - Ward 4 1,County Supervisor,At Large,David J. Strainer,CON,32
Warren,Queensbury - Ward 4 1,County Supervisor,At Large,Michael Wild,CON,38
Warren,Queensbury - Ward 4 1,County Supervisor,At Large,Doug Beaty,No New Taxes,41
Warren,Queensbury - Ward 4 1,County Supervisor,At Large,Write-ins,,3
Warren,Queensbury - Ward 4 1,County Supervisor,At Large,Under Votes,,417
Warren,Queensbury - Ward 4 1,County Supervisor,At Large,Over Votes,,4
Warren,Queensbury - Ward 4 2,County Supervisor,At Large,David J. Strainer,DEM,233
Warren,Queensbury - Ward 4 2,County Supervisor,At Large,Jason Miller,REP,196
Warren,Queensbury - Ward 4 2,County Supervisor,At Large,Nathan Etu,REP,260
Warren,Queensbury - Ward 4 2,County Supervisor,At Large,Doug Beaty,REP,199
Warren,Queensbury - Ward 4 2,County Supervisor,At Large,Michael Wild,REP,188
Warren,Queensbury - Ward 4 2,County Supervisor,At Large,David J. Strainer,CON,47
Warren,Queensbury - Ward 4 2,County Supervisor,At Large,Michael Wild,CON,45
Warren,Queensbury - Ward 4 2,County Supervisor,At Large,Doug Beaty,No New Taxes,54
Warren,Queensbury - Ward 4 2,County Supervisor,At Large,Write-ins,,31
Warren,Queensbury - Ward 4 2,County Supervisor,At Large,Under Votes,,623
Warren,Queensbury - Ward 4 2,County Supervisor,At Large,Over Votes,,8
Warren,Queensbury - Ward 4 3,County Supervisor,At Large,David J. Strainer,DEM,175
Warren,Queensbury - Ward 4 3,County Supervisor,At Large,Jason Miller,REP,189
Warren,Queensbury - Ward 4 3,County Supervisor,At Large,Nathan Etu,REP,217
Warren,Queensbury - Ward 4 3,County Supervisor,At Large,Doug Beaty,REP,178
Warren,Queensbury - Ward 4 3,County Supervisor,At Large,Michael Wild,REP,155
Warren,Queensbury - Ward 4 3,County Supervisor,At Large,David J. Strainer,CON,28
Warren,Queensbury - Ward 4 3,County Supervisor,At Large,Michael Wild,CON,47
Warren,Queensbury - Ward 4 3,County Supervisor,At Large,Doug Beaty,No New Taxes,40
Warren,Queensbury - Ward 4 3,County Supervisor,At Large,Write-ins,,18
Warren,Queensbury - Ward 4 3,County Supervisor,At Large,Under Votes,,525
Warren,Queensbury - Ward 1 1,Queensbury Town Supervisor,,John F. Strough,DEM,189
Warren,Queensbury - Ward 1 1,Queensbury Town Supervisor,,Mike Dixon,REP,274
Warren,Queensbury - Ward 1 1,Queensbury Town Supervisor,,John F. Strough,CON,30
Warren,Queensbury - Ward 1 1,Queensbury Town Supervisor,,Mike Dixon,Parental Rights,9
Warren,Queensbury - Ward 1 1,Queensbury Town Supervisor,,Under Votes,,4
Warren,Queensbury - Ward 1 1,Queensbury Town Supervisor,,Over Votes,,3
Warren,Queensbury - Ward 1 2,Queensbury Town Supervisor,,John F. Strough,DEM,242
Warren,Queensbury - Ward 1 2,Queensbury Town Supervisor,,Mike Dixon,REP,226
Warren,Queensbury - Ward 1 2,Queensbury Town Supervisor,,John F. Strough,CON,31
Warren,Queensbury - Ward 1 2,Queensbury Town Supervisor,,Mike Dixon,Parental Rights,3
Warren,Queensbury - Ward 1 2,Queensbury Town Supervisor,,Under Votes,,4
Warren,Queensbury - Ward 1 2,Queensbury Town Supervisor,,Over Votes,,2
Warren,Queensbury - Ward 1 3,Queensbury Town Supervisor,,John F. Strough,DEM,223
Warren,Queensbury - Ward 1 3,Queensbury Town Supervisor,,Mike Dixon,REP,240
Warren,Queensbury - Ward 1 3,Queensbury Town Supervisor,,John F. Strough,CON,35
Warren,Queensbury - Ward 1 3,Queensbury Town Supervisor,,Mike Dixon,Parental Rights,7
Warren,Queensbury - Ward 1 3,Queensbury Town Supervisor,,Write-ins,,2
Warren,Queensbury - Ward 1 3,Queensbury Town Supervisor,,Under Votes,,11
Warren,Queensbury - Ward 1 3,Queensbury Town Supervisor,,Over Votes,,1
Warren,Queensbury - Ward 1 4,Queensbury Town Supervisor,,John F. Strough,DEM,120
Warren,Queensbury - Ward 1 4,Queensbury Town Supervisor,,Mike Dixon,REP,180
Warren,Queensbury - Ward 1 4,Queensbury Town Supervisor,,John F. Strough,CON,8
Warren,Queensbury - Ward 1 4,Queensbury Town Supervisor,,Mike Dixon,Parental Rights,10
Warren,Queensbury - Ward 1 4,Queensbury Town Supervisor,,Under Votes,,4
Warren,Queensbury - Ward 1 4,Queensbury Town Supervisor,,Over Votes,,1
Warren,Queensbury - Ward 1 5,Queensbury Town Supervisor,,John F. Strough,DEM,227
Warren,Queensbury - Ward 1 5,Queensbury Town Supervisor,,Mike Dixon,REP,176
Warren,Queensbury - Ward 1 5,Queensbury Town Supervisor,,John F. Strough,CON,24
Warren,Queensbury - Ward 1 5,Queensbury Town Supervisor,,Mike Dixon,Parental Rights,2
Warren,Queensbury - Ward 1 5,Queensbury Town Supervisor,,Under Votes,,6
Warren,Queensbury - Ward 2 1,Queensbury Town Supervisor,,John F. Strough,DEM,181
Warren,Queensbury - Ward 2 1,Queensbury Town Supervisor,,Mike Dixon,REP,182
Warren,Queensbury - Ward 2 1,Queensbury Town Supervisor,,John F. Strough,CON,19
Warren,Queensbury - Ward 2 1,Queensbury Town Supervisor,,Mike Dixon,Parental Rights,8
Warren,Queensbury - Ward 2 1,Queensbury Town Supervisor,,Write-ins,,1
Warren,Queensbury - Ward 2 1,Queensbury Town Supervisor,,Under Votes,,6
Warren,Queensbury - Ward 2 1,Queensbury Town Supervisor,,Over Votes,,2
Warren,Queensbury - Ward 2 2,Queensbury Town Supervisor,,John F. Strough,DEM,325
Warren,Queensbury - Ward 2 2,Queensbury Town Supervisor,,Mike Dixon,REP,222
Warren,Queensbury - Ward 2 2,Queensbury Town Supervisor,,John F. Strough,CON,22
Warren,Queensbury - Ward 2 2,Queensbury Town Supervisor,,Mike Dixon,Parental Rights,7
Warren,Queensbury - Ward 2 2,Queensbury Town Supervisor,,Under Votes,,5
Warren,Queensbury - Ward 2 2,Queensbury Town Supervisor,,Over Votes,,2
Warren,Queensbury - Ward 2 3,Queensbury Town Supervisor,,John F. Strough,DEM,235
Warren,Queensbury - Ward 2 3,Queensbury Town Supervisor,,Mike Dixon,REP,160
Warren,Queensbury - Ward 2 3,Queensbury Town Supervisor,,John F. Strough,CON,29
Warren,Queensbury - Ward 2 3,Queensbury Town Supervisor,,Mike Dixon,Parental Rights,6
Warren,Queensbury - Ward 2 3,Queensbury Town Supervisor,,Write-ins,,2
Warren,Queensbury - Ward 2 3,Queensbury Town Supervisor,,Under Votes,,4
Warren,Queensbury - Ward 2 3,Queensbury Town Supervisor,,Over Votes,,3
Warren,Queensbury - Ward 2 4,Queensbury Town Supervisor,,John F. Strough,DEM,223
Warren,Queensbury - Ward 2 4,Queensbury Town Supervisor,,Mike Dixon,REP,172
Warren,Queensbury - Ward 2 4,Queensbury Town Supervisor,,John F. Strough,CON,19
Warren,Queensbury - Ward 2 4,Queensbury Town Supervisor,,Mike Dixon,Parental Rights,6
Warren,Queensbury - Ward 2 4,Queensbury Town Supervisor,,Under Votes,,4
Warren,Queensbury - Ward 3 1,Queensbury Town Supervisor,,John F. Strough,DEM,242
Warren,Queensbury - Ward 3 1,Queensbury Town Supervisor,,Mike Dixon,REP,187
Warren,Queensbury - Ward 3 1,Queensbury Town Supervisor,,John F. Strough,CON,26
Warren,Queensbury - Ward 3 1,Queensbury Town Supervisor,,Mike Dixon,Parental Rights,4
Warren,Queensbury - Ward 3 1,Queensbury Town Supervisor,,Under Votes,,4
Warren,Queensbury - Ward 3 2,Queensbury Town Supervisor,,John F. Strough,DEM,218
Warren,Queensbury - Ward 3 2,Queensbury Town Supervisor,,Mike Dixon,REP,232
Warren,Queensbury - Ward 3 2,Queensbury Town Supervisor,,John F. Strough,CON,24
Warren,Queensbury - Ward 3 2,Queensbury Town Supervisor,,Mike Dixon,Parental Rights,7
Warren,Queensbury - Ward 3 2,Queensbury Town Supervisor,,Under Votes,,8
Warren,Queensbury - Ward 3 3,Queensbury Town Supervisor,,John F. Strough,DEM,206
Warren,Queensbury - Ward 3 3,Queensbury Town Supervisor,,Mike Dixon,REP,195
Warren,Queensbury - Ward 3 3,Queensbury Town Supervisor,,John F. Strough,CON,35
Warren,Queensbury - Ward 3 3,Queensbury Town Supervisor,,Mike Dixon,Parental Rights,6
Warren,Queensbury - Ward 3 3,Queensbury Town Supervisor,,Under Votes,,2
Warren,Queensbury - Ward 3 3,Queensbury Town Supervisor,,Over Votes,,1
Warren,Queensbury - Ward 3 4,Queensbury Town Supervisor,,John F. Strough,DEM,162
Warren,Queensbury - Ward 3 4,Queensbury Town Supervisor,,Mike Dixon,REP,215
Warren,Queensbury - Ward 3 4,Queensbury Town Supervisor,,John F. Strough,CON,22
Warren,Queensbury - Ward 3 4,Queensbury Town Supervisor,,Mike Dixon,Parental Rights,7
Warren,Queensbury - Ward 3 4,Queensbury Town Supervisor,,Under Votes,,5
Warren,Queensbury - Ward 3 4,Queensbury Town Supervisor,,Over Votes,,1
Warren,Queensbury - Ward 4 1,Queensbury Town Supervisor,,John F. Strough,DEM,146
Warren,Queensbury - Ward 4 1,Queensbury Town Supervisor,,Mike Dixon,REP,178
Warren,Queensbury - Ward 4 1,Queensbury Town Supervisor,,John F. Strough,CON,26
Warren,Queensbury - Ward 4 1,Queensbury Town Supervisor,,Mike Dixon,Parental Rights,8
Warren,Queensbury - Ward 4 1,Queensbury Town Supervisor,,Over Votes,,1
Warren,Queensbury - Ward 4 2,Queensbury Town Supervisor,,John F. Strough,DEM,245
Warren,Queensbury - Ward 4 2,Queensbury Town Supervisor,,Mike Dixon,REP,180
Warren,Queensbury - Ward 4 2,Queensbury Town Supervisor,,John F. Strough,CON,34
Warren,Queensbury - Ward 4 2,Queensbury Town Supervisor,,Mike Dixon,Parental Rights,7
Warren,Queensbury - Ward 4 2,Queensbury Town Supervisor,,Write-ins,,1
Warren,Queensbury - Ward 4 2,Queensbury Town Supervisor,,Under Votes,,2
Warren,Queensbury - Ward 4 2,Queensbury Town Supervisor,,Over Votes,,2
Warren,Queensbury - Ward 4 3,Queensbury Town Supervisor,,John F. Strough,DEM,177
Warren,Queensbury - Ward 4 3,Queensbury Town Supervisor,,Mike Dixon,REP,184
Warren,Queensbury - Ward 4 3,Queensbury Town Supervisor,,John F. Strough,CON,22
Warren,Queensbury - Ward 4 3,Queensbury Town Supervisor,,Mike Dixon,Parental Rights,1
Warren,Queensbury - Ward 4 3,Queensbury Town Supervisor,,Under Votes,,7
Warren,Queensbury - Ward 4 3,Queensbury Town Supervisor,,Over Votes,,2
Warren,Queensbury - Ward 1 1,Queensbury Town Clerk,,Caroline H. Barber,REP,321
Warren,Queensbury - Ward 1 1,Queensbury Town Clerk,,Caroline H. Barber,CON,75
Warren,Queensbury - Ward 1 1,Queensbury Town Clerk,,Under Votes,,113
Warren,Queensbury - Ward 1 2,Queensbury Town Clerk,,Caroline H. Barber,REP,268
Warren,Queensbury - Ward 1 2,Queensbury Town Clerk,,Caroline H. Barber,CON,82
Warren,Queensbury - Ward 1 2,Queensbury Town Clerk,,Write-ins,,1
Warren,Queensbury - Ward 1 2,Queensbury Town Clerk,,Under Votes,,157
Warren,Queensbury - Ward 1 3,Queensbury Town Clerk,,Caroline H. Barber,REP,324
Warren,Queensbury - Ward 1 3,Queensbury Town Clerk,,Caroline H. Barber,CON,70
Warren,Queensbury - Ward 1 3,Queensbury Town Clerk,,Under Votes,,125
Warren,Queensbury - Ward 1 4,Queensbury Town Clerk,,Caroline H. Barber,REP,196
Warren,Queensbury - Ward 1 4,Queensbury Town Clerk,,Caroline H. Barber,CON,48
Warren,Queensbury - Ward 1 4,Queensbury Town Clerk,,Write-ins,,2
Warren,Queensbury - Ward 1 4,Queensbury Town Clerk,,Under Votes,,77
Warren,Queensbury - Ward 1 5,Queensbury Town Clerk,,Caroline H. Barber,REP,270
Warren,Queensbury - Ward 1 5,Queensbury Town Clerk,,Caroline H. Barber,CON,61
Warren,Queensbury - Ward 1 5,Queensbury Town Clerk,,Write-ins,,1
Warren,Queensbury - Ward 1 5,Queensbury Town Clerk,,Under Votes,,102
Warren,Queensbury - Ward 1 5,Queensbury Town Clerk,,Over Votes,,1
Warren,Queensbury - Ward 2 1,Queensbury Town Clerk,,Caroline H. Barber,REP,214
Warren,Queensbury - Ward 2 1,Queensbury Town Clerk,,Caroline H. Barber,CON,79
Warren,Queensbury - Ward 2 1,Queensbury Town Clerk,,Write-ins,,4
Warren,Queensbury - Ward 2 1,Queensbury Town Clerk,,Under Votes,,102
Warren,Queensbury - Ward 2 2,Queensbury Town Clerk,,Caroline H. Barber,REP,318
Warren,Queensbury - Ward 2 2,Queensbury Town Clerk,,Caroline H. Barber,CON,87
Warren,Queensbury - Ward 2 2,Queensbury Town Clerk,,Write-ins,,4
Warren,Queensbury - Ward 2 2,Queensbury Town Clerk,,Under Votes,,174
Warren,Queensbury - Ward 2 3,Queensbury Town Clerk,,Caroline H. Barber,REP,246
Warren,Queensbury - Ward 2 3,Queensbury Town Clerk,,Caroline H. Barber,CON,81
Warren,Queensbury - Ward 2 3,Queensbury Town Clerk,,Write-ins,,5
Warren,Queensbury - Ward 2 3,Queensbury Town Clerk,,Under Votes,,107
Warren,Queensbury - Ward 2 4,Queensbury Town Clerk,,Caroline H. Barber,REP,251
Warren,Queensbury - Ward 2 4,Queensbury Town Clerk,,Caroline H. Barber,CON,62
Warren,Queensbury - Ward 2 4,Queensbury Town Clerk,,Write-ins,,6
Warren,Queensbury - Ward 2 4,Queensbury Town Clerk,,Under Votes,,105
Warren,Queensbury - Ward 3 1,Queensbury Town Clerk,,Caroline H. Barber,REP,269
Warren,Queensbury - Ward 3 1,Queensbury Town Clerk,,Caroline H. Barber,CON,83
Warren,Queensbury - Ward 3 1,Queensbury Town Clerk,,Write-ins,,2
Warren,Queensbury - Ward 3 1,Queensbury Town Clerk,,Under Votes,,109
Warren,Queensbury - Ward 3 2,Queensbury Town Clerk,,Caroline H. Barber,REP,288
Warren,Queensbury - Ward 3 2,Queensbury Town Clerk,,Caroline H. Barber,CON,91
Warren,Queensbury - Ward 3 2,Queensbury Town Clerk,,Write-ins,,2
Warren,Queensbury - Ward 3 2,Queensbury Town Clerk,,Under Votes,,108
Warren,Queensbury - Ward 3 3,Queensbury Town Clerk,,Caroline H. Barber,REP,272
Warren,Queensbury - Ward 3 3,Queensbury Town Clerk,,Caroline H. Barber,CON,73
Warren,Queensbury - Ward 3 3,Queensbury Town Clerk,,Write-ins,,5
Warren,Queensbury - Ward 3 3,Queensbury Town Clerk,,Under Votes,,95
Warren,Queensbury - Ward 3 4,Queensbury Town Clerk,,Caroline H. Barber,REP,258
Warren,Queensbury - Ward 3 4,Queensbury Town Clerk,,Caroline H. Barber,CON,62
Warren,Queensbury - Ward 3 4,Queensbury Town Clerk,,Write-ins,,3
Warren,Queensbury - Ward 3 4,Queensbury Town Clerk,,Under Votes,,89
Warren,Queensbury - Ward 4 1,Queensbury Town Clerk,,Caroline H. Barber,REP,236
Warren,Queensbury - Ward 4 1,Queensbury Town Clerk,,Caroline H. Barber,CON,49
Warren,Queensbury - Ward 4 1,Queensbury Town Clerk,,Write-ins,,2
Warren,Queensbury - Ward 4 1,Queensbury Town Clerk,,Under Votes,,72
Warren,Queensbury - Ward 4 2,Queensbury Town Clerk,,Caroline H. Barber,REP,262
Warren,Queensbury - Ward 4 2,Queensbury Town Clerk,,Caroline H. Barber,CON,99
Warren,Queensbury - Ward 4 2,Queensbury Town Clerk,,Write-ins,,3
Warren,Queensbury - Ward 4 2,Queensbury Town Clerk,,Under Votes,,107
Warren,Queensbury - Ward 4 3,Queensbury Town Clerk,,Caroline H. Barber,REP,220
Warren,Queensbury - Ward 4 3,Queensbury Town Clerk,,Caroline H. Barber,CON,78
Warren,Queensbury - Ward 4 3,Queensbury Town Clerk,,Write-ins,,2
Warren,Queensbury - Ward 4 3,Queensbury Town Clerk,,Under Votes,,93
Warren,Queensbury - Ward 1 1,Queensbury Councilmember,1,Anthony Metivier,REP,368
Warren,Queensbury - Ward 1 1,Queensbury Councilmember,1,Write-ins,,14
Warren,Queensbury - Ward 1 1,Queensbury Councilmember,1,Under Votes,,127
Warren,Queensbury - Ward 1 2,Queensbury Councilmember,1,Anthony Metivier,REP,315
Warren,Queensbury - Ward 1 2,Queensbury Councilmember,1,Write-ins,,19
Warren,Queensbury - Ward 1 2,Queensbury Councilmember,1,Under Votes,,174
Warren,Queensbury - Ward 1 3,Queensbury Councilmember,1,Anthony Metivier,REP,339
Warren,Queensbury - Ward 1 3,Queensbury Councilmember,1,Write-ins,,19
Warren,Queensbury - Ward 1 3,Queensbury Councilmember,1,Under Votes,,161
Warren,Queensbury - Ward 1 4,Queensbury Councilmember,1,Anthony Metivier,REP,206
Warren,Queensbury - Ward 1 4,Queensbury Councilmember,1,Write-ins,,29
Warren,Queensbury - Ward 1 4,Queensbury Councilmember,1,Under Votes,,88
Warren,Queensbury - Ward 1 5,Queensbury Councilmember,1,Anthony Metivier,REP,292
Warren,Queensbury - Ward 1 5,Queensbury Councilmember,1,Write-ins,,28
Warren,Queensbury - Ward 1 5,Queensbury Councilmember,1,Under Votes,,115
Warren,Queensbury - Ward 2 1,Queensbury Councilmember,2,Scott Gushlaw,REP,264
Warren,Queensbury - Ward 2 1,Queensbury Councilmember,2,Write-ins,,14
Warren,Queensbury - Ward 2 1,Queensbury Councilmember,2,Under Votes,,121
Warren,Queensbury - Ward 2 2,Queensbury Councilmember,2,Scott Gushlaw,REP,351
Warren,Queensbury - Ward 2 2,Queensbury Councilmember,2,Write-ins,,16
Warren,Queensbury - Ward 2 2,Queensbury Councilmember,2,Under Votes,,216
Warren,Queensbury - Ward 2 3,Queensbury Councilmember,2,Scott Gushlaw,REP,284
Warren,Queensbury - Ward 2 3,Queensbury Councilmember,2,Write-ins,,27
Warren,Queensbury - Ward 2 3,Queensbury Councilmember,2,Under Votes,,128
Warren,Queensbury - Ward 2 4,Queensbury Councilmember,2,Scott Gushlaw,REP,278
Warren,Queensbury - Ward 2 4,Queensbury Councilmember,2,Write-ins,,15
Warren,Queensbury - Ward 2 4,Queensbury Councilmember,2,Under Votes,,131
Warren,Queensbury - Ward 3 1,Queensbury Councilmember,3,Rachel Hajos,REP,288
Warren,Queensbury - Ward 3 1,Queensbury Councilmember,3,Write-ins,,40
Warren,Queensbury - Ward 3 1,Queensbury Councilmember,3,Under Votes,,135
Warren,Queensbury - Ward 3 2,Queensbury Councilmember,3,Rachel Hajos,REP,345
Warren,Queensbury - Ward 3 2,Queensbury Councilmember,3,Write-ins,,14
Warren,Queensbury - Ward 3 2,Queensbury Councilmember,3,Under Votes,,130
Warren,Queensbury - Ward 3 3,Queensbury Councilmember,3,Rachel Hajos,REP,313
Warren,Queensbury - Ward 3 3,Queensbury Councilmember,3,Write-ins,,23
Warren,Queensbury - Ward 3 3,Queensbury Councilmember,3,Under Votes,,109
Warren,Queensbury - Ward 3 4,Queensbury Councilmember,3,Rachel Hajos,REP,292
Warren,Queensbury - Ward 3 4,Queensbury Councilmember,3,Write-ins,,6
Warren,Queensbury - Ward 3 4,Queensbury Councilmember,3,Under Votes,,114
Warren,Queensbury - Ward 4 1,Queensbury Councilmember,4,Timothy McNulty,REP,265
Warren,Queensbury - Ward 4 1,Queensbury Councilmember,4,Write-ins,,7
Warren,Queensbury - Ward 4 1,Queensbury Councilmember,4,Under Votes,,87
Warren,Queensbury - Ward 4 2,Queensbury Councilmember,4,Timothy McNulty,REP,291
Warren,Queensbury - Ward 4 2,Queensbury Councilmember,4,Write-ins,,51
Warren,Queensbury - Ward 4 2,Queensbury Councilmember,4,Under Votes,,129
Warren,Queensbury - Ward 4 3,Queensbury Councilmember,4,Timothy McNulty,REP,256
Warren,Queensbury - Ward 4 3,Queensbury Councilmember,4,Write-ins,,16
Warren,Queensbury - Ward 4 3,Queensbury Councilmember,4,Under Votes,,121
Warren,Queensbury - Ward 1 1,Queensbury Superintendent of Highways,,Corey Tilley,REP,365
Warren,Queensbury - Ward 1 1,Queensbury Superintendent of Highways,,Under Votes,,144
Warren,Queensbury - Ward 1 2,Queensbury Superintendent of Highways,,Corey Tilley,REP,324
Warren,Queensbury - Ward 1 2,Queensbury Superintendent of Highways,,Write-ins,,2
Warren,Queensbury - Ward 1 2,Queensbury Superintendent of Highways,,Under Votes,,182
Warren,Queensbury - Ward 1 3,Queensbury Superintendent of Highways,,Corey Tilley,REP,350
Warren,Queensbury - Ward 1 3,Queensbury Superintendent of Highways,,Write-ins,,1
Warren,Queensbury - Ward 1 3,Queensbury Superintendent of Highways,,Under Votes,,168
Warren,Queensbury - Ward 1 4,Queensbury Superintendent of Highways,,Corey Tilley,REP,217
Warren,Queensbury - Ward 1 4,Queensbury Superintendent of Highways,,Write-ins,,2
Warren,Queensbury - Ward 1 4,Queensbury Superintendent of Highways,,Under Votes,,104
Warren,Queensbury - Ward 1 5,Queensbury Superintendent of Highways,,Corey Tilley,REP,296
Warren,Queensbury - Ward 1 5,Queensbury Superintendent of Highways,,Under Votes,,139
Warren,Queensbury - Ward 2 1,Queensbury Superintendent of Highways,,Corey Tilley,REP,267
Warren,Queensbury - Ward 2 1,Queensbury Superintendent of Highways,,Write-ins,,6
Warren,Queensbury - Ward 2 1,Queensbury Superintendent of Highways,,Under Votes,,126
Warren,Queensbury - Ward 2 2,Queensbury Superintendent of Highways,,Corey Tilley,REP,370
Warren,Queensbury - Ward 2 2,Queensbury Superintendent of Highways,,Write-ins,,3
Warren,Queensbury - Ward 2 2,Queensbury Superintendent of Highways,,Under Votes,,210
Warren,Queensbury - Ward 2 3,Queensbury Superintendent of Highways,,Corey Tilley,REP,294
Warren,Queensbury - Ward 2 3,Queensbury Superintendent of Highways,,Write-ins,,4
Warren,Queensbury - Ward 2 3,Queensbury Superintendent of Highways,,Under Votes,,141
Warren,Queensbury - Ward 2 4,Queensbury Superintendent of Highways,,Corey Tilley,REP,281
Warren,Queensbury - Ward 2 4,Queensbury Superintendent of Highways,,Write-ins,,5
Warren,Queensbury - Ward 2 4,Queensbury Superintendent of Highways,,Under Votes,,138
Warren,Queensbury - Ward 3 1,Queensbury Superintendent of Highways,,Corey Tilley,REP,295
Warren,Queensbury - Ward 3 1,Queensbury Superintendent of Highways,,Write-ins,,3
Warren,Queensbury - Ward 3 1,Queensbury Superintendent of Highways,,Under Votes,,165
Warren,Queensbury - Ward 3 2,Queensbury Superintendent of Highways,,Corey Tilley,REP,354
Warren,Queensbury - Ward 3 2,Queensbury Superintendent of Highways,,Write-ins,,1
Warren,Queensbury - Ward 3 2,Queensbury Superintendent of Highways,,Under Votes,,134
Warren,Queensbury - Ward 3 3,Queensbury Superintendent of Highways,,Corey Tilley,REP,318
Warren,Queensbury - Ward 3 3,Queensbury Superintendent of Highways,,Write-ins,,6
Warren,Queensbury - Ward 3 3,Queensbury Superintendent of Highways,,Under Votes,,121
Warren,Queensbury - Ward 3 4,Queensbury Superintendent of Highways,,Corey Tilley,REP,299
Warren,Queensbury - Ward 3 4,Queensbury Superintendent of Highways,,Write-ins,,2
Warren,Queensbury - Ward 3 4,Queensbury Superintendent of Highways,,Under Votes,,111
Warren,Queensbury - Ward 4 1,Queensbury Superintendent of Highways,,Corey Tilley,REP,264
Warren,Queensbury - Ward 4 1,Queensbury Superintendent of Highways,,Write-ins,,1
Warren,Queensbury - Ward 4 1,Queensbury Superintendent of Highways,,Under Votes,,94
Warren,Queensbury - Ward 4 2,Queensbury Superintendent of Highways,,Corey Tilley,REP,319
Warren,Queensbury - Ward 4 2,Queensbury Superintendent of Highways,,Write-ins,,3
Warren,Queensbury - Ward 4 2,Queensbury Superintendent of Highways,,Under Votes,,149
Warren,Queensbury - Ward 4 3,Queensbury Superintendent of Highways,,Corey Tilley,REP,266
Warren,Queensbury - Ward 4 3,Queensbury Superintendent of Highways,,Write-ins,,4
Warren,Queensbury - Ward 4 3,Queensbury Superintendent of Highways,,Under Votes,,123
Warren,Queensbury - Ward 1 1,Queensbury Town Justice,,Daniel Mannix,REP,370
Warren,Queensbury - Ward 1 1,Queensbury Town Justice,,Under Votes,,139
Warren,Queensbury - Ward 1 2,Queensbury Town Justice,,Daniel Mannix,REP,324
Warren,Queensbury - Ward 1 2,Queensbury Town Justice,,Write-ins,,2
Warren,Queensbury - Ward 1 2,Queensbury Town Justice,,Under Votes,,182
Warren,Queensbury - Ward 1 3,Queensbury Town Justice,,Daniel Mannix,REP,351
Warren,Queensbury - Ward 1 3,Queensbury Town Justice,,Write-ins,,2
Warren,Queensbury - Ward 1 3,Queensbury Town Justice,,Under Votes,,166
Warren,Queensbury - Ward 1 4,Queensbury Town Justice,,Daniel Mannix,REP,219
Warren,Queensbury - Ward 1 4,Queensbury Town Justice,,Write-ins,,1
Warren,Queensbury - Ward 1 4,Queensbury Town Justice,,Under Votes,,103
Warren,Queensbury - Ward 1 5,Queensbury Town Justice,,Daniel Mannix,REP,301
Warren,Queensbury - Ward 1 5,Queensbury Town Justice,,Under Votes,,134
Warren,Queensbury - Ward 2 1,Queensbury Town Justice,,Daniel Mannix,REP,275
Warren,Queensbury - Ward 2 1,Queensbury Town Justice,,Write-ins,,4
Warren,Queensbury - Ward 2 1,Queensbury Town Justice,,Under Votes,,120
Warren,Queensbury - Ward 2 2,Queensbury Town Justice,,Daniel Mannix,REP,382
Warren,Queensbury - Ward 2 2,Queensbury Town Justice,,Write-ins,,3
Warren,Queensbury - Ward 2 2,Queensbury Town Justice,,Under Votes,,198
Warren,Queensbury - Ward 2 3,Queensbury Town Justice,,Daniel Mannix,REP,292
Warren,Queensbury - Ward 2 3,Queensbury Town Justice,,Write-ins,,4
Warren,Queensbury - Ward 2 3,Queensbury Town Justice,,Under Votes,,143
Warren,Queensbury - Ward 2 4,Queensbury Town Justice,,Daniel Mannix,REP,284
Warren,Queensbury - Ward 2 4,Queensbury Town Justice,,Write-ins,,6
Warren,Queensbury - Ward 2 4,Queensbury Town Justice,,Under Votes,,134
Warren,Queensbury - Ward 3 1,Queensbury Town Justice,,Daniel Mannix,REP,301
Warren,Queensbury - Ward 3 1,Queensbury Town Justice,,Write-ins,,1
Warren,Queensbury - Ward 3 1,Queensbury Town Justice,,Under Votes,,161
Warren,Queensbury - Ward 3 2,Queensbury Town Justice,,Daniel Mannix,REP,348
Warren,Queensbury - Ward 3 2,Queensbury Town Justice,,Write-ins,,4
Warren,Queensbury - Ward 3 2,Queensbury Town Justice,,Under Votes,,136
Warren,Queensbury - Ward 3 2,Queensbury Town Justice,,Over Votes,,1
Warren,Queensbury - Ward 3 3,Queensbury Town Justice,,Daniel Mannix,REP,307
Warren,Queensbury - Ward 3 3,Queensbury Town Justice,,Write-ins,,7
Warren,Queensbury - Ward 3 3,Queensbury Town Justice,,Under Votes,,131
Warren,Queensbury - Ward 3 4,Queensbury Town Justice,,Daniel Mannix,REP,310
Warren,Queensbury - Ward 3 4,Queensbury Town Justice,,Write-ins,,3
Warren,Queensbury - Ward 3 4,Queensbury Town Justice,,Under Votes,,99
Warren,Queensbury - Ward 4 1,Queensbury Town Justice,,Daniel Mannix,REP,269
Warren,Queensbury - Ward 4 1,Queensbury Town Justice,,Write-ins,,2
Warren,Queensbury - Ward 4 1,Queensbury Town Justice,,Under Votes,,88
Warren,Queensbury - Ward 4 2,Queensbury Town Justice,,Daniel Mannix,REP,325
Warren,Queensbury - Ward 4 2,Queensbury Town Justice,,Write-ins,,4
Warren,Queensbury - Ward 4 2,Queensbury Town Justice,,Under Votes,,142
Warren,Queensbury - Ward 4 3,Queensbury Town Justice,,Daniel Mannix,REP,278
Warren,Queensbury - Ward 4 3,Queensbury Town Justice,,Write-ins,,3
Warren,Queensbury - Ward 4 3,Queensbury Town Justice,,Under Votes,,112
Warren,Queensbury - Ward 1 1,Queensbury Crandall Library Trustee,,Joanne Swanson,,273
Warren,Queensbury - Ward 1 1,Queensbury Crandall Library Trustee,,Write-ins,,2
Warren,Queensbury - Ward 1 1,Queensbury Crandall Library Trustee,,Under Votes,,234
Warren,Queensbury - Ward 1 2,Queensbury Crandall Library Trustee,,Joanne Swanson,,303
Warren,Queensbury - Ward 1 2,Queensbury Crandall Library Trustee,,Write-ins,,3
Warren,Queensbury - Ward 1 2,Queensbury Crandall Library Trustee,,Under Votes,,202
Warren,Queensbury - Ward 1 3,Queensbury Crandall Library Trustee,,Joanne Swanson,,284
Warren,Queensbury - Ward 1 3,Queensbury Crandall Library Trustee,,Write-ins,,2
Warren,Queensbury - Ward 1 3,Queensbury Crandall Library Trustee,,Under Votes,,233
Warren,Queensbury - Ward 1 4,Queensbury Crandall Library Trustee,,Joanne Swanson,,162
Warren,Queensbury - Ward 1 4,Queensbury Crandall Library Trustee,,Write-ins,,1
Warren,Queensbury - Ward 1 4,Queensbury Crandall Library Trustee,,Under Votes,,160
Warren,Queensbury - Ward 1 5,Queensbury Crandall Library Trustee,,Joanne Swanson,,269
Warren,Queensbury - Ward 1 5,Queensbury Crandall Library Trustee,,Under Votes,,166
Warren,Queensbury - Ward 2 1,Queensbury Crandall Library Trustee,,Joanne Swanson,,225
Warren,Queensbury - Ward 2 1,Queensbury Crandall Library Trustee,,Write-ins,,3
Warren,Queensbury - Ward 2 1,Queensbury Crandall Library Trustee,,Under Votes,,171
Warren,Queensbury - Ward 2 2,Queensbury Crandall Library Trustee,,Joanne Swanson,,338
Warren,Queensbury - Ward 2 2,Queensbury Crandall Library Trustee,,Write-ins,,2
Warren,Queensbury - Ward 2 2,Queensbury Crandall Library Trustee,,Under Votes,,243
Warren,Queensbury - Ward 2 3,Queensbury Crandall Library Trustee,,Joanne Swanson,,299
Warren,Queensbury - Ward 2 3,Queensbury Crandall Library Trustee,,Write-ins,,4
Warren,Queensbury - Ward 2 3,Queensbury Crandall Library Trustee,,Under Votes,,136
Warren,Queensbury - Ward 2 4,Queensbury Crandall Library Trustee,,Joanne Swanson,,246
Warren,Queensbury - Ward 2 4,Queensbury Crandall Library Trustee,,Under Votes,,178
Warren,Queensbury - Ward 3 1,Queensbury Crandall Library Trustee,,Joanne Swanson,,290
Warren,Queensbury - Ward 3 1,Queensbury Crandall Library Trustee,,Write-ins,,1
Warren,Queensbury - Ward 3 1,Queensbury Crandall Library Trustee,,Under Votes,,172
Warren,Queensbury - Ward 3 2,Queensbury Crandall Library Trustee,,Joanne Swanson,,294
Warren,Queensbury - Ward 3 2,Queensbury Crandall Library Trustee,,Write-ins,,1
Warren,Queensbury - Ward 3 2,Queensbury Crandall Library Trustee,,Under Votes,,194
Warren,Queensbury - Ward 3 3,Queensbury Crandall Library Trustee,,Joanne Swanson,,275
Warren,Queensbury - Ward 3 3,Queensbury Crandall Library Trustee,,Under Votes,,170
Warren,Queensbury - Ward 3 4,Queensbury Crandall Library Trustee,,Joanne Swanson,,240
Warren,Queensbury - Ward 3 4,Queensbury Crandall Library Trustee,,Write-ins,,1
Warren,Queensbury - Ward 3 4,Queensbury Crandall Library Trustee,,Under Votes,,171
Warren,Queensbury - Ward 4 1,Queensbury Crandall Library Trustee,,Joanne Swanson,,217
Warren,Queensbury - Ward 4 1,Queensbury Crandall Library Trustee,,Under Votes,,142
Warren,Queensbury - Ward 4 2,Queensbury Crandall Library Trustee,,Joanne Swanson,,309
Warren,Queensbury - Ward 4 2,Queensbury Crandall Library Trustee,,Write-ins,,6
Warren,Queensbury - Ward 4 2,Queensbury Crandall Library Trustee,,Under Votes,,156
Warren,Queensbury - Ward 4 3,Queensbury Crandall Library Trustee,,Joanne Swanson,,255
Warren,Queensbury - Ward 4 3,Queensbury Crandall Library Trustee,,Write-ins,,2
Warren,Queensbury - Ward 4 3,Queensbury Crandall Library Trustee,,Under Votes,,136
Warren,Queensbury - Ward 1 1,Queensbury Proposal Number Two (Crandall Library Budget),,Yes,,248
Warren,Queensbury - Ward 1 1,Queensbury Proposal Number Two (Crandall Library Budget),,No,,248
Warren,Queensbury - Ward 1 1,Queensbury Proposal Number Two (Crandall Library Budget),,Under Votes,,13
Warren,Queensbury - Ward 1 2,Queensbury Proposal Number Two (Crandall Library Budget),,Yes,,336
Warren,Queensbury - Ward 1 2,Queensbury Proposal Number Two (Crandall Library Budget),,No,,161
Warren,Queensbury - Ward 1 2,Queensbury Proposal Number Two (Crandall Library Budget),,Under Votes,,11
Warren,Queensbury - Ward 1 3,Queensbury Proposal Number Two (Crandall Library Budget),,Yes,,294
Warren,Queensbury - Ward 1 3,Queensbury Proposal Number Two (Crandall Library Budget),,No,,215
Warren,Queensbury - Ward 1 3,Queensbury Proposal Number Two (Crandall Library Budget),,Under Votes,,10
Warren,Queensbury - Ward 1 4,Queensbury Proposal Number Two (Crandall Library Budget),,Yes,,155
Warren,Queensbury - Ward 1 4,Queensbury Proposal Number Two (Crandall Library Budget),,No,,157
Warren,Queensbury - Ward 1 4,Queensbury Proposal Number Two (Crandall Library Budget),,Under Votes,,11
Warren,Queensbury - Ward 1 5,Queensbury Proposal Number Two (Crandall Library Budget),,Yes,,298
Warren,Queensbury - Ward 1 5,Queensbury Proposal Number Two (Crandall Library Budget),,No,,127
Warren,Queensbury - Ward 1 5,Queensbury Proposal Number Two (Crandall Library Budget),,Under Votes,,10
Warren,Queensbury - Ward 2 1,Queensbury Proposal Number Two (Crandall Library Budget),,Yes,,234
Warren,Queensbury - Ward 2 1,Queensbury Proposal Number Two (Crandall Library Budget),,No,,159
Warren,Queensbury - Ward 2 1,Queensbury Proposal Number Two (Crandall Library Budget),,Under Votes,,6
Warren,Queensbury - Ward 2 2,Queensbury Proposal Number Two (Crandall Library Budget),,Yes,,399
Warren,Queensbury - Ward 2 2,Queensbury Proposal Number Two (Crandall Library Budget),,No,,173
Warren,Queensbury - Ward 2 2,Queensbury Proposal Number Two (Crandall Library Budget),,Under Votes,,11
Warren,Queensbury - Ward 2 3,Queensbury Proposal Number Two (Crandall Library Budget),,Yes,,309
Warren,Queensbury - Ward 2 3,Queensbury Proposal Number Two (Crandall Library Budget),,No,,121
Warren,Queensbury - Ward 2 3,Queensbury Proposal Number Two (Crandall Library Budget),,Under Votes,,9
Warren,Queensbury - Ward 2 4,Queensbury Proposal Number Two (Crandall Library Budget),,Yes,,266
Warren,Queensbury - Ward 2 4,Queensbury Proposal Number Two (Crandall Library Budget),,No,,148
Warren,Queensbury - Ward 2 4,Queensbury Proposal Number Two (Crandall Library Budget),,Under Votes,,10
Warren,Queensbury - Ward 3 1,Queensbury Proposal Number Two (Crandall Library Budget),,Yes,,300
Warren,Queensbury - Ward 3 1,Queensbury Proposal Number Two (Crandall Library Budget),,No,,157
Warren,Queensbury - Ward 3 1,Queensbury Proposal Number Two (Crandall Library Budget),,Under Votes,,6
Warren,Queensbury - Ward 3 2,Queensbury Proposal Number Two (Crandall Library Budget),,Yes,,295
Warren,Queensbury - Ward 3 2,Queensbury Proposal Number Two (Crandall Library Budget),,No,,184
Warren,Queensbury - Ward 3 2,Queensbury Proposal Number Two (Crandall Library Budget),,Under Votes,,10
Warren,Queensbury - Ward 3 3,Queensbury Proposal Number Two (Crandall Library Budget),,Yes,,268
Warren,Queensbury - Ward 3 3,Queensbury Proposal Number Two (Crandall Library Budget),,No,,170
Warren,Queensbury - Ward 3 3,Queensbury Proposal Number Two (Crandall Library Budget),,Under Votes,,7
Warren,Queensbury - Ward 3 4,Queensbury Proposal Number Two (Crandall Library Budget),,Yes,,214
Warren,Queensbury - Ward 3 4,Queensbury Proposal Number Two (Crandall Library Budget),,No,,188
Warren,Queensbury - Ward 3 4,Queensbury Proposal Number Two (Crandall Library Budget),,Under Votes,,10
Warren,Queensbury - Ward 4 1,Queensbury Proposal Number Two (Crandall Library Budget),,Yes,,184
Warren,Queensbury - Ward 4 1,Queensbury Proposal Number Two (Crandall Library Budget),,No,,168
Warren,Queensbury - Ward 4 1,Queensbury Proposal Number Two (Crandall Library Budget),,Under Votes,,7
Warren,Queensbury - Ward 4 2,Queensbury Proposal Number Two (Crandall Library Budget),,Yes,,283
Warren,Queensbury - Ward 4 2,Queensbury Proposal Number Two (Crandall Library Budget),,No,,178
Warren,Queensbury - Ward 4 2,Queensbury Proposal Number Two (Crandall Library Budget),,Under Votes,,10
Warren,Queensbury - Ward 4 3,Queensbury Proposal Number Two (Crandall Library Budget),,Yes,,223
Warren,Queensbury - Ward 4 3,Queensbury Proposal Number Two (Crandall Library Budget),,No,,166
Warren,Queensbury - Ward 4 3,Queensbury Proposal Number Two (Crandall Library Budget),,Under Votes,,4
Warren,Stony Creek 1,Stony Creek Town Supervisor,,John F. O'Neill,Home Is Here,154
Warren,Stony Creek 1,Stony Creek Town Supervisor,,Nathan J. Thomas,Sasquatch,109
Warren,Stony Creek 1,Stony Creek Town Supervisor,,Write-ins,,3
Warren,Stony Creek 1,Stony Creek Town Supervisor,,Under Votes,,14
Warren,Stony Creek 1,Stony Creek Town Supervisor,,Over Votes,,1
Warren,Stony Creek 1,Stony Creek Town Clerk,,Susan I. Harrington,REP,242
Warren,Stony Creek 1,Stony Creek Town Clerk,,Write-ins,,1
Warren,Stony Creek 1,Stony Creek Town Clerk,,Under Votes,,38
Warren,Stony Creek 1,Stony Creek Town Councilmember,,Johanna Webster,REP,112
Warren,Stony Creek 1,Stony Creek Town Councilmember,,Sandra G. Farrell,REP,205
Warren,Stony Creek 1,Stony Creek Town Councilmember,,Preston Russell,Preston Russell Party,133
Warren,Stony Creek 1,Stony Creek Town Councilmember,,Write-ins,,11
Warren,Stony Creek 1,Stony Creek Town Councilmember,,Under Votes,,101
Warren,Stony Creek 1,Stony Creek Superintendent of Highways,,Neil P. Bradley,REP,204
Warren,Stony Creek 1,Stony Creek Superintendent of Highways,,Write-ins,,11
Warren,Stony Creek 1,Stony Creek Superintendent of Highways,,Under Votes,,66
Warren,Thurman 1,Thurman Town Supervisor,,Debra C. Runyon,REP,147
Warren,Thurman 1,Thurman Town Supervisor,,Write-ins,,12
Warren,Thurman 1,Thurman Town Supervisor,,Under Votes,,38
Warren,Thurman 1,Thurman Town Clerk,,Cynthia R. Hyde,DEM,140
Warren,Thurman 1,Thurman Town Clerk,,Write-ins,,4
Warren,Thurman 1,Thurman Town Clerk,,Under Votes,,53
Warren,Thurman 1,Thurman Town Councilmember,,Eugene F. Barnaby Jr.,REP,123
Warren,Thurman 1,Thurman Town Councilmember,,Douglas H. Needham,REP,121
Warren,Thurman 1,Thurman Town Councilmember,,Write-ins,,11
Warren,Thurman 1,Thurman Town Councilmember,,Under Votes,,139
Warren,Thurman 1,Thurman Superintendent of Highways,,Patrick S. Wood,REP,151
Warren,Thurman 1,Thurman Superintendent of Highways,,Write-ins,,5
Warren,Thurman 1,Thurman Superintendent of Highways,,Under Votes,,41
Warren,Warrensburg 1,Warrensburg Town Supervisor,,Kevin B. Geraghty,REP,218
Warren,Warrensburg 1,Warrensburg Town Supervisor,,Kevin B. Geraghty,CON,51
Warren,Warrensburg 1,Warrensburg Town Supervisor,,Write-ins,,9
Warren,Warrensburg 1,Warrensburg Town Supervisor,,Under Votes,,106
Warren,Warrensburg 2,Warrensburg Town Supervisor,,Kevin B. Geraghty,REP,215
Warren,Warrensburg 2,Warrensburg Town Supervisor,,Kevin B. Geraghty,CON,51
Warren,Warrensburg 2,Warrensburg Town Supervisor,,Write-ins,,16
Warren,Warrensburg 2,Warrensburg Town Supervisor,,Under Votes,,96
Warren,Warrensburg 1,Warrensburg Town Councilmember,,Bryan Rounds,REP,187
Warren,Warrensburg 1,Warrensburg Town Councilmember,,J. Scott Combs,REP,199
Warren,Warrensburg 1,Warrensburg Town Councilmember,,Karl J. Duell IV,Freedom Warrensburg,168
Warren,Warrensburg 1,Warrensburg Town Councilmember,,Janet Tallman,Tallman For Party,99
Warren,Warrensburg 1,Warrensburg Town Councilmember,,Write-ins,,2
Warren,Warrensburg 1,Warrensburg Town Councilmember,,Under Votes,,109
Warren,Warrensburg 1,Warrensburg Town Councilmember,,Over Votes,,4
Warren,Warrensburg 2,Warrensburg Town Councilmember,,Bryan Rounds,REP,174
Warren,Warrensburg 2,Warrensburg Town Councilmember,,J. Scott Combs,REP,175
Warren,Warrensburg 2,Warrensburg Town Councilmember,,Karl J. Duell IV,Freedom Warrensburg,169
Warren,Warrensburg 2,Warrensburg Town Councilmember,,Janet Tallman,Tallman For Party,109
Warren,Warrensburg 2,Warrensburg Town Councilmember,,Write-ins,,8
Warren,Warrensburg 2,Warrensburg Town Councilmember,,Under Votes,,109
Warren,Warrensburg 2,Warrensburg Town Councilmember,,Over Votes,,12
Warren,Warrensburg 1,Warrensburg Town Justice,,Kathleen Ferullo,REP,242
Warren,Warrensburg 1,Warrensburg Town Justice,,Mindy Fisk,REP,297
Warren,Warrensburg 1,Warrensburg Town Justice,,Under Votes,,229
Warren,Warrensburg 2,Warrensburg Town Justice,,Kathleen Ferullo,REP,237
Warren,Warrensburg 2,Warrensburg Town Justice,,Mindy Fisk,REP,278
Warren,Warrensburg 2,Warrensburg Town Justice,,Write-ins,,10
Warren,Warrensburg 2,Warrensburg Town Justice,,Under Votes,,231
Warren,Bolton 1,Proposal Number One,,Yes,,447
Warren,Bolton 1,Proposal Number One,,No,,208
Warren,Bolton 1,Proposal Number One,,Under Votes,,65
Warren,Chester 1,Proposal Number One,,Yes,,281
Warren,Chester 1,Proposal Number One,,No,,182
Warren,Chester 1,Proposal Number One,,Under Votes,,11
Warren,Chester 2,Proposal Number One,,Yes,,203
Warren,Chester 2,Proposal Number One,,No,,123
Warren,Chester 2,Proposal Number One,,Under Votes,,7
Warren,Glens Falls - Ward 1 1,Proposal Number One,,Yes,,191
Warren,Glens Falls - Ward 1 1,Proposal Number One,,No,,106
Warren,Glens Falls - Ward 1 1,Proposal Number One,,Under Votes,,19
Warren,Glens Falls - Ward 2 1,Proposal Number One,,Yes,,412
Warren,Glens Falls - Ward 2 1,Proposal Number One,,No,,200
Warren,Glens Falls - Ward 2 1,Proposal Number One,,Under Votes,,13
Warren,Glens Falls - Ward 3 1,Proposal Number One,,Yes,,433
Warren,Glens Falls - Ward 3 1,Proposal Number One,,No,,212
Warren,Glens Falls - Ward 3 1,Proposal Number One,,Under Votes,,21
Warren,Glens Falls - Ward 4 1,Proposal Number One,,Yes,,298
Warren,Glens Falls - Ward 4 1,Proposal Number One,,No,,88
Warren,Glens Falls - Ward 4 1,Proposal Number One,,Under Votes,,15
Warren,Glens Falls - Ward 4 2,Proposal Number One,,Yes,,216
Warren,Glens Falls - Ward 4 2,Proposal Number One,,No,,85
Warren,Glens Falls - Ward 4 2,Proposal Number One,,Under Votes,,13
Warren,Glens Falls - Ward 5 1,Proposal Number One,,Yes,,163
Warren,Glens Falls - Ward 5 1,Proposal Number One,,No,,90
Warren,Glens Falls - Ward 5 1,Proposal Number One,,Under Votes,,13
Warren,Glens Falls - Ward 5 2,Proposal Number One,,Yes,,149
Warren,Glens Falls - Ward 5 2,Proposal Number One,,No,,63
Warren,Glens Falls - Ward 5 2,Proposal Number One,,Under Votes,,7
Warren,Hague 1,Proposal Number One,,Yes,,215
Warren,Hague 1,Proposal Number One,,No,,74
Warren,Hague 1,Proposal Number One,,Under Votes,,42
Warren,Horicon 1,Proposal Number One,,Yes,,277
Warren,Horicon 1,Proposal Number One,,No,,148
Warren,Horicon 1,Proposal Number One,,Under Votes,,15
Warren,Johnsburg 1,Proposal Number One,,Yes,,403
Warren,Johnsburg 1,Proposal Number One,,No,,244
Warren,Johnsburg 1,Proposal Number One,,Under Votes,,23
Warren,Johnsburg 1,Proposal Number One,,Over Votes,,1
Warren,Lake George 1,Proposal Number One,,Yes,,179
Warren,Lake George 1,Proposal Number One,,No,,73
Warren,Lake George 1,Proposal Number One,,Under Votes,,12
Warren,Lake George 2,Proposal Number One,,Yes,,256
Warren,Lake George 2,Proposal Number One,,No,,97
Warren,Lake George 2,Proposal Number One,,Under Votes,,23
Warren,Lake Luzerne 1,Proposal Number One,,Yes,,181
Warren,Lake Luzerne 1,Proposal Number One,,No,,84
Warren,Lake Luzerne 1,Proposal Number One,,Under Votes,,14
Warren,Lake Luzerne 2,Proposal Number One,,Yes,,132
Warren,Lake Luzerne 2,Proposal Number One,,No,,73
Warren,Lake Luzerne 2,Proposal Number One,,Under Votes,,4
Warren,Queensbury - Ward 1 1,Proposal Number One,,Yes,,354
Warren,Queensbury - Ward 1 1,Proposal Number One,,No,,142
Warren,Queensbury - Ward 1 1,Proposal Number One,,Under Votes,,13
Warren,Queensbury - Ward 1 2,Proposal Number One,,Yes,,334
Warren,Queensbury - Ward 1 2,Proposal Number One,,No,,156
Warren,Queensbury - Ward 1 2,Proposal Number One,,Under Votes,,18
Warren,Queensbury - Ward 1 3,Proposal Number One,,Yes,,332
Warren,Queensbury - Ward 1 3,Proposal Number One,,No,,172
Warren,Queensbury - Ward 1 3,Proposal Number One,,Under Votes,,15
Warren,Queensbury - Ward 1 4,Proposal Number One,,Yes,,206
Warren,Queensbury - Ward 1 4,Proposal Number One,,No,,99
Warren,Queensbury - Ward 1 4,Proposal Number One,,Under Votes,,18
Warren,Queensbury - Ward 1 5,Proposal Number One,,Yes,,314
Warren,Queensbury - Ward 1 5,Proposal Number One,,No,,104
Warren,Queensbury - Ward 1 5,Proposal Number One,,Under Votes,,17
Warren,Queensbury - Ward 2 1,Proposal Number One,,Yes,,243
Warren,Queensbury - Ward 2 1,Proposal Number One,,No,,143
Warren,Queensbury - Ward 2 1,Proposal Number One,,Under Votes,,13
Warren,Queensbury - Ward 2 2,Proposal Number One,,Yes,,401
Warren,Queensbury - Ward 2 2,Proposal Number One,,No,,163
Warren,Queensbury - Ward 2 2,Proposal Number One,,Under Votes,,19
Warren,Queensbury - Ward 2 3,Proposal Number One,,Yes,,302
Warren,Queensbury - Ward 2 3,Proposal Number One,,No,,124
Warren,Queensbury - Ward 2 3,Proposal Number One,,Under Votes,,13
Warren,Queensbury - Ward 2 4,Proposal Number One,,Yes,,268
Warren,Queensbury - Ward 2 4,Proposal Number One,,No,,139
Warren,Queensbury - Ward 2 4,Proposal Number One,,Under Votes,,17
Warren,Queensbury - Ward 3 1,Proposal Number One,,Yes,,340
Warren,Queensbury - Ward 3 1,Proposal Number One,,No,,114
Warren,Queensbury - Ward 3 1,Proposal Number One,,Under Votes,,9
Warren,Queensbury - Ward 3 2,Proposal Number One,,Yes,,328
Warren,Queensbury - Ward 3 2,Proposal Number One,,No,,148
Warren,Queensbury - Ward 3 2,Proposal Number One,,Under Votes,,13
Warren,Queensbury - Ward 3 3,Proposal Number One,,Yes,,300
Warren,Queensbury - Ward 3 3,Proposal Number One,,No,,135
Warren,Queensbury - Ward 3 3,Proposal Number One,,Under Votes,,10
Warren,Queensbury - Ward 3 4,Proposal Number One,,Yes,,270
Warren,Queensbury - Ward 3 4,Proposal Number One,,No,,129
Warren,Queensbury - Ward 3 4,Proposal Number One,,Under Votes,,13
Warren,Queensbury - Ward 4 1,Proposal Number One,,Yes,,212
Warren,Queensbury - Ward 4 1,Proposal Number One,,No,,138
Warren,Queensbury - Ward 4 1,Proposal Number One,,Under Votes,,9
Warren,Queensbury - Ward 4 2,Proposal Number One,,Yes,,307
Warren,Queensbury - Ward 4 2,Proposal Number One,,No,,148
Warren,Queensbury - Ward 4 2,Proposal Number One,,Under Votes,,15
Warren,Queensbury - Ward 4 2,Proposal Number One,,Over Votes,,1
Warren,Queensbury - Ward 4 3,Proposal Number One,,Yes,,273
Warren,Queensbury - Ward 4 3,Proposal Number One,,No,,114
Warren,Queensbury - Ward 4 3,Proposal Number One,,Under Votes,,6
Warren,Stony Creek 1,Proposal Number One,,Yes,,96
Warren,Stony Creek 1,Proposal Number One,,No,,143
Warren,Stony Creek 1,Proposal Number One,,Under Votes,,42
Warren,Thurman 1,Proposal Number One,,Yes,,73
Warren,Thurman 1,Proposal Number One,,No,,107
Warren,Thurman 1,Proposal Number One,,Under Votes,,17
Warren,Warrensburg 1,Proposal Number One,,Yes,,228
Warren,Warrensburg 1,Proposal Number One,,No,,124
Warren,Warrensburg 1,Proposal Number One,,Under Votes,,32
Warren,Warrensburg 2,Proposal Number One,,Yes,,213
Warren,Warrensburg 2,Proposal Number One,,No,,140
Warren,Warrensburg 2,Proposal Number One,,Under Votes,,25
