county,precinct,office,district,candidate,party,votes
Cattaraugus,City of Olean Ward 1,State Supreme Court Justice,8,Shannon Heneghan,WOR,16
Cattaraugus,City of Olean Ward 1,State Supreme Court Justice,8,Shannon Heneghan,DEM,175
Cattaraugus,City of Olean Ward 1,State Supreme Court Justice,8,Shannon Heneghan,REP,200
Cattaraugus,City of Olean Ward 1,State Supreme Court Justice,8,Shannon Heneghan,CON,26
Cattaraugus,City of Olean Ward 1,State Supreme Court Justice,8,Jorge S. deRosas,CON,25
Cattaraugus,City of Olean Ward 1,State Supreme Court Justice,8,Jorge S. deRosas,DEM,172
Cattaraugus,City of Olean Ward 1,State Supreme Court Justice,8,Jorge S. deRosas,REP,180
Cattaraugus,City of Olean Ward 1,State Supreme Court Justice,8,Write-in,,0
Cattaraugus,City of Olean Ward 1,State Supreme Court Justice,8,Under Votes,,204
Cattaraugus,City of Olean Ward 1,State Supreme Court Justice,8,Over Votes,,0
Cattaraugus,City of Olean Ward 2,State Supreme Court Justice,8,Shannon Heneghan,CON,31
Cattaraugus,City of Olean Ward 2,State Supreme Court Justice,8,Shannon Heneghan,REP,206
Cattaraugus,City of Olean Ward 2,State Supreme Court Justice,8,Shannon Heneghan,WOR,12
Cattaraugus,City of Olean Ward 2,State Supreme Court Justice,8,Shannon Heneghan,DEM,177
Cattaraugus,City of Olean Ward 2,State Supreme Court Justice,8,Jorge S. deRosas,DEM,162
Cattaraugus,City of Olean Ward 2,State Supreme Court Justice,8,Jorge S. deRosas,CON,30
Cattaraugus,City of Olean Ward 2,State Supreme Court Justice,8,Jorge S. deRosas,REP,202
Cattaraugus,City of Olean Ward 2,State Supreme Court Justice,8,Write-in,,0
Cattaraugus,City of Olean Ward 2,State Supreme Court Justice,8,Under Votes,,212
Cattaraugus,City of Olean Ward 2,State Supreme Court Justice,8,Over Votes,,0
Cattaraugus,City of Olean Ward 3,State Supreme Court Justice,8,Shannon Heneghan,REP,128
Cattaraugus,City of Olean Ward 3,State Supreme Court Justice,8,Shannon Heneghan,CON,18
Cattaraugus,City of Olean Ward 3,State Supreme Court Justice,8,Shannon Heneghan,WOR,16
Cattaraugus,City of Olean Ward 3,State Supreme Court Justice,8,Shannon Heneghan,DEM,141
Cattaraugus,City of Olean Ward 3,State Supreme Court Justice,8,Jorge S. deRosas,REP,122
Cattaraugus,City of Olean Ward 3,State Supreme Court Justice,8,Jorge S. deRosas,DEM,140
Cattaraugus,City of Olean Ward 3,State Supreme Court Justice,8,Jorge S. deRosas,CON,23
Cattaraugus,City of Olean Ward 3,State Supreme Court Justice,8,Write-in,,0
Cattaraugus,City of Olean Ward 3,State Supreme Court Justice,8,Under Votes,,130
Cattaraugus,City of Olean Ward 3,State Supreme Court Justice,8,Over Votes,,0
Cattaraugus,City of Olean Ward 4,State Supreme Court Justice,8,Shannon Heneghan,WOR,8
Cattaraugus,City of Olean Ward 4,State Supreme Court Justice,8,Shannon Heneghan,CON,18
Cattaraugus,City of Olean Ward 4,State Supreme Court Justice,8,Shannon Heneghan,REP,81
Cattaraugus,City of Olean Ward 4,State Supreme Court Justice,8,Shannon Heneghan,DEM,138
Cattaraugus,City of Olean Ward 4,State Supreme Court Justice,8,Jorge S. deRosas,CON,19
Cattaraugus,City of Olean Ward 4,State Supreme Court Justice,8,Jorge S. deRosas,REP,82
Cattaraugus,City of Olean Ward 4,State Supreme Court Justice,8,Jorge S. deRosas,DEM,125
Cattaraugus,City of Olean Ward 4,State Supreme Court Justice,8,Write-in,,0
Cattaraugus,City of Olean Ward 4,State Supreme Court Justice,8,Under Votes,,107
Cattaraugus,City of Olean Ward 4,State Supreme Court Justice,8,Over Votes,,0
Cattaraugus,City of Olean Ward 5,State Supreme Court Justice,8,Shannon Heneghan,WOR,13
Cattaraugus,City of Olean Ward 5,State Supreme Court Justice,8,Shannon Heneghan,CON,23
Cattaraugus,City of Olean Ward 5,State Supreme Court Justice,8,Shannon Heneghan,DEM,152
Cattaraugus,City of Olean Ward 5,State Supreme Court Justice,8,Shannon Heneghan,REP,94
Cattaraugus,City of Olean Ward 5,State Supreme Court Justice,8,Jorge S. deRosas,REP,87
Cattaraugus,City of Olean Ward 5,State Supreme Court Justice,8,Jorge S. deRosas,DEM,143
Cattaraugus,City of Olean Ward 5,State Supreme Court Justice,8,Jorge S. deRosas,CON,25
Cattaraugus,City of Olean Ward 5,State Supreme Court Justice,8,Write-in,,1
Cattaraugus,City of Olean Ward 5,State Supreme Court Justice,8,Under Votes,,142
Cattaraugus,City of Olean Ward 5,State Supreme Court Justice,8,Over Votes,,0
Cattaraugus,City of Olean Ward 6,State Supreme Court Justice,8,Shannon Heneghan,REP,110
Cattaraugus,City of Olean Ward 6,State Supreme Court Justice,8,Shannon Heneghan,CON,13
Cattaraugus,City of Olean Ward 6,State Supreme Court Justice,8,Shannon Heneghan,WOR,15
Cattaraugus,City of Olean Ward 6,State Supreme Court Justice,8,Shannon Heneghan,DEM,157
Cattaraugus,City of Olean Ward 6,State Supreme Court Justice,8,Jorge S. deRosas,CON,20
Cattaraugus,City of Olean Ward 6,State Supreme Court Justice,8,Jorge S. deRosas,DEM,149
Cattaraugus,City of Olean Ward 6,State Supreme Court Justice,8,Jorge S. deRosas,REP,103
Cattaraugus,City of Olean Ward 6,State Supreme Court Justice,8,Write-in,,0
Cattaraugus,City of Olean Ward 6,State Supreme Court Justice,8,Under Votes,,167
Cattaraugus,City of Olean Ward 6,State Supreme Court Justice,8,Over Votes,,0
Cattaraugus,City of Olean Ward 7,State Supreme Court Justice,8,Shannon Heneghan,DEM,114
Cattaraugus,City of Olean Ward 7,State Supreme Court Justice,8,Shannon Heneghan,WOR,14
Cattaraugus,City of Olean Ward 7,State Supreme Court Justice,8,Shannon Heneghan,CON,21
Cattaraugus,City of Olean Ward 7,State Supreme Court Justice,8,Shannon Heneghan,REP,134
Cattaraugus,City of Olean Ward 7,State Supreme Court Justice,8,Jorge S. deRosas,CON,27
Cattaraugus,City of Olean Ward 7,State Supreme Court Justice,8,Jorge S. deRosas,DEM,109
Cattaraugus,City of Olean Ward 7,State Supreme Court Justice,8,Jorge S. deRosas,REP,124
Cattaraugus,City of Olean Ward 7,State Supreme Court Justice,8,Write-in,,0
Cattaraugus,City of Olean Ward 7,State Supreme Court Justice,8,Under Votes,,157
Cattaraugus,City of Olean Ward 7,State Supreme Court Justice,8,Over Votes,,0
Cattaraugus,City of Salamanca Ward 1,State Supreme Court Justice,8,Shannon Heneghan,CON,2
Cattaraugus,City of Salamanca Ward 1,State Supreme Court Justice,8,Shannon Heneghan,DEM,8
Cattaraugus,City of Salamanca Ward 1,State Supreme Court Justice,8,Shannon Heneghan,REP,12
Cattaraugus,City of Salamanca Ward 1,State Supreme Court Justice,8,Shannon Heneghan,WOR,0
Cattaraugus,City of Salamanca Ward 1,State Supreme Court Justice,8,Jorge S. deRosas,DEM,8
Cattaraugus,City of Salamanca Ward 1,State Supreme Court Justice,8,Jorge S. deRosas,REP,12
Cattaraugus,City of Salamanca Ward 1,State Supreme Court Justice,8,Jorge S. deRosas,CON,2
Cattaraugus,City of Salamanca Ward 1,State Supreme Court Justice,8,Write-in,,0
Cattaraugus,City of Salamanca Ward 1,State Supreme Court Justice,8,Under Votes,,8
Cattaraugus,City of Salamanca Ward 1,State Supreme Court Justice,8,Over Votes,,0
Cattaraugus,City of Salamanca Ward 2,State Supreme Court Justice,8,Shannon Heneghan,REP,27
Cattaraugus,City of Salamanca Ward 2,State Supreme Court Justice,8,Shannon Heneghan,WOR,1
Cattaraugus,City of Salamanca Ward 2,State Supreme Court Justice,8,Shannon Heneghan,DEM,31
Cattaraugus,City of Salamanca Ward 2,State Supreme Court Justice,8,Shannon Heneghan,CON,4
Cattaraugus,City of Salamanca Ward 2,State Supreme Court Justice,8,Jorge S. deRosas,CON,5
Cattaraugus,City of Salamanca Ward 2,State Supreme Court Justice,8,Jorge S. deRosas,REP,27
Cattaraugus,City of Salamanca Ward 2,State Supreme Court Justice,8,Jorge S. deRosas,DEM,24
Cattaraugus,City of Salamanca Ward 2,State Supreme Court Justice,8,Write-in,,0
Cattaraugus,City of Salamanca Ward 2,State Supreme Court Justice,8,Under Votes,,31
Cattaraugus,City of Salamanca Ward 2,State Supreme Court Justice,8,Over Votes,,0
Cattaraugus,City of Salamanca Ward 3,State Supreme Court Justice,8,Shannon Heneghan,WOR,3
Cattaraugus,City of Salamanca Ward 3,State Supreme Court Justice,8,Shannon Heneghan,REP,10
Cattaraugus,City of Salamanca Ward 3,State Supreme Court Justice,8,Shannon Heneghan,CON,4
Cattaraugus,City of Salamanca Ward 3,State Supreme Court Justice,8,Shannon Heneghan,DEM,11
Cattaraugus,City of Salamanca Ward 3,State Supreme Court Justice,8,Jorge S. deRosas,DEM,13
Cattaraugus,City of Salamanca Ward 3,State Supreme Court Justice,8,Jorge S. deRosas,CON,5
Cattaraugus,City of Salamanca Ward 3,State Supreme Court Justice,8,Jorge S. deRosas,REP,10
Cattaraugus,City of Salamanca Ward 3,State Supreme Court Justice,8,Write-in,,0
Cattaraugus,City of Salamanca Ward 3,State Supreme Court Justice,8,Under Votes,,2
Cattaraugus,City of Salamanca Ward 3,State Supreme Court Justice,8,Over Votes,,0
Cattaraugus,City of Salamanca Ward 4,State Supreme Court Justice,8,Shannon Heneghan,DEM,28
Cattaraugus,City of Salamanca Ward 4,State Supreme Court Justice,8,Shannon Heneghan,REP,21
Cattaraugus,City of Salamanca Ward 4,State Supreme Court Justice,8,Shannon Heneghan,WOR,1
Cattaraugus,City of Salamanca Ward 4,State Supreme Court Justice,8,Shannon Heneghan,CON,3
Cattaraugus,City of Salamanca Ward 4,State Supreme Court Justice,8,Jorge S. deRosas,REP,17
Cattaraugus,City of Salamanca Ward 4,State Supreme Court Justice,8,Jorge S. deRosas,CON,2
Cattaraugus,City of Salamanca Ward 4,State Supreme Court Justice,8,Jorge S. deRosas,DEM,28
Cattaraugus,City of Salamanca Ward 4,State Supreme Court Justice,8,Write-in,,0
Cattaraugus,City of Salamanca Ward 4,State Supreme Court Justice,8,Under Votes,,10
Cattaraugus,City of Salamanca Ward 4,State Supreme Court Justice,8,Over Votes,,0
Cattaraugus,City of Salamanca Ward 5,State Supreme Court Justice,8,Shannon Heneghan,CON,1
Cattaraugus,City of Salamanca Ward 5,State Supreme Court Justice,8,Shannon Heneghan,WOR,1
Cattaraugus,City of Salamanca Ward 5,State Supreme Court Justice,8,Shannon Heneghan,DEM,17
Cattaraugus,City of Salamanca Ward 5,State Supreme Court Justice,8,Shannon Heneghan,REP,22
Cattaraugus,City of Salamanca Ward 5,State Supreme Court Justice,8,Jorge S. deRosas,CON,2
Cattaraugus,City of Salamanca Ward 5,State Supreme Court Justice,8,Jorge S. deRosas,DEM,17
Cattaraugus,City of Salamanca Ward 5,State Supreme Court Justice,8,Jorge S. deRosas,REP,20
Cattaraugus,City of Salamanca Ward 5,State Supreme Court Justice,8,Write-in,,0
Cattaraugus,City of Salamanca Ward 5,State Supreme Court Justice,8,Under Votes,,12
Cattaraugus,City of Salamanca Ward 5,State Supreme Court Justice,8,Over Votes,,0
Cattaraugus,Town of Allegany Dist 1,State Supreme Court Justice,8,Shannon Heneghan,REP,126
Cattaraugus,Town of Allegany Dist 1,State Supreme Court Justice,8,Shannon Heneghan,CON,9
Cattaraugus,Town of Allegany Dist 1,State Supreme Court Justice,8,Shannon Heneghan,DEM,128
Cattaraugus,Town of Allegany Dist 1,State Supreme Court Justice,8,Shannon Heneghan,WOR,2
Cattaraugus,Town of Allegany Dist 1,State Supreme Court Justice,8,Jorge S. deRosas,REP,116
Cattaraugus,Town of Allegany Dist 1,State Supreme Court Justice,8,Jorge S. deRosas,CON,13
Cattaraugus,Town of Allegany Dist 1,State Supreme Court Justice,8,Jorge S. deRosas,DEM,119
Cattaraugus,Town of Allegany Dist 1,State Supreme Court Justice,8,Write-in,,2
Cattaraugus,Town of Allegany Dist 1,State Supreme Court Justice,8,Under Votes,,62
Cattaraugus,Town of Allegany Dist 1,State Supreme Court Justice,8,Over Votes,,1
Cattaraugus,Town of Allegany Dist 2,State Supreme Court Justice,8,Shannon Heneghan,CON,5
Cattaraugus,Town of Allegany Dist 2,State Supreme Court Justice,8,Shannon Heneghan,REP,35
Cattaraugus,Town of Allegany Dist 2,State Supreme Court Justice,8,Shannon Heneghan,DEM,51
Cattaraugus,Town of Allegany Dist 2,State Supreme Court Justice,8,Shannon Heneghan,WOR,1
Cattaraugus,Town of Allegany Dist 2,State Supreme Court Justice,8,Jorge S. deRosas,DEM,47
Cattaraugus,Town of Allegany Dist 2,State Supreme Court Justice,8,Jorge S. deRosas,REP,33
Cattaraugus,Town of Allegany Dist 2,State Supreme Court Justice,8,Jorge S. deRosas,CON,6
Cattaraugus,Town of Allegany Dist 2,State Supreme Court Justice,8,Write-in,,0
Cattaraugus,Town of Allegany Dist 2,State Supreme Court Justice,8,Under Votes,,20
Cattaraugus,Town of Allegany Dist 2,State Supreme Court Justice,8,Over Votes,,0
Cattaraugus,Town of Allegany Dist 3,State Supreme Court Justice,8,Shannon Heneghan,REP,67
Cattaraugus,Town of Allegany Dist 3,State Supreme Court Justice,8,Shannon Heneghan,DEM,47
Cattaraugus,Town of Allegany Dist 3,State Supreme Court Justice,8,Shannon Heneghan,CON,11
Cattaraugus,Town of Allegany Dist 3,State Supreme Court Justice,8,Shannon Heneghan,WOR,3
Cattaraugus,Town of Allegany Dist 3,State Supreme Court Justice,8,Jorge S. deRosas,REP,65
Cattaraugus,Town of Allegany Dist 3,State Supreme Court Justice,8,Jorge S. deRosas,DEM,49
Cattaraugus,Town of Allegany Dist 3,State Supreme Court Justice,8,Jorge S. deRosas,CON,10
Cattaraugus,Town of Allegany Dist 3,State Supreme Court Justice,8,Write-in,,0
Cattaraugus,Town of Allegany Dist 3,State Supreme Court Justice,8,Under Votes,,28
Cattaraugus,Town of Allegany Dist 3,State Supreme Court Justice,8,Over Votes,,0
Cattaraugus,Town of Allegany Dist 4,State Supreme Court Justice,8,Shannon Heneghan,CON,12
Cattaraugus,Town of Allegany Dist 4,State Supreme Court Justice,8,Shannon Heneghan,WOR,3
Cattaraugus,Town of Allegany Dist 4,State Supreme Court Justice,8,Shannon Heneghan,DEM,71
Cattaraugus,Town of Allegany Dist 4,State Supreme Court Justice,8,Shannon Heneghan,REP,87
Cattaraugus,Town of Allegany Dist 4,State Supreme Court Justice,8,Jorge S. deRosas,DEM,72
Cattaraugus,Town of Allegany Dist 4,State Supreme Court Justice,8,Jorge S. deRosas,REP,81
Cattaraugus,Town of Allegany Dist 4,State Supreme Court Justice,8,Jorge S. deRosas,CON,12
Cattaraugus,Town of Allegany Dist 4,State Supreme Court Justice,8,Write-in,,0
Cattaraugus,Town of Allegany Dist 4,State Supreme Court Justice,8,Under Votes,,38
Cattaraugus,Town of Allegany Dist 4,State Supreme Court Justice,8,Over Votes,,0
Cattaraugus,Town of Allegany Dist 5,State Supreme Court Justice,8,Shannon Heneghan,DEM,65
Cattaraugus,Town of Allegany Dist 5,State Supreme Court Justice,8,Shannon Heneghan,WOR,4
Cattaraugus,Town of Allegany Dist 5,State Supreme Court Justice,8,Shannon Heneghan,REP,103
Cattaraugus,Town of Allegany Dist 5,State Supreme Court Justice,8,Shannon Heneghan,CON,11
Cattaraugus,Town of Allegany Dist 5,State Supreme Court Justice,8,Jorge S. deRosas,DEM,63
Cattaraugus,Town of Allegany Dist 5,State Supreme Court Justice,8,Jorge S. deRosas,REP,95
Cattaraugus,Town of Allegany Dist 5,State Supreme Court Justice,8,Jorge S. deRosas,CON,15
Cattaraugus,Town of Allegany Dist 5,State Supreme Court Justice,8,Write-in,,0
Cattaraugus,Town of Allegany Dist 5,State Supreme Court Justice,8,Under Votes,,62
Cattaraugus,Town of Allegany Dist 5,State Supreme Court Justice,8,Over Votes,,0
Cattaraugus,Town of Ashford Dist 1,State Supreme Court Justice,8,Shannon Heneghan,REP,47
Cattaraugus,Town of Ashford Dist 1,State Supreme Court Justice,8,Shannon Heneghan,WOR,2
Cattaraugus,Town of Ashford Dist 1,State Supreme Court Justice,8,Shannon Heneghan,DEM,14
Cattaraugus,Town of Ashford Dist 1,State Supreme Court Justice,8,Shannon Heneghan,CON,6
Cattaraugus,Town of Ashford Dist 1,State Supreme Court Justice,8,Jorge S. deRosas,CON,8
Cattaraugus,Town of Ashford Dist 1,State Supreme Court Justice,8,Jorge S. deRosas,REP,47
Cattaraugus,Town of Ashford Dist 1,State Supreme Court Justice,8,Jorge S. deRosas,DEM,12
Cattaraugus,Town of Ashford Dist 1,State Supreme Court Justice,8,Write-in,,0
Cattaraugus,Town of Ashford Dist 1,State Supreme Court Justice,8,Under Votes,,10
Cattaraugus,Town of Ashford Dist 1,State Supreme Court Justice,8,Over Votes,,0
Cattaraugus,Town of Ashford Dist 2,State Supreme Court Justice,8,Shannon Heneghan,WOR,2
Cattaraugus,Town of Ashford Dist 2,State Supreme Court Justice,8,Shannon Heneghan,DEM,41
Cattaraugus,Town of Ashford Dist 2,State Supreme Court Justice,8,Shannon Heneghan,CON,12
Cattaraugus,Town of Ashford Dist 2,State Supreme Court Justice,8,Shannon Heneghan,REP,80
Cattaraugus,Town of Ashford Dist 2,State Supreme Court Justice,8,Jorge S. deRosas,REP,80
Cattaraugus,Town of Ashford Dist 2,State Supreme Court Justice,8,Jorge S. deRosas,CON,13
Cattaraugus,Town of Ashford Dist 2,State Supreme Court Justice,8,Jorge S. deRosas,DEM,36
Cattaraugus,Town of Ashford Dist 2,State Supreme Court Justice,8,Write-in,,0
Cattaraugus,Town of Ashford Dist 2,State Supreme Court Justice,8,Under Votes,,50
Cattaraugus,Town of Ashford Dist 2,State Supreme Court Justice,8,Over Votes,,0
Cattaraugus,Town of Carrollton,State Supreme Court Justice,8,Shannon Heneghan,REP,84
Cattaraugus,Town of Carrollton,State Supreme Court Justice,8,Shannon Heneghan,DEM,29
Cattaraugus,Town of Carrollton,State Supreme Court Justice,8,Shannon Heneghan,WOR,3
Cattaraugus,Town of Carrollton,State Supreme Court Justice,8,Shannon Heneghan,CON,7
Cattaraugus,Town of Carrollton,State Supreme Court Justice,8,Jorge S. deRosas,DEM,26
Cattaraugus,Town of Carrollton,State Supreme Court Justice,8,Jorge S. deRosas,REP,79
Cattaraugus,Town of Carrollton,State Supreme Court Justice,8,Jorge S. deRosas,CON,6
Cattaraugus,Town of Carrollton,State Supreme Court Justice,8,Write-in,,0
Cattaraugus,Town of Carrollton,State Supreme Court Justice,8,Under Votes,,50
Cattaraugus,Town of Carrollton,State Supreme Court Justice,8,Over Votes,,0
Cattaraugus,Town of Coldspring,State Supreme Court Justice,8,Shannon Heneghan,WOR,2
Cattaraugus,Town of Coldspring,State Supreme Court Justice,8,Shannon Heneghan,CON,14
Cattaraugus,Town of Coldspring,State Supreme Court Justice,8,Shannon Heneghan,DEM,27
Cattaraugus,Town of Coldspring,State Supreme Court Justice,8,Shannon Heneghan,REP,110
Cattaraugus,Town of Coldspring,State Supreme Court Justice,8,Jorge S. deRosas,CON,12
Cattaraugus,Town of Coldspring,State Supreme Court Justice,8,Jorge S. deRosas,DEM,25
Cattaraugus,Town of Coldspring,State Supreme Court Justice,8,Jorge S. deRosas,REP,99
Cattaraugus,Town of Coldspring,State Supreme Court Justice,8,Write-in,,0
Cattaraugus,Town of Coldspring,State Supreme Court Justice,8,Under Votes,,91
Cattaraugus,Town of Coldspring,State Supreme Court Justice,8,Over Votes,,0
Cattaraugus,Town of Conewango,State Supreme Court Justice,8,Shannon Heneghan,DEM,27
Cattaraugus,Town of Conewango,State Supreme Court Justice,8,Shannon Heneghan,REP,45
Cattaraugus,Town of Conewango,State Supreme Court Justice,8,Shannon Heneghan,CON,7
Cattaraugus,Town of Conewango,State Supreme Court Justice,8,Shannon Heneghan,WOR,5
Cattaraugus,Town of Conewango,State Supreme Court Justice,8,Jorge S. deRosas,DEM,29
Cattaraugus,Town of Conewango,State Supreme Court Justice,8,Jorge S. deRosas,REP,47
Cattaraugus,Town of Conewango,State Supreme Court Justice,8,Jorge S. deRosas,CON,8
Cattaraugus,Town of Conewango,State Supreme Court Justice,8,Write-in,,2
Cattaraugus,Town of Conewango,State Supreme Court Justice,8,Under Votes,,10
Cattaraugus,Town of Conewango,State Supreme Court Justice,8,Over Votes,,0
Cattaraugus,Town of Dayton,State Supreme Court Justice,8,Shannon Heneghan,REP,214
Cattaraugus,Town of Dayton,State Supreme Court Justice,8,Shannon Heneghan,WOR,5
Cattaraugus,Town of Dayton,State Supreme Court Justice,8,Shannon Heneghan,CON,52
Cattaraugus,Town of Dayton,State Supreme Court Justice,8,Shannon Heneghan,DEM,41
Cattaraugus,Town of Dayton,State Supreme Court Justice,8,Jorge S. deRosas,CON,51
Cattaraugus,Town of Dayton,State Supreme Court Justice,8,Jorge S. deRosas,REP,198
Cattaraugus,Town of Dayton,State Supreme Court Justice,8,Jorge S. deRosas,DEM,29
Cattaraugus,Town of Dayton,State Supreme Court Justice,8,Write-in,,0
Cattaraugus,Town of Dayton,State Supreme Court Justice,8,Under Votes,,378
Cattaraugus,Town of Dayton,State Supreme Court Justice,8,Over Votes,,0
Cattaraugus,Town of East Otto,State Supreme Court Justice,8,Shannon Heneghan,DEM,21
Cattaraugus,Town of East Otto,State Supreme Court Justice,8,Shannon Heneghan,REP,109
Cattaraugus,Town of East Otto,State Supreme Court Justice,8,Shannon Heneghan,WOR,4
Cattaraugus,Town of East Otto,State Supreme Court Justice,8,Shannon Heneghan,CON,18
Cattaraugus,Town of East Otto,State Supreme Court Justice,8,Jorge S. deRosas,CON,19
Cattaraugus,Town of East Otto,State Supreme Court Justice,8,Jorge S. deRosas,DEM,22
Cattaraugus,Town of East Otto,State Supreme Court Justice,8,Jorge S. deRosas,REP,103
Cattaraugus,Town of East Otto,State Supreme Court Justice,8,Write-in,,0
Cattaraugus,Town of East Otto,State Supreme Court Justice,8,Under Votes,,52
Cattaraugus,Town of East Otto,State Supreme Court Justice,8,Over Votes,,0
Cattaraugus,Town of Ellicottville,State Supreme Court Justice,8,Shannon Heneghan,CON,8
Cattaraugus,Town of Ellicottville,State Supreme Court Justice,8,Shannon Heneghan,DEM,80
Cattaraugus,Town of Ellicottville,State Supreme Court Justice,8,Shannon Heneghan,WOR,4
Cattaraugus,Town of Ellicottville,State Supreme Court Justice,8,Shannon Heneghan,REP,73
Cattaraugus,Town of Ellicottville,State Supreme Court Justice,8,Jorge S. deRosas,DEM,73
Cattaraugus,Town of Ellicottville,State Supreme Court Justice,8,Jorge S. deRosas,CON,12
Cattaraugus,Town of Ellicottville,State Supreme Court Justice,8,Jorge S. deRosas,REP,72
Cattaraugus,Town of Ellicottville,State Supreme Court Justice,8,Write-in,,1
Cattaraugus,Town of Ellicottville,State Supreme Court Justice,8,Under Votes,,33
Cattaraugus,Town of Ellicottville,State Supreme Court Justice,8,Over Votes,,0
Cattaraugus,Town of Farmersville,State Supreme Court Justice,8,Shannon Heneghan,WOR,1
Cattaraugus,Town of Farmersville,State Supreme Court Justice,8,Shannon Heneghan,DEM,9
Cattaraugus,Town of Farmersville,State Supreme Court Justice,8,Shannon Heneghan,REP,54
Cattaraugus,Town of Farmersville,State Supreme Court Justice,8,Shannon Heneghan,CON,18
Cattaraugus,Town of Farmersville,State Supreme Court Justice,8,Jorge S. deRosas,DEM,9
Cattaraugus,Town of Farmersville,State Supreme Court Justice,8,Jorge S. deRosas,REP,52
Cattaraugus,Town of Farmersville,State Supreme Court Justice,8,Jorge S. deRosas,CON,16
Cattaraugus,Town of Farmersville,State Supreme Court Justice,8,Write-in,,0
Cattaraugus,Town of Farmersville,State Supreme Court Justice,8,Under Votes,,51
Cattaraugus,Town of Farmersville,State Supreme Court Justice,8,Over Votes,,0
Cattaraugus,Town of Franklinville Dist 1,State Supreme Court Justice,8,Shannon Heneghan,CON,9
Cattaraugus,Town of Franklinville Dist 1,State Supreme Court Justice,8,Shannon Heneghan,WOR,3
Cattaraugus,Town of Franklinville Dist 1,State Supreme Court Justice,8,Shannon Heneghan,DEM,26
Cattaraugus,Town of Franklinville Dist 1,State Supreme Court Justice,8,Shannon Heneghan,REP,48
Cattaraugus,Town of Franklinville Dist 1,State Supreme Court Justice,8,Jorge S. deRosas,DEM,22
Cattaraugus,Town of Franklinville Dist 1,State Supreme Court Justice,8,Jorge S. deRosas,REP,42
Cattaraugus,Town of Franklinville Dist 1,State Supreme Court Justice,8,Jorge S. deRosas,CON,9
Cattaraugus,Town of Franklinville Dist 1,State Supreme Court Justice,8,Write-in,,0
Cattaraugus,Town of Franklinville Dist 1,State Supreme Court Justice,8,Under Votes,,19
Cattaraugus,Town of Franklinville Dist 1,State Supreme Court Justice,8,Over Votes,,0
Cattaraugus,Town of Franklinville Dist 2,State Supreme Court Justice,8,Shannon Heneghan,CON,8
Cattaraugus,Town of Franklinville Dist 2,State Supreme Court Justice,8,Shannon Heneghan,DEM,28
Cattaraugus,Town of Franklinville Dist 2,State Supreme Court Justice,8,Shannon Heneghan,WOR,3
Cattaraugus,Town of Franklinville Dist 2,State Supreme Court Justice,8,Shannon Heneghan,REP,60
Cattaraugus,Town of Franklinville Dist 2,State Supreme Court Justice,8,Jorge S. deRosas,REP,59
Cattaraugus,Town of Franklinville Dist 2,State Supreme Court Justice,8,Jorge S. deRosas,CON,6
Cattaraugus,Town of Franklinville Dist 2,State Supreme Court Justice,8,Jorge S. deRosas,DEM,22
Cattaraugus,Town of Franklinville Dist 2,State Supreme Court Justice,8,Write-in,,0
Cattaraugus,Town of Franklinville Dist 2,State Supreme Court Justice,8,Under Votes,,40
Cattaraugus,Town of Franklinville Dist 2,State Supreme Court Justice,8,Over Votes,,0
Cattaraugus,Town of Freedom,State Supreme Court Justice,8,Shannon Heneghan,WOR,3
Cattaraugus,Town of Freedom,State Supreme Court Justice,8,Shannon Heneghan,REP,138
Cattaraugus,Town of Freedom,State Supreme Court Justice,8,Shannon Heneghan,CON,16
Cattaraugus,Town of Freedom,State Supreme Court Justice,8,Shannon Heneghan,DEM,53
Cattaraugus,Town of Freedom,State Supreme Court Justice,8,Jorge S. deRosas,CON,17
Cattaraugus,Town of Freedom,State Supreme Court Justice,8,Jorge S. deRosas,REP,130
Cattaraugus,Town of Freedom,State Supreme Court Justice,8,Jorge S. deRosas,DEM,45
Cattaraugus,Town of Freedom,State Supreme Court Justice,8,Write-in,,0
Cattaraugus,Town of Freedom,State Supreme Court Justice,8,Under Votes,,118
Cattaraugus,Town of Freedom,State Supreme Court Justice,8,Over Votes,,0
Cattaraugus,Town of Great Valley Dist 1,State Supreme Court Justice,8,Shannon Heneghan,WOR,0
Cattaraugus,Town of Great Valley Dist 1,State Supreme Court Justice,8,Shannon Heneghan,CON,5
Cattaraugus,Town of Great Valley Dist 1,State Supreme Court Justice,8,Shannon Heneghan,REP,40
Cattaraugus,Town of Great Valley Dist 1,State Supreme Court Justice,8,Shannon Heneghan,DEM,26
Cattaraugus,Town of Great Valley Dist 1,State Supreme Court Justice,8,Jorge S. deRosas,CON,6
Cattaraugus,Town of Great Valley Dist 1,State Supreme Court Justice,8,Jorge S. deRosas,REP,40
Cattaraugus,Town of Great Valley Dist 1,State Supreme Court Justice,8,Jorge S. deRosas,DEM,24
Cattaraugus,Town of Great Valley Dist 1,State Supreme Court Justice,8,Write-in,,0
Cattaraugus,Town of Great Valley Dist 1,State Supreme Court Justice,8,Under Votes,,23
Cattaraugus,Town of Great Valley Dist 1,State Supreme Court Justice,8,Over Votes,,0
Cattaraugus,Town of Great Valley Dist 2,State Supreme Court Justice,8,Shannon Heneghan,DEM,58
Cattaraugus,Town of Great Valley Dist 2,State Supreme Court Justice,8,Shannon Heneghan,CON,14
Cattaraugus,Town of Great Valley Dist 2,State Supreme Court Justice,8,Shannon Heneghan,WOR,5
Cattaraugus,Town of Great Valley Dist 2,State Supreme Court Justice,8,Shannon Heneghan,REP,87
Cattaraugus,Town of Great Valley Dist 2,State Supreme Court Justice,8,Jorge S. deRosas,DEM,59
Cattaraugus,Town of Great Valley Dist 2,State Supreme Court Justice,8,Jorge S. deRosas,REP,82
Cattaraugus,Town of Great Valley Dist 2,State Supreme Court Justice,8,Jorge S. deRosas,CON,15
Cattaraugus,Town of Great Valley Dist 2,State Supreme Court Justice,8,Write-in,,0
Cattaraugus,Town of Great Valley Dist 2,State Supreme Court Justice,8,Under Votes,,48
Cattaraugus,Town of Great Valley Dist 2,State Supreme Court Justice,8,Over Votes,,0
Cattaraugus,Town of Hinsdale,State Supreme Court Justice,8,Shannon Heneghan,WOR,1
Cattaraugus,Town of Hinsdale,State Supreme Court Justice,8,Shannon Heneghan,CON,11
Cattaraugus,Town of Hinsdale,State Supreme Court Justice,8,Shannon Heneghan,REP,98
Cattaraugus,Town of Hinsdale,State Supreme Court Justice,8,Shannon Heneghan,DEM,29
Cattaraugus,Town of Hinsdale,State Supreme Court Justice,8,Jorge S. deRosas,REP,87
Cattaraugus,Town of Hinsdale,State Supreme Court Justice,8,Jorge S. deRosas,DEM,32
Cattaraugus,Town of Hinsdale,State Supreme Court Justice,8,Jorge S. deRosas,CON,9
Cattaraugus,Town of Hinsdale,State Supreme Court Justice,8,Write-in,,0
Cattaraugus,Town of Hinsdale,State Supreme Court Justice,8,Under Votes,,39
Cattaraugus,Town of Hinsdale,State Supreme Court Justice,8,Over Votes,,0
Cattaraugus,Town of Humphrey,State Supreme Court Justice,8,Shannon Heneghan,REP,43
Cattaraugus,Town of Humphrey,State Supreme Court Justice,8,Shannon Heneghan,CON,8
Cattaraugus,Town of Humphrey,State Supreme Court Justice,8,Shannon Heneghan,WOR,0
Cattaraugus,Town of Humphrey,State Supreme Court Justice,8,Shannon Heneghan,DEM,15
Cattaraugus,Town of Humphrey,State Supreme Court Justice,8,Jorge S. deRosas,DEM,15
Cattaraugus,Town of Humphrey,State Supreme Court Justice,8,Jorge S. deRosas,CON,7
Cattaraugus,Town of Humphrey,State Supreme Court Justice,8,Jorge S. deRosas,REP,42
Cattaraugus,Town of Humphrey,State Supreme Court Justice,8,Write-in,,0
Cattaraugus,Town of Humphrey,State Supreme Court Justice,8,Under Votes,,30
Cattaraugus,Town of Humphrey,State Supreme Court Justice,8,Over Votes,,2
Cattaraugus,Town of Ischua,State Supreme Court Justice,8,Shannon Heneghan,WOR,0
Cattaraugus,Town of Ischua,State Supreme Court Justice,8,Shannon Heneghan,REP,48
Cattaraugus,Town of Ischua,State Supreme Court Justice,8,Shannon Heneghan,CON,3
Cattaraugus,Town of Ischua,State Supreme Court Justice,8,Shannon Heneghan,DEM,25
Cattaraugus,Town of Ischua,State Supreme Court Justice,8,Jorge S. deRosas,CON,3
Cattaraugus,Town of Ischua,State Supreme Court Justice,8,Jorge S. deRosas,DEM,21
Cattaraugus,Town of Ischua,State Supreme Court Justice,8,Jorge S. deRosas,REP,48
Cattaraugus,Town of Ischua,State Supreme Court Justice,8,Write-in,,1
Cattaraugus,Town of Ischua,State Supreme Court Justice,8,Under Votes,,37
Cattaraugus,Town of Ischua,State Supreme Court Justice,8,Over Votes,,0
Cattaraugus,Town of Leon,State Supreme Court Justice,8,Shannon Heneghan,REP,51
Cattaraugus,Town of Leon,State Supreme Court Justice,8,Shannon Heneghan,CON,19
Cattaraugus,Town of Leon,State Supreme Court Justice,8,Shannon Heneghan,DEM,19
Cattaraugus,Town of Leon,State Supreme Court Justice,8,Shannon Heneghan,WOR,2
Cattaraugus,Town of Leon,State Supreme Court Justice,8,Jorge S. deRosas,CON,19
Cattaraugus,Town of Leon,State Supreme Court Justice,8,Jorge S. deRosas,DEM,15
Cattaraugus,Town of Leon,State Supreme Court Justice,8,Jorge S. deRosas,REP,51
Cattaraugus,Town of Leon,State Supreme Court Justice,8,Write-in,,0
Cattaraugus,Town of Leon,State Supreme Court Justice,8,Under Votes,,38
Cattaraugus,Town of Leon,State Supreme Court Justice,8,Over Votes,,0
Cattaraugus,Town of Little Valley,State Supreme Court Justice,8,Shannon Heneghan,DEM,41
Cattaraugus,Town of Little Valley,State Supreme Court Justice,8,Shannon Heneghan,WOR,3
Cattaraugus,Town of Little Valley,State Supreme Court Justice,8,Shannon Heneghan,CON,23
Cattaraugus,Town of Little Valley,State Supreme Court Justice,8,Shannon Heneghan,REP,92
Cattaraugus,Town of Little Valley,State Supreme Court Justice,8,Jorge S. deRosas,DEM,37
Cattaraugus,Town of Little Valley,State Supreme Court Justice,8,Jorge S. deRosas,CON,20
Cattaraugus,Town of Little Valley,State Supreme Court Justice,8,Jorge S. deRosas,REP,91
Cattaraugus,Town of Little Valley,State Supreme Court Justice,8,Write-in,,0
Cattaraugus,Town of Little Valley,State Supreme Court Justice,8,Under Votes,,55
Cattaraugus,Town of Little Valley,State Supreme Court Justice,8,Over Votes,,2
Cattaraugus,Town of Lyndon,State Supreme Court Justice,8,Shannon Heneghan,REP,82
Cattaraugus,Town of Lyndon,State Supreme Court Justice,8,Shannon Heneghan,WOR,9
Cattaraugus,Town of Lyndon,State Supreme Court Justice,8,Shannon Heneghan,DEM,40
Cattaraugus,Town of Lyndon,State Supreme Court Justice,8,Shannon Heneghan,CON,6
Cattaraugus,Town of Lyndon,State Supreme Court Justice,8,Jorge S. deRosas,REP,71
Cattaraugus,Town of Lyndon,State Supreme Court Justice,8,Jorge S. deRosas,DEM,36
Cattaraugus,Town of Lyndon,State Supreme Court Justice,8,Jorge S. deRosas,CON,14
Cattaraugus,Town of Lyndon,State Supreme Court Justice,8,Write-in,,0
Cattaraugus,Town of Lyndon,State Supreme Court Justice,8,Under Votes,,96
Cattaraugus,Town of Lyndon,State Supreme Court Justice,8,Over Votes,,0
Cattaraugus,Town of Machias,State Supreme Court Justice,8,Shannon Heneghan,DEM,45
Cattaraugus,Town of Machias,State Supreme Court Justice,8,Shannon Heneghan,CON,30
Cattaraugus,Town of Machias,State Supreme Court Justice,8,Shannon Heneghan,WOR,8
Cattaraugus,Town of Machias,State Supreme Court Justice,8,Shannon Heneghan,REP,194
Cattaraugus,Town of Machias,State Supreme Court Justice,8,Jorge S. deRosas,DEM,41
Cattaraugus,Town of Machias,State Supreme Court Justice,8,Jorge S. deRosas,REP,187
Cattaraugus,Town of Machias,State Supreme Court Justice,8,Jorge S. deRosas,CON,34
Cattaraugus,Town of Machias,State Supreme Court Justice,8,Write-in,,2
Cattaraugus,Town of Machias,State Supreme Court Justice,8,Under Votes,,111
Cattaraugus,Town of Machias,State Supreme Court Justice,8,Over Votes,,0
Cattaraugus,Town of Mansfield,State Supreme Court Justice,8,Shannon Heneghan,CON,6
Cattaraugus,Town of Mansfield,State Supreme Court Justice,8,Shannon Heneghan,REP,56
Cattaraugus,Town of Mansfield,State Supreme Court Justice,8,Shannon Heneghan,DEM,16
Cattaraugus,Town of Mansfield,State Supreme Court Justice,8,Shannon Heneghan,WOR,0
Cattaraugus,Town of Mansfield,State Supreme Court Justice,8,Jorge S. deRosas,REP,52
Cattaraugus,Town of Mansfield,State Supreme Court Justice,8,Jorge S. deRosas,CON,7
Cattaraugus,Town of Mansfield,State Supreme Court Justice,8,Jorge S. deRosas,DEM,15
Cattaraugus,Town of Mansfield,State Supreme Court Justice,8,Write-in,,0
Cattaraugus,Town of Mansfield,State Supreme Court Justice,8,Under Votes,,22
Cattaraugus,Town of Mansfield,State Supreme Court Justice,8,Over Votes,,0
Cattaraugus,Town of Napoli,State Supreme Court Justice,8,Shannon Heneghan,DEM,19
Cattaraugus,Town of Napoli,State Supreme Court Justice,8,Shannon Heneghan,CON,10
Cattaraugus,Town of Napoli,State Supreme Court Justice,8,Shannon Heneghan,WOR,1
Cattaraugus,Town of Napoli,State Supreme Court Justice,8,Shannon Heneghan,REP,75
Cattaraugus,Town of Napoli,State Supreme Court Justice,8,Jorge S. deRosas,DEM,17
Cattaraugus,Town of Napoli,State Supreme Court Justice,8,Jorge S. deRosas,REP,71
Cattaraugus,Town of Napoli,State Supreme Court Justice,8,Jorge S. deRosas,CON,10
Cattaraugus,Town of Napoli,State Supreme Court Justice,8,Write-in,,0
Cattaraugus,Town of Napoli,State Supreme Court Justice,8,Under Votes,,17
Cattaraugus,Town of Napoli,State Supreme Court Justice,8,Over Votes,,0
Cattaraugus,Town of New Albion,State Supreme Court Justice,8,Shannon Heneghan,CON,15
Cattaraugus,Town of New Albion,State Supreme Court Justice,8,Shannon Heneghan,REP,102
Cattaraugus,Town of New Albion,State Supreme Court Justice,8,Shannon Heneghan,DEM,36
Cattaraugus,Town of New Albion,State Supreme Court Justice,8,Shannon Heneghan,WOR,4
Cattaraugus,Town of New Albion,State Supreme Court Justice,8,Jorge S. deRosas,CON,16
Cattaraugus,Town of New Albion,State Supreme Court Justice,8,Jorge S. deRosas,REP,96
Cattaraugus,Town of New Albion,State Supreme Court Justice,8,Jorge S. deRosas,DEM,32
Cattaraugus,Town of New Albion,State Supreme Court Justice,8,Write-in,,0
Cattaraugus,Town of New Albion,State Supreme Court Justice,8,Under Votes,,67
Cattaraugus,Town of New Albion,State Supreme Court Justice,8,Over Votes,,0
Cattaraugus,Town of Olean Dist 1,State Supreme Court Justice,8,Shannon Heneghan,REP,32
Cattaraugus,Town of Olean Dist 1,State Supreme Court Justice,8,Shannon Heneghan,CON,4
Cattaraugus,Town of Olean Dist 1,State Supreme Court Justice,8,Shannon Heneghan,WOR,1
Cattaraugus,Town of Olean Dist 1,State Supreme Court Justice,8,Shannon Heneghan,DEM,11
Cattaraugus,Town of Olean Dist 1,State Supreme Court Justice,8,Jorge S. deRosas,CON,4
Cattaraugus,Town of Olean Dist 1,State Supreme Court Justice,8,Jorge S. deRosas,DEM,8
Cattaraugus,Town of Olean Dist 1,State Supreme Court Justice,8,Jorge S. deRosas,REP,31
Cattaraugus,Town of Olean Dist 1,State Supreme Court Justice,8,Write-in,,0
Cattaraugus,Town of Olean Dist 1,State Supreme Court Justice,8,Under Votes,,11
Cattaraugus,Town of Olean Dist 1,State Supreme Court Justice,8,Over Votes,,0
Cattaraugus,Town of Olean Dist 2,State Supreme Court Justice,8,Shannon Heneghan,DEM,38
Cattaraugus,Town of Olean Dist 2,State Supreme Court Justice,8,Shannon Heneghan,REP,52
Cattaraugus,Town of Olean Dist 2,State Supreme Court Justice,8,Shannon Heneghan,WOR,1
Cattaraugus,Town of Olean Dist 2,State Supreme Court Justice,8,Shannon Heneghan,CON,1
Cattaraugus,Town of Olean Dist 2,State Supreme Court Justice,8,Jorge S. deRosas,CON,3
Cattaraugus,Town of Olean Dist 2,State Supreme Court Justice,8,Jorge S. deRosas,REP,50
Cattaraugus,Town of Olean Dist 2,State Supreme Court Justice,8,Jorge S. deRosas,DEM,37
Cattaraugus,Town of Olean Dist 2,State Supreme Court Justice,8,Write-in,,0
Cattaraugus,Town of Olean Dist 2,State Supreme Court Justice,8,Under Votes,,12
Cattaraugus,Town of Olean Dist 2,State Supreme Court Justice,8,Over Votes,,0
Cattaraugus,Town of Otto,State Supreme Court Justice,8,Shannon Heneghan,REP,145
Cattaraugus,Town of Otto,State Supreme Court Justice,8,Shannon Heneghan,WOR,6
Cattaraugus,Town of Otto,State Supreme Court Justice,8,Shannon Heneghan,DEM,36
Cattaraugus,Town of Otto,State Supreme Court Justice,8,Shannon Heneghan,CON,17
Cattaraugus,Town of Otto,State Supreme Court Justice,8,Jorge S. deRosas,REP,138
Cattaraugus,Town of Otto,State Supreme Court Justice,8,Jorge S. deRosas,CON,20
Cattaraugus,Town of Otto,State Supreme Court Justice,8,Jorge S. deRosas,DEM,37
Cattaraugus,Town of Otto,State Supreme Court Justice,8,Write-in,,0
Cattaraugus,Town of Otto,State Supreme Court Justice,8,Under Votes,,83
Cattaraugus,Town of Otto,State Supreme Court Justice,8,Over Votes,,0
Cattaraugus,Town of Perrysburg,State Supreme Court Justice,8,Shannon Heneghan,WOR,5
Cattaraugus,Town of Perrysburg,State Supreme Court Justice,8,Shannon Heneghan,REP,99
Cattaraugus,Town of Perrysburg,State Supreme Court Justice,8,Shannon Heneghan,CON,13
Cattaraugus,Town of Perrysburg,State Supreme Court Justice,8,Shannon Heneghan,DEM,54
Cattaraugus,Town of Perrysburg,State Supreme Court Justice,8,Jorge S. deRosas,REP,99
Cattaraugus,Town of Perrysburg,State Supreme Court Justice,8,Jorge S. deRosas,CON,15
Cattaraugus,Town of Perrysburg,State Supreme Court Justice,8,Jorge S. deRosas,DEM,53
Cattaraugus,Town of Perrysburg,State Supreme Court Justice,8,Write-in,,1
Cattaraugus,Town of Perrysburg,State Supreme Court Justice,8,Under Votes,,55
Cattaraugus,Town of Perrysburg,State Supreme Court Justice,8,Over Votes,,0
Cattaraugus,Town of Persia,State Supreme Court Justice,8,Shannon Heneghan,CON,21
Cattaraugus,Town of Persia,State Supreme Court Justice,8,Shannon Heneghan,REP,113
Cattaraugus,Town of Persia,State Supreme Court Justice,8,Shannon Heneghan,DEM,53
Cattaraugus,Town of Persia,State Supreme Court Justice,8,Shannon Heneghan,WOR,12
Cattaraugus,Town of Persia,State Supreme Court Justice,8,Jorge S. deRosas,CON,26
Cattaraugus,Town of Persia,State Supreme Court Justice,8,Jorge S. deRosas,REP,114
Cattaraugus,Town of Persia,State Supreme Court Justice,8,Jorge S. deRosas,DEM,47
Cattaraugus,Town of Persia,State Supreme Court Justice,8,Write-in,,0
Cattaraugus,Town of Persia,State Supreme Court Justice,8,Under Votes,,38
Cattaraugus,Town of Persia,State Supreme Court Justice,8,Over Votes,,0
Cattaraugus,Town of Portville Dist 1,State Supreme Court Justice,8,Shannon Heneghan,REP,60
Cattaraugus,Town of Portville Dist 1,State Supreme Court Justice,8,Shannon Heneghan,DEM,41
Cattaraugus,Town of Portville Dist 1,State Supreme Court Justice,8,Shannon Heneghan,CON,4
Cattaraugus,Town of Portville Dist 1,State Supreme Court Justice,8,Shannon Heneghan,WOR,1
Cattaraugus,Town of Portville Dist 1,State Supreme Court Justice,8,Jorge S. deRosas,CON,4
Cattaraugus,Town of Portville Dist 1,State Supreme Court Justice,8,Jorge S. deRosas,REP,55
Cattaraugus,Town of Portville Dist 1,State Supreme Court Justice,8,Jorge S. deRosas,DEM,38
Cattaraugus,Town of Portville Dist 1,State Supreme Court Justice,8,Write-in,,0
Cattaraugus,Town of Portville Dist 1,State Supreme Court Justice,8,Under Votes,,23
Cattaraugus,Town of Portville Dist 1,State Supreme Court Justice,8,Over Votes,,0
Cattaraugus,Town of Portville Dist 2,State Supreme Court Justice,8,Shannon Heneghan,REP,90
Cattaraugus,Town of Portville Dist 2,State Supreme Court Justice,8,Shannon Heneghan,CON,13
Cattaraugus,Town of Portville Dist 2,State Supreme Court Justice,8,Shannon Heneghan,WOR,1
Cattaraugus,Town of Portville Dist 2,State Supreme Court Justice,8,Shannon Heneghan,DEM,30
Cattaraugus,Town of Portville Dist 2,State Supreme Court Justice,8,Jorge S. deRosas,CON,13
Cattaraugus,Town of Portville Dist 2,State Supreme Court Justice,8,Jorge S. deRosas,DEM,22
Cattaraugus,Town of Portville Dist 2,State Supreme Court Justice,8,Jorge S. deRosas,REP,87
Cattaraugus,Town of Portville Dist 2,State Supreme Court Justice,8,Write-in,,0
Cattaraugus,Town of Portville Dist 2,State Supreme Court Justice,8,Under Votes,,40
Cattaraugus,Town of Portville Dist 2,State Supreme Court Justice,8,Over Votes,,0
Cattaraugus,Town of Randolph Dist 1,State Supreme Court Justice,8,Shannon Heneghan,CON,12
Cattaraugus,Town of Randolph Dist 1,State Supreme Court Justice,8,Shannon Heneghan,WOR,0
Cattaraugus,Town of Randolph Dist 1,State Supreme Court Justice,8,Shannon Heneghan,REP,72
Cattaraugus,Town of Randolph Dist 1,State Supreme Court Justice,8,Shannon Heneghan,DEM,29
Cattaraugus,Town of Randolph Dist 1,State Supreme Court Justice,8,Jorge S. deRosas,DEM,23
Cattaraugus,Town of Randolph Dist 1,State Supreme Court Justice,8,Jorge S. deRosas,CON,11
Cattaraugus,Town of Randolph Dist 1,State Supreme Court Justice,8,Jorge S. deRosas,REP,67
Cattaraugus,Town of Randolph Dist 1,State Supreme Court Justice,8,Write-in,,0
Cattaraugus,Town of Randolph Dist 1,State Supreme Court Justice,8,Under Votes,,26
Cattaraugus,Town of Randolph Dist 1,State Supreme Court Justice,8,Over Votes,,0
Cattaraugus,Town of Randolph Dist 2,State Supreme Court Justice,8,Shannon Heneghan,WOR,2
Cattaraugus,Town of Randolph Dist 2,State Supreme Court Justice,8,Shannon Heneghan,REP,78
Cattaraugus,Town of Randolph Dist 2,State Supreme Court Justice,8,Shannon Heneghan,DEM,22
Cattaraugus,Town of Randolph Dist 2,State Supreme Court Justice,8,Shannon Heneghan,CON,6
Cattaraugus,Town of Randolph Dist 2,State Supreme Court Justice,8,Jorge S. deRosas,CON,6
Cattaraugus,Town of Randolph Dist 2,State Supreme Court Justice,8,Jorge S. deRosas,DEM,14
Cattaraugus,Town of Randolph Dist 2,State Supreme Court Justice,8,Jorge S. deRosas,REP,74
Cattaraugus,Town of Randolph Dist 2,State Supreme Court Justice,8,Write-in,,0
Cattaraugus,Town of Randolph Dist 2,State Supreme Court Justice,8,Under Votes,,40
Cattaraugus,Town of Randolph Dist 2,State Supreme Court Justice,8,Over Votes,,0
Cattaraugus,Town of Red House,State Supreme Court Justice,8,Shannon Heneghan,CON,2
Cattaraugus,Town of Red House,State Supreme Court Justice,8,Shannon Heneghan,REP,11
Cattaraugus,Town of Red House,State Supreme Court Justice,8,Shannon Heneghan,DEM,6
Cattaraugus,Town of Red House,State Supreme Court Justice,8,Shannon Heneghan,WOR,1
Cattaraugus,Town of Red House,State Supreme Court Justice,8,Jorge S. deRosas,REP,10
Cattaraugus,Town of Red House,State Supreme Court Justice,8,Jorge S. deRosas,CON,3
Cattaraugus,Town of Red House,State Supreme Court Justice,8,Jorge S. deRosas,DEM,5
Cattaraugus,Town of Red House,State Supreme Court Justice,8,Write-in,,0
Cattaraugus,Town of Red House,State Supreme Court Justice,8,Under Votes,,2
Cattaraugus,Town of Red House,State Supreme Court Justice,8,Over Votes,,0
Cattaraugus,Town of Salamanca,State Supreme Court Justice,8,Shannon Heneghan,CON,2
Cattaraugus,Town of Salamanca,State Supreme Court Justice,8,Shannon Heneghan,WOR,1
Cattaraugus,Town of Salamanca,State Supreme Court Justice,8,Shannon Heneghan,DEM,34
Cattaraugus,Town of Salamanca,State Supreme Court Justice,8,Shannon Heneghan,REP,26
Cattaraugus,Town of Salamanca,State Supreme Court Justice,8,Jorge S. deRosas,REP,24
Cattaraugus,Town of Salamanca,State Supreme Court Justice,8,Jorge S. deRosas,DEM,31
Cattaraugus,Town of Salamanca,State Supreme Court Justice,8,Jorge S. deRosas,CON,2
Cattaraugus,Town of Salamanca,State Supreme Court Justice,8,Write-in,,0
Cattaraugus,Town of Salamanca,State Supreme Court Justice,8,Under Votes,,26
Cattaraugus,Town of Salamanca,State Supreme Court Justice,8,Over Votes,,0
Cattaraugus,Town of South Valley,State Supreme Court Justice,8,Shannon Heneghan,CON,1
Cattaraugus,Town of South Valley,State Supreme Court Justice,8,Shannon Heneghan,DEM,9
Cattaraugus,Town of South Valley,State Supreme Court Justice,8,Shannon Heneghan,WOR,1
Cattaraugus,Town of South Valley,State Supreme Court Justice,8,Shannon Heneghan,REP,32
Cattaraugus,Town of South Valley,State Supreme Court Justice,8,Jorge S. deRosas,CON,2
Cattaraugus,Town of South Valley,State Supreme Court Justice,8,Jorge S. deRosas,REP,29
Cattaraugus,Town of South Valley,State Supreme Court Justice,8,Jorge S. deRosas,DEM,9
Cattaraugus,Town of South Valley,State Supreme Court Justice,8,Write-in,,0
Cattaraugus,Town of South Valley,State Supreme Court Justice,8,Under Votes,,25
Cattaraugus,Town of South Valley,State Supreme Court Justice,8,Over Votes,,0
Cattaraugus,Town of Yorkshire Dist 1,State Supreme Court Justice,8,Shannon Heneghan,REP,74
Cattaraugus,Town of Yorkshire Dist 1,State Supreme Court Justice,8,Shannon Heneghan,CON,13
Cattaraugus,Town of Yorkshire Dist 1,State Supreme Court Justice,8,Shannon Heneghan,DEM,35
Cattaraugus,Town of Yorkshire Dist 1,State Supreme Court Justice,8,Shannon Heneghan,WOR,1
Cattaraugus,Town of Yorkshire Dist 1,State Supreme Court Justice,8,Jorge S. deRosas,REP,71
Cattaraugus,Town of Yorkshire Dist 1,State Supreme Court Justice,8,Jorge S. deRosas,CON,15
Cattaraugus,Town of Yorkshire Dist 1,State Supreme Court Justice,8,Jorge S. deRosas,DEM,30
Cattaraugus,Town of Yorkshire Dist 1,State Supreme Court Justice,8,Write-in,,0
Cattaraugus,Town of Yorkshire Dist 1,State Supreme Court Justice,8,Under Votes,,27
Cattaraugus,Town of Yorkshire Dist 1,State Supreme Court Justice,8,Over Votes,,0
Cattaraugus,Town of Yorkshire Dist 2,State Supreme Court Justice,8,Shannon Heneghan,DEM,30
Cattaraugus,Town of Yorkshire Dist 2,State Supreme Court Justice,8,Shannon Heneghan,REP,73
Cattaraugus,Town of Yorkshire Dist 2,State Supreme Court Justice,8,Shannon Heneghan,CON,11
Cattaraugus,Town of Yorkshire Dist 2,State Supreme Court Justice,8,Shannon Heneghan,WOR,1
Cattaraugus,Town of Yorkshire Dist 2,State Supreme Court Justice,8,Jorge S. deRosas,REP,75
Cattaraugus,Town of Yorkshire Dist 2,State Supreme Court Justice,8,Jorge S. deRosas,DEM,25
Cattaraugus,Town of Yorkshire Dist 2,State Supreme Court Justice,8,Jorge S. deRosas,CON,11
Cattaraugus,Town of Yorkshire Dist 2,State Supreme Court Justice,8,Write-in,,0
Cattaraugus,Town of Yorkshire Dist 2,State Supreme Court Justice,8,Under Votes,,22
Cattaraugus,Town of Yorkshire Dist 2,State Supreme Court Justice,8,Over Votes,,0
Cattaraugus,City of Olean Ward 1,Proposal Number one,,Yes,,297
Cattaraugus,City of Olean Ward 1,Proposal Number one,,No,,170
Cattaraugus,City of Olean Ward 1,Proposal Number one,,Under Votes,,32
Cattaraugus,City of Olean Ward 1,Proposal Number one,,Over Votes,,0
Cattaraugus,City of Olean Ward 2,Proposal Number one,,Yes,,274
Cattaraugus,City of Olean Ward 2,Proposal Number one,,No,,196
Cattaraugus,City of Olean Ward 2,Proposal Number one,,Under Votes,,46
Cattaraugus,City of Olean Ward 2,Proposal Number one,,Over Votes,,0
Cattaraugus,City of Olean Ward 3,Proposal Number one,,Yes,,202
Cattaraugus,City of Olean Ward 3,Proposal Number one,,No,,143
Cattaraugus,City of Olean Ward 3,Proposal Number one,,Under Votes,,14
Cattaraugus,City of Olean Ward 3,Proposal Number one,,Over Votes,,0
Cattaraugus,City of Olean Ward 4,Proposal Number one,,Yes,,160
Cattaraugus,City of Olean Ward 4,Proposal Number one,,No,,101
Cattaraugus,City of Olean Ward 4,Proposal Number one,,Under Votes,,28
Cattaraugus,City of Olean Ward 4,Proposal Number one,,Over Votes,,0
Cattaraugus,City of Olean Ward 5,Proposal Number one,,Yes,,204
Cattaraugus,City of Olean Ward 5,Proposal Number one,,No,,110
Cattaraugus,City of Olean Ward 5,Proposal Number one,,Under Votes,,26
Cattaraugus,City of Olean Ward 5,Proposal Number one,,Over Votes,,0
Cattaraugus,City of Olean Ward 6,Proposal Number one,,Yes,,212
Cattaraugus,City of Olean Ward 6,Proposal Number one,,No,,132
Cattaraugus,City of Olean Ward 6,Proposal Number one,,Under Votes,,23
Cattaraugus,City of Olean Ward 6,Proposal Number one,,Over Votes,,0
Cattaraugus,City of Olean Ward 7,Proposal Number one,,Yes,,192
Cattaraugus,City of Olean Ward 7,Proposal Number one,,No,,142
Cattaraugus,City of Olean Ward 7,Proposal Number one,,Under Votes,,16
Cattaraugus,City of Olean Ward 7,Proposal Number one,,Over Votes,,0
Cattaraugus,City of Salamanca Ward 1,Proposal Number one,,Yes,,17
Cattaraugus,City of Salamanca Ward 1,Proposal Number one,,No,,9
Cattaraugus,City of Salamanca Ward 1,Proposal Number one,,Under Votes,,0
Cattaraugus,City of Salamanca Ward 1,Proposal Number one,,Over Votes,,0
Cattaraugus,City of Salamanca Ward 2,Proposal Number one,,Yes,,52
Cattaraugus,City of Salamanca Ward 2,Proposal Number one,,No,,22
Cattaraugus,City of Salamanca Ward 2,Proposal Number one,,Under Votes,,1
Cattaraugus,City of Salamanca Ward 2,Proposal Number one,,Over Votes,,0
Cattaraugus,City of Salamanca Ward 3,Proposal Number one,,Yes,,16
Cattaraugus,City of Salamanca Ward 3,Proposal Number one,,No,,12
Cattaraugus,City of Salamanca Ward 3,Proposal Number one,,Under Votes,,1
Cattaraugus,City of Salamanca Ward 3,Proposal Number one,,Over Votes,,0
Cattaraugus,City of Salamanca Ward 4,Proposal Number one,,Yes,,30
Cattaraugus,City of Salamanca Ward 4,Proposal Number one,,No,,21
Cattaraugus,City of Salamanca Ward 4,Proposal Number one,,Under Votes,,4
Cattaraugus,City of Salamanca Ward 4,Proposal Number one,,Over Votes,,0
Cattaraugus,City of Salamanca Ward 5,Proposal Number one,,Yes,,26
Cattaraugus,City of Salamanca Ward 5,Proposal Number one,,No,,17
Cattaraugus,City of Salamanca Ward 5,Proposal Number one,,Under Votes,,3
Cattaraugus,City of Salamanca Ward 5,Proposal Number one,,Over Votes,,0
Cattaraugus,Town of Allegany Dist 1,Proposal Number one,,Yes,,146
Cattaraugus,Town of Allegany Dist 1,Proposal Number one,,No,,105
Cattaraugus,Town of Allegany Dist 1,Proposal Number one,,Under Votes,,38
Cattaraugus,Town of Allegany Dist 1,Proposal Number one,,Over Votes,,0
Cattaraugus,Town of Allegany Dist 2,Proposal Number one,,Yes,,63
Cattaraugus,Town of Allegany Dist 2,Proposal Number one,,No,,32
Cattaraugus,Town of Allegany Dist 2,Proposal Number one,,Under Votes,,4
Cattaraugus,Town of Allegany Dist 2,Proposal Number one,,Over Votes,,0
Cattaraugus,Town of Allegany Dist 3,Proposal Number one,,Yes,,76
Cattaraugus,Town of Allegany Dist 3,Proposal Number one,,No,,43
Cattaraugus,Town of Allegany Dist 3,Proposal Number one,,Under Votes,,21
Cattaraugus,Town of Allegany Dist 3,Proposal Number one,,Over Votes,,0
Cattaraugus,Town of Allegany Dist 4,Proposal Number one,,Yes,,113
Cattaraugus,Town of Allegany Dist 4,Proposal Number one,,No,,63
Cattaraugus,Town of Allegany Dist 4,Proposal Number one,,Under Votes,,12
Cattaraugus,Town of Allegany Dist 4,Proposal Number one,,Over Votes,,0
Cattaraugus,Town of Allegany Dist 5,Proposal Number one,,Yes,,112
Cattaraugus,Town of Allegany Dist 5,Proposal Number one,,No,,75
Cattaraugus,Town of Allegany Dist 5,Proposal Number one,,Under Votes,,22
Cattaraugus,Town of Allegany Dist 5,Proposal Number one,,Over Votes,,0
Cattaraugus,Town of Ashford Dist 1,Proposal Number one,,Yes,,36
Cattaraugus,Town of Ashford Dist 1,Proposal Number one,,No,,35
Cattaraugus,Town of Ashford Dist 1,Proposal Number one,,Under Votes,,2
Cattaraugus,Town of Ashford Dist 1,Proposal Number one,,Over Votes,,0
Cattaraugus,Town of Ashford Dist 2,Proposal Number one,,Yes,,98
Cattaraugus,Town of Ashford Dist 2,Proposal Number one,,No,,51
Cattaraugus,Town of Ashford Dist 2,Proposal Number one,,Under Votes,,8
Cattaraugus,Town of Ashford Dist 2,Proposal Number one,,Over Votes,,0
Cattaraugus,Town of Carrollton,Proposal Number one,,Yes,,90
Cattaraugus,Town of Carrollton,Proposal Number one,,No,,39
Cattaraugus,Town of Carrollton,Proposal Number one,,Under Votes,,13
Cattaraugus,Town of Carrollton,Proposal Number one,,Over Votes,,0
Cattaraugus,Town of Coldspring,Proposal Number one,,Yes,,85
Cattaraugus,Town of Coldspring,Proposal Number one,,No,,92
Cattaraugus,Town of Coldspring,Proposal Number one,,Under Votes,,13
Cattaraugus,Town of Coldspring,Proposal Number one,,Over Votes,,0
Cattaraugus,Town of Conewango,Proposal Number one,,Yes,,60
Cattaraugus,Town of Conewango,Proposal Number one,,No,,27
Cattaraugus,Town of Conewango,Proposal Number one,,Under Votes,,3
Cattaraugus,Town of Conewango,Proposal Number one,,Over Votes,,0
Cattaraugus,Town of Dayton,Proposal Number one,,Yes,,229
Cattaraugus,Town of Dayton,Proposal Number one,,No,,166
Cattaraugus,Town of Dayton,Proposal Number one,,Under Votes,,89
Cattaraugus,Town of Dayton,Proposal Number one,,Over Votes,,0
Cattaraugus,Town of East Otto,Proposal Number one,,Yes,,87
Cattaraugus,Town of East Otto,Proposal Number one,,No,,69
Cattaraugus,Town of East Otto,Proposal Number one,,Under Votes,,18
Cattaraugus,Town of East Otto,Proposal Number one,,Over Votes,,0
Cattaraugus,Town of Ellicottville,Proposal Number one,,Yes,,118
Cattaraugus,Town of Ellicottville,Proposal Number one,,No,,55
Cattaraugus,Town of Ellicottville,Proposal Number one,,Under Votes,,5
Cattaraugus,Town of Ellicottville,Proposal Number one,,Over Votes,,0
Cattaraugus,Town of Farmersville,Proposal Number one,,Yes,,39
Cattaraugus,Town of Farmersville,Proposal Number one,,No,,56
Cattaraugus,Town of Farmersville,Proposal Number one,,Under Votes,,10
Cattaraugus,Town of Farmersville,Proposal Number one,,Over Votes,,0
Cattaraugus,Town of Franklinville Dist 1,Proposal Number one,,Yes,,49
Cattaraugus,Town of Franklinville Dist 1,Proposal Number one,,No,,35
Cattaraugus,Town of Franklinville Dist 1,Proposal Number one,,Under Votes,,5
Cattaraugus,Town of Franklinville Dist 1,Proposal Number one,,Over Votes,,0
Cattaraugus,Town of Franklinville Dist 2,Proposal Number one,,Yes,,46
Cattaraugus,Town of Franklinville Dist 2,Proposal Number one,,No,,57
Cattaraugus,Town of Franklinville Dist 2,Proposal Number one,,Under Votes,,10
Cattaraugus,Town of Franklinville Dist 2,Proposal Number one,,Over Votes,,0
Cattaraugus,Town of Freedom,Proposal Number one,,Yes,,134
Cattaraugus,Town of Freedom,Proposal Number one,,No,,102
Cattaraugus,Town of Freedom,Proposal Number one,,Under Votes,,24
Cattaraugus,Town of Freedom,Proposal Number one,,Over Votes,,0
Cattaraugus,Town of Great Valley Dist 1,Proposal Number one,,Yes,,53
Cattaraugus,Town of Great Valley Dist 1,Proposal Number one,,No,,27
Cattaraugus,Town of Great Valley Dist 1,Proposal Number one,,Under Votes,,2
Cattaraugus,Town of Great Valley Dist 1,Proposal Number one,,Over Votes,,0
Cattaraugus,Town of Great Valley Dist 2,Proposal Number one,,Yes,,113
Cattaraugus,Town of Great Valley Dist 2,Proposal Number one,,No,,65
Cattaraugus,Town of Great Valley Dist 2,Proposal Number one,,Under Votes,,5
Cattaraugus,Town of Great Valley Dist 2,Proposal Number one,,Over Votes,,1
Cattaraugus,Town of Hinsdale,Proposal Number one,,Yes,,75
Cattaraugus,Town of Hinsdale,Proposal Number one,,No,,55
Cattaraugus,Town of Hinsdale,Proposal Number one,,Under Votes,,23
Cattaraugus,Town of Hinsdale,Proposal Number one,,Over Votes,,0
Cattaraugus,Town of Humphrey,Proposal Number one,,Yes,,34
Cattaraugus,Town of Humphrey,Proposal Number one,,No,,39
Cattaraugus,Town of Humphrey,Proposal Number one,,Under Votes,,8
Cattaraugus,Town of Humphrey,Proposal Number one,,Over Votes,,0
Cattaraugus,Town of Ischua,Proposal Number one,,Yes,,50
Cattaraugus,Town of Ischua,Proposal Number one,,No,,35
Cattaraugus,Town of Ischua,Proposal Number one,,Under Votes,,8
Cattaraugus,Town of Ischua,Proposal Number one,,Over Votes,,0
Cattaraugus,Town of Leon,Proposal Number one,,Yes,,59
Cattaraugus,Town of Leon,Proposal Number one,,No,,41
Cattaraugus,Town of Leon,Proposal Number one,,Under Votes,,7
Cattaraugus,Town of Leon,Proposal Number one,,Over Votes,,0
Cattaraugus,Town of Little Valley,Proposal Number one,,Yes,,112
Cattaraugus,Town of Little Valley,Proposal Number one,,No,,63
Cattaraugus,Town of Little Valley,Proposal Number one,,Under Votes,,7
Cattaraugus,Town of Little Valley,Proposal Number one,,Over Votes,,0
Cattaraugus,Town of Lyndon,Proposal Number one,,Yes,,88
Cattaraugus,Town of Lyndon,Proposal Number one,,No,,66
Cattaraugus,Town of Lyndon,Proposal Number one,,Under Votes,,23
Cattaraugus,Town of Lyndon,Proposal Number one,,Over Votes,,0
Cattaraugus,Town of Machias,Proposal Number one,,Yes,,164
Cattaraugus,Town of Machias,Proposal Number one,,No,,139
Cattaraugus,Town of Machias,Proposal Number one,,Under Votes,,23
Cattaraugus,Town of Machias,Proposal Number one,,Over Votes,,0
Cattaraugus,Town of Mansfield,Proposal Number one,,Yes,,53
Cattaraugus,Town of Mansfield,Proposal Number one,,No,,33
Cattaraugus,Town of Mansfield,Proposal Number one,,Under Votes,,1
Cattaraugus,Town of Mansfield,Proposal Number one,,Over Votes,,0
Cattaraugus,Town of Napoli,Proposal Number one,,Yes,,48
Cattaraugus,Town of Napoli,Proposal Number one,,No,,51
Cattaraugus,Town of Napoli,Proposal Number one,,Under Votes,,11
Cattaraugus,Town of Napoli,Proposal Number one,,Over Votes,,0
Cattaraugus,Town of New Albion,Proposal Number one,,Yes,,100
Cattaraugus,Town of New Albion,Proposal Number one,,No,,74
Cattaraugus,Town of New Albion,Proposal Number one,,Under Votes,,10
Cattaraugus,Town of New Albion,Proposal Number one,,Over Votes,,0
Cattaraugus,Town of Olean Dist 1,Proposal Number one,,Yes,,34
Cattaraugus,Town of Olean Dist 1,Proposal Number one,,No,,11
Cattaraugus,Town of Olean Dist 1,Proposal Number one,,Under Votes,,6
Cattaraugus,Town of Olean Dist 1,Proposal Number one,,Over Votes,,0
Cattaraugus,Town of Olean Dist 2,Proposal Number one,,Yes,,59
Cattaraugus,Town of Olean Dist 2,Proposal Number one,,No,,31
Cattaraugus,Town of Olean Dist 2,Proposal Number one,,Under Votes,,7
Cattaraugus,Town of Olean Dist 2,Proposal Number one,,Over Votes,,0
Cattaraugus,Town of Otto,Proposal Number one,,Yes,,125
Cattaraugus,Town of Otto,Proposal Number one,,No,,102
Cattaraugus,Town of Otto,Proposal Number one,,Under Votes,,14
Cattaraugus,Town of Otto,Proposal Number one,,Over Votes,,0
Cattaraugus,Town of Perrysburg,Proposal Number one,,Yes,,110
Cattaraugus,Town of Perrysburg,Proposal Number one,,No,,77
Cattaraugus,Town of Perrysburg,Proposal Number one,,Under Votes,,10
Cattaraugus,Town of Perrysburg,Proposal Number one,,Over Votes,,0
Cattaraugus,Town of Persia,Proposal Number one,,Yes,,100
Cattaraugus,Town of Persia,Proposal Number one,,No,,105
Cattaraugus,Town of Persia,Proposal Number one,,Under Votes,,7
Cattaraugus,Town of Persia,Proposal Number one,,Over Votes,,0
Cattaraugus,Town of Portville Dist 1,Proposal Number one,,Yes,,68
Cattaraugus,Town of Portville Dist 1,Proposal Number one,,No,,41
Cattaraugus,Town of Portville Dist 1,Proposal Number one,,Under Votes,,4
Cattaraugus,Town of Portville Dist 1,Proposal Number one,,Over Votes,,0
Cattaraugus,Town of Portville Dist 2,Proposal Number one,,Yes,,85
Cattaraugus,Town of Portville Dist 2,Proposal Number one,,No,,51
Cattaraugus,Town of Portville Dist 2,Proposal Number one,,Under Votes,,12
Cattaraugus,Town of Portville Dist 2,Proposal Number one,,Over Votes,,0
Cattaraugus,Town of Randolph Dist 1,Proposal Number one,,Yes,,77
Cattaraugus,Town of Randolph Dist 1,Proposal Number one,,No,,24
Cattaraugus,Town of Randolph Dist 1,Proposal Number one,,Under Votes,,19
Cattaraugus,Town of Randolph Dist 1,Proposal Number one,,Over Votes,,0
Cattaraugus,Town of Randolph Dist 2,Proposal Number one,,Yes,,72
Cattaraugus,Town of Randolph Dist 2,Proposal Number one,,No,,44
Cattaraugus,Town of Randolph Dist 2,Proposal Number one,,Under Votes,,5
Cattaraugus,Town of Randolph Dist 2,Proposal Number one,,Over Votes,,0
Cattaraugus,Town of Red House,Proposal Number one,,Yes,,10
Cattaraugus,Town of Red House,Proposal Number one,,No,,9
Cattaraugus,Town of Red House,Proposal Number one,,Under Votes,,1
Cattaraugus,Town of Red House,Proposal Number one,,Over Votes,,0
Cattaraugus,Town of Salamanca,Proposal Number one,,Yes,,45
Cattaraugus,Town of Salamanca,Proposal Number one,,No,,21
Cattaraugus,Town of Salamanca,Proposal Number one,,Under Votes,,7
Cattaraugus,Town of Salamanca,Proposal Number one,,Over Votes,,0
Cattaraugus,Town of South Valley,Proposal Number one,,Yes,,23
Cattaraugus,Town of South Valley,Proposal Number one,,No,,24
Cattaraugus,Town of South Valley,Proposal Number one,,Under Votes,,7
Cattaraugus,Town of South Valley,Proposal Number one,,Over Votes,,0
Cattaraugus,Town of Yorkshire Dist 1,Proposal Number one,,Yes,,69
Cattaraugus,Town of Yorkshire Dist 1,Proposal Number one,,No,,52
Cattaraugus,Town of Yorkshire Dist 1,Proposal Number one,,Under Votes,,12
Cattaraugus,Town of Yorkshire Dist 1,Proposal Number one,,Over Votes,,0
Cattaraugus,Town of Yorkshire Dist 2,Proposal Number one,,Yes,,68
Cattaraugus,Town of Yorkshire Dist 2,Proposal Number one,,No,,51
Cattaraugus,Town of Yorkshire Dist 2,Proposal Number one,,Under Votes,,5
Cattaraugus,Town of Yorkshire Dist 2,Proposal Number one,,Over Votes,,0
Cattaraugus,City of Olean Ward 1,District Attorney,,Ashley E. Smith,CON,60
Cattaraugus,City of Olean Ward 1,District Attorney,,Ashley E. Smith,REP,266
Cattaraugus,City of Olean Ward 1,District Attorney,,Write-in,,6
Cattaraugus,City of Olean Ward 1,District Attorney,,William Preston Marshall,,3
Cattaraugus,City of Olean Ward 1,District Attorney,,Under Votes,,164
Cattaraugus,City of Olean Ward 1,District Attorney,,Over Votes,,0
Cattaraugus,City of Olean Ward 2,District Attorney,,Ashley E. Smith,REP,272
Cattaraugus,City of Olean Ward 2,District Attorney,,Ashley E. Smith,CON,82
Cattaraugus,City of Olean Ward 2,District Attorney,,Write-in,,1
Cattaraugus,City of Olean Ward 2,District Attorney,,William Preston Marshall,,2
Cattaraugus,City of Olean Ward 2,District Attorney,,Under Votes,,159
Cattaraugus,City of Olean Ward 2,District Attorney,,Over Votes,,0
Cattaraugus,City of Olean Ward 3,District Attorney,,Ashley E. Smith,REP,173
Cattaraugus,City of Olean Ward 3,District Attorney,,Ashley E. Smith,CON,62
Cattaraugus,City of Olean Ward 3,District Attorney,,Write-in,,2
Cattaraugus,City of Olean Ward 3,District Attorney,,William Preston Marshall,,0
Cattaraugus,City of Olean Ward 3,District Attorney,,Under Votes,,122
Cattaraugus,City of Olean Ward 3,District Attorney,,Over Votes,,0
Cattaraugus,City of Olean Ward 4,District Attorney,,Ashley E. Smith,REP,114
Cattaraugus,City of Olean Ward 4,District Attorney,,Ashley E. Smith,CON,43
Cattaraugus,City of Olean Ward 4,District Attorney,,Write-in,,3
Cattaraugus,City of Olean Ward 4,District Attorney,,William Preston Marshall,,5
Cattaraugus,City of Olean Ward 4,District Attorney,,Under Votes,,124
Cattaraugus,City of Olean Ward 4,District Attorney,,Over Votes,,0
Cattaraugus,City of Olean Ward 5,District Attorney,,Ashley E. Smith,CON,61
Cattaraugus,City of Olean Ward 5,District Attorney,,Ashley E. Smith,REP,147
Cattaraugus,City of Olean Ward 5,District Attorney,,Write-in,,5
Cattaraugus,City of Olean Ward 5,District Attorney,,William Preston Marshall,,0
Cattaraugus,City of Olean Ward 5,District Attorney,,Under Votes,,127
Cattaraugus,City of Olean Ward 5,District Attorney,,Over Votes,,0
Cattaraugus,City of Olean Ward 6,District Attorney,,Ashley E. Smith,CON,50
Cattaraugus,City of Olean Ward 6,District Attorney,,Ashley E. Smith,REP,175
Cattaraugus,City of Olean Ward 6,District Attorney,,Write-in,,2
Cattaraugus,City of Olean Ward 6,District Attorney,,William Preston Marshall,,2
Cattaraugus,City of Olean Ward 6,District Attorney,,Under Votes,,138
Cattaraugus,City of Olean Ward 6,District Attorney,,Over Votes,,0
Cattaraugus,City of Olean Ward 7,District Attorney,,Ashley E. Smith,CON,54
Cattaraugus,City of Olean Ward 7,District Attorney,,Ashley E. Smith,REP,177
Cattaraugus,City of Olean Ward 7,District Attorney,,Write-in,,1
Cattaraugus,City of Olean Ward 7,District Attorney,,William Preston Marshall,,2
Cattaraugus,City of Olean Ward 7,District Attorney,,Under Votes,,116
Cattaraugus,City of Olean Ward 7,District Attorney,,Over Votes,,0
Cattaraugus,City of Salamanca Ward 1,District Attorney,,Ashley E. Smith,REP,16
Cattaraugus,City of Salamanca Ward 1,District Attorney,,Ashley E. Smith,CON,8
Cattaraugus,City of Salamanca Ward 1,District Attorney,,Write-in,,0
Cattaraugus,City of Salamanca Ward 1,District Attorney,,William Preston Marshall,,0
Cattaraugus,City of Salamanca Ward 1,District Attorney,,Under Votes,,2
Cattaraugus,City of Salamanca Ward 1,District Attorney,,Over Votes,,0
Cattaraugus,City of Salamanca Ward 2,District Attorney,,Ashley E. Smith,CON,16
Cattaraugus,City of Salamanca Ward 2,District Attorney,,Ashley E. Smith,REP,39
Cattaraugus,City of Salamanca Ward 2,District Attorney,,Write-in,,1
Cattaraugus,City of Salamanca Ward 2,District Attorney,,William Preston Marshall,,0
Cattaraugus,City of Salamanca Ward 2,District Attorney,,Under Votes,,19
Cattaraugus,City of Salamanca Ward 2,District Attorney,,Over Votes,,0
Cattaraugus,City of Salamanca Ward 3,District Attorney,,Ashley E. Smith,CON,8
Cattaraugus,City of Salamanca Ward 3,District Attorney,,Ashley E. Smith,REP,14
Cattaraugus,City of Salamanca Ward 3,District Attorney,,Write-in,,1
Cattaraugus,City of Salamanca Ward 3,District Attorney,,William Preston Marshall,,0
Cattaraugus,City of Salamanca Ward 3,District Attorney,,Under Votes,,6
Cattaraugus,City of Salamanca Ward 3,District Attorney,,Over Votes,,0
Cattaraugus,City of Salamanca Ward 4,District Attorney,,Ashley E. Smith,CON,12
Cattaraugus,City of Salamanca Ward 4,District Attorney,,Ashley E. Smith,REP,30
Cattaraugus,City of Salamanca Ward 4,District Attorney,,Write-in,,0
Cattaraugus,City of Salamanca Ward 4,District Attorney,,William Preston Marshall,,1
Cattaraugus,City of Salamanca Ward 4,District Attorney,,Under Votes,,11
Cattaraugus,City of Salamanca Ward 4,District Attorney,,Over Votes,,1
Cattaraugus,City of Salamanca Ward 5,District Attorney,,Ashley E. Smith,REP,29
Cattaraugus,City of Salamanca Ward 5,District Attorney,,Ashley E. Smith,CON,8
Cattaraugus,City of Salamanca Ward 5,District Attorney,,Write-in,,0
Cattaraugus,City of Salamanca Ward 5,District Attorney,,William Preston Marshall,,0
Cattaraugus,City of Salamanca Ward 5,District Attorney,,Under Votes,,9
Cattaraugus,City of Salamanca Ward 5,District Attorney,,Over Votes,,0
Cattaraugus,Town of Allegany Dist 1,District Attorney,,Ashley E. Smith,REP,179
Cattaraugus,Town of Allegany Dist 1,District Attorney,,Ashley E. Smith,CON,35
Cattaraugus,Town of Allegany Dist 1,District Attorney,,Write-in,,4
Cattaraugus,Town of Allegany Dist 1,District Attorney,,William Preston Marshall,,2
Cattaraugus,Town of Allegany Dist 1,District Attorney,,Under Votes,,69
Cattaraugus,Town of Allegany Dist 1,District Attorney,,Over Votes,,0
Cattaraugus,Town of Allegany Dist 2,District Attorney,,Ashley E. Smith,CON,21
Cattaraugus,Town of Allegany Dist 2,District Attorney,,Ashley E. Smith,REP,52
Cattaraugus,Town of Allegany Dist 2,District Attorney,,Write-in,,0
Cattaraugus,Town of Allegany Dist 2,District Attorney,,William Preston Marshall,,0
Cattaraugus,Town of Allegany Dist 2,District Attorney,,Under Votes,,26
Cattaraugus,Town of Allegany Dist 2,District Attorney,,Over Votes,,0
Cattaraugus,Town of Allegany Dist 3,District Attorney,,Ashley E. Smith,CON,22
Cattaraugus,Town of Allegany Dist 3,District Attorney,,Ashley E. Smith,REP,89
Cattaraugus,Town of Allegany Dist 3,District Attorney,,Write-in,,0
Cattaraugus,Town of Allegany Dist 3,District Attorney,,William Preston Marshall,,0
Cattaraugus,Town of Allegany Dist 3,District Attorney,,Under Votes,,29
Cattaraugus,Town of Allegany Dist 3,District Attorney,,Over Votes,,0
Cattaraugus,Town of Allegany Dist 4,District Attorney,,Ashley E. Smith,CON,20
Cattaraugus,Town of Allegany Dist 4,District Attorney,,Ashley E. Smith,REP,114
Cattaraugus,Town of Allegany Dist 4,District Attorney,,Write-in,,0
Cattaraugus,Town of Allegany Dist 4,District Attorney,,William Preston Marshall,,5
Cattaraugus,Town of Allegany Dist 4,District Attorney,,Under Votes,,49
Cattaraugus,Town of Allegany Dist 4,District Attorney,,Over Votes,,0
Cattaraugus,Town of Allegany Dist 5,District Attorney,,Ashley E. Smith,CON,31
Cattaraugus,Town of Allegany Dist 5,District Attorney,,Ashley E. Smith,REP,129
Cattaraugus,Town of Allegany Dist 5,District Attorney,,Write-in,,1
Cattaraugus,Town of Allegany Dist 5,District Attorney,,William Preston Marshall,,0
Cattaraugus,Town of Allegany Dist 5,District Attorney,,Under Votes,,48
Cattaraugus,Town of Allegany Dist 5,District Attorney,,Over Votes,,0
Cattaraugus,Town of Ashford Dist 1,District Attorney,,Ashley E. Smith,REP,54
Cattaraugus,Town of Ashford Dist 1,District Attorney,,Ashley E. Smith,CON,9
Cattaraugus,Town of Ashford Dist 1,District Attorney,,Write-in,,0
Cattaraugus,Town of Ashford Dist 1,District Attorney,,William Preston Marshall,,0
Cattaraugus,Town of Ashford Dist 1,District Attorney,,Under Votes,,10
Cattaraugus,Town of Ashford Dist 1,District Attorney,,Over Votes,,0
Cattaraugus,Town of Ashford Dist 2,District Attorney,,Ashley E. Smith,CON,30
Cattaraugus,Town of Ashford Dist 2,District Attorney,,Ashley E. Smith,REP,98
Cattaraugus,Town of Ashford Dist 2,District Attorney,,Write-in,,2
Cattaraugus,Town of Ashford Dist 2,District Attorney,,William Preston Marshall,,0
Cattaraugus,Town of Ashford Dist 2,District Attorney,,Under Votes,,27
Cattaraugus,Town of Ashford Dist 2,District Attorney,,Over Votes,,0
Cattaraugus,Town of Carrollton,District Attorney,,Ashley E. Smith,REP,100
Cattaraugus,Town of Carrollton,District Attorney,,Ashley E. Smith,CON,15
Cattaraugus,Town of Carrollton,District Attorney,,Write-in,,0
Cattaraugus,Town of Carrollton,District Attorney,,William Preston Marshall,,1
Cattaraugus,Town of Carrollton,District Attorney,,Under Votes,,26
Cattaraugus,Town of Carrollton,District Attorney,,Over Votes,,0
Cattaraugus,Town of Coldspring,District Attorney,,Ashley E. Smith,REP,133
Cattaraugus,Town of Coldspring,District Attorney,,Ashley E. Smith,CON,22
Cattaraugus,Town of Coldspring,District Attorney,,Write-in,,0
Cattaraugus,Town of Coldspring,District Attorney,,William Preston Marshall,,4
Cattaraugus,Town of Coldspring,District Attorney,,Under Votes,,31
Cattaraugus,Town of Coldspring,District Attorney,,Over Votes,,0
Cattaraugus,Town of Conewango,District Attorney,,Ashley E. Smith,REP,54
Cattaraugus,Town of Conewango,District Attorney,,Ashley E. Smith,CON,16
Cattaraugus,Town of Conewango,District Attorney,,Write-in,,0
Cattaraugus,Town of Conewango,District Attorney,,William Preston Marshall,,1
Cattaraugus,Town of Conewango,District Attorney,,Under Votes,,19
Cattaraugus,Town of Conewango,District Attorney,,Over Votes,,0
Cattaraugus,Town of Dayton,District Attorney,,Ashley E. Smith,REP,272
Cattaraugus,Town of Dayton,District Attorney,,Ashley E. Smith,CON,70
Cattaraugus,Town of Dayton,District Attorney,,Write-in,,1
Cattaraugus,Town of Dayton,District Attorney,,William Preston Marshall,,0
Cattaraugus,Town of Dayton,District Attorney,,Under Votes,,141
Cattaraugus,Town of Dayton,District Attorney,,Over Votes,,0
Cattaraugus,Town of East Otto,District Attorney,,Ashley E. Smith,REP,128
Cattaraugus,Town of East Otto,District Attorney,,Ashley E. Smith,CON,23
Cattaraugus,Town of East Otto,District Attorney,,Write-in,,1
Cattaraugus,Town of East Otto,District Attorney,,William Preston Marshall,,0
Cattaraugus,Town of East Otto,District Attorney,,Under Votes,,22
Cattaraugus,Town of East Otto,District Attorney,,Over Votes,,0
Cattaraugus,Town of Ellicottville,District Attorney,,Ashley E. Smith,CON,29
Cattaraugus,Town of Ellicottville,District Attorney,,Ashley E. Smith,REP,101
Cattaraugus,Town of Ellicottville,District Attorney,,Write-in,,2
Cattaraugus,Town of Ellicottville,District Attorney,,William Preston Marshall,,3
Cattaraugus,Town of Ellicottville,District Attorney,,Under Votes,,43
Cattaraugus,Town of Ellicottville,District Attorney,,Over Votes,,0
Cattaraugus,Town of Farmersville,District Attorney,,Ashley E. Smith,CON,29
Cattaraugus,Town of Farmersville,District Attorney,,Ashley E. Smith,REP,62
Cattaraugus,Town of Farmersville,District Attorney,,Write-in,,0
Cattaraugus,Town of Farmersville,District Attorney,,William Preston Marshall,,2
Cattaraugus,Town of Farmersville,District Attorney,,Under Votes,,12
Cattaraugus,Town of Farmersville,District Attorney,,Over Votes,,0
Cattaraugus,Town of Franklinville Dist 1,District Attorney,,Ashley E. Smith,REP,63
Cattaraugus,Town of Franklinville Dist 1,District Attorney,,Ashley E. Smith,CON,12
Cattaraugus,Town of Franklinville Dist 1,District Attorney,,Write-in,,1
Cattaraugus,Town of Franklinville Dist 1,District Attorney,,William Preston Marshall,,0
Cattaraugus,Town of Franklinville Dist 1,District Attorney,,Under Votes,,13
Cattaraugus,Town of Franklinville Dist 1,District Attorney,,Over Votes,,0
Cattaraugus,Town of Franklinville Dist 2,District Attorney,,Ashley E. Smith,REP,72
Cattaraugus,Town of Franklinville Dist 2,District Attorney,,Ashley E. Smith,CON,14
Cattaraugus,Town of Franklinville Dist 2,District Attorney,,Write-in,,1
Cattaraugus,Town of Franklinville Dist 2,District Attorney,,William Preston Marshall,,1
Cattaraugus,Town of Franklinville Dist 2,District Attorney,,Under Votes,,25
Cattaraugus,Town of Franklinville Dist 2,District Attorney,,Over Votes,,0
Cattaraugus,Town of Freedom,District Attorney,,Ashley E. Smith,REP,159
Cattaraugus,Town of Freedom,District Attorney,,Ashley E. Smith,CON,35
Cattaraugus,Town of Freedom,District Attorney,,Write-in,,0
Cattaraugus,Town of Freedom,District Attorney,,William Preston Marshall,,0
Cattaraugus,Town of Freedom,District Attorney,,Under Votes,,66
Cattaraugus,Town of Freedom,District Attorney,,Over Votes,,0
Cattaraugus,Town of Great Valley Dist 1,District Attorney,,Ashley E. Smith,CON,8
Cattaraugus,Town of Great Valley Dist 1,District Attorney,,Ashley E. Smith,REP,52
Cattaraugus,Town of Great Valley Dist 1,District Attorney,,Write-in,,0
Cattaraugus,Town of Great Valley Dist 1,District Attorney,,William Preston Marshall,,1
Cattaraugus,Town of Great Valley Dist 1,District Attorney,,Under Votes,,21
Cattaraugus,Town of Great Valley Dist 1,District Attorney,,Over Votes,,0
Cattaraugus,Town of Great Valley Dist 2,District Attorney,,Ashley E. Smith,CON,27
Cattaraugus,Town of Great Valley Dist 2,District Attorney,,Ashley E. Smith,REP,115
Cattaraugus,Town of Great Valley Dist 2,District Attorney,,Write-in,,0
Cattaraugus,Town of Great Valley Dist 2,District Attorney,,William Preston Marshall,,3
Cattaraugus,Town of Great Valley Dist 2,District Attorney,,Under Votes,,39
Cattaraugus,Town of Great Valley Dist 2,District Attorney,,Over Votes,,0
Cattaraugus,Town of Hinsdale,District Attorney,,Ashley E. Smith,CON,26
Cattaraugus,Town of Hinsdale,District Attorney,,Ashley E. Smith,REP,103
Cattaraugus,Town of Hinsdale,District Attorney,,Write-in,,0
Cattaraugus,Town of Hinsdale,District Attorney,,William Preston Marshall,,1
Cattaraugus,Town of Hinsdale,District Attorney,,Under Votes,,23
Cattaraugus,Town of Hinsdale,District Attorney,,Over Votes,,0
Cattaraugus,Town of Humphrey,District Attorney,,Ashley E. Smith,REP,55
Cattaraugus,Town of Humphrey,District Attorney,,Ashley E. Smith,CON,15
Cattaraugus,Town of Humphrey,District Attorney,,Write-in,,0
Cattaraugus,Town of Humphrey,District Attorney,,William Preston Marshall,,0
Cattaraugus,Town of Humphrey,District Attorney,,Under Votes,,11
Cattaraugus,Town of Humphrey,District Attorney,,Over Votes,,0
Cattaraugus,Town of Ischua,District Attorney,,Ashley E. Smith,REP,57
Cattaraugus,Town of Ischua,District Attorney,,Ashley E. Smith,CON,14
Cattaraugus,Town of Ischua,District Attorney,,Write-in,,0
Cattaraugus,Town of Ischua,District Attorney,,William Preston Marshall,,1
Cattaraugus,Town of Ischua,District Attorney,,Under Votes,,21
Cattaraugus,Town of Ischua,District Attorney,,Over Votes,,0
Cattaraugus,Town of Leon,District Attorney,,Ashley E. Smith,CON,20
Cattaraugus,Town of Leon,District Attorney,,Ashley E. Smith,REP,60
Cattaraugus,Town of Leon,District Attorney,,Write-in,,0
Cattaraugus,Town of Leon,District Attorney,,William Preston Marshall,,2
Cattaraugus,Town of Leon,District Attorney,,Under Votes,,25
Cattaraugus,Town of Leon,District Attorney,,Over Votes,,0
Cattaraugus,Town of Little Valley,District Attorney,,Ashley E. Smith,CON,28
Cattaraugus,Town of Little Valley,District Attorney,,Ashley E. Smith,REP,116
Cattaraugus,Town of Little Valley,District Attorney,,Write-in,,6
Cattaraugus,Town of Little Valley,District Attorney,,William Preston Marshall,,1
Cattaraugus,Town of Little Valley,District Attorney,,Under Votes,,31
Cattaraugus,Town of Little Valley,District Attorney,,Over Votes,,0
Cattaraugus,Town of Lyndon,District Attorney,,Ashley E. Smith,CON,19
Cattaraugus,Town of Lyndon,District Attorney,,Ashley E. Smith,REP,101
Cattaraugus,Town of Lyndon,District Attorney,,Write-in,,1
Cattaraugus,Town of Lyndon,District Attorney,,William Preston Marshall,,0
Cattaraugus,Town of Lyndon,District Attorney,,Under Votes,,56
Cattaraugus,Town of Lyndon,District Attorney,,Over Votes,,0
Cattaraugus,Town of Machias,District Attorney,,Ashley E. Smith,REP,212
Cattaraugus,Town of Machias,District Attorney,,Ashley E. Smith,CON,51
Cattaraugus,Town of Machias,District Attorney,,Write-in,,3
Cattaraugus,Town of Machias,District Attorney,,William Preston Marshall,,0
Cattaraugus,Town of Machias,District Attorney,,Under Votes,,60
Cattaraugus,Town of Machias,District Attorney,,Over Votes,,0
Cattaraugus,Town of Mansfield,District Attorney,,Ashley E. Smith,CON,11
Cattaraugus,Town of Mansfield,District Attorney,,Ashley E. Smith,REP,66
Cattaraugus,Town of Mansfield,District Attorney,,Write-in,,0
Cattaraugus,Town of Mansfield,District Attorney,,William Preston Marshall,,2
Cattaraugus,Town of Mansfield,District Attorney,,Under Votes,,8
Cattaraugus,Town of Mansfield,District Attorney,,Over Votes,,0
Cattaraugus,Town of Napoli,District Attorney,,Ashley E. Smith,REP,85
Cattaraugus,Town of Napoli,District Attorney,,Ashley E. Smith,CON,14
Cattaraugus,Town of Napoli,District Attorney,,Write-in,,0
Cattaraugus,Town of Napoli,District Attorney,,William Preston Marshall,,0
Cattaraugus,Town of Napoli,District Attorney,,Under Votes,,11
Cattaraugus,Town of Napoli,District Attorney,,Over Votes,,0
Cattaraugus,Town of New Albion,District Attorney,,Ashley E. Smith,CON,37
Cattaraugus,Town of New Albion,District Attorney,,Ashley E. Smith,REP,128
Cattaraugus,Town of New Albion,District Attorney,,Write-in,,0
Cattaraugus,Town of New Albion,District Attorney,,William Preston Marshall,,0
Cattaraugus,Town of New Albion,District Attorney,,Under Votes,,19
Cattaraugus,Town of New Albion,District Attorney,,Over Votes,,0
Cattaraugus,Town of Olean Dist 1,District Attorney,,Ashley E. Smith,REP,39
Cattaraugus,Town of Olean Dist 1,District Attorney,,Ashley E. Smith,CON,9
Cattaraugus,Town of Olean Dist 1,District Attorney,,Write-in,,0
Cattaraugus,Town of Olean Dist 1,District Attorney,,William Preston Marshall,,0
Cattaraugus,Town of Olean Dist 1,District Attorney,,Under Votes,,3
Cattaraugus,Town of Olean Dist 1,District Attorney,,Over Votes,,0
Cattaraugus,Town of Olean Dist 2,District Attorney,,Ashley E. Smith,REP,64
Cattaraugus,Town of Olean Dist 2,District Attorney,,Ashley E. Smith,CON,12
Cattaraugus,Town of Olean Dist 2,District Attorney,,Write-in,,0
Cattaraugus,Town of Olean Dist 2,District Attorney,,William Preston Marshall,,0
Cattaraugus,Town of Olean Dist 2,District Attorney,,Under Votes,,21
Cattaraugus,Town of Olean Dist 2,District Attorney,,Over Votes,,0
Cattaraugus,Town of Otto,District Attorney,,Ashley E. Smith,REP,175
Cattaraugus,Town of Otto,District Attorney,,Ashley E. Smith,CON,35
Cattaraugus,Town of Otto,District Attorney,,Write-in,,0
Cattaraugus,Town of Otto,District Attorney,,William Preston Marshall,,0
Cattaraugus,Town of Otto,District Attorney,,Under Votes,,30
Cattaraugus,Town of Otto,District Attorney,,Over Votes,,1
Cattaraugus,Town of Perrysburg,District Attorney,,Ashley E. Smith,CON,31
Cattaraugus,Town of Perrysburg,District Attorney,,Ashley E. Smith,REP,119
Cattaraugus,Town of Perrysburg,District Attorney,,Write-in,,1
Cattaraugus,Town of Perrysburg,District Attorney,,William Preston Marshall,,0
Cattaraugus,Town of Perrysburg,District Attorney,,Under Votes,,46
Cattaraugus,Town of Perrysburg,District Attorney,,Over Votes,,0
Cattaraugus,Town of Persia,District Attorney,,Ashley E. Smith,CON,48
Cattaraugus,Town of Persia,District Attorney,,Ashley E. Smith,REP,134
Cattaraugus,Town of Persia,District Attorney,,Write-in,,1
Cattaraugus,Town of Persia,District Attorney,,William Preston Marshall,,0
Cattaraugus,Town of Persia,District Attorney,,Under Votes,,29
Cattaraugus,Town of Persia,District Attorney,,Over Votes,,0
Cattaraugus,Town of Portville Dist 1,District Attorney,,Ashley E. Smith,CON,14
Cattaraugus,Town of Portville Dist 1,District Attorney,,Ashley E. Smith,REP,77
Cattaraugus,Town of Portville Dist 1,District Attorney,,Write-in,,0
Cattaraugus,Town of Portville Dist 1,District Attorney,,William Preston Marshall,,2
Cattaraugus,Town of Portville Dist 1,District Attorney,,Under Votes,,20
Cattaraugus,Town of Portville Dist 1,District Attorney,,Over Votes,,0
Cattaraugus,Town of Portville Dist 2,District Attorney,,Ashley E. Smith,CON,20
Cattaraugus,Town of Portville Dist 2,District Attorney,,Ashley E. Smith,REP,105
Cattaraugus,Town of Portville Dist 2,District Attorney,,Write-in,,0
Cattaraugus,Town of Portville Dist 2,District Attorney,,William Preston Marshall,,0
Cattaraugus,Town of Portville Dist 2,District Attorney,,Under Votes,,23
Cattaraugus,Town of Portville Dist 2,District Attorney,,Over Votes,,0
Cattaraugus,Town of Randolph Dist 1,District Attorney,,Ashley E. Smith,CON,20
Cattaraugus,Town of Randolph Dist 1,District Attorney,,Ashley E. Smith,REP,82
Cattaraugus,Town of Randolph Dist 1,District Attorney,,Write-in,,0
Cattaraugus,Town of Randolph Dist 1,District Attorney,,William Preston Marshall,,4
Cattaraugus,Town of Randolph Dist 1,District Attorney,,Under Votes,,14
Cattaraugus,Town of Randolph Dist 1,District Attorney,,Over Votes,,0
Cattaraugus,Town of Randolph Dist 2,District Attorney,,Ashley E. Smith,CON,12
Cattaraugus,Town of Randolph Dist 2,District Attorney,,Ashley E. Smith,REP,92
Cattaraugus,Town of Randolph Dist 2,District Attorney,,Write-in,,0
Cattaraugus,Town of Randolph Dist 2,District Attorney,,William Preston Marshall,,1
Cattaraugus,Town of Randolph Dist 2,District Attorney,,Under Votes,,16
Cattaraugus,Town of Randolph Dist 2,District Attorney,,Over Votes,,0
Cattaraugus,Town of Red House,District Attorney,,Ashley E. Smith,CON,3
Cattaraugus,Town of Red House,District Attorney,,Ashley E. Smith,REP,12
Cattaraugus,Town of Red House,District Attorney,,Write-in,,1
Cattaraugus,Town of Red House,District Attorney,,William Preston Marshall,,0
Cattaraugus,Town of Red House,District Attorney,,Under Votes,,4
Cattaraugus,Town of Red House,District Attorney,,Over Votes,,0
Cattaraugus,Town of Salamanca,District Attorney,,Ashley E. Smith,REP,48
Cattaraugus,Town of Salamanca,District Attorney,,Ashley E. Smith,CON,8
Cattaraugus,Town of Salamanca,District Attorney,,Write-in,,0
Cattaraugus,Town of Salamanca,District Attorney,,William Preston Marshall,,0
Cattaraugus,Town of Salamanca,District Attorney,,Under Votes,,17
Cattaraugus,Town of Salamanca,District Attorney,,Over Votes,,0
Cattaraugus,Town of South Valley,District Attorney,,Ashley E. Smith,CON,3
Cattaraugus,Town of South Valley,District Attorney,,Ashley E. Smith,REP,37
Cattaraugus,Town of South Valley,District Attorney,,Write-in,,0
Cattaraugus,Town of South Valley,District Attorney,,William Preston Marshall,,0
Cattaraugus,Town of South Valley,District Attorney,,Under Votes,,13
Cattaraugus,Town of South Valley,District Attorney,,Over Votes,,1
Cattaraugus,Town of Yorkshire Dist 1,District Attorney,,Ashley E. Smith,CON,18
Cattaraugus,Town of Yorkshire Dist 1,District Attorney,,Ashley E. Smith,REP,90
Cattaraugus,Town of Yorkshire Dist 1,District Attorney,,Write-in,,0
Cattaraugus,Town of Yorkshire Dist 1,District Attorney,,William Preston Marshall,,0
Cattaraugus,Town of Yorkshire Dist 1,District Attorney,,Under Votes,,25
Cattaraugus,Town of Yorkshire Dist 1,District Attorney,,Over Votes,,0
Cattaraugus,Town of Yorkshire Dist 2,District Attorney,,Ashley E. Smith,REP,84
Cattaraugus,Town of Yorkshire Dist 2,District Attorney,,Ashley E. Smith,CON,20
Cattaraugus,Town of Yorkshire Dist 2,District Attorney,,Write-in,,0
Cattaraugus,Town of Yorkshire Dist 2,District Attorney,,William Preston Marshall,,1
Cattaraugus,Town of Yorkshire Dist 2,District Attorney,,Under Votes,,19
Cattaraugus,Town of Yorkshire Dist 2,District Attorney,,Over Votes,,0
Cattaraugus,City of Olean Ward 1,Coroner,,Kevin M. O'Rourke,REP,314
Cattaraugus,City of Olean Ward 1,Coroner,,Write-in,,4
Cattaraugus,City of Olean Ward 1,Coroner,,Under Votes,,181
Cattaraugus,City of Olean Ward 1,Coroner,,Over Votes,,0
Cattaraugus,City of Olean Ward 2,Coroner,,Kevin M. O'Rourke,REP,333
Cattaraugus,City of Olean Ward 2,Coroner,,Write-in,,2
Cattaraugus,City of Olean Ward 2,Coroner,,Under Votes,,181
Cattaraugus,City of Olean Ward 2,Coroner,,Over Votes,,0
Cattaraugus,City of Olean Ward 3,Coroner,,Kevin M. O'Rourke,REP,226
Cattaraugus,City of Olean Ward 3,Coroner,,Write-in,,2
Cattaraugus,City of Olean Ward 3,Coroner,,Under Votes,,131
Cattaraugus,City of Olean Ward 3,Coroner,,Over Votes,,0
Cattaraugus,City of Olean Ward 4,Coroner,,Kevin M. O'Rourke,REP,154
Cattaraugus,City of Olean Ward 4,Coroner,,Write-in,,2
Cattaraugus,City of Olean Ward 4,Coroner,,Under Votes,,133
Cattaraugus,City of Olean Ward 4,Coroner,,Over Votes,,0
Cattaraugus,City of Olean Ward 5,Coroner,,Kevin M. O'Rourke,REP,208
Cattaraugus,City of Olean Ward 5,Coroner,,Write-in,,2
Cattaraugus,City of Olean Ward 5,Coroner,,Under Votes,,130
Cattaraugus,City of Olean Ward 5,Coroner,,Over Votes,,0
Cattaraugus,City of Olean Ward 6,Coroner,,Kevin M. O'Rourke,REP,213
Cattaraugus,City of Olean Ward 6,Coroner,,Write-in,,2
Cattaraugus,City of Olean Ward 6,Coroner,,Under Votes,,152
Cattaraugus,City of Olean Ward 6,Coroner,,Over Votes,,0
Cattaraugus,City of Olean Ward 7,Coroner,,Kevin M. O'Rourke,REP,225
Cattaraugus,City of Olean Ward 7,Coroner,,Write-in,,1
Cattaraugus,City of Olean Ward 7,Coroner,,Under Votes,,124
Cattaraugus,City of Olean Ward 7,Coroner,,Over Votes,,0
Cattaraugus,City of Salamanca Ward 1,Coroner,,Kevin M. O'Rourke,REP,22
Cattaraugus,City of Salamanca Ward 1,Coroner,,Write-in,,0
Cattaraugus,City of Salamanca Ward 1,Coroner,,Under Votes,,4
Cattaraugus,City of Salamanca Ward 1,Coroner,,Over Votes,,0
Cattaraugus,City of Salamanca Ward 2,Coroner,,Kevin M. O'Rourke,REP,65
Cattaraugus,City of Salamanca Ward 2,Coroner,,Write-in,,0
Cattaraugus,City of Salamanca Ward 2,Coroner,,Under Votes,,10
Cattaraugus,City of Salamanca Ward 2,Coroner,,Over Votes,,0
Cattaraugus,City of Salamanca Ward 3,Coroner,,Kevin M. O'Rourke,REP,24
Cattaraugus,City of Salamanca Ward 3,Coroner,,Write-in,,0
Cattaraugus,City of Salamanca Ward 3,Coroner,,Under Votes,,5
Cattaraugus,City of Salamanca Ward 3,Coroner,,Over Votes,,0
Cattaraugus,City of Salamanca Ward 4,Coroner,,Kevin M. O'Rourke,REP,47
Cattaraugus,City of Salamanca Ward 4,Coroner,,Write-in,,0
Cattaraugus,City of Salamanca Ward 4,Coroner,,Under Votes,,8
Cattaraugus,City of Salamanca Ward 4,Coroner,,Over Votes,,0
Cattaraugus,City of Salamanca Ward 5,Coroner,,Kevin M. O'Rourke,REP,38
Cattaraugus,City of Salamanca Ward 5,Coroner,,Write-in,,1
Cattaraugus,City of Salamanca Ward 5,Coroner,,Under Votes,,7
Cattaraugus,City of Salamanca Ward 5,Coroner,,Over Votes,,0
Cattaraugus,Town of Allegany Dist 1,Coroner,,Kevin M. O'Rourke,REP,217
Cattaraugus,Town of Allegany Dist 1,Coroner,,Write-in,,1
Cattaraugus,Town of Allegany Dist 1,Coroner,,Under Votes,,71
Cattaraugus,Town of Allegany Dist 1,Coroner,,Over Votes,,0
Cattaraugus,Town of Allegany Dist 2,Coroner,,Kevin M. O'Rourke,REP,68
Cattaraugus,Town of Allegany Dist 2,Coroner,,Write-in,,0
Cattaraugus,Town of Allegany Dist 2,Coroner,,Under Votes,,31
Cattaraugus,Town of Allegany Dist 2,Coroner,,Over Votes,,0
Cattaraugus,Town of Allegany Dist 3,Coroner,,Kevin M. O'Rourke,REP,112
Cattaraugus,Town of Allegany Dist 3,Coroner,,Write-in,,0
Cattaraugus,Town of Allegany Dist 3,Coroner,,Under Votes,,28
Cattaraugus,Town of Allegany Dist 3,Coroner,,Over Votes,,0
Cattaraugus,Town of Allegany Dist 4,Coroner,,Kevin M. O'Rourke,REP,144
Cattaraugus,Town of Allegany Dist 4,Coroner,,Write-in,,0
Cattaraugus,Town of Allegany Dist 4,Coroner,,Under Votes,,43
Cattaraugus,Town of Allegany Dist 4,Coroner,,Over Votes,,1
Cattaraugus,Town of Allegany Dist 5,Coroner,,Kevin M. O'Rourke,REP,164
Cattaraugus,Town of Allegany Dist 5,Coroner,,Write-in,,0
Cattaraugus,Town of Allegany Dist 5,Coroner,,Under Votes,,45
Cattaraugus,Town of Allegany Dist 5,Coroner,,Over Votes,,0
Cattaraugus,Town of Ashford Dist 1,Coroner,,Kevin M. O'Rourke,REP,59
Cattaraugus,Town of Ashford Dist 1,Coroner,,Write-in,,0
Cattaraugus,Town of Ashford Dist 1,Coroner,,Under Votes,,14
Cattaraugus,Town of Ashford Dist 1,Coroner,,Over Votes,,0
Cattaraugus,Town of Ashford Dist 2,Coroner,,Kevin M. O'Rourke,REP,127
Cattaraugus,Town of Ashford Dist 2,Coroner,,Write-in,,1
Cattaraugus,Town of Ashford Dist 2,Coroner,,Under Votes,,29
Cattaraugus,Town of Ashford Dist 2,Coroner,,Over Votes,,0
Cattaraugus,Town of Carrollton,Coroner,,Kevin M. O'Rourke,REP,119
Cattaraugus,Town of Carrollton,Coroner,,Write-in,,0
Cattaraugus,Town of Carrollton,Coroner,,Under Votes,,23
Cattaraugus,Town of Carrollton,Coroner,,Over Votes,,0
Cattaraugus,Town of Coldspring,Coroner,,Kevin M. O'Rourke,REP,160
Cattaraugus,Town of Coldspring,Coroner,,Write-in,,0
Cattaraugus,Town of Coldspring,Coroner,,Under Votes,,30
Cattaraugus,Town of Coldspring,Coroner,,Over Votes,,0
Cattaraugus,Town of Conewango,Coroner,,Kevin M. O'Rourke,REP,69
Cattaraugus,Town of Conewango,Coroner,,Write-in,,0
Cattaraugus,Town of Conewango,Coroner,,Under Votes,,21
Cattaraugus,Town of Conewango,Coroner,,Over Votes,,0
Cattaraugus,Town of Dayton,Coroner,,Kevin M. O'Rourke,REP,282
Cattaraugus,Town of Dayton,Coroner,,Write-in,,1
Cattaraugus,Town of Dayton,Coroner,,Under Votes,,201
Cattaraugus,Town of Dayton,Coroner,,Over Votes,,0
Cattaraugus,Town of East Otto,Coroner,,Kevin M. O'Rourke,REP,147
Cattaraugus,Town of East Otto,Coroner,,Write-in,,0
Cattaraugus,Town of East Otto,Coroner,,Under Votes,,27
Cattaraugus,Town of East Otto,Coroner,,Over Votes,,0
Cattaraugus,Town of Ellicottville,Coroner,,Kevin M. O'Rourke,REP,146
Cattaraugus,Town of Ellicottville,Coroner,,Write-in,,1
Cattaraugus,Town of Ellicottville,Coroner,,Under Votes,,31
Cattaraugus,Town of Ellicottville,Coroner,,Over Votes,,0
Cattaraugus,Town of Farmersville,Coroner,,Kevin M. O'Rourke,REP,87
Cattaraugus,Town of Farmersville,Coroner,,Write-in,,0
Cattaraugus,Town of Farmersville,Coroner,,Under Votes,,18
Cattaraugus,Town of Farmersville,Coroner,,Over Votes,,0
Cattaraugus,Town of Franklinville Dist 1,Coroner,,Kevin M. O'Rourke,REP,73
Cattaraugus,Town of Franklinville Dist 1,Coroner,,Write-in,,1
Cattaraugus,Town of Franklinville Dist 1,Coroner,,Under Votes,,15
Cattaraugus,Town of Franklinville Dist 1,Coroner,,Over Votes,,0
Cattaraugus,Town of Franklinville Dist 2,Coroner,,Kevin M. O'Rourke,REP,86
Cattaraugus,Town of Franklinville Dist 2,Coroner,,Write-in,,2
Cattaraugus,Town of Franklinville Dist 2,Coroner,,Under Votes,,25
Cattaraugus,Town of Franklinville Dist 2,Coroner,,Over Votes,,0
Cattaraugus,Town of Freedom,Coroner,,Kevin M. O'Rourke,REP,186
Cattaraugus,Town of Freedom,Coroner,,Write-in,,0
Cattaraugus,Town of Freedom,Coroner,,Under Votes,,74
Cattaraugus,Town of Freedom,Coroner,,Over Votes,,0
Cattaraugus,Town of Great Valley Dist 1,Coroner,,Kevin M. O'Rourke,REP,70
Cattaraugus,Town of Great Valley Dist 1,Coroner,,Write-in,,0
Cattaraugus,Town of Great Valley Dist 1,Coroner,,Under Votes,,12
Cattaraugus,Town of Great Valley Dist 1,Coroner,,Over Votes,,0
Cattaraugus,Town of Great Valley Dist 2,Coroner,,Kevin M. O'Rourke,REP,146
Cattaraugus,Town of Great Valley Dist 2,Coroner,,Write-in,,0
Cattaraugus,Town of Great Valley Dist 2,Coroner,,Under Votes,,38
Cattaraugus,Town of Great Valley Dist 2,Coroner,,Over Votes,,0
Cattaraugus,Town of Hinsdale,Coroner,,Kevin M. O'Rourke,REP,126
Cattaraugus,Town of Hinsdale,Coroner,,Write-in,,1
Cattaraugus,Town of Hinsdale,Coroner,,Under Votes,,26
Cattaraugus,Town of Hinsdale,Coroner,,Over Votes,,0
Cattaraugus,Town of Humphrey,Coroner,,Kevin M. O'Rourke,REP,64
Cattaraugus,Town of Humphrey,Coroner,,Write-in,,0
Cattaraugus,Town of Humphrey,Coroner,,Under Votes,,17
Cattaraugus,Town of Humphrey,Coroner,,Over Votes,,0
Cattaraugus,Town of Ischua,Coroner,,Kevin M. O'Rourke,REP,68
Cattaraugus,Town of Ischua,Coroner,,Write-in,,0
Cattaraugus,Town of Ischua,Coroner,,Under Votes,,25
Cattaraugus,Town of Ischua,Coroner,,Over Votes,,0
Cattaraugus,Town of Leon,Coroner,,Kevin M. O'Rourke,REP,88
Cattaraugus,Town of Leon,Coroner,,Write-in,,0
Cattaraugus,Town of Leon,Coroner,,Under Votes,,19
Cattaraugus,Town of Leon,Coroner,,Over Votes,,0
Cattaraugus,Town of Little Valley,Coroner,,Kevin M. O'Rourke,REP,153
Cattaraugus,Town of Little Valley,Coroner,,Write-in,,1
Cattaraugus,Town of Little Valley,Coroner,,Under Votes,,27
Cattaraugus,Town of Little Valley,Coroner,,Over Votes,,1
Cattaraugus,Town of Lyndon,Coroner,,Kevin M. O'Rourke,REP,112
Cattaraugus,Town of Lyndon,Coroner,,Write-in,,0
Cattaraugus,Town of Lyndon,Coroner,,Under Votes,,65
Cattaraugus,Town of Lyndon,Coroner,,Over Votes,,0
Cattaraugus,Town of Machias,Coroner,,Kevin M. O'Rourke,REP,250
Cattaraugus,Town of Machias,Coroner,,Write-in,,1
Cattaraugus,Town of Machias,Coroner,,Under Votes,,75
Cattaraugus,Town of Machias,Coroner,,Over Votes,,0
Cattaraugus,Town of Mansfield,Coroner,,Kevin M. O'Rourke,REP,77
Cattaraugus,Town of Mansfield,Coroner,,Write-in,,0
Cattaraugus,Town of Mansfield,Coroner,,Under Votes,,10
Cattaraugus,Town of Mansfield,Coroner,,Over Votes,,0
Cattaraugus,Town of Napoli,Coroner,,Kevin M. O'Rourke,REP,100
Cattaraugus,Town of Napoli,Coroner,,Write-in,,0
Cattaraugus,Town of Napoli,Coroner,,Under Votes,,10
Cattaraugus,Town of Napoli,Coroner,,Over Votes,,0
Cattaraugus,Town of New Albion,Coroner,,Kevin M. O'Rourke,REP,146
Cattaraugus,Town of New Albion,Coroner,,Write-in,,0
Cattaraugus,Town of New Albion,Coroner,,Under Votes,,38
Cattaraugus,Town of New Albion,Coroner,,Over Votes,,0
Cattaraugus,Town of Olean Dist 1,Coroner,,Kevin M. O'Rourke,REP,44
Cattaraugus,Town of Olean Dist 1,Coroner,,Write-in,,0
Cattaraugus,Town of Olean Dist 1,Coroner,,Under Votes,,7
Cattaraugus,Town of Olean Dist 1,Coroner,,Over Votes,,0
Cattaraugus,Town of Olean Dist 2,Coroner,,Kevin M. O'Rourke,REP,73
Cattaraugus,Town of Olean Dist 2,Coroner,,Write-in,,0
Cattaraugus,Town of Olean Dist 2,Coroner,,Under Votes,,24
Cattaraugus,Town of Olean Dist 2,Coroner,,Over Votes,,0
Cattaraugus,Town of Otto,Coroner,,Kevin M. O'Rourke,REP,202
Cattaraugus,Town of Otto,Coroner,,Write-in,,0
Cattaraugus,Town of Otto,Coroner,,Under Votes,,39
Cattaraugus,Town of Otto,Coroner,,Over Votes,,0
Cattaraugus,Town of Perrysburg,Coroner,,Kevin M. O'Rourke,REP,144
Cattaraugus,Town of Perrysburg,Coroner,,Write-in,,1
Cattaraugus,Town of Perrysburg,Coroner,,Under Votes,,52
Cattaraugus,Town of Perrysburg,Coroner,,Over Votes,,0
Cattaraugus,Town of Persia,Coroner,,Kevin M. O'Rourke,REP,179
Cattaraugus,Town of Persia,Coroner,,Write-in,,0
Cattaraugus,Town of Persia,Coroner,,Under Votes,,33
Cattaraugus,Town of Persia,Coroner,,Over Votes,,0
Cattaraugus,Town of Portville Dist 1,Coroner,,Kevin M. O'Rourke,REP,91
Cattaraugus,Town of Portville Dist 1,Coroner,,Write-in,,1
Cattaraugus,Town of Portville Dist 1,Coroner,,Under Votes,,21
Cattaraugus,Town of Portville Dist 1,Coroner,,Over Votes,,0
Cattaraugus,Town of Portville Dist 2,Coroner,,Kevin M. O'Rourke,REP,123
Cattaraugus,Town of Portville Dist 2,Coroner,,Write-in,,0
Cattaraugus,Town of Portville Dist 2,Coroner,,Under Votes,,25
Cattaraugus,Town of Portville Dist 2,Coroner,,Over Votes,,0
Cattaraugus,Town of Randolph Dist 1,Coroner,,Kevin M. O'Rourke,REP,110
Cattaraugus,Town of Randolph Dist 1,Coroner,,Write-in,,0
Cattaraugus,Town of Randolph Dist 1,Coroner,,Under Votes,,10
Cattaraugus,Town of Randolph Dist 1,Coroner,,Over Votes,,0
Cattaraugus,Town of Randolph Dist 2,Coroner,,Kevin M. O'Rourke,REP,102
Cattaraugus,Town of Randolph Dist 2,Coroner,,Write-in,,0
Cattaraugus,Town of Randolph Dist 2,Coroner,,Under Votes,,19
Cattaraugus,Town of Randolph Dist 2,Coroner,,Over Votes,,0
Cattaraugus,Town of Red House,Coroner,,Kevin M. O'Rourke,REP,16
Cattaraugus,Town of Red House,Coroner,,Write-in,,1
Cattaraugus,Town of Red House,Coroner,,Under Votes,,3
Cattaraugus,Town of Red House,Coroner,,Over Votes,,0
Cattaraugus,Town of Salamanca,Coroner,,Kevin M. O'Rourke,REP,63
Cattaraugus,Town of Salamanca,Coroner,,Write-in,,0
Cattaraugus,Town of Salamanca,Coroner,,Under Votes,,10
Cattaraugus,Town of Salamanca,Coroner,,Over Votes,,0
Cattaraugus,Town of South Valley,Coroner,,Kevin M. O'Rourke,REP,43
Cattaraugus,Town of South Valley,Coroner,,Write-in,,0
Cattaraugus,Town of South Valley,Coroner,,Under Votes,,11
Cattaraugus,Town of South Valley,Coroner,,Over Votes,,0
Cattaraugus,Town of Yorkshire Dist 1,Coroner,,Kevin M. O'Rourke,REP,105
Cattaraugus,Town of Yorkshire Dist 1,Coroner,,Write-in,,0
Cattaraugus,Town of Yorkshire Dist 1,Coroner,,Under Votes,,28
Cattaraugus,Town of Yorkshire Dist 1,Coroner,,Over Votes,,0
Cattaraugus,Town of Yorkshire Dist 2,Coroner,,Kevin M. O'Rourke,REP,103
Cattaraugus,Town of Yorkshire Dist 2,Coroner,,Write-in,,0
Cattaraugus,Town of Yorkshire Dist 2,Coroner,,Under Votes,,21
Cattaraugus,Town of Yorkshire Dist 2,Coroner,,Over Votes,,0
Cattaraugus,City of Olean Ward 1,Mayor,,Amy B. Sherburne,REP,154
Cattaraugus,City of Olean Ward 1,Mayor,,Amy B. Sherburne,DEM,205
Cattaraugus,City of Olean Ward 1,Mayor,,William J. Aiello,Lincoln Party,135
Cattaraugus,City of Olean Ward 1,Mayor,,Write-in,,1
Cattaraugus,City of Olean Ward 1,Mayor,,Under Votes,,3
Cattaraugus,City of Olean Ward 1,Mayor,,Over Votes,,1
Cattaraugus,City of Olean Ward 2,Mayor,,Amy B. Sherburne,REP,170
Cattaraugus,City of Olean Ward 2,Mayor,,Amy B. Sherburne,DEM,210
Cattaraugus,City of Olean Ward 2,Mayor,,William J. Aiello,Lincoln Party,129
Cattaraugus,City of Olean Ward 2,Mayor,,Write-in,,3
Cattaraugus,City of Olean Ward 2,Mayor,,Under Votes,,3
Cattaraugus,City of Olean Ward 2,Mayor,,Over Votes,,1
Cattaraugus,City of Olean Ward 3,Mayor,,Amy B. Sherburne,REP,88
Cattaraugus,City of Olean Ward 3,Mayor,,Amy B. Sherburne,DEM,157
Cattaraugus,City of Olean Ward 3,Mayor,,William J. Aiello,Lincoln Party,108
Cattaraugus,City of Olean Ward 3,Mayor,,Write-in,,1
Cattaraugus,City of Olean Ward 3,Mayor,,Under Votes,,5
Cattaraugus,City of Olean Ward 3,Mayor,,Over Votes,,0
Cattaraugus,City of Olean Ward 4,Mayor,,Amy B. Sherburne,DEM,142
Cattaraugus,City of Olean Ward 4,Mayor,,Amy B. Sherburne,REP,73
Cattaraugus,City of Olean Ward 4,Mayor,,William J. Aiello,Lincoln Party,70
Cattaraugus,City of Olean Ward 4,Mayor,,Write-in,,1
Cattaraugus,City of Olean Ward 4,Mayor,,Under Votes,,3
Cattaraugus,City of Olean Ward 4,Mayor,,Over Votes,,0
Cattaraugus,City of Olean Ward 5,Mayor,,Amy B. Sherburne,REP,83
Cattaraugus,City of Olean Ward 5,Mayor,,Amy B. Sherburne,DEM,170
Cattaraugus,City of Olean Ward 5,Mayor,,William J. Aiello,Lincoln Party,85
Cattaraugus,City of Olean Ward 5,Mayor,,Write-in,,0
Cattaraugus,City of Olean Ward 5,Mayor,,Under Votes,,2
Cattaraugus,City of Olean Ward 5,Mayor,,Over Votes,,0
Cattaraugus,City of Olean Ward 6,Mayor,,Amy B. Sherburne,REP,109
Cattaraugus,City of Olean Ward 6,Mayor,,Amy B. Sherburne,DEM,177
Cattaraugus,City of Olean Ward 6,Mayor,,William J. Aiello,Lincoln Party,76
Cattaraugus,City of Olean Ward 6,Mayor,,Write-in,,1
Cattaraugus,City of Olean Ward 6,Mayor,,Under Votes,,4
Cattaraugus,City of Olean Ward 6,Mayor,,Over Votes,,0
Cattaraugus,City of Olean Ward 7,Mayor,,Amy B. Sherburne,REP,122
Cattaraugus,City of Olean Ward 7,Mayor,,Amy B. Sherburne,DEM,129
Cattaraugus,City of Olean Ward 7,Mayor,,William J. Aiello,Lincoln Party,96
Cattaraugus,City of Olean Ward 7,Mayor,,Write-in,,1
Cattaraugus,City of Olean Ward 7,Mayor,,Under Votes,,2
Cattaraugus,City of Olean Ward 7,Mayor,,Over Votes,,0
Cattaraugus,City of Olean Ward 2,Alderman Ward 2,,Rychelle L. Weseman,DEM,185
Cattaraugus,City of Olean Ward 2,Alderman Ward 2,,Joseph G. Keary,REP,237
Cattaraugus,City of Olean Ward 2,Alderman Ward 2,,Joseph G. Keary,CON,56
Cattaraugus,City of Olean Ward 2,Alderman Ward 2,,Write-in,,1
Cattaraugus,City of Olean Ward 2,Alderman Ward 2,,Under Votes,,36
Cattaraugus,City of Olean Ward 2,Alderman Ward 2,,Over Votes,,1
Cattaraugus,City of Olean Ward 4,Alderman Ward 4,,Sonya M. McCall,DEM,168
Cattaraugus,City of Olean Ward 4,Alderman Ward 4,,Sonya M. McCall,WOR,26
Cattaraugus,City of Olean Ward 4,Alderman Ward 4,,Alan J. Peters,REP,72
Cattaraugus,City of Olean Ward 4,Alderman Ward 4,,Alan J. Peters,CON,10
Cattaraugus,City of Olean Ward 4,Alderman Ward 4,,Write-in,,1
Cattaraugus,City of Olean Ward 4,Alderman Ward 4,,Under Votes,,12
Cattaraugus,City of Olean Ward 4,Alderman Ward 4,,Over Votes,,0
Cattaraugus,City of Olean Ward 6,Alderman Ward 6,,"Vernon Robinson, Jr.",DEM,207
Cattaraugus,City of Olean Ward 6,Alderman Ward 6,,"Vernon Robinson, Jr.",WOR,73
Cattaraugus,City of Olean Ward 6,Alderman Ward 6,,Write-in,,1
Cattaraugus,City of Olean Ward 6,Alderman Ward 6,,Under Votes,,86
Cattaraugus,City of Olean Ward 6,Alderman Ward 6,,Over Votes,,0
Cattaraugus,City of Olean Ward 7,Alderman Ward 7,,David J. Anastasia,WOR,81
Cattaraugus,City of Olean Ward 7,Alderman Ward 7,,David J. Anastasia,DEM,165
Cattaraugus,City of Olean Ward 7,Alderman Ward 7,,Write-in,,3
Cattaraugus,City of Olean Ward 7,Alderman Ward 7,,Under Votes,,100
Cattaraugus,City of Olean Ward 7,Alderman Ward 7,,Over Votes,,1
Cattaraugus,City of Salamanca Ward 1,City Court Judge,,Matthew R. Swenson,DEM,8
Cattaraugus,City of Salamanca Ward 1,City Court Judge,,Matthew R. Swenson,REP,14
Cattaraugus,City of Salamanca Ward 1,City Court Judge,,Matthew R. Swenson,CON,2
Cattaraugus,City of Salamanca Ward 1,City Court Judge,,Write-in,,0
Cattaraugus,City of Salamanca Ward 1,City Court Judge,,Under Votes,,2
Cattaraugus,City of Salamanca Ward 1,City Court Judge,,Over Votes,,0
Cattaraugus,City of Salamanca Ward 2,City Court Judge,,Matthew R. Swenson,REP,29
Cattaraugus,City of Salamanca Ward 2,City Court Judge,,Matthew R. Swenson,DEM,37
Cattaraugus,City of Salamanca Ward 2,City Court Judge,,Matthew R. Swenson,CON,5
Cattaraugus,City of Salamanca Ward 2,City Court Judge,,Write-in,,0
Cattaraugus,City of Salamanca Ward 2,City Court Judge,,Under Votes,,4
Cattaraugus,City of Salamanca Ward 2,City Court Judge,,Over Votes,,0
Cattaraugus,City of Salamanca Ward 3,City Court Judge,,Matthew R. Swenson,CON,4
Cattaraugus,City of Salamanca Ward 3,City Court Judge,,Matthew R. Swenson,REP,10
Cattaraugus,City of Salamanca Ward 3,City Court Judge,,Matthew R. Swenson,DEM,15
Cattaraugus,City of Salamanca Ward 3,City Court Judge,,Write-in,,0
Cattaraugus,City of Salamanca Ward 3,City Court Judge,,Under Votes,,0
Cattaraugus,City of Salamanca Ward 3,City Court Judge,,Over Votes,,0
Cattaraugus,City of Salamanca Ward 4,City Court Judge,,Matthew R. Swenson,REP,20
Cattaraugus,City of Salamanca Ward 4,City Court Judge,,Matthew R. Swenson,CON,2
Cattaraugus,City of Salamanca Ward 4,City Court Judge,,Matthew R. Swenson,DEM,29
Cattaraugus,City of Salamanca Ward 4,City Court Judge,,Write-in,,1
Cattaraugus,City of Salamanca Ward 4,City Court Judge,,Under Votes,,3
Cattaraugus,City of Salamanca Ward 4,City Court Judge,,Over Votes,,0
Cattaraugus,City of Salamanca Ward 5,City Court Judge,,Matthew R. Swenson,CON,4
Cattaraugus,City of Salamanca Ward 5,City Court Judge,,Matthew R. Swenson,REP,21
Cattaraugus,City of Salamanca Ward 5,City Court Judge,,Matthew R. Swenson,DEM,18
Cattaraugus,City of Salamanca Ward 5,City Court Judge,,Write-in,,0
Cattaraugus,City of Salamanca Ward 5,City Court Judge,,Under Votes,,3
Cattaraugus,City of Salamanca Ward 5,City Court Judge,,Over Votes,,0
Cattaraugus,Town of Allegany Dist 1,Allegany Supervisor,,Christopher J. McPherson,REP,215
Cattaraugus,Town of Allegany Dist 1,Allegany Supervisor,,Write-in,,4
Cattaraugus,Town of Allegany Dist 1,Allegany Supervisor,,Under Votes,,70
Cattaraugus,Town of Allegany Dist 1,Allegany Supervisor,,Over Votes,,0
Cattaraugus,Town of Allegany Dist 2,Allegany Supervisor,,Christopher J. McPherson,REP,68
Cattaraugus,Town of Allegany Dist 2,Allegany Supervisor,,Write-in,,1
Cattaraugus,Town of Allegany Dist 2,Allegany Supervisor,,Under Votes,,30
Cattaraugus,Town of Allegany Dist 2,Allegany Supervisor,,Over Votes,,0
Cattaraugus,Town of Allegany Dist 3,Allegany Supervisor,,Christopher J. McPherson,REP,108
Cattaraugus,Town of Allegany Dist 3,Allegany Supervisor,,Write-in,,0
Cattaraugus,Town of Allegany Dist 3,Allegany Supervisor,,Under Votes,,32
Cattaraugus,Town of Allegany Dist 3,Allegany Supervisor,,Over Votes,,0
Cattaraugus,Town of Allegany Dist 4,Allegany Supervisor,,Christopher J. McPherson,REP,143
Cattaraugus,Town of Allegany Dist 4,Allegany Supervisor,,Write-in,,0
Cattaraugus,Town of Allegany Dist 4,Allegany Supervisor,,Under Votes,,45
Cattaraugus,Town of Allegany Dist 4,Allegany Supervisor,,Over Votes,,0
Cattaraugus,Town of Allegany Dist 5,Allegany Supervisor,,Christopher J. McPherson,REP,165
Cattaraugus,Town of Allegany Dist 5,Allegany Supervisor,,Write-in,,1
Cattaraugus,Town of Allegany Dist 5,Allegany Supervisor,,Under Votes,,43
Cattaraugus,Town of Allegany Dist 5,Allegany Supervisor,,Over Votes,,0
Cattaraugus,Town of Allegany Dist 1,Allegany Town Clerk,,Grace Christine Straub,DEM,220
Cattaraugus,Town of Allegany Dist 1,Allegany Town Clerk,,Write-in,,1
Cattaraugus,Town of Allegany Dist 1,Allegany Town Clerk,,Under Votes,,68
Cattaraugus,Town of Allegany Dist 1,Allegany Town Clerk,,Over Votes,,0
Cattaraugus,Town of Allegany Dist 2,Allegany Town Clerk,,Grace Christine Straub,DEM,80
Cattaraugus,Town of Allegany Dist 2,Allegany Town Clerk,,Write-in,,0
Cattaraugus,Town of Allegany Dist 2,Allegany Town Clerk,,Under Votes,,19
Cattaraugus,Town of Allegany Dist 2,Allegany Town Clerk,,Over Votes,,0
Cattaraugus,Town of Allegany Dist 3,Allegany Town Clerk,,Grace Christine Straub,DEM,96
Cattaraugus,Town of Allegany Dist 3,Allegany Town Clerk,,Write-in,,0
Cattaraugus,Town of Allegany Dist 3,Allegany Town Clerk,,Under Votes,,44
Cattaraugus,Town of Allegany Dist 3,Allegany Town Clerk,,Over Votes,,0
Cattaraugus,Town of Allegany Dist 4,Allegany Town Clerk,,Grace Christine Straub,DEM,135
Cattaraugus,Town of Allegany Dist 4,Allegany Town Clerk,,Write-in,,0
Cattaraugus,Town of Allegany Dist 4,Allegany Town Clerk,,Under Votes,,53
Cattaraugus,Town of Allegany Dist 4,Allegany Town Clerk,,Over Votes,,0
Cattaraugus,Town of Allegany Dist 5,Allegany Town Clerk,,Grace Christine Straub,DEM,154
Cattaraugus,Town of Allegany Dist 5,Allegany Town Clerk,,Write-in,,1
Cattaraugus,Town of Allegany Dist 5,Allegany Town Clerk,,Under Votes,,54
Cattaraugus,Town of Allegany Dist 5,Allegany Town Clerk,,Over Votes,,0
Cattaraugus,Town of Allegany Dist 1,Allegany Council Member,,Gregory M. Giardini,DEM,162
Cattaraugus,Town of Allegany Dist 1,Allegany Council Member,,Alexander P. Nazemetz,REP,171
Cattaraugus,Town of Allegany Dist 1,Allegany Council Member,,Brandon E. Derx,REP,148
Cattaraugus,Town of Allegany Dist 1,Allegany Council Member,,Write-in,,4
Cattaraugus,Town of Allegany Dist 1,Allegany Council Member,,Under Votes,,93
Cattaraugus,Town of Allegany Dist 1,Allegany Council Member,,Over Votes,,0
Cattaraugus,Town of Allegany Dist 2,Allegany Council Member,,Gregory M. Giardini,DEM,67
Cattaraugus,Town of Allegany Dist 2,Allegany Council Member,,Alexander P. Nazemetz,REP,52
Cattaraugus,Town of Allegany Dist 2,Allegany Council Member,,Brandon E. Derx,REP,36
Cattaraugus,Town of Allegany Dist 2,Allegany Council Member,,Write-in,,0
Cattaraugus,Town of Allegany Dist 2,Allegany Council Member,,Under Votes,,41
Cattaraugus,Town of Allegany Dist 2,Allegany Council Member,,Over Votes,,2
Cattaraugus,Town of Allegany Dist 3,Allegany Council Member,,Gregory M. Giardini,DEM,71
Cattaraugus,Town of Allegany Dist 3,Allegany Council Member,,Alexander P. Nazemetz,REP,82
Cattaraugus,Town of Allegany Dist 3,Allegany Council Member,,Brandon E. Derx,REP,82
Cattaraugus,Town of Allegany Dist 3,Allegany Council Member,,Write-in,,0
Cattaraugus,Town of Allegany Dist 3,Allegany Council Member,,Under Votes,,45
Cattaraugus,Town of Allegany Dist 3,Allegany Council Member,,Over Votes,,0
Cattaraugus,Town of Allegany Dist 4,Allegany Council Member,,Gregory M. Giardini,DEM,99
Cattaraugus,Town of Allegany Dist 4,Allegany Council Member,,Alexander P. Nazemetz,REP,117
Cattaraugus,Town of Allegany Dist 4,Allegany Council Member,,Brandon E. Derx,REP,97
Cattaraugus,Town of Allegany Dist 4,Allegany Council Member,,Write-in,,0
Cattaraugus,Town of Allegany Dist 4,Allegany Council Member,,Under Votes,,61
Cattaraugus,Town of Allegany Dist 4,Allegany Council Member,,Over Votes,,2
Cattaraugus,Town of Allegany Dist 5,Allegany Council Member,,Gregory M. Giardini,DEM,116
Cattaraugus,Town of Allegany Dist 5,Allegany Council Member,,Alexander P. Nazemetz,REP,119
Cattaraugus,Town of Allegany Dist 5,Allegany Council Member,,Brandon E. Derx,REP,121
Cattaraugus,Town of Allegany Dist 5,Allegany Council Member,,Write-in,,1
Cattaraugus,Town of Allegany Dist 5,Allegany Council Member,,Under Votes,,61
Cattaraugus,Town of Allegany Dist 5,Allegany Council Member,,Over Votes,,0
Cattaraugus,Town of Allegany Dist 1,Allegany Town Justice,,David F. Porter,REP,224
Cattaraugus,Town of Allegany Dist 1,Allegany Town Justice,,Write-in,,4
Cattaraugus,Town of Allegany Dist 1,Allegany Town Justice,,Under Votes,,61
Cattaraugus,Town of Allegany Dist 1,Allegany Town Justice,,Over Votes,,0
Cattaraugus,Town of Allegany Dist 2,Allegany Town Justice,,David F. Porter,REP,70
Cattaraugus,Town of Allegany Dist 2,Allegany Town Justice,,Write-in,,0
Cattaraugus,Town of Allegany Dist 2,Allegany Town Justice,,Under Votes,,29
Cattaraugus,Town of Allegany Dist 2,Allegany Town Justice,,Over Votes,,0
Cattaraugus,Town of Allegany Dist 3,Allegany Town Justice,,David F. Porter,REP,106
Cattaraugus,Town of Allegany Dist 3,Allegany Town Justice,,Write-in,,0
Cattaraugus,Town of Allegany Dist 3,Allegany Town Justice,,Under Votes,,34
Cattaraugus,Town of Allegany Dist 3,Allegany Town Justice,,Over Votes,,0
Cattaraugus,Town of Allegany Dist 4,Allegany Town Justice,,David F. Porter,REP,145
Cattaraugus,Town of Allegany Dist 4,Allegany Town Justice,,Write-in,,1
Cattaraugus,Town of Allegany Dist 4,Allegany Town Justice,,Under Votes,,42
Cattaraugus,Town of Allegany Dist 4,Allegany Town Justice,,Over Votes,,0
Cattaraugus,Town of Allegany Dist 5,Allegany Town Justice,,David F. Porter,REP,165
Cattaraugus,Town of Allegany Dist 5,Allegany Town Justice,,Write-in,,1
Cattaraugus,Town of Allegany Dist 5,Allegany Town Justice,,Under Votes,,43
Cattaraugus,Town of Allegany Dist 5,Allegany Town Justice,,Over Votes,,0
Cattaraugus,Town of Ashford Dist 1,Ashford Council Member,,William J. Heim,REP,57
Cattaraugus,Town of Ashford Dist 1,Ashford Council Member,,James P. Boberg,REP,57
Cattaraugus,Town of Ashford Dist 1,Ashford Council Member,,Write-in,,0
Cattaraugus,Town of Ashford Dist 1,Ashford Council Member,,Under Votes,,32
Cattaraugus,Town of Ashford Dist 1,Ashford Council Member,,Over Votes,,0
Cattaraugus,Town of Ashford Dist 2,Ashford Council Member,,William J. Heim,REP,125
Cattaraugus,Town of Ashford Dist 2,Ashford Council Member,,James P. Boberg,REP,131
Cattaraugus,Town of Ashford Dist 2,Ashford Council Member,,Write-in,,3
Cattaraugus,Town of Ashford Dist 2,Ashford Council Member,,Under Votes,,54
Cattaraugus,Town of Ashford Dist 2,Ashford Council Member,,Over Votes,,1
Cattaraugus,Town of Ashford Dist 1,Ashford Council Member (To Fill Vacancy),,Collin J. Proctor,REP,58
Cattaraugus,Town of Ashford Dist 1,Ashford Council Member (To Fill Vacancy),,Write-in,,0
Cattaraugus,Town of Ashford Dist 1,Ashford Council Member (To Fill Vacancy),,Under Votes,,15
Cattaraugus,Town of Ashford Dist 1,Ashford Council Member (To Fill Vacancy),,Over Votes,,0
Cattaraugus,Town of Ashford Dist 2,Ashford Council Member (To Fill Vacancy),,Collin J. Proctor,REP,126
Cattaraugus,Town of Ashford Dist 2,Ashford Council Member (To Fill Vacancy),,Write-in,,2
Cattaraugus,Town of Ashford Dist 2,Ashford Council Member (To Fill Vacancy),,Under Votes,,29
Cattaraugus,Town of Ashford Dist 2,Ashford Council Member (To Fill Vacancy),,Over Votes,,0
Cattaraugus,Town of Carrollton,Carrollton Supervisor,,Jay Little,REP,115
Cattaraugus,Town of Carrollton,Carrollton Supervisor,,Write-in,,0
Cattaraugus,Town of Carrollton,Carrollton Supervisor,,Under Votes,,27
Cattaraugus,Town of Carrollton,Carrollton Supervisor,,Over Votes,,0
Cattaraugus,Town of Carrollton,Carrollton Council Member,,Adam Dowd,REP,113
Cattaraugus,Town of Carrollton,Carrollton Council Member,,Lynn Case,REP,108
Cattaraugus,Town of Carrollton,Carrollton Council Member,,Write-in,,2
Cattaraugus,Town of Carrollton,Carrollton Council Member,,Under Votes,,61
Cattaraugus,Town of Carrollton,Carrollton Council Member,,Over Votes,,0
Cattaraugus,Town of Carrollton,Carrollton Council Member (To Fill Vacancy),,Diane Benjamin,REP,112
Cattaraugus,Town of Carrollton,Carrollton Council Member (To Fill Vacancy),,Write-in,,1
Cattaraugus,Town of Carrollton,Carrollton Council Member (To Fill Vacancy),,Under Votes,,29
Cattaraugus,Town of Carrollton,Carrollton Council Member (To Fill Vacancy),,Over Votes,,0
Cattaraugus,Town of Carrollton,Carrollton Superintendent of Highways,,Michael P. Fox,REP,127
Cattaraugus,Town of Carrollton,Carrollton Superintendent of Highways,,Write-in,,0
Cattaraugus,Town of Carrollton,Carrollton Superintendent of Highways,,Under Votes,,15
Cattaraugus,Town of Carrollton,Carrollton Superintendent of Highways,,Over Votes,,0
Cattaraugus,Town of Carrollton,Carrollton Town Justice,,Michael R. Soper,REP,125
Cattaraugus,Town of Carrollton,Carrollton Town Justice,,Write-in,,0
Cattaraugus,Town of Carrollton,Carrollton Town Justice,,Under Votes,,17
Cattaraugus,Town of Carrollton,Carrollton Town Justice,,Over Votes,,0
Cattaraugus,Town of Coldspring,Coldspring Supervisor,,Abbey Hayes,REP,148
Cattaraugus,Town of Coldspring,Coldspring Supervisor,,Write-in,,13
Cattaraugus,Town of Coldspring,Coldspring Supervisor,,Under Votes,,29
Cattaraugus,Town of Coldspring,Coldspring Supervisor,,Over Votes,,0
Cattaraugus,Town of Coldspring,Town Clerk/ Tax Collector,,Dakota Skinner,REP,159
Cattaraugus,Town of Coldspring,Town Clerk/ Tax Collector,,Write-in,,0
Cattaraugus,Town of Coldspring,Town Clerk/ Tax Collector,,Under Votes,,31
Cattaraugus,Town of Coldspring,Town Clerk/ Tax Collector,,Over Votes,,0
Cattaraugus,Town of Coldspring,Coldspring Council Member,,John Bohall,REP,153
Cattaraugus,Town of Coldspring,Coldspring Council Member,,David Chapman,REP,135
Cattaraugus,Town of Coldspring,Coldspring Council Member,,Write-in,,8
Cattaraugus,Town of Coldspring,Coldspring Council Member,,Under Votes,,84
Cattaraugus,Town of Coldspring,Coldspring Council Member,,Over Votes,,0
Cattaraugus,Town of Coldspring,Coldspring Superintendent of Highways,,Kirk A. Hayes,REP,107
Cattaraugus,Town of Coldspring,Coldspring Superintendent of Highways,,Kirk A. Hayes,DEM,32
Cattaraugus,Town of Coldspring,Coldspring Superintendent of Highways,,Benjamin Kachermeyer,Citizen County,47
Cattaraugus,Town of Coldspring,Coldspring Superintendent of Highways,,Write-in,,0
Cattaraugus,Town of Coldspring,Coldspring Superintendent of Highways,,Under Votes,,4
Cattaraugus,Town of Coldspring,Coldspring Superintendent of Highways,,Over Votes,,0
Cattaraugus,Town of Coldspring,Coldspring Town Justice,,Robert T. Stewart,REP,146
Cattaraugus,Town of Coldspring,Coldspring Town Justice,,Jason D. Steger,REP,148
Cattaraugus,Town of Coldspring,Coldspring Town Justice,,Write-in,,1
Cattaraugus,Town of Coldspring,Coldspring Town Justice,,Under Votes,,85
Cattaraugus,Town of Coldspring,Coldspring Town Justice,,Over Votes,,0
Cattaraugus,Town of Conewango,Conewango Council Member,,Ronald D. Adams,REP,68
Cattaraugus,Town of Conewango,Conewango Council Member,,Aaron Fuller Finch,REP,70
Cattaraugus,Town of Conewango,Conewango Council Member,,Write-in,,0
Cattaraugus,Town of Conewango,Conewango Council Member,,Under Votes,,42
Cattaraugus,Town of Conewango,Conewango Council Member,,Over Votes,,0
Cattaraugus,Town of Dayton,Dayton Supervisor,,Crystal Abers,REP,291
Cattaraugus,Town of Dayton,Dayton Supervisor,,Thomas J. Chupa,CON,178
Cattaraugus,Town of Dayton,Dayton Supervisor,,Write-in,,5
Cattaraugus,Town of Dayton,Dayton Supervisor,,Under Votes,,9
Cattaraugus,Town of Dayton,Dayton Supervisor,,Over Votes,,1
Cattaraugus,Town of Dayton,Dayton Town Clerk,,Kelly L. Kuhaneck,CON,132
Cattaraugus,Town of Dayton,Dayton Town Clerk,,Kelly L. Kuhaneck,REP,172
Cattaraugus,Town of Dayton,Dayton Town Clerk,,Write-in,,2
Cattaraugus,Town of Dayton,Dayton Town Clerk,,Jacqueline Mac Donald,,123
Cattaraugus,Town of Dayton,Dayton Town Clerk,,Under Votes,,54
Cattaraugus,Town of Dayton,Dayton Town Clerk,,Over Votes,,1
Cattaraugus,Town of Dayton,Dayton Council Member,,Jeffrey A. Steward,REP,169
Cattaraugus,Town of Dayton,Dayton Council Member,,Jeffrey A. Steward,CON,125
Cattaraugus,Town of Dayton,Dayton Council Member,,Christine M. Rupp,REP,320
Cattaraugus,Town of Dayton,Dayton Council Member,,Brett J. Zarczynski,CON,144
Cattaraugus,Town of Dayton,Dayton Council Member,,Write-in,,3
Cattaraugus,Town of Dayton,Dayton Council Member,,Under Votes,,205
Cattaraugus,Town of Dayton,Dayton Council Member,,Over Votes,,2
Cattaraugus,Town of Dayton,Dayton Superintendent of Highways,,Larry R. Miller,REP,150
Cattaraugus,Town of Dayton,Dayton Superintendent of Highways,,Larry R. Miller,CON,128
Cattaraugus,Town of Dayton,Dayton Superintendent of Highways,,Write-in,,1
Cattaraugus,Town of Dayton,Dayton Superintendent of Highways,,Brian Taber,,177
Cattaraugus,Town of Dayton,Dayton Superintendent of Highways,,Under Votes,,28
Cattaraugus,Town of Dayton,Dayton Superintendent of Highways,,Over Votes,,0
Cattaraugus,Town of East Otto,East Otto Supervisor,,Ann E. Rugg,REP,148
Cattaraugus,Town of East Otto,East Otto Supervisor,,Write-in,,1
Cattaraugus,Town of East Otto,East Otto Supervisor,,Under Votes,,25
Cattaraugus,Town of East Otto,East Otto Supervisor,,Over Votes,,0
Cattaraugus,Town of East Otto,East Otto Town Clerk,,Deanna M. Bowen,REP,149
Cattaraugus,Town of East Otto,East Otto Town Clerk,,Write-in,,0
Cattaraugus,Town of East Otto,East Otto Town Clerk,,Under Votes,,25
Cattaraugus,Town of East Otto,East Otto Town Clerk,,Over Votes,,0
Cattaraugus,Town of East Otto,East Otto Council Member,,William B. Spors,REP,75
Cattaraugus,Town of East Otto,East Otto Council Member,,Brian M. Westfall,REP,135
Cattaraugus,Town of East Otto,East Otto Council Member,,Write-in,,0
Cattaraugus,Town of East Otto,East Otto Council Member,,Shannon Jones,,77
Cattaraugus,Town of East Otto,East Otto Council Member,,Under Votes,,61
Cattaraugus,Town of East Otto,East Otto Council Member,,Over Votes,,0
Cattaraugus,Town of East Otto,East Otto Superintendent of Highways,,Thomas M. Benz,REP,143
Cattaraugus,Town of East Otto,East Otto Superintendent of Highways,,Write-in,,2
Cattaraugus,Town of East Otto,East Otto Superintendent of Highways,,Under Votes,,29
Cattaraugus,Town of East Otto,East Otto Superintendent of Highways,,Over Votes,,0
Cattaraugus,Town of Ellicottville,Ellicottville Council Member,,Steven John Crowley,DEM,128
Cattaraugus,Town of Ellicottville,Ellicottville Council Member,,John R. Zerfas,REP,111
Cattaraugus,Town of Ellicottville,Ellicottville Council Member,,Write-in,,1
Cattaraugus,Town of Ellicottville,Ellicottville Council Member,,Under Votes,,116
Cattaraugus,Town of Ellicottville,Ellicottville Council Member,,Over Votes,,0
Cattaraugus,Town of Farmersville,Farmersville Council Member,,Dale E. Scurr,DEM,12
Cattaraugus,Town of Farmersville,Farmersville Council Member,,Dale E. Scurr,REP,62
Cattaraugus,Town of Farmersville,Farmersville Council Member,,Diane M. Nichols,REP,67
Cattaraugus,Town of Farmersville,Farmersville Council Member,,Diane M. Nichols,DEM,11
Cattaraugus,Town of Farmersville,Farmersville Council Member,,Write-in,,8
Cattaraugus,Town of Farmersville,Farmersville Council Member,,Under Votes,,50
Cattaraugus,Town of Farmersville,Farmersville Council Member,,Over Votes,,0
Cattaraugus,Town of Farmersville,Farmersville Council Member (To Fill Vacancy),,Melissa S. Kurowski,DEM,12
Cattaraugus,Town of Farmersville,Farmersville Council Member (To Fill Vacancy),,Melissa S. Kurowski,REP,65
Cattaraugus,Town of Farmersville,Farmersville Council Member (To Fill Vacancy),,Write-in,,3
Cattaraugus,Town of Farmersville,Farmersville Council Member (To Fill Vacancy),,Under Votes,,25
Cattaraugus,Town of Farmersville,Farmersville Council Member (To Fill Vacancy),,Over Votes,,0
Cattaraugus,Town of Farmersville,Farmersville Town Justice,,Write-in,,1
Cattaraugus,Town of Farmersville,Farmersville Town Justice,,Dorothy Lockridge,,25
Cattaraugus,Town of Farmersville,Farmersville Town Justice,,Under Votes,,79
Cattaraugus,Town of Farmersville,Farmersville Town Justice,,Over Votes,,0
Cattaraugus,Town of Franklinville Dist 1,Franklinville Council Member,,Michael J. Forward,REP,68
Cattaraugus,Town of Franklinville Dist 1,Franklinville Council Member,,Dave J. Furman,REP,64
Cattaraugus,Town of Franklinville Dist 1,Franklinville Council Member,,Write-in,,1
Cattaraugus,Town of Franklinville Dist 1,Franklinville Council Member,,Under Votes,,45
Cattaraugus,Town of Franklinville Dist 1,Franklinville Council Member,,Over Votes,,0
Cattaraugus,Town of Franklinville Dist 2,Franklinville Council Member,,Michael J. Forward,REP,85
Cattaraugus,Town of Franklinville Dist 2,Franklinville Council Member,,Dave J. Furman,REP,81
Cattaraugus,Town of Franklinville Dist 2,Franklinville Council Member,,Write-in,,3
Cattaraugus,Town of Franklinville Dist 2,Franklinville Council Member,,Under Votes,,57
Cattaraugus,Town of Franklinville Dist 2,Franklinville Council Member,,Over Votes,,0
Cattaraugus,Town of Freedom,Freedom Supervisor,,Joshua K. Cutler,REP,184
Cattaraugus,Town of Freedom,Freedom Supervisor,,Write-in,,5
Cattaraugus,Town of Freedom,Freedom Supervisor,,Under Votes,,71
Cattaraugus,Town of Freedom,Freedom Supervisor,,Over Votes,,0
Cattaraugus,Town of Freedom,Freedom Council Member,,Tiffany Jean Bartz,DEM,53
Cattaraugus,Town of Freedom,Freedom Council Member,,Linda L. Kinney-Brown,DEM,77
Cattaraugus,Town of Freedom,Freedom Council Member,,Robert Nick Morgan,REP,169
Cattaraugus,Town of Freedom,Freedom Council Member,,Joshua S. Aarum,REP,166
Cattaraugus,Town of Freedom,Freedom Council Member,,Write-in,,7
Cattaraugus,Town of Freedom,Freedom Council Member,,Under Votes,,44
Cattaraugus,Town of Freedom,Freedom Council Member,,Over Votes,,4
Cattaraugus,Town of Freedom,Freedom Superintendent of Highways,,James B. Haggerty,REP,167
Cattaraugus,Town of Freedom,Freedom Superintendent of Highways,,James B. Haggerty,DEM,64
Cattaraugus,Town of Freedom,Freedom Superintendent of Highways,,Write-in,,0
Cattaraugus,Town of Freedom,Freedom Superintendent of Highways,,Under Votes,,29
Cattaraugus,Town of Freedom,Freedom Superintendent of Highways,,Over Votes,,0
Cattaraugus,Town of Great Valley Dist 1,Great Valley Council Member,,Rebecca J. Kruszynski,DEM,45
Cattaraugus,Town of Great Valley Dist 1,Great Valley Council Member,,Sandra J. Goode,REP,52
Cattaraugus,Town of Great Valley Dist 1,Great Valley Council Member,,Write-in,,0
Cattaraugus,Town of Great Valley Dist 1,Great Valley Council Member,,Under Votes,,67
Cattaraugus,Town of Great Valley Dist 1,Great Valley Council Member,,Over Votes,,0
Cattaraugus,Town of Great Valley Dist 2,Great Valley Council Member,,Rebecca J. Kruszynski,DEM,97
Cattaraugus,Town of Great Valley Dist 2,Great Valley Council Member,,Sandra J. Goode,REP,122
Cattaraugus,Town of Great Valley Dist 2,Great Valley Council Member,,Write-in,,1
Cattaraugus,Town of Great Valley Dist 2,Great Valley Council Member,,Under Votes,,148
Cattaraugus,Town of Great Valley Dist 2,Great Valley Council Member,,Over Votes,,0
Cattaraugus,Town of Great Valley Dist 1,Great Valley Town Justice,,Joshua J. Harrison,REP,45
Cattaraugus,Town of Great Valley Dist 1,Great Valley Town Justice,,Joshua J. Harrison,DEM,27
Cattaraugus,Town of Great Valley Dist 1,Great Valley Town Justice,,Joshua J. Harrison,WOR,0
Cattaraugus,Town of Great Valley Dist 1,Great Valley Town Justice,,Joshua J. Harrison,CON,5
Cattaraugus,Town of Great Valley Dist 1,Great Valley Town Justice,,Write-in,,0
Cattaraugus,Town of Great Valley Dist 1,Great Valley Town Justice,,Under Votes,,5
Cattaraugus,Town of Great Valley Dist 1,Great Valley Town Justice,,Over Votes,,0
Cattaraugus,Town of Great Valley Dist 2,Great Valley Town Justice,,Joshua J. Harrison,REP,89
Cattaraugus,Town of Great Valley Dist 2,Great Valley Town Justice,,Joshua J. Harrison,CON,14
Cattaraugus,Town of Great Valley Dist 2,Great Valley Town Justice,,Joshua J. Harrison,WOR,6
Cattaraugus,Town of Great Valley Dist 2,Great Valley Town Justice,,Joshua J. Harrison,DEM,64
Cattaraugus,Town of Great Valley Dist 2,Great Valley Town Justice,,Write-in,,1
Cattaraugus,Town of Great Valley Dist 2,Great Valley Town Justice,,Under Votes,,10
Cattaraugus,Town of Great Valley Dist 2,Great Valley Town Justice,,Over Votes,,0
Cattaraugus,Town of Hinsdale,Hinsdale Supervisor,,Deborah K. Duchesne,REP,114
Cattaraugus,Town of Hinsdale,Hinsdale Supervisor,,Write-in,,16
Cattaraugus,Town of Hinsdale,Hinsdale Supervisor,,Under Votes,,23
Cattaraugus,Town of Hinsdale,Hinsdale Supervisor,,Over Votes,,0
Cattaraugus,Town of Hinsdale,Hinsdale Town Clerk,,Ann L. Carr,DEM,33
Cattaraugus,Town of Hinsdale,Hinsdale Town Clerk,,Ann L. Carr,REP,113
Cattaraugus,Town of Hinsdale,Hinsdale Town Clerk,,Write-in,,0
Cattaraugus,Town of Hinsdale,Hinsdale Town Clerk,,Under Votes,,7
Cattaraugus,Town of Hinsdale,Hinsdale Town Clerk,,Over Votes,,0
Cattaraugus,Town of Hinsdale,Hinsdale Council Member,,"Daniel A. Adams, Jr.",REP,118
Cattaraugus,Town of Hinsdale,Hinsdale Council Member,,Ronald D. Brown,REP,114
Cattaraugus,Town of Hinsdale,Hinsdale Council Member,,Write-in,,21
Cattaraugus,Town of Hinsdale,Hinsdale Council Member,,Under Votes,,53
Cattaraugus,Town of Hinsdale,Hinsdale Council Member,,Over Votes,,0
Cattaraugus,Town of Hinsdale,Hinsdale Superintendent of Highways,,Jeremy A. Guthrie,REP,111
Cattaraugus,Town of Hinsdale,Hinsdale Superintendent of Highways,,Jeremy A. Guthrie,DEM,33
Cattaraugus,Town of Hinsdale,Hinsdale Superintendent of Highways,,Write-in,,0
Cattaraugus,Town of Hinsdale,Hinsdale Superintendent of Highways,,Under Votes,,9
Cattaraugus,Town of Hinsdale,Hinsdale Superintendent of Highways,,Over Votes,,0
Cattaraugus,Town of Hinsdale,Hinsdale Town Justice,,Perry R. Lovell,REP,125
Cattaraugus,Town of Hinsdale,Hinsdale Town Justice,,Write-in,,0
Cattaraugus,Town of Hinsdale,Hinsdale Town Justice,,Under Votes,,28
Cattaraugus,Town of Hinsdale,Hinsdale Town Justice,,Over Votes,,0
Cattaraugus,Town of Humphrey,Humphrey Town Clerk,,Mary Weber,REP,68
Cattaraugus,Town of Humphrey,Humphrey Town Clerk,,Write-in,,0
Cattaraugus,Town of Humphrey,Humphrey Town Clerk,,Under Votes,,13
Cattaraugus,Town of Humphrey,Humphrey Town Clerk,,Over Votes,,0
Cattaraugus,Town of Humphrey,Humphrey Council Member,,Scott Andrews,REP,66
Cattaraugus,Town of Humphrey,Humphrey Council Member,,Alicia Pearl,REP,59
Cattaraugus,Town of Humphrey,Humphrey Council Member,,Write-in,,0
Cattaraugus,Town of Humphrey,Humphrey Council Member,,Under Votes,,37
Cattaraugus,Town of Humphrey,Humphrey Council Member,,Over Votes,,0
Cattaraugus,Town of Humphrey,Humphrey Superintendent of Highways,,Jason R. Pearl,REP,53
Cattaraugus,Town of Humphrey,Humphrey Superintendent of Highways,,Jason R. Pearl,DEM,18
Cattaraugus,Town of Humphrey,Humphrey Superintendent of Highways,,Write-in,,0
Cattaraugus,Town of Humphrey,Humphrey Superintendent of Highways,,Under Votes,,10
Cattaraugus,Town of Humphrey,Humphrey Superintendent of Highways,,Over Votes,,0
Cattaraugus,Town of Ischua,Ischua Supervisor,,Sean Tuttle,REP,67
Cattaraugus,Town of Ischua,Ischua Supervisor,,Write-in,,2
Cattaraugus,Town of Ischua,Ischua Supervisor,,Under Votes,,24
Cattaraugus,Town of Ischua,Ischua Supervisor,,Over Votes,,0
Cattaraugus,Town of Ischua,Ischua Town Clerk,,Kelle J. Brisky,REP,75
Cattaraugus,Town of Ischua,Ischua Town Clerk,,Write-in,,1
Cattaraugus,Town of Ischua,Ischua Town Clerk,,Under Votes,,17
Cattaraugus,Town of Ischua,Ischua Town Clerk,,Over Votes,,0
Cattaraugus,Town of Ischua,Ischua Council Member,,Theresa M. Lowe,REP,70
Cattaraugus,Town of Ischua,Ischua Council Member,,Judy L. Tuttle,REP,68
Cattaraugus,Town of Ischua,Ischua Council Member,,Write-in,,1
Cattaraugus,Town of Ischua,Ischua Council Member,,Under Votes,,47
Cattaraugus,Town of Ischua,Ischua Council Member,,Over Votes,,0
Cattaraugus,Town of Ischua,Ischua Superintendent of Highways,,"Richard M. Michael, Jr.",DEM,58
Cattaraugus,Town of Ischua,Ischua Superintendent of Highways,,Write-in,,2
Cattaraugus,Town of Ischua,Ischua Superintendent of Highways,,Under Votes,,33
Cattaraugus,Town of Ischua,Ischua Superintendent of Highways,,Over Votes,,0
Cattaraugus,Town of Ischua,Tax Collector,,Julie A. McConnaughey-Goodyear,REP,73
Cattaraugus,Town of Ischua,Tax Collector,,Write-in,,0
Cattaraugus,Town of Ischua,Tax Collector,,Under Votes,,20
Cattaraugus,Town of Ischua,Tax Collector,,Over Votes,,0
Cattaraugus,Town of Leon,Leon Supervisor,,Fred S. Filock,REP,69
Cattaraugus,Town of Leon,Leon Supervisor,,Write-in,,0
Cattaraugus,Town of Leon,Leon Supervisor,,Jacqueline Ellis,,32
Cattaraugus,Town of Leon,Leon Supervisor,,Under Votes,,6
Cattaraugus,Town of Leon,Leon Supervisor,,Over Votes,,0
Cattaraugus,Town of Leon,Leon Town Clerk,,Sheila M. Fiebelkorn,DEM,77
Cattaraugus,Town of Leon,Leon Town Clerk,,Write-in,,0
Cattaraugus,Town of Leon,Leon Town Clerk,,Under Votes,,29
Cattaraugus,Town of Leon,Leon Town Clerk,,Over Votes,,1
Cattaraugus,Town of Leon,Leon Council Member,,Jacqueline Ann Ellis,DEM,53
Cattaraugus,Town of Leon,Leon Council Member,,Calvin M. Milliman,REP,80
Cattaraugus,Town of Leon,Leon Council Member,,Write-in,,0
Cattaraugus,Town of Leon,Leon Council Member,,Under Votes,,81
Cattaraugus,Town of Leon,Leon Council Member,,Over Votes,,0
Cattaraugus,Town of Little Valley,Little Valley Council Member,,Holly R. Urbanski,REP,152
Cattaraugus,Town of Little Valley,Little Valley Council Member,,Timothy J. Zimbardi,REP,134
Cattaraugus,Town of Little Valley,Little Valley Council Member,,Write-in,,0
Cattaraugus,Town of Little Valley,Little Valley Council Member,,Under Votes,,78
Cattaraugus,Town of Little Valley,Little Valley Council Member,,Over Votes,,0
Cattaraugus,Town of Lyndon,Lyndon Supervisor,,Barbara Montante,DEM,53
Cattaraugus,Town of Lyndon,Lyndon Supervisor,,Barbara Montante,REP,85
Cattaraugus,Town of Lyndon,Lyndon Supervisor,,Write-in,,6
Cattaraugus,Town of Lyndon,Lyndon Supervisor,,Under Votes,,33
Cattaraugus,Town of Lyndon,Lyndon Supervisor,,Over Votes,,0
Cattaraugus,Town of Lyndon,Lyndon Town Clerk,,Emily R. Robinson,REP,86
Cattaraugus,Town of Lyndon,Lyndon Town Clerk,,Emily R. Robinson,DEM,52
Cattaraugus,Town of Lyndon,Lyndon Town Clerk,,Write-in,,0
Cattaraugus,Town of Lyndon,Lyndon Town Clerk,,Under Votes,,39
Cattaraugus,Town of Lyndon,Lyndon Town Clerk,,Over Votes,,0
Cattaraugus,Town of Lyndon,Lyndon Council Member,,"Leonard A. Kaluzny, Jr.",DEM,52
Cattaraugus,Town of Lyndon,Lyndon Council Member,,"Leonard A. Kaluzny, Jr.",REP,75
Cattaraugus,Town of Lyndon,Lyndon Council Member,,Jeffrey M. Schoening,DEM,84
Cattaraugus,Town of Lyndon,Lyndon Council Member,,Russell Ward,REP,86
Cattaraugus,Town of Lyndon,Lyndon Council Member,,Write-in,,0
Cattaraugus,Town of Lyndon,Lyndon Council Member,,Under Votes,,57
Cattaraugus,Town of Lyndon,Lyndon Council Member,,Over Votes,,0
Cattaraugus,Town of Lyndon,Lyndon Superintendent of Highways,,"George S. Schneider, Jr.",DEM,55
Cattaraugus,Town of Lyndon,Lyndon Superintendent of Highways,,"George S. Schneider, Jr.",REP,88
Cattaraugus,Town of Lyndon,Lyndon Superintendent of Highways,,Write-in,,1
Cattaraugus,Town of Lyndon,Lyndon Superintendent of Highways,,Under Votes,,33
Cattaraugus,Town of Lyndon,Lyndon Superintendent of Highways,,Over Votes,,0
Cattaraugus,Town of Lyndon,Lyndon Town Justice,,James A. Morgan,DEM,53
Cattaraugus,Town of Lyndon,Lyndon Town Justice,,Meagan L. Lawton,REP,77
Cattaraugus,Town of Lyndon,Lyndon Town Justice,,Write-in,,0
Cattaraugus,Town of Lyndon,Lyndon Town Justice,,Wayne Holden,,39
Cattaraugus,Town of Lyndon,Lyndon Town Justice,,Under Votes,,8
Cattaraugus,Town of Lyndon,Lyndon Town Justice,,Over Votes,,0
Cattaraugus,Town of Machias,Machias Supervisor (To Fill Vacancy),,Stephen J. Cornwall,REP,229
Cattaraugus,Town of Machias,Machias Supervisor (To Fill Vacancy),,Write-in,,6
Cattaraugus,Town of Machias,Machias Supervisor (To Fill Vacancy),,Under Votes,,91
Cattaraugus,Town of Machias,Machias Supervisor (To Fill Vacancy),,Over Votes,,0
Cattaraugus,Town of Machias,Machias Council Member,,Thomas C. Reese,REP,173
Cattaraugus,Town of Machias,Machias Council Member,,Thomas C. Reese,CON,39
Cattaraugus,Town of Machias,Machias Council Member,,Robert M. Shenk,REP,181
Cattaraugus,Town of Machias,Machias Council Member,,Robert M. Shenk,CON,46
Cattaraugus,Town of Machias,Machias Council Member,,Write-in,,4
Cattaraugus,Town of Machias,Machias Council Member,,Joy Burch,,78
Cattaraugus,Town of Machias,Machias Council Member,,Joshua Burch,,8
Cattaraugus,Town of Machias,Machias Council Member,,Under Votes,,123
Cattaraugus,Town of Machias,Machias Council Member,,Over Votes,,0
Cattaraugus,Town of Machias,Machias Town Justice,,Francis L. Lounsbury,CON,59
Cattaraugus,Town of Machias,Machias Town Justice,,Francis L. Lounsbury,REP,226
Cattaraugus,Town of Machias,Machias Town Justice,,Write-in,,0
Cattaraugus,Town of Machias,Machias Town Justice,,Under Votes,,41
Cattaraugus,Town of Machias,Machias Town Justice,,Over Votes,,0
Cattaraugus,Town of Mansfield,Mansfield Supervisor,,"Carl R. Calarco, Jr.",REP,64
Cattaraugus,Town of Mansfield,Mansfield Supervisor,,Write-in,,5
Cattaraugus,Town of Mansfield,Mansfield Supervisor,,Under Votes,,18
Cattaraugus,Town of Mansfield,Mansfield Supervisor,,Over Votes,,0
Cattaraugus,Town of Mansfield,Mansfield Town Clerk,,Betty Jane Horning,REP,77
Cattaraugus,Town of Mansfield,Mansfield Town Clerk,,Write-in,,1
Cattaraugus,Town of Mansfield,Mansfield Town Clerk,,Under Votes,,9
Cattaraugus,Town of Mansfield,Mansfield Town Clerk,,Over Votes,,0
Cattaraugus,Town of Mansfield,Mansfield Council Member,,Andrew J. Pascarella,REP,73
Cattaraugus,Town of Mansfield,Mansfield Council Member,,Michael D. Telaak,REP,74
Cattaraugus,Town of Mansfield,Mansfield Council Member,,Write-in,,1
Cattaraugus,Town of Mansfield,Mansfield Council Member,,Under Votes,,26
Cattaraugus,Town of Mansfield,Mansfield Council Member,,Over Votes,,0
Cattaraugus,Town of Mansfield,Mansfield Superintendent of Highways,,Jeffrey J. Williams,REP,82
Cattaraugus,Town of Mansfield,Mansfield Superintendent of Highways,,Write-in,,0
Cattaraugus,Town of Mansfield,Mansfield Superintendent of Highways,,Under Votes,,5
Cattaraugus,Town of Mansfield,Mansfield Superintendent of Highways,,Over Votes,,0
Cattaraugus,Town of Napoli,Napoli Supervisor,,Daniel T. Martonis,REP,95
Cattaraugus,Town of Napoli,Napoli Supervisor,,Write-in,,0
Cattaraugus,Town of Napoli,Napoli Supervisor,,Under Votes,,15
Cattaraugus,Town of Napoli,Napoli Supervisor,,Over Votes,,0
Cattaraugus,Town of Napoli,Napoli Town Clerk,,Victoria L. Bedell,REP,102
Cattaraugus,Town of Napoli,Napoli Town Clerk,,Write-in,,0
Cattaraugus,Town of Napoli,Napoli Town Clerk,,Under Votes,,8
Cattaraugus,Town of Napoli,Napoli Town Clerk,,Over Votes,,0
Cattaraugus,Town of Napoli,Napoli Council Member,,David M. Dechow,REP,99
Cattaraugus,Town of Napoli,Napoli Council Member,,"Jeffery A. Stacey, Sr.",REP,101
Cattaraugus,Town of Napoli,Napoli Council Member,,Write-in,,0
Cattaraugus,Town of Napoli,Napoli Council Member,,Under Votes,,20
Cattaraugus,Town of Napoli,Napoli Council Member,,Over Votes,,0
Cattaraugus,Town of Napoli,Napoli Superintendent of Highways,,Jared S. Stacey,REP,100
Cattaraugus,Town of Napoli,Napoli Superintendent of Highways,,Write-in,,0
Cattaraugus,Town of Napoli,Napoli Superintendent of Highways,,Under Votes,,10
Cattaraugus,Town of Napoli,Napoli Superintendent of Highways,,Over Votes,,0
Cattaraugus,Town of New Albion,New Albion Council Member,,Norman J. Kazmark,REP,129
Cattaraugus,Town of New Albion,New Albion Council Member,,Daniel A. Goss,REP,136
Cattaraugus,Town of New Albion,New Albion Council Member,,Write-in,,3
Cattaraugus,Town of New Albion,New Albion Council Member,,Under Votes,,100
Cattaraugus,Town of New Albion,New Albion Council Member,,Over Votes,,0
Cattaraugus,Town of New Albion,New Albion Town Justice,,Shannon L. Goode,REP,150
Cattaraugus,Town of New Albion,New Albion Town Justice,,Write-in,,0
Cattaraugus,Town of New Albion,New Albion Town Justice,,Under Votes,,34
Cattaraugus,Town of New Albion,New Albion Town Justice,,Over Votes,,0
Cattaraugus,Town of Olean Dist 1,Olean Supervisor,,Annette M. Parker,REP,46
Cattaraugus,Town of Olean Dist 1,Olean Supervisor,,Write-in,,0
Cattaraugus,Town of Olean Dist 1,Olean Supervisor,,Under Votes,,5
Cattaraugus,Town of Olean Dist 1,Olean Supervisor,,Over Votes,,0
Cattaraugus,Town of Olean Dist 2,Olean Supervisor,,Annette M. Parker,REP,75
Cattaraugus,Town of Olean Dist 2,Olean Supervisor,,Write-in,,0
Cattaraugus,Town of Olean Dist 2,Olean Supervisor,,Under Votes,,22
Cattaraugus,Town of Olean Dist 2,Olean Supervisor,,Over Votes,,0
Cattaraugus,Town of Olean Dist 1,Olean Town Clerk,,Sherry L. Lemon,REP,44
Cattaraugus,Town of Olean Dist 1,Olean Town Clerk,,Write-in,,0
Cattaraugus,Town of Olean Dist 1,Olean Town Clerk,,Under Votes,,7
Cattaraugus,Town of Olean Dist 1,Olean Town Clerk,,Over Votes,,0
Cattaraugus,Town of Olean Dist 2,Olean Town Clerk,,Sherry L. Lemon,REP,73
Cattaraugus,Town of Olean Dist 2,Olean Town Clerk,,Write-in,,0
Cattaraugus,Town of Olean Dist 2,Olean Town Clerk,,Under Votes,,24
Cattaraugus,Town of Olean Dist 2,Olean Town Clerk,,Over Votes,,0
Cattaraugus,Town of Olean Dist 1,Olean Council Member,,Donna L. Howard,REP,42
Cattaraugus,Town of Olean Dist 1,Olean Council Member,,Joshua M. Torrey,REP,40
Cattaraugus,Town of Olean Dist 1,Olean Council Member,,Write-in,,0
Cattaraugus,Town of Olean Dist 1,Olean Council Member,,Under Votes,,20
Cattaraugus,Town of Olean Dist 1,Olean Council Member,,Over Votes,,0
Cattaraugus,Town of Olean Dist 2,Olean Council Member,,Donna L. Howard,REP,70
Cattaraugus,Town of Olean Dist 2,Olean Council Member,,Joshua M. Torrey,REP,68
Cattaraugus,Town of Olean Dist 2,Olean Council Member,,Write-in,,0
Cattaraugus,Town of Olean Dist 2,Olean Council Member,,Under Votes,,56
Cattaraugus,Town of Olean Dist 2,Olean Council Member,,Over Votes,,0
Cattaraugus,Town of Olean Dist 1,Olean Superintendent of Highways,,Patrick W. Zink,REP,45
Cattaraugus,Town of Olean Dist 1,Olean Superintendent of Highways,,Write-in,,0
Cattaraugus,Town of Olean Dist 1,Olean Superintendent of Highways,,Under Votes,,6
Cattaraugus,Town of Olean Dist 1,Olean Superintendent of Highways,,Over Votes,,0
Cattaraugus,Town of Olean Dist 2,Olean Superintendent of Highways,,Patrick W. Zink,REP,74
Cattaraugus,Town of Olean Dist 2,Olean Superintendent of Highways,,Write-in,,0
Cattaraugus,Town of Olean Dist 2,Olean Superintendent of Highways,,Under Votes,,23
Cattaraugus,Town of Olean Dist 2,Olean Superintendent of Highways,,Over Votes,,0
Cattaraugus,Town of Olean Dist 1,Olean Town Justice,,"Brian E. O'Connell, Jr.",REP,35
Cattaraugus,Town of Olean Dist 1,Olean Town Justice,,"Brian E. O'Connell, Jr.",DEM,10
Cattaraugus,Town of Olean Dist 1,Olean Town Justice,,Write-in,,0
Cattaraugus,Town of Olean Dist 1,Olean Town Justice,,Under Votes,,6
Cattaraugus,Town of Olean Dist 1,Olean Town Justice,,Over Votes,,0
Cattaraugus,Town of Olean Dist 2,Olean Town Justice,,"Brian E. O'Connell, Jr.",DEM,43
Cattaraugus,Town of Olean Dist 2,Olean Town Justice,,"Brian E. O'Connell, Jr.",REP,50
Cattaraugus,Town of Olean Dist 2,Olean Town Justice,,Write-in,,0
Cattaraugus,Town of Olean Dist 2,Olean Town Justice,,Under Votes,,4
Cattaraugus,Town of Olean Dist 2,Olean Town Justice,,Over Votes,,0
Cattaraugus,Town of Otto,Otto Supervisor,,Write-in,,12
Cattaraugus,Town of Otto,Otto Supervisor,,Randy Beenau,,97
Cattaraugus,Town of Otto,Otto Supervisor,,John Vanderbosch,,21
Cattaraugus,Town of Otto,Otto Supervisor,,Under Votes,,111
Cattaraugus,Town of Otto,Otto Supervisor,,Over Votes,,0
Cattaraugus,Town of Otto,Otto Town Clerk,,Trisha A. Priest,REP,211
Cattaraugus,Town of Otto,Otto Town Clerk,,Write-in,,2
Cattaraugus,Town of Otto,Otto Town Clerk,,Under Votes,,28
Cattaraugus,Town of Otto,Otto Town Clerk,,Over Votes,,0
Cattaraugus,Town of Otto,Otto Council Member,,Marlene A. Gregory,REP,205
Cattaraugus,Town of Otto,Otto Council Member,,Kevin P. Walker,REP,203
Cattaraugus,Town of Otto,Otto Council Member,,Write-in,,5
Cattaraugus,Town of Otto,Otto Council Member,,Under Votes,,69
Cattaraugus,Town of Otto,Otto Council Member,,Over Votes,,0
Cattaraugus,Town of Otto,Otto Superintendent of Highways,,"Robert J. Barber, Jr.",REP,189
Cattaraugus,Town of Otto,Otto Superintendent of Highways,,Write-in,,3
Cattaraugus,Town of Otto,Otto Superintendent of Highways,,Duane C. Moore II,,44
Cattaraugus,Town of Otto,Otto Superintendent of Highways,,Under Votes,,5
Cattaraugus,Town of Otto,Otto Superintendent of Highways,,Over Votes,,0
Cattaraugus,Town of Otto,Otto Town Justice,,"Warren S. Dickinson, Jr.",DEM,174
Cattaraugus,Town of Otto,Otto Town Justice,,Write-in,,1
Cattaraugus,Town of Otto,Otto Town Justice,,Under Votes,,66
Cattaraugus,Town of Otto,Otto Town Justice,,Over Votes,,0
Cattaraugus,Town of Perrysburg,Perrysburg Council Member,,Mary Jane Stuhr,DEM,88
Cattaraugus,Town of Perrysburg,Perrysburg Council Member,,Randall L. LaChausse,REP,137
Cattaraugus,Town of Perrysburg,Perrysburg Council Member,,Write-in,,0
Cattaraugus,Town of Perrysburg,Perrysburg Council Member,,Under Votes,,169
Cattaraugus,Town of Perrysburg,Perrysburg Council Member,,Over Votes,,0
Cattaraugus,Town of Persia,Persia Supervisor,,John T. Walgus,REP,175
Cattaraugus,Town of Persia,Persia Supervisor,,Write-in,,2
Cattaraugus,Town of Persia,Persia Supervisor,,Under Votes,,35
Cattaraugus,Town of Persia,Persia Supervisor,,Over Votes,,0
Cattaraugus,Town of Persia,Persia Council Member,,Gloria J. Tomaszewski,REP,169
Cattaraugus,Town of Persia,Persia Council Member,,"Robert O. Dingman, Jr.",REP,163
Cattaraugus,Town of Persia,Persia Council Member,,Write-in,,1
Cattaraugus,Town of Persia,Persia Council Member,,Under Votes,,91
Cattaraugus,Town of Persia,Persia Council Member,,Over Votes,,0
Cattaraugus,Town of Portville Dist 1,Portville Supervisor,,Timothy D. Emley,REP,93
Cattaraugus,Town of Portville Dist 1,Portville Supervisor,,Write-in,,1
Cattaraugus,Town of Portville Dist 1,Portville Supervisor,,Under Votes,,19
Cattaraugus,Town of Portville Dist 1,Portville Supervisor,,Over Votes,,0
Cattaraugus,Town of Portville Dist 2,Portville Supervisor,,Timothy D. Emley,REP,117
Cattaraugus,Town of Portville Dist 2,Portville Supervisor,,Write-in,,1
Cattaraugus,Town of Portville Dist 2,Portville Supervisor,,Under Votes,,30
Cattaraugus,Town of Portville Dist 2,Portville Supervisor,,Over Votes,,0
Cattaraugus,Town of Portville Dist 1,Portville Council Member,,Stuart A. Frost,REP,87
Cattaraugus,Town of Portville Dist 1,Portville Council Member,,David A. Suain,REP,90
Cattaraugus,Town of Portville Dist 1,Portville Council Member,,Write-in,,1
Cattaraugus,Town of Portville Dist 1,Portville Council Member,,Under Votes,,48
Cattaraugus,Town of Portville Dist 1,Portville Council Member,,Over Votes,,0
Cattaraugus,Town of Portville Dist 2,Portville Council Member,,Stuart A. Frost,REP,125
Cattaraugus,Town of Portville Dist 2,Portville Council Member,,David A. Suain,REP,112
Cattaraugus,Town of Portville Dist 2,Portville Council Member,,Write-in,,0
Cattaraugus,Town of Portville Dist 2,Portville Council Member,,Under Votes,,57
Cattaraugus,Town of Portville Dist 2,Portville Council Member,,Over Votes,,2
Cattaraugus,Town of Portville Dist 1,Portville Superintendent of Highways,,Todd J. Shaw,REP,92
Cattaraugus,Town of Portville Dist 1,Portville Superintendent of Highways,,Write-in,,0
Cattaraugus,Town of Portville Dist 1,Portville Superintendent of Highways,,Under Votes,,21
Cattaraugus,Town of Portville Dist 1,Portville Superintendent of Highways,,Over Votes,,0
Cattaraugus,Town of Portville Dist 2,Portville Superintendent of Highways,,Todd J. Shaw,REP,122
Cattaraugus,Town of Portville Dist 2,Portville Superintendent of Highways,,Write-in,,3
Cattaraugus,Town of Portville Dist 2,Portville Superintendent of Highways,,Under Votes,,23
Cattaraugus,Town of Portville Dist 2,Portville Superintendent of Highways,,Over Votes,,0
Cattaraugus,Town of Randolph Dist 1,Randolph Town Clerk,,Gretchen A. Hind,REP,109
Cattaraugus,Town of Randolph Dist 1,Randolph Town Clerk,,Write-in,,0
Cattaraugus,Town of Randolph Dist 1,Randolph Town Clerk,,Under Votes,,11
Cattaraugus,Town of Randolph Dist 1,Randolph Town Clerk,,Over Votes,,0
Cattaraugus,Town of Randolph Dist 2,Randolph Town Clerk,,Gretchen A. Hind,REP,105
Cattaraugus,Town of Randolph Dist 2,Randolph Town Clerk,,Write-in,,0
Cattaraugus,Town of Randolph Dist 2,Randolph Town Clerk,,Under Votes,,16
Cattaraugus,Town of Randolph Dist 2,Randolph Town Clerk,,Over Votes,,0
Cattaraugus,Town of Randolph Dist 1,Randolph Council Member,,Timothy W. Beach,REP,99
Cattaraugus,Town of Randolph Dist 1,Randolph Council Member,,Loni J. Nagle,REP,100
Cattaraugus,Town of Randolph Dist 1,Randolph Council Member,,Write-in,,2
Cattaraugus,Town of Randolph Dist 1,Randolph Council Member,,Under Votes,,39
Cattaraugus,Town of Randolph Dist 1,Randolph Council Member,,Over Votes,,0
Cattaraugus,Town of Randolph Dist 2,Randolph Council Member,,Timothy W. Beach,REP,97
Cattaraugus,Town of Randolph Dist 2,Randolph Council Member,,Loni J. Nagle,REP,99
Cattaraugus,Town of Randolph Dist 2,Randolph Council Member,,Write-in,,1
Cattaraugus,Town of Randolph Dist 2,Randolph Council Member,,Under Votes,,45
Cattaraugus,Town of Randolph Dist 2,Randolph Council Member,,Over Votes,,0
Cattaraugus,Town of Red House,Red House Supervisor,,Harris Economou,Community,16
Cattaraugus,Town of Red House,Red House Supervisor,,Write-in,,0
Cattaraugus,Town of Red House,Red House Supervisor,,Under Votes,,4
Cattaraugus,Town of Red House,Red House Supervisor,,Over Votes,,0
Cattaraugus,Town of Red House,Red House Town Clerk,,Nancy J. Schaal,Community,17
Cattaraugus,Town of Red House,Red House Town Clerk,,Write-in,,0
Cattaraugus,Town of Red House,Red House Town Clerk,,Under Votes,,3
Cattaraugus,Town of Red House,Red House Town Clerk,,Over Votes,,0
Cattaraugus,Town of Red House,Red House Council Member,,Clifford E. Schaal,Community,16
Cattaraugus,Town of Red House,Red House Council Member,,Jake Mountain,Community,16
Cattaraugus,Town of Red House,Red House Council Member,,Write-in,,0
Cattaraugus,Town of Red House,Red House Council Member,,Under Votes,,8
Cattaraugus,Town of Red House,Red House Council Member,,Over Votes,,0
Cattaraugus,Town of Red House,Red House Superintendent of Highways,,Cody Anderson,Community,15
Cattaraugus,Town of Red House,Red House Superintendent of Highways,,Write-in,,1
Cattaraugus,Town of Red House,Red House Superintendent of Highways,,Under Votes,,4
Cattaraugus,Town of Red House,Red House Superintendent of Highways,,Over Votes,,0
Cattaraugus,Town of Salamanca,Salamanca Supervisor,,"Charles E. Oyler, Jr.",DEM,59
Cattaraugus,Town of Salamanca,Salamanca Supervisor,,Write-in,,0
Cattaraugus,Town of Salamanca,Salamanca Supervisor,,Under Votes,,14
Cattaraugus,Town of Salamanca,Salamanca Supervisor,,Over Votes,,0
Cattaraugus,Town of Salamanca,Salamanca Town Clerk,,Shelley L. Bryant,DEM,62
Cattaraugus,Town of Salamanca,Salamanca Town Clerk,,Write-in,,0
Cattaraugus,Town of Salamanca,Salamanca Town Clerk,,Under Votes,,11
Cattaraugus,Town of Salamanca,Salamanca Town Clerk,,Over Votes,,0
Cattaraugus,Town of Salamanca,Salamanca Council Member,,Larry M. Stewart,DEM,43
Cattaraugus,Town of Salamanca,Salamanca Council Member,,Diana L. Brodie-Anderson,REP,51
Cattaraugus,Town of Salamanca,Salamanca Council Member,,Write-in,,0
Cattaraugus,Town of Salamanca,Salamanca Council Member,,Under Votes,,52
Cattaraugus,Town of Salamanca,Salamanca Council Member,,Over Votes,,0
Cattaraugus,Town of Salamanca,Salamanca Council Member (To Fill Vacancy),,Daniel L. Gassman,Community,40
Cattaraugus,Town of Salamanca,Salamanca Council Member (To Fill Vacancy),,Write-in,,0
Cattaraugus,Town of Salamanca,Salamanca Council Member (To Fill Vacancy),,Under Votes,,33
Cattaraugus,Town of Salamanca,Salamanca Council Member (To Fill Vacancy),,Over Votes,,0
Cattaraugus,Town of Salamanca,Salamanca Superintendent of Highways,,Frederick H. Light,DEM,62
Cattaraugus,Town of Salamanca,Salamanca Superintendent of Highways,,Write-in,,1
Cattaraugus,Town of Salamanca,Salamanca Superintendent of Highways,,Under Votes,,10
Cattaraugus,Town of Salamanca,Salamanca Superintendent of Highways,,Over Votes,,0
Cattaraugus,Town of South Valley,South Valley Supervisor,,Thomas G. Visker,REP,46
Cattaraugus,Town of South Valley,South Valley Supervisor,,Write-in,,2
Cattaraugus,Town of South Valley,South Valley Supervisor,,Under Votes,,6
Cattaraugus,Town of South Valley,South Valley Supervisor,,Over Votes,,0
Cattaraugus,Town of South Valley,South Valley Town Clerk,,Mary Ruth,REP,50
Cattaraugus,Town of South Valley,South Valley Town Clerk,,Write-in,,0
Cattaraugus,Town of South Valley,South Valley Town Clerk,,Under Votes,,4
Cattaraugus,Town of South Valley,South Valley Town Clerk,,Over Votes,,0
Cattaraugus,Town of South Valley,South Valley Council Member,,Kathy A. Burch,REP,43
Cattaraugus,Town of South Valley,South Valley Council Member,,"Charles E. Ruth, II",REP,46
Cattaraugus,Town of South Valley,South Valley Council Member,,Write-in,,0
Cattaraugus,Town of South Valley,South Valley Council Member,,Under Votes,,19
Cattaraugus,Town of South Valley,South Valley Council Member,,Over Votes,,0
Cattaraugus,Town of South Valley,South Valley Superintendent of Highways,,Tyler Mendell,REP,48
Cattaraugus,Town of South Valley,South Valley Superintendent of Highways,,Write-in,,0
Cattaraugus,Town of South Valley,South Valley Superintendent of Highways,,Under Votes,,6
Cattaraugus,Town of South Valley,South Valley Superintendent of Highways,,Over Votes,,0
Cattaraugus,Town of Yorkshire Dist 1,Yorkshire Town Clerk,,Donna M. Lavery,REP,106
Cattaraugus,Town of Yorkshire Dist 1,Yorkshire Town Clerk,,Write-in,,0
Cattaraugus,Town of Yorkshire Dist 1,Yorkshire Town Clerk,,Under Votes,,27
Cattaraugus,Town of Yorkshire Dist 1,Yorkshire Town Clerk,,Over Votes,,0
Cattaraugus,Town of Yorkshire Dist 2,Yorkshire Town Clerk,,Donna M. Lavery,REP,108
Cattaraugus,Town of Yorkshire Dist 2,Yorkshire Town Clerk,,Write-in,,1
Cattaraugus,Town of Yorkshire Dist 2,Yorkshire Town Clerk,,Under Votes,,15
Cattaraugus,Town of Yorkshire Dist 2,Yorkshire Town Clerk,,Over Votes,,0
Cattaraugus,Town of Yorkshire Dist 1,Yorkshire Council Member,,Kenneth O. Fisher,REP,104
Cattaraugus,Town of Yorkshire Dist 1,Yorkshire Council Member,,Christopher R. Edmunds,REP,99
Cattaraugus,Town of Yorkshire Dist 1,Yorkshire Council Member,,Write-in,,1
Cattaraugus,Town of Yorkshire Dist 1,Yorkshire Council Member,,Under Votes,,62
Cattaraugus,Town of Yorkshire Dist 1,Yorkshire Council Member,,Over Votes,,0
Cattaraugus,Town of Yorkshire Dist 2,Yorkshire Council Member,,Kenneth O. Fisher,REP,104
Cattaraugus,Town of Yorkshire Dist 2,Yorkshire Council Member,,Christopher R. Edmunds,REP,107
Cattaraugus,Town of Yorkshire Dist 2,Yorkshire Council Member,,Write-in,,1
Cattaraugus,Town of Yorkshire Dist 2,Yorkshire Council Member,,Under Votes,,36
Cattaraugus,Town of Yorkshire Dist 2,Yorkshire Council Member,,Over Votes,,0
