county,precinct,office,district,candidate,party,votes
Clinton,City of Plattsburgh Ward 1 District 1,State Assembly,115,Michael S. Cashman,WOR,10
Clinton,City of Plattsburgh Ward 1 District 1,State Assembly,115,Michael S. Cashman,DEM,119
Clinton,City of Plattsburgh Ward 1 District 1,State Assembly,115,Brent M. Davison,REP,44
Clinton,City of Plattsburgh Ward 1 District 1,State Assembly,115,Brent M. Davison,CON,7
Clinton,City of Plattsburgh Ward 1 District 1,State Assembly,115,Write-in,,0
Clinton,City of Plattsburgh Ward 1 District 1,State Assembly,115,Over Votes,,0
Clinton,City of Plattsburgh Ward 1 District 1,State Assembly,115,Under Votes,,0
Clinton,City of Plattsburgh Ward 1 District 2,State Assembly,115,Michael S. Cashman,DEM,345
Clinton,City of Plattsburgh Ward 1 District 2,State Assembly,115,Michael S. Cashman,WOR,33
Clinton,City of Plattsburgh Ward 1 District 2,State Assembly,115,Brent M. Davison,REP,116
Clinton,City of Plattsburgh Ward 1 District 2,State Assembly,115,Brent M. Davison,CON,16
Clinton,City of Plattsburgh Ward 1 District 2,State Assembly,115,Write-in,,1
Clinton,City of Plattsburgh Ward 1 District 2,State Assembly,115,Over Votes,,0
Clinton,City of Plattsburgh Ward 1 District 2,State Assembly,115,Under Votes,,2
Clinton,City of Plattsburgh Ward 1 District 3,State Assembly,115,Michael S. Cashman,WOR,7
Clinton,City of Plattsburgh Ward 1 District 3,State Assembly,115,Michael S. Cashman,DEM,151
Clinton,City of Plattsburgh Ward 1 District 3,State Assembly,115,Brent M. Davison,REP,54
Clinton,City of Plattsburgh Ward 1 District 3,State Assembly,115,Brent M. Davison,CON,7
Clinton,City of Plattsburgh Ward 1 District 3,State Assembly,115,Write-in,,0
Clinton,City of Plattsburgh Ward 1 District 3,State Assembly,115,Over Votes,,0
Clinton,City of Plattsburgh Ward 1 District 3,State Assembly,115,Under Votes,,1
Clinton,City of Plattsburgh Ward 2 District 1,State Assembly,115,Michael S. Cashman,DEM,187
Clinton,City of Plattsburgh Ward 2 District 1,State Assembly,115,Michael S. Cashman,WOR,21
Clinton,City of Plattsburgh Ward 2 District 1,State Assembly,115,Brent M. Davison,CON,12
Clinton,City of Plattsburgh Ward 2 District 1,State Assembly,115,Brent M. Davison,REP,89
Clinton,City of Plattsburgh Ward 2 District 1,State Assembly,115,Write-in,,0
Clinton,City of Plattsburgh Ward 2 District 1,State Assembly,115,Over Votes,,0
Clinton,City of Plattsburgh Ward 2 District 1,State Assembly,115,Under Votes,,1
Clinton,City of Plattsburgh Ward 2 District 2,State Assembly,115,Michael S. Cashman,WOR,7
Clinton,City of Plattsburgh Ward 2 District 2,State Assembly,115,Michael S. Cashman,DEM,68
Clinton,City of Plattsburgh Ward 2 District 2,State Assembly,115,Brent M. Davison,REP,30
Clinton,City of Plattsburgh Ward 2 District 2,State Assembly,115,Brent M. Davison,CON,5
Clinton,City of Plattsburgh Ward 2 District 2,State Assembly,115,Write-in,,0
Clinton,City of Plattsburgh Ward 2 District 2,State Assembly,115,Over Votes,,0
Clinton,City of Plattsburgh Ward 2 District 2,State Assembly,115,Under Votes,,0
Clinton,City of Plattsburgh Ward 3 District 1,State Assembly,115,Michael S. Cashman,WOR,24
Clinton,City of Plattsburgh Ward 3 District 1,State Assembly,115,Michael S. Cashman,DEM,249
Clinton,City of Plattsburgh Ward 3 District 1,State Assembly,115,Brent M. Davison,CON,12
Clinton,City of Plattsburgh Ward 3 District 1,State Assembly,115,Brent M. Davison,REP,141
Clinton,City of Plattsburgh Ward 3 District 1,State Assembly,115,Write-in,,0
Clinton,City of Plattsburgh Ward 3 District 1,State Assembly,115,Over Votes,,0
Clinton,City of Plattsburgh Ward 3 District 1,State Assembly,115,Under Votes,,2
Clinton,City of Plattsburgh Ward 3 District 2,State Assembly,115,Michael S. Cashman,DEM,289
Clinton,City of Plattsburgh Ward 3 District 2,State Assembly,115,Michael S. Cashman,WOR,25
Clinton,City of Plattsburgh Ward 3 District 2,State Assembly,115,Brent M. Davison,CON,16
Clinton,City of Plattsburgh Ward 3 District 2,State Assembly,115,Brent M. Davison,REP,120
Clinton,City of Plattsburgh Ward 3 District 2,State Assembly,115,Write-in,,0
Clinton,City of Plattsburgh Ward 3 District 2,State Assembly,115,Over Votes,,0
Clinton,City of Plattsburgh Ward 3 District 2,State Assembly,115,Under Votes,,1
Clinton,City of Plattsburgh Ward 4 District 1,State Assembly,115,Michael S. Cashman,WOR,38
Clinton,City of Plattsburgh Ward 4 District 1,State Assembly,115,Michael S. Cashman,DEM,309
Clinton,City of Plattsburgh Ward 4 District 1,State Assembly,115,Brent M. Davison,CON,16
Clinton,City of Plattsburgh Ward 4 District 1,State Assembly,115,Brent M. Davison,REP,122
Clinton,City of Plattsburgh Ward 4 District 1,State Assembly,115,Write-in,,0
Clinton,City of Plattsburgh Ward 4 District 1,State Assembly,115,Over Votes,,0
Clinton,City of Plattsburgh Ward 4 District 1,State Assembly,115,Under Votes,,7
Clinton,City of Plattsburgh Ward 4 District 2,State Assembly,115,Michael S. Cashman,DEM,347
Clinton,City of Plattsburgh Ward 4 District 2,State Assembly,115,Michael S. Cashman,WOR,24
Clinton,City of Plattsburgh Ward 4 District 2,State Assembly,115,Brent M. Davison,REP,137
Clinton,City of Plattsburgh Ward 4 District 2,State Assembly,115,Brent M. Davison,CON,19
Clinton,City of Plattsburgh Ward 4 District 2,State Assembly,115,Write-in,,0
Clinton,City of Plattsburgh Ward 4 District 2,State Assembly,115,Over Votes,,0
Clinton,City of Plattsburgh Ward 4 District 2,State Assembly,115,Under Votes,,4
Clinton,City of Plattsburgh Ward 5 District 1,State Assembly,115,Michael S. Cashman,DEM,179
Clinton,City of Plattsburgh Ward 5 District 1,State Assembly,115,Michael S. Cashman,WOR,27
Clinton,City of Plattsburgh Ward 5 District 1,State Assembly,115,Brent M. Davison,REP,58
Clinton,City of Plattsburgh Ward 5 District 1,State Assembly,115,Brent M. Davison,CON,4
Clinton,City of Plattsburgh Ward 5 District 1,State Assembly,115,Write-in,,0
Clinton,City of Plattsburgh Ward 5 District 1,State Assembly,115,Over Votes,,0
Clinton,City of Plattsburgh Ward 5 District 1,State Assembly,115,Under Votes,,5
Clinton,City of Plattsburgh Ward 5 District 2,State Assembly,115,Michael S. Cashman,WOR,38
Clinton,City of Plattsburgh Ward 5 District 2,State Assembly,115,Michael S. Cashman,DEM,319
Clinton,City of Plattsburgh Ward 5 District 2,State Assembly,115,Brent M. Davison,REP,107
Clinton,City of Plattsburgh Ward 5 District 2,State Assembly,115,Brent M. Davison,CON,15
Clinton,City of Plattsburgh Ward 5 District 2,State Assembly,115,Write-in,,0
Clinton,City of Plattsburgh Ward 5 District 2,State Assembly,115,Over Votes,,1
Clinton,City of Plattsburgh Ward 5 District 2,State Assembly,115,Under Votes,,0
Clinton,City of Plattsburgh Ward 6 District 1,State Assembly,115,Michael S. Cashman,DEM,192
Clinton,City of Plattsburgh Ward 6 District 1,State Assembly,115,Michael S. Cashman,WOR,29
Clinton,City of Plattsburgh Ward 6 District 1,State Assembly,115,Brent M. Davison,CON,8
Clinton,City of Plattsburgh Ward 6 District 1,State Assembly,115,Brent M. Davison,REP,46
Clinton,City of Plattsburgh Ward 6 District 1,State Assembly,115,Write-in,,0
Clinton,City of Plattsburgh Ward 6 District 1,State Assembly,115,Over Votes,,1
Clinton,City of Plattsburgh Ward 6 District 1,State Assembly,115,Under Votes,,1
Clinton,City of Plattsburgh Ward 6 District 2,State Assembly,115,Michael S. Cashman,DEM,126
Clinton,City of Plattsburgh Ward 6 District 2,State Assembly,115,Michael S. Cashman,WOR,15
Clinton,City of Plattsburgh Ward 6 District 2,State Assembly,115,Brent M. Davison,CON,7
Clinton,City of Plattsburgh Ward 6 District 2,State Assembly,115,Brent M. Davison,REP,35
Clinton,City of Plattsburgh Ward 6 District 2,State Assembly,115,Write-in,,0
Clinton,City of Plattsburgh Ward 6 District 2,State Assembly,115,Over Votes,,0
Clinton,City of Plattsburgh Ward 6 District 2,State Assembly,115,Under Votes,,0
Clinton,Town of Altona 1,State Assembly,115,Michael S. Cashman,DEM,257
Clinton,Town of Altona 1,State Assembly,115,Michael S. Cashman,WOR,44
Clinton,Town of Altona 1,State Assembly,115,Brent M. Davison,CON,34
Clinton,Town of Altona 1,State Assembly,115,Brent M. Davison,REP,496
Clinton,Town of Altona 1,State Assembly,115,Write-in,,1
Clinton,Town of Altona 1,State Assembly,115,Over Votes,,2
Clinton,Town of Altona 1,State Assembly,115,Under Votes,,9
Clinton,Town of AuSable 1,State Assembly,115,Michael S. Cashman,WOR,12
Clinton,Town of AuSable 1,State Assembly,115,Michael S. Cashman,DEM,144
Clinton,Town of AuSable 1,State Assembly,115,Brent M. Davison,CON,18
Clinton,Town of AuSable 1,State Assembly,115,Brent M. Davison,REP,196
Clinton,Town of AuSable 1,State Assembly,115,Write-in,,0
Clinton,Town of AuSable 1,State Assembly,115,Over Votes,,0
Clinton,Town of AuSable 1,State Assembly,115,Under Votes,,10
Clinton,Town of AuSable 2,State Assembly,115,Michael S. Cashman,WOR,19
Clinton,Town of AuSable 2,State Assembly,115,Michael S. Cashman,DEM,191
Clinton,Town of AuSable 2,State Assembly,115,Brent M. Davison,REP,153
Clinton,Town of AuSable 2,State Assembly,115,Brent M. Davison,CON,21
Clinton,Town of AuSable 2,State Assembly,115,Write-in,,0
Clinton,Town of AuSable 2,State Assembly,115,Over Votes,,1
Clinton,Town of AuSable 2,State Assembly,115,Under Votes,,1
Clinton,Town of Beekmantown 1,State Assembly,115,Michael S. Cashman,DEM,165
Clinton,Town of Beekmantown 1,State Assembly,115,Michael S. Cashman,WOR,13
Clinton,Town of Beekmantown 1,State Assembly,115,Brent M. Davison,REP,142
Clinton,Town of Beekmantown 1,State Assembly,115,Brent M. Davison,CON,21
Clinton,Town of Beekmantown 1,State Assembly,115,Write-in,,0
Clinton,Town of Beekmantown 1,State Assembly,115,Over Votes,,0
Clinton,Town of Beekmantown 1,State Assembly,115,Under Votes,,3
Clinton,Town of Beekmantown 2,State Assembly,115,Michael S. Cashman,DEM,150
Clinton,Town of Beekmantown 2,State Assembly,115,Michael S. Cashman,WOR,16
Clinton,Town of Beekmantown 2,State Assembly,115,Brent M. Davison,CON,20
Clinton,Town of Beekmantown 2,State Assembly,115,Brent M. Davison,REP,191
Clinton,Town of Beekmantown 2,State Assembly,115,Write-in,,0
Clinton,Town of Beekmantown 2,State Assembly,115,Over Votes,,0
Clinton,Town of Beekmantown 2,State Assembly,115,Under Votes,,5
Clinton,Town of Beekmantown 3,State Assembly,115,Michael S. Cashman,DEM,335
Clinton,Town of Beekmantown 3,State Assembly,115,Michael S. Cashman,WOR,20
Clinton,Town of Beekmantown 3,State Assembly,115,Brent M. Davison,CON,36
Clinton,Town of Beekmantown 3,State Assembly,115,Brent M. Davison,REP,247
Clinton,Town of Beekmantown 3,State Assembly,115,Write-in,,0
Clinton,Town of Beekmantown 3,State Assembly,115,Over Votes,,1
Clinton,Town of Beekmantown 3,State Assembly,115,Under Votes,,6
Clinton,Town of Beekmantown 4,State Assembly,115,Michael S. Cashman,WOR,27
Clinton,Town of Beekmantown 4,State Assembly,115,Michael S. Cashman,DEM,225
Clinton,Town of Beekmantown 4,State Assembly,115,Brent M. Davison,CON,29
Clinton,Town of Beekmantown 4,State Assembly,115,Brent M. Davison,REP,272
Clinton,Town of Beekmantown 4,State Assembly,115,Write-in,,0
Clinton,Town of Beekmantown 4,State Assembly,115,Over Votes,,1
Clinton,Town of Beekmantown 4,State Assembly,115,Under Votes,,3
Clinton,Town of Black Brook 1,State Assembly,115,Michael S. Cashman,WOR,14
Clinton,Town of Black Brook 1,State Assembly,115,Michael S. Cashman,DEM,120
Clinton,Town of Black Brook 1,State Assembly,115,Brent M. Davison,CON,18
Clinton,Town of Black Brook 1,State Assembly,115,Brent M. Davison,REP,223
Clinton,Town of Black Brook 1,State Assembly,115,Write-in,,0
Clinton,Town of Black Brook 1,State Assembly,115,Over Votes,,0
Clinton,Town of Black Brook 1,State Assembly,115,Under Votes,,3
Clinton,Town of Black Brook 2,State Assembly,115,Michael S. Cashman,WOR,7
Clinton,Town of Black Brook 2,State Assembly,115,Michael S. Cashman,DEM,56
Clinton,Town of Black Brook 2,State Assembly,115,Brent M. Davison,REP,82
Clinton,Town of Black Brook 2,State Assembly,115,Brent M. Davison,CON,7
Clinton,Town of Black Brook 2,State Assembly,115,Write-in,,0
Clinton,Town of Black Brook 2,State Assembly,115,Over Votes,,1
Clinton,Town of Black Brook 2,State Assembly,115,Under Votes,,1
Clinton,Town of Champlain 1,State Assembly,115,Michael S. Cashman,WOR,10
Clinton,Town of Champlain 1,State Assembly,115,Michael S. Cashman,DEM,211
Clinton,Town of Champlain 1,State Assembly,115,Brent M. Davison,REP,212
Clinton,Town of Champlain 1,State Assembly,115,Brent M. Davison,CON,26
Clinton,Town of Champlain 1,State Assembly,115,Write-in,,0
Clinton,Town of Champlain 1,State Assembly,115,Over Votes,,0
Clinton,Town of Champlain 1,State Assembly,115,Under Votes,,4
Clinton,Town of Champlain 2,State Assembly,115,Michael S. Cashman,DEM,277
Clinton,Town of Champlain 2,State Assembly,115,Michael S. Cashman,WOR,21
Clinton,Town of Champlain 2,State Assembly,115,Brent M. Davison,CON,27
Clinton,Town of Champlain 2,State Assembly,115,Brent M. Davison,REP,234
Clinton,Town of Champlain 2,State Assembly,115,Write-in,,0
Clinton,Town of Champlain 2,State Assembly,115,Over Votes,,0
Clinton,Town of Champlain 2,State Assembly,115,Under Votes,,4
Clinton,Town of Champlain 3,State Assembly,115,Michael S. Cashman,WOR,17
Clinton,Town of Champlain 3,State Assembly,115,Michael S. Cashman,DEM,229
Clinton,Town of Champlain 3,State Assembly,115,Brent M. Davison,REP,298
Clinton,Town of Champlain 3,State Assembly,115,Brent M. Davison,CON,28
Clinton,Town of Champlain 3,State Assembly,115,Write-in,,1
Clinton,Town of Champlain 3,State Assembly,115,Over Votes,,0
Clinton,Town of Champlain 3,State Assembly,115,Under Votes,,10
Clinton,Town of Chazy 1,State Assembly,115,Michael S. Cashman,WOR,18
Clinton,Town of Chazy 1,State Assembly,115,Michael S. Cashman,DEM,297
Clinton,Town of Chazy 1,State Assembly,115,Brent M. Davison,CON,34
Clinton,Town of Chazy 1,State Assembly,115,Brent M. Davison,REP,295
Clinton,Town of Chazy 1,State Assembly,115,Write-in,,0
Clinton,Town of Chazy 1,State Assembly,115,Over Votes,,0
Clinton,Town of Chazy 1,State Assembly,115,Under Votes,,4
Clinton,Town of Chazy 2,State Assembly,115,Michael S. Cashman,DEM,273
Clinton,Town of Chazy 2,State Assembly,115,Michael S. Cashman,WOR,30
Clinton,Town of Chazy 2,State Assembly,115,Brent M. Davison,CON,44
Clinton,Town of Chazy 2,State Assembly,115,Brent M. Davison,REP,311
Clinton,Town of Chazy 2,State Assembly,115,Write-in,,1
Clinton,Town of Chazy 2,State Assembly,115,Over Votes,,0
Clinton,Town of Chazy 2,State Assembly,115,Under Votes,,5
Clinton,Town of Clinton 1,State Assembly,115,Michael S. Cashman,WOR,5
Clinton,Town of Clinton 1,State Assembly,115,Michael S. Cashman,DEM,67
Clinton,Town of Clinton 1,State Assembly,115,Brent M. Davison,CON,12
Clinton,Town of Clinton 1,State Assembly,115,Brent M. Davison,REP,122
Clinton,Town of Clinton 1,State Assembly,115,Write-in,,0
Clinton,Town of Clinton 1,State Assembly,115,Over Votes,,0
Clinton,Town of Clinton 1,State Assembly,115,Under Votes,,3
Clinton,Town of Dannemora 1,State Assembly,115,Michael S. Cashman,WOR,2
Clinton,Town of Dannemora 1,State Assembly,115,Michael S. Cashman,DEM,50
Clinton,Town of Dannemora 1,State Assembly,115,Brent M. Davison,CON,5
Clinton,Town of Dannemora 1,State Assembly,115,Brent M. Davison,REP,68
Clinton,Town of Dannemora 1,State Assembly,115,Write-in,,0
Clinton,Town of Dannemora 1,State Assembly,115,Over Votes,,0
Clinton,Town of Dannemora 1,State Assembly,115,Under Votes,,1
Clinton,Town of Dannemora 2,State Assembly,115,Michael S. Cashman,DEM,87
Clinton,Town of Dannemora 2,State Assembly,115,Michael S. Cashman,WOR,6
Clinton,Town of Dannemora 2,State Assembly,115,Brent M. Davison,CON,7
Clinton,Town of Dannemora 2,State Assembly,115,Brent M. Davison,REP,139
Clinton,Town of Dannemora 2,State Assembly,115,Write-in,,0
Clinton,Town of Dannemora 2,State Assembly,115,Over Votes,,1
Clinton,Town of Dannemora 2,State Assembly,115,Under Votes,,2
Clinton,Town of Dannemora 3,State Assembly,115,Michael S. Cashman,DEM,58
Clinton,Town of Dannemora 3,State Assembly,115,Michael S. Cashman,WOR,7
Clinton,Town of Dannemora 3,State Assembly,115,Brent M. Davison,REP,99
Clinton,Town of Dannemora 3,State Assembly,115,Brent M. Davison,CON,7
Clinton,Town of Dannemora 3,State Assembly,115,Write-in,,2
Clinton,Town of Dannemora 3,State Assembly,115,Over Votes,,0
Clinton,Town of Dannemora 3,State Assembly,115,Under Votes,,3
Clinton,Town of Ellenburg 1,State Assembly,115,Michael S. Cashman,WOR,13
Clinton,Town of Ellenburg 1,State Assembly,115,Michael S. Cashman,DEM,210
Clinton,Town of Ellenburg 1,State Assembly,115,Brent M. Davison,CON,18
Clinton,Town of Ellenburg 1,State Assembly,115,Brent M. Davison,REP,360
Clinton,Town of Ellenburg 1,State Assembly,115,Write-in,,0
Clinton,Town of Ellenburg 1,State Assembly,115,Over Votes,,0
Clinton,Town of Ellenburg 1,State Assembly,115,Under Votes,,6
Clinton,Town of Mooers 1,State Assembly,115,Michael S. Cashman,DEM,204
Clinton,Town of Mooers 1,State Assembly,115,Michael S. Cashman,WOR,18
Clinton,Town of Mooers 1,State Assembly,115,Brent M. Davison,REP,369
Clinton,Town of Mooers 1,State Assembly,115,Brent M. Davison,CON,47
Clinton,Town of Mooers 1,State Assembly,115,Write-in,,0
Clinton,Town of Mooers 1,State Assembly,115,Over Votes,,1
Clinton,Town of Mooers 1,State Assembly,115,Under Votes,,4
Clinton,Town of Mooers 2,State Assembly,115,Michael S. Cashman,DEM,142
Clinton,Town of Mooers 2,State Assembly,115,Michael S. Cashman,WOR,11
Clinton,Town of Mooers 2,State Assembly,115,Brent M. Davison,REP,331
Clinton,Town of Mooers 2,State Assembly,115,Brent M. Davison,CON,36
Clinton,Town of Mooers 2,State Assembly,115,Write-in,,0
Clinton,Town of Mooers 2,State Assembly,115,Over Votes,,0
Clinton,Town of Mooers 2,State Assembly,115,Under Votes,,5
Clinton,Town of Peru 1,State Assembly,115,Michael S. Cashman,WOR,20
Clinton,Town of Peru 1,State Assembly,115,Michael S. Cashman,DEM,198
Clinton,Town of Peru 1,State Assembly,115,Brent M. Davison,CON,18
Clinton,Town of Peru 1,State Assembly,115,Brent M. Davison,REP,177
Clinton,Town of Peru 1,State Assembly,115,Write-in,,1
Clinton,Town of Peru 1,State Assembly,115,Over Votes,,1
Clinton,Town of Peru 1,State Assembly,115,Under Votes,,3
Clinton,Town of Peru 2,State Assembly,115,Michael S. Cashman,DEM,342
Clinton,Town of Peru 2,State Assembly,115,Michael S. Cashman,WOR,49
Clinton,Town of Peru 2,State Assembly,115,Brent M. Davison,CON,23
Clinton,Town of Peru 2,State Assembly,115,Brent M. Davison,REP,282
Clinton,Town of Peru 2,State Assembly,115,Write-in,,0
Clinton,Town of Peru 2,State Assembly,115,Over Votes,,0
Clinton,Town of Peru 2,State Assembly,115,Under Votes,,6
Clinton,Town of Peru 3,State Assembly,115,Michael S. Cashman,WOR,8
Clinton,Town of Peru 3,State Assembly,115,Michael S. Cashman,DEM,135
Clinton,Town of Peru 3,State Assembly,115,Brent M. Davison,REP,222
Clinton,Town of Peru 3,State Assembly,115,Brent M. Davison,CON,39
Clinton,Town of Peru 3,State Assembly,115,Write-in,,0
Clinton,Town of Peru 3,State Assembly,115,Over Votes,,1
Clinton,Town of Peru 3,State Assembly,115,Under Votes,,4
Clinton,Town of Peru 4,State Assembly,115,Michael S. Cashman,DEM,253
Clinton,Town of Peru 4,State Assembly,115,Michael S. Cashman,WOR,25
Clinton,Town of Peru 4,State Assembly,115,Brent M. Davison,CON,31
Clinton,Town of Peru 4,State Assembly,115,Brent M. Davison,REP,262
Clinton,Town of Peru 4,State Assembly,115,Write-in,,1
Clinton,Town of Peru 4,State Assembly,115,Over Votes,,0
Clinton,Town of Peru 4,State Assembly,115,Under Votes,,4
Clinton,Town of Plattsburgh 1,State Assembly,115,Michael S. Cashman,WOR,7
Clinton,Town of Plattsburgh 1,State Assembly,115,Michael S. Cashman,DEM,198
Clinton,Town of Plattsburgh 1,State Assembly,115,Brent M. Davison,CON,11
Clinton,Town of Plattsburgh 1,State Assembly,115,Brent M. Davison,REP,112
Clinton,Town of Plattsburgh 1,State Assembly,115,Write-in,,1
Clinton,Town of Plattsburgh 1,State Assembly,115,Over Votes,,0
Clinton,Town of Plattsburgh 1,State Assembly,115,Under Votes,,3
Clinton,Town of Plattsburgh 2,State Assembly,115,Michael S. Cashman,WOR,22
Clinton,Town of Plattsburgh 2,State Assembly,115,Michael S. Cashman,DEM,225
Clinton,Town of Plattsburgh 2,State Assembly,115,Brent M. Davison,CON,18
Clinton,Town of Plattsburgh 2,State Assembly,115,Brent M. Davison,REP,188
Clinton,Town of Plattsburgh 2,State Assembly,115,Write-in,,0
Clinton,Town of Plattsburgh 2,State Assembly,115,Over Votes,,1
Clinton,Town of Plattsburgh 2,State Assembly,115,Under Votes,,3
Clinton,Town of Plattsburgh 3,State Assembly,115,Michael S. Cashman,DEM,395
Clinton,Town of Plattsburgh 3,State Assembly,115,Michael S. Cashman,WOR,21
Clinton,Town of Plattsburgh 3,State Assembly,115,Brent M. Davison,CON,24
Clinton,Town of Plattsburgh 3,State Assembly,115,Brent M. Davison,REP,215
Clinton,Town of Plattsburgh 3,State Assembly,115,Write-in,,0
Clinton,Town of Plattsburgh 3,State Assembly,115,Over Votes,,0
Clinton,Town of Plattsburgh 3,State Assembly,115,Under Votes,,4
Clinton,Town of Plattsburgh 4,State Assembly,115,Michael S. Cashman,WOR,29
Clinton,Town of Plattsburgh 4,State Assembly,115,Michael S. Cashman,DEM,322
Clinton,Town of Plattsburgh 4,State Assembly,115,Brent M. Davison,CON,23
Clinton,Town of Plattsburgh 4,State Assembly,115,Brent M. Davison,REP,280
Clinton,Town of Plattsburgh 4,State Assembly,115,Write-in,,0
Clinton,Town of Plattsburgh 4,State Assembly,115,Over Votes,,0
Clinton,Town of Plattsburgh 4,State Assembly,115,Under Votes,,3
Clinton,Town of Plattsburgh 5,State Assembly,115,Michael S. Cashman,DEM,98
Clinton,Town of Plattsburgh 5,State Assembly,115,Michael S. Cashman,WOR,15
Clinton,Town of Plattsburgh 5,State Assembly,115,Brent M. Davison,CON,13
Clinton,Town of Plattsburgh 5,State Assembly,115,Brent M. Davison,REP,96
Clinton,Town of Plattsburgh 5,State Assembly,115,Write-in,,0
Clinton,Town of Plattsburgh 5,State Assembly,115,Over Votes,,0
Clinton,Town of Plattsburgh 5,State Assembly,115,Under Votes,,0
Clinton,Town of Plattsburgh 6,State Assembly,115,Michael S. Cashman,DEM,460
Clinton,Town of Plattsburgh 6,State Assembly,115,Michael S. Cashman,WOR,30
Clinton,Town of Plattsburgh 6,State Assembly,115,Brent M. Davison,CON,28
Clinton,Town of Plattsburgh 6,State Assembly,115,Brent M. Davison,REP,321
Clinton,Town of Plattsburgh 6,State Assembly,115,Write-in,,0
Clinton,Town of Plattsburgh 6,State Assembly,115,Over Votes,,0
Clinton,Town of Plattsburgh 6,State Assembly,115,Under Votes,,4
Clinton,Town of Plattsburgh 7,State Assembly,115,Michael S. Cashman,DEM,180
Clinton,Town of Plattsburgh 7,State Assembly,115,Michael S. Cashman,WOR,25
Clinton,Town of Plattsburgh 7,State Assembly,115,Brent M. Davison,CON,16
Clinton,Town of Plattsburgh 7,State Assembly,115,Brent M. Davison,REP,217
Clinton,Town of Plattsburgh 7,State Assembly,115,Write-in,,0
Clinton,Town of Plattsburgh 7,State Assembly,115,Over Votes,,0
Clinton,Town of Plattsburgh 7,State Assembly,115,Under Votes,,5
Clinton,Town of Saranac 1,State Assembly,115,Michael S. Cashman,WOR,20
Clinton,Town of Saranac 1,State Assembly,115,Michael S. Cashman,DEM,217
Clinton,Town of Saranac 1,State Assembly,115,Brent M. Davison,REP,358
Clinton,Town of Saranac 1,State Assembly,115,Brent M. Davison,CON,34
Clinton,Town of Saranac 1,State Assembly,115,Write-in,,1
Clinton,Town of Saranac 1,State Assembly,115,Over Votes,,1
Clinton,Town of Saranac 1,State Assembly,115,Under Votes,,5
Clinton,Town of Saranac 2,State Assembly,115,Michael S. Cashman,DEM,154
Clinton,Town of Saranac 2,State Assembly,115,Michael S. Cashman,WOR,14
Clinton,Town of Saranac 2,State Assembly,115,Brent M. Davison,CON,21
Clinton,Town of Saranac 2,State Assembly,115,Brent M. Davison,REP,236
Clinton,Town of Saranac 2,State Assembly,115,Write-in,,0
Clinton,Town of Saranac 2,State Assembly,115,Over Votes,,0
Clinton,Town of Saranac 2,State Assembly,115,Under Votes,,1
Clinton,Town of Saranac 3,State Assembly,115,Michael S. Cashman,DEM,148
Clinton,Town of Saranac 3,State Assembly,115,Michael S. Cashman,WOR,15
Clinton,Town of Saranac 3,State Assembly,115,Brent M. Davison,REP,182
Clinton,Town of Saranac 3,State Assembly,115,Brent M. Davison,CON,16
Clinton,Town of Saranac 3,State Assembly,115,Write-in,,0
Clinton,Town of Saranac 3,State Assembly,115,Over Votes,,0
Clinton,Town of Saranac 3,State Assembly,115,Under Votes,,1
Clinton,Town of Schuyler Falls 1,State Assembly,115,Michael S. Cashman,DEM,124
Clinton,Town of Schuyler Falls 1,State Assembly,115,Michael S. Cashman,WOR,7
Clinton,Town of Schuyler Falls 1,State Assembly,115,Brent M. Davison,REP,211
Clinton,Town of Schuyler Falls 1,State Assembly,115,Brent M. Davison,CON,16
Clinton,Town of Schuyler Falls 1,State Assembly,115,Write-in,,0
Clinton,Town of Schuyler Falls 1,State Assembly,115,Over Votes,,0
Clinton,Town of Schuyler Falls 1,State Assembly,115,Under Votes,,0
Clinton,Town of Schuyler Falls 2,State Assembly,115,Michael S. Cashman,WOR,19
Clinton,Town of Schuyler Falls 2,State Assembly,115,Michael S. Cashman,DEM,255
Clinton,Town of Schuyler Falls 2,State Assembly,115,Brent M. Davison,REP,248
Clinton,Town of Schuyler Falls 2,State Assembly,115,Brent M. Davison,CON,30
Clinton,Town of Schuyler Falls 2,State Assembly,115,Write-in,,0
Clinton,Town of Schuyler Falls 2,State Assembly,115,Over Votes,,0
Clinton,Town of Schuyler Falls 2,State Assembly,115,Under Votes,,1
Clinton,Town of Schuyler Falls 3,State Assembly,115,Michael S. Cashman,WOR,23
Clinton,Town of Schuyler Falls 3,State Assembly,115,Michael S. Cashman,DEM,207
Clinton,Town of Schuyler Falls 3,State Assembly,115,Brent M. Davison,REP,199
Clinton,Town of Schuyler Falls 3,State Assembly,115,Brent M. Davison,CON,19
Clinton,Town of Schuyler Falls 3,State Assembly,115,Write-in,,0
Clinton,Town of Schuyler Falls 3,State Assembly,115,Over Votes,,0
Clinton,Town of Schuyler Falls 3,State Assembly,115,Under Votes,,5
Clinton,City of Plattsburgh Ward 1 District 1,District Attorney,,Andrew Wylie,DEM,150
Clinton,City of Plattsburgh Ward 1 District 1,District Attorney,,Write-in,,1
Clinton,City of Plattsburgh Ward 1 District 1,District Attorney,,Over Votes,,0
Clinton,City of Plattsburgh Ward 1 District 1,District Attorney,,Under Votes,,29
Clinton,City of Plattsburgh Ward 1 District 2,District Attorney,,Andrew Wylie,DEM,419
Clinton,City of Plattsburgh Ward 1 District 2,District Attorney,,Write-in,,6
Clinton,City of Plattsburgh Ward 1 District 2,District Attorney,,Over Votes,,0
Clinton,City of Plattsburgh Ward 1 District 2,District Attorney,,Under Votes,,88
Clinton,City of Plattsburgh Ward 1 District 3,District Attorney,,Andrew Wylie,DEM,175
Clinton,City of Plattsburgh Ward 1 District 3,District Attorney,,Write-in,,2
Clinton,City of Plattsburgh Ward 1 District 3,District Attorney,,Over Votes,,0
Clinton,City of Plattsburgh Ward 1 District 3,District Attorney,,Under Votes,,43
Clinton,City of Plattsburgh Ward 2 District 1,District Attorney,,Andrew Wylie,DEM,244
Clinton,City of Plattsburgh Ward 2 District 1,District Attorney,,Write-in,,0
Clinton,City of Plattsburgh Ward 2 District 1,District Attorney,,Over Votes,,0
Clinton,City of Plattsburgh Ward 2 District 1,District Attorney,,Under Votes,,66
Clinton,City of Plattsburgh Ward 2 District 2,District Attorney,,Andrew Wylie,DEM,91
Clinton,City of Plattsburgh Ward 2 District 2,District Attorney,,Write-in,,5
Clinton,City of Plattsburgh Ward 2 District 2,District Attorney,,Over Votes,,0
Clinton,City of Plattsburgh Ward 2 District 2,District Attorney,,Under Votes,,14
Clinton,City of Plattsburgh Ward 3 District 1,District Attorney,,Andrew Wylie,DEM,333
Clinton,City of Plattsburgh Ward 3 District 1,District Attorney,,Write-in,,6
Clinton,City of Plattsburgh Ward 3 District 1,District Attorney,,Over Votes,,0
Clinton,City of Plattsburgh Ward 3 District 1,District Attorney,,Under Votes,,89
Clinton,City of Plattsburgh Ward 3 District 2,District Attorney,,Andrew Wylie,DEM,361
Clinton,City of Plattsburgh Ward 3 District 2,District Attorney,,Write-in,,5
Clinton,City of Plattsburgh Ward 3 District 2,District Attorney,,Over Votes,,0
Clinton,City of Plattsburgh Ward 3 District 2,District Attorney,,Under Votes,,85
Clinton,City of Plattsburgh Ward 4 District 1,District Attorney,,Andrew Wylie,DEM,395
Clinton,City of Plattsburgh Ward 4 District 1,District Attorney,,Write-in,,1
Clinton,City of Plattsburgh Ward 4 District 1,District Attorney,,Over Votes,,0
Clinton,City of Plattsburgh Ward 4 District 1,District Attorney,,Under Votes,,96
Clinton,City of Plattsburgh Ward 4 District 2,District Attorney,,Andrew Wylie,DEM,451
Clinton,City of Plattsburgh Ward 4 District 2,District Attorney,,Write-in,,4
Clinton,City of Plattsburgh Ward 4 District 2,District Attorney,,Over Votes,,0
Clinton,City of Plattsburgh Ward 4 District 2,District Attorney,,Under Votes,,76
Clinton,City of Plattsburgh Ward 5 District 1,District Attorney,,Andrew Wylie,DEM,224
Clinton,City of Plattsburgh Ward 5 District 1,District Attorney,,Write-in,,3
Clinton,City of Plattsburgh Ward 5 District 1,District Attorney,,Over Votes,,0
Clinton,City of Plattsburgh Ward 5 District 1,District Attorney,,Under Votes,,46
Clinton,City of Plattsburgh Ward 5 District 2,District Attorney,,Andrew Wylie,DEM,386
Clinton,City of Plattsburgh Ward 5 District 2,District Attorney,,Write-in,,7
Clinton,City of Plattsburgh Ward 5 District 2,District Attorney,,Over Votes,,0
Clinton,City of Plattsburgh Ward 5 District 2,District Attorney,,Under Votes,,87
Clinton,City of Plattsburgh Ward 6 District 1,District Attorney,,Andrew Wylie,DEM,221
Clinton,City of Plattsburgh Ward 6 District 1,District Attorney,,Write-in,,0
Clinton,City of Plattsburgh Ward 6 District 1,District Attorney,,Over Votes,,0
Clinton,City of Plattsburgh Ward 6 District 1,District Attorney,,Under Votes,,56
Clinton,City of Plattsburgh Ward 6 District 2,District Attorney,,Andrew Wylie,DEM,145
Clinton,City of Plattsburgh Ward 6 District 2,District Attorney,,Write-in,,2
Clinton,City of Plattsburgh Ward 6 District 2,District Attorney,,Over Votes,,0
Clinton,City of Plattsburgh Ward 6 District 2,District Attorney,,Under Votes,,36
Clinton,Town of Altona 1,District Attorney,,Andrew Wylie,DEM,525
Clinton,Town of Altona 1,District Attorney,,Write-in,,4
Clinton,Town of Altona 1,District Attorney,,Over Votes,,0
Clinton,Town of Altona 1,District Attorney,,Under Votes,,314
Clinton,Town of AuSable 1,District Attorney,,Andrew Wylie,DEM,233
Clinton,Town of AuSable 1,District Attorney,,Write-in,,3
Clinton,Town of AuSable 1,District Attorney,,Over Votes,,0
Clinton,Town of AuSable 1,District Attorney,,Under Votes,,144
Clinton,Town of AuSable 2,District Attorney,,Andrew Wylie,DEM,260
Clinton,Town of AuSable 2,District Attorney,,Write-in,,6
Clinton,Town of AuSable 2,District Attorney,,Over Votes,,0
Clinton,Town of AuSable 2,District Attorney,,Under Votes,,120
Clinton,Town of Beekmantown 1,District Attorney,,Andrew Wylie,DEM,248
Clinton,Town of Beekmantown 1,District Attorney,,Write-in,,2
Clinton,Town of Beekmantown 1,District Attorney,,Over Votes,,0
Clinton,Town of Beekmantown 1,District Attorney,,Under Votes,,94
Clinton,Town of Beekmantown 2,District Attorney,,Andrew Wylie,DEM,268
Clinton,Town of Beekmantown 2,District Attorney,,Write-in,,0
Clinton,Town of Beekmantown 2,District Attorney,,Over Votes,,0
Clinton,Town of Beekmantown 2,District Attorney,,Under Votes,,114
Clinton,Town of Beekmantown 3,District Attorney,,Andrew Wylie,DEM,490
Clinton,Town of Beekmantown 3,District Attorney,,Write-in,,4
Clinton,Town of Beekmantown 3,District Attorney,,Over Votes,,0
Clinton,Town of Beekmantown 3,District Attorney,,Under Votes,,151
Clinton,Town of Beekmantown 4,District Attorney,,Andrew Wylie,DEM,391
Clinton,Town of Beekmantown 4,District Attorney,,Write-in,,2
Clinton,Town of Beekmantown 4,District Attorney,,Over Votes,,0
Clinton,Town of Beekmantown 4,District Attorney,,Under Votes,,164
Clinton,Town of Black Brook 1,District Attorney,,Andrew Wylie,DEM,240
Clinton,Town of Black Brook 1,District Attorney,,Write-in,,2
Clinton,Town of Black Brook 1,District Attorney,,Over Votes,,0
Clinton,Town of Black Brook 1,District Attorney,,Under Votes,,136
Clinton,Town of Black Brook 2,District Attorney,,Andrew Wylie,DEM,98
Clinton,Town of Black Brook 2,District Attorney,,Write-in,,1
Clinton,Town of Black Brook 2,District Attorney,,Over Votes,,0
Clinton,Town of Black Brook 2,District Attorney,,Under Votes,,55
Clinton,Town of Champlain 1,District Attorney,,Andrew Wylie,DEM,311
Clinton,Town of Champlain 1,District Attorney,,Write-in,,3
Clinton,Town of Champlain 1,District Attorney,,Over Votes,,0
Clinton,Town of Champlain 1,District Attorney,,Under Votes,,149
Clinton,Town of Champlain 2,District Attorney,,Andrew Wylie,DEM,416
Clinton,Town of Champlain 2,District Attorney,,Write-in,,4
Clinton,Town of Champlain 2,District Attorney,,Over Votes,,0
Clinton,Town of Champlain 2,District Attorney,,Under Votes,,143
Clinton,Town of Champlain 3,District Attorney,,Andrew Wylie,DEM,409
Clinton,Town of Champlain 3,District Attorney,,Write-in,,3
Clinton,Town of Champlain 3,District Attorney,,Over Votes,,0
Clinton,Town of Champlain 3,District Attorney,,Under Votes,,171
Clinton,Town of Chazy 1,District Attorney,,Andrew Wylie,DEM,465
Clinton,Town of Chazy 1,District Attorney,,Write-in,,2
Clinton,Town of Chazy 1,District Attorney,,Over Votes,,0
Clinton,Town of Chazy 1,District Attorney,,Under Votes,,181
Clinton,Town of Chazy 2,District Attorney,,Andrew Wylie,DEM,471
Clinton,Town of Chazy 2,District Attorney,,Write-in,,4
Clinton,Town of Chazy 2,District Attorney,,Over Votes,,0
Clinton,Town of Chazy 2,District Attorney,,Under Votes,,189
Clinton,Town of Clinton 1,District Attorney,,Andrew Wylie,DEM,116
Clinton,Town of Clinton 1,District Attorney,,Write-in,,2
Clinton,Town of Clinton 1,District Attorney,,Over Votes,,0
Clinton,Town of Clinton 1,District Attorney,,Under Votes,,91
Clinton,Town of Dannemora 1,District Attorney,,Andrew Wylie,DEM,78
Clinton,Town of Dannemora 1,District Attorney,,Write-in,,0
Clinton,Town of Dannemora 1,District Attorney,,Over Votes,,0
Clinton,Town of Dannemora 1,District Attorney,,Under Votes,,48
Clinton,Town of Dannemora 2,District Attorney,,Andrew Wylie,DEM,155
Clinton,Town of Dannemora 2,District Attorney,,Write-in,,1
Clinton,Town of Dannemora 2,District Attorney,,Over Votes,,0
Clinton,Town of Dannemora 2,District Attorney,,Under Votes,,86
Clinton,Town of Dannemora 3,District Attorney,,Andrew Wylie,DEM,115
Clinton,Town of Dannemora 3,District Attorney,,Write-in,,2
Clinton,Town of Dannemora 3,District Attorney,,Over Votes,,0
Clinton,Town of Dannemora 3,District Attorney,,Under Votes,,59
Clinton,Town of Ellenburg 1,District Attorney,,Andrew Wylie,DEM,384
Clinton,Town of Ellenburg 1,District Attorney,,Write-in,,2
Clinton,Town of Ellenburg 1,District Attorney,,Over Votes,,0
Clinton,Town of Ellenburg 1,District Attorney,,Under Votes,,221
Clinton,Town of Mooers 1,District Attorney,,Andrew Wylie,DEM,451
Clinton,Town of Mooers 1,District Attorney,,Write-in,,1
Clinton,Town of Mooers 1,District Attorney,,Over Votes,,0
Clinton,Town of Mooers 1,District Attorney,,Under Votes,,191
Clinton,Town of Mooers 2,District Attorney,,Andrew Wylie,DEM,378
Clinton,Town of Mooers 2,District Attorney,,Write-in,,3
Clinton,Town of Mooers 2,District Attorney,,Over Votes,,0
Clinton,Town of Mooers 2,District Attorney,,Under Votes,,144
Clinton,Town of Peru 1,District Attorney,,Andrew Wylie,DEM,301
Clinton,Town of Peru 1,District Attorney,,Write-in,,2
Clinton,Town of Peru 1,District Attorney,,Over Votes,,0
Clinton,Town of Peru 1,District Attorney,,Under Votes,,115
Clinton,Town of Peru 2,District Attorney,,Andrew Wylie,DEM,494
Clinton,Town of Peru 2,District Attorney,,Write-in,,9
Clinton,Town of Peru 2,District Attorney,,Over Votes,,0
Clinton,Town of Peru 2,District Attorney,,Under Votes,,199
Clinton,Town of Peru 3,District Attorney,,Andrew Wylie,DEM,247
Clinton,Town of Peru 3,District Attorney,,Write-in,,0
Clinton,Town of Peru 3,District Attorney,,Over Votes,,0
Clinton,Town of Peru 3,District Attorney,,Under Votes,,162
Clinton,Town of Peru 4,District Attorney,,Andrew Wylie,DEM,398
Clinton,Town of Peru 4,District Attorney,,Write-in,,5
Clinton,Town of Peru 4,District Attorney,,Over Votes,,0
Clinton,Town of Peru 4,District Attorney,,Under Votes,,173
Clinton,Town of Plattsburgh 1,District Attorney,,Andrew Wylie,DEM,263
Clinton,Town of Plattsburgh 1,District Attorney,,Write-in,,2
Clinton,Town of Plattsburgh 1,District Attorney,,Over Votes,,0
Clinton,Town of Plattsburgh 1,District Attorney,,Under Votes,,67
Clinton,Town of Plattsburgh 2,District Attorney,,Andrew Wylie,DEM,330
Clinton,Town of Plattsburgh 2,District Attorney,,Write-in,,3
Clinton,Town of Plattsburgh 2,District Attorney,,Over Votes,,1
Clinton,Town of Plattsburgh 2,District Attorney,,Under Votes,,123
Clinton,Town of Plattsburgh 3,District Attorney,,Andrew Wylie,DEM,520
Clinton,Town of Plattsburgh 3,District Attorney,,Write-in,,1
Clinton,Town of Plattsburgh 3,District Attorney,,Over Votes,,0
Clinton,Town of Plattsburgh 3,District Attorney,,Under Votes,,138
Clinton,Town of Plattsburgh 4,District Attorney,,Andrew Wylie,DEM,475
Clinton,Town of Plattsburgh 4,District Attorney,,Write-in,,3
Clinton,Town of Plattsburgh 4,District Attorney,,Over Votes,,0
Clinton,Town of Plattsburgh 4,District Attorney,,Under Votes,,179
Clinton,Town of Plattsburgh 5,District Attorney,,Andrew Wylie,DEM,160
Clinton,Town of Plattsburgh 5,District Attorney,,Write-in,,1
Clinton,Town of Plattsburgh 5,District Attorney,,Over Votes,,0
Clinton,Town of Plattsburgh 5,District Attorney,,Under Votes,,61
Clinton,Town of Plattsburgh 6,District Attorney,,Andrew Wylie,DEM,624
Clinton,Town of Plattsburgh 6,District Attorney,,Write-in,,6
Clinton,Town of Plattsburgh 6,District Attorney,,Over Votes,,1
Clinton,Town of Plattsburgh 6,District Attorney,,Under Votes,,212
Clinton,Town of Plattsburgh 7,District Attorney,,Andrew Wylie,DEM,307
Clinton,Town of Plattsburgh 7,District Attorney,,Write-in,,4
Clinton,Town of Plattsburgh 7,District Attorney,,Over Votes,,0
Clinton,Town of Plattsburgh 7,District Attorney,,Under Votes,,132
Clinton,Town of Saranac 1,District Attorney,,Andrew Wylie,DEM,407
Clinton,Town of Saranac 1,District Attorney,,Write-in,,2
Clinton,Town of Saranac 1,District Attorney,,Over Votes,,1
Clinton,Town of Saranac 1,District Attorney,,Under Votes,,226
Clinton,Town of Saranac 2,District Attorney,,Andrew Wylie,DEM,278
Clinton,Town of Saranac 2,District Attorney,,Write-in,,5
Clinton,Town of Saranac 2,District Attorney,,Over Votes,,0
Clinton,Town of Saranac 2,District Attorney,,Under Votes,,143
Clinton,Town of Saranac 3,District Attorney,,Andrew Wylie,DEM,245
Clinton,Town of Saranac 3,District Attorney,,Write-in,,3
Clinton,Town of Saranac 3,District Attorney,,Over Votes,,0
Clinton,Town of Saranac 3,District Attorney,,Under Votes,,114
Clinton,Town of Schuyler Falls 1,District Attorney,,Andrew Wylie,DEM,215
Clinton,Town of Schuyler Falls 1,District Attorney,,Write-in,,2
Clinton,Town of Schuyler Falls 1,District Attorney,,Over Votes,,0
Clinton,Town of Schuyler Falls 1,District Attorney,,Under Votes,,141
Clinton,Town of Schuyler Falls 2,District Attorney,,Andrew Wylie,DEM,415
Clinton,Town of Schuyler Falls 2,District Attorney,,Write-in,,0
Clinton,Town of Schuyler Falls 2,District Attorney,,Over Votes,,0
Clinton,Town of Schuyler Falls 2,District Attorney,,Under Votes,,138
Clinton,Town of Schuyler Falls 3,District Attorney,,Andrew Wylie,DEM,319
Clinton,Town of Schuyler Falls 3,District Attorney,,Write-in,,0
Clinton,Town of Schuyler Falls 3,District Attorney,,Over Votes,,0
Clinton,Town of Schuyler Falls 3,District Attorney,,Under Votes,,134
Clinton,City of Plattsburgh Ward 1 District 1,Clerk,,Brandi Lloyd,WOR,9
Clinton,City of Plattsburgh Ward 1 District 1,Clerk,,Brandi Lloyd,DEM,112
Clinton,City of Plattsburgh Ward 1 District 1,Clerk,,Jerika Mae Manning,REP,49
Clinton,City of Plattsburgh Ward 1 District 1,Clerk,,Jerika Mae Manning,CON,6
Clinton,City of Plattsburgh Ward 1 District 1,Clerk,,Write-in,,0
Clinton,City of Plattsburgh Ward 1 District 1,Clerk,,Over Votes,,0
Clinton,City of Plattsburgh Ward 1 District 1,Clerk,,Under Votes,,4
Clinton,City of Plattsburgh Ward 1 District 2,Clerk,,Brandi Lloyd,DEM,335
Clinton,City of Plattsburgh Ward 1 District 2,Clerk,,Brandi Lloyd,WOR,30
Clinton,City of Plattsburgh Ward 1 District 2,Clerk,,Jerika Mae Manning,REP,123
Clinton,City of Plattsburgh Ward 1 District 2,Clerk,,Jerika Mae Manning,CON,18
Clinton,City of Plattsburgh Ward 1 District 2,Clerk,,Write-in,,0
Clinton,City of Plattsburgh Ward 1 District 2,Clerk,,Over Votes,,0
Clinton,City of Plattsburgh Ward 1 District 2,Clerk,,Under Votes,,7
Clinton,City of Plattsburgh Ward 1 District 3,Clerk,,Brandi Lloyd,WOR,10
Clinton,City of Plattsburgh Ward 1 District 3,Clerk,,Brandi Lloyd,DEM,139
Clinton,City of Plattsburgh Ward 1 District 3,Clerk,,Jerika Mae Manning,CON,7
Clinton,City of Plattsburgh Ward 1 District 3,Clerk,,Jerika Mae Manning,REP,63
Clinton,City of Plattsburgh Ward 1 District 3,Clerk,,Write-in,,0
Clinton,City of Plattsburgh Ward 1 District 3,Clerk,,Over Votes,,0
Clinton,City of Plattsburgh Ward 1 District 3,Clerk,,Under Votes,,1
Clinton,City of Plattsburgh Ward 2 District 1,Clerk,,Brandi Lloyd,WOR,20
Clinton,City of Plattsburgh Ward 2 District 1,Clerk,,Brandi Lloyd,DEM,185
Clinton,City of Plattsburgh Ward 2 District 1,Clerk,,Jerika Mae Manning,CON,9
Clinton,City of Plattsburgh Ward 2 District 1,Clerk,,Jerika Mae Manning,REP,92
Clinton,City of Plattsburgh Ward 2 District 1,Clerk,,Write-in,,0
Clinton,City of Plattsburgh Ward 2 District 1,Clerk,,Over Votes,,0
Clinton,City of Plattsburgh Ward 2 District 1,Clerk,,Under Votes,,4
Clinton,City of Plattsburgh Ward 2 District 2,Clerk,,Brandi Lloyd,WOR,4
Clinton,City of Plattsburgh Ward 2 District 2,Clerk,,Brandi Lloyd,DEM,67
Clinton,City of Plattsburgh Ward 2 District 2,Clerk,,Jerika Mae Manning,CON,8
Clinton,City of Plattsburgh Ward 2 District 2,Clerk,,Jerika Mae Manning,REP,29
Clinton,City of Plattsburgh Ward 2 District 2,Clerk,,Write-in,,0
Clinton,City of Plattsburgh Ward 2 District 2,Clerk,,Over Votes,,0
Clinton,City of Plattsburgh Ward 2 District 2,Clerk,,Under Votes,,2
Clinton,City of Plattsburgh Ward 3 District 1,Clerk,,Brandi Lloyd,WOR,23
Clinton,City of Plattsburgh Ward 3 District 1,Clerk,,Brandi Lloyd,DEM,240
Clinton,City of Plattsburgh Ward 3 District 1,Clerk,,Jerika Mae Manning,CON,20
Clinton,City of Plattsburgh Ward 3 District 1,Clerk,,Jerika Mae Manning,REP,138
Clinton,City of Plattsburgh Ward 3 District 1,Clerk,,Write-in,,0
Clinton,City of Plattsburgh Ward 3 District 1,Clerk,,Over Votes,,0
Clinton,City of Plattsburgh Ward 3 District 1,Clerk,,Under Votes,,7
Clinton,City of Plattsburgh Ward 3 District 2,Clerk,,Brandi Lloyd,WOR,29
Clinton,City of Plattsburgh Ward 3 District 2,Clerk,,Brandi Lloyd,DEM,289
Clinton,City of Plattsburgh Ward 3 District 2,Clerk,,Jerika Mae Manning,CON,12
Clinton,City of Plattsburgh Ward 3 District 2,Clerk,,Jerika Mae Manning,REP,115
Clinton,City of Plattsburgh Ward 3 District 2,Clerk,,Write-in,,0
Clinton,City of Plattsburgh Ward 3 District 2,Clerk,,Over Votes,,0
Clinton,City of Plattsburgh Ward 3 District 2,Clerk,,Under Votes,,6
Clinton,City of Plattsburgh Ward 4 District 1,Clerk,,Brandi Lloyd,DEM,299
Clinton,City of Plattsburgh Ward 4 District 1,Clerk,,Brandi Lloyd,WOR,37
Clinton,City of Plattsburgh Ward 4 District 1,Clerk,,Jerika Mae Manning,CON,20
Clinton,City of Plattsburgh Ward 4 District 1,Clerk,,Jerika Mae Manning,REP,125
Clinton,City of Plattsburgh Ward 4 District 1,Clerk,,Write-in,,0
Clinton,City of Plattsburgh Ward 4 District 1,Clerk,,Over Votes,,0
Clinton,City of Plattsburgh Ward 4 District 1,Clerk,,Under Votes,,11
Clinton,City of Plattsburgh Ward 4 District 2,Clerk,,Brandi Lloyd,WOR,27
Clinton,City of Plattsburgh Ward 4 District 2,Clerk,,Brandi Lloyd,DEM,328
Clinton,City of Plattsburgh Ward 4 District 2,Clerk,,Jerika Mae Manning,REP,154
Clinton,City of Plattsburgh Ward 4 District 2,Clerk,,Jerika Mae Manning,CON,18
Clinton,City of Plattsburgh Ward 4 District 2,Clerk,,Write-in,,0
Clinton,City of Plattsburgh Ward 4 District 2,Clerk,,Over Votes,,0
Clinton,City of Plattsburgh Ward 4 District 2,Clerk,,Under Votes,,4
Clinton,City of Plattsburgh Ward 5 District 1,Clerk,,Brandi Lloyd,WOR,25
Clinton,City of Plattsburgh Ward 5 District 1,Clerk,,Brandi Lloyd,DEM,179
Clinton,City of Plattsburgh Ward 5 District 1,Clerk,,Jerika Mae Manning,CON,5
Clinton,City of Plattsburgh Ward 5 District 1,Clerk,,Jerika Mae Manning,REP,61
Clinton,City of Plattsburgh Ward 5 District 1,Clerk,,Write-in,,0
Clinton,City of Plattsburgh Ward 5 District 1,Clerk,,Over Votes,,0
Clinton,City of Plattsburgh Ward 5 District 1,Clerk,,Under Votes,,3
Clinton,City of Plattsburgh Ward 5 District 2,Clerk,,Brandi Lloyd,WOR,39
Clinton,City of Plattsburgh Ward 5 District 2,Clerk,,Brandi Lloyd,DEM,315
Clinton,City of Plattsburgh Ward 5 District 2,Clerk,,Jerika Mae Manning,REP,105
Clinton,City of Plattsburgh Ward 5 District 2,Clerk,,Jerika Mae Manning,CON,15
Clinton,City of Plattsburgh Ward 5 District 2,Clerk,,Write-in,,0
Clinton,City of Plattsburgh Ward 5 District 2,Clerk,,Over Votes,,0
Clinton,City of Plattsburgh Ward 5 District 2,Clerk,,Under Votes,,6
Clinton,City of Plattsburgh Ward 6 District 1,Clerk,,Brandi Lloyd,DEM,179
Clinton,City of Plattsburgh Ward 6 District 1,Clerk,,Brandi Lloyd,WOR,29
Clinton,City of Plattsburgh Ward 6 District 1,Clerk,,Jerika Mae Manning,REP,54
Clinton,City of Plattsburgh Ward 6 District 1,Clerk,,Jerika Mae Manning,CON,9
Clinton,City of Plattsburgh Ward 6 District 1,Clerk,,Write-in,,0
Clinton,City of Plattsburgh Ward 6 District 1,Clerk,,Over Votes,,0
Clinton,City of Plattsburgh Ward 6 District 1,Clerk,,Under Votes,,6
Clinton,City of Plattsburgh Ward 6 District 2,Clerk,,Brandi Lloyd,DEM,124
Clinton,City of Plattsburgh Ward 6 District 2,Clerk,,Brandi Lloyd,WOR,10
Clinton,City of Plattsburgh Ward 6 District 2,Clerk,,Jerika Mae Manning,REP,38
Clinton,City of Plattsburgh Ward 6 District 2,Clerk,,Jerika Mae Manning,CON,7
Clinton,City of Plattsburgh Ward 6 District 2,Clerk,,Write-in,,0
Clinton,City of Plattsburgh Ward 6 District 2,Clerk,,Over Votes,,0
Clinton,City of Plattsburgh Ward 6 District 2,Clerk,,Under Votes,,4
Clinton,Town of Altona 1,Clerk,,Brandi Lloyd,WOR,44
Clinton,Town of Altona 1,Clerk,,Brandi Lloyd,DEM,284
Clinton,Town of Altona 1,Clerk,,Jerika Mae Manning,REP,454
Clinton,Town of Altona 1,Clerk,,Jerika Mae Manning,CON,41
Clinton,Town of Altona 1,Clerk,,Write-in,,0
Clinton,Town of Altona 1,Clerk,,Over Votes,,2
Clinton,Town of Altona 1,Clerk,,Under Votes,,18
Clinton,Town of AuSable 1,Clerk,,Brandi Lloyd,WOR,14
Clinton,Town of AuSable 1,Clerk,,Brandi Lloyd,DEM,148
Clinton,Town of AuSable 1,Clerk,,Jerika Mae Manning,CON,16
Clinton,Town of AuSable 1,Clerk,,Jerika Mae Manning,REP,190
Clinton,Town of AuSable 1,Clerk,,Write-in,,0
Clinton,Town of AuSable 1,Clerk,,Over Votes,,0
Clinton,Town of AuSable 1,Clerk,,Under Votes,,12
Clinton,Town of AuSable 2,Clerk,,Brandi Lloyd,DEM,178
Clinton,Town of AuSable 2,Clerk,,Brandi Lloyd,WOR,15
Clinton,Town of AuSable 2,Clerk,,Jerika Mae Manning,CON,25
Clinton,Town of AuSable 2,Clerk,,Jerika Mae Manning,REP,159
Clinton,Town of AuSable 2,Clerk,,Write-in,,0
Clinton,Town of AuSable 2,Clerk,,Over Votes,,0
Clinton,Town of AuSable 2,Clerk,,Under Votes,,9
Clinton,Town of Beekmantown 1,Clerk,,Brandi Lloyd,WOR,13
Clinton,Town of Beekmantown 1,Clerk,,Brandi Lloyd,DEM,155
Clinton,Town of Beekmantown 1,Clerk,,Jerika Mae Manning,CON,20
Clinton,Town of Beekmantown 1,Clerk,,Jerika Mae Manning,REP,149
Clinton,Town of Beekmantown 1,Clerk,,Write-in,,0
Clinton,Town of Beekmantown 1,Clerk,,Over Votes,,0
Clinton,Town of Beekmantown 1,Clerk,,Under Votes,,7
Clinton,Town of Beekmantown 2,Clerk,,Brandi Lloyd,DEM,154
Clinton,Town of Beekmantown 2,Clerk,,Brandi Lloyd,WOR,18
Clinton,Town of Beekmantown 2,Clerk,,Jerika Mae Manning,CON,13
Clinton,Town of Beekmantown 2,Clerk,,Jerika Mae Manning,REP,190
Clinton,Town of Beekmantown 2,Clerk,,Write-in,,0
Clinton,Town of Beekmantown 2,Clerk,,Over Votes,,0
Clinton,Town of Beekmantown 2,Clerk,,Under Votes,,7
Clinton,Town of Beekmantown 3,Clerk,,Brandi Lloyd,WOR,25
Clinton,Town of Beekmantown 3,Clerk,,Brandi Lloyd,DEM,343
Clinton,Town of Beekmantown 3,Clerk,,Jerika Mae Manning,REP,229
Clinton,Town of Beekmantown 3,Clerk,,Jerika Mae Manning,CON,27
Clinton,Town of Beekmantown 3,Clerk,,Write-in,,0
Clinton,Town of Beekmantown 3,Clerk,,Over Votes,,0
Clinton,Town of Beekmantown 3,Clerk,,Under Votes,,21
Clinton,Town of Beekmantown 4,Clerk,,Brandi Lloyd,WOR,25
Clinton,Town of Beekmantown 4,Clerk,,Brandi Lloyd,DEM,218
Clinton,Town of Beekmantown 4,Clerk,,Jerika Mae Manning,REP,275
Clinton,Town of Beekmantown 4,Clerk,,Jerika Mae Manning,CON,30
Clinton,Town of Beekmantown 4,Clerk,,Write-in,,0
Clinton,Town of Beekmantown 4,Clerk,,Over Votes,,0
Clinton,Town of Beekmantown 4,Clerk,,Under Votes,,9
Clinton,Town of Black Brook 1,Clerk,,Brandi Lloyd,WOR,10
Clinton,Town of Black Brook 1,Clerk,,Brandi Lloyd,DEM,111
Clinton,Town of Black Brook 1,Clerk,,Jerika Mae Manning,REP,227
Clinton,Town of Black Brook 1,Clerk,,Jerika Mae Manning,CON,14
Clinton,Town of Black Brook 1,Clerk,,Write-in,,1
Clinton,Town of Black Brook 1,Clerk,,Over Votes,,1
Clinton,Town of Black Brook 1,Clerk,,Under Votes,,14
Clinton,Town of Black Brook 2,Clerk,,Brandi Lloyd,DEM,67
Clinton,Town of Black Brook 2,Clerk,,Brandi Lloyd,WOR,4
Clinton,Town of Black Brook 2,Clerk,,Jerika Mae Manning,REP,72
Clinton,Town of Black Brook 2,Clerk,,Jerika Mae Manning,CON,6
Clinton,Town of Black Brook 2,Clerk,,Write-in,,0
Clinton,Town of Black Brook 2,Clerk,,Over Votes,,0
Clinton,Town of Black Brook 2,Clerk,,Under Votes,,5
Clinton,Town of Champlain 1,Clerk,,Brandi Lloyd,WOR,18
Clinton,Town of Champlain 1,Clerk,,Brandi Lloyd,DEM,217
Clinton,Town of Champlain 1,Clerk,,Jerika Mae Manning,CON,30
Clinton,Town of Champlain 1,Clerk,,Jerika Mae Manning,REP,192
Clinton,Town of Champlain 1,Clerk,,Write-in,,0
Clinton,Town of Champlain 1,Clerk,,Over Votes,,1
Clinton,Town of Champlain 1,Clerk,,Under Votes,,5
Clinton,Town of Champlain 2,Clerk,,Brandi Lloyd,WOR,31
Clinton,Town of Champlain 2,Clerk,,Brandi Lloyd,DEM,282
Clinton,Town of Champlain 2,Clerk,,Jerika Mae Manning,CON,20
Clinton,Town of Champlain 2,Clerk,,Jerika Mae Manning,REP,224
Clinton,Town of Champlain 2,Clerk,,Write-in,,0
Clinton,Town of Champlain 2,Clerk,,Over Votes,,0
Clinton,Town of Champlain 2,Clerk,,Under Votes,,6
Clinton,Town of Champlain 3,Clerk,,Brandi Lloyd,WOR,29
Clinton,Town of Champlain 3,Clerk,,Brandi Lloyd,DEM,260
Clinton,Town of Champlain 3,Clerk,,Jerika Mae Manning,CON,24
Clinton,Town of Champlain 3,Clerk,,Jerika Mae Manning,REP,252
Clinton,Town of Champlain 3,Clerk,,Write-in,,0
Clinton,Town of Champlain 3,Clerk,,Over Votes,,1
Clinton,Town of Champlain 3,Clerk,,Under Votes,,17
Clinton,Town of Chazy 1,Clerk,,Brandi Lloyd,WOR,33
Clinton,Town of Chazy 1,Clerk,,Brandi Lloyd,DEM,300
Clinton,Town of Chazy 1,Clerk,,Jerika Mae Manning,REP,277
Clinton,Town of Chazy 1,Clerk,,Jerika Mae Manning,CON,27
Clinton,Town of Chazy 1,Clerk,,Write-in,,1
Clinton,Town of Chazy 1,Clerk,,Over Votes,,0
Clinton,Town of Chazy 1,Clerk,,Under Votes,,10
Clinton,Town of Chazy 2,Clerk,,Brandi Lloyd,WOR,26
Clinton,Town of Chazy 2,Clerk,,Brandi Lloyd,DEM,275
Clinton,Town of Chazy 2,Clerk,,Jerika Mae Manning,REP,316
Clinton,Town of Chazy 2,Clerk,,Jerika Mae Manning,CON,37
Clinton,Town of Chazy 2,Clerk,,Write-in,,0
Clinton,Town of Chazy 2,Clerk,,Over Votes,,1
Clinton,Town of Chazy 2,Clerk,,Under Votes,,9
Clinton,Town of Clinton 1,Clerk,,Brandi Lloyd,DEM,79
Clinton,Town of Clinton 1,Clerk,,Brandi Lloyd,WOR,8
Clinton,Town of Clinton 1,Clerk,,Jerika Mae Manning,REP,101
Clinton,Town of Clinton 1,Clerk,,Jerika Mae Manning,CON,11
Clinton,Town of Clinton 1,Clerk,,Write-in,,0
Clinton,Town of Clinton 1,Clerk,,Over Votes,,0
Clinton,Town of Clinton 1,Clerk,,Under Votes,,10
Clinton,Town of Dannemora 1,Clerk,,Brandi Lloyd,DEM,50
Clinton,Town of Dannemora 1,Clerk,,Brandi Lloyd,WOR,2
Clinton,Town of Dannemora 1,Clerk,,Jerika Mae Manning,CON,8
Clinton,Town of Dannemora 1,Clerk,,Jerika Mae Manning,REP,64
Clinton,Town of Dannemora 1,Clerk,,Write-in,,0
Clinton,Town of Dannemora 1,Clerk,,Over Votes,,0
Clinton,Town of Dannemora 1,Clerk,,Under Votes,,2
Clinton,Town of Dannemora 2,Clerk,,Brandi Lloyd,DEM,79
Clinton,Town of Dannemora 2,Clerk,,Brandi Lloyd,WOR,7
Clinton,Town of Dannemora 2,Clerk,,Jerika Mae Manning,REP,139
Clinton,Town of Dannemora 2,Clerk,,Jerika Mae Manning,CON,10
Clinton,Town of Dannemora 2,Clerk,,Write-in,,0
Clinton,Town of Dannemora 2,Clerk,,Over Votes,,0
Clinton,Town of Dannemora 2,Clerk,,Under Votes,,7
Clinton,Town of Dannemora 3,Clerk,,Brandi Lloyd,WOR,7
Clinton,Town of Dannemora 3,Clerk,,Brandi Lloyd,DEM,69
Clinton,Town of Dannemora 3,Clerk,,Jerika Mae Manning,CON,8
Clinton,Town of Dannemora 3,Clerk,,Jerika Mae Manning,REP,90
Clinton,Town of Dannemora 3,Clerk,,Write-in,,0
Clinton,Town of Dannemora 3,Clerk,,Over Votes,,0
Clinton,Town of Dannemora 3,Clerk,,Under Votes,,2
Clinton,Town of Ellenburg 1,Clerk,,Brandi Lloyd,DEM,237
Clinton,Town of Ellenburg 1,Clerk,,Brandi Lloyd,WOR,19
Clinton,Town of Ellenburg 1,Clerk,,Jerika Mae Manning,CON,18
Clinton,Town of Ellenburg 1,Clerk,,Jerika Mae Manning,REP,319
Clinton,Town of Ellenburg 1,Clerk,,Write-in,,0
Clinton,Town of Ellenburg 1,Clerk,,Over Votes,,0
Clinton,Town of Ellenburg 1,Clerk,,Under Votes,,14
Clinton,Town of Mooers 1,Clerk,,Brandi Lloyd,WOR,41
Clinton,Town of Mooers 1,Clerk,,Brandi Lloyd,DEM,320
Clinton,Town of Mooers 1,Clerk,,Jerika Mae Manning,REP,234
Clinton,Town of Mooers 1,Clerk,,Jerika Mae Manning,CON,36
Clinton,Town of Mooers 1,Clerk,,Write-in,,0
Clinton,Town of Mooers 1,Clerk,,Over Votes,,1
Clinton,Town of Mooers 1,Clerk,,Under Votes,,11
Clinton,Town of Mooers 2,Clerk,,Brandi Lloyd,DEM,217
Clinton,Town of Mooers 2,Clerk,,Brandi Lloyd,WOR,33
Clinton,Town of Mooers 2,Clerk,,Jerika Mae Manning,REP,235
Clinton,Town of Mooers 2,Clerk,,Jerika Mae Manning,CON,25
Clinton,Town of Mooers 2,Clerk,,Write-in,,0
Clinton,Town of Mooers 2,Clerk,,Over Votes,,0
Clinton,Town of Mooers 2,Clerk,,Under Votes,,15
Clinton,Town of Peru 1,Clerk,,Brandi Lloyd,WOR,18
Clinton,Town of Peru 1,Clerk,,Brandi Lloyd,DEM,174
Clinton,Town of Peru 1,Clerk,,Jerika Mae Manning,REP,197
Clinton,Town of Peru 1,Clerk,,Jerika Mae Manning,CON,21
Clinton,Town of Peru 1,Clerk,,Write-in,,0
Clinton,Town of Peru 1,Clerk,,Over Votes,,1
Clinton,Town of Peru 1,Clerk,,Under Votes,,7
Clinton,Town of Peru 2,Clerk,,Brandi Lloyd,WOR,45
Clinton,Town of Peru 2,Clerk,,Brandi Lloyd,DEM,315
Clinton,Town of Peru 2,Clerk,,Jerika Mae Manning,CON,31
Clinton,Town of Peru 2,Clerk,,Jerika Mae Manning,REP,294
Clinton,Town of Peru 2,Clerk,,Write-in,,2
Clinton,Town of Peru 2,Clerk,,Over Votes,,0
Clinton,Town of Peru 2,Clerk,,Under Votes,,15
Clinton,Town of Peru 3,Clerk,,Brandi Lloyd,DEM,128
Clinton,Town of Peru 3,Clerk,,Brandi Lloyd,WOR,10
Clinton,Town of Peru 3,Clerk,,Jerika Mae Manning,REP,226
Clinton,Town of Peru 3,Clerk,,Jerika Mae Manning,CON,39
Clinton,Town of Peru 3,Clerk,,Write-in,,0
Clinton,Town of Peru 3,Clerk,,Over Votes,,0
Clinton,Town of Peru 3,Clerk,,Under Votes,,6
Clinton,Town of Peru 4,Clerk,,Brandi Lloyd,WOR,24
Clinton,Town of Peru 4,Clerk,,Brandi Lloyd,DEM,239
Clinton,Town of Peru 4,Clerk,,Jerika Mae Manning,CON,29
Clinton,Town of Peru 4,Clerk,,Jerika Mae Manning,REP,272
Clinton,Town of Peru 4,Clerk,,Write-in,,1
Clinton,Town of Peru 4,Clerk,,Over Votes,,0
Clinton,Town of Peru 4,Clerk,,Under Votes,,11
Clinton,Town of Plattsburgh 1,Clerk,,Brandi Lloyd,DEM,195
Clinton,Town of Plattsburgh 1,Clerk,,Brandi Lloyd,WOR,12
Clinton,Town of Plattsburgh 1,Clerk,,Jerika Mae Manning,CON,19
Clinton,Town of Plattsburgh 1,Clerk,,Jerika Mae Manning,REP,103
Clinton,Town of Plattsburgh 1,Clerk,,Write-in,,0
Clinton,Town of Plattsburgh 1,Clerk,,Over Votes,,0
Clinton,Town of Plattsburgh 1,Clerk,,Under Votes,,3
Clinton,Town of Plattsburgh 2,Clerk,,Brandi Lloyd,DEM,213
Clinton,Town of Plattsburgh 2,Clerk,,Brandi Lloyd,WOR,24
Clinton,Town of Plattsburgh 2,Clerk,,Jerika Mae Manning,REP,187
Clinton,Town of Plattsburgh 2,Clerk,,Jerika Mae Manning,CON,24
Clinton,Town of Plattsburgh 2,Clerk,,Write-in,,0
Clinton,Town of Plattsburgh 2,Clerk,,Over Votes,,1
Clinton,Town of Plattsburgh 2,Clerk,,Under Votes,,8
Clinton,Town of Plattsburgh 3,Clerk,,Brandi Lloyd,WOR,28
Clinton,Town of Plattsburgh 3,Clerk,,Brandi Lloyd,DEM,378
Clinton,Town of Plattsburgh 3,Clerk,,Jerika Mae Manning,REP,222
Clinton,Town of Plattsburgh 3,Clerk,,Jerika Mae Manning,CON,23
Clinton,Town of Plattsburgh 3,Clerk,,Write-in,,0
Clinton,Town of Plattsburgh 3,Clerk,,Over Votes,,0
Clinton,Town of Plattsburgh 3,Clerk,,Under Votes,,8
Clinton,Town of Plattsburgh 4,Clerk,,Brandi Lloyd,WOR,32
Clinton,Town of Plattsburgh 4,Clerk,,Brandi Lloyd,DEM,288
Clinton,Town of Plattsburgh 4,Clerk,,Jerika Mae Manning,REP,307
Clinton,Town of Plattsburgh 4,Clerk,,Jerika Mae Manning,CON,27
Clinton,Town of Plattsburgh 4,Clerk,,Write-in,,0
Clinton,Town of Plattsburgh 4,Clerk,,Over Votes,,0
Clinton,Town of Plattsburgh 4,Clerk,,Under Votes,,3
Clinton,Town of Plattsburgh 5,Clerk,,Brandi Lloyd,DEM,100
Clinton,Town of Plattsburgh 5,Clerk,,Brandi Lloyd,WOR,13
Clinton,Town of Plattsburgh 5,Clerk,,Jerika Mae Manning,REP,92
Clinton,Town of Plattsburgh 5,Clerk,,Jerika Mae Manning,CON,14
Clinton,Town of Plattsburgh 5,Clerk,,Write-in,,0
Clinton,Town of Plattsburgh 5,Clerk,,Over Votes,,0
Clinton,Town of Plattsburgh 5,Clerk,,Under Votes,,3
Clinton,Town of Plattsburgh 6,Clerk,,Brandi Lloyd,DEM,461
Clinton,Town of Plattsburgh 6,Clerk,,Brandi Lloyd,WOR,31
Clinton,Town of Plattsburgh 6,Clerk,,Jerika Mae Manning,REP,308
Clinton,Town of Plattsburgh 6,Clerk,,Jerika Mae Manning,CON,32
Clinton,Town of Plattsburgh 6,Clerk,,Write-in,,0
Clinton,Town of Plattsburgh 6,Clerk,,Over Votes,,0
Clinton,Town of Plattsburgh 6,Clerk,,Under Votes,,11
Clinton,Town of Plattsburgh 7,Clerk,,Brandi Lloyd,DEM,184
Clinton,Town of Plattsburgh 7,Clerk,,Brandi Lloyd,WOR,25
Clinton,Town of Plattsburgh 7,Clerk,,Jerika Mae Manning,CON,18
Clinton,Town of Plattsburgh 7,Clerk,,Jerika Mae Manning,REP,210
Clinton,Town of Plattsburgh 7,Clerk,,Write-in,,1
Clinton,Town of Plattsburgh 7,Clerk,,Over Votes,,0
Clinton,Town of Plattsburgh 7,Clerk,,Under Votes,,5
Clinton,Town of Saranac 1,Clerk,,Brandi Lloyd,WOR,27
Clinton,Town of Saranac 1,Clerk,,Brandi Lloyd,DEM,223
Clinton,Town of Saranac 1,Clerk,,Jerika Mae Manning,REP,342
Clinton,Town of Saranac 1,Clerk,,Jerika Mae Manning,CON,32
Clinton,Town of Saranac 1,Clerk,,Write-in,,2
Clinton,Town of Saranac 1,Clerk,,Over Votes,,1
Clinton,Town of Saranac 1,Clerk,,Under Votes,,9
Clinton,Town of Saranac 2,Clerk,,Brandi Lloyd,DEM,139
Clinton,Town of Saranac 2,Clerk,,Brandi Lloyd,WOR,14
Clinton,Town of Saranac 2,Clerk,,Jerika Mae Manning,REP,243
Clinton,Town of Saranac 2,Clerk,,Jerika Mae Manning,CON,22
Clinton,Town of Saranac 2,Clerk,,Write-in,,0
Clinton,Town of Saranac 2,Clerk,,Over Votes,,0
Clinton,Town of Saranac 2,Clerk,,Under Votes,,8
Clinton,Town of Saranac 3,Clerk,,Brandi Lloyd,WOR,15
Clinton,Town of Saranac 3,Clerk,,Brandi Lloyd,DEM,141
Clinton,Town of Saranac 3,Clerk,,Jerika Mae Manning,CON,16
Clinton,Town of Saranac 3,Clerk,,Jerika Mae Manning,REP,181
Clinton,Town of Saranac 3,Clerk,,Write-in,,1
Clinton,Town of Saranac 3,Clerk,,Over Votes,,0
Clinton,Town of Saranac 3,Clerk,,Under Votes,,8
Clinton,Town of Schuyler Falls 1,Clerk,,Brandi Lloyd,WOR,14
Clinton,Town of Schuyler Falls 1,Clerk,,Brandi Lloyd,DEM,120
Clinton,Town of Schuyler Falls 1,Clerk,,Jerika Mae Manning,CON,17
Clinton,Town of Schuyler Falls 1,Clerk,,Jerika Mae Manning,REP,205
Clinton,Town of Schuyler Falls 1,Clerk,,Write-in,,0
Clinton,Town of Schuyler Falls 1,Clerk,,Over Votes,,0
Clinton,Town of Schuyler Falls 1,Clerk,,Under Votes,,2
Clinton,Town of Schuyler Falls 2,Clerk,,Brandi Lloyd,WOR,18
Clinton,Town of Schuyler Falls 2,Clerk,,Brandi Lloyd,DEM,237
Clinton,Town of Schuyler Falls 2,Clerk,,Jerika Mae Manning,CON,39
Clinton,Town of Schuyler Falls 2,Clerk,,Jerika Mae Manning,REP,255
Clinton,Town of Schuyler Falls 2,Clerk,,Write-in,,0
Clinton,Town of Schuyler Falls 2,Clerk,,Over Votes,,0
Clinton,Town of Schuyler Falls 2,Clerk,,Under Votes,,4
Clinton,Town of Schuyler Falls 3,Clerk,,Brandi Lloyd,DEM,201
Clinton,Town of Schuyler Falls 3,Clerk,,Brandi Lloyd,WOR,24
Clinton,Town of Schuyler Falls 3,Clerk,,Jerika Mae Manning,REP,199
Clinton,Town of Schuyler Falls 3,Clerk,,Jerika Mae Manning,CON,21
Clinton,Town of Schuyler Falls 3,Clerk,,Write-in,,0
Clinton,Town of Schuyler Falls 3,Clerk,,Over Votes,,0
Clinton,Town of Schuyler Falls 3,Clerk,,Under Votes,,8
Clinton,City of Plattsburgh Ward 1 District 1,Treasurer,,Randy Lozier,DEM,118
Clinton,City of Plattsburgh Ward 1 District 1,Treasurer,,Chad H. Deans,CON,10
Clinton,City of Plattsburgh Ward 1 District 1,Treasurer,,Chad H. Deans,REP,46
Clinton,City of Plattsburgh Ward 1 District 1,Treasurer,,Write-in,,0
Clinton,City of Plattsburgh Ward 1 District 1,Treasurer,,Over Votes,,0
Clinton,City of Plattsburgh Ward 1 District 1,Treasurer,,Under Votes,,6
Clinton,City of Plattsburgh Ward 1 District 2,Treasurer,,Randy Lozier,DEM,355
Clinton,City of Plattsburgh Ward 1 District 2,Treasurer,,Chad H. Deans,CON,22
Clinton,City of Plattsburgh Ward 1 District 2,Treasurer,,Chad H. Deans,REP,119
Clinton,City of Plattsburgh Ward 1 District 2,Treasurer,,Write-in,,0
Clinton,City of Plattsburgh Ward 1 District 2,Treasurer,,Over Votes,,0
Clinton,City of Plattsburgh Ward 1 District 2,Treasurer,,Under Votes,,17
Clinton,City of Plattsburgh Ward 1 District 3,Treasurer,,Randy Lozier,DEM,145
Clinton,City of Plattsburgh Ward 1 District 3,Treasurer,,Chad H. Deans,CON,8
Clinton,City of Plattsburgh Ward 1 District 3,Treasurer,,Chad H. Deans,REP,61
Clinton,City of Plattsburgh Ward 1 District 3,Treasurer,,Write-in,,0
Clinton,City of Plattsburgh Ward 1 District 3,Treasurer,,Over Votes,,0
Clinton,City of Plattsburgh Ward 1 District 3,Treasurer,,Under Votes,,6
Clinton,City of Plattsburgh Ward 2 District 1,Treasurer,,Randy Lozier,DEM,202
Clinton,City of Plattsburgh Ward 2 District 1,Treasurer,,Chad H. Deans,CON,10
Clinton,City of Plattsburgh Ward 2 District 1,Treasurer,,Chad H. Deans,REP,89
Clinton,City of Plattsburgh Ward 2 District 1,Treasurer,,Write-in,,0
Clinton,City of Plattsburgh Ward 2 District 1,Treasurer,,Over Votes,,0
Clinton,City of Plattsburgh Ward 2 District 1,Treasurer,,Under Votes,,9
Clinton,City of Plattsburgh Ward 2 District 2,Treasurer,,Randy Lozier,DEM,70
Clinton,City of Plattsburgh Ward 2 District 2,Treasurer,,Chad H. Deans,REP,30
Clinton,City of Plattsburgh Ward 2 District 2,Treasurer,,Chad H. Deans,CON,6
Clinton,City of Plattsburgh Ward 2 District 2,Treasurer,,Write-in,,1
Clinton,City of Plattsburgh Ward 2 District 2,Treasurer,,Over Votes,,0
Clinton,City of Plattsburgh Ward 2 District 2,Treasurer,,Under Votes,,3
Clinton,City of Plattsburgh Ward 3 District 1,Treasurer,,Randy Lozier,DEM,273
Clinton,City of Plattsburgh Ward 3 District 1,Treasurer,,Chad H. Deans,CON,15
Clinton,City of Plattsburgh Ward 3 District 1,Treasurer,,Chad H. Deans,REP,128
Clinton,City of Plattsburgh Ward 3 District 1,Treasurer,,Write-in,,0
Clinton,City of Plattsburgh Ward 3 District 1,Treasurer,,Over Votes,,0
Clinton,City of Plattsburgh Ward 3 District 1,Treasurer,,Under Votes,,12
Clinton,City of Plattsburgh Ward 3 District 2,Treasurer,,Randy Lozier,DEM,291
Clinton,City of Plattsburgh Ward 3 District 2,Treasurer,,Chad H. Deans,CON,21
Clinton,City of Plattsburgh Ward 3 District 2,Treasurer,,Chad H. Deans,REP,125
Clinton,City of Plattsburgh Ward 3 District 2,Treasurer,,Write-in,,0
Clinton,City of Plattsburgh Ward 3 District 2,Treasurer,,Over Votes,,0
Clinton,City of Plattsburgh Ward 3 District 2,Treasurer,,Under Votes,,14
Clinton,City of Plattsburgh Ward 4 District 1,Treasurer,,Randy Lozier,DEM,329
Clinton,City of Plattsburgh Ward 4 District 1,Treasurer,,Chad H. Deans,CON,22
Clinton,City of Plattsburgh Ward 4 District 1,Treasurer,,Chad H. Deans,REP,112
Clinton,City of Plattsburgh Ward 4 District 1,Treasurer,,Write-in,,0
Clinton,City of Plattsburgh Ward 4 District 1,Treasurer,,Over Votes,,0
Clinton,City of Plattsburgh Ward 4 District 1,Treasurer,,Under Votes,,29
Clinton,City of Plattsburgh Ward 4 District 2,Treasurer,,Randy Lozier,DEM,340
Clinton,City of Plattsburgh Ward 4 District 2,Treasurer,,Chad H. Deans,REP,157
Clinton,City of Plattsburgh Ward 4 District 2,Treasurer,,Chad H. Deans,CON,18
Clinton,City of Plattsburgh Ward 4 District 2,Treasurer,,Write-in,,0
Clinton,City of Plattsburgh Ward 4 District 2,Treasurer,,Over Votes,,0
Clinton,City of Plattsburgh Ward 4 District 2,Treasurer,,Under Votes,,16
Clinton,City of Plattsburgh Ward 5 District 1,Treasurer,,Randy Lozier,DEM,197
Clinton,City of Plattsburgh Ward 5 District 1,Treasurer,,Chad H. Deans,REP,64
Clinton,City of Plattsburgh Ward 5 District 1,Treasurer,,Chad H. Deans,CON,6
Clinton,City of Plattsburgh Ward 5 District 1,Treasurer,,Write-in,,1
Clinton,City of Plattsburgh Ward 5 District 1,Treasurer,,Over Votes,,0
Clinton,City of Plattsburgh Ward 5 District 1,Treasurer,,Under Votes,,5
Clinton,City of Plattsburgh Ward 5 District 2,Treasurer,,Randy Lozier,DEM,341
Clinton,City of Plattsburgh Ward 5 District 2,Treasurer,,Chad H. Deans,REP,104
Clinton,City of Plattsburgh Ward 5 District 2,Treasurer,,Chad H. Deans,CON,18
Clinton,City of Plattsburgh Ward 5 District 2,Treasurer,,Write-in,,2
Clinton,City of Plattsburgh Ward 5 District 2,Treasurer,,Over Votes,,0
Clinton,City of Plattsburgh Ward 5 District 2,Treasurer,,Under Votes,,15
Clinton,City of Plattsburgh Ward 6 District 1,Treasurer,,Randy Lozier,DEM,211
Clinton,City of Plattsburgh Ward 6 District 1,Treasurer,,Chad H. Deans,CON,8
Clinton,City of Plattsburgh Ward 6 District 1,Treasurer,,Chad H. Deans,REP,48
Clinton,City of Plattsburgh Ward 6 District 1,Treasurer,,Write-in,,0
Clinton,City of Plattsburgh Ward 6 District 1,Treasurer,,Over Votes,,0
Clinton,City of Plattsburgh Ward 6 District 1,Treasurer,,Under Votes,,10
Clinton,City of Plattsburgh Ward 6 District 2,Treasurer,,Randy Lozier,DEM,133
Clinton,City of Plattsburgh Ward 6 District 2,Treasurer,,Chad H. Deans,CON,6
Clinton,City of Plattsburgh Ward 6 District 2,Treasurer,,Chad H. Deans,REP,37
Clinton,City of Plattsburgh Ward 6 District 2,Treasurer,,Write-in,,0
Clinton,City of Plattsburgh Ward 6 District 2,Treasurer,,Over Votes,,0
Clinton,City of Plattsburgh Ward 6 District 2,Treasurer,,Under Votes,,7
Clinton,Town of Altona 1,Treasurer,,Randy Lozier,DEM,300
Clinton,Town of Altona 1,Treasurer,,Chad H. Deans,CON,45
Clinton,Town of Altona 1,Treasurer,,Chad H. Deans,REP,445
Clinton,Town of Altona 1,Treasurer,,Write-in,,0
Clinton,Town of Altona 1,Treasurer,,Over Votes,,1
Clinton,Town of Altona 1,Treasurer,,Under Votes,,52
Clinton,Town of AuSable 1,Treasurer,,Randy Lozier,DEM,152
Clinton,Town of AuSable 1,Treasurer,,Chad H. Deans,CON,19
Clinton,Town of AuSable 1,Treasurer,,Chad H. Deans,REP,183
Clinton,Town of AuSable 1,Treasurer,,Write-in,,0
Clinton,Town of AuSable 1,Treasurer,,Over Votes,,0
Clinton,Town of AuSable 1,Treasurer,,Under Votes,,26
Clinton,Town of AuSable 2,Treasurer,,Randy Lozier,DEM,194
Clinton,Town of AuSable 2,Treasurer,,Chad H. Deans,CON,23
Clinton,Town of AuSable 2,Treasurer,,Chad H. Deans,REP,147
Clinton,Town of AuSable 2,Treasurer,,Write-in,,0
Clinton,Town of AuSable 2,Treasurer,,Over Votes,,0
Clinton,Town of AuSable 2,Treasurer,,Under Votes,,22
Clinton,Town of Beekmantown 1,Treasurer,,Randy Lozier,DEM,192
Clinton,Town of Beekmantown 1,Treasurer,,Chad H. Deans,CON,17
Clinton,Town of Beekmantown 1,Treasurer,,Chad H. Deans,REP,119
Clinton,Town of Beekmantown 1,Treasurer,,Write-in,,0
Clinton,Town of Beekmantown 1,Treasurer,,Over Votes,,0
Clinton,Town of Beekmantown 1,Treasurer,,Under Votes,,16
Clinton,Town of Beekmantown 2,Treasurer,,Randy Lozier,DEM,190
Clinton,Town of Beekmantown 2,Treasurer,,Chad H. Deans,CON,15
Clinton,Town of Beekmantown 2,Treasurer,,Chad H. Deans,REP,162
Clinton,Town of Beekmantown 2,Treasurer,,Write-in,,0
Clinton,Town of Beekmantown 2,Treasurer,,Over Votes,,0
Clinton,Town of Beekmantown 2,Treasurer,,Under Votes,,15
Clinton,Town of Beekmantown 3,Treasurer,,Randy Lozier,DEM,405
Clinton,Town of Beekmantown 3,Treasurer,,Chad H. Deans,REP,182
Clinton,Town of Beekmantown 3,Treasurer,,Chad H. Deans,CON,24
Clinton,Town of Beekmantown 3,Treasurer,,Write-in,,0
Clinton,Town of Beekmantown 3,Treasurer,,Over Votes,,1
Clinton,Town of Beekmantown 3,Treasurer,,Under Votes,,33
Clinton,Town of Beekmantown 4,Treasurer,,Randy Lozier,DEM,284
Clinton,Town of Beekmantown 4,Treasurer,,Chad H. Deans,REP,237
Clinton,Town of Beekmantown 4,Treasurer,,Chad H. Deans,CON,23
Clinton,Town of Beekmantown 4,Treasurer,,Write-in,,0
Clinton,Town of Beekmantown 4,Treasurer,,Over Votes,,0
Clinton,Town of Beekmantown 4,Treasurer,,Under Votes,,13
Clinton,Town of Black Brook 1,Treasurer,,Randy Lozier,DEM,129
Clinton,Town of Black Brook 1,Treasurer,,Chad H. Deans,CON,11
Clinton,Town of Black Brook 1,Treasurer,,Chad H. Deans,REP,206
Clinton,Town of Black Brook 1,Treasurer,,Write-in,,1
Clinton,Town of Black Brook 1,Treasurer,,Over Votes,,0
Clinton,Town of Black Brook 1,Treasurer,,Under Votes,,31
Clinton,Town of Black Brook 2,Treasurer,,Randy Lozier,DEM,66
Clinton,Town of Black Brook 2,Treasurer,,Chad H. Deans,CON,11
Clinton,Town of Black Brook 2,Treasurer,,Chad H. Deans,REP,70
Clinton,Town of Black Brook 2,Treasurer,,Write-in,,0
Clinton,Town of Black Brook 2,Treasurer,,Over Votes,,0
Clinton,Town of Black Brook 2,Treasurer,,Under Votes,,7
Clinton,Town of Champlain 1,Treasurer,,Randy Lozier,DEM,188
Clinton,Town of Champlain 1,Treasurer,,Chad H. Deans,CON,39
Clinton,Town of Champlain 1,Treasurer,,Chad H. Deans,REP,227
Clinton,Town of Champlain 1,Treasurer,,Write-in,,0
Clinton,Town of Champlain 1,Treasurer,,Over Votes,,0
Clinton,Town of Champlain 1,Treasurer,,Under Votes,,9
Clinton,Town of Champlain 2,Treasurer,,Randy Lozier,DEM,238
Clinton,Town of Champlain 2,Treasurer,,Chad H. Deans,CON,32
Clinton,Town of Champlain 2,Treasurer,,Chad H. Deans,REP,283
Clinton,Town of Champlain 2,Treasurer,,Write-in,,1
Clinton,Town of Champlain 2,Treasurer,,Over Votes,,1
Clinton,Town of Champlain 2,Treasurer,,Under Votes,,8
Clinton,Town of Champlain 3,Treasurer,,Randy Lozier,DEM,194
Clinton,Town of Champlain 3,Treasurer,,Chad H. Deans,CON,42
Clinton,Town of Champlain 3,Treasurer,,Chad H. Deans,REP,333
Clinton,Town of Champlain 3,Treasurer,,Write-in,,0
Clinton,Town of Champlain 3,Treasurer,,Over Votes,,0
Clinton,Town of Champlain 3,Treasurer,,Under Votes,,14
Clinton,Town of Chazy 1,Treasurer,,Randy Lozier,DEM,306
Clinton,Town of Chazy 1,Treasurer,,Chad H. Deans,CON,31
Clinton,Town of Chazy 1,Treasurer,,Chad H. Deans,REP,283
Clinton,Town of Chazy 1,Treasurer,,Write-in,,0
Clinton,Town of Chazy 1,Treasurer,,Over Votes,,0
Clinton,Town of Chazy 1,Treasurer,,Under Votes,,28
Clinton,Town of Chazy 2,Treasurer,,Randy Lozier,DEM,303
Clinton,Town of Chazy 2,Treasurer,,Chad H. Deans,CON,31
Clinton,Town of Chazy 2,Treasurer,,Chad H. Deans,REP,309
Clinton,Town of Chazy 2,Treasurer,,Write-in,,0
Clinton,Town of Chazy 2,Treasurer,,Over Votes,,1
Clinton,Town of Chazy 2,Treasurer,,Under Votes,,20
Clinton,Town of Clinton 1,Treasurer,,Randy Lozier,DEM,71
Clinton,Town of Clinton 1,Treasurer,,Chad H. Deans,CON,10
Clinton,Town of Clinton 1,Treasurer,,Chad H. Deans,REP,107
Clinton,Town of Clinton 1,Treasurer,,Write-in,,0
Clinton,Town of Clinton 1,Treasurer,,Over Votes,,0
Clinton,Town of Clinton 1,Treasurer,,Under Votes,,21
Clinton,Town of Dannemora 1,Treasurer,,Randy Lozier,DEM,54
Clinton,Town of Dannemora 1,Treasurer,,Chad H. Deans,REP,61
Clinton,Town of Dannemora 1,Treasurer,,Chad H. Deans,CON,8
Clinton,Town of Dannemora 1,Treasurer,,Write-in,,0
Clinton,Town of Dannemora 1,Treasurer,,Over Votes,,0
Clinton,Town of Dannemora 1,Treasurer,,Under Votes,,3
Clinton,Town of Dannemora 2,Treasurer,,Randy Lozier,DEM,98
Clinton,Town of Dannemora 2,Treasurer,,Chad H. Deans,CON,12
Clinton,Town of Dannemora 2,Treasurer,,Chad H. Deans,REP,117
Clinton,Town of Dannemora 2,Treasurer,,Write-in,,0
Clinton,Town of Dannemora 2,Treasurer,,Over Votes,,0
Clinton,Town of Dannemora 2,Treasurer,,Under Votes,,15
Clinton,Town of Dannemora 3,Treasurer,,Randy Lozier,DEM,76
Clinton,Town of Dannemora 3,Treasurer,,Chad H. Deans,CON,9
Clinton,Town of Dannemora 3,Treasurer,,Chad H. Deans,REP,82
Clinton,Town of Dannemora 3,Treasurer,,Write-in,,0
Clinton,Town of Dannemora 3,Treasurer,,Over Votes,,0
Clinton,Town of Dannemora 3,Treasurer,,Under Votes,,9
Clinton,Town of Ellenburg 1,Treasurer,,Randy Lozier,DEM,217
Clinton,Town of Ellenburg 1,Treasurer,,Chad H. Deans,REP,338
Clinton,Town of Ellenburg 1,Treasurer,,Chad H. Deans,CON,18
Clinton,Town of Ellenburg 1,Treasurer,,Write-in,,0
Clinton,Town of Ellenburg 1,Treasurer,,Over Votes,,0
Clinton,Town of Ellenburg 1,Treasurer,,Under Votes,,34
Clinton,Town of Mooers 1,Treasurer,,Randy Lozier,DEM,224
Clinton,Town of Mooers 1,Treasurer,,Chad H. Deans,REP,351
Clinton,Town of Mooers 1,Treasurer,,Chad H. Deans,CON,39
Clinton,Town of Mooers 1,Treasurer,,Write-in,,0
Clinton,Town of Mooers 1,Treasurer,,Over Votes,,1
Clinton,Town of Mooers 1,Treasurer,,Under Votes,,28
Clinton,Town of Mooers 2,Treasurer,,Randy Lozier,DEM,160
Clinton,Town of Mooers 2,Treasurer,,Chad H. Deans,REP,302
Clinton,Town of Mooers 2,Treasurer,,Chad H. Deans,CON,33
Clinton,Town of Mooers 2,Treasurer,,Write-in,,0
Clinton,Town of Mooers 2,Treasurer,,Over Votes,,0
Clinton,Town of Mooers 2,Treasurer,,Under Votes,,30
Clinton,Town of Peru 1,Treasurer,,Randy Lozier,DEM,197
Clinton,Town of Peru 1,Treasurer,,Chad H. Deans,REP,183
Clinton,Town of Peru 1,Treasurer,,Chad H. Deans,CON,18
Clinton,Town of Peru 1,Treasurer,,Write-in,,0
Clinton,Town of Peru 1,Treasurer,,Over Votes,,0
Clinton,Town of Peru 1,Treasurer,,Under Votes,,20
Clinton,Town of Peru 2,Treasurer,,Randy Lozier,DEM,358
Clinton,Town of Peru 2,Treasurer,,Chad H. Deans,CON,35
Clinton,Town of Peru 2,Treasurer,,Chad H. Deans,REP,279
Clinton,Town of Peru 2,Treasurer,,Write-in,,1
Clinton,Town of Peru 2,Treasurer,,Over Votes,,1
Clinton,Town of Peru 2,Treasurer,,Under Votes,,28
Clinton,Town of Peru 3,Treasurer,,Randy Lozier,DEM,137
Clinton,Town of Peru 3,Treasurer,,Chad H. Deans,CON,37
Clinton,Town of Peru 3,Treasurer,,Chad H. Deans,REP,221
Clinton,Town of Peru 3,Treasurer,,Write-in,,0
Clinton,Town of Peru 3,Treasurer,,Over Votes,,0
Clinton,Town of Peru 3,Treasurer,,Under Votes,,14
Clinton,Town of Peru 4,Treasurer,,Randy Lozier,DEM,247
Clinton,Town of Peru 4,Treasurer,,Chad H. Deans,CON,28
Clinton,Town of Peru 4,Treasurer,,Chad H. Deans,REP,276
Clinton,Town of Peru 4,Treasurer,,Write-in,,2
Clinton,Town of Peru 4,Treasurer,,Over Votes,,0
Clinton,Town of Peru 4,Treasurer,,Under Votes,,23
Clinton,Town of Plattsburgh 1,Treasurer,,Randy Lozier,DEM,208
Clinton,Town of Plattsburgh 1,Treasurer,,Chad H. Deans,REP,100
Clinton,Town of Plattsburgh 1,Treasurer,,Chad H. Deans,CON,15
Clinton,Town of Plattsburgh 1,Treasurer,,Write-in,,0
Clinton,Town of Plattsburgh 1,Treasurer,,Over Votes,,0
Clinton,Town of Plattsburgh 1,Treasurer,,Under Votes,,9
Clinton,Town of Plattsburgh 2,Treasurer,,Randy Lozier,DEM,241
Clinton,Town of Plattsburgh 2,Treasurer,,Chad H. Deans,REP,180
Clinton,Town of Plattsburgh 2,Treasurer,,Chad H. Deans,CON,17
Clinton,Town of Plattsburgh 2,Treasurer,,Write-in,,0
Clinton,Town of Plattsburgh 2,Treasurer,,Over Votes,,1
Clinton,Town of Plattsburgh 2,Treasurer,,Under Votes,,18
Clinton,Town of Plattsburgh 3,Treasurer,,Randy Lozier,DEM,390
Clinton,Town of Plattsburgh 3,Treasurer,,Chad H. Deans,CON,31
Clinton,Town of Plattsburgh 3,Treasurer,,Chad H. Deans,REP,214
Clinton,Town of Plattsburgh 3,Treasurer,,Write-in,,0
Clinton,Town of Plattsburgh 3,Treasurer,,Over Votes,,0
Clinton,Town of Plattsburgh 3,Treasurer,,Under Votes,,24
Clinton,Town of Plattsburgh 4,Treasurer,,Randy Lozier,DEM,324
Clinton,Town of Plattsburgh 4,Treasurer,,Chad H. Deans,REP,281
Clinton,Town of Plattsburgh 4,Treasurer,,Chad H. Deans,CON,26
Clinton,Town of Plattsburgh 4,Treasurer,,Write-in,,0
Clinton,Town of Plattsburgh 4,Treasurer,,Over Votes,,0
Clinton,Town of Plattsburgh 4,Treasurer,,Under Votes,,26
Clinton,Town of Plattsburgh 5,Treasurer,,Randy Lozier,DEM,117
Clinton,Town of Plattsburgh 5,Treasurer,,Chad H. Deans,CON,8
Clinton,Town of Plattsburgh 5,Treasurer,,Chad H. Deans,REP,85
Clinton,Town of Plattsburgh 5,Treasurer,,Write-in,,0
Clinton,Town of Plattsburgh 5,Treasurer,,Over Votes,,0
Clinton,Town of Plattsburgh 5,Treasurer,,Under Votes,,12
Clinton,Town of Plattsburgh 6,Treasurer,,Randy Lozier,DEM,532
Clinton,Town of Plattsburgh 6,Treasurer,,Chad H. Deans,REP,271
Clinton,Town of Plattsburgh 6,Treasurer,,Chad H. Deans,CON,23
Clinton,Town of Plattsburgh 6,Treasurer,,Write-in,,0
Clinton,Town of Plattsburgh 6,Treasurer,,Over Votes,,0
Clinton,Town of Plattsburgh 6,Treasurer,,Under Votes,,17
Clinton,Town of Plattsburgh 7,Treasurer,,Randy Lozier,DEM,211
Clinton,Town of Plattsburgh 7,Treasurer,,Chad H. Deans,CON,17
Clinton,Town of Plattsburgh 7,Treasurer,,Chad H. Deans,REP,199
Clinton,Town of Plattsburgh 7,Treasurer,,Write-in,,0
Clinton,Town of Plattsburgh 7,Treasurer,,Over Votes,,0
Clinton,Town of Plattsburgh 7,Treasurer,,Under Votes,,16
Clinton,Town of Saranac 1,Treasurer,,Randy Lozier,DEM,225
Clinton,Town of Saranac 1,Treasurer,,Chad H. Deans,REP,357
Clinton,Town of Saranac 1,Treasurer,,Chad H. Deans,CON,33
Clinton,Town of Saranac 1,Treasurer,,Write-in,,0
Clinton,Town of Saranac 1,Treasurer,,Over Votes,,1
Clinton,Town of Saranac 1,Treasurer,,Under Votes,,20
Clinton,Town of Saranac 2,Treasurer,,Randy Lozier,DEM,141
Clinton,Town of Saranac 2,Treasurer,,Chad H. Deans,CON,25
Clinton,Town of Saranac 2,Treasurer,,Chad H. Deans,REP,243
Clinton,Town of Saranac 2,Treasurer,,Write-in,,0
Clinton,Town of Saranac 2,Treasurer,,Over Votes,,0
Clinton,Town of Saranac 2,Treasurer,,Under Votes,,17
Clinton,Town of Saranac 3,Treasurer,,Randy Lozier,DEM,159
Clinton,Town of Saranac 3,Treasurer,,Chad H. Deans,REP,163
Clinton,Town of Saranac 3,Treasurer,,Chad H. Deans,CON,23
Clinton,Town of Saranac 3,Treasurer,,Write-in,,0
Clinton,Town of Saranac 3,Treasurer,,Over Votes,,0
Clinton,Town of Saranac 3,Treasurer,,Under Votes,,17
Clinton,Town of Schuyler Falls 1,Treasurer,,Randy Lozier,DEM,130
Clinton,Town of Schuyler Falls 1,Treasurer,,Chad H. Deans,REP,200
Clinton,Town of Schuyler Falls 1,Treasurer,,Chad H. Deans,CON,12
Clinton,Town of Schuyler Falls 1,Treasurer,,Write-in,,0
Clinton,Town of Schuyler Falls 1,Treasurer,,Over Votes,,0
Clinton,Town of Schuyler Falls 1,Treasurer,,Under Votes,,16
Clinton,Town of Schuyler Falls 2,Treasurer,,Randy Lozier,DEM,247
Clinton,Town of Schuyler Falls 2,Treasurer,,Chad H. Deans,REP,248
Clinton,Town of Schuyler Falls 2,Treasurer,,Chad H. Deans,CON,34
Clinton,Town of Schuyler Falls 2,Treasurer,,Write-in,,0
Clinton,Town of Schuyler Falls 2,Treasurer,,Over Votes,,0
Clinton,Town of Schuyler Falls 2,Treasurer,,Under Votes,,24
Clinton,Town of Schuyler Falls 3,Treasurer,,Randy Lozier,DEM,213
Clinton,Town of Schuyler Falls 3,Treasurer,,Chad H. Deans,CON,21
Clinton,Town of Schuyler Falls 3,Treasurer,,Chad H. Deans,REP,202
Clinton,Town of Schuyler Falls 3,Treasurer,,Write-in,,0
Clinton,Town of Schuyler Falls 3,Treasurer,,Over Votes,,0
Clinton,Town of Schuyler Falls 3,Treasurer,,Under Votes,,17
Clinton,Town of Altona 1,County Legislature,2,Deryl Gregory,WOR,44
Clinton,Town of Altona 1,County Legislature,2,Deryl Gregory,DEM,299
Clinton,Town of Altona 1,County Legislature,2,Francis Peryea,REP,433
Clinton,Town of Altona 1,County Legislature,2,Francis Peryea,CON,43
Clinton,Town of Altona 1,County Legislature,2,Write-in,,0
Clinton,Town of Altona 1,County Legislature,2,Over Votes,,2
Clinton,Town of Altona 1,County Legislature,2,Under Votes,,22
Clinton,Town of Clinton 1,County Legislature,2,Deryl Gregory,DEM,79
Clinton,Town of Clinton 1,County Legislature,2,Deryl Gregory,WOR,9
Clinton,Town of Clinton 1,County Legislature,2,Francis Peryea,CON,7
Clinton,Town of Clinton 1,County Legislature,2,Francis Peryea,REP,105
Clinton,Town of Clinton 1,County Legislature,2,Write-in,,0
Clinton,Town of Clinton 1,County Legislature,2,Over Votes,,0
Clinton,Town of Clinton 1,County Legislature,2,Under Votes,,9
Clinton,Town of Dannemora 2,County Legislature,2,Deryl Gregory,DEM,87
Clinton,Town of Dannemora 2,County Legislature,2,Deryl Gregory,WOR,5
Clinton,Town of Dannemora 2,County Legislature,2,Francis Peryea,REP,127
Clinton,Town of Dannemora 2,County Legislature,2,Francis Peryea,CON,15
Clinton,Town of Dannemora 2,County Legislature,2,Write-in,,0
Clinton,Town of Dannemora 2,County Legislature,2,Over Votes,,0
Clinton,Town of Dannemora 2,County Legislature,2,Under Votes,,8
Clinton,Town of Dannemora 3,County Legislature,2,Deryl Gregory,DEM,73
Clinton,Town of Dannemora 3,County Legislature,2,Deryl Gregory,WOR,10
Clinton,Town of Dannemora 3,County Legislature,2,Francis Peryea,REP,83
Clinton,Town of Dannemora 3,County Legislature,2,Francis Peryea,CON,6
Clinton,Town of Dannemora 3,County Legislature,2,Write-in,,0
Clinton,Town of Dannemora 3,County Legislature,2,Over Votes,,0
Clinton,Town of Dannemora 3,County Legislature,2,Under Votes,,4
Clinton,Town of Ellenburg 1,County Legislature,2,Deryl Gregory,WOR,24
Clinton,Town of Ellenburg 1,County Legislature,2,Deryl Gregory,DEM,282
Clinton,Town of Ellenburg 1,County Legislature,2,Francis Peryea,CON,18
Clinton,Town of Ellenburg 1,County Legislature,2,Francis Peryea,REP,273
Clinton,Town of Ellenburg 1,County Legislature,2,Write-in,,0
Clinton,Town of Ellenburg 1,County Legislature,2,Over Votes,,0
Clinton,Town of Ellenburg 1,County Legislature,2,Under Votes,,10
Clinton,Town of Mooers 2,County Legislature,2,Deryl Gregory,DEM,155
Clinton,Town of Mooers 2,County Legislature,2,Deryl Gregory,WOR,25
Clinton,Town of Mooers 2,County Legislature,2,Francis Peryea,CON,30
Clinton,Town of Mooers 2,County Legislature,2,Francis Peryea,REP,293
Clinton,Town of Mooers 2,County Legislature,2,Write-in,,0
Clinton,Town of Mooers 2,County Legislature,2,Over Votes,,0
Clinton,Town of Mooers 2,County Legislature,2,Under Votes,,22
Clinton,Town of Beekmantown 3,County Legislature,4,David Bezio,DEM,440
Clinton,Town of Beekmantown 3,County Legislature,4,Ed Kirby,REP,179
Clinton,Town of Beekmantown 3,County Legislature,4,Write-in,,0
Clinton,Town of Beekmantown 3,County Legislature,4,Over Votes,,0
Clinton,Town of Beekmantown 3,County Legislature,4,Under Votes,,26
Clinton,Town of Plattsburgh 1,County Legislature,4,David Bezio,DEM,220
Clinton,Town of Plattsburgh 1,County Legislature,4,Ed Kirby,REP,104
Clinton,Town of Plattsburgh 1,County Legislature,4,Write-in,,0
Clinton,Town of Plattsburgh 1,County Legislature,4,Over Votes,,0
Clinton,Town of Plattsburgh 1,County Legislature,4,Under Votes,,8
Clinton,Town of Plattsburgh 2,County Legislature,4,David Bezio,DEM,227
Clinton,Town of Plattsburgh 2,County Legislature,4,Ed Kirby,REP,211
Clinton,Town of Plattsburgh 2,County Legislature,4,Write-in,,0
Clinton,Town of Plattsburgh 2,County Legislature,4,Over Votes,,1
Clinton,Town of Plattsburgh 2,County Legislature,4,Under Votes,,18
Clinton,Town of Plattsburgh 6,County Legislature,4,David Bezio,DEM,530
Clinton,Town of Plattsburgh 6,County Legislature,4,Ed Kirby,REP,285
Clinton,Town of Plattsburgh 6,County Legislature,4,Write-in,,0
Clinton,Town of Plattsburgh 6,County Legislature,4,Over Votes,,0
Clinton,Town of Plattsburgh 6,County Legislature,4,Under Votes,,28
Clinton,Town of Plattsburgh 7,County Legislature,4,David Bezio,DEM,231
Clinton,Town of Plattsburgh 7,County Legislature,4,Ed Kirby,REP,195
Clinton,Town of Plattsburgh 7,County Legislature,4,Write-in,,1
Clinton,Town of Plattsburgh 7,County Legislature,4,Over Votes,,0
Clinton,Town of Plattsburgh 7,County Legislature,4,Under Votes,,16
Clinton,Town of Black Brook 1,County Legislature,6,Jessie Furnia,DEM,161
Clinton,Town of Black Brook 1,County Legislature,6,Jennifer Facteau Rabideau,CON,13
Clinton,Town of Black Brook 1,County Legislature,6,Jennifer Facteau Rabideau,REP,192
Clinton,Town of Black Brook 1,County Legislature,6,Write-in,,0
Clinton,Town of Black Brook 1,County Legislature,6,Over Votes,,0
Clinton,Town of Black Brook 1,County Legislature,6,Under Votes,,12
Clinton,Town of Black Brook 2,County Legislature,6,Jessie Furnia,DEM,73
Clinton,Town of Black Brook 2,County Legislature,6,Jennifer Facteau Rabideau,REP,68
Clinton,Town of Black Brook 2,County Legislature,6,Jennifer Facteau Rabideau,CON,8
Clinton,Town of Black Brook 2,County Legislature,6,Write-in,,0
Clinton,Town of Black Brook 2,County Legislature,6,Over Votes,,0
Clinton,Town of Black Brook 2,County Legislature,6,Under Votes,,5
Clinton,Town of Dannemora 1,County Legislature,6,Jessie Furnia,DEM,44
Clinton,Town of Dannemora 1,County Legislature,6,Jennifer Facteau Rabideau,REP,67
Clinton,Town of Dannemora 1,County Legislature,6,Jennifer Facteau Rabideau,CON,12
Clinton,Town of Dannemora 1,County Legislature,6,Write-in,,0
Clinton,Town of Dannemora 1,County Legislature,6,Over Votes,,0
Clinton,Town of Dannemora 1,County Legislature,6,Under Votes,,3
Clinton,Town of Plattsburgh 4,County Legislature,6,Jessie Furnia,DEM,295
Clinton,Town of Plattsburgh 4,County Legislature,6,Jennifer Facteau Rabideau,REP,318
Clinton,Town of Plattsburgh 4,County Legislature,6,Jennifer Facteau Rabideau,CON,30
Clinton,Town of Plattsburgh 4,County Legislature,6,Write-in,,0
Clinton,Town of Plattsburgh 4,County Legislature,6,Over Votes,,0
Clinton,Town of Plattsburgh 4,County Legislature,6,Under Votes,,14
Clinton,Town of Saranac 1,County Legislature,6,Jessie Furnia,DEM,199
Clinton,Town of Saranac 1,County Legislature,6,Jennifer Facteau Rabideau,REP,385
Clinton,Town of Saranac 1,County Legislature,6,Jennifer Facteau Rabideau,CON,43
Clinton,Town of Saranac 1,County Legislature,6,Write-in,,0
Clinton,Town of Saranac 1,County Legislature,6,Over Votes,,1
Clinton,Town of Saranac 1,County Legislature,6,Under Votes,,8
Clinton,Town of Saranac 2,County Legislature,6,Jessie Furnia,DEM,142
Clinton,Town of Saranac 2,County Legislature,6,Jennifer Facteau Rabideau,REP,251
Clinton,Town of Saranac 2,County Legislature,6,Jennifer Facteau Rabideau,CON,23
Clinton,Town of Saranac 2,County Legislature,6,Write-in,,0
Clinton,Town of Saranac 2,County Legislature,6,Over Votes,,0
Clinton,Town of Saranac 2,County Legislature,6,Under Votes,,10
Clinton,Town of Saranac 3,County Legislature,6,Jessie Furnia,DEM,135
Clinton,Town of Saranac 3,County Legislature,6,Jennifer Facteau Rabideau,CON,25
Clinton,Town of Saranac 3,County Legislature,6,Jennifer Facteau Rabideau,REP,194
Clinton,Town of Saranac 3,County Legislature,6,Write-in,,1
Clinton,Town of Saranac 3,County Legislature,6,Over Votes,,0
Clinton,Town of Saranac 3,County Legislature,6,Under Votes,,7
Clinton,City of Plattsburgh Ward 1 District 1,County Legislature,8,Ron Deragon,DEM,129
Clinton,City of Plattsburgh Ward 1 District 1,County Legislature,8,Ron Deragon,WOR,22
Clinton,City of Plattsburgh Ward 1 District 1,County Legislature,8,Write-in,,0
Clinton,City of Plattsburgh Ward 1 District 1,County Legislature,8,Over Votes,,0
Clinton,City of Plattsburgh Ward 1 District 1,County Legislature,8,Under Votes,,29
Clinton,City of Plattsburgh Ward 1 District 2,County Legislature,8,Ron Deragon,DEM,377
Clinton,City of Plattsburgh Ward 1 District 2,County Legislature,8,Ron Deragon,WOR,42
Clinton,City of Plattsburgh Ward 1 District 2,County Legislature,8,Write-in,,4
Clinton,City of Plattsburgh Ward 1 District 2,County Legislature,8,Over Votes,,0
Clinton,City of Plattsburgh Ward 1 District 2,County Legislature,8,Under Votes,,90
Clinton,City of Plattsburgh Ward 2 District 1,County Legislature,8,Ron Deragon,WOR,39
Clinton,City of Plattsburgh Ward 2 District 1,County Legislature,8,Ron Deragon,DEM,214
Clinton,City of Plattsburgh Ward 2 District 1,County Legislature,8,Write-in,,1
Clinton,City of Plattsburgh Ward 2 District 1,County Legislature,8,Over Votes,,0
Clinton,City of Plattsburgh Ward 2 District 1,County Legislature,8,Under Votes,,56
Clinton,Town of Plattsburgh 3,County Legislature,8,Ron Deragon,WOR,71
Clinton,Town of Plattsburgh 3,County Legislature,8,Ron Deragon,DEM,443
Clinton,Town of Plattsburgh 3,County Legislature,8,Write-in,,0
Clinton,Town of Plattsburgh 3,County Legislature,8,Over Votes,,0
Clinton,Town of Plattsburgh 3,County Legislature,8,Under Votes,,145
Clinton,City of Plattsburgh Ward 4 District 1,County Legislature,10,David Kerr,DEM,296
Clinton,City of Plattsburgh Ward 4 District 1,County Legislature,10,David Kerr,WOR,48
Clinton,City of Plattsburgh Ward 4 District 1,County Legislature,10,Brandon Wallburg,REP,121
Clinton,City of Plattsburgh Ward 4 District 1,County Legislature,10,Write-in,,0
Clinton,City of Plattsburgh Ward 4 District 1,County Legislature,10,Over Votes,,0
Clinton,City of Plattsburgh Ward 4 District 1,County Legislature,10,Under Votes,,27
Clinton,City of Plattsburgh Ward 4 District 2,County Legislature,10,David Kerr,WOR,28
Clinton,City of Plattsburgh Ward 4 District 2,County Legislature,10,David Kerr,DEM,355
Clinton,City of Plattsburgh Ward 4 District 2,County Legislature,10,Brandon Wallburg,REP,135
Clinton,City of Plattsburgh Ward 4 District 2,County Legislature,10,Write-in,,0
Clinton,City of Plattsburgh Ward 4 District 2,County Legislature,10,Over Votes,,0
Clinton,City of Plattsburgh Ward 4 District 2,County Legislature,10,Under Votes,,13
Clinton,City of Plattsburgh Ward 5 District 1,County Legislature,10,David Kerr,DEM,177
Clinton,City of Plattsburgh Ward 5 District 1,County Legislature,10,David Kerr,WOR,27
Clinton,City of Plattsburgh Ward 5 District 1,County Legislature,10,Brandon Wallburg,REP,67
Clinton,City of Plattsburgh Ward 5 District 1,County Legislature,10,Write-in,,0
Clinton,City of Plattsburgh Ward 5 District 1,County Legislature,10,Over Votes,,0
Clinton,City of Plattsburgh Ward 5 District 1,County Legislature,10,Under Votes,,2
Clinton,City of Plattsburgh Ward 5 District 2,County Legislature,10,David Kerr,DEM,309
Clinton,City of Plattsburgh Ward 5 District 2,County Legislature,10,David Kerr,WOR,37
Clinton,City of Plattsburgh Ward 5 District 2,County Legislature,10,Brandon Wallburg,REP,121
Clinton,City of Plattsburgh Ward 5 District 2,County Legislature,10,Write-in,,0
Clinton,City of Plattsburgh Ward 5 District 2,County Legislature,10,Over Votes,,0
Clinton,City of Plattsburgh Ward 5 District 2,County Legislature,10,Under Votes,,13
Clinton,City of Plattsburgh Ward 6 District 2,County Legislature,10,David Kerr,WOR,11
Clinton,City of Plattsburgh Ward 6 District 2,County Legislature,10,David Kerr,DEM,126
Clinton,City of Plattsburgh Ward 6 District 2,County Legislature,10,Brandon Wallburg,REP,36
Clinton,City of Plattsburgh Ward 6 District 2,County Legislature,10,Write-in,,0
Clinton,City of Plattsburgh Ward 6 District 2,County Legislature,10,Over Votes,,0
Clinton,City of Plattsburgh Ward 6 District 2,County Legislature,10,Under Votes,,10
Clinton,City of Plattsburgh Ward 1 District 1,City Councilor Ward 1,,Julie Baughn,WOR,26
Clinton,City of Plattsburgh Ward 1 District 1,City Councilor Ward 1,,Julie Baughn,DEM,127
Clinton,City of Plattsburgh Ward 1 District 1,City Councilor Ward 1,,Write-in,,2
Clinton,City of Plattsburgh Ward 1 District 1,City Councilor Ward 1,,Over Votes,,0
Clinton,City of Plattsburgh Ward 1 District 1,City Councilor Ward 1,,Under Votes,,25
Clinton,City of Plattsburgh Ward 1 District 2,City Councilor Ward 1,,Julie Baughn,WOR,49
Clinton,City of Plattsburgh Ward 1 District 2,City Councilor Ward 1,,Julie Baughn,DEM,370
Clinton,City of Plattsburgh Ward 1 District 2,City Councilor Ward 1,,Write-in,,6
Clinton,City of Plattsburgh Ward 1 District 2,City Councilor Ward 1,,Over Votes,,0
Clinton,City of Plattsburgh Ward 1 District 2,City Councilor Ward 1,,Under Votes,,88
Clinton,City of Plattsburgh Ward 1 District 3,City Councilor Ward 1,,Julie Baughn,DEM,150
Clinton,City of Plattsburgh Ward 1 District 3,City Councilor Ward 1,,Julie Baughn,WOR,20
Clinton,City of Plattsburgh Ward 1 District 3,City Councilor Ward 1,,Write-in,,1
Clinton,City of Plattsburgh Ward 1 District 3,City Councilor Ward 1,,Over Votes,,0
Clinton,City of Plattsburgh Ward 1 District 3,City Councilor Ward 1,,Under Votes,,49
Clinton,City of Plattsburgh Ward 2 District 1,City Councilor Ward 2 (1 Year Unexpired Term),,Jim Evans,DEM,243
Clinton,City of Plattsburgh Ward 2 District 1,City Councilor Ward 2 (1 Year Unexpired Term),,Write-in,,5
Clinton,City of Plattsburgh Ward 2 District 1,City Councilor Ward 2 (1 Year Unexpired Term),,Over Votes,,0
Clinton,City of Plattsburgh Ward 2 District 1,City Councilor Ward 2 (1 Year Unexpired Term),,Under Votes,,62
Clinton,City of Plattsburgh Ward 2 District 2,City Councilor Ward 2 (1 Year Unexpired Term),,Jim Evans,DEM,92
Clinton,City of Plattsburgh Ward 2 District 2,City Councilor Ward 2 (1 Year Unexpired Term),,Write-in,,2
Clinton,City of Plattsburgh Ward 2 District 2,City Councilor Ward 2 (1 Year Unexpired Term),,Over Votes,,0
Clinton,City of Plattsburgh Ward 2 District 2,City Councilor Ward 2 (1 Year Unexpired Term),,Under Votes,,16
Clinton,City of Plattsburgh Ward 3 District 1,City Councilor Ward 3 (2 Year Unexpired Term),,Jackie Strack,DEM,272
Clinton,City of Plattsburgh Ward 3 District 1,City Councilor Ward 3 (2 Year Unexpired Term),,Dennis Chaney,REP,144
Clinton,City of Plattsburgh Ward 3 District 1,City Councilor Ward 3 (2 Year Unexpired Term),,Write-in,,0
Clinton,City of Plattsburgh Ward 3 District 1,City Councilor Ward 3 (2 Year Unexpired Term),,Over Votes,,1
Clinton,City of Plattsburgh Ward 3 District 1,City Councilor Ward 3 (2 Year Unexpired Term),,Under Votes,,11
Clinton,City of Plattsburgh Ward 3 District 2,City Councilor Ward 3 (2 Year Unexpired Term),,Jackie Strack,DEM,314
Clinton,City of Plattsburgh Ward 3 District 2,City Councilor Ward 3 (2 Year Unexpired Term),,Dennis Chaney,REP,127
Clinton,City of Plattsburgh Ward 3 District 2,City Councilor Ward 3 (2 Year Unexpired Term),,Write-in,,0
Clinton,City of Plattsburgh Ward 3 District 2,City Councilor Ward 3 (2 Year Unexpired Term),,Over Votes,,0
Clinton,City of Plattsburgh Ward 3 District 2,City Councilor Ward 3 (2 Year Unexpired Term),,Under Votes,,10
Clinton,City of Plattsburgh Ward 4 District 1,City Councilor Ward 4,,Jennifer Tallon,WOR,46
Clinton,City of Plattsburgh Ward 4 District 1,City Councilor Ward 4,,Jennifer Tallon,DEM,275
Clinton,City of Plattsburgh Ward 4 District 1,City Councilor Ward 4,,Clay Morris,REP,160
Clinton,City of Plattsburgh Ward 4 District 1,City Councilor Ward 4,,Write-in,,0
Clinton,City of Plattsburgh Ward 4 District 1,City Councilor Ward 4,,Over Votes,,0
Clinton,City of Plattsburgh Ward 4 District 1,City Councilor Ward 4,,Under Votes,,11
Clinton,City of Plattsburgh Ward 4 District 2,City Councilor Ward 4,,Jennifer Tallon,WOR,25
Clinton,City of Plattsburgh Ward 4 District 2,City Councilor Ward 4,,Jennifer Tallon,DEM,309
Clinton,City of Plattsburgh Ward 4 District 2,City Councilor Ward 4,,Clay Morris,REP,185
Clinton,City of Plattsburgh Ward 4 District 2,City Councilor Ward 4,,Write-in,,0
Clinton,City of Plattsburgh Ward 4 District 2,City Councilor Ward 4,,Over Votes,,0
Clinton,City of Plattsburgh Ward 4 District 2,City Councilor Ward 4,,Under Votes,,12
Clinton,Town of Altona 1,Altona Town Councilperson,,Jeanne Bushey,DEM,333
Clinton,Town of Altona 1,Altona Town Councilperson,,Penny Hendrie,DEM,249
Clinton,Town of Altona 1,Altona Town Councilperson,,Kevin Gero,REP,527
Clinton,Town of Altona 1,Altona Town Councilperson,,Melissa Peryea,REP,533
Clinton,Town of Altona 1,Altona Town Councilperson,,Write-in,,0
Clinton,Town of Altona 1,Altona Town Councilperson,,Over Votes,,0
Clinton,Town of Altona 1,Altona Town Councilperson,,Under Votes,,44
Clinton,Town of Altona 1,Town Clerk/ Tax Collector (2 Year Unexpired Term),,Heather Seguin,DEM,312
Clinton,Town of Altona 1,Town Clerk/ Tax Collector (2 Year Unexpired Term),,Terry Speer,REP,512
Clinton,Town of Altona 1,Town Clerk/ Tax Collector (2 Year Unexpired Term),,Write-in,,0
Clinton,Town of Altona 1,Town Clerk/ Tax Collector (2 Year Unexpired Term),,Over Votes,,1
Clinton,Town of Altona 1,Town Clerk/ Tax Collector (2 Year Unexpired Term),,Under Votes,,18
Clinton,Town of AuSable 1,AuSable Town Councilperson,,Steve Sucharski,DEM,181
Clinton,Town of AuSable 1,AuSable Town Councilperson,,Steven Kelley,REP,184
Clinton,Town of AuSable 1,AuSable Town Councilperson,,Taunya Hanson,REP,211
Clinton,Town of AuSable 1,AuSable Town Councilperson,,Write-in,,3
Clinton,Town of AuSable 1,AuSable Town Councilperson,,Over Votes,,0
Clinton,Town of AuSable 1,AuSable Town Councilperson,,Under Votes,,181
Clinton,Town of AuSable 2,AuSable Town Councilperson,,Steve Sucharski,DEM,225
Clinton,Town of AuSable 2,AuSable Town Councilperson,,Steven Kelley,REP,158
Clinton,Town of AuSable 2,AuSable Town Councilperson,,Taunya Hanson,REP,168
Clinton,Town of AuSable 2,AuSable Town Councilperson,,Write-in,,0
Clinton,Town of AuSable 2,AuSable Town Councilperson,,Over Votes,,2
Clinton,Town of AuSable 2,AuSable Town Councilperson,,Under Votes,,219
Clinton,Town of Beekmantown 1,Beekmantown Town Supervisor,,Sam Dyer,DEM,202
Clinton,Town of Beekmantown 1,Beekmantown Town Supervisor,,Sam Dyer,PFP,7
Clinton,Town of Beekmantown 1,Beekmantown Town Supervisor,,Brent Wyand,REP,129
Clinton,Town of Beekmantown 1,Beekmantown Town Supervisor,,Write-in,,0
Clinton,Town of Beekmantown 1,Beekmantown Town Supervisor,,Over Votes,,0
Clinton,Town of Beekmantown 1,Beekmantown Town Supervisor,,Under Votes,,6
Clinton,Town of Beekmantown 2,Beekmantown Town Supervisor,,Sam Dyer,PFP,13
Clinton,Town of Beekmantown 2,Beekmantown Town Supervisor,,Sam Dyer,DEM,206
Clinton,Town of Beekmantown 2,Beekmantown Town Supervisor,,Brent Wyand,REP,158
Clinton,Town of Beekmantown 2,Beekmantown Town Supervisor,,Write-in,,1
Clinton,Town of Beekmantown 2,Beekmantown Town Supervisor,,Over Votes,,0
Clinton,Town of Beekmantown 2,Beekmantown Town Supervisor,,Under Votes,,4
Clinton,Town of Beekmantown 3,Beekmantown Town Supervisor,,Sam Dyer,PFP,14
Clinton,Town of Beekmantown 3,Beekmantown Town Supervisor,,Sam Dyer,DEM,396
Clinton,Town of Beekmantown 3,Beekmantown Town Supervisor,,Brent Wyand,REP,226
Clinton,Town of Beekmantown 3,Beekmantown Town Supervisor,,Write-in,,0
Clinton,Town of Beekmantown 3,Beekmantown Town Supervisor,,Over Votes,,0
Clinton,Town of Beekmantown 3,Beekmantown Town Supervisor,,Under Votes,,9
Clinton,Town of Beekmantown 4,Beekmantown Town Supervisor,,Sam Dyer,DEM,267
Clinton,Town of Beekmantown 4,Beekmantown Town Supervisor,,Sam Dyer,PFP,9
Clinton,Town of Beekmantown 4,Beekmantown Town Supervisor,,Brent Wyand,REP,268
Clinton,Town of Beekmantown 4,Beekmantown Town Supervisor,,Write-in,,0
Clinton,Town of Beekmantown 4,Beekmantown Town Supervisor,,Over Votes,,0
Clinton,Town of Beekmantown 4,Beekmantown Town Supervisor,,Under Votes,,13
Clinton,Town of Beekmantown 1,Beekmantown Superintendent of Highways,,Warren Russell,DEM,175
Clinton,Town of Beekmantown 1,Beekmantown Superintendent of Highways,,Warren Russell,REP,140
Clinton,Town of Beekmantown 1,Beekmantown Superintendent of Highways,,Write-in,,0
Clinton,Town of Beekmantown 1,Beekmantown Superintendent of Highways,,Over Votes,,0
Clinton,Town of Beekmantown 1,Beekmantown Superintendent of Highways,,Under Votes,,29
Clinton,Town of Beekmantown 2,Beekmantown Superintendent of Highways,,Warren Russell,DEM,179
Clinton,Town of Beekmantown 2,Beekmantown Superintendent of Highways,,Warren Russell,REP,187
Clinton,Town of Beekmantown 2,Beekmantown Superintendent of Highways,,Write-in,,0
Clinton,Town of Beekmantown 2,Beekmantown Superintendent of Highways,,Over Votes,,0
Clinton,Town of Beekmantown 2,Beekmantown Superintendent of Highways,,Under Votes,,16
Clinton,Town of Beekmantown 3,Beekmantown Superintendent of Highways,,Warren Russell,DEM,368
Clinton,Town of Beekmantown 3,Beekmantown Superintendent of Highways,,Warren Russell,REP,226
Clinton,Town of Beekmantown 3,Beekmantown Superintendent of Highways,,Write-in,,3
Clinton,Town of Beekmantown 3,Beekmantown Superintendent of Highways,,Over Votes,,0
Clinton,Town of Beekmantown 3,Beekmantown Superintendent of Highways,,Under Votes,,48
Clinton,Town of Beekmantown 4,Beekmantown Superintendent of Highways,,Warren Russell,DEM,252
Clinton,Town of Beekmantown 4,Beekmantown Superintendent of Highways,,Warren Russell,REP,274
Clinton,Town of Beekmantown 4,Beekmantown Superintendent of Highways,,Write-in,,1
Clinton,Town of Beekmantown 4,Beekmantown Superintendent of Highways,,Over Votes,,0
Clinton,Town of Beekmantown 4,Beekmantown Superintendent of Highways,,Under Votes,,30
Clinton,Town of Beekmantown 1,Beekmantown Town Councilperson,,Cheryl Turner,DEM,184
Clinton,Town of Beekmantown 1,Beekmantown Town Councilperson,,Clarkson Thorne,DEM,143
Clinton,Town of Beekmantown 1,Beekmantown Town Councilperson,,Darryl Menard,REP,175
Clinton,Town of Beekmantown 1,Beekmantown Town Councilperson,,Eric Deyo-Pugh,REP,141
Clinton,Town of Beekmantown 1,Beekmantown Town Councilperson,,Write-in,,0
Clinton,Town of Beekmantown 1,Beekmantown Town Councilperson,,Over Votes,,0
Clinton,Town of Beekmantown 1,Beekmantown Town Councilperson,,Under Votes,,45
Clinton,Town of Beekmantown 2,Beekmantown Town Councilperson,,Cheryl Turner,DEM,164
Clinton,Town of Beekmantown 2,Beekmantown Town Councilperson,,Clarkson Thorne,DEM,147
Clinton,Town of Beekmantown 2,Beekmantown Town Councilperson,,Darryl Menard,REP,214
Clinton,Town of Beekmantown 2,Beekmantown Town Councilperson,,Eric Deyo-Pugh,REP,174
Clinton,Town of Beekmantown 2,Beekmantown Town Councilperson,,Write-in,,0
Clinton,Town of Beekmantown 2,Beekmantown Town Councilperson,,Over Votes,,2
Clinton,Town of Beekmantown 2,Beekmantown Town Councilperson,,Under Votes,,63
Clinton,Town of Beekmantown 3,Beekmantown Town Councilperson,,Cheryl Turner,DEM,370
Clinton,Town of Beekmantown 3,Beekmantown Town Councilperson,,Clarkson Thorne,DEM,305
Clinton,Town of Beekmantown 3,Beekmantown Town Councilperson,,Darryl Menard,REP,271
Clinton,Town of Beekmantown 3,Beekmantown Town Councilperson,,Eric Deyo-Pugh,REP,240
Clinton,Town of Beekmantown 3,Beekmantown Town Councilperson,,Write-in,,0
Clinton,Town of Beekmantown 3,Beekmantown Town Councilperson,,Over Votes,,0
Clinton,Town of Beekmantown 3,Beekmantown Town Councilperson,,Under Votes,,104
Clinton,Town of Beekmantown 4,Beekmantown Town Councilperson,,Cheryl Turner,DEM,254
Clinton,Town of Beekmantown 4,Beekmantown Town Councilperson,,Clarkson Thorne,DEM,204
Clinton,Town of Beekmantown 4,Beekmantown Town Councilperson,,Darryl Menard,REP,331
Clinton,Town of Beekmantown 4,Beekmantown Town Councilperson,,Eric Deyo-Pugh,REP,252
Clinton,Town of Beekmantown 4,Beekmantown Town Councilperson,,Write-in,,1
Clinton,Town of Beekmantown 4,Beekmantown Town Councilperson,,Over Votes,,2
Clinton,Town of Beekmantown 4,Beekmantown Town Councilperson,,Under Votes,,70
Clinton,Town of Beekmantown 1,Beekmantown Town Councilperson (2 Year Unexpired Term),,Susan Patnode,DEM,155
Clinton,Town of Beekmantown 1,Beekmantown Town Councilperson (2 Year Unexpired Term),,Mark Sand,REP,173
Clinton,Town of Beekmantown 1,Beekmantown Town Councilperson (2 Year Unexpired Term),,Write-in,,0
Clinton,Town of Beekmantown 1,Beekmantown Town Councilperson (2 Year Unexpired Term),,Over Votes,,0
Clinton,Town of Beekmantown 1,Beekmantown Town Councilperson (2 Year Unexpired Term),,Under Votes,,16
Clinton,Town of Beekmantown 2,Beekmantown Town Councilperson (2 Year Unexpired Term),,Susan Patnode,DEM,147
Clinton,Town of Beekmantown 2,Beekmantown Town Councilperson (2 Year Unexpired Term),,Mark Sand,REP,216
Clinton,Town of Beekmantown 2,Beekmantown Town Councilperson (2 Year Unexpired Term),,Write-in,,0
Clinton,Town of Beekmantown 2,Beekmantown Town Councilperson (2 Year Unexpired Term),,Over Votes,,1
Clinton,Town of Beekmantown 2,Beekmantown Town Councilperson (2 Year Unexpired Term),,Under Votes,,18
Clinton,Town of Beekmantown 3,Beekmantown Town Councilperson (2 Year Unexpired Term),,Susan Patnode,DEM,350
Clinton,Town of Beekmantown 3,Beekmantown Town Councilperson (2 Year Unexpired Term),,Mark Sand,REP,263
Clinton,Town of Beekmantown 3,Beekmantown Town Councilperson (2 Year Unexpired Term),,Write-in,,0
Clinton,Town of Beekmantown 3,Beekmantown Town Councilperson (2 Year Unexpired Term),,Over Votes,,0
Clinton,Town of Beekmantown 3,Beekmantown Town Councilperson (2 Year Unexpired Term),,Under Votes,,32
Clinton,Town of Beekmantown 4,Beekmantown Town Councilperson (2 Year Unexpired Term),,Susan Patnode,DEM,215
Clinton,Town of Beekmantown 4,Beekmantown Town Councilperson (2 Year Unexpired Term),,Mark Sand,REP,327
Clinton,Town of Beekmantown 4,Beekmantown Town Councilperson (2 Year Unexpired Term),,Write-in,,0
Clinton,Town of Beekmantown 4,Beekmantown Town Councilperson (2 Year Unexpired Term),,Over Votes,,1
Clinton,Town of Beekmantown 4,Beekmantown Town Councilperson (2 Year Unexpired Term),,Under Votes,,14
Clinton,Town of Beekmantown 1,Beekmantown Town Clerk/ Tax Collector,,Jim Mousseau,DEM,137
Clinton,Town of Beekmantown 1,Beekmantown Town Clerk/ Tax Collector,,Tammy Menard,REP,195
Clinton,Town of Beekmantown 1,Beekmantown Town Clerk/ Tax Collector,,Write-in,,0
Clinton,Town of Beekmantown 1,Beekmantown Town Clerk/ Tax Collector,,Over Votes,,0
Clinton,Town of Beekmantown 1,Beekmantown Town Clerk/ Tax Collector,,Under Votes,,12
Clinton,Town of Beekmantown 2,Beekmantown Town Clerk/ Tax Collector,,Jim Mousseau,DEM,141
Clinton,Town of Beekmantown 2,Beekmantown Town Clerk/ Tax Collector,,Tammy Menard,REP,230
Clinton,Town of Beekmantown 2,Beekmantown Town Clerk/ Tax Collector,,Write-in,,0
Clinton,Town of Beekmantown 2,Beekmantown Town Clerk/ Tax Collector,,Over Votes,,0
Clinton,Town of Beekmantown 2,Beekmantown Town Clerk/ Tax Collector,,Under Votes,,11
Clinton,Town of Beekmantown 3,Beekmantown Town Clerk/ Tax Collector,,Jim Mousseau,DEM,337
Clinton,Town of Beekmantown 3,Beekmantown Town Clerk/ Tax Collector,,Tammy Menard,REP,283
Clinton,Town of Beekmantown 3,Beekmantown Town Clerk/ Tax Collector,,Write-in,,0
Clinton,Town of Beekmantown 3,Beekmantown Town Clerk/ Tax Collector,,Over Votes,,0
Clinton,Town of Beekmantown 3,Beekmantown Town Clerk/ Tax Collector,,Under Votes,,25
Clinton,Town of Beekmantown 4,Beekmantown Town Clerk/ Tax Collector,,Jim Mousseau,DEM,206
Clinton,Town of Beekmantown 4,Beekmantown Town Clerk/ Tax Collector,,Tammy Menard,REP,338
Clinton,Town of Beekmantown 4,Beekmantown Town Clerk/ Tax Collector,,Write-in,,0
Clinton,Town of Beekmantown 4,Beekmantown Town Clerk/ Tax Collector,,Over Votes,,0
Clinton,Town of Beekmantown 4,Beekmantown Town Clerk/ Tax Collector,,Under Votes,,13
Clinton,Town of Black Brook 1,Black Brook Town Councilperson,,Melissa Walton,DEM,128
Clinton,Town of Black Brook 1,Black Brook Town Councilperson,,Robert Haywood,DEM,136
Clinton,Town of Black Brook 1,Black Brook Town Councilperson,,James Seguin,REP,201
Clinton,Town of Black Brook 1,Black Brook Town Councilperson,,Bill Rhino,REP,242
Clinton,Town of Black Brook 1,Black Brook Town Councilperson,,Write-in,,0
Clinton,Town of Black Brook 1,Black Brook Town Councilperson,,Over Votes,,0
Clinton,Town of Black Brook 1,Black Brook Town Councilperson,,Under Votes,,49
Clinton,Town of Black Brook 2,Black Brook Town Councilperson,,Melissa Walton,DEM,75
Clinton,Town of Black Brook 2,Black Brook Town Councilperson,,Robert Haywood,DEM,67
Clinton,Town of Black Brook 2,Black Brook Town Councilperson,,James Seguin,REP,73
Clinton,Town of Black Brook 2,Black Brook Town Councilperson,,Bill Rhino,REP,79
Clinton,Town of Black Brook 2,Black Brook Town Councilperson,,Write-in,,0
Clinton,Town of Black Brook 2,Black Brook Town Councilperson,,Over Votes,,0
Clinton,Town of Black Brook 2,Black Brook Town Councilperson,,Under Votes,,14
Clinton,Town of Champlain 1,Champlain Town Supervisor,,Tom Trombley,REP,326
Clinton,Town of Champlain 1,Champlain Town Supervisor,,Write-in,,0
Clinton,Town of Champlain 1,Champlain Town Supervisor,,Over Votes,,0
Clinton,Town of Champlain 1,Champlain Town Supervisor,,Under Votes,,137
Clinton,Town of Champlain 2,Champlain Town Supervisor,,Tom Trombley,REP,408
Clinton,Town of Champlain 2,Champlain Town Supervisor,,Write-in,,5
Clinton,Town of Champlain 2,Champlain Town Supervisor,,Over Votes,,0
Clinton,Town of Champlain 2,Champlain Town Supervisor,,Under Votes,,150
Clinton,Town of Champlain 3,Champlain Town Supervisor,,Tom Trombley,REP,434
Clinton,Town of Champlain 3,Champlain Town Supervisor,,Write-in,,6
Clinton,Town of Champlain 3,Champlain Town Supervisor,,Over Votes,,0
Clinton,Town of Champlain 3,Champlain Town Supervisor,,Under Votes,,143
Clinton,Town of Champlain 1,Champlain Superintendent of Highways,,Allen Racine,REP,211
Clinton,Town of Champlain 1,Champlain Superintendent of Highways,,Allen Racine,DEM,221
Clinton,Town of Champlain 1,Champlain Superintendent of Highways,,Write-in,,1
Clinton,Town of Champlain 1,Champlain Superintendent of Highways,,Over Votes,,0
Clinton,Town of Champlain 1,Champlain Superintendent of Highways,,Under Votes,,30
Clinton,Town of Champlain 2,Champlain Superintendent of Highways,,Allen Racine,DEM,281
Clinton,Town of Champlain 2,Champlain Superintendent of Highways,,Allen Racine,REP,243
Clinton,Town of Champlain 2,Champlain Superintendent of Highways,,Write-in,,3
Clinton,Town of Champlain 2,Champlain Superintendent of Highways,,Over Votes,,0
Clinton,Town of Champlain 2,Champlain Superintendent of Highways,,Under Votes,,36
Clinton,Town of Champlain 3,Champlain Superintendent of Highways,,Allen Racine,REP,299
Clinton,Town of Champlain 3,Champlain Superintendent of Highways,,Allen Racine,DEM,249
Clinton,Town of Champlain 3,Champlain Superintendent of Highways,,Write-in,,3
Clinton,Town of Champlain 3,Champlain Superintendent of Highways,,Over Votes,,0
Clinton,Town of Champlain 3,Champlain Superintendent of Highways,,Under Votes,,32
Clinton,Town of Champlain 1,Champlain Town Councilperson,,Jarrod Cone,DEM,198
Clinton,Town of Champlain 1,Champlain Town Councilperson,,Rick Hunter,REP,281
Clinton,Town of Champlain 1,Champlain Town Councilperson,,Natasha Nevius,REP,221
Clinton,Town of Champlain 1,Champlain Town Councilperson,,Write-in,,5
Clinton,Town of Champlain 1,Champlain Town Councilperson,,Over Votes,,2
Clinton,Town of Champlain 1,Champlain Town Councilperson,,Under Votes,,219
Clinton,Town of Champlain 2,Champlain Town Councilperson,,Jarrod Cone,DEM,254
Clinton,Town of Champlain 2,Champlain Town Councilperson,,Rick Hunter,REP,374
Clinton,Town of Champlain 2,Champlain Town Councilperson,,Natasha Nevius,REP,253
Clinton,Town of Champlain 2,Champlain Town Councilperson,,Write-in,,3
Clinton,Town of Champlain 2,Champlain Town Councilperson,,Over Votes,,0
Clinton,Town of Champlain 2,Champlain Town Councilperson,,Under Votes,,242
Clinton,Town of Champlain 3,Champlain Town Councilperson,,Jarrod Cone,DEM,228
Clinton,Town of Champlain 3,Champlain Town Councilperson,,Rick Hunter,REP,343
Clinton,Town of Champlain 3,Champlain Town Councilperson,,Natasha Nevius,REP,340
Clinton,Town of Champlain 3,Champlain Town Councilperson,,Write-in,,3
Clinton,Town of Champlain 3,Champlain Town Councilperson,,Over Votes,,0
Clinton,Town of Champlain 3,Champlain Town Councilperson,,Under Votes,,252
Clinton,Town of Champlain 1,Champlain Town Clerk/ Tax Collector,,Julie Castine,REP,377
Clinton,Town of Champlain 1,Champlain Town Clerk/ Tax Collector,,Write-in,,0
Clinton,Town of Champlain 1,Champlain Town Clerk/ Tax Collector,,Over Votes,,0
Clinton,Town of Champlain 1,Champlain Town Clerk/ Tax Collector,,Under Votes,,86
Clinton,Town of Champlain 2,Champlain Town Clerk/ Tax Collector,,Julie Castine,REP,457
Clinton,Town of Champlain 2,Champlain Town Clerk/ Tax Collector,,Write-in,,4
Clinton,Town of Champlain 2,Champlain Town Clerk/ Tax Collector,,Over Votes,,0
Clinton,Town of Champlain 2,Champlain Town Clerk/ Tax Collector,,Under Votes,,102
Clinton,Town of Champlain 3,Champlain Town Clerk/ Tax Collector,,Julie Castine,REP,491
Clinton,Town of Champlain 3,Champlain Town Clerk/ Tax Collector,,Write-in,,2
Clinton,Town of Champlain 3,Champlain Town Clerk/ Tax Collector,,Over Votes,,0
Clinton,Town of Champlain 3,Champlain Town Clerk/ Tax Collector,,Under Votes,,90
Clinton,Town of Chazy 1,Chazy Town Supervisor,,Daniel Vesco,REP,471
Clinton,Town of Chazy 1,Chazy Town Supervisor,,Write-in,,1
Clinton,Town of Chazy 1,Chazy Town Supervisor,,Over Votes,,0
Clinton,Town of Chazy 1,Chazy Town Supervisor,,Under Votes,,176
Clinton,Town of Chazy 2,Chazy Town Supervisor,,Daniel Vesco,REP,482
Clinton,Town of Chazy 2,Chazy Town Supervisor,,Write-in,,5
Clinton,Town of Chazy 2,Chazy Town Supervisor,,Over Votes,,0
Clinton,Town of Chazy 2,Chazy Town Supervisor,,Under Votes,,177
Clinton,Town of Chazy 1,Chazy Superintendent of Highways,,Kevin Girard,DEM,284
Clinton,Town of Chazy 1,Chazy Superintendent of Highways,,Kevin Girard,REP,304
Clinton,Town of Chazy 1,Chazy Superintendent of Highways,,Write-in,,0
Clinton,Town of Chazy 1,Chazy Superintendent of Highways,,Over Votes,,0
Clinton,Town of Chazy 1,Chazy Superintendent of Highways,,Under Votes,,60
Clinton,Town of Chazy 2,Chazy Superintendent of Highways,,Kevin Girard,REP,313
Clinton,Town of Chazy 2,Chazy Superintendent of Highways,,Kevin Girard,DEM,302
Clinton,Town of Chazy 2,Chazy Superintendent of Highways,,Write-in,,2
Clinton,Town of Chazy 2,Chazy Superintendent of Highways,,Over Votes,,0
Clinton,Town of Chazy 2,Chazy Superintendent of Highways,,Under Votes,,47
Clinton,Town of Chazy 1,Chazy Town Councilperson,,Cathy Devins,REP,449
Clinton,Town of Chazy 1,Chazy Town Councilperson,,Willie Giroux,REP,448
Clinton,Town of Chazy 1,Chazy Town Councilperson,,Write-in,,3
Clinton,Town of Chazy 1,Chazy Town Councilperson,,Over Votes,,0
Clinton,Town of Chazy 1,Chazy Town Councilperson,,Under Votes,,396
Clinton,Town of Chazy 2,Chazy Town Councilperson,,Cathy Devins,REP,464
Clinton,Town of Chazy 2,Chazy Town Councilperson,,Willie Giroux,REP,453
Clinton,Town of Chazy 2,Chazy Town Councilperson,,Write-in,,7
Clinton,Town of Chazy 2,Chazy Town Councilperson,,Over Votes,,0
Clinton,Town of Chazy 2,Chazy Town Councilperson,,Under Votes,,404
Clinton,Town of Chazy 1,Chazy Town Clerk/ Tax Collector,,Taylore Bourdeau,REP,463
Clinton,Town of Chazy 1,Chazy Town Clerk/ Tax Collector,,Write-in,,1
Clinton,Town of Chazy 1,Chazy Town Clerk/ Tax Collector,,Over Votes,,0
Clinton,Town of Chazy 1,Chazy Town Clerk/ Tax Collector,,Under Votes,,184
Clinton,Town of Chazy 2,Chazy Town Clerk/ Tax Collector,,Taylore Bourdeau,REP,484
Clinton,Town of Chazy 2,Chazy Town Clerk/ Tax Collector,,Write-in,,2
Clinton,Town of Chazy 2,Chazy Town Clerk/ Tax Collector,,Over Votes,,0
Clinton,Town of Chazy 2,Chazy Town Clerk/ Tax Collector,,Under Votes,,178
Clinton,Town of Clinton 1,Clinton Town Supervisor,,Daniel LaClair,DEM,140
Clinton,Town of Clinton 1,Clinton Town Supervisor,,Write-in,,2
Clinton,Town of Clinton 1,Clinton Town Supervisor,,Over Votes,,0
Clinton,Town of Clinton 1,Clinton Town Supervisor,,Under Votes,,67
Clinton,Town of Clinton 1,Clinton Superintendent of Highways,,Brandon Matthews,DEM,88
Clinton,Town of Clinton 1,Clinton Superintendent of Highways,,Brandon Matthews,REP,100
Clinton,Town of Clinton 1,Clinton Superintendent of Highways,,Write-in,,0
Clinton,Town of Clinton 1,Clinton Superintendent of Highways,,Over Votes,,0
Clinton,Town of Clinton 1,Clinton Superintendent of Highways,,Under Votes,,21
Clinton,Town of Clinton 1,Clinton Town Councilperson,,"Francis Helm, Jr.",DEM,143
Clinton,Town of Clinton 1,Clinton Town Councilperson,,Patrick LeClair,DEM,90
Clinton,Town of Clinton 1,Clinton Town Councilperson,,Patrick LeClair,REP,95
Clinton,Town of Clinton 1,Clinton Town Councilperson,,Write-in,,2
Clinton,Town of Clinton 1,Clinton Town Councilperson,,Over Votes,,0
Clinton,Town of Clinton 1,Clinton Town Councilperson,,Under Votes,,88
Clinton,Town of Clinton 1,Clinton Town Clerk,,Tammy Bell-Martin,DEM,151
Clinton,Town of Clinton 1,Clinton Town Clerk,,Write-in,,3
Clinton,Town of Clinton 1,Clinton Town Clerk,,Over Votes,,0
Clinton,Town of Clinton 1,Clinton Town Clerk,,Under Votes,,55
Clinton,Town of Clinton 1,Clinton Tax Collector,,Cindy Helm,DEM,158
Clinton,Town of Clinton 1,Clinton Tax Collector,,Write-in,,1
Clinton,Town of Clinton 1,Clinton Tax Collector,,Over Votes,,0
Clinton,Town of Clinton 1,Clinton Tax Collector,,Under Votes,,50
Clinton,Town of Dannemora 1,Dannemora Town Supervisor,,Joey Varin,REP,65
Clinton,Town of Dannemora 1,Dannemora Town Supervisor,,Joey Varin,DEM,53
Clinton,Town of Dannemora 1,Dannemora Town Supervisor,,Write-in,,0
Clinton,Town of Dannemora 1,Dannemora Town Supervisor,,Over Votes,,0
Clinton,Town of Dannemora 1,Dannemora Town Supervisor,,Under Votes,,8
Clinton,Town of Dannemora 2,Dannemora Town Supervisor,,Joey Varin,DEM,91
Clinton,Town of Dannemora 2,Dannemora Town Supervisor,,Joey Varin,REP,116
Clinton,Town of Dannemora 2,Dannemora Town Supervisor,,Write-in,,7
Clinton,Town of Dannemora 2,Dannemora Town Supervisor,,Over Votes,,0
Clinton,Town of Dannemora 2,Dannemora Town Supervisor,,Under Votes,,28
Clinton,Town of Dannemora 3,Dannemora Town Supervisor,,Joey Varin,REP,79
Clinton,Town of Dannemora 3,Dannemora Town Supervisor,,Joey Varin,DEM,66
Clinton,Town of Dannemora 3,Dannemora Town Supervisor,,Write-in,,1
Clinton,Town of Dannemora 3,Dannemora Town Supervisor,,Over Votes,,0
Clinton,Town of Dannemora 3,Dannemora Town Supervisor,,Under Votes,,30
Clinton,Town of Dannemora 1,Dannemora Superintendent of Highways,,Mark Siskavich,DEM,74
Clinton,Town of Dannemora 1,Dannemora Superintendent of Highways,,Frank LaMountain,REP,46
Clinton,Town of Dannemora 1,Dannemora Superintendent of Highways,,Write-in,,0
Clinton,Town of Dannemora 1,Dannemora Superintendent of Highways,,Over Votes,,0
Clinton,Town of Dannemora 1,Dannemora Superintendent of Highways,,Under Votes,,6
Clinton,Town of Dannemora 2,Dannemora Superintendent of Highways,,Mark Siskavich,DEM,158
Clinton,Town of Dannemora 2,Dannemora Superintendent of Highways,,Frank LaMountain,REP,73
Clinton,Town of Dannemora 2,Dannemora Superintendent of Highways,,Write-in,,1
Clinton,Town of Dannemora 2,Dannemora Superintendent of Highways,,Over Votes,,0
Clinton,Town of Dannemora 2,Dannemora Superintendent of Highways,,Under Votes,,10
Clinton,Town of Dannemora 3,Dannemora Superintendent of Highways,,Mark Siskavich,DEM,110
Clinton,Town of Dannemora 3,Dannemora Superintendent of Highways,,Frank LaMountain,REP,49
Clinton,Town of Dannemora 3,Dannemora Superintendent of Highways,,Write-in,,0
Clinton,Town of Dannemora 3,Dannemora Superintendent of Highways,,Over Votes,,0
Clinton,Town of Dannemora 3,Dannemora Superintendent of Highways,,Under Votes,,17
Clinton,Town of Dannemora 1,Dannemora Town Councilperson,,LaDonna Irby,DEM,40
Clinton,Town of Dannemora 1,Dannemora Town Councilperson,,Michael Tolosky,REP,81
Clinton,Town of Dannemora 1,Dannemora Town Councilperson,,Jason Carter,REP,80
Clinton,Town of Dannemora 1,Dannemora Town Councilperson,,Write-in,,1
Clinton,Town of Dannemora 1,Dannemora Town Councilperson,,Over Votes,,0
Clinton,Town of Dannemora 1,Dannemora Town Councilperson,,Under Votes,,50
Clinton,Town of Dannemora 2,Dannemora Town Councilperson,,LaDonna Irby,DEM,105
Clinton,Town of Dannemora 2,Dannemora Town Councilperson,,Michael Tolosky,REP,151
Clinton,Town of Dannemora 2,Dannemora Town Councilperson,,Jason Carter,REP,125
Clinton,Town of Dannemora 2,Dannemora Town Councilperson,,Write-in,,0
Clinton,Town of Dannemora 2,Dannemora Town Councilperson,,Over Votes,,0
Clinton,Town of Dannemora 2,Dannemora Town Councilperson,,Under Votes,,103
Clinton,Town of Dannemora 3,Dannemora Town Councilperson,,LaDonna Irby,DEM,64
Clinton,Town of Dannemora 3,Dannemora Town Councilperson,,Michael Tolosky,REP,117
Clinton,Town of Dannemora 3,Dannemora Town Councilperson,,Jason Carter,REP,92
Clinton,Town of Dannemora 3,Dannemora Town Councilperson,,Write-in,,2
Clinton,Town of Dannemora 3,Dannemora Town Councilperson,,Over Votes,,0
Clinton,Town of Dannemora 3,Dannemora Town Councilperson,,Under Votes,,77
Clinton,Town of Dannemora 1,Dannemora Town Clerk/ Tax Collector,,Rebecca Langlois,DEM,51
Clinton,Town of Dannemora 1,Dannemora Town Clerk/ Tax Collector,,Rebecca Langlois,REP,69
Clinton,Town of Dannemora 1,Dannemora Town Clerk/ Tax Collector,,Write-in,,0
Clinton,Town of Dannemora 1,Dannemora Town Clerk/ Tax Collector,,Over Votes,,0
Clinton,Town of Dannemora 1,Dannemora Town Clerk/ Tax Collector,,Under Votes,,6
Clinton,Town of Dannemora 2,Dannemora Town Clerk/ Tax Collector,,Rebecca Langlois,DEM,96
Clinton,Town of Dannemora 2,Dannemora Town Clerk/ Tax Collector,,Rebecca Langlois,REP,120
Clinton,Town of Dannemora 2,Dannemora Town Clerk/ Tax Collector,,Write-in,,1
Clinton,Town of Dannemora 2,Dannemora Town Clerk/ Tax Collector,,Over Votes,,0
Clinton,Town of Dannemora 2,Dannemora Town Clerk/ Tax Collector,,Under Votes,,25
Clinton,Town of Dannemora 3,Dannemora Town Clerk/ Tax Collector,,Rebecca Langlois,REP,79
Clinton,Town of Dannemora 3,Dannemora Town Clerk/ Tax Collector,,Rebecca Langlois,DEM,78
Clinton,Town of Dannemora 3,Dannemora Town Clerk/ Tax Collector,,Write-in,,0
Clinton,Town of Dannemora 3,Dannemora Town Clerk/ Tax Collector,,Over Votes,,0
Clinton,Town of Dannemora 3,Dannemora Town Clerk/ Tax Collector,,Under Votes,,19
Clinton,Town of Ellenburg 1,Ellenburg Town Supervisor,,Jason Dezan,REP,466
Clinton,Town of Ellenburg 1,Ellenburg Town Supervisor,,Write-in,,8
Clinton,Town of Ellenburg 1,Ellenburg Town Supervisor,,Over Votes,,0
Clinton,Town of Ellenburg 1,Ellenburg Town Supervisor,,Under Votes,,133
Clinton,Town of Ellenburg 1,Ellenburg Superintendent of Highways,,Bradley Wright,REP,474
Clinton,Town of Ellenburg 1,Ellenburg Superintendent of Highways,,Write-in,,1
Clinton,Town of Ellenburg 1,Ellenburg Superintendent of Highways,,Over Votes,,0
Clinton,Town of Ellenburg 1,Ellenburg Superintendent of Highways,,Under Votes,,132
Clinton,Town of Ellenburg 1,Ellenburg Town Councilperson,,Robert “Bob” Weeks,DEM,209
Clinton,Town of Ellenburg 1,Ellenburg Town Councilperson,,Tori Russell,DEM,283
Clinton,Town of Ellenburg 1,Ellenburg Town Councilperson,,Neil Trombley,REP,326
Clinton,Town of Ellenburg 1,Ellenburg Town Councilperson,,Dennis McCreless,REP,315
Clinton,Town of Ellenburg 1,Ellenburg Town Councilperson,,Write-in,,0
Clinton,Town of Ellenburg 1,Ellenburg Town Councilperson,,Over Votes,,2
Clinton,Town of Ellenburg 1,Ellenburg Town Councilperson,,Under Votes,,79
Clinton,Town of Ellenburg 1,Ellenburg Town Councilperson (2 Year Unexpired Term),,Jim McNeil,DEM,253
Clinton,Town of Ellenburg 1,Ellenburg Town Councilperson (2 Year Unexpired Term),,Shannon Barton,REP,318
Clinton,Town of Ellenburg 1,Ellenburg Town Councilperson (2 Year Unexpired Term),,Write-in,,0
Clinton,Town of Ellenburg 1,Ellenburg Town Councilperson (2 Year Unexpired Term),,Over Votes,,0
Clinton,Town of Ellenburg 1,Ellenburg Town Councilperson (2 Year Unexpired Term),,Under Votes,,36
Clinton,Town of Ellenburg 1,Ellenburg Town Clerk,,Bethany Drown-Fortin,REP,453
Clinton,Town of Ellenburg 1,Ellenburg Town Clerk,,Write-in,,2
Clinton,Town of Ellenburg 1,Ellenburg Town Clerk,,Over Votes,,0
Clinton,Town of Ellenburg 1,Ellenburg Town Clerk,,Under Votes,,152
Clinton,Town of Ellenburg 1,Ellenburg Tax Collector,,Christine Gregory,DEM,306
Clinton,Town of Ellenburg 1,Ellenburg Tax Collector,,Amanda Kerr,REP,286
Clinton,Town of Ellenburg 1,Ellenburg Tax Collector,,Write-in,,0
Clinton,Town of Ellenburg 1,Ellenburg Tax Collector,,Over Votes,,0
Clinton,Town of Ellenburg 1,Ellenburg Tax Collector,,Under Votes,,15
Clinton,Town of Mooers 1,Mooers Superintendent of Highways,,Joseph Boulerice,DEM,284
Clinton,Town of Mooers 1,Mooers Superintendent of Highways,,Joseph Boulerice,Joseph for Mooers,15
Clinton,Town of Mooers 1,Mooers Superintendent of Highways,,Kris Gilmore,REP,327
Clinton,Town of Mooers 1,Mooers Superintendent of Highways,,Kris Gilmore,Kris Gilmore,4
Clinton,Town of Mooers 1,Mooers Superintendent of Highways,,Write-in,,0
Clinton,Town of Mooers 1,Mooers Superintendent of Highways,,Over Votes,,1
Clinton,Town of Mooers 1,Mooers Superintendent of Highways,,Under Votes,,12
Clinton,Town of Mooers 2,Mooers Superintendent of Highways,,Joseph Boulerice,Joseph for Mooers,16
Clinton,Town of Mooers 2,Mooers Superintendent of Highways,,Joseph Boulerice,DEM,183
Clinton,Town of Mooers 2,Mooers Superintendent of Highways,,Kris Gilmore,REP,308
Clinton,Town of Mooers 2,Mooers Superintendent of Highways,,Kris Gilmore,Kris Gilmore,13
Clinton,Town of Mooers 2,Mooers Superintendent of Highways,,Write-in,,0
Clinton,Town of Mooers 2,Mooers Superintendent of Highways,,Over Votes,,0
Clinton,Town of Mooers 2,Mooers Superintendent of Highways,,Under Votes,,5
Clinton,Town of Mooers 1,Mooers Town Councilperson,,Christine DeLong,DEM,189
Clinton,Town of Mooers 1,Mooers Town Councilperson,,Karl DeLong,DEM,255
Clinton,Town of Mooers 1,Mooers Town Councilperson,,"Jimmy Rabideau, Jr.",REP,381
Clinton,Town of Mooers 1,Mooers Town Councilperson,,Roger Bedard,REP,397
Clinton,Town of Mooers 1,Mooers Town Councilperson,,Write-in,,0
Clinton,Town of Mooers 1,Mooers Town Councilperson,,Over Votes,,2
Clinton,Town of Mooers 1,Mooers Town Councilperson,,Under Votes,,62
Clinton,Town of Mooers 2,Mooers Town Councilperson,,Christine DeLong,DEM,122
Clinton,Town of Mooers 2,Mooers Town Councilperson,,Karl DeLong,DEM,144
Clinton,Town of Mooers 2,Mooers Town Councilperson,,"Jimmy Rabideau, Jr.",REP,363
Clinton,Town of Mooers 2,Mooers Town Councilperson,,Roger Bedard,REP,355
Clinton,Town of Mooers 2,Mooers Town Councilperson,,Write-in,,0
Clinton,Town of Mooers 2,Mooers Town Councilperson,,Over Votes,,2
Clinton,Town of Mooers 2,Mooers Town Councilperson,,Under Votes,,64
Clinton,Town of Mooers 1,Mooers Town Clerk/ Tax Collector,,Kelly McDonald,REP,368
Clinton,Town of Mooers 1,Mooers Town Clerk/ Tax Collector,,Kelly McDonald,DEM,242
Clinton,Town of Mooers 1,Mooers Town Clerk/ Tax Collector,,Write-in,,0
Clinton,Town of Mooers 1,Mooers Town Clerk/ Tax Collector,,Over Votes,,1
Clinton,Town of Mooers 1,Mooers Town Clerk/ Tax Collector,,Under Votes,,32
Clinton,Town of Mooers 2,Mooers Town Clerk/ Tax Collector,,Kelly McDonald,REP,309
Clinton,Town of Mooers 2,Mooers Town Clerk/ Tax Collector,,Kelly McDonald,DEM,183
Clinton,Town of Mooers 2,Mooers Town Clerk/ Tax Collector,,Write-in,,3
Clinton,Town of Mooers 2,Mooers Town Clerk/ Tax Collector,,Over Votes,,0
Clinton,Town of Mooers 2,Mooers Town Clerk/ Tax Collector,,Under Votes,,30
Clinton,Town of Peru 1,Peru Town Supervisor,,Craig Randall,REP,272
Clinton,Town of Peru 1,Peru Town Supervisor,,Write-in,,6
Clinton,Town of Peru 1,Peru Town Supervisor,,Over Votes,,0
Clinton,Town of Peru 1,Peru Town Supervisor,,Under Votes,,140
Clinton,Town of Peru 2,Peru Town Supervisor,,Craig Randall,REP,499
Clinton,Town of Peru 2,Peru Town Supervisor,,Write-in,,5
Clinton,Town of Peru 2,Peru Town Supervisor,,Over Votes,,0
Clinton,Town of Peru 2,Peru Town Supervisor,,Under Votes,,198
Clinton,Town of Peru 3,Peru Town Supervisor,,Craig Randall,REP,293
Clinton,Town of Peru 3,Peru Town Supervisor,,Write-in,,1
Clinton,Town of Peru 3,Peru Town Supervisor,,Over Votes,,0
Clinton,Town of Peru 3,Peru Town Supervisor,,Under Votes,,115
Clinton,Town of Peru 4,Peru Town Supervisor,,Craig Randall,REP,400
Clinton,Town of Peru 4,Peru Town Supervisor,,Write-in,,2
Clinton,Town of Peru 4,Peru Town Supervisor,,Over Votes,,0
Clinton,Town of Peru 4,Peru Town Supervisor,,Under Votes,,174
Clinton,Town of Peru 1,Peru Superintendent of Highways,,Chip Blair,DEM,193
Clinton,Town of Peru 1,Peru Superintendent of Highways,,Michael Farrell,REP,213
Clinton,Town of Peru 1,Peru Superintendent of Highways,,Write-in,,2
Clinton,Town of Peru 1,Peru Superintendent of Highways,,Over Votes,,0
Clinton,Town of Peru 1,Peru Superintendent of Highways,,Under Votes,,10
Clinton,Town of Peru 2,Peru Superintendent of Highways,,Chip Blair,DEM,333
Clinton,Town of Peru 2,Peru Superintendent of Highways,,Michael Farrell,REP,341
Clinton,Town of Peru 2,Peru Superintendent of Highways,,Write-in,,4
Clinton,Town of Peru 2,Peru Superintendent of Highways,,Over Votes,,0
Clinton,Town of Peru 2,Peru Superintendent of Highways,,Under Votes,,24
Clinton,Town of Peru 3,Peru Superintendent of Highways,,Chip Blair,DEM,188
Clinton,Town of Peru 3,Peru Superintendent of Highways,,Michael Farrell,REP,211
Clinton,Town of Peru 3,Peru Superintendent of Highways,,Write-in,,0
Clinton,Town of Peru 3,Peru Superintendent of Highways,,Over Votes,,0
Clinton,Town of Peru 3,Peru Superintendent of Highways,,Under Votes,,10
Clinton,Town of Peru 4,Peru Superintendent of Highways,,Chip Blair,DEM,240
Clinton,Town of Peru 4,Peru Superintendent of Highways,,Michael Farrell,REP,315
Clinton,Town of Peru 4,Peru Superintendent of Highways,,Write-in,,0
Clinton,Town of Peru 4,Peru Superintendent of Highways,,Over Votes,,0
Clinton,Town of Peru 4,Peru Superintendent of Highways,,Under Votes,,21
Clinton,Town of Peru 1,Peru Town Councilperson,,Nick Weaver,DEM,209
Clinton,Town of Peru 1,Peru Town Councilperson,,Mel Irwin,REP,229
Clinton,Town of Peru 1,Peru Town Councilperson,,Dwane Bast,REP,176
Clinton,Town of Peru 1,Peru Town Councilperson,,Write-in,,0
Clinton,Town of Peru 1,Peru Town Councilperson,,Over Votes,,0
Clinton,Town of Peru 1,Peru Town Councilperson,,Under Votes,,222
Clinton,Town of Peru 2,Peru Town Councilperson,,Nick Weaver,DEM,346
Clinton,Town of Peru 2,Peru Town Councilperson,,Mel Irwin,REP,427
Clinton,Town of Peru 2,Peru Town Councilperson,,Dwane Bast,REP,323
Clinton,Town of Peru 2,Peru Town Councilperson,,Write-in,,2
Clinton,Town of Peru 2,Peru Town Councilperson,,Over Votes,,2
Clinton,Town of Peru 2,Peru Town Councilperson,,Under Votes,,304
Clinton,Town of Peru 3,Peru Town Councilperson,,Nick Weaver,DEM,160
Clinton,Town of Peru 3,Peru Town Councilperson,,Mel Irwin,REP,270
Clinton,Town of Peru 3,Peru Town Councilperson,,Dwane Bast,REP,203
Clinton,Town of Peru 3,Peru Town Councilperson,,Write-in,,1
Clinton,Town of Peru 3,Peru Town Councilperson,,Over Votes,,0
Clinton,Town of Peru 3,Peru Town Councilperson,,Under Votes,,184
Clinton,Town of Peru 4,Peru Town Councilperson,,Nick Weaver,DEM,279
Clinton,Town of Peru 4,Peru Town Councilperson,,Mel Irwin,REP,353
Clinton,Town of Peru 4,Peru Town Councilperson,,Dwane Bast,REP,261
Clinton,Town of Peru 4,Peru Town Councilperson,,Write-in,,0
Clinton,Town of Peru 4,Peru Town Councilperson,,Over Votes,,2
Clinton,Town of Peru 4,Peru Town Councilperson,,Under Votes,,257
Clinton,Town of Peru 1,Peru Town Clerk/ Tax Collector,,Dianne Miller,DEM,227
Clinton,Town of Peru 1,Peru Town Clerk/ Tax Collector,,Christine Crawford,REP,184
Clinton,Town of Peru 1,Peru Town Clerk/ Tax Collector,,Write-in,,0
Clinton,Town of Peru 1,Peru Town Clerk/ Tax Collector,,Over Votes,,0
Clinton,Town of Peru 1,Peru Town Clerk/ Tax Collector,,Under Votes,,7
Clinton,Town of Peru 2,Peru Town Clerk/ Tax Collector,,Dianne Miller,DEM,350
Clinton,Town of Peru 2,Peru Town Clerk/ Tax Collector,,Christine Crawford,REP,331
Clinton,Town of Peru 2,Peru Town Clerk/ Tax Collector,,Write-in,,3
Clinton,Town of Peru 2,Peru Town Clerk/ Tax Collector,,Over Votes,,0
Clinton,Town of Peru 2,Peru Town Clerk/ Tax Collector,,Under Votes,,18
Clinton,Town of Peru 3,Peru Town Clerk/ Tax Collector,,Dianne Miller,DEM,162
Clinton,Town of Peru 3,Peru Town Clerk/ Tax Collector,,Christine Crawford,REP,236
Clinton,Town of Peru 3,Peru Town Clerk/ Tax Collector,,Write-in,,0
Clinton,Town of Peru 3,Peru Town Clerk/ Tax Collector,,Over Votes,,0
Clinton,Town of Peru 3,Peru Town Clerk/ Tax Collector,,Under Votes,,11
Clinton,Town of Peru 4,Peru Town Clerk/ Tax Collector,,Dianne Miller,DEM,268
Clinton,Town of Peru 4,Peru Town Clerk/ Tax Collector,,Christine Crawford,REP,294
Clinton,Town of Peru 4,Peru Town Clerk/ Tax Collector,,Write-in,,0
Clinton,Town of Peru 4,Peru Town Clerk/ Tax Collector,,Over Votes,,0
Clinton,Town of Peru 4,Peru Town Clerk/ Tax Collector,,Under Votes,,14
Clinton,Town of Plattsburgh 1,Plattsburgh Town Councilperson,,Dana Isabella,WOR,17
Clinton,Town of Plattsburgh 1,Plattsburgh Town Councilperson,,Dana Isabella,DEM,194
Clinton,Town of Plattsburgh 1,Plattsburgh Town Councilperson,,Daniel Bosley,DEM,172
Clinton,Town of Plattsburgh 1,Plattsburgh Town Councilperson,,Daniel Bosley,WOR,12
Clinton,Town of Plattsburgh 1,Plattsburgh Town Councilperson,,Kevin Agnew,REP,114
Clinton,Town of Plattsburgh 1,Plattsburgh Town Councilperson,,David Duquette,REP,119
Clinton,Town of Plattsburgh 1,Plattsburgh Town Councilperson,,Write-in,,0
Clinton,Town of Plattsburgh 1,Plattsburgh Town Councilperson,,Over Votes,,0
Clinton,Town of Plattsburgh 1,Plattsburgh Town Councilperson,,Under Votes,,36
Clinton,Town of Plattsburgh 2,Plattsburgh Town Councilperson,,Dana Isabella,DEM,198
Clinton,Town of Plattsburgh 2,Plattsburgh Town Councilperson,,Dana Isabella,WOR,26
Clinton,Town of Plattsburgh 2,Plattsburgh Town Councilperson,,Daniel Bosley,DEM,171
Clinton,Town of Plattsburgh 2,Plattsburgh Town Councilperson,,Daniel Bosley,WOR,20
Clinton,Town of Plattsburgh 2,Plattsburgh Town Councilperson,,Kevin Agnew,REP,208
Clinton,Town of Plattsburgh 2,Plattsburgh Town Councilperson,,David Duquette,REP,231
Clinton,Town of Plattsburgh 2,Plattsburgh Town Councilperson,,Write-in,,0
Clinton,Town of Plattsburgh 2,Plattsburgh Town Councilperson,,Over Votes,,4
Clinton,Town of Plattsburgh 2,Plattsburgh Town Councilperson,,Under Votes,,56
Clinton,Town of Plattsburgh 3,Plattsburgh Town Councilperson,,Dana Isabella,WOR,30
Clinton,Town of Plattsburgh 3,Plattsburgh Town Councilperson,,Dana Isabella,DEM,367
Clinton,Town of Plattsburgh 3,Plattsburgh Town Councilperson,,Daniel Bosley,WOR,33
Clinton,Town of Plattsburgh 3,Plattsburgh Town Councilperson,,Daniel Bosley,DEM,338
Clinton,Town of Plattsburgh 3,Plattsburgh Town Councilperson,,Kevin Agnew,REP,238
Clinton,Town of Plattsburgh 3,Plattsburgh Town Councilperson,,David Duquette,REP,236
Clinton,Town of Plattsburgh 3,Plattsburgh Town Councilperson,,Write-in,,0
Clinton,Town of Plattsburgh 3,Plattsburgh Town Councilperson,,Over Votes,,0
Clinton,Town of Plattsburgh 3,Plattsburgh Town Councilperson,,Under Votes,,76
Clinton,Town of Plattsburgh 4,Plattsburgh Town Councilperson,,Dana Isabella,DEM,298
Clinton,Town of Plattsburgh 4,Plattsburgh Town Councilperson,,Dana Isabella,WOR,27
Clinton,Town of Plattsburgh 4,Plattsburgh Town Councilperson,,Daniel Bosley,WOR,26
Clinton,Town of Plattsburgh 4,Plattsburgh Town Councilperson,,Daniel Bosley,DEM,268
Clinton,Town of Plattsburgh 4,Plattsburgh Town Councilperson,,Kevin Agnew,REP,294
Clinton,Town of Plattsburgh 4,Plattsburgh Town Councilperson,,David Duquette,REP,340
Clinton,Town of Plattsburgh 4,Plattsburgh Town Councilperson,,Write-in,,0
Clinton,Town of Plattsburgh 4,Plattsburgh Town Councilperson,,Over Votes,,2
Clinton,Town of Plattsburgh 4,Plattsburgh Town Councilperson,,Under Votes,,59
Clinton,Town of Plattsburgh 5,Plattsburgh Town Councilperson,,Dana Isabella,WOR,14
Clinton,Town of Plattsburgh 5,Plattsburgh Town Councilperson,,Dana Isabella,DEM,90
Clinton,Town of Plattsburgh 5,Plattsburgh Town Councilperson,,Daniel Bosley,WOR,10
Clinton,Town of Plattsburgh 5,Plattsburgh Town Councilperson,,Daniel Bosley,DEM,85
Clinton,Town of Plattsburgh 5,Plattsburgh Town Councilperson,,Kevin Agnew,REP,96
Clinton,Town of Plattsburgh 5,Plattsburgh Town Councilperson,,David Duquette,REP,110
Clinton,Town of Plattsburgh 5,Plattsburgh Town Councilperson,,Write-in,,0
Clinton,Town of Plattsburgh 5,Plattsburgh Town Councilperson,,Over Votes,,2
Clinton,Town of Plattsburgh 5,Plattsburgh Town Councilperson,,Under Votes,,37
Clinton,Town of Plattsburgh 6,Plattsburgh Town Councilperson,,Dana Isabella,DEM,454
Clinton,Town of Plattsburgh 6,Plattsburgh Town Councilperson,,Dana Isabella,WOR,32
Clinton,Town of Plattsburgh 6,Plattsburgh Town Councilperson,,Daniel Bosley,DEM,445
Clinton,Town of Plattsburgh 6,Plattsburgh Town Councilperson,,Daniel Bosley,WOR,30
Clinton,Town of Plattsburgh 6,Plattsburgh Town Councilperson,,Kevin Agnew,REP,318
Clinton,Town of Plattsburgh 6,Plattsburgh Town Councilperson,,David Duquette,REP,311
Clinton,Town of Plattsburgh 6,Plattsburgh Town Councilperson,,Write-in,,1
Clinton,Town of Plattsburgh 6,Plattsburgh Town Councilperson,,Over Votes,,2
Clinton,Town of Plattsburgh 6,Plattsburgh Town Councilperson,,Under Votes,,93
Clinton,Town of Plattsburgh 7,Plattsburgh Town Councilperson,,Dana Isabella,DEM,163
Clinton,Town of Plattsburgh 7,Plattsburgh Town Councilperson,,Dana Isabella,WOR,19
Clinton,Town of Plattsburgh 7,Plattsburgh Town Councilperson,,Daniel Bosley,WOR,21
Clinton,Town of Plattsburgh 7,Plattsburgh Town Councilperson,,Daniel Bosley,DEM,160
Clinton,Town of Plattsburgh 7,Plattsburgh Town Councilperson,,Kevin Agnew,REP,240
Clinton,Town of Plattsburgh 7,Plattsburgh Town Councilperson,,David Duquette,REP,230
Clinton,Town of Plattsburgh 7,Plattsburgh Town Councilperson,,Write-in,,0
Clinton,Town of Plattsburgh 7,Plattsburgh Town Councilperson,,Over Votes,,4
Clinton,Town of Plattsburgh 7,Plattsburgh Town Councilperson,,Under Votes,,49
Clinton,Town of Plattsburgh 1,Plattsburgh Tax Collector,,Jackie Bellew,DEM,248
Clinton,Town of Plattsburgh 1,Plattsburgh Tax Collector,,Jackie Bellew,WOR,25
Clinton,Town of Plattsburgh 1,Plattsburgh Tax Collector,,Write-in,,2
Clinton,Town of Plattsburgh 1,Plattsburgh Tax Collector,,Over Votes,,1
Clinton,Town of Plattsburgh 1,Plattsburgh Tax Collector,,Under Votes,,56
Clinton,Town of Plattsburgh 2,Plattsburgh Tax Collector,,Jackie Bellew,WOR,68
Clinton,Town of Plattsburgh 2,Plattsburgh Tax Collector,,Jackie Bellew,DEM,281
Clinton,Town of Plattsburgh 2,Plattsburgh Tax Collector,,Write-in,,1
Clinton,Town of Plattsburgh 2,Plattsburgh Tax Collector,,Over Votes,,1
Clinton,Town of Plattsburgh 2,Plattsburgh Tax Collector,,Under Votes,,106
Clinton,Town of Plattsburgh 3,Plattsburgh Tax Collector,,Jackie Bellew,WOR,82
Clinton,Town of Plattsburgh 3,Plattsburgh Tax Collector,,Jackie Bellew,DEM,455
Clinton,Town of Plattsburgh 3,Plattsburgh Tax Collector,,Write-in,,0
Clinton,Town of Plattsburgh 3,Plattsburgh Tax Collector,,Over Votes,,0
Clinton,Town of Plattsburgh 3,Plattsburgh Tax Collector,,Under Votes,,122
Clinton,Town of Plattsburgh 4,Plattsburgh Tax Collector,,Jackie Bellew,DEM,418
Clinton,Town of Plattsburgh 4,Plattsburgh Tax Collector,,Jackie Bellew,WOR,82
Clinton,Town of Plattsburgh 4,Plattsburgh Tax Collector,,Write-in,,2
Clinton,Town of Plattsburgh 4,Plattsburgh Tax Collector,,Over Votes,,0
Clinton,Town of Plattsburgh 4,Plattsburgh Tax Collector,,Under Votes,,155
Clinton,Town of Plattsburgh 5,Plattsburgh Tax Collector,,Jackie Bellew,DEM,139
Clinton,Town of Plattsburgh 5,Plattsburgh Tax Collector,,Jackie Bellew,WOR,40
Clinton,Town of Plattsburgh 5,Plattsburgh Tax Collector,,Write-in,,0
Clinton,Town of Plattsburgh 5,Plattsburgh Tax Collector,,Over Votes,,0
Clinton,Town of Plattsburgh 5,Plattsburgh Tax Collector,,Under Votes,,43
Clinton,Town of Plattsburgh 6,Plattsburgh Tax Collector,,Jackie Bellew,DEM,577
Clinton,Town of Plattsburgh 6,Plattsburgh Tax Collector,,Jackie Bellew,WOR,69
Clinton,Town of Plattsburgh 6,Plattsburgh Tax Collector,,Write-in,,1
Clinton,Town of Plattsburgh 6,Plattsburgh Tax Collector,,Over Votes,,0
Clinton,Town of Plattsburgh 6,Plattsburgh Tax Collector,,Under Votes,,196
Clinton,Town of Plattsburgh 7,Plattsburgh Tax Collector,,Jackie Bellew,WOR,72
Clinton,Town of Plattsburgh 7,Plattsburgh Tax Collector,,Jackie Bellew,DEM,263
Clinton,Town of Plattsburgh 7,Plattsburgh Tax Collector,,Write-in,,1
Clinton,Town of Plattsburgh 7,Plattsburgh Tax Collector,,Over Votes,,0
Clinton,Town of Plattsburgh 7,Plattsburgh Tax Collector,,Under Votes,,107
Clinton,Town of Saranac 1,Saranac Town Supervisor,,Tim Napper,REP,431
Clinton,Town of Saranac 1,Saranac Town Supervisor,,Tim Napper,CON,62
Clinton,Town of Saranac 1,Saranac Town Supervisor,,Write-in,,5
Clinton,Town of Saranac 1,Saranac Town Supervisor,,Over Votes,,2
Clinton,Town of Saranac 1,Saranac Town Supervisor,,Under Votes,,136
Clinton,Town of Saranac 2,Saranac Town Supervisor,,Tim Napper,REP,297
Clinton,Town of Saranac 2,Saranac Town Supervisor,,Tim Napper,CON,33
Clinton,Town of Saranac 2,Saranac Town Supervisor,,Write-in,,4
Clinton,Town of Saranac 2,Saranac Town Supervisor,,Over Votes,,0
Clinton,Town of Saranac 2,Saranac Town Supervisor,,Under Votes,,92
Clinton,Town of Saranac 3,Saranac Town Supervisor,,Tim Napper,CON,48
Clinton,Town of Saranac 3,Saranac Town Supervisor,,Tim Napper,REP,237
Clinton,Town of Saranac 3,Saranac Town Supervisor,,Write-in,,2
Clinton,Town of Saranac 3,Saranac Town Supervisor,,Over Votes,,0
Clinton,Town of Saranac 3,Saranac Town Supervisor,,Under Votes,,75
Clinton,Town of Saranac 1,Saranac Superintendent of Highways,,Steve McKenzie,REP,444
Clinton,Town of Saranac 1,Saranac Superintendent of Highways,,Write-in,,16
Clinton,Town of Saranac 1,Saranac Superintendent of Highways,,Over Votes,,1
Clinton,Town of Saranac 1,Saranac Superintendent of Highways,,Under Votes,,175
Clinton,Town of Saranac 2,Saranac Superintendent of Highways,,Steve McKenzie,REP,317
Clinton,Town of Saranac 2,Saranac Superintendent of Highways,,Write-in,,3
Clinton,Town of Saranac 2,Saranac Superintendent of Highways,,Over Votes,,0
Clinton,Town of Saranac 2,Saranac Superintendent of Highways,,Under Votes,,106
Clinton,Town of Saranac 3,Saranac Superintendent of Highways,,Steve McKenzie,REP,270
Clinton,Town of Saranac 3,Saranac Superintendent of Highways,,Write-in,,2
Clinton,Town of Saranac 3,Saranac Superintendent of Highways,,Over Votes,,0
Clinton,Town of Saranac 3,Saranac Superintendent of Highways,,Under Votes,,90
Clinton,Town of Saranac 1,Saranac Town Councilperson,,Nathan Cheney,DEM,233
Clinton,Town of Saranac 1,Saranac Town Councilperson,,Josh Eggleston,REP,390
Clinton,Town of Saranac 1,Saranac Town Councilperson,,James Beaver Bassett,REP,395
Clinton,Town of Saranac 1,Saranac Town Councilperson,,Write-in,,4
Clinton,Town of Saranac 1,Saranac Town Councilperson,,Over Votes,,2
Clinton,Town of Saranac 1,Saranac Town Councilperson,,Under Votes,,248
Clinton,Town of Saranac 2,Saranac Town Councilperson,,Nathan Cheney,DEM,147
Clinton,Town of Saranac 2,Saranac Town Councilperson,,Josh Eggleston,REP,270
Clinton,Town of Saranac 2,Saranac Town Councilperson,,James Beaver Bassett,REP,267
Clinton,Town of Saranac 2,Saranac Town Councilperson,,Write-in,,3
Clinton,Town of Saranac 2,Saranac Town Councilperson,,Over Votes,,0
Clinton,Town of Saranac 2,Saranac Town Councilperson,,Under Votes,,165
Clinton,Town of Saranac 3,Saranac Town Councilperson,,Nathan Cheney,DEM,135
Clinton,Town of Saranac 3,Saranac Town Councilperson,,Josh Eggleston,REP,234
Clinton,Town of Saranac 3,Saranac Town Councilperson,,James Beaver Bassett,REP,216
Clinton,Town of Saranac 3,Saranac Town Councilperson,,Write-in,,2
Clinton,Town of Saranac 3,Saranac Town Councilperson,,Over Votes,,0
Clinton,Town of Saranac 3,Saranac Town Councilperson,,Under Votes,,137
Clinton,Town of Saranac 1,Saranac Town Clerk,,Debbie Pellerin,DEM,438
Clinton,Town of Saranac 1,Saranac Town Clerk,,Write-in,,1
Clinton,Town of Saranac 1,Saranac Town Clerk,,Over Votes,,1
Clinton,Town of Saranac 1,Saranac Town Clerk,,Under Votes,,196
Clinton,Town of Saranac 2,Saranac Town Clerk,,Debbie Pellerin,DEM,309
Clinton,Town of Saranac 2,Saranac Town Clerk,,Write-in,,1
Clinton,Town of Saranac 2,Saranac Town Clerk,,Over Votes,,0
Clinton,Town of Saranac 2,Saranac Town Clerk,,Under Votes,,116
Clinton,Town of Saranac 3,Saranac Town Clerk,,Debbie Pellerin,DEM,254
Clinton,Town of Saranac 3,Saranac Town Clerk,,Write-in,,1
Clinton,Town of Saranac 3,Saranac Town Clerk,,Over Votes,,0
Clinton,Town of Saranac 3,Saranac Town Clerk,,Under Votes,,107
Clinton,Town of Saranac 1,Saranac Tax Collector,,Mark White,REP,365
Clinton,Town of Saranac 1,Saranac Tax Collector,,Mark White,DEM,242
Clinton,Town of Saranac 1,Saranac Tax Collector,,Write-in,,0
Clinton,Town of Saranac 1,Saranac Tax Collector,,Over Votes,,1
Clinton,Town of Saranac 1,Saranac Tax Collector,,Under Votes,,28
Clinton,Town of Saranac 2,Saranac Tax Collector,,Mark White,REP,247
Clinton,Town of Saranac 2,Saranac Tax Collector,,Mark White,DEM,164
Clinton,Town of Saranac 2,Saranac Tax Collector,,Write-in,,0
Clinton,Town of Saranac 2,Saranac Tax Collector,,Over Votes,,0
Clinton,Town of Saranac 2,Saranac Tax Collector,,Under Votes,,15
Clinton,Town of Saranac 3,Saranac Tax Collector,,Mark White,REP,181
Clinton,Town of Saranac 3,Saranac Tax Collector,,Mark White,DEM,161
Clinton,Town of Saranac 3,Saranac Tax Collector,,Write-in,,0
Clinton,Town of Saranac 3,Saranac Tax Collector,,Over Votes,,0
Clinton,Town of Saranac 3,Saranac Tax Collector,,Under Votes,,20
Clinton,Town of Schuyler Falls 1,Schuyler Falls Town Supervisor,,Mindy Smith,CON,35
Clinton,Town of Schuyler Falls 1,Schuyler Falls Town Supervisor,,Mindy Smith,REP,219
Clinton,Town of Schuyler Falls 1,Schuyler Falls Town Supervisor,,Write-in,,3
Clinton,Town of Schuyler Falls 1,Schuyler Falls Town Supervisor,,Over Votes,,0
Clinton,Town of Schuyler Falls 1,Schuyler Falls Town Supervisor,,Under Votes,,101
Clinton,Town of Schuyler Falls 2,Schuyler Falls Town Supervisor,,Mindy Smith,CON,66
Clinton,Town of Schuyler Falls 2,Schuyler Falls Town Supervisor,,Mindy Smith,REP,332
Clinton,Town of Schuyler Falls 2,Schuyler Falls Town Supervisor,,Write-in,,4
Clinton,Town of Schuyler Falls 2,Schuyler Falls Town Supervisor,,Over Votes,,0
Clinton,Town of Schuyler Falls 2,Schuyler Falls Town Supervisor,,Under Votes,,151
Clinton,Town of Schuyler Falls 3,Schuyler Falls Town Supervisor,,Mindy Smith,CON,57
Clinton,Town of Schuyler Falls 3,Schuyler Falls Town Supervisor,,Mindy Smith,REP,268
Clinton,Town of Schuyler Falls 3,Schuyler Falls Town Supervisor,,Write-in,,2
Clinton,Town of Schuyler Falls 3,Schuyler Falls Town Supervisor,,Over Votes,,0
Clinton,Town of Schuyler Falls 3,Schuyler Falls Town Supervisor,,Under Votes,,126
Clinton,Town of Schuyler Falls 1,Schuyler Falls Superintendent of Highways,,Darren Seymour,DEM,126
Clinton,Town of Schuyler Falls 1,Schuyler Falls Superintendent of Highways,,Darren Seymour,REP,195
Clinton,Town of Schuyler Falls 1,Schuyler Falls Superintendent of Highways,,Write-in,,1
Clinton,Town of Schuyler Falls 1,Schuyler Falls Superintendent of Highways,,Over Votes,,0
Clinton,Town of Schuyler Falls 1,Schuyler Falls Superintendent of Highways,,Under Votes,,36
Clinton,Town of Schuyler Falls 2,Schuyler Falls Superintendent of Highways,,Darren Seymour,REP,269
Clinton,Town of Schuyler Falls 2,Schuyler Falls Superintendent of Highways,,Darren Seymour,DEM,242
Clinton,Town of Schuyler Falls 2,Schuyler Falls Superintendent of Highways,,Write-in,,0
Clinton,Town of Schuyler Falls 2,Schuyler Falls Superintendent of Highways,,Over Votes,,0
Clinton,Town of Schuyler Falls 2,Schuyler Falls Superintendent of Highways,,Under Votes,,42
Clinton,Town of Schuyler Falls 3,Schuyler Falls Superintendent of Highways,,Darren Seymour,REP,214
Clinton,Town of Schuyler Falls 3,Schuyler Falls Superintendent of Highways,,Darren Seymour,DEM,190
Clinton,Town of Schuyler Falls 3,Schuyler Falls Superintendent of Highways,,Write-in,,4
Clinton,Town of Schuyler Falls 3,Schuyler Falls Superintendent of Highways,,Over Votes,,0
Clinton,Town of Schuyler Falls 3,Schuyler Falls Superintendent of Highways,,Under Votes,,45
Clinton,Town of Schuyler Falls 1,Schuyler Falls Town Councilperson,,Jason Rock,DEM,112
Clinton,Town of Schuyler Falls 1,Schuyler Falls Town Councilperson,,Mike Perrotte,REP,213
Clinton,Town of Schuyler Falls 1,Schuyler Falls Town Councilperson,,Timmy Aubin,REP,213
Clinton,Town of Schuyler Falls 1,Schuyler Falls Town Councilperson,,Sheila Baker,CON,43
Clinton,Town of Schuyler Falls 1,Schuyler Falls Town Councilperson,,Write-in,,0
Clinton,Town of Schuyler Falls 1,Schuyler Falls Town Councilperson,,Over Votes,,2
Clinton,Town of Schuyler Falls 1,Schuyler Falls Town Councilperson,,Under Votes,,133
Clinton,Town of Schuyler Falls 2,Schuyler Falls Town Councilperson,,Jason Rock,DEM,224
Clinton,Town of Schuyler Falls 2,Schuyler Falls Town Councilperson,,Mike Perrotte,REP,304
Clinton,Town of Schuyler Falls 2,Schuyler Falls Town Councilperson,,Timmy Aubin,REP,285
Clinton,Town of Schuyler Falls 2,Schuyler Falls Town Councilperson,,Sheila Baker,CON,61
Clinton,Town of Schuyler Falls 2,Schuyler Falls Town Councilperson,,Write-in,,2
Clinton,Town of Schuyler Falls 2,Schuyler Falls Town Councilperson,,Over Votes,,0
Clinton,Town of Schuyler Falls 2,Schuyler Falls Town Councilperson,,Under Votes,,230
Clinton,Town of Schuyler Falls 3,Schuyler Falls Town Councilperson,,Jason Rock,DEM,197
Clinton,Town of Schuyler Falls 3,Schuyler Falls Town Councilperson,,Mike Perrotte,REP,235
Clinton,Town of Schuyler Falls 3,Schuyler Falls Town Councilperson,,Timmy Aubin,REP,218
Clinton,Town of Schuyler Falls 3,Schuyler Falls Town Councilperson,,Sheila Baker,CON,54
Clinton,Town of Schuyler Falls 3,Schuyler Falls Town Councilperson,,Write-in,,1
Clinton,Town of Schuyler Falls 3,Schuyler Falls Town Councilperson,,Over Votes,,0
Clinton,Town of Schuyler Falls 3,Schuyler Falls Town Councilperson,,Under Votes,,201
Clinton,City of Plattsburgh Ward 1 District 1,State Supreme Court Justice,4,Chris Obstarczyk,CON,31
Clinton,City of Plattsburgh Ward 1 District 1,State Supreme Court Justice,4,Chris Obstarczyk,REP,76
Clinton,City of Plattsburgh Ward 1 District 1,State Supreme Court Justice,4,Kris Singh,REP,57
Clinton,City of Plattsburgh Ward 1 District 1,State Supreme Court Justice,4,Kris Singh,CON,30
Clinton,City of Plattsburgh Ward 1 District 1,State Supreme Court Justice,4,Write-in,,4
Clinton,City of Plattsburgh Ward 1 District 1,State Supreme Court Justice,4,Over Votes,,0
Clinton,City of Plattsburgh Ward 1 District 1,State Supreme Court Justice,4,Under Votes,,162
Clinton,City of Plattsburgh Ward 1 District 2,State Supreme Court Justice,4,Chris Obstarczyk,CON,70
Clinton,City of Plattsburgh Ward 1 District 2,State Supreme Court Justice,4,Chris Obstarczyk,REP,196
Clinton,City of Plattsburgh Ward 1 District 2,State Supreme Court Justice,4,Kris Singh,CON,65
Clinton,City of Plattsburgh Ward 1 District 2,State Supreme Court Justice,4,Kris Singh,REP,173
Clinton,City of Plattsburgh Ward 1 District 2,State Supreme Court Justice,4,Write-in,,11
Clinton,City of Plattsburgh Ward 1 District 2,State Supreme Court Justice,4,Over Votes,,0
Clinton,City of Plattsburgh Ward 1 District 2,State Supreme Court Justice,4,Under Votes,,511
Clinton,City of Plattsburgh Ward 1 District 3,State Supreme Court Justice,4,Chris Obstarczyk,CON,20
Clinton,City of Plattsburgh Ward 1 District 3,State Supreme Court Justice,4,Chris Obstarczyk,REP,88
Clinton,City of Plattsburgh Ward 1 District 3,State Supreme Court Justice,4,Kris Singh,CON,21
Clinton,City of Plattsburgh Ward 1 District 3,State Supreme Court Justice,4,Kris Singh,REP,82
Clinton,City of Plattsburgh Ward 1 District 3,State Supreme Court Justice,4,Write-in,,10
Clinton,City of Plattsburgh Ward 1 District 3,State Supreme Court Justice,4,Over Votes,,0
Clinton,City of Plattsburgh Ward 1 District 3,State Supreme Court Justice,4,Under Votes,,219
Clinton,City of Plattsburgh Ward 2 District 1,State Supreme Court Justice,4,Chris Obstarczyk,CON,28
Clinton,City of Plattsburgh Ward 2 District 1,State Supreme Court Justice,4,Chris Obstarczyk,REP,141
Clinton,City of Plattsburgh Ward 2 District 1,State Supreme Court Justice,4,Kris Singh,REP,113
Clinton,City of Plattsburgh Ward 2 District 1,State Supreme Court Justice,4,Kris Singh,CON,26
Clinton,City of Plattsburgh Ward 2 District 1,State Supreme Court Justice,4,Write-in,,6
Clinton,City of Plattsburgh Ward 2 District 1,State Supreme Court Justice,4,Over Votes,,0
Clinton,City of Plattsburgh Ward 2 District 1,State Supreme Court Justice,4,Under Votes,,306
Clinton,City of Plattsburgh Ward 2 District 2,State Supreme Court Justice,4,Chris Obstarczyk,CON,13
Clinton,City of Plattsburgh Ward 2 District 2,State Supreme Court Justice,4,Chris Obstarczyk,REP,47
Clinton,City of Plattsburgh Ward 2 District 2,State Supreme Court Justice,4,Kris Singh,REP,39
Clinton,City of Plattsburgh Ward 2 District 2,State Supreme Court Justice,4,Kris Singh,CON,14
Clinton,City of Plattsburgh Ward 2 District 2,State Supreme Court Justice,4,Write-in,,6
Clinton,City of Plattsburgh Ward 2 District 2,State Supreme Court Justice,4,Over Votes,,0
Clinton,City of Plattsburgh Ward 2 District 2,State Supreme Court Justice,4,Under Votes,,101
Clinton,City of Plattsburgh Ward 3 District 1,State Supreme Court Justice,4,Chris Obstarczyk,CON,58
Clinton,City of Plattsburgh Ward 3 District 1,State Supreme Court Justice,4,Chris Obstarczyk,REP,187
Clinton,City of Plattsburgh Ward 3 District 1,State Supreme Court Justice,4,Kris Singh,CON,55
Clinton,City of Plattsburgh Ward 3 District 1,State Supreme Court Justice,4,Kris Singh,REP,165
Clinton,City of Plattsburgh Ward 3 District 1,State Supreme Court Justice,4,Write-in,,4
Clinton,City of Plattsburgh Ward 3 District 1,State Supreme Court Justice,4,Over Votes,,0
Clinton,City of Plattsburgh Ward 3 District 1,State Supreme Court Justice,4,Under Votes,,387
Clinton,City of Plattsburgh Ward 3 District 2,State Supreme Court Justice,4,Chris Obstarczyk,CON,48
Clinton,City of Plattsburgh Ward 3 District 2,State Supreme Court Justice,4,Chris Obstarczyk,REP,174
Clinton,City of Plattsburgh Ward 3 District 2,State Supreme Court Justice,4,Kris Singh,CON,45
Clinton,City of Plattsburgh Ward 3 District 2,State Supreme Court Justice,4,Kris Singh,REP,151
Clinton,City of Plattsburgh Ward 3 District 2,State Supreme Court Justice,4,Write-in,,19
Clinton,City of Plattsburgh Ward 3 District 2,State Supreme Court Justice,4,Over Votes,,0
Clinton,City of Plattsburgh Ward 3 District 2,State Supreme Court Justice,4,Under Votes,,465
Clinton,City of Plattsburgh Ward 4 District 1,State Supreme Court Justice,4,Chris Obstarczyk,REP,196
Clinton,City of Plattsburgh Ward 4 District 1,State Supreme Court Justice,4,Chris Obstarczyk,CON,53
Clinton,City of Plattsburgh Ward 4 District 1,State Supreme Court Justice,4,Kris Singh,CON,45
Clinton,City of Plattsburgh Ward 4 District 1,State Supreme Court Justice,4,Kris Singh,REP,161
Clinton,City of Plattsburgh Ward 4 District 1,State Supreme Court Justice,4,Write-in,,9
Clinton,City of Plattsburgh Ward 4 District 1,State Supreme Court Justice,4,Over Votes,,0
Clinton,City of Plattsburgh Ward 4 District 1,State Supreme Court Justice,4,Under Votes,,520
Clinton,City of Plattsburgh Ward 4 District 2,State Supreme Court Justice,4,Chris Obstarczyk,CON,46
Clinton,City of Plattsburgh Ward 4 District 2,State Supreme Court Justice,4,Chris Obstarczyk,REP,254
Clinton,City of Plattsburgh Ward 4 District 2,State Supreme Court Justice,4,Kris Singh,CON,51
Clinton,City of Plattsburgh Ward 4 District 2,State Supreme Court Justice,4,Kris Singh,REP,222
Clinton,City of Plattsburgh Ward 4 District 2,State Supreme Court Justice,4,Write-in,,8
Clinton,City of Plattsburgh Ward 4 District 2,State Supreme Court Justice,4,Over Votes,,0
Clinton,City of Plattsburgh Ward 4 District 2,State Supreme Court Justice,4,Under Votes,,481
Clinton,City of Plattsburgh Ward 5 District 1,State Supreme Court Justice,4,Chris Obstarczyk,CON,21
Clinton,City of Plattsburgh Ward 5 District 1,State Supreme Court Justice,4,Chris Obstarczyk,REP,109
Clinton,City of Plattsburgh Ward 5 District 1,State Supreme Court Justice,4,Kris Singh,REP,97
Clinton,City of Plattsburgh Ward 5 District 1,State Supreme Court Justice,4,Kris Singh,CON,23
Clinton,City of Plattsburgh Ward 5 District 1,State Supreme Court Justice,4,Write-in,,16
Clinton,City of Plattsburgh Ward 5 District 1,State Supreme Court Justice,4,Over Votes,,0
Clinton,City of Plattsburgh Ward 5 District 1,State Supreme Court Justice,4,Under Votes,,280
Clinton,City of Plattsburgh Ward 5 District 2,State Supreme Court Justice,4,Chris Obstarczyk,REP,181
Clinton,City of Plattsburgh Ward 5 District 2,State Supreme Court Justice,4,Chris Obstarczyk,CON,56
Clinton,City of Plattsburgh Ward 5 District 2,State Supreme Court Justice,4,Kris Singh,CON,56
Clinton,City of Plattsburgh Ward 5 District 2,State Supreme Court Justice,4,Kris Singh,REP,154
Clinton,City of Plattsburgh Ward 5 District 2,State Supreme Court Justice,4,Write-in,,24
Clinton,City of Plattsburgh Ward 5 District 2,State Supreme Court Justice,4,Over Votes,,0
Clinton,City of Plattsburgh Ward 5 District 2,State Supreme Court Justice,4,Under Votes,,489
Clinton,City of Plattsburgh Ward 6 District 1,State Supreme Court Justice,4,Chris Obstarczyk,CON,21
Clinton,City of Plattsburgh Ward 6 District 1,State Supreme Court Justice,4,Chris Obstarczyk,REP,92
Clinton,City of Plattsburgh Ward 6 District 1,State Supreme Court Justice,4,Kris Singh,CON,22
Clinton,City of Plattsburgh Ward 6 District 1,State Supreme Court Justice,4,Kris Singh,REP,76
Clinton,City of Plattsburgh Ward 6 District 1,State Supreme Court Justice,4,Write-in,,8
Clinton,City of Plattsburgh Ward 6 District 1,State Supreme Court Justice,4,Over Votes,,0
Clinton,City of Plattsburgh Ward 6 District 1,State Supreme Court Justice,4,Under Votes,,335
Clinton,City of Plattsburgh Ward 6 District 2,State Supreme Court Justice,4,Chris Obstarczyk,CON,23
Clinton,City of Plattsburgh Ward 6 District 2,State Supreme Court Justice,4,Chris Obstarczyk,REP,65
Clinton,City of Plattsburgh Ward 6 District 2,State Supreme Court Justice,4,Kris Singh,CON,21
Clinton,City of Plattsburgh Ward 6 District 2,State Supreme Court Justice,4,Kris Singh,REP,55
Clinton,City of Plattsburgh Ward 6 District 2,State Supreme Court Justice,4,Write-in,,10
Clinton,City of Plattsburgh Ward 6 District 2,State Supreme Court Justice,4,Over Votes,,0
Clinton,City of Plattsburgh Ward 6 District 2,State Supreme Court Justice,4,Under Votes,,192
Clinton,Town of Altona 1,State Supreme Court Justice,4,Chris Obstarczyk,CON,84
Clinton,Town of Altona 1,State Supreme Court Justice,4,Chris Obstarczyk,REP,524
Clinton,Town of Altona 1,State Supreme Court Justice,4,Kris Singh,CON,77
Clinton,Town of Altona 1,State Supreme Court Justice,4,Kris Singh,REP,445
Clinton,Town of Altona 1,State Supreme Court Justice,4,Write-in,,5
Clinton,Town of Altona 1,State Supreme Court Justice,4,Over Votes,,0
Clinton,Town of Altona 1,State Supreme Court Justice,4,Under Votes,,551
Clinton,Town of AuSable 1,State Supreme Court Justice,4,Chris Obstarczyk,CON,28
Clinton,Town of AuSable 1,State Supreme Court Justice,4,Chris Obstarczyk,REP,220
Clinton,Town of AuSable 1,State Supreme Court Justice,4,Kris Singh,REP,177
Clinton,Town of AuSable 1,State Supreme Court Justice,4,Kris Singh,CON,33
Clinton,Town of AuSable 1,State Supreme Court Justice,4,Write-in,,10
Clinton,Town of AuSable 1,State Supreme Court Justice,4,Over Votes,,0
Clinton,Town of AuSable 1,State Supreme Court Justice,4,Under Votes,,292
Clinton,Town of AuSable 2,State Supreme Court Justice,4,Chris Obstarczyk,CON,39
Clinton,Town of AuSable 2,State Supreme Court Justice,4,Chris Obstarczyk,REP,192
Clinton,Town of AuSable 2,State Supreme Court Justice,4,Kris Singh,REP,146
Clinton,Town of AuSable 2,State Supreme Court Justice,4,Kris Singh,CON,40
Clinton,Town of AuSable 2,State Supreme Court Justice,4,Write-in,,0
Clinton,Town of AuSable 2,State Supreme Court Justice,4,Over Votes,,0
Clinton,Town of AuSable 2,State Supreme Court Justice,4,Under Votes,,355
Clinton,Town of Beekmantown 1,State Supreme Court Justice,4,Chris Obstarczyk,REP,193
Clinton,Town of Beekmantown 1,State Supreme Court Justice,4,Chris Obstarczyk,CON,46
Clinton,Town of Beekmantown 1,State Supreme Court Justice,4,Kris Singh,CON,39
Clinton,Town of Beekmantown 1,State Supreme Court Justice,4,Kris Singh,REP,162
Clinton,Town of Beekmantown 1,State Supreme Court Justice,4,Write-in,,2
Clinton,Town of Beekmantown 1,State Supreme Court Justice,4,Over Votes,,0
Clinton,Town of Beekmantown 1,State Supreme Court Justice,4,Under Votes,,246
Clinton,Town of Beekmantown 2,State Supreme Court Justice,4,Chris Obstarczyk,REP,232
Clinton,Town of Beekmantown 2,State Supreme Court Justice,4,Chris Obstarczyk,CON,38
Clinton,Town of Beekmantown 2,State Supreme Court Justice,4,Kris Singh,REP,195
Clinton,Town of Beekmantown 2,State Supreme Court Justice,4,Kris Singh,CON,38
Clinton,Town of Beekmantown 2,State Supreme Court Justice,4,Write-in,,7
Clinton,Town of Beekmantown 2,State Supreme Court Justice,4,Over Votes,,0
Clinton,Town of Beekmantown 2,State Supreme Court Justice,4,Under Votes,,254
Clinton,Town of Beekmantown 3,State Supreme Court Justice,4,Chris Obstarczyk,CON,70
Clinton,Town of Beekmantown 3,State Supreme Court Justice,4,Chris Obstarczyk,REP,320
Clinton,Town of Beekmantown 3,State Supreme Court Justice,4,Kris Singh,REP,276
Clinton,Town of Beekmantown 3,State Supreme Court Justice,4,Kris Singh,CON,73
Clinton,Town of Beekmantown 3,State Supreme Court Justice,4,Write-in,,9
Clinton,Town of Beekmantown 3,State Supreme Court Justice,4,Over Votes,,0
Clinton,Town of Beekmantown 3,State Supreme Court Justice,4,Under Votes,,542
Clinton,Town of Beekmantown 4,State Supreme Court Justice,4,Chris Obstarczyk,REP,338
Clinton,Town of Beekmantown 4,State Supreme Court Justice,4,Chris Obstarczyk,CON,57
Clinton,Town of Beekmantown 4,State Supreme Court Justice,4,Kris Singh,REP,294
Clinton,Town of Beekmantown 4,State Supreme Court Justice,4,Kris Singh,CON,51
Clinton,Town of Beekmantown 4,State Supreme Court Justice,4,Write-in,,8
Clinton,Town of Beekmantown 4,State Supreme Court Justice,4,Over Votes,,0
Clinton,Town of Beekmantown 4,State Supreme Court Justice,4,Under Votes,,366
Clinton,Town of Black Brook 1,State Supreme Court Justice,4,Chris Obstarczyk,REP,241
Clinton,Town of Black Brook 1,State Supreme Court Justice,4,Chris Obstarczyk,CON,26
Clinton,Town of Black Brook 1,State Supreme Court Justice,4,Kris Singh,REP,204
Clinton,Town of Black Brook 1,State Supreme Court Justice,4,Kris Singh,CON,24
Clinton,Town of Black Brook 1,State Supreme Court Justice,4,Write-in,,1
Clinton,Town of Black Brook 1,State Supreme Court Justice,4,Over Votes,,0
Clinton,Town of Black Brook 1,State Supreme Court Justice,4,Under Votes,,260
Clinton,Town of Black Brook 2,State Supreme Court Justice,4,Chris Obstarczyk,CON,20
Clinton,Town of Black Brook 2,State Supreme Court Justice,4,Chris Obstarczyk,REP,90
Clinton,Town of Black Brook 2,State Supreme Court Justice,4,Kris Singh,CON,18
Clinton,Town of Black Brook 2,State Supreme Court Justice,4,Kris Singh,REP,84
Clinton,Town of Black Brook 2,State Supreme Court Justice,4,Write-in,,1
Clinton,Town of Black Brook 2,State Supreme Court Justice,4,Over Votes,,0
Clinton,Town of Black Brook 2,State Supreme Court Justice,4,Under Votes,,95
Clinton,Town of Champlain 1,State Supreme Court Justice,4,Chris Obstarczyk,REP,270
Clinton,Town of Champlain 1,State Supreme Court Justice,4,Chris Obstarczyk,CON,49
Clinton,Town of Champlain 1,State Supreme Court Justice,4,Kris Singh,CON,48
Clinton,Town of Champlain 1,State Supreme Court Justice,4,Kris Singh,REP,229
Clinton,Town of Champlain 1,State Supreme Court Justice,4,Write-in,,1
Clinton,Town of Champlain 1,State Supreme Court Justice,4,Over Votes,,0
Clinton,Town of Champlain 1,State Supreme Court Justice,4,Under Votes,,329
Clinton,Town of Champlain 2,State Supreme Court Justice,4,Chris Obstarczyk,REP,332
Clinton,Town of Champlain 2,State Supreme Court Justice,4,Chris Obstarczyk,CON,67
Clinton,Town of Champlain 2,State Supreme Court Justice,4,Kris Singh,REP,266
Clinton,Town of Champlain 2,State Supreme Court Justice,4,Kris Singh,CON,64
Clinton,Town of Champlain 2,State Supreme Court Justice,4,Write-in,,4
Clinton,Town of Champlain 2,State Supreme Court Justice,4,Over Votes,,0
Clinton,Town of Champlain 2,State Supreme Court Justice,4,Under Votes,,393
Clinton,Town of Champlain 3,State Supreme Court Justice,4,Chris Obstarczyk,CON,57
Clinton,Town of Champlain 3,State Supreme Court Justice,4,Chris Obstarczyk,REP,364
Clinton,Town of Champlain 3,State Supreme Court Justice,4,Kris Singh,CON,52
Clinton,Town of Champlain 3,State Supreme Court Justice,4,Kris Singh,REP,312
Clinton,Town of Champlain 3,State Supreme Court Justice,4,Write-in,,2
Clinton,Town of Champlain 3,State Supreme Court Justice,4,Over Votes,,0
Clinton,Town of Champlain 3,State Supreme Court Justice,4,Under Votes,,379
Clinton,Town of Chazy 1,State Supreme Court Justice,4,Chris Obstarczyk,CON,56
Clinton,Town of Chazy 1,State Supreme Court Justice,4,Chris Obstarczyk,REP,373
Clinton,Town of Chazy 1,State Supreme Court Justice,4,Kris Singh,REP,338
Clinton,Town of Chazy 1,State Supreme Court Justice,4,Kris Singh,CON,55
Clinton,Town of Chazy 1,State Supreme Court Justice,4,Write-in,,2
Clinton,Town of Chazy 1,State Supreme Court Justice,4,Over Votes,,0
Clinton,Town of Chazy 1,State Supreme Court Justice,4,Under Votes,,472
Clinton,Town of Chazy 2,State Supreme Court Justice,4,Chris Obstarczyk,CON,59
Clinton,Town of Chazy 2,State Supreme Court Justice,4,Chris Obstarczyk,REP,409
Clinton,Town of Chazy 2,State Supreme Court Justice,4,Kris Singh,CON,55
Clinton,Town of Chazy 2,State Supreme Court Justice,4,Kris Singh,REP,346
Clinton,Town of Chazy 2,State Supreme Court Justice,4,Write-in,,3
Clinton,Town of Chazy 2,State Supreme Court Justice,4,Over Votes,,0
Clinton,Town of Chazy 2,State Supreme Court Justice,4,Under Votes,,456
Clinton,Town of Clinton 1,State Supreme Court Justice,4,Chris Obstarczyk,REP,116
Clinton,Town of Clinton 1,State Supreme Court Justice,4,Chris Obstarczyk,CON,22
Clinton,Town of Clinton 1,State Supreme Court Justice,4,Kris Singh,CON,20
Clinton,Town of Clinton 1,State Supreme Court Justice,4,Kris Singh,REP,98
Clinton,Town of Clinton 1,State Supreme Court Justice,4,Write-in,,0
Clinton,Town of Clinton 1,State Supreme Court Justice,4,Over Votes,,0
Clinton,Town of Clinton 1,State Supreme Court Justice,4,Under Votes,,162
Clinton,Town of Dannemora 1,State Supreme Court Justice,4,Chris Obstarczyk,REP,78
Clinton,Town of Dannemora 1,State Supreme Court Justice,4,Chris Obstarczyk,CON,18
Clinton,Town of Dannemora 1,State Supreme Court Justice,4,Kris Singh,REP,66
Clinton,Town of Dannemora 1,State Supreme Court Justice,4,Kris Singh,CON,15
Clinton,Town of Dannemora 1,State Supreme Court Justice,4,Write-in,,0
Clinton,Town of Dannemora 1,State Supreme Court Justice,4,Over Votes,,0
Clinton,Town of Dannemora 1,State Supreme Court Justice,4,Under Votes,,75
Clinton,Town of Dannemora 2,State Supreme Court Justice,4,Chris Obstarczyk,CON,23
Clinton,Town of Dannemora 2,State Supreme Court Justice,4,Chris Obstarczyk,REP,147
Clinton,Town of Dannemora 2,State Supreme Court Justice,4,Kris Singh,CON,22
Clinton,Town of Dannemora 2,State Supreme Court Justice,4,Kris Singh,REP,114
Clinton,Town of Dannemora 2,State Supreme Court Justice,4,Write-in,,2
Clinton,Town of Dannemora 2,State Supreme Court Justice,4,Over Votes,,0
Clinton,Town of Dannemora 2,State Supreme Court Justice,4,Under Votes,,176
Clinton,Town of Dannemora 3,State Supreme Court Justice,4,Chris Obstarczyk,CON,20
Clinton,Town of Dannemora 3,State Supreme Court Justice,4,Chris Obstarczyk,REP,102
Clinton,Town of Dannemora 3,State Supreme Court Justice,4,Kris Singh,CON,16
Clinton,Town of Dannemora 3,State Supreme Court Justice,4,Kris Singh,REP,84
Clinton,Town of Dannemora 3,State Supreme Court Justice,4,Write-in,,0
Clinton,Town of Dannemora 3,State Supreme Court Justice,4,Over Votes,,0
Clinton,Town of Dannemora 3,State Supreme Court Justice,4,Under Votes,,130
Clinton,Town of Ellenburg 1,State Supreme Court Justice,4,Chris Obstarczyk,REP,404
Clinton,Town of Ellenburg 1,State Supreme Court Justice,4,Chris Obstarczyk,CON,34
Clinton,Town of Ellenburg 1,State Supreme Court Justice,4,Kris Singh,REP,348
Clinton,Town of Ellenburg 1,State Supreme Court Justice,4,Kris Singh,CON,36
Clinton,Town of Ellenburg 1,State Supreme Court Justice,4,Write-in,,0
Clinton,Town of Ellenburg 1,State Supreme Court Justice,4,Over Votes,,0
Clinton,Town of Ellenburg 1,State Supreme Court Justice,4,Under Votes,,392
Clinton,Town of Mooers 1,State Supreme Court Justice,4,Chris Obstarczyk,CON,76
Clinton,Town of Mooers 1,State Supreme Court Justice,4,Chris Obstarczyk,REP,423
Clinton,Town of Mooers 1,State Supreme Court Justice,4,Kris Singh,REP,363
Clinton,Town of Mooers 1,State Supreme Court Justice,4,Kris Singh,CON,64
Clinton,Town of Mooers 1,State Supreme Court Justice,4,Write-in,,4
Clinton,Town of Mooers 1,State Supreme Court Justice,4,Over Votes,,2
Clinton,Town of Mooers 1,State Supreme Court Justice,4,Under Votes,,354
Clinton,Town of Mooers 2,State Supreme Court Justice,4,Chris Obstarczyk,CON,53
Clinton,Town of Mooers 2,State Supreme Court Justice,4,Chris Obstarczyk,REP,337
Clinton,Town of Mooers 2,State Supreme Court Justice,4,Kris Singh,REP,305
Clinton,Town of Mooers 2,State Supreme Court Justice,4,Kris Singh,CON,56
Clinton,Town of Mooers 2,State Supreme Court Justice,4,Write-in,,4
Clinton,Town of Mooers 2,State Supreme Court Justice,4,Over Votes,,0
Clinton,Town of Mooers 2,State Supreme Court Justice,4,Under Votes,,295
Clinton,Town of Peru 1,State Supreme Court Justice,4,Chris Obstarczyk,REP,227
Clinton,Town of Peru 1,State Supreme Court Justice,4,Chris Obstarczyk,CON,29
Clinton,Town of Peru 1,State Supreme Court Justice,4,Kris Singh,REP,199
Clinton,Town of Peru 1,State Supreme Court Justice,4,Kris Singh,CON,31
Clinton,Town of Peru 1,State Supreme Court Justice,4,Write-in,,6
Clinton,Town of Peru 1,State Supreme Court Justice,4,Over Votes,,0
Clinton,Town of Peru 1,State Supreme Court Justice,4,Under Votes,,344
Clinton,Town of Peru 2,State Supreme Court Justice,4,Chris Obstarczyk,CON,68
Clinton,Town of Peru 2,State Supreme Court Justice,4,Chris Obstarczyk,REP,399
Clinton,Town of Peru 2,State Supreme Court Justice,4,Kris Singh,REP,350
Clinton,Town of Peru 2,State Supreme Court Justice,4,Kris Singh,CON,60
Clinton,Town of Peru 2,State Supreme Court Justice,4,Write-in,,9
Clinton,Town of Peru 2,State Supreme Court Justice,4,Over Votes,,2
Clinton,Town of Peru 2,State Supreme Court Justice,4,Under Votes,,516
Clinton,Town of Peru 3,State Supreme Court Justice,4,Chris Obstarczyk,REP,246
Clinton,Town of Peru 3,State Supreme Court Justice,4,Chris Obstarczyk,CON,49
Clinton,Town of Peru 3,State Supreme Court Justice,4,Kris Singh,REP,205
Clinton,Town of Peru 3,State Supreme Court Justice,4,Kris Singh,CON,44
Clinton,Town of Peru 3,State Supreme Court Justice,4,Write-in,,5
Clinton,Town of Peru 3,State Supreme Court Justice,4,Over Votes,,0
Clinton,Town of Peru 3,State Supreme Court Justice,4,Under Votes,,269
Clinton,Town of Peru 4,State Supreme Court Justice,4,Chris Obstarczyk,REP,333
Clinton,Town of Peru 4,State Supreme Court Justice,4,Chris Obstarczyk,CON,58
Clinton,Town of Peru 4,State Supreme Court Justice,4,Kris Singh,CON,51
Clinton,Town of Peru 4,State Supreme Court Justice,4,Kris Singh,REP,275
Clinton,Town of Peru 4,State Supreme Court Justice,4,Write-in,,3
Clinton,Town of Peru 4,State Supreme Court Justice,4,Over Votes,,0
Clinton,Town of Peru 4,State Supreme Court Justice,4,Under Votes,,432
Clinton,Town of Plattsburgh 1,State Supreme Court Justice,4,Chris Obstarczyk,CON,33
Clinton,Town of Plattsburgh 1,State Supreme Court Justice,4,Chris Obstarczyk,REP,152
Clinton,Town of Plattsburgh 1,State Supreme Court Justice,4,Kris Singh,REP,132
Clinton,Town of Plattsburgh 1,State Supreme Court Justice,4,Kris Singh,CON,32
Clinton,Town of Plattsburgh 1,State Supreme Court Justice,4,Write-in,,0
Clinton,Town of Plattsburgh 1,State Supreme Court Justice,4,Over Votes,,0
Clinton,Town of Plattsburgh 1,State Supreme Court Justice,4,Under Votes,,315
Clinton,Town of Plattsburgh 2,State Supreme Court Justice,4,Chris Obstarczyk,CON,57
Clinton,Town of Plattsburgh 2,State Supreme Court Justice,4,Chris Obstarczyk,REP,239
Clinton,Town of Plattsburgh 2,State Supreme Court Justice,4,Kris Singh,REP,212
Clinton,Town of Plattsburgh 2,State Supreme Court Justice,4,Kris Singh,CON,53
Clinton,Town of Plattsburgh 2,State Supreme Court Justice,4,Write-in,,6
Clinton,Town of Plattsburgh 2,State Supreme Court Justice,4,Over Votes,,2
Clinton,Town of Plattsburgh 2,State Supreme Court Justice,4,Under Votes,,345
Clinton,Town of Plattsburgh 3,State Supreme Court Justice,4,Chris Obstarczyk,REP,323
Clinton,Town of Plattsburgh 3,State Supreme Court Justice,4,Chris Obstarczyk,CON,69
Clinton,Town of Plattsburgh 3,State Supreme Court Justice,4,Kris Singh,REP,288
Clinton,Town of Plattsburgh 3,State Supreme Court Justice,4,Kris Singh,CON,63
Clinton,Town of Plattsburgh 3,State Supreme Court Justice,4,Write-in,,6
Clinton,Town of Plattsburgh 3,State Supreme Court Justice,4,Over Votes,,0
Clinton,Town of Plattsburgh 3,State Supreme Court Justice,4,Under Votes,,569
Clinton,Town of Plattsburgh 4,State Supreme Court Justice,4,Chris Obstarczyk,CON,53
Clinton,Town of Plattsburgh 4,State Supreme Court Justice,4,Chris Obstarczyk,REP,382
Clinton,Town of Plattsburgh 4,State Supreme Court Justice,4,Kris Singh,CON,63
Clinton,Town of Plattsburgh 4,State Supreme Court Justice,4,Kris Singh,REP,347
Clinton,Town of Plattsburgh 4,State Supreme Court Justice,4,Write-in,,2
Clinton,Town of Plattsburgh 4,State Supreme Court Justice,4,Over Votes,,0
Clinton,Town of Plattsburgh 4,State Supreme Court Justice,4,Under Votes,,467
Clinton,Town of Plattsburgh 5,State Supreme Court Justice,4,Chris Obstarczyk,CON,31
Clinton,Town of Plattsburgh 5,State Supreme Court Justice,4,Chris Obstarczyk,REP,123
Clinton,Town of Plattsburgh 5,State Supreme Court Justice,4,Kris Singh,CON,28
Clinton,Town of Plattsburgh 5,State Supreme Court Justice,4,Kris Singh,REP,103
Clinton,Town of Plattsburgh 5,State Supreme Court Justice,4,Write-in,,6
Clinton,Town of Plattsburgh 5,State Supreme Court Justice,4,Over Votes,,0
Clinton,Town of Plattsburgh 5,State Supreme Court Justice,4,Under Votes,,153
Clinton,Town of Plattsburgh 6,State Supreme Court Justice,4,Chris Obstarczyk,CON,63
Clinton,Town of Plattsburgh 6,State Supreme Court Justice,4,Chris Obstarczyk,REP,416
Clinton,Town of Plattsburgh 6,State Supreme Court Justice,4,Kris Singh,REP,364
Clinton,Town of Plattsburgh 6,State Supreme Court Justice,4,Kris Singh,CON,69
Clinton,Town of Plattsburgh 6,State Supreme Court Justice,4,Write-in,,9
Clinton,Town of Plattsburgh 6,State Supreme Court Justice,4,Over Votes,,0
Clinton,Town of Plattsburgh 6,State Supreme Court Justice,4,Under Votes,,765
Clinton,Town of Plattsburgh 7,State Supreme Court Justice,4,Chris Obstarczyk,CON,51
Clinton,Town of Plattsburgh 7,State Supreme Court Justice,4,Chris Obstarczyk,REP,258
Clinton,Town of Plattsburgh 7,State Supreme Court Justice,4,Kris Singh,REP,226
Clinton,Town of Plattsburgh 7,State Supreme Court Justice,4,Kris Singh,CON,48
Clinton,Town of Plattsburgh 7,State Supreme Court Justice,4,Write-in,,0
Clinton,Town of Plattsburgh 7,State Supreme Court Justice,4,Over Votes,,0
Clinton,Town of Plattsburgh 7,State Supreme Court Justice,4,Under Votes,,303
Clinton,Town of Saranac 1,State Supreme Court Justice,4,Chris Obstarczyk,REP,382
Clinton,Town of Saranac 1,State Supreme Court Justice,4,Chris Obstarczyk,CON,57
Clinton,Town of Saranac 1,State Supreme Court Justice,4,Kris Singh,REP,336
Clinton,Town of Saranac 1,State Supreme Court Justice,4,Kris Singh,CON,52
Clinton,Town of Saranac 1,State Supreme Court Justice,4,Write-in,,4
Clinton,Town of Saranac 1,State Supreme Court Justice,4,Over Votes,,4
Clinton,Town of Saranac 1,State Supreme Court Justice,4,Under Votes,,437
Clinton,Town of Saranac 2,State Supreme Court Justice,4,Chris Obstarczyk,CON,37
Clinton,Town of Saranac 2,State Supreme Court Justice,4,Chris Obstarczyk,REP,278
Clinton,Town of Saranac 2,State Supreme Court Justice,4,Kris Singh,CON,34
Clinton,Town of Saranac 2,State Supreme Court Justice,4,Kris Singh,REP,248
Clinton,Town of Saranac 2,State Supreme Court Justice,4,Write-in,,1
Clinton,Town of Saranac 2,State Supreme Court Justice,4,Over Votes,,0
Clinton,Town of Saranac 2,State Supreme Court Justice,4,Under Votes,,254
Clinton,Town of Saranac 3,State Supreme Court Justice,4,Chris Obstarczyk,CON,46
Clinton,Town of Saranac 3,State Supreme Court Justice,4,Chris Obstarczyk,REP,219
Clinton,Town of Saranac 3,State Supreme Court Justice,4,Kris Singh,REP,195
Clinton,Town of Saranac 3,State Supreme Court Justice,4,Kris Singh,CON,34
Clinton,Town of Saranac 3,State Supreme Court Justice,4,Write-in,,2
Clinton,Town of Saranac 3,State Supreme Court Justice,4,Over Votes,,0
Clinton,Town of Saranac 3,State Supreme Court Justice,4,Under Votes,,228
Clinton,Town of Schuyler Falls 1,State Supreme Court Justice,4,Chris Obstarczyk,REP,211
Clinton,Town of Schuyler Falls 1,State Supreme Court Justice,4,Chris Obstarczyk,CON,42
Clinton,Town of Schuyler Falls 1,State Supreme Court Justice,4,Kris Singh,REP,180
Clinton,Town of Schuyler Falls 1,State Supreme Court Justice,4,Kris Singh,CON,43
Clinton,Town of Schuyler Falls 1,State Supreme Court Justice,4,Write-in,,2
Clinton,Town of Schuyler Falls 1,State Supreme Court Justice,4,Over Votes,,0
Clinton,Town of Schuyler Falls 1,State Supreme Court Justice,4,Under Votes,,238
Clinton,Town of Schuyler Falls 2,State Supreme Court Justice,4,Chris Obstarczyk,CON,78
Clinton,Town of Schuyler Falls 2,State Supreme Court Justice,4,Chris Obstarczyk,REP,329
Clinton,Town of Schuyler Falls 2,State Supreme Court Justice,4,Kris Singh,CON,71
Clinton,Town of Schuyler Falls 2,State Supreme Court Justice,4,Kris Singh,REP,267
Clinton,Town of Schuyler Falls 2,State Supreme Court Justice,4,Write-in,,5
Clinton,Town of Schuyler Falls 2,State Supreme Court Justice,4,Over Votes,,0
Clinton,Town of Schuyler Falls 2,State Supreme Court Justice,4,Under Votes,,356
Clinton,Town of Schuyler Falls 3,State Supreme Court Justice,4,Chris Obstarczyk,CON,62
Clinton,Town of Schuyler Falls 3,State Supreme Court Justice,4,Chris Obstarczyk,REP,275
Clinton,Town of Schuyler Falls 3,State Supreme Court Justice,4,Kris Singh,CON,54
Clinton,Town of Schuyler Falls 3,State Supreme Court Justice,4,Kris Singh,REP,210
Clinton,Town of Schuyler Falls 3,State Supreme Court Justice,4,Write-in,,0
Clinton,Town of Schuyler Falls 3,State Supreme Court Justice,4,Over Votes,,0
Clinton,Town of Schuyler Falls 3,State Supreme Court Justice,4,Under Votes,,305
Clinton,Town of Mooers 1,Mooers Town Justice,,Dave Kokes,REP,544
Clinton,Town of Mooers 1,Mooers Town Justice,,Write-in,,3
Clinton,Town of Mooers 1,Mooers Town Justice,,Over Votes,,1
Clinton,Town of Mooers 1,Mooers Town Justice,,Under Votes,,95
Clinton,Town of Mooers 2,Mooers Town Justice,,Dave Kokes,REP,416
Clinton,Town of Mooers 2,Mooers Town Justice,,Write-in,,0
Clinton,Town of Mooers 2,Mooers Town Justice,,Over Votes,,0
Clinton,Town of Mooers 2,Mooers Town Justice,,Under Votes,,109
Clinton,Town of Peru 1,Peru Town Justice,,Sarah Mitchell,DEM,252
Clinton,Town of Peru 1,Peru Town Justice,,Sarah Mitchell,We are Peru,42
Clinton,Town of Peru 1,Peru Town Justice,,Write-in,,10
Clinton,Town of Peru 1,Peru Town Justice,,Jim Kirby,,26
Clinton,Town of Peru 1,Peru Town Justice,,Over Votes,,0
Clinton,Town of Peru 1,Peru Town Justice,,Under Votes,,88
Clinton,Town of Peru 2,Peru Town Justice,,Sarah Mitchell,We are Peru,104
Clinton,Town of Peru 2,Peru Town Justice,,Sarah Mitchell,DEM,407
Clinton,Town of Peru 2,Peru Town Justice,,Write-in,,18
Clinton,Town of Peru 2,Peru Town Justice,,Jim Kirby,,51
Clinton,Town of Peru 2,Peru Town Justice,,Over Votes,,1
Clinton,Town of Peru 2,Peru Town Justice,,Under Votes,,121
Clinton,Town of Peru 3,Peru Town Justice,,Sarah Mitchell,We are Peru,56
Clinton,Town of Peru 3,Peru Town Justice,,Sarah Mitchell,DEM,201
Clinton,Town of Peru 3,Peru Town Justice,,Write-in,,5
Clinton,Town of Peru 3,Peru Town Justice,,Jim Kirby,,38
Clinton,Town of Peru 3,Peru Town Justice,,Over Votes,,0
Clinton,Town of Peru 3,Peru Town Justice,,Under Votes,,109
Clinton,Town of Peru 4,Peru Town Justice,,Sarah Mitchell,We are Peru,71
Clinton,Town of Peru 4,Peru Town Justice,,Sarah Mitchell,DEM,323
Clinton,Town of Peru 4,Peru Town Justice,,Write-in,,10
Clinton,Town of Peru 4,Peru Town Justice,,Jim Kirby,,47
Clinton,Town of Peru 4,Peru Town Justice,,Over Votes,,0
Clinton,Town of Peru 4,Peru Town Justice,,Under Votes,,125
Clinton,Town of Plattsburgh 1,Plattsburgh Town Justice,,Kristofer Michaud,DEM,210
Clinton,Town of Plattsburgh 1,Plattsburgh Town Justice,,Kristofer Michaud,WOR,15
Clinton,Town of Plattsburgh 1,Plattsburgh Town Justice,,Scott Hite,REP,99
Clinton,Town of Plattsburgh 1,Plattsburgh Town Justice,,Write-in,,0
Clinton,Town of Plattsburgh 1,Plattsburgh Town Justice,,Over Votes,,0
Clinton,Town of Plattsburgh 1,Plattsburgh Town Justice,,Under Votes,,8
Clinton,Town of Plattsburgh 2,Plattsburgh Town Justice,,Kristofer Michaud,DEM,217
Clinton,Town of Plattsburgh 2,Plattsburgh Town Justice,,Kristofer Michaud,WOR,27
Clinton,Town of Plattsburgh 2,Plattsburgh Town Justice,,Scott Hite,REP,194
Clinton,Town of Plattsburgh 2,Plattsburgh Town Justice,,Write-in,,0
Clinton,Town of Plattsburgh 2,Plattsburgh Town Justice,,Over Votes,,1
Clinton,Town of Plattsburgh 2,Plattsburgh Town Justice,,Under Votes,,18
Clinton,Town of Plattsburgh 3,Plattsburgh Town Justice,,Kristofer Michaud,DEM,388
Clinton,Town of Plattsburgh 3,Plattsburgh Town Justice,,Kristofer Michaud,WOR,34
Clinton,Town of Plattsburgh 3,Plattsburgh Town Justice,,Scott Hite,REP,218
Clinton,Town of Plattsburgh 3,Plattsburgh Town Justice,,Write-in,,0
Clinton,Town of Plattsburgh 3,Plattsburgh Town Justice,,Over Votes,,0
Clinton,Town of Plattsburgh 3,Plattsburgh Town Justice,,Under Votes,,19
Clinton,Town of Plattsburgh 4,Plattsburgh Town Justice,,Kristofer Michaud,DEM,315
Clinton,Town of Plattsburgh 4,Plattsburgh Town Justice,,Kristofer Michaud,WOR,34
Clinton,Town of Plattsburgh 4,Plattsburgh Town Justice,,Scott Hite,REP,290
Clinton,Town of Plattsburgh 4,Plattsburgh Town Justice,,Write-in,,0
Clinton,Town of Plattsburgh 4,Plattsburgh Town Justice,,Over Votes,,2
Clinton,Town of Plattsburgh 4,Plattsburgh Town Justice,,Under Votes,,16
Clinton,Town of Plattsburgh 5,Plattsburgh Town Justice,,Kristofer Michaud,WOR,18
Clinton,Town of Plattsburgh 5,Plattsburgh Town Justice,,Kristofer Michaud,DEM,111
Clinton,Town of Plattsburgh 5,Plattsburgh Town Justice,,Scott Hite,REP,84
Clinton,Town of Plattsburgh 5,Plattsburgh Town Justice,,Write-in,,0
Clinton,Town of Plattsburgh 5,Plattsburgh Town Justice,,Over Votes,,0
Clinton,Town of Plattsburgh 5,Plattsburgh Town Justice,,Under Votes,,9
Clinton,Town of Plattsburgh 6,Plattsburgh Town Justice,,Kristofer Michaud,DEM,479
Clinton,Town of Plattsburgh 6,Plattsburgh Town Justice,,Kristofer Michaud,WOR,34
Clinton,Town of Plattsburgh 6,Plattsburgh Town Justice,,Scott Hite,REP,303
Clinton,Town of Plattsburgh 6,Plattsburgh Town Justice,,Write-in,,0
Clinton,Town of Plattsburgh 6,Plattsburgh Town Justice,,Over Votes,,0
Clinton,Town of Plattsburgh 6,Plattsburgh Town Justice,,Under Votes,,27
Clinton,Town of Plattsburgh 7,Plattsburgh Town Justice,,Kristofer Michaud,WOR,26
Clinton,Town of Plattsburgh 7,Plattsburgh Town Justice,,Kristofer Michaud,DEM,191
Clinton,Town of Plattsburgh 7,Plattsburgh Town Justice,,Scott Hite,REP,217
Clinton,Town of Plattsburgh 7,Plattsburgh Town Justice,,Write-in,,0
Clinton,Town of Plattsburgh 7,Plattsburgh Town Justice,,Over Votes,,0
Clinton,Town of Plattsburgh 7,Plattsburgh Town Justice,,Under Votes,,9
Clinton,Town of Saranac 1,Saranac Town Justice,,P.J. Lawton,REP,480
Clinton,Town of Saranac 1,Saranac Town Justice,,Write-in,,2
Clinton,Town of Saranac 1,Saranac Town Justice,,Over Votes,,1
Clinton,Town of Saranac 1,Saranac Town Justice,,Under Votes,,153
Clinton,Town of Saranac 2,Saranac Town Justice,,P.J. Lawton,REP,341
Clinton,Town of Saranac 2,Saranac Town Justice,,Write-in,,0
Clinton,Town of Saranac 2,Saranac Town Justice,,Over Votes,,0
Clinton,Town of Saranac 2,Saranac Town Justice,,Under Votes,,85
Clinton,Town of Saranac 3,Saranac Town Justice,,P.J. Lawton,REP,272
Clinton,Town of Saranac 3,Saranac Town Justice,,Write-in,,1
Clinton,Town of Saranac 3,Saranac Town Justice,,Over Votes,,0
Clinton,Town of Saranac 3,Saranac Town Justice,,Under Votes,,89
Clinton,City of Plattsburgh Ward 1 District 1,Proposal Number ONE,,Yes,,102
Clinton,City of Plattsburgh Ward 1 District 1,Proposal Number ONE,,No,,71
Clinton,City of Plattsburgh Ward 1 District 1,Proposal Number ONE,,Over Votes,,0
Clinton,City of Plattsburgh Ward 1 District 1,Proposal Number ONE,,Under Votes,,7
Clinton,City of Plattsburgh Ward 1 District 2,Proposal Number ONE,,Yes,,367
Clinton,City of Plattsburgh Ward 1 District 2,Proposal Number ONE,,No,,122
Clinton,City of Plattsburgh Ward 1 District 2,Proposal Number ONE,,Over Votes,,0
Clinton,City of Plattsburgh Ward 1 District 2,Proposal Number ONE,,Under Votes,,24
Clinton,City of Plattsburgh Ward 1 District 3,Proposal Number ONE,,Yes,,166
Clinton,City of Plattsburgh Ward 1 District 3,Proposal Number ONE,,No,,48
Clinton,City of Plattsburgh Ward 1 District 3,Proposal Number ONE,,Over Votes,,0
Clinton,City of Plattsburgh Ward 1 District 3,Proposal Number ONE,,Under Votes,,6
Clinton,City of Plattsburgh Ward 2 District 1,Proposal Number ONE,,Yes,,216
Clinton,City of Plattsburgh Ward 2 District 1,Proposal Number ONE,,No,,82
Clinton,City of Plattsburgh Ward 2 District 1,Proposal Number ONE,,Over Votes,,0
Clinton,City of Plattsburgh Ward 2 District 1,Proposal Number ONE,,Under Votes,,12
Clinton,City of Plattsburgh Ward 2 District 2,Proposal Number ONE,,Yes,,71
Clinton,City of Plattsburgh Ward 2 District 2,Proposal Number ONE,,No,,38
Clinton,City of Plattsburgh Ward 2 District 2,Proposal Number ONE,,Over Votes,,0
Clinton,City of Plattsburgh Ward 2 District 2,Proposal Number ONE,,Under Votes,,1
Clinton,City of Plattsburgh Ward 3 District 1,Proposal Number ONE,,Yes,,312
Clinton,City of Plattsburgh Ward 3 District 1,Proposal Number ONE,,No,,100
Clinton,City of Plattsburgh Ward 3 District 1,Proposal Number ONE,,Over Votes,,0
Clinton,City of Plattsburgh Ward 3 District 1,Proposal Number ONE,,Under Votes,,16
Clinton,City of Plattsburgh Ward 3 District 2,Proposal Number ONE,,Yes,,322
Clinton,City of Plattsburgh Ward 3 District 2,Proposal Number ONE,,No,,115
Clinton,City of Plattsburgh Ward 3 District 2,Proposal Number ONE,,Over Votes,,0
Clinton,City of Plattsburgh Ward 3 District 2,Proposal Number ONE,,Under Votes,,14
Clinton,City of Plattsburgh Ward 4 District 1,Proposal Number ONE,,Yes,,372
Clinton,City of Plattsburgh Ward 4 District 1,Proposal Number ONE,,No,,110
Clinton,City of Plattsburgh Ward 4 District 1,Proposal Number ONE,,Over Votes,,1
Clinton,City of Plattsburgh Ward 4 District 1,Proposal Number ONE,,Under Votes,,9
Clinton,City of Plattsburgh Ward 4 District 2,Proposal Number ONE,,Yes,,402
Clinton,City of Plattsburgh Ward 4 District 2,Proposal Number ONE,,No,,116
Clinton,City of Plattsburgh Ward 4 District 2,Proposal Number ONE,,Over Votes,,0
Clinton,City of Plattsburgh Ward 4 District 2,Proposal Number ONE,,Under Votes,,13
Clinton,City of Plattsburgh Ward 5 District 1,Proposal Number ONE,,Yes,,199
Clinton,City of Plattsburgh Ward 5 District 1,Proposal Number ONE,,No,,71
Clinton,City of Plattsburgh Ward 5 District 1,Proposal Number ONE,,Over Votes,,0
Clinton,City of Plattsburgh Ward 5 District 1,Proposal Number ONE,,Under Votes,,3
Clinton,City of Plattsburgh Ward 5 District 2,Proposal Number ONE,,Yes,,349
Clinton,City of Plattsburgh Ward 5 District 2,Proposal Number ONE,,No,,125
Clinton,City of Plattsburgh Ward 5 District 2,Proposal Number ONE,,Over Votes,,0
Clinton,City of Plattsburgh Ward 5 District 2,Proposal Number ONE,,Under Votes,,6
Clinton,City of Plattsburgh Ward 6 District 1,Proposal Number ONE,,Yes,,195
Clinton,City of Plattsburgh Ward 6 District 1,Proposal Number ONE,,No,,69
Clinton,City of Plattsburgh Ward 6 District 1,Proposal Number ONE,,Over Votes,,0
Clinton,City of Plattsburgh Ward 6 District 1,Proposal Number ONE,,Under Votes,,13
Clinton,City of Plattsburgh Ward 6 District 2,Proposal Number ONE,,Yes,,123
Clinton,City of Plattsburgh Ward 6 District 2,Proposal Number ONE,,No,,52
Clinton,City of Plattsburgh Ward 6 District 2,Proposal Number ONE,,Over Votes,,0
Clinton,City of Plattsburgh Ward 6 District 2,Proposal Number ONE,,Under Votes,,8
Clinton,Town of Altona 1,Proposal Number ONE,,Yes,,478
Clinton,Town of Altona 1,Proposal Number ONE,,No,,305
Clinton,Town of Altona 1,Proposal Number ONE,,Over Votes,,0
Clinton,Town of Altona 1,Proposal Number ONE,,Under Votes,,60
Clinton,Town of AuSable 1,Proposal Number ONE,,Yes,,220
Clinton,Town of AuSable 1,Proposal Number ONE,,No,,139
Clinton,Town of AuSable 1,Proposal Number ONE,,Over Votes,,0
Clinton,Town of AuSable 1,Proposal Number ONE,,Under Votes,,21
Clinton,Town of AuSable 2,Proposal Number ONE,,Yes,,267
Clinton,Town of AuSable 2,Proposal Number ONE,,No,,105
Clinton,Town of AuSable 2,Proposal Number ONE,,Over Votes,,0
Clinton,Town of AuSable 2,Proposal Number ONE,,Under Votes,,14
Clinton,Town of Beekmantown 1,Proposal Number ONE,,Yes,,235
Clinton,Town of Beekmantown 1,Proposal Number ONE,,No,,100
Clinton,Town of Beekmantown 1,Proposal Number ONE,,Over Votes,,0
Clinton,Town of Beekmantown 1,Proposal Number ONE,,Under Votes,,9
Clinton,Town of Beekmantown 2,Proposal Number ONE,,Yes,,250
Clinton,Town of Beekmantown 2,Proposal Number ONE,,No,,120
Clinton,Town of Beekmantown 2,Proposal Number ONE,,Over Votes,,0
Clinton,Town of Beekmantown 2,Proposal Number ONE,,Under Votes,,12
Clinton,Town of Beekmantown 3,Proposal Number ONE,,Yes,,444
Clinton,Town of Beekmantown 3,Proposal Number ONE,,No,,184
Clinton,Town of Beekmantown 3,Proposal Number ONE,,Over Votes,,0
Clinton,Town of Beekmantown 3,Proposal Number ONE,,Under Votes,,17
Clinton,Town of Beekmantown 4,Proposal Number ONE,,Yes,,397
Clinton,Town of Beekmantown 4,Proposal Number ONE,,No,,149
Clinton,Town of Beekmantown 4,Proposal Number ONE,,Over Votes,,0
Clinton,Town of Beekmantown 4,Proposal Number ONE,,Under Votes,,11
Clinton,Town of Black Brook 1,Proposal Number ONE,,Yes,,206
Clinton,Town of Black Brook 1,Proposal Number ONE,,No,,165
Clinton,Town of Black Brook 1,Proposal Number ONE,,Over Votes,,0
Clinton,Town of Black Brook 1,Proposal Number ONE,,Under Votes,,7
Clinton,Town of Black Brook 2,Proposal Number ONE,,Yes,,90
Clinton,Town of Black Brook 2,Proposal Number ONE,,No,,64
Clinton,Town of Black Brook 2,Proposal Number ONE,,Over Votes,,0
Clinton,Town of Black Brook 2,Proposal Number ONE,,Under Votes,,0
Clinton,Town of Champlain 1,Proposal Number ONE,,Yes,,295
Clinton,Town of Champlain 1,Proposal Number ONE,,No,,146
Clinton,Town of Champlain 1,Proposal Number ONE,,Over Votes,,0
Clinton,Town of Champlain 1,Proposal Number ONE,,Under Votes,,22
Clinton,Town of Champlain 2,Proposal Number ONE,,Yes,,414
Clinton,Town of Champlain 2,Proposal Number ONE,,No,,131
Clinton,Town of Champlain 2,Proposal Number ONE,,Over Votes,,0
Clinton,Town of Champlain 2,Proposal Number ONE,,Under Votes,,18
Clinton,Town of Champlain 3,Proposal Number ONE,,Yes,,362
Clinton,Town of Champlain 3,Proposal Number ONE,,No,,191
Clinton,Town of Champlain 3,Proposal Number ONE,,Over Votes,,0
Clinton,Town of Champlain 3,Proposal Number ONE,,Under Votes,,30
Clinton,Town of Chazy 1,Proposal Number ONE,,Yes,,442
Clinton,Town of Chazy 1,Proposal Number ONE,,No,,178
Clinton,Town of Chazy 1,Proposal Number ONE,,Over Votes,,1
Clinton,Town of Chazy 1,Proposal Number ONE,,Under Votes,,27
Clinton,Town of Chazy 2,Proposal Number ONE,,Yes,,418
Clinton,Town of Chazy 2,Proposal Number ONE,,No,,220
Clinton,Town of Chazy 2,Proposal Number ONE,,Over Votes,,0
Clinton,Town of Chazy 2,Proposal Number ONE,,Under Votes,,26
Clinton,Town of Clinton 1,Proposal Number ONE,,Yes,,112
Clinton,Town of Clinton 1,Proposal Number ONE,,No,,72
Clinton,Town of Clinton 1,Proposal Number ONE,,Over Votes,,0
Clinton,Town of Clinton 1,Proposal Number ONE,,Under Votes,,25
Clinton,Town of Dannemora 1,Proposal Number ONE,,Yes,,77
Clinton,Town of Dannemora 1,Proposal Number ONE,,No,,49
Clinton,Town of Dannemora 1,Proposal Number ONE,,Over Votes,,0
Clinton,Town of Dannemora 1,Proposal Number ONE,,Under Votes,,0
Clinton,Town of Dannemora 2,Proposal Number ONE,,Yes,,144
Clinton,Town of Dannemora 2,Proposal Number ONE,,No,,92
Clinton,Town of Dannemora 2,Proposal Number ONE,,Over Votes,,0
Clinton,Town of Dannemora 2,Proposal Number ONE,,Under Votes,,6
Clinton,Town of Dannemora 3,Proposal Number ONE,,Yes,,100
Clinton,Town of Dannemora 3,Proposal Number ONE,,No,,72
Clinton,Town of Dannemora 3,Proposal Number ONE,,Over Votes,,0
Clinton,Town of Dannemora 3,Proposal Number ONE,,Under Votes,,4
Clinton,Town of Ellenburg 1,Proposal Number ONE,,Yes,,349
Clinton,Town of Ellenburg 1,Proposal Number ONE,,No,,233
Clinton,Town of Ellenburg 1,Proposal Number ONE,,Over Votes,,0
Clinton,Town of Ellenburg 1,Proposal Number ONE,,Under Votes,,25
Clinton,Town of Mooers 1,Proposal Number ONE,,Yes,,394
Clinton,Town of Mooers 1,Proposal Number ONE,,No,,229
Clinton,Town of Mooers 1,Proposal Number ONE,,Over Votes,,1
Clinton,Town of Mooers 1,Proposal Number ONE,,Under Votes,,19
Clinton,Town of Mooers 2,Proposal Number ONE,,Yes,,319
Clinton,Town of Mooers 2,Proposal Number ONE,,No,,188
Clinton,Town of Mooers 2,Proposal Number ONE,,Over Votes,,0
Clinton,Town of Mooers 2,Proposal Number ONE,,Under Votes,,18
Clinton,Town of Peru 1,Proposal Number ONE,,Yes,,305
Clinton,Town of Peru 1,Proposal Number ONE,,No,,106
Clinton,Town of Peru 1,Proposal Number ONE,,Over Votes,,0
Clinton,Town of Peru 1,Proposal Number ONE,,Under Votes,,7
Clinton,Town of Peru 2,Proposal Number ONE,,Yes,,465
Clinton,Town of Peru 2,Proposal Number ONE,,No,,213
Clinton,Town of Peru 2,Proposal Number ONE,,Over Votes,,0
Clinton,Town of Peru 2,Proposal Number ONE,,Under Votes,,24
Clinton,Town of Peru 3,Proposal Number ONE,,Yes,,252
Clinton,Town of Peru 3,Proposal Number ONE,,No,,148
Clinton,Town of Peru 3,Proposal Number ONE,,Over Votes,,0
Clinton,Town of Peru 3,Proposal Number ONE,,Under Votes,,9
Clinton,Town of Peru 4,Proposal Number ONE,,Yes,,419
Clinton,Town of Peru 4,Proposal Number ONE,,No,,148
Clinton,Town of Peru 4,Proposal Number ONE,,Over Votes,,0
Clinton,Town of Peru 4,Proposal Number ONE,,Under Votes,,9
Clinton,Town of Plattsburgh 1,Proposal Number ONE,,Yes,,249
Clinton,Town of Plattsburgh 1,Proposal Number ONE,,No,,76
Clinton,Town of Plattsburgh 1,Proposal Number ONE,,Over Votes,,0
Clinton,Town of Plattsburgh 1,Proposal Number ONE,,Under Votes,,7
Clinton,Town of Plattsburgh 2,Proposal Number ONE,,Yes,,335
Clinton,Town of Plattsburgh 2,Proposal Number ONE,,No,,114
Clinton,Town of Plattsburgh 2,Proposal Number ONE,,Over Votes,,0
Clinton,Town of Plattsburgh 2,Proposal Number ONE,,Under Votes,,8
Clinton,Town of Plattsburgh 3,Proposal Number ONE,,Yes,,447
Clinton,Town of Plattsburgh 3,Proposal Number ONE,,No,,195
Clinton,Town of Plattsburgh 3,Proposal Number ONE,,Over Votes,,0
Clinton,Town of Plattsburgh 3,Proposal Number ONE,,Under Votes,,17
Clinton,Town of Plattsburgh 4,Proposal Number ONE,,Yes,,443
Clinton,Town of Plattsburgh 4,Proposal Number ONE,,No,,186
Clinton,Town of Plattsburgh 4,Proposal Number ONE,,Over Votes,,0
Clinton,Town of Plattsburgh 4,Proposal Number ONE,,Under Votes,,28
Clinton,Town of Plattsburgh 5,Proposal Number ONE,,Yes,,158
Clinton,Town of Plattsburgh 5,Proposal Number ONE,,No,,60
Clinton,Town of Plattsburgh 5,Proposal Number ONE,,Over Votes,,0
Clinton,Town of Plattsburgh 5,Proposal Number ONE,,Under Votes,,4
Clinton,Town of Plattsburgh 6,Proposal Number ONE,,Yes,,618
Clinton,Town of Plattsburgh 6,Proposal Number ONE,,No,,199
Clinton,Town of Plattsburgh 6,Proposal Number ONE,,Over Votes,,0
Clinton,Town of Plattsburgh 6,Proposal Number ONE,,Under Votes,,26
Clinton,Town of Plattsburgh 7,Proposal Number ONE,,Yes,,304
Clinton,Town of Plattsburgh 7,Proposal Number ONE,,No,,128
Clinton,Town of Plattsburgh 7,Proposal Number ONE,,Over Votes,,0
Clinton,Town of Plattsburgh 7,Proposal Number ONE,,Under Votes,,11
Clinton,Town of Saranac 1,Proposal Number ONE,,Yes,,389
Clinton,Town of Saranac 1,Proposal Number ONE,,No,,221
Clinton,Town of Saranac 1,Proposal Number ONE,,Over Votes,,0
Clinton,Town of Saranac 1,Proposal Number ONE,,Under Votes,,26
Clinton,Town of Saranac 2,Proposal Number ONE,,Yes,,272
Clinton,Town of Saranac 2,Proposal Number ONE,,No,,147
Clinton,Town of Saranac 2,Proposal Number ONE,,Over Votes,,0
Clinton,Town of Saranac 2,Proposal Number ONE,,Under Votes,,7
Clinton,Town of Saranac 3,Proposal Number ONE,,Yes,,229
Clinton,Town of Saranac 3,Proposal Number ONE,,No,,124
Clinton,Town of Saranac 3,Proposal Number ONE,,Over Votes,,0
Clinton,Town of Saranac 3,Proposal Number ONE,,Under Votes,,9
Clinton,Town of Schuyler Falls 1,Proposal Number ONE,,Yes,,221
Clinton,Town of Schuyler Falls 1,Proposal Number ONE,,No,,126
Clinton,Town of Schuyler Falls 1,Proposal Number ONE,,Over Votes,,0
Clinton,Town of Schuyler Falls 1,Proposal Number ONE,,Under Votes,,11
Clinton,Town of Schuyler Falls 2,Proposal Number ONE,,Yes,,384
Clinton,Town of Schuyler Falls 2,Proposal Number ONE,,No,,153
Clinton,Town of Schuyler Falls 2,Proposal Number ONE,,Over Votes,,0
Clinton,Town of Schuyler Falls 2,Proposal Number ONE,,Under Votes,,16
Clinton,Town of Schuyler Falls 3,Proposal Number ONE,,Yes,,282
Clinton,Town of Schuyler Falls 3,Proposal Number ONE,,No,,153
Clinton,Town of Schuyler Falls 3,Proposal Number ONE,,Over Votes,,0
Clinton,Town of Schuyler Falls 3,Proposal Number ONE,,Under Votes,,18
Clinton,Town of Champlain 1,"Proposal Two, Town Proposition One",,Yes,,98
Clinton,Town of Champlain 1,"Proposal Two, Town Proposition One",,No,,349
Clinton,Town of Champlain 1,"Proposal Two, Town Proposition One",,Over Votes,,0
Clinton,Town of Champlain 1,"Proposal Two, Town Proposition One",,Under Votes,,16
Clinton,Town of Champlain 2,"Proposal Two, Town Proposition One",,Yes,,130
Clinton,Town of Champlain 2,"Proposal Two, Town Proposition One",,No,,408
Clinton,Town of Champlain 2,"Proposal Two, Town Proposition One",,Over Votes,,0
Clinton,Town of Champlain 2,"Proposal Two, Town Proposition One",,Under Votes,,25
Clinton,Town of Champlain 3,"Proposal Two, Town Proposition One",,Yes,,102
Clinton,Town of Champlain 3,"Proposal Two, Town Proposition One",,No,,457
Clinton,Town of Champlain 3,"Proposal Two, Town Proposition One",,Over Votes,,0
Clinton,Town of Champlain 3,"Proposal Two, Town Proposition One",,Under Votes,,24
