county,precinct,office,district,party,candidate,votes
Oneida,Annsville 1,Ballots Cast,,,,101
Oneida,Annsville 1,Comptroller,,DEM,Drew Warshaw,2
Oneida,Annsville 1,Comptroller,,DEM,Raj Goyle,3
Oneida,Annsville 1,Comptroller,,DEM,Thomas P. DiNapoli,12
Oneida,Annsville 1,U.S. House,21,DEM,Blake Gendebien,12
Oneida,Annsville 1,U.S. House,21,DEM,Stuart J. Amoriell,5
Oneida,Annsville 1,U.S. House,21,REP,Anthony Constantino,51
Oneida,Annsville 1,U.S. House,21,REP,Robert J. Smullen,32
Oneida,Annsville 1,U.S. House,21,,Under Votes,1
Oneida,Annsville 2,Ballots Cast,,,,43
Oneida,Annsville 2,Comptroller,,DEM,Drew Warshaw,3
Oneida,Annsville 2,Comptroller,,DEM,Raj Goyle,1
Oneida,Annsville 2,Comptroller,,DEM,Thomas P. DiNapoli,11
Oneida,Annsville 2,U.S. House,21,DEM,Blake Gendebien,8
Oneida,Annsville 2,U.S. House,21,DEM,Stuart J. Amoriell,6
Oneida,Annsville 2,U.S. House,21,REP,Anthony Constantino,15
Oneida,Annsville 2,U.S. House,21,REP,Robert J. Smullen,13
Oneida,Annsville 2,U.S. House,21,,Under Votes,1
Oneida,Annsville 3,Ballots Cast,,,,18
Oneida,Annsville 3,Comptroller,,DEM,Suppressed,2
Oneida,Annsville 3,U.S. House,21,DEM,Suppressed,2
Oneida,Annsville 3,U.S. House,21,REP,Anthony Constantino,15
Oneida,Annsville 3,U.S. House,21,REP,Robert J. Smullen,1
Oneida,Augusta 1,Ballots Cast,,,,1
Oneida,Augusta 1,Comptroller,,DEM,Suppressed,1
Oneida,Augusta 2,Ballots Cast,,,,11
Oneida,Augusta 2,Comptroller,,DEM,Thomas P. DiNapoli,11
Oneida,Ava 1,Ballots Cast,,,,46
Oneida,Ava 1,Comptroller,,DEM,Thomas P. DiNapoli,9
Oneida,Ava 1,Comptroller,,,Under Votes,1
Oneida,Ava 1,U.S. House,21,DEM,Blake Gendebien,7
Oneida,Ava 1,U.S. House,21,DEM,Stuart J. Amoriell,3
Oneida,Ava 1,U.S. House,21,REP,Anthony Constantino,28
Oneida,Ava 1,U.S. House,21,REP,Robert J. Smullen,8
Oneida,Boonville 1,Ballots Cast,,,,170
Oneida,Boonville 1,Comptroller,,DEM,Drew Warshaw,1
Oneida,Boonville 1,Comptroller,,DEM,Raj Goyle,1
Oneida,Boonville 1,Comptroller,,DEM,Thomas P. DiNapoli,8
Oneida,Boonville 1,Member of the Oneida County Republican Committee for Boonville 1,,REP,Guy Case,51
Oneida,Boonville 1,Member of the Oneida County Republican Committee for Boonville 1,,REP,Rodney C. Grower,48
Oneida,Boonville 1,Member of the Oneida County Republican Committee for Boonville 1,,REP,Samantha Egnew,14
Oneida,Boonville 1,Member of the Oneida County Republican Committee for Boonville 1,,REP,William Franchell,12
Oneida,Boonville 1,Member of the Oneida County Republican Committee for Boonville 1,,,Suppressed,80
Oneida,Boonville 1,Member of the Oneida County Republican Committee for Boonville 1,,,Under Votes,35
Oneida,Boonville 1,U.S. House,21,DEM,Blake Gendebien,7
Oneida,Boonville 1,U.S. House,21,DEM,Stuart J. Amoriell,2
Oneida,Boonville 1,U.S. House,21,REP,Anthony Constantino,50
Oneida,Boonville 1,U.S. House,21,REP,Robert J. Smullen,28
Oneida,Boonville 1,U.S. House,21,,Under Votes,1
Oneida,Boonville 1,U.S. House,21,,Under Votes,2
Oneida,Boonville 2,Ballots Cast,,,,120
Oneida,Boonville 2,Comptroller,,DEM,Drew Warshaw,3
Oneida,Boonville 2,Comptroller,,DEM,Raj Goyle,1
Oneida,Boonville 2,Comptroller,,DEM,Thomas P. DiNapoli,22
Oneida,Boonville 2,Comptroller,,,Over Votes,1
Oneida,Boonville 2,Comptroller,,,Under Votes,3
Oneida,Boonville 2,U.S. House,21,DEM,Blake Gendebien,20
Oneida,Boonville 2,U.S. House,21,DEM,Stuart J. Amoriell,8
Oneida,Boonville 2,U.S. House,21,REP,Anthony Constantino,58
Oneida,Boonville 2,U.S. House,21,REP,Robert J. Smullen,32
Oneida,Boonville 2,U.S. House,21,,Under Votes,2
Oneida,Boonville 3,Ballots Cast,,,,47
Oneida,Boonville 3,Comptroller,,DEM,Raj Goyle,1
Oneida,Boonville 3,Comptroller,,DEM,Thomas P. DiNapoli,5
Oneida,Boonville 3,Comptroller,,,Under Votes,2
Oneida,Boonville 3,U.S. House,21,DEM,Blake Gendebien,7
Oneida,Boonville 3,U.S. House,21,DEM,Stuart J. Amoriell,1
Oneida,Boonville 3,U.S. House,21,REP,Anthony Constantino,26
Oneida,Boonville 3,U.S. House,21,REP,Robert J. Smullen,13
Oneida,Boonville 4,Ballots Cast,,,,47
Oneida,Boonville 4,Comptroller,,DEM,Drew Warshaw,2
Oneida,Boonville 4,Comptroller,,DEM,Raj Goyle,2
Oneida,Boonville 4,Comptroller,,DEM,Thomas P. DiNapoli,7
Oneida,Boonville 4,U.S. House,21,DEM,Blake Gendebien,6
Oneida,Boonville 4,U.S. House,21,DEM,Stuart J. Amoriell,5
Oneida,Boonville 4,U.S. House,21,REP,Anthony Constantino,30
Oneida,Boonville 4,U.S. House,21,REP,Robert J. Smullen,6
Oneida,Bridgewater 1,Ballots Cast,,,,102
Oneida,Bridgewater 1,Comptroller,,DEM,Drew Warshaw,4
Oneida,Bridgewater 1,Comptroller,,DEM,Raj Goyle,3
Oneida,Bridgewater 1,Comptroller,,DEM,Thomas P. DiNapoli,7
Oneida,Bridgewater 1,Member of the Oneida County Republican Committee for Bridgewater 1,,REP,Carol Thomas,27
Oneida,Bridgewater 1,Member of the Oneida County Republican Committee for Bridgewater 1,,REP,Dale DeKing,59
Oneida,Bridgewater 1,Member of the Oneida County Republican Committee for Bridgewater 1,,REP,Donald Thomas,33
Oneida,Bridgewater 1,Member of the Oneida County Republican Committee for Bridgewater 1,,REP,Roselle Wheeldon,47
Oneida,Bridgewater 1,Member of the Oneida County Republican Committee for Bridgewater 1,,,Over Votes,2
Oneida,Bridgewater 1,Member of the Oneida County Republican Committee for Bridgewater 1,,,Suppressed,88
Oneida,Bridgewater 1,Member of the Oneida County Republican Committee for Bridgewater 1,,,Under Votes,8
Oneida,Camden 1,Ballots Cast,,,,135
Oneida,Camden 1,Comptroller,,DEM,Drew Warshaw,3
Oneida,Camden 1,Comptroller,,DEM,Raj Goyle,3
Oneida,Camden 1,Comptroller,,DEM,Thomas P. DiNapoli,17
Oneida,Camden 1,Comptroller,,,Over Votes,1
Oneida,Camden 1,Comptroller,,,Under Votes,2
Oneida,Camden 1,U.S. House,21,DEM,Blake Gendebien,17
Oneida,Camden 1,U.S. House,21,DEM,Stuart J. Amoriell,7
Oneida,Camden 1,U.S. House,21,REP,Anthony Constantino,74
Oneida,Camden 1,U.S. House,21,REP,Robert J. Smullen,35
Oneida,Camden 1,U.S. House,21,,Over Votes,1
Oneida,Camden 1,U.S. House,21,,Under Votes,1
Oneida,Camden 2,Ballots Cast,,,,108
Oneida,Camden 2,Comptroller,,DEM,Drew Warshaw,1
Oneida,Camden 2,Comptroller,,DEM,Raj Goyle,2
Oneida,Camden 2,Comptroller,,DEM,Thomas P. DiNapoli,15
Oneida,Camden 2,Comptroller,,,Under Votes,5
Oneida,Camden 2,U.S. House,21,DEM,Blake Gendebien,13
Oneida,Camden 2,U.S. House,21,DEM,Stuart J. Amoriell,9
Oneida,Camden 2,U.S. House,21,REP,Anthony Constantino,51
Oneida,Camden 2,U.S. House,21,REP,Robert J. Smullen,34
Oneida,Camden 2,U.S. House,21,,Under Votes,1
Oneida,Camden 3,Ballots Cast,,,,98
Oneida,Camden 3,Comptroller,,DEM,Drew Warshaw,3
Oneida,Camden 3,Comptroller,,DEM,Raj Goyle,4
Oneida,Camden 3,Comptroller,,DEM,Thomas P. DiNapoli,8
Oneida,Camden 3,Comptroller,,,Over Votes,1
Oneida,Camden 3,Comptroller,,,Under Votes,1
Oneida,Camden 3,U.S. House,21,DEM,Blake Gendebien,9
Oneida,Camden 3,U.S. House,21,DEM,Stuart J. Amoriell,6
Oneida,Camden 3,U.S. House,21,REP,Anthony Constantino,53
Oneida,Camden 3,U.S. House,21,REP,Robert J. Smullen,26
Oneida,Camden 3,U.S. House,21,,Under Votes,2
Oneida,Camden 3,U.S. House,21,,Under Votes,2
Oneida,Deerfield 1,Ballots Cast,,,,286
Oneida,Deerfield 1,Comptroller,,DEM,Drew Warshaw,4
Oneida,Deerfield 1,Comptroller,,DEM,Raj Goyle,3
Oneida,Deerfield 1,Comptroller,,DEM,Thomas P. DiNapoli,47
Oneida,Deerfield 1,Comptroller,,,Under Votes,4
Oneida,Deerfield 1,Member of the Oneida County Republican Committee for Deerfield 1,,REP,Dennis Piacentino,65
Oneida,Deerfield 1,Member of the Oneida County Republican Committee for Deerfield 1,,REP,Gerald Pasqualetti,26
Oneida,Deerfield 1,Member of the Oneida County Republican Committee for Deerfield 1,,REP,Joseph Pasqualetti,26
Oneida,Deerfield 1,Member of the Oneida County Republican Committee for Deerfield 1,,REP,Margaret Fusco,63
Oneida,Deerfield 1,Member of the Oneida County Republican Committee for Deerfield 1,,,Suppressed,114
Oneida,Deerfield 1,Member of the Oneida County Republican Committee for Deerfield 1,,,Under Votes,48
Oneida,Deerfield 1,State Assembly,119,DEM,Jonathan E. Lipe,27
Oneida,Deerfield 1,State Assembly,119,DEM,Joseph M. Betar,30
Oneida,Deerfield 1,State Assembly,119,REP,Daniel Fusco,77
Oneida,Deerfield 1,State Assembly,119,REP,Michael C. Gentile,36
Oneida,Deerfield 1,State Assembly,119,,Under Votes,1
Oneida,Deerfield 1,State Assembly,119,,Under Votes,1
Oneida,Deerfield 1,U.S. House,21,DEM,Blake Gendebien,36
Oneida,Deerfield 1,U.S. House,21,DEM,Stuart J. Amoriell,15
Oneida,Deerfield 1,U.S. House,21,REP,Anthony Constantino,64
Oneida,Deerfield 1,U.S. House,21,REP,Robert J. Smullen,48
Oneida,Deerfield 1,U.S. House,21,,Under Votes,7
Oneida,Deerfield 1,U.S. House,21,,Under Votes,2
Oneida,Deerfield 2,Ballots Cast,,,,366
Oneida,Deerfield 2,Comptroller,,DEM,Drew Warshaw,4
Oneida,Deerfield 2,Comptroller,,DEM,Raj Goyle,3
Oneida,Deerfield 2,Comptroller,,DEM,Thomas P. DiNapoli,28
Oneida,Deerfield 2,Comptroller,,,Under Votes,4
Oneida,Deerfield 2,Member of the Oneida County Republican Committee for Deerfield 2,,REP,Christine Kearney,81
Oneida,Deerfield 2,Member of the Oneida County Republican Committee for Deerfield 2,,REP,Eva Quackenbush,43
Oneida,Deerfield 2,Member of the Oneida County Republican Committee for Deerfield 2,,REP,Jeff Quackenbush,78
Oneida,Deerfield 2,Member of the Oneida County Republican Committee for Deerfield 2,,REP,Kenneth Roser,89
Oneida,Deerfield 2,Member of the Oneida County Republican Committee for Deerfield 2,,,Suppressed,163
Oneida,Deerfield 2,Member of the Oneida County Republican Committee for Deerfield 2,,,Under Votes,35
Oneida,Deerfield 2,State Assembly,119,DEM,Jonathan E. Lipe,13
Oneida,Deerfield 2,State Assembly,119,DEM,Joseph M. Betar,25
Oneida,Deerfield 2,State Assembly,119,REP,Daniel Fusco,110
Oneida,Deerfield 2,State Assembly,119,REP,Michael C. Gentile,48
Oneida,Deerfield 2,State Assembly,119,,Under Votes,1
Oneida,Deerfield 2,State Assembly,119,,Under Votes,5
Oneida,Deerfield 2,U.S. House,21,DEM,Blake Gendebien,33
Oneida,Deerfield 2,U.S. House,21,DEM,Stuart J. Amoriell,6
Oneida,Deerfield 2,U.S. House,21,REP,Anthony Constantino,88
Oneida,Deerfield 2,U.S. House,21,REP,Robert J. Smullen,69
Oneida,Deerfield 2,U.S. House,21,,Under Votes,1
Oneida,Deerfield 2,U.S. House,21,,Under Votes,6
Oneida,Deerfield 3,Ballots Cast,,,,213
Oneida,Deerfield 3,Comptroller,,DEM,Drew Warshaw,8
Oneida,Deerfield 3,Comptroller,,DEM,Raj Goyle,5
Oneida,Deerfield 3,Comptroller,,DEM,Thomas P. DiNapoli,39
Oneida,Deerfield 3,Comptroller,,,Over Votes,1
Oneida,Deerfield 3,Member of the Oneida County Republican Committee for Deerfield 3,,REP,Anthony Pasqualetti,25
Oneida,Deerfield 3,Member of the Oneida County Republican Committee for Deerfield 3,,REP,Gina Antonelli-Hensel,45
Oneida,Deerfield 3,Member of the Oneida County Republican Committee for Deerfield 3,,REP,Renee Pasqualetti,18
Oneida,Deerfield 3,Member of the Oneida County Republican Committee for Deerfield 3,,REP,Valeri Lutz,36
Oneida,Deerfield 3,Member of the Oneida County Republican Committee for Deerfield 3,,,Over Votes,2
Oneida,Deerfield 3,Member of the Oneida County Republican Committee for Deerfield 3,,,Suppressed,80
Oneida,Deerfield 3,Member of the Oneida County Republican Committee for Deerfield 3,,,Under Votes,34
Oneida,Deerfield 3,State Assembly,119,DEM,Jonathan E. Lipe,15
Oneida,Deerfield 3,State Assembly,119,DEM,Joseph M. Betar,37
Oneida,Deerfield 3,State Assembly,119,REP,Daniel Fusco,52
Oneida,Deerfield 3,State Assembly,119,REP,Michael C. Gentile,26
Oneida,Deerfield 3,State Assembly,119,,Under Votes,1
Oneida,Deerfield 3,State Assembly,119,,Under Votes,2
Oneida,Deerfield 3,U.S. House,21,DEM,Blake Gendebien,26
Oneida,Deerfield 3,U.S. House,21,DEM,Stuart J. Amoriell,24
Oneida,Deerfield 3,U.S. House,21,REP,Anthony Constantino,44
Oneida,Deerfield 3,U.S. House,21,REP,Anthony DiPierro,1
Oneida,Deerfield 3,U.S. House,21,REP,Robert J. Smullen,31
Oneida,Deerfield 3,U.S. House,21,,Under Votes,3
Oneida,Deerfield 3,U.S. House,21,,Under Votes,4
Oneida,Florence 1,Ballots Cast,,,,66
Oneida,Florence 1,Comptroller,,DEM,Drew Warshaw,4
Oneida,Florence 1,Comptroller,,DEM,Thomas P. DiNapoli,10
Oneida,Florence 1,Comptroller,,,Over Votes,1
Oneida,Florence 1,Comptroller,,,Under Votes,1
Oneida,Florence 1,U.S. House,21,DEM,Blake Gendebien,10
Oneida,Florence 1,U.S. House,21,DEM,Stuart J. Amoriell,4
Oneida,Florence 1,U.S. House,21,REP,Anthony Constantino,35
Oneida,Florence 1,U.S. House,21,REP,Robert J. Smullen,15
Oneida,Florence 1,U.S. House,21,,Under Votes,2
Oneida,Floyd 1,Ballots Cast,,,,109
Oneida,Floyd 1,Comptroller,,DEM,Drew Warshaw,2
Oneida,Floyd 1,Comptroller,,DEM,Raj Goyle,1
Oneida,Floyd 1,Comptroller,,DEM,Thomas P. DiNapoli,13
Oneida,Floyd 1,Comptroller,,,Under Votes,2
Oneida,Floyd 1,State Assembly,119,DEM,Jonathan E. Lipe,16
Oneida,Floyd 1,State Assembly,119,DEM,Joseph M. Betar,2
Oneida,Floyd 1,State Assembly,119,REP,Daniel Fusco,46
Oneida,Floyd 1,State Assembly,119,REP,Michael C. Gentile,36
Oneida,Floyd 1,State Assembly,119,,Under Votes,9
Oneida,Floyd 1,U.S. House,21,DEM,Blake Gendebien,10
Oneida,Floyd 1,U.S. House,21,DEM,Stuart J. Amoriell,6
Oneida,Floyd 1,U.S. House,21,REP,Anthony Constantino,55
Oneida,Floyd 1,U.S. House,21,REP,Robert J. Smullen,36
Oneida,Floyd 1,U.S. House,21,,Under Votes,2
Oneida,Floyd 2,Ballots Cast,,,,78
Oneida,Floyd 2,Comptroller,,DEM,Drew Warshaw,1
Oneida,Floyd 2,Comptroller,,DEM,Raj Goyle,4
Oneida,Floyd 2,Comptroller,,DEM,Thomas P. DiNapoli,19
Oneida,Floyd 2,Comptroller,,,Under Votes,1
Oneida,Floyd 2,State Assembly,119,DEM,Jonathan E. Lipe,12
Oneida,Floyd 2,State Assembly,119,DEM,Joseph M. Betar,12
Oneida,Floyd 2,State Assembly,119,REP,Daniel Fusco,29
Oneida,Floyd 2,State Assembly,119,REP,Michael C. Gentile,20
Oneida,Floyd 2,State Assembly,119,,Under Votes,1
Oneida,Floyd 2,State Assembly,119,,Under Votes,4
Oneida,Floyd 2,U.S. House,21,DEM,Blake Gendebien,14
Oneida,Floyd 2,U.S. House,21,DEM,Stuart J. Amoriell,9
Oneida,Floyd 2,U.S. House,21,REP,Anthony Constantino,35
Oneida,Floyd 2,U.S. House,21,REP,Robert J. Smullen,16
Oneida,Floyd 2,U.S. House,21,,Under Votes,2
Oneida,Floyd 2,U.S. House,21,,Under Votes,2
Oneida,Floyd 3,Ballots Cast,,,,96
Oneida,Floyd 3,Comptroller,,DEM,Drew Warshaw,1
Oneida,Floyd 3,Comptroller,,DEM,Raj Goyle,5
Oneida,Floyd 3,Comptroller,,DEM,Thomas P. DiNapoli,13
Oneida,Floyd 3,State Assembly,119,DEM,Jonathan E. Lipe,13
Oneida,Floyd 3,State Assembly,119,DEM,Joseph M. Betar,6
Oneida,Floyd 3,State Assembly,119,REP,Daniel Fusco,32
Oneida,Floyd 3,State Assembly,119,REP,Michael C. Gentile,30
Oneida,Floyd 3,State Assembly,119,,Over Votes,1
Oneida,Floyd 3,State Assembly,119,,Under Votes,14
Oneida,Floyd 3,U.S. House,21,DEM,Blake Gendebien,10
Oneida,Floyd 3,U.S. House,21,DEM,Stuart J. Amoriell,8
Oneida,Floyd 3,U.S. House,21,REP,Anthony Constantino,46
Oneida,Floyd 3,U.S. House,21,REP,Robert J. Smullen,28
Oneida,Floyd 3,U.S. House,21,,Over Votes,1
Oneida,Floyd 3,U.S. House,21,,Under Votes,1
Oneida,Floyd 3,U.S. House,21,,Under Votes,2
Oneida,Forestport 1,Ballots Cast,,,,121
Oneida,Forestport 1,Comptroller,,DEM,Drew Warshaw,7
Oneida,Forestport 1,Comptroller,,DEM,Raj Goyle,1
Oneida,Forestport 1,Comptroller,,DEM,Thomas P. DiNapoli,22
Oneida,Forestport 1,Comptroller,,,Under Votes,2
Oneida,Forestport 1,U.S. House,21,DEM,Blake Gendebien,23
Oneida,Forestport 1,U.S. House,21,DEM,Stuart J. Amoriell,8
Oneida,Forestport 1,U.S. House,21,REP,Anthony Constantino,65
Oneida,Forestport 1,U.S. House,21,REP,"Gustave J. Detraglia, III",1
Oneida,Forestport 1,U.S. House,21,REP,Robert J. Smullen,23
Oneida,Forestport 1,U.S. House,21,,Under Votes,1
Oneida,Forestport 2,Ballots Cast,,,,75
Oneida,Forestport 2,Comptroller,,DEM,Drew Warshaw,3
Oneida,Forestport 2,Comptroller,,DEM,Thomas P. DiNapoli,7
Oneida,Forestport 2,U.S. House,21,DEM,Blake Gendebien,7
Oneida,Forestport 2,U.S. House,21,DEM,Stuart J. Amoriell,3
Oneida,Forestport 2,U.S. House,21,REP,Anthony Constantino,47
Oneida,Forestport 2,U.S. House,21,REP,Robert J. Smullen,17
Oneida,Forestport 2,U.S. House,21,REP,Robert Pritchard,1
Oneida,Kirkland 1,Ballots Cast,,,,75
Oneida,Kirkland 1,Comptroller,,DEM,Drew Warshaw,5
Oneida,Kirkland 1,Comptroller,,DEM,Raj Goyle,4
Oneida,Kirkland 1,Comptroller,,DEM,Thomas P. DiNapoli,16
Oneida,Kirkland 1,Member of the Oneida County Republican Committee for Kirkland 1,,REP,Andrew Dean,17
Oneida,Kirkland 1,Member of the Oneida County Republican Committee for Kirkland 1,,REP,Carmelann Scalzo,9
Oneida,Kirkland 1,Member of the Oneida County Republican Committee for Kirkland 1,,REP,Nancy G. Galvin,37
Oneida,Kirkland 1,Member of the Oneida County Republican Committee for Kirkland 1,,REP,Paul J. Galvin,30
Oneida,Kirkland 1,Member of the Oneida County Republican Committee for Kirkland 1,,,Over Votes,2
Oneida,Kirkland 1,Member of the Oneida County Republican Committee for Kirkland 1,,,Suppressed,50
Oneida,Kirkland 1,Member of the Oneida County Republican Committee for Kirkland 1,,,Under Votes,5
Oneida,Kirkland 2,Ballots Cast,,,,57
Oneida,Kirkland 2,Comptroller,,DEM,Drew Warshaw,1
Oneida,Kirkland 2,Comptroller,,DEM,Raj Goyle,4
Oneida,Kirkland 2,Comptroller,,DEM,Thomas P. DiNapoli,21
Oneida,Kirkland 2,Member of the Oneida County Republican Committee for Kirkland 2,,REP,Garth D. Curtis,18
Oneida,Kirkland 2,Member of the Oneida County Republican Committee for Kirkland 2,,REP,Gregory D. Boivin,17
Oneida,Kirkland 2,Member of the Oneida County Republican Committee for Kirkland 2,,REP,Jessica Cunningham,11
Oneida,Kirkland 2,Member of the Oneida County Republican Committee for Kirkland 2,,REP,Mario Scalzo,11
Oneida,Kirkland 2,Member of the Oneida County Republican Committee for Kirkland 2,,,Suppressed,31
Oneida,Kirkland 2,Member of the Oneida County Republican Committee for Kirkland 2,,,Under Votes,5
Oneida,Kirkland 3,Ballots Cast,,,,33
Oneida,Kirkland 3,Comptroller,,DEM,Drew Warshaw,6
Oneida,Kirkland 3,Comptroller,,DEM,Raj Goyle,4
Oneida,Kirkland 3,Comptroller,,DEM,Thomas P. DiNapoli,23
Oneida,Kirkland 4,Ballots Cast,,,,15
Oneida,Kirkland 4,Comptroller,,DEM,Drew Warshaw,1
Oneida,Kirkland 4,Comptroller,,DEM,Raj Goyle,2
Oneida,Kirkland 4,Comptroller,,DEM,Thomas P. DiNapoli,12
Oneida,Kirkland 5,Ballots Cast,,,,18
Oneida,Kirkland 5,Comptroller,,DEM,Drew Warshaw,3
Oneida,Kirkland 5,Comptroller,,DEM,Raj Goyle,3
Oneida,Kirkland 5,Comptroller,,DEM,Thomas P. DiNapoli,12
Oneida,Kirkland 6,Ballots Cast,,,,69
Oneida,Kirkland 6,Comptroller,,DEM,Drew Warshaw,12
Oneida,Kirkland 6,Comptroller,,DEM,Raj Goyle,5
Oneida,Kirkland 6,Comptroller,,DEM,Thomas P. DiNapoli,24
Oneida,Kirkland 6,Member of the Oneida County Republican Committee for Kirkland 6,,REP,Adeline M. Forrester,12
Oneida,Kirkland 6,Member of the Oneida County Republican Committee for Kirkland 6,,REP,Matthew Baisley,15
Oneida,Kirkland 6,Member of the Oneida County Republican Committee for Kirkland 6,,REP,Peter J. Forrester Jr.,11
Oneida,Kirkland 6,Member of the Oneida County Republican Committee for Kirkland 6,,REP,Thomas Keeler,14
Oneida,Kirkland 6,Member of the Oneida County Republican Committee for Kirkland 6,,,Suppressed,28
Oneida,Kirkland 6,Member of the Oneida County Republican Committee for Kirkland 6,,,Under Votes,4
Oneida,Kirkland 7,Ballots Cast,,,,44
Oneida,Kirkland 7,Comptroller,,DEM,Drew Warshaw,10
Oneida,Kirkland 7,Comptroller,,DEM,Raj Goyle,6
Oneida,Kirkland 7,Comptroller,,DEM,Thomas P. DiNapoli,28
Oneida,Kirkland 8,Ballots Cast,,,,68
Oneida,Kirkland 8,Comptroller,,DEM,Raj Goyle,1
Oneida,Kirkland 8,Comptroller,,DEM,Thomas P. DiNapoli,9
Oneida,Kirkland 8,Comptroller,,,Over Votes,1
Oneida,Kirkland 8,Member of the Oneida County Republican Committee for Kirkland 8,,REP,Barbara Jo Deep,48
Oneida,Kirkland 8,Member of the Oneida County Republican Committee for Kirkland 8,,REP,Barbara Z. Ames,43
Oneida,Kirkland 8,Member of the Oneida County Republican Committee for Kirkland 8,,REP,Kathy Pillbeam,5
Oneida,Kirkland 8,Member of the Oneida County Republican Committee for Kirkland 8,,REP,Mike Revere,9
Oneida,Kirkland 8,Member of the Oneida County Republican Committee for Kirkland 8,,,Over Votes,2
Oneida,Kirkland 8,Member of the Oneida County Republican Committee for Kirkland 8,,,Suppressed,57
Oneida,Kirkland 8,Member of the Oneida County Republican Committee for Kirkland 8,,,Under Votes,7
Oneida,Kirkland 9,Ballots Cast,,,,32
Oneida,Kirkland 9,Comptroller,,DEM,Drew Warshaw,5
Oneida,Kirkland 9,Comptroller,,DEM,Raj Goyle,8
Oneida,Kirkland 9,Comptroller,,DEM,Thomas P. DiNapoli,19
Oneida,Kirkland 10,Ballots Cast,,,,15
Oneida,Kirkland 10,Comptroller,,DEM,Drew Warshaw,1
Oneida,Kirkland 10,Comptroller,,DEM,Raj Goyle,2
Oneida,Kirkland 10,Comptroller,,DEM,Thomas P. DiNapoli,12
Oneida,Lee 1,Ballots Cast,,,,224
Oneida,Lee 1,Comptroller,,DEM,Drew Warshaw,3
Oneida,Lee 1,Comptroller,,DEM,Raj Goyle,2
Oneida,Lee 1,Comptroller,,DEM,Thomas P. DiNapoli,17
Oneida,Lee 1,Comptroller,,,Under Votes,2
Oneida,Lee 1,Lee Town Justice,,DEM,Joseph D. VanWagenen,1
Oneida,Lee 1,Lee Town Justice,,DEM,Sharon Merrill,4
Oneida,Lee 1,Lee Town Justice,,,Under Votes,43
Oneida,Lee 1,Member of the Oneida County Republican Committee for Lee 1,,REP,Christine Pfeiffer,48
Oneida,Lee 1,Member of the Oneida County Republican Committee for Lee 1,,REP,Michael Cox,1
Oneida,Lee 1,Member of the Oneida County Republican Committee for Lee 1,,REP,Richard T. McCarthy Jr.,55
Oneida,Lee 1,Member of the Oneida County Republican Committee for Lee 1,,REP,Shaun D. Stagner,42
Oneida,Lee 1,Member of the Oneida County Republican Committee for Lee 1,,REP,Travis Davis,1
Oneida,Lee 1,Member of the Oneida County Republican Committee for Lee 1,,,Over Votes,2
Oneida,Lee 1,Member of the Oneida County Republican Committee for Lee 1,,,Suppressed,100
Oneida,Lee 1,Member of the Oneida County Republican Committee for Lee 1,,,Under Votes,51
Oneida,Lee 1,U.S. House,21,DEM,Blake Gendebien,12
Oneida,Lee 1,U.S. House,21,DEM,Stuart J. Amoriell,9
Oneida,Lee 1,U.S. House,21,REP,Anthony Constantino,66
Oneida,Lee 1,U.S. House,21,REP,Robert J. Smullen,33
Oneida,Lee 1,U.S. House,21,,Under Votes,3
Oneida,Lee 1,U.S. House,21,,Under Votes,1
Oneida,Lee 2,Ballots Cast,,,,240
Oneida,Lee 2,Comptroller,,DEM,Drew Warshaw,7
Oneida,Lee 2,Comptroller,,DEM,Raj Goyle,1
Oneida,Lee 2,Comptroller,,DEM,Thomas P. DiNapoli,22
Oneida,Lee 2,Comptroller,,,Under Votes,2
Oneida,Lee 2,Lee Town Justice,,DEM,Sharon Merrill,14
Oneida,Lee 2,Lee Town Justice,,,Under Votes,50
Oneida,Lee 2,Member of the Oneida County Republican Committee for Lee 2,,REP,Karen S. Kern,47
Oneida,Lee 2,Member of the Oneida County Republican Committee for Lee 2,,REP,Michael B. Cox,45
Oneida,Lee 2,Member of the Oneida County Republican Committee for Lee 2,,REP,Travis Davis,64
Oneida,Lee 2,Member of the Oneida County Republican Committee for Lee 2,,,Suppressed,104
Oneida,Lee 2,Member of the Oneida County Republican Committee for Lee 2,,,Under Votes,52
Oneida,Lee 2,U.S. House,21,DEM,Blake Gendebien,21
Oneida,Lee 2,U.S. House,21,DEM,Stuart J. Amoriell,7
Oneida,Lee 2,U.S. House,21,REP,Anthony Constantino,62
Oneida,Lee 2,U.S. House,21,REP,Robert J. Smullen,38
Oneida,Lee 2,U.S. House,21,,Under Votes,4
Oneida,Lee 2,U.S. House,21,,Under Votes,4
Oneida,Lee 3,Ballots Cast,,,,93
Oneida,Lee 3,Comptroller,,DEM,Drew Warshaw,1
Oneida,Lee 3,Comptroller,,DEM,Raj Goyle,2
Oneida,Lee 3,Comptroller,,DEM,Thomas P. DiNapoli,2
Oneida,Lee 3,Lee Town Justice,,DEM,Sharon Merrill,5
Oneida,Lee 3,Lee Town Justice,,,Under Votes,5
Oneida,Lee 3,Member of the Oneida County Republican Committee for Lee 3,,REP,Brenda R. Lints,12
Oneida,Lee 3,Member of the Oneida County Republican Committee for Lee 3,,REP,Douglas M. Singleton,24
Oneida,Lee 3,Member of the Oneida County Republican Committee for Lee 3,,REP,James Fisher Jr.,18
Oneida,Lee 3,Member of the Oneida County Republican Committee for Lee 3,,REP,Matthew E. Murphy,23
Oneida,Lee 3,Member of the Oneida County Republican Committee for Lee 3,,,Suppressed,44
Oneida,Lee 3,Member of the Oneida County Republican Committee for Lee 3,,,Under Votes,11
Oneida,Lee 3,U.S. House,21,DEM,Blake Gendebien,2
Oneida,Lee 3,U.S. House,21,DEM,Stuart J. Amoriell,3
Oneida,Lee 3,U.S. House,21,REP,Anthony Constantino,27
Oneida,Lee 3,U.S. House,21,REP,Robert J. Smullen,16
Oneida,Lee 3,U.S. House,21,,Under Votes,1
Oneida,Lee 4,Ballots Cast,,,,113
Oneida,Lee 4,Comptroller,,DEM,Drew Warshaw,3
Oneida,Lee 4,Comptroller,,DEM,Raj Goyle,2
Oneida,Lee 4,Comptroller,,DEM,Thomas P. DiNapoli,29
Oneida,Lee 4,Comptroller,,,Under Votes,3
Oneida,Lee 4,Lee Town Justice,,DEM,Sharon Merrill,9
Oneida,Lee 4,Lee Town Justice,,,Under Votes,65
Oneida,Lee 4,U.S. House,21,DEM,Blake Gendebien,21
Oneida,Lee 4,U.S. House,21,DEM,Stuart J. Amoriell,14
Oneida,Lee 4,U.S. House,21,REP,Anthony Constantino,43
Oneida,Lee 4,U.S. House,21,REP,Robert J. Smullen,33
Oneida,Lee 4,U.S. House,21,,Under Votes,2
Oneida,Lee 5,Ballots Cast,,,,307
Oneida,Lee 5,Comptroller,,DEM,Drew Warshaw,6
Oneida,Lee 5,Comptroller,,DEM,Raj Goyle,5
Oneida,Lee 5,Comptroller,,DEM,Thomas P. DiNapoli,36
Oneida,Lee 5,Comptroller,,,Over Votes,1
Oneida,Lee 5,Comptroller,,,Under Votes,1
Oneida,Lee 5,Lee Town Justice,,DEM,Sharon Merrill,13
Oneida,Lee 5,Lee Town Justice,,,Under Votes,85
Oneida,Lee 5,Member of the Oneida County Republican Committee for Lee 5,,REP,John L. Ryder,53
Oneida,Lee 5,Member of the Oneida County Republican Committee for Lee 5,,REP,Kerry L. Casler,62
Oneida,Lee 5,Member of the Oneida County Republican Committee for Lee 5,,REP,Kim R. Davis,66
Oneida,Lee 5,Member of the Oneida County Republican Committee for Lee 5,,,Suppressed,129
Oneida,Lee 5,Member of the Oneida County Republican Committee for Lee 5,,,Under Votes,77
Oneida,Lee 5,U.S. House,21,DEM,Blake Gendebien,31
Oneida,Lee 5,U.S. House,21,DEM,Stuart J. Amoriell,15
Oneida,Lee 5,U.S. House,21,REP,Anthony Constantino,68
Oneida,Lee 5,U.S. House,21,REP,Robert J. Smullen,58
Oneida,Lee 5,U.S. House,21,,Under Votes,3
Oneida,Lee 5,U.S. House,21,,Under Votes,3
Oneida,Marcy 1,Ballots Cast,,,,273
Oneida,Marcy 1,Comptroller,,DEM,Drew Warshaw,5
Oneida,Marcy 1,Comptroller,,DEM,Thomas P. DiNapoli,42
Oneida,Marcy 1,Comptroller,,,Over Votes,5
Oneida,Marcy 1,Comptroller,,,Under Votes,1
Oneida,Marcy 1,Member of the Oneida County Republican Committee for Marcy 1,,REP,Chris Thiesen,36
Oneida,Marcy 1,Member of the Oneida County Republican Committee for Marcy 1,,REP,Lynn Marie Allen,60
Oneida,Marcy 1,Member of the Oneida County Republican Committee for Marcy 1,,REP,Randal Caldwell,3
Oneida,Marcy 1,Member of the Oneida County Republican Committee for Marcy 1,,REP,Tina K. Hemming,73
Oneida,Marcy 1,Member of the Oneida County Republican Committee for Marcy 1,,REP,Wiley Jones,1
Oneida,Marcy 1,Member of the Oneida County Republican Committee for Marcy 1,,,Suppressed,110
Oneida,Marcy 1,Member of the Oneida County Republican Committee for Marcy 1,,,Under Votes,47
Oneida,Marcy 1,State Assembly,119,DEM,Jonathan E. Lipe,19
Oneida,Marcy 1,State Assembly,119,DEM,Joseph M. Betar,33
Oneida,Marcy 1,State Assembly,119,REP,Daniel Fusco,61
Oneida,Marcy 1,State Assembly,119,REP,Michael C. Gentile,44
Oneida,Marcy 1,State Assembly,119,,Under Votes,1
Oneida,Marcy 1,State Assembly,119,,Under Votes,5
Oneida,Marcy 1,U.S. House,21,DEM,Blake Gendebien,28
Oneida,Marcy 1,U.S. House,21,DEM,Stuart J. Amoriell,17
Oneida,Marcy 1,U.S. House,21,REP,Anthony Constantino,63
Oneida,Marcy 1,U.S. House,21,REP,Robert J. Smullen,47
Oneida,Marcy 1,U.S. House,21,,Under Votes,8
Oneida,Marcy 2,Ballots Cast,,,,144
Oneida,Marcy 2,Comptroller,,DEM,Drew Warshaw,4
Oneida,Marcy 2,Comptroller,,DEM,Raj Goyle,1
Oneida,Marcy 2,Comptroller,,DEM,Thomas P. DiNapoli,27
Oneida,Marcy 2,Comptroller,,,Under Votes,3
Oneida,Marcy 2,State Assembly,119,DEM,Jonathan E. Lipe,23
Oneida,Marcy 2,State Assembly,119,DEM,Joseph M. Betar,10
Oneida,Marcy 2,State Assembly,119,REP,Daniel Fusco,52
Oneida,Marcy 2,State Assembly,119,REP,Michael C. Gentile,45
Oneida,Marcy 2,State Assembly,119,,Under Votes,2
Oneida,Marcy 2,State Assembly,119,,Under Votes,12
Oneida,Marcy 2,U.S. House,21,DEM,Blake Gendebien,21
Oneida,Marcy 2,U.S. House,21,DEM,Stuart J. Amoriell,9
Oneida,Marcy 2,U.S. House,21,REP,Anthony Constantino,65
Oneida,Marcy 2,U.S. House,21,REP,Robert J. Smullen,44
Oneida,Marcy 2,U.S. House,21,,Under Votes,5
Oneida,Marcy 3,Ballots Cast,,,,264
Oneida,Marcy 3,Comptroller,,DEM,Drew Warshaw,6
Oneida,Marcy 3,Comptroller,,DEM,Raj Goyle,4
Oneida,Marcy 3,Comptroller,,DEM,Thomas P. DiNapoli,29
Oneida,Marcy 3,Comptroller,,,Over Votes,1
Oneida,Marcy 3,Member of the Conservative County Committee for Marcy 3,,,Suppressed,3
Oneida,Marcy 3,Member of the Oneida County Republican Committee for Marcy 3,,REP,Lisa Randall,42
Oneida,Marcy 3,Member of the Oneida County Republican Committee for Marcy 3,,REP,Paul Randall,52
Oneida,Marcy 3,Member of the Oneida County Republican Committee for Marcy 3,,REP,Randal Caldwell,5
Oneida,Marcy 3,Member of the Oneida County Republican Committee for Marcy 3,,REP,Scott Stafford,1
Oneida,Marcy 3,Member of the Oneida County Republican Committee for Marcy 3,,REP,Shawn Kain,31
Oneida,Marcy 3,Member of the Oneida County Republican Committee for Marcy 3,,REP,Wiley Jones,56
Oneida,Marcy 3,Member of the Oneida County Republican Committee for Marcy 3,,,Suppressed,112
Oneida,Marcy 3,Member of the Oneida County Republican Committee for Marcy 3,,,Under Votes,37
Oneida,Marcy 3,State Assembly,119,DEM,Jonathan E. Lipe,15
Oneida,Marcy 3,State Assembly,119,DEM,Joseph M. Betar,24
Oneida,Marcy 3,State Assembly,119,REP,Daniel Fusco,54
Oneida,Marcy 3,State Assembly,119,REP,Michael C. Gentile,55
Oneida,Marcy 3,State Assembly,119,,Over Votes,1
Oneida,Marcy 3,State Assembly,119,,Under Votes,1
Oneida,Marcy 3,State Assembly,119,,Under Votes,2
Oneida,Marcy 3,U.S. House,21,DEM,Blake Gendebien,20
Oneida,Marcy 3,U.S. House,21,DEM,Stuart J. Amoriell,14
Oneida,Marcy 3,U.S. House,21,REP,Anthony Constantino,64
Oneida,Marcy 3,U.S. House,21,REP,Robert J. Smullen,43
Oneida,Marcy 3,U.S. House,21,,Over Votes,1
Oneida,Marcy 3,U.S. House,21,,Under Votes,6
Oneida,Marcy 3,U.S. House,21,,Under Votes,4
Oneida,Marcy 4,Ballots Cast,,,,155
Oneida,Marcy 4,Comptroller,,DEM,Drew Warshaw,2
Oneida,Marcy 4,Comptroller,,DEM,Raj Goyle,5
Oneida,Marcy 4,Comptroller,,DEM,Thomas P. DiNapoli,30
Oneida,Marcy 4,Comptroller,,,Over Votes,1
Oneida,Marcy 4,Comptroller,,,Under Votes,1
Oneida,Marcy 4,Member of the Conservative County Committee for Marcy 4,,,Suppressed,3
Oneida,Marcy 4,State Assembly,119,DEM,Jonathan E. Lipe,23
Oneida,Marcy 4,State Assembly,119,DEM,Joseph M. Betar,15
Oneida,Marcy 4,State Assembly,119,REP,Daniel Fusco,50
Oneida,Marcy 4,State Assembly,119,REP,Michael C. Gentile,53
Oneida,Marcy 4,State Assembly,119,REP,Randal Caldwell,1
Oneida,Marcy 4,State Assembly,119,,Under Votes,1
Oneida,Marcy 4,State Assembly,119,,Under Votes,9
Oneida,Marcy 4,U.S. House,21,DEM,Blake Gendebien,20
Oneida,Marcy 4,U.S. House,21,DEM,Stuart J. Amoriell,17
Oneida,Marcy 4,U.S. House,21,REP,Anthony Constantino,63
Oneida,Marcy 4,U.S. House,21,REP,Randal Caldwell,1
Oneida,Marcy 4,U.S. House,21,REP,Robert J. Smullen,48
Oneida,Marcy 4,U.S. House,21,REP,Wiley Jones,1
Oneida,Marcy 4,U.S. House,21,,Under Votes,2
Oneida,Marshall 1,Ballots Cast,,,,8
Oneida,Marshall 1,Comptroller,,DEM,Drew Warshaw,1
Oneida,Marshall 1,Comptroller,,DEM,Raj Goyle,1
Oneida,Marshall 1,Comptroller,,DEM,Thomas P. DiNapoli,6
Oneida,Marshall 2,Ballots Cast,,,,11
Oneida,Marshall 2,Comptroller,,DEM,Drew Warshaw,1
Oneida,Marshall 2,Comptroller,,DEM,Raj Goyle,1
Oneida,Marshall 2,Comptroller,,DEM,Thomas P. DiNapoli,9
Oneida,New Hartford Ward 1 District 1,Ballots Cast,,,,25
Oneida,New Hartford Ward 1 District 1,Comptroller,,DEM,Drew Warshaw,6
Oneida,New Hartford Ward 1 District 1,Comptroller,,DEM,Thomas P. DiNapoli,19
Oneida,New Hartford Ward 1 District 2,Ballots Cast,,,,5
Oneida,New Hartford Ward 1 District 2,Comptroller,,DEM,Drew Warshaw,2
Oneida,New Hartford Ward 1 District 2,Comptroller,,DEM,Thomas P. DiNapoli,3
Oneida,New Hartford Ward 1 District 3,Ballots Cast,,,,89
Oneida,New Hartford Ward 1 District 3,Comptroller,,DEM,Drew Warshaw,10
Oneida,New Hartford Ward 1 District 3,Comptroller,,DEM,Raj Goyle,4
Oneida,New Hartford Ward 1 District 3,Comptroller,,DEM,Thomas P. DiNapoli,28
Oneida,New Hartford Ward 1 District 3,Member of the Oneida County Republican Committee for New Hartford Ward 1 District 3,,REP,Edmund J. Wiatr Jr.,10
Oneida,New Hartford Ward 1 District 3,Member of the Oneida County Republican Committee for New Hartford Ward 1 District 3,,REP,Randy Bogar,18
Oneida,New Hartford Ward 1 District 3,Member of the Oneida County Republican Committee for New Hartford Ward 1 District 3,,REP,Ruth Ward,1
Oneida,New Hartford Ward 1 District 3,Member of the Oneida County Republican Committee for New Hartford Ward 1 District 3,,REP,Scot Owens,35
Oneida,New Hartford Ward 1 District 3,Member of the Oneida County Republican Committee for New Hartford Ward 1 District 3,,,Suppressed,47
Oneida,New Hartford Ward 1 District 3,Member of the Oneida County Republican Committee for New Hartford Ward 1 District 3,,,Under Votes,30
Oneida,New Hartford Ward 1 District 4,Ballots Cast,,,,10
Oneida,New Hartford Ward 1 District 4,Comptroller,,DEM,Drew Warshaw,1
Oneida,New Hartford Ward 1 District 4,Comptroller,,DEM,Thomas P. DiNapoli,9
Oneida,New Hartford Ward 1 District 5,Ballots Cast,,,,21
Oneida,New Hartford Ward 1 District 5,Comptroller,,DEM,Drew Warshaw,5
Oneida,New Hartford Ward 1 District 5,Comptroller,,DEM,Thomas P. DiNapoli,16
Oneida,New Hartford Ward 2 District 1,Ballots Cast,,,,26
Oneida,New Hartford Ward 2 District 1,Comptroller,,DEM,Drew Warshaw,4
Oneida,New Hartford Ward 2 District 1,Comptroller,,DEM,Raj Goyle,2
Oneida,New Hartford Ward 2 District 1,Comptroller,,DEM,Thomas P. DiNapoli,20
Oneida,New Hartford Ward 2 District 2,Ballots Cast,,,,32
Oneida,New Hartford Ward 2 District 2,Comptroller,,DEM,Drew Warshaw,5
Oneida,New Hartford Ward 2 District 2,Comptroller,,DEM,Raj Goyle,4
Oneida,New Hartford Ward 2 District 2,Comptroller,,DEM,Thomas P. DiNapoli,23
Oneida,New Hartford Ward 2 District 3,Ballots Cast,,,,35
Oneida,New Hartford Ward 2 District 3,Comptroller,,DEM,Drew Warshaw,4
Oneida,New Hartford Ward 2 District 3,Comptroller,,DEM,Raj Goyle,2
Oneida,New Hartford Ward 2 District 3,Comptroller,,DEM,Thomas P. DiNapoli,29
Oneida,New Hartford Ward 2 District 4,Ballots Cast,,,,32
Oneida,New Hartford Ward 2 District 4,Comptroller,,DEM,Drew Warshaw,3
Oneida,New Hartford Ward 2 District 4,Comptroller,,DEM,Raj Goyle,4
Oneida,New Hartford Ward 2 District 4,Comptroller,,DEM,Thomas P. DiNapoli,25
Oneida,New Hartford Ward 3 District 1,Ballots Cast,,,,40
Oneida,New Hartford Ward 3 District 1,Comptroller,,DEM,Drew Warshaw,3
Oneida,New Hartford Ward 3 District 1,Comptroller,,DEM,Raj Goyle,4
Oneida,New Hartford Ward 3 District 1,Comptroller,,DEM,Thomas P. DiNapoli,33
Oneida,New Hartford Ward 3 District 2,Ballots Cast,,,,46
Oneida,New Hartford Ward 3 District 2,Comptroller,,DEM,Drew Warshaw,3
Oneida,New Hartford Ward 3 District 2,Comptroller,,DEM,Raj Goyle,2
Oneida,New Hartford Ward 3 District 2,Comptroller,,DEM,Thomas P. DiNapoli,41
Oneida,New Hartford Ward 3 District 3,Ballots Cast,,,,25
Oneida,New Hartford Ward 3 District 3,Comptroller,,DEM,Drew Warshaw,7
Oneida,New Hartford Ward 3 District 3,Comptroller,,DEM,Raj Goyle,4
Oneida,New Hartford Ward 3 District 3,Comptroller,,DEM,Thomas P. DiNapoli,14
Oneida,New Hartford Ward 3 District 4,Ballots Cast,,,,19
Oneida,New Hartford Ward 3 District 4,Comptroller,,DEM,Drew Warshaw,2
Oneida,New Hartford Ward 3 District 4,Comptroller,,DEM,Raj Goyle,2
Oneida,New Hartford Ward 3 District 4,Comptroller,,DEM,Thomas P. DiNapoli,15
Oneida,New Hartford Ward 4 District 1,Ballots Cast,,,,110
Oneida,New Hartford Ward 4 District 1,Comptroller,,DEM,Drew Warshaw,9
Oneida,New Hartford Ward 4 District 1,Comptroller,,DEM,Raj Goyle,7
Oneida,New Hartford Ward 4 District 1,Comptroller,,DEM,Thomas P. DiNapoli,36
Oneida,New Hartford Ward 4 District 1,Comptroller,,,Over Votes,1
Oneida,New Hartford Ward 4 District 1,Member of the Oneida County Republican Committee for New Hartford Ward 4 District 1,,REP,Daniel Trevisani,36
Oneida,New Hartford Ward 4 District 1,Member of the Oneida County Republican Committee for New Hartford Ward 4 District 1,,REP,Eric Sloma,15
Oneida,New Hartford Ward 4 District 1,Member of the Oneida County Republican Committee for New Hartford Ward 4 District 1,,REP,Norma Tehan,28
Oneida,New Hartford Ward 4 District 1,Member of the Oneida County Republican Committee for New Hartford Ward 4 District 1,,REP,Reed Kinderman,20
Oneida,New Hartford Ward 4 District 1,Member of the Oneida County Republican Committee for New Hartford Ward 4 District 1,,,Suppressed,57
Oneida,New Hartford Ward 4 District 1,Member of the Oneida County Republican Committee for New Hartford Ward 4 District 1,,,Under Votes,15
Oneida,New Hartford Ward 4 District 2,Ballots Cast,,,,59
Oneida,New Hartford Ward 4 District 2,Comptroller,,DEM,Drew Warshaw,2
Oneida,New Hartford Ward 4 District 2,Comptroller,,DEM,Raj Goyle,7
Oneida,New Hartford Ward 4 District 2,Comptroller,,DEM,Thomas P. DiNapoli,19
Oneida,New Hartford Ward 4 District 2,Member of the Oneida County Republican Committee for New Hartford Ward 4 District 2,,REP,Donna Becket,10
Oneida,New Hartford Ward 4 District 2,Member of the Oneida County Republican Committee for New Hartford Ward 4 District 2,,REP,Maryangela Scaramuzzino,16
Oneida,New Hartford Ward 4 District 2,Member of the Oneida County Republican Committee for New Hartford Ward 4 District 2,,REP,Rudy Gadziala,14
Oneida,New Hartford Ward 4 District 2,Member of the Oneida County Republican Committee for New Hartford Ward 4 District 2,,,Suppressed,31
Oneida,New Hartford Ward 4 District 2,Member of the Oneida County Republican Committee for New Hartford Ward 4 District 2,,,Under Votes,22
Oneida,New Hartford Ward 4 District 3,Ballots Cast,,,,14
Oneida,New Hartford Ward 4 District 3,Comptroller,,DEM,Drew Warshaw,1
Oneida,New Hartford Ward 4 District 3,Comptroller,,DEM,Raj Goyle,2
Oneida,New Hartford Ward 4 District 3,Comptroller,,DEM,Thomas P. DiNapoli,11
Oneida,New Hartford Ward 4 District 4,Ballots Cast,,,,84
Oneida,New Hartford Ward 4 District 4,Comptroller,,DEM,Drew Warshaw,8
Oneida,New Hartford Ward 4 District 4,Comptroller,,DEM,Raj Goyle,11
Oneida,New Hartford Ward 4 District 4,Comptroller,,DEM,Thomas P. DiNapoli,63
Oneida,New Hartford Ward 4 District 4,Comptroller,,,Over Votes,1
Oneida,New Hartford Ward 4 District 4,Comptroller,,,Under Votes,1
Oneida,Paris 1,Ballots Cast,,,,13
Oneida,Paris 1,Comptroller,,DEM,Raj Goyle,4
Oneida,Paris 1,Comptroller,,DEM,Thomas P. DiNapoli,9
Oneida,Paris 2,Ballots Cast,,,,6
Oneida,Paris 2,Comptroller,,DEM,Raj Goyle,2
Oneida,Paris 2,Comptroller,,DEM,Thomas P. DiNapoli,4
Oneida,Paris 3,Ballots Cast,,,,19
Oneida,Paris 3,Comptroller,,DEM,Drew Warshaw,3
Oneida,Paris 3,Comptroller,,DEM,Raj Goyle,1
Oneida,Paris 3,Comptroller,,DEM,Thomas P. DiNapoli,15
Oneida,Remsen 1,Ballots Cast,,,,196
Oneida,Remsen 1,Comptroller,,DEM,Drew Warshaw,7
Oneida,Remsen 1,Comptroller,,DEM,Thomas P. DiNapoli,35
Oneida,Remsen 1,Comptroller,,,Over Votes,1
Oneida,Remsen 1,Comptroller,,,Under Votes,1
Oneida,Remsen 1,State Assembly,118,REP,Chanda King,38
Oneida,Remsen 1,State Assembly,118,REP,Charles Potter,17
Oneida,Remsen 1,State Assembly,118,REP,Heather A. Scribner,66
Oneida,Remsen 1,State Assembly,118,REP,Raymond Meier,1
Oneida,Remsen 1,State Assembly,118,,Under Votes,29
Oneida,Remsen 1,U.S. House,21,DEM,Blake Gendebien,33
Oneida,Remsen 1,U.S. House,21,DEM,Stuart J. Amoriell,9
Oneida,Remsen 1,U.S. House,21,REP,Anthony Constantino,79
Oneida,Remsen 1,U.S. House,21,REP,Raymond Meier,2
Oneida,Remsen 1,U.S. House,21,REP,Robert J. Smullen,65
Oneida,Remsen 1,U.S. House,21,,Under Votes,3
Oneida,Remsen 1,U.S. House,21,,Under Votes,5
Oneida,Rome Ward 1 District 1,Ballots Cast,,,,55
Oneida,Rome Ward 1 District 1,Comptroller,,DEM,Drew Warshaw,2
Oneida,Rome Ward 1 District 1,Comptroller,,DEM,Raj Goyle,2
Oneida,Rome Ward 1 District 1,Comptroller,,DEM,Thomas P. DiNapoli,19
Oneida,Rome Ward 1 District 1,Comptroller,,,Under Votes,1
Oneida,Rome Ward 1 District 1,State Assembly,119,DEM,Jonathan E. Lipe,19
Oneida,Rome Ward 1 District 1,State Assembly,119,DEM,Joseph M. Betar,5
Oneida,Rome Ward 1 District 1,State Assembly,119,REP,Daniel Fusco,17
Oneida,Rome Ward 1 District 1,State Assembly,119,REP,Michael C. Gentile,10
Oneida,Rome Ward 1 District 1,State Assembly,119,,Under Votes,4
Oneida,Rome Ward 1 District 1,U.S. House,21,DEM,Blake Gendebien,16
Oneida,Rome Ward 1 District 1,U.S. House,21,DEM,Stuart J. Amoriell,7
Oneida,Rome Ward 1 District 1,U.S. House,21,REP,Anthony Constantino,17
Oneida,Rome Ward 1 District 1,U.S. House,21,REP,Robert J. Smullen,13
Oneida,Rome Ward 1 District 1,U.S. House,21,,Under Votes,1
Oneida,Rome Ward 1 District 1,U.S. House,21,,Under Votes,1
Oneida,Rome Ward 1 District 2,Ballots Cast,,,,53
Oneida,Rome Ward 1 District 2,Comptroller,,DEM,Drew Warshaw,2
Oneida,Rome Ward 1 District 2,Comptroller,,DEM,Raj Goyle,1
Oneida,Rome Ward 1 District 2,Comptroller,,DEM,Thomas P. DiNapoli,16
Oneida,Rome Ward 1 District 2,State Assembly,119,DEM,Jonathan E. Lipe,15
Oneida,Rome Ward 1 District 2,State Assembly,119,DEM,Joseph M. Betar,4
Oneida,Rome Ward 1 District 2,State Assembly,119,REP,Daniel Fusco,14
Oneida,Rome Ward 1 District 2,State Assembly,119,REP,Michael C. Gentile,16
Oneida,Rome Ward 1 District 2,State Assembly,119,,Under Votes,4
Oneida,Rome Ward 1 District 2,U.S. House,21,DEM,Blake Gendebien,11
Oneida,Rome Ward 1 District 2,U.S. House,21,DEM,Stuart J. Amoriell,8
Oneida,Rome Ward 1 District 2,U.S. House,21,REP,Anthony Constantino,20
Oneida,Rome Ward 1 District 2,U.S. House,21,REP,Robert J. Smullen,14
Oneida,Rome Ward 1 District 3,Ballots Cast,,,,62
Oneida,Rome Ward 1 District 3,Comptroller,,DEM,Drew Warshaw,8
Oneida,Rome Ward 1 District 3,Comptroller,,DEM,Raj Goyle,5
Oneida,Rome Ward 1 District 3,Comptroller,,DEM,Thomas P. DiNapoli,19
Oneida,Rome Ward 1 District 3,Comptroller,,,Over Votes,1
Oneida,Rome Ward 1 District 3,Comptroller,,,Under Votes,2
Oneida,Rome Ward 1 District 3,State Assembly,119,DEM,Jonathan E. Lipe,22
Oneida,Rome Ward 1 District 3,State Assembly,119,DEM,Joseph M. Betar,13
Oneida,Rome Ward 1 District 3,State Assembly,119,REP,Daniel Fusco,15
Oneida,Rome Ward 1 District 3,State Assembly,119,REP,Michael C. Gentile,8
Oneida,Rome Ward 1 District 3,State Assembly,119,,Under Votes,4
Oneida,Rome Ward 1 District 3,U.S. House,21,DEM,Blake Gendebien,13
Oneida,Rome Ward 1 District 3,U.S. House,21,DEM,Stuart J. Amoriell,19
Oneida,Rome Ward 1 District 3,U.S. House,21,REP,Anthony Constantino,21
Oneida,Rome Ward 1 District 3,U.S. House,21,REP,Robert J. Smullen,6
Oneida,Rome Ward 1 District 3,U.S. House,21,,Under Votes,3
Oneida,Rome Ward 1 District 4,Ballots Cast,,,,64
Oneida,Rome Ward 1 District 4,Comptroller,,DEM,Drew Warshaw,6
Oneida,Rome Ward 1 District 4,Comptroller,,DEM,Raj Goyle,2
Oneida,Rome Ward 1 District 4,Comptroller,,DEM,Thomas P. DiNapoli,14
Oneida,Rome Ward 1 District 4,State Assembly,119,DEM,Jonathan E. Lipe,12
Oneida,Rome Ward 1 District 4,State Assembly,119,DEM,Joseph M. Betar,9
Oneida,Rome Ward 1 District 4,State Assembly,119,REP,Daniel Fusco,15
Oneida,Rome Ward 1 District 4,State Assembly,119,REP,Michael C. Gentile,19
Oneida,Rome Ward 1 District 4,State Assembly,119,,Under Votes,1
Oneida,Rome Ward 1 District 4,State Assembly,119,,Under Votes,7
Oneida,Rome Ward 1 District 4,U.S. House,21,DEM,Blake Gendebien,13
Oneida,Rome Ward 1 District 4,U.S. House,21,DEM,Stuart J. Amoriell,8
Oneida,Rome Ward 1 District 4,U.S. House,21,REP,Anthony Constantino,30
Oneida,Rome Ward 1 District 4,U.S. House,21,REP,Robert J. Smullen,10
Oneida,Rome Ward 1 District 4,U.S. House,21,,Under Votes,2
Oneida,Rome Ward 1 District 4,U.S. House,21,,Under Votes,1
Oneida,Rome Ward 2 District 1,Ballots Cast,,,,200
Oneida,Rome Ward 2 District 1,Comptroller,,DEM,Drew Warshaw,2
Oneida,Rome Ward 2 District 1,Comptroller,,DEM,Raj Goyle,1
Oneida,Rome Ward 2 District 1,Comptroller,,DEM,Thomas P. DiNapoli,28
Oneida,Rome Ward 2 District 1,Comptroller,,,Under Votes,1
Oneida,Rome Ward 2 District 1,Member of the Oneida County Republican Committee for Rome Ward 2 District 1,,REP,Dennis Huxley,26
Oneida,Rome Ward 2 District 1,Member of the Oneida County Republican Committee for Rome Ward 2 District 1,,REP,Jessica Mortise,32
Oneida,Rome Ward 2 District 1,Member of the Oneida County Republican Committee for Rome Ward 2 District 1,,REP,John Mortise,47
Oneida,Rome Ward 2 District 1,Member of the Oneida County Republican Committee for Rome Ward 2 District 1,,REP,Richard Andrews,31
Oneida,Rome Ward 2 District 1,Member of the Oneida County Republican Committee for Rome Ward 2 District 1,,,Suppressed,84
Oneida,Rome Ward 2 District 1,Member of the Oneida County Republican Committee for Rome Ward 2 District 1,,,Under Votes,32
Oneida,Rome Ward 2 District 1,State Assembly,119,DEM,Jonathan E. Lipe,13
Oneida,Rome Ward 2 District 1,State Assembly,119,DEM,Joseph M. Betar,16
Oneida,Rome Ward 2 District 1,State Assembly,119,REP,Daniel Fusco,41
Oneida,Rome Ward 2 District 1,State Assembly,119,REP,Michael C. Gentile,34
Oneida,Rome Ward 2 District 1,State Assembly,119,,Under Votes,3
Oneida,Rome Ward 2 District 1,State Assembly,119,,Under Votes,9
Oneida,Rome Ward 2 District 1,U.S. House,21,DEM,Blake Gendebien,18
Oneida,Rome Ward 2 District 1,U.S. House,21,DEM,Stuart J. Amoriell,11
Oneida,Rome Ward 2 District 1,U.S. House,21,REP,Anthony Constantino,56
Oneida,Rome Ward 2 District 1,U.S. House,21,REP,Robert J. Smullen,28
Oneida,Rome Ward 2 District 1,U.S. House,21,,Under Votes,3
Oneida,Rome Ward 2 District 2,Ballots Cast,,,,11
Oneida,Rome Ward 2 District 2,Comptroller,,DEM,Suppressed,3
Oneida,Rome Ward 2 District 2,State Assembly,119,DEM,Suppressed,3
Oneida,Rome Ward 2 District 2,State Assembly,119,REP,Daniel Fusco,1
Oneida,Rome Ward 2 District 2,State Assembly,119,REP,Michael C. Gentile,5
Oneida,Rome Ward 2 District 2,State Assembly,119,,Under Votes,2
Oneida,Rome Ward 2 District 2,U.S. House,21,DEM,Suppressed,3
Oneida,Rome Ward 2 District 2,U.S. House,21,REP,Anthony Constantino,4
Oneida,Rome Ward 2 District 2,U.S. House,21,REP,Robert J. Smullen,2
Oneida,Rome Ward 2 District 2,U.S. House,21,,Under Votes,2
Oneida,Rome Ward 2 District 3,Ballots Cast,,,,12
Oneida,Rome Ward 2 District 3,Comptroller,,DEM,Thomas P. DiNapoli,6
Oneida,Rome Ward 2 District 3,State Assembly,119,DEM,Jonathan E. Lipe,2
Oneida,Rome Ward 2 District 3,State Assembly,119,DEM,Joseph M. Betar,4
Oneida,Rome Ward 2 District 3,State Assembly,119,REP,Daniel Fusco,5
Oneida,Rome Ward 2 District 3,State Assembly,119,REP,Michael C. Gentile,1
Oneida,Rome Ward 2 District 3,U.S. House,21,DEM,Blake Gendebien,6
Oneida,Rome Ward 2 District 3,U.S. House,21,REP,Anthony Constantino,2
Oneida,Rome Ward 2 District 3,U.S. House,21,REP,Robert J. Smullen,4
Oneida,Rome Ward 2 District 4,Ballots Cast,,,,28
Oneida,Rome Ward 2 District 4,Comptroller,,DEM,Thomas P. DiNapoli,7
Oneida,Rome Ward 2 District 4,State Assembly,119,DEM,Jonathan E. Lipe,6
Oneida,Rome Ward 2 District 4,State Assembly,119,REP,Daniel Fusco,9
Oneida,Rome Ward 2 District 4,State Assembly,119,REP,Michael C. Gentile,12
Oneida,Rome Ward 2 District 4,State Assembly,119,,Under Votes,1
Oneida,Rome Ward 2 District 4,U.S. House,21,DEM,Blake Gendebien,7
Oneida,Rome Ward 2 District 4,U.S. House,21,REP,Anthony Constantino,18
Oneida,Rome Ward 2 District 4,U.S. House,21,REP,Robert J. Smullen,2
Oneida,Rome Ward 2 District 4,U.S. House,21,,Under Votes,1
Oneida,Rome Ward 2 District 5,Ballots Cast,,,,47
Oneida,Rome Ward 2 District 5,Comptroller,,DEM,Drew Warshaw,3
Oneida,Rome Ward 2 District 5,Comptroller,,DEM,Raj Goyle,2
Oneida,Rome Ward 2 District 5,Comptroller,,DEM,Thomas P. DiNapoli,12
Oneida,Rome Ward 2 District 5,State Assembly,119,DEM,Jonathan E. Lipe,9
Oneida,Rome Ward 2 District 5,State Assembly,119,DEM,Joseph M. Betar,8
Oneida,Rome Ward 2 District 5,State Assembly,119,REP,Daniel Fusco,12
Oneida,Rome Ward 2 District 5,State Assembly,119,REP,Michael C. Gentile,14
Oneida,Rome Ward 2 District 5,State Assembly,119,,Under Votes,4
Oneida,Rome Ward 2 District 5,U.S. House,21,DEM,Blake Gendebien,13
Oneida,Rome Ward 2 District 5,U.S. House,21,DEM,Stuart J. Amoriell,4
Oneida,Rome Ward 2 District 5,U.S. House,21,REP,Anthony Constantino,16
Oneida,Rome Ward 2 District 5,U.S. House,21,REP,Robert J. Smullen,14
Oneida,Rome Ward 3 District 1,Ballots Cast,,,,17
Oneida,Rome Ward 3 District 1,Comptroller,,DEM,Suppressed,4
Oneida,Rome Ward 3 District 1,State Assembly,119,DEM,Suppressed,4
Oneida,Rome Ward 3 District 1,State Assembly,119,REP,Daniel Fusco,4
Oneida,Rome Ward 3 District 1,State Assembly,119,REP,Michael C. Gentile,8
Oneida,Rome Ward 3 District 1,State Assembly,119,,Under Votes,1
Oneida,Rome Ward 3 District 1,U.S. House,21,DEM,Suppressed,4
Oneida,Rome Ward 3 District 1,U.S. House,21,REP,Anthony Constantino,9
Oneida,Rome Ward 3 District 1,U.S. House,21,REP,Robert J. Smullen,4
Oneida,Rome Ward 3 District 2,Ballots Cast,,,,76
Oneida,Rome Ward 3 District 2,Comptroller,,DEM,Drew Warshaw,1
Oneida,Rome Ward 3 District 2,Comptroller,,DEM,Raj Goyle,2
Oneida,Rome Ward 3 District 2,Comptroller,,DEM,Thomas P. DiNapoli,6
Oneida,Rome Ward 3 District 2,Comptroller,,,Under Votes,1
Oneida,Rome Ward 3 District 2,Member of the Oneida County Republican Committee for Rome Ward 3 District 2,,REP,Dianna Cianfrocco,14
Oneida,Rome Ward 3 District 2,Member of the Oneida County Republican Committee for Rome Ward 3 District 2,,REP,Jason Oliver,15
Oneida,Rome Ward 3 District 2,Member of the Oneida County Republican Committee for Rome Ward 3 District 2,,REP,John Rogers,21
Oneida,Rome Ward 3 District 2,Member of the Oneida County Republican Committee for Rome Ward 3 District 2,,,Suppressed,33
Oneida,Rome Ward 3 District 2,Member of the Oneida County Republican Committee for Rome Ward 3 District 2,,,Under Votes,16
Oneida,Rome Ward 3 District 2,State Assembly,119,DEM,Jonathan E. Lipe,6
Oneida,Rome Ward 3 District 2,State Assembly,119,DEM,Joseph M. Betar,3
Oneida,Rome Ward 3 District 2,State Assembly,119,REP,Daniel Fusco,16
Oneida,Rome Ward 3 District 2,State Assembly,119,REP,Michael C. Gentile,14
Oneida,Rome Ward 3 District 2,State Assembly,119,,Under Votes,1
Oneida,Rome Ward 3 District 2,State Assembly,119,,Under Votes,3
Oneida,Rome Ward 3 District 2,U.S. House,21,DEM,Blake Gendebien,7
Oneida,Rome Ward 3 District 2,U.S. House,21,DEM,Stuart J. Amoriell,3
Oneida,Rome Ward 3 District 2,U.S. House,21,REP,Anthony Constantino,23
Oneida,Rome Ward 3 District 2,U.S. House,21,REP,Robert J. Smullen,9
Oneida,Rome Ward 3 District 2,U.S. House,21,,Under Votes,1
Oneida,Rome Ward 3 District 3,Ballots Cast,,,,103
Oneida,Rome Ward 3 District 3,Comptroller,,DEM,Drew Warshaw,1
Oneida,Rome Ward 3 District 3,Comptroller,,DEM,Raj Goyle,6
Oneida,Rome Ward 3 District 3,Comptroller,,DEM,Thomas P. DiNapoli,22
Oneida,Rome Ward 3 District 3,Comptroller,,,Over Votes,2
Oneida,Rome Ward 3 District 3,State Assembly,119,DEM,Jonathan E. Lipe,18
Oneida,Rome Ward 3 District 3,State Assembly,119,DEM,Joseph M. Betar,12
Oneida,Rome Ward 3 District 3,State Assembly,119,REP,Daniel Fusco,33
Oneida,Rome Ward 3 District 3,State Assembly,119,REP,Michael C. Gentile,21
Oneida,Rome Ward 3 District 3,State Assembly,119,,Over Votes,1
Oneida,Rome Ward 3 District 3,State Assembly,119,,Over Votes,2
Oneida,Rome Ward 3 District 3,State Assembly,119,,Under Votes,16
Oneida,Rome Ward 3 District 3,U.S. House,21,DEM,Blake Gendebien,19
Oneida,Rome Ward 3 District 3,U.S. House,21,DEM,Stuart J. Amoriell,10
Oneida,Rome Ward 3 District 3,U.S. House,21,REP,Anthony Constantino,44
Oneida,Rome Ward 3 District 3,U.S. House,21,REP,Robert J. Smullen,24
Oneida,Rome Ward 3 District 3,U.S. House,21,,Over Votes,1
Oneida,Rome Ward 3 District 3,U.S. House,21,,Over Votes,1
Oneida,Rome Ward 3 District 3,U.S. House,21,,Under Votes,1
Oneida,Rome Ward 3 District 3,U.S. House,21,,Under Votes,3
Oneida,Rome Ward 3 District 4,Ballots Cast,,,,74
Oneida,Rome Ward 3 District 4,Comptroller,,DEM,Drew Warshaw,6
Oneida,Rome Ward 3 District 4,Comptroller,,DEM,Raj Goyle,1
Oneida,Rome Ward 3 District 4,Comptroller,,DEM,Thomas P. DiNapoli,22
Oneida,Rome Ward 3 District 4,Comptroller,,,Over Votes,1
Oneida,Rome Ward 3 District 4,Comptroller,,,Under Votes,1
Oneida,Rome Ward 3 District 4,State Assembly,119,DEM,Jonathan E. Lipe,21
Oneida,Rome Ward 3 District 4,State Assembly,119,DEM,Joseph M. Betar,7
Oneida,Rome Ward 3 District 4,State Assembly,119,REP,Daniel Fusco,24
Oneida,Rome Ward 3 District 4,State Assembly,119,REP,Michael C. Gentile,11
Oneida,Rome Ward 3 District 4,State Assembly,119,,Over Votes,1
Oneida,Rome Ward 3 District 4,State Assembly,119,,Under Votes,2
Oneida,Rome Ward 3 District 4,State Assembly,119,,Under Votes,8
Oneida,Rome Ward 3 District 4,U.S. House,21,DEM,Blake Gendebien,15
Oneida,Rome Ward 3 District 4,U.S. House,21,DEM,Stuart J. Amoriell,10
Oneida,Rome Ward 3 District 4,U.S. House,21,REP,Anthony Constantino,26
Oneida,Rome Ward 3 District 4,U.S. House,21,REP,Robert J. Smullen,16
Oneida,Rome Ward 3 District 4,U.S. House,21,,Over Votes,1
Oneida,Rome Ward 3 District 4,U.S. House,21,,Under Votes,5
Oneida,Rome Ward 3 District 4,U.S. House,21,,Under Votes,1
Oneida,Rome Ward 3 District 5,Ballots Cast,,,,6
Oneida,Rome Ward 3 District 5,Comptroller,,DEM,Suppressed,2
Oneida,Rome Ward 3 District 5,State Assembly,119,DEM,Suppressed,2
Oneida,Rome Ward 3 District 5,State Assembly,119,REP,Suppressed,4
Oneida,Rome Ward 3 District 5,U.S. House,21,DEM,Suppressed,2
Oneida,Rome Ward 3 District 5,U.S. House,21,REP,Suppressed,4
Oneida,Rome Ward 4 District 1,Ballots Cast,,,,24
Oneida,Rome Ward 4 District 1,Comptroller,,DEM,Drew Warshaw,1
Oneida,Rome Ward 4 District 1,Comptroller,,DEM,Raj Goyle,5
Oneida,Rome Ward 4 District 1,Comptroller,,DEM,Thomas P. DiNapoli,5
Oneida,Rome Ward 4 District 1,State Assembly,119,DEM,Jonathan E. Lipe,7
Oneida,Rome Ward 4 District 1,State Assembly,119,DEM,Joseph M. Betar,3
Oneida,Rome Ward 4 District 1,State Assembly,119,REP,Daniel Fusco,4
Oneida,Rome Ward 4 District 1,State Assembly,119,REP,Michael C. Gentile,9
Oneida,Rome Ward 4 District 1,State Assembly,119,,Under Votes,1
Oneida,Rome Ward 4 District 1,U.S. House,21,DEM,Blake Gendebien,4
Oneida,Rome Ward 4 District 1,U.S. House,21,DEM,Stuart J. Amoriell,6
Oneida,Rome Ward 4 District 1,U.S. House,21,REP,Anthony Constantino,10
Oneida,Rome Ward 4 District 1,U.S. House,21,REP,Robert J. Smullen,3
Oneida,Rome Ward 4 District 1,U.S. House,21,,Under Votes,1
Oneida,Rome Ward 4 District 2,Ballots Cast,,,,134
Oneida,Rome Ward 4 District 2,Comptroller,,DEM,Drew Warshaw,4
Oneida,Rome Ward 4 District 2,Comptroller,,DEM,Raj Goyle,4
Oneida,Rome Ward 4 District 2,Comptroller,,DEM,Thomas P. DiNapoli,28
Oneida,Rome Ward 4 District 2,Member of the Oneida County Republican Committee for Rome Ward 4 District 2,,REP,Jessica Fanfarillo,26
Oneida,Rome Ward 4 District 2,Member of the Oneida County Republican Committee for Rome Ward 4 District 2,,REP,Mark Fanfarillo,27
Oneida,Rome Ward 4 District 2,Member of the Oneida County Republican Committee for Rome Ward 4 District 2,,REP,Richard Mellon,17
Oneida,Rome Ward 4 District 2,Member of the Oneida County Republican Committee for Rome Ward 4 District 2,,,Suppressed,49
Oneida,Rome Ward 4 District 2,Member of the Oneida County Republican Committee for Rome Ward 4 District 2,,,Under Votes,28
Oneida,Rome Ward 4 District 2,State Assembly,119,DEM,Jonathan E. Lipe,29
Oneida,Rome Ward 4 District 2,State Assembly,119,DEM,Joseph M. Betar,6
Oneida,Rome Ward 4 District 2,State Assembly,119,REP,Daniel Fusco,24
Oneida,Rome Ward 4 District 2,State Assembly,119,REP,Michael C. Gentile,21
Oneida,Rome Ward 4 District 2,State Assembly,119,,Under Votes,1
Oneida,Rome Ward 4 District 2,State Assembly,119,,Under Votes,4
Oneida,Rome Ward 4 District 2,U.S. House,21,DEM,Blake Gendebien,25
Oneida,Rome Ward 4 District 2,U.S. House,21,DEM,Stuart J. Amoriell,10
Oneida,Rome Ward 4 District 2,U.S. House,21,REP,Anthony Constantino,26
Oneida,Rome Ward 4 District 2,U.S. House,21,REP,Robert J. Smullen,21
Oneida,Rome Ward 4 District 2,U.S. House,21,,Under Votes,1
Oneida,Rome Ward 4 District 2,U.S. House,21,,Under Votes,2
Oneida,Rome Ward 4 District 3,Ballots Cast,,,,83
Oneida,Rome Ward 4 District 3,Comptroller,,DEM,Drew Warshaw,3
Oneida,Rome Ward 4 District 3,Comptroller,,DEM,Raj Goyle,5
Oneida,Rome Ward 4 District 3,Comptroller,,DEM,Thomas P. DiNapoli,17
Oneida,Rome Ward 4 District 3,Member of the Oneida County Republican Committee for Rome Ward 4 District 3,,REP,Anna Maria Pasqualetti,10
Oneida,Rome Ward 4 District 3,Member of the Oneida County Republican Committee for Rome Ward 4 District 3,,REP,Jaimie Stasio,6
Oneida,Rome Ward 4 District 3,Member of the Oneida County Republican Committee for Rome Ward 4 District 3,,REP,James Cusack,13
Oneida,Rome Ward 4 District 3,Member of the Oneida County Republican Committee for Rome Ward 4 District 3,,REP,Joseph Stasio,10
Oneida,Rome Ward 4 District 3,Member of the Oneida County Republican Committee for Rome Ward 4 District 3,,,Over Votes,2
Oneida,Rome Ward 4 District 3,Member of the Oneida County Republican Committee for Rome Ward 4 District 3,,,Suppressed,29
Oneida,Rome Ward 4 District 3,Member of the Oneida County Republican Committee for Rome Ward 4 District 3,,,Under Votes,17
Oneida,Rome Ward 4 District 3,State Assembly,119,DEM,Jonathan E. Lipe,17
Oneida,Rome Ward 4 District 3,State Assembly,119,DEM,Joseph M. Betar,8
Oneida,Rome Ward 4 District 3,State Assembly,119,REP,Daniel Fusco,18
Oneida,Rome Ward 4 District 3,State Assembly,119,REP,Michael C. Gentile,9
Oneida,Rome Ward 4 District 3,State Assembly,119,,Under Votes,2
Oneida,Rome Ward 4 District 3,U.S. House,21,DEM,Blake Gendebien,8
Oneida,Rome Ward 4 District 3,U.S. House,21,DEM,Stuart J. Amoriell,17
Oneida,Rome Ward 4 District 3,U.S. House,21,REP,Anthony Constantino,22
Oneida,Rome Ward 4 District 3,U.S. House,21,REP,Robert J. Smullen,7
Oneida,Rome Ward 4 District 4,Ballots Cast,,,,70
Oneida,Rome Ward 4 District 4,Comptroller,,DEM,Drew Warshaw,6
Oneida,Rome Ward 4 District 4,Comptroller,,DEM,Raj Goyle,3
Oneida,Rome Ward 4 District 4,Comptroller,,DEM,Thomas P. DiNapoli,12
Oneida,Rome Ward 4 District 4,State Assembly,119,DEM,Jonathan E. Lipe,14
Oneida,Rome Ward 4 District 4,State Assembly,119,DEM,Joseph M. Betar,5
Oneida,Rome Ward 4 District 4,State Assembly,119,REP,Daniel Fusco,22
Oneida,Rome Ward 4 District 4,State Assembly,119,REP,Michael C. Gentile,18
Oneida,Rome Ward 4 District 4,State Assembly,119,,Under Votes,2
Oneida,Rome Ward 4 District 4,State Assembly,119,,Under Votes,9
Oneida,Rome Ward 4 District 4,U.S. House,21,DEM,Blake Gendebien,10
Oneida,Rome Ward 4 District 4,U.S. House,21,DEM,Stuart J. Amoriell,9
Oneida,Rome Ward 4 District 4,U.S. House,21,REP,Anthony Constantino,26
Oneida,Rome Ward 4 District 4,U.S. House,21,REP,Robert J. Smullen,21
Oneida,Rome Ward 4 District 4,U.S. House,21,,Under Votes,2
Oneida,Rome Ward 4 District 4,U.S. House,21,,Under Votes,2
Oneida,Rome Ward 5 District 1,Ballots Cast,,,,73
Oneida,Rome Ward 5 District 1,Comptroller,,DEM,Drew Warshaw,3
Oneida,Rome Ward 5 District 1,Comptroller,,DEM,Thomas P. DiNapoli,34
Oneida,Rome Ward 5 District 1,Comptroller,,,Under Votes,2
Oneida,Rome Ward 5 District 1,State Assembly,119,DEM,Jonathan E. Lipe,31
Oneida,Rome Ward 5 District 1,State Assembly,119,DEM,Joseph M. Betar,7
Oneida,Rome Ward 5 District 1,State Assembly,119,REP,Daniel Fusco,19
Oneida,Rome Ward 5 District 1,State Assembly,119,REP,Michael C. Gentile,10
Oneida,Rome Ward 5 District 1,State Assembly,119,,Under Votes,1
Oneida,Rome Ward 5 District 1,State Assembly,119,,Under Votes,5
Oneida,Rome Ward 5 District 1,U.S. House,21,DEM,Blake Gendebien,29
Oneida,Rome Ward 5 District 1,U.S. House,21,DEM,Stuart J. Amoriell,8
Oneida,Rome Ward 5 District 1,U.S. House,21,REP,Anthony Constantino,20
Oneida,Rome Ward 5 District 1,U.S. House,21,REP,Robert J. Smullen,10
Oneida,Rome Ward 5 District 1,U.S. House,21,,Under Votes,2
Oneida,Rome Ward 5 District 1,U.S. House,21,,Under Votes,4
Oneida,Rome Ward 5 District 2,Ballots Cast,,,,117
Oneida,Rome Ward 5 District 2,Comptroller,,DEM,Drew Warshaw,7
Oneida,Rome Ward 5 District 2,Comptroller,,DEM,Raj Goyle,5
Oneida,Rome Ward 5 District 2,Comptroller,,DEM,Thomas P. DiNapoli,21
Oneida,Rome Ward 5 District 2,Comptroller,,,Under Votes,2
Oneida,Rome Ward 5 District 2,Member of the Oneida County Republican Committee for Rome Ward 5 District 2,,REP,Gerald Webber,15
Oneida,Rome Ward 5 District 2,Member of the Oneida County Republican Committee for Rome Ward 5 District 2,,REP,James Harris,14
Oneida,Rome Ward 5 District 2,Member of the Oneida County Republican Committee for Rome Ward 5 District 2,,REP,John Reilly,30
Oneida,Rome Ward 5 District 2,Member of the Oneida County Republican Committee for Rome Ward 5 District 2,,REP,Zachary Wright,7
Oneida,Rome Ward 5 District 2,Member of the Oneida County Republican Committee for Rome Ward 5 District 2,,,Suppressed,41
Oneida,Rome Ward 5 District 2,Member of the Oneida County Republican Committee for Rome Ward 5 District 2,,,Under Votes,16
Oneida,Rome Ward 5 District 2,State Assembly,119,DEM,Jonathan E. Lipe,27
Oneida,Rome Ward 5 District 2,State Assembly,119,DEM,Joseph M. Betar,8
Oneida,Rome Ward 5 District 2,State Assembly,119,REP,Daniel Fusco,18
Oneida,Rome Ward 5 District 2,State Assembly,119,REP,Michael C. Gentile,19
Oneida,Rome Ward 5 District 2,State Assembly,119,,Under Votes,4
Oneida,Rome Ward 5 District 2,U.S. House,21,DEM,Blake Gendebien,24
Oneida,Rome Ward 5 District 2,U.S. House,21,DEM,Stuart J. Amoriell,8
Oneida,Rome Ward 5 District 2,U.S. House,21,REP,Anthony Constantino,27
Oneida,Rome Ward 5 District 2,U.S. House,21,REP,Robert J. Smullen,14
Oneida,Rome Ward 5 District 2,U.S. House,21,,Under Votes,3
Oneida,Rome Ward 5 District 3,Ballots Cast,,,,141
Oneida,Rome Ward 5 District 3,Comptroller,,DEM,Drew Warshaw,3
Oneida,Rome Ward 5 District 3,Comptroller,,DEM,Raj Goyle,4
Oneida,Rome Ward 5 District 3,Comptroller,,DEM,Thomas P. DiNapoli,29
Oneida,Rome Ward 5 District 3,Comptroller,,,Under Votes,5
Oneida,Rome Ward 5 District 3,Member of the Oneida County Republican Committee for Rome Ward 5 District 3,,REP,James Genovese,22
Oneida,Rome Ward 5 District 3,Member of the Oneida County Republican Committee for Rome Ward 5 District 3,,REP,Matt Reilley,25
Oneida,Rome Ward 5 District 3,Member of the Oneida County Republican Committee for Rome Ward 5 District 3,,REP,Nicole Genovese,20
Oneida,Rome Ward 5 District 3,Member of the Oneida County Republican Committee for Rome Ward 5 District 3,,REP,Ruth Hanrahan,12
Oneida,Rome Ward 5 District 3,Member of the Oneida County Republican Committee for Rome Ward 5 District 3,,,Suppressed,49
Oneida,Rome Ward 5 District 3,Member of the Oneida County Republican Committee for Rome Ward 5 District 3,,,Under Votes,19
Oneida,Rome Ward 5 District 3,State Assembly,119,DEM,Jonathan E. Lipe,34
Oneida,Rome Ward 5 District 3,State Assembly,119,DEM,Joseph M. Betar,6
Oneida,Rome Ward 5 District 3,State Assembly,119,REP,Daniel Fusco,18
Oneida,Rome Ward 5 District 3,State Assembly,119,REP,Michael C. Gentile,24
Oneida,Rome Ward 5 District 3,State Assembly,119,,Under Votes,1
Oneida,Rome Ward 5 District 3,State Assembly,119,,Under Votes,7
Oneida,Rome Ward 5 District 3,U.S. House,21,DEM,Blake Gendebien,26
Oneida,Rome Ward 5 District 3,U.S. House,21,DEM,Stuart J. Amoriell,13
Oneida,Rome Ward 5 District 3,U.S. House,21,REP,Anthony Constantino,29
Oneida,Rome Ward 5 District 3,U.S. House,21,REP,Elise Stefanik,1
Oneida,Rome Ward 5 District 3,U.S. House,21,REP,Robert J. Smullen,14
Oneida,Rome Ward 5 District 3,U.S. House,21,,Under Votes,4
Oneida,Rome Ward 5 District 3,U.S. House,21,,Under Votes,5
Oneida,Rome Ward 5 District 4,Ballots Cast,,,,243
Oneida,Rome Ward 5 District 4,Comptroller,,DEM,Drew Warshaw,4
Oneida,Rome Ward 5 District 4,Comptroller,,DEM,Raj Goyle,6
Oneida,Rome Ward 5 District 4,Comptroller,,DEM,Thomas P. DiNapoli,48
Oneida,Rome Ward 5 District 4,Comptroller,,,Over Votes,1
Oneida,Rome Ward 5 District 4,Comptroller,,,Under Votes,2
Oneida,Rome Ward 5 District 4,Member of the Oneida County Republican Committee for Rome Ward 5 District 4,,REP,Jennifer Granato,40
Oneida,Rome Ward 5 District 4,Member of the Oneida County Republican Committee for Rome Ward 5 District 4,,REP,Kenneth White,50
Oneida,Rome Ward 5 District 4,Member of the Oneida County Republican Committee for Rome Ward 5 District 4,,REP,Scott M. Burch,37
Oneida,Rome Ward 5 District 4,Member of the Oneida County Republican Committee for Rome Ward 5 District 4,,,Suppressed,90
Oneida,Rome Ward 5 District 4,Member of the Oneida County Republican Committee for Rome Ward 5 District 4,,,Under Votes,53
Oneida,Rome Ward 5 District 4,State Assembly,119,DEM,Jonathan E. Lipe,36
Oneida,Rome Ward 5 District 4,State Assembly,119,DEM,Joseph M. Betar,23
Oneida,Rome Ward 5 District 4,State Assembly,119,REP,Daniel Fusco,41
Oneida,Rome Ward 5 District 4,State Assembly,119,REP,Michael C. Gentile,44
Oneida,Rome Ward 5 District 4,State Assembly,119,,Over Votes,1
Oneida,Rome Ward 5 District 4,State Assembly,119,,Under Votes,1
Oneida,Rome Ward 5 District 4,State Assembly,119,,Under Votes,5
Oneida,Rome Ward 5 District 4,U.S. House,21,DEM,Blake Gendebien,32
Oneida,Rome Ward 5 District 4,U.S. House,21,DEM,Stuart J. Amoriell,30
Oneida,Rome Ward 5 District 4,U.S. House,21,REP,Anthony Constantino,49
Oneida,Rome Ward 5 District 4,U.S. House,21,REP,Robert J. Smullen,37
Oneida,Rome Ward 5 District 4,U.S. House,21,,Over Votes,1
Oneida,Rome Ward 5 District 4,U.S. House,21,,Under Votes,4
Oneida,Rome Ward 6 District 1,Ballots Cast,,,,53
Oneida,Rome Ward 6 District 1,Comptroller,,DEM,Drew Warshaw,2
Oneida,Rome Ward 6 District 1,Comptroller,,DEM,Raj Goyle,1
Oneida,Rome Ward 6 District 1,Comptroller,,DEM,Thomas P. DiNapoli,10
Oneida,Rome Ward 6 District 1,Comptroller,,,Under Votes,1
Oneida,Rome Ward 6 District 1,State Assembly,119,DEM,Jonathan E. Lipe,10
Oneida,Rome Ward 6 District 1,State Assembly,119,DEM,Joseph M. Betar,4
Oneida,Rome Ward 6 District 1,State Assembly,119,REP,Daniel Fusco,15
Oneida,Rome Ward 6 District 1,State Assembly,119,REP,Michael C. Gentile,20
Oneida,Rome Ward 6 District 1,State Assembly,119,,Under Votes,3
Oneida,Rome Ward 6 District 1,U.S. House,21,DEM,Blake Gendebien,11
Oneida,Rome Ward 6 District 1,U.S. House,21,DEM,Stuart J. Amoriell,3
Oneida,Rome Ward 6 District 1,U.S. House,21,REP,Anthony Constantino,16
Oneida,Rome Ward 6 District 1,U.S. House,21,REP,Robert J. Smullen,22
Oneida,Rome Ward 6 District 1,U.S. House,21,,Under Votes,1
Oneida,Rome Ward 6 District 2,Ballots Cast,,,,125
Oneida,Rome Ward 6 District 2,Comptroller,,DEM,Drew Warshaw,3
Oneida,Rome Ward 6 District 2,Comptroller,,DEM,Raj Goyle,1
Oneida,Rome Ward 6 District 2,Comptroller,,DEM,Thomas P. DiNapoli,42
Oneida,Rome Ward 6 District 2,State Assembly,119,DEM,Jonathan E. Lipe,22
Oneida,Rome Ward 6 District 2,State Assembly,119,DEM,Joseph M. Betar,24
Oneida,Rome Ward 6 District 2,State Assembly,119,REP,Daniel Fusco,29
Oneida,Rome Ward 6 District 2,State Assembly,119,REP,Michael C. Gentile,38
Oneida,Rome Ward 6 District 2,State Assembly,119,,Under Votes,12
Oneida,Rome Ward 6 District 2,U.S. House,21,DEM,Blake Gendebien,35
Oneida,Rome Ward 6 District 2,U.S. House,21,DEM,Stuart J. Amoriell,10
Oneida,Rome Ward 6 District 2,U.S. House,21,REP,Anthony Constantino,38
Oneida,Rome Ward 6 District 2,U.S. House,21,REP,Joe Rutkowski,1
Oneida,Rome Ward 6 District 2,U.S. House,21,REP,Raymond Meier,1
Oneida,Rome Ward 6 District 2,U.S. House,21,REP,Robert J. Smullen,38
Oneida,Rome Ward 6 District 2,U.S. House,21,,Under Votes,1
Oneida,Rome Ward 6 District 2,U.S. House,21,,Under Votes,1
Oneida,Rome Ward 6 District 3,Ballots Cast,,,,172
Oneida,Rome Ward 6 District 3,Comptroller,,DEM,Drew Warshaw,8
Oneida,Rome Ward 6 District 3,Comptroller,,DEM,Raj Goyle,4
Oneida,Rome Ward 6 District 3,Comptroller,,DEM,Thomas P. DiNapoli,45
Oneida,Rome Ward 6 District 3,Comptroller,,,Under Votes,3
Oneida,Rome Ward 6 District 3,State Assembly,119,DEM,Jonathan E. Lipe,42
Oneida,Rome Ward 6 District 3,State Assembly,119,DEM,Joseph M. Betar,17
Oneida,Rome Ward 6 District 3,State Assembly,119,REP,Daniel Fusco,37
Oneida,Rome Ward 6 District 3,State Assembly,119,REP,Michael C. Gentile,63
Oneida,Rome Ward 6 District 3,State Assembly,119,,Under Votes,1
Oneida,Rome Ward 6 District 3,State Assembly,119,,Under Votes,12
Oneida,Rome Ward 6 District 3,U.S. House,21,DEM,Blake Gendebien,41
Oneida,Rome Ward 6 District 3,U.S. House,21,DEM,Stuart J. Amoriell,14
Oneida,Rome Ward 6 District 3,U.S. House,21,REP,Anthony Constantino,44
Oneida,Rome Ward 6 District 3,U.S. House,21,REP,Robert J. Smullen,67
Oneida,Rome Ward 6 District 3,U.S. House,21,,Under Votes,5
Oneida,Rome Ward 6 District 3,U.S. House,21,,Under Votes,1
Oneida,Rome Ward 6 District 4,Ballots Cast,,,,161
Oneida,Rome Ward 6 District 4,Comptroller,,DEM,Drew Warshaw,5
Oneida,Rome Ward 6 District 4,Comptroller,,DEM,Raj Goyle,2
Oneida,Rome Ward 6 District 4,Comptroller,,DEM,Thomas P. DiNapoli,41
Oneida,Rome Ward 6 District 4,Comptroller,,,Under Votes,2
Oneida,Rome Ward 6 District 4,State Assembly,119,DEM,Jonathan E. Lipe,32
Oneida,Rome Ward 6 District 4,State Assembly,119,DEM,Joseph M. Betar,18
Oneida,Rome Ward 6 District 4,State Assembly,119,REP,Daniel Fusco,38
Oneida,Rome Ward 6 District 4,State Assembly,119,REP,Michael C. Gentile,50
Oneida,Rome Ward 6 District 4,State Assembly,119,,Under Votes,23
Oneida,Rome Ward 6 District 4,U.S. House,21,DEM,Blake Gendebien,26
Oneida,Rome Ward 6 District 4,U.S. House,21,DEM,Stuart J. Amoriell,22
Oneida,Rome Ward 6 District 4,U.S. House,21,REP,Anthony Constantino,56
Oneida,Rome Ward 6 District 4,U.S. House,21,REP,Robert J. Smullen,51
Oneida,Rome Ward 6 District 4,U.S. House,21,,Under Votes,2
Oneida,Rome Ward 6 District 4,U.S. House,21,,Under Votes,4
Oneida,Rome Ward 7 District 1,Ballots Cast,,,,103
Oneida,Rome Ward 7 District 1,Comptroller,,DEM,Thomas P. DiNapoli,9
Oneida,Rome Ward 7 District 1,Member of the Oneida County Republican Committee for Rome Ward 7 District 1,,REP,Bernard Kaier,19
Oneida,Rome Ward 7 District 1,Member of the Oneida County Republican Committee for Rome Ward 7 District 1,,REP,Michael J. Romano,23
Oneida,Rome Ward 7 District 1,Member of the Oneida County Republican Committee for Rome Ward 7 District 1,,REP,Tara Baker,18
Oneida,Rome Ward 7 District 1,Member of the Oneida County Republican Committee for Rome Ward 7 District 1,,,Suppressed,47
Oneida,Rome Ward 7 District 1,Member of the Oneida County Republican Committee for Rome Ward 7 District 1,,,Under Votes,34
Oneida,Rome Ward 7 District 1,State Assembly,119,DEM,Jonathan E. Lipe,6
Oneida,Rome Ward 7 District 1,State Assembly,119,DEM,Joseph M. Betar,3
Oneida,Rome Ward 7 District 1,State Assembly,119,REP,Daniel Fusco,18
Oneida,Rome Ward 7 District 1,State Assembly,119,REP,Michael C. Gentile,26
Oneida,Rome Ward 7 District 1,State Assembly,119,,Under Votes,3
Oneida,Rome Ward 7 District 1,U.S. House,21,DEM,Blake Gendebien,8
Oneida,Rome Ward 7 District 1,U.S. House,21,DEM,Stuart J. Amoriell,1
Oneida,Rome Ward 7 District 1,U.S. House,21,REP,Anthony Constantino,38
Oneida,Rome Ward 7 District 1,U.S. House,21,REP,Robert J. Smullen,9
Oneida,Rome Ward 7 District 2,Ballots Cast,,,,98
Oneida,Rome Ward 7 District 2,Comptroller,,DEM,Drew Warshaw,9
Oneida,Rome Ward 7 District 2,Comptroller,,DEM,Raj Goyle,9
Oneida,Rome Ward 7 District 2,Comptroller,,DEM,Thomas P. DiNapoli,21
Oneida,Rome Ward 7 District 2,Comptroller,,,Over Votes,1
Oneida,Rome Ward 7 District 2,Comptroller,,,Under Votes,3
Oneida,Rome Ward 7 District 2,State Assembly,119,DEM,Jonathan E. Lipe,28
Oneida,Rome Ward 7 District 2,State Assembly,119,DEM,Joseph M. Betar,12
Oneida,Rome Ward 7 District 2,State Assembly,119,REP,Daniel Fusco,31
Oneida,Rome Ward 7 District 2,State Assembly,119,REP,Michael C. Gentile,20
Oneida,Rome Ward 7 District 2,State Assembly,119,,Over Votes,1
Oneida,Rome Ward 7 District 2,State Assembly,119,,Under Votes,3
Oneida,Rome Ward 7 District 2,State Assembly,119,,Under Votes,3
Oneida,Rome Ward 7 District 2,U.S. House,21,DEM,Blake Gendebien,23
Oneida,Rome Ward 7 District 2,U.S. House,21,DEM,Stuart J. Amoriell,18
Oneida,Rome Ward 7 District 2,U.S. House,21,REP,Anthony Constantino,24
Oneida,Rome Ward 7 District 2,U.S. House,21,REP,Robert J. Smullen,28
Oneida,Rome Ward 7 District 2,U.S. House,21,,Over Votes,1
Oneida,Rome Ward 7 District 2,U.S. House,21,,Under Votes,2
Oneida,Rome Ward 7 District 2,U.S. House,21,,Under Votes,2
Oneida,Rome Ward 7 District 3,Ballots Cast,,,,97
Oneida,Rome Ward 7 District 3,Comptroller,,DEM,Drew Warshaw,2
Oneida,Rome Ward 7 District 3,Comptroller,,DEM,Raj Goyle,6
Oneida,Rome Ward 7 District 3,Comptroller,,DEM,Thomas P. DiNapoli,24
Oneida,Rome Ward 7 District 3,Comptroller,,,Under Votes,1
Oneida,Rome Ward 7 District 3,State Assembly,119,DEM,Jonathan E. Lipe,21
Oneida,Rome Ward 7 District 3,State Assembly,119,DEM,Joseph M. Betar,12
Oneida,Rome Ward 7 District 3,State Assembly,119,REP,Daniel Fusco,24
Oneida,Rome Ward 7 District 3,State Assembly,119,REP,Michael C. Gentile,31
Oneida,Rome Ward 7 District 3,State Assembly,119,REP,Raymond Meier,1
Oneida,Rome Ward 7 District 3,State Assembly,119,,Under Votes,7
Oneida,Rome Ward 7 District 3,U.S. House,21,DEM,Blake Gendebien,18
Oneida,Rome Ward 7 District 3,U.S. House,21,DEM,Dylan Hewitt,1
Oneida,Rome Ward 7 District 3,U.S. House,21,DEM,Stuart J. Amoriell,13
Oneida,Rome Ward 7 District 3,U.S. House,21,REP,Anthony Constantino,33
Oneida,Rome Ward 7 District 3,U.S. House,21,REP,Raymond Meier,1
Oneida,Rome Ward 7 District 3,U.S. House,21,REP,Robert J. Smullen,27
Oneida,Rome Ward 7 District 3,U.S. House,21,,Under Votes,2
Oneida,Rome Ward 7 District 3,U.S. House,21,,Under Votes,2
Oneida,Rome Ward 7 District 4,Ballots Cast,,,,65
Oneida,Rome Ward 7 District 4,Comptroller,,DEM,Drew Warshaw,5
Oneida,Rome Ward 7 District 4,Comptroller,,DEM,Raj Goyle,4
Oneida,Rome Ward 7 District 4,Comptroller,,DEM,Thomas P. DiNapoli,16
Oneida,Rome Ward 7 District 4,Comptroller,,,Under Votes,1
Oneida,Rome Ward 7 District 4,State Assembly,119,DEM,Jonathan E. Lipe,13
Oneida,Rome Ward 7 District 4,State Assembly,119,DEM,Joseph M. Betar,11
Oneida,Rome Ward 7 District 4,State Assembly,119,REP,Daniel Fusco,18
Oneida,Rome Ward 7 District 4,State Assembly,119,REP,Michael C. Gentile,14
Oneida,Rome Ward 7 District 4,State Assembly,119,,Under Votes,2
Oneida,Rome Ward 7 District 4,State Assembly,119,,Under Votes,7
Oneida,Rome Ward 7 District 4,U.S. House,21,DEM,Blake Gendebien,7
Oneida,Rome Ward 7 District 4,U.S. House,21,DEM,Stuart J. Amoriell,17
Oneida,Rome Ward 7 District 4,U.S. House,21,REP,Anthony Constantino,17
Oneida,Rome Ward 7 District 4,U.S. House,21,REP,Brian Warcup,1
Oneida,Rome Ward 7 District 4,U.S. House,21,REP,Robert J. Smullen,20
Oneida,Rome Ward 7 District 4,U.S. House,21,,Under Votes,2
Oneida,Rome Ward 7 District 4,U.S. House,21,,Under Votes,1
Oneida,Rome Ward 7 District 5,Ballots Cast,,,,88
Oneida,Rome Ward 7 District 5,Comptroller,,DEM,Drew Warshaw,3
Oneida,Rome Ward 7 District 5,Comptroller,,DEM,Raj Goyle,3
Oneida,Rome Ward 7 District 5,Comptroller,,DEM,Thomas P. DiNapoli,35
Oneida,Rome Ward 7 District 5,State Assembly,119,DEM,Jonathan E. Lipe,28
Oneida,Rome Ward 7 District 5,State Assembly,119,DEM,Joseph M. Betar,13
Oneida,Rome Ward 7 District 5,State Assembly,119,REP,Daniel Fusco,14
Oneida,Rome Ward 7 District 5,State Assembly,119,REP,Michael C. Gentile,25
Oneida,Rome Ward 7 District 5,State Assembly,119,,Under Votes,7
Oneida,Rome Ward 7 District 5,U.S. House,21,DEM,Blake Gendebien,26
Oneida,Rome Ward 7 District 5,U.S. House,21,DEM,Stuart J. Amoriell,12
Oneida,Rome Ward 7 District 5,U.S. House,21,REP,Anthony Constantino,13
Oneida,Rome Ward 7 District 5,U.S. House,21,REP,Robert J. Smullen,30
Oneida,Rome Ward 7 District 5,U.S. House,21,,Under Votes,4
Oneida,Rome Ward 7 District 5,U.S. House,21,,Under Votes,3
Oneida,Sangerfield 1,Ballots Cast,,,,57
Oneida,Sangerfield 1,Comptroller,,DEM,Drew Warshaw,8
Oneida,Sangerfield 1,Comptroller,,DEM,Raj Goyle,1
Oneida,Sangerfield 1,Comptroller,,DEM,Thomas P. DiNapoli,24
Oneida,Sangerfield 1,Member of the Oneida County Republican Committee for Sangerfield 1,,REP,Anne G. Hawkes,4
Oneida,Sangerfield 1,Member of the Oneida County Republican Committee for Sangerfield 1,,REP,Joshua P. Brennan,23
Oneida,Sangerfield 1,Member of the Oneida County Republican Committee for Sangerfield 1,,REP,Wyatt Carroll,7
Oneida,Sangerfield 1,Member of the Oneida County Republican Committee for Sangerfield 1,,,Suppressed,24
Oneida,Sangerfield 1,Member of the Oneida County Republican Committee for Sangerfield 1,,,Under Votes,14
Oneida,Sangerfield 2,Ballots Cast,,,,44
Oneida,Sangerfield 2,Comptroller,,DEM,Drew Warshaw,2
Oneida,Sangerfield 2,Comptroller,,DEM,Raj Goyle,1
Oneida,Sangerfield 2,Comptroller,,DEM,Thomas P. DiNapoli,10
Oneida,Sangerfield 2,Comptroller,,,Over Votes,1
Oneida,Sangerfield 2,Member of the Oneida County Republican Committee for Sangerfield 2,,REP,Andrew Roys,13
Oneida,Sangerfield 2,Member of the Oneida County Republican Committee for Sangerfield 2,,REP,Edward A. Arcuri,11
Oneida,Sangerfield 2,Member of the Oneida County Republican Committee for Sangerfield 2,,REP,Gene Whipple,14
Oneida,Sangerfield 2,Member of the Oneida County Republican Committee for Sangerfield 2,,REP,Ryan Scerbo,15
Oneida,Sangerfield 2,Member of the Oneida County Republican Committee for Sangerfield 2,,,Suppressed,30
Oneida,Sangerfield 2,Member of the Oneida County Republican Committee for Sangerfield 2,,,Under Votes,7
Oneida,Steuben 1,Ballots Cast,,,,111
Oneida,Steuben 1,Comptroller,,DEM,Drew Warshaw,2
Oneida,Steuben 1,Comptroller,,DEM,Thomas P. DiNapoli,18
Oneida,Steuben 1,Comptroller,,,Under Votes,2
Oneida,Steuben 1,State Assembly,118,REP,Chanda King,15
Oneida,Steuben 1,State Assembly,118,REP,Charles Potter,15
Oneida,Steuben 1,State Assembly,118,REP,Heather A. Scribner,50
Oneida,Steuben 1,State Assembly,118,,Under Votes,9
Oneida,Steuben 1,U.S. House,21,DEM,Blake Gendebien,17
Oneida,Steuben 1,U.S. House,21,DEM,Stuart J. Amoriell,5
Oneida,Steuben 1,U.S. House,21,REP,Anthony Constantino,41
Oneida,Steuben 1,U.S. House,21,REP,Robert J. Smullen,47
Oneida,Steuben 1,U.S. House,21,,Under Votes,1
Oneida,Trenton 1,Ballots Cast,,,,105
Oneida,Trenton 1,Comptroller,,DEM,Drew Warshaw,5
Oneida,Trenton 1,Comptroller,,DEM,Raj Goyle,1
Oneida,Trenton 1,Comptroller,,DEM,Thomas P. DiNapoli,11
Oneida,Trenton 1,Comptroller,,,Over Votes,2
Oneida,Trenton 1,State Assembly,118,REP,Chanda King,7
Oneida,Trenton 1,State Assembly,118,REP,Charles Potter,28
Oneida,Trenton 1,State Assembly,118,REP,Heather A. Scribner,39
Oneida,Trenton 1,State Assembly,118,,Under Votes,12
Oneida,Trenton 1,U.S. House,21,DEM,Blake Gendebien,10
Oneida,Trenton 1,U.S. House,21,DEM,Stuart J. Amoriell,6
Oneida,Trenton 1,U.S. House,21,REP,Anthony Constantino,45
Oneida,Trenton 1,U.S. House,21,REP,Robert J. Smullen,41
Oneida,Trenton 1,U.S. House,21,,Under Votes,3
Oneida,Trenton 2,Ballots Cast,,,,133
Oneida,Trenton 2,Comptroller,,DEM,Drew Warshaw,4
Oneida,Trenton 2,Comptroller,,DEM,Raj Goyle,4
Oneida,Trenton 2,Comptroller,,DEM,Thomas P. DiNapoli,27
Oneida,Trenton 2,Comptroller,,,Under Votes,2
Oneida,Trenton 2,State Assembly,118,REP,Chanda King,5
Oneida,Trenton 2,State Assembly,118,REP,Charles Potter,18
Oneida,Trenton 2,State Assembly,118,REP,Heather A. Scribner,64
Oneida,Trenton 2,State Assembly,118,,Under Votes,9
Oneida,Trenton 2,U.S. House,21,DEM,Blake Gendebien,28
Oneida,Trenton 2,U.S. House,21,DEM,Stuart J. Amoriell,7
Oneida,Trenton 2,U.S. House,21,REP,Anthony Constantino,51
Oneida,Trenton 2,U.S. House,21,REP,Robert J. Smullen,45
Oneida,Trenton 2,U.S. House,21,,Under Votes,2
Oneida,Trenton 3,Ballots Cast,,,,148
Oneida,Trenton 3,Comptroller,,DEM,Drew Warshaw,5
Oneida,Trenton 3,Comptroller,,DEM,Raj Goyle,3
Oneida,Trenton 3,Comptroller,,DEM,Thomas P. DiNapoli,35
Oneida,Trenton 3,Comptroller,,,Under Votes,5
Oneida,Trenton 3,State Assembly,118,REP,Chanda King,10
Oneida,Trenton 3,State Assembly,118,REP,Charles Potter,31
Oneida,Trenton 3,State Assembly,118,REP,Heather A. Scribner,50
Oneida,Trenton 3,State Assembly,118,,Over Votes,1
Oneida,Trenton 3,State Assembly,118,,Under Votes,8
Oneida,Trenton 3,U.S. House,21,DEM,Blake Gendebien,34
Oneida,Trenton 3,U.S. House,21,DEM,Stuart J. Amoriell,11
Oneida,Trenton 3,U.S. House,21,REP,Anthony Constantino,46
Oneida,Trenton 3,U.S. House,21,REP,Robert J. Smullen,53
Oneida,Trenton 3,U.S. House,21,,Under Votes,3
Oneida,Trenton 3,U.S. House,21,,Under Votes,1
Oneida,Trenton 4,Ballots Cast,,,,72
Oneida,Trenton 4,Comptroller,,DEM,Drew Warshaw,2
Oneida,Trenton 4,Comptroller,,DEM,Thomas P. DiNapoli,12
Oneida,Trenton 4,Comptroller,,,Over Votes,1
Oneida,Trenton 4,Comptroller,,,Under Votes,3
Oneida,Trenton 4,State Assembly,118,REP,Chanda King,9
Oneida,Trenton 4,State Assembly,118,REP,Charles Potter,8
Oneida,Trenton 4,State Assembly,118,REP,Heather A. Scribner,33
Oneida,Trenton 4,State Assembly,118,,Under Votes,4
Oneida,Trenton 4,U.S. House,21,DEM,Blake Gendebien,14
Oneida,Trenton 4,U.S. House,21,DEM,Stuart J. Amoriell,3
Oneida,Trenton 4,U.S. House,21,REP,Anthony Constantino,38
Oneida,Trenton 4,U.S. House,21,REP,Robert J. Smullen,16
Oneida,Trenton 4,U.S. House,21,,Under Votes,1
Oneida,Utica Ward 1 District 1,Ballots Cast,,,,5
Oneida,Utica Ward 1 District 1,Comptroller,,DEM,Suppressed,4
Oneida,Utica Ward 1 District 1,State Assembly,119,DEM,Suppressed,4
Oneida,Utica Ward 1 District 1,State Assembly,119,REP,Suppressed,1
Oneida,Utica Ward 1 District 2,Ballots Cast,,,,14
Oneida,Utica Ward 1 District 2,Comptroller,,DEM,Drew Warshaw,3
Oneida,Utica Ward 1 District 2,Comptroller,,DEM,Raj Goyle,1
Oneida,Utica Ward 1 District 2,Comptroller,,DEM,Thomas P. DiNapoli,6
Oneida,Utica Ward 1 District 2,Comptroller,,,Under Votes,2
Oneida,Utica Ward 1 District 2,State Assembly,119,DEM,Jonathan E. Lipe,4
Oneida,Utica Ward 1 District 2,State Assembly,119,DEM,Joseph M. Betar,6
Oneida,Utica Ward 1 District 2,State Assembly,119,REP,Suppressed,2
Oneida,Utica Ward 1 District 2,State Assembly,119,,Under Votes,2
Oneida,Utica Ward 1 District 3,Ballots Cast,,,,21
Oneida,Utica Ward 1 District 3,Comptroller,,DEM,Drew Warshaw,1
Oneida,Utica Ward 1 District 3,Comptroller,,DEM,Raj Goyle,3
Oneida,Utica Ward 1 District 3,Comptroller,,DEM,Thomas P. DiNapoli,10
Oneida,Utica Ward 1 District 3,Comptroller,,,Under Votes,1
Oneida,Utica Ward 1 District 3,State Assembly,119,DEM,Jonathan E. Lipe,8
Oneida,Utica Ward 1 District 3,State Assembly,119,DEM,Joseph M. Betar,6
Oneida,Utica Ward 1 District 3,State Assembly,119,REP,Daniel Fusco,3
Oneida,Utica Ward 1 District 3,State Assembly,119,REP,Michael C. Gentile,3
Oneida,Utica Ward 1 District 3,State Assembly,119,,Under Votes,1
Oneida,Utica Ward 1 District 4,Ballots Cast,,,,39
Oneida,Utica Ward 1 District 4,Comptroller,,DEM,Drew Warshaw,1
Oneida,Utica Ward 1 District 4,Comptroller,,DEM,Raj Goyle,4
Oneida,Utica Ward 1 District 4,Comptroller,,DEM,Thomas P. DiNapoli,18
Oneida,Utica Ward 1 District 4,Comptroller,,,Under Votes,8
Oneida,Utica Ward 1 District 4,State Assembly,119,DEM,Jonathan E. Lipe,16
Oneida,Utica Ward 1 District 4,State Assembly,119,DEM,Joseph M. Betar,14
Oneida,Utica Ward 1 District 4,State Assembly,119,REP,Daniel Fusco,3
Oneida,Utica Ward 1 District 4,State Assembly,119,REP,Michael C. Gentile,5
Oneida,Utica Ward 1 District 4,State Assembly,119,,Under Votes,1
Oneida,Utica Ward 1 District 5,Ballots Cast,,,,16
Oneida,Utica Ward 1 District 5,Comptroller,,DEM,Raj Goyle,1
Oneida,Utica Ward 1 District 5,Comptroller,,DEM,Thomas P. DiNapoli,8
Oneida,Utica Ward 1 District 5,Comptroller,,,Under Votes,1
Oneida,Utica Ward 1 District 5,State Assembly,119,DEM,Jonathan E. Lipe,3
Oneida,Utica Ward 1 District 5,State Assembly,119,DEM,Joseph M. Betar,5
Oneida,Utica Ward 1 District 5,State Assembly,119,REP,Daniel Fusco,1
Oneida,Utica Ward 1 District 5,State Assembly,119,REP,Michael C. Gentile,5
Oneida,Utica Ward 1 District 5,State Assembly,119,,Under Votes,2
Oneida,Utica Ward 1 District 6,Ballots Cast,,,,8
Oneida,Utica Ward 1 District 6,Comptroller,,DEM,Thomas P. DiNapoli,2
Oneida,Utica Ward 1 District 6,Comptroller,,,Under Votes,3
Oneida,Utica Ward 1 District 6,State Assembly,119,DEM,Jonathan E. Lipe,1
Oneida,Utica Ward 1 District 6,State Assembly,119,DEM,Joseph M. Betar,4
Oneida,Utica Ward 1 District 6,State Assembly,119,REP,Suppressed,3
Oneida,Utica Ward 1 District 7,Ballots Cast,,,,33
Oneida,Utica Ward 1 District 7,Comptroller,,DEM,Drew Warshaw,2
Oneida,Utica Ward 1 District 7,Comptroller,,DEM,Raj Goyle,3
Oneida,Utica Ward 1 District 7,Comptroller,,DEM,Thomas P. DiNapoli,16
Oneida,Utica Ward 1 District 7,Comptroller,,,Under Votes,4
Oneida,Utica Ward 1 District 7,State Assembly,119,DEM,Jonathan E. Lipe,10
Oneida,Utica Ward 1 District 7,State Assembly,119,DEM,Joseph M. Betar,11
Oneida,Utica Ward 1 District 7,State Assembly,119,REP,Daniel Fusco,2
Oneida,Utica Ward 1 District 7,State Assembly,119,REP,Michael C. Gentile,6
Oneida,Utica Ward 1 District 7,State Assembly,119,,Under Votes,4
Oneida,Utica Ward 1 District 8,Ballots Cast,,,,23
Oneida,Utica Ward 1 District 8,Comptroller,,DEM,Drew Warshaw,4
Oneida,Utica Ward 1 District 8,Comptroller,,DEM,Raj Goyle,1
Oneida,Utica Ward 1 District 8,Comptroller,,DEM,Thomas P. DiNapoli,13
Oneida,Utica Ward 1 District 8,State Assembly,119,DEM,Jonathan E. Lipe,12
Oneida,Utica Ward 1 District 8,State Assembly,119,DEM,Joseph M. Betar,6
Oneida,Utica Ward 1 District 8,State Assembly,119,REP,Daniel Fusco,2
Oneida,Utica Ward 1 District 8,State Assembly,119,REP,Michael C. Gentile,3
Oneida,Utica Ward 1 District 9,Ballots Cast,,,,7
Oneida,Utica Ward 1 District 9,Comptroller,,DEM,Raj Goyle,1
Oneida,Utica Ward 1 District 9,Comptroller,,DEM,Thomas P. DiNapoli,4
Oneida,Utica Ward 1 District 9,State Assembly,119,DEM,Jonathan E. Lipe,3
Oneida,Utica Ward 1 District 9,State Assembly,119,DEM,Joseph M. Betar,2
Oneida,Utica Ward 1 District 9,State Assembly,119,REP,Suppressed,2
Oneida,Utica Ward 2 District 1,Ballots Cast,,,,25
Oneida,Utica Ward 2 District 1,Comptroller,,DEM,Thomas P. DiNapoli,10
Oneida,Utica Ward 2 District 1,Comptroller,,,Under Votes,6
Oneida,Utica Ward 2 District 1,State Assembly,119,DEM,Jonathan E. Lipe,6
Oneida,Utica Ward 2 District 1,State Assembly,119,DEM,Joseph M. Betar,9
Oneida,Utica Ward 2 District 1,State Assembly,119,REP,Daniel Fusco,1
Oneida,Utica Ward 2 District 1,State Assembly,119,REP,Michael C. Gentile,8
Oneida,Utica Ward 2 District 1,State Assembly,119,,Under Votes,1
Oneida,Utica Ward 2 District 2,Ballots Cast,,,,12
Oneida,Utica Ward 2 District 2,Comptroller,,DEM,Drew Warshaw,2
Oneida,Utica Ward 2 District 2,Comptroller,,DEM,Raj Goyle,1
Oneida,Utica Ward 2 District 2,Comptroller,,DEM,Thomas P. DiNapoli,8
Oneida,Utica Ward 2 District 2,State Assembly,119,DEM,Jonathan E. Lipe,8
Oneida,Utica Ward 2 District 2,State Assembly,119,DEM,Joseph M. Betar,3
Oneida,Utica Ward 2 District 2,State Assembly,119,REP,Suppressed,1
Oneida,Utica Ward 2 District 3,Ballots Cast,,,,47
Oneida,Utica Ward 2 District 3,Comptroller,,DEM,Drew Warshaw,6
Oneida,Utica Ward 2 District 3,Comptroller,,DEM,Raj Goyle,4
Oneida,Utica Ward 2 District 3,Comptroller,,DEM,Thomas P. DiNapoli,16
Oneida,Utica Ward 2 District 3,Comptroller,,,Under Votes,3
Oneida,Utica Ward 2 District 3,State Assembly,119,DEM,Jonathan E. Lipe,10
Oneida,Utica Ward 2 District 3,State Assembly,119,DEM,Joseph M. Betar,18
Oneida,Utica Ward 2 District 3,State Assembly,119,REP,Daniel Fusco,4
Oneida,Utica Ward 2 District 3,State Assembly,119,REP,Michael C. Gentile,12
Oneida,Utica Ward 2 District 3,State Assembly,119,,Over Votes,1
Oneida,Utica Ward 2 District 3,State Assembly,119,,Under Votes,1
Oneida,Utica Ward 2 District 3,State Assembly,119,,Under Votes,1
Oneida,Utica Ward 2 District 4,Ballots Cast,,,,32
Oneida,Utica Ward 2 District 4,Comptroller,,DEM,Drew Warshaw,2
Oneida,Utica Ward 2 District 4,Comptroller,,DEM,Raj Goyle,4
Oneida,Utica Ward 2 District 4,Comptroller,,DEM,Thomas P. DiNapoli,11
Oneida,Utica Ward 2 District 4,State Assembly,119,DEM,Jonathan E. Lipe,10
Oneida,Utica Ward 2 District 4,State Assembly,119,DEM,Joseph M. Betar,4
Oneida,Utica Ward 2 District 4,State Assembly,119,REP,Daniel Fusco,9
Oneida,Utica Ward 2 District 4,State Assembly,119,REP,Michael C. Gentile,6
Oneida,Utica Ward 2 District 4,State Assembly,119,,Under Votes,3
Oneida,Utica Ward 2 District 5,Ballots Cast,,,,24
Oneida,Utica Ward 2 District 5,Comptroller,,DEM,Drew Warshaw,2
Oneida,Utica Ward 2 District 5,Comptroller,,DEM,Raj Goyle,2
Oneida,Utica Ward 2 District 5,Comptroller,,DEM,Thomas P. DiNapoli,14
Oneida,Utica Ward 2 District 5,Comptroller,,,Under Votes,3
Oneida,Utica Ward 2 District 5,State Assembly,119,DEM,Jonathan E. Lipe,15
Oneida,Utica Ward 2 District 5,State Assembly,119,DEM,Joseph M. Betar,6
Oneida,Utica Ward 2 District 5,State Assembly,119,REP,Suppressed,3
Oneida,Utica Ward 2 District 6,Ballots Cast,,,,14
Oneida,Utica Ward 2 District 6,Comptroller,,DEM,Drew Warshaw,1
Oneida,Utica Ward 2 District 6,Comptroller,,DEM,Raj Goyle,1
Oneida,Utica Ward 2 District 6,Comptroller,,DEM,Thomas P. DiNapoli,6
Oneida,Utica Ward 2 District 6,Comptroller,,,Under Votes,2
Oneida,Utica Ward 2 District 6,State Assembly,119,DEM,Jonathan E. Lipe,6
Oneida,Utica Ward 2 District 6,State Assembly,119,DEM,Joseph M. Betar,4
Oneida,Utica Ward 2 District 6,State Assembly,119,REP,Suppressed,4
Oneida,Utica Ward 2 District 7,Ballots Cast,,,,17
Oneida,Utica Ward 2 District 7,Comptroller,,DEM,Drew Warshaw,2
Oneida,Utica Ward 2 District 7,Comptroller,,DEM,Raj Goyle,4
Oneida,Utica Ward 2 District 7,Comptroller,,DEM,Thomas P. DiNapoli,7
Oneida,Utica Ward 2 District 7,Comptroller,,,Under Votes,1
Oneida,Utica Ward 2 District 7,State Assembly,119,DEM,Jonathan E. Lipe,6
Oneida,Utica Ward 2 District 7,State Assembly,119,DEM,Joseph M. Betar,8
Oneida,Utica Ward 2 District 7,State Assembly,119,REP,Suppressed,3
Oneida,Utica Ward 2 District 8,Ballots Cast,,,,12
Oneida,Utica Ward 2 District 8,Comptroller,,DEM,Raj Goyle,4
Oneida,Utica Ward 2 District 8,Comptroller,,DEM,Thomas P. DiNapoli,4
Oneida,Utica Ward 2 District 8,Comptroller,,,Under Votes,3
Oneida,Utica Ward 2 District 8,State Assembly,119,DEM,Jonathan E. Lipe,8
Oneida,Utica Ward 2 District 8,State Assembly,119,DEM,Joseph M. Betar,3
Oneida,Utica Ward 2 District 8,State Assembly,119,REP,Suppressed,1
Oneida,Utica Ward 3 District 1,Ballots Cast,,,,70
Oneida,Utica Ward 3 District 1,Comptroller,,DEM,Drew Warshaw,5
Oneida,Utica Ward 3 District 1,Comptroller,,DEM,Raj Goyle,3
Oneida,Utica Ward 3 District 1,Comptroller,,DEM,Thomas P. DiNapoli,31
Oneida,Utica Ward 3 District 1,Comptroller,,,Under Votes,8
Oneida,Utica Ward 3 District 1,State Assembly,119,DEM,Jonathan E. Lipe,18
Oneida,Utica Ward 3 District 1,State Assembly,119,DEM,Joseph M. Betar,29
Oneida,Utica Ward 3 District 1,State Assembly,119,REP,Daniel Fusco,8
Oneida,Utica Ward 3 District 1,State Assembly,119,REP,Michael C. Gentile,14
Oneida,Utica Ward 3 District 1,State Assembly,119,,Under Votes,1
Oneida,Utica Ward 3 District 2,Ballots Cast,,,,54
Oneida,Utica Ward 3 District 2,Comptroller,,DEM,Drew Warshaw,1
Oneida,Utica Ward 3 District 2,Comptroller,,DEM,Raj Goyle,4
Oneida,Utica Ward 3 District 2,Comptroller,,DEM,Thomas P. DiNapoli,32
Oneida,Utica Ward 3 District 2,Comptroller,,,Under Votes,3
Oneida,Utica Ward 3 District 2,State Assembly,119,DEM,Jonathan E. Lipe,15
Oneida,Utica Ward 3 District 2,State Assembly,119,DEM,Joseph M. Betar,23
Oneida,Utica Ward 3 District 2,State Assembly,119,REP,Daniel Fusco,5
Oneida,Utica Ward 3 District 2,State Assembly,119,REP,Michael C. Gentile,9
Oneida,Utica Ward 3 District 2,State Assembly,119,,Under Votes,2
Oneida,Utica Ward 3 District 3,Ballots Cast,,,,119
Oneida,Utica Ward 3 District 3,Comptroller,,DEM,Drew Warshaw,4
Oneida,Utica Ward 3 District 3,Comptroller,,DEM,Raj Goyle,6
Oneida,Utica Ward 3 District 3,Comptroller,,DEM,Thomas P. DiNapoli,52
Oneida,Utica Ward 3 District 3,Comptroller,,,Under Votes,17
Oneida,Utica Ward 3 District 3,State Assembly,119,DEM,Jonathan E. Lipe,33
Oneida,Utica Ward 3 District 3,State Assembly,119,DEM,Joseph M. Betar,46
Oneida,Utica Ward 3 District 3,State Assembly,119,REP,Daniel Fusco,23
Oneida,Utica Ward 3 District 3,State Assembly,119,REP,Michael C. Gentile,17
Oneida,Utica Ward 3 District 4,Ballots Cast,,,,166
Oneida,Utica Ward 3 District 4,Comptroller,,DEM,Drew Warshaw,11
Oneida,Utica Ward 3 District 4,Comptroller,,DEM,Raj Goyle,7
Oneida,Utica Ward 3 District 4,Comptroller,,DEM,Thomas P. DiNapoli,69
Oneida,Utica Ward 3 District 4,Comptroller,,,Under Votes,18
Oneida,Utica Ward 3 District 4,State Assembly,119,DEM,Jonathan E. Lipe,34
Oneida,Utica Ward 3 District 4,State Assembly,119,DEM,Joseph M. Betar,68
Oneida,Utica Ward 3 District 4,State Assembly,119,REP,Daniel Fusco,30
Oneida,Utica Ward 3 District 4,State Assembly,119,REP,Michael C. Gentile,30
Oneida,Utica Ward 3 District 4,State Assembly,119,REP,Michael Fellows,1
Oneida,Utica Ward 3 District 4,State Assembly,119,,Under Votes,3
Oneida,Utica Ward 3 District 5,Ballots Cast,,,,96
Oneida,Utica Ward 3 District 5,Comptroller,,DEM,Drew Warshaw,3
Oneida,Utica Ward 3 District 5,Comptroller,,DEM,Raj Goyle,10
Oneida,Utica Ward 3 District 5,Comptroller,,DEM,Thomas P. DiNapoli,42
Oneida,Utica Ward 3 District 5,Comptroller,,,Under Votes,15
Oneida,Utica Ward 3 District 5,State Assembly,119,DEM,Jonathan E. Lipe,26
Oneida,Utica Ward 3 District 5,State Assembly,119,DEM,Joseph M. Betar,40
Oneida,Utica Ward 3 District 5,State Assembly,119,REP,Daniel Fusco,8
Oneida,Utica Ward 3 District 5,State Assembly,119,REP,Michael C. Gentile,18
Oneida,Utica Ward 3 District 5,State Assembly,119,,Under Votes,4
Oneida,Utica Ward 3 District 6,Ballots Cast,,,,117
Oneida,Utica Ward 3 District 6,Comptroller,,DEM,Drew Warshaw,6
Oneida,Utica Ward 3 District 6,Comptroller,,DEM,Raj Goyle,8
Oneida,Utica Ward 3 District 6,Comptroller,,DEM,Thomas P. DiNapoli,51
Oneida,Utica Ward 3 District 6,Comptroller,,,Under Votes,12
Oneida,Utica Ward 3 District 6,State Assembly,119,DEM,Jonathan E. Lipe,42
Oneida,Utica Ward 3 District 6,State Assembly,119,DEM,Joseph M. Betar,35
Oneida,Utica Ward 3 District 6,State Assembly,119,REP,Daniel Fusco,12
Oneida,Utica Ward 3 District 6,State Assembly,119,REP,Michael C. Gentile,28
Oneida,Utica Ward 3 District 7,Ballots Cast,,,,44
Oneida,Utica Ward 3 District 7,Comptroller,,DEM,Drew Warshaw,3
Oneida,Utica Ward 3 District 7,Comptroller,,DEM,Raj Goyle,4
Oneida,Utica Ward 3 District 7,Comptroller,,DEM,Thomas P. DiNapoli,20
Oneida,Utica Ward 3 District 7,Comptroller,,,Under Votes,4
Oneida,Utica Ward 3 District 7,State Assembly,119,DEM,Jonathan E. Lipe,17
Oneida,Utica Ward 3 District 7,State Assembly,119,DEM,Joseph M. Betar,13
Oneida,Utica Ward 3 District 7,State Assembly,119,REP,Daniel Fusco,6
Oneida,Utica Ward 3 District 7,State Assembly,119,REP,Michael C. Gentile,7
Oneida,Utica Ward 3 District 7,State Assembly,119,,Under Votes,1
Oneida,Utica Ward 3 District 8,Ballots Cast,,,,43
Oneida,Utica Ward 3 District 8,Comptroller,,DEM,Drew Warshaw,4
Oneida,Utica Ward 3 District 8,Comptroller,,DEM,Raj Goyle,3
Oneida,Utica Ward 3 District 8,Comptroller,,DEM,Thomas P. DiNapoli,18
Oneida,Utica Ward 3 District 8,Comptroller,,,Over Votes,1
Oneida,Utica Ward 3 District 8,Comptroller,,,Under Votes,5
Oneida,Utica Ward 3 District 8,State Assembly,119,DEM,Jonathan E. Lipe,16
Oneida,Utica Ward 3 District 8,State Assembly,119,DEM,Joseph M. Betar,15
Oneida,Utica Ward 3 District 8,State Assembly,119,REP,Daniel Fusco,8
Oneida,Utica Ward 3 District 8,State Assembly,119,REP,Michael C. Gentile,4
Oneida,Utica Ward 3 District 9,Ballots Cast,,,,70
Oneida,Utica Ward 3 District 9,Comptroller,,DEM,Drew Warshaw,10
Oneida,Utica Ward 3 District 9,Comptroller,,DEM,Raj Goyle,3
Oneida,Utica Ward 3 District 9,Comptroller,,DEM,Thomas P. DiNapoli,23
Oneida,Utica Ward 3 District 9,Comptroller,,,Under Votes,6
Oneida,Utica Ward 3 District 9,Member of the Oneida County Republican Committee for Utica Ward 3 District 9,,REP,Gretchen Revere,5
Oneida,Utica Ward 3 District 9,Member of the Oneida County Republican Committee for Utica Ward 3 District 9,,REP,Kevin Revere,4
Oneida,Utica Ward 3 District 9,Member of the Oneida County Republican Committee for Utica Ward 3 District 9,,REP,Kristin Julian,7
Oneida,Utica Ward 3 District 9,Member of the Oneida County Republican Committee for Utica Ward 3 District 9,,REP,Stathis Coulouris,6
Oneida,Utica Ward 3 District 9,Member of the Oneida County Republican Committee for Utica Ward 3 District 9,,,Suppressed,14
Oneida,Utica Ward 3 District 9,Member of the Oneida County Republican Committee for Utica Ward 3 District 9,,,Under Votes,6
Oneida,Utica Ward 3 District 9,State Assembly,119,DEM,Jonathan E. Lipe,23
Oneida,Utica Ward 3 District 9,State Assembly,119,DEM,Joseph M. Betar,19
Oneida,Utica Ward 3 District 9,State Assembly,119,REP,Daniel Fusco,6
Oneida,Utica Ward 3 District 9,State Assembly,119,REP,Michael C. Gentile,8
Oneida,Utica Ward 3 District 10,Ballots Cast,,,,37
Oneida,Utica Ward 3 District 10,Comptroller,,DEM,Drew Warshaw,4
Oneida,Utica Ward 3 District 10,Comptroller,,DEM,Raj Goyle,1
Oneida,Utica Ward 3 District 10,Comptroller,,DEM,Thomas P. DiNapoli,17
Oneida,Utica Ward 3 District 10,Comptroller,,,Under Votes,1
Oneida,Utica Ward 3 District 10,State Assembly,119,DEM,Jonathan E. Lipe,13
Oneida,Utica Ward 3 District 10,State Assembly,119,DEM,Joseph M. Betar,9
Oneida,Utica Ward 3 District 10,State Assembly,119,REP,Daniel Fusco,6
Oneida,Utica Ward 3 District 10,State Assembly,119,REP,Michael C. Gentile,7
Oneida,Utica Ward 3 District 10,State Assembly,119,,Under Votes,1
Oneida,Utica Ward 3 District 10,State Assembly,119,,Under Votes,1
Oneida,Utica Ward 3 District 11,Ballots Cast,,,,55
Oneida,Utica Ward 3 District 11,Comptroller,,DEM,Drew Warshaw,4
Oneida,Utica Ward 3 District 11,Comptroller,,DEM,Raj Goyle,4
Oneida,Utica Ward 3 District 11,Comptroller,,DEM,Thomas P. DiNapoli,27
Oneida,Utica Ward 3 District 11,Comptroller,,,Over Votes,1
Oneida,Utica Ward 3 District 11,Comptroller,,,Under Votes,4
Oneida,Utica Ward 3 District 11,State Assembly,119,DEM,Jonathan E. Lipe,23
Oneida,Utica Ward 3 District 11,State Assembly,119,DEM,Joseph M. Betar,11
Oneida,Utica Ward 3 District 11,State Assembly,119,REP,Daniel Fusco,5
Oneida,Utica Ward 3 District 11,State Assembly,119,REP,Michael C. Gentile,10
Oneida,Utica Ward 3 District 11,State Assembly,119,,Over Votes,1
Oneida,Utica Ward 3 District 11,State Assembly,119,,Under Votes,5
Oneida,Utica Ward 4 District 1,Ballots Cast,,,,37
Oneida,Utica Ward 4 District 1,Comptroller,,DEM,Drew Warshaw,3
Oneida,Utica Ward 4 District 1,Comptroller,,DEM,Raj Goyle,2
Oneida,Utica Ward 4 District 1,Comptroller,,DEM,Thomas P. DiNapoli,16
Oneida,Utica Ward 4 District 1,Comptroller,,,Under Votes,5
Oneida,Utica Ward 4 District 1,State Assembly,119,DEM,Jonathan E. Lipe,8
Oneida,Utica Ward 4 District 1,State Assembly,119,DEM,Joseph M. Betar,18
Oneida,Utica Ward 4 District 1,State Assembly,119,REP,Daniel Fusco,7
Oneida,Utica Ward 4 District 1,State Assembly,119,REP,Michael C. Gentile,4
Oneida,Utica Ward 4 District 2,Ballots Cast,,,,44
Oneida,Utica Ward 4 District 2,Comptroller,,DEM,Drew Warshaw,1
Oneida,Utica Ward 4 District 2,Comptroller,,DEM,Raj Goyle,3
Oneida,Utica Ward 4 District 2,Comptroller,,DEM,Thomas P. DiNapoli,28
Oneida,Utica Ward 4 District 2,Comptroller,,,Under Votes,4
Oneida,Utica Ward 4 District 2,State Assembly,119,DEM,Jonathan E. Lipe,15
Oneida,Utica Ward 4 District 2,State Assembly,119,DEM,Joseph M. Betar,20
Oneida,Utica Ward 4 District 2,State Assembly,119,REP,Daniel Fusco,5
Oneida,Utica Ward 4 District 2,State Assembly,119,REP,Michael C. Gentile,3
Oneida,Utica Ward 4 District 2,State Assembly,119,,Under Votes,1
Oneida,Utica Ward 4 District 3,Ballots Cast,,,,100
Oneida,Utica Ward 4 District 3,Comptroller,,DEM,Drew Warshaw,6
Oneida,Utica Ward 4 District 3,Comptroller,,DEM,Raj Goyle,4
Oneida,Utica Ward 4 District 3,Comptroller,,DEM,Thomas P. DiNapoli,27
Oneida,Utica Ward 4 District 3,Comptroller,,,Under Votes,11
Oneida,Utica Ward 4 District 3,Member of the Oneida County Republican Committee for Utica Ward 4 District 3,,REP,Anthony F. Alsante,12
Oneida,Utica Ward 4 District 3,Member of the Oneida County Republican Committee for Utica Ward 4 District 3,,REP,Clifford S. Casab,3
Oneida,Utica Ward 4 District 3,Member of the Oneida County Republican Committee for Utica Ward 4 District 3,,REP,Gary Gianotti,11
Oneida,Utica Ward 4 District 3,Member of the Oneida County Republican Committee for Utica Ward 4 District 3,,REP,John Martoccia,9
Oneida,Utica Ward 4 District 3,Member of the Oneida County Republican Committee for Utica Ward 4 District 3,,,Over Votes,2
Oneida,Utica Ward 4 District 3,Member of the Oneida County Republican Committee for Utica Ward 4 District 3,,,Suppressed,26
Oneida,Utica Ward 4 District 3,Member of the Oneida County Republican Committee for Utica Ward 4 District 3,,,Under Votes,15
Oneida,Utica Ward 4 District 3,State Assembly,119,DEM,Jonathan E. Lipe,16
Oneida,Utica Ward 4 District 3,State Assembly,119,DEM,Joseph M. Betar,28
Oneida,Utica Ward 4 District 3,State Assembly,119,REP,Daniel Fusco,8
Oneida,Utica Ward 4 District 3,State Assembly,119,REP,Michael C. Gentile,15
Oneida,Utica Ward 4 District 3,State Assembly,119,,Over Votes,3
Oneida,Utica Ward 4 District 3,State Assembly,119,,Under Votes,4
Oneida,Utica Ward 4 District 4,Ballots Cast,,,,21
Oneida,Utica Ward 4 District 4,Comptroller,,DEM,Drew Warshaw,2
Oneida,Utica Ward 4 District 4,Comptroller,,DEM,Thomas P. DiNapoli,7
Oneida,Utica Ward 4 District 4,Comptroller,,,Under Votes,2
Oneida,Utica Ward 4 District 4,State Assembly,119,DEM,Jonathan E. Lipe,4
Oneida,Utica Ward 4 District 4,State Assembly,119,DEM,Joseph M. Betar,4
Oneida,Utica Ward 4 District 4,State Assembly,119,REP,Daniel Fusco,3
Oneida,Utica Ward 4 District 4,State Assembly,119,REP,Michael C. Gentile,6
Oneida,Utica Ward 4 District 4,State Assembly,119,,Under Votes,3
Oneida,Utica Ward 4 District 4,State Assembly,119,,Under Votes,1
Oneida,Utica Ward 4 District 5,Ballots Cast,,,,55
Oneida,Utica Ward 4 District 5,Comptroller,,DEM,Drew Warshaw,1
Oneida,Utica Ward 4 District 5,Comptroller,,DEM,Raj Goyle,1
Oneida,Utica Ward 4 District 5,Comptroller,,DEM,Thomas P. DiNapoli,30
Oneida,Utica Ward 4 District 5,Comptroller,,,Under Votes,5
Oneida,Utica Ward 4 District 5,State Assembly,119,DEM,Jonathan E. Lipe,15
Oneida,Utica Ward 4 District 5,State Assembly,119,DEM,Joseph M. Betar,21
Oneida,Utica Ward 4 District 5,State Assembly,119,REP,Daniel Fusco,3
Oneida,Utica Ward 4 District 5,State Assembly,119,REP,Michael C. Gentile,15
Oneida,Utica Ward 4 District 5,State Assembly,119,,Under Votes,1
Oneida,Utica Ward 4 District 6,Ballots Cast,,,,60
Oneida,Utica Ward 4 District 6,Comptroller,,DEM,Drew Warshaw,7
Oneida,Utica Ward 4 District 6,Comptroller,,DEM,Raj Goyle,2
Oneida,Utica Ward 4 District 6,Comptroller,,DEM,Thomas P. DiNapoli,16
Oneida,Utica Ward 4 District 6,Comptroller,,,Over Votes,3
Oneida,Utica Ward 4 District 6,Comptroller,,,Under Votes,2
Oneida,Utica Ward 4 District 6,Member of the Oneida County Republican Committee for Utica Ward 4 District 6,,REP,Anthony S. Faccioli,9
Oneida,Utica Ward 4 District 6,Member of the Oneida County Republican Committee for Utica Ward 4 District 6,,REP,Francesco J. Faccioli,3
Oneida,Utica Ward 4 District 6,Member of the Oneida County Republican Committee for Utica Ward 4 District 6,,REP,John S. Clark,4
Oneida,Utica Ward 4 District 6,Member of the Oneida County Republican Committee for Utica Ward 4 District 6,,REP,Nicole Clark,7
Oneida,Utica Ward 4 District 6,Member of the Oneida County Republican Committee for Utica Ward 4 District 6,,,Over Votes,2
Oneida,Utica Ward 4 District 6,Member of the Oneida County Republican Committee for Utica Ward 4 District 6,,,Suppressed,15
Oneida,Utica Ward 4 District 6,Member of the Oneida County Republican Committee for Utica Ward 4 District 6,,,Under Votes,5
Oneida,Utica Ward 4 District 6,State Assembly,119,DEM,Jonathan E. Lipe,8
Oneida,Utica Ward 4 District 6,State Assembly,119,DEM,Joseph M. Betar,19
Oneida,Utica Ward 4 District 6,State Assembly,119,REP,Daniel Fusco,8
Oneida,Utica Ward 4 District 6,State Assembly,119,REP,Michael C. Gentile,5
Oneida,Utica Ward 4 District 6,State Assembly,119,,Over Votes,2
Oneida,Utica Ward 4 District 6,State Assembly,119,,Over Votes,1
Oneida,Utica Ward 4 District 6,State Assembly,119,,Under Votes,1
Oneida,Utica Ward 4 District 6,State Assembly,119,,Under Votes,1
Oneida,Utica Ward 4 District 7,Ballots Cast,,,,19
Oneida,Utica Ward 4 District 7,Comptroller,,DEM,Drew Warshaw,1
Oneida,Utica Ward 4 District 7,Comptroller,,DEM,Raj Goyle,1
Oneida,Utica Ward 4 District 7,Comptroller,,DEM,Thomas P. DiNapoli,3
Oneida,Utica Ward 4 District 7,Comptroller,,,Under Votes,4
Oneida,Utica Ward 4 District 7,Member of the Oneida County Republican Committee for Utica Ward 4 District 7,,REP,Brett Truett,2
Oneida,Utica Ward 4 District 7,Member of the Oneida County Republican Committee for Utica Ward 4 District 7,,REP,Dennis Brenon,2
Oneida,Utica Ward 4 District 7,Member of the Oneida County Republican Committee for Utica Ward 4 District 7,,REP,Johanna Brenon,3
Oneida,Utica Ward 4 District 7,Member of the Oneida County Republican Committee for Utica Ward 4 District 7,,REP,John Mirante,2
Oneida,Utica Ward 4 District 7,Member of the Oneida County Republican Committee for Utica Ward 4 District 7,,,Suppressed,5
Oneida,Utica Ward 4 District 7,Member of the Oneida County Republican Committee for Utica Ward 4 District 7,,,Under Votes,1
Oneida,Utica Ward 4 District 7,State Assembly,119,DEM,Jonathan E. Lipe,5
Oneida,Utica Ward 4 District 7,State Assembly,119,DEM,Joseph M. Betar,4
Oneida,Utica Ward 4 District 7,State Assembly,119,REP,Daniel Fusco,2
Oneida,Utica Ward 4 District 7,State Assembly,119,REP,Michael C. Gentile,3
Oneida,Utica Ward 4 District 8,Ballots Cast,,,,92
Oneida,Utica Ward 4 District 8,Comptroller,,DEM,Drew Warshaw,3
Oneida,Utica Ward 4 District 8,Comptroller,,DEM,Raj Goyle,2
Oneida,Utica Ward 4 District 8,Comptroller,,DEM,Thomas P. DiNapoli,47
Oneida,Utica Ward 4 District 8,Comptroller,,,Under Votes,6
Oneida,Utica Ward 4 District 8,Member of the Oneida County Republican Committee for Utica Ward 4 District 8,,REP,Elaine Galime,9
Oneida,Utica Ward 4 District 8,Member of the Oneida County Republican Committee for Utica Ward 4 District 8,,REP,Francis J. Gentile III,9
Oneida,Utica Ward 4 District 8,Member of the Oneida County Republican Committee for Utica Ward 4 District 8,,REP,Leslie Becraft,2
Oneida,Utica Ward 4 District 8,Member of the Oneida County Republican Committee for Utica Ward 4 District 8,,REP,Robert Cardillo,1
Oneida,Utica Ward 4 District 8,Member of the Oneida County Republican Committee for Utica Ward 4 District 8,,REP,Vicki Cangello,3
Oneida,Utica Ward 4 District 8,Member of the Oneida County Republican Committee for Utica Ward 4 District 8,,,Over Votes,2
Oneida,Utica Ward 4 District 8,Member of the Oneida County Republican Committee for Utica Ward 4 District 8,,,Suppressed,17
Oneida,Utica Ward 4 District 8,Member of the Oneida County Republican Committee for Utica Ward 4 District 8,,,Under Votes,8
Oneida,Utica Ward 4 District 8,State Assembly,119,DEM,Jonathan E. Lipe,24
Oneida,Utica Ward 4 District 8,State Assembly,119,DEM,Joseph M. Betar,31
Oneida,Utica Ward 4 District 8,State Assembly,119,REP,Daniel Fusco,5
Oneida,Utica Ward 4 District 8,State Assembly,119,REP,Michael C. Gentile,11
Oneida,Utica Ward 4 District 8,State Assembly,119,,Over Votes,1
Oneida,Utica Ward 4 District 8,State Assembly,119,,Under Votes,3
Oneida,Utica Ward 4 District 9,Ballots Cast,,,,171
Oneida,Utica Ward 4 District 9,Comptroller,,DEM,Drew Warshaw,5
Oneida,Utica Ward 4 District 9,Comptroller,,DEM,Raj Goyle,2
Oneida,Utica Ward 4 District 9,Comptroller,,DEM,Thomas P. DiNapoli,54
Oneida,Utica Ward 4 District 9,Comptroller,,,Under Votes,8
Oneida,Utica Ward 4 District 9,Member of the Oneida County Republican Committee for Utica Ward 4 District 9,,REP,Frank J. Gentile Jr.,19
Oneida,Utica Ward 4 District 9,Member of the Oneida County Republican Committee for Utica Ward 4 District 9,,REP,Joseph M. Johnson,18
Oneida,Utica Ward 4 District 9,Member of the Oneida County Republican Committee for Utica Ward 4 District 9,,REP,Lois A. Pirro,25
Oneida,Utica Ward 4 District 9,Member of the Oneida County Republican Committee for Utica Ward 4 District 9,,REP,Thomas D. Pirro,27
Oneida,Utica Ward 4 District 9,Member of the Oneida County Republican Committee for Utica Ward 4 District 9,,,Suppressed,51
Oneida,Utica Ward 4 District 9,Member of the Oneida County Republican Committee for Utica Ward 4 District 9,,,Under Votes,13
Oneida,Utica Ward 4 District 9,State Assembly,119,DEM,Jonathan E. Lipe,15
Oneida,Utica Ward 4 District 9,State Assembly,119,DEM,Joseph M. Betar,51
Oneida,Utica Ward 4 District 9,State Assembly,119,REP,Daniel Fusco,24
Oneida,Utica Ward 4 District 9,State Assembly,119,REP,Michael C. Gentile,26
Oneida,Utica Ward 4 District 9,State Assembly,119,,Over Votes,1
Oneida,Utica Ward 4 District 9,State Assembly,119,,Under Votes,2
Oneida,Utica Ward 4 District 9,State Assembly,119,,Under Votes,1
Oneida,Utica Ward 5 District 1,Ballots Cast,,,,30
Oneida,Utica Ward 5 District 1,Comptroller,,DEM,Drew Warshaw,1
Oneida,Utica Ward 5 District 1,Comptroller,,DEM,Raj Goyle,2
Oneida,Utica Ward 5 District 1,Comptroller,,DEM,Thomas P. DiNapoli,11
Oneida,Utica Ward 5 District 1,Comptroller,,,Over Votes,1
Oneida,Utica Ward 5 District 1,Comptroller,,,Under Votes,7
Oneida,Utica Ward 5 District 1,State Assembly,119,DEM,Jonathan E. Lipe,7
Oneida,Utica Ward 5 District 1,State Assembly,119,DEM,Joseph M. Betar,11
Oneida,Utica Ward 5 District 1,State Assembly,119,REP,Daniel Fusco,3
Oneida,Utica Ward 5 District 1,State Assembly,119,REP,Michael C. Gentile,5
Oneida,Utica Ward 5 District 1,State Assembly,119,,Over Votes,1
Oneida,Utica Ward 5 District 1,State Assembly,119,,Under Votes,3
Oneida,Utica Ward 5 District 2,Ballots Cast,,,,26
Oneida,Utica Ward 5 District 2,Comptroller,,DEM,Drew Warshaw,5
Oneida,Utica Ward 5 District 2,Comptroller,,DEM,Raj Goyle,3
Oneida,Utica Ward 5 District 2,Comptroller,,DEM,Thomas P. DiNapoli,9
Oneida,Utica Ward 5 District 2,Comptroller,,,Under Votes,5
Oneida,Utica Ward 5 District 2,State Assembly,119,DEM,Jonathan E. Lipe,9
Oneida,Utica Ward 5 District 2,State Assembly,119,DEM,Joseph M. Betar,10
Oneida,Utica Ward 5 District 2,State Assembly,119,REP,Suppressed,4
Oneida,Utica Ward 5 District 2,State Assembly,119,,Under Votes,3
Oneida,Utica Ward 5 District 3,Ballots Cast,,,,13
Oneida,Utica Ward 5 District 3,Comptroller,,DEM,Drew Warshaw,2
Oneida,Utica Ward 5 District 3,Comptroller,,DEM,Thomas P. DiNapoli,6
Oneida,Utica Ward 5 District 3,State Assembly,119,DEM,Jonathan E. Lipe,6
Oneida,Utica Ward 5 District 3,State Assembly,119,REP,Daniel Fusco,1
Oneida,Utica Ward 5 District 3,State Assembly,119,REP,Michael C. Gentile,4
Oneida,Utica Ward 5 District 3,State Assembly,119,,Under Votes,2
Oneida,Utica Ward 5 District 4,Ballots Cast,,,,20
Oneida,Utica Ward 5 District 4,Comptroller,,DEM,Drew Warshaw,2
Oneida,Utica Ward 5 District 4,Comptroller,,DEM,Raj Goyle,2
Oneida,Utica Ward 5 District 4,Comptroller,,DEM,Thomas P. DiNapoli,9
Oneida,Utica Ward 5 District 4,Comptroller,,,Under Votes,4
Oneida,Utica Ward 5 District 4,State Assembly,119,DEM,Jonathan E. Lipe,6
Oneida,Utica Ward 5 District 4,State Assembly,119,DEM,Joseph M. Betar,10
Oneida,Utica Ward 5 District 4,State Assembly,119,REP,Suppressed,3
Oneida,Utica Ward 5 District 4,State Assembly,119,,Under Votes,1
Oneida,Utica Ward 5 District 5,Ballots Cast,,,,33
Oneida,Utica Ward 5 District 5,Comptroller,,DEM,Raj Goyle,1
Oneida,Utica Ward 5 District 5,Comptroller,,DEM,Thomas P. DiNapoli,22
Oneida,Utica Ward 5 District 5,Comptroller,,,Over Votes,2
Oneida,Utica Ward 5 District 5,Comptroller,,,Under Votes,3
Oneida,Utica Ward 5 District 5,State Assembly,119,DEM,Jonathan E. Lipe,10
Oneida,Utica Ward 5 District 5,State Assembly,119,DEM,Joseph M. Betar,16
Oneida,Utica Ward 5 District 5,State Assembly,119,REP,Daniel Fusco,1
Oneida,Utica Ward 5 District 5,State Assembly,119,REP,Michael C. Gentile,4
Oneida,Utica Ward 5 District 5,State Assembly,119,,Under Votes,2
Oneida,Utica Ward 6 District 1,Ballots Cast,,,,61
Oneida,Utica Ward 6 District 1,Comptroller,,DEM,Raj Goyle,3
Oneida,Utica Ward 6 District 1,Comptroller,,DEM,Thomas P. DiNapoli,15
Oneida,Utica Ward 6 District 1,Comptroller,,,Over Votes,1
Oneida,Utica Ward 6 District 1,Comptroller,,,Under Votes,7
Oneida,Utica Ward 6 District 1,State Assembly,119,DEM,Jonathan E. Lipe,12
Oneida,Utica Ward 6 District 1,State Assembly,119,DEM,Joseph M. Betar,14
Oneida,Utica Ward 6 District 1,State Assembly,119,REP,Daniel Fusco,16
Oneida,Utica Ward 6 District 1,State Assembly,119,REP,Michael C. Gentile,19
Oneida,Utica Ward 6 District 2,Ballots Cast,,,,236
Oneida,Utica Ward 6 District 2,Comptroller,,DEM,Drew Warshaw,6
Oneida,Utica Ward 6 District 2,Comptroller,,DEM,Raj Goyle,6
Oneida,Utica Ward 6 District 2,Comptroller,,DEM,Thomas P. DiNapoli,58
Oneida,Utica Ward 6 District 2,Comptroller,,,Under Votes,8
Oneida,Utica Ward 6 District 2,Member of the Oneida County Republican Committee for Utica Ward 6 District 2,,REP,Amanda E. Gentile,33
Oneida,Utica Ward 6 District 2,Member of the Oneida County Republican Committee for Utica Ward 6 District 2,,REP,Joanne Rooney,26
Oneida,Utica Ward 6 District 2,Member of the Oneida County Republican Committee for Utica Ward 6 District 2,,REP,Matthew T. Gentile,42
Oneida,Utica Ward 6 District 2,Member of the Oneida County Republican Committee for Utica Ward 6 District 2,,REP,Michael Derry,28
Oneida,Utica Ward 6 District 2,Member of the Oneida County Republican Committee for Utica Ward 6 District 2,,,Over Votes,2
Oneida,Utica Ward 6 District 2,Member of the Oneida County Republican Committee for Utica Ward 6 District 2,,,Suppressed,79
Oneida,Utica Ward 6 District 2,Member of the Oneida County Republican Committee for Utica Ward 6 District 2,,,Under Votes,27
Oneida,Utica Ward 6 District 2,State Assembly,119,DEM,Jonathan E. Lipe,45
Oneida,Utica Ward 6 District 2,State Assembly,119,DEM,Joseph M. Betar,29
Oneida,Utica Ward 6 District 2,State Assembly,119,REP,Daniel Fusco,23
Oneida,Utica Ward 6 District 2,State Assembly,119,REP,Michael C. Gentile,54
Oneida,Utica Ward 6 District 2,State Assembly,119,,Over Votes,1
Oneida,Utica Ward 6 District 2,State Assembly,119,,Under Votes,4
Oneida,Utica Ward 6 District 2,State Assembly,119,,Under Votes,1
Oneida,Utica Ward 6 District 3,Ballots Cast,,,,71
Oneida,Utica Ward 6 District 3,Comptroller,,DEM,Raj Goyle,2
Oneida,Utica Ward 6 District 3,Comptroller,,DEM,Thomas P. DiNapoli,29
Oneida,Utica Ward 6 District 3,Comptroller,,,Under Votes,7
Oneida,Utica Ward 6 District 3,State Assembly,119,DEM,Jonathan E. Lipe,14
Oneida,Utica Ward 6 District 3,State Assembly,119,DEM,Joseph M. Betar,23
Oneida,Utica Ward 6 District 3,State Assembly,119,REP,Daniel Fusco,6
Oneida,Utica Ward 6 District 3,State Assembly,119,REP,Michael C. Gentile,27
Oneida,Utica Ward 6 District 3,State Assembly,119,,Under Votes,1
Oneida,Utica Ward 6 District 4,Ballots Cast,,,,80
Oneida,Utica Ward 6 District 4,Comptroller,,DEM,Drew Warshaw,6
Oneida,Utica Ward 6 District 4,Comptroller,,DEM,Raj Goyle,1
Oneida,Utica Ward 6 District 4,Comptroller,,DEM,Thomas P. DiNapoli,14
Oneida,Utica Ward 6 District 4,Comptroller,,,Over Votes,1
Oneida,Utica Ward 6 District 4,Comptroller,,,Under Votes,2
Oneida,Utica Ward 6 District 4,Member of the Oneida County Republican Committee for Utica Ward 6 District 4,,REP,Frank A. Pelli Jr.,17
Oneida,Utica Ward 6 District 4,Member of the Oneida County Republican Committee for Utica Ward 6 District 4,,REP,Pamela Ann Gerrer,3
Oneida,Utica Ward 6 District 4,Member of the Oneida County Republican Committee for Utica Ward 6 District 4,,REP,Regina Venettozzi,9
Oneida,Utica Ward 6 District 4,Member of the Oneida County Republican Committee for Utica Ward 6 District 4,,REP,Sherry L. Gazzel,9
Oneida,Utica Ward 6 District 4,Member of the Oneida County Republican Committee for Utica Ward 6 District 4,,,Suppressed,28
Oneida,Utica Ward 6 District 4,Member of the Oneida County Republican Committee for Utica Ward 6 District 4,,,Under Votes,18
Oneida,Utica Ward 6 District 4,State Assembly,119,DEM,Jonathan E. Lipe,8
Oneida,Utica Ward 6 District 4,State Assembly,119,DEM,Joseph M. Betar,15
Oneida,Utica Ward 6 District 4,State Assembly,119,REP,Daniel Fusco,4
Oneida,Utica Ward 6 District 4,State Assembly,119,REP,Michael C. Gentile,24
Oneida,Utica Ward 6 District 4,State Assembly,119,,Over Votes,1
Oneida,Utica Ward 6 District 5,Ballots Cast,,,,114
Oneida,Utica Ward 6 District 5,Comptroller,,DEM,Drew Warshaw,4
Oneida,Utica Ward 6 District 5,Comptroller,,DEM,Raj Goyle,3
Oneida,Utica Ward 6 District 5,Comptroller,,DEM,Thomas P. DiNapoli,21
Oneida,Utica Ward 6 District 5,Comptroller,,,Under Votes,4
Oneida,Utica Ward 6 District 5,Member of the Oneida County Republican Committee for Utica Ward 6 District 5,,REP,Bohdan Rabarsky,18
Oneida,Utica Ward 6 District 5,Member of the Oneida County Republican Committee for Utica Ward 6 District 5,,REP,Ronald G. Vincent,22
Oneida,Utica Ward 6 District 5,Member of the Oneida County Republican Committee for Utica Ward 6 District 5,,REP,Willard Berkheiser,6
Oneida,Utica Ward 6 District 5,Member of the Oneida County Republican Committee for Utica Ward 6 District 5,,,Suppressed,41
Oneida,Utica Ward 6 District 5,Member of the Oneida County Republican Committee for Utica Ward 6 District 5,,,Under Votes,36
Oneida,Utica Ward 6 District 5,State Assembly,119,DEM,Jonathan E. Lipe,18
Oneida,Utica Ward 6 District 5,State Assembly,119,DEM,Joseph M. Betar,11
Oneida,Utica Ward 6 District 5,State Assembly,119,REP,Daniel Fusco,13
Oneida,Utica Ward 6 District 5,State Assembly,119,REP,Michael C. Gentile,26
Oneida,Utica Ward 6 District 5,State Assembly,119,,Over Votes,1
Oneida,Utica Ward 6 District 5,State Assembly,119,,Under Votes,3
Oneida,Utica Ward 6 District 5,State Assembly,119,,Under Votes,1
Oneida,Utica Ward 6 District 6,Ballots Cast,,,,153
Oneida,Utica Ward 6 District 6,Comptroller,,DEM,Drew Warshaw,8
Oneida,Utica Ward 6 District 6,Comptroller,,DEM,Thomas P. DiNapoli,37
Oneida,Utica Ward 6 District 6,Comptroller,,,Under Votes,6
Oneida,Utica Ward 6 District 6,Member of the Oneida County Republican Committee for Utica Ward 6 District 6,,REP,Daniel Donovan,12
Oneida,Utica Ward 6 District 6,Member of the Oneida County Republican Committee for Utica Ward 6 District 6,,REP,Diane J. Carville,31
Oneida,Utica Ward 6 District 6,Member of the Oneida County Republican Committee for Utica Ward 6 District 6,,REP,Patrick T. Carville,27
Oneida,Utica Ward 6 District 6,Member of the Oneida County Republican Committee for Utica Ward 6 District 6,,,Over Votes,2
Oneida,Utica Ward 6 District 6,Member of the Oneida County Republican Committee for Utica Ward 6 District 6,,,Suppressed,51
Oneida,Utica Ward 6 District 6,Member of the Oneida County Republican Committee for Utica Ward 6 District 6,,,Under Votes,30
Oneida,Utica Ward 6 District 6,State Assembly,119,DEM,Jonathan E. Lipe,23
Oneida,Utica Ward 6 District 6,State Assembly,119,DEM,Joseph M. Betar,27
Oneida,Utica Ward 6 District 6,State Assembly,119,REP,Daniel Fusco,13
Oneida,Utica Ward 6 District 6,State Assembly,119,REP,Michael C. Gentile,34
Oneida,Utica Ward 6 District 6,State Assembly,119,,Over Votes,1
Oneida,Utica Ward 6 District 6,State Assembly,119,,Under Votes,1
Oneida,Utica Ward 6 District 6,State Assembly,119,,Under Votes,3
Oneida,Utica Ward 6 District 7,Ballots Cast,,,,100
Oneida,Utica Ward 6 District 7,Comptroller,,DEM,Drew Warshaw,5
Oneida,Utica Ward 6 District 7,Comptroller,,DEM,Raj Goyle,4
Oneida,Utica Ward 6 District 7,Comptroller,,DEM,Thomas P. DiNapoli,17
Oneida,Utica Ward 6 District 7,Comptroller,,,Under Votes,4
Oneida,Utica Ward 6 District 7,Member of the Oneida County Republican Committee for Utica Ward 6 District 7,,REP,Christine H. Esposito,18
Oneida,Utica Ward 6 District 7,Member of the Oneida County Republican Committee for Utica Ward 6 District 7,,REP,Dayne E. Evans,11
Oneida,Utica Ward 6 District 7,Member of the Oneida County Republican Committee for Utica Ward 6 District 7,,REP,Diane Carville,1
Oneida,Utica Ward 6 District 7,Member of the Oneida County Republican Committee for Utica Ward 6 District 7,,REP,Donna L. Csete,7
Oneida,Utica Ward 6 District 7,Member of the Oneida County Republican Committee for Utica Ward 6 District 7,,REP,Patrick Carville,1
Oneida,Utica Ward 6 District 7,Member of the Oneida County Republican Committee for Utica Ward 6 District 7,,REP,Phyllis E. Evans,11
Oneida,Utica Ward 6 District 7,Member of the Oneida County Republican Committee for Utica Ward 6 District 7,,,Suppressed,35
Oneida,Utica Ward 6 District 7,Member of the Oneida County Republican Committee for Utica Ward 6 District 7,,,Under Votes,21
Oneida,Utica Ward 6 District 7,State Assembly,119,DEM,Jonathan E. Lipe,16
Oneida,Utica Ward 6 District 7,State Assembly,119,DEM,Joseph M. Betar,14
Oneida,Utica Ward 6 District 7,State Assembly,119,REP,Daniel Fusco,9
Oneida,Utica Ward 6 District 7,State Assembly,119,REP,Michael C. Gentile,26
Oneida,Utica Ward 6 District 8,Ballots Cast,,,,210
Oneida,Utica Ward 6 District 8,Comptroller,,DEM,Drew Warshaw,9
Oneida,Utica Ward 6 District 8,Comptroller,,DEM,Raj Goyle,5
Oneida,Utica Ward 6 District 8,Comptroller,,DEM,Thomas P. DiNapoli,59
Oneida,Utica Ward 6 District 8,Comptroller,,,Over Votes,2
Oneida,Utica Ward 6 District 8,Comptroller,,,Under Votes,19
Oneida,Utica Ward 6 District 8,Member of the Oneida County Republican Committee for Utica Ward 6 District 8,,REP,Fortunato T. Scerbo II,15
Oneida,Utica Ward 6 District 8,Member of the Oneida County Republican Committee for Utica Ward 6 District 8,,REP,Mello J. Testa,31
Oneida,Utica Ward 6 District 8,Member of the Oneida County Republican Committee for Utica Ward 6 District 8,,REP,Samantha L. Colosimo-Testa,43
Oneida,Utica Ward 6 District 8,Member of the Oneida County Republican Committee for Utica Ward 6 District 8,,,Over Votes,2
Oneida,Utica Ward 6 District 8,Member of the Oneida County Republican Committee for Utica Ward 6 District 8,,,Suppressed,58
Oneida,Utica Ward 6 District 8,Member of the Oneida County Republican Committee for Utica Ward 6 District 8,,,Under Votes,25
Oneida,Utica Ward 6 District 8,State Assembly,119,DEM,Jonathan E. Lipe,41
Oneida,Utica Ward 6 District 8,State Assembly,119,DEM,Joseph M. Betar,44
Oneida,Utica Ward 6 District 8,State Assembly,119,REP,Daniel Fusco,20
Oneida,Utica Ward 6 District 8,State Assembly,119,REP,Michael C. Gentile,33
Oneida,Utica Ward 6 District 8,State Assembly,119,,Over Votes,1
Oneida,Utica Ward 6 District 8,State Assembly,119,,Under Votes,9
Oneida,Utica Ward 6 District 8,State Assembly,119,,Under Votes,4
Oneida,Utica Ward 6 District 9,Ballots Cast,,,,26
Oneida,Utica Ward 6 District 9,Comptroller,,DEM,Raj Goyle,3
Oneida,Utica Ward 6 District 9,Comptroller,,DEM,Thomas P. DiNapoli,9
Oneida,Utica Ward 6 District 9,Comptroller,,,Over Votes,1
Oneida,Utica Ward 6 District 9,Comptroller,,,Under Votes,3
Oneida,Utica Ward 6 District 9,Member of the Oneida County Republican Committee for Utica Ward 6 District 9,,REP,Christopher T. Sebastian Sr.,5
Oneida,Utica Ward 6 District 9,Member of the Oneida County Republican Committee for Utica Ward 6 District 9,,REP,Roxanne Roser,1
Oneida,Utica Ward 6 District 9,Member of the Oneida County Republican Committee for Utica Ward 6 District 9,,REP,Steven N. Piacentino,2
Oneida,Utica Ward 6 District 9,Member of the Oneida County Republican Committee for Utica Ward 6 District 9,,,Suppressed,5
Oneida,Utica Ward 6 District 9,Member of the Oneida County Republican Committee for Utica Ward 6 District 9,,,Under Votes,2
Oneida,Utica Ward 6 District 9,State Assembly,119,DEM,Jonathan E. Lipe,4
Oneida,Utica Ward 6 District 9,State Assembly,119,DEM,Joseph M. Betar,11
Oneida,Utica Ward 6 District 9,State Assembly,119,REP,Daniel Fusco,2
Oneida,Utica Ward 6 District 9,State Assembly,119,REP,Michael C. Gentile,3
Oneida,Utica Ward 6 District 9,State Assembly,119,,Over Votes,1
Oneida,Vernon 1,Ballots Cast,,,,15
Oneida,Vernon 1,Comptroller,,DEM,Drew Warshaw,3
Oneida,Vernon 1,Comptroller,,DEM,Thomas P. DiNapoli,12
Oneida,Vernon 2,Ballots Cast,,,,15
Oneida,Vernon 2,Comptroller,,DEM,Drew Warshaw,1
Oneida,Vernon 2,Comptroller,,DEM,Raj Goyle,2
Oneida,Vernon 2,Comptroller,,DEM,Thomas P. DiNapoli,12
Oneida,Vernon 3,Ballots Cast,,,,19
Oneida,Vernon 3,Comptroller,,DEM,Drew Warshaw,2
Oneida,Vernon 3,Comptroller,,DEM,Raj Goyle,1
Oneida,Vernon 3,Comptroller,,DEM,Thomas P. DiNapoli,16
Oneida,Vernon 4,Ballots Cast,,,,37
Oneida,Vernon 4,Comptroller,,DEM,Drew Warshaw,8
Oneida,Vernon 4,Comptroller,,DEM,Raj Goyle,1
Oneida,Vernon 4,Comptroller,,DEM,Thomas P. DiNapoli,28
Oneida,Vernon 5,Ballots Cast,,,,29
Oneida,Vernon 5,Comptroller,,DEM,Drew Warshaw,4
Oneida,Vernon 5,Comptroller,,DEM,Thomas P. DiNapoli,25
Oneida,Verona 1,Ballots Cast,,,,110
Oneida,Verona 1,Comptroller,,DEM,Drew Warshaw,1
Oneida,Verona 1,Comptroller,,DEM,Thomas P. DiNapoli,18
Oneida,Verona 1,Comptroller,,,Under Votes,3
Oneida,Verona 1,U.S. House,21,DEM,Blake Gendebien,7
Oneida,Verona 1,U.S. House,21,DEM,Stuart J. Amoriell,11
Oneida,Verona 1,U.S. House,21,REP,Anthony Constantino,49
Oneida,Verona 1,U.S. House,21,REP,Robert J. Smullen,38
Oneida,Verona 1,U.S. House,21,,Under Votes,5
Oneida,Verona 2,Ballots Cast,,,,84
Oneida,Verona 2,Comptroller,,DEM,Drew Warshaw,1
Oneida,Verona 2,Comptroller,,DEM,Raj Goyle,2
Oneida,Verona 2,Comptroller,,DEM,Thomas P. DiNapoli,12
Oneida,Verona 2,Comptroller,,,Over Votes,1
Oneida,Verona 2,U.S. House,21,DEM,Blake Gendebien,8
Oneida,Verona 2,U.S. House,21,DEM,Stuart J. Amoriell,5
Oneida,Verona 2,U.S. House,21,REP,Anthony Constantino,51
Oneida,Verona 2,U.S. House,21,REP,Robert J. Smullen,17
Oneida,Verona 2,U.S. House,21,,Under Votes,3
Oneida,Verona 3,Ballots Cast,,,,79
Oneida,Verona 3,Comptroller,,DEM,Drew Warshaw,3
Oneida,Verona 3,Comptroller,,DEM,Raj Goyle,1
Oneida,Verona 3,Comptroller,,DEM,Thomas P. DiNapoli,19
Oneida,Verona 3,Comptroller,,,Under Votes,1
Oneida,Verona 3,U.S. House,21,DEM,Blake Gendebien,13
Oneida,Verona 3,U.S. House,21,DEM,Stuart J. Amoriell,9
Oneida,Verona 3,U.S. House,21,REP,Anthony Constantino,31
Oneida,Verona 3,U.S. House,21,REP,Robert J. Smullen,24
Oneida,Verona 3,U.S. House,21,,Under Votes,2
Oneida,Verona 4,Ballots Cast,,,,47
Oneida,Verona 4,Comptroller,,DEM,Suppressed,4
Oneida,Verona 4,U.S. House,21,DEM,Suppressed,4
Oneida,Verona 4,U.S. House,21,REP,Anthony Constantino,29
Oneida,Verona 4,U.S. House,21,REP,Robert J. Smullen,14
Oneida,Verona 5,Ballots Cast,,,,5
Oneida,Verona 5,Comptroller,,DEM,Raj Goyle,1
Oneida,Verona 5,Comptroller,,DEM,Thomas P. DiNapoli,4
Oneida,Verona 6,Ballots Cast,,,,48
Oneida,Verona 6,Comptroller,,DEM,Drew Warshaw,2
Oneida,Verona 6,Comptroller,,DEM,Raj Goyle,4
Oneida,Verona 6,Comptroller,,DEM,Thomas P. DiNapoli,9
Oneida,Verona 6,U.S. House,21,DEM,Blake Gendebien,5
Oneida,Verona 6,U.S. House,21,DEM,Stuart J. Amoriell,6
Oneida,Verona 6,U.S. House,21,REP,Anthony Constantino,24
Oneida,Verona 6,U.S. House,21,REP,Robert J. Smullen,9
Oneida,Verona 6,U.S. House,21,,Under Votes,4
Oneida,Verona 7,Ballots Cast,,,,2
Oneida,Verona 7,Comptroller,,DEM,Suppressed,2
Oneida,Vienna 1,Ballots Cast,,,,124
Oneida,Vienna 1,Comptroller,,DEM,Drew Warshaw,6
Oneida,Vienna 1,Comptroller,,DEM,Raj Goyle,2
Oneida,Vienna 1,Comptroller,,DEM,Thomas P. DiNapoli,21
Oneida,Vienna 1,U.S. House,21,DEM,Blake Gendebien,13
Oneida,Vienna 1,U.S. House,21,DEM,Stuart J. Amoriell,14
Oneida,Vienna 1,U.S. House,21,REP,Anthony Constantino,70
Oneida,Vienna 1,U.S. House,21,REP,Darrin E. Smith,1
Oneida,Vienna 1,U.S. House,21,REP,Robert J. Smullen,22
Oneida,Vienna 1,U.S. House,21,REP,Robert M. Watson,1
Oneida,Vienna 1,U.S. House,21,,Under Votes,2
Oneida,Vienna 1,U.S. House,21,,Under Votes,1
Oneida,Vienna 2,Ballots Cast,,,,76
Oneida,Vienna 2,Comptroller,,DEM,Drew Warshaw,1
Oneida,Vienna 2,Comptroller,,DEM,Raj Goyle,1
Oneida,Vienna 2,Comptroller,,DEM,Thomas P. DiNapoli,14
Oneida,Vienna 2,Comptroller,,,Under Votes,1
Oneida,Vienna 2,U.S. House,21,DEM,Blake Gendebien,12
Oneida,Vienna 2,U.S. House,21,DEM,Stuart J. Amoriell,6
Oneida,Vienna 2,U.S. House,21,REP,Anthony Constantino,38
Oneida,Vienna 2,U.S. House,21,REP,Robert J. Smullen,18
Oneida,Vienna 2,U.S. House,21,,Under Votes,1
Oneida,Vienna 2,U.S. House,21,,Under Votes,1
Oneida,Vienna 3,Ballots Cast,,,,107
Oneida,Vienna 3,Comptroller,,DEM,Drew Warshaw,1
Oneida,Vienna 3,Comptroller,,DEM,Thomas P. DiNapoli,17
Oneida,Vienna 3,Comptroller,,,Over Votes,1
Oneida,Vienna 3,Comptroller,,,Under Votes,1
Oneida,Vienna 3,U.S. House,21,DEM,Blake Gendebien,12
Oneida,Vienna 3,U.S. House,21,DEM,Stuart J. Amoriell,6
Oneida,Vienna 3,U.S. House,21,REP,Anthony Constantino,61
Oneida,Vienna 3,U.S. House,21,REP,Robert J. Smullen,26
Oneida,Vienna 3,U.S. House,21,,Over Votes,1
Oneida,Vienna 3,U.S. House,21,,Under Votes,1
Oneida,Vienna 4,Ballots Cast,,,,61
Oneida,Vienna 4,Comptroller,,DEM,Raj Goyle,2
Oneida,Vienna 4,Comptroller,,DEM,Thomas P. DiNapoli,13
Oneida,Vienna 4,Comptroller,,,Over Votes,1
Oneida,Vienna 4,Comptroller,,,Under Votes,2
Oneida,Vienna 4,U.S. House,21,DEM,Blake Gendebien,6
Oneida,Vienna 4,U.S. House,21,DEM,Stuart J. Amoriell,8
Oneida,Vienna 4,U.S. House,21,REP,Anthony Constantino,31
Oneida,Vienna 4,U.S. House,21,REP,Robert J. Smullen,12
Oneida,Vienna 4,U.S. House,21,,Under Votes,4
Oneida,Western 1,Ballots Cast,,,,63
Oneida,Western 1,Comptroller,,DEM,Suppressed,3
Oneida,Western 1,State Assembly,118,REP,Chanda King,8
Oneida,Western 1,State Assembly,118,REP,Charles Potter,17
Oneida,Western 1,State Assembly,118,REP,Heather A. Scribner,24
Oneida,Western 1,State Assembly,118,,Under Votes,11
Oneida,Western 1,U.S. House,21,DEM,Suppressed,3
Oneida,Western 1,U.S. House,21,REP,Anthony Constantino,30
Oneida,Western 1,U.S. House,21,REP,Robert J. Smullen,29
Oneida,Western 1,U.S. House,21,,Under Votes,1
Oneida,Western 2,Ballots Cast,,,,149
Oneida,Western 2,Comptroller,,DEM,Drew Warshaw,1
Oneida,Western 2,Comptroller,,DEM,Thomas P. DiNapoli,8
Oneida,Western 2,Member of the Oneida County Republican Committee for Western 2,,REP,Carol Nettleton,13
Oneida,Western 2,Member of the Oneida County Republican Committee for Western 2,,REP,Donald Peavey,7
Oneida,Western 2,Member of the Oneida County Republican Committee for Western 2,,REP,Duane Wheeler,53
Oneida,Western 2,Member of the Oneida County Republican Committee for Western 2,,REP,Leonard A. Charney,54
Oneida,Western 2,Member of the Oneida County Republican Committee for Western 2,,,Suppressed,70
Oneida,Western 2,Member of the Oneida County Republican Committee for Western 2,,,Under Votes,13
Oneida,Western 2,State Assembly,118,REP,Chanda King,8
Oneida,Western 2,State Assembly,118,REP,Charles Potter,17
Oneida,Western 2,State Assembly,118,REP,Heather A. Scribner,41
Oneida,Western 2,State Assembly,118,REP,Raymond Meier,1
Oneida,Western 2,State Assembly,118,,Under Votes,3
Oneida,Western 2,U.S. House,21,DEM,Blake Gendebien,3
Oneida,Western 2,U.S. House,21,DEM,Stuart J. Amoriell,5
Oneida,Western 2,U.S. House,21,REP,Anthony Constantino,36
Oneida,Western 2,U.S. House,21,REP,Phil Spoor,1
Oneida,Western 2,U.S. House,21,REP,Raymond Meier,2
Oneida,Western 2,U.S. House,21,REP,Robert J. Smullen,31
Oneida,Western 2,U.S. House,21,,Under Votes,1
Oneida,Western 3,Ballots Cast,,,,142
Oneida,Western 3,Comptroller,,DEM,Drew Warshaw,1
Oneida,Western 3,Comptroller,,DEM,Thomas P. DiNapoli,10
Oneida,Western 3,Comptroller,,,Under Votes,1
Oneida,Western 3,Member of the Oneida County Republican Committee for Western 3,,REP,Elizabeth Martin,27
Oneida,Western 3,Member of the Oneida County Republican Committee for Western 3,,REP,Lani Hale,15
Oneida,Western 3,Member of the Oneida County Republican Committee for Western 3,,REP,Mark Hale,24
Oneida,Western 3,Member of the Oneida County Republican Committee for Western 3,,REP,Melissa Rowlands,34
Oneida,Western 3,Member of the Oneida County Republican Committee for Western 3,,,Over Votes,2
Oneida,Western 3,Member of the Oneida County Republican Committee for Western 3,,,Suppressed,65
Oneida,Western 3,Member of the Oneida County Republican Committee for Western 3,,,Under Votes,28
Oneida,Western 3,State Assembly,118,REP,Chanda King,6
Oneida,Western 3,State Assembly,118,REP,Charles Potter,13
Oneida,Western 3,State Assembly,118,REP,Heather A. Scribner,37
Oneida,Western 3,State Assembly,118,,Under Votes,9
Oneida,Western 3,U.S. House,21,DEM,Blake Gendebien,2
Oneida,Western 3,U.S. House,21,DEM,Stuart J. Amoriell,9
Oneida,Western 3,U.S. House,21,REP,Anthony Constantino,37
Oneida,Western 3,U.S. House,21,REP,Robert J. Smullen,28
Oneida,Western 3,U.S. House,21,,Under Votes,1
Oneida,Westmoreland 1,Ballots Cast,,,,6
Oneida,Westmoreland 1,Comptroller,,DEM,Drew Warshaw,1
Oneida,Westmoreland 1,Comptroller,,DEM,Raj Goyle,1
Oneida,Westmoreland 1,Comptroller,,DEM,Thomas P. DiNapoli,4
Oneida,Westmoreland 2,Ballots Cast,,,,34
Oneida,Westmoreland 2,Comptroller,,DEM,Drew Warshaw,6
Oneida,Westmoreland 2,Comptroller,,DEM,Raj Goyle,3
Oneida,Westmoreland 2,Comptroller,,DEM,Thomas P. DiNapoli,25
Oneida,Westmoreland 3,Ballots Cast,,,,8
Oneida,Westmoreland 3,Comptroller,,DEM,Drew Warshaw,1
Oneida,Westmoreland 3,Comptroller,,DEM,Raj Goyle,1
Oneida,Westmoreland 3,Comptroller,,DEM,Thomas P. DiNapoli,6
Oneida,Westmoreland 4,Ballots Cast,,,,14
Oneida,Westmoreland 4,Comptroller,,DEM,Drew Warshaw,3
Oneida,Westmoreland 4,Comptroller,,DEM,Raj Goyle,1
Oneida,Westmoreland 4,Comptroller,,DEM,Thomas P. DiNapoli,10
Oneida,Whitestown 1,Ballots Cast,,,,42
Oneida,Whitestown 1,Comptroller,,DEM,Drew Warshaw,1
Oneida,Whitestown 1,Comptroller,,DEM,Raj Goyle,4
Oneida,Whitestown 1,Comptroller,,DEM,Thomas P. DiNapoli,7
Oneida,Whitestown 1,Comptroller,,,Under Votes,4
Oneida,Whitestown 1,Member of the Oneida County Republican Committee for Whitestown 1,,REP,Frederick L. Nichols,3
Oneida,Whitestown 1,Member of the Oneida County Republican Committee for Whitestown 1,,REP,Jennifer L. Cole,6
Oneida,Whitestown 1,Member of the Oneida County Republican Committee for Whitestown 1,,REP,Joseph A. Cirasuolo,8
Oneida,Whitestown 1,Member of the Oneida County Republican Committee for Whitestown 1,,REP,Michael P. Polkhovsky,2
Oneida,Whitestown 1,Member of the Oneida County Republican Committee for Whitestown 1,,,Suppressed,13
Oneida,Whitestown 1,Member of the Oneida County Republican Committee for Whitestown 1,,,Under Votes,7
Oneida,Whitestown 1,State Assembly,119,DEM,Jonathan E. Lipe,8
Oneida,Whitestown 1,State Assembly,119,DEM,Joseph M. Betar,8
Oneida,Whitestown 1,State Assembly,119,REP,Daniel Fusco,3
Oneida,Whitestown 1,State Assembly,119,REP,Michael C. Gentile,10
Oneida,Whitestown 2,Ballots Cast,,,,23
Oneida,Whitestown 2,Comptroller,,DEM,Drew Warshaw,2
Oneida,Whitestown 2,Comptroller,,DEM,Thomas P. DiNapoli,7
Oneida,Whitestown 2,Comptroller,,,Under Votes,2
Oneida,Whitestown 2,State Assembly,119,DEM,Jonathan E. Lipe,7
Oneida,Whitestown 2,State Assembly,119,DEM,Joseph M. Betar,4
Oneida,Whitestown 2,State Assembly,119,REP,Daniel Fusco,7
Oneida,Whitestown 2,State Assembly,119,REP,Michael C. Gentile,5
Oneida,Whitestown 3,Ballots Cast,,,,54
Oneida,Whitestown 3,Comptroller,,DEM,Drew Warshaw,3
Oneida,Whitestown 3,Comptroller,,DEM,Raj Goyle,2
Oneida,Whitestown 3,Comptroller,,DEM,Thomas P. DiNapoli,17
Oneida,Whitestown 3,State Assembly,119,DEM,Jonathan E. Lipe,11
Oneida,Whitestown 3,State Assembly,119,DEM,Joseph M. Betar,10
Oneida,Whitestown 3,State Assembly,119,REP,Daniel Fusco,16
Oneida,Whitestown 3,State Assembly,119,REP,Michael C. Gentile,16
Oneida,Whitestown 3,State Assembly,119,,Under Votes,1
Oneida,Whitestown 4,Ballots Cast,,,,32
Oneida,Whitestown 4,Comptroller,,DEM,Drew Warshaw,1
Oneida,Whitestown 4,Comptroller,,DEM,Raj Goyle,1
Oneida,Whitestown 4,Comptroller,,DEM,Thomas P. DiNapoli,10
Oneida,Whitestown 4,Comptroller,,,Under Votes,2
Oneida,Whitestown 4,State Assembly,119,DEM,Jonathan E. Lipe,7
Oneida,Whitestown 4,State Assembly,119,DEM,Joseph M. Betar,7
Oneida,Whitestown 4,State Assembly,119,REP,Daniel Fusco,5
Oneida,Whitestown 4,State Assembly,119,REP,Michael C. Gentile,13
Oneida,Whitestown 5,Ballots Cast,,,,43
Oneida,Whitestown 5,Comptroller,,DEM,Drew Warshaw,5
Oneida,Whitestown 5,Comptroller,,DEM,Raj Goyle,2
Oneida,Whitestown 5,Comptroller,,DEM,Thomas P. DiNapoli,18
Oneida,Whitestown 5,Comptroller,,,Under Votes,1
Oneida,Whitestown 5,State Assembly,119,DEM,Jonathan E. Lipe,18
Oneida,Whitestown 5,State Assembly,119,DEM,Joseph M. Betar,8
Oneida,Whitestown 5,State Assembly,119,REP,Daniel Fusco,7
Oneida,Whitestown 5,State Assembly,119,REP,Michael C. Gentile,10
Oneida,Whitestown 6,Ballots Cast,,,,100
Oneida,Whitestown 6,Comptroller,,DEM,Drew Warshaw,3
Oneida,Whitestown 6,Comptroller,,DEM,Raj Goyle,4
Oneida,Whitestown 6,Comptroller,,DEM,Thomas P. DiNapoli,24
Oneida,Whitestown 6,Comptroller,,,Under Votes,1
Oneida,Whitestown 6,Member of the Oneida County Republican Committee for Whitestown 6,,REP,Angela M. Paravati,6
Oneida,Whitestown 6,Member of the Oneida County Republican Committee for Whitestown 6,,REP,Gary D. Cuda,13
Oneida,Whitestown 6,Member of the Oneida County Republican Committee for Whitestown 6,,REP,Judy Rowlands,1
Oneida,Whitestown 6,Member of the Oneida County Republican Committee for Whitestown 6,,REP,Lori A. Deluca,10
Oneida,Whitestown 6,Member of the Oneida County Republican Committee for Whitestown 6,,REP,Richard Butler,1
Oneida,Whitestown 6,Member of the Oneida County Republican Committee for Whitestown 6,,REP,Shaun Kaleta,19
Oneida,Whitestown 6,Member of the Oneida County Republican Committee for Whitestown 6,,,Suppressed,34
Oneida,Whitestown 6,Member of the Oneida County Republican Committee for Whitestown 6,,,Under Votes,18
Oneida,Whitestown 6,State Assembly,119,DEM,Jonathan E. Lipe,20
Oneida,Whitestown 6,State Assembly,119,DEM,Joseph M. Betar,12
Oneida,Whitestown 6,State Assembly,119,REP,Daniel Fusco,12
Oneida,Whitestown 6,State Assembly,119,REP,Michael C. Gentile,20
Oneida,Whitestown 6,State Assembly,119,,Under Votes,2
Oneida,Whitestown 7,Ballots Cast,,,,89
Oneida,Whitestown 7,Comptroller,,DEM,Drew Warshaw,3
Oneida,Whitestown 7,Comptroller,,DEM,Raj Goyle,1
Oneida,Whitestown 7,Comptroller,,DEM,Thomas P. DiNapoli,11
Oneida,Whitestown 7,Comptroller,,,Under Votes,2
Oneida,Whitestown 7,Member of the Oneida County Republican Committee for Whitestown 7,,REP,Christopher Burtch,26
Oneida,Whitestown 7,Member of the Oneida County Republican Committee for Whitestown 7,,REP,Paul Rieben,27
Oneida,Whitestown 7,Member of the Oneida County Republican Committee for Whitestown 7,,REP,Sharon Robinson,9
Oneida,Whitestown 7,Member of the Oneida County Republican Committee for Whitestown 7,,,Suppressed,36
Oneida,Whitestown 7,Member of the Oneida County Republican Committee for Whitestown 7,,,Under Votes,10
Oneida,Whitestown 7,State Assembly,119,DEM,Jonathan E. Lipe,8
Oneida,Whitestown 7,State Assembly,119,DEM,Joseph M. Betar,9
Oneida,Whitestown 7,State Assembly,119,REP,Daniel Fusco,13
Oneida,Whitestown 7,State Assembly,119,REP,Michael C. Gentile,22
Oneida,Whitestown 7,State Assembly,119,,Under Votes,1
Oneida,Whitestown 8,Ballots Cast,,,,62
Oneida,Whitestown 8,Comptroller,,DEM,Raj Goyle,2
Oneida,Whitestown 8,Comptroller,,DEM,Thomas P. DiNapoli,20
Oneida,Whitestown 8,State Assembly,119,DEM,Jonathan E. Lipe,17
Oneida,Whitestown 8,State Assembly,119,DEM,Joseph M. Betar,5
Oneida,Whitestown 8,State Assembly,119,REP,Daniel Fusco,20
Oneida,Whitestown 8,State Assembly,119,REP,Michael C. Gentile,20
Oneida,Whitestown 9,Ballots Cast,,,,76
Oneida,Whitestown 9,Comptroller,,DEM,Drew Warshaw,4
Oneida,Whitestown 9,Comptroller,,DEM,Raj Goyle,3
Oneida,Whitestown 9,Comptroller,,DEM,Thomas P. DiNapoli,17
Oneida,Whitestown 9,Comptroller,,,Under Votes,3
Oneida,Whitestown 9,State Assembly,119,DEM,Jonathan E. Lipe,20
Oneida,Whitestown 9,State Assembly,119,DEM,Joseph M. Betar,7
Oneida,Whitestown 9,State Assembly,119,REP,Daniel Fusco,21
Oneida,Whitestown 9,State Assembly,119,REP,Michael C. Gentile,25
Oneida,Whitestown 9,State Assembly,119,,Under Votes,3
Oneida,Whitestown 10,Ballots Cast,,,,54
Oneida,Whitestown 10,Comptroller,,DEM,Drew Warshaw,6
Oneida,Whitestown 10,Comptroller,,DEM,Raj Goyle,2
Oneida,Whitestown 10,Comptroller,,DEM,Thomas P. DiNapoli,9
Oneida,Whitestown 10,Comptroller,,,Under Votes,1
Oneida,Whitestown 10,Member of the Oneida County Republican Committee for Whitestown 10,,REP,Adam Palmer,10
Oneida,Whitestown 10,Member of the Oneida County Republican Committee for Whitestown 10,,REP,Elaine Genovese,7
Oneida,Whitestown 10,Member of the Oneida County Republican Committee for Whitestown 10,,REP,Jayne Synkowski,4
Oneida,Whitestown 10,Member of the Oneida County Republican Committee for Whitestown 10,,REP,Judith Synkowski,10
Oneida,Whitestown 10,Member of the Oneida County Republican Committee for Whitestown 10,,,Suppressed,18
Oneida,Whitestown 10,Member of the Oneida County Republican Committee for Whitestown 10,,,Under Votes,5
Oneida,Whitestown 10,State Assembly,119,DEM,Jonathan E. Lipe,9
Oneida,Whitestown 10,State Assembly,119,DEM,Joseph M. Betar,5
Oneida,Whitestown 10,State Assembly,119,REP,Daniel Fusco,6
Oneida,Whitestown 10,State Assembly,119,REP,Michael C. Gentile,10
Oneida,Whitestown 10,State Assembly,119,,Over Votes,1
Oneida,Whitestown 10,State Assembly,119,,Under Votes,4
Oneida,Whitestown 10,State Assembly,119,,Under Votes,1
Oneida,Whitestown 11,Ballots Cast,,,,69
Oneida,Whitestown 11,Comptroller,,DEM,Thomas P. DiNapoli,11
Oneida,Whitestown 11,Member of the Oneida County Republican Committee for Whitestown 11,,REP,Jacob Zegarelli,15
Oneida,Whitestown 11,Member of the Oneida County Republican Committee for Whitestown 11,,REP,Joanne Zegarelli,14
Oneida,Whitestown 11,Member of the Oneida County Republican Committee for Whitestown 11,,REP,Richard Olney,8
Oneida,Whitestown 11,Member of the Oneida County Republican Committee for Whitestown 11,,,Suppressed,29
Oneida,Whitestown 11,Member of the Oneida County Republican Committee for Whitestown 11,,,Under Votes,21
Oneida,Whitestown 11,State Assembly,119,DEM,Jonathan E. Lipe,7
Oneida,Whitestown 11,State Assembly,119,DEM,Joseph M. Betar,3
Oneida,Whitestown 11,State Assembly,119,REP,Daniel Fusco,15
Oneida,Whitestown 11,State Assembly,119,REP,Michael C. Gentile,13
Oneida,Whitestown 11,State Assembly,119,,Under Votes,1
Oneida,Whitestown 11,State Assembly,119,,Under Votes,1
Oneida,Whitestown 12,Ballots Cast,,,,93
Oneida,Whitestown 12,Comptroller,,DEM,Drew Warshaw,5
Oneida,Whitestown 12,Comptroller,,DEM,Raj Goyle,1
Oneida,Whitestown 12,Comptroller,,DEM,Thomas P. DiNapoli,40
Oneida,Whitestown 12,Comptroller,,,Under Votes,3
Oneida,Whitestown 12,State Assembly,119,DEM,Jonathan E. Lipe,33
Oneida,Whitestown 12,State Assembly,119,DEM,Joseph M. Betar,14
Oneida,Whitestown 12,State Assembly,119,REP,Daniel Fusco,19
Oneida,Whitestown 12,State Assembly,119,REP,Michael C. Gentile,25
Oneida,Whitestown 12,State Assembly,119,,Under Votes,2
Oneida,Whitestown 13,Ballots Cast,,,,21
Oneida,Whitestown 13,Comptroller,,DEM,Drew Warshaw,4
Oneida,Whitestown 13,Comptroller,,DEM,Thomas P. DiNapoli,8
Oneida,Whitestown 13,State Assembly,119,DEM,Jonathan E. Lipe,9
Oneida,Whitestown 13,State Assembly,119,DEM,Joseph M. Betar,3
Oneida,Whitestown 13,State Assembly,119,REP,Daniel Fusco,8
Oneida,Whitestown 13,State Assembly,119,REP,Michael C. Gentile,1
Oneida,Whitestown 14,Ballots Cast,,,,203
Oneida,Whitestown 14,Comptroller,,DEM,Drew Warshaw,7
Oneida,Whitestown 14,Comptroller,,DEM,Raj Goyle,9
Oneida,Whitestown 14,Comptroller,,DEM,Thomas P. DiNapoli,33
Oneida,Whitestown 14,Comptroller,,,Under Votes,4
Oneida,Whitestown 14,Member of the Oneida County Republican Committee for Whitestown 14,,REP,David Glenn,38
Oneida,Whitestown 14,Member of the Oneida County Republican Committee for Whitestown 14,,REP,Denise Klein,21
Oneida,Whitestown 14,Member of the Oneida County Republican Committee for Whitestown 14,,REP,Judith Beer,29
Oneida,Whitestown 14,Member of the Oneida County Republican Committee for Whitestown 14,,REP,Kelly Merritt,39
Oneida,Whitestown 14,Member of the Oneida County Republican Committee for Whitestown 14,,REP,Veronica Barry,1
Oneida,Whitestown 14,Member of the Oneida County Republican Committee for Whitestown 14,,,Suppressed,75
Oneida,Whitestown 14,Member of the Oneida County Republican Committee for Whitestown 14,,,Under Votes,22
Oneida,Whitestown 14,State Assembly,119,DEM,Jonathan E. Lipe,37
Oneida,Whitestown 14,State Assembly,119,DEM,Joseph M. Betar,16
Oneida,Whitestown 14,State Assembly,119,REP,Daniel Fusco,29
Oneida,Whitestown 14,State Assembly,119,REP,Michael C. Gentile,45
Oneida,Whitestown 14,State Assembly,119,,Under Votes,1
Oneida,Whitestown 15,Ballots Cast,,,,130
Oneida,Whitestown 15,Comptroller,,DEM,Drew Warshaw,3
Oneida,Whitestown 15,Comptroller,,DEM,Raj Goyle,2
Oneida,Whitestown 15,Comptroller,,DEM,Thomas P. DiNapoli,45
Oneida,Whitestown 15,Comptroller,,,Under Votes,7
Oneida,Whitestown 15,State Assembly,119,DEM,Jonathan E. Lipe,42
Oneida,Whitestown 15,State Assembly,119,DEM,Joseph M. Betar,14
Oneida,Whitestown 15,State Assembly,119,REP,Daniel Fusco,41
Oneida,Whitestown 15,State Assembly,119,REP,Michael C. Gentile,31
Oneida,Whitestown 15,State Assembly,119,,Under Votes,1
Oneida,Whitestown 15,State Assembly,119,,Under Votes,1
Oneida,Whitestown 16,Ballots Cast,,,,325
Oneida,Whitestown 16,Comptroller,,DEM,Drew Warshaw,3
Oneida,Whitestown 16,Comptroller,,DEM,Raj Goyle,7
Oneida,Whitestown 16,Comptroller,,DEM,Thomas P. DiNapoli,50
Oneida,Whitestown 16,Comptroller,,,Under Votes,5
Oneida,Whitestown 16,Member of the Oneida County Republican Committee for Whitestown 16,,REP,Judith Rowlands,100
Oneida,Whitestown 16,Member of the Oneida County Republican Committee for Whitestown 16,,REP,Thomas Rowlands,103
Oneida,Whitestown 16,Member of the Oneida County Republican Committee for Whitestown 16,,REP,Veronica Barry,33
Oneida,Whitestown 16,Member of the Oneida County Republican Committee for Whitestown 16,,,Suppressed,130
Oneida,Whitestown 16,Member of the Oneida County Republican Committee for Whitestown 16,,,Under Votes,24
Oneida,Whitestown 16,State Assembly,119,DEM,Jonathan E. Lipe,44
Oneida,Whitestown 16,State Assembly,119,DEM,Joseph M. Betar,21
Oneida,Whitestown 16,State Assembly,119,REP,Daniel Fusco,74
Oneida,Whitestown 16,State Assembly,119,REP,Michael C. Gentile,54
Oneida,Whitestown 16,State Assembly,119,,Under Votes,2
