county,precinct,office,district,party,candidate,votes
Orange,Cornwall D001,Ballots Cast,,,,28
Orange,Cornwall D001,Comptroller,,DEM,Drew Warshaw,4
Orange,Cornwall D001,Comptroller,,DEM,Thomas P. DiNapoli,23
Orange,Cornwall D001,Comptroller,,DEM,Write-in,1
Orange,Cornwall D002,Ballots Cast,,,,24
Orange,Cornwall D002,Alternate Judicial Delegate,99,,Under Votes,2
Orange,Cornwall D002,Comptroller,,DEM,Drew Warshaw,3
Orange,Cornwall D002,Comptroller,,DEM,Raj Goyle,1
Orange,Cornwall D002,Comptroller,,DEM,Thomas P. DiNapoli,19
Orange,Cornwall D002,Judicial Delegate,99,,Under Votes,2
Orange,Cornwall D002,State Senate,42,CON,Jennifer R. Figueroa,1
Orange,Cornwall D003,Ballots Cast,,,,19
Orange,Cornwall D003,Comptroller,,DEM,Drew Warshaw,3
Orange,Cornwall D003,Comptroller,,DEM,Raj Goyle,2
Orange,Cornwall D003,Comptroller,,DEM,Thomas P. DiNapoli,14
Orange,Cornwall D004,Ballots Cast,,,,18
Orange,Cornwall D004,Alternate Judicial Delegate,99,CON,John C. Collins,1
Orange,Cornwall D004,Alternate Judicial Delegate,99,CON,Thomas D. Dunn,1
Orange,Cornwall D004,Comptroller,,DEM,Drew Warshaw,2
Orange,Cornwall D004,Comptroller,,DEM,Raj Goyle,1
Orange,Cornwall D004,Comptroller,,DEM,Thomas P. DiNapoli,14
Orange,Cornwall D004,Judicial Delegate,99,CON,Edward J. Keegan,1
Orange,Cornwall D004,Judicial Delegate,99,CON,Joshua Blumenthal,1
Orange,Cornwall D004,State Senate,42,CON,Jennifer R. Figueroa,1
Orange,Cornwall D005,Ballots Cast,,,,11
Orange,Cornwall D005,Comptroller,,DEM,Drew Warshaw,2
Orange,Cornwall D005,Comptroller,,DEM,Thomas P. DiNapoli,8
Orange,Cornwall D005,Comptroller,,,Over Votes,1
Orange,Cornwall D006,Ballots Cast,,,,12
Orange,Cornwall D006,Comptroller,,DEM,Drew Warshaw,2
Orange,Cornwall D006,Comptroller,,DEM,Raj Goyle,1
Orange,Cornwall D006,Comptroller,,DEM,Thomas P. DiNapoli,9
Orange,Cornwall D007,Ballots Cast,,,,6
Orange,Cornwall D007,Comptroller,,DEM,Raj Goyle,1
Orange,Cornwall D007,Comptroller,,DEM,Thomas P. DiNapoli,5
Orange,Cornwall D008,Ballots Cast,,,,6
Orange,Cornwall D008,Comptroller,,DEM,Thomas P. DiNapoli,6
Orange,Cornwall D009,Ballots Cast,,,,26
Orange,Cornwall D009,Comptroller,,DEM,Drew Warshaw,2
Orange,Cornwall D009,Comptroller,,DEM,Raj Goyle,4
Orange,Cornwall D009,Comptroller,,DEM,Thomas P. DiNapoli,18
Orange,Cornwall D009,Comptroller,,DEM,Write-in,2
Orange,Cornwall D010,Ballots Cast,,,,30
Orange,Cornwall D010,Alternate Judicial Delegate,99,CON,John C. Collins,1
Orange,Cornwall D010,Alternate Judicial Delegate,99,CON,Thomas D. Dunn,1
Orange,Cornwall D010,Comptroller,,DEM,Drew Warshaw,4
Orange,Cornwall D010,Comptroller,,DEM,Raj Goyle,5
Orange,Cornwall D010,Comptroller,,DEM,Thomas P. DiNapoli,20
Orange,Cornwall D010,Judicial Delegate,99,CON,Edward J. Keegan,1
Orange,Cornwall D010,Judicial Delegate,99,CON,Warren Martin,1
Orange,Cornwall D010,State Senate,42,CON,Jennifer R. Figueroa,1
Orange,Cornwall D011,Ballots Cast,,,,27
Orange,Cornwall D011,Comptroller,,DEM,Drew Warshaw,4
Orange,Cornwall D011,Comptroller,,DEM,Raj Goyle,5
Orange,Cornwall D011,Comptroller,,DEM,Thomas P. DiNapoli,18
Orange,Cornwall D012,Ballots Cast,,,,24
Orange,Cornwall D012,Alternate Judicial Delegate,99,CON,John C. Collins,2
Orange,Cornwall D012,Alternate Judicial Delegate,99,CON,Thomas D. Dunn,2
Orange,Cornwall D012,Comptroller,,DEM,Drew Warshaw,3
Orange,Cornwall D012,Comptroller,,DEM,Raj Goyle,3
Orange,Cornwall D012,Comptroller,,DEM,Thomas P. DiNapoli,16
Orange,Cornwall D012,Judicial Delegate,99,CON,Edward J. Keegan,2
Orange,Cornwall D012,Judicial Delegate,99,CON,Joshua Blumenthal,1
Orange,Cornwall D012,Judicial Delegate,99,CON,Warren Martin,1
Orange,Cornwall D012,State Senate,42,CON,Jennifer R. Figueroa,2
Orange,Cornwall D013,Ballots Cast,,,,15
Orange,Cornwall D013,Alternate Judicial Delegate,99,CON,John C. Collins,3
Orange,Cornwall D013,Alternate Judicial Delegate,99,CON,Thomas D. Dunn,3
Orange,Cornwall D013,Comptroller,,DEM,Drew Warshaw,2
Orange,Cornwall D013,Comptroller,,DEM,Raj Goyle,2
Orange,Cornwall D013,Comptroller,,DEM,Thomas P. DiNapoli,8
Orange,Cornwall D013,Judicial Delegate,99,CON,Edward J. Keegan,2
Orange,Cornwall D013,Judicial Delegate,99,CON,Joshua Blumenthal,1
Orange,Cornwall D013,Judicial Delegate,99,CON,Warren Martin,3
Orange,Cornwall D013,State Senate,42,CON,Jennifer R. Figueroa,3
Orange,Cornwall D014,Ballots Cast,,,,19
Orange,Cornwall D014,Comptroller,,DEM,Drew Warshaw,5
Orange,Cornwall D014,Comptroller,,DEM,Raj Goyle,6
Orange,Cornwall D014,Comptroller,,DEM,Thomas P. DiNapoli,8
Orange,Highlands D001,Ballots Cast,,,,13
Orange,Highlands D001,Comptroller,,DEM,Drew Warshaw,3
Orange,Highlands D001,Comptroller,,DEM,Raj Goyle,2
Orange,Highlands D001,Comptroller,,DEM,Thomas P. DiNapoli,8
Orange,Highlands D002,Ballots Cast,,,,13
Orange,Highlands D002,Comptroller,,DEM,Drew Warshaw,3
Orange,Highlands D002,Comptroller,,DEM,Raj Goyle,2
Orange,Highlands D002,Comptroller,,DEM,Thomas P. DiNapoli,8
Orange,Highlands D003,Ballots Cast,,,,7
Orange,Highlands D003,Comptroller,,DEM,Drew Warshaw,1
Orange,Highlands D003,Comptroller,,DEM,Thomas P. DiNapoli,6
Orange,Highlands D004,Ballots Cast,,,,16
Orange,Highlands D004,Alternate Judicial Delegate,99,,Under Votes,2
Orange,Highlands D004,Comptroller,,DEM,Drew Warshaw,5
Orange,Highlands D004,Comptroller,,DEM,Raj Goyle,1
Orange,Highlands D004,Comptroller,,DEM,Thomas P. DiNapoli,9
Orange,Highlands D004,Judicial Delegate,99,,Under Votes,2
Orange,Highlands D004,State Senate,42,CON,Jennifer R. Figueroa,1
Orange,Highlands D005,Ballots Cast,,,,20
Orange,Highlands D005,Comptroller,,DEM,Drew Warshaw,5
Orange,Highlands D005,Comptroller,,DEM,Raj Goyle,2
Orange,Highlands D005,Comptroller,,DEM,Thomas P. DiNapoli,13
Orange,Highlands D006,Ballots Cast,,,,26
Orange,Highlands D006,Comptroller,,DEM,Drew Warshaw,4
Orange,Highlands D006,Comptroller,,DEM,Raj Goyle,6
Orange,Highlands D006,Comptroller,,DEM,Thomas P. DiNapoli,16
Orange,Highlands D007,Ballots Cast,,,,2
Orange,Highlands D007,Alternate Judicial Delegate,99,CON,Thomas D. Dunn,1
Orange,Highlands D007,Alternate Judicial Delegate,99,,Under Votes,1
Orange,Highlands D007,Comptroller,,DEM,Drew Warshaw,1
Orange,Highlands D007,Judicial Delegate,99,CON,Edward J. Keegan,1
Orange,Highlands D007,Judicial Delegate,99,,Under Votes,1
Orange,Highlands D007,State Senate,42,CON,Jennifer R. Figueroa,1
Orange,Monroe D001,Ballots Cast,,,,6
Orange,Monroe D001,Alternate Judicial Delegate,99,,Under Votes,2
Orange,Monroe D001,Comptroller,,DEM,Thomas P. DiNapoli,5
Orange,Monroe D001,Judicial Delegate,99,,Under Votes,2
Orange,Monroe D001,State Senate,42,CON,Jennifer R. Figueroa,1
Orange,Monroe D002,Ballots Cast,,,,16
Orange,Monroe D002,Comptroller,,DEM,Drew Warshaw,3
Orange,Monroe D002,Comptroller,,DEM,Raj Goyle,3
Orange,Monroe D002,Comptroller,,DEM,Thomas P. DiNapoli,10
Orange,Monroe D003,Ballots Cast,,,,18
Orange,Monroe D003,Alternate Judicial Delegate,99,CON,John C. Collins,1
Orange,Monroe D003,Alternate Judicial Delegate,99,CON,Thomas D. Dunn,1
Orange,Monroe D003,Alternate Judicial Delegate,99,,Over Votes,2
Orange,Monroe D003,Comptroller,,DEM,Drew Warshaw,2
Orange,Monroe D003,Comptroller,,DEM,Raj Goyle,4
Orange,Monroe D003,Comptroller,,DEM,Thomas P. DiNapoli,10
Orange,Monroe D003,Judicial Delegate,99,CON,Edward J. Keegan,1
Orange,Monroe D003,Judicial Delegate,99,CON,Warren Martin,1
Orange,Monroe D003,Judicial Delegate,99,,Over Votes,2
Orange,Monroe D003,State Senate,42,CON,Jennifer R. Figueroa,2
Orange,Monroe D004,Ballots Cast,,,,27
Orange,Monroe D004,Alternate Judicial Delegate,99,CON,John C. Collins,2
Orange,Monroe D004,Alternate Judicial Delegate,99,CON,Thomas D. Dunn,2
Orange,Monroe D004,Comptroller,,DEM,Drew Warshaw,8
Orange,Monroe D004,Comptroller,,DEM,Raj Goyle,2
Orange,Monroe D004,Comptroller,,DEM,Thomas P. DiNapoli,15
Orange,Monroe D004,Judicial Delegate,99,CON,Edward J. Keegan,2
Orange,Monroe D004,Judicial Delegate,99,CON,Warren Martin,2
Orange,Monroe D004,State Senate,42,CON,Jennifer R. Figueroa,2
Orange,Monroe D005,Ballots Cast,,,,22
Orange,Monroe D005,Alternate Judicial Delegate,99,CON,John C. Collins,2
Orange,Monroe D005,Alternate Judicial Delegate,99,CON,Thomas D. Dunn,2
Orange,Monroe D005,Comptroller,,DEM,Drew Warshaw,2
Orange,Monroe D005,Comptroller,,DEM,Raj Goyle,4
Orange,Monroe D005,Comptroller,,DEM,Thomas P. DiNapoli,14
Orange,Monroe D005,Judicial Delegate,99,CON,Edward J. Keegan,2
Orange,Monroe D005,Judicial Delegate,99,CON,Joshua Blumenthal,1
Orange,Monroe D005,Judicial Delegate,99,CON,Warren Martin,1
Orange,Monroe D005,State Senate,42,CON,Jennifer R. Figueroa,2
Orange,Monroe D006,Ballots Cast,,,,14
Orange,Monroe D006,Alternate Judicial Delegate,99,CON,John C. Collins,1
Orange,Monroe D006,Alternate Judicial Delegate,99,CON,Thomas D. Dunn,1
Orange,Monroe D006,Comptroller,,DEM,Drew Warshaw,2
Orange,Monroe D006,Comptroller,,DEM,Raj Goyle,1
Orange,Monroe D006,Comptroller,,DEM,Thomas P. DiNapoli,9
Orange,Monroe D006,Comptroller,,,Over Votes,1
Orange,Monroe D006,Judicial Delegate,99,CON,Edward J. Keegan,1
Orange,Monroe D006,Judicial Delegate,99,CON,Joshua Blumenthal,1
Orange,Monroe D006,State Senate,42,CON,Jennifer R. Figueroa,1
Orange,Monroe D007,Ballots Cast,,,,18
Orange,Monroe D007,Alternate Judicial Delegate,99,CON,John C. Collins,1
Orange,Monroe D007,Alternate Judicial Delegate,99,CON,Thomas D. Dunn,1
Orange,Monroe D007,Alternate Judicial Delegate,99,,Under Votes,2
Orange,Monroe D007,Comptroller,,DEM,Drew Warshaw,2
Orange,Monroe D007,Comptroller,,DEM,Thomas P. DiNapoli,14
Orange,Monroe D007,Judicial Delegate,99,CON,Joshua Blumenthal,1
Orange,Monroe D007,Judicial Delegate,99,CON,Warren Martin,1
Orange,Monroe D007,Judicial Delegate,99,,Under Votes,2
Orange,Monroe D007,State Senate,42,CON,Jennifer R. Figueroa,1
Orange,Monroe D007,State Senate,42,CON,Write-in,1
Orange,Monroe D009,Ballots Cast,,,,23
Orange,Monroe D009,Comptroller,,DEM,Drew Warshaw,2
Orange,Monroe D009,Comptroller,,DEM,Raj Goyle,5
Orange,Monroe D009,Comptroller,,DEM,Thomas P. DiNapoli,16
Orange,Monroe D011,Ballots Cast,,,,12
Orange,Monroe D011,Alternate Judicial Delegate,99,CON,John C. Collins,2
Orange,Monroe D011,Alternate Judicial Delegate,99,CON,Thomas D. Dunn,2
Orange,Monroe D011,Comptroller,,DEM,Drew Warshaw,1
Orange,Monroe D011,Comptroller,,DEM,Raj Goyle,1
Orange,Monroe D011,Comptroller,,DEM,Thomas P. DiNapoli,8
Orange,Monroe D011,Judicial Delegate,99,CON,Edward J. Keegan,2
Orange,Monroe D011,Judicial Delegate,99,CON,Warren Martin,2
Orange,Monroe D011,State Senate,42,CON,Jennifer R. Figueroa,2
Orange,Monroe D014,Ballots Cast,,,,12
Orange,Monroe D014,Comptroller,,DEM,Drew Warshaw,3
Orange,Monroe D014,Comptroller,,DEM,Thomas P. DiNapoli,9
Orange,Monroe D018,Ballots Cast,,,,6
Orange,Monroe D018,Comptroller,,DEM,Drew Warshaw,2
Orange,Monroe D018,Comptroller,,DEM,Thomas P. DiNapoli,4
Orange,New Windsor D001,Ballots Cast,,,,19
Orange,New Windsor D001,Comptroller,,DEM,Drew Warshaw,1
Orange,New Windsor D001,Comptroller,,DEM,Raj Goyle,3
Orange,New Windsor D001,Comptroller,,DEM,Thomas P. DiNapoli,15
Orange,New Windsor D002,Ballots Cast,,,,56
Orange,New Windsor D002,Alternate Judicial Delegate,99,CON,Yoel Rolnitzky,1
Orange,New Windsor D002,Alternate Judicial Delegate,99,,Under Votes,1
Orange,New Windsor D002,Comptroller,,DEM,Drew Warshaw,10
Orange,New Windsor D002,Comptroller,,DEM,Raj Goyle,6
Orange,New Windsor D002,Comptroller,,DEM,Thomas P. DiNapoli,39
Orange,New Windsor D002,Judicial Delegate,99,CON,Yidel Weis,1
Orange,New Windsor D002,Judicial Delegate,99,,Under Votes,1
Orange,New Windsor D002,State Senate,42,CON,Jennifer R. Figueroa,1
Orange,New Windsor D003,Ballots Cast,,,,22
Orange,New Windsor D003,Comptroller,,DEM,Drew Warshaw,5
Orange,New Windsor D003,Comptroller,,DEM,Raj Goyle,1
Orange,New Windsor D003,Comptroller,,DEM,Thomas P. DiNapoli,16
Orange,New Windsor D004,Ballots Cast,,,,24
Orange,New Windsor D004,Alternate Judicial Delegate,99,CON,John C. Collins,4
Orange,New Windsor D004,Alternate Judicial Delegate,99,CON,Thomas D. Dunn,3
Orange,New Windsor D004,Alternate Judicial Delegate,99,,Under Votes,1
Orange,New Windsor D004,Comptroller,,DEM,Drew Warshaw,5
Orange,New Windsor D004,Comptroller,,DEM,Raj Goyle,4
Orange,New Windsor D004,Comptroller,,DEM,Thomas P. DiNapoli,11
Orange,New Windsor D004,Judicial Delegate,99,CON,Edward J. Keegan,4
Orange,New Windsor D004,Judicial Delegate,99,CON,Warren Martin,4
Orange,New Windsor D004,State Senate,42,CON,Jennifer R. Figueroa,4
Orange,New Windsor D005,Ballots Cast,,,,18
Orange,New Windsor D005,Alternate Judicial Delegate,99,CON,Eli Taub,1
Orange,New Windsor D005,Alternate Judicial Delegate,99,CON,John C. Collins,4
Orange,New Windsor D005,Alternate Judicial Delegate,99,CON,Thomas D. Dunn,2
Orange,New Windsor D005,Alternate Judicial Delegate,99,,Under Votes,1
Orange,New Windsor D005,Comptroller,,DEM,Drew Warshaw,1
Orange,New Windsor D005,Comptroller,,DEM,Raj Goyle,1
Orange,New Windsor D005,Comptroller,,DEM,Thomas P. DiNapoli,11
Orange,New Windsor D005,Comptroller,,,Over Votes,1
Orange,New Windsor D005,Judicial Delegate,99,CON,Edward J. Keegan,4
Orange,New Windsor D005,Judicial Delegate,99,CON,Warren Martin,2
Orange,New Windsor D005,Judicial Delegate,99,CON,Yidel Weis,2
Orange,New Windsor D005,State Senate,42,CON,Jennifer R. Figueroa,4
Orange,New Windsor D006,Ballots Cast,,,,9
Orange,New Windsor D006,Comptroller,,DEM,Thomas P. DiNapoli,9
Orange,New Windsor D007,Ballots Cast,,,,20
Orange,New Windsor D007,Alternate Judicial Delegate,99,CON,John C. Collins,1
Orange,New Windsor D007,Alternate Judicial Delegate,99,CON,Thomas D. Dunn,1
Orange,New Windsor D007,Comptroller,,DEM,Drew Warshaw,2
Orange,New Windsor D007,Comptroller,,DEM,Raj Goyle,2
Orange,New Windsor D007,Comptroller,,DEM,Thomas P. DiNapoli,15
Orange,New Windsor D007,Judicial Delegate,99,CON,Edward J. Keegan,1
Orange,New Windsor D007,Judicial Delegate,99,CON,Joshua Blumenthal,1
Orange,New Windsor D007,State Senate,42,CON,Jennifer R. Figueroa,1
Orange,New Windsor D008,Ballots Cast,,,,12
Orange,New Windsor D008,Alternate Judicial Delegate,99,CON,John C. Collins,2
Orange,New Windsor D008,Alternate Judicial Delegate,99,CON,Thomas D. Dunn,2
Orange,New Windsor D008,Comptroller,,DEM,Raj Goyle,1
Orange,New Windsor D008,Comptroller,,DEM,Thomas P. DiNapoli,9
Orange,New Windsor D008,Judicial Delegate,99,CON,Edward J. Keegan,2
Orange,New Windsor D008,Judicial Delegate,99,CON,Warren Martin,2
Orange,New Windsor D008,State Senate,42,CON,Jennifer R. Figueroa,2
Orange,New Windsor D009,Ballots Cast,,,,17
Orange,New Windsor D009,Comptroller,,DEM,Raj Goyle,3
Orange,New Windsor D009,Comptroller,,DEM,Thomas P. DiNapoli,14
Orange,New Windsor D010,Ballots Cast,,,,30
Orange,New Windsor D010,Alternate Judicial Delegate,99,CON,John C. Collins,1
Orange,New Windsor D010,Alternate Judicial Delegate,99,CON,Thomas D. Dunn,1
Orange,New Windsor D010,Comptroller,,DEM,Drew Warshaw,3
Orange,New Windsor D010,Comptroller,,DEM,Raj Goyle,5
Orange,New Windsor D010,Comptroller,,DEM,Thomas P. DiNapoli,21
Orange,New Windsor D010,Judicial Delegate,99,CON,Edward J. Keegan,1
Orange,New Windsor D010,Judicial Delegate,99,,Under Votes,1
Orange,New Windsor D010,State Senate,42,,Under Votes,1
Orange,New Windsor D011,Ballots Cast,,,,20
Orange,New Windsor D011,Comptroller,,DEM,Drew Warshaw,1
Orange,New Windsor D011,Comptroller,,DEM,Raj Goyle,3
Orange,New Windsor D011,Comptroller,,DEM,Thomas P. DiNapoli,16
Orange,New Windsor D012,Ballots Cast,,,,35
Orange,New Windsor D012,Comptroller,,DEM,Drew Warshaw,3
Orange,New Windsor D012,Comptroller,,DEM,Raj Goyle,6
Orange,New Windsor D012,Comptroller,,DEM,Thomas P. DiNapoli,26
Orange,New Windsor D013,Ballots Cast,,,,42
Orange,New Windsor D013,Alternate Judicial Delegate,99,CON,John C. Collins,1
Orange,New Windsor D013,Alternate Judicial Delegate,99,,Under Votes,1
Orange,New Windsor D013,Comptroller,,DEM,Drew Warshaw,2
Orange,New Windsor D013,Comptroller,,DEM,Thomas P. DiNapoli,39
Orange,New Windsor D013,Judicial Delegate,99,CON,Edward J. Keegan,1
Orange,New Windsor D013,Judicial Delegate,99,,Under Votes,1
Orange,New Windsor D013,State Senate,42,CON,Jennifer R. Figueroa,1
Orange,New Windsor D014,Ballots Cast,,,,19
Orange,New Windsor D014,Alternate Judicial Delegate,99,CON,Eli Taub,1
Orange,New Windsor D014,Alternate Judicial Delegate,99,CON,Yoel Rolnitzky,1
Orange,New Windsor D014,Comptroller,,DEM,Drew Warshaw,3
Orange,New Windsor D014,Comptroller,,DEM,Raj Goyle,4
Orange,New Windsor D014,Comptroller,,DEM,Thomas P. DiNapoli,11
Orange,New Windsor D014,Judicial Delegate,99,CON,Joshua Blumenthal,1
Orange,New Windsor D014,Judicial Delegate,99,CON,Yidel Weis,1
Orange,New Windsor D014,State Senate,42,CON,Jennifer R. Figueroa,1
Orange,New Windsor D015,Ballots Cast,,,,20
Orange,New Windsor D015,Alternate Judicial Delegate,99,CON,John C. Collins,1
Orange,New Windsor D015,Alternate Judicial Delegate,99,CON,Thomas D. Dunn,1
Orange,New Windsor D015,Alternate Judicial Delegate,99,,Over Votes,2
Orange,New Windsor D015,Comptroller,,DEM,Drew Warshaw,3
Orange,New Windsor D015,Comptroller,,DEM,Raj Goyle,1
Orange,New Windsor D015,Comptroller,,DEM,Thomas P. DiNapoli,14
Orange,New Windsor D015,Judicial Delegate,99,,Over Votes,4
Orange,New Windsor D015,State Senate,42,CON,Jennifer R. Figueroa,2
Orange,New Windsor D016,Ballots Cast,,,,30
Orange,New Windsor D016,Comptroller,,DEM,Drew Warshaw,7
Orange,New Windsor D016,Comptroller,,DEM,Raj Goyle,2
Orange,New Windsor D016,Comptroller,,DEM,Thomas P. DiNapoli,21
Orange,New Windsor D017,Ballots Cast,,,,42
Orange,New Windsor D017,Comptroller,,DEM,Drew Warshaw,7
Orange,New Windsor D017,Comptroller,,DEM,Raj Goyle,7
Orange,New Windsor D017,Comptroller,,DEM,Thomas P. DiNapoli,28
Orange,New Windsor D018,Ballots Cast,,,,23
Orange,New Windsor D018,Alternate Judicial Delegate,99,CON,John C. Collins,1
Orange,New Windsor D018,Alternate Judicial Delegate,99,CON,Thomas D. Dunn,2
Orange,New Windsor D018,Alternate Judicial Delegate,99,,Under Votes,1
Orange,New Windsor D018,Comptroller,,DEM,Drew Warshaw,2
Orange,New Windsor D018,Comptroller,,DEM,Raj Goyle,3
Orange,New Windsor D018,Comptroller,,DEM,Thomas P. DiNapoli,16
Orange,New Windsor D018,Judicial Delegate,99,CON,Edward J. Keegan,1
Orange,New Windsor D018,Judicial Delegate,99,CON,Joshua Blumenthal,1
Orange,New Windsor D018,Judicial Delegate,99,CON,Warren Martin,1
Orange,New Windsor D018,Judicial Delegate,99,,Under Votes,1
Orange,New Windsor D018,State Senate,42,CON,Jennifer R. Figueroa,2
Orange,New Windsor D019,Ballots Cast,,,,18
Orange,New Windsor D019,Comptroller,,DEM,Drew Warshaw,4
Orange,New Windsor D019,Comptroller,,DEM,Raj Goyle,2
Orange,New Windsor D019,Comptroller,,DEM,Thomas P. DiNapoli,12
Orange,New Windsor D020,Ballots Cast,,,,10
Orange,New Windsor D020,Comptroller,,DEM,Raj Goyle,3
Orange,New Windsor D020,Comptroller,,DEM,Thomas P. DiNapoli,7
Orange,New Windsor D021,Ballots Cast,,,,15
Orange,New Windsor D021,Comptroller,,DEM,Drew Warshaw,2
Orange,New Windsor D021,Comptroller,,DEM,Raj Goyle,2
Orange,New Windsor D021,Comptroller,,DEM,Thomas P. DiNapoli,11
Orange,New Windsor D022,Ballots Cast,,,,4
Orange,New Windsor D022,Alternate Judicial Delegate,99,CON,Thomas D. Dunn,1
Orange,New Windsor D022,Alternate Judicial Delegate,99,,Under Votes,1
Orange,New Windsor D022,Comptroller,,DEM,Thomas P. DiNapoli,3
Orange,New Windsor D022,Judicial Delegate,99,CON,Edward J. Keegan,1
Orange,New Windsor D022,Judicial Delegate,99,,Under Votes,1
Orange,New Windsor D022,State Senate,42,CON,Jennifer R. Figueroa,1
Orange,New Windsor D023,Ballots Cast,,,,37
Orange,New Windsor D023,Alternate Judicial Delegate,99,CON,John C. Collins,2
Orange,New Windsor D023,Alternate Judicial Delegate,99,CON,Thomas D. Dunn,2
Orange,New Windsor D023,Comptroller,,DEM,Raj Goyle,4
Orange,New Windsor D023,Comptroller,,DEM,Thomas P. DiNapoli,30
Orange,New Windsor D023,Comptroller,,,Over Votes,1
Orange,New Windsor D023,Judicial Delegate,99,CON,Edward J. Keegan,2
Orange,New Windsor D023,Judicial Delegate,99,CON,Warren Martin,2
Orange,New Windsor D023,State Senate,42,CON,Jennifer R. Figueroa,2
Orange,Palm Tree D001,Ballots Cast,,,,54
Orange,Palm Tree D001,Alternate Judicial Delegate,99,CON,Eli Taub,48
Orange,Palm Tree D001,Alternate Judicial Delegate,99,CON,Yoel Rolnitzky,48
Orange,Palm Tree D001,Comptroller,,DEM,Thomas P. DiNapoli,5
Orange,Palm Tree D001,Comptroller,,DEM,Write-in,1
Orange,Palm Tree D001,Judicial Delegate,99,CON,Joshua Blumenthal,48
Orange,Palm Tree D001,Judicial Delegate,99,CON,Yidel Weis,48
Orange,Palm Tree D001,State Senate,42,CON,Jennifer R. Figueroa,1
Orange,Palm Tree D001,State Senate,42,CON,Joshua Blumenthal,46
Orange,Palm Tree D001,State Senate,42,,Over Votes,1
Orange,Palm Tree D002,Ballots Cast,,,,24
Orange,Palm Tree D002,Alternate Judicial Delegate,99,CON,Eli Taub,20
Orange,Palm Tree D002,Alternate Judicial Delegate,99,CON,Yoel Rolnitzky,20
Orange,Palm Tree D002,Alternate Judicial Delegate,99,,Under Votes,2
Orange,Palm Tree D002,Comptroller,,DEM,Thomas P. DiNapoli,2
Orange,Palm Tree D002,Comptroller,,DEM,Write-in,1
Orange,Palm Tree D002,Judicial Delegate,99,CON,Joshua Blumenthal,20
Orange,Palm Tree D002,Judicial Delegate,99,CON,Yidel Weis,20
Orange,Palm Tree D002,Judicial Delegate,99,,Under Votes,2
Orange,Palm Tree D002,State Senate,42,CON,Jennifer R. Figueroa,1
Orange,Palm Tree D002,State Senate,42,CON,Joshua Blumenthal,20
Orange,Palm Tree D003,Ballots Cast,,,,19
Orange,Palm Tree D003,Alternate Judicial Delegate,99,CON,Eli Taub,18
Orange,Palm Tree D003,Alternate Judicial Delegate,99,CON,Yoel Rolnitzky,18
Orange,Palm Tree D003,Alternate Judicial Delegate,99,,Under Votes,2
Orange,Palm Tree D003,Judicial Delegate,99,CON,Joshua Blumenthal,18
Orange,Palm Tree D003,Judicial Delegate,99,CON,Yidel Weis,17
Orange,Palm Tree D003,Judicial Delegate,99,,Under Votes,3
Orange,Palm Tree D003,State Senate,42,CON,Jennifer R. Figueroa,1
Orange,Palm Tree D003,State Senate,42,CON,Joshua Blumenthal,16
Orange,Palm Tree D003,State Senate,42,CON,Write-in,1
Orange,Palm Tree D003,State Senate,42,,Under Votes,1
Orange,Palm Tree D004,Ballots Cast,,,,15
Orange,Palm Tree D004,Alternate Judicial Delegate,99,CON,Eli Taub,13
Orange,Palm Tree D004,Alternate Judicial Delegate,99,CON,John C. Collins,1
Orange,Palm Tree D004,Alternate Judicial Delegate,99,CON,Thomas D. Dunn,1
Orange,Palm Tree D004,Alternate Judicial Delegate,99,CON,Yoel Rolnitzky,13
Orange,Palm Tree D004,Comptroller,,DEM,Thomas P. DiNapoli,1
Orange,Palm Tree D004,Judicial Delegate,99,CON,Edward J. Keegan,1
Orange,Palm Tree D004,Judicial Delegate,99,CON,Joshua Blumenthal,13
Orange,Palm Tree D004,Judicial Delegate,99,CON,Warren Martin,1
Orange,Palm Tree D004,Judicial Delegate,99,CON,Yidel Weis,13
Orange,Palm Tree D004,State Senate,42,CON,Jennifer R. Figueroa,1
Orange,Palm Tree D004,State Senate,42,CON,Joshua Blumenthal,13
Orange,Palm Tree D005,Ballots Cast,,,,33
Orange,Palm Tree D005,Alternate Judicial Delegate,99,CON,Eli Taub,23
Orange,Palm Tree D005,Alternate Judicial Delegate,99,CON,Yoel Rolnitzky,23
Orange,Palm Tree D005,Alternate Judicial Delegate,99,,Under Votes,6
Orange,Palm Tree D005,Comptroller,,DEM,Thomas P. DiNapoli,5
Orange,Palm Tree D005,Comptroller,,DEM,Write-in,2
Orange,Palm Tree D005,Judicial Delegate,99,CON,Joshua Blumenthal,24
Orange,Palm Tree D005,Judicial Delegate,99,CON,Yidel Weis,24
Orange,Palm Tree D005,Judicial Delegate,99,,Under Votes,4
Orange,Palm Tree D005,State Senate,42,CON,Joshua Blumenthal,25
Orange,Palm Tree D005,State Senate,42,,Under Votes,1
Orange,Palm Tree D006,Ballots Cast,,,,45
Orange,Palm Tree D006,Alternate Judicial Delegate,99,CON,Eli Taub,38
Orange,Palm Tree D006,Alternate Judicial Delegate,99,CON,Yoel Rolnitzky,38
Orange,Palm Tree D006,Alternate Judicial Delegate,99,,Over Votes,2
Orange,Palm Tree D006,Comptroller,,DEM,Thomas P. DiNapoli,2
Orange,Palm Tree D006,Comptroller,,DEM,Write-in,4
Orange,Palm Tree D006,Judicial Delegate,99,CON,Joshua Blumenthal,39
Orange,Palm Tree D006,Judicial Delegate,99,CON,Yidel Weis,39
Orange,Palm Tree D006,State Senate,42,CON,Joshua Blumenthal,39
Orange,Palm Tree D007,Ballots Cast,,,,69
Orange,Palm Tree D007,Alternate Judicial Delegate,99,CON,Eli Taub,66
Orange,Palm Tree D007,Alternate Judicial Delegate,99,CON,Yoel Rolnitzky,65
Orange,Palm Tree D007,Alternate Judicial Delegate,99,,Under Votes,5
Orange,Palm Tree D007,Comptroller,,DEM,Write-in,1
Orange,Palm Tree D007,Judicial Delegate,99,CON,Joshua Blumenthal,65
Orange,Palm Tree D007,Judicial Delegate,99,CON,Write-in,2
Orange,Palm Tree D007,Judicial Delegate,99,CON,Yidel Weis,64
Orange,Palm Tree D007,Judicial Delegate,99,,Under Votes,5
Orange,Palm Tree D007,State Senate,42,CON,Jennifer R. Figueroa,1
Orange,Palm Tree D007,State Senate,42,CON,Joshua Blumenthal,67
Orange,Palm Tree D008,Ballots Cast,,,,22
Orange,Palm Tree D008,Alternate Judicial Delegate,99,CON,Eli Taub,21
Orange,Palm Tree D008,Alternate Judicial Delegate,99,CON,Yoel Rolnitzky,21
Orange,Palm Tree D008,Comptroller,,DEM,Thomas P. DiNapoli,1
Orange,Palm Tree D008,Judicial Delegate,99,CON,Joshua Blumenthal,21
Orange,Palm Tree D008,Judicial Delegate,99,CON,Yidel Weis,21
Orange,Palm Tree D008,State Senate,42,CON,Joshua Blumenthal,21
Orange,Palm Tree D009,Ballots Cast,,,,25
Orange,Palm Tree D009,Alternate Judicial Delegate,99,CON,Eli Taub,23
Orange,Palm Tree D009,Alternate Judicial Delegate,99,CON,Yoel Rolnitzky,23
Orange,Palm Tree D009,Comptroller,,DEM,Thomas P. DiNapoli,1
Orange,Palm Tree D009,Comptroller,,DEM,Write-in,1
Orange,Palm Tree D009,Judicial Delegate,99,CON,Joshua Blumenthal,22
Orange,Palm Tree D009,Judicial Delegate,99,CON,Write-in,1
Orange,Palm Tree D009,Judicial Delegate,99,CON,Yidel Weis,23
Orange,Palm Tree D009,State Senate,42,CON,Joshua Blumenthal,22
Orange,Palm Tree D009,State Senate,42,CON,Write-in,1
Orange,Palm Tree D010,Ballots Cast,,,,15
Orange,Palm Tree D010,Alternate Judicial Delegate,99,CON,Eli Taub,14
Orange,Palm Tree D010,Alternate Judicial Delegate,99,CON,Yoel Rolnitzky,14
Orange,Palm Tree D010,Alternate Judicial Delegate,99,,Under Votes,2
Orange,Palm Tree D010,Judicial Delegate,99,CON,Joshua Blumenthal,14
Orange,Palm Tree D010,Judicial Delegate,99,CON,Yidel Weis,14
Orange,Palm Tree D010,Judicial Delegate,99,,Under Votes,2
Orange,Palm Tree D010,State Senate,42,CON,Joshua Blumenthal,15
Orange,Palm Tree D011,Ballots Cast,,,,22
Orange,Palm Tree D011,Alternate Judicial Delegate,99,CON,Eli Taub,19
Orange,Palm Tree D011,Alternate Judicial Delegate,99,CON,Yoel Rolnitzky,19
Orange,Palm Tree D011,Comptroller,,DEM,Thomas P. DiNapoli,3
Orange,Palm Tree D011,Judicial Delegate,99,CON,Joshua Blumenthal,18
Orange,Palm Tree D011,Judicial Delegate,99,CON,Warren Martin,1
Orange,Palm Tree D011,Judicial Delegate,99,CON,Yidel Weis,19
Orange,Palm Tree D011,State Senate,42,CON,Joshua Blumenthal,18
Orange,Palm Tree D011,State Senate,42,,Under Votes,1
Orange,Palm Tree D012,Ballots Cast,,,,6
Orange,Palm Tree D012,Alternate Judicial Delegate,99,CON,Eli Taub,4
Orange,Palm Tree D012,Alternate Judicial Delegate,99,CON,Yoel Rolnitzky,4
Orange,Palm Tree D012,Comptroller,,DEM,Thomas P. DiNapoli,2
Orange,Palm Tree D012,Judicial Delegate,99,CON,Joshua Blumenthal,4
Orange,Palm Tree D012,Judicial Delegate,99,CON,Yidel Weis,4
Orange,Palm Tree D012,State Senate,42,CON,Joshua Blumenthal,4
Orange,Palm Tree D013,Ballots Cast,,,,42
Orange,Palm Tree D013,Alternate Judicial Delegate,99,CON,Eli Taub,35
Orange,Palm Tree D013,Alternate Judicial Delegate,99,CON,Yoel Rolnitzky,35
Orange,Palm Tree D013,Comptroller,,DEM,Thomas P. DiNapoli,6
Orange,Palm Tree D013,Comptroller,,DEM,Write-in,1
Orange,Palm Tree D013,Judicial Delegate,99,CON,Joshua Blumenthal,34
Orange,Palm Tree D013,Judicial Delegate,99,CON,Yidel Weis,34
Orange,Palm Tree D013,Judicial Delegate,99,,Over Votes,2
Orange,Palm Tree D013,State Senate,42,CON,Joshua Blumenthal,31
Orange,Palm Tree D013,State Senate,42,CON,Write-in,3
Orange,Palm Tree D013,State Senate,42,,Under Votes,1
Orange,Palm Tree D014,Ballots Cast,,,,41
Orange,Palm Tree D014,Alternate Judicial Delegate,99,CON,Eli Taub,36
Orange,Palm Tree D014,Alternate Judicial Delegate,99,CON,Yoel Rolnitzky,36
Orange,Palm Tree D014,Alternate Judicial Delegate,99,,Under Votes,4
Orange,Palm Tree D014,Comptroller,,DEM,Thomas P. DiNapoli,3
Orange,Palm Tree D014,Judicial Delegate,99,CON,Joshua Blumenthal,37
Orange,Palm Tree D014,Judicial Delegate,99,CON,Write-in,1
Orange,Palm Tree D014,Judicial Delegate,99,CON,Yidel Weis,37
Orange,Palm Tree D014,Judicial Delegate,99,,Under Votes,1
Orange,Palm Tree D014,State Senate,42,CON,Jennifer R. Figueroa,1
Orange,Palm Tree D014,State Senate,42,CON,Joshua Blumenthal,35
Orange,Palm Tree D014,State Senate,42,CON,Write-in,2
Orange,Palm Tree D015,Ballots Cast,,,,20
Orange,Palm Tree D015,Alternate Judicial Delegate,99,CON,Eli Taub,18
Orange,Palm Tree D015,Alternate Judicial Delegate,99,CON,Yoel Rolnitzky,18
Orange,Palm Tree D015,Comptroller,,DEM,Thomas P. DiNapoli,2
Orange,Palm Tree D015,Judicial Delegate,99,CON,Joshua Blumenthal,18
Orange,Palm Tree D015,Judicial Delegate,99,CON,Yidel Weis,18
Orange,Palm Tree D015,State Senate,42,CON,Joshua Blumenthal,16
Orange,Palm Tree D015,State Senate,42,CON,Write-in,1
Orange,Palm Tree D015,State Senate,42,,Under Votes,1
Orange,Palm Tree D016,Ballots Cast,,,,45
Orange,Palm Tree D016,Alternate Judicial Delegate,99,CON,Eli Taub,34
Orange,Palm Tree D016,Alternate Judicial Delegate,99,CON,Yoel Rolnitzky,34
Orange,Palm Tree D016,Comptroller,,DEM,Thomas P. DiNapoli,9
Orange,Palm Tree D016,Comptroller,,DEM,Write-in,1
Orange,Palm Tree D016,Comptroller,,,Over Votes,1
Orange,Palm Tree D016,Judicial Delegate,99,CON,Joshua Blumenthal,34
Orange,Palm Tree D016,Judicial Delegate,99,CON,Yidel Weis,34
Orange,Palm Tree D016,State Senate,42,CON,Joshua Blumenthal,34
Orange,Woodbury D001,Ballots Cast,,,,14
Orange,Woodbury D001,Comptroller,,DEM,Drew Warshaw,4
Orange,Woodbury D001,Comptroller,,DEM,Raj Goyle,3
Orange,Woodbury D001,Comptroller,,DEM,Thomas P. DiNapoli,7
Orange,Woodbury D002,Ballots Cast,,,,4
Orange,Woodbury D002,Comptroller,,DEM,Drew Warshaw,1
Orange,Woodbury D002,Comptroller,,DEM,Raj Goyle,2
Orange,Woodbury D002,Comptroller,,DEM,Thomas P. DiNapoli,1
Orange,Woodbury D003,Ballots Cast,,,,16
Orange,Woodbury D003,Comptroller,,DEM,Drew Warshaw,5
Orange,Woodbury D003,Comptroller,,DEM,Thomas P. DiNapoli,10
Orange,Woodbury D003,Comptroller,,,Over Votes,1
Orange,Woodbury D004,Ballots Cast,,,,10
Orange,Woodbury D004,Alternate Judicial Delegate,99,CON,John C. Collins,2
Orange,Woodbury D004,Alternate Judicial Delegate,99,CON,Thomas D. Dunn,2
Orange,Woodbury D004,Comptroller,,DEM,Drew Warshaw,4
Orange,Woodbury D004,Comptroller,,DEM,Raj Goyle,1
Orange,Woodbury D004,Comptroller,,DEM,Thomas P. DiNapoli,2
Orange,Woodbury D004,Comptroller,,DEM,Write-in,1
Orange,Woodbury D004,Judicial Delegate,99,CON,Edward J. Keegan,2
Orange,Woodbury D004,Judicial Delegate,99,CON,Warren Martin,2
Orange,Woodbury D004,State Senate,42,CON,Jennifer R. Figueroa,2
Orange,Woodbury D005,Ballots Cast,,,,19
Orange,Woodbury D005,Alternate Judicial Delegate,99,CON,John C. Collins,1
Orange,Woodbury D005,Alternate Judicial Delegate,99,CON,Thomas D. Dunn,1
Orange,Woodbury D005,Comptroller,,DEM,Drew Warshaw,3
Orange,Woodbury D005,Comptroller,,DEM,Raj Goyle,5
Orange,Woodbury D005,Comptroller,,DEM,Thomas P. DiNapoli,10
Orange,Woodbury D005,Judicial Delegate,99,CON,Edward J. Keegan,1
Orange,Woodbury D005,Judicial Delegate,99,CON,Warren Martin,1
Orange,Woodbury D005,State Senate,42,CON,Jennifer R. Figueroa,1
Orange,Woodbury D006,Ballots Cast,,,,7
Orange,Woodbury D006,Alternate Judicial Delegate,99,,Under Votes,2
Orange,Woodbury D006,Comptroller,,DEM,Raj Goyle,1
Orange,Woodbury D006,Comptroller,,DEM,Thomas P. DiNapoli,5
Orange,Woodbury D006,Judicial Delegate,99,CON,Joshua Blumenthal,1
Orange,Woodbury D006,Judicial Delegate,99,CON,Yidel Weis,1
Orange,Woodbury D006,State Senate,42,CON,Write-in,1
Orange,Woodbury D007,Ballots Cast,,,,26
Orange,Woodbury D007,Alternate Judicial Delegate,99,CON,Thomas D. Dunn,2
Orange,Woodbury D007,Alternate Judicial Delegate,99,,Under Votes,2
Orange,Woodbury D007,Comptroller,,DEM,Drew Warshaw,2
Orange,Woodbury D007,Comptroller,,DEM,Raj Goyle,1
Orange,Woodbury D007,Comptroller,,DEM,Thomas P. DiNapoli,21
Orange,Woodbury D007,Judicial Delegate,99,CON,Edward J. Keegan,2
Orange,Woodbury D007,Judicial Delegate,99,,Under Votes,2
Orange,Woodbury D007,State Senate,42,CON,Jennifer R. Figueroa,2
Orange,Woodbury D008,Ballots Cast,,,,9
Orange,Woodbury D008,Comptroller,,DEM,Drew Warshaw,1
Orange,Woodbury D008,Comptroller,,DEM,Raj Goyle,2
Orange,Woodbury D008,Comptroller,,DEM,Thomas P. DiNapoli,5
Orange,Woodbury D008,Comptroller,,,Under Votes,1
Orange,Woodbury D009,Ballots Cast,,,,9
Orange,Woodbury D009,Comptroller,,DEM,Raj Goyle,2
Orange,Woodbury D009,Comptroller,,DEM,Thomas P. DiNapoli,7
Orange,Woodbury D010,Ballots Cast,,,,24
Orange,Woodbury D010,Alternate Judicial Delegate,99,CON,John C. Collins,2
Orange,Woodbury D010,Alternate Judicial Delegate,99,CON,Thomas D. Dunn,2
Orange,Woodbury D010,Comptroller,,DEM,Drew Warshaw,1
Orange,Woodbury D010,Comptroller,,DEM,Raj Goyle,2
Orange,Woodbury D010,Comptroller,,DEM,Thomas P. DiNapoli,19
Orange,Woodbury D010,Judicial Delegate,99,CON,Edward J. Keegan,2
Orange,Woodbury D010,Judicial Delegate,99,CON,Warren Martin,2
Orange,Woodbury D010,State Senate,42,CON,Jennifer R. Figueroa,2
Orange,Woodbury D011,Ballots Cast,,,,16
Orange,Woodbury D011,Alternate Judicial Delegate,99,CON,John C. Collins,2
Orange,Woodbury D011,Alternate Judicial Delegate,99,CON,Thomas D. Dunn,2
Orange,Woodbury D011,Comptroller,,DEM,Drew Warshaw,3
Orange,Woodbury D011,Comptroller,,DEM,Raj Goyle,2
Orange,Woodbury D011,Comptroller,,DEM,Thomas P. DiNapoli,9
Orange,Woodbury D011,Judicial Delegate,99,CON,Edward J. Keegan,2
Orange,Woodbury D011,Judicial Delegate,99,CON,Warren Martin,2
Orange,Woodbury D011,State Senate,42,CON,Jennifer R. Figueroa,2
Orange,Woodbury D012,Ballots Cast,,,,2
Orange,Woodbury D012,Alternate Judicial Delegate,99,CON,John C. Collins,1
Orange,Woodbury D012,Alternate Judicial Delegate,99,CON,Thomas D. Dunn,1
Orange,Woodbury D012,Comptroller,,DEM,Thomas P. DiNapoli,1
Orange,Woodbury D012,Judicial Delegate,99,CON,Edward J. Keegan,1
Orange,Woodbury D012,Judicial Delegate,99,CON,Warren Martin,1
Orange,Woodbury D012,State Senate,42,CON,Jennifer R. Figueroa,1
Orange,Woodbury D013,Ballots Cast,,,,1
Orange,Woodbury D013,Comptroller,,DEM,Thomas P. DiNapoli,1
Orange,Chester W001 D001,Ballots Cast,,,,133
Orange,Chester W001 D001,Comptroller,,DEM,Drew Warshaw,7
Orange,Chester W001 D001,Comptroller,,DEM,Raj Goyle,3
Orange,Chester W001 D001,Comptroller,,DEM,Thomas P. DiNapoli,27
Orange,Chester W001 D001,Comptroller,,,Over Votes,1
Orange,Chester W001 D001,Council Member,Ward 1,REP,Robert G. Courtenay,37
Orange,Chester W001 D001,Council Member,Ward 1,REP,Robert W. Klein,56
Orange,Chester W001 D001,State Senate,42,CON,Jennifer R. Figueroa,2
Orange,Chester W001 D002,Ballots Cast,,,,91
Orange,Chester W001 D002,Comptroller,,DEM,Thomas P. DiNapoli,10
Orange,Chester W001 D002,Comptroller,,DEM,Write-in,1
Orange,Chester W001 D002,Council Member,Ward 1,REP,Robert G. Courtenay,31
Orange,Chester W001 D002,Council Member,Ward 1,REP,Robert W. Klein,41
Orange,Chester W001 D002,State Senate,42,CON,Jennifer R. Figueroa,7
Orange,Chester W001 D002,State Senate,42,CON,Write-in,1
Orange,Blooming Grove W001 D001,Ballots Cast,,,,17
Orange,Blooming Grove W001 D001,Comptroller,,DEM,Drew Warshaw,2
Orange,Blooming Grove W001 D001,Comptroller,,DEM,Raj Goyle,1
Orange,Blooming Grove W001 D001,Comptroller,,DEM,Thomas P. DiNapoli,12
Orange,Blooming Grove W001 D001,State Senate,42,CON,Jennifer R. Figueroa,2
Orange,Blooming Grove W001 D002,Ballots Cast,,,,10
Orange,Blooming Grove W001 D002,Comptroller,,DEM,Drew Warshaw,1
Orange,Blooming Grove W001 D002,Comptroller,,DEM,Raj Goyle,1
Orange,Blooming Grove W001 D002,Comptroller,,DEM,Thomas P. DiNapoli,8
Orange,Blooming Grove W001 D003,Ballots Cast,,,,16
Orange,Blooming Grove W001 D003,Comptroller,,DEM,Drew Warshaw,2
Orange,Blooming Grove W001 D003,Comptroller,,DEM,Raj Goyle,3
Orange,Blooming Grove W001 D003,Comptroller,,DEM,Thomas P. DiNapoli,9
Orange,Blooming Grove W001 D003,State Senate,42,CON,Jennifer R. Figueroa,2
Orange,Blooming Grove W002 D001,Ballots Cast,,,,22
Orange,Blooming Grove W002 D001,Comptroller,,DEM,Drew Warshaw,1
Orange,Blooming Grove W002 D001,Comptroller,,DEM,Thomas P. DiNapoli,21
Orange,Blooming Grove W002 D002,Ballots Cast,,,,16
Orange,Blooming Grove W002 D002,Comptroller,,DEM,Drew Warshaw,4
Orange,Blooming Grove W002 D002,Comptroller,,DEM,Raj Goyle,2
Orange,Blooming Grove W002 D002,Comptroller,,DEM,Thomas P. DiNapoli,10
Orange,Blooming Grove W002 D003,Ballots Cast,,,,9
Orange,Blooming Grove W002 D003,Comptroller,,DEM,Thomas P. DiNapoli,7
Orange,Blooming Grove W002 D003,State Senate,42,CON,Jennifer R. Figueroa,2
Orange,Blooming Grove W003 D001,Ballots Cast,,,,18
Orange,Blooming Grove W003 D001,Comptroller,,DEM,Drew Warshaw,4
Orange,Blooming Grove W003 D001,Comptroller,,DEM,Raj Goyle,1
Orange,Blooming Grove W003 D001,Comptroller,,DEM,Thomas P. DiNapoli,8
Orange,Blooming Grove W003 D001,State Senate,42,CON,Jennifer R. Figueroa,5
Orange,Blooming Grove W003 D002,Ballots Cast,,,,9
Orange,Blooming Grove W003 D002,Comptroller,,DEM,Drew Warshaw,1
Orange,Blooming Grove W003 D002,Comptroller,,DEM,Raj Goyle,1
Orange,Blooming Grove W003 D002,Comptroller,,DEM,Thomas P. DiNapoli,4
Orange,Blooming Grove W003 D002,State Senate,42,CON,Jennifer R. Figueroa,3
Orange,Blooming Grove W003 D003,Ballots Cast,,,,8
Orange,Blooming Grove W003 D003,Comptroller,,DEM,Drew Warshaw,1
Orange,Blooming Grove W003 D003,Comptroller,,DEM,Thomas P. DiNapoli,6
Orange,Blooming Grove W003 D003,State Senate,42,CON,Jennifer R. Figueroa,1
Orange,Blooming Grove W004 D001,Ballots Cast,,,,10
Orange,Blooming Grove W004 D001,Comptroller,,DEM,Drew Warshaw,1
Orange,Blooming Grove W004 D001,Comptroller,,DEM,Raj Goyle,1
Orange,Blooming Grove W004 D001,Comptroller,,DEM,Thomas P. DiNapoli,7
Orange,Blooming Grove W004 D001,State Senate,42,CON,Jennifer R. Figueroa,1
Orange,Blooming Grove W004 D002,Ballots Cast,,,,4
Orange,Blooming Grove W004 D002,Comptroller,,DEM,Thomas P. DiNapoli,4
Orange,Blooming Grove W005 D001,Ballots Cast,,,,10
Orange,Blooming Grove W005 D001,Comptroller,,DEM,Drew Warshaw,1
Orange,Blooming Grove W005 D001,Comptroller,,DEM,Raj Goyle,2
Orange,Blooming Grove W005 D001,Comptroller,,DEM,Thomas P. DiNapoli,7
Orange,Blooming Grove W005 D002,Ballots Cast,,,,13
Orange,Blooming Grove W005 D002,Comptroller,,DEM,Drew Warshaw,3
Orange,Blooming Grove W005 D002,Comptroller,,DEM,Raj Goyle,2
Orange,Blooming Grove W005 D002,Comptroller,,DEM,Thomas P. DiNapoli,6
Orange,Blooming Grove W005 D002,State Senate,42,CON,Jennifer R. Figueroa,2
Orange,Blooming Grove W005 D003,Ballots Cast,,,,8
Orange,Blooming Grove W005 D003,Comptroller,,DEM,Drew Warshaw,2
Orange,Blooming Grove W005 D003,Comptroller,,DEM,Thomas P. DiNapoli,6
Orange,Blooming Grove W005 D004,Ballots Cast,,,,1
Orange,Blooming Grove W005 D004,Comptroller,,DEM,Thomas P. DiNapoli,1
Orange,Blooming Grove W006 D001,Ballots Cast,,,,21
Orange,Blooming Grove W006 D001,Comptroller,,DEM,Drew Warshaw,1
Orange,Blooming Grove W006 D001,Comptroller,,DEM,Raj Goyle,4
Orange,Blooming Grove W006 D001,Comptroller,,DEM,Thomas P. DiNapoli,15
Orange,Blooming Grove W006 D001,State Senate,42,CON,Jennifer R. Figueroa,1
Orange,Blooming Grove W006 D002,Ballots Cast,,,,7
Orange,Blooming Grove W006 D002,Comptroller,,DEM,Drew Warshaw,1
Orange,Blooming Grove W006 D002,Comptroller,,DEM,Thomas P. DiNapoli,6
Orange,Blooming Grove W006 D003,Ballots Cast,,,,7
Orange,Blooming Grove W006 D003,Comptroller,,DEM,Drew Warshaw,1
Orange,Blooming Grove W006 D003,Comptroller,,DEM,Thomas P. DiNapoli,4
Orange,Blooming Grove W006 D003,State Senate,42,CON,Jennifer R. Figueroa,2
Orange,Chester W002 D001,Ballots Cast,,,,53
Orange,Chester W002 D001,Comptroller,,DEM,Drew Warshaw,5
Orange,Chester W002 D001,Comptroller,,DEM,Raj Goyle,5
Orange,Chester W002 D001,Comptroller,,DEM,Thomas P. DiNapoli,43
Orange,Chester W002 D002,Ballots Cast,,,,7
Orange,Chester W002 D002,Comptroller,,DEM,Thomas P. DiNapoli,4
Orange,Chester W002 D002,State Senate,42,CON,Jennifer R. Figueroa,3
Orange,Chester W002 D003,Ballots Cast,,,,3
Orange,Chester W002 D003,Comptroller,,DEM,Raj Goyle,1
Orange,Chester W002 D003,Comptroller,,DEM,Thomas P. DiNapoli,2
Orange,Chester W003 D001,Ballots Cast,,,,17
Orange,Chester W003 D001,Comptroller,,DEM,Drew Warshaw,3
Orange,Chester W003 D001,Comptroller,,DEM,Raj Goyle,1
Orange,Chester W003 D001,Comptroller,,DEM,Thomas P. DiNapoli,13
Orange,Chester W003 D002,Ballots Cast,,,,27
Orange,Chester W003 D002,Comptroller,,DEM,Drew Warshaw,3
Orange,Chester W003 D002,Comptroller,,DEM,Raj Goyle,3
Orange,Chester W003 D002,Comptroller,,DEM,Thomas P. DiNapoli,19
Orange,Chester W003 D002,State Senate,42,CON,Jennifer R. Figueroa,2
Orange,Chester W004 D001,Ballots Cast,,,,22
Orange,Chester W004 D001,Comptroller,,DEM,Drew Warshaw,1
Orange,Chester W004 D001,Comptroller,,DEM,Raj Goyle,1
Orange,Chester W004 D001,Comptroller,,DEM,Thomas P. DiNapoli,17
Orange,Chester W004 D001,State Senate,42,CON,Jennifer R. Figueroa,3
Orange,Chester W004 D002,Ballots Cast,,,,20
Orange,Chester W004 D002,Comptroller,,DEM,Drew Warshaw,1
Orange,Chester W004 D002,Comptroller,,DEM,Raj Goyle,4
Orange,Chester W004 D002,Comptroller,,DEM,Thomas P. DiNapoli,15
Orange,Crawford D001,Ballots Cast,,,,10
Orange,Crawford D001,Comptroller,,DEM,Drew Warshaw,2
Orange,Crawford D001,Comptroller,,DEM,Thomas P. DiNapoli,8
Orange,Crawford D002,Ballots Cast,,,,19
Orange,Crawford D002,Comptroller,,DEM,Drew Warshaw,2
Orange,Crawford D002,Comptroller,,DEM,Raj Goyle,1
Orange,Crawford D002,Comptroller,,DEM,Thomas P. DiNapoli,15
Orange,Crawford D002,State Senate,42,CON,Jennifer R. Figueroa,1
Orange,Crawford D003,Ballots Cast,,,,10
Orange,Crawford D003,Comptroller,,DEM,Drew Warshaw,1
Orange,Crawford D003,Comptroller,,DEM,Raj Goyle,1
Orange,Crawford D003,Comptroller,,DEM,Thomas P. DiNapoli,7
Orange,Crawford D003,State Senate,42,CON,Jennifer R. Figueroa,1
Orange,Crawford D004,Ballots Cast,,,,15
Orange,Crawford D004,Comptroller,,DEM,Drew Warshaw,3
Orange,Crawford D004,Comptroller,,DEM,Thomas P. DiNapoli,9
Orange,Crawford D004,Comptroller,,DEM,Write-in,1
Orange,Crawford D004,State Senate,42,CON,Jennifer R. Figueroa,2
Orange,Crawford D005,Ballots Cast,,,,18
Orange,Crawford D005,Comptroller,,DEM,Drew Warshaw,5
Orange,Crawford D005,Comptroller,,DEM,Raj Goyle,2
Orange,Crawford D005,Comptroller,,DEM,Thomas P. DiNapoli,11
Orange,Crawford D006,Ballots Cast,,,,28
Orange,Crawford D006,Comptroller,,DEM,Drew Warshaw,3
Orange,Crawford D006,Comptroller,,DEM,Raj Goyle,5
Orange,Crawford D006,Comptroller,,DEM,Thomas P. DiNapoli,19
Orange,Crawford D006,State Senate,42,CON,Jennifer R. Figueroa,1
Orange,Crawford D007,Ballots Cast,,,,9
Orange,Crawford D007,Comptroller,,DEM,Thomas P. DiNapoli,6
Orange,Crawford D007,State Senate,42,CON,Jennifer R. Figueroa,3
Orange,Crawford D008,Ballots Cast,,,,15
Orange,Crawford D008,Comptroller,,DEM,Drew Warshaw,3
Orange,Crawford D008,Comptroller,,DEM,Raj Goyle,1
Orange,Crawford D008,Comptroller,,DEM,Thomas P. DiNapoli,11
Orange,Deerpark D001,Ballots Cast,,,,10
Orange,Deerpark D001,Comptroller,,DEM,Raj Goyle,3
Orange,Deerpark D001,Comptroller,,DEM,Thomas P. DiNapoli,4
Orange,Deerpark D001,State Senate,42,CON,Jennifer R. Figueroa,3
Orange,Deerpark D002,Ballots Cast,,,,12
Orange,Deerpark D002,Comptroller,,DEM,Drew Warshaw,2
Orange,Deerpark D002,Comptroller,,DEM,Raj Goyle,2
Orange,Deerpark D002,Comptroller,,DEM,Thomas P. DiNapoli,8
Orange,Deerpark D003,Ballots Cast,,,,13
Orange,Deerpark D003,Comptroller,,DEM,Raj Goyle,1
Orange,Deerpark D003,Comptroller,,DEM,Thomas P. DiNapoli,11
Orange,Deerpark D003,State Senate,42,CON,Jennifer R. Figueroa,1
Orange,Deerpark D004,Ballots Cast,,,,18
Orange,Deerpark D004,Comptroller,,DEM,Drew Warshaw,2
Orange,Deerpark D004,Comptroller,,DEM,Raj Goyle,2
Orange,Deerpark D004,Comptroller,,DEM,Thomas P. DiNapoli,14
Orange,Deerpark D005,Ballots Cast,,,,16
Orange,Deerpark D005,Comptroller,,DEM,Drew Warshaw,3
Orange,Deerpark D005,Comptroller,,DEM,Raj Goyle,2
Orange,Deerpark D005,Comptroller,,DEM,Thomas P. DiNapoli,10
Orange,Deerpark D005,Comptroller,,,Over Votes,1
Orange,Deerpark D006,Ballots Cast,,,,10
Orange,Deerpark D006,Comptroller,,DEM,Thomas P. DiNapoli,9
Orange,Deerpark D006,State Senate,42,CON,Jennifer R. Figueroa,1
Orange,Deerpark D007,Ballots Cast,,,,11
Orange,Deerpark D007,Comptroller,,DEM,Drew Warshaw,1
Orange,Deerpark D007,Comptroller,,DEM,Raj Goyle,2
Orange,Deerpark D007,Comptroller,,DEM,Thomas P. DiNapoli,7
Orange,Deerpark D007,State Senate,42,CON,Jennifer R. Figueroa,1
Orange,Goshen D001,Ballots Cast,,,,21
Orange,Goshen D001,Comptroller,,DEM,Drew Warshaw,1
Orange,Goshen D001,Comptroller,,DEM,Raj Goyle,2
Orange,Goshen D001,Comptroller,,DEM,Thomas P. DiNapoli,13
Orange,Goshen D001,State Senate,42,CON,Jennifer R. Figueroa,5
Orange,Goshen D002,Ballots Cast,,,,8
Orange,Goshen D002,Comptroller,,DEM,Raj Goyle,1
Orange,Goshen D002,Comptroller,,DEM,Thomas P. DiNapoli,7
Orange,Goshen D003,Ballots Cast,,,,9
Orange,Goshen D003,Comptroller,,DEM,Drew Warshaw,1
Orange,Goshen D003,Comptroller,,DEM,Raj Goyle,1
Orange,Goshen D003,Comptroller,,DEM,Thomas P. DiNapoli,7
Orange,Goshen D004,Ballots Cast,,,,18
Orange,Goshen D004,Comptroller,,DEM,Drew Warshaw,2
Orange,Goshen D004,Comptroller,,DEM,Raj Goyle,2
Orange,Goshen D004,Comptroller,,DEM,Thomas P. DiNapoli,14
Orange,Goshen D005,Ballots Cast,,,,22
Orange,Goshen D005,Comptroller,,DEM,Drew Warshaw,2
Orange,Goshen D005,Comptroller,,DEM,Raj Goyle,3
Orange,Goshen D005,Comptroller,,DEM,Thomas P. DiNapoli,16
Orange,Goshen D005,State Senate,42,CON,Jennifer R. Figueroa,1
Orange,Goshen D006,Ballots Cast,,,,9
Orange,Goshen D006,Comptroller,,DEM,Raj Goyle,3
Orange,Goshen D006,Comptroller,,DEM,Thomas P. DiNapoli,6
Orange,Goshen D007,Ballots Cast,,,,27
Orange,Goshen D007,Comptroller,,DEM,Drew Warshaw,3
Orange,Goshen D007,Comptroller,,DEM,Raj Goyle,2
Orange,Goshen D007,Comptroller,,DEM,Thomas P. DiNapoli,21
Orange,Goshen D007,State Senate,42,CON,Jennifer R. Figueroa,1
Orange,Goshen D008,Ballots Cast,,,,16
Orange,Goshen D008,Comptroller,,DEM,Drew Warshaw,1
Orange,Goshen D008,Comptroller,,DEM,Raj Goyle,4
Orange,Goshen D008,Comptroller,,DEM,Thomas P. DiNapoli,10
Orange,Goshen D008,State Senate,42,CON,Jennifer R. Figueroa,1
Orange,Goshen D009,Ballots Cast,,,,23
Orange,Goshen D009,Comptroller,,DEM,Raj Goyle,2
Orange,Goshen D009,Comptroller,,DEM,Thomas P. DiNapoli,21
Orange,Goshen D010,Ballots Cast,,,,30
Orange,Goshen D010,Comptroller,,DEM,Drew Warshaw,6
Orange,Goshen D010,Comptroller,,DEM,Raj Goyle,1
Orange,Goshen D010,Comptroller,,DEM,Thomas P. DiNapoli,21
Orange,Goshen D010,State Senate,42,CON,Jennifer R. Figueroa,2
Orange,Goshen D011,Ballots Cast,,,,29
Orange,Goshen D011,Comptroller,,DEM,Drew Warshaw,4
Orange,Goshen D011,Comptroller,,DEM,Raj Goyle,4
Orange,Goshen D011,Comptroller,,DEM,Thomas P. DiNapoli,20
Orange,Goshen D011,State Senate,42,CON,Jennifer R. Figueroa,1
Orange,Goshen D012,Ballots Cast,,,,11
Orange,Goshen D012,Comptroller,,DEM,Drew Warshaw,3
Orange,Goshen D012,Comptroller,,DEM,Raj Goyle,3
Orange,Goshen D012,Comptroller,,DEM,Thomas P. DiNapoli,5
Orange,Goshen D013,Ballots Cast,,,,2
Orange,Goshen D013,Comptroller,,DEM,Thomas P. DiNapoli,2
Orange,Greenville D001,Ballots Cast,,,,17
Orange,Greenville D001,Comptroller,,DEM,Drew Warshaw,2
Orange,Greenville D001,Comptroller,,DEM,Raj Goyle,1
Orange,Greenville D001,Comptroller,,DEM,Thomas P. DiNapoli,12
Orange,Greenville D001,State Senate,42,CON,Jennifer R. Figueroa,2
Orange,Greenville D002,Ballots Cast,,,,26
Orange,Greenville D002,Comptroller,,DEM,Drew Warshaw,5
Orange,Greenville D002,Comptroller,,DEM,Raj Goyle,2
Orange,Greenville D002,Comptroller,,DEM,Thomas P. DiNapoli,19
Orange,Greenville D003,Ballots Cast,,,,2
Orange,Greenville D003,Comptroller,,DEM,Thomas P. DiNapoli,2
Orange,Greenville D004,Ballots Cast,,,,13
Orange,Greenville D004,Comptroller,,DEM,Drew Warshaw,1
Orange,Greenville D004,Comptroller,,DEM,Thomas P. DiNapoli,8
Orange,Greenville D004,State Senate,42,CON,Jennifer R. Figueroa,4
Orange,Hamptonburgh D001,Ballots Cast,,,,7
Orange,Hamptonburgh D001,Comptroller,,DEM,Drew Warshaw,2
Orange,Hamptonburgh D001,Comptroller,,DEM,Thomas P. DiNapoli,3
Orange,Hamptonburgh D001,State Senate,42,CON,Jennifer R. Figueroa,2
Orange,Hamptonburgh D002,Ballots Cast,,,,11
Orange,Hamptonburgh D002,Comptroller,,DEM,Raj Goyle,3
Orange,Hamptonburgh D002,Comptroller,,DEM,Thomas P. DiNapoli,8
Orange,Hamptonburgh D003,Ballots Cast,,,,23
Orange,Hamptonburgh D003,Comptroller,,DEM,Drew Warshaw,4
Orange,Hamptonburgh D003,Comptroller,,DEM,Raj Goyle,1
Orange,Hamptonburgh D003,Comptroller,,DEM,Thomas P. DiNapoli,18
Orange,Hamptonburgh D004,Ballots Cast,,,,16
Orange,Hamptonburgh D004,Comptroller,,DEM,Drew Warshaw,4
Orange,Hamptonburgh D004,Comptroller,,DEM,Thomas P. DiNapoli,12
Orange,Hamptonburgh D005,Ballots Cast,,,,9
Orange,Hamptonburgh D005,Comptroller,,DEM,Drew Warshaw,1
Orange,Hamptonburgh D005,Comptroller,,DEM,Raj Goyle,2
Orange,Hamptonburgh D005,Comptroller,,DEM,Thomas P. DiNapoli,5
Orange,Hamptonburgh D005,State Senate,42,CON,Jennifer R. Figueroa,1
Orange,Middletown W001 D001,Ballots Cast,,,,15
Orange,Middletown W001 D001,Comptroller,,DEM,Drew Warshaw,1
Orange,Middletown W001 D001,Comptroller,,DEM,Raj Goyle,3
Orange,Middletown W001 D001,Comptroller,,DEM,Thomas P. DiNapoli,11
Orange,Middletown W001 D002,Ballots Cast,,,,7
Orange,Middletown W001 D002,Comptroller,,DEM,Drew Warshaw,2
Orange,Middletown W001 D002,Comptroller,,DEM,Thomas P. DiNapoli,5
Orange,Middletown W001 D003,Ballots Cast,,,,12
Orange,Middletown W001 D003,Comptroller,,DEM,Drew Warshaw,3
Orange,Middletown W001 D003,Comptroller,,DEM,Thomas P. DiNapoli,9
Orange,Middletown W001 D004,Ballots Cast,,,,12
Orange,Middletown W001 D004,Comptroller,,DEM,Raj Goyle,1
Orange,Middletown W001 D004,Comptroller,,DEM,Thomas P. DiNapoli,11
Orange,Middletown W001 D005,Ballots Cast,,,,15
Orange,Middletown W001 D005,Comptroller,,DEM,Drew Warshaw,5
Orange,Middletown W001 D005,Comptroller,,DEM,Raj Goyle,2
Orange,Middletown W001 D005,Comptroller,,DEM,Thomas P. DiNapoli,8
Orange,Middletown W002 D001,Ballots Cast,,,,29
Orange,Middletown W002 D001,Comptroller,,DEM,Drew Warshaw,2
Orange,Middletown W002 D001,Comptroller,,DEM,Raj Goyle,2
Orange,Middletown W002 D001,Comptroller,,DEM,Thomas P. DiNapoli,24
Orange,Middletown W002 D001,State Senate,42,CON,Jennifer R. Figueroa,1
Orange,Middletown W002 D002,Ballots Cast,,,,13
Orange,Middletown W002 D002,Comptroller,,DEM,Drew Warshaw,2
Orange,Middletown W002 D002,Comptroller,,DEM,Raj Goyle,1
Orange,Middletown W002 D002,Comptroller,,DEM,Thomas P. DiNapoli,10
Orange,Middletown W002 D003,Ballots Cast,,,,17
Orange,Middletown W002 D003,Comptroller,,DEM,Drew Warshaw,2
Orange,Middletown W002 D003,Comptroller,,DEM,Thomas P. DiNapoli,15
Orange,Middletown W002 D004,Ballots Cast,,,,21
Orange,Middletown W002 D004,Comptroller,,DEM,Drew Warshaw,3
Orange,Middletown W002 D004,Comptroller,,DEM,Raj Goyle,4
Orange,Middletown W002 D004,Comptroller,,DEM,Thomas P. DiNapoli,13
Orange,Middletown W002 D004,Comptroller,,,Under Votes,1
Orange,Middletown W002 D005,Ballots Cast,,,,25
Orange,Middletown W002 D005,Comptroller,,DEM,Drew Warshaw,8
Orange,Middletown W002 D005,Comptroller,,DEM,Raj Goyle,2
Orange,Middletown W002 D005,Comptroller,,DEM,Thomas P. DiNapoli,15
Orange,Middletown W002 D006,Ballots Cast,,,,15
Orange,Middletown W002 D006,Comptroller,,DEM,Drew Warshaw,1
Orange,Middletown W002 D006,Comptroller,,DEM,Raj Goyle,1
Orange,Middletown W002 D006,Comptroller,,DEM,Thomas P. DiNapoli,13
Orange,Middletown W003 D001,Ballots Cast,,,,13
Orange,Middletown W003 D001,Comptroller,,DEM,Raj Goyle,1
Orange,Middletown W003 D001,Comptroller,,DEM,Thomas P. DiNapoli,12
Orange,Middletown W003 D002,Ballots Cast,,,,12
Orange,Middletown W003 D002,Comptroller,,DEM,Drew Warshaw,3
Orange,Middletown W003 D002,Comptroller,,DEM,Raj Goyle,2
Orange,Middletown W003 D002,Comptroller,,DEM,Thomas P. DiNapoli,7
Orange,Middletown W003 D003,Ballots Cast,,,,11
Orange,Middletown W003 D003,Comptroller,,DEM,Drew Warshaw,1
Orange,Middletown W003 D003,Comptroller,,DEM,Raj Goyle,3
Orange,Middletown W003 D003,Comptroller,,DEM,Thomas P. DiNapoli,6
Orange,Middletown W003 D003,State Senate,42,CON,Jennifer R. Figueroa,1
Orange,Middletown W003 D004,Ballots Cast,,,,12
Orange,Middletown W003 D004,Comptroller,,DEM,Raj Goyle,1
Orange,Middletown W003 D004,Comptroller,,DEM,Thomas P. DiNapoli,11
Orange,Middletown W003 D005,Ballots Cast,,,,8
Orange,Middletown W003 D005,Comptroller,,DEM,Raj Goyle,2
Orange,Middletown W003 D005,Comptroller,,DEM,Thomas P. DiNapoli,6
Orange,Middletown W004 D001,Ballots Cast,,,,17
Orange,Middletown W004 D001,Comptroller,,DEM,Raj Goyle,1
Orange,Middletown W004 D001,Comptroller,,DEM,Thomas P. DiNapoli,16
Orange,Middletown W004 D002,Ballots Cast,,,,18
Orange,Middletown W004 D002,Comptroller,,DEM,Drew Warshaw,6
Orange,Middletown W004 D002,Comptroller,,DEM,Raj Goyle,2
Orange,Middletown W004 D002,Comptroller,,DEM,Thomas P. DiNapoli,10
Orange,Middletown W004 D003,Ballots Cast,,,,13
Orange,Middletown W004 D003,Comptroller,,DEM,Raj Goyle,1
Orange,Middletown W004 D003,Comptroller,,DEM,Thomas P. DiNapoli,10
Orange,Middletown W004 D003,Comptroller,,,Over Votes,2
Orange,Middletown W004 D004,Ballots Cast,,,,29
Orange,Middletown W004 D004,Comptroller,,DEM,Thomas P. DiNapoli,29
Orange,Middletown W004 D005,Ballots Cast,,,,26
Orange,Middletown W004 D005,Comptroller,,DEM,Raj Goyle,1
Orange,Middletown W004 D005,Comptroller,,DEM,Thomas P. DiNapoli,24
Orange,Middletown W004 D005,Comptroller,,,Under Votes,1
Orange,Middletown W004 D006,Ballots Cast,,,,24
Orange,Middletown W004 D006,Comptroller,,DEM,Drew Warshaw,5
Orange,Middletown W004 D006,Comptroller,,DEM,Raj Goyle,2
Orange,Middletown W004 D006,Comptroller,,DEM,Thomas P. DiNapoli,17
Orange,Middletown W004 D007,Ballots Cast,,,,25
Orange,Middletown W004 D007,Comptroller,,DEM,Drew Warshaw,1
Orange,Middletown W004 D007,Comptroller,,DEM,Thomas P. DiNapoli,24
Orange,Middletown W004 D008,Ballots Cast,,,,28
Orange,Middletown W004 D008,Comptroller,,DEM,Drew Warshaw,4
Orange,Middletown W004 D008,Comptroller,,DEM,Raj Goyle,1
Orange,Middletown W004 D008,Comptroller,,DEM,Thomas P. DiNapoli,22
Orange,Middletown W004 D008,State Senate,42,CON,Write-in,1
Orange,Minisink D001,Ballots Cast,,,,11
Orange,Minisink D001,Comptroller,,DEM,Drew Warshaw,3
Orange,Minisink D001,Comptroller,,DEM,Raj Goyle,2
Orange,Minisink D001,Comptroller,,DEM,Thomas P. DiNapoli,4
Orange,Minisink D001,State Senate,42,CON,Jennifer R. Figueroa,2
Orange,Minisink D002,Ballots Cast,,,,9
Orange,Minisink D002,Comptroller,,DEM,Drew Warshaw,2
Orange,Minisink D002,Comptroller,,DEM,Thomas P. DiNapoli,6
Orange,Minisink D002,Comptroller,,,Over Votes,1
Orange,Minisink D003,Ballots Cast,,,,4
Orange,Minisink D003,Comptroller,,DEM,Drew Warshaw,1
Orange,Minisink D003,Comptroller,,DEM,Thomas P. DiNapoli,3
Orange,Minisink D004,Ballots Cast,,,,13
Orange,Minisink D004,Comptroller,,DEM,Drew Warshaw,2
Orange,Minisink D004,Comptroller,,DEM,Raj Goyle,1
Orange,Minisink D004,Comptroller,,DEM,Thomas P. DiNapoli,9
Orange,Minisink D004,State Senate,42,CON,Jennifer R. Figueroa,1
Orange,Minisink D005,Ballots Cast,,,,11
Orange,Minisink D005,Comptroller,,DEM,Drew Warshaw,2
Orange,Minisink D005,Comptroller,,DEM,Thomas P. DiNapoli,9
Orange,Monroe D010,Ballots Cast,,,,31
Orange,Monroe D010,Comptroller,,DEM,Drew Warshaw,8
Orange,Monroe D010,Comptroller,,DEM,Raj Goyle,1
Orange,Monroe D010,Comptroller,,DEM,Thomas P. DiNapoli,17
Orange,Monroe D010,State Senate,42,CON,Jennifer R. Figueroa,5
Orange,Monroe D012,Ballots Cast,,,,14
Orange,Monroe D012,Comptroller,,DEM,Raj Goyle,2
Orange,Monroe D012,Comptroller,,DEM,Thomas P. DiNapoli,11
Orange,Monroe D012,Comptroller,,,Over Votes,1
Orange,Monroe D013,Ballots Cast,,,,6
Orange,Monroe D013,Comptroller,,DEM,Drew Warshaw,3
Orange,Monroe D013,Comptroller,,DEM,Raj Goyle,1
Orange,Monroe D013,Comptroller,,DEM,Thomas P. DiNapoli,1
Orange,Monroe D013,State Senate,42,CON,Jennifer R. Figueroa,1
Orange,Monroe D015,Ballots Cast,,,,12
Orange,Monroe D015,Comptroller,,DEM,Drew Warshaw,1
Orange,Monroe D015,Comptroller,,DEM,Raj Goyle,2
Orange,Monroe D015,Comptroller,,DEM,Thomas P. DiNapoli,8
Orange,Monroe D015,State Senate,42,CON,Jennifer R. Figueroa,1
Orange,Monroe D016,Ballots Cast,,,,11
Orange,Monroe D016,Comptroller,,DEM,Drew Warshaw,2
Orange,Monroe D016,Comptroller,,DEM,Raj Goyle,2
Orange,Monroe D016,Comptroller,,DEM,Thomas P. DiNapoli,7
Orange,Monroe D017,Ballots Cast,,,,14
Orange,Monroe D017,Comptroller,,DEM,Thomas P. DiNapoli,14
Orange,Monroe D020,Ballots Cast,,,,2
Orange,Monroe D020,Comptroller,,DEM,Drew Warshaw,1
Orange,Monroe D020,Comptroller,,DEM,Thomas P. DiNapoli,1
Orange,Montgomery D001,Ballots Cast,,,,52
Orange,Montgomery D001,Comptroller,,DEM,Drew Warshaw,6
Orange,Montgomery D001,Comptroller,,DEM,Raj Goyle,8
Orange,Montgomery D001,Comptroller,,DEM,Thomas P. DiNapoli,34
Orange,Montgomery D001,Comptroller,,,Under Votes,4
Orange,Montgomery D001,State Senate,39,DEM,Evan R. Menist,19
Orange,Montgomery D001,State Senate,39,DEM,Gay Lee,5
Orange,Montgomery D001,State Senate,39,DEM,Lisa Kaul,26
Orange,Montgomery D001,State Senate,39,,Under Votes,2
Orange,Montgomery D002,Ballots Cast,,,,43
Orange,Montgomery D002,Comptroller,,DEM,Drew Warshaw,7
Orange,Montgomery D002,Comptroller,,DEM,Raj Goyle,4
Orange,Montgomery D002,Comptroller,,DEM,Thomas P. DiNapoli,25
Orange,Montgomery D002,Comptroller,,,Under Votes,7
Orange,Montgomery D002,State Senate,39,DEM,Evan R. Menist,13
Orange,Montgomery D002,State Senate,39,DEM,Gay Lee,6
Orange,Montgomery D002,State Senate,39,DEM,Lisa Kaul,24
Orange,Montgomery D003,Ballots Cast,,,,21
Orange,Montgomery D003,Comptroller,,DEM,Drew Warshaw,5
Orange,Montgomery D003,Comptroller,,DEM,Raj Goyle,6
Orange,Montgomery D003,Comptroller,,DEM,Thomas P. DiNapoli,10
Orange,Montgomery D003,State Senate,39,DEM,Evan R. Menist,6
Orange,Montgomery D003,State Senate,39,DEM,Gay Lee,2
Orange,Montgomery D003,State Senate,39,DEM,Lisa Kaul,13
Orange,Montgomery D004,Ballots Cast,,,,48
Orange,Montgomery D004,Comptroller,,DEM,Drew Warshaw,2
Orange,Montgomery D004,Comptroller,,DEM,Raj Goyle,4
Orange,Montgomery D004,Comptroller,,DEM,Thomas P. DiNapoli,38
Orange,Montgomery D004,Comptroller,,,Under Votes,4
Orange,Montgomery D004,State Senate,39,DEM,Evan R. Menist,16
Orange,Montgomery D004,State Senate,39,DEM,Gay Lee,7
Orange,Montgomery D004,State Senate,39,DEM,Lisa Kaul,20
Orange,Montgomery D004,State Senate,39,,Under Votes,5
Orange,Montgomery D005,Ballots Cast,,,,18
Orange,Montgomery D005,Comptroller,,DEM,Drew Warshaw,7
Orange,Montgomery D005,Comptroller,,DEM,Raj Goyle,3
Orange,Montgomery D005,Comptroller,,DEM,Thomas P. DiNapoli,7
Orange,Montgomery D005,Comptroller,,,Under Votes,1
Orange,Montgomery D005,State Senate,39,DEM,Evan R. Menist,7
Orange,Montgomery D005,State Senate,39,DEM,Gay Lee,4
Orange,Montgomery D005,State Senate,39,DEM,Lisa Kaul,6
Orange,Montgomery D005,State Senate,39,,Under Votes,1
Orange,Montgomery D006,Ballots Cast,,,,31
Orange,Montgomery D006,Comptroller,,DEM,Drew Warshaw,5
Orange,Montgomery D006,Comptroller,,DEM,Raj Goyle,2
Orange,Montgomery D006,Comptroller,,DEM,Thomas P. DiNapoli,20
Orange,Montgomery D006,Comptroller,,,Under Votes,4
Orange,Montgomery D006,State Senate,39,DEM,Evan R. Menist,5
Orange,Montgomery D006,State Senate,39,DEM,Gay Lee,4
Orange,Montgomery D006,State Senate,39,DEM,Lisa Kaul,20
Orange,Montgomery D006,State Senate,39,,Under Votes,2
Orange,Montgomery D007,Ballots Cast,,,,39
Orange,Montgomery D007,Comptroller,,DEM,Drew Warshaw,6
Orange,Montgomery D007,Comptroller,,DEM,Raj Goyle,6
Orange,Montgomery D007,Comptroller,,DEM,Thomas P. DiNapoli,24
Orange,Montgomery D007,Comptroller,,,Under Votes,3
Orange,Montgomery D007,State Senate,39,DEM,Evan R. Menist,9
Orange,Montgomery D007,State Senate,39,DEM,Gay Lee,6
Orange,Montgomery D007,State Senate,39,DEM,Lisa Kaul,22
Orange,Montgomery D007,State Senate,39,,Under Votes,2
Orange,Montgomery D008,Ballots Cast,,,,15
Orange,Montgomery D008,Comptroller,,DEM,Drew Warshaw,3
Orange,Montgomery D008,Comptroller,,DEM,Raj Goyle,4
Orange,Montgomery D008,Comptroller,,DEM,Thomas P. DiNapoli,8
Orange,Montgomery D008,State Senate,39,DEM,Evan R. Menist,3
Orange,Montgomery D008,State Senate,39,DEM,Gay Lee,2
Orange,Montgomery D008,State Senate,39,DEM,Lisa Kaul,10
Orange,Montgomery D009,Ballots Cast,,,,33
Orange,Montgomery D009,Comptroller,,DEM,Drew Warshaw,6
Orange,Montgomery D009,Comptroller,,DEM,Raj Goyle,6
Orange,Montgomery D009,Comptroller,,DEM,Thomas P. DiNapoli,17
Orange,Montgomery D009,Comptroller,,,Under Votes,4
Orange,Montgomery D009,State Senate,39,DEM,Evan R. Menist,15
Orange,Montgomery D009,State Senate,39,DEM,Gay Lee,3
Orange,Montgomery D009,State Senate,39,DEM,Lisa Kaul,14
Orange,Montgomery D009,State Senate,39,,Under Votes,1
Orange,Montgomery D010,Ballots Cast,,,,25
Orange,Montgomery D010,Comptroller,,DEM,Drew Warshaw,1
Orange,Montgomery D010,Comptroller,,DEM,Raj Goyle,8
Orange,Montgomery D010,Comptroller,,DEM,Thomas P. DiNapoli,15
Orange,Montgomery D010,Comptroller,,,Under Votes,1
Orange,Montgomery D010,State Senate,39,DEM,Evan R. Menist,8
Orange,Montgomery D010,State Senate,39,DEM,Gay Lee,2
Orange,Montgomery D010,State Senate,39,DEM,Lisa Kaul,15
Orange,Montgomery D011,Ballots Cast,,,,43
Orange,Montgomery D011,Comptroller,,DEM,Drew Warshaw,6
Orange,Montgomery D011,Comptroller,,DEM,Raj Goyle,5
Orange,Montgomery D011,Comptroller,,DEM,Thomas P. DiNapoli,32
Orange,Montgomery D011,State Senate,39,DEM,Evan R. Menist,14
Orange,Montgomery D011,State Senate,39,DEM,Gay Lee,6
Orange,Montgomery D011,State Senate,39,DEM,Lisa Kaul,22
Orange,Montgomery D011,State Senate,39,,Under Votes,1
Orange,Montgomery D012,Ballots Cast,,,,32
Orange,Montgomery D012,Comptroller,,DEM,Drew Warshaw,4
Orange,Montgomery D012,Comptroller,,DEM,Raj Goyle,4
Orange,Montgomery D012,Comptroller,,DEM,Thomas P. DiNapoli,22
Orange,Montgomery D012,Comptroller,,,Under Votes,2
Orange,Montgomery D012,State Senate,39,DEM,Evan R. Menist,4
Orange,Montgomery D012,State Senate,39,DEM,Gay Lee,7
Orange,Montgomery D012,State Senate,39,DEM,Lisa Kaul,19
Orange,Montgomery D012,State Senate,39,,Under Votes,2
Orange,Montgomery D013,Ballots Cast,,,,8
Orange,Montgomery D013,Comptroller,,DEM,Drew Warshaw,1
Orange,Montgomery D013,Comptroller,,DEM,Raj Goyle,1
Orange,Montgomery D013,Comptroller,,DEM,Thomas P. DiNapoli,6
Orange,Montgomery D013,State Senate,39,DEM,Lisa Kaul,8
Orange,Montgomery D014,Ballots Cast,,,,25
Orange,Montgomery D014,Comptroller,,DEM,Drew Warshaw,2
Orange,Montgomery D014,Comptroller,,DEM,Raj Goyle,1
Orange,Montgomery D014,Comptroller,,DEM,Thomas P. DiNapoli,20
Orange,Montgomery D014,Comptroller,,,Under Votes,2
Orange,Montgomery D014,State Senate,39,DEM,Evan R. Menist,5
Orange,Montgomery D014,State Senate,39,DEM,Gay Lee,4
Orange,Montgomery D014,State Senate,39,DEM,Lisa Kaul,15
Orange,Montgomery D014,State Senate,39,,Over Votes,1
Orange,Montgomery D015,Ballots Cast,,,,7
Orange,Montgomery D015,Comptroller,,DEM,Drew Warshaw,2
Orange,Montgomery D015,Comptroller,,DEM,Thomas P. DiNapoli,4
Orange,Montgomery D015,Comptroller,,,Under Votes,1
Orange,Montgomery D015,State Senate,39,DEM,Evan R. Menist,2
Orange,Montgomery D015,State Senate,39,DEM,Lisa Kaul,5
Orange,Montgomery D016,Ballots Cast,,,,21
Orange,Montgomery D016,Comptroller,,DEM,Drew Warshaw,5
Orange,Montgomery D016,Comptroller,,DEM,Raj Goyle,1
Orange,Montgomery D016,Comptroller,,DEM,Thomas P. DiNapoli,14
Orange,Montgomery D016,Comptroller,,,Under Votes,1
Orange,Montgomery D016,State Senate,39,DEM,Evan R. Menist,7
Orange,Montgomery D016,State Senate,39,DEM,Gay Lee,2
Orange,Montgomery D016,State Senate,39,DEM,Lisa Kaul,12
Orange,Montgomery D017,Ballots Cast,,,,23
Orange,Montgomery D017,Comptroller,,DEM,Drew Warshaw,6
Orange,Montgomery D017,Comptroller,,DEM,Raj Goyle,2
Orange,Montgomery D017,Comptroller,,DEM,Thomas P. DiNapoli,14
Orange,Montgomery D017,Comptroller,,,Under Votes,1
Orange,Montgomery D017,State Senate,39,DEM,Evan R. Menist,7
Orange,Montgomery D017,State Senate,39,DEM,Gay Lee,4
Orange,Montgomery D017,State Senate,39,DEM,Lisa Kaul,9
Orange,Montgomery D017,State Senate,39,,Under Votes,3
Orange,Montgomery D018,Ballots Cast,,,,14
Orange,Montgomery D018,Comptroller,,DEM,Raj Goyle,2
Orange,Montgomery D018,Comptroller,,DEM,Thomas P. DiNapoli,12
Orange,Montgomery D018,State Senate,39,DEM,Evan R. Menist,3
Orange,Montgomery D018,State Senate,39,DEM,Gay Lee,3
Orange,Montgomery D018,State Senate,39,DEM,Lisa Kaul,8
Orange,Mount Hope D001,Ballots Cast,,,,14
Orange,Mount Hope D001,Comptroller,,DEM,Drew Warshaw,2
Orange,Mount Hope D001,Comptroller,,DEM,Raj Goyle,4
Orange,Mount Hope D001,Comptroller,,DEM,Thomas P. DiNapoli,8
Orange,Mount Hope D002,Ballots Cast,,,,22
Orange,Mount Hope D002,Comptroller,,DEM,Drew Warshaw,1
Orange,Mount Hope D002,Comptroller,,DEM,Raj Goyle,1
Orange,Mount Hope D002,Comptroller,,DEM,Thomas P. DiNapoli,14
Orange,Mount Hope D002,Comptroller,,,Over Votes,1
Orange,Mount Hope D002,Comptroller,,,Under Votes,1
Orange,Mount Hope D002,State Senate,42,CON,Jennifer R. Figueroa,4
Orange,Mount Hope D003,Ballots Cast,,,,24
Orange,Mount Hope D003,Comptroller,,DEM,Drew Warshaw,4
Orange,Mount Hope D003,Comptroller,,DEM,Raj Goyle,1
Orange,Mount Hope D003,Comptroller,,DEM,Thomas P. DiNapoli,14
Orange,Mount Hope D003,Comptroller,,,Over Votes,2
Orange,Mount Hope D003,State Senate,42,CON,Jennifer R. Figueroa,3
Orange,Mount Hope D004,Ballots Cast,,,,12
Orange,Mount Hope D004,Comptroller,,DEM,Thomas P. DiNapoli,11
Orange,Mount Hope D004,Comptroller,,,Over Votes,1
Orange,City of Newburgh W001 D001,Ballots Cast,,,,78
Orange,City of Newburgh W001 D001,Comptroller,,DEM,Drew Warshaw,15
Orange,City of Newburgh W001 D001,Comptroller,,DEM,Raj Goyle,11
Orange,City of Newburgh W001 D001,Comptroller,,DEM,Thomas P. DiNapoli,46
Orange,City of Newburgh W001 D001,Comptroller,,,Under Votes,6
Orange,City of Newburgh W001 D001,State Senate,39,DEM,Evan R. Menist,34
Orange,City of Newburgh W001 D001,State Senate,39,DEM,Gay Lee,15
Orange,City of Newburgh W001 D001,State Senate,39,DEM,Lisa Kaul,28
Orange,City of Newburgh W001 D001,State Senate,39,,Under Votes,1
Orange,City of Newburgh W001 D002,Ballots Cast,,,,55
Orange,City of Newburgh W001 D002,Comptroller,,DEM,Drew Warshaw,16
Orange,City of Newburgh W001 D002,Comptroller,,DEM,Raj Goyle,12
Orange,City of Newburgh W001 D002,Comptroller,,DEM,Thomas P. DiNapoli,25
Orange,City of Newburgh W001 D002,Comptroller,,,Under Votes,2
Orange,City of Newburgh W001 D002,State Senate,39,DEM,Evan R. Menist,24
Orange,City of Newburgh W001 D002,State Senate,39,DEM,Gay Lee,12
Orange,City of Newburgh W001 D002,State Senate,39,DEM,Lisa Kaul,19
Orange,City of Newburgh W001 D003,Ballots Cast,,,,41
Orange,City of Newburgh W001 D003,Comptroller,,DEM,Drew Warshaw,4
Orange,City of Newburgh W001 D003,Comptroller,,DEM,Raj Goyle,10
Orange,City of Newburgh W001 D003,Comptroller,,DEM,Thomas P. DiNapoli,22
Orange,City of Newburgh W001 D003,Comptroller,,,Under Votes,5
Orange,City of Newburgh W001 D003,State Senate,39,DEM,Evan R. Menist,18
Orange,City of Newburgh W001 D003,State Senate,39,DEM,Gay Lee,14
Orange,City of Newburgh W001 D003,State Senate,39,DEM,Lisa Kaul,8
Orange,City of Newburgh W001 D003,State Senate,39,,Under Votes,1
Orange,City of Newburgh W001 D004,Ballots Cast,,,,54
Orange,City of Newburgh W001 D004,Comptroller,,DEM,Drew Warshaw,9
Orange,City of Newburgh W001 D004,Comptroller,,DEM,Raj Goyle,7
Orange,City of Newburgh W001 D004,Comptroller,,DEM,Thomas P. DiNapoli,35
Orange,City of Newburgh W001 D004,Comptroller,,,Under Votes,3
Orange,City of Newburgh W001 D004,State Senate,39,DEM,Evan R. Menist,19
Orange,City of Newburgh W001 D004,State Senate,39,DEM,Gay Lee,14
Orange,City of Newburgh W001 D004,State Senate,39,DEM,Lisa Kaul,20
Orange,City of Newburgh W001 D004,State Senate,39,,Under Votes,1
Orange,City of Newburgh W002 D001,Ballots Cast,,,,55
Orange,City of Newburgh W002 D001,Comptroller,,DEM,Drew Warshaw,13
Orange,City of Newburgh W002 D001,Comptroller,,DEM,Raj Goyle,11
Orange,City of Newburgh W002 D001,Comptroller,,DEM,Thomas P. DiNapoli,27
Orange,City of Newburgh W002 D001,Comptroller,,,Under Votes,4
Orange,City of Newburgh W002 D001,State Senate,39,DEM,Evan R. Menist,30
Orange,City of Newburgh W002 D001,State Senate,39,DEM,Gay Lee,7
Orange,City of Newburgh W002 D001,State Senate,39,DEM,Lisa Kaul,17
Orange,City of Newburgh W002 D001,State Senate,39,DEM,Write-in,1
Orange,City of Newburgh W002 D002,Ballots Cast,,,,24
Orange,City of Newburgh W002 D002,Comptroller,,DEM,Drew Warshaw,5
Orange,City of Newburgh W002 D002,Comptroller,,DEM,Raj Goyle,2
Orange,City of Newburgh W002 D002,Comptroller,,DEM,Thomas P. DiNapoli,17
Orange,City of Newburgh W002 D002,State Senate,39,DEM,Evan R. Menist,7
Orange,City of Newburgh W002 D002,State Senate,39,DEM,Gay Lee,3
Orange,City of Newburgh W002 D002,State Senate,39,DEM,Lisa Kaul,13
Orange,City of Newburgh W002 D002,State Senate,39,,Under Votes,1
Orange,City of Newburgh W002 D003,Ballots Cast,,,,38
Orange,City of Newburgh W002 D003,Comptroller,,DEM,Drew Warshaw,6
Orange,City of Newburgh W002 D003,Comptroller,,DEM,Raj Goyle,12
Orange,City of Newburgh W002 D003,Comptroller,,DEM,Thomas P. DiNapoli,17
Orange,City of Newburgh W002 D003,Comptroller,,,Under Votes,3
Orange,City of Newburgh W002 D003,State Senate,39,DEM,Evan R. Menist,23
Orange,City of Newburgh W002 D003,State Senate,39,DEM,Gay Lee,4
Orange,City of Newburgh W002 D003,State Senate,39,DEM,Lisa Kaul,11
Orange,City of Newburgh W003 D001,Ballots Cast,,,,38
Orange,City of Newburgh W003 D001,Comptroller,,DEM,Drew Warshaw,7
Orange,City of Newburgh W003 D001,Comptroller,,DEM,Raj Goyle,9
Orange,City of Newburgh W003 D001,Comptroller,,DEM,Thomas P. DiNapoli,20
Orange,City of Newburgh W003 D001,Comptroller,,,Under Votes,2
Orange,City of Newburgh W003 D001,State Senate,39,DEM,Evan R. Menist,16
Orange,City of Newburgh W003 D001,State Senate,39,DEM,Gay Lee,12
Orange,City of Newburgh W003 D001,State Senate,39,DEM,Lisa Kaul,10
Orange,City of Newburgh W003 D002,Ballots Cast,,,,35
Orange,City of Newburgh W003 D002,Comptroller,,DEM,Drew Warshaw,2
Orange,City of Newburgh W003 D002,Comptroller,,DEM,Raj Goyle,6
Orange,City of Newburgh W003 D002,Comptroller,,DEM,Thomas P. DiNapoli,16
Orange,City of Newburgh W003 D002,Comptroller,,,Under Votes,11
Orange,City of Newburgh W003 D002,State Senate,39,DEM,Evan R. Menist,8
Orange,City of Newburgh W003 D002,State Senate,39,DEM,Gay Lee,15
Orange,City of Newburgh W003 D002,State Senate,39,DEM,Lisa Kaul,8
Orange,City of Newburgh W003 D002,State Senate,39,,Over Votes,1
Orange,City of Newburgh W003 D002,State Senate,39,,Under Votes,3
Orange,City of Newburgh W003 D003,Ballots Cast,,,,39
Orange,City of Newburgh W003 D003,Comptroller,,DEM,Drew Warshaw,8
Orange,City of Newburgh W003 D003,Comptroller,,DEM,Raj Goyle,3
Orange,City of Newburgh W003 D003,Comptroller,,DEM,Thomas P. DiNapoli,22
Orange,City of Newburgh W003 D003,Comptroller,,,Under Votes,6
Orange,City of Newburgh W003 D003,State Senate,39,DEM,Evan R. Menist,22
Orange,City of Newburgh W003 D003,State Senate,39,DEM,Gay Lee,6
Orange,City of Newburgh W003 D003,State Senate,39,DEM,Lisa Kaul,10
Orange,City of Newburgh W003 D003,State Senate,39,,Under Votes,1
Orange,City of Newburgh W003 D004,Ballots Cast,,,,35
Orange,City of Newburgh W003 D004,Comptroller,,DEM,Drew Warshaw,3
Orange,City of Newburgh W003 D004,Comptroller,,DEM,Raj Goyle,2
Orange,City of Newburgh W003 D004,Comptroller,,DEM,Thomas P. DiNapoli,30
Orange,City of Newburgh W003 D004,State Senate,39,DEM,Evan R. Menist,17
Orange,City of Newburgh W003 D004,State Senate,39,DEM,Gay Lee,8
Orange,City of Newburgh W003 D004,State Senate,39,DEM,Lisa Kaul,9
Orange,City of Newburgh W003 D004,State Senate,39,,Under Votes,1
Orange,City of Newburgh W004 D001,Ballots Cast,,,,46
Orange,City of Newburgh W004 D001,Comptroller,,DEM,Drew Warshaw,10
Orange,City of Newburgh W004 D001,Comptroller,,DEM,Raj Goyle,7
Orange,City of Newburgh W004 D001,Comptroller,,DEM,Thomas P. DiNapoli,24
Orange,City of Newburgh W004 D001,Comptroller,,,Over Votes,1
Orange,City of Newburgh W004 D001,Comptroller,,,Under Votes,4
Orange,City of Newburgh W004 D001,State Senate,39,DEM,Evan R. Menist,18
Orange,City of Newburgh W004 D001,State Senate,39,DEM,Gay Lee,13
Orange,City of Newburgh W004 D001,State Senate,39,DEM,Lisa Kaul,14
Orange,City of Newburgh W004 D001,State Senate,39,,Over Votes,1
Orange,City of Newburgh W004 D002,Ballots Cast,,,,51
Orange,City of Newburgh W004 D002,Comptroller,,DEM,Drew Warshaw,9
Orange,City of Newburgh W004 D002,Comptroller,,DEM,Raj Goyle,5
Orange,City of Newburgh W004 D002,Comptroller,,DEM,Thomas P. DiNapoli,34
Orange,City of Newburgh W004 D002,Comptroller,,,Under Votes,3
Orange,City of Newburgh W004 D002,State Senate,39,DEM,Evan R. Menist,20
Orange,City of Newburgh W004 D002,State Senate,39,DEM,Gay Lee,15
Orange,City of Newburgh W004 D002,State Senate,39,DEM,Lisa Kaul,16
Orange,City of Newburgh W004 D003,Ballots Cast,,,,4
Orange,City of Newburgh W004 D003,Comptroller,,DEM,Drew Warshaw,3
Orange,City of Newburgh W004 D003,Comptroller,,DEM,Thomas P. DiNapoli,1
Orange,City of Newburgh W004 D003,State Senate,39,DEM,Evan R. Menist,3
Orange,City of Newburgh W004 D003,State Senate,39,DEM,Lisa Kaul,1
Orange,City of Newburgh W004 D004,Ballots Cast,,,,23
Orange,City of Newburgh W004 D004,Comptroller,,DEM,Drew Warshaw,4
Orange,City of Newburgh W004 D004,Comptroller,,DEM,Raj Goyle,1
Orange,City of Newburgh W004 D004,Comptroller,,DEM,Thomas P. DiNapoli,18
Orange,City of Newburgh W004 D004,State Senate,39,DEM,Evan R. Menist,8
Orange,City of Newburgh W004 D004,State Senate,39,DEM,Gay Lee,6
Orange,City of Newburgh W004 D004,State Senate,39,DEM,Lisa Kaul,9
Orange,Newburgh Town D001,Ballots Cast,,,,34
Orange,Newburgh Town D001,Comptroller,,DEM,Drew Warshaw,10
Orange,Newburgh Town D001,Comptroller,,DEM,Raj Goyle,2
Orange,Newburgh Town D001,Comptroller,,DEM,Thomas P. DiNapoli,19
Orange,Newburgh Town D001,Comptroller,,,Under Votes,3
Orange,Newburgh Town D001,State Senate,39,DEM,Evan R. Menist,11
Orange,Newburgh Town D001,State Senate,39,DEM,Gay Lee,5
Orange,Newburgh Town D001,State Senate,39,DEM,Lisa Kaul,16
Orange,Newburgh Town D001,State Senate,39,,Under Votes,2
Orange,Newburgh Town D002,Ballots Cast,,,,58
Orange,Newburgh Town D002,Comptroller,,DEM,Drew Warshaw,7
Orange,Newburgh Town D002,Comptroller,,DEM,Raj Goyle,7
Orange,Newburgh Town D002,Comptroller,,DEM,Thomas P. DiNapoli,42
Orange,Newburgh Town D002,Comptroller,,,Over Votes,1
Orange,Newburgh Town D002,Newburgh Town Justice,,WOR,Kenyon C. Trachte,1
Orange,Newburgh Town D002,State Senate,39,DEM,Evan R. Menist,18
Orange,Newburgh Town D002,State Senate,39,DEM,Gay Lee,3
Orange,Newburgh Town D002,State Senate,39,DEM,Lisa Kaul,34
Orange,Newburgh Town D002,State Senate,39,,Over Votes,1
Orange,Newburgh Town D002,State Senate,39,,Under Votes,1
Orange,Newburgh Town D003,Ballots Cast,,,,48
Orange,Newburgh Town D003,Comptroller,,DEM,Drew Warshaw,18
Orange,Newburgh Town D003,Comptroller,,DEM,Raj Goyle,6
Orange,Newburgh Town D003,Comptroller,,DEM,Thomas P. DiNapoli,20
Orange,Newburgh Town D003,Comptroller,,,Under Votes,1
Orange,Newburgh Town D003,Newburgh Town Justice,,WOR,Kenyon C. Trachte,3
Orange,Newburgh Town D003,State Senate,39,DEM,Evan R. Menist,23
Orange,Newburgh Town D003,State Senate,39,DEM,Gay Lee,1
Orange,Newburgh Town D003,State Senate,39,DEM,Lisa Kaul,20
Orange,Newburgh Town D003,State Senate,39,,Under Votes,1
Orange,Newburgh Town D004,Ballots Cast,,,,32
Orange,Newburgh Town D004,Comptroller,,DEM,Drew Warshaw,5
Orange,Newburgh Town D004,Comptroller,,DEM,Raj Goyle,2
Orange,Newburgh Town D004,Comptroller,,DEM,Thomas P. DiNapoli,20
Orange,Newburgh Town D004,Comptroller,,,Under Votes,3
Orange,Newburgh Town D004,Newburgh Town Justice,,WOR,Kenyon C. Trachte,2
Orange,Newburgh Town D004,State Senate,39,DEM,Evan R. Menist,12
Orange,Newburgh Town D004,State Senate,39,DEM,Gay Lee,6
Orange,Newburgh Town D004,State Senate,39,DEM,Lisa Kaul,12
Orange,Newburgh Town D005,Ballots Cast,,,,77
Orange,Newburgh Town D005,Comptroller,,DEM,Drew Warshaw,10
Orange,Newburgh Town D005,Comptroller,,DEM,Raj Goyle,13
Orange,Newburgh Town D005,Comptroller,,DEM,Thomas P. DiNapoli,48
Orange,Newburgh Town D005,Comptroller,,,Under Votes,6
Orange,Newburgh Town D005,State Senate,39,DEM,Evan R. Menist,27
Orange,Newburgh Town D005,State Senate,39,DEM,Gay Lee,7
Orange,Newburgh Town D005,State Senate,39,DEM,Lisa Kaul,41
Orange,Newburgh Town D005,State Senate,39,,Under Votes,2
Orange,Newburgh Town D006,Ballots Cast,,,,42
Orange,Newburgh Town D006,Comptroller,,DEM,Drew Warshaw,11
Orange,Newburgh Town D006,Comptroller,,DEM,Raj Goyle,3
Orange,Newburgh Town D006,Comptroller,,DEM,Thomas P. DiNapoli,24
Orange,Newburgh Town D006,Comptroller,,,Under Votes,4
Orange,Newburgh Town D006,State Senate,39,DEM,Evan R. Menist,16
Orange,Newburgh Town D006,State Senate,39,DEM,Gay Lee,13
Orange,Newburgh Town D006,State Senate,39,DEM,Lisa Kaul,13
Orange,Newburgh Town D007,Ballots Cast,,,,25
Orange,Newburgh Town D007,Comptroller,,DEM,Drew Warshaw,5
Orange,Newburgh Town D007,Comptroller,,DEM,Raj Goyle,3
Orange,Newburgh Town D007,Comptroller,,DEM,Thomas P. DiNapoli,16
Orange,Newburgh Town D007,Comptroller,,,Under Votes,1
Orange,Newburgh Town D007,State Senate,39,DEM,Evan R. Menist,8
Orange,Newburgh Town D007,State Senate,39,DEM,Gay Lee,6
Orange,Newburgh Town D007,State Senate,39,DEM,Lisa Kaul,11
Orange,Newburgh Town D008,Ballots Cast,,,,12
Orange,Newburgh Town D008,Comptroller,,DEM,Drew Warshaw,1
Orange,Newburgh Town D008,Comptroller,,DEM,Raj Goyle,3
Orange,Newburgh Town D008,Comptroller,,DEM,Thomas P. DiNapoli,8
Orange,Newburgh Town D008,State Senate,39,DEM,Evan R. Menist,8
Orange,Newburgh Town D008,State Senate,39,DEM,Lisa Kaul,3
Orange,Newburgh Town D008,State Senate,39,,Under Votes,1
Orange,Newburgh Town D009,Ballots Cast,,,,45
Orange,Newburgh Town D009,Comptroller,,DEM,Drew Warshaw,5
Orange,Newburgh Town D009,Comptroller,,DEM,Raj Goyle,2
Orange,Newburgh Town D009,Comptroller,,DEM,Thomas P. DiNapoli,38
Orange,Newburgh Town D009,State Senate,39,DEM,Evan R. Menist,16
Orange,Newburgh Town D009,State Senate,39,DEM,Gay Lee,9
Orange,Newburgh Town D009,State Senate,39,DEM,Lisa Kaul,19
Orange,Newburgh Town D009,State Senate,39,,Under Votes,1
Orange,Newburgh Town D010,Ballots Cast,,,,69
Orange,Newburgh Town D010,Comptroller,,DEM,Drew Warshaw,4
Orange,Newburgh Town D010,Comptroller,,DEM,Raj Goyle,9
Orange,Newburgh Town D010,Comptroller,,DEM,Thomas P. DiNapoli,54
Orange,Newburgh Town D010,Comptroller,,,Under Votes,1
Orange,Newburgh Town D010,Newburgh Town Justice,,WOR,Kenyon C. Trachte,1
Orange,Newburgh Town D010,State Senate,39,DEM,Evan R. Menist,11
Orange,Newburgh Town D010,State Senate,39,DEM,Gay Lee,15
Orange,Newburgh Town D010,State Senate,39,DEM,Lisa Kaul,39
Orange,Newburgh Town D010,State Senate,39,,Under Votes,3
Orange,Newburgh Town D011,Ballots Cast,,,,44
Orange,Newburgh Town D011,Comptroller,,DEM,Drew Warshaw,4
Orange,Newburgh Town D011,Comptroller,,DEM,Raj Goyle,3
Orange,Newburgh Town D011,Comptroller,,DEM,Thomas P. DiNapoli,36
Orange,Newburgh Town D011,Newburgh Town Justice,,WOR,Kenyon C. Trachte,1
Orange,Newburgh Town D011,State Senate,39,DEM,Evan R. Menist,12
Orange,Newburgh Town D011,State Senate,39,DEM,Gay Lee,15
Orange,Newburgh Town D011,State Senate,39,DEM,Lisa Kaul,15
Orange,Newburgh Town D011,State Senate,39,,Under Votes,1
Orange,Newburgh Town D012,Ballots Cast,,,,13
Orange,Newburgh Town D012,Comptroller,,DEM,Drew Warshaw,1
Orange,Newburgh Town D012,Comptroller,,DEM,Raj Goyle,1
Orange,Newburgh Town D012,Comptroller,,DEM,Thomas P. DiNapoli,11
Orange,Newburgh Town D012,State Senate,39,DEM,Evan R. Menist,4
Orange,Newburgh Town D012,State Senate,39,DEM,Gay Lee,1
Orange,Newburgh Town D012,State Senate,39,DEM,Lisa Kaul,7
Orange,Newburgh Town D012,State Senate,39,,Under Votes,1
Orange,Newburgh Town D013,Ballots Cast,,,,49
Orange,Newburgh Town D013,Comptroller,,DEM,Drew Warshaw,6
Orange,Newburgh Town D013,Comptroller,,DEM,Raj Goyle,6
Orange,Newburgh Town D013,Comptroller,,DEM,Thomas P. DiNapoli,33
Orange,Newburgh Town D013,Comptroller,,,Under Votes,2
Orange,Newburgh Town D013,Newburgh Town Justice,,WOR,Kenyon C. Trachte,2
Orange,Newburgh Town D013,State Senate,39,DEM,Evan R. Menist,9
Orange,Newburgh Town D013,State Senate,39,DEM,Gay Lee,12
Orange,Newburgh Town D013,State Senate,39,DEM,Lisa Kaul,24
Orange,Newburgh Town D013,State Senate,39,,Under Votes,2
Orange,Newburgh Town D014,Ballots Cast,,,,49
Orange,Newburgh Town D014,Comptroller,,DEM,Drew Warshaw,6
Orange,Newburgh Town D014,Comptroller,,DEM,Raj Goyle,2
Orange,Newburgh Town D014,Comptroller,,DEM,Thomas P. DiNapoli,35
Orange,Newburgh Town D014,Comptroller,,,Over Votes,1
Orange,Newburgh Town D014,Comptroller,,,Under Votes,2
Orange,Newburgh Town D014,Newburgh Town Justice,,WOR,Anthony LoBiondo,1
Orange,Newburgh Town D014,Newburgh Town Justice,,WOR,Kenyon C. Trachte,2
Orange,Newburgh Town D014,State Senate,39,DEM,Evan R. Menist,16
Orange,Newburgh Town D014,State Senate,39,DEM,Gay Lee,5
Orange,Newburgh Town D014,State Senate,39,DEM,Lisa Kaul,23
Orange,Newburgh Town D014,State Senate,39,,Over Votes,2
Orange,Newburgh Town D015,Ballots Cast,,,,51
Orange,Newburgh Town D015,Comptroller,,DEM,Drew Warshaw,6
Orange,Newburgh Town D015,Comptroller,,DEM,Raj Goyle,5
Orange,Newburgh Town D015,Comptroller,,DEM,Thomas P. DiNapoli,33
Orange,Newburgh Town D015,Comptroller,,,Under Votes,5
Orange,Newburgh Town D015,Newburgh Town Justice,,WOR,Kenyon C. Trachte,2
Orange,Newburgh Town D015,State Senate,39,DEM,Evan R. Menist,13
Orange,Newburgh Town D015,State Senate,39,DEM,Gay Lee,6
Orange,Newburgh Town D015,State Senate,39,DEM,Lisa Kaul,29
Orange,Newburgh Town D015,State Senate,39,,Under Votes,1
Orange,Newburgh Town D016,Ballots Cast,,,,24
Orange,Newburgh Town D016,Comptroller,,DEM,Drew Warshaw,8
Orange,Newburgh Town D016,Comptroller,,DEM,Raj Goyle,3
Orange,Newburgh Town D016,Comptroller,,DEM,Thomas P. DiNapoli,12
Orange,Newburgh Town D016,Comptroller,,,Under Votes,1
Orange,Newburgh Town D016,State Senate,39,DEM,Evan R. Menist,7
Orange,Newburgh Town D016,State Senate,39,DEM,Gay Lee,1
Orange,Newburgh Town D016,State Senate,39,DEM,Lisa Kaul,15
Orange,Newburgh Town D016,State Senate,39,,Under Votes,1
Orange,Newburgh Town D017,Ballots Cast,,,,32
Orange,Newburgh Town D017,Comptroller,,DEM,Drew Warshaw,3
Orange,Newburgh Town D017,Comptroller,,DEM,Raj Goyle,3
Orange,Newburgh Town D017,Comptroller,,DEM,Thomas P. DiNapoli,22
Orange,Newburgh Town D017,Comptroller,,,Over Votes,1
Orange,Newburgh Town D017,Comptroller,,,Under Votes,1
Orange,Newburgh Town D017,Newburgh Town Justice,,WOR,Anthony LoBiondo,1
Orange,Newburgh Town D017,Newburgh Town Justice,,WOR,Kenyon C. Trachte,1
Orange,Newburgh Town D017,State Senate,39,DEM,Evan R. Menist,11
Orange,Newburgh Town D017,State Senate,39,DEM,Gay Lee,6
Orange,Newburgh Town D017,State Senate,39,DEM,Lisa Kaul,12
Orange,Newburgh Town D017,State Senate,39,,Over Votes,1
Orange,Newburgh Town D018,Ballots Cast,,,,32
Orange,Newburgh Town D018,Comptroller,,DEM,Drew Warshaw,7
Orange,Newburgh Town D018,Comptroller,,DEM,Raj Goyle,5
Orange,Newburgh Town D018,Comptroller,,DEM,Thomas P. DiNapoli,16
Orange,Newburgh Town D018,Comptroller,,,Under Votes,1
Orange,Newburgh Town D018,Newburgh Town Justice,,WOR,Anthony LoBiondo,2
Orange,Newburgh Town D018,Newburgh Town Justice,,WOR,Kenyon C. Trachte,1
Orange,Newburgh Town D018,State Senate,39,DEM,Evan R. Menist,9
Orange,Newburgh Town D018,State Senate,39,DEM,Gay Lee,4
Orange,Newburgh Town D018,State Senate,39,DEM,Lisa Kaul,16
Orange,Newburgh Town D019,Ballots Cast,,,,41
Orange,Newburgh Town D019,Comptroller,,DEM,Drew Warshaw,2
Orange,Newburgh Town D019,Comptroller,,DEM,Raj Goyle,5
Orange,Newburgh Town D019,Comptroller,,DEM,Thomas P. DiNapoli,29
Orange,Newburgh Town D019,Comptroller,,,Under Votes,4
Orange,Newburgh Town D019,Newburgh Town Justice,,WOR,Kenyon C. Trachte,1
Orange,Newburgh Town D019,State Senate,39,DEM,Evan R. Menist,12
Orange,Newburgh Town D019,State Senate,39,DEM,Gay Lee,8
Orange,Newburgh Town D019,State Senate,39,DEM,Lisa Kaul,19
Orange,Newburgh Town D019,State Senate,39,,Under Votes,1
Orange,Newburgh Town D020,Ballots Cast,,,,28
Orange,Newburgh Town D020,Comptroller,,DEM,Drew Warshaw,8
Orange,Newburgh Town D020,Comptroller,,DEM,Raj Goyle,2
Orange,Newburgh Town D020,Comptroller,,DEM,Thomas P. DiNapoli,16
Orange,Newburgh Town D020,Comptroller,,,Under Votes,1
Orange,Newburgh Town D020,Newburgh Town Justice,,WOR,Anthony LoBiondo,1
Orange,Newburgh Town D020,State Senate,39,DEM,Evan R. Menist,12
Orange,Newburgh Town D020,State Senate,39,DEM,Lisa Kaul,15
Orange,Newburgh Town D021,Ballots Cast,,,,41
Orange,Newburgh Town D021,Comptroller,,DEM,Drew Warshaw,4
Orange,Newburgh Town D021,Comptroller,,DEM,Raj Goyle,5
Orange,Newburgh Town D021,Comptroller,,DEM,Thomas P. DiNapoli,27
Orange,Newburgh Town D021,Comptroller,,DEM,Write-in,3
Orange,Newburgh Town D021,Newburgh Town Justice,,WOR,Kenyon C. Trachte,2
Orange,Newburgh Town D021,State Senate,39,DEM,Evan R. Menist,13
Orange,Newburgh Town D021,State Senate,39,DEM,Gay Lee,7
Orange,Newburgh Town D021,State Senate,39,DEM,Lisa Kaul,16
Orange,Newburgh Town D021,State Senate,39,DEM,Write-in,3
Orange,Newburgh Town D022,Ballots Cast,,,,46
Orange,Newburgh Town D022,Comptroller,,DEM,Drew Warshaw,3
Orange,Newburgh Town D022,Comptroller,,DEM,Raj Goyle,4
Orange,Newburgh Town D022,Comptroller,,DEM,Thomas P. DiNapoli,32
Orange,Newburgh Town D022,Comptroller,,,Over Votes,1
Orange,Newburgh Town D022,Comptroller,,,Under Votes,3
Orange,Newburgh Town D022,Newburgh Town Justice,,WOR,Anthony LoBiondo,2
Orange,Newburgh Town D022,Newburgh Town Justice,,WOR,Kenyon C. Trachte,1
Orange,Newburgh Town D022,State Senate,39,DEM,Evan R. Menist,11
Orange,Newburgh Town D022,State Senate,39,DEM,Gay Lee,10
Orange,Newburgh Town D022,State Senate,39,DEM,Lisa Kaul,18
Orange,Newburgh Town D022,State Senate,39,,Over Votes,1
Orange,Newburgh Town D022,State Senate,39,,Under Votes,3
Orange,Newburgh Town D023,Ballots Cast,,,,27
Orange,Newburgh Town D023,Comptroller,,DEM,Drew Warshaw,6
Orange,Newburgh Town D023,Comptroller,,DEM,Raj Goyle,1
Orange,Newburgh Town D023,Comptroller,,DEM,Thomas P. DiNapoli,19
Orange,Newburgh Town D023,Comptroller,,,Under Votes,1
Orange,Newburgh Town D023,State Senate,39,DEM,Evan R. Menist,9
Orange,Newburgh Town D023,State Senate,39,DEM,Gay Lee,7
Orange,Newburgh Town D023,State Senate,39,DEM,Lisa Kaul,10
Orange,Newburgh Town D023,State Senate,39,,Under Votes,1
Orange,Newburgh Town D024,Ballots Cast,,,,22
Orange,Newburgh Town D024,Comptroller,,DEM,Drew Warshaw,4
Orange,Newburgh Town D024,Comptroller,,DEM,Raj Goyle,6
Orange,Newburgh Town D024,Comptroller,,DEM,Thomas P. DiNapoli,11
Orange,Newburgh Town D024,Comptroller,,,Under Votes,1
Orange,Newburgh Town D024,State Senate,39,DEM,Evan R. Menist,6
Orange,Newburgh Town D024,State Senate,39,DEM,Gay Lee,4
Orange,Newburgh Town D024,State Senate,39,DEM,Lisa Kaul,12
Orange,Newburgh Town D025,Ballots Cast,,,,42
Orange,Newburgh Town D025,Comptroller,,DEM,Drew Warshaw,7
Orange,Newburgh Town D025,Comptroller,,DEM,Raj Goyle,9
Orange,Newburgh Town D025,Comptroller,,DEM,Thomas P. DiNapoli,24
Orange,Newburgh Town D025,Newburgh Town Justice,,WOR,Kenyon C. Trachte,2
Orange,Newburgh Town D025,State Senate,39,DEM,Evan R. Menist,11
Orange,Newburgh Town D025,State Senate,39,DEM,Gay Lee,8
Orange,Newburgh Town D025,State Senate,39,DEM,Lisa Kaul,21
Orange,Newburgh Town D026,Ballots Cast,,,,36
Orange,Newburgh Town D026,Comptroller,,DEM,Drew Warshaw,5
Orange,Newburgh Town D026,Comptroller,,DEM,Raj Goyle,9
Orange,Newburgh Town D026,Comptroller,,DEM,Thomas P. DiNapoli,21
Orange,Newburgh Town D026,Newburgh Town Justice,,WOR,Kenyon C. Trachte,1
Orange,Newburgh Town D026,State Senate,39,DEM,Evan R. Menist,9
Orange,Newburgh Town D026,State Senate,39,DEM,Gay Lee,3
Orange,Newburgh Town D026,State Senate,39,DEM,Lisa Kaul,23
Orange,Newburgh Town D027,Ballots Cast,,,,33
Orange,Newburgh Town D027,Comptroller,,DEM,Drew Warshaw,1
Orange,Newburgh Town D027,Comptroller,,DEM,Raj Goyle,4
Orange,Newburgh Town D027,Comptroller,,DEM,Thomas P. DiNapoli,27
Orange,Newburgh Town D027,Comptroller,,,Under Votes,1
Orange,Newburgh Town D027,State Senate,39,DEM,Evan R. Menist,6
Orange,Newburgh Town D027,State Senate,39,DEM,Gay Lee,4
Orange,Newburgh Town D027,State Senate,39,DEM,Lisa Kaul,21
Orange,Newburgh Town D027,State Senate,39,,Under Votes,2
Orange,Port Jervis W001 D001,Ballots Cast,,,,26
Orange,Port Jervis W001 D001,Comptroller,,DEM,Drew Warshaw,5
Orange,Port Jervis W001 D001,Comptroller,,DEM,Raj Goyle,3
Orange,Port Jervis W001 D001,Comptroller,,DEM,Thomas P. DiNapoli,17
Orange,Port Jervis W001 D001,State Senate,42,CON,Jennifer R. Figueroa,1
Orange,Port Jervis W001 D002,Ballots Cast,,,,3
Orange,Port Jervis W001 D002,Comptroller,,DEM,Drew Warshaw,1
Orange,Port Jervis W001 D002,Comptroller,,DEM,Raj Goyle,1
Orange,Port Jervis W001 D002,State Senate,42,CON,Jennifer R. Figueroa,1
Orange,Port Jervis W002 D001,Ballots Cast,,,,13
Orange,Port Jervis W002 D001,Comptroller,,DEM,Drew Warshaw,1
Orange,Port Jervis W002 D001,Comptroller,,DEM,Thomas P. DiNapoli,12
Orange,Port Jervis W002 D002,Ballots Cast,,,,14
Orange,Port Jervis W002 D002,Comptroller,,DEM,Thomas P. DiNapoli,11
Orange,Port Jervis W002 D002,State Senate,42,CON,Jennifer R. Figueroa,3
Orange,Port Jervis W003 D001,Ballots Cast,,,,11
Orange,Port Jervis W003 D001,Comptroller,,DEM,Drew Warshaw,3
Orange,Port Jervis W003 D001,Comptroller,,DEM,Raj Goyle,1
Orange,Port Jervis W003 D001,Comptroller,,DEM,Thomas P. DiNapoli,7
Orange,Port Jervis W003 D002,Ballots Cast,,,,19
Orange,Port Jervis W003 D002,Comptroller,,DEM,Drew Warshaw,2
Orange,Port Jervis W003 D002,Comptroller,,DEM,Raj Goyle,1
Orange,Port Jervis W003 D002,Comptroller,,DEM,Thomas P. DiNapoli,15
Orange,Port Jervis W003 D002,State Senate,42,CON,Jennifer R. Figueroa,1
Orange,Port Jervis W004 D001,Ballots Cast,,,,6
Orange,Port Jervis W004 D001,Comptroller,,DEM,Drew Warshaw,1
Orange,Port Jervis W004 D001,Comptroller,,DEM,Raj Goyle,2
Orange,Port Jervis W004 D001,Comptroller,,DEM,Thomas P. DiNapoli,3
Orange,Port Jervis W004 D002,Ballots Cast,,,,22
Orange,Port Jervis W004 D002,Comptroller,,DEM,Drew Warshaw,4
Orange,Port Jervis W004 D002,Comptroller,,DEM,Raj Goyle,1
Orange,Port Jervis W004 D002,Comptroller,,DEM,Thomas P. DiNapoli,14
Orange,Port Jervis W004 D002,State Senate,42,CON,Jennifer R. Figueroa,3
Orange,Tuxedo D001,Ballots Cast,,,,14
Orange,Tuxedo D001,Comptroller,,DEM,Drew Warshaw,3
Orange,Tuxedo D001,Comptroller,,DEM,Thomas P. DiNapoli,9
Orange,Tuxedo D001,State Senate,42,CON,Jennifer R. Figueroa,2
Orange,Tuxedo D002,Ballots Cast,,,,35
Orange,Tuxedo D002,Comptroller,,DEM,Drew Warshaw,7
Orange,Tuxedo D002,Comptroller,,DEM,Raj Goyle,4
Orange,Tuxedo D002,Comptroller,,DEM,Thomas P. DiNapoli,24
Orange,Tuxedo D003,Ballots Cast,,,,6
Orange,Tuxedo D003,Comptroller,,DEM,Drew Warshaw,1
Orange,Tuxedo D003,Comptroller,,DEM,Thomas P. DiNapoli,5
Orange,Tuxedo D004,Ballots Cast,,,,26
Orange,Tuxedo D004,Comptroller,,DEM,Drew Warshaw,3
Orange,Tuxedo D004,Comptroller,,DEM,Raj Goyle,1
Orange,Tuxedo D004,Comptroller,,DEM,Thomas P. DiNapoli,21
Orange,Tuxedo D004,State Senate,42,CON,Jennifer R. Figueroa,1
Orange,Wallkill W001 D001,Ballots Cast,,,,17
Orange,Wallkill W001 D001,Comptroller,,DEM,Thomas P. DiNapoli,11
Orange,Wallkill W001 D001,Comptroller,,,Over Votes,1
Orange,Wallkill W001 D001,State Senate,42,CON,Jennifer R. Figueroa,4
Orange,Wallkill W001 D001,State Senate,42,CON,Write-in,1
Orange,Wallkill W001 D002,Ballots Cast,,,,21
Orange,Wallkill W001 D002,Comptroller,,DEM,Drew Warshaw,3
Orange,Wallkill W001 D002,Comptroller,,DEM,Raj Goyle,1
Orange,Wallkill W001 D002,Comptroller,,DEM,Thomas P. DiNapoli,14
Orange,Wallkill W001 D002,State Senate,42,CON,Jennifer R. Figueroa,3
Orange,Wallkill W001 D003,Ballots Cast,,,,9
Orange,Wallkill W001 D003,Comptroller,,DEM,Drew Warshaw,1
Orange,Wallkill W001 D003,Comptroller,,DEM,Thomas P. DiNapoli,6
Orange,Wallkill W001 D003,State Senate,42,CON,Jennifer R. Figueroa,2
Orange,Wallkill W001 D004,Ballots Cast,,,,7
Orange,Wallkill W001 D004,Comptroller,,DEM,Drew Warshaw,1
Orange,Wallkill W001 D004,Comptroller,,DEM,Raj Goyle,1
Orange,Wallkill W001 D004,Comptroller,,DEM,Thomas P. DiNapoli,4
Orange,Wallkill W001 D004,State Senate,42,CON,Jennifer R. Figueroa,1
Orange,Wallkill W001 D005,Ballots Cast,,,,21
Orange,Wallkill W001 D005,Comptroller,,DEM,Drew Warshaw,3
Orange,Wallkill W001 D005,Comptroller,,DEM,Raj Goyle,1
Orange,Wallkill W001 D005,Comptroller,,DEM,Thomas P. DiNapoli,15
Orange,Wallkill W001 D005,State Senate,42,CON,Jennifer R. Figueroa,2
Orange,Wallkill W001 D006,Ballots Cast,,,,17
Orange,Wallkill W001 D006,Comptroller,,DEM,Drew Warshaw,7
Orange,Wallkill W001 D006,Comptroller,,DEM,Raj Goyle,2
Orange,Wallkill W001 D006,Comptroller,,DEM,Thomas P. DiNapoli,8
Orange,Wallkill W001 D007,Ballots Cast,,,,11
Orange,Wallkill W001 D007,Comptroller,,DEM,Drew Warshaw,1
Orange,Wallkill W001 D007,Comptroller,,DEM,Raj Goyle,1
Orange,Wallkill W001 D007,Comptroller,,DEM,Thomas P. DiNapoli,7
Orange,Wallkill W001 D007,State Senate,42,CON,Jennifer R. Figueroa,2
Orange,Wallkill W002 D001,Ballots Cast,,,,28
Orange,Wallkill W002 D001,Comptroller,,DEM,Drew Warshaw,4
Orange,Wallkill W002 D001,Comptroller,,DEM,Thomas P. DiNapoli,21
Orange,Wallkill W002 D001,State Senate,42,CON,Jennifer R. Figueroa,3
Orange,Wallkill W002 D002,Ballots Cast,,,,25
Orange,Wallkill W002 D002,Comptroller,,DEM,Drew Warshaw,4
Orange,Wallkill W002 D002,Comptroller,,DEM,Raj Goyle,4
Orange,Wallkill W002 D002,Comptroller,,DEM,Thomas P. DiNapoli,13
Orange,Wallkill W002 D002,State Senate,42,CON,Jennifer R. Figueroa,4
Orange,Wallkill W002 D003,Ballots Cast,,,,29
Orange,Wallkill W002 D003,Comptroller,,DEM,Drew Warshaw,4
Orange,Wallkill W002 D003,Comptroller,,DEM,Raj Goyle,7
Orange,Wallkill W002 D003,Comptroller,,DEM,Thomas P. DiNapoli,17
Orange,Wallkill W002 D003,State Senate,42,CON,Jennifer R. Figueroa,1
Orange,Wallkill W002 D004,Ballots Cast,,,,26
Orange,Wallkill W002 D004,Comptroller,,DEM,Drew Warshaw,4
Orange,Wallkill W002 D004,Comptroller,,DEM,Thomas P. DiNapoli,22
Orange,Wallkill W002 D005,Ballots Cast,,,,30
Orange,Wallkill W002 D005,Comptroller,,DEM,Drew Warshaw,4
Orange,Wallkill W002 D005,Comptroller,,DEM,Thomas P. DiNapoli,22
Orange,Wallkill W002 D005,Comptroller,,,Over Votes,1
Orange,Wallkill W002 D005,State Senate,42,CON,Jennifer R. Figueroa,3
Orange,Wallkill W002 D006,Ballots Cast,,,,25
Orange,Wallkill W002 D006,Comptroller,,DEM,Drew Warshaw,5
Orange,Wallkill W002 D006,Comptroller,,DEM,Thomas P. DiNapoli,19
Orange,Wallkill W002 D006,State Senate,42,CON,Jennifer R. Figueroa,1
Orange,Wallkill W003 D001,Ballots Cast,,,,47
Orange,Wallkill W003 D001,Comptroller,,DEM,Drew Warshaw,2
Orange,Wallkill W003 D001,Comptroller,,DEM,Raj Goyle,3
Orange,Wallkill W003 D001,Comptroller,,DEM,Thomas P. DiNapoli,40
Orange,Wallkill W003 D001,State Senate,42,CON,Jennifer R. Figueroa,2
Orange,Wallkill W003 D002,Ballots Cast,,,,18
Orange,Wallkill W003 D002,Comptroller,,DEM,Drew Warshaw,2
Orange,Wallkill W003 D002,Comptroller,,DEM,Thomas P. DiNapoli,14
Orange,Wallkill W003 D002,State Senate,42,CON,Jennifer R. Figueroa,2
Orange,Wallkill W003 D003,Ballots Cast,,,,57
Orange,Wallkill W003 D003,Comptroller,,DEM,Drew Warshaw,1
Orange,Wallkill W003 D003,Comptroller,,DEM,Raj Goyle,3
Orange,Wallkill W003 D003,Comptroller,,DEM,Thomas P. DiNapoli,51
Orange,Wallkill W003 D003,State Senate,42,CON,Jennifer R. Figueroa,2
Orange,Wallkill W003 D004,Ballots Cast,,,,33
Orange,Wallkill W003 D004,Comptroller,,DEM,Drew Warshaw,3
Orange,Wallkill W003 D004,Comptroller,,DEM,Raj Goyle,5
Orange,Wallkill W003 D004,Comptroller,,DEM,Thomas P. DiNapoli,24
Orange,Wallkill W003 D004,State Senate,42,CON,Jennifer R. Figueroa,1
Orange,Wallkill W003 D005,Ballots Cast,,,,34
Orange,Wallkill W003 D005,Comptroller,,DEM,Drew Warshaw,3
Orange,Wallkill W003 D005,Comptroller,,DEM,Raj Goyle,3
Orange,Wallkill W003 D005,Comptroller,,DEM,Thomas P. DiNapoli,28
Orange,Wallkill W003 D006,Ballots Cast,,,,33
Orange,Wallkill W003 D006,Comptroller,,DEM,Drew Warshaw,4
Orange,Wallkill W003 D006,Comptroller,,DEM,Raj Goyle,3
Orange,Wallkill W003 D006,Comptroller,,DEM,Thomas P. DiNapoli,26
Orange,Wallkill W003 D007,Ballots Cast,,,,24
Orange,Wallkill W003 D007,Comptroller,,DEM,Drew Warshaw,2
Orange,Wallkill W003 D007,Comptroller,,DEM,Raj Goyle,6
Orange,Wallkill W003 D007,Comptroller,,DEM,Thomas P. DiNapoli,16
Orange,Wallkill W004 D001,Ballots Cast,,,,22
Orange,Wallkill W004 D001,Comptroller,,DEM,Drew Warshaw,1
Orange,Wallkill W004 D001,Comptroller,,DEM,Raj Goyle,3
Orange,Wallkill W004 D001,Comptroller,,DEM,Thomas P. DiNapoli,17
Orange,Wallkill W004 D001,State Senate,42,CON,Jennifer R. Figueroa,1
Orange,Wallkill W004 D002,Ballots Cast,,,,18
Orange,Wallkill W004 D002,Comptroller,,DEM,Drew Warshaw,2
Orange,Wallkill W004 D002,Comptroller,,DEM,Raj Goyle,3
Orange,Wallkill W004 D002,Comptroller,,DEM,Thomas P. DiNapoli,13
Orange,Wallkill W004 D003,Ballots Cast,,,,8
Orange,Wallkill W004 D003,Comptroller,,DEM,Raj Goyle,1
Orange,Wallkill W004 D003,Comptroller,,DEM,Thomas P. DiNapoli,7
Orange,Wallkill W004 D004,Ballots Cast,,,,23
Orange,Wallkill W004 D004,Comptroller,,DEM,Drew Warshaw,4
Orange,Wallkill W004 D004,Comptroller,,DEM,Raj Goyle,3
Orange,Wallkill W004 D004,Comptroller,,DEM,Thomas P. DiNapoli,16
Orange,Wallkill W004 D005,Ballots Cast,,,,23
Orange,Wallkill W004 D005,Comptroller,,DEM,Drew Warshaw,2
Orange,Wallkill W004 D005,Comptroller,,DEM,Raj Goyle,2
Orange,Wallkill W004 D005,Comptroller,,DEM,Thomas P. DiNapoli,19
Orange,Warwick D001,Ballots Cast,,,,45
Orange,Warwick D001,Comptroller,,DEM,Drew Warshaw,5
Orange,Warwick D001,Comptroller,,DEM,Raj Goyle,5
Orange,Warwick D001,Comptroller,,DEM,Thomas P. DiNapoli,34
Orange,Warwick D001,State Senate,42,CON,Jennifer R. Figueroa,1
Orange,Warwick D002,Ballots Cast,,,,40
Orange,Warwick D002,Comptroller,,DEM,Drew Warshaw,6
Orange,Warwick D002,Comptroller,,DEM,Raj Goyle,8
Orange,Warwick D002,Comptroller,,DEM,Thomas P. DiNapoli,26
Orange,Warwick D003,Ballots Cast,,,,17
Orange,Warwick D003,Comptroller,,DEM,Drew Warshaw,3
Orange,Warwick D003,Comptroller,,DEM,Raj Goyle,2
Orange,Warwick D003,Comptroller,,DEM,Thomas P. DiNapoli,9
Orange,Warwick D003,Comptroller,,DEM,Write-in,2
Orange,Warwick D003,State Senate,42,CON,Jennifer R. Figueroa,1
Orange,Warwick D004,Ballots Cast,,,,28
Orange,Warwick D004,Comptroller,,DEM,Drew Warshaw,4
Orange,Warwick D004,Comptroller,,DEM,Raj Goyle,2
Orange,Warwick D004,Comptroller,,DEM,Thomas P. DiNapoli,21
Orange,Warwick D004,State Senate,42,CON,Jennifer R. Figueroa,1
Orange,Warwick D005,Ballots Cast,,,,12
Orange,Warwick D005,Comptroller,,DEM,Drew Warshaw,1
Orange,Warwick D005,Comptroller,,DEM,Raj Goyle,4
Orange,Warwick D005,Comptroller,,DEM,Thomas P. DiNapoli,5
Orange,Warwick D005,State Senate,42,CON,Jennifer R. Figueroa,2
Orange,Warwick D006,Ballots Cast,,,,11
Orange,Warwick D006,Comptroller,,DEM,Drew Warshaw,2
Orange,Warwick D006,Comptroller,,DEM,Raj Goyle,1
Orange,Warwick D006,Comptroller,,DEM,Thomas P. DiNapoli,7
Orange,Warwick D006,State Senate,42,CON,Jennifer R. Figueroa,1
Orange,Warwick D007,Ballots Cast,,,,21
Orange,Warwick D007,Comptroller,,DEM,Raj Goyle,3
Orange,Warwick D007,Comptroller,,DEM,Thomas P. DiNapoli,17
Orange,Warwick D007,State Senate,42,CON,Jennifer R. Figueroa,1
Orange,Warwick D008,Ballots Cast,,,,16
Orange,Warwick D008,Comptroller,,DEM,Drew Warshaw,2
Orange,Warwick D008,Comptroller,,DEM,Raj Goyle,2
Orange,Warwick D008,Comptroller,,DEM,Thomas P. DiNapoli,11
Orange,Warwick D008,State Senate,42,CON,Jennifer R. Figueroa,1
Orange,Warwick D009,Ballots Cast,,,,22
Orange,Warwick D009,Comptroller,,DEM,Drew Warshaw,5
Orange,Warwick D009,Comptroller,,DEM,Raj Goyle,1
Orange,Warwick D009,Comptroller,,DEM,Thomas P. DiNapoli,16
Orange,Warwick D010,Ballots Cast,,,,19
Orange,Warwick D010,Comptroller,,DEM,Drew Warshaw,1
Orange,Warwick D010,Comptroller,,DEM,Raj Goyle,1
Orange,Warwick D010,Comptroller,,DEM,Thomas P. DiNapoli,16
Orange,Warwick D010,State Senate,42,CON,Jennifer R. Figueroa,1
Orange,Warwick D011,Ballots Cast,,,,16
Orange,Warwick D011,Comptroller,,DEM,Drew Warshaw,1
Orange,Warwick D011,Comptroller,,DEM,Raj Goyle,2
Orange,Warwick D011,Comptroller,,DEM,Thomas P. DiNapoli,11
Orange,Warwick D011,State Senate,42,CON,Jennifer R. Figueroa,2
Orange,Warwick D012,Ballots Cast,,,,22
Orange,Warwick D012,Comptroller,,DEM,Drew Warshaw,2
Orange,Warwick D012,Comptroller,,DEM,Raj Goyle,5
Orange,Warwick D012,Comptroller,,DEM,Thomas P. DiNapoli,14
Orange,Warwick D012,State Senate,42,CON,Jennifer R. Figueroa,1
Orange,Warwick D013,Ballots Cast,,,,9
Orange,Warwick D013,Comptroller,,DEM,Drew Warshaw,4
Orange,Warwick D013,Comptroller,,DEM,Raj Goyle,1
Orange,Warwick D013,Comptroller,,DEM,Thomas P. DiNapoli,4
Orange,Warwick D014,Ballots Cast,,,,25
Orange,Warwick D014,Comptroller,,DEM,Drew Warshaw,2
Orange,Warwick D014,Comptroller,,DEM,Raj Goyle,2
Orange,Warwick D014,Comptroller,,DEM,Thomas P. DiNapoli,20
Orange,Warwick D014,State Senate,42,CON,Jennifer R. Figueroa,1
Orange,Warwick D015,Ballots Cast,,,,19
Orange,Warwick D015,Comptroller,,DEM,Drew Warshaw,9
Orange,Warwick D015,Comptroller,,DEM,Raj Goyle,1
Orange,Warwick D015,Comptroller,,DEM,Thomas P. DiNapoli,9
Orange,Warwick D016,Ballots Cast,,,,15
Orange,Warwick D016,Comptroller,,DEM,Drew Warshaw,3
Orange,Warwick D016,Comptroller,,DEM,Thomas P. DiNapoli,11
Orange,Warwick D016,State Senate,42,CON,Jennifer R. Figueroa,1
Orange,Warwick D017,Ballots Cast,,,,15
Orange,Warwick D017,Comptroller,,DEM,Drew Warshaw,3
Orange,Warwick D017,Comptroller,,DEM,Thomas P. DiNapoli,12
Orange,Warwick D018,Ballots Cast,,,,19
Orange,Warwick D018,Comptroller,,DEM,Drew Warshaw,3
Orange,Warwick D018,Comptroller,,DEM,Raj Goyle,2
Orange,Warwick D018,Comptroller,,DEM,Thomas P. DiNapoli,12
Orange,Warwick D018,State Senate,42,CON,Jennifer R. Figueroa,2
Orange,Warwick D019,Ballots Cast,,,,25
Orange,Warwick D019,Comptroller,,DEM,Drew Warshaw,2
Orange,Warwick D019,Comptroller,,DEM,Raj Goyle,6
Orange,Warwick D019,Comptroller,,DEM,Thomas P. DiNapoli,10
Orange,Warwick D019,State Senate,42,CON,Jennifer R. Figueroa,7
Orange,Warwick D020,Ballots Cast,,,,13
Orange,Warwick D020,Comptroller,,DEM,Drew Warshaw,3
Orange,Warwick D020,Comptroller,,DEM,Raj Goyle,2
Orange,Warwick D020,Comptroller,,DEM,Thomas P. DiNapoli,7
Orange,Warwick D020,State Senate,42,CON,Jennifer R. Figueroa,1
Orange,Warwick D021,Ballots Cast,,,,16
Orange,Warwick D021,Comptroller,,DEM,Raj Goyle,4
Orange,Warwick D021,Comptroller,,DEM,Thomas P. DiNapoli,12
Orange,Warwick D022,Ballots Cast,,,,15
Orange,Warwick D022,Comptroller,,DEM,Drew Warshaw,4
Orange,Warwick D022,Comptroller,,DEM,Raj Goyle,1
Orange,Warwick D022,Comptroller,,DEM,Thomas P. DiNapoli,9
Orange,Warwick D022,State Senate,42,CON,Jennifer R. Figueroa,1
Orange,Warwick D023,Ballots Cast,,,,11
Orange,Warwick D023,Comptroller,,DEM,Drew Warshaw,4
Orange,Warwick D023,Comptroller,,DEM,Raj Goyle,1
Orange,Warwick D023,Comptroller,,DEM,Thomas P. DiNapoli,6
Orange,Warwick D024,Ballots Cast,,,,12
Orange,Warwick D024,Comptroller,,DEM,Drew Warshaw,3
Orange,Warwick D024,Comptroller,,DEM,Raj Goyle,1
Orange,Warwick D024,Comptroller,,DEM,Thomas P. DiNapoli,7
Orange,Warwick D024,State Senate,42,CON,Jennifer R. Figueroa,1
Orange,Warwick D025,Ballots Cast,,,,15
Orange,Warwick D025,Comptroller,,DEM,Drew Warshaw,1
Orange,Warwick D025,Comptroller,,DEM,Thomas P. DiNapoli,14
Orange,Warwick D026,Ballots Cast,,,,19
Orange,Warwick D026,Comptroller,,DEM,Drew Warshaw,4
Orange,Warwick D026,Comptroller,,DEM,Raj Goyle,4
Orange,Warwick D026,Comptroller,,DEM,Thomas P. DiNapoli,11
Orange,Warwick D027,Ballots Cast,,,,25
Orange,Warwick D027,Comptroller,,DEM,Drew Warshaw,4
Orange,Warwick D027,Comptroller,,DEM,Raj Goyle,4
Orange,Warwick D027,Comptroller,,DEM,Thomas P. DiNapoli,16
Orange,Warwick D027,State Senate,42,CON,Jennifer R. Figueroa,1
Orange,Warwick D028,Ballots Cast,,,,6
Orange,Warwick D028,Comptroller,,DEM,Thomas P. DiNapoli,4
Orange,Warwick D028,State Senate,42,CON,Jennifer R. Figueroa,2
Orange,Warwick D029,Ballots Cast,,,,13
Orange,Warwick D029,Comptroller,,DEM,Drew Warshaw,4
Orange,Warwick D029,Comptroller,,DEM,Raj Goyle,1
Orange,Warwick D029,Comptroller,,DEM,Thomas P. DiNapoli,7
Orange,Warwick D029,State Senate,42,CON,Jennifer R. Figueroa,1
Orange,Warwick D030,Ballots Cast,,,,8
Orange,Warwick D030,Comptroller,,DEM,Raj Goyle,1
Orange,Warwick D030,Comptroller,,DEM,Thomas P. DiNapoli,7
Orange,Warwick D031,Ballots Cast,,,,9
Orange,Warwick D031,Comptroller,,DEM,Thomas P. DiNapoli,9
Orange,Warwick D032,Ballots Cast,,,,20
Orange,Warwick D032,Comptroller,,DEM,Drew Warshaw,3
Orange,Warwick D032,Comptroller,,DEM,Raj Goyle,2
Orange,Warwick D032,Comptroller,,DEM,Thomas P. DiNapoli,14
Orange,Warwick D032,State Senate,42,CON,Jennifer R. Figueroa,1
Orange,Wawayanda D001,Ballots Cast,,,,23
Orange,Wawayanda D001,Comptroller,,DEM,Drew Warshaw,2
Orange,Wawayanda D001,Comptroller,,DEM,Raj Goyle,1
Orange,Wawayanda D001,Comptroller,,DEM,Thomas P. DiNapoli,17
Orange,Wawayanda D001,State Senate,42,CON,Jennifer R. Figueroa,3
Orange,Wawayanda D002,Ballots Cast,,,,12
Orange,Wawayanda D002,Comptroller,,DEM,Drew Warshaw,2
Orange,Wawayanda D002,Comptroller,,DEM,Thomas P. DiNapoli,8
Orange,Wawayanda D002,State Senate,42,CON,Jennifer R. Figueroa,2
Orange,Wawayanda D003,Ballots Cast,,,,24
Orange,Wawayanda D003,Comptroller,,DEM,Drew Warshaw,3
Orange,Wawayanda D003,Comptroller,,DEM,Raj Goyle,4
Orange,Wawayanda D003,Comptroller,,DEM,Thomas P. DiNapoli,13
Orange,Wawayanda D003,State Senate,42,CON,Jennifer R. Figueroa,4
Orange,Wawayanda D004,Ballots Cast,,,,14
Orange,Wawayanda D004,Comptroller,,DEM,Drew Warshaw,4
Orange,Wawayanda D004,Comptroller,,DEM,Raj Goyle,1
Orange,Wawayanda D004,Comptroller,,DEM,Thomas P. DiNapoli,8
Orange,Wawayanda D004,State Senate,42,CON,Jennifer R. Figueroa,1
Orange,Wawayanda D005,Ballots Cast,,,,15
Orange,Wawayanda D005,Comptroller,,DEM,Drew Warshaw,2
Orange,Wawayanda D005,Comptroller,,DEM,Thomas P. DiNapoli,10
Orange,Wawayanda D005,State Senate,42,CON,Jennifer R. Figueroa,3
Orange,Wawayanda D006,Ballots Cast,,,,22
Orange,Wawayanda D006,Comptroller,,DEM,Drew Warshaw,1
Orange,Wawayanda D006,Comptroller,,DEM,Raj Goyle,2
Orange,Wawayanda D006,Comptroller,,DEM,Thomas P. DiNapoli,18
Orange,Wawayanda D006,State Senate,42,CON,Jennifer R. Figueroa,1
