county,precinct,office,district,party,candidate,votes
Oswego,Albion 1,Ballots Cast,,,,8
Oswego,Albion 1,5th Judicial Alternates,,DEM,Amy Connolly,5
Oswego,Albion 1,5th Judicial Alternates,,DEM,Amy Venskus,3
Oswego,Albion 1,5th Judicial Alternates,,DEM,Barbara Kickbush,5
Oswego,Albion 1,5th Judicial Alternates,,DEM,David Passer,1
Oswego,Albion 1,5th Judicial Alternates,,DEM,Deborah Chambers,6
Oswego,Albion 1,5th Judicial Alternates,,DEM,Diane Zeller,3
Oswego,Albion 1,5th Judicial Alternates,,DEM,Jace E. Dunlap,2
Oswego,Albion 1,5th Judicial Alternates,,DEM,Kathleen Mantaro,5
Oswego,Albion 1,5th Judicial Alternates,,DEM,Marianne Hart,6
Oswego,Albion 1,5th Judicial Alternates,,DEM,Ryan Taylor,2
Oswego,Albion 1,5th Judicial Alternates,,DEM,Thomas Rinefierd,2
Oswego,Albion 1,5th Judicial Alternates,,,Under Votes,16
Oswego,Albion 1,5th Judicial Delegates,,DEM,Bailey Lovenguth,3
Oswego,Albion 1,5th Judicial Delegates,,DEM,Christine Weisenburger,6
Oswego,Albion 1,5th Judicial Delegates,,DEM,Elizabeth R. Passer,4
Oswego,Albion 1,5th Judicial Delegates,,DEM,James Cannon,2
Oswego,Albion 1,5th Judicial Delegates,,DEM,Joseph Hart,4
Oswego,Albion 1,5th Judicial Delegates,,DEM,Julienne Dean,2
Oswego,Albion 1,5th Judicial Delegates,,DEM,Juniper Mae Dunlap,2
Oswego,Albion 1,5th Judicial Delegates,,DEM,Mary Regan Benson,5
Oswego,Albion 1,5th Judicial Delegates,,DEM,Michael Dineen,1
Oswego,Albion 1,5th Judicial Delegates,,DEM,Michelle Newvine,4
Oswego,Albion 1,5th Judicial Delegates,,DEM,Mona Heck,3
Oswego,Albion 1,5th Judicial Delegates,,DEM,Patrick Dunlap,2
Oswego,Albion 1,5th Judicial Delegates,,DEM,Stephanie McHugh-Edwards,3
Oswego,Albion 1,5th Judicial Delegates,,,Under Votes,15
Oswego,Albion 1,Comptroller,,DEM,Drew Warshaw,4
Oswego,Albion 1,Comptroller,,DEM,Thomas P. DiNapoli,4
Oswego,Albion 1,State Assembly,120,DEM,Jim Cannon,4
Oswego,Albion 1,State Assembly,120,DEM,Timothy C. Allers,3
Oswego,Albion 1,State Assembly,120,,Under Votes,1
Oswego,Albion 1,State Committee,120,DEM,Brien Connolly,2
Oswego,Albion 1,State Committee,120,DEM,Elizabeth Passer,2
Oswego,Albion 1,State Committee,120,DEM,Jordan Harcleroad,4
Oswego,Albion 1,State Committee,120,DEM,Shannon Masters,5
Oswego,Albion 1,State Committee,120,,Under Votes,3
Oswego,Albion 1,U.S. House,24,DEM,Alissa J. Ellman,4
Oswego,Albion 1,U.S. House,24,DEM,Diana K. Kastenbaum,3
Oswego,Albion 1,U.S. House,24,,Under Votes,1
Oswego,Albion 2,Ballots Cast,,,,9
Oswego,Albion 2,5th Judicial Alternates,,DEM,Amy Connolly,1
Oswego,Albion 2,5th Judicial Alternates,,DEM,Amy Venskus,2
Oswego,Albion 2,5th Judicial Alternates,,DEM,Barbara Kickbush,3
Oswego,Albion 2,5th Judicial Alternates,,DEM,David Passer,4
Oswego,Albion 2,5th Judicial Alternates,,DEM,Deborah Chambers,6
Oswego,Albion 2,5th Judicial Alternates,,DEM,Diane Zeller,2
Oswego,Albion 2,5th Judicial Alternates,,DEM,Jace E. Dunlap,1
Oswego,Albion 2,5th Judicial Alternates,,DEM,Kathleen Mantaro,3
Oswego,Albion 2,5th Judicial Alternates,,DEM,Marianne Hart,6
Oswego,Albion 2,5th Judicial Alternates,,DEM,Randy Anthony Ladd,2
Oswego,Albion 2,5th Judicial Alternates,,DEM,Ryan Taylor,5
Oswego,Albion 2,5th Judicial Alternates,,DEM,Thomas Rinefierd,2
Oswego,Albion 2,5th Judicial Alternates,,,Under Votes,26
Oswego,Albion 2,5th Judicial Delegates,,DEM,Bailey Lovenguth,2
Oswego,Albion 2,5th Judicial Delegates,,DEM,Christine Weisenburger,5
Oswego,Albion 2,5th Judicial Delegates,,DEM,Elizabeth R. Passer,3
Oswego,Albion 2,5th Judicial Delegates,,DEM,James Cannon,4
Oswego,Albion 2,5th Judicial Delegates,,DEM,Joseph Hart,1
Oswego,Albion 2,5th Judicial Delegates,,DEM,Julienne Dean,4
Oswego,Albion 2,5th Judicial Delegates,,DEM,Juniper Mae Dunlap,2
Oswego,Albion 2,5th Judicial Delegates,,DEM,Mary Regan Benson,5
Oswego,Albion 2,5th Judicial Delegates,,DEM,Michael Dineen,5
Oswego,Albion 2,5th Judicial Delegates,,DEM,Michelle Newvine,2
Oswego,Albion 2,5th Judicial Delegates,,DEM,Mona Heck,4
Oswego,Albion 2,5th Judicial Delegates,,DEM,Patrick Dunlap,2
Oswego,Albion 2,5th Judicial Delegates,,DEM,Stephanie McHugh-Edwards,2
Oswego,Albion 2,5th Judicial Delegates,,,Under Votes,22
Oswego,Albion 2,Comptroller,,DEM,Thomas P. DiNapoli,9
Oswego,Albion 2,State Assembly,120,DEM,Jim Cannon,3
Oswego,Albion 2,State Assembly,120,DEM,Timothy C. Allers,5
Oswego,Albion 2,State Assembly,120,,Under Votes,1
Oswego,Albion 2,State Committee,120,DEM,Brien Connolly,3
Oswego,Albion 2,State Committee,120,DEM,Elizabeth Passer,4
Oswego,Albion 2,State Committee,120,DEM,Jordan Harcleroad,3
Oswego,Albion 2,State Committee,120,DEM,Shannon Masters,5
Oswego,Albion 2,State Committee,120,,Under Votes,3
Oswego,Albion 2,U.S. House,24,DEM,Alissa J. Ellman,8
Oswego,Albion 2,U.S. House,24,DEM,Diana K. Kastenbaum,1
Oswego,Amboy 1,Ballots Cast,,,,13
Oswego,Amboy 1,5th Judicial Alternates,,DEM,Amy Connolly,7
Oswego,Amboy 1,5th Judicial Alternates,,DEM,Amy Venskus,5
Oswego,Amboy 1,5th Judicial Alternates,,DEM,Barbara Kickbush,7
Oswego,Amboy 1,5th Judicial Alternates,,DEM,David Passer,5
Oswego,Amboy 1,5th Judicial Alternates,,DEM,Deborah Chambers,6
Oswego,Amboy 1,5th Judicial Alternates,,DEM,Diane Zeller,9
Oswego,Amboy 1,5th Judicial Alternates,,DEM,Jace E. Dunlap,7
Oswego,Amboy 1,5th Judicial Alternates,,DEM,Kathleen Mantaro,4
Oswego,Amboy 1,5th Judicial Alternates,,DEM,Marianne Hart,9
Oswego,Amboy 1,5th Judicial Alternates,,DEM,Randy Anthony Ladd,6
Oswego,Amboy 1,5th Judicial Alternates,,DEM,Ryan Taylor,6
Oswego,Amboy 1,5th Judicial Alternates,,,Under Votes,20
Oswego,Amboy 1,5th Judicial Delegates,,DEM,Bailey Lovenguth,11
Oswego,Amboy 1,5th Judicial Delegates,,DEM,Christine Weisenburger,9
Oswego,Amboy 1,5th Judicial Delegates,,DEM,Elizabeth R. Passer,6
Oswego,Amboy 1,5th Judicial Delegates,,DEM,James Cannon,4
Oswego,Amboy 1,5th Judicial Delegates,,DEM,Joseph Hart,4
Oswego,Amboy 1,5th Judicial Delegates,,DEM,Julienne Dean,8
Oswego,Amboy 1,5th Judicial Delegates,,DEM,Juniper Mae Dunlap,5
Oswego,Amboy 1,5th Judicial Delegates,,DEM,Mary Regan Benson,3
Oswego,Amboy 1,5th Judicial Delegates,,DEM,Michelle Newvine,5
Oswego,Amboy 1,5th Judicial Delegates,,DEM,Mona Heck,10
Oswego,Amboy 1,5th Judicial Delegates,,DEM,Patrick Dunlap,3
Oswego,Amboy 1,5th Judicial Delegates,,DEM,Stephanie McHugh-Edwards,7
Oswego,Amboy 1,5th Judicial Delegates,,,Under Votes,16
Oswego,Amboy 1,Comptroller,,DEM,Drew Warshaw,3
Oswego,Amboy 1,Comptroller,,DEM,Raj Goyle,2
Oswego,Amboy 1,Comptroller,,DEM,Thomas P. DiNapoli,8
Oswego,Amboy 1,State Assembly,120,DEM,Jim Cannon,6
Oswego,Amboy 1,State Assembly,120,DEM,Timothy C. Allers,7
Oswego,Amboy 1,State Committee,120,DEM,Brien Connolly,4
Oswego,Amboy 1,State Committee,120,DEM,Elizabeth Passer,8
Oswego,Amboy 1,State Committee,120,DEM,Jordan Harcleroad,6
Oswego,Amboy 1,State Committee,120,DEM,Shannon Masters,8
Oswego,Amboy 1,U.S. House,24,DEM,Alissa J. Ellman,10
Oswego,Amboy 1,U.S. House,24,DEM,Diana K. Kastenbaum,2
Oswego,Amboy 1,U.S. House,24,,Under Votes,1
Oswego,Boylston 1,Ballots Cast,,,,11
Oswego,Boylston 1,5th Judicial Alternates,,DEM,Amy Connolly,6
Oswego,Boylston 1,5th Judicial Alternates,,DEM,Amy Venskus,8
Oswego,Boylston 1,5th Judicial Alternates,,DEM,Barbara Kickbush,8
Oswego,Boylston 1,5th Judicial Alternates,,DEM,David Passer,1
Oswego,Boylston 1,5th Judicial Alternates,,DEM,Deborah Chambers,9
Oswego,Boylston 1,5th Judicial Alternates,,DEM,Diane Zeller,5
Oswego,Boylston 1,5th Judicial Alternates,,DEM,Kathleen Mantaro,10
Oswego,Boylston 1,5th Judicial Alternates,,DEM,Marianne Hart,8
Oswego,Boylston 1,5th Judicial Alternates,,DEM,Randy Anthony Ladd,1
Oswego,Boylston 1,5th Judicial Alternates,,DEM,Ryan Taylor,3
Oswego,Boylston 1,5th Judicial Alternates,,DEM,Thomas Rinefierd,6
Oswego,Boylston 1,5th Judicial Alternates,,,Under Votes,12
Oswego,Boylston 1,5th Judicial Delegates,,DEM,Bailey Lovenguth,2
Oswego,Boylston 1,5th Judicial Delegates,,DEM,Christine Weisenburger,9
Oswego,Boylston 1,5th Judicial Delegates,,DEM,Elizabeth R. Passer,7
Oswego,Boylston 1,5th Judicial Delegates,,DEM,James Cannon,7
Oswego,Boylston 1,5th Judicial Delegates,,DEM,Joseph Hart,6
Oswego,Boylston 1,5th Judicial Delegates,,DEM,Julienne Dean,7
Oswego,Boylston 1,5th Judicial Delegates,,DEM,Juniper Mae Dunlap,2
Oswego,Boylston 1,5th Judicial Delegates,,DEM,Mary Regan Benson,9
Oswego,Boylston 1,5th Judicial Delegates,,DEM,Michael Dineen,5
Oswego,Boylston 1,5th Judicial Delegates,,DEM,Michelle Newvine,8
Oswego,Boylston 1,5th Judicial Delegates,,DEM,Mona Heck,4
Oswego,Boylston 1,5th Judicial Delegates,,DEM,Patrick Dunlap,3
Oswego,Boylston 1,5th Judicial Delegates,,DEM,Stephanie McHugh-Edwards,5
Oswego,Boylston 1,5th Judicial Delegates,,,Under Votes,3
Oswego,Boylston 1,Comptroller,,DEM,Drew Warshaw,1
Oswego,Boylston 1,Comptroller,,DEM,Raj Goyle,1
Oswego,Boylston 1,Comptroller,,DEM,Thomas P. DiNapoli,9
Oswego,Boylston 1,State Assembly,120,DEM,Jim Cannon,6
Oswego,Boylston 1,State Assembly,120,DEM,Timothy C. Allers,5
Oswego,Boylston 1,State Committee,120,DEM,Brien Connolly,3
Oswego,Boylston 1,State Committee,120,DEM,Elizabeth Passer,5
Oswego,Boylston 1,State Committee,120,DEM,Jordan Harcleroad,3
Oswego,Boylston 1,State Committee,120,DEM,Shannon Masters,10
Oswego,Boylston 1,State Committee,120,,Under Votes,1
Oswego,Boylston 1,U.S. House,24,DEM,Alissa J. Ellman,7
Oswego,Boylston 1,U.S. House,24,DEM,Diana K. Kastenbaum,4
Oswego,Constantia 1,Ballots Cast,,,,24
Oswego,Constantia 1,5th Judicial Alternates,,DEM,Amy Connolly,19
Oswego,Constantia 1,5th Judicial Alternates,,DEM,Amy Venskus,7
Oswego,Constantia 1,5th Judicial Alternates,,DEM,Barbara Kickbush,6
Oswego,Constantia 1,5th Judicial Alternates,,DEM,David Passer,11
Oswego,Constantia 1,5th Judicial Alternates,,DEM,Deborah Chambers,8
Oswego,Constantia 1,5th Judicial Alternates,,DEM,Diane Zeller,10
Oswego,Constantia 1,5th Judicial Alternates,,DEM,Jace E. Dunlap,4
Oswego,Constantia 1,5th Judicial Alternates,,DEM,Kathleen Mantaro,7
Oswego,Constantia 1,5th Judicial Alternates,,DEM,Marianne Hart,11
Oswego,Constantia 1,5th Judicial Alternates,,DEM,Randy Anthony Ladd,5
Oswego,Constantia 1,5th Judicial Alternates,,DEM,Ryan Taylor,10
Oswego,Constantia 1,5th Judicial Alternates,,DEM,Thomas Rinefierd,5
Oswego,Constantia 1,5th Judicial Alternates,,,Under Votes,65
Oswego,Constantia 1,5th Judicial Delegates,,DEM,Bailey Lovenguth,9
Oswego,Constantia 1,5th Judicial Delegates,,DEM,Christine Weisenburger,10
Oswego,Constantia 1,5th Judicial Delegates,,DEM,Elizabeth R. Passer,18
Oswego,Constantia 1,5th Judicial Delegates,,DEM,James Cannon,7
Oswego,Constantia 1,5th Judicial Delegates,,DEM,Joseph Hart,6
Oswego,Constantia 1,5th Judicial Delegates,,DEM,Julienne Dean,7
Oswego,Constantia 1,5th Judicial Delegates,,DEM,Juniper Mae Dunlap,6
Oswego,Constantia 1,5th Judicial Delegates,,DEM,Mary Regan Benson,4
Oswego,Constantia 1,5th Judicial Delegates,,DEM,Michael Dineen,6
Oswego,Constantia 1,5th Judicial Delegates,,DEM,Michelle Newvine,6
Oswego,Constantia 1,5th Judicial Delegates,,DEM,Mona Heck,9
Oswego,Constantia 1,5th Judicial Delegates,,DEM,Patrick Dunlap,6
Oswego,Constantia 1,5th Judicial Delegates,,DEM,Stephanie McHugh-Edwards,10
Oswego,Constantia 1,5th Judicial Delegates,,,Under Votes,64
Oswego,Constantia 1,Comptroller,,DEM,Raj Goyle,1
Oswego,Constantia 1,Comptroller,,DEM,Thomas P. DiNapoli,22
Oswego,Constantia 1,Comptroller,,,Under Votes,1
Oswego,Constantia 1,State Assembly,120,DEM,Jim Cannon,7
Oswego,Constantia 1,State Assembly,120,DEM,Timothy C. Allers,16
Oswego,Constantia 1,State Assembly,120,,Under Votes,1
Oswego,Constantia 1,State Committee,120,DEM,Brien Connolly,15
Oswego,Constantia 1,State Committee,120,DEM,Elizabeth Passer,12
Oswego,Constantia 1,State Committee,120,DEM,Jordan Harcleroad,3
Oswego,Constantia 1,State Committee,120,DEM,Shannon Masters,9
Oswego,Constantia 1,State Committee,120,,Under Votes,9
Oswego,Constantia 1,U.S. House,24,DEM,Alissa J. Ellman,19
Oswego,Constantia 1,U.S. House,24,DEM,Diana K. Kastenbaum,3
Oswego,Constantia 1,U.S. House,24,,Under Votes,2
Oswego,Constantia 2,Ballots Cast,,,,11
Oswego,Constantia 2,5th Judicial Alternates,,DEM,Amy Connolly,6
Oswego,Constantia 2,5th Judicial Alternates,,DEM,Amy Venskus,5
Oswego,Constantia 2,5th Judicial Alternates,,DEM,Barbara Kickbush,6
Oswego,Constantia 2,5th Judicial Alternates,,DEM,Deborah Chambers,7
Oswego,Constantia 2,5th Judicial Alternates,,DEM,Diane Zeller,2
Oswego,Constantia 2,5th Judicial Alternates,,DEM,Kathleen Mantaro,6
Oswego,Constantia 2,5th Judicial Alternates,,DEM,Marianne Hart,5
Oswego,Constantia 2,5th Judicial Alternates,,DEM,Randy Anthony Ladd,2
Oswego,Constantia 2,5th Judicial Alternates,,DEM,Ryan Taylor,3
Oswego,Constantia 2,5th Judicial Alternates,,DEM,Thomas Rinefierd,3
Oswego,Constantia 2,5th Judicial Alternates,,,Under Votes,32
Oswego,Constantia 2,5th Judicial Delegates,,DEM,Bailey Lovenguth,2
Oswego,Constantia 2,5th Judicial Delegates,,DEM,Christine Weisenburger,7
Oswego,Constantia 2,5th Judicial Delegates,,DEM,Elizabeth R. Passer,6
Oswego,Constantia 2,5th Judicial Delegates,,DEM,James Cannon,4
Oswego,Constantia 2,5th Judicial Delegates,,DEM,Joseph Hart,4
Oswego,Constantia 2,5th Judicial Delegates,,DEM,Julienne Dean,3
Oswego,Constantia 2,5th Judicial Delegates,,DEM,Juniper Mae Dunlap,1
Oswego,Constantia 2,5th Judicial Delegates,,DEM,Mary Regan Benson,4
Oswego,Constantia 2,5th Judicial Delegates,,DEM,Michael Dineen,2
Oswego,Constantia 2,5th Judicial Delegates,,DEM,Michelle Newvine,6
Oswego,Constantia 2,5th Judicial Delegates,,DEM,Mona Heck,3
Oswego,Constantia 2,5th Judicial Delegates,,DEM,Stephanie McHugh-Edwards,3
Oswego,Constantia 2,5th Judicial Delegates,,,Under Votes,32
Oswego,Constantia 2,Comptroller,,DEM,Raj Goyle,2
Oswego,Constantia 2,Comptroller,,DEM,Thomas P. DiNapoli,9
Oswego,Constantia 2,State Assembly,120,DEM,Jim Cannon,4
Oswego,Constantia 2,State Assembly,120,DEM,Timothy C. Allers,7
Oswego,Constantia 2,State Committee,120,DEM,Brien Connolly,4
Oswego,Constantia 2,State Committee,120,DEM,Elizabeth Passer,8
Oswego,Constantia 2,State Committee,120,DEM,Jordan Harcleroad,4
Oswego,Constantia 2,State Committee,120,DEM,Shannon Masters,5
Oswego,Constantia 2,State Committee,120,,Under Votes,1
Oswego,Constantia 2,U.S. House,24,DEM,Alissa J. Ellman,7
Oswego,Constantia 2,U.S. House,24,DEM,Diana K. Kastenbaum,4
Oswego,Constantia 3,Ballots Cast,,,,16
Oswego,Constantia 3,5th Judicial Alternates,,DEM,Amy Connolly,11
Oswego,Constantia 3,5th Judicial Alternates,,DEM,Amy Venskus,6
Oswego,Constantia 3,5th Judicial Alternates,,DEM,Barbara Kickbush,6
Oswego,Constantia 3,5th Judicial Alternates,,DEM,Deborah Chambers,6
Oswego,Constantia 3,5th Judicial Alternates,,DEM,Diane Zeller,4
Oswego,Constantia 3,5th Judicial Alternates,,DEM,Jace E. Dunlap,2
Oswego,Constantia 3,5th Judicial Alternates,,DEM,Kathleen Mantaro,8
Oswego,Constantia 3,5th Judicial Alternates,,DEM,Marianne Hart,7
Oswego,Constantia 3,5th Judicial Alternates,,DEM,Ryan Taylor,1
Oswego,Constantia 3,5th Judicial Alternates,,DEM,Thomas Rinefierd,2
Oswego,Constantia 3,5th Judicial Alternates,,,Under Votes,59
Oswego,Constantia 3,5th Judicial Delegates,,DEM,Bailey Lovenguth,5
Oswego,Constantia 3,5th Judicial Delegates,,DEM,Christine Weisenburger,10
Oswego,Constantia 3,5th Judicial Delegates,,DEM,Elizabeth R. Passer,8
Oswego,Constantia 3,5th Judicial Delegates,,DEM,James Cannon,2
Oswego,Constantia 3,5th Judicial Delegates,,DEM,Joseph Hart,4
Oswego,Constantia 3,5th Judicial Delegates,,DEM,Julienne Dean,8
Oswego,Constantia 3,5th Judicial Delegates,,DEM,Juniper Mae Dunlap,2
Oswego,Constantia 3,5th Judicial Delegates,,DEM,Mary Regan Benson,9
Oswego,Constantia 3,5th Judicial Delegates,,DEM,Michael Dineen,4
Oswego,Constantia 3,5th Judicial Delegates,,DEM,Michelle Newvine,8
Oswego,Constantia 3,5th Judicial Delegates,,DEM,Mona Heck,8
Oswego,Constantia 3,5th Judicial Delegates,,DEM,Patrick Dunlap,3
Oswego,Constantia 3,5th Judicial Delegates,,DEM,Stephanie McHugh-Edwards,7
Oswego,Constantia 3,5th Judicial Delegates,,,Under Votes,34
Oswego,Constantia 3,Comptroller,,DEM,Drew Warshaw,3
Oswego,Constantia 3,Comptroller,,DEM,Raj Goyle,2
Oswego,Constantia 3,Comptroller,,DEM,Thomas P. DiNapoli,8
Oswego,Constantia 3,Comptroller,,,Under Votes,3
Oswego,Constantia 3,State Assembly,120,DEM,Jim Cannon,7
Oswego,Constantia 3,State Assembly,120,DEM,Timothy C. Allers,5
Oswego,Constantia 3,State Assembly,120,,Under Votes,4
Oswego,Constantia 3,State Committee,120,DEM,Brien Connolly,5
Oswego,Constantia 3,State Committee,120,DEM,Elizabeth Passer,7
Oswego,Constantia 3,State Committee,120,DEM,Jordan Harcleroad,4
Oswego,Constantia 3,State Committee,120,DEM,Shannon Masters,10
Oswego,Constantia 3,State Committee,120,,Under Votes,6
Oswego,Constantia 3,U.S. House,24,DEM,Alissa J. Ellman,16
Oswego,Constantia 4,Ballots Cast,,,,17
Oswego,Constantia 4,5th Judicial Alternates,,DEM,Amy Connolly,12
Oswego,Constantia 4,5th Judicial Alternates,,DEM,Amy Venskus,5
Oswego,Constantia 4,5th Judicial Alternates,,DEM,Barbara Kickbush,5
Oswego,Constantia 4,5th Judicial Alternates,,DEM,David Passer,3
Oswego,Constantia 4,5th Judicial Alternates,,DEM,Deborah Chambers,5
Oswego,Constantia 4,5th Judicial Alternates,,DEM,Diane Zeller,7
Oswego,Constantia 4,5th Judicial Alternates,,DEM,Jace E. Dunlap,3
Oswego,Constantia 4,5th Judicial Alternates,,DEM,Kathleen Mantaro,6
Oswego,Constantia 4,5th Judicial Alternates,,DEM,Marianne Hart,7
Oswego,Constantia 4,5th Judicial Alternates,,DEM,Randy Anthony Ladd,4
Oswego,Constantia 4,5th Judicial Alternates,,DEM,Ryan Taylor,5
Oswego,Constantia 4,5th Judicial Alternates,,DEM,Thomas Rinefierd,1
Oswego,Constantia 4,5th Judicial Alternates,,,Under Votes,56
Oswego,Constantia 4,5th Judicial Delegates,,DEM,Bailey Lovenguth,6
Oswego,Constantia 4,5th Judicial Delegates,,DEM,Christine Weisenburger,7
Oswego,Constantia 4,5th Judicial Delegates,,DEM,Elizabeth R. Passer,14
Oswego,Constantia 4,5th Judicial Delegates,,DEM,James Cannon,5
Oswego,Constantia 4,5th Judicial Delegates,,DEM,Joseph Hart,8
Oswego,Constantia 4,5th Judicial Delegates,,DEM,Julienne Dean,6
Oswego,Constantia 4,5th Judicial Delegates,,DEM,Juniper Mae Dunlap,8
Oswego,Constantia 4,5th Judicial Delegates,,DEM,Mary Regan Benson,5
Oswego,Constantia 4,5th Judicial Delegates,,DEM,Michael Dineen,4
Oswego,Constantia 4,5th Judicial Delegates,,DEM,Michelle Newvine,7
Oswego,Constantia 4,5th Judicial Delegates,,DEM,Mona Heck,10
Oswego,Constantia 4,5th Judicial Delegates,,DEM,Patrick Dunlap,7
Oswego,Constantia 4,5th Judicial Delegates,,DEM,Stephanie McHugh-Edwards,11
Oswego,Constantia 4,5th Judicial Delegates,,,Under Votes,21
Oswego,Constantia 4,Comptroller,,DEM,Drew Warshaw,1
Oswego,Constantia 4,Comptroller,,DEM,Raj Goyle,2
Oswego,Constantia 4,Comptroller,,DEM,Thomas P. DiNapoli,13
Oswego,Constantia 4,Comptroller,,,Under Votes,1
Oswego,Constantia 4,State Assembly,120,DEM,Jim Cannon,7
Oswego,Constantia 4,State Assembly,120,DEM,Timothy C. Allers,10
Oswego,Constantia 4,State Committee,120,DEM,Brien Connolly,8
Oswego,Constantia 4,State Committee,120,DEM,Elizabeth Passer,13
Oswego,Constantia 4,State Committee,120,DEM,Jordan Harcleroad,2
Oswego,Constantia 4,State Committee,120,DEM,Shannon Masters,7
Oswego,Constantia 4,State Committee,120,,Under Votes,4
Oswego,Constantia 4,U.S. House,24,DEM,Alissa J. Ellman,14
Oswego,Constantia 4,U.S. House,24,DEM,Diana K. Kastenbaum,2
Oswego,Constantia 4,U.S. House,24,,Under Votes,1
Oswego,Granby 1,Ballots Cast,,,,17
Oswego,Granby 1,5th Judicial Alternates,,DEM,Amy Connolly,4
Oswego,Granby 1,5th Judicial Alternates,,DEM,Amy Venskus,8
Oswego,Granby 1,5th Judicial Alternates,,DEM,Barbara Kickbush,9
Oswego,Granby 1,5th Judicial Alternates,,DEM,David Passer,4
Oswego,Granby 1,5th Judicial Alternates,,DEM,Deborah Chambers,10
Oswego,Granby 1,5th Judicial Alternates,,DEM,Diane Zeller,3
Oswego,Granby 1,5th Judicial Alternates,,DEM,Jace E. Dunlap,3
Oswego,Granby 1,5th Judicial Alternates,,DEM,Kathleen Mantaro,10
Oswego,Granby 1,5th Judicial Alternates,,DEM,Marianne Hart,9
Oswego,Granby 1,5th Judicial Alternates,,DEM,Randy Anthony Ladd,2
Oswego,Granby 1,5th Judicial Alternates,,DEM,Ryan Taylor,9
Oswego,Granby 1,5th Judicial Alternates,,DEM,Thomas Rinefierd,5
Oswego,Granby 1,5th Judicial Alternates,,,Under Votes,43
Oswego,Granby 1,5th Judicial Delegates,,DEM,Bailey Lovenguth,5
Oswego,Granby 1,5th Judicial Delegates,,DEM,Christine Weisenburger,10
Oswego,Granby 1,5th Judicial Delegates,,DEM,Elizabeth R. Passer,6
Oswego,Granby 1,5th Judicial Delegates,,DEM,James Cannon,7
Oswego,Granby 1,5th Judicial Delegates,,DEM,Joseph Hart,7
Oswego,Granby 1,5th Judicial Delegates,,DEM,Julienne Dean,5
Oswego,Granby 1,5th Judicial Delegates,,DEM,Juniper Mae Dunlap,4
Oswego,Granby 1,5th Judicial Delegates,,DEM,Mary Regan Benson,6
Oswego,Granby 1,5th Judicial Delegates,,DEM,Michael Dineen,7
Oswego,Granby 1,5th Judicial Delegates,,DEM,Michelle Newvine,7
Oswego,Granby 1,5th Judicial Delegates,,DEM,Mona Heck,3
Oswego,Granby 1,5th Judicial Delegates,,DEM,Patrick Dunlap,6
Oswego,Granby 1,5th Judicial Delegates,,DEM,Stephanie McHugh-Edwards,9
Oswego,Granby 1,5th Judicial Delegates,,,Under Votes,37
Oswego,Granby 1,Comptroller,,DEM,Drew Warshaw,1
Oswego,Granby 1,Comptroller,,DEM,Thomas P. DiNapoli,16
Oswego,Granby 1,State Assembly,120,DEM,Jim Cannon,7
Oswego,Granby 1,State Assembly,120,DEM,Timothy C. Allers,8
Oswego,Granby 1,State Assembly,120,,Under Votes,2
Oswego,Granby 1,State Committee,120,DEM,Brien Connolly,7
Oswego,Granby 1,State Committee,120,DEM,Elizabeth Passer,2
Oswego,Granby 1,State Committee,120,DEM,Jordan Harcleroad,8
Oswego,Granby 1,State Committee,120,DEM,Shannon Masters,11
Oswego,Granby 1,State Committee,120,,Under Votes,6
Oswego,Granby 1,U.S. House,24,DEM,Alissa J. Ellman,11
Oswego,Granby 1,U.S. House,24,DEM,Diana K. Kastenbaum,6
Oswego,Granby 2,Ballots Cast,,,,14
Oswego,Granby 2,5th Judicial Alternates,,DEM,Amy Connolly,8
Oswego,Granby 2,5th Judicial Alternates,,DEM,Amy Venskus,7
Oswego,Granby 2,5th Judicial Alternates,,DEM,Barbara Kickbush,6
Oswego,Granby 2,5th Judicial Alternates,,DEM,David Passer,3
Oswego,Granby 2,5th Judicial Alternates,,DEM,Deborah Chambers,10
Oswego,Granby 2,5th Judicial Alternates,,DEM,Diane Zeller,8
Oswego,Granby 2,5th Judicial Alternates,,DEM,Jace E. Dunlap,4
Oswego,Granby 2,5th Judicial Alternates,,DEM,Kathleen Mantaro,6
Oswego,Granby 2,5th Judicial Alternates,,DEM,Marianne Hart,7
Oswego,Granby 2,5th Judicial Alternates,,DEM,Randy Anthony Ladd,5
Oswego,Granby 2,5th Judicial Alternates,,DEM,Ryan Taylor,8
Oswego,Granby 2,5th Judicial Alternates,,DEM,Thomas Rinefierd,2
Oswego,Granby 2,5th Judicial Alternates,,,Under Votes,24
Oswego,Granby 2,5th Judicial Delegates,,DEM,Bailey Lovenguth,5
Oswego,Granby 2,5th Judicial Delegates,,DEM,Christine Weisenburger,8
Oswego,Granby 2,5th Judicial Delegates,,DEM,Elizabeth R. Passer,7
Oswego,Granby 2,5th Judicial Delegates,,DEM,James Cannon,4
Oswego,Granby 2,5th Judicial Delegates,,DEM,Joseph Hart,6
Oswego,Granby 2,5th Judicial Delegates,,DEM,Julienne Dean,8
Oswego,Granby 2,5th Judicial Delegates,,DEM,Juniper Mae Dunlap,4
Oswego,Granby 2,5th Judicial Delegates,,DEM,Mary Regan Benson,7
Oswego,Granby 2,5th Judicial Delegates,,DEM,Michael Dineen,4
Oswego,Granby 2,5th Judicial Delegates,,DEM,Michelle Newvine,5
Oswego,Granby 2,5th Judicial Delegates,,DEM,Mona Heck,6
Oswego,Granby 2,5th Judicial Delegates,,DEM,Patrick Dunlap,5
Oswego,Granby 2,5th Judicial Delegates,,DEM,Stephanie McHugh-Edwards,9
Oswego,Granby 2,5th Judicial Delegates,,,Under Votes,20
Oswego,Granby 2,Comptroller,,DEM,Drew Warshaw,2
Oswego,Granby 2,Comptroller,,DEM,Raj Goyle,1
Oswego,Granby 2,Comptroller,,DEM,Thomas P. DiNapoli,11
Oswego,Granby 2,State Assembly,120,DEM,Jim Cannon,3
Oswego,Granby 2,State Assembly,120,DEM,Timothy C. Allers,11
Oswego,Granby 2,State Committee,120,DEM,Brien Connolly,7
Oswego,Granby 2,State Committee,120,DEM,Elizabeth Passer,8
Oswego,Granby 2,State Committee,120,DEM,Jordan Harcleroad,5
Oswego,Granby 2,State Committee,120,DEM,Shannon Masters,7
Oswego,Granby 2,State Committee,120,,Under Votes,1
Oswego,Granby 2,U.S. House,24,DEM,Alissa J. Ellman,9
Oswego,Granby 2,U.S. House,24,DEM,Diana K. Kastenbaum,5
Oswego,Granby 3,Ballots Cast,,,,21
Oswego,Granby 3,5th Judicial Alternates,,DEM,Amy Connolly,9
Oswego,Granby 3,5th Judicial Alternates,,DEM,Amy Venskus,10
Oswego,Granby 3,5th Judicial Alternates,,DEM,Barbara Kickbush,13
Oswego,Granby 3,5th Judicial Alternates,,DEM,David Passer,2
Oswego,Granby 3,5th Judicial Alternates,,DEM,Deborah Chambers,12
Oswego,Granby 3,5th Judicial Alternates,,DEM,Diane Zeller,6
Oswego,Granby 3,5th Judicial Alternates,,DEM,Jace E. Dunlap,2
Oswego,Granby 3,5th Judicial Alternates,,DEM,Kathleen Mantaro,10
Oswego,Granby 3,5th Judicial Alternates,,DEM,Marianne Hart,11
Oswego,Granby 3,5th Judicial Alternates,,DEM,Randy Anthony Ladd,4
Oswego,Granby 3,5th Judicial Alternates,,DEM,Ryan Taylor,5
Oswego,Granby 3,5th Judicial Alternates,,DEM,Thomas Rinefierd,6
Oswego,Granby 3,5th Judicial Alternates,,DEM,Write-in,2
Oswego,Granby 3,5th Judicial Alternates,,,Under Votes,55
Oswego,Granby 3,5th Judicial Delegates,,DEM,Bailey Lovenguth,8
Oswego,Granby 3,5th Judicial Delegates,,DEM,Christine Weisenburger,11
Oswego,Granby 3,5th Judicial Delegates,,DEM,Elizabeth R. Passer,12
Oswego,Granby 3,5th Judicial Delegates,,DEM,James Cannon,8
Oswego,Granby 3,5th Judicial Delegates,,DEM,Joseph Hart,4
Oswego,Granby 3,5th Judicial Delegates,,DEM,Julienne Dean,14
Oswego,Granby 3,5th Judicial Delegates,,DEM,Juniper Mae Dunlap,5
Oswego,Granby 3,5th Judicial Delegates,,DEM,Mary Regan Benson,7
Oswego,Granby 3,5th Judicial Delegates,,DEM,Michael Dineen,4
Oswego,Granby 3,5th Judicial Delegates,,DEM,Michelle Newvine,10
Oswego,Granby 3,5th Judicial Delegates,,DEM,Mona Heck,11
Oswego,Granby 3,5th Judicial Delegates,,DEM,Patrick Dunlap,8
Oswego,Granby 3,5th Judicial Delegates,,DEM,Stephanie McHugh-Edwards,12
Oswego,Granby 3,5th Judicial Delegates,,,Under Votes,33
Oswego,Granby 3,Comptroller,,DEM,Drew Warshaw,3
Oswego,Granby 3,Comptroller,,DEM,Raj Goyle,1
Oswego,Granby 3,Comptroller,,DEM,Thomas P. DiNapoli,17
Oswego,Granby 3,State Assembly,120,DEM,Jim Cannon,10
Oswego,Granby 3,State Assembly,120,DEM,Timothy C. Allers,10
Oswego,Granby 3,State Assembly,120,,Under Votes,1
Oswego,Granby 3,State Committee,120,DEM,Brien Connolly,7
Oswego,Granby 3,State Committee,120,DEM,Elizabeth Passer,10
Oswego,Granby 3,State Committee,120,DEM,Jordan Harcleroad,5
Oswego,Granby 3,State Committee,120,DEM,Shannon Masters,11
Oswego,Granby 3,State Committee,120,DEM,Write-in,1
Oswego,Granby 3,State Committee,120,,Under Votes,8
Oswego,Granby 3,U.S. House,24,DEM,Alissa J. Ellman,16
Oswego,Granby 3,U.S. House,24,DEM,Diana K. Kastenbaum,5
Oswego,Granby 4,Ballots Cast,,,,21
Oswego,Granby 4,5th Judicial Alternates,,DEM,Amy Connolly,12
Oswego,Granby 4,5th Judicial Alternates,,DEM,Amy Venskus,8
Oswego,Granby 4,5th Judicial Alternates,,DEM,Barbara Kickbush,10
Oswego,Granby 4,5th Judicial Alternates,,DEM,David Passer,7
Oswego,Granby 4,5th Judicial Alternates,,DEM,Deborah Chambers,10
Oswego,Granby 4,5th Judicial Alternates,,DEM,Diane Zeller,9
Oswego,Granby 4,5th Judicial Alternates,,DEM,Jace E. Dunlap,3
Oswego,Granby 4,5th Judicial Alternates,,DEM,Kathleen Mantaro,6
Oswego,Granby 4,5th Judicial Alternates,,DEM,Marianne Hart,9
Oswego,Granby 4,5th Judicial Alternates,,DEM,Randy Anthony Ladd,4
Oswego,Granby 4,5th Judicial Alternates,,DEM,Ryan Taylor,10
Oswego,Granby 4,5th Judicial Alternates,,DEM,Thomas Rinefierd,3
Oswego,Granby 4,5th Judicial Alternates,,,Under Votes,56
Oswego,Granby 4,5th Judicial Delegates,,DEM,Bailey Lovenguth,3
Oswego,Granby 4,5th Judicial Delegates,,DEM,Christine Weisenburger,13
Oswego,Granby 4,5th Judicial Delegates,,DEM,Elizabeth R. Passer,14
Oswego,Granby 4,5th Judicial Delegates,,DEM,James Cannon,11
Oswego,Granby 4,5th Judicial Delegates,,DEM,Joseph Hart,6
Oswego,Granby 4,5th Judicial Delegates,,DEM,Julienne Dean,5
Oswego,Granby 4,5th Judicial Delegates,,DEM,Juniper Mae Dunlap,3
Oswego,Granby 4,5th Judicial Delegates,,DEM,Mary Regan Benson,8
Oswego,Granby 4,5th Judicial Delegates,,DEM,Michael Dineen,4
Oswego,Granby 4,5th Judicial Delegates,,DEM,Michelle Newvine,11
Oswego,Granby 4,5th Judicial Delegates,,DEM,Mona Heck,10
Oswego,Granby 4,5th Judicial Delegates,,DEM,Patrick Dunlap,6
Oswego,Granby 4,5th Judicial Delegates,,DEM,Stephanie McHugh-Edwards,13
Oswego,Granby 4,5th Judicial Delegates,,,Under Votes,40
Oswego,Granby 4,Comptroller,,DEM,Raj Goyle,1
Oswego,Granby 4,Comptroller,,DEM,Thomas P. DiNapoli,18
Oswego,Granby 4,Comptroller,,,Under Votes,2
Oswego,Granby 4,State Assembly,120,DEM,Jim Cannon,9
Oswego,Granby 4,State Assembly,120,DEM,Timothy C. Allers,11
Oswego,Granby 4,State Assembly,120,,Under Votes,1
Oswego,Granby 4,State Committee,120,DEM,Brien Connolly,8
Oswego,Granby 4,State Committee,120,DEM,Elizabeth Passer,12
Oswego,Granby 4,State Committee,120,DEM,Jordan Harcleroad,4
Oswego,Granby 4,State Committee,120,DEM,Shannon Masters,11
Oswego,Granby 4,State Committee,120,,Under Votes,7
Oswego,Granby 4,U.S. House,24,DEM,Alissa J. Ellman,10
Oswego,Granby 4,U.S. House,24,DEM,Diana K. Kastenbaum,9
Oswego,Granby 4,U.S. House,24,,Under Votes,2
Oswego,Hannibal 1,Ballots Cast,,,,11
Oswego,Hannibal 1,5th Judicial Alternates,,DEM,Amy Connolly,8
Oswego,Hannibal 1,5th Judicial Alternates,,DEM,Amy Venskus,6
Oswego,Hannibal 1,5th Judicial Alternates,,DEM,Barbara Kickbush,6
Oswego,Hannibal 1,5th Judicial Alternates,,DEM,David Passer,2
Oswego,Hannibal 1,5th Judicial Alternates,,DEM,Deborah Chambers,8
Oswego,Hannibal 1,5th Judicial Alternates,,DEM,Diane Zeller,7
Oswego,Hannibal 1,5th Judicial Alternates,,DEM,Jace E. Dunlap,2
Oswego,Hannibal 1,5th Judicial Alternates,,DEM,Kathleen Mantaro,6
Oswego,Hannibal 1,5th Judicial Alternates,,DEM,Marianne Hart,7
Oswego,Hannibal 1,5th Judicial Alternates,,DEM,Randy Anthony Ladd,1
Oswego,Hannibal 1,5th Judicial Alternates,,DEM,Ryan Taylor,2
Oswego,Hannibal 1,5th Judicial Alternates,,,Under Votes,22
Oswego,Hannibal 1,5th Judicial Delegates,,DEM,Bailey Lovenguth,1
Oswego,Hannibal 1,5th Judicial Delegates,,DEM,Christine Weisenburger,5
Oswego,Hannibal 1,5th Judicial Delegates,,DEM,Elizabeth R. Passer,7
Oswego,Hannibal 1,5th Judicial Delegates,,DEM,James Cannon,3
Oswego,Hannibal 1,5th Judicial Delegates,,DEM,Joseph Hart,1
Oswego,Hannibal 1,5th Judicial Delegates,,DEM,Julienne Dean,7
Oswego,Hannibal 1,5th Judicial Delegates,,DEM,Juniper Mae Dunlap,7
Oswego,Hannibal 1,5th Judicial Delegates,,DEM,Mary Regan Benson,7
Oswego,Hannibal 1,5th Judicial Delegates,,DEM,Michael Dineen,1
Oswego,Hannibal 1,5th Judicial Delegates,,DEM,Michelle Newvine,6
Oswego,Hannibal 1,5th Judicial Delegates,,DEM,Mona Heck,6
Oswego,Hannibal 1,5th Judicial Delegates,,DEM,Patrick Dunlap,3
Oswego,Hannibal 1,5th Judicial Delegates,,DEM,Stephanie McHugh-Edwards,6
Oswego,Hannibal 1,5th Judicial Delegates,,,Under Votes,17
Oswego,Hannibal 1,Comptroller,,DEM,Drew Warshaw,1
Oswego,Hannibal 1,Comptroller,,DEM,Raj Goyle,2
Oswego,Hannibal 1,Comptroller,,DEM,Thomas P. DiNapoli,7
Oswego,Hannibal 1,Comptroller,,,Under Votes,1
Oswego,Hannibal 1,State Assembly,120,DEM,Jim Cannon,3
Oswego,Hannibal 1,State Assembly,120,DEM,Timothy C. Allers,7
Oswego,Hannibal 1,State Assembly,120,,Under Votes,1
Oswego,Hannibal 1,State Committee,120,DEM,Brien Connolly,1
Oswego,Hannibal 1,State Committee,120,DEM,Elizabeth Passer,8
Oswego,Hannibal 1,State Committee,120,DEM,Jordan Harcleroad,3
Oswego,Hannibal 1,State Committee,120,DEM,Shannon Masters,7
Oswego,Hannibal 1,State Committee,120,,Under Votes,3
Oswego,Hannibal 1,U.S. House,24,DEM,Alissa J. Ellman,6
Oswego,Hannibal 1,U.S. House,24,DEM,Diana K. Kastenbaum,4
Oswego,Hannibal 1,U.S. House,24,,Under Votes,1
Oswego,Hannibal 2,Ballots Cast,,,,13
Oswego,Hannibal 2,5th Judicial Alternates,,DEM,Amy Connolly,8
Oswego,Hannibal 2,5th Judicial Alternates,,DEM,Amy Venskus,4
Oswego,Hannibal 2,5th Judicial Alternates,,DEM,Barbara Kickbush,5
Oswego,Hannibal 2,5th Judicial Alternates,,DEM,David Passer,5
Oswego,Hannibal 2,5th Judicial Alternates,,DEM,Deborah Chambers,6
Oswego,Hannibal 2,5th Judicial Alternates,,DEM,Diane Zeller,5
Oswego,Hannibal 2,5th Judicial Alternates,,DEM,Jace E. Dunlap,3
Oswego,Hannibal 2,5th Judicial Alternates,,DEM,Kathleen Mantaro,6
Oswego,Hannibal 2,5th Judicial Alternates,,DEM,Marianne Hart,5
Oswego,Hannibal 2,5th Judicial Alternates,,DEM,Randy Anthony Ladd,3
Oswego,Hannibal 2,5th Judicial Alternates,,DEM,Ryan Taylor,4
Oswego,Hannibal 2,5th Judicial Alternates,,DEM,Thomas Rinefierd,2
Oswego,Hannibal 2,5th Judicial Alternates,,,Under Votes,35
Oswego,Hannibal 2,5th Judicial Delegates,,DEM,Bailey Lovenguth,4
Oswego,Hannibal 2,5th Judicial Delegates,,DEM,Christine Weisenburger,5
Oswego,Hannibal 2,5th Judicial Delegates,,DEM,Elizabeth R. Passer,7
Oswego,Hannibal 2,5th Judicial Delegates,,DEM,James Cannon,4
Oswego,Hannibal 2,5th Judicial Delegates,,DEM,Joseph Hart,4
Oswego,Hannibal 2,5th Judicial Delegates,,DEM,Julienne Dean,6
Oswego,Hannibal 2,5th Judicial Delegates,,DEM,Juniper Mae Dunlap,2
Oswego,Hannibal 2,5th Judicial Delegates,,DEM,Mary Regan Benson,4
Oswego,Hannibal 2,5th Judicial Delegates,,DEM,Michael Dineen,2
Oswego,Hannibal 2,5th Judicial Delegates,,DEM,Michelle Newvine,7
Oswego,Hannibal 2,5th Judicial Delegates,,DEM,Mona Heck,3
Oswego,Hannibal 2,5th Judicial Delegates,,DEM,Patrick Dunlap,3
Oswego,Hannibal 2,5th Judicial Delegates,,DEM,Stephanie McHugh-Edwards,3
Oswego,Hannibal 2,5th Judicial Delegates,,,Under Votes,37
Oswego,Hannibal 2,Comptroller,,DEM,Drew Warshaw,3
Oswego,Hannibal 2,Comptroller,,DEM,Raj Goyle,2
Oswego,Hannibal 2,Comptroller,,DEM,Thomas P. DiNapoli,8
Oswego,Hannibal 2,State Assembly,120,DEM,Jim Cannon,7
Oswego,Hannibal 2,State Assembly,120,DEM,Timothy C. Allers,5
Oswego,Hannibal 2,State Assembly,120,,Under Votes,1
Oswego,Hannibal 2,State Committee,120,DEM,Brien Connolly,5
Oswego,Hannibal 2,State Committee,120,DEM,Elizabeth Passer,8
Oswego,Hannibal 2,State Committee,120,DEM,Jordan Harcleroad,4
Oswego,Hannibal 2,State Committee,120,DEM,Shannon Masters,4
Oswego,Hannibal 2,State Committee,120,,Under Votes,5
Oswego,Hannibal 2,U.S. House,24,DEM,Alissa J. Ellman,6
Oswego,Hannibal 2,U.S. House,24,DEM,Diana K. Kastenbaum,6
Oswego,Hannibal 2,U.S. House,24,,Under Votes,1
Oswego,Hannibal 3,Ballots Cast,,,,10
Oswego,Hannibal 3,5th Judicial Alternates,,DEM,Amy Connolly,7
Oswego,Hannibal 3,5th Judicial Alternates,,DEM,Amy Venskus,7
Oswego,Hannibal 3,5th Judicial Alternates,,DEM,Barbara Kickbush,8
Oswego,Hannibal 3,5th Judicial Alternates,,DEM,David Passer,3
Oswego,Hannibal 3,5th Judicial Alternates,,DEM,Deborah Chambers,8
Oswego,Hannibal 3,5th Judicial Alternates,,DEM,Diane Zeller,5
Oswego,Hannibal 3,5th Judicial Alternates,,DEM,Kathleen Mantaro,6
Oswego,Hannibal 3,5th Judicial Alternates,,DEM,Marianne Hart,6
Oswego,Hannibal 3,5th Judicial Alternates,,DEM,Randy Anthony Ladd,1
Oswego,Hannibal 3,5th Judicial Alternates,,DEM,Ryan Taylor,6
Oswego,Hannibal 3,5th Judicial Alternates,,DEM,Thomas Rinefierd,6
Oswego,Hannibal 3,5th Judicial Alternates,,DEM,Write-in,1
Oswego,Hannibal 3,5th Judicial Alternates,,,Under Votes,6
Oswego,Hannibal 3,5th Judicial Delegates,,DEM,Bailey Lovenguth,4
Oswego,Hannibal 3,5th Judicial Delegates,,DEM,Christine Weisenburger,8
Oswego,Hannibal 3,5th Judicial Delegates,,DEM,Elizabeth R. Passer,5
Oswego,Hannibal 3,5th Judicial Delegates,,DEM,James Cannon,5
Oswego,Hannibal 3,5th Judicial Delegates,,DEM,Joseph Hart,3
Oswego,Hannibal 3,5th Judicial Delegates,,DEM,Julienne Dean,5
Oswego,Hannibal 3,5th Judicial Delegates,,DEM,Juniper Mae Dunlap,2
Oswego,Hannibal 3,5th Judicial Delegates,,DEM,Mary Regan Benson,6
Oswego,Hannibal 3,5th Judicial Delegates,,DEM,Michael Dineen,6
Oswego,Hannibal 3,5th Judicial Delegates,,DEM,Michelle Newvine,6
Oswego,Hannibal 3,5th Judicial Delegates,,DEM,Mona Heck,5
Oswego,Hannibal 3,5th Judicial Delegates,,DEM,Patrick Dunlap,4
Oswego,Hannibal 3,5th Judicial Delegates,,DEM,Stephanie McHugh-Edwards,6
Oswego,Hannibal 3,5th Judicial Delegates,,,Under Votes,5
Oswego,Hannibal 3,Comptroller,,DEM,Thomas P. DiNapoli,10
Oswego,Hannibal 3,State Assembly,120,DEM,Jim Cannon,5
Oswego,Hannibal 3,State Assembly,120,DEM,Timothy C. Allers,4
Oswego,Hannibal 3,State Assembly,120,,Under Votes,1
Oswego,Hannibal 3,State Committee,120,DEM,Brien Connolly,2
Oswego,Hannibal 3,State Committee,120,DEM,Elizabeth Passer,4
Oswego,Hannibal 3,State Committee,120,DEM,Jordan Harcleroad,4
Oswego,Hannibal 3,State Committee,120,DEM,Shannon Masters,8
Oswego,Hannibal 3,State Committee,120,,Under Votes,2
Oswego,Hannibal 3,U.S. House,24,DEM,Alissa J. Ellman,7
Oswego,Hannibal 3,U.S. House,24,DEM,Diana K. Kastenbaum,2
Oswego,Hannibal 3,U.S. House,24,,Under Votes,1
Oswego,Hannibal 4,Ballots Cast,,,,18
Oswego,Hannibal 4,5th Judicial Alternates,,DEM,Amy Connolly,6
Oswego,Hannibal 4,5th Judicial Alternates,,DEM,Amy Venskus,7
Oswego,Hannibal 4,5th Judicial Alternates,,DEM,Barbara Kickbush,9
Oswego,Hannibal 4,5th Judicial Alternates,,DEM,David Passer,3
Oswego,Hannibal 4,5th Judicial Alternates,,DEM,Deborah Chambers,9
Oswego,Hannibal 4,5th Judicial Alternates,,DEM,Diane Zeller,7
Oswego,Hannibal 4,5th Judicial Alternates,,DEM,Jace E. Dunlap,2
Oswego,Hannibal 4,5th Judicial Alternates,,DEM,Kathleen Mantaro,9
Oswego,Hannibal 4,5th Judicial Alternates,,DEM,Marianne Hart,11
Oswego,Hannibal 4,5th Judicial Alternates,,DEM,Randy Anthony Ladd,3
Oswego,Hannibal 4,5th Judicial Alternates,,DEM,Ryan Taylor,8
Oswego,Hannibal 4,5th Judicial Alternates,,DEM,Thomas Rinefierd,3
Oswego,Hannibal 4,5th Judicial Alternates,,DEM,Write-in,2
Oswego,Hannibal 4,5th Judicial Alternates,,,Under Votes,47
Oswego,Hannibal 4,5th Judicial Delegates,,DEM,Bailey Lovenguth,3
Oswego,Hannibal 4,5th Judicial Delegates,,DEM,Christine Weisenburger,9
Oswego,Hannibal 4,5th Judicial Delegates,,DEM,Elizabeth R. Passer,6
Oswego,Hannibal 4,5th Judicial Delegates,,DEM,James Cannon,8
Oswego,Hannibal 4,5th Judicial Delegates,,DEM,Joseph Hart,5
Oswego,Hannibal 4,5th Judicial Delegates,,DEM,Julienne Dean,8
Oswego,Hannibal 4,5th Judicial Delegates,,DEM,Juniper Mae Dunlap,4
Oswego,Hannibal 4,5th Judicial Delegates,,DEM,Mary Regan Benson,5
Oswego,Hannibal 4,5th Judicial Delegates,,DEM,Michael Dineen,6
Oswego,Hannibal 4,5th Judicial Delegates,,DEM,Michelle Newvine,10
Oswego,Hannibal 4,5th Judicial Delegates,,DEM,Mona Heck,5
Oswego,Hannibal 4,5th Judicial Delegates,,DEM,Patrick Dunlap,2
Oswego,Hannibal 4,5th Judicial Delegates,,DEM,Stephanie McHugh-Edwards,9
Oswego,Hannibal 4,5th Judicial Delegates,,,Under Votes,46
Oswego,Hannibal 4,Comptroller,,DEM,Thomas P. DiNapoli,18
Oswego,Hannibal 4,State Assembly,120,DEM,Jim Cannon,12
Oswego,Hannibal 4,State Assembly,120,DEM,Timothy C. Allers,6
Oswego,Hannibal 4,State Committee,120,DEM,Brien Connolly,5
Oswego,Hannibal 4,State Committee,120,DEM,Elizabeth Passer,8
Oswego,Hannibal 4,State Committee,120,DEM,Jordan Harcleroad,4
Oswego,Hannibal 4,State Committee,120,DEM,Shannon Masters,9
Oswego,Hannibal 4,State Committee,120,,Under Votes,10
Oswego,Hannibal 4,U.S. House,24,DEM,Alissa J. Ellman,11
Oswego,Hannibal 4,U.S. House,24,DEM,Diana K. Kastenbaum,7
Oswego,Hastings 1,Ballots Cast,,,,18
Oswego,Hastings 1,5th Judicial Alternates,,DEM,Amy Connolly,6
Oswego,Hastings 1,5th Judicial Alternates,,DEM,Amy Venskus,6
Oswego,Hastings 1,5th Judicial Alternates,,DEM,Barbara Kickbush,7
Oswego,Hastings 1,5th Judicial Alternates,,DEM,David Passer,5
Oswego,Hastings 1,5th Judicial Alternates,,DEM,Deborah Chambers,7
Oswego,Hastings 1,5th Judicial Alternates,,DEM,Diane Zeller,8
Oswego,Hastings 1,5th Judicial Alternates,,DEM,Jace E. Dunlap,3
Oswego,Hastings 1,5th Judicial Alternates,,DEM,Kathleen Mantaro,7
Oswego,Hastings 1,5th Judicial Alternates,,DEM,Marianne Hart,7
Oswego,Hastings 1,5th Judicial Alternates,,DEM,Randy Anthony Ladd,2
Oswego,Hastings 1,5th Judicial Alternates,,DEM,Ryan Taylor,8
Oswego,Hastings 1,5th Judicial Alternates,,DEM,Thomas Rinefierd,3
Oswego,Hastings 1,5th Judicial Alternates,,,Over Votes,7
Oswego,Hastings 1,5th Judicial Alternates,,,Under Votes,50
Oswego,Hastings 1,5th Judicial Delegates,,DEM,Bailey Lovenguth,2
Oswego,Hastings 1,5th Judicial Delegates,,DEM,Christine Weisenburger,9
Oswego,Hastings 1,5th Judicial Delegates,,DEM,Elizabeth R. Passer,13
Oswego,Hastings 1,5th Judicial Delegates,,DEM,James Cannon,9
Oswego,Hastings 1,5th Judicial Delegates,,DEM,Joseph Hart,5
Oswego,Hastings 1,5th Judicial Delegates,,DEM,Julienne Dean,9
Oswego,Hastings 1,5th Judicial Delegates,,DEM,Juniper Mae Dunlap,6
Oswego,Hastings 1,5th Judicial Delegates,,DEM,Mary Regan Benson,8
Oswego,Hastings 1,5th Judicial Delegates,,DEM,Michael Dineen,7
Oswego,Hastings 1,5th Judicial Delegates,,DEM,Michelle Newvine,5
Oswego,Hastings 1,5th Judicial Delegates,,DEM,Mona Heck,1
Oswego,Hastings 1,5th Judicial Delegates,,DEM,Patrick Dunlap,6
Oswego,Hastings 1,5th Judicial Delegates,,DEM,Stephanie McHugh-Edwards,10
Oswego,Hastings 1,5th Judicial Delegates,,,Under Votes,36
Oswego,Hastings 1,Comptroller,,DEM,Drew Warshaw,5
Oswego,Hastings 1,Comptroller,,DEM,Raj Goyle,1
Oswego,Hastings 1,Comptroller,,DEM,Thomas P. DiNapoli,12
Oswego,Hastings 1,State Assembly,120,DEM,Jim Cannon,8
Oswego,Hastings 1,State Assembly,120,DEM,Timothy C. Allers,9
Oswego,Hastings 1,State Assembly,120,,Under Votes,1
Oswego,Hastings 1,State Committee,120,DEM,Brien Connolly,3
Oswego,Hastings 1,State Committee,120,DEM,Elizabeth Passer,8
Oswego,Hastings 1,State Committee,120,DEM,Jordan Harcleroad,9
Oswego,Hastings 1,State Committee,120,DEM,Shannon Masters,14
Oswego,Hastings 1,State Committee,120,,Under Votes,2
Oswego,Hastings 1,U.S. House,24,DEM,Alissa J. Ellman,13
Oswego,Hastings 1,U.S. House,24,DEM,Diana K. Kastenbaum,3
Oswego,Hastings 1,U.S. House,24,,Under Votes,2
Oswego,Hastings 2,Ballots Cast,,,,3
Oswego,Hastings 2,5th Judicial Alternates,,DEM,Amy Connolly,2
Oswego,Hastings 2,5th Judicial Alternates,,DEM,Diane Zeller,2
Oswego,Hastings 2,5th Judicial Alternates,,DEM,Kathleen Mantaro,2
Oswego,Hastings 2,5th Judicial Alternates,,DEM,Marianne Hart,2
Oswego,Hastings 2,5th Judicial Alternates,,DEM,Randy Anthony Ladd,1
Oswego,Hastings 2,5th Judicial Alternates,,DEM,Ryan Taylor,1
Oswego,Hastings 2,5th Judicial Alternates,,DEM,Thomas Rinefierd,1
Oswego,Hastings 2,5th Judicial Alternates,,,Under Votes,10
Oswego,Hastings 2,5th Judicial Delegates,,DEM,Christine Weisenburger,2
Oswego,Hastings 2,5th Judicial Delegates,,DEM,Elizabeth R. Passer,3
Oswego,Hastings 2,5th Judicial Delegates,,DEM,James Cannon,1
Oswego,Hastings 2,5th Judicial Delegates,,DEM,Joseph Hart,1
Oswego,Hastings 2,5th Judicial Delegates,,DEM,Mary Regan Benson,1
Oswego,Hastings 2,5th Judicial Delegates,,DEM,Michelle Newvine,1
Oswego,Hastings 2,5th Judicial Delegates,,DEM,Mona Heck,2
Oswego,Hastings 2,5th Judicial Delegates,,DEM,Stephanie McHugh-Edwards,2
Oswego,Hastings 2,5th Judicial Delegates,,,Under Votes,8
Oswego,Hastings 2,Comptroller,,DEM,Drew Warshaw,1
Oswego,Hastings 2,Comptroller,,DEM,Thomas P. DiNapoli,2
Oswego,Hastings 2,State Assembly,120,DEM,Timothy C. Allers,2
Oswego,Hastings 2,State Assembly,120,,Under Votes,1
Oswego,Hastings 2,State Committee,120,DEM,Elizabeth Passer,1
Oswego,Hastings 2,State Committee,120,DEM,Jordan Harcleroad,1
Oswego,Hastings 2,State Committee,120,DEM,Shannon Masters,2
Oswego,Hastings 2,State Committee,120,,Under Votes,2
Oswego,Hastings 2,U.S. House,24,DEM,Alissa J. Ellman,2
Oswego,Hastings 2,U.S. House,24,,Under Votes,1
Oswego,Hastings 3,Ballots Cast,,,,32
Oswego,Hastings 3,5th Judicial Alternates,,DEM,Amy Connolly,16
Oswego,Hastings 3,5th Judicial Alternates,,DEM,Amy Venskus,15
Oswego,Hastings 3,5th Judicial Alternates,,DEM,Barbara Kickbush,16
Oswego,Hastings 3,5th Judicial Alternates,,DEM,David Passer,5
Oswego,Hastings 3,5th Judicial Alternates,,DEM,Deborah Chambers,19
Oswego,Hastings 3,5th Judicial Alternates,,DEM,Diane Zeller,13
Oswego,Hastings 3,5th Judicial Alternates,,DEM,Jace E. Dunlap,3
Oswego,Hastings 3,5th Judicial Alternates,,DEM,Kathleen Mantaro,19
Oswego,Hastings 3,5th Judicial Alternates,,DEM,Marianne Hart,19
Oswego,Hastings 3,5th Judicial Alternates,,DEM,Randy Anthony Ladd,9
Oswego,Hastings 3,5th Judicial Alternates,,DEM,Ryan Taylor,13
Oswego,Hastings 3,5th Judicial Alternates,,DEM,Thomas Rinefierd,10
Oswego,Hastings 3,5th Judicial Alternates,,,Under Votes,67
Oswego,Hastings 3,5th Judicial Delegates,,DEM,Bailey Lovenguth,8
Oswego,Hastings 3,5th Judicial Delegates,,DEM,Christine Weisenburger,11
Oswego,Hastings 3,5th Judicial Delegates,,DEM,Elizabeth R. Passer,16
Oswego,Hastings 3,5th Judicial Delegates,,DEM,James Cannon,7
Oswego,Hastings 3,5th Judicial Delegates,,DEM,Joseph Hart,11
Oswego,Hastings 3,5th Judicial Delegates,,DEM,Julienne Dean,15
Oswego,Hastings 3,5th Judicial Delegates,,DEM,Juniper Mae Dunlap,10
Oswego,Hastings 3,5th Judicial Delegates,,DEM,Mary Regan Benson,14
Oswego,Hastings 3,5th Judicial Delegates,,DEM,Michael Dineen,8
Oswego,Hastings 3,5th Judicial Delegates,,DEM,Michelle Newvine,15
Oswego,Hastings 3,5th Judicial Delegates,,DEM,Mona Heck,10
Oswego,Hastings 3,5th Judicial Delegates,,DEM,Patrick Dunlap,9
Oswego,Hastings 3,5th Judicial Delegates,,DEM,Stephanie McHugh-Edwards,22
Oswego,Hastings 3,5th Judicial Delegates,,,Under Votes,68
Oswego,Hastings 3,Comptroller,,DEM,Drew Warshaw,6
Oswego,Hastings 3,Comptroller,,DEM,Thomas P. DiNapoli,24
Oswego,Hastings 3,Comptroller,,,Under Votes,2
Oswego,Hastings 3,State Assembly,120,DEM,Jim Cannon,13
Oswego,Hastings 3,State Assembly,120,DEM,Timothy C. Allers,17
Oswego,Hastings 3,State Assembly,120,,Under Votes,2
Oswego,Hastings 3,State Committee,120,DEM,Brien Connolly,10
Oswego,Hastings 3,State Committee,120,DEM,Elizabeth Passer,15
Oswego,Hastings 3,State Committee,120,DEM,Jordan Harcleroad,8
Oswego,Hastings 3,State Committee,120,DEM,Shannon Masters,14
Oswego,Hastings 3,State Committee,120,,Under Votes,17
Oswego,Hastings 3,U.S. House,24,DEM,Alissa J. Ellman,19
Oswego,Hastings 3,U.S. House,24,DEM,Diana K. Kastenbaum,9
Oswego,Hastings 3,U.S. House,24,,Under Votes,4
Oswego,Hastings 4,Ballots Cast,,,,11
Oswego,Hastings 4,5th Judicial Alternates,,DEM,Amy Connolly,8
Oswego,Hastings 4,5th Judicial Alternates,,DEM,Amy Venskus,4
Oswego,Hastings 4,5th Judicial Alternates,,DEM,Barbara Kickbush,4
Oswego,Hastings 4,5th Judicial Alternates,,DEM,David Passer,4
Oswego,Hastings 4,5th Judicial Alternates,,DEM,Deborah Chambers,4
Oswego,Hastings 4,5th Judicial Alternates,,DEM,Diane Zeller,6
Oswego,Hastings 4,5th Judicial Alternates,,DEM,Jace E. Dunlap,4
Oswego,Hastings 4,5th Judicial Alternates,,DEM,Kathleen Mantaro,5
Oswego,Hastings 4,5th Judicial Alternates,,DEM,Marianne Hart,5
Oswego,Hastings 4,5th Judicial Alternates,,DEM,Randy Anthony Ladd,4
Oswego,Hastings 4,5th Judicial Alternates,,DEM,Ryan Taylor,6
Oswego,Hastings 4,5th Judicial Alternates,,DEM,Thomas Rinefierd,2
Oswego,Hastings 4,5th Judicial Alternates,,,Under Votes,21
Oswego,Hastings 4,5th Judicial Delegates,,DEM,Bailey Lovenguth,4
Oswego,Hastings 4,5th Judicial Delegates,,DEM,Christine Weisenburger,5
Oswego,Hastings 4,5th Judicial Delegates,,DEM,Elizabeth R. Passer,7
Oswego,Hastings 4,5th Judicial Delegates,,DEM,James Cannon,3
Oswego,Hastings 4,5th Judicial Delegates,,DEM,Joseph Hart,4
Oswego,Hastings 4,5th Judicial Delegates,,DEM,Julienne Dean,2
Oswego,Hastings 4,5th Judicial Delegates,,DEM,Juniper Mae Dunlap,5
Oswego,Hastings 4,5th Judicial Delegates,,DEM,Mary Regan Benson,6
Oswego,Hastings 4,5th Judicial Delegates,,DEM,Michael Dineen,3
Oswego,Hastings 4,5th Judicial Delegates,,DEM,Michelle Newvine,5
Oswego,Hastings 4,5th Judicial Delegates,,DEM,Mona Heck,6
Oswego,Hastings 4,5th Judicial Delegates,,DEM,Patrick Dunlap,4
Oswego,Hastings 4,5th Judicial Delegates,,DEM,Stephanie McHugh-Edwards,6
Oswego,Hastings 4,5th Judicial Delegates,,,Under Votes,17
Oswego,Hastings 4,Comptroller,,DEM,Drew Warshaw,4
Oswego,Hastings 4,Comptroller,,DEM,Thomas P. DiNapoli,7
Oswego,Hastings 4,State Assembly,120,DEM,Jim Cannon,4
Oswego,Hastings 4,State Assembly,120,DEM,Timothy C. Allers,7
Oswego,Hastings 4,State Committee,120,DEM,Brien Connolly,4
Oswego,Hastings 4,State Committee,120,DEM,Elizabeth Passer,6
Oswego,Hastings 4,State Committee,120,DEM,Jordan Harcleroad,3
Oswego,Hastings 4,State Committee,120,DEM,Shannon Masters,7
Oswego,Hastings 4,State Committee,120,,Under Votes,2
Oswego,Hastings 4,U.S. House,24,DEM,Alissa J. Ellman,5
Oswego,Hastings 4,U.S. House,24,DEM,Diana K. Kastenbaum,6
Oswego,Hastings 5,Ballots Cast,,,,70
Oswego,Hastings 5,5th Judicial Alternates,,DEM,Amy Connolly,16
Oswego,Hastings 5,5th Judicial Alternates,,DEM,Amy Venskus,10
Oswego,Hastings 5,5th Judicial Alternates,,DEM,Barbara Kickbush,13
Oswego,Hastings 5,5th Judicial Alternates,,DEM,David Passer,3
Oswego,Hastings 5,5th Judicial Alternates,,DEM,Deborah Chambers,17
Oswego,Hastings 5,5th Judicial Alternates,,DEM,Diane Zeller,11
Oswego,Hastings 5,5th Judicial Alternates,,DEM,Jace E. Dunlap,3
Oswego,Hastings 5,5th Judicial Alternates,,DEM,Kathleen Mantaro,14
Oswego,Hastings 5,5th Judicial Alternates,,DEM,Marianne Hart,12
Oswego,Hastings 5,5th Judicial Alternates,,DEM,Randy Anthony Ladd,1
Oswego,Hastings 5,5th Judicial Alternates,,DEM,Ryan Taylor,7
Oswego,Hastings 5,5th Judicial Alternates,,DEM,Thomas Rinefierd,6
Oswego,Hastings 5,5th Judicial Alternates,,,Under Votes,20
Oswego,Hastings 5,5th Judicial Delegates,,DEM,Bailey Lovenguth,6
Oswego,Hastings 5,5th Judicial Delegates,,DEM,Christine Weisenburger,10
Oswego,Hastings 5,5th Judicial Delegates,,DEM,Elizabeth R. Passer,14
Oswego,Hastings 5,5th Judicial Delegates,,DEM,James Cannon,6
Oswego,Hastings 5,5th Judicial Delegates,,DEM,Joseph Hart,4
Oswego,Hastings 5,5th Judicial Delegates,,DEM,Julienne Dean,12
Oswego,Hastings 5,5th Judicial Delegates,,DEM,Juniper Mae Dunlap,6
Oswego,Hastings 5,5th Judicial Delegates,,DEM,Mary Regan Benson,9
Oswego,Hastings 5,5th Judicial Delegates,,DEM,Michael Dineen,5
Oswego,Hastings 5,5th Judicial Delegates,,DEM,Michelle Newvine,14
Oswego,Hastings 5,5th Judicial Delegates,,DEM,Mona Heck,8
Oswego,Hastings 5,5th Judicial Delegates,,DEM,Patrick Dunlap,3
Oswego,Hastings 5,5th Judicial Delegates,,DEM,Stephanie McHugh-Edwards,13
Oswego,Hastings 5,5th Judicial Delegates,,,Under Votes,23
Oswego,Hastings 5,Comptroller,,DEM,Drew Warshaw,1
Oswego,Hastings 5,Comptroller,,DEM,Raj Goyle,3
Oswego,Hastings 5,Comptroller,,DEM,Thomas P. DiNapoli,15
Oswego,Hastings 5,County Legislator,9,REP,Kenneth Sherman,22
Oswego,Hastings 5,County Legislator,9,REP,Mike Clark,29
Oswego,Hastings 5,State Assembly,120,DEM,Jim Cannon,12
Oswego,Hastings 5,State Assembly,120,DEM,Timothy C. Allers,5
Oswego,Hastings 5,State Assembly,120,,Under Votes,2
Oswego,Hastings 5,State Committee,120,DEM,Brien Connolly,1
Oswego,Hastings 5,State Committee,120,DEM,Elizabeth Passer,12
Oswego,Hastings 5,State Committee,120,DEM,Jordan Harcleroad,5
Oswego,Hastings 5,State Committee,120,DEM,Shannon Masters,15
Oswego,Hastings 5,State Committee,120,,Under Votes,5
Oswego,Hastings 5,U.S. House,24,DEM,Alissa J. Ellman,11
Oswego,Hastings 5,U.S. House,24,DEM,Diana K. Kastenbaum,6
Oswego,Hastings 5,U.S. House,24,,Under Votes,2
Oswego,Hastings 6,Ballots Cast,,,,104
Oswego,Hastings 6,5th Judicial Alternates,,DEM,Amy Connolly,25
Oswego,Hastings 6,5th Judicial Alternates,,DEM,Amy Venskus,26
Oswego,Hastings 6,5th Judicial Alternates,,DEM,Barbara Kickbush,23
Oswego,Hastings 6,5th Judicial Alternates,,DEM,David Passer,6
Oswego,Hastings 6,5th Judicial Alternates,,DEM,Deborah Chambers,29
Oswego,Hastings 6,5th Judicial Alternates,,DEM,Diane Zeller,16
Oswego,Hastings 6,5th Judicial Alternates,,DEM,Jace E. Dunlap,5
Oswego,Hastings 6,5th Judicial Alternates,,DEM,Kathleen Mantaro,29
Oswego,Hastings 6,5th Judicial Alternates,,DEM,Marianne Hart,29
Oswego,Hastings 6,5th Judicial Alternates,,DEM,Randy Anthony Ladd,8
Oswego,Hastings 6,5th Judicial Alternates,,DEM,Ryan Taylor,22
Oswego,Hastings 6,5th Judicial Alternates,,DEM,Thomas Rinefierd,22
Oswego,Hastings 6,5th Judicial Alternates,,,Under Votes,96
Oswego,Hastings 6,5th Judicial Delegates,,DEM,Bailey Lovenguth,15
Oswego,Hastings 6,5th Judicial Delegates,,DEM,Christine Weisenburger,27
Oswego,Hastings 6,5th Judicial Delegates,,DEM,Elizabeth R. Passer,25
Oswego,Hastings 6,5th Judicial Delegates,,DEM,James Cannon,20
Oswego,Hastings 6,5th Judicial Delegates,,DEM,Joseph Hart,21
Oswego,Hastings 6,5th Judicial Delegates,,DEM,Julienne Dean,21
Oswego,Hastings 6,5th Judicial Delegates,,DEM,Juniper Mae Dunlap,15
Oswego,Hastings 6,5th Judicial Delegates,,DEM,Mary Regan Benson,27
Oswego,Hastings 6,5th Judicial Delegates,,DEM,Michael Dineen,16
Oswego,Hastings 6,5th Judicial Delegates,,DEM,Michelle Newvine,24
Oswego,Hastings 6,5th Judicial Delegates,,DEM,Mona Heck,15
Oswego,Hastings 6,5th Judicial Delegates,,DEM,Patrick Dunlap,8
Oswego,Hastings 6,5th Judicial Delegates,,DEM,Stephanie McHugh-Edwards,22
Oswego,Hastings 6,5th Judicial Delegates,,,Under Votes,80
Oswego,Hastings 6,Comptroller,,DEM,Drew Warshaw,5
Oswego,Hastings 6,Comptroller,,DEM,Raj Goyle,4
Oswego,Hastings 6,Comptroller,,DEM,Thomas P. DiNapoli,35
Oswego,Hastings 6,Comptroller,,,Under Votes,4
Oswego,Hastings 6,County Legislator,9,REP,Kenneth Sherman,34
Oswego,Hastings 6,County Legislator,9,REP,Mike Clark,20
Oswego,Hastings 6,County Legislator,9,,Under Votes,2
Oswego,Hastings 6,State Assembly,120,DEM,Jim Cannon,20
Oswego,Hastings 6,State Assembly,120,DEM,Timothy C. Allers,23
Oswego,Hastings 6,State Assembly,120,,Under Votes,5
Oswego,Hastings 6,State Committee,120,DEM,Brien Connolly,13
Oswego,Hastings 6,State Committee,120,DEM,Elizabeth Passer,20
Oswego,Hastings 6,State Committee,120,DEM,Jordan Harcleroad,18
Oswego,Hastings 6,State Committee,120,DEM,Shannon Masters,30
Oswego,Hastings 6,State Committee,120,,Under Votes,15
Oswego,Hastings 6,U.S. House,24,DEM,Alissa J. Ellman,33
Oswego,Hastings 6,U.S. House,24,DEM,Diana K. Kastenbaum,12
Oswego,Hastings 6,U.S. House,24,,Under Votes,3
Oswego,Hastings 7,Ballots Cast,,,,84
Oswego,Hastings 7,5th Judicial Alternates,,DEM,Amy Connolly,5
Oswego,Hastings 7,5th Judicial Alternates,,DEM,Amy Venskus,7
Oswego,Hastings 7,5th Judicial Alternates,,DEM,Barbara Kickbush,6
Oswego,Hastings 7,5th Judicial Alternates,,DEM,David Passer,3
Oswego,Hastings 7,5th Judicial Alternates,,DEM,Deborah Chambers,6
Oswego,Hastings 7,5th Judicial Alternates,,DEM,Diane Zeller,5
Oswego,Hastings 7,5th Judicial Alternates,,DEM,Jace E. Dunlap,2
Oswego,Hastings 7,5th Judicial Alternates,,DEM,Kathleen Mantaro,8
Oswego,Hastings 7,5th Judicial Alternates,,DEM,Marianne Hart,7
Oswego,Hastings 7,5th Judicial Alternates,,DEM,Randy Anthony Ladd,3
Oswego,Hastings 7,5th Judicial Alternates,,DEM,Ryan Taylor,5
Oswego,Hastings 7,5th Judicial Alternates,,DEM,Thomas Rinefierd,3
Oswego,Hastings 7,5th Judicial Alternates,,,Under Votes,52
Oswego,Hastings 7,5th Judicial Delegates,,DEM,Bailey Lovenguth,4
Oswego,Hastings 7,5th Judicial Delegates,,DEM,Christine Weisenburger,11
Oswego,Hastings 7,5th Judicial Delegates,,DEM,Elizabeth R. Passer,7
Oswego,Hastings 7,5th Judicial Delegates,,DEM,James Cannon,9
Oswego,Hastings 7,5th Judicial Delegates,,DEM,Joseph Hart,8
Oswego,Hastings 7,5th Judicial Delegates,,DEM,Julienne Dean,6
Oswego,Hastings 7,5th Judicial Delegates,,DEM,Juniper Mae Dunlap,4
Oswego,Hastings 7,5th Judicial Delegates,,DEM,Mary Regan Benson,6
Oswego,Hastings 7,5th Judicial Delegates,,DEM,Michael Dineen,6
Oswego,Hastings 7,5th Judicial Delegates,,DEM,Michelle Newvine,9
Oswego,Hastings 7,5th Judicial Delegates,,DEM,Mona Heck,5
Oswego,Hastings 7,5th Judicial Delegates,,DEM,Patrick Dunlap,1
Oswego,Hastings 7,5th Judicial Delegates,,DEM,Stephanie McHugh-Edwards,5
Oswego,Hastings 7,5th Judicial Delegates,,,Under Votes,31
Oswego,Hastings 7,Comptroller,,DEM,Raj Goyle,1
Oswego,Hastings 7,Comptroller,,DEM,Thomas P. DiNapoli,15
Oswego,Hastings 7,County Legislator,9,REP,Kenneth Sherman,41
Oswego,Hastings 7,County Legislator,9,REP,Mike Clark,27
Oswego,Hastings 7,State Assembly,120,DEM,Jim Cannon,11
Oswego,Hastings 7,State Assembly,120,DEM,Timothy C. Allers,3
Oswego,Hastings 7,State Assembly,120,,Under Votes,2
Oswego,Hastings 7,State Committee,120,DEM,Brien Connolly,3
Oswego,Hastings 7,State Committee,120,DEM,Elizabeth Passer,4
Oswego,Hastings 7,State Committee,120,DEM,Jordan Harcleroad,10
Oswego,Hastings 7,State Committee,120,DEM,Shannon Masters,10
Oswego,Hastings 7,State Committee,120,,Under Votes,5
Oswego,Hastings 7,U.S. House,24,DEM,Alissa J. Ellman,11
Oswego,Hastings 7,U.S. House,24,DEM,Diana K. Kastenbaum,3
Oswego,Hastings 7,U.S. House,24,,Under Votes,2
Oswego,Mexico 1,Ballots Cast,,,,25
Oswego,Mexico 1,5th Judicial Alternates,,DEM,Amy Connolly,12
Oswego,Mexico 1,5th Judicial Alternates,,DEM,Amy Venskus,6
Oswego,Mexico 1,5th Judicial Alternates,,DEM,Barbara Kickbush,8
Oswego,Mexico 1,5th Judicial Alternates,,DEM,David Passer,12
Oswego,Mexico 1,5th Judicial Alternates,,DEM,Deborah Chambers,8
Oswego,Mexico 1,5th Judicial Alternates,,DEM,Diane Zeller,11
Oswego,Mexico 1,5th Judicial Alternates,,DEM,Jace E. Dunlap,6
Oswego,Mexico 1,5th Judicial Alternates,,DEM,Kathleen Mantaro,10
Oswego,Mexico 1,5th Judicial Alternates,,DEM,Marianne Hart,13
Oswego,Mexico 1,5th Judicial Alternates,,DEM,Randy Anthony Ladd,14
Oswego,Mexico 1,5th Judicial Alternates,,DEM,Ryan Taylor,19
Oswego,Mexico 1,5th Judicial Alternates,,DEM,Thomas Rinefierd,6
Oswego,Mexico 1,5th Judicial Alternates,,,Under Votes,50
Oswego,Mexico 1,5th Judicial Delegates,,DEM,Bailey Lovenguth,11
Oswego,Mexico 1,5th Judicial Delegates,,DEM,Christine Weisenburger,9
Oswego,Mexico 1,5th Judicial Delegates,,DEM,Elizabeth R. Passer,15
Oswego,Mexico 1,5th Judicial Delegates,,DEM,James Cannon,4
Oswego,Mexico 1,5th Judicial Delegates,,DEM,Joseph Hart,11
Oswego,Mexico 1,5th Judicial Delegates,,DEM,Julienne Dean,3
Oswego,Mexico 1,5th Judicial Delegates,,DEM,Juniper Mae Dunlap,12
Oswego,Mexico 1,5th Judicial Delegates,,DEM,Mary Regan Benson,5
Oswego,Mexico 1,5th Judicial Delegates,,DEM,Michael Dineen,6
Oswego,Mexico 1,5th Judicial Delegates,,DEM,Michelle Newvine,4
Oswego,Mexico 1,5th Judicial Delegates,,DEM,Mona Heck,15
Oswego,Mexico 1,5th Judicial Delegates,,DEM,Patrick Dunlap,14
Oswego,Mexico 1,5th Judicial Delegates,,DEM,Stephanie McHugh-Edwards,15
Oswego,Mexico 1,5th Judicial Delegates,,,Over Votes,7
Oswego,Mexico 1,5th Judicial Delegates,,,Under Votes,44
Oswego,Mexico 1,Comptroller,,DEM,Drew Warshaw,3
Oswego,Mexico 1,Comptroller,,DEM,Thomas P. DiNapoli,21
Oswego,Mexico 1,Comptroller,,,Under Votes,1
Oswego,Mexico 1,State Assembly,120,DEM,Jim Cannon,6
Oswego,Mexico 1,State Assembly,120,DEM,Timothy C. Allers,17
Oswego,Mexico 1,State Assembly,120,,Under Votes,2
Oswego,Mexico 1,State Committee,120,DEM,Brien Connolly,12
Oswego,Mexico 1,State Committee,120,DEM,Elizabeth Passer,17
Oswego,Mexico 1,State Committee,120,DEM,Jordan Harcleroad,5
Oswego,Mexico 1,State Committee,120,DEM,Shannon Masters,7
Oswego,Mexico 1,State Committee,120,,Under Votes,9
Oswego,Mexico 1,U.S. House,24,DEM,Alissa J. Ellman,15
Oswego,Mexico 1,U.S. House,24,DEM,Diana K. Kastenbaum,7
Oswego,Mexico 1,U.S. House,24,,Under Votes,3
Oswego,Mexico 2,Ballots Cast,,,,29
Oswego,Mexico 2,5th Judicial Alternates,,DEM,Amy Connolly,11
Oswego,Mexico 2,5th Judicial Alternates,,DEM,Amy Venskus,10
Oswego,Mexico 2,5th Judicial Alternates,,DEM,Barbara Kickbush,13
Oswego,Mexico 2,5th Judicial Alternates,,DEM,David Passer,13
Oswego,Mexico 2,5th Judicial Alternates,,DEM,Deborah Chambers,18
Oswego,Mexico 2,5th Judicial Alternates,,DEM,Diane Zeller,8
Oswego,Mexico 2,5th Judicial Alternates,,DEM,Jace E. Dunlap,2
Oswego,Mexico 2,5th Judicial Alternates,,DEM,Kathleen Mantaro,13
Oswego,Mexico 2,5th Judicial Alternates,,DEM,Marianne Hart,15
Oswego,Mexico 2,5th Judicial Alternates,,DEM,Randy Anthony Ladd,6
Oswego,Mexico 2,5th Judicial Alternates,,DEM,Ryan Taylor,14
Oswego,Mexico 2,5th Judicial Alternates,,DEM,Thomas Rinefierd,9
Oswego,Mexico 2,5th Judicial Alternates,,DEM,Write-in,3
Oswego,Mexico 2,5th Judicial Alternates,,,Under Votes,68
Oswego,Mexico 2,5th Judicial Delegates,,DEM,Bailey Lovenguth,8
Oswego,Mexico 2,5th Judicial Delegates,,DEM,Christine Weisenburger,16
Oswego,Mexico 2,5th Judicial Delegates,,DEM,Elizabeth R. Passer,14
Oswego,Mexico 2,5th Judicial Delegates,,DEM,James Cannon,11
Oswego,Mexico 2,5th Judicial Delegates,,DEM,Joseph Hart,12
Oswego,Mexico 2,5th Judicial Delegates,,DEM,Julienne Dean,13
Oswego,Mexico 2,5th Judicial Delegates,,DEM,Juniper Mae Dunlap,8
Oswego,Mexico 2,5th Judicial Delegates,,DEM,Mary Regan Benson,13
Oswego,Mexico 2,5th Judicial Delegates,,DEM,Michael Dineen,14
Oswego,Mexico 2,5th Judicial Delegates,,DEM,Michelle Newvine,13
Oswego,Mexico 2,5th Judicial Delegates,,DEM,Mona Heck,7
Oswego,Mexico 2,5th Judicial Delegates,,DEM,Patrick Dunlap,7
Oswego,Mexico 2,5th Judicial Delegates,,DEM,Stephanie McHugh-Edwards,10
Oswego,Mexico 2,5th Judicial Delegates,,DEM,Write-in,2
Oswego,Mexico 2,5th Judicial Delegates,,,Under Votes,55
Oswego,Mexico 2,Comptroller,,DEM,Drew Warshaw,3
Oswego,Mexico 2,Comptroller,,DEM,Raj Goyle,1
Oswego,Mexico 2,Comptroller,,DEM,Thomas P. DiNapoli,23
Oswego,Mexico 2,Comptroller,,,Under Votes,2
Oswego,Mexico 2,State Assembly,120,DEM,Jim Cannon,6
Oswego,Mexico 2,State Assembly,120,DEM,Timothy C. Allers,21
Oswego,Mexico 2,State Assembly,120,,Under Votes,2
Oswego,Mexico 2,State Committee,120,DEM,Brien Connolly,7
Oswego,Mexico 2,State Committee,120,DEM,Elizabeth Passer,18
Oswego,Mexico 2,State Committee,120,DEM,Jordan Harcleroad,7
Oswego,Mexico 2,State Committee,120,DEM,Shannon Masters,14
Oswego,Mexico 2,State Committee,120,,Under Votes,12
Oswego,Mexico 2,U.S. House,24,DEM,Alissa J. Ellman,18
Oswego,Mexico 2,U.S. House,24,DEM,Diana K. Kastenbaum,5
Oswego,Mexico 2,U.S. House,24,,Under Votes,6
Oswego,Mexico 3,Ballots Cast,,,,33
Oswego,Mexico 3,5th Judicial Alternates,,DEM,Amy Connolly,17
Oswego,Mexico 3,5th Judicial Alternates,,DEM,Amy Venskus,7
Oswego,Mexico 3,5th Judicial Alternates,,DEM,Barbara Kickbush,10
Oswego,Mexico 3,5th Judicial Alternates,,DEM,David Passer,24
Oswego,Mexico 3,5th Judicial Alternates,,DEM,Deborah Chambers,13
Oswego,Mexico 3,5th Judicial Alternates,,DEM,Diane Zeller,15
Oswego,Mexico 3,5th Judicial Alternates,,DEM,Jace E. Dunlap,12
Oswego,Mexico 3,5th Judicial Alternates,,DEM,Kathleen Mantaro,8
Oswego,Mexico 3,5th Judicial Alternates,,DEM,Marianne Hart,15
Oswego,Mexico 3,5th Judicial Alternates,,DEM,Randy Anthony Ladd,14
Oswego,Mexico 3,5th Judicial Alternates,,DEM,Ryan Taylor,17
Oswego,Mexico 3,5th Judicial Alternates,,DEM,Thomas Rinefierd,7
Oswego,Mexico 3,5th Judicial Alternates,,DEM,Write-in,1
Oswego,Mexico 3,5th Judicial Alternates,,,Under Votes,71
Oswego,Mexico 3,5th Judicial Delegates,,DEM,Bailey Lovenguth,13
Oswego,Mexico 3,5th Judicial Delegates,,DEM,Christine Weisenburger,8
Oswego,Mexico 3,5th Judicial Delegates,,DEM,Elizabeth R. Passer,29
Oswego,Mexico 3,5th Judicial Delegates,,DEM,James Cannon,8
Oswego,Mexico 3,5th Judicial Delegates,,DEM,Joseph Hart,9
Oswego,Mexico 3,5th Judicial Delegates,,DEM,Julienne Dean,8
Oswego,Mexico 3,5th Judicial Delegates,,DEM,Juniper Mae Dunlap,14
Oswego,Mexico 3,5th Judicial Delegates,,DEM,Mary Regan Benson,9
Oswego,Mexico 3,5th Judicial Delegates,,DEM,Michael Dineen,10
Oswego,Mexico 3,5th Judicial Delegates,,DEM,Michelle Newvine,8
Oswego,Mexico 3,5th Judicial Delegates,,DEM,Mona Heck,15
Oswego,Mexico 3,5th Judicial Delegates,,DEM,Patrick Dunlap,15
Oswego,Mexico 3,5th Judicial Delegates,,DEM,Stephanie McHugh-Edwards,18
Oswego,Mexico 3,5th Judicial Delegates,,,Under Votes,67
Oswego,Mexico 3,Comptroller,,DEM,Drew Warshaw,4
Oswego,Mexico 3,Comptroller,,DEM,Raj Goyle,2
Oswego,Mexico 3,Comptroller,,DEM,Thomas P. DiNapoli,26
Oswego,Mexico 3,Comptroller,,,Under Votes,1
Oswego,Mexico 3,State Assembly,120,DEM,Jim Cannon,6
Oswego,Mexico 3,State Assembly,120,DEM,Timothy C. Allers,23
Oswego,Mexico 3,State Assembly,120,,Under Votes,4
Oswego,Mexico 3,State Committee,120,DEM,Brien Connolly,18
Oswego,Mexico 3,State Committee,120,DEM,Elizabeth Passer,25
Oswego,Mexico 3,State Committee,120,DEM,Jordan Harcleroad,4
Oswego,Mexico 3,State Committee,120,DEM,Shannon Masters,8
Oswego,Mexico 3,State Committee,120,,Under Votes,11
Oswego,Mexico 3,U.S. House,24,DEM,Alissa J. Ellman,21
Oswego,Mexico 3,U.S. House,24,DEM,Diana K. Kastenbaum,7
Oswego,Mexico 3,U.S. House,24,DEM,Write-in,1
Oswego,Mexico 3,U.S. House,24,,Under Votes,4
Oswego,Mexico 4,Ballots Cast,,,,8
Oswego,Mexico 4,5th Judicial Alternates,,DEM,Amy Connolly,4
Oswego,Mexico 4,5th Judicial Alternates,,DEM,Amy Venskus,2
Oswego,Mexico 4,5th Judicial Alternates,,DEM,Barbara Kickbush,1
Oswego,Mexico 4,5th Judicial Alternates,,DEM,David Passer,1
Oswego,Mexico 4,5th Judicial Alternates,,DEM,Deborah Chambers,2
Oswego,Mexico 4,5th Judicial Alternates,,DEM,Diane Zeller,4
Oswego,Mexico 4,5th Judicial Alternates,,DEM,Jace E. Dunlap,2
Oswego,Mexico 4,5th Judicial Alternates,,DEM,Kathleen Mantaro,1
Oswego,Mexico 4,5th Judicial Alternates,,DEM,Marianne Hart,2
Oswego,Mexico 4,5th Judicial Alternates,,DEM,Randy Anthony Ladd,1
Oswego,Mexico 4,5th Judicial Alternates,,DEM,Ryan Taylor,1
Oswego,Mexico 4,5th Judicial Alternates,,,Under Votes,35
Oswego,Mexico 4,5th Judicial Delegates,,DEM,Bailey Lovenguth,4
Oswego,Mexico 4,5th Judicial Delegates,,DEM,Christine Weisenburger,3
Oswego,Mexico 4,5th Judicial Delegates,,DEM,Elizabeth R. Passer,4
Oswego,Mexico 4,5th Judicial Delegates,,DEM,James Cannon,3
Oswego,Mexico 4,5th Judicial Delegates,,DEM,Joseph Hart,2
Oswego,Mexico 4,5th Judicial Delegates,,DEM,Julienne Dean,1
Oswego,Mexico 4,5th Judicial Delegates,,DEM,Juniper Mae Dunlap,3
Oswego,Mexico 4,5th Judicial Delegates,,DEM,Mary Regan Benson,3
Oswego,Mexico 4,5th Judicial Delegates,,DEM,Michael Dineen,2
Oswego,Mexico 4,5th Judicial Delegates,,DEM,Michelle Newvine,1
Oswego,Mexico 4,5th Judicial Delegates,,DEM,Mona Heck,2
Oswego,Mexico 4,5th Judicial Delegates,,DEM,Stephanie McHugh-Edwards,4
Oswego,Mexico 4,5th Judicial Delegates,,,Under Votes,24
Oswego,Mexico 4,Comptroller,,DEM,Drew Warshaw,5
Oswego,Mexico 4,Comptroller,,DEM,Thomas P. DiNapoli,3
Oswego,Mexico 4,State Assembly,120,DEM,Jim Cannon,4
Oswego,Mexico 4,State Assembly,120,DEM,Timothy C. Allers,4
Oswego,Mexico 4,State Committee,120,DEM,Brien Connolly,2
Oswego,Mexico 4,State Committee,120,DEM,Elizabeth Passer,4
Oswego,Mexico 4,State Committee,120,DEM,Jordan Harcleroad,3
Oswego,Mexico 4,State Committee,120,DEM,Shannon Masters,6
Oswego,Mexico 4,State Committee,120,,Under Votes,1
Oswego,Mexico 4,U.S. House,24,DEM,Alissa J. Ellman,7
Oswego,Mexico 4,U.S. House,24,DEM,Diana K. Kastenbaum,1
Oswego,Minetto 1,Ballots Cast,,,,65
Oswego,Minetto 1,5th Judicial Alternates,,DEM,Amy Connolly,30
Oswego,Minetto 1,5th Judicial Alternates,,DEM,Amy Venskus,28
Oswego,Minetto 1,5th Judicial Alternates,,DEM,Barbara Kickbush,30
Oswego,Minetto 1,5th Judicial Alternates,,DEM,David Passer,11
Oswego,Minetto 1,5th Judicial Alternates,,DEM,Deborah Chambers,29
Oswego,Minetto 1,5th Judicial Alternates,,DEM,Diane Zeller,23
Oswego,Minetto 1,5th Judicial Alternates,,DEM,Jace E. Dunlap,8
Oswego,Minetto 1,5th Judicial Alternates,,DEM,Kathleen Mantaro,46
Oswego,Minetto 1,5th Judicial Alternates,,DEM,Marianne Hart,28
Oswego,Minetto 1,5th Judicial Alternates,,DEM,Randy Anthony Ladd,8
Oswego,Minetto 1,5th Judicial Alternates,,DEM,Ryan Taylor,31
Oswego,Minetto 1,5th Judicial Alternates,,DEM,Thomas Rinefierd,21
Oswego,Minetto 1,5th Judicial Alternates,,,Under Votes,162
Oswego,Minetto 1,5th Judicial Delegates,,DEM,Bailey Lovenguth,14
Oswego,Minetto 1,5th Judicial Delegates,,DEM,Christine Weisenburger,41
Oswego,Minetto 1,5th Judicial Delegates,,DEM,Elizabeth R. Passer,33
Oswego,Minetto 1,5th Judicial Delegates,,DEM,James Cannon,35
Oswego,Minetto 1,5th Judicial Delegates,,DEM,Joseph Hart,25
Oswego,Minetto 1,5th Judicial Delegates,,DEM,Julienne Dean,30
Oswego,Minetto 1,5th Judicial Delegates,,DEM,Juniper Mae Dunlap,18
Oswego,Minetto 1,5th Judicial Delegates,,DEM,Mary Regan Benson,28
Oswego,Minetto 1,5th Judicial Delegates,,DEM,Michael Dineen,25
Oswego,Minetto 1,5th Judicial Delegates,,DEM,Michelle Newvine,34
Oswego,Minetto 1,5th Judicial Delegates,,DEM,Mona Heck,15
Oswego,Minetto 1,5th Judicial Delegates,,DEM,Patrick Dunlap,15
Oswego,Minetto 1,5th Judicial Delegates,,DEM,Stephanie McHugh-Edwards,23
Oswego,Minetto 1,5th Judicial Delegates,,,Under Votes,119
Oswego,Minetto 1,Comptroller,,DEM,Drew Warshaw,5
Oswego,Minetto 1,Comptroller,,DEM,Raj Goyle,5
Oswego,Minetto 1,Comptroller,,DEM,Thomas P. DiNapoli,52
Oswego,Minetto 1,Comptroller,,,Under Votes,3
Oswego,Minetto 1,State Assembly,120,DEM,Jim Cannon,38
Oswego,Minetto 1,State Assembly,120,DEM,Timothy C. Allers,23
Oswego,Minetto 1,State Assembly,120,,Under Votes,4
Oswego,Minetto 1,State Committee,120,DEM,Brien Connolly,12
Oswego,Minetto 1,State Committee,120,DEM,Elizabeth Passer,29
Oswego,Minetto 1,State Committee,120,DEM,Jordan Harcleroad,30
Oswego,Minetto 1,State Committee,120,DEM,Shannon Masters,43
Oswego,Minetto 1,State Committee,120,,Under Votes,16
Oswego,Minetto 1,U.S. House,24,DEM,Alissa J. Ellman,51
Oswego,Minetto 1,U.S. House,24,DEM,Diana K. Kastenbaum,12
Oswego,Minetto 1,U.S. House,24,,Under Votes,2
Oswego,Minetto 2,Ballots Cast,,,,1
Oswego,Minetto 2,5th Judicial Alternates,,DEM,Amy Connolly,1
Oswego,Minetto 2,5th Judicial Alternates,,DEM,Amy Venskus,1
Oswego,Minetto 2,5th Judicial Alternates,,DEM,David Passer,1
Oswego,Minetto 2,5th Judicial Alternates,,DEM,Deborah Chambers,1
Oswego,Minetto 2,5th Judicial Alternates,,DEM,Kathleen Mantaro,1
Oswego,Minetto 2,5th Judicial Alternates,,DEM,Marianne Hart,1
Oswego,Minetto 2,5th Judicial Alternates,,DEM,Ryan Taylor,1
Oswego,Minetto 2,5th Judicial Delegates,,DEM,Christine Weisenburger,1
Oswego,Minetto 2,5th Judicial Delegates,,DEM,Elizabeth R. Passer,1
Oswego,Minetto 2,5th Judicial Delegates,,DEM,James Cannon,1
Oswego,Minetto 2,5th Judicial Delegates,,DEM,Joseph Hart,1
Oswego,Minetto 2,5th Judicial Delegates,,DEM,Juniper Mae Dunlap,1
Oswego,Minetto 2,5th Judicial Delegates,,DEM,Patrick Dunlap,1
Oswego,Minetto 2,5th Judicial Delegates,,DEM,Stephanie McHugh-Edwards,1
Oswego,Minetto 2,Comptroller,,DEM,Thomas P. DiNapoli,1
Oswego,Minetto 2,State Assembly,120,DEM,Jim Cannon,1
Oswego,Minetto 2,State Committee,120,DEM,Brien Connolly,1
Oswego,Minetto 2,State Committee,120,DEM,Shannon Masters,1
Oswego,Minetto 2,U.S. House,24,DEM,Alissa J. Ellman,1
Oswego,New Haven 1,Ballots Cast,,,,35
Oswego,New Haven 1,5th Judicial Alternates,,DEM,Amy Connolly,15
Oswego,New Haven 1,5th Judicial Alternates,,DEM,Amy Venskus,8
Oswego,New Haven 1,5th Judicial Alternates,,DEM,Barbara Kickbush,12
Oswego,New Haven 1,5th Judicial Alternates,,DEM,David Passer,14
Oswego,New Haven 1,5th Judicial Alternates,,DEM,Deborah Chambers,12
Oswego,New Haven 1,5th Judicial Alternates,,DEM,Diane Zeller,12
Oswego,New Haven 1,5th Judicial Alternates,,DEM,Jace E. Dunlap,7
Oswego,New Haven 1,5th Judicial Alternates,,DEM,Kathleen Mantaro,13
Oswego,New Haven 1,5th Judicial Alternates,,DEM,Marianne Hart,15
Oswego,New Haven 1,5th Judicial Alternates,,DEM,Randy Anthony Ladd,11
Oswego,New Haven 1,5th Judicial Alternates,,DEM,Ryan Taylor,17
Oswego,New Haven 1,5th Judicial Alternates,,DEM,Thomas Rinefierd,6
Oswego,New Haven 1,5th Judicial Alternates,,DEM,Write-in,7
Oswego,New Haven 1,5th Judicial Alternates,,,Over Votes,7
Oswego,New Haven 1,5th Judicial Alternates,,,Under Votes,89
Oswego,New Haven 1,5th Judicial Delegates,,DEM,Bailey Lovenguth,7
Oswego,New Haven 1,5th Judicial Delegates,,DEM,Christine Weisenburger,11
Oswego,New Haven 1,5th Judicial Delegates,,DEM,Elizabeth R. Passer,18
Oswego,New Haven 1,5th Judicial Delegates,,DEM,James Cannon,13
Oswego,New Haven 1,5th Judicial Delegates,,DEM,Joseph Hart,12
Oswego,New Haven 1,5th Judicial Delegates,,DEM,Julienne Dean,10
Oswego,New Haven 1,5th Judicial Delegates,,DEM,Juniper Mae Dunlap,12
Oswego,New Haven 1,5th Judicial Delegates,,DEM,Mary Regan Benson,14
Oswego,New Haven 1,5th Judicial Delegates,,DEM,Michael Dineen,10
Oswego,New Haven 1,5th Judicial Delegates,,DEM,Michelle Newvine,13
Oswego,New Haven 1,5th Judicial Delegates,,DEM,Mona Heck,10
Oswego,New Haven 1,5th Judicial Delegates,,DEM,Patrick Dunlap,13
Oswego,New Haven 1,5th Judicial Delegates,,DEM,Stephanie McHugh-Edwards,20
Oswego,New Haven 1,5th Judicial Delegates,,DEM,Write-in,8
Oswego,New Haven 1,5th Judicial Delegates,,,Under Votes,74
Oswego,New Haven 1,Comptroller,,DEM,Drew Warshaw,3
Oswego,New Haven 1,Comptroller,,DEM,Raj Goyle,1
Oswego,New Haven 1,Comptroller,,DEM,Thomas P. DiNapoli,26
Oswego,New Haven 1,Comptroller,,DEM,Write-in,1
Oswego,New Haven 1,Comptroller,,,Over Votes,1
Oswego,New Haven 1,Comptroller,,,Under Votes,3
Oswego,New Haven 1,State Assembly,120,DEM,Jim Cannon,9
Oswego,New Haven 1,State Assembly,120,DEM,Timothy C. Allers,23
Oswego,New Haven 1,State Assembly,120,DEM,Write-in,1
Oswego,New Haven 1,State Assembly,120,,Under Votes,2
Oswego,New Haven 1,State Committee,120,DEM,Brien Connolly,13
Oswego,New Haven 1,State Committee,120,DEM,Elizabeth Passer,18
Oswego,New Haven 1,State Committee,120,DEM,Jordan Harcleroad,8
Oswego,New Haven 1,State Committee,120,DEM,Shannon Masters,17
Oswego,New Haven 1,State Committee,120,DEM,Write-in,2
Oswego,New Haven 1,State Committee,120,,Under Votes,12
Oswego,New Haven 1,U.S. House,24,DEM,Alissa J. Ellman,22
Oswego,New Haven 1,U.S. House,24,DEM,Diana K. Kastenbaum,10
Oswego,New Haven 1,U.S. House,24,DEM,Write-in,1
Oswego,New Haven 1,U.S. House,24,,Under Votes,2
Oswego,New Haven 2,Ballots Cast,,,,10
Oswego,New Haven 2,5th Judicial Alternates,,DEM,Amy Connolly,4
Oswego,New Haven 2,5th Judicial Alternates,,DEM,Amy Venskus,4
Oswego,New Haven 2,5th Judicial Alternates,,DEM,Barbara Kickbush,2
Oswego,New Haven 2,5th Judicial Alternates,,DEM,David Passer,7
Oswego,New Haven 2,5th Judicial Alternates,,DEM,Deborah Chambers,1
Oswego,New Haven 2,5th Judicial Alternates,,DEM,Diane Zeller,2
Oswego,New Haven 2,5th Judicial Alternates,,DEM,Jace E. Dunlap,2
Oswego,New Haven 2,5th Judicial Alternates,,DEM,Kathleen Mantaro,2
Oswego,New Haven 2,5th Judicial Alternates,,DEM,Marianne Hart,3
Oswego,New Haven 2,5th Judicial Alternates,,DEM,Randy Anthony Ladd,1
Oswego,New Haven 2,5th Judicial Alternates,,DEM,Ryan Taylor,3
Oswego,New Haven 2,5th Judicial Alternates,,,Under Votes,39
Oswego,New Haven 2,5th Judicial Delegates,,DEM,Bailey Lovenguth,5
Oswego,New Haven 2,5th Judicial Delegates,,DEM,Christine Weisenburger,4
Oswego,New Haven 2,5th Judicial Delegates,,DEM,Elizabeth R. Passer,9
Oswego,New Haven 2,5th Judicial Delegates,,DEM,James Cannon,2
Oswego,New Haven 2,5th Judicial Delegates,,DEM,Joseph Hart,1
Oswego,New Haven 2,5th Judicial Delegates,,DEM,Juniper Mae Dunlap,3
Oswego,New Haven 2,5th Judicial Delegates,,DEM,Mary Regan Benson,2
Oswego,New Haven 2,5th Judicial Delegates,,DEM,Michelle Newvine,2
Oswego,New Haven 2,5th Judicial Delegates,,DEM,Mona Heck,3
Oswego,New Haven 2,5th Judicial Delegates,,DEM,Patrick Dunlap,2
Oswego,New Haven 2,5th Judicial Delegates,,DEM,Stephanie McHugh-Edwards,6
Oswego,New Haven 2,5th Judicial Delegates,,,Under Votes,31
Oswego,New Haven 2,Comptroller,,DEM,Raj Goyle,1
Oswego,New Haven 2,Comptroller,,DEM,Thomas P. DiNapoli,9
Oswego,New Haven 2,State Assembly,120,DEM,Jim Cannon,2
Oswego,New Haven 2,State Assembly,120,DEM,Timothy C. Allers,8
Oswego,New Haven 2,State Committee,120,DEM,Brien Connolly,4
Oswego,New Haven 2,State Committee,120,DEM,Elizabeth Passer,8
Oswego,New Haven 2,State Committee,120,DEM,Jordan Harcleroad,3
Oswego,New Haven 2,State Committee,120,DEM,Shannon Masters,4
Oswego,New Haven 2,State Committee,120,,Under Votes,1
Oswego,New Haven 2,U.S. House,24,DEM,Alissa J. Ellman,6
Oswego,New Haven 2,U.S. House,24,DEM,Diana K. Kastenbaum,4
Oswego,New Haven 3,Ballots Cast,,,,13
Oswego,New Haven 3,5th Judicial Alternates,,DEM,Amy Connolly,7
Oswego,New Haven 3,5th Judicial Alternates,,DEM,Amy Venskus,6
Oswego,New Haven 3,5th Judicial Alternates,,DEM,Barbara Kickbush,4
Oswego,New Haven 3,5th Judicial Alternates,,DEM,David Passer,6
Oswego,New Haven 3,5th Judicial Alternates,,DEM,Deborah Chambers,4
Oswego,New Haven 3,5th Judicial Alternates,,DEM,Diane Zeller,3
Oswego,New Haven 3,5th Judicial Alternates,,DEM,Jace E. Dunlap,2
Oswego,New Haven 3,5th Judicial Alternates,,DEM,Kathleen Mantaro,6
Oswego,New Haven 3,5th Judicial Alternates,,DEM,Marianne Hart,5
Oswego,New Haven 3,5th Judicial Alternates,,DEM,Randy Anthony Ladd,2
Oswego,New Haven 3,5th Judicial Alternates,,DEM,Ryan Taylor,5
Oswego,New Haven 3,5th Judicial Alternates,,DEM,Thomas Rinefierd,2
Oswego,New Haven 3,5th Judicial Alternates,,,Under Votes,39
Oswego,New Haven 3,5th Judicial Delegates,,DEM,Bailey Lovenguth,5
Oswego,New Haven 3,5th Judicial Delegates,,DEM,Christine Weisenburger,8
Oswego,New Haven 3,5th Judicial Delegates,,DEM,Elizabeth R. Passer,10
Oswego,New Haven 3,5th Judicial Delegates,,DEM,James Cannon,3
Oswego,New Haven 3,5th Judicial Delegates,,DEM,Julienne Dean,2
Oswego,New Haven 3,5th Judicial Delegates,,DEM,Juniper Mae Dunlap,7
Oswego,New Haven 3,5th Judicial Delegates,,DEM,Mary Regan Benson,2
Oswego,New Haven 3,5th Judicial Delegates,,DEM,Michelle Newvine,4
Oswego,New Haven 3,5th Judicial Delegates,,DEM,Mona Heck,5
Oswego,New Haven 3,5th Judicial Delegates,,DEM,Patrick Dunlap,1
Oswego,New Haven 3,5th Judicial Delegates,,DEM,Stephanie McHugh-Edwards,10
Oswego,New Haven 3,5th Judicial Delegates,,,Under Votes,34
Oswego,New Haven 3,Comptroller,,DEM,Raj Goyle,3
Oswego,New Haven 3,Comptroller,,DEM,Thomas P. DiNapoli,10
Oswego,New Haven 3,State Assembly,120,DEM,Jim Cannon,2
Oswego,New Haven 3,State Assembly,120,DEM,Timothy C. Allers,10
Oswego,New Haven 3,State Assembly,120,,Under Votes,1
Oswego,New Haven 3,State Committee,120,DEM,Brien Connolly,3
Oswego,New Haven 3,State Committee,120,DEM,Elizabeth Passer,9
Oswego,New Haven 3,State Committee,120,DEM,Jordan Harcleroad,3
Oswego,New Haven 3,State Committee,120,DEM,Shannon Masters,7
Oswego,New Haven 3,State Committee,120,,Under Votes,4
Oswego,New Haven 3,U.S. House,24,DEM,Alissa J. Ellman,7
Oswego,New Haven 3,U.S. House,24,DEM,Diana K. Kastenbaum,5
Oswego,New Haven 3,U.S. House,24,,Under Votes,1
Oswego,Orwell 1,Ballots Cast,,,,13
Oswego,Orwell 1,5th Judicial Alternates,,DEM,Amy Connolly,8
Oswego,Orwell 1,5th Judicial Alternates,,DEM,Amy Venskus,6
Oswego,Orwell 1,5th Judicial Alternates,,DEM,Barbara Kickbush,8
Oswego,Orwell 1,5th Judicial Alternates,,DEM,David Passer,1
Oswego,Orwell 1,5th Judicial Alternates,,DEM,Deborah Chambers,10
Oswego,Orwell 1,5th Judicial Alternates,,DEM,Diane Zeller,6
Oswego,Orwell 1,5th Judicial Alternates,,DEM,Jace E. Dunlap,2
Oswego,Orwell 1,5th Judicial Alternates,,DEM,Kathleen Mantaro,8
Oswego,Orwell 1,5th Judicial Alternates,,DEM,Marianne Hart,7
Oswego,Orwell 1,5th Judicial Alternates,,DEM,Randy Anthony Ladd,1
Oswego,Orwell 1,5th Judicial Alternates,,DEM,Ryan Taylor,4
Oswego,Orwell 1,5th Judicial Alternates,,DEM,Thomas Rinefierd,4
Oswego,Orwell 1,5th Judicial Alternates,,,Under Votes,26
Oswego,Orwell 1,5th Judicial Delegates,,DEM,Bailey Lovenguth,1
Oswego,Orwell 1,5th Judicial Delegates,,DEM,Christine Weisenburger,8
Oswego,Orwell 1,5th Judicial Delegates,,DEM,Elizabeth R. Passer,8
Oswego,Orwell 1,5th Judicial Delegates,,DEM,James Cannon,4
Oswego,Orwell 1,5th Judicial Delegates,,DEM,Joseph Hart,4
Oswego,Orwell 1,5th Judicial Delegates,,DEM,Julienne Dean,7
Oswego,Orwell 1,5th Judicial Delegates,,DEM,Juniper Mae Dunlap,7
Oswego,Orwell 1,5th Judicial Delegates,,DEM,Mary Regan Benson,7
Oswego,Orwell 1,5th Judicial Delegates,,DEM,Michael Dineen,2
Oswego,Orwell 1,5th Judicial Delegates,,DEM,Michelle Newvine,6
Oswego,Orwell 1,5th Judicial Delegates,,DEM,Mona Heck,7
Oswego,Orwell 1,5th Judicial Delegates,,DEM,Patrick Dunlap,3
Oswego,Orwell 1,5th Judicial Delegates,,DEM,Stephanie McHugh-Edwards,10
Oswego,Orwell 1,5th Judicial Delegates,,,Under Votes,17
Oswego,Orwell 1,Comptroller,,DEM,Drew Warshaw,2
Oswego,Orwell 1,Comptroller,,DEM,Raj Goyle,2
Oswego,Orwell 1,Comptroller,,DEM,Thomas P. DiNapoli,8
Oswego,Orwell 1,Comptroller,,,Under Votes,1
Oswego,Orwell 1,State Assembly,120,DEM,Jim Cannon,6
Oswego,Orwell 1,State Assembly,120,DEM,Timothy C. Allers,7
Oswego,Orwell 1,State Committee,120,DEM,Brien Connolly,1
Oswego,Orwell 1,State Committee,120,DEM,Elizabeth Passer,7
Oswego,Orwell 1,State Committee,120,DEM,Jordan Harcleroad,5
Oswego,Orwell 1,State Committee,120,DEM,Shannon Masters,11
Oswego,Orwell 1,State Committee,120,,Under Votes,2
Oswego,Orwell 1,U.S. House,24,DEM,Alissa J. Ellman,11
Oswego,Orwell 1,U.S. House,24,DEM,Diana K. Kastenbaum,1
Oswego,Orwell 1,U.S. House,24,,Under Votes,1
Oswego,Oswego Town 1,Ballots Cast,,,,43
Oswego,Oswego Town 1,5th Judicial Alternates,,DEM,Amy Connolly,18
Oswego,Oswego Town 1,5th Judicial Alternates,,DEM,Amy Venskus,25
Oswego,Oswego Town 1,5th Judicial Alternates,,DEM,Barbara Kickbush,26
Oswego,Oswego Town 1,5th Judicial Alternates,,DEM,David Passer,8
Oswego,Oswego Town 1,5th Judicial Alternates,,DEM,Deborah Chambers,28
Oswego,Oswego Town 1,5th Judicial Alternates,,DEM,Diane Zeller,18
Oswego,Oswego Town 1,5th Judicial Alternates,,DEM,Jace E. Dunlap,6
Oswego,Oswego Town 1,5th Judicial Alternates,,DEM,Kathleen Mantaro,29
Oswego,Oswego Town 1,5th Judicial Alternates,,DEM,Marianne Hart,24
Oswego,Oswego Town 1,5th Judicial Alternates,,DEM,Randy Anthony Ladd,3
Oswego,Oswego Town 1,5th Judicial Alternates,,DEM,Ryan Taylor,21
Oswego,Oswego Town 1,5th Judicial Alternates,,DEM,Thomas Rinefierd,14
Oswego,Oswego Town 1,5th Judicial Alternates,,,Over Votes,7
Oswego,Oswego Town 1,5th Judicial Alternates,,,Under Votes,74
Oswego,Oswego Town 1,5th Judicial Delegates,,DEM,Bailey Lovenguth,13
Oswego,Oswego Town 1,5th Judicial Delegates,,DEM,Christine Weisenburger,30
Oswego,Oswego Town 1,5th Judicial Delegates,,DEM,Elizabeth R. Passer,24
Oswego,Oswego Town 1,5th Judicial Delegates,,DEM,James Cannon,17
Oswego,Oswego Town 1,5th Judicial Delegates,,DEM,Joseph Hart,16
Oswego,Oswego Town 1,5th Judicial Delegates,,DEM,Julienne Dean,26
Oswego,Oswego Town 1,5th Judicial Delegates,,DEM,Juniper Mae Dunlap,15
Oswego,Oswego Town 1,5th Judicial Delegates,,DEM,Mary Regan Benson,23
Oswego,Oswego Town 1,5th Judicial Delegates,,DEM,Michael Dineen,16
Oswego,Oswego Town 1,5th Judicial Delegates,,DEM,Michelle Newvine,27
Oswego,Oswego Town 1,5th Judicial Delegates,,DEM,Mona Heck,19
Oswego,Oswego Town 1,5th Judicial Delegates,,DEM,Patrick Dunlap,10
Oswego,Oswego Town 1,5th Judicial Delegates,,DEM,Stephanie McHugh-Edwards,21
Oswego,Oswego Town 1,5th Judicial Delegates,,,Under Votes,44
Oswego,Oswego Town 1,Comptroller,,DEM,Drew Warshaw,8
Oswego,Oswego Town 1,Comptroller,,DEM,Raj Goyle,5
Oswego,Oswego Town 1,Comptroller,,DEM,Thomas P. DiNapoli,27
Oswego,Oswego Town 1,Comptroller,,,Under Votes,3
Oswego,Oswego Town 1,State Assembly,120,DEM,Jim Cannon,19
Oswego,Oswego Town 1,State Assembly,120,DEM,Timothy C. Allers,20
Oswego,Oswego Town 1,State Assembly,120,,Under Votes,4
Oswego,Oswego Town 1,State Committee,120,DEM,Brien Connolly,5
Oswego,Oswego Town 1,State Committee,120,DEM,Elizabeth Passer,17
Oswego,Oswego Town 1,State Committee,120,DEM,Jordan Harcleroad,19
Oswego,Oswego Town 1,State Committee,120,DEM,Shannon Masters,33
Oswego,Oswego Town 1,State Committee,120,,Over Votes,2
Oswego,Oswego Town 1,State Committee,120,,Under Votes,10
Oswego,Oswego Town 1,U.S. House,24,DEM,Alissa J. Ellman,31
Oswego,Oswego Town 1,U.S. House,24,DEM,Diana K. Kastenbaum,10
Oswego,Oswego Town 1,U.S. House,24,,Under Votes,2
Oswego,Oswego Town 2,Ballots Cast,,,,30
Oswego,Oswego Town 2,5th Judicial Alternates,,DEM,Amy Connolly,7
Oswego,Oswego Town 2,5th Judicial Alternates,,DEM,Amy Venskus,7
Oswego,Oswego Town 2,5th Judicial Alternates,,DEM,Barbara Kickbush,10
Oswego,Oswego Town 2,5th Judicial Alternates,,DEM,David Passer,7
Oswego,Oswego Town 2,5th Judicial Alternates,,DEM,Deborah Chambers,14
Oswego,Oswego Town 2,5th Judicial Alternates,,DEM,Diane Zeller,16
Oswego,Oswego Town 2,5th Judicial Alternates,,DEM,Jace E. Dunlap,5
Oswego,Oswego Town 2,5th Judicial Alternates,,DEM,Kathleen Mantaro,19
Oswego,Oswego Town 2,5th Judicial Alternates,,DEM,Marianne Hart,15
Oswego,Oswego Town 2,5th Judicial Alternates,,DEM,Randy Anthony Ladd,6
Oswego,Oswego Town 2,5th Judicial Alternates,,DEM,Ryan Taylor,14
Oswego,Oswego Town 2,5th Judicial Alternates,,DEM,Thomas Rinefierd,8
Oswego,Oswego Town 2,5th Judicial Alternates,,,Under Votes,82
Oswego,Oswego Town 2,5th Judicial Delegates,,DEM,Bailey Lovenguth,7
Oswego,Oswego Town 2,5th Judicial Delegates,,DEM,Christine Weisenburger,14
Oswego,Oswego Town 2,5th Judicial Delegates,,DEM,Elizabeth R. Passer,14
Oswego,Oswego Town 2,5th Judicial Delegates,,DEM,James Cannon,15
Oswego,Oswego Town 2,5th Judicial Delegates,,DEM,Joseph Hart,7
Oswego,Oswego Town 2,5th Judicial Delegates,,DEM,Julienne Dean,11
Oswego,Oswego Town 2,5th Judicial Delegates,,DEM,Juniper Mae Dunlap,7
Oswego,Oswego Town 2,5th Judicial Delegates,,DEM,Mary Regan Benson,10
Oswego,Oswego Town 2,5th Judicial Delegates,,DEM,Michael Dineen,8
Oswego,Oswego Town 2,5th Judicial Delegates,,DEM,Michelle Newvine,13
Oswego,Oswego Town 2,5th Judicial Delegates,,DEM,Mona Heck,7
Oswego,Oswego Town 2,5th Judicial Delegates,,DEM,Patrick Dunlap,7
Oswego,Oswego Town 2,5th Judicial Delegates,,DEM,Stephanie McHugh-Edwards,13
Oswego,Oswego Town 2,5th Judicial Delegates,,DEM,Write-in,7
Oswego,Oswego Town 2,5th Judicial Delegates,,,Under Votes,70
Oswego,Oswego Town 2,Comptroller,,DEM,Drew Warshaw,1
Oswego,Oswego Town 2,Comptroller,,DEM,Raj Goyle,4
Oswego,Oswego Town 2,Comptroller,,DEM,Thomas P. DiNapoli,24
Oswego,Oswego Town 2,Comptroller,,,Under Votes,1
Oswego,Oswego Town 2,State Assembly,120,DEM,Jim Cannon,15
Oswego,Oswego Town 2,State Assembly,120,DEM,Timothy C. Allers,12
Oswego,Oswego Town 2,State Assembly,120,,Under Votes,3
Oswego,Oswego Town 2,State Committee,120,DEM,Brien Connolly,6
Oswego,Oswego Town 2,State Committee,120,DEM,Elizabeth Passer,12
Oswego,Oswego Town 2,State Committee,120,DEM,Jordan Harcleroad,12
Oswego,Oswego Town 2,State Committee,120,DEM,Shannon Masters,16
Oswego,Oswego Town 2,State Committee,120,,Under Votes,14
Oswego,Oswego Town 2,U.S. House,24,DEM,Alissa J. Ellman,19
Oswego,Oswego Town 2,U.S. House,24,DEM,Diana K. Kastenbaum,8
Oswego,Oswego Town 2,U.S. House,24,,Under Votes,3
Oswego,Oswego Town 3,Ballots Cast,,,,40
Oswego,Oswego Town 3,5th Judicial Alternates,,DEM,Amy Connolly,12
Oswego,Oswego Town 3,5th Judicial Alternates,,DEM,Amy Venskus,11
Oswego,Oswego Town 3,5th Judicial Alternates,,DEM,Barbara Kickbush,12
Oswego,Oswego Town 3,5th Judicial Alternates,,DEM,David Passer,8
Oswego,Oswego Town 3,5th Judicial Alternates,,DEM,Deborah Chambers,16
Oswego,Oswego Town 3,5th Judicial Alternates,,DEM,Diane Zeller,15
Oswego,Oswego Town 3,5th Judicial Alternates,,DEM,Jace E. Dunlap,6
Oswego,Oswego Town 3,5th Judicial Alternates,,DEM,Kathleen Mantaro,19
Oswego,Oswego Town 3,5th Judicial Alternates,,DEM,Marianne Hart,17
Oswego,Oswego Town 3,5th Judicial Alternates,,DEM,Randy Anthony Ladd,6
Oswego,Oswego Town 3,5th Judicial Alternates,,DEM,Ryan Taylor,14
Oswego,Oswego Town 3,5th Judicial Alternates,,DEM,Thomas Rinefierd,10
Oswego,Oswego Town 3,5th Judicial Alternates,,,Under Votes,134
Oswego,Oswego Town 3,5th Judicial Delegates,,DEM,Bailey Lovenguth,9
Oswego,Oswego Town 3,5th Judicial Delegates,,DEM,Christine Weisenburger,17
Oswego,Oswego Town 3,5th Judicial Delegates,,DEM,Elizabeth R. Passer,16
Oswego,Oswego Town 3,5th Judicial Delegates,,DEM,James Cannon,20
Oswego,Oswego Town 3,5th Judicial Delegates,,DEM,Joseph Hart,15
Oswego,Oswego Town 3,5th Judicial Delegates,,DEM,Julienne Dean,15
Oswego,Oswego Town 3,5th Judicial Delegates,,DEM,Juniper Mae Dunlap,13
Oswego,Oswego Town 3,5th Judicial Delegates,,DEM,Mary Regan Benson,16
Oswego,Oswego Town 3,5th Judicial Delegates,,DEM,Michael Dineen,9
Oswego,Oswego Town 3,5th Judicial Delegates,,DEM,Michelle Newvine,14
Oswego,Oswego Town 3,5th Judicial Delegates,,DEM,Mona Heck,9
Oswego,Oswego Town 3,5th Judicial Delegates,,DEM,Patrick Dunlap,9
Oswego,Oswego Town 3,5th Judicial Delegates,,DEM,Stephanie McHugh-Edwards,12
Oswego,Oswego Town 3,5th Judicial Delegates,,,Under Votes,106
Oswego,Oswego Town 3,Comptroller,,DEM,Raj Goyle,1
Oswego,Oswego Town 3,Comptroller,,DEM,Thomas P. DiNapoli,36
Oswego,Oswego Town 3,Comptroller,,,Under Votes,3
Oswego,Oswego Town 3,State Assembly,120,DEM,Jim Cannon,24
Oswego,Oswego Town 3,State Assembly,120,DEM,Timothy C. Allers,11
Oswego,Oswego Town 3,State Assembly,120,,Under Votes,5
Oswego,Oswego Town 3,State Committee,120,DEM,Brien Connolly,10
Oswego,Oswego Town 3,State Committee,120,DEM,Elizabeth Passer,15
Oswego,Oswego Town 3,State Committee,120,DEM,Jordan Harcleroad,20
Oswego,Oswego Town 3,State Committee,120,DEM,Shannon Masters,21
Oswego,Oswego Town 3,State Committee,120,,Under Votes,14
Oswego,Oswego Town 3,U.S. House,24,DEM,Alissa J. Ellman,27
Oswego,Oswego Town 3,U.S. House,24,DEM,Diana K. Kastenbaum,10
Oswego,Oswego Town 3,U.S. House,24,,Over Votes,1
Oswego,Oswego Town 3,U.S. House,24,,Under Votes,2
Oswego,Oswego Town 5,Ballots Cast,,,,35
Oswego,Oswego Town 5,5th Judicial Alternates,,DEM,Amy Connolly,11
Oswego,Oswego Town 5,5th Judicial Alternates,,DEM,Amy Venskus,13
Oswego,Oswego Town 5,5th Judicial Alternates,,DEM,Barbara Kickbush,12
Oswego,Oswego Town 5,5th Judicial Alternates,,DEM,David Passer,8
Oswego,Oswego Town 5,5th Judicial Alternates,,DEM,Deborah Chambers,14
Oswego,Oswego Town 5,5th Judicial Alternates,,DEM,Diane Zeller,14
Oswego,Oswego Town 5,5th Judicial Alternates,,DEM,Jace E. Dunlap,3
Oswego,Oswego Town 5,5th Judicial Alternates,,DEM,Kathleen Mantaro,21
Oswego,Oswego Town 5,5th Judicial Alternates,,DEM,Marianne Hart,17
Oswego,Oswego Town 5,5th Judicial Alternates,,DEM,Randy Anthony Ladd,6
Oswego,Oswego Town 5,5th Judicial Alternates,,DEM,Ryan Taylor,17
Oswego,Oswego Town 5,5th Judicial Alternates,,DEM,Thomas Rinefierd,8
Oswego,Oswego Town 5,5th Judicial Alternates,,,Under Votes,101
Oswego,Oswego Town 5,5th Judicial Delegates,,DEM,Bailey Lovenguth,4
Oswego,Oswego Town 5,5th Judicial Delegates,,DEM,Christine Weisenburger,18
Oswego,Oswego Town 5,5th Judicial Delegates,,DEM,Elizabeth R. Passer,20
Oswego,Oswego Town 5,5th Judicial Delegates,,DEM,James Cannon,12
Oswego,Oswego Town 5,5th Judicial Delegates,,DEM,Joseph Hart,13
Oswego,Oswego Town 5,5th Judicial Delegates,,DEM,Julienne Dean,16
Oswego,Oswego Town 5,5th Judicial Delegates,,DEM,Juniper Mae Dunlap,6
Oswego,Oswego Town 5,5th Judicial Delegates,,DEM,Mary Regan Benson,15
Oswego,Oswego Town 5,5th Judicial Delegates,,DEM,Michael Dineen,9
Oswego,Oswego Town 5,5th Judicial Delegates,,DEM,Michelle Newvine,16
Oswego,Oswego Town 5,5th Judicial Delegates,,DEM,Mona Heck,8
Oswego,Oswego Town 5,5th Judicial Delegates,,DEM,Patrick Dunlap,3
Oswego,Oswego Town 5,5th Judicial Delegates,,DEM,Stephanie McHugh-Edwards,14
Oswego,Oswego Town 5,5th Judicial Delegates,,,Under Votes,91
Oswego,Oswego Town 5,Comptroller,,DEM,Drew Warshaw,4
Oswego,Oswego Town 5,Comptroller,,DEM,Raj Goyle,2
Oswego,Oswego Town 5,Comptroller,,DEM,Thomas P. DiNapoli,25
Oswego,Oswego Town 5,Comptroller,,,Over Votes,1
Oswego,Oswego Town 5,Comptroller,,,Under Votes,3
Oswego,Oswego Town 5,State Assembly,120,DEM,Jim Cannon,16
Oswego,Oswego Town 5,State Assembly,120,DEM,Timothy C. Allers,14
Oswego,Oswego Town 5,State Assembly,120,,Under Votes,5
Oswego,Oswego Town 5,State Committee,120,DEM,Brien Connolly,3
Oswego,Oswego Town 5,State Committee,120,DEM,Elizabeth Passer,16
Oswego,Oswego Town 5,State Committee,120,DEM,Jordan Harcleroad,10
Oswego,Oswego Town 5,State Committee,120,DEM,Shannon Masters,18
Oswego,Oswego Town 5,State Committee,120,,Under Votes,23
Oswego,Oswego Town 5,U.S. House,24,DEM,Alissa J. Ellman,22
Oswego,Oswego Town 5,U.S. House,24,DEM,Diana K. Kastenbaum,10
Oswego,Oswego Town 5,U.S. House,24,,Under Votes,3
Oswego,Oswego Town 6,Ballots Cast,,,,9
Oswego,Oswego Town 6,5th Judicial Alternates,,DEM,Amy Connolly,6
Oswego,Oswego Town 6,5th Judicial Alternates,,DEM,Amy Venskus,4
Oswego,Oswego Town 6,5th Judicial Alternates,,DEM,Barbara Kickbush,3
Oswego,Oswego Town 6,5th Judicial Alternates,,DEM,David Passer,3
Oswego,Oswego Town 6,5th Judicial Alternates,,DEM,Deborah Chambers,7
Oswego,Oswego Town 6,5th Judicial Alternates,,DEM,Diane Zeller,6
Oswego,Oswego Town 6,5th Judicial Alternates,,DEM,Jace E. Dunlap,2
Oswego,Oswego Town 6,5th Judicial Alternates,,DEM,Kathleen Mantaro,6
Oswego,Oswego Town 6,5th Judicial Alternates,,DEM,Marianne Hart,4
Oswego,Oswego Town 6,5th Judicial Alternates,,DEM,Ryan Taylor,4
Oswego,Oswego Town 6,5th Judicial Alternates,,DEM,Thomas Rinefierd,3
Oswego,Oswego Town 6,5th Judicial Alternates,,,Under Votes,15
Oswego,Oswego Town 6,5th Judicial Delegates,,DEM,Bailey Lovenguth,3
Oswego,Oswego Town 6,5th Judicial Delegates,,DEM,Christine Weisenburger,6
Oswego,Oswego Town 6,5th Judicial Delegates,,DEM,Elizabeth R. Passer,5
Oswego,Oswego Town 6,5th Judicial Delegates,,DEM,James Cannon,5
Oswego,Oswego Town 6,5th Judicial Delegates,,DEM,Joseph Hart,2
Oswego,Oswego Town 6,5th Judicial Delegates,,DEM,Julienne Dean,5
Oswego,Oswego Town 6,5th Judicial Delegates,,DEM,Juniper Mae Dunlap,3
Oswego,Oswego Town 6,5th Judicial Delegates,,DEM,Mary Regan Benson,5
Oswego,Oswego Town 6,5th Judicial Delegates,,DEM,Michael Dineen,1
Oswego,Oswego Town 6,5th Judicial Delegates,,DEM,Michelle Newvine,3
Oswego,Oswego Town 6,5th Judicial Delegates,,DEM,Mona Heck,3
Oswego,Oswego Town 6,5th Judicial Delegates,,DEM,Patrick Dunlap,6
Oswego,Oswego Town 6,5th Judicial Delegates,,DEM,Stephanie McHugh-Edwards,8
Oswego,Oswego Town 6,5th Judicial Delegates,,,Under Votes,8
Oswego,Oswego Town 6,Comptroller,,DEM,Drew Warshaw,1
Oswego,Oswego Town 6,Comptroller,,DEM,Raj Goyle,1
Oswego,Oswego Town 6,Comptroller,,DEM,Thomas P. DiNapoli,7
Oswego,Oswego Town 6,State Assembly,120,DEM,Jim Cannon,2
Oswego,Oswego Town 6,State Assembly,120,DEM,Timothy C. Allers,4
Oswego,Oswego Town 6,State Assembly,120,,Under Votes,3
Oswego,Oswego Town 6,State Committee,120,DEM,Brien Connolly,1
Oswego,Oswego Town 6,State Committee,120,DEM,Elizabeth Passer,3
Oswego,Oswego Town 6,State Committee,120,DEM,Jordan Harcleroad,2
Oswego,Oswego Town 6,State Committee,120,DEM,Shannon Masters,6
Oswego,Oswego Town 6,State Committee,120,,Under Votes,6
Oswego,Oswego Town 6,U.S. House,24,DEM,Alissa J. Ellman,4
Oswego,Oswego Town 6,U.S. House,24,DEM,Diana K. Kastenbaum,2
Oswego,Oswego Town 6,U.S. House,24,,Under Votes,3
Oswego,Palermo 1,Ballots Cast,,,,10
Oswego,Palermo 1,5th Judicial Alternates,,DEM,Amy Connolly,7
Oswego,Palermo 1,5th Judicial Alternates,,DEM,Amy Venskus,5
Oswego,Palermo 1,5th Judicial Alternates,,DEM,Barbara Kickbush,5
Oswego,Palermo 1,5th Judicial Alternates,,DEM,David Passer,6
Oswego,Palermo 1,5th Judicial Alternates,,DEM,Deborah Chambers,4
Oswego,Palermo 1,5th Judicial Alternates,,DEM,Diane Zeller,7
Oswego,Palermo 1,5th Judicial Alternates,,DEM,Jace E. Dunlap,1
Oswego,Palermo 1,5th Judicial Alternates,,DEM,Kathleen Mantaro,3
Oswego,Palermo 1,5th Judicial Alternates,,DEM,Marianne Hart,3
Oswego,Palermo 1,5th Judicial Alternates,,DEM,Randy Anthony Ladd,3
Oswego,Palermo 1,5th Judicial Alternates,,DEM,Ryan Taylor,4
Oswego,Palermo 1,5th Judicial Alternates,,DEM,Thomas Rinefierd,4
Oswego,Palermo 1,5th Judicial Alternates,,,Under Votes,18
Oswego,Palermo 1,5th Judicial Delegates,,DEM,Christine Weisenburger,6
Oswego,Palermo 1,5th Judicial Delegates,,DEM,Elizabeth R. Passer,9
Oswego,Palermo 1,5th Judicial Delegates,,DEM,James Cannon,4
Oswego,Palermo 1,5th Judicial Delegates,,DEM,Joseph Hart,6
Oswego,Palermo 1,5th Judicial Delegates,,DEM,Julienne Dean,5
Oswego,Palermo 1,5th Judicial Delegates,,DEM,Juniper Mae Dunlap,2
Oswego,Palermo 1,5th Judicial Delegates,,DEM,Mary Regan Benson,6
Oswego,Palermo 1,5th Judicial Delegates,,DEM,Michael Dineen,2
Oswego,Palermo 1,5th Judicial Delegates,,DEM,Michelle Newvine,4
Oswego,Palermo 1,5th Judicial Delegates,,DEM,Mona Heck,4
Oswego,Palermo 1,5th Judicial Delegates,,DEM,Patrick Dunlap,1
Oswego,Palermo 1,5th Judicial Delegates,,DEM,Stephanie McHugh-Edwards,7
Oswego,Palermo 1,5th Judicial Delegates,,,Under Votes,14
Oswego,Palermo 1,Comptroller,,DEM,Drew Warshaw,5
Oswego,Palermo 1,Comptroller,,DEM,Thomas P. DiNapoli,5
Oswego,Palermo 1,State Assembly,120,DEM,Jim Cannon,1
Oswego,Palermo 1,State Assembly,120,DEM,Timothy C. Allers,9
Oswego,Palermo 1,State Committee,120,DEM,Brien Connolly,3
Oswego,Palermo 1,State Committee,120,DEM,Elizabeth Passer,6
Oswego,Palermo 1,State Committee,120,DEM,Jordan Harcleroad,1
Oswego,Palermo 1,State Committee,120,DEM,Shannon Masters,4
Oswego,Palermo 1,State Committee,120,,Over Votes,2
Oswego,Palermo 1,State Committee,120,,Under Votes,4
Oswego,Palermo 1,U.S. House,24,DEM,Alissa J. Ellman,7
Oswego,Palermo 1,U.S. House,24,DEM,Diana K. Kastenbaum,2
Oswego,Palermo 1,U.S. House,24,,Under Votes,1
Oswego,Palermo 2,Ballots Cast,,,,12
Oswego,Palermo 2,5th Judicial Alternates,,DEM,Amy Connolly,5
Oswego,Palermo 2,5th Judicial Alternates,,DEM,Amy Venskus,3
Oswego,Palermo 2,5th Judicial Alternates,,DEM,Barbara Kickbush,3
Oswego,Palermo 2,5th Judicial Alternates,,DEM,David Passer,3
Oswego,Palermo 2,5th Judicial Alternates,,DEM,Deborah Chambers,4
Oswego,Palermo 2,5th Judicial Alternates,,DEM,Diane Zeller,1
Oswego,Palermo 2,5th Judicial Alternates,,DEM,Jace E. Dunlap,4
Oswego,Palermo 2,5th Judicial Alternates,,DEM,Kathleen Mantaro,6
Oswego,Palermo 2,5th Judicial Alternates,,DEM,Marianne Hart,6
Oswego,Palermo 2,5th Judicial Alternates,,DEM,Randy Anthony Ladd,2
Oswego,Palermo 2,5th Judicial Alternates,,DEM,Ryan Taylor,6
Oswego,Palermo 2,5th Judicial Alternates,,DEM,Thomas Rinefierd,4
Oswego,Palermo 2,5th Judicial Alternates,,,Under Votes,37
Oswego,Palermo 2,5th Judicial Delegates,,DEM,Bailey Lovenguth,3
Oswego,Palermo 2,5th Judicial Delegates,,DEM,Christine Weisenburger,6
Oswego,Palermo 2,5th Judicial Delegates,,DEM,Elizabeth R. Passer,8
Oswego,Palermo 2,5th Judicial Delegates,,DEM,James Cannon,5
Oswego,Palermo 2,5th Judicial Delegates,,DEM,Joseph Hart,6
Oswego,Palermo 2,5th Judicial Delegates,,DEM,Julienne Dean,5
Oswego,Palermo 2,5th Judicial Delegates,,DEM,Juniper Mae Dunlap,3
Oswego,Palermo 2,5th Judicial Delegates,,DEM,Mary Regan Benson,3
Oswego,Palermo 2,5th Judicial Delegates,,DEM,Michael Dineen,3
Oswego,Palermo 2,5th Judicial Delegates,,DEM,Michelle Newvine,5
Oswego,Palermo 2,5th Judicial Delegates,,DEM,Mona Heck,4
Oswego,Palermo 2,5th Judicial Delegates,,DEM,Patrick Dunlap,4
Oswego,Palermo 2,5th Judicial Delegates,,DEM,Stephanie McHugh-Edwards,4
Oswego,Palermo 2,5th Judicial Delegates,,,Under Votes,25
Oswego,Palermo 2,Comptroller,,DEM,Drew Warshaw,5
Oswego,Palermo 2,Comptroller,,DEM,Thomas P. DiNapoli,7
Oswego,Palermo 2,State Assembly,120,DEM,Jim Cannon,2
Oswego,Palermo 2,State Assembly,120,DEM,Timothy C. Allers,10
Oswego,Palermo 2,State Committee,120,DEM,Brien Connolly,3
Oswego,Palermo 2,State Committee,120,DEM,Elizabeth Passer,4
Oswego,Palermo 2,State Committee,120,DEM,Jordan Harcleroad,6
Oswego,Palermo 2,State Committee,120,DEM,Shannon Masters,5
Oswego,Palermo 2,State Committee,120,,Over Votes,2
Oswego,Palermo 2,State Committee,120,,Under Votes,4
Oswego,Palermo 2,U.S. House,24,DEM,Alissa J. Ellman,9
Oswego,Palermo 2,U.S. House,24,DEM,Diana K. Kastenbaum,3
Oswego,Palermo 3,Ballots Cast,,,,6
Oswego,Palermo 3,5th Judicial Alternates,,DEM,Amy Connolly,3
Oswego,Palermo 3,5th Judicial Alternates,,DEM,Amy Venskus,2
Oswego,Palermo 3,5th Judicial Alternates,,DEM,Barbara Kickbush,2
Oswego,Palermo 3,5th Judicial Alternates,,DEM,David Passer,2
Oswego,Palermo 3,5th Judicial Alternates,,DEM,Deborah Chambers,1
Oswego,Palermo 3,5th Judicial Alternates,,DEM,Diane Zeller,1
Oswego,Palermo 3,5th Judicial Alternates,,DEM,Jace E. Dunlap,1
Oswego,Palermo 3,5th Judicial Alternates,,DEM,Kathleen Mantaro,2
Oswego,Palermo 3,5th Judicial Alternates,,DEM,Marianne Hart,1
Oswego,Palermo 3,5th Judicial Alternates,,DEM,Randy Anthony Ladd,1
Oswego,Palermo 3,5th Judicial Alternates,,DEM,Ryan Taylor,3
Oswego,Palermo 3,5th Judicial Alternates,,,Under Votes,23
Oswego,Palermo 3,5th Judicial Delegates,,DEM,Christine Weisenburger,3
Oswego,Palermo 3,5th Judicial Delegates,,DEM,Elizabeth R. Passer,2
Oswego,Palermo 3,5th Judicial Delegates,,DEM,James Cannon,2
Oswego,Palermo 3,5th Judicial Delegates,,DEM,Joseph Hart,1
Oswego,Palermo 3,5th Judicial Delegates,,DEM,Julienne Dean,2
Oswego,Palermo 3,5th Judicial Delegates,,DEM,Juniper Mae Dunlap,2
Oswego,Palermo 3,5th Judicial Delegates,,DEM,Mary Regan Benson,2
Oswego,Palermo 3,5th Judicial Delegates,,DEM,Michelle Newvine,1
Oswego,Palermo 3,5th Judicial Delegates,,DEM,Mona Heck,3
Oswego,Palermo 3,5th Judicial Delegates,,DEM,Stephanie McHugh-Edwards,4
Oswego,Palermo 3,5th Judicial Delegates,,,Under Votes,20
Oswego,Palermo 3,Comptroller,,DEM,Thomas P. DiNapoli,6
Oswego,Palermo 3,State Assembly,120,DEM,Jim Cannon,3
Oswego,Palermo 3,State Assembly,120,DEM,Timothy C. Allers,2
Oswego,Palermo 3,State Assembly,120,,Under Votes,1
Oswego,Palermo 3,State Committee,120,DEM,Brien Connolly,2
Oswego,Palermo 3,State Committee,120,DEM,Elizabeth Passer,2
Oswego,Palermo 3,State Committee,120,DEM,Jordan Harcleroad,1
Oswego,Palermo 3,State Committee,120,DEM,Shannon Masters,4
Oswego,Palermo 3,State Committee,120,,Under Votes,3
Oswego,Palermo 3,U.S. House,24,DEM,Alissa J. Ellman,2
Oswego,Palermo 3,U.S. House,24,DEM,Diana K. Kastenbaum,2
Oswego,Palermo 3,U.S. House,24,,Under Votes,2
Oswego,Palermo 4,Ballots Cast,,,,6
Oswego,Palermo 4,5th Judicial Alternates,,DEM,Amy Connolly,4
Oswego,Palermo 4,5th Judicial Alternates,,DEM,Amy Venskus,4
Oswego,Palermo 4,5th Judicial Alternates,,DEM,Barbara Kickbush,3
Oswego,Palermo 4,5th Judicial Alternates,,DEM,David Passer,3
Oswego,Palermo 4,5th Judicial Alternates,,DEM,Deborah Chambers,4
Oswego,Palermo 4,5th Judicial Alternates,,DEM,Diane Zeller,3
Oswego,Palermo 4,5th Judicial Alternates,,DEM,Kathleen Mantaro,5
Oswego,Palermo 4,5th Judicial Alternates,,DEM,Marianne Hart,5
Oswego,Palermo 4,5th Judicial Alternates,,DEM,Ryan Taylor,1
Oswego,Palermo 4,5th Judicial Alternates,,,Under Votes,10
Oswego,Palermo 4,5th Judicial Delegates,,DEM,Bailey Lovenguth,1
Oswego,Palermo 4,5th Judicial Delegates,,DEM,Christine Weisenburger,2
Oswego,Palermo 4,5th Judicial Delegates,,DEM,Elizabeth R. Passer,4
Oswego,Palermo 4,5th Judicial Delegates,,DEM,James Cannon,2
Oswego,Palermo 4,5th Judicial Delegates,,DEM,Joseph Hart,2
Oswego,Palermo 4,5th Judicial Delegates,,DEM,Julienne Dean,5
Oswego,Palermo 4,5th Judicial Delegates,,DEM,Juniper Mae Dunlap,1
Oswego,Palermo 4,5th Judicial Delegates,,DEM,Mary Regan Benson,1
Oswego,Palermo 4,5th Judicial Delegates,,DEM,Michelle Newvine,4
Oswego,Palermo 4,5th Judicial Delegates,,DEM,Mona Heck,4
Oswego,Palermo 4,5th Judicial Delegates,,DEM,Patrick Dunlap,1
Oswego,Palermo 4,5th Judicial Delegates,,DEM,Stephanie McHugh-Edwards,5
Oswego,Palermo 4,5th Judicial Delegates,,,Under Votes,10
Oswego,Palermo 4,Comptroller,,DEM,Drew Warshaw,1
Oswego,Palermo 4,Comptroller,,DEM,Raj Goyle,1
Oswego,Palermo 4,Comptroller,,DEM,Thomas P. DiNapoli,4
Oswego,Palermo 4,State Assembly,120,DEM,Jim Cannon,3
Oswego,Palermo 4,State Assembly,120,DEM,Timothy C. Allers,3
Oswego,Palermo 4,State Committee,120,DEM,Brien Connolly,1
Oswego,Palermo 4,State Committee,120,DEM,Elizabeth Passer,3
Oswego,Palermo 4,State Committee,120,DEM,Shannon Masters,5
Oswego,Palermo 4,State Committee,120,,Under Votes,3
Oswego,Palermo 4,U.S. House,24,DEM,Alissa J. Ellman,4
Oswego,Palermo 4,U.S. House,24,DEM,Diana K. Kastenbaum,1
Oswego,Palermo 4,U.S. House,24,,Under Votes,1
Oswego,Parish 1,Ballots Cast,,,,14
Oswego,Parish 1,5th Judicial Alternates,,DEM,Amy Connolly,6
Oswego,Parish 1,5th Judicial Alternates,,DEM,Amy Venskus,7
Oswego,Parish 1,5th Judicial Alternates,,DEM,Barbara Kickbush,7
Oswego,Parish 1,5th Judicial Alternates,,DEM,David Passer,1
Oswego,Parish 1,5th Judicial Alternates,,DEM,Deborah Chambers,7
Oswego,Parish 1,5th Judicial Alternates,,DEM,Diane Zeller,5
Oswego,Parish 1,5th Judicial Alternates,,DEM,Kathleen Mantaro,7
Oswego,Parish 1,5th Judicial Alternates,,DEM,Marianne Hart,7
Oswego,Parish 1,5th Judicial Alternates,,DEM,Ryan Taylor,3
Oswego,Parish 1,5th Judicial Alternates,,DEM,Thomas Rinefierd,3
Oswego,Parish 1,5th Judicial Alternates,,,Under Votes,45
Oswego,Parish 1,5th Judicial Delegates,,DEM,Bailey Lovenguth,4
Oswego,Parish 1,5th Judicial Delegates,,DEM,Christine Weisenburger,12
Oswego,Parish 1,5th Judicial Delegates,,DEM,Elizabeth R. Passer,6
Oswego,Parish 1,5th Judicial Delegates,,DEM,James Cannon,5
Oswego,Parish 1,5th Judicial Delegates,,DEM,Joseph Hart,2
Oswego,Parish 1,5th Judicial Delegates,,DEM,Julienne Dean,6
Oswego,Parish 1,5th Judicial Delegates,,DEM,Juniper Mae Dunlap,6
Oswego,Parish 1,5th Judicial Delegates,,DEM,Mary Regan Benson,5
Oswego,Parish 1,5th Judicial Delegates,,DEM,Michael Dineen,2
Oswego,Parish 1,5th Judicial Delegates,,DEM,Michelle Newvine,7
Oswego,Parish 1,5th Judicial Delegates,,DEM,Mona Heck,3
Oswego,Parish 1,5th Judicial Delegates,,DEM,Stephanie McHugh-Edwards,6
Oswego,Parish 1,5th Judicial Delegates,,,Under Votes,34
Oswego,Parish 1,Comptroller,,DEM,Raj Goyle,1
Oswego,Parish 1,Comptroller,,DEM,Thomas P. DiNapoli,9
Oswego,Parish 1,Comptroller,,,Under Votes,4
Oswego,Parish 1,State Assembly,120,DEM,Jim Cannon,8
Oswego,Parish 1,State Assembly,120,DEM,Timothy C. Allers,3
Oswego,Parish 1,State Assembly,120,,Under Votes,3
Oswego,Parish 1,State Committee,120,DEM,Brien Connolly,2
Oswego,Parish 1,State Committee,120,DEM,Elizabeth Passer,3
Oswego,Parish 1,State Committee,120,DEM,Jordan Harcleroad,10
Oswego,Parish 1,State Committee,120,DEM,Shannon Masters,13
Oswego,Parish 1,U.S. House,24,DEM,Alissa J. Ellman,9
Oswego,Parish 1,U.S. House,24,DEM,Diana K. Kastenbaum,1
Oswego,Parish 1,U.S. House,24,,Under Votes,4
Oswego,Parish 2,Ballots Cast,,,,28
Oswego,Parish 2,5th Judicial Alternates,,DEM,Amy Connolly,14
Oswego,Parish 2,5th Judicial Alternates,,DEM,Amy Venskus,11
Oswego,Parish 2,5th Judicial Alternates,,DEM,Barbara Kickbush,7
Oswego,Parish 2,5th Judicial Alternates,,DEM,David Passer,9
Oswego,Parish 2,5th Judicial Alternates,,DEM,Deborah Chambers,14
Oswego,Parish 2,5th Judicial Alternates,,DEM,Diane Zeller,5
Oswego,Parish 2,5th Judicial Alternates,,DEM,Jace E. Dunlap,10
Oswego,Parish 2,5th Judicial Alternates,,DEM,Kathleen Mantaro,11
Oswego,Parish 2,5th Judicial Alternates,,DEM,Marianne Hart,10
Oswego,Parish 2,5th Judicial Alternates,,DEM,Randy Anthony Ladd,9
Oswego,Parish 2,5th Judicial Alternates,,DEM,Ryan Taylor,13
Oswego,Parish 2,5th Judicial Alternates,,DEM,Thomas Rinefierd,12
Oswego,Parish 2,5th Judicial Alternates,,,Under Votes,71
Oswego,Parish 2,5th Judicial Delegates,,DEM,Bailey Lovenguth,14
Oswego,Parish 2,5th Judicial Delegates,,DEM,Christine Weisenburger,17
Oswego,Parish 2,5th Judicial Delegates,,DEM,Elizabeth R. Passer,15
Oswego,Parish 2,5th Judicial Delegates,,DEM,James Cannon,11
Oswego,Parish 2,5th Judicial Delegates,,DEM,Joseph Hart,9
Oswego,Parish 2,5th Judicial Delegates,,DEM,Julienne Dean,14
Oswego,Parish 2,5th Judicial Delegates,,DEM,Juniper Mae Dunlap,10
Oswego,Parish 2,5th Judicial Delegates,,DEM,Mary Regan Benson,5
Oswego,Parish 2,5th Judicial Delegates,,DEM,Michael Dineen,9
Oswego,Parish 2,5th Judicial Delegates,,DEM,Michelle Newvine,13
Oswego,Parish 2,5th Judicial Delegates,,DEM,Mona Heck,13
Oswego,Parish 2,5th Judicial Delegates,,DEM,Patrick Dunlap,9
Oswego,Parish 2,5th Judicial Delegates,,DEM,Stephanie McHugh-Edwards,11
Oswego,Parish 2,5th Judicial Delegates,,,Under Votes,46
Oswego,Parish 2,Comptroller,,DEM,Drew Warshaw,4
Oswego,Parish 2,Comptroller,,DEM,Raj Goyle,2
Oswego,Parish 2,Comptroller,,DEM,Thomas P. DiNapoli,21
Oswego,Parish 2,Comptroller,,,Under Votes,1
Oswego,Parish 2,State Assembly,120,DEM,Jim Cannon,10
Oswego,Parish 2,State Assembly,120,DEM,Timothy C. Allers,16
Oswego,Parish 2,State Assembly,120,,Under Votes,2
Oswego,Parish 2,State Committee,120,DEM,Brien Connolly,6
Oswego,Parish 2,State Committee,120,DEM,Elizabeth Passer,8
Oswego,Parish 2,State Committee,120,DEM,Jordan Harcleroad,15
Oswego,Parish 2,State Committee,120,DEM,Shannon Masters,19
Oswego,Parish 2,State Committee,120,,Under Votes,8
Oswego,Parish 2,U.S. House,24,DEM,Alissa J. Ellman,15
Oswego,Parish 2,U.S. House,24,DEM,Diana K. Kastenbaum,8
Oswego,Parish 2,U.S. House,24,,Under Votes,5
Oswego,Redfield 1,Ballots Cast,,,,9
Oswego,Redfield 1,5th Judicial Alternates,,DEM,Amy Connolly,5
Oswego,Redfield 1,5th Judicial Alternates,,DEM,Amy Venskus,4
Oswego,Redfield 1,5th Judicial Alternates,,DEM,Barbara Kickbush,4
Oswego,Redfield 1,5th Judicial Alternates,,DEM,David Passer,3
Oswego,Redfield 1,5th Judicial Alternates,,DEM,Deborah Chambers,4
Oswego,Redfield 1,5th Judicial Alternates,,DEM,Diane Zeller,3
Oswego,Redfield 1,5th Judicial Alternates,,DEM,Jace E. Dunlap,2
Oswego,Redfield 1,5th Judicial Alternates,,DEM,Kathleen Mantaro,2
Oswego,Redfield 1,5th Judicial Alternates,,DEM,Marianne Hart,4
Oswego,Redfield 1,5th Judicial Alternates,,DEM,Ryan Taylor,1
Oswego,Redfield 1,5th Judicial Alternates,,DEM,Thomas Rinefierd,2
Oswego,Redfield 1,5th Judicial Alternates,,,Under Votes,29
Oswego,Redfield 1,5th Judicial Delegates,,DEM,Bailey Lovenguth,5
Oswego,Redfield 1,5th Judicial Delegates,,DEM,Christine Weisenburger,5
Oswego,Redfield 1,5th Judicial Delegates,,DEM,Elizabeth R. Passer,5
Oswego,Redfield 1,5th Judicial Delegates,,DEM,Joseph Hart,1
Oswego,Redfield 1,5th Judicial Delegates,,DEM,Julienne Dean,3
Oswego,Redfield 1,5th Judicial Delegates,,DEM,Juniper Mae Dunlap,2
Oswego,Redfield 1,5th Judicial Delegates,,DEM,Mary Regan Benson,5
Oswego,Redfield 1,5th Judicial Delegates,,DEM,Michael Dineen,1
Oswego,Redfield 1,5th Judicial Delegates,,DEM,Michelle Newvine,3
Oswego,Redfield 1,5th Judicial Delegates,,DEM,Mona Heck,3
Oswego,Redfield 1,5th Judicial Delegates,,DEM,Patrick Dunlap,1
Oswego,Redfield 1,5th Judicial Delegates,,DEM,Stephanie McHugh-Edwards,4
Oswego,Redfield 1,5th Judicial Delegates,,,Under Votes,25
Oswego,Redfield 1,Comptroller,,DEM,Drew Warshaw,1
Oswego,Redfield 1,Comptroller,,DEM,Raj Goyle,2
Oswego,Redfield 1,Comptroller,,DEM,Thomas P. DiNapoli,6
Oswego,Redfield 1,State Assembly,120,DEM,Jim Cannon,2
Oswego,Redfield 1,State Assembly,120,DEM,Timothy C. Allers,5
Oswego,Redfield 1,State Assembly,120,,Under Votes,2
Oswego,Redfield 1,State Committee,120,DEM,Brien Connolly,1
Oswego,Redfield 1,State Committee,120,DEM,Elizabeth Passer,4
Oswego,Redfield 1,State Committee,120,DEM,Jordan Harcleroad,1
Oswego,Redfield 1,State Committee,120,DEM,Shannon Masters,3
Oswego,Redfield 1,State Committee,120,,Under Votes,9
Oswego,Redfield 1,U.S. House,24,DEM,Alissa J. Ellman,4
Oswego,Redfield 1,U.S. House,24,DEM,Diana K. Kastenbaum,2
Oswego,Redfield 1,U.S. House,24,,Under Votes,3
Oswego,Richland 1,Ballots Cast,,,,23
Oswego,Richland 1,5th Judicial Alternates,,DEM,Amy Connolly,13
Oswego,Richland 1,5th Judicial Alternates,,DEM,Amy Venskus,12
Oswego,Richland 1,5th Judicial Alternates,,DEM,Barbara Kickbush,15
Oswego,Richland 1,5th Judicial Alternates,,DEM,David Passer,7
Oswego,Richland 1,5th Judicial Alternates,,DEM,Deborah Chambers,15
Oswego,Richland 1,5th Judicial Alternates,,DEM,Diane Zeller,10
Oswego,Richland 1,5th Judicial Alternates,,DEM,Jace E. Dunlap,4
Oswego,Richland 1,5th Judicial Alternates,,DEM,Kathleen Mantaro,12
Oswego,Richland 1,5th Judicial Alternates,,DEM,Marianne Hart,16
Oswego,Richland 1,5th Judicial Alternates,,DEM,Randy Anthony Ladd,6
Oswego,Richland 1,5th Judicial Alternates,,DEM,Ryan Taylor,7
Oswego,Richland 1,5th Judicial Alternates,,DEM,Thomas Rinefierd,5
Oswego,Richland 1,5th Judicial Alternates,,,Under Votes,32
Oswego,Richland 1,5th Judicial Delegates,,DEM,Bailey Lovenguth,6
Oswego,Richland 1,5th Judicial Delegates,,DEM,Christine Weisenburger,19
Oswego,Richland 1,5th Judicial Delegates,,DEM,Elizabeth R. Passer,14
Oswego,Richland 1,5th Judicial Delegates,,DEM,James Cannon,15
Oswego,Richland 1,5th Judicial Delegates,,DEM,Joseph Hart,9
Oswego,Richland 1,5th Judicial Delegates,,DEM,Julienne Dean,11
Oswego,Richland 1,5th Judicial Delegates,,DEM,Juniper Mae Dunlap,5
Oswego,Richland 1,5th Judicial Delegates,,DEM,Mary Regan Benson,7
Oswego,Richland 1,5th Judicial Delegates,,DEM,Michael Dineen,7
Oswego,Richland 1,5th Judicial Delegates,,DEM,Michelle Newvine,10
Oswego,Richland 1,5th Judicial Delegates,,DEM,Mona Heck,5
Oswego,Richland 1,5th Judicial Delegates,,DEM,Patrick Dunlap,4
Oswego,Richland 1,5th Judicial Delegates,,DEM,Stephanie McHugh-Edwards,8
Oswego,Richland 1,5th Judicial Delegates,,,Under Votes,34
Oswego,Richland 1,Comptroller,,DEM,Drew Warshaw,3
Oswego,Richland 1,Comptroller,,DEM,Raj Goyle,1
Oswego,Richland 1,Comptroller,,DEM,Thomas P. DiNapoli,18
Oswego,Richland 1,State Assembly,120,DEM,Jim Cannon,15
Oswego,Richland 1,State Assembly,120,DEM,Timothy C. Allers,7
Oswego,Richland 1,State Committee,120,DEM,Brien Connolly,9
Oswego,Richland 1,State Committee,120,DEM,Elizabeth Passer,11
Oswego,Richland 1,State Committee,120,DEM,Jordan Harcleroad,8
Oswego,Richland 1,State Committee,120,DEM,Shannon Masters,15
Oswego,Richland 1,State Committee,120,,Under Votes,1
Oswego,Richland 1,U.S. House,24,DEM,Alissa J. Ellman,18
Oswego,Richland 1,U.S. House,24,DEM,Diana K. Kastenbaum,5
Oswego,Richland 2,Ballots Cast,,,,12
Oswego,Richland 2,5th Judicial Alternates,,DEM,Amy Connolly,5
Oswego,Richland 2,5th Judicial Alternates,,DEM,Amy Venskus,6
Oswego,Richland 2,5th Judicial Alternates,,DEM,Barbara Kickbush,8
Oswego,Richland 2,5th Judicial Alternates,,DEM,David Passer,1
Oswego,Richland 2,5th Judicial Alternates,,DEM,Deborah Chambers,8
Oswego,Richland 2,5th Judicial Alternates,,DEM,Diane Zeller,3
Oswego,Richland 2,5th Judicial Alternates,,DEM,Jace E. Dunlap,2
Oswego,Richland 2,5th Judicial Alternates,,DEM,Kathleen Mantaro,5
Oswego,Richland 2,5th Judicial Alternates,,DEM,Marianne Hart,5
Oswego,Richland 2,5th Judicial Alternates,,DEM,Randy Anthony Ladd,3
Oswego,Richland 2,5th Judicial Alternates,,DEM,Ryan Taylor,5
Oswego,Richland 2,5th Judicial Alternates,,DEM,Thomas Rinefierd,6
Oswego,Richland 2,5th Judicial Alternates,,,Under Votes,27
Oswego,Richland 2,5th Judicial Delegates,,DEM,Bailey Lovenguth,4
Oswego,Richland 2,5th Judicial Delegates,,DEM,Christine Weisenburger,11
Oswego,Richland 2,5th Judicial Delegates,,DEM,Elizabeth R. Passer,4
Oswego,Richland 2,5th Judicial Delegates,,DEM,James Cannon,6
Oswego,Richland 2,5th Judicial Delegates,,DEM,Joseph Hart,8
Oswego,Richland 2,5th Judicial Delegates,,DEM,Julienne Dean,5
Oswego,Richland 2,5th Judicial Delegates,,DEM,Juniper Mae Dunlap,4
Oswego,Richland 2,5th Judicial Delegates,,DEM,Mary Regan Benson,8
Oswego,Richland 2,5th Judicial Delegates,,DEM,Michael Dineen,7
Oswego,Richland 2,5th Judicial Delegates,,DEM,Michelle Newvine,8
Oswego,Richland 2,5th Judicial Delegates,,DEM,Patrick Dunlap,4
Oswego,Richland 2,5th Judicial Delegates,,DEM,Stephanie McHugh-Edwards,1
Oswego,Richland 2,5th Judicial Delegates,,,Under Votes,14
Oswego,Richland 2,Comptroller,,DEM,Drew Warshaw,2
Oswego,Richland 2,Comptroller,,DEM,Thomas P. DiNapoli,9
Oswego,Richland 2,Comptroller,,,Under Votes,1
Oswego,Richland 2,State Assembly,120,DEM,Jim Cannon,6
Oswego,Richland 2,State Assembly,120,DEM,Timothy C. Allers,3
Oswego,Richland 2,State Assembly,120,,Under Votes,3
Oswego,Richland 2,State Committee,120,DEM,Brien Connolly,2
Oswego,Richland 2,State Committee,120,DEM,Elizabeth Passer,3
Oswego,Richland 2,State Committee,120,DEM,Jordan Harcleroad,6
Oswego,Richland 2,State Committee,120,DEM,Shannon Masters,8
Oswego,Richland 2,State Committee,120,,Under Votes,5
Oswego,Richland 2,U.S. House,24,DEM,Alissa J. Ellman,7
Oswego,Richland 2,U.S. House,24,DEM,Diana K. Kastenbaum,2
Oswego,Richland 2,U.S. House,24,,Under Votes,3
Oswego,Richland 3,Ballots Cast,,,,17
Oswego,Richland 3,5th Judicial Alternates,,DEM,Amy Connolly,5
Oswego,Richland 3,5th Judicial Alternates,,DEM,Amy Venskus,11
Oswego,Richland 3,5th Judicial Alternates,,DEM,Barbara Kickbush,7
Oswego,Richland 3,5th Judicial Alternates,,DEM,David Passer,5
Oswego,Richland 3,5th Judicial Alternates,,DEM,Deborah Chambers,8
Oswego,Richland 3,5th Judicial Alternates,,DEM,Diane Zeller,5
Oswego,Richland 3,5th Judicial Alternates,,DEM,Jace E. Dunlap,3
Oswego,Richland 3,5th Judicial Alternates,,DEM,Kathleen Mantaro,10
Oswego,Richland 3,5th Judicial Alternates,,DEM,Marianne Hart,9
Oswego,Richland 3,5th Judicial Alternates,,DEM,Randy Anthony Ladd,2
Oswego,Richland 3,5th Judicial Alternates,,DEM,Ryan Taylor,7
Oswego,Richland 3,5th Judicial Alternates,,DEM,Thomas Rinefierd,7
Oswego,Richland 3,5th Judicial Alternates,,DEM,Write-in,7
Oswego,Richland 3,5th Judicial Alternates,,,Over Votes,7
Oswego,Richland 3,5th Judicial Alternates,,,Under Votes,26
Oswego,Richland 3,5th Judicial Delegates,,DEM,Bailey Lovenguth,1
Oswego,Richland 3,5th Judicial Delegates,,DEM,Christine Weisenburger,12
Oswego,Richland 3,5th Judicial Delegates,,DEM,Elizabeth R. Passer,8
Oswego,Richland 3,5th Judicial Delegates,,DEM,James Cannon,9
Oswego,Richland 3,5th Judicial Delegates,,DEM,Joseph Hart,7
Oswego,Richland 3,5th Judicial Delegates,,DEM,Julienne Dean,5
Oswego,Richland 3,5th Judicial Delegates,,DEM,Juniper Mae Dunlap,1
Oswego,Richland 3,5th Judicial Delegates,,DEM,Mary Regan Benson,9
Oswego,Richland 3,5th Judicial Delegates,,DEM,Michael Dineen,6
Oswego,Richland 3,5th Judicial Delegates,,DEM,Michelle Newvine,11
Oswego,Richland 3,5th Judicial Delegates,,DEM,Mona Heck,4
Oswego,Richland 3,5th Judicial Delegates,,DEM,Patrick Dunlap,2
Oswego,Richland 3,5th Judicial Delegates,,DEM,Stephanie McHugh-Edwards,7
Oswego,Richland 3,5th Judicial Delegates,,,Under Votes,37
Oswego,Richland 3,Comptroller,,DEM,Drew Warshaw,2
Oswego,Richland 3,Comptroller,,DEM,Raj Goyle,1
Oswego,Richland 3,Comptroller,,DEM,Thomas P. DiNapoli,14
Oswego,Richland 3,State Assembly,120,DEM,Jim Cannon,14
Oswego,Richland 3,State Assembly,120,DEM,Timothy C. Allers,3
Oswego,Richland 3,State Committee,120,DEM,Brien Connolly,2
Oswego,Richland 3,State Committee,120,DEM,Elizabeth Passer,7
Oswego,Richland 3,State Committee,120,DEM,Jordan Harcleroad,9
Oswego,Richland 3,State Committee,120,DEM,Shannon Masters,10
Oswego,Richland 3,State Committee,120,,Under Votes,6
Oswego,Richland 3,U.S. House,24,DEM,Alissa J. Ellman,9
Oswego,Richland 3,U.S. House,24,DEM,Diana K. Kastenbaum,8
Oswego,Richland 4,Ballots Cast,,,,19
Oswego,Richland 4,5th Judicial Alternates,,DEM,Amy Connolly,6
Oswego,Richland 4,5th Judicial Alternates,,DEM,Amy Venskus,10
Oswego,Richland 4,5th Judicial Alternates,,DEM,Barbara Kickbush,14
Oswego,Richland 4,5th Judicial Alternates,,DEM,David Passer,4
Oswego,Richland 4,5th Judicial Alternates,,DEM,Deborah Chambers,10
Oswego,Richland 4,5th Judicial Alternates,,DEM,Diane Zeller,5
Oswego,Richland 4,5th Judicial Alternates,,DEM,Jace E. Dunlap,3
Oswego,Richland 4,5th Judicial Alternates,,DEM,Kathleen Mantaro,11
Oswego,Richland 4,5th Judicial Alternates,,DEM,Marianne Hart,12
Oswego,Richland 4,5th Judicial Alternates,,DEM,Randy Anthony Ladd,3
Oswego,Richland 4,5th Judicial Alternates,,DEM,Ryan Taylor,8
Oswego,Richland 4,5th Judicial Alternates,,DEM,Thomas Rinefierd,7
Oswego,Richland 4,5th Judicial Alternates,,,Under Votes,40
Oswego,Richland 4,5th Judicial Delegates,,DEM,Bailey Lovenguth,4
Oswego,Richland 4,5th Judicial Delegates,,DEM,Christine Weisenburger,17
Oswego,Richland 4,5th Judicial Delegates,,DEM,Elizabeth R. Passer,8
Oswego,Richland 4,5th Judicial Delegates,,DEM,James Cannon,13
Oswego,Richland 4,5th Judicial Delegates,,DEM,Joseph Hart,10
Oswego,Richland 4,5th Judicial Delegates,,DEM,Julienne Dean,9
Oswego,Richland 4,5th Judicial Delegates,,DEM,Juniper Mae Dunlap,2
Oswego,Richland 4,5th Judicial Delegates,,DEM,Mary Regan Benson,9
Oswego,Richland 4,5th Judicial Delegates,,DEM,Michael Dineen,9
Oswego,Richland 4,5th Judicial Delegates,,DEM,Michelle Newvine,13
Oswego,Richland 4,5th Judicial Delegates,,DEM,Mona Heck,2
Oswego,Richland 4,5th Judicial Delegates,,DEM,Patrick Dunlap,3
Oswego,Richland 4,5th Judicial Delegates,,DEM,Stephanie McHugh-Edwards,4
Oswego,Richland 4,5th Judicial Delegates,,,Under Votes,30
Oswego,Richland 4,Comptroller,,DEM,Raj Goyle,1
Oswego,Richland 4,Comptroller,,DEM,Thomas P. DiNapoli,17
Oswego,Richland 4,Comptroller,,,Under Votes,1
Oswego,Richland 4,State Assembly,120,DEM,Jim Cannon,14
Oswego,Richland 4,State Assembly,120,DEM,Timothy C. Allers,3
Oswego,Richland 4,State Assembly,120,,Under Votes,2
Oswego,Richland 4,State Committee,120,DEM,Brien Connolly,5
Oswego,Richland 4,State Committee,120,DEM,Elizabeth Passer,4
Oswego,Richland 4,State Committee,120,DEM,Jordan Harcleroad,12
Oswego,Richland 4,State Committee,120,DEM,Shannon Masters,10
Oswego,Richland 4,State Committee,120,,Under Votes,7
Oswego,Richland 4,U.S. House,24,DEM,Alissa J. Ellman,13
Oswego,Richland 4,U.S. House,24,DEM,Diana K. Kastenbaum,3
Oswego,Richland 4,U.S. House,24,DEM,Write-in,1
Oswego,Richland 4,U.S. House,24,,Under Votes,2
Oswego,Richland 5,Ballots Cast,,,,2
Oswego,Richland 5,5th Judicial Alternates,,DEM,Amy Connolly,1
Oswego,Richland 5,5th Judicial Alternates,,DEM,Jace E. Dunlap,1
Oswego,Richland 5,5th Judicial Alternates,,DEM,Kathleen Mantaro,1
Oswego,Richland 5,5th Judicial Alternates,,DEM,Marianne Hart,1
Oswego,Richland 5,5th Judicial Alternates,,DEM,Randy Anthony Ladd,1
Oswego,Richland 5,5th Judicial Alternates,,DEM,Ryan Taylor,1
Oswego,Richland 5,5th Judicial Alternates,,DEM,Thomas Rinefierd,1
Oswego,Richland 5,5th Judicial Alternates,,,Under Votes,7
Oswego,Richland 5,5th Judicial Delegates,,DEM,Christine Weisenburger,2
Oswego,Richland 5,5th Judicial Delegates,,DEM,Elizabeth R. Passer,1
Oswego,Richland 5,5th Judicial Delegates,,DEM,Joseph Hart,1
Oswego,Richland 5,5th Judicial Delegates,,DEM,Julienne Dean,1
Oswego,Richland 5,5th Judicial Delegates,,DEM,Juniper Mae Dunlap,1
Oswego,Richland 5,5th Judicial Delegates,,DEM,Mary Regan Benson,1
Oswego,Richland 5,5th Judicial Delegates,,DEM,Michelle Newvine,1
Oswego,Richland 5,5th Judicial Delegates,,DEM,Patrick Dunlap,1
Oswego,Richland 5,5th Judicial Delegates,,DEM,Stephanie McHugh-Edwards,2
Oswego,Richland 5,5th Judicial Delegates,,,Under Votes,3
Oswego,Richland 5,Comptroller,,DEM,Thomas P. DiNapoli,2
Oswego,Richland 5,State Assembly,120,DEM,Jim Cannon,1
Oswego,Richland 5,State Assembly,120,DEM,Timothy C. Allers,1
Oswego,Richland 5,State Committee,120,DEM,Brien Connolly,1
Oswego,Richland 5,State Committee,120,DEM,Shannon Masters,2
Oswego,Richland 5,State Committee,120,,Under Votes,1
Oswego,Richland 5,U.S. House,24,DEM,Alissa J. Ellman,1
Oswego,Richland 5,U.S. House,24,DEM,Diana K. Kastenbaum,1
Oswego,Richland 6,Ballots Cast,,,,4
Oswego,Richland 6,5th Judicial Alternates,,DEM,Amy Connolly,2
Oswego,Richland 6,5th Judicial Alternates,,DEM,Amy Venskus,2
Oswego,Richland 6,5th Judicial Alternates,,DEM,Barbara Kickbush,2
Oswego,Richland 6,5th Judicial Alternates,,DEM,David Passer,3
Oswego,Richland 6,5th Judicial Alternates,,DEM,Deborah Chambers,2
Oswego,Richland 6,5th Judicial Alternates,,DEM,Diane Zeller,2
Oswego,Richland 6,5th Judicial Alternates,,DEM,Jace E. Dunlap,2
Oswego,Richland 6,5th Judicial Alternates,,DEM,Kathleen Mantaro,1
Oswego,Richland 6,5th Judicial Alternates,,DEM,Marianne Hart,3
Oswego,Richland 6,5th Judicial Alternates,,DEM,Randy Anthony Ladd,2
Oswego,Richland 6,5th Judicial Alternates,,DEM,Ryan Taylor,2
Oswego,Richland 6,5th Judicial Alternates,,DEM,Thomas Rinefierd,1
Oswego,Richland 6,5th Judicial Alternates,,,Under Votes,4
Oswego,Richland 6,5th Judicial Delegates,,DEM,Bailey Lovenguth,3
Oswego,Richland 6,5th Judicial Delegates,,DEM,Christine Weisenburger,2
Oswego,Richland 6,5th Judicial Delegates,,DEM,Elizabeth R. Passer,3
Oswego,Richland 6,5th Judicial Delegates,,DEM,James Cannon,1
Oswego,Richland 6,5th Judicial Delegates,,DEM,Joseph Hart,3
Oswego,Richland 6,5th Judicial Delegates,,DEM,Julienne Dean,1
Oswego,Richland 6,5th Judicial Delegates,,DEM,Juniper Mae Dunlap,2
Oswego,Richland 6,5th Judicial Delegates,,DEM,Mary Regan Benson,1
Oswego,Richland 6,5th Judicial Delegates,,DEM,Michael Dineen,2
Oswego,Richland 6,5th Judicial Delegates,,DEM,Michelle Newvine,1
Oswego,Richland 6,5th Judicial Delegates,,DEM,Mona Heck,3
Oswego,Richland 6,5th Judicial Delegates,,DEM,Patrick Dunlap,2
Oswego,Richland 6,5th Judicial Delegates,,DEM,Stephanie McHugh-Edwards,2
Oswego,Richland 6,5th Judicial Delegates,,,Under Votes,2
Oswego,Richland 6,Comptroller,,DEM,Thomas P. DiNapoli,4
Oswego,Richland 6,State Assembly,120,DEM,Jim Cannon,2
Oswego,Richland 6,State Assembly,120,DEM,Timothy C. Allers,2
Oswego,Richland 6,State Committee,120,DEM,Brien Connolly,3
Oswego,Richland 6,State Committee,120,DEM,Elizabeth Passer,3
Oswego,Richland 6,State Committee,120,DEM,Jordan Harcleroad,1
Oswego,Richland 6,State Committee,120,DEM,Shannon Masters,1
Oswego,Richland 6,U.S. House,24,DEM,Alissa J. Ellman,4
Oswego,Sandy Creek 1,Ballots Cast,,,,31
Oswego,Sandy Creek 1,5th Judicial Alternates,,DEM,Amy Connolly,14
Oswego,Sandy Creek 1,5th Judicial Alternates,,DEM,Amy Venskus,14
Oswego,Sandy Creek 1,5th Judicial Alternates,,DEM,Barbara Kickbush,14
Oswego,Sandy Creek 1,5th Judicial Alternates,,DEM,David Passer,6
Oswego,Sandy Creek 1,5th Judicial Alternates,,DEM,Deborah Chambers,15
Oswego,Sandy Creek 1,5th Judicial Alternates,,DEM,Diane Zeller,15
Oswego,Sandy Creek 1,5th Judicial Alternates,,DEM,Jace E. Dunlap,4
Oswego,Sandy Creek 1,5th Judicial Alternates,,DEM,Kathleen Mantaro,16
Oswego,Sandy Creek 1,5th Judicial Alternates,,DEM,Marianne Hart,18
Oswego,Sandy Creek 1,5th Judicial Alternates,,DEM,Randy Anthony Ladd,4
Oswego,Sandy Creek 1,5th Judicial Alternates,,DEM,Ryan Taylor,8
Oswego,Sandy Creek 1,5th Judicial Alternates,,DEM,Thomas Rinefierd,6
Oswego,Sandy Creek 1,5th Judicial Alternates,,,Under Votes,76
Oswego,Sandy Creek 1,5th Judicial Delegates,,DEM,Bailey Lovenguth,8
Oswego,Sandy Creek 1,5th Judicial Delegates,,DEM,Christine Weisenburger,17
Oswego,Sandy Creek 1,5th Judicial Delegates,,DEM,Elizabeth R. Passer,18
Oswego,Sandy Creek 1,5th Judicial Delegates,,DEM,James Cannon,8
Oswego,Sandy Creek 1,5th Judicial Delegates,,DEM,Joseph Hart,6
Oswego,Sandy Creek 1,5th Judicial Delegates,,DEM,Julienne Dean,14
Oswego,Sandy Creek 1,5th Judicial Delegates,,DEM,Juniper Mae Dunlap,12
Oswego,Sandy Creek 1,5th Judicial Delegates,,DEM,Mary Regan Benson,11
Oswego,Sandy Creek 1,5th Judicial Delegates,,DEM,Michael Dineen,3
Oswego,Sandy Creek 1,5th Judicial Delegates,,DEM,Michelle Newvine,10
Oswego,Sandy Creek 1,5th Judicial Delegates,,DEM,Mona Heck,13
Oswego,Sandy Creek 1,5th Judicial Delegates,,DEM,Patrick Dunlap,8
Oswego,Sandy Creek 1,5th Judicial Delegates,,DEM,Stephanie McHugh-Edwards,15
Oswego,Sandy Creek 1,5th Judicial Delegates,,,Over Votes,7
Oswego,Sandy Creek 1,5th Judicial Delegates,,,Under Votes,60
Oswego,Sandy Creek 1,Comptroller,,DEM,Drew Warshaw,3
Oswego,Sandy Creek 1,Comptroller,,DEM,Raj Goyle,4
Oswego,Sandy Creek 1,Comptroller,,DEM,Thomas P. DiNapoli,21
Oswego,Sandy Creek 1,Comptroller,,,Under Votes,2
Oswego,Sandy Creek 1,State Assembly,120,DEM,Jim Cannon,13
Oswego,Sandy Creek 1,State Assembly,120,DEM,Timothy C. Allers,15
Oswego,Sandy Creek 1,State Assembly,120,,Under Votes,2
Oswego,Sandy Creek 1,State Committee,120,DEM,Brien Connolly,6
Oswego,Sandy Creek 1,State Committee,120,DEM,Elizabeth Passer,17
Oswego,Sandy Creek 1,State Committee,120,DEM,Jordan Harcleroad,6
Oswego,Sandy Creek 1,State Committee,120,DEM,Shannon Masters,18
Oswego,Sandy Creek 1,State Committee,120,,Under Votes,13
Oswego,Sandy Creek 1,U.S. House,24,DEM,Alissa J. Ellman,24
Oswego,Sandy Creek 1,U.S. House,24,DEM,Diana K. Kastenbaum,6
Oswego,Sandy Creek 1,U.S. House,24,,Under Votes,1
Oswego,Sandy Creek 2,Ballots Cast,,,,12
Oswego,Sandy Creek 2,5th Judicial Alternates,,DEM,Amy Connolly,6
Oswego,Sandy Creek 2,5th Judicial Alternates,,DEM,Amy Venskus,8
Oswego,Sandy Creek 2,5th Judicial Alternates,,DEM,Barbara Kickbush,8
Oswego,Sandy Creek 2,5th Judicial Alternates,,DEM,David Passer,2
Oswego,Sandy Creek 2,5th Judicial Alternates,,DEM,Deborah Chambers,9
Oswego,Sandy Creek 2,5th Judicial Alternates,,DEM,Diane Zeller,6
Oswego,Sandy Creek 2,5th Judicial Alternates,,DEM,Jace E. Dunlap,3
Oswego,Sandy Creek 2,5th Judicial Alternates,,DEM,Kathleen Mantaro,8
Oswego,Sandy Creek 2,5th Judicial Alternates,,DEM,Marianne Hart,8
Oswego,Sandy Creek 2,5th Judicial Alternates,,DEM,Randy Anthony Ladd,2
Oswego,Sandy Creek 2,5th Judicial Alternates,,DEM,Ryan Taylor,5
Oswego,Sandy Creek 2,5th Judicial Alternates,,DEM,Thomas Rinefierd,2
Oswego,Sandy Creek 2,5th Judicial Alternates,,,Under Votes,17
Oswego,Sandy Creek 2,5th Judicial Delegates,,DEM,Bailey Lovenguth,6
Oswego,Sandy Creek 2,5th Judicial Delegates,,DEM,Christine Weisenburger,10
Oswego,Sandy Creek 2,5th Judicial Delegates,,DEM,Elizabeth R. Passer,7
Oswego,Sandy Creek 2,5th Judicial Delegates,,DEM,James Cannon,2
Oswego,Sandy Creek 2,5th Judicial Delegates,,DEM,Joseph Hart,1
Oswego,Sandy Creek 2,5th Judicial Delegates,,DEM,Julienne Dean,7
Oswego,Sandy Creek 2,5th Judicial Delegates,,DEM,Juniper Mae Dunlap,8
Oswego,Sandy Creek 2,5th Judicial Delegates,,DEM,Mary Regan Benson,6
Oswego,Sandy Creek 2,5th Judicial Delegates,,DEM,Michael Dineen,3
Oswego,Sandy Creek 2,5th Judicial Delegates,,DEM,Michelle Newvine,4
Oswego,Sandy Creek 2,5th Judicial Delegates,,DEM,Mona Heck,9
Oswego,Sandy Creek 2,5th Judicial Delegates,,DEM,Patrick Dunlap,4
Oswego,Sandy Creek 2,5th Judicial Delegates,,DEM,Stephanie McHugh-Edwards,9
Oswego,Sandy Creek 2,5th Judicial Delegates,,,Under Votes,8
Oswego,Sandy Creek 2,Comptroller,,DEM,Drew Warshaw,3
Oswego,Sandy Creek 2,Comptroller,,DEM,Raj Goyle,1
Oswego,Sandy Creek 2,Comptroller,,DEM,Thomas P. DiNapoli,7
Oswego,Sandy Creek 2,Comptroller,,,Under Votes,1
Oswego,Sandy Creek 2,State Assembly,120,DEM,Jim Cannon,4
Oswego,Sandy Creek 2,State Assembly,120,DEM,Timothy C. Allers,6
Oswego,Sandy Creek 2,State Assembly,120,,Under Votes,2
Oswego,Sandy Creek 2,State Committee,120,DEM,Brien Connolly,3
Oswego,Sandy Creek 2,State Committee,120,DEM,Elizabeth Passer,9
Oswego,Sandy Creek 2,State Committee,120,DEM,Jordan Harcleroad,3
Oswego,Sandy Creek 2,State Committee,120,DEM,Shannon Masters,7
Oswego,Sandy Creek 2,State Committee,120,,Under Votes,2
Oswego,Sandy Creek 2,U.S. House,24,DEM,Alissa J. Ellman,5
Oswego,Sandy Creek 2,U.S. House,24,DEM,Diana K. Kastenbaum,7
Oswego,Sandy Creek 3,Ballots Cast,,,,9
Oswego,Sandy Creek 3,5th Judicial Alternates,,DEM,Amy Connolly,4
Oswego,Sandy Creek 3,5th Judicial Alternates,,DEM,Amy Venskus,4
Oswego,Sandy Creek 3,5th Judicial Alternates,,DEM,Barbara Kickbush,7
Oswego,Sandy Creek 3,5th Judicial Alternates,,DEM,David Passer,2
Oswego,Sandy Creek 3,5th Judicial Alternates,,DEM,Deborah Chambers,7
Oswego,Sandy Creek 3,5th Judicial Alternates,,DEM,Diane Zeller,4
Oswego,Sandy Creek 3,5th Judicial Alternates,,DEM,Kathleen Mantaro,6
Oswego,Sandy Creek 3,5th Judicial Alternates,,DEM,Marianne Hart,6
Oswego,Sandy Creek 3,5th Judicial Alternates,,DEM,Ryan Taylor,2
Oswego,Sandy Creek 3,5th Judicial Alternates,,DEM,Thomas Rinefierd,2
Oswego,Sandy Creek 3,5th Judicial Alternates,,,Under Votes,19
Oswego,Sandy Creek 3,5th Judicial Delegates,,DEM,Bailey Lovenguth,1
Oswego,Sandy Creek 3,5th Judicial Delegates,,DEM,Christine Weisenburger,7
Oswego,Sandy Creek 3,5th Judicial Delegates,,DEM,Elizabeth R. Passer,3
Oswego,Sandy Creek 3,5th Judicial Delegates,,DEM,James Cannon,2
Oswego,Sandy Creek 3,5th Judicial Delegates,,DEM,Joseph Hart,3
Oswego,Sandy Creek 3,5th Judicial Delegates,,DEM,Julienne Dean,4
Oswego,Sandy Creek 3,5th Judicial Delegates,,DEM,Juniper Mae Dunlap,2
Oswego,Sandy Creek 3,5th Judicial Delegates,,DEM,Mary Regan Benson,6
Oswego,Sandy Creek 3,5th Judicial Delegates,,DEM,Michelle Newvine,4
Oswego,Sandy Creek 3,5th Judicial Delegates,,DEM,Mona Heck,5
Oswego,Sandy Creek 3,5th Judicial Delegates,,DEM,Patrick Dunlap,1
Oswego,Sandy Creek 3,5th Judicial Delegates,,DEM,Stephanie McHugh-Edwards,6
Oswego,Sandy Creek 3,5th Judicial Delegates,,,Under Votes,19
Oswego,Sandy Creek 3,Comptroller,,DEM,Drew Warshaw,2
Oswego,Sandy Creek 3,Comptroller,,DEM,Thomas P. DiNapoli,7
Oswego,Sandy Creek 3,State Assembly,120,DEM,Jim Cannon,4
Oswego,Sandy Creek 3,State Assembly,120,DEM,Timothy C. Allers,5
Oswego,Sandy Creek 3,State Committee,120,DEM,Brien Connolly,4
Oswego,Sandy Creek 3,State Committee,120,DEM,Elizabeth Passer,4
Oswego,Sandy Creek 3,State Committee,120,DEM,Jordan Harcleroad,4
Oswego,Sandy Creek 3,State Committee,120,DEM,Shannon Masters,5
Oswego,Sandy Creek 3,State Committee,120,,Under Votes,1
Oswego,Sandy Creek 3,U.S. House,24,DEM,Alissa J. Ellman,6
Oswego,Sandy Creek 3,U.S. House,24,DEM,Diana K. Kastenbaum,3
Oswego,Sandy Creek 4,Ballots Cast,,,,8
Oswego,Sandy Creek 4,5th Judicial Alternates,,DEM,Amy Connolly,3
Oswego,Sandy Creek 4,5th Judicial Alternates,,DEM,Amy Venskus,1
Oswego,Sandy Creek 4,5th Judicial Alternates,,DEM,Barbara Kickbush,4
Oswego,Sandy Creek 4,5th Judicial Alternates,,DEM,David Passer,2
Oswego,Sandy Creek 4,5th Judicial Alternates,,DEM,Deborah Chambers,3
Oswego,Sandy Creek 4,5th Judicial Alternates,,DEM,Diane Zeller,3
Oswego,Sandy Creek 4,5th Judicial Alternates,,DEM,Jace E. Dunlap,1
Oswego,Sandy Creek 4,5th Judicial Alternates,,DEM,Kathleen Mantaro,2
Oswego,Sandy Creek 4,5th Judicial Alternates,,DEM,Marianne Hart,4
Oswego,Sandy Creek 4,5th Judicial Alternates,,DEM,Randy Anthony Ladd,2
Oswego,Sandy Creek 4,5th Judicial Alternates,,DEM,Ryan Taylor,4
Oswego,Sandy Creek 4,5th Judicial Alternates,,DEM,Thomas Rinefierd,2
Oswego,Sandy Creek 4,5th Judicial Alternates,,,Under Votes,25
Oswego,Sandy Creek 4,5th Judicial Delegates,,DEM,Bailey Lovenguth,1
Oswego,Sandy Creek 4,5th Judicial Delegates,,DEM,Christine Weisenburger,4
Oswego,Sandy Creek 4,5th Judicial Delegates,,DEM,Elizabeth R. Passer,7
Oswego,Sandy Creek 4,5th Judicial Delegates,,DEM,James Cannon,2
Oswego,Sandy Creek 4,5th Judicial Delegates,,DEM,Joseph Hart,3
Oswego,Sandy Creek 4,5th Judicial Delegates,,DEM,Julienne Dean,2
Oswego,Sandy Creek 4,5th Judicial Delegates,,DEM,Juniper Mae Dunlap,1
Oswego,Sandy Creek 4,5th Judicial Delegates,,DEM,Mary Regan Benson,3
Oswego,Sandy Creek 4,5th Judicial Delegates,,DEM,Michael Dineen,2
Oswego,Sandy Creek 4,5th Judicial Delegates,,DEM,Michelle Newvine,2
Oswego,Sandy Creek 4,5th Judicial Delegates,,DEM,Mona Heck,2
Oswego,Sandy Creek 4,5th Judicial Delegates,,DEM,Patrick Dunlap,6
Oswego,Sandy Creek 4,5th Judicial Delegates,,DEM,Stephanie McHugh-Edwards,4
Oswego,Sandy Creek 4,5th Judicial Delegates,,,Under Votes,17
Oswego,Sandy Creek 4,Comptroller,,DEM,Drew Warshaw,2
Oswego,Sandy Creek 4,Comptroller,,DEM,Thomas P. DiNapoli,6
Oswego,Sandy Creek 4,State Assembly,120,DEM,Jim Cannon,1
Oswego,Sandy Creek 4,State Assembly,120,DEM,Timothy C. Allers,5
Oswego,Sandy Creek 4,State Assembly,120,,Under Votes,2
Oswego,Sandy Creek 4,State Committee,120,DEM,Brien Connolly,4
Oswego,Sandy Creek 4,State Committee,120,DEM,Elizabeth Passer,5
Oswego,Sandy Creek 4,State Committee,120,DEM,Jordan Harcleroad,2
Oswego,Sandy Creek 4,State Committee,120,DEM,Shannon Masters,3
Oswego,Sandy Creek 4,State Committee,120,,Under Votes,2
Oswego,Sandy Creek 4,U.S. House,24,DEM,Alissa J. Ellman,5
Oswego,Sandy Creek 4,U.S. House,24,DEM,Diana K. Kastenbaum,1
Oswego,Sandy Creek 4,U.S. House,24,,Under Votes,2
Oswego,Schroeppel 1,Ballots Cast,,,,32
Oswego,Schroeppel 1,5th Judicial Alternates,,DEM,Amy Connolly,16
Oswego,Schroeppel 1,5th Judicial Alternates,,DEM,Amy Venskus,14
Oswego,Schroeppel 1,5th Judicial Alternates,,DEM,Barbara Kickbush,13
Oswego,Schroeppel 1,5th Judicial Alternates,,DEM,David Passer,7
Oswego,Schroeppel 1,5th Judicial Alternates,,DEM,Deborah Chambers,15
Oswego,Schroeppel 1,5th Judicial Alternates,,DEM,Diane Zeller,16
Oswego,Schroeppel 1,5th Judicial Alternates,,DEM,Jace E. Dunlap,7
Oswego,Schroeppel 1,5th Judicial Alternates,,DEM,Kathleen Mantaro,19
Oswego,Schroeppel 1,5th Judicial Alternates,,DEM,Marianne Hart,11
Oswego,Schroeppel 1,5th Judicial Alternates,,DEM,Randy Anthony Ladd,7
Oswego,Schroeppel 1,5th Judicial Alternates,,DEM,Ryan Taylor,18
Oswego,Schroeppel 1,5th Judicial Alternates,,DEM,Thomas Rinefierd,8
Oswego,Schroeppel 1,5th Judicial Alternates,,,Under Votes,73
Oswego,Schroeppel 1,5th Judicial Delegates,,DEM,Bailey Lovenguth,6
Oswego,Schroeppel 1,5th Judicial Delegates,,DEM,Christine Weisenburger,18
Oswego,Schroeppel 1,5th Judicial Delegates,,DEM,Elizabeth R. Passer,16
Oswego,Schroeppel 1,5th Judicial Delegates,,DEM,James Cannon,11
Oswego,Schroeppel 1,5th Judicial Delegates,,DEM,Joseph Hart,12
Oswego,Schroeppel 1,5th Judicial Delegates,,DEM,Julienne Dean,12
Oswego,Schroeppel 1,5th Judicial Delegates,,DEM,Juniper Mae Dunlap,11
Oswego,Schroeppel 1,5th Judicial Delegates,,DEM,Mary Regan Benson,15
Oswego,Schroeppel 1,5th Judicial Delegates,,DEM,Michael Dineen,8
Oswego,Schroeppel 1,5th Judicial Delegates,,DEM,Michelle Newvine,19
Oswego,Schroeppel 1,5th Judicial Delegates,,DEM,Mona Heck,14
Oswego,Schroeppel 1,5th Judicial Delegates,,DEM,Patrick Dunlap,13
Oswego,Schroeppel 1,5th Judicial Delegates,,DEM,Stephanie McHugh-Edwards,16
Oswego,Schroeppel 1,5th Judicial Delegates,,,Under Votes,53
Oswego,Schroeppel 1,Comptroller,,DEM,Drew Warshaw,3
Oswego,Schroeppel 1,Comptroller,,DEM,Raj Goyle,2
Oswego,Schroeppel 1,Comptroller,,DEM,Thomas P. DiNapoli,25
Oswego,Schroeppel 1,Comptroller,,,Under Votes,2
Oswego,Schroeppel 1,State Assembly,120,DEM,Jim Cannon,16
Oswego,Schroeppel 1,State Assembly,120,DEM,Timothy C. Allers,16
Oswego,Schroeppel 1,State Committee,120,DEM,Brien Connolly,15
Oswego,Schroeppel 1,State Committee,120,DEM,Elizabeth Passer,17
Oswego,Schroeppel 1,State Committee,120,DEM,Jordan Harcleroad,5
Oswego,Schroeppel 1,State Committee,120,DEM,Shannon Masters,15
Oswego,Schroeppel 1,State Committee,120,,Under Votes,12
Oswego,Schroeppel 1,U.S. House,24,DEM,Alissa J. Ellman,22
Oswego,Schroeppel 1,U.S. House,24,DEM,Diana K. Kastenbaum,8
Oswego,Schroeppel 1,U.S. House,24,,Under Votes,2
Oswego,Schroeppel 2,Ballots Cast,,,,41
Oswego,Schroeppel 2,5th Judicial Alternates,,DEM,Amy Connolly,15
Oswego,Schroeppel 2,5th Judicial Alternates,,DEM,Amy Venskus,15
Oswego,Schroeppel 2,5th Judicial Alternates,,DEM,Barbara Kickbush,14
Oswego,Schroeppel 2,5th Judicial Alternates,,DEM,David Passer,7
Oswego,Schroeppel 2,5th Judicial Alternates,,DEM,Deborah Chambers,12
Oswego,Schroeppel 2,5th Judicial Alternates,,DEM,Diane Zeller,15
Oswego,Schroeppel 2,5th Judicial Alternates,,DEM,Jace E. Dunlap,9
Oswego,Schroeppel 2,5th Judicial Alternates,,DEM,Kathleen Mantaro,12
Oswego,Schroeppel 2,5th Judicial Alternates,,DEM,Marianne Hart,17
Oswego,Schroeppel 2,5th Judicial Alternates,,DEM,Randy Anthony Ladd,8
Oswego,Schroeppel 2,5th Judicial Alternates,,DEM,Ryan Taylor,11
Oswego,Schroeppel 2,5th Judicial Alternates,,DEM,Thomas Rinefierd,9
Oswego,Schroeppel 2,5th Judicial Alternates,,,Under Votes,143
Oswego,Schroeppel 2,5th Judicial Delegates,,DEM,Bailey Lovenguth,6
Oswego,Schroeppel 2,5th Judicial Delegates,,DEM,Christine Weisenburger,25
Oswego,Schroeppel 2,5th Judicial Delegates,,DEM,Elizabeth R. Passer,19
Oswego,Schroeppel 2,5th Judicial Delegates,,DEM,James Cannon,20
Oswego,Schroeppel 2,5th Judicial Delegates,,DEM,Joseph Hart,12
Oswego,Schroeppel 2,5th Judicial Delegates,,DEM,Julienne Dean,19
Oswego,Schroeppel 2,5th Judicial Delegates,,DEM,Juniper Mae Dunlap,6
Oswego,Schroeppel 2,5th Judicial Delegates,,DEM,Mary Regan Benson,18
Oswego,Schroeppel 2,5th Judicial Delegates,,DEM,Michael Dineen,10
Oswego,Schroeppel 2,5th Judicial Delegates,,DEM,Michelle Newvine,27
Oswego,Schroeppel 2,5th Judicial Delegates,,DEM,Mona Heck,15
Oswego,Schroeppel 2,5th Judicial Delegates,,DEM,Patrick Dunlap,6
Oswego,Schroeppel 2,5th Judicial Delegates,,DEM,Stephanie McHugh-Edwards,7
Oswego,Schroeppel 2,5th Judicial Delegates,,DEM,Write-in,1
Oswego,Schroeppel 2,5th Judicial Delegates,,,Under Votes,96
Oswego,Schroeppel 2,Comptroller,,DEM,Drew Warshaw,1
Oswego,Schroeppel 2,Comptroller,,DEM,Raj Goyle,3
Oswego,Schroeppel 2,Comptroller,,DEM,Thomas P. DiNapoli,37
Oswego,Schroeppel 2,State Assembly,120,DEM,Jim Cannon,24
Oswego,Schroeppel 2,State Assembly,120,DEM,Timothy C. Allers,12
Oswego,Schroeppel 2,State Assembly,120,,Under Votes,5
Oswego,Schroeppel 2,State Committee,120,DEM,Brien Connolly,10
Oswego,Schroeppel 2,State Committee,120,DEM,Elizabeth Passer,17
Oswego,Schroeppel 2,State Committee,120,DEM,Jordan Harcleroad,11
Oswego,Schroeppel 2,State Committee,120,DEM,Shannon Masters,23
Oswego,Schroeppel 2,State Committee,120,,Under Votes,21
Oswego,Schroeppel 2,U.S. House,24,DEM,Alissa J. Ellman,33
Oswego,Schroeppel 2,U.S. House,24,DEM,Diana K. Kastenbaum,3
Oswego,Schroeppel 2,U.S. House,24,,Under Votes,5
Oswego,Schroeppel 3,Ballots Cast,,,,7
Oswego,Schroeppel 3,5th Judicial Alternates,,DEM,Amy Connolly,2
Oswego,Schroeppel 3,5th Judicial Alternates,,DEM,Amy Venskus,2
Oswego,Schroeppel 3,5th Judicial Alternates,,DEM,David Passer,1
Oswego,Schroeppel 3,5th Judicial Alternates,,DEM,Deborah Chambers,1
Oswego,Schroeppel 3,5th Judicial Alternates,,DEM,Diane Zeller,1
Oswego,Schroeppel 3,5th Judicial Alternates,,DEM,Jace E. Dunlap,1
Oswego,Schroeppel 3,5th Judicial Alternates,,DEM,Kathleen Mantaro,1
Oswego,Schroeppel 3,5th Judicial Alternates,,DEM,Marianne Hart,2
Oswego,Schroeppel 3,5th Judicial Alternates,,DEM,Randy Anthony Ladd,1
Oswego,Schroeppel 3,5th Judicial Alternates,,DEM,Ryan Taylor,3
Oswego,Schroeppel 3,5th Judicial Alternates,,DEM,Thomas Rinefierd,2
Oswego,Schroeppel 3,5th Judicial Alternates,,,Under Votes,32
Oswego,Schroeppel 3,5th Judicial Delegates,,DEM,Christine Weisenburger,3
Oswego,Schroeppel 3,5th Judicial Delegates,,DEM,Elizabeth R. Passer,2
Oswego,Schroeppel 3,5th Judicial Delegates,,DEM,James Cannon,1
Oswego,Schroeppel 3,5th Judicial Delegates,,DEM,Joseph Hart,3
Oswego,Schroeppel 3,5th Judicial Delegates,,DEM,Julienne Dean,1
Oswego,Schroeppel 3,5th Judicial Delegates,,DEM,Mary Regan Benson,3
Oswego,Schroeppel 3,5th Judicial Delegates,,DEM,Michael Dineen,1
Oswego,Schroeppel 3,5th Judicial Delegates,,DEM,Michelle Newvine,5
Oswego,Schroeppel 3,5th Judicial Delegates,,DEM,Mona Heck,1
Oswego,Schroeppel 3,5th Judicial Delegates,,DEM,Stephanie McHugh-Edwards,2
Oswego,Schroeppel 3,5th Judicial Delegates,,,Under Votes,27
Oswego,Schroeppel 3,Comptroller,,DEM,Drew Warshaw,1
Oswego,Schroeppel 3,Comptroller,,DEM,Thomas P. DiNapoli,5
Oswego,Schroeppel 3,Comptroller,,,Under Votes,1
Oswego,Schroeppel 3,State Assembly,120,DEM,Jim Cannon,2
Oswego,Schroeppel 3,State Assembly,120,DEM,Timothy C. Allers,3
Oswego,Schroeppel 3,State Assembly,120,,Under Votes,2
Oswego,Schroeppel 3,State Committee,120,DEM,Elizabeth Passer,2
Oswego,Schroeppel 3,State Committee,120,DEM,Jordan Harcleroad,3
Oswego,Schroeppel 3,State Committee,120,DEM,Shannon Masters,3
Oswego,Schroeppel 3,State Committee,120,,Under Votes,6
Oswego,Schroeppel 3,U.S. House,24,DEM,Alissa J. Ellman,2
Oswego,Schroeppel 3,U.S. House,24,DEM,Diana K. Kastenbaum,1
Oswego,Schroeppel 3,U.S. House,24,,Under Votes,4
Oswego,Schroeppel 4,Ballots Cast,,,,40
Oswego,Schroeppel 4,5th Judicial Alternates,,DEM,Amy Connolly,20
Oswego,Schroeppel 4,5th Judicial Alternates,,DEM,Amy Venskus,14
Oswego,Schroeppel 4,5th Judicial Alternates,,DEM,Barbara Kickbush,19
Oswego,Schroeppel 4,5th Judicial Alternates,,DEM,David Passer,11
Oswego,Schroeppel 4,5th Judicial Alternates,,DEM,Deborah Chambers,27
Oswego,Schroeppel 4,5th Judicial Alternates,,DEM,Diane Zeller,24
Oswego,Schroeppel 4,5th Judicial Alternates,,DEM,Jace E. Dunlap,7
Oswego,Schroeppel 4,5th Judicial Alternates,,DEM,Kathleen Mantaro,20
Oswego,Schroeppel 4,5th Judicial Alternates,,DEM,Marianne Hart,21
Oswego,Schroeppel 4,5th Judicial Alternates,,DEM,Randy Anthony Ladd,8
Oswego,Schroeppel 4,5th Judicial Alternates,,DEM,Ryan Taylor,18
Oswego,Schroeppel 4,5th Judicial Alternates,,DEM,Thomas Rinefierd,6
Oswego,Schroeppel 4,5th Judicial Alternates,,,Under Votes,85
Oswego,Schroeppel 4,5th Judicial Delegates,,DEM,Bailey Lovenguth,9
Oswego,Schroeppel 4,5th Judicial Delegates,,DEM,Christine Weisenburger,26
Oswego,Schroeppel 4,5th Judicial Delegates,,DEM,Elizabeth R. Passer,24
Oswego,Schroeppel 4,5th Judicial Delegates,,DEM,James Cannon,9
Oswego,Schroeppel 4,5th Judicial Delegates,,DEM,Joseph Hart,10
Oswego,Schroeppel 4,5th Judicial Delegates,,DEM,Julienne Dean,12
Oswego,Schroeppel 4,5th Judicial Delegates,,DEM,Juniper Mae Dunlap,13
Oswego,Schroeppel 4,5th Judicial Delegates,,DEM,Mary Regan Benson,18
Oswego,Schroeppel 4,5th Judicial Delegates,,DEM,Michael Dineen,8
Oswego,Schroeppel 4,5th Judicial Delegates,,DEM,Michelle Newvine,21
Oswego,Schroeppel 4,5th Judicial Delegates,,DEM,Mona Heck,20
Oswego,Schroeppel 4,5th Judicial Delegates,,DEM,Patrick Dunlap,5
Oswego,Schroeppel 4,5th Judicial Delegates,,DEM,Stephanie McHugh-Edwards,19
Oswego,Schroeppel 4,5th Judicial Delegates,,,Under Votes,86
Oswego,Schroeppel 4,Comptroller,,DEM,Drew Warshaw,6
Oswego,Schroeppel 4,Comptroller,,DEM,Raj Goyle,7
Oswego,Schroeppel 4,Comptroller,,DEM,Thomas P. DiNapoli,25
Oswego,Schroeppel 4,Comptroller,,,Under Votes,2
Oswego,Schroeppel 4,State Assembly,120,DEM,Jim Cannon,9
Oswego,Schroeppel 4,State Assembly,120,DEM,Timothy C. Allers,24
Oswego,Schroeppel 4,State Assembly,120,,Under Votes,7
Oswego,Schroeppel 4,State Committee,120,DEM,Brien Connolly,14
Oswego,Schroeppel 4,State Committee,120,DEM,Elizabeth Passer,24
Oswego,Schroeppel 4,State Committee,120,DEM,Jordan Harcleroad,6
Oswego,Schroeppel 4,State Committee,120,DEM,Shannon Masters,22
Oswego,Schroeppel 4,State Committee,120,,Under Votes,14
Oswego,Schroeppel 4,U.S. House,24,DEM,Alissa J. Ellman,23
Oswego,Schroeppel 4,U.S. House,24,DEM,Diana K. Kastenbaum,11
Oswego,Schroeppel 4,U.S. House,24,,Under Votes,6
Oswego,Schroeppel 5,Ballots Cast,,,,50
Oswego,Schroeppel 5,5th Judicial Alternates,,DEM,Amy Connolly,30
Oswego,Schroeppel 5,5th Judicial Alternates,,DEM,Amy Venskus,28
Oswego,Schroeppel 5,5th Judicial Alternates,,DEM,Barbara Kickbush,23
Oswego,Schroeppel 5,5th Judicial Alternates,,DEM,David Passer,16
Oswego,Schroeppel 5,5th Judicial Alternates,,DEM,Deborah Chambers,27
Oswego,Schroeppel 5,5th Judicial Alternates,,DEM,Diane Zeller,25
Oswego,Schroeppel 5,5th Judicial Alternates,,DEM,Jace E. Dunlap,6
Oswego,Schroeppel 5,5th Judicial Alternates,,DEM,Kathleen Mantaro,25
Oswego,Schroeppel 5,5th Judicial Alternates,,DEM,Marianne Hart,27
Oswego,Schroeppel 5,5th Judicial Alternates,,DEM,Randy Anthony Ladd,7
Oswego,Schroeppel 5,5th Judicial Alternates,,DEM,Ryan Taylor,20
Oswego,Schroeppel 5,5th Judicial Alternates,,DEM,Thomas Rinefierd,2
Oswego,Schroeppel 5,5th Judicial Alternates,,,Under Votes,107
Oswego,Schroeppel 5,5th Judicial Delegates,,DEM,Bailey Lovenguth,13
Oswego,Schroeppel 5,5th Judicial Delegates,,DEM,Christine Weisenburger,32
Oswego,Schroeppel 5,5th Judicial Delegates,,DEM,Elizabeth R. Passer,33
Oswego,Schroeppel 5,5th Judicial Delegates,,DEM,James Cannon,20
Oswego,Schroeppel 5,5th Judicial Delegates,,DEM,Joseph Hart,13
Oswego,Schroeppel 5,5th Judicial Delegates,,DEM,Julienne Dean,14
Oswego,Schroeppel 5,5th Judicial Delegates,,DEM,Juniper Mae Dunlap,9
Oswego,Schroeppel 5,5th Judicial Delegates,,DEM,Mary Regan Benson,19
Oswego,Schroeppel 5,5th Judicial Delegates,,DEM,Michael Dineen,9
Oswego,Schroeppel 5,5th Judicial Delegates,,DEM,Michelle Newvine,28
Oswego,Schroeppel 5,5th Judicial Delegates,,DEM,Mona Heck,27
Oswego,Schroeppel 5,5th Judicial Delegates,,DEM,Patrick Dunlap,10
Oswego,Schroeppel 5,5th Judicial Delegates,,DEM,Stephanie McHugh-Edwards,27
Oswego,Schroeppel 5,5th Judicial Delegates,,,Under Votes,89
Oswego,Schroeppel 5,Comptroller,,DEM,Drew Warshaw,5
Oswego,Schroeppel 5,Comptroller,,DEM,Raj Goyle,3
Oswego,Schroeppel 5,Comptroller,,DEM,Thomas P. DiNapoli,39
Oswego,Schroeppel 5,Comptroller,,,Under Votes,2
Oswego,Schroeppel 5,State Assembly,120,DEM,Jim Cannon,25
Oswego,Schroeppel 5,State Assembly,120,DEM,Timothy C. Allers,18
Oswego,Schroeppel 5,State Assembly,120,,Under Votes,6
Oswego,Schroeppel 5,State Committee,120,DEM,Brien Connolly,14
Oswego,Schroeppel 5,State Committee,120,DEM,Elizabeth Passer,22
Oswego,Schroeppel 5,State Committee,120,DEM,Jordan Harcleroad,14
Oswego,Schroeppel 5,State Committee,120,DEM,Shannon Masters,26
Oswego,Schroeppel 5,State Committee,120,,Under Votes,22
Oswego,Schroeppel 5,U.S. House,24,DEM,Alissa J. Ellman,30
Oswego,Schroeppel 5,U.S. House,24,DEM,Diana K. Kastenbaum,16
Oswego,Schroeppel 5,U.S. House,24,,Under Votes,4
Oswego,Scriba 1,Ballots Cast,,,,14
Oswego,Scriba 1,5th Judicial Alternates,,DEM,Amy Connolly,8
Oswego,Scriba 1,5th Judicial Alternates,,DEM,Amy Venskus,8
Oswego,Scriba 1,5th Judicial Alternates,,DEM,Barbara Kickbush,4
Oswego,Scriba 1,5th Judicial Alternates,,DEM,David Passer,6
Oswego,Scriba 1,5th Judicial Alternates,,DEM,Deborah Chambers,7
Oswego,Scriba 1,5th Judicial Alternates,,DEM,Diane Zeller,9
Oswego,Scriba 1,5th Judicial Alternates,,DEM,Jace E. Dunlap,2
Oswego,Scriba 1,5th Judicial Alternates,,DEM,Kathleen Mantaro,8
Oswego,Scriba 1,5th Judicial Alternates,,DEM,Marianne Hart,6
Oswego,Scriba 1,5th Judicial Alternates,,DEM,Randy Anthony Ladd,4
Oswego,Scriba 1,5th Judicial Alternates,,DEM,Ryan Taylor,5
Oswego,Scriba 1,5th Judicial Alternates,,DEM,Thomas Rinefierd,4
Oswego,Scriba 1,5th Judicial Alternates,,,Under Votes,27
Oswego,Scriba 1,5th Judicial Delegates,,DEM,Bailey Lovenguth,2
Oswego,Scriba 1,5th Judicial Delegates,,DEM,Christine Weisenburger,7
Oswego,Scriba 1,5th Judicial Delegates,,DEM,Elizabeth R. Passer,7
Oswego,Scriba 1,5th Judicial Delegates,,DEM,James Cannon,6
Oswego,Scriba 1,5th Judicial Delegates,,DEM,Joseph Hart,3
Oswego,Scriba 1,5th Judicial Delegates,,DEM,Julienne Dean,6
Oswego,Scriba 1,5th Judicial Delegates,,DEM,Juniper Mae Dunlap,9
Oswego,Scriba 1,5th Judicial Delegates,,DEM,Mary Regan Benson,4
Oswego,Scriba 1,5th Judicial Delegates,,DEM,Michael Dineen,3
Oswego,Scriba 1,5th Judicial Delegates,,DEM,Michelle Newvine,4
Oswego,Scriba 1,5th Judicial Delegates,,DEM,Mona Heck,6
Oswego,Scriba 1,5th Judicial Delegates,,DEM,Patrick Dunlap,6
Oswego,Scriba 1,5th Judicial Delegates,,DEM,Stephanie McHugh-Edwards,8
Oswego,Scriba 1,5th Judicial Delegates,,,Under Votes,27
Oswego,Scriba 1,Comptroller,,DEM,Drew Warshaw,3
Oswego,Scriba 1,Comptroller,,DEM,Thomas P. DiNapoli,10
Oswego,Scriba 1,Comptroller,,,Under Votes,1
Oswego,Scriba 1,State Assembly,120,DEM,Jim Cannon,8
Oswego,Scriba 1,State Assembly,120,DEM,Timothy C. Allers,4
Oswego,Scriba 1,State Assembly,120,,Under Votes,2
Oswego,Scriba 1,State Committee,120,DEM,Brien Connolly,6
Oswego,Scriba 1,State Committee,120,DEM,Elizabeth Passer,8
Oswego,Scriba 1,State Committee,120,DEM,Jordan Harcleroad,2
Oswego,Scriba 1,State Committee,120,DEM,Shannon Masters,8
Oswego,Scriba 1,State Committee,120,,Under Votes,4
Oswego,Scriba 1,U.S. House,24,DEM,Alissa J. Ellman,10
Oswego,Scriba 1,U.S. House,24,DEM,Diana K. Kastenbaum,3
Oswego,Scriba 1,U.S. House,24,,Under Votes,1
Oswego,Scriba 2,Ballots Cast,,,,7
Oswego,Scriba 2,5th Judicial Alternates,,DEM,Amy Connolly,6
Oswego,Scriba 2,5th Judicial Alternates,,DEM,Amy Venskus,5
Oswego,Scriba 2,5th Judicial Alternates,,DEM,Barbara Kickbush,6
Oswego,Scriba 2,5th Judicial Alternates,,DEM,David Passer,2
Oswego,Scriba 2,5th Judicial Alternates,,DEM,Deborah Chambers,5
Oswego,Scriba 2,5th Judicial Alternates,,DEM,Diane Zeller,5
Oswego,Scriba 2,5th Judicial Alternates,,DEM,Jace E. Dunlap,1
Oswego,Scriba 2,5th Judicial Alternates,,DEM,Kathleen Mantaro,4
Oswego,Scriba 2,5th Judicial Alternates,,DEM,Marianne Hart,6
Oswego,Scriba 2,5th Judicial Alternates,,DEM,Ryan Taylor,2
Oswego,Scriba 2,5th Judicial Alternates,,DEM,Thomas Rinefierd,2
Oswego,Scriba 2,5th Judicial Alternates,,,Under Votes,5
Oswego,Scriba 2,5th Judicial Delegates,,DEM,Bailey Lovenguth,4
Oswego,Scriba 2,5th Judicial Delegates,,DEM,Christine Weisenburger,5
Oswego,Scriba 2,5th Judicial Delegates,,DEM,Elizabeth R. Passer,5
Oswego,Scriba 2,5th Judicial Delegates,,DEM,James Cannon,1
Oswego,Scriba 2,5th Judicial Delegates,,DEM,Joseph Hart,2
Oswego,Scriba 2,5th Judicial Delegates,,DEM,Julienne Dean,3
Oswego,Scriba 2,5th Judicial Delegates,,DEM,Juniper Mae Dunlap,6
Oswego,Scriba 2,5th Judicial Delegates,,DEM,Mary Regan Benson,2
Oswego,Scriba 2,5th Judicial Delegates,,DEM,Michelle Newvine,3
Oswego,Scriba 2,5th Judicial Delegates,,DEM,Mona Heck,6
Oswego,Scriba 2,5th Judicial Delegates,,DEM,Patrick Dunlap,2
Oswego,Scriba 2,5th Judicial Delegates,,DEM,Stephanie McHugh-Edwards,5
Oswego,Scriba 2,5th Judicial Delegates,,,Under Votes,5
Oswego,Scriba 2,Comptroller,,DEM,Drew Warshaw,1
Oswego,Scriba 2,Comptroller,,DEM,Raj Goyle,2
Oswego,Scriba 2,Comptroller,,DEM,Thomas P. DiNapoli,4
Oswego,Scriba 2,State Assembly,120,DEM,Jim Cannon,2
Oswego,Scriba 2,State Assembly,120,DEM,Timothy C. Allers,4
Oswego,Scriba 2,State Assembly,120,,Under Votes,1
Oswego,Scriba 2,State Committee,120,DEM,Brien Connolly,2
Oswego,Scriba 2,State Committee,120,DEM,Elizabeth Passer,5
Oswego,Scriba 2,State Committee,120,DEM,Jordan Harcleroad,2
Oswego,Scriba 2,State Committee,120,DEM,Shannon Masters,4
Oswego,Scriba 2,State Committee,120,,Under Votes,1
Oswego,Scriba 2,U.S. House,24,DEM,Alissa J. Ellman,5
Oswego,Scriba 2,U.S. House,24,DEM,Diana K. Kastenbaum,2
Oswego,Scriba 3,Ballots Cast,,,,76
Oswego,Scriba 3,5th Judicial Alternates,,DEM,Amy Connolly,23
Oswego,Scriba 3,5th Judicial Alternates,,DEM,Amy Venskus,46
Oswego,Scriba 3,5th Judicial Alternates,,DEM,Barbara Kickbush,39
Oswego,Scriba 3,5th Judicial Alternates,,DEM,David Passer,13
Oswego,Scriba 3,5th Judicial Alternates,,DEM,Deborah Chambers,42
Oswego,Scriba 3,5th Judicial Alternates,,DEM,Diane Zeller,19
Oswego,Scriba 3,5th Judicial Alternates,,DEM,Jace E. Dunlap,6
Oswego,Scriba 3,5th Judicial Alternates,,DEM,Kathleen Mantaro,54
Oswego,Scriba 3,5th Judicial Alternates,,DEM,Marianne Hart,40
Oswego,Scriba 3,5th Judicial Alternates,,DEM,Randy Anthony Ladd,8
Oswego,Scriba 3,5th Judicial Alternates,,DEM,Ryan Taylor,49
Oswego,Scriba 3,5th Judicial Alternates,,DEM,Thomas Rinefierd,34
Oswego,Scriba 3,5th Judicial Alternates,,DEM,Write-in,1
Oswego,Scriba 3,5th Judicial Alternates,,,Under Votes,151
Oswego,Scriba 3,5th Judicial Delegates,,DEM,Bailey Lovenguth,12
Oswego,Scriba 3,5th Judicial Delegates,,DEM,Christine Weisenburger,42
Oswego,Scriba 3,5th Judicial Delegates,,DEM,Elizabeth R. Passer,34
Oswego,Scriba 3,5th Judicial Delegates,,DEM,James Cannon,45
Oswego,Scriba 3,5th Judicial Delegates,,DEM,Joseph Hart,32
Oswego,Scriba 3,5th Judicial Delegates,,DEM,Julienne Dean,40
Oswego,Scriba 3,5th Judicial Delegates,,DEM,Juniper Mae Dunlap,12
Oswego,Scriba 3,5th Judicial Delegates,,DEM,Mary Regan Benson,36
Oswego,Scriba 3,5th Judicial Delegates,,DEM,Michael Dineen,31
Oswego,Scriba 3,5th Judicial Delegates,,DEM,Michelle Newvine,38
Oswego,Scriba 3,5th Judicial Delegates,,DEM,Mona Heck,15
Oswego,Scriba 3,5th Judicial Delegates,,DEM,Patrick Dunlap,12
Oswego,Scriba 3,5th Judicial Delegates,,DEM,Stephanie McHugh-Edwards,28
Oswego,Scriba 3,5th Judicial Delegates,,,Under Votes,148
Oswego,Scriba 3,Comptroller,,DEM,Drew Warshaw,4
Oswego,Scriba 3,Comptroller,,DEM,Thomas P. DiNapoli,65
Oswego,Scriba 3,Comptroller,,,Over Votes,2
Oswego,Scriba 3,Comptroller,,,Under Votes,4
Oswego,Scriba 3,County Legislator,17,DEM,Diane Zeller,6
Oswego,Scriba 3,County Legislator,17,DEM,Dorothy Caldwell,68
Oswego,Scriba 3,County Legislator,17,,Under Votes,1
Oswego,Scriba 3,State Assembly,120,DEM,Jim Cannon,48
Oswego,Scriba 3,State Assembly,120,DEM,Timothy C. Allers,22
Oswego,Scriba 3,State Assembly,120,,Over Votes,2
Oswego,Scriba 3,State Assembly,120,,Under Votes,3
Oswego,Scriba 3,State Committee,120,DEM,Brien Connolly,17
Oswego,Scriba 3,State Committee,120,DEM,Elizabeth Passer,20
Oswego,Scriba 3,State Committee,120,DEM,Jordan Harcleroad,40
Oswego,Scriba 3,State Committee,120,DEM,Shannon Masters,45
Oswego,Scriba 3,State Committee,120,,Under Votes,28
Oswego,Scriba 3,U.S. House,24,DEM,Alissa J. Ellman,58
Oswego,Scriba 3,U.S. House,24,DEM,Diana K. Kastenbaum,12
Oswego,Scriba 3,U.S. House,24,,Over Votes,1
Oswego,Scriba 3,U.S. House,24,,Under Votes,5
Oswego,Scriba 4,Ballots Cast,,,,21
Oswego,Scriba 4,5th Judicial Alternates,,DEM,Amy Connolly,8
Oswego,Scriba 4,5th Judicial Alternates,,DEM,Amy Venskus,7
Oswego,Scriba 4,5th Judicial Alternates,,DEM,Barbara Kickbush,5
Oswego,Scriba 4,5th Judicial Alternates,,DEM,David Passer,4
Oswego,Scriba 4,5th Judicial Alternates,,DEM,Deborah Chambers,7
Oswego,Scriba 4,5th Judicial Alternates,,DEM,Diane Zeller,6
Oswego,Scriba 4,5th Judicial Alternates,,DEM,Jace E. Dunlap,2
Oswego,Scriba 4,5th Judicial Alternates,,DEM,Kathleen Mantaro,9
Oswego,Scriba 4,5th Judicial Alternates,,DEM,Marianne Hart,5
Oswego,Scriba 4,5th Judicial Alternates,,DEM,Randy Anthony Ladd,2
Oswego,Scriba 4,5th Judicial Alternates,,DEM,Ryan Taylor,5
Oswego,Scriba 4,5th Judicial Alternates,,DEM,Thomas Rinefierd,1
Oswego,Scriba 4,5th Judicial Alternates,,,Under Votes,86
Oswego,Scriba 4,5th Judicial Delegates,,DEM,Bailey Lovenguth,4
Oswego,Scriba 4,5th Judicial Delegates,,DEM,Christine Weisenburger,11
Oswego,Scriba 4,5th Judicial Delegates,,DEM,Elizabeth R. Passer,11
Oswego,Scriba 4,5th Judicial Delegates,,DEM,James Cannon,2
Oswego,Scriba 4,5th Judicial Delegates,,DEM,Joseph Hart,1
Oswego,Scriba 4,5th Judicial Delegates,,DEM,Julienne Dean,5
Oswego,Scriba 4,5th Judicial Delegates,,DEM,Juniper Mae Dunlap,12
Oswego,Scriba 4,5th Judicial Delegates,,DEM,Mary Regan Benson,7
Oswego,Scriba 4,5th Judicial Delegates,,DEM,Michael Dineen,1
Oswego,Scriba 4,5th Judicial Delegates,,DEM,Michelle Newvine,7
Oswego,Scriba 4,5th Judicial Delegates,,DEM,Mona Heck,8
Oswego,Scriba 4,5th Judicial Delegates,,DEM,Patrick Dunlap,5
Oswego,Scriba 4,5th Judicial Delegates,,DEM,Stephanie McHugh-Edwards,10
Oswego,Scriba 4,5th Judicial Delegates,,DEM,Write-in,1
Oswego,Scriba 4,5th Judicial Delegates,,,Under Votes,62
Oswego,Scriba 4,Comptroller,,DEM,Drew Warshaw,3
Oswego,Scriba 4,Comptroller,,DEM,Raj Goyle,2
Oswego,Scriba 4,Comptroller,,DEM,Thomas P. DiNapoli,14
Oswego,Scriba 4,Comptroller,,,Under Votes,2
Oswego,Scriba 4,State Assembly,120,DEM,Jim Cannon,7
Oswego,Scriba 4,State Assembly,120,DEM,Timothy C. Allers,10
Oswego,Scriba 4,State Assembly,120,,Under Votes,4
Oswego,Scriba 4,State Committee,120,DEM,Brien Connolly,5
Oswego,Scriba 4,State Committee,120,DEM,Elizabeth Passer,10
Oswego,Scriba 4,State Committee,120,DEM,Jordan Harcleroad,1
Oswego,Scriba 4,State Committee,120,DEM,Shannon Masters,6
Oswego,Scriba 4,State Committee,120,,Under Votes,20
Oswego,Scriba 4,U.S. House,24,DEM,Alissa J. Ellman,10
Oswego,Scriba 4,U.S. House,24,DEM,Diana K. Kastenbaum,6
Oswego,Scriba 4,U.S. House,24,,Under Votes,5
Oswego,Scriba 5,Ballots Cast,,,,16
Oswego,Scriba 5,5th Judicial Alternates,,DEM,Amy Connolly,9
Oswego,Scriba 5,5th Judicial Alternates,,DEM,Amy Venskus,7
Oswego,Scriba 5,5th Judicial Alternates,,DEM,Barbara Kickbush,9
Oswego,Scriba 5,5th Judicial Alternates,,DEM,David Passer,7
Oswego,Scriba 5,5th Judicial Alternates,,DEM,Deborah Chambers,7
Oswego,Scriba 5,5th Judicial Alternates,,DEM,Diane Zeller,7
Oswego,Scriba 5,5th Judicial Alternates,,DEM,Jace E. Dunlap,1
Oswego,Scriba 5,5th Judicial Alternates,,DEM,Kathleen Mantaro,9
Oswego,Scriba 5,5th Judicial Alternates,,DEM,Marianne Hart,8
Oswego,Scriba 5,5th Judicial Alternates,,DEM,Randy Anthony Ladd,1
Oswego,Scriba 5,5th Judicial Alternates,,DEM,Ryan Taylor,6
Oswego,Scriba 5,5th Judicial Alternates,,DEM,Thomas Rinefierd,4
Oswego,Scriba 5,5th Judicial Alternates,,DEM,Write-in,4
Oswego,Scriba 5,5th Judicial Alternates,,,Under Votes,33
Oswego,Scriba 5,5th Judicial Delegates,,DEM,Bailey Lovenguth,7
Oswego,Scriba 5,5th Judicial Delegates,,DEM,Christine Weisenburger,5
Oswego,Scriba 5,5th Judicial Delegates,,DEM,Elizabeth R. Passer,7
Oswego,Scriba 5,5th Judicial Delegates,,DEM,James Cannon,7
Oswego,Scriba 5,5th Judicial Delegates,,DEM,Joseph Hart,3
Oswego,Scriba 5,5th Judicial Delegates,,DEM,Julienne Dean,6
Oswego,Scriba 5,5th Judicial Delegates,,DEM,Juniper Mae Dunlap,6
Oswego,Scriba 5,5th Judicial Delegates,,DEM,Mary Regan Benson,5
Oswego,Scriba 5,5th Judicial Delegates,,DEM,Michael Dineen,4
Oswego,Scriba 5,5th Judicial Delegates,,DEM,Michelle Newvine,4
Oswego,Scriba 5,5th Judicial Delegates,,DEM,Mona Heck,4
Oswego,Scriba 5,5th Judicial Delegates,,DEM,Patrick Dunlap,5
Oswego,Scriba 5,5th Judicial Delegates,,DEM,Stephanie McHugh-Edwards,6
Oswego,Scriba 5,5th Judicial Delegates,,,Under Votes,43
Oswego,Scriba 5,Comptroller,,DEM,Drew Warshaw,2
Oswego,Scriba 5,Comptroller,,DEM,Raj Goyle,1
Oswego,Scriba 5,Comptroller,,DEM,Thomas P. DiNapoli,13
Oswego,Scriba 5,State Assembly,120,DEM,Jim Cannon,7
Oswego,Scriba 5,State Assembly,120,DEM,Timothy C. Allers,7
Oswego,Scriba 5,State Assembly,120,,Under Votes,2
Oswego,Scriba 5,State Committee,120,DEM,Brien Connolly,1
Oswego,Scriba 5,State Committee,120,DEM,Elizabeth Passer,8
Oswego,Scriba 5,State Committee,120,DEM,Jordan Harcleroad,7
Oswego,Scriba 5,State Committee,120,DEM,Shannon Masters,9
Oswego,Scriba 5,State Committee,120,,Under Votes,7
Oswego,Scriba 5,U.S. House,24,DEM,Alissa J. Ellman,14
Oswego,Scriba 5,U.S. House,24,,Under Votes,2
Oswego,Volney 1,Ballots Cast,,,,23
Oswego,Volney 1,5th Judicial Alternates,,DEM,Amy Connolly,8
Oswego,Volney 1,5th Judicial Alternates,,DEM,Amy Venskus,8
Oswego,Volney 1,5th Judicial Alternates,,DEM,Barbara Kickbush,10
Oswego,Volney 1,5th Judicial Alternates,,DEM,David Passer,5
Oswego,Volney 1,5th Judicial Alternates,,DEM,Deborah Chambers,14
Oswego,Volney 1,5th Judicial Alternates,,DEM,Diane Zeller,8
Oswego,Volney 1,5th Judicial Alternates,,DEM,Jace E. Dunlap,3
Oswego,Volney 1,5th Judicial Alternates,,DEM,Kathleen Mantaro,16
Oswego,Volney 1,5th Judicial Alternates,,DEM,Marianne Hart,10
Oswego,Volney 1,5th Judicial Alternates,,DEM,Randy Anthony Ladd,2
Oswego,Volney 1,5th Judicial Alternates,,DEM,Ryan Taylor,10
Oswego,Volney 1,5th Judicial Alternates,,DEM,Thomas Rinefierd,7
Oswego,Volney 1,5th Judicial Alternates,,,Under Votes,60
Oswego,Volney 1,5th Judicial Delegates,,DEM,Bailey Lovenguth,4
Oswego,Volney 1,5th Judicial Delegates,,DEM,Christine Weisenburger,11
Oswego,Volney 1,5th Judicial Delegates,,DEM,Elizabeth R. Passer,13
Oswego,Volney 1,5th Judicial Delegates,,DEM,James Cannon,5
Oswego,Volney 1,5th Judicial Delegates,,DEM,Joseph Hart,5
Oswego,Volney 1,5th Judicial Delegates,,DEM,Julienne Dean,10
Oswego,Volney 1,5th Judicial Delegates,,DEM,Juniper Mae Dunlap,5
Oswego,Volney 1,5th Judicial Delegates,,DEM,Mary Regan Benson,15
Oswego,Volney 1,5th Judicial Delegates,,DEM,Michael Dineen,5
Oswego,Volney 1,5th Judicial Delegates,,DEM,Michelle Newvine,9
Oswego,Volney 1,5th Judicial Delegates,,DEM,Mona Heck,9
Oswego,Volney 1,5th Judicial Delegates,,DEM,Patrick Dunlap,3
Oswego,Volney 1,5th Judicial Delegates,,DEM,Stephanie McHugh-Edwards,12
Oswego,Volney 1,5th Judicial Delegates,,,Under Votes,55
Oswego,Volney 1,Comptroller,,DEM,Drew Warshaw,1
Oswego,Volney 1,Comptroller,,DEM,Raj Goyle,3
Oswego,Volney 1,Comptroller,,DEM,Thomas P. DiNapoli,19
Oswego,Volney 1,State Assembly,120,DEM,Jim Cannon,11
Oswego,Volney 1,State Assembly,120,DEM,Timothy C. Allers,11
Oswego,Volney 1,State Assembly,120,,Under Votes,1
Oswego,Volney 1,State Committee,120,DEM,Brien Connolly,3
Oswego,Volney 1,State Committee,120,DEM,Elizabeth Passer,11
Oswego,Volney 1,State Committee,120,DEM,Jordan Harcleroad,6
Oswego,Volney 1,State Committee,120,DEM,Shannon Masters,13
Oswego,Volney 1,State Committee,120,,Under Votes,13
Oswego,Volney 1,U.S. House,24,DEM,Alissa J. Ellman,16
Oswego,Volney 1,U.S. House,24,DEM,Diana K. Kastenbaum,6
Oswego,Volney 1,U.S. House,24,,Under Votes,1
Oswego,Volney 2,Ballots Cast,,,,8
Oswego,Volney 2,5th Judicial Alternates,,DEM,Amy Connolly,5
Oswego,Volney 2,5th Judicial Alternates,,DEM,Amy Venskus,4
Oswego,Volney 2,5th Judicial Alternates,,DEM,Barbara Kickbush,6
Oswego,Volney 2,5th Judicial Alternates,,DEM,David Passer,4
Oswego,Volney 2,5th Judicial Alternates,,DEM,Deborah Chambers,7
Oswego,Volney 2,5th Judicial Alternates,,DEM,Diane Zeller,4
Oswego,Volney 2,5th Judicial Alternates,,DEM,Jace E. Dunlap,4
Oswego,Volney 2,5th Judicial Alternates,,DEM,Kathleen Mantaro,5
Oswego,Volney 2,5th Judicial Alternates,,DEM,Marianne Hart,6
Oswego,Volney 2,5th Judicial Alternates,,DEM,Randy Anthony Ladd,1
Oswego,Volney 2,5th Judicial Alternates,,DEM,Ryan Taylor,1
Oswego,Volney 2,5th Judicial Alternates,,DEM,Thomas Rinefierd,1
Oswego,Volney 2,5th Judicial Alternates,,,Under Votes,8
Oswego,Volney 2,5th Judicial Delegates,,DEM,Bailey Lovenguth,1
Oswego,Volney 2,5th Judicial Delegates,,DEM,Christine Weisenburger,6
Oswego,Volney 2,5th Judicial Delegates,,DEM,Elizabeth R. Passer,7
Oswego,Volney 2,5th Judicial Delegates,,DEM,James Cannon,1
Oswego,Volney 2,5th Judicial Delegates,,DEM,Julienne Dean,1
Oswego,Volney 2,5th Judicial Delegates,,DEM,Juniper Mae Dunlap,3
Oswego,Volney 2,5th Judicial Delegates,,DEM,Mary Regan Benson,5
Oswego,Volney 2,5th Judicial Delegates,,DEM,Michael Dineen,1
Oswego,Volney 2,5th Judicial Delegates,,DEM,Michelle Newvine,6
Oswego,Volney 2,5th Judicial Delegates,,DEM,Mona Heck,6
Oswego,Volney 2,5th Judicial Delegates,,DEM,Patrick Dunlap,1
Oswego,Volney 2,5th Judicial Delegates,,DEM,Stephanie McHugh-Edwards,4
Oswego,Volney 2,5th Judicial Delegates,,,Under Votes,14
Oswego,Volney 2,Comptroller,,DEM,Drew Warshaw,1
Oswego,Volney 2,Comptroller,,DEM,Thomas P. DiNapoli,7
Oswego,Volney 2,State Assembly,120,DEM,Jim Cannon,1
Oswego,Volney 2,State Assembly,120,DEM,Timothy C. Allers,7
Oswego,Volney 2,State Committee,120,DEM,Brien Connolly,3
Oswego,Volney 2,State Committee,120,DEM,Elizabeth Passer,8
Oswego,Volney 2,State Committee,120,DEM,Shannon Masters,4
Oswego,Volney 2,State Committee,120,,Under Votes,1
Oswego,Volney 2,U.S. House,24,DEM,Alissa J. Ellman,6
Oswego,Volney 2,U.S. House,24,DEM,Diana K. Kastenbaum,2
Oswego,Volney 3,Ballots Cast,,,,32
Oswego,Volney 3,5th Judicial Alternates,,DEM,Amy Connolly,13
Oswego,Volney 3,5th Judicial Alternates,,DEM,Amy Venskus,14
Oswego,Volney 3,5th Judicial Alternates,,DEM,Barbara Kickbush,17
Oswego,Volney 3,5th Judicial Alternates,,DEM,David Passer,3
Oswego,Volney 3,5th Judicial Alternates,,DEM,Deborah Chambers,17
Oswego,Volney 3,5th Judicial Alternates,,DEM,Diane Zeller,11
Oswego,Volney 3,5th Judicial Alternates,,DEM,Jace E. Dunlap,4
Oswego,Volney 3,5th Judicial Alternates,,DEM,Kathleen Mantaro,20
Oswego,Volney 3,5th Judicial Alternates,,DEM,Marianne Hart,15
Oswego,Volney 3,5th Judicial Alternates,,DEM,Randy Anthony Ladd,5
Oswego,Volney 3,5th Judicial Alternates,,DEM,Ryan Taylor,15
Oswego,Volney 3,5th Judicial Alternates,,DEM,Thomas Rinefierd,13
Oswego,Volney 3,5th Judicial Alternates,,,Under Votes,77
Oswego,Volney 3,5th Judicial Delegates,,DEM,Bailey Lovenguth,3
Oswego,Volney 3,5th Judicial Delegates,,DEM,Christine Weisenburger,15
Oswego,Volney 3,5th Judicial Delegates,,DEM,Elizabeth R. Passer,17
Oswego,Volney 3,5th Judicial Delegates,,DEM,James Cannon,13
Oswego,Volney 3,5th Judicial Delegates,,DEM,Joseph Hart,13
Oswego,Volney 3,5th Judicial Delegates,,DEM,Julienne Dean,13
Oswego,Volney 3,5th Judicial Delegates,,DEM,Juniper Mae Dunlap,7
Oswego,Volney 3,5th Judicial Delegates,,DEM,Mary Regan Benson,15
Oswego,Volney 3,5th Judicial Delegates,,DEM,Michael Dineen,7
Oswego,Volney 3,5th Judicial Delegates,,DEM,Michelle Newvine,11
Oswego,Volney 3,5th Judicial Delegates,,DEM,Mona Heck,7
Oswego,Volney 3,5th Judicial Delegates,,DEM,Patrick Dunlap,9
Oswego,Volney 3,5th Judicial Delegates,,DEM,Stephanie McHugh-Edwards,13
Oswego,Volney 3,5th Judicial Delegates,,,Under Votes,81
Oswego,Volney 3,Comptroller,,DEM,Drew Warshaw,4
Oswego,Volney 3,Comptroller,,DEM,Raj Goyle,1
Oswego,Volney 3,Comptroller,,DEM,Thomas P. DiNapoli,24
Oswego,Volney 3,Comptroller,,,Under Votes,3
Oswego,Volney 3,State Assembly,120,DEM,Jim Cannon,19
Oswego,Volney 3,State Assembly,120,DEM,Timothy C. Allers,11
Oswego,Volney 3,State Assembly,120,,Under Votes,2
Oswego,Volney 3,State Committee,120,DEM,Brien Connolly,4
Oswego,Volney 3,State Committee,120,DEM,Elizabeth Passer,11
Oswego,Volney 3,State Committee,120,DEM,Jordan Harcleroad,12
Oswego,Volney 3,State Committee,120,DEM,Shannon Masters,21
Oswego,Volney 3,State Committee,120,,Under Votes,16
Oswego,Volney 3,U.S. House,24,DEM,Alissa J. Ellman,20
Oswego,Volney 3,U.S. House,24,DEM,Diana K. Kastenbaum,10
Oswego,Volney 3,U.S. House,24,,Under Votes,2
Oswego,Volney 4,Ballots Cast,,,,20
Oswego,Volney 4,5th Judicial Alternates,,DEM,Amy Connolly,13
Oswego,Volney 4,5th Judicial Alternates,,DEM,Amy Venskus,10
Oswego,Volney 4,5th Judicial Alternates,,DEM,Barbara Kickbush,11
Oswego,Volney 4,5th Judicial Alternates,,DEM,David Passer,6
Oswego,Volney 4,5th Judicial Alternates,,DEM,Deborah Chambers,11
Oswego,Volney 4,5th Judicial Alternates,,DEM,Diane Zeller,8
Oswego,Volney 4,5th Judicial Alternates,,DEM,Jace E. Dunlap,2
Oswego,Volney 4,5th Judicial Alternates,,DEM,Kathleen Mantaro,14
Oswego,Volney 4,5th Judicial Alternates,,DEM,Marianne Hart,12
Oswego,Volney 4,5th Judicial Alternates,,DEM,Randy Anthony Ladd,4
Oswego,Volney 4,5th Judicial Alternates,,DEM,Ryan Taylor,8
Oswego,Volney 4,5th Judicial Alternates,,DEM,Thomas Rinefierd,6
Oswego,Volney 4,5th Judicial Alternates,,,Under Votes,35
Oswego,Volney 4,5th Judicial Delegates,,DEM,Bailey Lovenguth,4
Oswego,Volney 4,5th Judicial Delegates,,DEM,Christine Weisenburger,11
Oswego,Volney 4,5th Judicial Delegates,,DEM,Elizabeth R. Passer,13
Oswego,Volney 4,5th Judicial Delegates,,DEM,James Cannon,9
Oswego,Volney 4,5th Judicial Delegates,,DEM,Joseph Hart,4
Oswego,Volney 4,5th Judicial Delegates,,DEM,Julienne Dean,13
Oswego,Volney 4,5th Judicial Delegates,,DEM,Juniper Mae Dunlap,10
Oswego,Volney 4,5th Judicial Delegates,,DEM,Mary Regan Benson,12
Oswego,Volney 4,5th Judicial Delegates,,DEM,Michael Dineen,3
Oswego,Volney 4,5th Judicial Delegates,,DEM,Michelle Newvine,11
Oswego,Volney 4,5th Judicial Delegates,,DEM,Mona Heck,8
Oswego,Volney 4,5th Judicial Delegates,,DEM,Patrick Dunlap,6
Oswego,Volney 4,5th Judicial Delegates,,DEM,Stephanie McHugh-Edwards,9
Oswego,Volney 4,5th Judicial Delegates,,,Under Votes,27
Oswego,Volney 4,Comptroller,,DEM,Drew Warshaw,2
Oswego,Volney 4,Comptroller,,DEM,Thomas P. DiNapoli,18
Oswego,Volney 4,State Assembly,120,DEM,Jim Cannon,9
Oswego,Volney 4,State Assembly,120,DEM,Timothy C. Allers,9
Oswego,Volney 4,State Assembly,120,,Under Votes,2
Oswego,Volney 4,State Committee,120,DEM,Brien Connolly,8
Oswego,Volney 4,State Committee,120,DEM,Elizabeth Passer,11
Oswego,Volney 4,State Committee,120,DEM,Jordan Harcleroad,6
Oswego,Volney 4,State Committee,120,DEM,Shannon Masters,11
Oswego,Volney 4,State Committee,120,,Under Votes,4
Oswego,Volney 4,U.S. House,24,DEM,Alissa J. Ellman,12
Oswego,Volney 4,U.S. House,24,DEM,Diana K. Kastenbaum,7
Oswego,Volney 4,U.S. House,24,,Under Votes,1
Oswego,Volney 5,Ballots Cast,,,,4
Oswego,Volney 5,5th Judicial Alternates,,DEM,Amy Connolly,2
Oswego,Volney 5,5th Judicial Alternates,,DEM,Amy Venskus,1
Oswego,Volney 5,5th Judicial Alternates,,DEM,Barbara Kickbush,1
Oswego,Volney 5,5th Judicial Alternates,,DEM,David Passer,1
Oswego,Volney 5,5th Judicial Alternates,,DEM,Deborah Chambers,1
Oswego,Volney 5,5th Judicial Alternates,,DEM,Diane Zeller,2
Oswego,Volney 5,5th Judicial Alternates,,DEM,Jace E. Dunlap,1
Oswego,Volney 5,5th Judicial Alternates,,DEM,Kathleen Mantaro,2
Oswego,Volney 5,5th Judicial Alternates,,DEM,Marianne Hart,2
Oswego,Volney 5,5th Judicial Alternates,,DEM,Ryan Taylor,1
Oswego,Volney 5,5th Judicial Alternates,,DEM,Write-in,1
Oswego,Volney 5,5th Judicial Alternates,,,Under Votes,13
Oswego,Volney 5,5th Judicial Delegates,,DEM,Christine Weisenburger,1
Oswego,Volney 5,5th Judicial Delegates,,DEM,Elizabeth R. Passer,2
Oswego,Volney 5,5th Judicial Delegates,,DEM,James Cannon,1
Oswego,Volney 5,5th Judicial Delegates,,DEM,Joseph Hart,1
Oswego,Volney 5,5th Judicial Delegates,,DEM,Julienne Dean,2
Oswego,Volney 5,5th Judicial Delegates,,DEM,Juniper Mae Dunlap,1
Oswego,Volney 5,5th Judicial Delegates,,DEM,Mary Regan Benson,1
Oswego,Volney 5,5th Judicial Delegates,,DEM,Michael Dineen,1
Oswego,Volney 5,5th Judicial Delegates,,DEM,Michelle Newvine,1
Oswego,Volney 5,5th Judicial Delegates,,DEM,Mona Heck,1
Oswego,Volney 5,5th Judicial Delegates,,DEM,Patrick Dunlap,1
Oswego,Volney 5,5th Judicial Delegates,,DEM,Stephanie McHugh-Edwards,3
Oswego,Volney 5,5th Judicial Delegates,,,Under Votes,12
Oswego,Volney 5,Comptroller,,DEM,Thomas P. DiNapoli,4
Oswego,Volney 5,State Assembly,120,DEM,Jim Cannon,1
Oswego,Volney 5,State Assembly,120,DEM,Timothy C. Allers,2
Oswego,Volney 5,State Assembly,120,,Under Votes,1
Oswego,Volney 5,State Committee,120,DEM,Brien Connolly,2
Oswego,Volney 5,State Committee,120,DEM,Elizabeth Passer,2
Oswego,Volney 5,State Committee,120,DEM,Jordan Harcleroad,1
Oswego,Volney 5,State Committee,120,DEM,Shannon Masters,2
Oswego,Volney 5,State Committee,120,,Under Votes,1
Oswego,Volney 5,U.S. House,24,DEM,Alissa J. Ellman,3
Oswego,Volney 5,U.S. House,24,DEM,Diana K. Kastenbaum,1
Oswego,West Monroe 1,Ballots Cast,,,,5
Oswego,West Monroe 1,5th Judicial Alternates,,DEM,Amy Connolly,2
Oswego,West Monroe 1,5th Judicial Alternates,,DEM,Amy Venskus,3
Oswego,West Monroe 1,5th Judicial Alternates,,DEM,Barbara Kickbush,3
Oswego,West Monroe 1,5th Judicial Alternates,,DEM,Deborah Chambers,3
Oswego,West Monroe 1,5th Judicial Alternates,,DEM,Diane Zeller,1
Oswego,West Monroe 1,5th Judicial Alternates,,DEM,Kathleen Mantaro,4
Oswego,West Monroe 1,5th Judicial Alternates,,DEM,Marianne Hart,4
Oswego,West Monroe 1,5th Judicial Alternates,,DEM,Randy Anthony Ladd,1
Oswego,West Monroe 1,5th Judicial Alternates,,DEM,Ryan Taylor,2
Oswego,West Monroe 1,5th Judicial Alternates,,DEM,Thomas Rinefierd,2
Oswego,West Monroe 1,5th Judicial Alternates,,,Under Votes,10
Oswego,West Monroe 1,5th Judicial Delegates,,DEM,Christine Weisenburger,3
Oswego,West Monroe 1,5th Judicial Delegates,,DEM,Elizabeth R. Passer,1
Oswego,West Monroe 1,5th Judicial Delegates,,DEM,James Cannon,2
Oswego,West Monroe 1,5th Judicial Delegates,,DEM,Joseph Hart,2
Oswego,West Monroe 1,5th Judicial Delegates,,DEM,Julienne Dean,3
Oswego,West Monroe 1,5th Judicial Delegates,,DEM,Juniper Mae Dunlap,1
Oswego,West Monroe 1,5th Judicial Delegates,,DEM,Mary Regan Benson,2
Oswego,West Monroe 1,5th Judicial Delegates,,DEM,Michael Dineen,2
Oswego,West Monroe 1,5th Judicial Delegates,,DEM,Michelle Newvine,3
Oswego,West Monroe 1,5th Judicial Delegates,,DEM,Mona Heck,1
Oswego,West Monroe 1,5th Judicial Delegates,,DEM,Patrick Dunlap,1
Oswego,West Monroe 1,5th Judicial Delegates,,DEM,Stephanie McHugh-Edwards,1
Oswego,West Monroe 1,5th Judicial Delegates,,,Under Votes,13
Oswego,West Monroe 1,Comptroller,,DEM,Drew Warshaw,1
Oswego,West Monroe 1,Comptroller,,DEM,Raj Goyle,1
Oswego,West Monroe 1,Comptroller,,DEM,Thomas P. DiNapoli,3
Oswego,West Monroe 1,State Assembly,120,DEM,Jim Cannon,2
Oswego,West Monroe 1,State Assembly,120,DEM,Timothy C. Allers,2
Oswego,West Monroe 1,State Assembly,120,,Under Votes,1
Oswego,West Monroe 1,State Committee,120,DEM,Elizabeth Passer,1
Oswego,West Monroe 1,State Committee,120,DEM,Jordan Harcleroad,2
Oswego,West Monroe 1,State Committee,120,DEM,Shannon Masters,4
Oswego,West Monroe 1,State Committee,120,,Under Votes,3
Oswego,West Monroe 1,U.S. House,24,DEM,Alissa J. Ellman,4
Oswego,West Monroe 1,U.S. House,24,,Under Votes,1
Oswego,West Monroe 2,Ballots Cast,,,,18
Oswego,West Monroe 2,5th Judicial Alternates,,DEM,Amy Connolly,9
Oswego,West Monroe 2,5th Judicial Alternates,,DEM,Amy Venskus,9
Oswego,West Monroe 2,5th Judicial Alternates,,DEM,Barbara Kickbush,8
Oswego,West Monroe 2,5th Judicial Alternates,,DEM,David Passer,4
Oswego,West Monroe 2,5th Judicial Alternates,,DEM,Deborah Chambers,10
Oswego,West Monroe 2,5th Judicial Alternates,,DEM,Diane Zeller,7
Oswego,West Monroe 2,5th Judicial Alternates,,DEM,Jace E. Dunlap,2
Oswego,West Monroe 2,5th Judicial Alternates,,DEM,Kathleen Mantaro,10
Oswego,West Monroe 2,5th Judicial Alternates,,DEM,Marianne Hart,9
Oswego,West Monroe 2,5th Judicial Alternates,,DEM,Randy Anthony Ladd,2
Oswego,West Monroe 2,5th Judicial Alternates,,DEM,Ryan Taylor,4
Oswego,West Monroe 2,5th Judicial Alternates,,DEM,Thomas Rinefierd,4
Oswego,West Monroe 2,5th Judicial Alternates,,,Under Votes,48
Oswego,West Monroe 2,5th Judicial Delegates,,DEM,Bailey Lovenguth,4
Oswego,West Monroe 2,5th Judicial Delegates,,DEM,Christine Weisenburger,8
Oswego,West Monroe 2,5th Judicial Delegates,,DEM,Elizabeth R. Passer,7
Oswego,West Monroe 2,5th Judicial Delegates,,DEM,James Cannon,3
Oswego,West Monroe 2,5th Judicial Delegates,,DEM,Joseph Hart,3
Oswego,West Monroe 2,5th Judicial Delegates,,DEM,Julienne Dean,6
Oswego,West Monroe 2,5th Judicial Delegates,,DEM,Juniper Mae Dunlap,4
Oswego,West Monroe 2,5th Judicial Delegates,,DEM,Mary Regan Benson,9
Oswego,West Monroe 2,5th Judicial Delegates,,DEM,Michael Dineen,3
Oswego,West Monroe 2,5th Judicial Delegates,,DEM,Michelle Newvine,8
Oswego,West Monroe 2,5th Judicial Delegates,,DEM,Mona Heck,6
Oswego,West Monroe 2,5th Judicial Delegates,,DEM,Patrick Dunlap,4
Oswego,West Monroe 2,5th Judicial Delegates,,DEM,Stephanie McHugh-Edwards,9
Oswego,West Monroe 2,5th Judicial Delegates,,,Under Votes,52
Oswego,West Monroe 2,Comptroller,,DEM,Drew Warshaw,2
Oswego,West Monroe 2,Comptroller,,DEM,Raj Goyle,1
Oswego,West Monroe 2,Comptroller,,DEM,Thomas P. DiNapoli,13
Oswego,West Monroe 2,Comptroller,,DEM,Write-in,1
Oswego,West Monroe 2,Comptroller,,,Under Votes,1
Oswego,West Monroe 2,State Assembly,120,DEM,Jim Cannon,5
Oswego,West Monroe 2,State Assembly,120,DEM,Timothy C. Allers,12
Oswego,West Monroe 2,State Assembly,120,,Under Votes,1
Oswego,West Monroe 2,State Committee,120,DEM,Brien Connolly,5
Oswego,West Monroe 2,State Committee,120,DEM,Elizabeth Passer,9
Oswego,West Monroe 2,State Committee,120,DEM,Jordan Harcleroad,6
Oswego,West Monroe 2,State Committee,120,DEM,Shannon Masters,16
Oswego,West Monroe 2,U.S. House,24,DEM,Alissa J. Ellman,14
Oswego,West Monroe 2,U.S. House,24,DEM,Diana K. Kastenbaum,3
Oswego,West Monroe 2,U.S. House,24,DEM,Write-in,1
Oswego,West Monroe 3,Ballots Cast,,,,21
Oswego,West Monroe 3,5th Judicial Alternates,,DEM,Amy Connolly,11
Oswego,West Monroe 3,5th Judicial Alternates,,DEM,Amy Venskus,12
Oswego,West Monroe 3,5th Judicial Alternates,,DEM,Barbara Kickbush,9
Oswego,West Monroe 3,5th Judicial Alternates,,DEM,David Passer,6
Oswego,West Monroe 3,5th Judicial Alternates,,DEM,Deborah Chambers,11
Oswego,West Monroe 3,5th Judicial Alternates,,DEM,Diane Zeller,8
Oswego,West Monroe 3,5th Judicial Alternates,,DEM,Jace E. Dunlap,9
Oswego,West Monroe 3,5th Judicial Alternates,,DEM,Kathleen Mantaro,8
Oswego,West Monroe 3,5th Judicial Alternates,,DEM,Marianne Hart,13
Oswego,West Monroe 3,5th Judicial Alternates,,DEM,Randy Anthony Ladd,8
Oswego,West Monroe 3,5th Judicial Alternates,,DEM,Ryan Taylor,9
Oswego,West Monroe 3,5th Judicial Alternates,,DEM,Thomas Rinefierd,5
Oswego,West Monroe 3,5th Judicial Alternates,,DEM,Write-in,3
Oswego,West Monroe 3,5th Judicial Alternates,,,Under Votes,35
Oswego,West Monroe 3,5th Judicial Delegates,,DEM,Bailey Lovenguth,8
Oswego,West Monroe 3,5th Judicial Delegates,,DEM,Christine Weisenburger,11
Oswego,West Monroe 3,5th Judicial Delegates,,DEM,Elizabeth R. Passer,14
Oswego,West Monroe 3,5th Judicial Delegates,,DEM,James Cannon,6
Oswego,West Monroe 3,5th Judicial Delegates,,DEM,Joseph Hart,6
Oswego,West Monroe 3,5th Judicial Delegates,,DEM,Julienne Dean,8
Oswego,West Monroe 3,5th Judicial Delegates,,DEM,Juniper Mae Dunlap,8
Oswego,West Monroe 3,5th Judicial Delegates,,DEM,Mary Regan Benson,11
Oswego,West Monroe 3,5th Judicial Delegates,,DEM,Michael Dineen,5
Oswego,West Monroe 3,5th Judicial Delegates,,DEM,Michelle Newvine,8
Oswego,West Monroe 3,5th Judicial Delegates,,DEM,Mona Heck,10
Oswego,West Monroe 3,5th Judicial Delegates,,DEM,Patrick Dunlap,6
Oswego,West Monroe 3,5th Judicial Delegates,,DEM,Stephanie McHugh-Edwards,8
Oswego,West Monroe 3,5th Judicial Delegates,,,Under Votes,38
Oswego,West Monroe 3,Comptroller,,DEM,Drew Warshaw,1
Oswego,West Monroe 3,Comptroller,,DEM,Raj Goyle,7
Oswego,West Monroe 3,Comptroller,,DEM,Thomas P. DiNapoli,10
Oswego,West Monroe 3,Comptroller,,,Over Votes,1
Oswego,West Monroe 3,Comptroller,,,Under Votes,2
Oswego,West Monroe 3,State Assembly,120,DEM,Jim Cannon,9
Oswego,West Monroe 3,State Assembly,120,DEM,Timothy C. Allers,11
Oswego,West Monroe 3,State Assembly,120,DEM,Write-in,1
Oswego,West Monroe 3,State Committee,120,DEM,Brien Connolly,7
Oswego,West Monroe 3,State Committee,120,DEM,Elizabeth Passer,9
Oswego,West Monroe 3,State Committee,120,DEM,Jordan Harcleroad,3
Oswego,West Monroe 3,State Committee,120,DEM,Shannon Masters,14
Oswego,West Monroe 3,State Committee,120,DEM,Write-in,2
Oswego,West Monroe 3,State Committee,120,,Under Votes,7
Oswego,West Monroe 3,U.S. House,24,DEM,Alissa J. Ellman,14
Oswego,West Monroe 3,U.S. House,24,DEM,Diana K. Kastenbaum,4
Oswego,West Monroe 3,U.S. House,24,,Over Votes,1
Oswego,West Monroe 3,U.S. House,24,,Under Votes,2
Oswego,Williamstown 1,Ballots Cast,,,,7
Oswego,Williamstown 1,5th Judicial Alternates,,DEM,Amy Connolly,5
Oswego,Williamstown 1,5th Judicial Alternates,,DEM,Amy Venskus,2
Oswego,Williamstown 1,5th Judicial Alternates,,DEM,Barbara Kickbush,1
Oswego,Williamstown 1,5th Judicial Alternates,,DEM,David Passer,2
Oswego,Williamstown 1,5th Judicial Alternates,,DEM,Deborah Chambers,5
Oswego,Williamstown 1,5th Judicial Alternates,,DEM,Diane Zeller,3
Oswego,Williamstown 1,5th Judicial Alternates,,DEM,Jace E. Dunlap,1
Oswego,Williamstown 1,5th Judicial Alternates,,DEM,Kathleen Mantaro,4
Oswego,Williamstown 1,5th Judicial Alternates,,DEM,Marianne Hart,3
Oswego,Williamstown 1,5th Judicial Alternates,,DEM,Randy Anthony Ladd,1
Oswego,Williamstown 1,5th Judicial Alternates,,DEM,Ryan Taylor,3
Oswego,Williamstown 1,5th Judicial Alternates,,DEM,Thomas Rinefierd,2
Oswego,Williamstown 1,5th Judicial Alternates,,,Under Votes,17
Oswego,Williamstown 1,5th Judicial Delegates,,DEM,Bailey Lovenguth,3
Oswego,Williamstown 1,5th Judicial Delegates,,DEM,Christine Weisenburger,4
Oswego,Williamstown 1,5th Judicial Delegates,,DEM,Elizabeth R. Passer,3
Oswego,Williamstown 1,5th Judicial Delegates,,DEM,James Cannon,3
Oswego,Williamstown 1,5th Judicial Delegates,,DEM,Joseph Hart,1
Oswego,Williamstown 1,5th Judicial Delegates,,DEM,Julienne Dean,2
Oswego,Williamstown 1,5th Judicial Delegates,,DEM,Juniper Mae Dunlap,1
Oswego,Williamstown 1,5th Judicial Delegates,,DEM,Mary Regan Benson,1
Oswego,Williamstown 1,5th Judicial Delegates,,DEM,Michelle Newvine,2
Oswego,Williamstown 1,5th Judicial Delegates,,DEM,Mona Heck,2
Oswego,Williamstown 1,5th Judicial Delegates,,DEM,Patrick Dunlap,2
Oswego,Williamstown 1,5th Judicial Delegates,,DEM,Stephanie McHugh-Edwards,2
Oswego,Williamstown 1,5th Judicial Delegates,,,Under Votes,23
Oswego,Williamstown 1,Comptroller,,DEM,Drew Warshaw,2
Oswego,Williamstown 1,Comptroller,,DEM,Thomas P. DiNapoli,5
Oswego,Williamstown 1,State Assembly,120,DEM,Jim Cannon,3
Oswego,Williamstown 1,State Assembly,120,DEM,Timothy C. Allers,4
Oswego,Williamstown 1,State Committee,120,DEM,Brien Connolly,2
Oswego,Williamstown 1,State Committee,120,DEM,Elizabeth Passer,3
Oswego,Williamstown 1,State Committee,120,DEM,Jordan Harcleroad,1
Oswego,Williamstown 1,State Committee,120,DEM,Shannon Masters,6
Oswego,Williamstown 1,State Committee,120,,Under Votes,2
Oswego,Williamstown 1,U.S. House,24,DEM,Alissa J. Ellman,3
Oswego,Williamstown 1,U.S. House,24,DEM,Diana K. Kastenbaum,4
Oswego,Oswego 1 1,Ballots Cast,,,,66
Oswego,Oswego 1 1,5th Judicial Alternates,,DEM,Amy Connolly,29
Oswego,Oswego 1 1,5th Judicial Alternates,,DEM,Amy Venskus,38
Oswego,Oswego 1 1,5th Judicial Alternates,,DEM,Barbara Kickbush,36
Oswego,Oswego 1 1,5th Judicial Alternates,,DEM,David Passer,10
Oswego,Oswego 1 1,5th Judicial Alternates,,DEM,Deborah Chambers,40
Oswego,Oswego 1 1,5th Judicial Alternates,,DEM,Diane Zeller,31
Oswego,Oswego 1 1,5th Judicial Alternates,,DEM,Jace E. Dunlap,8
Oswego,Oswego 1 1,5th Judicial Alternates,,DEM,Kathleen Mantaro,48
Oswego,Oswego 1 1,5th Judicial Alternates,,DEM,Marianne Hart,39
Oswego,Oswego 1 1,5th Judicial Alternates,,DEM,Randy Anthony Ladd,8
Oswego,Oswego 1 1,5th Judicial Alternates,,DEM,Ryan Taylor,25
Oswego,Oswego 1 1,5th Judicial Alternates,,DEM,Thomas Rinefierd,18
Oswego,Oswego 1 1,5th Judicial Alternates,,DEM,Write-in,1
Oswego,Oswego 1 1,5th Judicial Alternates,,,Under Votes,131
Oswego,Oswego 1 1,5th Judicial Delegates,,DEM,Bailey Lovenguth,15
Oswego,Oswego 1 1,5th Judicial Delegates,,DEM,Christine Weisenburger,47
Oswego,Oswego 1 1,5th Judicial Delegates,,DEM,Elizabeth R. Passer,33
Oswego,Oswego 1 1,5th Judicial Delegates,,DEM,James Cannon,31
Oswego,Oswego 1 1,5th Judicial Delegates,,DEM,Joseph Hart,18
Oswego,Oswego 1 1,5th Judicial Delegates,,DEM,Julienne Dean,27
Oswego,Oswego 1 1,5th Judicial Delegates,,DEM,Juniper Mae Dunlap,27
Oswego,Oswego 1 1,5th Judicial Delegates,,DEM,Mary Regan Benson,28
Oswego,Oswego 1 1,5th Judicial Delegates,,DEM,Michael Dineen,19
Oswego,Oswego 1 1,5th Judicial Delegates,,DEM,Michelle Newvine,37
Oswego,Oswego 1 1,5th Judicial Delegates,,DEM,Mona Heck,26
Oswego,Oswego 1 1,5th Judicial Delegates,,DEM,Patrick Dunlap,17
Oswego,Oswego 1 1,5th Judicial Delegates,,DEM,Stephanie McHugh-Edwards,33
Oswego,Oswego 1 1,5th Judicial Delegates,,,Under Votes,104
Oswego,Oswego 1 1,Comptroller,,DEM,Drew Warshaw,7
Oswego,Oswego 1 1,Comptroller,,DEM,Raj Goyle,8
Oswego,Oswego 1 1,Comptroller,,DEM,Thomas P. DiNapoli,45
Oswego,Oswego 1 1,Comptroller,,,Under Votes,6
Oswego,Oswego 1 1,State Assembly,120,DEM,Jim Cannon,39
Oswego,Oswego 1 1,State Assembly,120,DEM,Timothy C. Allers,24
Oswego,Oswego 1 1,State Assembly,120,,Under Votes,3
Oswego,Oswego 1 1,State Committee,120,DEM,Brien Connolly,15
Oswego,Oswego 1 1,State Committee,120,DEM,Elizabeth Passer,26
Oswego,Oswego 1 1,State Committee,120,DEM,Jordan Harcleroad,30
Oswego,Oswego 1 1,State Committee,120,DEM,Shannon Masters,47
Oswego,Oswego 1 1,State Committee,120,,Under Votes,14
Oswego,Oswego 1 1,U.S. House,24,DEM,Alissa J. Ellman,46
Oswego,Oswego 1 1,U.S. House,24,DEM,Diana K. Kastenbaum,17
Oswego,Oswego 1 1,U.S. House,24,,Under Votes,3
Oswego,Oswego 1 2,Ballots Cast,,,,2
Oswego,Oswego 1 2,5th Judicial Alternates,,DEM,Amy Venskus,2
Oswego,Oswego 1 2,5th Judicial Alternates,,DEM,Barbara Kickbush,1
Oswego,Oswego 1 2,5th Judicial Alternates,,DEM,Deborah Chambers,2
Oswego,Oswego 1 2,5th Judicial Alternates,,DEM,Jace E. Dunlap,1
Oswego,Oswego 1 2,5th Judicial Alternates,,DEM,Kathleen Mantaro,2
Oswego,Oswego 1 2,5th Judicial Alternates,,DEM,Marianne Hart,2
Oswego,Oswego 1 2,5th Judicial Alternates,,DEM,Randy Anthony Ladd,1
Oswego,Oswego 1 2,5th Judicial Alternates,,DEM,Ryan Taylor,2
Oswego,Oswego 1 2,5th Judicial Alternates,,DEM,Thomas Rinefierd,1
Oswego,Oswego 1 2,5th Judicial Delegates,,DEM,Bailey Lovenguth,1
Oswego,Oswego 1 2,5th Judicial Delegates,,DEM,Christine Weisenburger,2
Oswego,Oswego 1 2,5th Judicial Delegates,,DEM,Elizabeth R. Passer,1
Oswego,Oswego 1 2,5th Judicial Delegates,,DEM,James Cannon,1
Oswego,Oswego 1 2,5th Judicial Delegates,,DEM,Joseph Hart,1
Oswego,Oswego 1 2,5th Judicial Delegates,,DEM,Julienne Dean,1
Oswego,Oswego 1 2,5th Judicial Delegates,,DEM,Mary Regan Benson,2
Oswego,Oswego 1 2,5th Judicial Delegates,,DEM,Michael Dineen,2
Oswego,Oswego 1 2,5th Judicial Delegates,,DEM,Michelle Newvine,2
Oswego,Oswego 1 2,5th Judicial Delegates,,DEM,Stephanie McHugh-Edwards,1
Oswego,Oswego 1 2,Comptroller,,DEM,Thomas P. DiNapoli,2
Oswego,Oswego 1 2,State Assembly,120,DEM,Jim Cannon,1
Oswego,Oswego 1 2,State Assembly,120,DEM,Timothy C. Allers,1
Oswego,Oswego 1 2,State Committee,120,DEM,Brien Connolly,1
Oswego,Oswego 1 2,State Committee,120,DEM,Elizabeth Passer,1
Oswego,Oswego 1 2,State Committee,120,DEM,Jordan Harcleroad,1
Oswego,Oswego 1 2,State Committee,120,DEM,Shannon Masters,1
Oswego,Oswego 1 2,U.S. House,24,DEM,Alissa J. Ellman,1
Oswego,Oswego 1 2,U.S. House,24,DEM,Diana K. Kastenbaum,1
Oswego,Oswego 2 1,Ballots Cast,,,,10
Oswego,Oswego 2 1,5th Judicial Alternates,,DEM,Amy Connolly,4
Oswego,Oswego 2 1,5th Judicial Alternates,,DEM,Amy Venskus,6
Oswego,Oswego 2 1,5th Judicial Alternates,,DEM,Barbara Kickbush,6
Oswego,Oswego 2 1,5th Judicial Alternates,,DEM,David Passer,1
Oswego,Oswego 2 1,5th Judicial Alternates,,DEM,Deborah Chambers,8
Oswego,Oswego 2 1,5th Judicial Alternates,,DEM,Diane Zeller,5
Oswego,Oswego 2 1,5th Judicial Alternates,,DEM,Kathleen Mantaro,7
Oswego,Oswego 2 1,5th Judicial Alternates,,DEM,Marianne Hart,5
Oswego,Oswego 2 1,5th Judicial Alternates,,DEM,Randy Anthony Ladd,2
Oswego,Oswego 2 1,5th Judicial Alternates,,DEM,Ryan Taylor,6
Oswego,Oswego 2 1,5th Judicial Alternates,,DEM,Thomas Rinefierd,4
Oswego,Oswego 2 1,5th Judicial Alternates,,,Under Votes,16
Oswego,Oswego 2 1,5th Judicial Delegates,,DEM,Bailey Lovenguth,3
Oswego,Oswego 2 1,5th Judicial Delegates,,DEM,Christine Weisenburger,7
Oswego,Oswego 2 1,5th Judicial Delegates,,DEM,Elizabeth R. Passer,4
Oswego,Oswego 2 1,5th Judicial Delegates,,DEM,James Cannon,7
Oswego,Oswego 2 1,5th Judicial Delegates,,DEM,Joseph Hart,6
Oswego,Oswego 2 1,5th Judicial Delegates,,DEM,Julienne Dean,6
Oswego,Oswego 2 1,5th Judicial Delegates,,DEM,Juniper Mae Dunlap,3
Oswego,Oswego 2 1,5th Judicial Delegates,,DEM,Mary Regan Benson,6
Oswego,Oswego 2 1,5th Judicial Delegates,,DEM,Michael Dineen,4
Oswego,Oswego 2 1,5th Judicial Delegates,,DEM,Michelle Newvine,6
Oswego,Oswego 2 1,5th Judicial Delegates,,DEM,Mona Heck,3
Oswego,Oswego 2 1,5th Judicial Delegates,,DEM,Patrick Dunlap,1
Oswego,Oswego 2 1,5th Judicial Delegates,,DEM,Stephanie McHugh-Edwards,4
Oswego,Oswego 2 1,5th Judicial Delegates,,,Under Votes,10
Oswego,Oswego 2 1,Comptroller,,DEM,Drew Warshaw,1
Oswego,Oswego 2 1,Comptroller,,DEM,Thomas P. DiNapoli,8
Oswego,Oswego 2 1,Comptroller,,,Under Votes,1
Oswego,Oswego 2 1,State Assembly,120,DEM,Jim Cannon,7
Oswego,Oswego 2 1,State Assembly,120,DEM,Timothy C. Allers,2
Oswego,Oswego 2 1,State Assembly,120,,Under Votes,1
Oswego,Oswego 2 1,State Committee,120,DEM,Brien Connolly,1
Oswego,Oswego 2 1,State Committee,120,DEM,Elizabeth Passer,3
Oswego,Oswego 2 1,State Committee,120,DEM,Jordan Harcleroad,5
Oswego,Oswego 2 1,State Committee,120,DEM,Shannon Masters,8
Oswego,Oswego 2 1,State Committee,120,,Under Votes,3
Oswego,Oswego 2 1,U.S. House,24,DEM,Alissa J. Ellman,7
Oswego,Oswego 2 1,U.S. House,24,DEM,Diana K. Kastenbaum,2
Oswego,Oswego 2 1,U.S. House,24,,Under Votes,1
Oswego,Oswego 2 2,Ballots Cast,,,,35
Oswego,Oswego 2 2,5th Judicial Alternates,,DEM,Amy Connolly,16
Oswego,Oswego 2 2,5th Judicial Alternates,,DEM,Amy Venskus,18
Oswego,Oswego 2 2,5th Judicial Alternates,,DEM,Barbara Kickbush,17
Oswego,Oswego 2 2,5th Judicial Alternates,,DEM,David Passer,3
Oswego,Oswego 2 2,5th Judicial Alternates,,DEM,Deborah Chambers,20
Oswego,Oswego 2 2,5th Judicial Alternates,,DEM,Diane Zeller,16
Oswego,Oswego 2 2,5th Judicial Alternates,,DEM,Jace E. Dunlap,4
Oswego,Oswego 2 2,5th Judicial Alternates,,DEM,Kathleen Mantaro,24
Oswego,Oswego 2 2,5th Judicial Alternates,,DEM,Marianne Hart,18
Oswego,Oswego 2 2,5th Judicial Alternates,,DEM,Randy Anthony Ladd,7
Oswego,Oswego 2 2,5th Judicial Alternates,,DEM,Ryan Taylor,17
Oswego,Oswego 2 2,5th Judicial Alternates,,DEM,Thomas Rinefierd,8
Oswego,Oswego 2 2,5th Judicial Alternates,,,Under Votes,77
Oswego,Oswego 2 2,5th Judicial Delegates,,DEM,Bailey Lovenguth,9
Oswego,Oswego 2 2,5th Judicial Delegates,,DEM,Christine Weisenburger,26
Oswego,Oswego 2 2,5th Judicial Delegates,,DEM,Elizabeth R. Passer,18
Oswego,Oswego 2 2,5th Judicial Delegates,,DEM,James Cannon,15
Oswego,Oswego 2 2,5th Judicial Delegates,,DEM,Joseph Hart,12
Oswego,Oswego 2 2,5th Judicial Delegates,,DEM,Julienne Dean,15
Oswego,Oswego 2 2,5th Judicial Delegates,,DEM,Juniper Mae Dunlap,11
Oswego,Oswego 2 2,5th Judicial Delegates,,DEM,Mary Regan Benson,20
Oswego,Oswego 2 2,5th Judicial Delegates,,DEM,Michael Dineen,14
Oswego,Oswego 2 2,5th Judicial Delegates,,DEM,Michelle Newvine,16
Oswego,Oswego 2 2,5th Judicial Delegates,,DEM,Mona Heck,13
Oswego,Oswego 2 2,5th Judicial Delegates,,DEM,Patrick Dunlap,7
Oswego,Oswego 2 2,5th Judicial Delegates,,DEM,Stephanie McHugh-Edwards,14
Oswego,Oswego 2 2,5th Judicial Delegates,,,Under Votes,55
Oswego,Oswego 2 2,Comptroller,,DEM,Drew Warshaw,3
Oswego,Oswego 2 2,Comptroller,,DEM,Raj Goyle,5
Oswego,Oswego 2 2,Comptroller,,DEM,Thomas P. DiNapoli,26
Oswego,Oswego 2 2,Comptroller,,,Under Votes,1
Oswego,Oswego 2 2,County Legislator,17,DEM,Diane Zeller,9
Oswego,Oswego 2 2,County Legislator,17,DEM,Dorothy Caldwell,23
Oswego,Oswego 2 2,County Legislator,17,,Under Votes,3
Oswego,Oswego 2 2,State Assembly,120,DEM,Jim Cannon,15
Oswego,Oswego 2 2,State Assembly,120,DEM,Timothy C. Allers,18
Oswego,Oswego 2 2,State Assembly,120,,Under Votes,2
Oswego,Oswego 2 2,State Committee,120,DEM,Brien Connolly,14
Oswego,Oswego 2 2,State Committee,120,DEM,Elizabeth Passer,16
Oswego,Oswego 2 2,State Committee,120,DEM,Jordan Harcleroad,12
Oswego,Oswego 2 2,State Committee,120,DEM,Shannon Masters,20
Oswego,Oswego 2 2,State Committee,120,,Under Votes,8
Oswego,Oswego 2 2,U.S. House,24,DEM,Alissa J. Ellman,21
Oswego,Oswego 2 2,U.S. House,24,DEM,Diana K. Kastenbaum,11
Oswego,Oswego 2 2,U.S. House,24,,Under Votes,3
Oswego,Oswego 3 1,Ballots Cast,,,,44
Oswego,Oswego 3 1,5th Judicial Alternates,,DEM,Amy Connolly,22
Oswego,Oswego 3 1,5th Judicial Alternates,,DEM,Amy Venskus,22
Oswego,Oswego 3 1,5th Judicial Alternates,,DEM,Barbara Kickbush,26
Oswego,Oswego 3 1,5th Judicial Alternates,,DEM,David Passer,6
Oswego,Oswego 3 1,5th Judicial Alternates,,DEM,Deborah Chambers,28
Oswego,Oswego 3 1,5th Judicial Alternates,,DEM,Diane Zeller,23
Oswego,Oswego 3 1,5th Judicial Alternates,,DEM,Jace E. Dunlap,4
Oswego,Oswego 3 1,5th Judicial Alternates,,DEM,Kathleen Mantaro,26
Oswego,Oswego 3 1,5th Judicial Alternates,,DEM,Marianne Hart,27
Oswego,Oswego 3 1,5th Judicial Alternates,,DEM,Randy Anthony Ladd,4
Oswego,Oswego 3 1,5th Judicial Alternates,,DEM,Ryan Taylor,23
Oswego,Oswego 3 1,5th Judicial Alternates,,DEM,Thomas Rinefierd,11
Oswego,Oswego 3 1,5th Judicial Alternates,,,Under Votes,79
Oswego,Oswego 3 1,5th Judicial Delegates,,DEM,Bailey Lovenguth,6
Oswego,Oswego 3 1,5th Judicial Delegates,,DEM,Christine Weisenburger,27
Oswego,Oswego 3 1,5th Judicial Delegates,,DEM,Elizabeth R. Passer,29
Oswego,Oswego 3 1,5th Judicial Delegates,,DEM,James Cannon,11
Oswego,Oswego 3 1,5th Judicial Delegates,,DEM,Joseph Hart,14
Oswego,Oswego 3 1,5th Judicial Delegates,,DEM,Julienne Dean,18
Oswego,Oswego 3 1,5th Judicial Delegates,,DEM,Juniper Mae Dunlap,11
Oswego,Oswego 3 1,5th Judicial Delegates,,DEM,Mary Regan Benson,24
Oswego,Oswego 3 1,5th Judicial Delegates,,DEM,Michael Dineen,6
Oswego,Oswego 3 1,5th Judicial Delegates,,DEM,Michelle Newvine,19
Oswego,Oswego 3 1,5th Judicial Delegates,,DEM,Mona Heck,24
Oswego,Oswego 3 1,5th Judicial Delegates,,DEM,Patrick Dunlap,10
Oswego,Oswego 3 1,5th Judicial Delegates,,DEM,Stephanie McHugh-Edwards,23
Oswego,Oswego 3 1,5th Judicial Delegates,,,Under Votes,79
Oswego,Oswego 3 1,Comptroller,,DEM,Drew Warshaw,4
Oswego,Oswego 3 1,Comptroller,,DEM,Raj Goyle,2
Oswego,Oswego 3 1,Comptroller,,DEM,Thomas P. DiNapoli,35
Oswego,Oswego 3 1,Comptroller,,,Under Votes,2
Oswego,Oswego 3 1,State Assembly,120,DEM,Jim Cannon,17
Oswego,Oswego 3 1,State Assembly,120,DEM,Timothy C. Allers,22
Oswego,Oswego 3 1,State Assembly,120,,Under Votes,4
Oswego,Oswego 3 1,State Committee,120,DEM,Brien Connolly,10
Oswego,Oswego 3 1,State Committee,120,DEM,Elizabeth Passer,21
Oswego,Oswego 3 1,State Committee,120,DEM,Jordan Harcleroad,13
Oswego,Oswego 3 1,State Committee,120,DEM,Shannon Masters,26
Oswego,Oswego 3 1,State Committee,120,,Under Votes,16
Oswego,Oswego 3 1,U.S. House,24,DEM,Alissa J. Ellman,27
Oswego,Oswego 3 1,U.S. House,24,DEM,Diana K. Kastenbaum,14
Oswego,Oswego 3 1,U.S. House,24,,Under Votes,3
Oswego,Oswego 3 2,Ballots Cast,,,,17
Oswego,Oswego 3 2,5th Judicial Alternates,,DEM,Amy Connolly,6
Oswego,Oswego 3 2,5th Judicial Alternates,,DEM,Amy Venskus,7
Oswego,Oswego 3 2,5th Judicial Alternates,,DEM,Barbara Kickbush,6
Oswego,Oswego 3 2,5th Judicial Alternates,,DEM,David Passer,4
Oswego,Oswego 3 2,5th Judicial Alternates,,DEM,Deborah Chambers,8
Oswego,Oswego 3 2,5th Judicial Alternates,,DEM,Diane Zeller,8
Oswego,Oswego 3 2,5th Judicial Alternates,,DEM,Jace E. Dunlap,1
Oswego,Oswego 3 2,5th Judicial Alternates,,DEM,Kathleen Mantaro,11
Oswego,Oswego 3 2,5th Judicial Alternates,,DEM,Marianne Hart,10
Oswego,Oswego 3 2,5th Judicial Alternates,,DEM,Randy Anthony Ladd,4
Oswego,Oswego 3 2,5th Judicial Alternates,,DEM,Ryan Taylor,9
Oswego,Oswego 3 2,5th Judicial Alternates,,DEM,Thomas Rinefierd,7
Oswego,Oswego 3 2,5th Judicial Alternates,,,Under Votes,38
Oswego,Oswego 3 2,5th Judicial Delegates,,DEM,Bailey Lovenguth,4
Oswego,Oswego 3 2,5th Judicial Delegates,,DEM,Christine Weisenburger,9
Oswego,Oswego 3 2,5th Judicial Delegates,,DEM,Elizabeth R. Passer,10
Oswego,Oswego 3 2,5th Judicial Delegates,,DEM,James Cannon,4
Oswego,Oswego 3 2,5th Judicial Delegates,,DEM,Joseph Hart,4
Oswego,Oswego 3 2,5th Judicial Delegates,,DEM,Julienne Dean,5
Oswego,Oswego 3 2,5th Judicial Delegates,,DEM,Juniper Mae Dunlap,6
Oswego,Oswego 3 2,5th Judicial Delegates,,DEM,Mary Regan Benson,7
Oswego,Oswego 3 2,5th Judicial Delegates,,DEM,Michael Dineen,4
Oswego,Oswego 3 2,5th Judicial Delegates,,DEM,Michelle Newvine,9
Oswego,Oswego 3 2,5th Judicial Delegates,,DEM,Mona Heck,7
Oswego,Oswego 3 2,5th Judicial Delegates,,DEM,Patrick Dunlap,5
Oswego,Oswego 3 2,5th Judicial Delegates,,DEM,Stephanie McHugh-Edwards,6
Oswego,Oswego 3 2,5th Judicial Delegates,,,Under Votes,39
Oswego,Oswego 3 2,Comptroller,,DEM,Drew Warshaw,2
Oswego,Oswego 3 2,Comptroller,,DEM,Raj Goyle,2
Oswego,Oswego 3 2,Comptroller,,DEM,Thomas P. DiNapoli,12
Oswego,Oswego 3 2,Comptroller,,,Under Votes,1
Oswego,Oswego 3 2,State Assembly,120,DEM,Jim Cannon,4
Oswego,Oswego 3 2,State Assembly,120,DEM,Timothy C. Allers,10
Oswego,Oswego 3 2,State Assembly,120,,Under Votes,3
Oswego,Oswego 3 2,State Committee,120,DEM,Brien Connolly,4
Oswego,Oswego 3 2,State Committee,120,DEM,Elizabeth Passer,9
Oswego,Oswego 3 2,State Committee,120,DEM,Jordan Harcleroad,3
Oswego,Oswego 3 2,State Committee,120,DEM,Shannon Masters,12
Oswego,Oswego 3 2,State Committee,120,,Under Votes,6
Oswego,Oswego 3 2,U.S. House,24,DEM,Alissa J. Ellman,14
Oswego,Oswego 3 2,U.S. House,24,DEM,Diana K. Kastenbaum,2
Oswego,Oswego 3 2,U.S. House,24,,Under Votes,1
Oswego,Oswego 3 3,Ballots Cast,,,,20
Oswego,Oswego 3 3,5th Judicial Alternates,,DEM,Amy Connolly,14
Oswego,Oswego 3 3,5th Judicial Alternates,,DEM,Amy Venskus,11
Oswego,Oswego 3 3,5th Judicial Alternates,,DEM,Barbara Kickbush,8
Oswego,Oswego 3 3,5th Judicial Alternates,,DEM,David Passer,10
Oswego,Oswego 3 3,5th Judicial Alternates,,DEM,Deborah Chambers,10
Oswego,Oswego 3 3,5th Judicial Alternates,,DEM,Diane Zeller,13
Oswego,Oswego 3 3,5th Judicial Alternates,,DEM,Jace E. Dunlap,4
Oswego,Oswego 3 3,5th Judicial Alternates,,DEM,Kathleen Mantaro,9
Oswego,Oswego 3 3,5th Judicial Alternates,,DEM,Marianne Hart,9
Oswego,Oswego 3 3,5th Judicial Alternates,,DEM,Randy Anthony Ladd,5
Oswego,Oswego 3 3,5th Judicial Alternates,,DEM,Ryan Taylor,4
Oswego,Oswego 3 3,5th Judicial Alternates,,DEM,Thomas Rinefierd,3
Oswego,Oswego 3 3,5th Judicial Alternates,,,Under Votes,33
Oswego,Oswego 3 3,5th Judicial Delegates,,DEM,Bailey Lovenguth,5
Oswego,Oswego 3 3,5th Judicial Delegates,,DEM,Christine Weisenburger,11
Oswego,Oswego 3 3,5th Judicial Delegates,,DEM,Elizabeth R. Passer,16
Oswego,Oswego 3 3,5th Judicial Delegates,,DEM,James Cannon,8
Oswego,Oswego 3 3,5th Judicial Delegates,,DEM,Joseph Hart,2
Oswego,Oswego 3 3,5th Judicial Delegates,,DEM,Julienne Dean,4
Oswego,Oswego 3 3,5th Judicial Delegates,,DEM,Juniper Mae Dunlap,10
Oswego,Oswego 3 3,5th Judicial Delegates,,DEM,Mary Regan Benson,7
Oswego,Oswego 3 3,5th Judicial Delegates,,DEM,Michael Dineen,3
Oswego,Oswego 3 3,5th Judicial Delegates,,DEM,Michelle Newvine,10
Oswego,Oswego 3 3,5th Judicial Delegates,,DEM,Mona Heck,9
Oswego,Oswego 3 3,5th Judicial Delegates,,DEM,Patrick Dunlap,5
Oswego,Oswego 3 3,5th Judicial Delegates,,DEM,Stephanie McHugh-Edwards,7
Oswego,Oswego 3 3,5th Judicial Delegates,,,Under Votes,36
Oswego,Oswego 3 3,Comptroller,,DEM,Drew Warshaw,2
Oswego,Oswego 3 3,Comptroller,,DEM,Raj Goyle,2
Oswego,Oswego 3 3,Comptroller,,DEM,Thomas P. DiNapoli,14
Oswego,Oswego 3 3,Comptroller,,,Under Votes,1
Oswego,Oswego 3 3,State Assembly,120,DEM,Jim Cannon,7
Oswego,Oswego 3 3,State Assembly,120,DEM,Timothy C. Allers,10
Oswego,Oswego 3 3,State Assembly,120,,Under Votes,2
Oswego,Oswego 3 3,State Committee,120,DEM,Brien Connolly,6
Oswego,Oswego 3 3,State Committee,120,DEM,Elizabeth Passer,15
Oswego,Oswego 3 3,State Committee,120,DEM,Jordan Harcleroad,1
Oswego,Oswego 3 3,State Committee,120,DEM,Shannon Masters,8
Oswego,Oswego 3 3,State Committee,120,,Under Votes,8
Oswego,Oswego 3 3,U.S. House,24,DEM,Alissa J. Ellman,11
Oswego,Oswego 3 3,U.S. House,24,DEM,Diana K. Kastenbaum,6
Oswego,Oswego 3 3,U.S. House,24,,Under Votes,3
Oswego,Oswego 3 4,Ballots Cast,,,,1
Oswego,Oswego 3 4,5th Judicial Alternates,,DEM,Amy Venskus,1
Oswego,Oswego 3 4,5th Judicial Alternates,,DEM,Barbara Kickbush,1
Oswego,Oswego 3 4,5th Judicial Alternates,,DEM,David Passer,1
Oswego,Oswego 3 4,5th Judicial Alternates,,DEM,Diane Zeller,1
Oswego,Oswego 3 4,5th Judicial Alternates,,DEM,Jace E. Dunlap,1
Oswego,Oswego 3 4,5th Judicial Alternates,,DEM,Marianne Hart,1
Oswego,Oswego 3 4,5th Judicial Alternates,,DEM,Randy Anthony Ladd,1
Oswego,Oswego 3 4,5th Judicial Delegates,,DEM,James Cannon,1
Oswego,Oswego 3 4,5th Judicial Delegates,,DEM,Juniper Mae Dunlap,1
Oswego,Oswego 3 4,5th Judicial Delegates,,DEM,Mary Regan Benson,1
Oswego,Oswego 3 4,5th Judicial Delegates,,DEM,Michael Dineen,1
Oswego,Oswego 3 4,5th Judicial Delegates,,DEM,Michelle Newvine,1
Oswego,Oswego 3 4,5th Judicial Delegates,,DEM,Mona Heck,1
Oswego,Oswego 3 4,5th Judicial Delegates,,DEM,Stephanie McHugh-Edwards,1
Oswego,Oswego 3 4,Comptroller,,DEM,Raj Goyle,1
Oswego,Oswego 3 4,State Assembly,120,DEM,Jim Cannon,1
Oswego,Oswego 3 4,State Committee,120,DEM,Elizabeth Passer,1
Oswego,Oswego 3 4,State Committee,120,DEM,Shannon Masters,1
Oswego,Oswego 3 4,U.S. House,24,DEM,Alissa J. Ellman,1
Oswego,Oswego 4 1,Ballots Cast,,,,85
Oswego,Oswego 4 1,5th Judicial Alternates,,DEM,Amy Connolly,39
Oswego,Oswego 4 1,5th Judicial Alternates,,DEM,Amy Venskus,45
Oswego,Oswego 4 1,5th Judicial Alternates,,DEM,Barbara Kickbush,44
Oswego,Oswego 4 1,5th Judicial Alternates,,DEM,David Passer,12
Oswego,Oswego 4 1,5th Judicial Alternates,,DEM,Deborah Chambers,53
Oswego,Oswego 4 1,5th Judicial Alternates,,DEM,Diane Zeller,34
Oswego,Oswego 4 1,5th Judicial Alternates,,DEM,Jace E. Dunlap,7
Oswego,Oswego 4 1,5th Judicial Alternates,,DEM,Kathleen Mantaro,63
Oswego,Oswego 4 1,5th Judicial Alternates,,DEM,Marianne Hart,45
Oswego,Oswego 4 1,5th Judicial Alternates,,DEM,Randy Anthony Ladd,11
Oswego,Oswego 4 1,5th Judicial Alternates,,DEM,Ryan Taylor,37
Oswego,Oswego 4 1,5th Judicial Alternates,,DEM,Thomas Rinefierd,25
Oswego,Oswego 4 1,5th Judicial Alternates,,DEM,Write-in,7
Oswego,Oswego 4 1,5th Judicial Alternates,,,Under Votes,173
Oswego,Oswego 4 1,5th Judicial Delegates,,DEM,Bailey Lovenguth,16
Oswego,Oswego 4 1,5th Judicial Delegates,,DEM,Christine Weisenburger,49
Oswego,Oswego 4 1,5th Judicial Delegates,,DEM,Elizabeth R. Passer,48
Oswego,Oswego 4 1,5th Judicial Delegates,,DEM,James Cannon,39
Oswego,Oswego 4 1,5th Judicial Delegates,,DEM,Joseph Hart,31
Oswego,Oswego 4 1,5th Judicial Delegates,,DEM,Julienne Dean,46
Oswego,Oswego 4 1,5th Judicial Delegates,,DEM,Juniper Mae Dunlap,23
Oswego,Oswego 4 1,5th Judicial Delegates,,DEM,Mary Regan Benson,45
Oswego,Oswego 4 1,5th Judicial Delegates,,DEM,Michael Dineen,27
Oswego,Oswego 4 1,5th Judicial Delegates,,DEM,Michelle Newvine,44
Oswego,Oswego 4 1,5th Judicial Delegates,,DEM,Mona Heck,29
Oswego,Oswego 4 1,5th Judicial Delegates,,DEM,Patrick Dunlap,18
Oswego,Oswego 4 1,5th Judicial Delegates,,DEM,Stephanie McHugh-Edwards,34
Oswego,Oswego 4 1,5th Judicial Delegates,,,Under Votes,146
Oswego,Oswego 4 1,Comptroller,,DEM,Drew Warshaw,20
Oswego,Oswego 4 1,Comptroller,,DEM,Raj Goyle,3
Oswego,Oswego 4 1,Comptroller,,DEM,Thomas P. DiNapoli,57
Oswego,Oswego 4 1,Comptroller,,,Under Votes,5
Oswego,Oswego 4 1,County Legislator,17,DEM,Diane Zeller,13
Oswego,Oswego 4 1,County Legislator,17,DEM,Dorothy Caldwell,69
Oswego,Oswego 4 1,County Legislator,17,,Over Votes,1
Oswego,Oswego 4 1,County Legislator,17,,Under Votes,2
Oswego,Oswego 4 1,State Assembly,120,DEM,Jim Cannon,55
Oswego,Oswego 4 1,State Assembly,120,DEM,Timothy C. Allers,22
Oswego,Oswego 4 1,State Assembly,120,,Under Votes,8
Oswego,Oswego 4 1,State Committee,120,DEM,Brien Connolly,17
Oswego,Oswego 4 1,State Committee,120,DEM,Elizabeth Passer,30
Oswego,Oswego 4 1,State Committee,120,DEM,Jordan Harcleroad,39
Oswego,Oswego 4 1,State Committee,120,DEM,Shannon Masters,54
Oswego,Oswego 4 1,State Committee,120,,Under Votes,30
Oswego,Oswego 4 1,U.S. House,24,DEM,Alissa J. Ellman,61
Oswego,Oswego 4 1,U.S. House,24,DEM,Diana K. Kastenbaum,20
Oswego,Oswego 4 1,U.S. House,24,,Under Votes,4
Oswego,Oswego 4 2,Ballots Cast,,,,18
Oswego,Oswego 4 2,5th Judicial Alternates,,DEM,Amy Connolly,13
Oswego,Oswego 4 2,5th Judicial Alternates,,DEM,Amy Venskus,12
Oswego,Oswego 4 2,5th Judicial Alternates,,DEM,Barbara Kickbush,8
Oswego,Oswego 4 2,5th Judicial Alternates,,DEM,David Passer,6
Oswego,Oswego 4 2,5th Judicial Alternates,,DEM,Deborah Chambers,13
Oswego,Oswego 4 2,5th Judicial Alternates,,DEM,Diane Zeller,10
Oswego,Oswego 4 2,5th Judicial Alternates,,DEM,Jace E. Dunlap,3
Oswego,Oswego 4 2,5th Judicial Alternates,,DEM,Kathleen Mantaro,13
Oswego,Oswego 4 2,5th Judicial Alternates,,DEM,Marianne Hart,11
Oswego,Oswego 4 2,5th Judicial Alternates,,DEM,Randy Anthony Ladd,2
Oswego,Oswego 4 2,5th Judicial Alternates,,DEM,Ryan Taylor,5
Oswego,Oswego 4 2,5th Judicial Alternates,,DEM,Thomas Rinefierd,2
Oswego,Oswego 4 2,5th Judicial Alternates,,DEM,Write-in,1
Oswego,Oswego 4 2,5th Judicial Alternates,,,Under Votes,27
Oswego,Oswego 4 2,5th Judicial Delegates,,DEM,Bailey Lovenguth,7
Oswego,Oswego 4 2,5th Judicial Delegates,,DEM,Christine Weisenburger,9
Oswego,Oswego 4 2,5th Judicial Delegates,,DEM,Elizabeth R. Passer,13
Oswego,Oswego 4 2,5th Judicial Delegates,,DEM,James Cannon,10
Oswego,Oswego 4 2,5th Judicial Delegates,,DEM,Joseph Hart,6
Oswego,Oswego 4 2,5th Judicial Delegates,,DEM,Julienne Dean,9
Oswego,Oswego 4 2,5th Judicial Delegates,,DEM,Juniper Mae Dunlap,7
Oswego,Oswego 4 2,5th Judicial Delegates,,DEM,Mary Regan Benson,9
Oswego,Oswego 4 2,5th Judicial Delegates,,DEM,Michael Dineen,3
Oswego,Oswego 4 2,5th Judicial Delegates,,DEM,Michelle Newvine,11
Oswego,Oswego 4 2,5th Judicial Delegates,,DEM,Mona Heck,8
Oswego,Oswego 4 2,5th Judicial Delegates,,DEM,Patrick Dunlap,3
Oswego,Oswego 4 2,5th Judicial Delegates,,DEM,Stephanie McHugh-Edwards,11
Oswego,Oswego 4 2,5th Judicial Delegates,,,Under Votes,20
Oswego,Oswego 4 2,Comptroller,,DEM,Drew Warshaw,1
Oswego,Oswego 4 2,Comptroller,,DEM,Raj Goyle,1
Oswego,Oswego 4 2,Comptroller,,DEM,Thomas P. DiNapoli,16
Oswego,Oswego 4 2,State Assembly,120,DEM,Jim Cannon,11
Oswego,Oswego 4 2,State Assembly,120,DEM,Timothy C. Allers,6
Oswego,Oswego 4 2,State Assembly,120,,Under Votes,1
Oswego,Oswego 4 2,State Committee,120,DEM,Brien Connolly,4
Oswego,Oswego 4 2,State Committee,120,DEM,Elizabeth Passer,9
Oswego,Oswego 4 2,State Committee,120,DEM,Jordan Harcleroad,7
Oswego,Oswego 4 2,State Committee,120,DEM,Shannon Masters,14
Oswego,Oswego 4 2,State Committee,120,,Under Votes,2
Oswego,Oswego 4 2,U.S. House,24,DEM,Alissa J. Ellman,12
Oswego,Oswego 4 2,U.S. House,24,DEM,Diana K. Kastenbaum,5
Oswego,Oswego 4 2,U.S. House,24,,Under Votes,1
Oswego,Oswego 5 1,Ballots Cast,,,,63
Oswego,Oswego 5 1,5th Judicial Alternates,,DEM,Amy Connolly,33
Oswego,Oswego 5 1,5th Judicial Alternates,,DEM,Amy Venskus,30
Oswego,Oswego 5 1,5th Judicial Alternates,,DEM,Barbara Kickbush,33
Oswego,Oswego 5 1,5th Judicial Alternates,,DEM,David Passer,14
Oswego,Oswego 5 1,5th Judicial Alternates,,DEM,Deborah Chambers,33
Oswego,Oswego 5 1,5th Judicial Alternates,,DEM,Diane Zeller,29
Oswego,Oswego 5 1,5th Judicial Alternates,,DEM,Jace E. Dunlap,5
Oswego,Oswego 5 1,5th Judicial Alternates,,DEM,Kathleen Mantaro,43
Oswego,Oswego 5 1,5th Judicial Alternates,,DEM,Marianne Hart,33
Oswego,Oswego 5 1,5th Judicial Alternates,,DEM,Randy Anthony Ladd,10
Oswego,Oswego 5 1,5th Judicial Alternates,,DEM,Ryan Taylor,24
Oswego,Oswego 5 1,5th Judicial Alternates,,DEM,Thomas Rinefierd,23
Oswego,Oswego 5 1,5th Judicial Alternates,,,Under Votes,131
Oswego,Oswego 5 1,5th Judicial Delegates,,DEM,Bailey Lovenguth,14
Oswego,Oswego 5 1,5th Judicial Delegates,,DEM,Christine Weisenburger,31
Oswego,Oswego 5 1,5th Judicial Delegates,,DEM,Elizabeth R. Passer,38
Oswego,Oswego 5 1,5th Judicial Delegates,,DEM,James Cannon,30
Oswego,Oswego 5 1,5th Judicial Delegates,,DEM,Joseph Hart,18
Oswego,Oswego 5 1,5th Judicial Delegates,,DEM,Julienne Dean,22
Oswego,Oswego 5 1,5th Judicial Delegates,,DEM,Juniper Mae Dunlap,15
Oswego,Oswego 5 1,5th Judicial Delegates,,DEM,Mary Regan Benson,28
Oswego,Oswego 5 1,5th Judicial Delegates,,DEM,Michael Dineen,20
Oswego,Oswego 5 1,5th Judicial Delegates,,DEM,Michelle Newvine,32
Oswego,Oswego 5 1,5th Judicial Delegates,,DEM,Mona Heck,25
Oswego,Oswego 5 1,5th Judicial Delegates,,DEM,Patrick Dunlap,19
Oswego,Oswego 5 1,5th Judicial Delegates,,DEM,Stephanie McHugh-Edwards,29
Oswego,Oswego 5 1,5th Judicial Delegates,,,Under Votes,120
Oswego,Oswego 5 1,Comptroller,,DEM,Drew Warshaw,8
Oswego,Oswego 5 1,Comptroller,,DEM,Raj Goyle,8
Oswego,Oswego 5 1,Comptroller,,DEM,Thomas P. DiNapoli,46
Oswego,Oswego 5 1,Comptroller,,,Under Votes,1
Oswego,Oswego 5 1,State Assembly,120,DEM,Jim Cannon,34
Oswego,Oswego 5 1,State Assembly,120,DEM,Timothy C. Allers,23
Oswego,Oswego 5 1,State Assembly,120,,Under Votes,6
Oswego,Oswego 5 1,State Committee,120,DEM,Brien Connolly,19
Oswego,Oswego 5 1,State Committee,120,DEM,Elizabeth Passer,30
Oswego,Oswego 5 1,State Committee,120,DEM,Jordan Harcleroad,22
Oswego,Oswego 5 1,State Committee,120,DEM,Shannon Masters,33
Oswego,Oswego 5 1,State Committee,120,,Under Votes,22
Oswego,Oswego 5 1,U.S. House,24,DEM,Alissa J. Ellman,45
Oswego,Oswego 5 1,U.S. House,24,DEM,Diana K. Kastenbaum,13
Oswego,Oswego 5 1,U.S. House,24,,Under Votes,5
Oswego,Oswego 5 2,Ballots Cast,,,,17
Oswego,Oswego 5 2,5th Judicial Alternates,,DEM,Amy Connolly,7
Oswego,Oswego 5 2,5th Judicial Alternates,,DEM,Amy Venskus,8
Oswego,Oswego 5 2,5th Judicial Alternates,,DEM,Barbara Kickbush,8
Oswego,Oswego 5 2,5th Judicial Alternates,,DEM,David Passer,3
Oswego,Oswego 5 2,5th Judicial Alternates,,DEM,Deborah Chambers,9
Oswego,Oswego 5 2,5th Judicial Alternates,,DEM,Diane Zeller,8
Oswego,Oswego 5 2,5th Judicial Alternates,,DEM,Jace E. Dunlap,4
Oswego,Oswego 5 2,5th Judicial Alternates,,DEM,Kathleen Mantaro,9
Oswego,Oswego 5 2,5th Judicial Alternates,,DEM,Marianne Hart,8
Oswego,Oswego 5 2,5th Judicial Alternates,,DEM,Randy Anthony Ladd,5
Oswego,Oswego 5 2,5th Judicial Alternates,,DEM,Ryan Taylor,11
Oswego,Oswego 5 2,5th Judicial Alternates,,DEM,Thomas Rinefierd,5
Oswego,Oswego 5 2,5th Judicial Alternates,,DEM,Write-in,1
Oswego,Oswego 5 2,5th Judicial Alternates,,,Under Votes,33
Oswego,Oswego 5 2,5th Judicial Delegates,,DEM,Bailey Lovenguth,7
Oswego,Oswego 5 2,5th Judicial Delegates,,DEM,Christine Weisenburger,11
Oswego,Oswego 5 2,5th Judicial Delegates,,DEM,Elizabeth R. Passer,7
Oswego,Oswego 5 2,5th Judicial Delegates,,DEM,James Cannon,10
Oswego,Oswego 5 2,5th Judicial Delegates,,DEM,Joseph Hart,5
Oswego,Oswego 5 2,5th Judicial Delegates,,DEM,Julienne Dean,8
Oswego,Oswego 5 2,5th Judicial Delegates,,DEM,Juniper Mae Dunlap,4
Oswego,Oswego 5 2,5th Judicial Delegates,,DEM,Mary Regan Benson,5
Oswego,Oswego 5 2,5th Judicial Delegates,,DEM,Michael Dineen,5
Oswego,Oswego 5 2,5th Judicial Delegates,,DEM,Michelle Newvine,6
Oswego,Oswego 5 2,5th Judicial Delegates,,DEM,Mona Heck,6
Oswego,Oswego 5 2,5th Judicial Delegates,,DEM,Patrick Dunlap,3
Oswego,Oswego 5 2,5th Judicial Delegates,,DEM,Stephanie McHugh-Edwards,8
Oswego,Oswego 5 2,5th Judicial Delegates,,DEM,Write-in,1
Oswego,Oswego 5 2,5th Judicial Delegates,,,Under Votes,33
Oswego,Oswego 5 2,Comptroller,,DEM,Drew Warshaw,2
Oswego,Oswego 5 2,Comptroller,,DEM,Raj Goyle,2
Oswego,Oswego 5 2,Comptroller,,DEM,Thomas P. DiNapoli,11
Oswego,Oswego 5 2,Comptroller,,,Under Votes,2
Oswego,Oswego 5 2,State Assembly,120,DEM,Jim Cannon,15
Oswego,Oswego 5 2,State Assembly,120,DEM,Timothy C. Allers,2
Oswego,Oswego 5 2,State Committee,120,DEM,Brien Connolly,4
Oswego,Oswego 5 2,State Committee,120,DEM,Elizabeth Passer,6
Oswego,Oswego 5 2,State Committee,120,DEM,Jordan Harcleroad,8
Oswego,Oswego 5 2,State Committee,120,DEM,Shannon Masters,11
Oswego,Oswego 5 2,State Committee,120,,Under Votes,5
Oswego,Oswego 5 2,U.S. House,24,DEM,Alissa J. Ellman,11
Oswego,Oswego 5 2,U.S. House,24,DEM,Diana K. Kastenbaum,5
Oswego,Oswego 5 2,U.S. House,24,,Under Votes,1
Oswego,Oswego 6 1,Ballots Cast,,,,45
Oswego,Oswego 6 1,5th Judicial Alternates,,DEM,Amy Connolly,20
Oswego,Oswego 6 1,5th Judicial Alternates,,DEM,Amy Venskus,14
Oswego,Oswego 6 1,5th Judicial Alternates,,DEM,Barbara Kickbush,13
Oswego,Oswego 6 1,5th Judicial Alternates,,DEM,David Passer,10
Oswego,Oswego 6 1,5th Judicial Alternates,,DEM,Deborah Chambers,22
Oswego,Oswego 6 1,5th Judicial Alternates,,DEM,Diane Zeller,15
Oswego,Oswego 6 1,5th Judicial Alternates,,DEM,Jace E. Dunlap,7
Oswego,Oswego 6 1,5th Judicial Alternates,,DEM,Kathleen Mantaro,22
Oswego,Oswego 6 1,5th Judicial Alternates,,DEM,Marianne Hart,23
Oswego,Oswego 6 1,5th Judicial Alternates,,DEM,Randy Anthony Ladd,7
Oswego,Oswego 6 1,5th Judicial Alternates,,DEM,Ryan Taylor,23
Oswego,Oswego 6 1,5th Judicial Alternates,,DEM,Thomas Rinefierd,15
Oswego,Oswego 6 1,5th Judicial Alternates,,,Over Votes,7
Oswego,Oswego 6 1,5th Judicial Alternates,,,Under Votes,117
Oswego,Oswego 6 1,5th Judicial Delegates,,DEM,Bailey Lovenguth,12
Oswego,Oswego 6 1,5th Judicial Delegates,,DEM,Christine Weisenburger,26
Oswego,Oswego 6 1,5th Judicial Delegates,,DEM,Elizabeth R. Passer,23
Oswego,Oswego 6 1,5th Judicial Delegates,,DEM,James Cannon,11
Oswego,Oswego 6 1,5th Judicial Delegates,,DEM,Joseph Hart,16
Oswego,Oswego 6 1,5th Judicial Delegates,,DEM,Julienne Dean,20
Oswego,Oswego 6 1,5th Judicial Delegates,,DEM,Juniper Mae Dunlap,13
Oswego,Oswego 6 1,5th Judicial Delegates,,DEM,Mary Regan Benson,22
Oswego,Oswego 6 1,5th Judicial Delegates,,DEM,Michael Dineen,14
Oswego,Oswego 6 1,5th Judicial Delegates,,DEM,Michelle Newvine,21
Oswego,Oswego 6 1,5th Judicial Delegates,,DEM,Mona Heck,14
Oswego,Oswego 6 1,5th Judicial Delegates,,DEM,Patrick Dunlap,12
Oswego,Oswego 6 1,5th Judicial Delegates,,DEM,Stephanie McHugh-Edwards,21
Oswego,Oswego 6 1,5th Judicial Delegates,,,Over Votes,7
Oswego,Oswego 6 1,5th Judicial Delegates,,,Under Votes,83
Oswego,Oswego 6 1,Comptroller,,DEM,Drew Warshaw,11
Oswego,Oswego 6 1,Comptroller,,DEM,Raj Goyle,1
Oswego,Oswego 6 1,Comptroller,,DEM,Thomas P. DiNapoli,32
Oswego,Oswego 6 1,Comptroller,,,Under Votes,1
Oswego,Oswego 6 1,State Assembly,120,DEM,Jim Cannon,22
Oswego,Oswego 6 1,State Assembly,120,DEM,Timothy C. Allers,20
Oswego,Oswego 6 1,State Assembly,120,,Under Votes,3
Oswego,Oswego 6 1,State Committee,120,DEM,Brien Connolly,17
Oswego,Oswego 6 1,State Committee,120,DEM,Elizabeth Passer,19
Oswego,Oswego 6 1,State Committee,120,DEM,Jordan Harcleroad,18
Oswego,Oswego 6 1,State Committee,120,DEM,Shannon Masters,18
Oswego,Oswego 6 1,State Committee,120,,Under Votes,18
Oswego,Oswego 6 1,U.S. House,24,DEM,Alissa J. Ellman,30
Oswego,Oswego 6 1,U.S. House,24,DEM,Diana K. Kastenbaum,12
Oswego,Oswego 6 1,U.S. House,24,,Under Votes,3
Oswego,Oswego 6 2,Ballots Cast,,,,24
Oswego,Oswego 6 2,5th Judicial Alternates,,DEM,Amy Connolly,12
Oswego,Oswego 6 2,5th Judicial Alternates,,DEM,Amy Venskus,13
Oswego,Oswego 6 2,5th Judicial Alternates,,DEM,Barbara Kickbush,12
Oswego,Oswego 6 2,5th Judicial Alternates,,DEM,David Passer,6
Oswego,Oswego 6 2,5th Judicial Alternates,,DEM,Deborah Chambers,15
Oswego,Oswego 6 2,5th Judicial Alternates,,DEM,Diane Zeller,14
Oswego,Oswego 6 2,5th Judicial Alternates,,DEM,Jace E. Dunlap,4
Oswego,Oswego 6 2,5th Judicial Alternates,,DEM,Kathleen Mantaro,20
Oswego,Oswego 6 2,5th Judicial Alternates,,DEM,Marianne Hart,17
Oswego,Oswego 6 2,5th Judicial Alternates,,DEM,Randy Anthony Ladd,3
Oswego,Oswego 6 2,5th Judicial Alternates,,DEM,Ryan Taylor,14
Oswego,Oswego 6 2,5th Judicial Alternates,,DEM,Thomas Rinefierd,14
Oswego,Oswego 6 2,5th Judicial Alternates,,,Under Votes,24
Oswego,Oswego 6 2,5th Judicial Delegates,,DEM,Bailey Lovenguth,4
Oswego,Oswego 6 2,5th Judicial Delegates,,DEM,Christine Weisenburger,16
Oswego,Oswego 6 2,5th Judicial Delegates,,DEM,Elizabeth R. Passer,14
Oswego,Oswego 6 2,5th Judicial Delegates,,DEM,James Cannon,15
Oswego,Oswego 6 2,5th Judicial Delegates,,DEM,Joseph Hart,12
Oswego,Oswego 6 2,5th Judicial Delegates,,DEM,Julienne Dean,13
Oswego,Oswego 6 2,5th Judicial Delegates,,DEM,Juniper Mae Dunlap,7
Oswego,Oswego 6 2,5th Judicial Delegates,,DEM,Mary Regan Benson,16
Oswego,Oswego 6 2,5th Judicial Delegates,,DEM,Michael Dineen,13
Oswego,Oswego 6 2,5th Judicial Delegates,,DEM,Michelle Newvine,14
Oswego,Oswego 6 2,5th Judicial Delegates,,DEM,Mona Heck,5
Oswego,Oswego 6 2,5th Judicial Delegates,,DEM,Patrick Dunlap,6
Oswego,Oswego 6 2,5th Judicial Delegates,,DEM,Stephanie McHugh-Edwards,12
Oswego,Oswego 6 2,5th Judicial Delegates,,,Under Votes,21
Oswego,Oswego 6 2,Comptroller,,DEM,Drew Warshaw,1
Oswego,Oswego 6 2,Comptroller,,DEM,Raj Goyle,2
Oswego,Oswego 6 2,Comptroller,,DEM,Thomas P. DiNapoli,21
Oswego,Oswego 6 2,County Legislator,17,DEM,Diane Zeller,4
Oswego,Oswego 6 2,County Legislator,17,DEM,Dorothy Caldwell,20
Oswego,Oswego 6 2,State Assembly,120,DEM,Jim Cannon,12
Oswego,Oswego 6 2,State Assembly,120,DEM,Timothy C. Allers,11
Oswego,Oswego 6 2,State Assembly,120,,Under Votes,1
Oswego,Oswego 6 2,State Committee,120,DEM,Brien Connolly,6
Oswego,Oswego 6 2,State Committee,120,DEM,Elizabeth Passer,14
Oswego,Oswego 6 2,State Committee,120,DEM,Jordan Harcleroad,8
Oswego,Oswego 6 2,State Committee,120,DEM,Shannon Masters,17
Oswego,Oswego 6 2,State Committee,120,,Under Votes,3
Oswego,Oswego 6 2,U.S. House,24,DEM,Alissa J. Ellman,17
Oswego,Oswego 6 2,U.S. House,24,DEM,Diana K. Kastenbaum,6
Oswego,Oswego 6 2,U.S. House,24,,Under Votes,1
Oswego,Oswego 7 1,Ballots Cast,,,,55
Oswego,Oswego 7 1,5th Judicial Alternates,,DEM,Amy Connolly,26
Oswego,Oswego 7 1,5th Judicial Alternates,,DEM,Amy Venskus,24
Oswego,Oswego 7 1,5th Judicial Alternates,,DEM,Barbara Kickbush,23
Oswego,Oswego 7 1,5th Judicial Alternates,,DEM,David Passer,15
Oswego,Oswego 7 1,5th Judicial Alternates,,DEM,Deborah Chambers,28
Oswego,Oswego 7 1,5th Judicial Alternates,,DEM,Diane Zeller,26
Oswego,Oswego 7 1,5th Judicial Alternates,,DEM,Jace E. Dunlap,9
Oswego,Oswego 7 1,5th Judicial Alternates,,DEM,Kathleen Mantaro,32
Oswego,Oswego 7 1,5th Judicial Alternates,,DEM,Marianne Hart,25
Oswego,Oswego 7 1,5th Judicial Alternates,,DEM,Randy Anthony Ladd,6
Oswego,Oswego 7 1,5th Judicial Alternates,,DEM,Ryan Taylor,27
Oswego,Oswego 7 1,5th Judicial Alternates,,DEM,Thomas Rinefierd,7
Oswego,Oswego 7 1,5th Judicial Alternates,,,Over Votes,7
Oswego,Oswego 7 1,5th Judicial Alternates,,,Under Votes,123
Oswego,Oswego 7 1,5th Judicial Delegates,,DEM,Bailey Lovenguth,15
Oswego,Oswego 7 1,5th Judicial Delegates,,DEM,Christine Weisenburger,35
Oswego,Oswego 7 1,5th Judicial Delegates,,DEM,Elizabeth R. Passer,32
Oswego,Oswego 7 1,5th Judicial Delegates,,DEM,James Cannon,24
Oswego,Oswego 7 1,5th Judicial Delegates,,DEM,Joseph Hart,15
Oswego,Oswego 7 1,5th Judicial Delegates,,DEM,Julienne Dean,20
Oswego,Oswego 7 1,5th Judicial Delegates,,DEM,Juniper Mae Dunlap,17
Oswego,Oswego 7 1,5th Judicial Delegates,,DEM,Mary Regan Benson,27
Oswego,Oswego 7 1,5th Judicial Delegates,,DEM,Michael Dineen,12
Oswego,Oswego 7 1,5th Judicial Delegates,,DEM,Michelle Newvine,25
Oswego,Oswego 7 1,5th Judicial Delegates,,DEM,Mona Heck,16
Oswego,Oswego 7 1,5th Judicial Delegates,,DEM,Patrick Dunlap,13
Oswego,Oswego 7 1,5th Judicial Delegates,,DEM,Stephanie McHugh-Edwards,28
Oswego,Oswego 7 1,5th Judicial Delegates,,,Under Votes,99
Oswego,Oswego 7 1,Comptroller,,DEM,Drew Warshaw,5
Oswego,Oswego 7 1,Comptroller,,DEM,Raj Goyle,2
Oswego,Oswego 7 1,Comptroller,,DEM,Thomas P. DiNapoli,45
Oswego,Oswego 7 1,Comptroller,,,Over Votes,1
Oswego,Oswego 7 1,Comptroller,,,Under Votes,1
Oswego,Oswego 7 1,State Assembly,120,DEM,Jim Cannon,22
Oswego,Oswego 7 1,State Assembly,120,DEM,Timothy C. Allers,28
Oswego,Oswego 7 1,State Assembly,120,,Under Votes,4
Oswego,Oswego 7 1,State Committee,120,DEM,Brien Connolly,13
Oswego,Oswego 7 1,State Committee,120,DEM,Elizabeth Passer,25
Oswego,Oswego 7 1,State Committee,120,DEM,Jordan Harcleroad,15
Oswego,Oswego 7 1,State Committee,120,DEM,Shannon Masters,36
Oswego,Oswego 7 1,State Committee,120,,Under Votes,19
Oswego,Oswego 7 1,U.S. House,24,DEM,Alissa J. Ellman,33
Oswego,Oswego 7 1,U.S. House,24,DEM,Diana K. Kastenbaum,17
Oswego,Oswego 7 1,U.S. House,24,,Under Votes,5
Oswego,Oswego 7 2,Ballots Cast,,,,48
Oswego,Oswego 7 2,5th Judicial Alternates,,DEM,Amy Connolly,18
Oswego,Oswego 7 2,5th Judicial Alternates,,DEM,Amy Venskus,19
Oswego,Oswego 7 2,5th Judicial Alternates,,DEM,Barbara Kickbush,16
Oswego,Oswego 7 2,5th Judicial Alternates,,DEM,David Passer,10
Oswego,Oswego 7 2,5th Judicial Alternates,,DEM,Deborah Chambers,23
Oswego,Oswego 7 2,5th Judicial Alternates,,DEM,Diane Zeller,23
Oswego,Oswego 7 2,5th Judicial Alternates,,DEM,Jace E. Dunlap,4
Oswego,Oswego 7 2,5th Judicial Alternates,,DEM,Kathleen Mantaro,30
Oswego,Oswego 7 2,5th Judicial Alternates,,DEM,Marianne Hart,23
Oswego,Oswego 7 2,5th Judicial Alternates,,DEM,Randy Anthony Ladd,6
Oswego,Oswego 7 2,5th Judicial Alternates,,DEM,Ryan Taylor,18
Oswego,Oswego 7 2,5th Judicial Alternates,,DEM,Thomas Rinefierd,11
Oswego,Oswego 7 2,5th Judicial Alternates,,DEM,Write-in,2
Oswego,Oswego 7 2,5th Judicial Alternates,,,Under Votes,133
Oswego,Oswego 7 2,5th Judicial Delegates,,DEM,Bailey Lovenguth,6
Oswego,Oswego 7 2,5th Judicial Delegates,,DEM,Christine Weisenburger,26
Oswego,Oswego 7 2,5th Judicial Delegates,,DEM,Elizabeth R. Passer,19
Oswego,Oswego 7 2,5th Judicial Delegates,,DEM,James Cannon,19
Oswego,Oswego 7 2,5th Judicial Delegates,,DEM,Joseph Hart,12
Oswego,Oswego 7 2,5th Judicial Delegates,,DEM,Julienne Dean,17
Oswego,Oswego 7 2,5th Judicial Delegates,,DEM,Juniper Mae Dunlap,9
Oswego,Oswego 7 2,5th Judicial Delegates,,DEM,Mary Regan Benson,22
Oswego,Oswego 7 2,5th Judicial Delegates,,DEM,Michael Dineen,11
Oswego,Oswego 7 2,5th Judicial Delegates,,DEM,Michelle Newvine,24
Oswego,Oswego 7 2,5th Judicial Delegates,,DEM,Mona Heck,13
Oswego,Oswego 7 2,5th Judicial Delegates,,DEM,Patrick Dunlap,3
Oswego,Oswego 7 2,5th Judicial Delegates,,DEM,Stephanie McHugh-Edwards,19
Oswego,Oswego 7 2,5th Judicial Delegates,,DEM,Write-in,1
Oswego,Oswego 7 2,5th Judicial Delegates,,,Over Votes,7
Oswego,Oswego 7 2,5th Judicial Delegates,,,Under Votes,128
Oswego,Oswego 7 2,Comptroller,,DEM,Drew Warshaw,8
Oswego,Oswego 7 2,Comptroller,,DEM,Raj Goyle,2
Oswego,Oswego 7 2,Comptroller,,DEM,Thomas P. DiNapoli,37
Oswego,Oswego 7 2,Comptroller,,,Under Votes,1
Oswego,Oswego 7 2,State Assembly,120,DEM,Jim Cannon,23
Oswego,Oswego 7 2,State Assembly,120,DEM,Timothy C. Allers,22
Oswego,Oswego 7 2,State Assembly,120,,Under Votes,3
Oswego,Oswego 7 2,State Committee,120,DEM,Brien Connolly,11
Oswego,Oswego 7 2,State Committee,120,DEM,Elizabeth Passer,23
Oswego,Oswego 7 2,State Committee,120,DEM,Jordan Harcleroad,18
Oswego,Oswego 7 2,State Committee,120,DEM,Shannon Masters,28
Oswego,Oswego 7 2,State Committee,120,,Under Votes,16
Oswego,Oswego 7 2,U.S. House,24,DEM,Alissa J. Ellman,37
Oswego,Oswego 7 2,U.S. House,24,DEM,Diana K. Kastenbaum,11
Oswego,Fulton 1 1,Ballots Cast,,,,21
Oswego,Fulton 1 1,5th Judicial Alternates,,DEM,Amy Connolly,11
Oswego,Fulton 1 1,5th Judicial Alternates,,DEM,Amy Venskus,10
Oswego,Fulton 1 1,5th Judicial Alternates,,DEM,Barbara Kickbush,7
Oswego,Fulton 1 1,5th Judicial Alternates,,DEM,David Passer,3
Oswego,Fulton 1 1,5th Judicial Alternates,,DEM,Deborah Chambers,10
Oswego,Fulton 1 1,5th Judicial Alternates,,DEM,Diane Zeller,7
Oswego,Fulton 1 1,5th Judicial Alternates,,DEM,Jace E. Dunlap,2
Oswego,Fulton 1 1,5th Judicial Alternates,,DEM,Kathleen Mantaro,9
Oswego,Fulton 1 1,5th Judicial Alternates,,DEM,Marianne Hart,7
Oswego,Fulton 1 1,5th Judicial Alternates,,DEM,Randy Anthony Ladd,1
Oswego,Fulton 1 1,5th Judicial Alternates,,DEM,Ryan Taylor,12
Oswego,Fulton 1 1,5th Judicial Alternates,,DEM,Thomas Rinefierd,5
Oswego,Fulton 1 1,5th Judicial Alternates,,DEM,Write-in,1
Oswego,Fulton 1 1,5th Judicial Alternates,,,Under Votes,62
Oswego,Fulton 1 1,5th Judicial Delegates,,DEM,Bailey Lovenguth,6
Oswego,Fulton 1 1,5th Judicial Delegates,,DEM,Christine Weisenburger,16
Oswego,Fulton 1 1,5th Judicial Delegates,,DEM,Elizabeth R. Passer,10
Oswego,Fulton 1 1,5th Judicial Delegates,,DEM,James Cannon,10
Oswego,Fulton 1 1,5th Judicial Delegates,,DEM,Joseph Hart,7
Oswego,Fulton 1 1,5th Judicial Delegates,,DEM,Julienne Dean,9
Oswego,Fulton 1 1,5th Judicial Delegates,,DEM,Juniper Mae Dunlap,6
Oswego,Fulton 1 1,5th Judicial Delegates,,DEM,Mary Regan Benson,8
Oswego,Fulton 1 1,5th Judicial Delegates,,DEM,Michael Dineen,3
Oswego,Fulton 1 1,5th Judicial Delegates,,DEM,Michelle Newvine,10
Oswego,Fulton 1 1,5th Judicial Delegates,,DEM,Mona Heck,7
Oswego,Fulton 1 1,5th Judicial Delegates,,DEM,Patrick Dunlap,3
Oswego,Fulton 1 1,5th Judicial Delegates,,DEM,Stephanie McHugh-Edwards,10
Oswego,Fulton 1 1,5th Judicial Delegates,,,Over Votes,7
Oswego,Fulton 1 1,5th Judicial Delegates,,,Under Votes,35
Oswego,Fulton 1 1,Comptroller,,DEM,Drew Warshaw,4
Oswego,Fulton 1 1,Comptroller,,DEM,Raj Goyle,1
Oswego,Fulton 1 1,Comptroller,,DEM,Thomas P. DiNapoli,16
Oswego,Fulton 1 1,State Assembly,120,DEM,Jim Cannon,12
Oswego,Fulton 1 1,State Assembly,120,DEM,Timothy C. Allers,8
Oswego,Fulton 1 1,State Assembly,120,,Under Votes,1
Oswego,Fulton 1 1,State Committee,120,DEM,Brien Connolly,4
Oswego,Fulton 1 1,State Committee,120,DEM,Elizabeth Passer,11
Oswego,Fulton 1 1,State Committee,120,DEM,Jordan Harcleroad,8
Oswego,Fulton 1 1,State Committee,120,DEM,Shannon Masters,12
Oswego,Fulton 1 1,State Committee,120,,Under Votes,7
Oswego,Fulton 1 1,U.S. House,24,DEM,Alissa J. Ellman,11
Oswego,Fulton 1 1,U.S. House,24,DEM,Diana K. Kastenbaum,8
Oswego,Fulton 1 1,U.S. House,24,,Under Votes,2
Oswego,Fulton 1 2,Ballots Cast,,,,5
Oswego,Fulton 1 2,5th Judicial Alternates,,DEM,Amy Connolly,2
Oswego,Fulton 1 2,5th Judicial Alternates,,DEM,Amy Venskus,3
Oswego,Fulton 1 2,5th Judicial Alternates,,DEM,Barbara Kickbush,3
Oswego,Fulton 1 2,5th Judicial Alternates,,DEM,Deborah Chambers,4
Oswego,Fulton 1 2,5th Judicial Alternates,,DEM,Diane Zeller,2
Oswego,Fulton 1 2,5th Judicial Alternates,,DEM,Kathleen Mantaro,4
Oswego,Fulton 1 2,5th Judicial Alternates,,DEM,Marianne Hart,4
Oswego,Fulton 1 2,5th Judicial Alternates,,DEM,Randy Anthony Ladd,1
Oswego,Fulton 1 2,5th Judicial Alternates,,DEM,Ryan Taylor,3
Oswego,Fulton 1 2,5th Judicial Alternates,,DEM,Thomas Rinefierd,2
Oswego,Fulton 1 2,5th Judicial Alternates,,,Under Votes,7
Oswego,Fulton 1 2,5th Judicial Delegates,,DEM,Bailey Lovenguth,1
Oswego,Fulton 1 2,5th Judicial Delegates,,DEM,Christine Weisenburger,4
Oswego,Fulton 1 2,5th Judicial Delegates,,DEM,Elizabeth R. Passer,3
Oswego,Fulton 1 2,5th Judicial Delegates,,DEM,James Cannon,4
Oswego,Fulton 1 2,5th Judicial Delegates,,DEM,Joseph Hart,2
Oswego,Fulton 1 2,5th Judicial Delegates,,DEM,Julienne Dean,3
Oswego,Fulton 1 2,5th Judicial Delegates,,DEM,Juniper Mae Dunlap,2
Oswego,Fulton 1 2,5th Judicial Delegates,,DEM,Mary Regan Benson,1
Oswego,Fulton 1 2,5th Judicial Delegates,,DEM,Michael Dineen,2
Oswego,Fulton 1 2,5th Judicial Delegates,,DEM,Michelle Newvine,3
Oswego,Fulton 1 2,5th Judicial Delegates,,DEM,Mona Heck,3
Oswego,Fulton 1 2,5th Judicial Delegates,,DEM,Stephanie McHugh-Edwards,3
Oswego,Fulton 1 2,5th Judicial Delegates,,,Under Votes,4
Oswego,Fulton 1 2,Comptroller,,DEM,Drew Warshaw,1
Oswego,Fulton 1 2,Comptroller,,DEM,Thomas P. DiNapoli,4
Oswego,Fulton 1 2,State Assembly,120,DEM,Jim Cannon,3
Oswego,Fulton 1 2,State Assembly,120,DEM,Timothy C. Allers,2
Oswego,Fulton 1 2,State Committee,120,DEM,Brien Connolly,1
Oswego,Fulton 1 2,State Committee,120,DEM,Elizabeth Passer,3
Oswego,Fulton 1 2,State Committee,120,DEM,Jordan Harcleroad,2
Oswego,Fulton 1 2,State Committee,120,DEM,Shannon Masters,4
Oswego,Fulton 1 2,U.S. House,24,DEM,Alissa J. Ellman,3
Oswego,Fulton 1 2,U.S. House,24,DEM,Diana K. Kastenbaum,2
Oswego,Fulton 2 1,Ballots Cast,,,,3
Oswego,Fulton 2 1,5th Judicial Alternates,,DEM,Amy Connolly,1
Oswego,Fulton 2 1,5th Judicial Alternates,,DEM,Amy Venskus,1
Oswego,Fulton 2 1,5th Judicial Alternates,,DEM,Barbara Kickbush,2
Oswego,Fulton 2 1,5th Judicial Alternates,,DEM,David Passer,2
Oswego,Fulton 2 1,5th Judicial Alternates,,DEM,Deborah Chambers,1
Oswego,Fulton 2 1,5th Judicial Alternates,,DEM,Jace E. Dunlap,1
Oswego,Fulton 2 1,5th Judicial Alternates,,DEM,Kathleen Mantaro,1
Oswego,Fulton 2 1,5th Judicial Alternates,,DEM,Marianne Hart,1
Oswego,Fulton 2 1,5th Judicial Alternates,,DEM,Randy Anthony Ladd,1
Oswego,Fulton 2 1,5th Judicial Alternates,,DEM,Ryan Taylor,2
Oswego,Fulton 2 1,5th Judicial Alternates,,DEM,Thomas Rinefierd,1
Oswego,Fulton 2 1,5th Judicial Alternates,,DEM,Write-in,1
Oswego,Fulton 2 1,5th Judicial Alternates,,,Under Votes,6
Oswego,Fulton 2 1,5th Judicial Delegates,,DEM,Bailey Lovenguth,2
Oswego,Fulton 2 1,5th Judicial Delegates,,DEM,Christine Weisenburger,1
Oswego,Fulton 2 1,5th Judicial Delegates,,DEM,Elizabeth R. Passer,1
Oswego,Fulton 2 1,5th Judicial Delegates,,DEM,James Cannon,1
Oswego,Fulton 2 1,5th Judicial Delegates,,DEM,Joseph Hart,1
Oswego,Fulton 2 1,5th Judicial Delegates,,DEM,Julienne Dean,2
Oswego,Fulton 2 1,5th Judicial Delegates,,DEM,Juniper Mae Dunlap,1
Oswego,Fulton 2 1,5th Judicial Delegates,,DEM,Michael Dineen,2
Oswego,Fulton 2 1,5th Judicial Delegates,,DEM,Patrick Dunlap,1
Oswego,Fulton 2 1,5th Judicial Delegates,,DEM,Stephanie McHugh-Edwards,1
Oswego,Fulton 2 1,5th Judicial Delegates,,DEM,Write-in,8
Oswego,Fulton 2 1,Comptroller,,DEM,Drew Warshaw,1
Oswego,Fulton 2 1,Comptroller,,DEM,Raj Goyle,1
Oswego,Fulton 2 1,Comptroller,,DEM,Write-in,1
Oswego,Fulton 2 1,State Assembly,120,DEM,Timothy C. Allers,2
Oswego,Fulton 2 1,State Assembly,120,,Under Votes,1
Oswego,Fulton 2 1,State Committee,120,DEM,Brien Connolly,1
Oswego,Fulton 2 1,State Committee,120,DEM,Elizabeth Passer,1
Oswego,Fulton 2 1,State Committee,120,DEM,Jordan Harcleroad,1
Oswego,Fulton 2 1,State Committee,120,DEM,Write-in,2
Oswego,Fulton 2 1,State Committee,120,,Under Votes,1
Oswego,Fulton 2 1,U.S. House,24,DEM,Diana K. Kastenbaum,2
Oswego,Fulton 2 1,U.S. House,24,,Under Votes,1
Oswego,Fulton 2 2,Ballots Cast,,,,13
Oswego,Fulton 2 2,5th Judicial Alternates,,DEM,Amy Connolly,6
Oswego,Fulton 2 2,5th Judicial Alternates,,DEM,Amy Venskus,5
Oswego,Fulton 2 2,5th Judicial Alternates,,DEM,Barbara Kickbush,4
Oswego,Fulton 2 2,5th Judicial Alternates,,DEM,David Passer,7
Oswego,Fulton 2 2,5th Judicial Alternates,,DEM,Deborah Chambers,8
Oswego,Fulton 2 2,5th Judicial Alternates,,DEM,Diane Zeller,4
Oswego,Fulton 2 2,5th Judicial Alternates,,DEM,Jace E. Dunlap,4
Oswego,Fulton 2 2,5th Judicial Alternates,,DEM,Kathleen Mantaro,5
Oswego,Fulton 2 2,5th Judicial Alternates,,DEM,Marianne Hart,10
Oswego,Fulton 2 2,5th Judicial Alternates,,DEM,Randy Anthony Ladd,5
Oswego,Fulton 2 2,5th Judicial Alternates,,DEM,Ryan Taylor,9
Oswego,Fulton 2 2,5th Judicial Alternates,,DEM,Thomas Rinefierd,6
Oswego,Fulton 2 2,5th Judicial Alternates,,,Under Votes,18
Oswego,Fulton 2 2,5th Judicial Delegates,,DEM,Bailey Lovenguth,3
Oswego,Fulton 2 2,5th Judicial Delegates,,DEM,Christine Weisenburger,7
Oswego,Fulton 2 2,5th Judicial Delegates,,DEM,Elizabeth R. Passer,11
Oswego,Fulton 2 2,5th Judicial Delegates,,DEM,James Cannon,6
Oswego,Fulton 2 2,5th Judicial Delegates,,DEM,Joseph Hart,8
Oswego,Fulton 2 2,5th Judicial Delegates,,DEM,Julienne Dean,7
Oswego,Fulton 2 2,5th Judicial Delegates,,DEM,Juniper Mae Dunlap,6
Oswego,Fulton 2 2,5th Judicial Delegates,,DEM,Mary Regan Benson,4
Oswego,Fulton 2 2,5th Judicial Delegates,,DEM,Michael Dineen,6
Oswego,Fulton 2 2,5th Judicial Delegates,,DEM,Michelle Newvine,6
Oswego,Fulton 2 2,5th Judicial Delegates,,DEM,Mona Heck,5
Oswego,Fulton 2 2,5th Judicial Delegates,,DEM,Patrick Dunlap,5
Oswego,Fulton 2 2,5th Judicial Delegates,,DEM,Stephanie McHugh-Edwards,6
Oswego,Fulton 2 2,5th Judicial Delegates,,,Under Votes,11
Oswego,Fulton 2 2,Comptroller,,DEM,Drew Warshaw,1
Oswego,Fulton 2 2,Comptroller,,DEM,Raj Goyle,1
Oswego,Fulton 2 2,Comptroller,,DEM,Thomas P. DiNapoli,11
Oswego,Fulton 2 2,State Assembly,120,DEM,Jim Cannon,7
Oswego,Fulton 2 2,State Assembly,120,DEM,Timothy C. Allers,5
Oswego,Fulton 2 2,State Assembly,120,,Under Votes,1
Oswego,Fulton 2 2,State Committee,120,DEM,Brien Connolly,5
Oswego,Fulton 2 2,State Committee,120,DEM,Elizabeth Passer,8
Oswego,Fulton 2 2,State Committee,120,DEM,Jordan Harcleroad,4
Oswego,Fulton 2 2,State Committee,120,DEM,Shannon Masters,7
Oswego,Fulton 2 2,State Committee,120,,Under Votes,2
Oswego,Fulton 2 2,U.S. House,24,DEM,Alissa J. Ellman,7
Oswego,Fulton 2 2,U.S. House,24,DEM,Diana K. Kastenbaum,6
Oswego,Fulton 2 3,Ballots Cast,,,,2
Oswego,Fulton 2 3,5th Judicial Alternates,,DEM,Amy Connolly,2
Oswego,Fulton 2 3,5th Judicial Alternates,,DEM,Amy Venskus,2
Oswego,Fulton 2 3,5th Judicial Alternates,,DEM,Barbara Kickbush,1
Oswego,Fulton 2 3,5th Judicial Alternates,,DEM,David Passer,1
Oswego,Fulton 2 3,5th Judicial Alternates,,DEM,Deborah Chambers,2
Oswego,Fulton 2 3,5th Judicial Alternates,,DEM,Diane Zeller,2
Oswego,Fulton 2 3,5th Judicial Alternates,,DEM,Kathleen Mantaro,2
Oswego,Fulton 2 3,5th Judicial Alternates,,DEM,Marianne Hart,2
Oswego,Fulton 2 3,5th Judicial Delegates,,DEM,Christine Weisenburger,1
Oswego,Fulton 2 3,5th Judicial Delegates,,DEM,Elizabeth R. Passer,2
Oswego,Fulton 2 3,5th Judicial Delegates,,DEM,James Cannon,2
Oswego,Fulton 2 3,5th Judicial Delegates,,DEM,Julienne Dean,1
Oswego,Fulton 2 3,5th Judicial Delegates,,DEM,Mary Regan Benson,1
Oswego,Fulton 2 3,5th Judicial Delegates,,DEM,Michael Dineen,1
Oswego,Fulton 2 3,5th Judicial Delegates,,DEM,Michelle Newvine,2
Oswego,Fulton 2 3,5th Judicial Delegates,,DEM,Mona Heck,1
Oswego,Fulton 2 3,5th Judicial Delegates,,DEM,Patrick Dunlap,1
Oswego,Fulton 2 3,5th Judicial Delegates,,DEM,Stephanie McHugh-Edwards,2
Oswego,Fulton 2 3,Comptroller,,DEM,Thomas P. DiNapoli,2
Oswego,Fulton 2 3,State Assembly,120,DEM,Jim Cannon,2
Oswego,Fulton 2 3,State Committee,120,DEM,Elizabeth Passer,2
Oswego,Fulton 2 3,State Committee,120,DEM,Shannon Masters,2
Oswego,Fulton 2 3,U.S. House,24,DEM,Diana K. Kastenbaum,1
Oswego,Fulton 2 3,U.S. House,24,,Under Votes,1
Oswego,Fulton 3 1,Ballots Cast,,,,55
Oswego,Fulton 3 1,5th Judicial Alternates,,DEM,Amy Connolly,36
Oswego,Fulton 3 1,5th Judicial Alternates,,DEM,Amy Venskus,27
Oswego,Fulton 3 1,5th Judicial Alternates,,DEM,Barbara Kickbush,31
Oswego,Fulton 3 1,5th Judicial Alternates,,DEM,David Passer,20
Oswego,Fulton 3 1,5th Judicial Alternates,,DEM,Deborah Chambers,33
Oswego,Fulton 3 1,5th Judicial Alternates,,DEM,Diane Zeller,29
Oswego,Fulton 3 1,5th Judicial Alternates,,DEM,Jace E. Dunlap,5
Oswego,Fulton 3 1,5th Judicial Alternates,,DEM,Kathleen Mantaro,37
Oswego,Fulton 3 1,5th Judicial Alternates,,DEM,Marianne Hart,28
Oswego,Fulton 3 1,5th Judicial Alternates,,DEM,Randy Anthony Ladd,11
Oswego,Fulton 3 1,5th Judicial Alternates,,DEM,Ryan Taylor,25
Oswego,Fulton 3 1,5th Judicial Alternates,,DEM,Thomas Rinefierd,17
Oswego,Fulton 3 1,5th Judicial Alternates,,DEM,Write-in,3
Oswego,Fulton 3 1,5th Judicial Alternates,,,Under Votes,83
Oswego,Fulton 3 1,5th Judicial Delegates,,DEM,Bailey Lovenguth,10
Oswego,Fulton 3 1,5th Judicial Delegates,,DEM,Christine Weisenburger,34
Oswego,Fulton 3 1,5th Judicial Delegates,,DEM,Elizabeth R. Passer,37
Oswego,Fulton 3 1,5th Judicial Delegates,,DEM,James Cannon,28
Oswego,Fulton 3 1,5th Judicial Delegates,,DEM,Joseph Hart,22
Oswego,Fulton 3 1,5th Judicial Delegates,,DEM,Julienne Dean,28
Oswego,Fulton 3 1,5th Judicial Delegates,,DEM,Juniper Mae Dunlap,11
Oswego,Fulton 3 1,5th Judicial Delegates,,DEM,Mary Regan Benson,27
Oswego,Fulton 3 1,5th Judicial Delegates,,DEM,Michael Dineen,19
Oswego,Fulton 3 1,5th Judicial Delegates,,DEM,Michelle Newvine,27
Oswego,Fulton 3 1,5th Judicial Delegates,,DEM,Mona Heck,23
Oswego,Fulton 3 1,5th Judicial Delegates,,DEM,Patrick Dunlap,16
Oswego,Fulton 3 1,5th Judicial Delegates,,DEM,Stephanie McHugh-Edwards,26
Oswego,Fulton 3 1,5th Judicial Delegates,,DEM,Write-in,3
Oswego,Fulton 3 1,5th Judicial Delegates,,,Under Votes,74
Oswego,Fulton 3 1,Comptroller,,DEM,Drew Warshaw,2
Oswego,Fulton 3 1,Comptroller,,DEM,Raj Goyle,6
Oswego,Fulton 3 1,Comptroller,,DEM,Thomas P. DiNapoli,46
Oswego,Fulton 3 1,Comptroller,,,Under Votes,1
Oswego,Fulton 3 1,State Assembly,120,DEM,Jim Cannon,32
Oswego,Fulton 3 1,State Assembly,120,DEM,Timothy C. Allers,22
Oswego,Fulton 3 1,State Assembly,120,,Under Votes,1
Oswego,Fulton 3 1,State Committee,120,DEM,Brien Connolly,28
Oswego,Fulton 3 1,State Committee,120,DEM,Elizabeth Passer,30
Oswego,Fulton 3 1,State Committee,120,DEM,Jordan Harcleroad,11
Oswego,Fulton 3 1,State Committee,120,DEM,Shannon Masters,31
Oswego,Fulton 3 1,State Committee,120,,Under Votes,10
Oswego,Fulton 3 1,U.S. House,24,DEM,Alissa J. Ellman,31
Oswego,Fulton 3 1,U.S. House,24,DEM,Diana K. Kastenbaum,22
Oswego,Fulton 3 1,U.S. House,24,,Under Votes,2
Oswego,Fulton 4 1,Ballots Cast,,,,7
Oswego,Fulton 4 1,5th Judicial Alternates,,DEM,Amy Connolly,3
Oswego,Fulton 4 1,5th Judicial Alternates,,DEM,Amy Venskus,5
Oswego,Fulton 4 1,5th Judicial Alternates,,DEM,Barbara Kickbush,5
Oswego,Fulton 4 1,5th Judicial Alternates,,DEM,David Passer,4
Oswego,Fulton 4 1,5th Judicial Alternates,,DEM,Deborah Chambers,6
Oswego,Fulton 4 1,5th Judicial Alternates,,DEM,Diane Zeller,2
Oswego,Fulton 4 1,5th Judicial Alternates,,DEM,Jace E. Dunlap,1
Oswego,Fulton 4 1,5th Judicial Alternates,,DEM,Kathleen Mantaro,6
Oswego,Fulton 4 1,5th Judicial Alternates,,DEM,Marianne Hart,6
Oswego,Fulton 4 1,5th Judicial Alternates,,DEM,Ryan Taylor,7
Oswego,Fulton 4 1,5th Judicial Alternates,,DEM,Thomas Rinefierd,2
Oswego,Fulton 4 1,5th Judicial Alternates,,,Under Votes,2
Oswego,Fulton 4 1,5th Judicial Delegates,,DEM,Bailey Lovenguth,3
Oswego,Fulton 4 1,5th Judicial Delegates,,DEM,Christine Weisenburger,6
Oswego,Fulton 4 1,5th Judicial Delegates,,DEM,Elizabeth R. Passer,6
Oswego,Fulton 4 1,5th Judicial Delegates,,DEM,James Cannon,3
Oswego,Fulton 4 1,5th Judicial Delegates,,DEM,Joseph Hart,3
Oswego,Fulton 4 1,5th Judicial Delegates,,DEM,Julienne Dean,5
Oswego,Fulton 4 1,5th Judicial Delegates,,DEM,Juniper Mae Dunlap,4
Oswego,Fulton 4 1,5th Judicial Delegates,,DEM,Mary Regan Benson,1
Oswego,Fulton 4 1,5th Judicial Delegates,,DEM,Michelle Newvine,3
Oswego,Fulton 4 1,5th Judicial Delegates,,DEM,Mona Heck,5
Oswego,Fulton 4 1,5th Judicial Delegates,,DEM,Patrick Dunlap,3
Oswego,Fulton 4 1,5th Judicial Delegates,,DEM,Stephanie McHugh-Edwards,7
Oswego,Fulton 4 1,Comptroller,,DEM,Drew Warshaw,1
Oswego,Fulton 4 1,Comptroller,,DEM,Thomas P. DiNapoli,6
Oswego,Fulton 4 1,State Assembly,120,DEM,Jim Cannon,3
Oswego,Fulton 4 1,State Assembly,120,DEM,Timothy C. Allers,4
Oswego,Fulton 4 1,State Committee,120,DEM,Brien Connolly,1
Oswego,Fulton 4 1,State Committee,120,DEM,Elizabeth Passer,5
Oswego,Fulton 4 1,State Committee,120,DEM,Jordan Harcleroad,3
Oswego,Fulton 4 1,State Committee,120,DEM,Shannon Masters,5
Oswego,Fulton 4 1,U.S. House,24,DEM,Alissa J. Ellman,1
Oswego,Fulton 4 1,U.S. House,24,DEM,Diana K. Kastenbaum,5
Oswego,Fulton 4 1,U.S. House,24,,Under Votes,1
Oswego,Fulton 4 2,Ballots Cast,,,,20
Oswego,Fulton 4 2,5th Judicial Alternates,,DEM,Amy Connolly,7
Oswego,Fulton 4 2,5th Judicial Alternates,,DEM,Amy Venskus,12
Oswego,Fulton 4 2,5th Judicial Alternates,,DEM,Barbara Kickbush,8
Oswego,Fulton 4 2,5th Judicial Alternates,,DEM,David Passer,5
Oswego,Fulton 4 2,5th Judicial Alternates,,DEM,Deborah Chambers,11
Oswego,Fulton 4 2,5th Judicial Alternates,,DEM,Diane Zeller,4
Oswego,Fulton 4 2,5th Judicial Alternates,,DEM,Jace E. Dunlap,2
Oswego,Fulton 4 2,5th Judicial Alternates,,DEM,Kathleen Mantaro,13
Oswego,Fulton 4 2,5th Judicial Alternates,,DEM,Marianne Hart,12
Oswego,Fulton 4 2,5th Judicial Alternates,,DEM,Randy Anthony Ladd,4
Oswego,Fulton 4 2,5th Judicial Alternates,,DEM,Ryan Taylor,20
Oswego,Fulton 4 2,5th Judicial Alternates,,DEM,Thomas Rinefierd,7
Oswego,Fulton 4 2,5th Judicial Alternates,,,Under Votes,35
Oswego,Fulton 4 2,5th Judicial Delegates,,DEM,Bailey Lovenguth,5
Oswego,Fulton 4 2,5th Judicial Delegates,,DEM,Christine Weisenburger,9
Oswego,Fulton 4 2,5th Judicial Delegates,,DEM,Elizabeth R. Passer,8
Oswego,Fulton 4 2,5th Judicial Delegates,,DEM,James Cannon,10
Oswego,Fulton 4 2,5th Judicial Delegates,,DEM,Joseph Hart,8
Oswego,Fulton 4 2,5th Judicial Delegates,,DEM,Julienne Dean,9
Oswego,Fulton 4 2,5th Judicial Delegates,,DEM,Juniper Mae Dunlap,6
Oswego,Fulton 4 2,5th Judicial Delegates,,DEM,Mary Regan Benson,6
Oswego,Fulton 4 2,5th Judicial Delegates,,DEM,Michael Dineen,7
Oswego,Fulton 4 2,5th Judicial Delegates,,DEM,Michelle Newvine,7
Oswego,Fulton 4 2,5th Judicial Delegates,,DEM,Mona Heck,7
Oswego,Fulton 4 2,5th Judicial Delegates,,DEM,Patrick Dunlap,8
Oswego,Fulton 4 2,5th Judicial Delegates,,DEM,Stephanie McHugh-Edwards,11
Oswego,Fulton 4 2,5th Judicial Delegates,,DEM,Write-in,1
Oswego,Fulton 4 2,5th Judicial Delegates,,,Under Votes,38
Oswego,Fulton 4 2,Comptroller,,DEM,Drew Warshaw,1
Oswego,Fulton 4 2,Comptroller,,DEM,Raj Goyle,2
Oswego,Fulton 4 2,Comptroller,,DEM,Thomas P. DiNapoli,17
Oswego,Fulton 4 2,State Assembly,120,DEM,Jim Cannon,10
Oswego,Fulton 4 2,State Assembly,120,DEM,Timothy C. Allers,9
Oswego,Fulton 4 2,State Assembly,120,,Under Votes,1
Oswego,Fulton 4 2,State Committee,120,DEM,Brien Connolly,6
Oswego,Fulton 4 2,State Committee,120,DEM,Elizabeth Passer,11
Oswego,Fulton 4 2,State Committee,120,DEM,Jordan Harcleroad,8
Oswego,Fulton 4 2,State Committee,120,DEM,Shannon Masters,10
Oswego,Fulton 4 2,State Committee,120,,Under Votes,5
Oswego,Fulton 4 2,U.S. House,24,DEM,Alissa J. Ellman,12
Oswego,Fulton 4 2,U.S. House,24,DEM,Diana K. Kastenbaum,4
Oswego,Fulton 4 2,U.S. House,24,,Under Votes,4
Oswego,Fulton 5 1,Ballots Cast,,,,23
Oswego,Fulton 5 1,5th Judicial Alternates,,DEM,Amy Connolly,11
Oswego,Fulton 5 1,5th Judicial Alternates,,DEM,Amy Venskus,11
Oswego,Fulton 5 1,5th Judicial Alternates,,DEM,Barbara Kickbush,10
Oswego,Fulton 5 1,5th Judicial Alternates,,DEM,David Passer,5
Oswego,Fulton 5 1,5th Judicial Alternates,,DEM,Deborah Chambers,11
Oswego,Fulton 5 1,5th Judicial Alternates,,DEM,Diane Zeller,5
Oswego,Fulton 5 1,5th Judicial Alternates,,DEM,Jace E. Dunlap,3
Oswego,Fulton 5 1,5th Judicial Alternates,,DEM,Kathleen Mantaro,9
Oswego,Fulton 5 1,5th Judicial Alternates,,DEM,Marianne Hart,9
Oswego,Fulton 5 1,5th Judicial Alternates,,DEM,Randy Anthony Ladd,1
Oswego,Fulton 5 1,5th Judicial Alternates,,DEM,Ryan Taylor,14
Oswego,Fulton 5 1,5th Judicial Alternates,,DEM,Thomas Rinefierd,2
Oswego,Fulton 5 1,5th Judicial Alternates,,,Under Votes,70
Oswego,Fulton 5 1,5th Judicial Delegates,,DEM,Bailey Lovenguth,4
Oswego,Fulton 5 1,5th Judicial Delegates,,DEM,Christine Weisenburger,12
Oswego,Fulton 5 1,5th Judicial Delegates,,DEM,Elizabeth R. Passer,15
Oswego,Fulton 5 1,5th Judicial Delegates,,DEM,James Cannon,5
Oswego,Fulton 5 1,5th Judicial Delegates,,DEM,Joseph Hart,3
Oswego,Fulton 5 1,5th Judicial Delegates,,DEM,Julienne Dean,7
Oswego,Fulton 5 1,5th Judicial Delegates,,DEM,Juniper Mae Dunlap,4
Oswego,Fulton 5 1,5th Judicial Delegates,,DEM,Mary Regan Benson,9
Oswego,Fulton 5 1,5th Judicial Delegates,,DEM,Michael Dineen,6
Oswego,Fulton 5 1,5th Judicial Delegates,,DEM,Michelle Newvine,10
Oswego,Fulton 5 1,5th Judicial Delegates,,DEM,Mona Heck,10
Oswego,Fulton 5 1,5th Judicial Delegates,,DEM,Patrick Dunlap,4
Oswego,Fulton 5 1,5th Judicial Delegates,,DEM,Stephanie McHugh-Edwards,12
Oswego,Fulton 5 1,5th Judicial Delegates,,,Under Votes,60
Oswego,Fulton 5 1,Comptroller,,DEM,Drew Warshaw,1
Oswego,Fulton 5 1,Comptroller,,DEM,Raj Goyle,1
Oswego,Fulton 5 1,Comptroller,,DEM,Thomas P. DiNapoli,21
Oswego,Fulton 5 1,State Assembly,120,DEM,Jim Cannon,6
Oswego,Fulton 5 1,State Assembly,120,DEM,Timothy C. Allers,16
Oswego,Fulton 5 1,State Assembly,120,,Under Votes,1
Oswego,Fulton 5 1,State Committee,120,DEM,Brien Connolly,4
Oswego,Fulton 5 1,State Committee,120,DEM,Elizabeth Passer,15
Oswego,Fulton 5 1,State Committee,120,DEM,Jordan Harcleroad,3
Oswego,Fulton 5 1,State Committee,120,DEM,Shannon Masters,13
Oswego,Fulton 5 1,State Committee,120,,Over Votes,2
Oswego,Fulton 5 1,State Committee,120,,Under Votes,9
Oswego,Fulton 5 1,U.S. House,24,DEM,Alissa J. Ellman,13
Oswego,Fulton 5 1,U.S. House,24,DEM,Diana K. Kastenbaum,10
Oswego,Fulton 5 2,Ballots Cast,,,,12
Oswego,Fulton 5 2,5th Judicial Alternates,,DEM,Amy Connolly,6
Oswego,Fulton 5 2,5th Judicial Alternates,,DEM,Amy Venskus,8
Oswego,Fulton 5 2,5th Judicial Alternates,,DEM,Barbara Kickbush,5
Oswego,Fulton 5 2,5th Judicial Alternates,,DEM,David Passer,5
Oswego,Fulton 5 2,5th Judicial Alternates,,DEM,Deborah Chambers,6
Oswego,Fulton 5 2,5th Judicial Alternates,,DEM,Diane Zeller,8
Oswego,Fulton 5 2,5th Judicial Alternates,,DEM,Jace E. Dunlap,2
Oswego,Fulton 5 2,5th Judicial Alternates,,DEM,Kathleen Mantaro,8
Oswego,Fulton 5 2,5th Judicial Alternates,,DEM,Marianne Hart,8
Oswego,Fulton 5 2,5th Judicial Alternates,,DEM,Randy Anthony Ladd,2
Oswego,Fulton 5 2,5th Judicial Alternates,,DEM,Ryan Taylor,8
Oswego,Fulton 5 2,5th Judicial Alternates,,DEM,Thomas Rinefierd,2
Oswego,Fulton 5 2,5th Judicial Alternates,,,Under Votes,16
Oswego,Fulton 5 2,5th Judicial Delegates,,DEM,Bailey Lovenguth,2
Oswego,Fulton 5 2,5th Judicial Delegates,,DEM,Christine Weisenburger,9
Oswego,Fulton 5 2,5th Judicial Delegates,,DEM,Elizabeth R. Passer,9
Oswego,Fulton 5 2,5th Judicial Delegates,,DEM,James Cannon,3
Oswego,Fulton 5 2,5th Judicial Delegates,,DEM,Joseph Hart,3
Oswego,Fulton 5 2,5th Judicial Delegates,,DEM,Julienne Dean,6
Oswego,Fulton 5 2,5th Judicial Delegates,,DEM,Juniper Mae Dunlap,5
Oswego,Fulton 5 2,5th Judicial Delegates,,DEM,Mary Regan Benson,6
Oswego,Fulton 5 2,5th Judicial Delegates,,DEM,Michael Dineen,3
Oswego,Fulton 5 2,5th Judicial Delegates,,DEM,Michelle Newvine,4
Oswego,Fulton 5 2,5th Judicial Delegates,,DEM,Mona Heck,5
Oswego,Fulton 5 2,5th Judicial Delegates,,DEM,Patrick Dunlap,3
Oswego,Fulton 5 2,5th Judicial Delegates,,DEM,Stephanie McHugh-Edwards,9
Oswego,Fulton 5 2,5th Judicial Delegates,,,Under Votes,17
Oswego,Fulton 5 2,Comptroller,,DEM,Raj Goyle,1
Oswego,Fulton 5 2,Comptroller,,DEM,Thomas P. DiNapoli,11
Oswego,Fulton 5 2,State Assembly,120,DEM,Jim Cannon,2
Oswego,Fulton 5 2,State Assembly,120,DEM,Timothy C. Allers,9
Oswego,Fulton 5 2,State Assembly,120,,Under Votes,1
Oswego,Fulton 5 2,State Committee,120,DEM,Brien Connolly,2
Oswego,Fulton 5 2,State Committee,120,DEM,Elizabeth Passer,8
Oswego,Fulton 5 2,State Committee,120,DEM,Jordan Harcleroad,2
Oswego,Fulton 5 2,State Committee,120,DEM,Shannon Masters,10
Oswego,Fulton 5 2,State Committee,120,,Under Votes,2
Oswego,Fulton 5 2,U.S. House,24,DEM,Alissa J. Ellman,6
Oswego,Fulton 5 2,U.S. House,24,DEM,Diana K. Kastenbaum,4
Oswego,Fulton 5 2,U.S. House,24,,Under Votes,2
Oswego,Fulton 6 1,Ballots Cast,,,,12
Oswego,Fulton 6 1,5th Judicial Alternates,,DEM,Amy Connolly,4
Oswego,Fulton 6 1,5th Judicial Alternates,,DEM,Amy Venskus,4
Oswego,Fulton 6 1,5th Judicial Alternates,,DEM,Barbara Kickbush,6
Oswego,Fulton 6 1,5th Judicial Alternates,,DEM,David Passer,3
Oswego,Fulton 6 1,5th Judicial Alternates,,DEM,Deborah Chambers,7
Oswego,Fulton 6 1,5th Judicial Alternates,,DEM,Diane Zeller,9
Oswego,Fulton 6 1,5th Judicial Alternates,,DEM,Jace E. Dunlap,4
Oswego,Fulton 6 1,5th Judicial Alternates,,DEM,Kathleen Mantaro,8
Oswego,Fulton 6 1,5th Judicial Alternates,,DEM,Marianne Hart,8
Oswego,Fulton 6 1,5th Judicial Alternates,,DEM,Randy Anthony Ladd,2
Oswego,Fulton 6 1,5th Judicial Alternates,,DEM,Ryan Taylor,9
Oswego,Fulton 6 1,5th Judicial Alternates,,DEM,Thomas Rinefierd,3
Oswego,Fulton 6 1,5th Judicial Alternates,,,Under Votes,17
Oswego,Fulton 6 1,5th Judicial Delegates,,DEM,Bailey Lovenguth,3
Oswego,Fulton 6 1,5th Judicial Delegates,,DEM,Christine Weisenburger,7
Oswego,Fulton 6 1,5th Judicial Delegates,,DEM,Elizabeth R. Passer,6
Oswego,Fulton 6 1,5th Judicial Delegates,,DEM,James Cannon,3
Oswego,Fulton 6 1,5th Judicial Delegates,,DEM,Joseph Hart,2
Oswego,Fulton 6 1,5th Judicial Delegates,,DEM,Julienne Dean,6
Oswego,Fulton 6 1,5th Judicial Delegates,,DEM,Juniper Mae Dunlap,4
Oswego,Fulton 6 1,5th Judicial Delegates,,DEM,Mary Regan Benson,5
Oswego,Fulton 6 1,5th Judicial Delegates,,DEM,Michael Dineen,3
Oswego,Fulton 6 1,5th Judicial Delegates,,DEM,Michelle Newvine,6
Oswego,Fulton 6 1,5th Judicial Delegates,,DEM,Mona Heck,5
Oswego,Fulton 6 1,5th Judicial Delegates,,DEM,Patrick Dunlap,5
Oswego,Fulton 6 1,5th Judicial Delegates,,DEM,Stephanie McHugh-Edwards,7
Oswego,Fulton 6 1,5th Judicial Delegates,,,Under Votes,22
Oswego,Fulton 6 1,Comptroller,,DEM,Raj Goyle,2
Oswego,Fulton 6 1,Comptroller,,DEM,Thomas P. DiNapoli,7
Oswego,Fulton 6 1,Comptroller,,,Over Votes,1
Oswego,Fulton 6 1,Comptroller,,,Under Votes,2
Oswego,Fulton 6 1,State Assembly,120,DEM,Jim Cannon,4
Oswego,Fulton 6 1,State Assembly,120,DEM,Timothy C. Allers,7
Oswego,Fulton 6 1,State Assembly,120,,Under Votes,1
Oswego,Fulton 6 1,State Committee,120,DEM,Brien Connolly,4
Oswego,Fulton 6 1,State Committee,120,DEM,Elizabeth Passer,4
Oswego,Fulton 6 1,State Committee,120,DEM,Jordan Harcleroad,4
Oswego,Fulton 6 1,State Committee,120,DEM,Shannon Masters,6
Oswego,Fulton 6 1,State Committee,120,,Under Votes,6
Oswego,Fulton 6 1,U.S. House,24,DEM,Alissa J. Ellman,7
Oswego,Fulton 6 1,U.S. House,24,DEM,Diana K. Kastenbaum,4
Oswego,Fulton 6 1,U.S. House,24,,Under Votes,1
Oswego,Fulton 6 2,Ballots Cast,,,,4
Oswego,Fulton 6 2,5th Judicial Alternates,,DEM,David Passer,1
Oswego,Fulton 6 2,5th Judicial Alternates,,DEM,Deborah Chambers,1
Oswego,Fulton 6 2,5th Judicial Alternates,,DEM,Diane Zeller,1
Oswego,Fulton 6 2,5th Judicial Alternates,,DEM,Ryan Taylor,3
Oswego,Fulton 6 2,5th Judicial Alternates,,,Under Votes,22
Oswego,Fulton 6 2,5th Judicial Delegates,,DEM,Christine Weisenburger,1
Oswego,Fulton 6 2,5th Judicial Delegates,,DEM,Elizabeth R. Passer,2
Oswego,Fulton 6 2,5th Judicial Delegates,,DEM,James Cannon,1
Oswego,Fulton 6 2,5th Judicial Delegates,,DEM,Joseph Hart,1
Oswego,Fulton 6 2,5th Judicial Delegates,,DEM,Julienne Dean,1
Oswego,Fulton 6 2,5th Judicial Delegates,,DEM,Juniper Mae Dunlap,1
Oswego,Fulton 6 2,5th Judicial Delegates,,DEM,Michelle Newvine,1
Oswego,Fulton 6 2,5th Judicial Delegates,,DEM,Patrick Dunlap,1
Oswego,Fulton 6 2,5th Judicial Delegates,,DEM,Stephanie McHugh-Edwards,2
Oswego,Fulton 6 2,5th Judicial Delegates,,,Under Votes,17
Oswego,Fulton 6 2,Comptroller,,DEM,Drew Warshaw,1
Oswego,Fulton 6 2,Comptroller,,DEM,Thomas P. DiNapoli,3
Oswego,Fulton 6 2,State Assembly,120,DEM,Jim Cannon,2
Oswego,Fulton 6 2,State Assembly,120,DEM,Timothy C. Allers,2
Oswego,Fulton 6 2,State Committee,120,DEM,Brien Connolly,1
Oswego,Fulton 6 2,State Committee,120,DEM,Elizabeth Passer,2
Oswego,Fulton 6 2,State Committee,120,DEM,Jordan Harcleroad,2
Oswego,Fulton 6 2,State Committee,120,DEM,Shannon Masters,2
Oswego,Fulton 6 2,State Committee,120,,Under Votes,1
Oswego,Fulton 6 2,U.S. House,24,DEM,Alissa J. Ellman,3
Oswego,Fulton 6 2,U.S. House,24,DEM,Diana K. Kastenbaum,1
