county,precinct,office,district,party,candidate,votes
Monroe,Leg. Dist. 17 - 1,Ballots Cast,,,,144
Monroe,Leg. Dist. 17 - 1,Comptroller,,DEM,Drew Warshaw,22
Monroe,Leg. Dist. 17 - 1,Comptroller,,DEM,Raj Goyle,20
Monroe,Leg. Dist. 17 - 1,Comptroller,,DEM,Thomas P DiNapoli,97
Monroe,Leg. Dist. 17 - 1,Comptroller,,DEM,Write-in,2
Monroe,Leg. Dist. 17 - 1,Comptroller,,,Under Votes,3
Monroe,Leg. Dist. 17 - 1,U.S. House,25,DEM,Joseph D Morelle,59
Monroe,Leg. Dist. 17 - 1,U.S. House,25,DEM,Robin Wilt,75
Monroe,Leg. Dist. 17 - 1,U.S. House,25,DEM,Sherita S Traywick,6
Monroe,Leg. Dist. 17 - 1,U.S. House,25,DEM,Write-in,2
Monroe,Leg. Dist. 17 - 1,U.S. House,25,,Under Votes,2
Monroe,Leg. Dist. 17 - 2,Ballots Cast,,,,26
Monroe,Leg. Dist. 17 - 2,Comptroller,,DEM,Drew Warshaw,7
Monroe,Leg. Dist. 17 - 2,Comptroller,,DEM,Raj Goyle,4
Monroe,Leg. Dist. 17 - 2,Comptroller,,DEM,Thomas P DiNapoli,13
Monroe,Leg. Dist. 17 - 2,Comptroller,,DEM,Write-in,1
Monroe,Leg. Dist. 17 - 2,Comptroller,,,Under Votes,1
Monroe,Leg. Dist. 17 - 2,U.S. House,25,DEM,Joseph D Morelle,14
Monroe,Leg. Dist. 17 - 2,U.S. House,25,DEM,Robin Wilt,10
Monroe,Leg. Dist. 17 - 2,U.S. House,25,DEM,Sherita S Traywick,1
Monroe,Leg. Dist. 17 - 2,U.S. House,25,,Under Votes,1
Monroe,Leg. Dist. 17 - 3,Ballots Cast,,,,185
Monroe,Leg. Dist. 17 - 3,Comptroller,,DEM,Drew Warshaw,53
Monroe,Leg. Dist. 17 - 3,Comptroller,,DEM,Raj Goyle,35
Monroe,Leg. Dist. 17 - 3,Comptroller,,DEM,Thomas P DiNapoli,88
Monroe,Leg. Dist. 17 - 3,Comptroller,,DEM,Write-in,2
Monroe,Leg. Dist. 17 - 3,Comptroller,,,Under Votes,7
Monroe,Leg. Dist. 17 - 3,U.S. House,25,DEM,Joseph D Morelle,81
Monroe,Leg. Dist. 17 - 3,U.S. House,25,DEM,Robin Wilt,94
Monroe,Leg. Dist. 17 - 3,U.S. House,25,DEM,Sherita S Traywick,10
Monroe,Leg. Dist. 17 - 4,Ballots Cast,,,,89
Monroe,Leg. Dist. 17 - 4,Comptroller,,DEM,Drew Warshaw,19
Monroe,Leg. Dist. 17 - 4,Comptroller,,DEM,Raj Goyle,13
Monroe,Leg. Dist. 17 - 4,Comptroller,,DEM,Thomas P DiNapoli,52
Monroe,Leg. Dist. 17 - 4,Comptroller,,,Over Votes,1
Monroe,Leg. Dist. 17 - 4,Comptroller,,,Under Votes,4
Monroe,Leg. Dist. 17 - 4,U.S. House,25,DEM,Joseph D Morelle,45
Monroe,Leg. Dist. 17 - 4,U.S. House,25,DEM,Robin Wilt,41
Monroe,Leg. Dist. 17 - 4,U.S. House,25,DEM,Sherita S Traywick,3
Monroe,Leg. Dist. 17 - 5,Ballots Cast,,,,132
Monroe,Leg. Dist. 17 - 5,Comptroller,,DEM,Drew Warshaw,19
Monroe,Leg. Dist. 17 - 5,Comptroller,,DEM,Raj Goyle,10
Monroe,Leg. Dist. 17 - 5,Comptroller,,DEM,Thomas P DiNapoli,100
Monroe,Leg. Dist. 17 - 5,Comptroller,,,Under Votes,3
Monroe,Leg. Dist. 17 - 5,U.S. House,25,DEM,Joseph D Morelle,73
Monroe,Leg. Dist. 17 - 5,U.S. House,25,DEM,Robin Wilt,51
Monroe,Leg. Dist. 17 - 5,U.S. House,25,DEM,Sherita S Traywick,8
Monroe,Leg. Dist. 17 - 6,Ballots Cast,,,,128
Monroe,Leg. Dist. 17 - 6,Comptroller,,DEM,Drew Warshaw,18
Monroe,Leg. Dist. 17 - 6,Comptroller,,DEM,Raj Goyle,7
Monroe,Leg. Dist. 17 - 6,Comptroller,,DEM,Thomas P DiNapoli,96
Monroe,Leg. Dist. 17 - 6,Comptroller,,,Over Votes,1
Monroe,Leg. Dist. 17 - 6,Comptroller,,,Under Votes,6
Monroe,Leg. Dist. 17 - 6,U.S. House,25,DEM,Joseph D Morelle,81
Monroe,Leg. Dist. 17 - 6,U.S. House,25,DEM,Robin Wilt,44
Monroe,Leg. Dist. 17 - 6,U.S. House,25,DEM,Sherita S Traywick,2
Monroe,Leg. Dist. 17 - 6,U.S. House,25,,Under Votes,1
Monroe,Leg. Dist. 17 - 7,Ballots Cast,,,,182
Monroe,Leg. Dist. 17 - 7,Comptroller,,DEM,Drew Warshaw,25
Monroe,Leg. Dist. 17 - 7,Comptroller,,DEM,Raj Goyle,25
Monroe,Leg. Dist. 17 - 7,Comptroller,,DEM,Thomas P DiNapoli,127
Monroe,Leg. Dist. 17 - 7,Comptroller,,DEM,Write-in,1
Monroe,Leg. Dist. 17 - 7,Comptroller,,,Over Votes,1
Monroe,Leg. Dist. 17 - 7,Comptroller,,,Under Votes,3
Monroe,Leg. Dist. 17 - 7,U.S. House,25,DEM,Joseph D Morelle,107
Monroe,Leg. Dist. 17 - 7,U.S. House,25,DEM,Robin Wilt,63
Monroe,Leg. Dist. 17 - 7,U.S. House,25,DEM,Sherita S Traywick,9
Monroe,Leg. Dist. 17 - 7,U.S. House,25,DEM,Write-in,1
Monroe,Leg. Dist. 17 - 7,U.S. House,25,,Over Votes,1
Monroe,Leg. Dist. 17 - 7,U.S. House,25,,Under Votes,1
Monroe,Leg. Dist. 17 - 8,Ballots Cast,,,,99
Monroe,Leg. Dist. 17 - 8,Comptroller,,DEM,Drew Warshaw,20
Monroe,Leg. Dist. 17 - 8,Comptroller,,DEM,Raj Goyle,16
Monroe,Leg. Dist. 17 - 8,Comptroller,,DEM,Thomas P DiNapoli,57
Monroe,Leg. Dist. 17 - 8,Comptroller,,,Under Votes,6
Monroe,Leg. Dist. 17 - 8,U.S. House,25,DEM,Joseph D Morelle,37
Monroe,Leg. Dist. 17 - 8,U.S. House,25,DEM,Robin Wilt,56
Monroe,Leg. Dist. 17 - 8,U.S. House,25,DEM,Sherita S Traywick,6
Monroe,Leg. Dist. 21 - 1,Ballots Cast,,,,50
Monroe,Leg. Dist. 21 - 1,Comptroller,,DEM,Drew Warshaw,11
Monroe,Leg. Dist. 21 - 1,Comptroller,,DEM,Raj Goyle,3
Monroe,Leg. Dist. 21 - 1,Comptroller,,DEM,Thomas P DiNapoli,32
Monroe,Leg. Dist. 21 - 1,Comptroller,,,Under Votes,4
Monroe,Leg. Dist. 21 - 1,U.S. House,25,DEM,Joseph D Morelle,27
Monroe,Leg. Dist. 21 - 1,U.S. House,25,DEM,Robin Wilt,18
Monroe,Leg. Dist. 21 - 1,U.S. House,25,DEM,Sherita S Traywick,4
Monroe,Leg. Dist. 21 - 1,U.S. House,25,,Under Votes,1
Monroe,Leg. Dist. 21 - 2,Ballots Cast,,,,71
Monroe,Leg. Dist. 21 - 2,Comptroller,,DEM,Drew Warshaw,11
Monroe,Leg. Dist. 21 - 2,Comptroller,,DEM,Raj Goyle,9
Monroe,Leg. Dist. 21 - 2,Comptroller,,DEM,Thomas P DiNapoli,47
Monroe,Leg. Dist. 21 - 2,Comptroller,,,Under Votes,4
Monroe,Leg. Dist. 21 - 2,U.S. House,25,DEM,Joseph D Morelle,46
Monroe,Leg. Dist. 21 - 2,U.S. House,25,DEM,Robin Wilt,17
Monroe,Leg. Dist. 21 - 2,U.S. House,25,DEM,Sherita S Traywick,4
Monroe,Leg. Dist. 21 - 2,U.S. House,25,DEM,Write-in,1
Monroe,Leg. Dist. 21 - 2,U.S. House,25,,Under Votes,3
Monroe,Leg. Dist. 21 - 3,Ballots Cast,,,,136
Monroe,Leg. Dist. 21 - 3,Comptroller,,DEM,Drew Warshaw,30
Monroe,Leg. Dist. 21 - 3,Comptroller,,DEM,Raj Goyle,12
Monroe,Leg. Dist. 21 - 3,Comptroller,,DEM,Thomas P DiNapoli,87
Monroe,Leg. Dist. 21 - 3,Comptroller,,,Under Votes,6
Monroe,Leg. Dist. 21 - 3,U.S. House,25,DEM,Joseph D Morelle,61
Monroe,Leg. Dist. 21 - 3,U.S. House,25,DEM,Robin Wilt,64
Monroe,Leg. Dist. 21 - 3,U.S. House,25,DEM,Sherita S Traywick,10
Monroe,Leg. Dist. 21 - 3,U.S. House,25,,Under Votes,1
Monroe,Leg. Dist. 21 - 4,Ballots Cast,,,,61
Monroe,Leg. Dist. 21 - 4,Comptroller,,DEM,Drew Warshaw,7
Monroe,Leg. Dist. 21 - 4,Comptroller,,DEM,Raj Goyle,8
Monroe,Leg. Dist. 21 - 4,Comptroller,,DEM,Thomas P DiNapoli,41
Monroe,Leg. Dist. 21 - 4,Comptroller,,,Under Votes,5
Monroe,Leg. Dist. 21 - 4,Judicial Delegate - 7th JD 137th AD,,DEM,"Abigail Gonzalez, Jr",30
Monroe,Leg. Dist. 21 - 4,Judicial Delegate - 7th JD 137th AD,,DEM,Allison G Chefalo,23
Monroe,Leg. Dist. 21 - 4,Judicial Delegate - 7th JD 137th AD,,DEM,Beatriz B Lebron,32
Monroe,Leg. Dist. 21 - 4,Judicial Delegate - 7th JD 137th AD,,DEM,Campbell P Roth,23
Monroe,Leg. Dist. 21 - 4,Judicial Delegate - 7th JD 137th AD,,DEM,Demond L Meeks,47
Monroe,Leg. Dist. 21 - 4,Judicial Delegate - 7th JD 137th AD,,DEM,Jeremy A Cooney,41
Monroe,Leg. Dist. 21 - 4,Judicial Delegate - 7th JD 137th AD,,DEM,Katelyn Plonczynski,18
Monroe,Leg. Dist. 21 - 4,Judicial Delegate - 7th JD 137th AD,,DEM,Ricky G Frazier,29
Monroe,Leg. Dist. 21 - 4,Judicial Delegate - 7th JD 137th AD,,DEM,Rose E Bonnick,32
Monroe,Leg. Dist. 21 - 4,Judicial Delegate - 7th JD 137th AD,,,Under Votes,213
Monroe,Leg. Dist. 21 - 4,State Assembly,137,DEM,Demond L Meeks,46
Monroe,Leg. Dist. 21 - 4,State Assembly,137,DEM,Mercedes Vazquez-Simmons,14
Monroe,Leg. Dist. 21 - 4,State Assembly,137,,Under Votes,1
Monroe,Leg. Dist. 21 - 4,State Committee,137-Female,DEM,Mercedes Vazquez-Simmons,46
Monroe,Leg. Dist. 21 - 4,State Committee,137-Female,DEM,Rose E Bonnick,13
Monroe,Leg. Dist. 21 - 4,State Committee,137-Female,,Under Votes,2
Monroe,Leg. Dist. 21 - 4,State Committee,137-Male,DEM,"Clifford A Florence, Jr",14
Monroe,Leg. Dist. 21 - 4,State Committee,137-Male,DEM,Demond L Meeks,44
Monroe,Leg. Dist. 21 - 4,State Committee,137-Male,,Under Votes,3
Monroe,Leg. Dist. 21 - 4,U.S. House,25,DEM,Joseph D Morelle,45
Monroe,Leg. Dist. 21 - 4,U.S. House,25,DEM,Robin Wilt,8
Monroe,Leg. Dist. 21 - 4,U.S. House,25,DEM,Sherita S Traywick,6
Monroe,Leg. Dist. 21 - 4,U.S. House,25,,Over Votes,1
Monroe,Leg. Dist. 21 - 4,U.S. House,25,,Under Votes,1
Monroe,Leg. Dist. 21 - 5,Ballots Cast,,,,85
Monroe,Leg. Dist. 21 - 5,Comptroller,,DEM,Drew Warshaw,14
Monroe,Leg. Dist. 21 - 5,Comptroller,,DEM,Raj Goyle,19
Monroe,Leg. Dist. 21 - 5,Comptroller,,DEM,Thomas P DiNapoli,49
Monroe,Leg. Dist. 21 - 5,Comptroller,,,Under Votes,3
Monroe,Leg. Dist. 21 - 5,U.S. House,25,DEM,Joseph D Morelle,41
Monroe,Leg. Dist. 21 - 5,U.S. House,25,DEM,Robin Wilt,34
Monroe,Leg. Dist. 21 - 5,U.S. House,25,DEM,Sherita S Traywick,10
Monroe,Leg. Dist. 21 - 6,Ballots Cast,,,,75
Monroe,Leg. Dist. 21 - 6,Comptroller,,DEM,Drew Warshaw,14
Monroe,Leg. Dist. 21 - 6,Comptroller,,DEM,Raj Goyle,9
Monroe,Leg. Dist. 21 - 6,Comptroller,,DEM,Thomas P DiNapoli,48
Monroe,Leg. Dist. 21 - 6,Comptroller,,,Under Votes,4
Monroe,Leg. Dist. 21 - 6,U.S. House,25,DEM,Joseph D Morelle,37
Monroe,Leg. Dist. 21 - 6,U.S. House,25,DEM,Robin Wilt,33
Monroe,Leg. Dist. 21 - 6,U.S. House,25,DEM,Sherita S Traywick,3
Monroe,Leg. Dist. 21 - 6,U.S. House,25,,Under Votes,2
Monroe,Leg. Dist. 21 - 7,Ballots Cast,,,,27
Monroe,Leg. Dist. 21 - 7,Comptroller,,DEM,Drew Warshaw,4
Monroe,Leg. Dist. 21 - 7,Comptroller,,DEM,Raj Goyle,3
Monroe,Leg. Dist. 21 - 7,Comptroller,,DEM,Thomas P DiNapoli,15
Monroe,Leg. Dist. 21 - 7,Comptroller,,DEM,Write-in,1
Monroe,Leg. Dist. 21 - 7,Comptroller,,,Under Votes,4
Monroe,Leg. Dist. 21 - 7,U.S. House,25,DEM,Joseph D Morelle,19
Monroe,Leg. Dist. 21 - 7,U.S. House,25,DEM,Robin Wilt,6
Monroe,Leg. Dist. 21 - 7,U.S. House,25,DEM,Sherita S Traywick,2
Monroe,Leg. Dist. 21 - 8,Ballots Cast,,,,45
Monroe,Leg. Dist. 21 - 8,Comptroller,,DEM,Drew Warshaw,4
Monroe,Leg. Dist. 21 - 8,Comptroller,,DEM,Raj Goyle,6
Monroe,Leg. Dist. 21 - 8,Comptroller,,DEM,Thomas P DiNapoli,32
Monroe,Leg. Dist. 21 - 8,Comptroller,,,Under Votes,3
Monroe,Leg. Dist. 21 - 8,U.S. House,25,DEM,Joseph D Morelle,31
Monroe,Leg. Dist. 21 - 8,U.S. House,25,DEM,Robin Wilt,10
Monroe,Leg. Dist. 21 - 8,U.S. House,25,DEM,Sherita S Traywick,4
Monroe,Leg. Dist. 21 - 9,Ballots Cast,,,,91
Monroe,Leg. Dist. 21 - 9,Comptroller,,DEM,Drew Warshaw,19
Monroe,Leg. Dist. 21 - 9,Comptroller,,DEM,Raj Goyle,17
Monroe,Leg. Dist. 21 - 9,Comptroller,,DEM,Thomas P DiNapoli,49
Monroe,Leg. Dist. 21 - 9,Comptroller,,,Over Votes,1
Monroe,Leg. Dist. 21 - 9,Comptroller,,,Under Votes,5
Monroe,Leg. Dist. 21 - 9,U.S. House,25,DEM,Joseph D Morelle,42
Monroe,Leg. Dist. 21 - 9,U.S. House,25,DEM,Robin Wilt,44
Monroe,Leg. Dist. 21 - 9,U.S. House,25,DEM,Sherita S Traywick,2
Monroe,Leg. Dist. 21 - 9,U.S. House,25,DEM,Write-in,1
Monroe,Leg. Dist. 21 - 9,U.S. House,25,,Over Votes,1
Monroe,Leg. Dist. 21 - 9,U.S. House,25,,Under Votes,1
Monroe,Leg. Dist. 21 - 10,Ballots Cast,,,,27
Monroe,Leg. Dist. 21 - 10,Comptroller,,DEM,Drew Warshaw,7
Monroe,Leg. Dist. 21 - 10,Comptroller,,DEM,Raj Goyle,1
Monroe,Leg. Dist. 21 - 10,Comptroller,,DEM,Thomas P DiNapoli,17
Monroe,Leg. Dist. 21 - 10,Comptroller,,,Under Votes,2
Monroe,Leg. Dist. 21 - 10,U.S. House,25,DEM,Joseph D Morelle,22
Monroe,Leg. Dist. 21 - 10,U.S. House,25,DEM,Robin Wilt,3
Monroe,Leg. Dist. 21 - 10,U.S. House,25,DEM,Sherita S Traywick,2
Monroe,Leg. Dist. 21 - 11,Ballots Cast,,,,18
Monroe,Leg. Dist. 21 - 11,Comptroller,,DEM,Drew Warshaw,5
Monroe,Leg. Dist. 21 - 11,Comptroller,,DEM,Thomas P DiNapoli,11
Monroe,Leg. Dist. 21 - 11,Comptroller,,DEM,Write-in,2
Monroe,Leg. Dist. 21 - 11,U.S. House,25,DEM,Joseph D Morelle,14
Monroe,Leg. Dist. 21 - 11,U.S. House,25,DEM,Robin Wilt,3
Monroe,Leg. Dist. 21 - 11,U.S. House,25,DEM,Sherita S Traywick,1
Monroe,Leg. Dist. 21 - 12,Ballots Cast,,,,53
Monroe,Leg. Dist. 21 - 12,Comptroller,,DEM,Drew Warshaw,5
Monroe,Leg. Dist. 21 - 12,Comptroller,,DEM,Raj Goyle,4
Monroe,Leg. Dist. 21 - 12,Comptroller,,DEM,Thomas P DiNapoli,41
Monroe,Leg. Dist. 21 - 12,Comptroller,,DEM,Write-in,1
Monroe,Leg. Dist. 21 - 12,Comptroller,,,Under Votes,2
Monroe,Leg. Dist. 21 - 12,U.S. House,25,DEM,Joseph D Morelle,33
Monroe,Leg. Dist. 21 - 12,U.S. House,25,DEM,Robin Wilt,12
Monroe,Leg. Dist. 21 - 12,U.S. House,25,DEM,Sherita S Traywick,7
Monroe,Leg. Dist. 21 - 12,U.S. House,25,DEM,Write-in,1
Monroe,Leg. Dist. 21 - 13,Ballots Cast,,,,60
Monroe,Leg. Dist. 21 - 13,Comptroller,,DEM,Drew Warshaw,8
Monroe,Leg. Dist. 21 - 13,Comptroller,,DEM,Raj Goyle,8
Monroe,Leg. Dist. 21 - 13,Comptroller,,DEM,Thomas P DiNapoli,32
Monroe,Leg. Dist. 21 - 13,Comptroller,,DEM,Write-in,1
Monroe,Leg. Dist. 21 - 13,Comptroller,,,Under Votes,11
Monroe,Leg. Dist. 21 - 13,U.S. House,25,DEM,Joseph D Morelle,26
Monroe,Leg. Dist. 21 - 13,U.S. House,25,DEM,Robin Wilt,24
Monroe,Leg. Dist. 21 - 13,U.S. House,25,DEM,Sherita S Traywick,8
Monroe,Leg. Dist. 21 - 13,U.S. House,25,DEM,Write-in,1
Monroe,Leg. Dist. 21 - 13,U.S. House,25,,Under Votes,1
Monroe,Leg. Dist. 21 - 14,Ballots Cast,,,,62
Monroe,Leg. Dist. 21 - 14,Comptroller,,DEM,Drew Warshaw,6
Monroe,Leg. Dist. 21 - 14,Comptroller,,DEM,Raj Goyle,5
Monroe,Leg. Dist. 21 - 14,Comptroller,,DEM,Thomas P DiNapoli,39
Monroe,Leg. Dist. 21 - 14,Comptroller,,DEM,Write-in,1
Monroe,Leg. Dist. 21 - 14,Comptroller,,,Under Votes,11
Monroe,Leg. Dist. 21 - 14,Judicial Delegate - 7th JD 137th AD,,DEM,"Abigail Gonzalez, Jr",34
Monroe,Leg. Dist. 21 - 14,Judicial Delegate - 7th JD 137th AD,,DEM,Allison G Chefalo,23
Monroe,Leg. Dist. 21 - 14,Judicial Delegate - 7th JD 137th AD,,DEM,Beatriz B Lebron,38
Monroe,Leg. Dist. 21 - 14,Judicial Delegate - 7th JD 137th AD,,DEM,Campbell P Roth,27
Monroe,Leg. Dist. 21 - 14,Judicial Delegate - 7th JD 137th AD,,DEM,Demond L Meeks,46
Monroe,Leg. Dist. 21 - 14,Judicial Delegate - 7th JD 137th AD,,DEM,Jeremy A Cooney,37
Monroe,Leg. Dist. 21 - 14,Judicial Delegate - 7th JD 137th AD,,DEM,Katelyn Plonczynski,17
Monroe,Leg. Dist. 21 - 14,Judicial Delegate - 7th JD 137th AD,,DEM,Ricky G Frazier,27
Monroe,Leg. Dist. 21 - 14,Judicial Delegate - 7th JD 137th AD,,DEM,Rose E Bonnick,31
Monroe,Leg. Dist. 21 - 14,Judicial Delegate - 7th JD 137th AD,,DEM,Write-in,1
Monroe,Leg. Dist. 21 - 14,Judicial Delegate - 7th JD 137th AD,,,Under Votes,215
Monroe,Leg. Dist. 21 - 14,State Assembly,137,DEM,Demond L Meeks,41
Monroe,Leg. Dist. 21 - 14,State Assembly,137,DEM,Mercedes Vazquez-Simmons,15
Monroe,Leg. Dist. 21 - 14,State Assembly,137,DEM,Write-in,1
Monroe,Leg. Dist. 21 - 14,State Assembly,137,,Under Votes,5
Monroe,Leg. Dist. 21 - 14,State Committee,137-Female,DEM,Mercedes Vazquez-Simmons,33
Monroe,Leg. Dist. 21 - 14,State Committee,137-Female,DEM,Rose E Bonnick,18
Monroe,Leg. Dist. 21 - 14,State Committee,137-Female,DEM,Write-in,1
Monroe,Leg. Dist. 21 - 14,State Committee,137-Female,,Under Votes,10
Monroe,Leg. Dist. 21 - 14,State Committee,137-Male,DEM,"Clifford A Florence, Jr",9
Monroe,Leg. Dist. 21 - 14,State Committee,137-Male,DEM,Demond L Meeks,44
Monroe,Leg. Dist. 21 - 14,State Committee,137-Male,DEM,Write-in,1
Monroe,Leg. Dist. 21 - 14,State Committee,137-Male,,Under Votes,8
Monroe,Leg. Dist. 21 - 14,U.S. House,25,DEM,Joseph D Morelle,36
Monroe,Leg. Dist. 21 - 14,U.S. House,25,DEM,Robin Wilt,12
Monroe,Leg. Dist. 21 - 14,U.S. House,25,DEM,Sherita S Traywick,7
Monroe,Leg. Dist. 21 - 14,U.S. House,25,DEM,Write-in,1
Monroe,Leg. Dist. 21 - 14,U.S. House,25,,Under Votes,6
Monroe,Leg. Dist. 21 - 15,Ballots Cast,,,,48
Monroe,Leg. Dist. 21 - 15,Comptroller,,DEM,Drew Warshaw,6
Monroe,Leg. Dist. 21 - 15,Comptroller,,DEM,Raj Goyle,9
Monroe,Leg. Dist. 21 - 15,Comptroller,,DEM,Thomas P DiNapoli,31
Monroe,Leg. Dist. 21 - 15,Comptroller,,,Under Votes,1
Monroe,Leg. Dist. 21 - 15,U.S. House,25,DEM,Joseph D Morelle,24
Monroe,Leg. Dist. 21 - 15,U.S. House,25,DEM,Robin Wilt,16
Monroe,Leg. Dist. 21 - 15,U.S. House,25,DEM,Sherita S Traywick,6
Monroe,Leg. Dist. 21 - 15,U.S. House,25,,Under Votes,2
Monroe,Leg. Dist. 21 - 16,Ballots Cast,,,,27
Monroe,Leg. Dist. 21 - 16,Comptroller,,DEM,Drew Warshaw,3
Monroe,Leg. Dist. 21 - 16,Comptroller,,DEM,Raj Goyle,5
Monroe,Leg. Dist. 21 - 16,Comptroller,,DEM,Thomas P DiNapoli,17
Monroe,Leg. Dist. 21 - 16,Comptroller,,,Under Votes,2
Monroe,Leg. Dist. 21 - 16,U.S. House,25,DEM,Joseph D Morelle,17
Monroe,Leg. Dist. 21 - 16,U.S. House,25,DEM,Robin Wilt,10
Monroe,Leg. Dist. 21 - 17,Ballots Cast,,,,23
Monroe,Leg. Dist. 21 - 17,Comptroller,,DEM,Drew Warshaw,5
Monroe,Leg. Dist. 21 - 17,Comptroller,,DEM,Raj Goyle,4
Monroe,Leg. Dist. 21 - 17,Comptroller,,DEM,Thomas P DiNapoli,13
Monroe,Leg. Dist. 21 - 17,Comptroller,,,Under Votes,1
Monroe,Leg. Dist. 21 - 17,U.S. House,25,DEM,Joseph D Morelle,16
Monroe,Leg. Dist. 21 - 17,U.S. House,25,DEM,Robin Wilt,6
Monroe,Leg. Dist. 21 - 17,U.S. House,25,DEM,Sherita S Traywick,1
Monroe,Leg. Dist. 21 - 18,Ballots Cast,,,,28
Monroe,Leg. Dist. 21 - 18,Comptroller,,DEM,Drew Warshaw,2
Monroe,Leg. Dist. 21 - 18,Comptroller,,DEM,Raj Goyle,4
Monroe,Leg. Dist. 21 - 18,Comptroller,,DEM,Thomas P DiNapoli,22
Monroe,Leg. Dist. 21 - 18,Judicial Delegate - 7th JD 137th AD,,DEM,"Abigail Gonzalez, Jr",16
Monroe,Leg. Dist. 21 - 18,Judicial Delegate - 7th JD 137th AD,,DEM,Allison G Chefalo,15
Monroe,Leg. Dist. 21 - 18,Judicial Delegate - 7th JD 137th AD,,DEM,Beatriz B Lebron,16
Monroe,Leg. Dist. 21 - 18,Judicial Delegate - 7th JD 137th AD,,DEM,Campbell P Roth,16
Monroe,Leg. Dist. 21 - 18,Judicial Delegate - 7th JD 137th AD,,DEM,Demond L Meeks,26
Monroe,Leg. Dist. 21 - 18,Judicial Delegate - 7th JD 137th AD,,DEM,Jeremy A Cooney,24
Monroe,Leg. Dist. 21 - 18,Judicial Delegate - 7th JD 137th AD,,DEM,Katelyn Plonczynski,13
Monroe,Leg. Dist. 21 - 18,Judicial Delegate - 7th JD 137th AD,,DEM,Ricky G Frazier,23
Monroe,Leg. Dist. 21 - 18,Judicial Delegate - 7th JD 137th AD,,DEM,Rose E Bonnick,23
Monroe,Leg. Dist. 21 - 18,Judicial Delegate - 7th JD 137th AD,,,Under Votes,52
Monroe,Leg. Dist. 21 - 18,State Assembly,137,DEM,Demond L Meeks,24
Monroe,Leg. Dist. 21 - 18,State Assembly,137,DEM,Mercedes Vazquez-Simmons,4
Monroe,Leg. Dist. 21 - 18,State Committee,137-Female,DEM,Mercedes Vazquez-Simmons,20
Monroe,Leg. Dist. 21 - 18,State Committee,137-Female,DEM,Rose E Bonnick,8
Monroe,Leg. Dist. 21 - 18,State Committee,137-Male,DEM,"Clifford A Florence, Jr",3
Monroe,Leg. Dist. 21 - 18,State Committee,137-Male,DEM,Demond L Meeks,25
Monroe,Leg. Dist. 21 - 18,U.S. House,25,DEM,Joseph D Morelle,24
Monroe,Leg. Dist. 21 - 18,U.S. House,25,DEM,Robin Wilt,2
Monroe,Leg. Dist. 21 - 18,U.S. House,25,,Under Votes,2
Monroe,Leg. Dist. 21 - 19,Ballots Cast,,,,74
Monroe,Leg. Dist. 21 - 19,Comptroller,,DEM,Drew Warshaw,9
Monroe,Leg. Dist. 21 - 19,Comptroller,,DEM,Raj Goyle,5
Monroe,Leg. Dist. 21 - 19,Comptroller,,DEM,Thomas P DiNapoli,53
Monroe,Leg. Dist. 21 - 19,Comptroller,,,Under Votes,7
Monroe,Leg. Dist. 21 - 19,Judicial Delegate - 7th JD 137th AD,,DEM,"Abigail Gonzalez, Jr",44
Monroe,Leg. Dist. 21 - 19,Judicial Delegate - 7th JD 137th AD,,DEM,Allison G Chefalo,35
Monroe,Leg. Dist. 21 - 19,Judicial Delegate - 7th JD 137th AD,,DEM,Beatriz B Lebron,45
Monroe,Leg. Dist. 21 - 19,Judicial Delegate - 7th JD 137th AD,,DEM,Campbell P Roth,40
Monroe,Leg. Dist. 21 - 19,Judicial Delegate - 7th JD 137th AD,,DEM,Demond L Meeks,64
Monroe,Leg. Dist. 21 - 19,Judicial Delegate - 7th JD 137th AD,,DEM,Jeremy A Cooney,58
Monroe,Leg. Dist. 21 - 19,Judicial Delegate - 7th JD 137th AD,,DEM,Katelyn Plonczynski,27
Monroe,Leg. Dist. 21 - 19,Judicial Delegate - 7th JD 137th AD,,DEM,Ricky G Frazier,46
Monroe,Leg. Dist. 21 - 19,Judicial Delegate - 7th JD 137th AD,,DEM,Rose E Bonnick,47
Monroe,Leg. Dist. 21 - 19,Judicial Delegate - 7th JD 137th AD,,,Under Votes,186
Monroe,Leg. Dist. 21 - 19,State Assembly,137,DEM,Demond L Meeks,59
Monroe,Leg. Dist. 21 - 19,State Assembly,137,DEM,Mercedes Vazquez-Simmons,13
Monroe,Leg. Dist. 21 - 19,State Assembly,137,,Under Votes,2
Monroe,Leg. Dist. 21 - 19,State Committee,137-Female,DEM,Mercedes Vazquez-Simmons,44
Monroe,Leg. Dist. 21 - 19,State Committee,137-Female,DEM,Rose E Bonnick,20
Monroe,Leg. Dist. 21 - 19,State Committee,137-Female,,Under Votes,10
Monroe,Leg. Dist. 21 - 19,State Committee,137-Male,DEM,"Clifford A Florence, Jr",12
Monroe,Leg. Dist. 21 - 19,State Committee,137-Male,DEM,Demond L Meeks,59
Monroe,Leg. Dist. 21 - 19,State Committee,137-Male,,Under Votes,3
Monroe,Leg. Dist. 21 - 19,U.S. House,25,DEM,Joseph D Morelle,54
Monroe,Leg. Dist. 21 - 19,U.S. House,25,DEM,Robin Wilt,8
Monroe,Leg. Dist. 21 - 19,U.S. House,25,DEM,Sherita S Traywick,9
Monroe,Leg. Dist. 21 - 19,U.S. House,25,,Under Votes,3
Monroe,Leg. Dist. 21 - 20,Ballots Cast,,,,28
Monroe,Leg. Dist. 21 - 20,Comptroller,,DEM,Drew Warshaw,2
Monroe,Leg. Dist. 21 - 20,Comptroller,,DEM,Raj Goyle,1
Monroe,Leg. Dist. 21 - 20,Comptroller,,DEM,Thomas P DiNapoli,21
Monroe,Leg. Dist. 21 - 20,Comptroller,,DEM,Write-in,1
Monroe,Leg. Dist. 21 - 20,Comptroller,,,Under Votes,3
Monroe,Leg. Dist. 21 - 20,Judicial Delegate - 7th JD 137th AD,,DEM,"Abigail Gonzalez, Jr",10
Monroe,Leg. Dist. 21 - 20,Judicial Delegate - 7th JD 137th AD,,DEM,Allison G Chefalo,7
Monroe,Leg. Dist. 21 - 20,Judicial Delegate - 7th JD 137th AD,,DEM,Beatriz B Lebron,15
Monroe,Leg. Dist. 21 - 20,Judicial Delegate - 7th JD 137th AD,,DEM,Campbell P Roth,6
Monroe,Leg. Dist. 21 - 20,Judicial Delegate - 7th JD 137th AD,,DEM,Demond L Meeks,23
Monroe,Leg. Dist. 21 - 20,Judicial Delegate - 7th JD 137th AD,,DEM,Jeremy A Cooney,16
Monroe,Leg. Dist. 21 - 20,Judicial Delegate - 7th JD 137th AD,,DEM,Katelyn Plonczynski,6
Monroe,Leg. Dist. 21 - 20,Judicial Delegate - 7th JD 137th AD,,DEM,Ricky G Frazier,12
Monroe,Leg. Dist. 21 - 20,Judicial Delegate - 7th JD 137th AD,,DEM,Rose E Bonnick,13
Monroe,Leg. Dist. 21 - 20,Judicial Delegate - 7th JD 137th AD,,DEM,Write-in,1
Monroe,Leg. Dist. 21 - 20,Judicial Delegate - 7th JD 137th AD,,,Under Votes,115
Monroe,Leg. Dist. 21 - 20,State Assembly,137,DEM,Demond L Meeks,25
Monroe,Leg. Dist. 21 - 20,State Assembly,137,DEM,Mercedes Vazquez-Simmons,3
Monroe,Leg. Dist. 21 - 20,State Committee,137-Female,DEM,Mercedes Vazquez-Simmons,11
Monroe,Leg. Dist. 21 - 20,State Committee,137-Female,DEM,Rose E Bonnick,15
Monroe,Leg. Dist. 21 - 20,State Committee,137-Female,DEM,Write-in,1
Monroe,Leg. Dist. 21 - 20,State Committee,137-Female,,Under Votes,1
Monroe,Leg. Dist. 21 - 20,State Committee,137-Male,DEM,"Clifford A Florence, Jr",5
Monroe,Leg. Dist. 21 - 20,State Committee,137-Male,DEM,Demond L Meeks,22
Monroe,Leg. Dist. 21 - 20,State Committee,137-Male,,Under Votes,1
Monroe,Leg. Dist. 21 - 20,U.S. House,25,DEM,Joseph D Morelle,18
Monroe,Leg. Dist. 21 - 20,U.S. House,25,DEM,Robin Wilt,7
Monroe,Leg. Dist. 21 - 20,U.S. House,25,DEM,Sherita S Traywick,3
Monroe,Leg. Dist. 22 - 1,Ballots Cast,,,,58
Monroe,Leg. Dist. 22 - 1,Comptroller,,DEM,Drew Warshaw,7
Monroe,Leg. Dist. 22 - 1,Comptroller,,DEM,Raj Goyle,4
Monroe,Leg. Dist. 22 - 1,Comptroller,,DEM,Thomas P DiNapoli,42
Monroe,Leg. Dist. 22 - 1,Comptroller,,,Under Votes,5
Monroe,Leg. Dist. 22 - 1,Judicial Delegate - 7th JD 137th AD,,DEM,"Abigail Gonzalez, Jr",32
Monroe,Leg. Dist. 22 - 1,Judicial Delegate - 7th JD 137th AD,,DEM,Allison G Chefalo,23
Monroe,Leg. Dist. 22 - 1,Judicial Delegate - 7th JD 137th AD,,DEM,Beatriz B Lebron,35
Monroe,Leg. Dist. 22 - 1,Judicial Delegate - 7th JD 137th AD,,DEM,Campbell P Roth,25
Monroe,Leg. Dist. 22 - 1,Judicial Delegate - 7th JD 137th AD,,DEM,Demond L Meeks,51
Monroe,Leg. Dist. 22 - 1,Judicial Delegate - 7th JD 137th AD,,DEM,Jeremy A Cooney,38
Monroe,Leg. Dist. 22 - 1,Judicial Delegate - 7th JD 137th AD,,DEM,Katelyn Plonczynski,19
Monroe,Leg. Dist. 22 - 1,Judicial Delegate - 7th JD 137th AD,,DEM,Ricky G Frazier,28
Monroe,Leg. Dist. 22 - 1,Judicial Delegate - 7th JD 137th AD,,DEM,Rose E Bonnick,34
Monroe,Leg. Dist. 22 - 1,Judicial Delegate - 7th JD 137th AD,,,Under Votes,179
Monroe,Leg. Dist. 22 - 1,State Assembly,137,DEM,Demond L Meeks,45
Monroe,Leg. Dist. 22 - 1,State Assembly,137,DEM,Mercedes Vazquez-Simmons,12
Monroe,Leg. Dist. 22 - 1,State Assembly,137,,Under Votes,1
Monroe,Leg. Dist. 22 - 1,State Committee,137-Female,DEM,Mercedes Vazquez-Simmons,39
Monroe,Leg. Dist. 22 - 1,State Committee,137-Female,DEM,Rose E Bonnick,14
Monroe,Leg. Dist. 22 - 1,State Committee,137-Female,,Under Votes,5
Monroe,Leg. Dist. 22 - 1,State Committee,137-Male,DEM,"Clifford A Florence, Jr",7
Monroe,Leg. Dist. 22 - 1,State Committee,137-Male,DEM,Demond L Meeks,47
Monroe,Leg. Dist. 22 - 1,State Committee,137-Male,,Under Votes,4
Monroe,Leg. Dist. 22 - 1,U.S. House,25,DEM,Joseph D Morelle,42
Monroe,Leg. Dist. 22 - 1,U.S. House,25,DEM,Robin Wilt,3
Monroe,Leg. Dist. 22 - 1,U.S. House,25,DEM,Sherita S Traywick,8
Monroe,Leg. Dist. 22 - 1,U.S. House,25,,Under Votes,5
Monroe,Leg. Dist. 22 - 2,Ballots Cast,,,,15
Monroe,Leg. Dist. 22 - 2,Comptroller,,DEM,Drew Warshaw,3
Monroe,Leg. Dist. 22 - 2,Comptroller,,DEM,Raj Goyle,1
Monroe,Leg. Dist. 22 - 2,Comptroller,,DEM,Thomas P DiNapoli,7
Monroe,Leg. Dist. 22 - 2,Comptroller,,,Under Votes,4
Monroe,Leg. Dist. 22 - 2,Judicial Delegate - 7th JD 137th AD,,DEM,"Abigail Gonzalez, Jr",5
Monroe,Leg. Dist. 22 - 2,Judicial Delegate - 7th JD 137th AD,,DEM,Allison G Chefalo,3
Monroe,Leg. Dist. 22 - 2,Judicial Delegate - 7th JD 137th AD,,DEM,Beatriz B Lebron,5
Monroe,Leg. Dist. 22 - 2,Judicial Delegate - 7th JD 137th AD,,DEM,Campbell P Roth,3
Monroe,Leg. Dist. 22 - 2,Judicial Delegate - 7th JD 137th AD,,DEM,Demond L Meeks,14
Monroe,Leg. Dist. 22 - 2,Judicial Delegate - 7th JD 137th AD,,DEM,Jeremy A Cooney,7
Monroe,Leg. Dist. 22 - 2,Judicial Delegate - 7th JD 137th AD,,DEM,Ricky G Frazier,6
Monroe,Leg. Dist. 22 - 2,Judicial Delegate - 7th JD 137th AD,,DEM,Rose E Bonnick,5
Monroe,Leg. Dist. 22 - 2,Judicial Delegate - 7th JD 137th AD,,,Under Votes,72
Monroe,Leg. Dist. 22 - 2,State Assembly,137,DEM,Demond L Meeks,13
Monroe,Leg. Dist. 22 - 2,State Assembly,137,DEM,Mercedes Vazquez-Simmons,1
Monroe,Leg. Dist. 22 - 2,State Assembly,137,,Under Votes,1
Monroe,Leg. Dist. 22 - 2,State Committee,137-Female,DEM,Mercedes Vazquez-Simmons,6
Monroe,Leg. Dist. 22 - 2,State Committee,137-Female,DEM,Rose E Bonnick,4
Monroe,Leg. Dist. 22 - 2,State Committee,137-Female,,Under Votes,5
Monroe,Leg. Dist. 22 - 2,State Committee,137-Male,DEM,"Clifford A Florence, Jr",2
Monroe,Leg. Dist. 22 - 2,State Committee,137-Male,DEM,Demond L Meeks,12
Monroe,Leg. Dist. 22 - 2,State Committee,137-Male,,Under Votes,1
Monroe,Leg. Dist. 22 - 2,U.S. House,25,DEM,Joseph D Morelle,6
Monroe,Leg. Dist. 22 - 2,U.S. House,25,DEM,Robin Wilt,2
Monroe,Leg. Dist. 22 - 2,U.S. House,25,DEM,Sherita S Traywick,3
Monroe,Leg. Dist. 22 - 2,U.S. House,25,,Under Votes,4
Monroe,Leg. Dist. 22 - 3,Ballots Cast,,,,25
Monroe,Leg. Dist. 22 - 3,Comptroller,,DEM,Drew Warshaw,3
Monroe,Leg. Dist. 22 - 3,Comptroller,,DEM,Raj Goyle,2
Monroe,Leg. Dist. 22 - 3,Comptroller,,DEM,Thomas P DiNapoli,12
Monroe,Leg. Dist. 22 - 3,Comptroller,,,Under Votes,8
Monroe,Leg. Dist. 22 - 3,Judicial Delegate - 7th JD 137th AD,,DEM,"Abigail Gonzalez, Jr",11
Monroe,Leg. Dist. 22 - 3,Judicial Delegate - 7th JD 137th AD,,DEM,Allison G Chefalo,6
Monroe,Leg. Dist. 22 - 3,Judicial Delegate - 7th JD 137th AD,,DEM,Beatriz B Lebron,11
Monroe,Leg. Dist. 22 - 3,Judicial Delegate - 7th JD 137th AD,,DEM,Campbell P Roth,6
Monroe,Leg. Dist. 22 - 3,Judicial Delegate - 7th JD 137th AD,,DEM,Demond L Meeks,11
Monroe,Leg. Dist. 22 - 3,Judicial Delegate - 7th JD 137th AD,,DEM,Jeremy A Cooney,10
Monroe,Leg. Dist. 22 - 3,Judicial Delegate - 7th JD 137th AD,,DEM,Katelyn Plonczynski,6
Monroe,Leg. Dist. 22 - 3,Judicial Delegate - 7th JD 137th AD,,DEM,Ricky G Frazier,9
Monroe,Leg. Dist. 22 - 3,Judicial Delegate - 7th JD 137th AD,,DEM,Rose E Bonnick,7
Monroe,Leg. Dist. 22 - 3,Judicial Delegate - 7th JD 137th AD,,,Under Votes,123
Monroe,Leg. Dist. 22 - 3,State Assembly,137,DEM,Demond L Meeks,9
Monroe,Leg. Dist. 22 - 3,State Assembly,137,DEM,Mercedes Vazquez-Simmons,14
Monroe,Leg. Dist. 22 - 3,State Assembly,137,,Under Votes,2
Monroe,Leg. Dist. 22 - 3,State Committee,137-Female,DEM,Mercedes Vazquez-Simmons,18
Monroe,Leg. Dist. 22 - 3,State Committee,137-Female,DEM,Rose E Bonnick,3
Monroe,Leg. Dist. 22 - 3,State Committee,137-Female,,Under Votes,4
Monroe,Leg. Dist. 22 - 3,State Committee,137-Male,DEM,"Clifford A Florence, Jr",4
Monroe,Leg. Dist. 22 - 3,State Committee,137-Male,DEM,Demond L Meeks,12
Monroe,Leg. Dist. 22 - 3,State Committee,137-Male,,Under Votes,9
Monroe,Leg. Dist. 22 - 3,U.S. House,25,DEM,Joseph D Morelle,14
Monroe,Leg. Dist. 22 - 3,U.S. House,25,DEM,Robin Wilt,3
Monroe,Leg. Dist. 22 - 3,U.S. House,25,DEM,Sherita S Traywick,3
Monroe,Leg. Dist. 22 - 3,U.S. House,25,,Under Votes,5
Monroe,Leg. Dist. 22 - 4,Ballots Cast,,,,30
Monroe,Leg. Dist. 22 - 4,Comptroller,,DEM,Drew Warshaw,4
Monroe,Leg. Dist. 22 - 4,Comptroller,,DEM,Raj Goyle,3
Monroe,Leg. Dist. 22 - 4,Comptroller,,DEM,Thomas P DiNapoli,13
Monroe,Leg. Dist. 22 - 4,Comptroller,,,Under Votes,10
Monroe,Leg. Dist. 22 - 4,Judicial Delegate - 7th JD 137th AD,,DEM,"Abigail Gonzalez, Jr",17
Monroe,Leg. Dist. 22 - 4,Judicial Delegate - 7th JD 137th AD,,DEM,Allison G Chefalo,4
Monroe,Leg. Dist. 22 - 4,Judicial Delegate - 7th JD 137th AD,,DEM,Beatriz B Lebron,16
Monroe,Leg. Dist. 22 - 4,Judicial Delegate - 7th JD 137th AD,,DEM,Campbell P Roth,8
Monroe,Leg. Dist. 22 - 4,Judicial Delegate - 7th JD 137th AD,,DEM,Demond L Meeks,19
Monroe,Leg. Dist. 22 - 4,Judicial Delegate - 7th JD 137th AD,,DEM,Jeremy A Cooney,17
Monroe,Leg. Dist. 22 - 4,Judicial Delegate - 7th JD 137th AD,,DEM,Katelyn Plonczynski,2
Monroe,Leg. Dist. 22 - 4,Judicial Delegate - 7th JD 137th AD,,DEM,Ricky G Frazier,13
Monroe,Leg. Dist. 22 - 4,Judicial Delegate - 7th JD 137th AD,,DEM,Rose E Bonnick,12
Monroe,Leg. Dist. 22 - 4,Judicial Delegate - 7th JD 137th AD,,,Under Votes,132
Monroe,Leg. Dist. 22 - 4,State Assembly,137,DEM,Demond L Meeks,12
Monroe,Leg. Dist. 22 - 4,State Assembly,137,DEM,Mercedes Vazquez-Simmons,18
Monroe,Leg. Dist. 22 - 4,State Committee,137-Female,DEM,Mercedes Vazquez-Simmons,20
Monroe,Leg. Dist. 22 - 4,State Committee,137-Female,DEM,Rose E Bonnick,8
Monroe,Leg. Dist. 22 - 4,State Committee,137-Female,,Under Votes,2
Monroe,Leg. Dist. 22 - 4,State Committee,137-Male,DEM,"Clifford A Florence, Jr",9
Monroe,Leg. Dist. 22 - 4,State Committee,137-Male,DEM,Demond L Meeks,16
Monroe,Leg. Dist. 22 - 4,State Committee,137-Male,,Over Votes,1
Monroe,Leg. Dist. 22 - 4,State Committee,137-Male,,Under Votes,4
Monroe,Leg. Dist. 22 - 4,U.S. House,25,DEM,Joseph D Morelle,16
Monroe,Leg. Dist. 22 - 4,U.S. House,25,DEM,Sherita S Traywick,6
Monroe,Leg. Dist. 22 - 4,U.S. House,25,,Under Votes,8
Monroe,Leg. Dist. 22 - 5,Ballots Cast,,,,20
Monroe,Leg. Dist. 22 - 5,Comptroller,,DEM,Drew Warshaw,4
Monroe,Leg. Dist. 22 - 5,Comptroller,,DEM,Raj Goyle,4
Monroe,Leg. Dist. 22 - 5,Comptroller,,DEM,Thomas P DiNapoli,10
Monroe,Leg. Dist. 22 - 5,Comptroller,,,Under Votes,2
Monroe,Leg. Dist. 22 - 5,Judicial Delegate - 7th JD 137th AD,,DEM,"Abigail Gonzalez, Jr",10
Monroe,Leg. Dist. 22 - 5,Judicial Delegate - 7th JD 137th AD,,DEM,Allison G Chefalo,6
Monroe,Leg. Dist. 22 - 5,Judicial Delegate - 7th JD 137th AD,,DEM,Beatriz B Lebron,10
Monroe,Leg. Dist. 22 - 5,Judicial Delegate - 7th JD 137th AD,,DEM,Campbell P Roth,8
Monroe,Leg. Dist. 22 - 5,Judicial Delegate - 7th JD 137th AD,,DEM,Demond L Meeks,13
Monroe,Leg. Dist. 22 - 5,Judicial Delegate - 7th JD 137th AD,,DEM,Jeremy A Cooney,12
Monroe,Leg. Dist. 22 - 5,Judicial Delegate - 7th JD 137th AD,,DEM,Katelyn Plonczynski,3
Monroe,Leg. Dist. 22 - 5,Judicial Delegate - 7th JD 137th AD,,DEM,Ricky G Frazier,8
Monroe,Leg. Dist. 22 - 5,Judicial Delegate - 7th JD 137th AD,,DEM,Rose E Bonnick,11
Monroe,Leg. Dist. 22 - 5,Judicial Delegate - 7th JD 137th AD,,,Under Votes,79
Monroe,Leg. Dist. 22 - 5,State Assembly,137,DEM,Demond L Meeks,11
Monroe,Leg. Dist. 22 - 5,State Assembly,137,DEM,Mercedes Vazquez-Simmons,9
Monroe,Leg. Dist. 22 - 5,State Committee,137-Female,DEM,Mercedes Vazquez-Simmons,12
Monroe,Leg. Dist. 22 - 5,State Committee,137-Female,DEM,Rose E Bonnick,6
Monroe,Leg. Dist. 22 - 5,State Committee,137-Female,,Under Votes,2
Monroe,Leg. Dist. 22 - 5,State Committee,137-Male,DEM,"Clifford A Florence, Jr",2
Monroe,Leg. Dist. 22 - 5,State Committee,137-Male,DEM,Demond L Meeks,13
Monroe,Leg. Dist. 22 - 5,State Committee,137-Male,,Under Votes,5
Monroe,Leg. Dist. 22 - 5,U.S. House,25,DEM,Joseph D Morelle,13
Monroe,Leg. Dist. 22 - 5,U.S. House,25,DEM,Robin Wilt,2
Monroe,Leg. Dist. 22 - 5,U.S. House,25,DEM,Sherita S Traywick,3
Monroe,Leg. Dist. 22 - 5,U.S. House,25,,Under Votes,2
Monroe,Leg. Dist. 22 - 6,Ballots Cast,,,,32
Monroe,Leg. Dist. 22 - 6,Comptroller,,DEM,Drew Warshaw,4
Monroe,Leg. Dist. 22 - 6,Comptroller,,DEM,Raj Goyle,1
Monroe,Leg. Dist. 22 - 6,Comptroller,,DEM,Thomas P DiNapoli,19
Monroe,Leg. Dist. 22 - 6,Comptroller,,,Under Votes,8
Monroe,Leg. Dist. 22 - 6,Judicial Delegate - 7th JD 137th AD,,DEM,"Abigail Gonzalez, Jr",17
Monroe,Leg. Dist. 22 - 6,Judicial Delegate - 7th JD 137th AD,,DEM,Allison G Chefalo,16
Monroe,Leg. Dist. 22 - 6,Judicial Delegate - 7th JD 137th AD,,DEM,Beatriz B Lebron,17
Monroe,Leg. Dist. 22 - 6,Judicial Delegate - 7th JD 137th AD,,DEM,Campbell P Roth,15
Monroe,Leg. Dist. 22 - 6,Judicial Delegate - 7th JD 137th AD,,DEM,Demond L Meeks,26
Monroe,Leg. Dist. 22 - 6,Judicial Delegate - 7th JD 137th AD,,DEM,Jeremy A Cooney,22
Monroe,Leg. Dist. 22 - 6,Judicial Delegate - 7th JD 137th AD,,DEM,Katelyn Plonczynski,11
Monroe,Leg. Dist. 22 - 6,Judicial Delegate - 7th JD 137th AD,,DEM,Ricky G Frazier,19
Monroe,Leg. Dist. 22 - 6,Judicial Delegate - 7th JD 137th AD,,DEM,Rose E Bonnick,16
Monroe,Leg. Dist. 22 - 6,Judicial Delegate - 7th JD 137th AD,,,Under Votes,97
Monroe,Leg. Dist. 22 - 6,State Assembly,137,DEM,Demond L Meeks,26
Monroe,Leg. Dist. 22 - 6,State Assembly,137,DEM,Mercedes Vazquez-Simmons,3
Monroe,Leg. Dist. 22 - 6,State Assembly,137,,Over Votes,1
Monroe,Leg. Dist. 22 - 6,State Assembly,137,,Under Votes,2
Monroe,Leg. Dist. 22 - 6,State Committee,137-Female,DEM,Mercedes Vazquez-Simmons,16
Monroe,Leg. Dist. 22 - 6,State Committee,137-Female,DEM,Rose E Bonnick,7
Monroe,Leg. Dist. 22 - 6,State Committee,137-Female,,Under Votes,9
Monroe,Leg. Dist. 22 - 6,State Committee,137-Male,DEM,"Clifford A Florence, Jr",1
Monroe,Leg. Dist. 22 - 6,State Committee,137-Male,DEM,Demond L Meeks,27
Monroe,Leg. Dist. 22 - 6,State Committee,137-Male,,Under Votes,4
Monroe,Leg. Dist. 22 - 6,U.S. House,25,DEM,Joseph D Morelle,25
Monroe,Leg. Dist. 22 - 6,U.S. House,25,DEM,Robin Wilt,1
Monroe,Leg. Dist. 22 - 6,U.S. House,25,DEM,Sherita S Traywick,2
Monroe,Leg. Dist. 22 - 6,U.S. House,25,,Under Votes,4
Monroe,Leg. Dist. 22 - 7,Ballots Cast,,,,112
Monroe,Leg. Dist. 22 - 7,Comptroller,,DEM,Drew Warshaw,16
Monroe,Leg. Dist. 22 - 7,Comptroller,,DEM,Raj Goyle,18
Monroe,Leg. Dist. 22 - 7,Comptroller,,DEM,Thomas P DiNapoli,70
Monroe,Leg. Dist. 22 - 7,Comptroller,,,Under Votes,8
Monroe,Leg. Dist. 22 - 7,Judicial Delegate - 7th JD 137th AD,,DEM,"Abigail Gonzalez, Jr",55
Monroe,Leg. Dist. 22 - 7,Judicial Delegate - 7th JD 137th AD,,DEM,Allison G Chefalo,47
Monroe,Leg. Dist. 22 - 7,Judicial Delegate - 7th JD 137th AD,,DEM,Beatriz B Lebron,61
Monroe,Leg. Dist. 22 - 7,Judicial Delegate - 7th JD 137th AD,,DEM,Campbell P Roth,52
Monroe,Leg. Dist. 22 - 7,Judicial Delegate - 7th JD 137th AD,,DEM,Demond L Meeks,82
Monroe,Leg. Dist. 22 - 7,Judicial Delegate - 7th JD 137th AD,,DEM,Jeremy A Cooney,76
Monroe,Leg. Dist. 22 - 7,Judicial Delegate - 7th JD 137th AD,,DEM,Katelyn Plonczynski,38
Monroe,Leg. Dist. 22 - 7,Judicial Delegate - 7th JD 137th AD,,DEM,Ricky G Frazier,51
Monroe,Leg. Dist. 22 - 7,Judicial Delegate - 7th JD 137th AD,,DEM,Rose E Bonnick,63
Monroe,Leg. Dist. 22 - 7,Judicial Delegate - 7th JD 137th AD,,DEM,Write-in,1
Monroe,Leg. Dist. 22 - 7,Judicial Delegate - 7th JD 137th AD,,,Under Votes,370
Monroe,Leg. Dist. 22 - 7,State Assembly,137,DEM,Demond L Meeks,77
Monroe,Leg. Dist. 22 - 7,State Assembly,137,DEM,Mercedes Vazquez-Simmons,34
Monroe,Leg. Dist. 22 - 7,State Assembly,137,,Under Votes,1
Monroe,Leg. Dist. 22 - 7,State Committee,137-Female,DEM,Mercedes Vazquez-Simmons,81
Monroe,Leg. Dist. 22 - 7,State Committee,137-Female,DEM,Rose E Bonnick,20
Monroe,Leg. Dist. 22 - 7,State Committee,137-Female,,Under Votes,11
Monroe,Leg. Dist. 22 - 7,State Committee,137-Male,DEM,"Clifford A Florence, Jr",18
Monroe,Leg. Dist. 22 - 7,State Committee,137-Male,DEM,Demond L Meeks,88
Monroe,Leg. Dist. 22 - 7,State Committee,137-Male,,Under Votes,6
Monroe,Leg. Dist. 22 - 7,U.S. House,25,DEM,Joseph D Morelle,65
Monroe,Leg. Dist. 22 - 7,U.S. House,25,DEM,Robin Wilt,34
Monroe,Leg. Dist. 22 - 7,U.S. House,25,DEM,Sherita S Traywick,8
Monroe,Leg. Dist. 22 - 7,U.S. House,25,,Under Votes,5
Monroe,Leg. Dist. 22 - 8,Ballots Cast,,,,35
Monroe,Leg. Dist. 22 - 8,Comptroller,,DEM,Drew Warshaw,8
Monroe,Leg. Dist. 22 - 8,Comptroller,,DEM,Raj Goyle,3
Monroe,Leg. Dist. 22 - 8,Comptroller,,DEM,Thomas P DiNapoli,19
Monroe,Leg. Dist. 22 - 8,Comptroller,,,Under Votes,5
Monroe,Leg. Dist. 22 - 8,Judicial Delegate - 7th JD 137th AD,,DEM,"Abigail Gonzalez, Jr",14
Monroe,Leg. Dist. 22 - 8,Judicial Delegate - 7th JD 137th AD,,DEM,Allison G Chefalo,10
Monroe,Leg. Dist. 22 - 8,Judicial Delegate - 7th JD 137th AD,,DEM,Beatriz B Lebron,12
Monroe,Leg. Dist. 22 - 8,Judicial Delegate - 7th JD 137th AD,,DEM,Campbell P Roth,7
Monroe,Leg. Dist. 22 - 8,Judicial Delegate - 7th JD 137th AD,,DEM,Demond L Meeks,26
Monroe,Leg. Dist. 22 - 8,Judicial Delegate - 7th JD 137th AD,,DEM,Jeremy A Cooney,14
Monroe,Leg. Dist. 22 - 8,Judicial Delegate - 7th JD 137th AD,,DEM,Katelyn Plonczynski,14
Monroe,Leg. Dist. 22 - 8,Judicial Delegate - 7th JD 137th AD,,DEM,Ricky G Frazier,11
Monroe,Leg. Dist. 22 - 8,Judicial Delegate - 7th JD 137th AD,,DEM,Rose E Bonnick,21
Monroe,Leg. Dist. 22 - 8,Judicial Delegate - 7th JD 137th AD,,,Under Votes,151
Monroe,Leg. Dist. 22 - 8,State Assembly,137,DEM,Demond L Meeks,28
Monroe,Leg. Dist. 22 - 8,State Assembly,137,DEM,Mercedes Vazquez-Simmons,7
Monroe,Leg. Dist. 22 - 8,State Committee,137-Female,DEM,Mercedes Vazquez-Simmons,18
Monroe,Leg. Dist. 22 - 8,State Committee,137-Female,DEM,Rose E Bonnick,12
Monroe,Leg. Dist. 22 - 8,State Committee,137-Female,,Under Votes,5
Monroe,Leg. Dist. 22 - 8,State Committee,137-Male,DEM,"Clifford A Florence, Jr",4
Monroe,Leg. Dist. 22 - 8,State Committee,137-Male,DEM,Demond L Meeks,30
Monroe,Leg. Dist. 22 - 8,State Committee,137-Male,,Under Votes,1
Monroe,Leg. Dist. 22 - 8,U.S. House,25,DEM,Joseph D Morelle,22
Monroe,Leg. Dist. 22 - 8,U.S. House,25,DEM,Robin Wilt,5
Monroe,Leg. Dist. 22 - 8,U.S. House,25,DEM,Sherita S Traywick,7
Monroe,Leg. Dist. 22 - 8,U.S. House,25,,Under Votes,1
Monroe,Leg. Dist. 22 - 9,Ballots Cast,,,,25
Monroe,Leg. Dist. 22 - 9,Comptroller,,DEM,Drew Warshaw,2
Monroe,Leg. Dist. 22 - 9,Comptroller,,DEM,Raj Goyle,3
Monroe,Leg. Dist. 22 - 9,Comptroller,,DEM,Thomas P DiNapoli,17
Monroe,Leg. Dist. 22 - 9,Comptroller,,DEM,Write-in,1
Monroe,Leg. Dist. 22 - 9,Comptroller,,,Under Votes,2
Monroe,Leg. Dist. 22 - 9,Judicial Delegate - 7th JD 137th AD,,DEM,"Abigail Gonzalez, Jr",13
Monroe,Leg. Dist. 22 - 9,Judicial Delegate - 7th JD 137th AD,,DEM,Allison G Chefalo,10
Monroe,Leg. Dist. 22 - 9,Judicial Delegate - 7th JD 137th AD,,DEM,Beatriz B Lebron,16
Monroe,Leg. Dist. 22 - 9,Judicial Delegate - 7th JD 137th AD,,DEM,Campbell P Roth,13
Monroe,Leg. Dist. 22 - 9,Judicial Delegate - 7th JD 137th AD,,DEM,Demond L Meeks,20
Monroe,Leg. Dist. 22 - 9,Judicial Delegate - 7th JD 137th AD,,DEM,Jeremy A Cooney,20
Monroe,Leg. Dist. 22 - 9,Judicial Delegate - 7th JD 137th AD,,DEM,Katelyn Plonczynski,6
Monroe,Leg. Dist. 22 - 9,Judicial Delegate - 7th JD 137th AD,,DEM,Ricky G Frazier,13
Monroe,Leg. Dist. 22 - 9,Judicial Delegate - 7th JD 137th AD,,DEM,Rose E Bonnick,19
Monroe,Leg. Dist. 22 - 9,Judicial Delegate - 7th JD 137th AD,,DEM,Write-in,1
Monroe,Leg. Dist. 22 - 9,Judicial Delegate - 7th JD 137th AD,,,Under Votes,69
Monroe,Leg. Dist. 22 - 9,State Assembly,137,DEM,Demond L Meeks,22
Monroe,Leg. Dist. 22 - 9,State Assembly,137,DEM,Mercedes Vazquez-Simmons,3
Monroe,Leg. Dist. 22 - 9,State Committee,137-Female,DEM,Mercedes Vazquez-Simmons,13
Monroe,Leg. Dist. 22 - 9,State Committee,137-Female,DEM,Rose E Bonnick,9
Monroe,Leg. Dist. 22 - 9,State Committee,137-Female,,Under Votes,3
Monroe,Leg. Dist. 22 - 9,State Committee,137-Male,DEM,"Clifford A Florence, Jr",4
Monroe,Leg. Dist. 22 - 9,State Committee,137-Male,DEM,Demond L Meeks,20
Monroe,Leg. Dist. 22 - 9,State Committee,137-Male,,Under Votes,1
Monroe,Leg. Dist. 22 - 9,U.S. House,25,DEM,Joseph D Morelle,17
Monroe,Leg. Dist. 22 - 9,U.S. House,25,DEM,Robin Wilt,5
Monroe,Leg. Dist. 22 - 9,U.S. House,25,DEM,Sherita S Traywick,3
Monroe,Leg. Dist. 22 - 10,Ballots Cast,,,,75
Monroe,Leg. Dist. 22 - 10,Comptroller,,DEM,Drew Warshaw,10
Monroe,Leg. Dist. 22 - 10,Comptroller,,DEM,Raj Goyle,4
Monroe,Leg. Dist. 22 - 10,Comptroller,,DEM,Thomas P DiNapoli,52
Monroe,Leg. Dist. 22 - 10,Comptroller,,,Under Votes,9
Monroe,Leg. Dist. 22 - 10,Judicial Delegate - 7th JD 137th AD,,DEM,"Abigail Gonzalez, Jr",36
Monroe,Leg. Dist. 22 - 10,Judicial Delegate - 7th JD 137th AD,,DEM,Allison G Chefalo,28
Monroe,Leg. Dist. 22 - 10,Judicial Delegate - 7th JD 137th AD,,DEM,Beatriz B Lebron,34
Monroe,Leg. Dist. 22 - 10,Judicial Delegate - 7th JD 137th AD,,DEM,Campbell P Roth,31
Monroe,Leg. Dist. 22 - 10,Judicial Delegate - 7th JD 137th AD,,DEM,Demond L Meeks,61
Monroe,Leg. Dist. 22 - 10,Judicial Delegate - 7th JD 137th AD,,DEM,Jeremy A Cooney,49
Monroe,Leg. Dist. 22 - 10,Judicial Delegate - 7th JD 137th AD,,DEM,Katelyn Plonczynski,20
Monroe,Leg. Dist. 22 - 10,Judicial Delegate - 7th JD 137th AD,,DEM,Ricky G Frazier,39
Monroe,Leg. Dist. 22 - 10,Judicial Delegate - 7th JD 137th AD,,DEM,Rose E Bonnick,36
Monroe,Leg. Dist. 22 - 10,Judicial Delegate - 7th JD 137th AD,,,Under Votes,266
Monroe,Leg. Dist. 22 - 10,State Assembly,137,DEM,Demond L Meeks,60
Monroe,Leg. Dist. 22 - 10,State Assembly,137,DEM,Mercedes Vazquez-Simmons,12
Monroe,Leg. Dist. 22 - 10,State Assembly,137,,Under Votes,3
Monroe,Leg. Dist. 22 - 10,State Committee,137-Female,DEM,Mercedes Vazquez-Simmons,49
Monroe,Leg. Dist. 22 - 10,State Committee,137-Female,DEM,Rose E Bonnick,16
Monroe,Leg. Dist. 22 - 10,State Committee,137-Female,,Under Votes,10
Monroe,Leg. Dist. 22 - 10,State Committee,137-Male,DEM,"Clifford A Florence, Jr",8
Monroe,Leg. Dist. 22 - 10,State Committee,137-Male,DEM,Demond L Meeks,61
Monroe,Leg. Dist. 22 - 10,State Committee,137-Male,,Under Votes,6
Monroe,Leg. Dist. 22 - 10,U.S. House,25,DEM,Joseph D Morelle,48
Monroe,Leg. Dist. 22 - 10,U.S. House,25,DEM,Robin Wilt,11
Monroe,Leg. Dist. 22 - 10,U.S. House,25,DEM,Sherita S Traywick,11
Monroe,Leg. Dist. 22 - 10,U.S. House,25,,Over Votes,1
Monroe,Leg. Dist. 22 - 10,U.S. House,25,,Under Votes,4
Monroe,Leg. Dist. 22 - 11,Ballots Cast,,,,71
Monroe,Leg. Dist. 22 - 11,Comptroller,,DEM,Drew Warshaw,15
Monroe,Leg. Dist. 22 - 11,Comptroller,,DEM,Raj Goyle,9
Monroe,Leg. Dist. 22 - 11,Comptroller,,DEM,Thomas P DiNapoli,37
Monroe,Leg. Dist. 22 - 11,Comptroller,,DEM,Write-in,1
Monroe,Leg. Dist. 22 - 11,Comptroller,,,Under Votes,9
Monroe,Leg. Dist. 22 - 11,Judicial Delegate - 7th JD 137th AD,,DEM,"Abigail Gonzalez, Jr",37
Monroe,Leg. Dist. 22 - 11,Judicial Delegate - 7th JD 137th AD,,DEM,Allison G Chefalo,29
Monroe,Leg. Dist. 22 - 11,Judicial Delegate - 7th JD 137th AD,,DEM,Beatriz B Lebron,38
Monroe,Leg. Dist. 22 - 11,Judicial Delegate - 7th JD 137th AD,,DEM,Campbell P Roth,31
Monroe,Leg. Dist. 22 - 11,Judicial Delegate - 7th JD 137th AD,,DEM,Demond L Meeks,58
Monroe,Leg. Dist. 22 - 11,Judicial Delegate - 7th JD 137th AD,,DEM,Jeremy A Cooney,41
Monroe,Leg. Dist. 22 - 11,Judicial Delegate - 7th JD 137th AD,,DEM,Katelyn Plonczynski,22
Monroe,Leg. Dist. 22 - 11,Judicial Delegate - 7th JD 137th AD,,DEM,Ricky G Frazier,37
Monroe,Leg. Dist. 22 - 11,Judicial Delegate - 7th JD 137th AD,,DEM,Rose E Bonnick,39
Monroe,Leg. Dist. 22 - 11,Judicial Delegate - 7th JD 137th AD,,,Under Votes,236
Monroe,Leg. Dist. 22 - 11,State Assembly,137,DEM,Demond L Meeks,52
Monroe,Leg. Dist. 22 - 11,State Assembly,137,DEM,Mercedes Vazquez-Simmons,17
Monroe,Leg. Dist. 22 - 11,State Assembly,137,DEM,Write-in,1
Monroe,Leg. Dist. 22 - 11,State Assembly,137,,Under Votes,1
Monroe,Leg. Dist. 22 - 11,State Committee,137-Female,DEM,Mercedes Vazquez-Simmons,45
Monroe,Leg. Dist. 22 - 11,State Committee,137-Female,DEM,Rose E Bonnick,20
Monroe,Leg. Dist. 22 - 11,State Committee,137-Female,,Under Votes,6
Monroe,Leg. Dist. 22 - 11,State Committee,137-Male,DEM,"Clifford A Florence, Jr",16
Monroe,Leg. Dist. 22 - 11,State Committee,137-Male,DEM,Demond L Meeks,50
Monroe,Leg. Dist. 22 - 11,State Committee,137-Male,,Under Votes,5
Monroe,Leg. Dist. 22 - 11,U.S. House,25,DEM,Joseph D Morelle,35
Monroe,Leg. Dist. 22 - 11,U.S. House,25,DEM,Robin Wilt,30
Monroe,Leg. Dist. 22 - 11,U.S. House,25,DEM,Sherita S Traywick,4
Monroe,Leg. Dist. 22 - 11,U.S. House,25,DEM,Write-in,1
Monroe,Leg. Dist. 22 - 11,U.S. House,25,,Under Votes,1
Monroe,Leg. Dist. 22 - 12,Ballots Cast,,,,19
Monroe,Leg. Dist. 22 - 12,Comptroller,,DEM,Drew Warshaw,4
Monroe,Leg. Dist. 22 - 12,Comptroller,,DEM,Thomas P DiNapoli,10
Monroe,Leg. Dist. 22 - 12,Comptroller,,,Under Votes,3
Monroe,Leg. Dist. 22 - 12,Judicial Delegate - 7th JD 137th AD,,DEM,"Abigail Gonzalez, Jr",7
Monroe,Leg. Dist. 22 - 12,Judicial Delegate - 7th JD 137th AD,,DEM,Allison G Chefalo,6
Monroe,Leg. Dist. 22 - 12,Judicial Delegate - 7th JD 137th AD,,DEM,Beatriz B Lebron,8
Monroe,Leg. Dist. 22 - 12,Judicial Delegate - 7th JD 137th AD,,DEM,Campbell P Roth,5
Monroe,Leg. Dist. 22 - 12,Judicial Delegate - 7th JD 137th AD,,DEM,Demond L Meeks,13
Monroe,Leg. Dist. 22 - 12,Judicial Delegate - 7th JD 137th AD,,DEM,Jeremy A Cooney,9
Monroe,Leg. Dist. 22 - 12,Judicial Delegate - 7th JD 137th AD,,DEM,Katelyn Plonczynski,4
Monroe,Leg. Dist. 22 - 12,Judicial Delegate - 7th JD 137th AD,,DEM,Ricky G Frazier,7
Monroe,Leg. Dist. 22 - 12,Judicial Delegate - 7th JD 137th AD,,DEM,Rose E Bonnick,5
Monroe,Leg. Dist. 22 - 12,Judicial Delegate - 7th JD 137th AD,,,Under Votes,72
Monroe,Leg. Dist. 22 - 12,State Assembly,137,DEM,Demond L Meeks,11
Monroe,Leg. Dist. 22 - 12,State Assembly,137,DEM,Mercedes Vazquez-Simmons,5
Monroe,Leg. Dist. 22 - 12,State Assembly,137,,Under Votes,1
Monroe,Leg. Dist. 22 - 12,State Committee,137-Female,DEM,Mercedes Vazquez-Simmons,10
Monroe,Leg. Dist. 22 - 12,State Committee,137-Female,DEM,Rose E Bonnick,2
Monroe,Leg. Dist. 22 - 12,State Committee,137-Female,,Under Votes,5
Monroe,Leg. Dist. 22 - 12,State Committee,137-Male,DEM,"Clifford A Florence, Jr",3
Monroe,Leg. Dist. 22 - 12,State Committee,137-Male,DEM,Demond L Meeks,13
Monroe,Leg. Dist. 22 - 12,State Committee,137-Male,,Under Votes,1
Monroe,Leg. Dist. 22 - 12,U.S. House,25,DEM,Joseph D Morelle,15
Monroe,Leg. Dist. 22 - 12,U.S. House,25,DEM,Robin Wilt,4
Monroe,Leg. Dist. 22 - 13,Ballots Cast,,,,26
Monroe,Leg. Dist. 22 - 13,Comptroller,,DEM,Drew Warshaw,1
Monroe,Leg. Dist. 22 - 13,Comptroller,,DEM,Raj Goyle,2
Monroe,Leg. Dist. 22 - 13,Comptroller,,DEM,Thomas P DiNapoli,15
Monroe,Leg. Dist. 22 - 13,Comptroller,,,Under Votes,8
Monroe,Leg. Dist. 22 - 13,Judicial Delegate - 7th JD 137th AD,,DEM,"Abigail Gonzalez, Jr",13
Monroe,Leg. Dist. 22 - 13,Judicial Delegate - 7th JD 137th AD,,DEM,Allison G Chefalo,4
Monroe,Leg. Dist. 22 - 13,Judicial Delegate - 7th JD 137th AD,,DEM,Beatriz B Lebron,11
Monroe,Leg. Dist. 22 - 13,Judicial Delegate - 7th JD 137th AD,,DEM,Campbell P Roth,8
Monroe,Leg. Dist. 22 - 13,Judicial Delegate - 7th JD 137th AD,,DEM,Demond L Meeks,16
Monroe,Leg. Dist. 22 - 13,Judicial Delegate - 7th JD 137th AD,,DEM,Jeremy A Cooney,12
Monroe,Leg. Dist. 22 - 13,Judicial Delegate - 7th JD 137th AD,,DEM,Katelyn Plonczynski,6
Monroe,Leg. Dist. 22 - 13,Judicial Delegate - 7th JD 137th AD,,DEM,Ricky G Frazier,9
Monroe,Leg. Dist. 22 - 13,Judicial Delegate - 7th JD 137th AD,,DEM,Rose E Bonnick,10
Monroe,Leg. Dist. 22 - 13,Judicial Delegate - 7th JD 137th AD,,,Under Votes,119
Monroe,Leg. Dist. 22 - 13,State Assembly,137,DEM,Demond L Meeks,17
Monroe,Leg. Dist. 22 - 13,State Assembly,137,DEM,Mercedes Vazquez-Simmons,8
Monroe,Leg. Dist. 22 - 13,State Assembly,137,,Under Votes,1
Monroe,Leg. Dist. 22 - 13,State Committee,137-Female,DEM,Mercedes Vazquez-Simmons,17
Monroe,Leg. Dist. 22 - 13,State Committee,137-Female,DEM,Rose E Bonnick,6
Monroe,Leg. Dist. 22 - 13,State Committee,137-Female,,Under Votes,3
Monroe,Leg. Dist. 22 - 13,State Committee,137-Male,DEM,"Clifford A Florence, Jr",9
Monroe,Leg. Dist. 22 - 13,State Committee,137-Male,DEM,Demond L Meeks,17
Monroe,Leg. Dist. 22 - 13,U.S. House,25,DEM,Joseph D Morelle,15
Monroe,Leg. Dist. 22 - 13,U.S. House,25,DEM,Robin Wilt,4
Monroe,Leg. Dist. 22 - 13,U.S. House,25,DEM,Sherita S Traywick,4
Monroe,Leg. Dist. 22 - 13,U.S. House,25,,Under Votes,3
Monroe,Leg. Dist. 22 - 14,Ballots Cast,,,,45
Monroe,Leg. Dist. 22 - 14,Comptroller,,DEM,Drew Warshaw,5
Monroe,Leg. Dist. 22 - 14,Comptroller,,DEM,Raj Goyle,2
Monroe,Leg. Dist. 22 - 14,Comptroller,,DEM,Thomas P DiNapoli,27
Monroe,Leg. Dist. 22 - 14,Comptroller,,,Over Votes,1
Monroe,Leg. Dist. 22 - 14,Comptroller,,,Under Votes,10
Monroe,Leg. Dist. 22 - 14,Judicial Delegate - 7th JD 137th AD,,DEM,"Abigail Gonzalez, Jr",26
Monroe,Leg. Dist. 22 - 14,Judicial Delegate - 7th JD 137th AD,,DEM,Allison G Chefalo,18
Monroe,Leg. Dist. 22 - 14,Judicial Delegate - 7th JD 137th AD,,DEM,Beatriz B Lebron,29
Monroe,Leg. Dist. 22 - 14,Judicial Delegate - 7th JD 137th AD,,DEM,Campbell P Roth,16
Monroe,Leg. Dist. 22 - 14,Judicial Delegate - 7th JD 137th AD,,DEM,Demond L Meeks,41
Monroe,Leg. Dist. 22 - 14,Judicial Delegate - 7th JD 137th AD,,DEM,Jeremy A Cooney,29
Monroe,Leg. Dist. 22 - 14,Judicial Delegate - 7th JD 137th AD,,DEM,Katelyn Plonczynski,10
Monroe,Leg. Dist. 22 - 14,Judicial Delegate - 7th JD 137th AD,,DEM,Ricky G Frazier,19
Monroe,Leg. Dist. 22 - 14,Judicial Delegate - 7th JD 137th AD,,DEM,Rose E Bonnick,23
Monroe,Leg. Dist. 22 - 14,Judicial Delegate - 7th JD 137th AD,,DEM,Write-in,2
Monroe,Leg. Dist. 22 - 14,Judicial Delegate - 7th JD 137th AD,,,Under Votes,147
Monroe,Leg. Dist. 22 - 14,State Assembly,137,DEM,Demond L Meeks,30
Monroe,Leg. Dist. 22 - 14,State Assembly,137,DEM,Mercedes Vazquez-Simmons,11
Monroe,Leg. Dist. 22 - 14,State Assembly,137,,Under Votes,4
Monroe,Leg. Dist. 22 - 14,State Committee,137-Female,DEM,Mercedes Vazquez-Simmons,28
Monroe,Leg. Dist. 22 - 14,State Committee,137-Female,DEM,Rose E Bonnick,9
Monroe,Leg. Dist. 22 - 14,State Committee,137-Female,,Under Votes,8
Monroe,Leg. Dist. 22 - 14,State Committee,137-Male,DEM,"Clifford A Florence, Jr",6
Monroe,Leg. Dist. 22 - 14,State Committee,137-Male,DEM,Demond L Meeks,33
Monroe,Leg. Dist. 22 - 14,State Committee,137-Male,,Under Votes,6
Monroe,Leg. Dist. 22 - 14,U.S. House,25,DEM,Joseph D Morelle,33
Monroe,Leg. Dist. 22 - 14,U.S. House,25,DEM,Robin Wilt,2
Monroe,Leg. Dist. 22 - 14,U.S. House,25,DEM,Sherita S Traywick,5
Monroe,Leg. Dist. 22 - 14,U.S. House,25,,Under Votes,5
Monroe,Leg. Dist. 22 - 15,Ballots Cast,,,,36
Monroe,Leg. Dist. 22 - 15,Comptroller,,DEM,Drew Warshaw,4
Monroe,Leg. Dist. 22 - 15,Comptroller,,DEM,Raj Goyle,8
Monroe,Leg. Dist. 22 - 15,Comptroller,,DEM,Thomas P DiNapoli,23
Monroe,Leg. Dist. 22 - 15,Comptroller,,,Under Votes,1
Monroe,Leg. Dist. 22 - 15,Judicial Delegate - 7th JD 137th AD,,DEM,"Abigail Gonzalez, Jr",16
Monroe,Leg. Dist. 22 - 15,Judicial Delegate - 7th JD 137th AD,,DEM,Allison G Chefalo,17
Monroe,Leg. Dist. 22 - 15,Judicial Delegate - 7th JD 137th AD,,DEM,Beatriz B Lebron,20
Monroe,Leg. Dist. 22 - 15,Judicial Delegate - 7th JD 137th AD,,DEM,Campbell P Roth,17
Monroe,Leg. Dist. 22 - 15,Judicial Delegate - 7th JD 137th AD,,DEM,Demond L Meeks,24
Monroe,Leg. Dist. 22 - 15,Judicial Delegate - 7th JD 137th AD,,DEM,Jeremy A Cooney,30
Monroe,Leg. Dist. 22 - 15,Judicial Delegate - 7th JD 137th AD,,DEM,Katelyn Plonczynski,19
Monroe,Leg. Dist. 22 - 15,Judicial Delegate - 7th JD 137th AD,,DEM,Ricky G Frazier,18
Monroe,Leg. Dist. 22 - 15,Judicial Delegate - 7th JD 137th AD,,DEM,Rose E Bonnick,20
Monroe,Leg. Dist. 22 - 15,Judicial Delegate - 7th JD 137th AD,,DEM,Write-in,5
Monroe,Leg. Dist. 22 - 15,Judicial Delegate - 7th JD 137th AD,,,Under Votes,102
Monroe,Leg. Dist. 22 - 15,State Assembly,137,DEM,Demond L Meeks,18
Monroe,Leg. Dist. 22 - 15,State Assembly,137,DEM,Mercedes Vazquez-Simmons,17
Monroe,Leg. Dist. 22 - 15,State Assembly,137,DEM,Write-in,1
Monroe,Leg. Dist. 22 - 15,State Committee,137-Female,DEM,Mercedes Vazquez-Simmons,24
Monroe,Leg. Dist. 22 - 15,State Committee,137-Female,DEM,Rose E Bonnick,10
Monroe,Leg. Dist. 22 - 15,State Committee,137-Female,,Under Votes,2
Monroe,Leg. Dist. 22 - 15,State Committee,137-Male,DEM,"Clifford A Florence, Jr",4
Monroe,Leg. Dist. 22 - 15,State Committee,137-Male,DEM,Demond L Meeks,31
Monroe,Leg. Dist. 22 - 15,State Committee,137-Male,,Under Votes,1
Monroe,Leg. Dist. 22 - 15,U.S. House,25,DEM,Joseph D Morelle,21
Monroe,Leg. Dist. 22 - 15,U.S. House,25,DEM,Robin Wilt,12
Monroe,Leg. Dist. 22 - 15,U.S. House,25,DEM,Sherita S Traywick,1
Monroe,Leg. Dist. 22 - 15,U.S. House,25,,Under Votes,2
Monroe,Leg. Dist. 22 - 16,Ballots Cast,,,,22
Monroe,Leg. Dist. 22 - 16,Comptroller,,DEM,Drew Warshaw,2
Monroe,Leg. Dist. 22 - 16,Comptroller,,DEM,Raj Goyle,2
Monroe,Leg. Dist. 22 - 16,Comptroller,,DEM,Thomas P DiNapoli,18
Monroe,Leg. Dist. 22 - 16,Judicial Delegate - 7th JD 137th AD,,DEM,"Abigail Gonzalez, Jr",12
Monroe,Leg. Dist. 22 - 16,Judicial Delegate - 7th JD 137th AD,,DEM,Allison G Chefalo,8
Monroe,Leg. Dist. 22 - 16,Judicial Delegate - 7th JD 137th AD,,DEM,Beatriz B Lebron,12
Monroe,Leg. Dist. 22 - 16,Judicial Delegate - 7th JD 137th AD,,DEM,Campbell P Roth,11
Monroe,Leg. Dist. 22 - 16,Judicial Delegate - 7th JD 137th AD,,DEM,Demond L Meeks,19
Monroe,Leg. Dist. 22 - 16,Judicial Delegate - 7th JD 137th AD,,DEM,Jeremy A Cooney,17
Monroe,Leg. Dist. 22 - 16,Judicial Delegate - 7th JD 137th AD,,DEM,Katelyn Plonczynski,5
Monroe,Leg. Dist. 22 - 16,Judicial Delegate - 7th JD 137th AD,,DEM,Ricky G Frazier,15
Monroe,Leg. Dist. 22 - 16,Judicial Delegate - 7th JD 137th AD,,DEM,Rose E Bonnick,13
Monroe,Leg. Dist. 22 - 16,Judicial Delegate - 7th JD 137th AD,,DEM,Write-in,1
Monroe,Leg. Dist. 22 - 16,Judicial Delegate - 7th JD 137th AD,,,Under Votes,63
Monroe,Leg. Dist. 22 - 16,State Assembly,137,DEM,Demond L Meeks,16
Monroe,Leg. Dist. 22 - 16,State Assembly,137,DEM,Mercedes Vazquez-Simmons,6
Monroe,Leg. Dist. 22 - 16,State Committee,137-Female,DEM,Mercedes Vazquez-Simmons,16
Monroe,Leg. Dist. 22 - 16,State Committee,137-Female,DEM,Rose E Bonnick,6
Monroe,Leg. Dist. 22 - 16,State Committee,137-Male,DEM,"Clifford A Florence, Jr",6
Monroe,Leg. Dist. 22 - 16,State Committee,137-Male,DEM,Demond L Meeks,15
Monroe,Leg. Dist. 22 - 16,State Committee,137-Male,,Under Votes,1
Monroe,Leg. Dist. 22 - 16,U.S. House,25,DEM,Joseph D Morelle,16
Monroe,Leg. Dist. 22 - 16,U.S. House,25,DEM,Robin Wilt,4
Monroe,Leg. Dist. 22 - 16,U.S. House,25,DEM,Sherita S Traywick,2
Monroe,Leg. Dist. 22 - 17,Ballots Cast,,,,37
Monroe,Leg. Dist. 22 - 17,Comptroller,,DEM,Drew Warshaw,2
Monroe,Leg. Dist. 22 - 17,Comptroller,,DEM,Raj Goyle,4
Monroe,Leg. Dist. 22 - 17,Comptroller,,DEM,Thomas P DiNapoli,23
Monroe,Leg. Dist. 22 - 17,Comptroller,,DEM,Write-in,1
Monroe,Leg. Dist. 22 - 17,Comptroller,,,Under Votes,7
Monroe,Leg. Dist. 22 - 17,Judicial Delegate - 7th JD 137th AD,,DEM,"Abigail Gonzalez, Jr",18
Monroe,Leg. Dist. 22 - 17,Judicial Delegate - 7th JD 137th AD,,DEM,Allison G Chefalo,16
Monroe,Leg. Dist. 22 - 17,Judicial Delegate - 7th JD 137th AD,,DEM,Beatriz B Lebron,19
Monroe,Leg. Dist. 22 - 17,Judicial Delegate - 7th JD 137th AD,,DEM,Campbell P Roth,15
Monroe,Leg. Dist. 22 - 17,Judicial Delegate - 7th JD 137th AD,,DEM,Demond L Meeks,28
Monroe,Leg. Dist. 22 - 17,Judicial Delegate - 7th JD 137th AD,,DEM,Jeremy A Cooney,24
Monroe,Leg. Dist. 22 - 17,Judicial Delegate - 7th JD 137th AD,,DEM,Katelyn Plonczynski,10
Monroe,Leg. Dist. 22 - 17,Judicial Delegate - 7th JD 137th AD,,DEM,Ricky G Frazier,22
Monroe,Leg. Dist. 22 - 17,Judicial Delegate - 7th JD 137th AD,,DEM,Rose E Bonnick,19
Monroe,Leg. Dist. 22 - 17,Judicial Delegate - 7th JD 137th AD,,,Under Votes,125
Monroe,Leg. Dist. 22 - 17,State Assembly,137,DEM,Demond L Meeks,31
Monroe,Leg. Dist. 22 - 17,State Assembly,137,DEM,Mercedes Vazquez-Simmons,5
Monroe,Leg. Dist. 22 - 17,State Assembly,137,,Under Votes,1
Monroe,Leg. Dist. 22 - 17,State Committee,137-Female,DEM,Mercedes Vazquez-Simmons,25
Monroe,Leg. Dist. 22 - 17,State Committee,137-Female,DEM,Rose E Bonnick,7
Monroe,Leg. Dist. 22 - 17,State Committee,137-Female,,Under Votes,5
Monroe,Leg. Dist. 22 - 17,State Committee,137-Male,DEM,"Clifford A Florence, Jr",3
Monroe,Leg. Dist. 22 - 17,State Committee,137-Male,DEM,Demond L Meeks,28
Monroe,Leg. Dist. 22 - 17,State Committee,137-Male,,Under Votes,6
Monroe,Leg. Dist. 22 - 17,U.S. House,25,DEM,Joseph D Morelle,28
Monroe,Leg. Dist. 22 - 17,U.S. House,25,DEM,Robin Wilt,2
Monroe,Leg. Dist. 22 - 17,U.S. House,25,DEM,Sherita S Traywick,2
Monroe,Leg. Dist. 22 - 17,U.S. House,25,,Under Votes,5
Monroe,Leg. Dist. 22 - 18,Ballots Cast,,,,19
Monroe,Leg. Dist. 22 - 18,Comptroller,,DEM,Drew Warshaw,4
Monroe,Leg. Dist. 22 - 18,Comptroller,,DEM,Thomas P DiNapoli,13
Monroe,Leg. Dist. 22 - 18,Comptroller,,,Under Votes,2
Monroe,Leg. Dist. 22 - 18,Judicial Delegate - 7th JD 137th AD,,DEM,"Abigail Gonzalez, Jr",12
Monroe,Leg. Dist. 22 - 18,Judicial Delegate - 7th JD 137th AD,,DEM,Allison G Chefalo,7
Monroe,Leg. Dist. 22 - 18,Judicial Delegate - 7th JD 137th AD,,DEM,Beatriz B Lebron,11
Monroe,Leg. Dist. 22 - 18,Judicial Delegate - 7th JD 137th AD,,DEM,Campbell P Roth,10
Monroe,Leg. Dist. 22 - 18,Judicial Delegate - 7th JD 137th AD,,DEM,Demond L Meeks,11
Monroe,Leg. Dist. 22 - 18,Judicial Delegate - 7th JD 137th AD,,DEM,Jeremy A Cooney,14
Monroe,Leg. Dist. 22 - 18,Judicial Delegate - 7th JD 137th AD,,DEM,Katelyn Plonczynski,8
Monroe,Leg. Dist. 22 - 18,Judicial Delegate - 7th JD 137th AD,,DEM,Ricky G Frazier,12
Monroe,Leg. Dist. 22 - 18,Judicial Delegate - 7th JD 137th AD,,DEM,Rose E Bonnick,8
Monroe,Leg. Dist. 22 - 18,Judicial Delegate - 7th JD 137th AD,,,Under Votes,59
Monroe,Leg. Dist. 22 - 18,State Assembly,137,DEM,Demond L Meeks,10
Monroe,Leg. Dist. 22 - 18,State Assembly,137,DEM,Mercedes Vazquez-Simmons,8
Monroe,Leg. Dist. 22 - 18,State Assembly,137,,Under Votes,1
Monroe,Leg. Dist. 22 - 18,State Committee,137-Female,DEM,Mercedes Vazquez-Simmons,11
Monroe,Leg. Dist. 22 - 18,State Committee,137-Female,DEM,Rose E Bonnick,7
Monroe,Leg. Dist. 22 - 18,State Committee,137-Female,,Under Votes,1
Monroe,Leg. Dist. 22 - 18,State Committee,137-Male,DEM,"Clifford A Florence, Jr",6
Monroe,Leg. Dist. 22 - 18,State Committee,137-Male,DEM,Demond L Meeks,11
Monroe,Leg. Dist. 22 - 18,State Committee,137-Male,,Under Votes,2
Monroe,Leg. Dist. 22 - 18,U.S. House,25,DEM,Joseph D Morelle,14
Monroe,Leg. Dist. 22 - 18,U.S. House,25,DEM,Robin Wilt,2
Monroe,Leg. Dist. 22 - 18,U.S. House,25,,Under Votes,3
Monroe,Leg. Dist. 22 - 19,Ballots Cast,,,,47
Monroe,Leg. Dist. 22 - 19,Comptroller,,DEM,Drew Warshaw,6
Monroe,Leg. Dist. 22 - 19,Comptroller,,DEM,Raj Goyle,3
Monroe,Leg. Dist. 22 - 19,Comptroller,,DEM,Thomas P DiNapoli,33
Monroe,Leg. Dist. 22 - 19,Comptroller,,,Under Votes,5
Monroe,Leg. Dist. 22 - 19,Judicial Delegate - 7th JD 137th AD,,DEM,"Abigail Gonzalez, Jr",22
Monroe,Leg. Dist. 22 - 19,Judicial Delegate - 7th JD 137th AD,,DEM,Allison G Chefalo,21
Monroe,Leg. Dist. 22 - 19,Judicial Delegate - 7th JD 137th AD,,DEM,Beatriz B Lebron,25
Monroe,Leg. Dist. 22 - 19,Judicial Delegate - 7th JD 137th AD,,DEM,Campbell P Roth,23
Monroe,Leg. Dist. 22 - 19,Judicial Delegate - 7th JD 137th AD,,DEM,Demond L Meeks,40
Monroe,Leg. Dist. 22 - 19,Judicial Delegate - 7th JD 137th AD,,DEM,Jeremy A Cooney,31
Monroe,Leg. Dist. 22 - 19,Judicial Delegate - 7th JD 137th AD,,DEM,Katelyn Plonczynski,16
Monroe,Leg. Dist. 22 - 19,Judicial Delegate - 7th JD 137th AD,,DEM,Ricky G Frazier,26
Monroe,Leg. Dist. 22 - 19,Judicial Delegate - 7th JD 137th AD,,DEM,Rose E Bonnick,26
Monroe,Leg. Dist. 22 - 19,Judicial Delegate - 7th JD 137th AD,,,Under Votes,146
Monroe,Leg. Dist. 22 - 19,State Assembly,137,DEM,Demond L Meeks,42
Monroe,Leg. Dist. 22 - 19,State Assembly,137,DEM,Mercedes Vazquez-Simmons,5
Monroe,Leg. Dist. 22 - 19,State Committee,137-Female,DEM,Mercedes Vazquez-Simmons,27
Monroe,Leg. Dist. 22 - 19,State Committee,137-Female,DEM,Rose E Bonnick,16
Monroe,Leg. Dist. 22 - 19,State Committee,137-Female,,Under Votes,4
Monroe,Leg. Dist. 22 - 19,State Committee,137-Male,DEM,"Clifford A Florence, Jr",2
Monroe,Leg. Dist. 22 - 19,State Committee,137-Male,DEM,Demond L Meeks,41
Monroe,Leg. Dist. 22 - 19,State Committee,137-Male,,Under Votes,4
Monroe,Leg. Dist. 22 - 19,U.S. House,25,DEM,Joseph D Morelle,32
Monroe,Leg. Dist. 22 - 19,U.S. House,25,DEM,Robin Wilt,7
Monroe,Leg. Dist. 22 - 19,U.S. House,25,DEM,Sherita S Traywick,6
Monroe,Leg. Dist. 22 - 19,U.S. House,25,,Under Votes,2
Monroe,Leg. Dist. 22 - 20,Ballots Cast,,,,41
Monroe,Leg. Dist. 22 - 20,Comptroller,,DEM,Drew Warshaw,5
Monroe,Leg. Dist. 22 - 20,Comptroller,,DEM,Raj Goyle,3
Monroe,Leg. Dist. 22 - 20,Comptroller,,DEM,Thomas P DiNapoli,22
Monroe,Leg. Dist. 22 - 20,Comptroller,,,Under Votes,11
Monroe,Leg. Dist. 22 - 20,Judicial Delegate - 7th JD 137th AD,,DEM,"Abigail Gonzalez, Jr",13
Monroe,Leg. Dist. 22 - 20,Judicial Delegate - 7th JD 137th AD,,DEM,Allison G Chefalo,10
Monroe,Leg. Dist. 22 - 20,Judicial Delegate - 7th JD 137th AD,,DEM,Beatriz B Lebron,18
Monroe,Leg. Dist. 22 - 20,Judicial Delegate - 7th JD 137th AD,,DEM,Campbell P Roth,12
Monroe,Leg. Dist. 22 - 20,Judicial Delegate - 7th JD 137th AD,,DEM,Demond L Meeks,32
Monroe,Leg. Dist. 22 - 20,Judicial Delegate - 7th JD 137th AD,,DEM,Jeremy A Cooney,23
Monroe,Leg. Dist. 22 - 20,Judicial Delegate - 7th JD 137th AD,,DEM,Katelyn Plonczynski,9
Monroe,Leg. Dist. 22 - 20,Judicial Delegate - 7th JD 137th AD,,DEM,Ricky G Frazier,19
Monroe,Leg. Dist. 22 - 20,Judicial Delegate - 7th JD 137th AD,,DEM,Rose E Bonnick,15
Monroe,Leg. Dist. 22 - 20,Judicial Delegate - 7th JD 137th AD,,,Under Votes,177
Monroe,Leg. Dist. 22 - 20,State Assembly,137,DEM,Demond L Meeks,30
Monroe,Leg. Dist. 22 - 20,State Assembly,137,DEM,Mercedes Vazquez-Simmons,6
Monroe,Leg. Dist. 22 - 20,State Assembly,137,,Under Votes,5
Monroe,Leg. Dist. 22 - 20,State Committee,137-Female,DEM,Mercedes Vazquez-Simmons,23
Monroe,Leg. Dist. 22 - 20,State Committee,137-Female,DEM,Rose E Bonnick,7
Monroe,Leg. Dist. 22 - 20,State Committee,137-Female,,Under Votes,11
Monroe,Leg. Dist. 22 - 20,State Committee,137-Male,DEM,"Clifford A Florence, Jr",7
Monroe,Leg. Dist. 22 - 20,State Committee,137-Male,DEM,Demond L Meeks,26
Monroe,Leg. Dist. 22 - 20,State Committee,137-Male,,Under Votes,8
Monroe,Leg. Dist. 22 - 20,U.S. House,25,DEM,Joseph D Morelle,34
Monroe,Leg. Dist. 22 - 20,U.S. House,25,DEM,Robin Wilt,4
Monroe,Leg. Dist. 22 - 20,U.S. House,25,DEM,Sherita S Traywick,3
Monroe,Leg. Dist. 22 - 21,Ballots Cast,,,,18
Monroe,Leg. Dist. 22 - 21,Comptroller,,DEM,Raj Goyle,2
Monroe,Leg. Dist. 22 - 21,Comptroller,,DEM,Thomas P DiNapoli,11
Monroe,Leg. Dist. 22 - 21,Comptroller,,,Over Votes,1
Monroe,Leg. Dist. 22 - 21,Comptroller,,,Under Votes,4
Monroe,Leg. Dist. 22 - 21,Judicial Delegate - 7th JD 137th AD,,DEM,"Abigail Gonzalez, Jr",10
Monroe,Leg. Dist. 22 - 21,Judicial Delegate - 7th JD 137th AD,,DEM,Allison G Chefalo,9
Monroe,Leg. Dist. 22 - 21,Judicial Delegate - 7th JD 137th AD,,DEM,Beatriz B Lebron,10
Monroe,Leg. Dist. 22 - 21,Judicial Delegate - 7th JD 137th AD,,DEM,Campbell P Roth,7
Monroe,Leg. Dist. 22 - 21,Judicial Delegate - 7th JD 137th AD,,DEM,Demond L Meeks,12
Monroe,Leg. Dist. 22 - 21,Judicial Delegate - 7th JD 137th AD,,DEM,Jeremy A Cooney,12
Monroe,Leg. Dist. 22 - 21,Judicial Delegate - 7th JD 137th AD,,DEM,Katelyn Plonczynski,8
Monroe,Leg. Dist. 22 - 21,Judicial Delegate - 7th JD 137th AD,,DEM,Ricky G Frazier,8
Monroe,Leg. Dist. 22 - 21,Judicial Delegate - 7th JD 137th AD,,DEM,Rose E Bonnick,8
Monroe,Leg. Dist. 22 - 21,Judicial Delegate - 7th JD 137th AD,,,Under Votes,60
Monroe,Leg. Dist. 22 - 21,State Assembly,137,DEM,Demond L Meeks,11
Monroe,Leg. Dist. 22 - 21,State Assembly,137,DEM,Mercedes Vazquez-Simmons,7
Monroe,Leg. Dist. 22 - 21,State Committee,137-Female,DEM,Mercedes Vazquez-Simmons,9
Monroe,Leg. Dist. 22 - 21,State Committee,137-Female,DEM,Rose E Bonnick,3
Monroe,Leg. Dist. 22 - 21,State Committee,137-Female,,Over Votes,1
Monroe,Leg. Dist. 22 - 21,State Committee,137-Female,,Under Votes,5
Monroe,Leg. Dist. 22 - 21,State Committee,137-Male,DEM,Demond L Meeks,12
Monroe,Leg. Dist. 22 - 21,State Committee,137-Male,,Under Votes,6
Monroe,Leg. Dist. 22 - 21,U.S. House,25,DEM,Joseph D Morelle,12
Monroe,Leg. Dist. 22 - 21,U.S. House,25,DEM,Sherita S Traywick,1
Monroe,Leg. Dist. 22 - 21,U.S. House,25,,Under Votes,5
Monroe,Leg. Dist. 22 - 22,Ballots Cast,,,,39
Monroe,Leg. Dist. 22 - 22,Comptroller,,DEM,Drew Warshaw,7
Monroe,Leg. Dist. 22 - 22,Comptroller,,DEM,Raj Goyle,2
Monroe,Leg. Dist. 22 - 22,Comptroller,,DEM,Thomas P DiNapoli,25
Monroe,Leg. Dist. 22 - 22,Comptroller,,,Over Votes,1
Monroe,Leg. Dist. 22 - 22,Comptroller,,,Under Votes,4
Monroe,Leg. Dist. 22 - 22,Judicial Delegate - 7th JD 137th AD,,DEM,"Abigail Gonzalez, Jr",16
Monroe,Leg. Dist. 22 - 22,Judicial Delegate - 7th JD 137th AD,,DEM,Allison G Chefalo,12
Monroe,Leg. Dist. 22 - 22,Judicial Delegate - 7th JD 137th AD,,DEM,Beatriz B Lebron,17
Monroe,Leg. Dist. 22 - 22,Judicial Delegate - 7th JD 137th AD,,DEM,Campbell P Roth,10
Monroe,Leg. Dist. 22 - 22,Judicial Delegate - 7th JD 137th AD,,DEM,Demond L Meeks,29
Monroe,Leg. Dist. 22 - 22,Judicial Delegate - 7th JD 137th AD,,DEM,Jeremy A Cooney,22
Monroe,Leg. Dist. 22 - 22,Judicial Delegate - 7th JD 137th AD,,DEM,Katelyn Plonczynski,5
Monroe,Leg. Dist. 22 - 22,Judicial Delegate - 7th JD 137th AD,,DEM,Ricky G Frazier,13
Monroe,Leg. Dist. 22 - 22,Judicial Delegate - 7th JD 137th AD,,DEM,Rose E Bonnick,20
Monroe,Leg. Dist. 22 - 22,Judicial Delegate - 7th JD 137th AD,,,Over Votes,16
Monroe,Leg. Dist. 22 - 22,Judicial Delegate - 7th JD 137th AD,,,Under Votes,152
Monroe,Leg. Dist. 22 - 22,State Assembly,137,DEM,Demond L Meeks,30
Monroe,Leg. Dist. 22 - 22,State Assembly,137,DEM,Mercedes Vazquez-Simmons,5
Monroe,Leg. Dist. 22 - 22,State Assembly,137,,Over Votes,1
Monroe,Leg. Dist. 22 - 22,State Assembly,137,,Under Votes,3
Monroe,Leg. Dist. 22 - 22,State Committee,137-Female,DEM,Mercedes Vazquez-Simmons,13
Monroe,Leg. Dist. 22 - 22,State Committee,137-Female,DEM,Rose E Bonnick,16
Monroe,Leg. Dist. 22 - 22,State Committee,137-Female,,Over Votes,1
Monroe,Leg. Dist. 22 - 22,State Committee,137-Female,,Under Votes,9
Monroe,Leg. Dist. 22 - 22,State Committee,137-Male,DEM,"Clifford A Florence, Jr",7
Monroe,Leg. Dist. 22 - 22,State Committee,137-Male,DEM,Demond L Meeks,25
Monroe,Leg. Dist. 22 - 22,State Committee,137-Male,,Over Votes,1
Monroe,Leg. Dist. 22 - 22,State Committee,137-Male,,Under Votes,6
Monroe,Leg. Dist. 22 - 22,U.S. House,25,DEM,Joseph D Morelle,26
Monroe,Leg. Dist. 22 - 22,U.S. House,25,DEM,Robin Wilt,8
Monroe,Leg. Dist. 22 - 22,U.S. House,25,DEM,Sherita S Traywick,4
Monroe,Leg. Dist. 22 - 22,U.S. House,25,,Over Votes,1
Monroe,Leg. Dist. 22 - 23,Ballots Cast,,,,24
Monroe,Leg. Dist. 22 - 23,Comptroller,,DEM,Drew Warshaw,4
Monroe,Leg. Dist. 22 - 23,Comptroller,,DEM,Raj Goyle,4
Monroe,Leg. Dist. 22 - 23,Comptroller,,DEM,Thomas P DiNapoli,14
Monroe,Leg. Dist. 22 - 23,Comptroller,,,Under Votes,2
Monroe,Leg. Dist. 22 - 23,U.S. House,25,DEM,Joseph D Morelle,15
Monroe,Leg. Dist. 22 - 23,U.S. House,25,DEM,Robin Wilt,9
Monroe,Leg. Dist. 22 - 24,Ballots Cast,,,,28
Monroe,Leg. Dist. 22 - 24,Comptroller,,DEM,Drew Warshaw,12
Monroe,Leg. Dist. 22 - 24,Comptroller,,DEM,Raj Goyle,4
Monroe,Leg. Dist. 22 - 24,Comptroller,,DEM,Thomas P DiNapoli,9
Monroe,Leg. Dist. 22 - 24,Comptroller,,,Under Votes,1
Monroe,Leg. Dist. 22 - 24,U.S. House,25,DEM,Joseph D Morelle,11
Monroe,Leg. Dist. 22 - 24,U.S. House,25,DEM,Robin Wilt,15
Monroe,Leg. Dist. 22 - 24,U.S. House,25,DEM,Sherita S Traywick,1
Monroe,Leg. Dist. 22 - 24,U.S. House,25,,Under Votes,1
Monroe,Leg. Dist. 22 - 25,Ballots Cast,,,,7
Monroe,Leg. Dist. 22 - 25,Comptroller,,DEM,Drew Warshaw,1
Monroe,Leg. Dist. 22 - 25,Comptroller,,DEM,Thomas P DiNapoli,5
Monroe,Leg. Dist. 22 - 25,Comptroller,,,Under Votes,1
Monroe,Leg. Dist. 22 - 25,U.S. House,25,DEM,Joseph D Morelle,6
Monroe,Leg. Dist. 22 - 25,U.S. House,25,DEM,Sherita S Traywick,1
Monroe,Leg. Dist. 23 - 1,Ballots Cast,,,,199
Monroe,Leg. Dist. 23 - 1,Comptroller,,DEM,Drew Warshaw,39
Monroe,Leg. Dist. 23 - 1,Comptroller,,DEM,Raj Goyle,32
Monroe,Leg. Dist. 23 - 1,Comptroller,,DEM,Thomas P DiNapoli,117
Monroe,Leg. Dist. 23 - 1,Comptroller,,,Over Votes,1
Monroe,Leg. Dist. 23 - 1,Comptroller,,,Under Votes,9
Monroe,Leg. Dist. 23 - 1,U.S. House,25,DEM,Joseph D Morelle,97
Monroe,Leg. Dist. 23 - 1,U.S. House,25,DEM,Robin Wilt,97
Monroe,Leg. Dist. 23 - 1,U.S. House,25,DEM,Sherita S Traywick,3
Monroe,Leg. Dist. 23 - 1,U.S. House,25,,Under Votes,2
Monroe,Leg. Dist. 23 - 2,Ballots Cast,,,,172
Monroe,Leg. Dist. 23 - 2,Comptroller,,DEM,Drew Warshaw,57
Monroe,Leg. Dist. 23 - 2,Comptroller,,DEM,Raj Goyle,27
Monroe,Leg. Dist. 23 - 2,Comptroller,,DEM,Thomas P DiNapoli,75
Monroe,Leg. Dist. 23 - 2,Comptroller,,DEM,Write-in,1
Monroe,Leg. Dist. 23 - 2,Comptroller,,,Under Votes,9
Monroe,Leg. Dist. 23 - 2,U.S. House,25,DEM,Joseph D Morelle,50
Monroe,Leg. Dist. 23 - 2,U.S. House,25,DEM,Robin Wilt,113
Monroe,Leg. Dist. 23 - 2,U.S. House,25,DEM,Sherita S Traywick,8
Monroe,Leg. Dist. 23 - 2,U.S. House,25,,Under Votes,1
Monroe,Leg. Dist. 23 - 3,Ballots Cast,,,,266
Monroe,Leg. Dist. 23 - 3,Comptroller,,DEM,Drew Warshaw,67
Monroe,Leg. Dist. 23 - 3,Comptroller,,DEM,Raj Goyle,45
Monroe,Leg. Dist. 23 - 3,Comptroller,,DEM,Thomas P DiNapoli,143
Monroe,Leg. Dist. 23 - 3,Comptroller,,,Under Votes,10
Monroe,Leg. Dist. 23 - 3,U.S. House,25,DEM,Joseph D Morelle,98
Monroe,Leg. Dist. 23 - 3,U.S. House,25,DEM,Robin Wilt,150
Monroe,Leg. Dist. 23 - 3,U.S. House,25,DEM,Sherita S Traywick,15
Monroe,Leg. Dist. 23 - 3,U.S. House,25,,Under Votes,3
Monroe,Leg. Dist. 23 - 4,Ballots Cast,,,,122
Monroe,Leg. Dist. 23 - 4,Comptroller,,DEM,Drew Warshaw,17
Monroe,Leg. Dist. 23 - 4,Comptroller,,DEM,Raj Goyle,13
Monroe,Leg. Dist. 23 - 4,Comptroller,,DEM,Thomas P DiNapoli,82
Monroe,Leg. Dist. 23 - 4,Comptroller,,DEM,Write-in,1
Monroe,Leg. Dist. 23 - 4,Comptroller,,,Under Votes,6
Monroe,Leg. Dist. 23 - 4,U.S. House,25,DEM,Joseph D Morelle,66
Monroe,Leg. Dist. 23 - 4,U.S. House,25,DEM,Robin Wilt,47
Monroe,Leg. Dist. 23 - 4,U.S. House,25,DEM,Sherita S Traywick,9
Monroe,Leg. Dist. 23 - 5,Ballots Cast,,,,1
Monroe,Leg. Dist. 23 - 5,Comptroller,,DEM,Thomas P DiNapoli,1
Monroe,Leg. Dist. 23 - 5,U.S. House,25,DEM,Joseph D Morelle,1
Monroe,Leg. Dist. 23 - 6,Ballots Cast,,,,99
Monroe,Leg. Dist. 23 - 6,Comptroller,,DEM,Drew Warshaw,26
Monroe,Leg. Dist. 23 - 6,Comptroller,,DEM,Raj Goyle,18
Monroe,Leg. Dist. 23 - 6,Comptroller,,DEM,Thomas P DiNapoli,47
Monroe,Leg. Dist. 23 - 6,Comptroller,,,Under Votes,6
Monroe,Leg. Dist. 23 - 6,U.S. House,25,DEM,Joseph D Morelle,33
Monroe,Leg. Dist. 23 - 6,U.S. House,25,DEM,Robin Wilt,62
Monroe,Leg. Dist. 23 - 6,U.S. House,25,DEM,Sherita S Traywick,4
Monroe,Leg. Dist. 23 - 7,Ballots Cast,,,,146
Monroe,Leg. Dist. 23 - 7,Comptroller,,DEM,Drew Warshaw,41
Monroe,Leg. Dist. 23 - 7,Comptroller,,DEM,Raj Goyle,19
Monroe,Leg. Dist. 23 - 7,Comptroller,,DEM,Thomas P DiNapoli,75
Monroe,Leg. Dist. 23 - 7,Comptroller,,,Under Votes,9
Monroe,Leg. Dist. 23 - 7,U.S. House,25,DEM,Joseph D Morelle,69
Monroe,Leg. Dist. 23 - 7,U.S. House,25,DEM,Robin Wilt,65
Monroe,Leg. Dist. 23 - 7,U.S. House,25,DEM,Sherita S Traywick,10
Monroe,Leg. Dist. 23 - 7,U.S. House,25,,Under Votes,2
Monroe,Leg. Dist. 23 - 8,Ballots Cast,,,,190
Monroe,Leg. Dist. 23 - 8,Comptroller,,DEM,Drew Warshaw,61
Monroe,Leg. Dist. 23 - 8,Comptroller,,DEM,Raj Goyle,28
Monroe,Leg. Dist. 23 - 8,Comptroller,,DEM,Thomas P DiNapoli,93
Monroe,Leg. Dist. 23 - 8,Comptroller,,,Under Votes,7
Monroe,Leg. Dist. 23 - 8,U.S. House,25,DEM,Joseph D Morelle,75
Monroe,Leg. Dist. 23 - 8,U.S. House,25,DEM,Robin Wilt,98
Monroe,Leg. Dist. 23 - 8,U.S. House,25,DEM,Sherita S Traywick,16
Monroe,Leg. Dist. 23 - 8,U.S. House,25,,Over Votes,1
Monroe,Leg. Dist. 23 - 9,Ballots Cast,,,,146
Monroe,Leg. Dist. 23 - 9,Comptroller,,DEM,Drew Warshaw,21
Monroe,Leg. Dist. 23 - 9,Comptroller,,DEM,Raj Goyle,27
Monroe,Leg. Dist. 23 - 9,Comptroller,,DEM,Thomas P DiNapoli,90
Monroe,Leg. Dist. 23 - 9,Comptroller,,DEM,Write-in,1
Monroe,Leg. Dist. 23 - 9,Comptroller,,,Under Votes,7
Monroe,Leg. Dist. 23 - 9,U.S. House,25,DEM,Joseph D Morelle,74
Monroe,Leg. Dist. 23 - 9,U.S. House,25,DEM,Robin Wilt,68
Monroe,Leg. Dist. 23 - 9,U.S. House,25,DEM,Sherita S Traywick,3
Monroe,Leg. Dist. 23 - 9,U.S. House,25,,Under Votes,1
Monroe,Leg. Dist. 23 - 10,Ballots Cast,,,,154
Monroe,Leg. Dist. 23 - 10,Comptroller,,DEM,Drew Warshaw,19
Monroe,Leg. Dist. 23 - 10,Comptroller,,DEM,Raj Goyle,19
Monroe,Leg. Dist. 23 - 10,Comptroller,,DEM,Thomas P DiNapoli,112
Monroe,Leg. Dist. 23 - 10,Comptroller,,DEM,Write-in,1
Monroe,Leg. Dist. 23 - 10,Comptroller,,,Under Votes,2
Monroe,Leg. Dist. 23 - 10,U.S. House,25,DEM,Joseph D Morelle,89
Monroe,Leg. Dist. 23 - 10,U.S. House,25,DEM,Robin Wilt,50
Monroe,Leg. Dist. 23 - 10,U.S. House,25,DEM,Sherita S Traywick,12
Monroe,Leg. Dist. 23 - 10,U.S. House,25,,Under Votes,3
Monroe,Leg. Dist. 23 - 11,Ballots Cast,,,,203
Monroe,Leg. Dist. 23 - 11,Comptroller,,DEM,Drew Warshaw,59
Monroe,Leg. Dist. 23 - 11,Comptroller,,DEM,Raj Goyle,35
Monroe,Leg. Dist. 23 - 11,Comptroller,,DEM,Thomas P DiNapoli,95
Monroe,Leg. Dist. 23 - 11,Comptroller,,DEM,Write-in,1
Monroe,Leg. Dist. 23 - 11,Comptroller,,,Under Votes,13
Monroe,Leg. Dist. 23 - 11,U.S. House,25,DEM,Joseph D Morelle,78
Monroe,Leg. Dist. 23 - 11,U.S. House,25,DEM,Robin Wilt,109
Monroe,Leg. Dist. 23 - 11,U.S. House,25,DEM,Sherita S Traywick,14
Monroe,Leg. Dist. 23 - 11,U.S. House,25,,Under Votes,2
Monroe,Leg. Dist. 23 - 12,Ballots Cast,,,,283
Monroe,Leg. Dist. 23 - 12,Comptroller,,DEM,Drew Warshaw,42
Monroe,Leg. Dist. 23 - 12,Comptroller,,DEM,Raj Goyle,26
Monroe,Leg. Dist. 23 - 12,Comptroller,,DEM,Thomas P DiNapoli,199
Monroe,Leg. Dist. 23 - 12,Comptroller,,,Under Votes,13
Monroe,Leg. Dist. 23 - 12,U.S. House,25,DEM,Joseph D Morelle,165
Monroe,Leg. Dist. 23 - 12,U.S. House,25,DEM,Robin Wilt,102
Monroe,Leg. Dist. 23 - 12,U.S. House,25,DEM,Sherita S Traywick,12
Monroe,Leg. Dist. 23 - 12,U.S. House,25,DEM,Write-in,2
Monroe,Leg. Dist. 23 - 12,U.S. House,25,,Under Votes,2
Monroe,Leg. Dist. 23 - 13,Ballots Cast,,,,82
Monroe,Leg. Dist. 23 - 13,Comptroller,,DEM,Drew Warshaw,16
Monroe,Leg. Dist. 23 - 13,Comptroller,,DEM,Raj Goyle,8
Monroe,Leg. Dist. 23 - 13,Comptroller,,DEM,Thomas P DiNapoli,48
Monroe,Leg. Dist. 23 - 13,Comptroller,,DEM,Write-in,1
Monroe,Leg. Dist. 23 - 13,Comptroller,,,Under Votes,8
Monroe,Leg. Dist. 23 - 13,U.S. House,25,DEM,Joseph D Morelle,44
Monroe,Leg. Dist. 23 - 13,U.S. House,25,DEM,Robin Wilt,29
Monroe,Leg. Dist. 23 - 13,U.S. House,25,DEM,Sherita S Traywick,7
Monroe,Leg. Dist. 23 - 13,U.S. House,25,DEM,Write-in,1
Monroe,Leg. Dist. 23 - 13,U.S. House,25,,Under Votes,1
Monroe,Leg. Dist. 23 - 14,Ballots Cast,,,,149
Monroe,Leg. Dist. 23 - 14,Comptroller,,DEM,Drew Warshaw,47
Monroe,Leg. Dist. 23 - 14,Comptroller,,DEM,Raj Goyle,20
Monroe,Leg. Dist. 23 - 14,Comptroller,,DEM,Thomas P DiNapoli,74
Monroe,Leg. Dist. 23 - 14,Comptroller,,,Under Votes,5
Monroe,Leg. Dist. 23 - 14,U.S. House,25,DEM,Joseph D Morelle,50
Monroe,Leg. Dist. 23 - 14,U.S. House,25,DEM,Robin Wilt,90
Monroe,Leg. Dist. 23 - 14,U.S. House,25,DEM,Sherita S Traywick,9
Monroe,Leg. Dist. 23 - 15,Ballots Cast,,,,69
Monroe,Leg. Dist. 23 - 15,Comptroller,,DEM,Drew Warshaw,21
Monroe,Leg. Dist. 23 - 15,Comptroller,,DEM,Raj Goyle,14
Monroe,Leg. Dist. 23 - 15,Comptroller,,DEM,Thomas P DiNapoli,32
Monroe,Leg. Dist. 23 - 15,Comptroller,,,Under Votes,2
Monroe,Leg. Dist. 23 - 15,U.S. House,25,DEM,Joseph D Morelle,22
Monroe,Leg. Dist. 23 - 15,U.S. House,25,DEM,Robin Wilt,44
Monroe,Leg. Dist. 23 - 15,U.S. House,25,DEM,Sherita S Traywick,3
Monroe,Leg. Dist. 23 - 16,Ballots Cast,,,,86
Monroe,Leg. Dist. 23 - 16,Comptroller,,DEM,Drew Warshaw,29
Monroe,Leg. Dist. 23 - 16,Comptroller,,DEM,Raj Goyle,15
Monroe,Leg. Dist. 23 - 16,Comptroller,,DEM,Thomas P DiNapoli,34
Monroe,Leg. Dist. 23 - 16,Comptroller,,DEM,Write-in,1
Monroe,Leg. Dist. 23 - 16,Comptroller,,,Under Votes,7
Monroe,Leg. Dist. 23 - 16,U.S. House,25,DEM,Joseph D Morelle,24
Monroe,Leg. Dist. 23 - 16,U.S. House,25,DEM,Robin Wilt,58
Monroe,Leg. Dist. 23 - 16,U.S. House,25,DEM,Sherita S Traywick,2
Monroe,Leg. Dist. 23 - 16,U.S. House,25,DEM,Write-in,1
Monroe,Leg. Dist. 23 - 16,U.S. House,25,,Under Votes,1
Monroe,Leg. Dist. 23 - 17,Ballots Cast,,,,73
Monroe,Leg. Dist. 23 - 17,Comptroller,,DEM,Drew Warshaw,16
Monroe,Leg. Dist. 23 - 17,Comptroller,,DEM,Raj Goyle,19
Monroe,Leg. Dist. 23 - 17,Comptroller,,DEM,Thomas P DiNapoli,30
Monroe,Leg. Dist. 23 - 17,Comptroller,,,Under Votes,8
Monroe,Leg. Dist. 23 - 17,U.S. House,25,DEM,Joseph D Morelle,20
Monroe,Leg. Dist. 23 - 17,U.S. House,25,DEM,Robin Wilt,49
Monroe,Leg. Dist. 23 - 17,U.S. House,25,DEM,Sherita S Traywick,4
Monroe,Leg. Dist. 23 - 18,Ballots Cast,,,,91
Monroe,Leg. Dist. 23 - 18,Comptroller,,DEM,Drew Warshaw,30
Monroe,Leg. Dist. 23 - 18,Comptroller,,DEM,Raj Goyle,12
Monroe,Leg. Dist. 23 - 18,Comptroller,,DEM,Thomas P DiNapoli,46
Monroe,Leg. Dist. 23 - 18,Comptroller,,,Under Votes,3
Monroe,Leg. Dist. 23 - 18,U.S. House,25,DEM,Joseph D Morelle,22
Monroe,Leg. Dist. 23 - 18,U.S. House,25,DEM,Robin Wilt,68
Monroe,Leg. Dist. 23 - 18,U.S. House,25,DEM,Sherita S Traywick,1
Monroe,Leg. Dist. 23 - 19,Ballots Cast,,,,51
Monroe,Leg. Dist. 23 - 19,Comptroller,,DEM,Drew Warshaw,9
Monroe,Leg. Dist. 23 - 19,Comptroller,,DEM,Raj Goyle,8
Monroe,Leg. Dist. 23 - 19,Comptroller,,DEM,Thomas P DiNapoli,31
Monroe,Leg. Dist. 23 - 19,Comptroller,,,Under Votes,3
Monroe,Leg. Dist. 23 - 19,U.S. House,25,DEM,Joseph D Morelle,22
Monroe,Leg. Dist. 23 - 19,U.S. House,25,DEM,Robin Wilt,26
Monroe,Leg. Dist. 23 - 19,U.S. House,25,DEM,Sherita S Traywick,2
Monroe,Leg. Dist. 23 - 19,U.S. House,25,,Under Votes,1
Monroe,Leg. Dist. 24 - 1,Ballots Cast,,,,161
Monroe,Leg. Dist. 24 - 1,Comptroller,,DEM,Drew Warshaw,33
Monroe,Leg. Dist. 24 - 1,Comptroller,,DEM,Raj Goyle,17
Monroe,Leg. Dist. 24 - 1,Comptroller,,DEM,Thomas P DiNapoli,105
Monroe,Leg. Dist. 24 - 1,Comptroller,,,Under Votes,5
Monroe,Leg. Dist. 24 - 1,U.S. House,25,DEM,Joseph D Morelle,79
Monroe,Leg. Dist. 24 - 1,U.S. House,25,DEM,Robin Wilt,69
Monroe,Leg. Dist. 24 - 1,U.S. House,25,DEM,Sherita S Traywick,12
Monroe,Leg. Dist. 24 - 1,U.S. House,25,,Under Votes,1
Monroe,Leg. Dist. 24 - 2,Ballots Cast,,,,130
Monroe,Leg. Dist. 24 - 2,Comptroller,,DEM,Drew Warshaw,24
Monroe,Leg. Dist. 24 - 2,Comptroller,,DEM,Raj Goyle,17
Monroe,Leg. Dist. 24 - 2,Comptroller,,DEM,Thomas P DiNapoli,83
Monroe,Leg. Dist. 24 - 2,Comptroller,,,Under Votes,4
Monroe,Leg. Dist. 24 - 2,U.S. House,25,DEM,Joseph D Morelle,74
Monroe,Leg. Dist. 24 - 2,U.S. House,25,DEM,Robin Wilt,55
Monroe,Leg. Dist. 24 - 2,U.S. House,25,DEM,Sherita S Traywick,1
Monroe,Leg. Dist. 24 - 3,Ballots Cast,,,,108
Monroe,Leg. Dist. 24 - 3,Comptroller,,DEM,Drew Warshaw,21
Monroe,Leg. Dist. 24 - 3,Comptroller,,DEM,Raj Goyle,20
Monroe,Leg. Dist. 24 - 3,Comptroller,,DEM,Thomas P DiNapoli,61
Monroe,Leg. Dist. 24 - 3,Comptroller,,,Under Votes,6
Monroe,Leg. Dist. 24 - 3,U.S. House,25,DEM,Joseph D Morelle,45
Monroe,Leg. Dist. 24 - 3,U.S. House,25,DEM,Robin Wilt,58
Monroe,Leg. Dist. 24 - 3,U.S. House,25,DEM,Sherita S Traywick,5
Monroe,Leg. Dist. 24 - 4,Ballots Cast,,,,1
Monroe,Leg. Dist. 24 - 4,Comptroller,,DEM,Thomas P DiNapoli,1
Monroe,Leg. Dist. 24 - 4,U.S. House,25,DEM,Robin Wilt,1
Monroe,Leg. Dist. 24 - 5,Ballots Cast,,,,90
Monroe,Leg. Dist. 24 - 5,Comptroller,,DEM,Drew Warshaw,23
Monroe,Leg. Dist. 24 - 5,Comptroller,,DEM,Raj Goyle,22
Monroe,Leg. Dist. 24 - 5,Comptroller,,DEM,Thomas P DiNapoli,43
Monroe,Leg. Dist. 24 - 5,Comptroller,,DEM,Write-in,1
Monroe,Leg. Dist. 24 - 5,Comptroller,,,Under Votes,1
Monroe,Leg. Dist. 24 - 5,U.S. House,25,DEM,Joseph D Morelle,37
Monroe,Leg. Dist. 24 - 5,U.S. House,25,DEM,Robin Wilt,48
Monroe,Leg. Dist. 24 - 5,U.S. House,25,DEM,Sherita S Traywick,5
Monroe,Leg. Dist. 24 - 6,Ballots Cast,,,,66
Monroe,Leg. Dist. 24 - 6,Comptroller,,DEM,Drew Warshaw,19
Monroe,Leg. Dist. 24 - 6,Comptroller,,DEM,Raj Goyle,10
Monroe,Leg. Dist. 24 - 6,Comptroller,,DEM,Thomas P DiNapoli,34
Monroe,Leg. Dist. 24 - 6,Comptroller,,DEM,Write-in,1
Monroe,Leg. Dist. 24 - 6,Comptroller,,,Under Votes,2
Monroe,Leg. Dist. 24 - 6,U.S. House,25,DEM,Joseph D Morelle,30
Monroe,Leg. Dist. 24 - 6,U.S. House,25,DEM,Robin Wilt,36
Monroe,Leg. Dist. 24 - 7,Ballots Cast,,,,48
Monroe,Leg. Dist. 24 - 7,Comptroller,,DEM,Drew Warshaw,19
Monroe,Leg. Dist. 24 - 7,Comptroller,,DEM,Raj Goyle,7
Monroe,Leg. Dist. 24 - 7,Comptroller,,DEM,Thomas P DiNapoli,20
Monroe,Leg. Dist. 24 - 7,Comptroller,,,Over Votes,1
Monroe,Leg. Dist. 24 - 7,Comptroller,,,Under Votes,1
Monroe,Leg. Dist. 24 - 7,U.S. House,25,DEM,Joseph D Morelle,17
Monroe,Leg. Dist. 24 - 7,U.S. House,25,DEM,Robin Wilt,29
Monroe,Leg. Dist. 24 - 7,U.S. House,25,,Under Votes,2
Monroe,Leg. Dist. 24 - 8,Ballots Cast,,,,56
Monroe,Leg. Dist. 24 - 8,Comptroller,,DEM,Drew Warshaw,24
Monroe,Leg. Dist. 24 - 8,Comptroller,,DEM,Raj Goyle,3
Monroe,Leg. Dist. 24 - 8,Comptroller,,DEM,Thomas P DiNapoli,28
Monroe,Leg. Dist. 24 - 8,Comptroller,,,Under Votes,1
Monroe,Leg. Dist. 24 - 8,U.S. House,25,DEM,Joseph D Morelle,27
Monroe,Leg. Dist. 24 - 8,U.S. House,25,DEM,Robin Wilt,28
Monroe,Leg. Dist. 24 - 8,U.S. House,25,DEM,Sherita S Traywick,1
Monroe,Leg. Dist. 24 - 9,Ballots Cast,,,,42
Monroe,Leg. Dist. 24 - 9,Comptroller,,DEM,Drew Warshaw,10
Monroe,Leg. Dist. 24 - 9,Comptroller,,DEM,Raj Goyle,8
Monroe,Leg. Dist. 24 - 9,Comptroller,,DEM,Thomas P DiNapoli,22
Monroe,Leg. Dist. 24 - 9,Comptroller,,,Under Votes,2
Monroe,Leg. Dist. 24 - 9,U.S. House,25,DEM,Joseph D Morelle,18
Monroe,Leg. Dist. 24 - 9,U.S. House,25,DEM,Robin Wilt,20
Monroe,Leg. Dist. 24 - 9,U.S. House,25,DEM,Sherita S Traywick,3
Monroe,Leg. Dist. 24 - 9,U.S. House,25,,Under Votes,1
Monroe,Leg. Dist. 24 - 10,Ballots Cast,,,,15
Monroe,Leg. Dist. 24 - 10,Comptroller,,DEM,Drew Warshaw,4
Monroe,Leg. Dist. 24 - 10,Comptroller,,DEM,Raj Goyle,1
Monroe,Leg. Dist. 24 - 10,Comptroller,,DEM,Thomas P DiNapoli,7
Monroe,Leg. Dist. 24 - 10,Comptroller,,,Under Votes,3
Monroe,Leg. Dist. 24 - 10,U.S. House,25,DEM,Joseph D Morelle,14
Monroe,Leg. Dist. 24 - 10,U.S. House,25,DEM,Robin Wilt,1
Monroe,Leg. Dist. 24 - 11,Ballots Cast,,,,17
Monroe,Leg. Dist. 24 - 11,Comptroller,,DEM,Drew Warshaw,3
Monroe,Leg. Dist. 24 - 11,Comptroller,,DEM,Raj Goyle,1
Monroe,Leg. Dist. 24 - 11,Comptroller,,DEM,Thomas P DiNapoli,11
Monroe,Leg. Dist. 24 - 11,Comptroller,,,Under Votes,2
Monroe,Leg. Dist. 24 - 11,U.S. House,25,DEM,Joseph D Morelle,11
Monroe,Leg. Dist. 24 - 11,U.S. House,25,DEM,Robin Wilt,2
Monroe,Leg. Dist. 24 - 11,U.S. House,25,DEM,Sherita S Traywick,4
Monroe,Leg. Dist. 24 - 12,Ballots Cast,,,,99
Monroe,Leg. Dist. 24 - 12,Comptroller,,DEM,Drew Warshaw,24
Monroe,Leg. Dist. 24 - 12,Comptroller,,DEM,Raj Goyle,23
Monroe,Leg. Dist. 24 - 12,Comptroller,,DEM,Thomas P DiNapoli,50
Monroe,Leg. Dist. 24 - 12,Comptroller,,,Under Votes,2
Monroe,Leg. Dist. 24 - 12,U.S. House,25,DEM,Joseph D Morelle,27
Monroe,Leg. Dist. 24 - 12,U.S. House,25,DEM,Robin Wilt,57
Monroe,Leg. Dist. 24 - 12,U.S. House,25,DEM,Sherita S Traywick,14
Monroe,Leg. Dist. 24 - 12,U.S. House,25,,Under Votes,1
Monroe,Leg. Dist. 24 - 13,Ballots Cast,,,,105
Monroe,Leg. Dist. 24 - 13,Comptroller,,DEM,Drew Warshaw,40
Monroe,Leg. Dist. 24 - 13,Comptroller,,DEM,Raj Goyle,16
Monroe,Leg. Dist. 24 - 13,Comptroller,,DEM,Thomas P DiNapoli,45
Monroe,Leg. Dist. 24 - 13,Comptroller,,,Under Votes,4
Monroe,Leg. Dist. 24 - 13,U.S. House,25,DEM,Joseph D Morelle,36
Monroe,Leg. Dist. 24 - 13,U.S. House,25,DEM,Robin Wilt,67
Monroe,Leg. Dist. 24 - 13,U.S. House,25,DEM,Sherita S Traywick,2
Monroe,Leg. Dist. 24 - 14,Ballots Cast,,,,72
Monroe,Leg. Dist. 24 - 14,Comptroller,,DEM,Drew Warshaw,23
Monroe,Leg. Dist. 24 - 14,Comptroller,,DEM,Raj Goyle,16
Monroe,Leg. Dist. 24 - 14,Comptroller,,DEM,Thomas P DiNapoli,27
Monroe,Leg. Dist. 24 - 14,Comptroller,,,Under Votes,6
Monroe,Leg. Dist. 24 - 14,U.S. House,25,DEM,Joseph D Morelle,19
Monroe,Leg. Dist. 24 - 14,U.S. House,25,DEM,Robin Wilt,49
Monroe,Leg. Dist. 24 - 14,U.S. House,25,DEM,Sherita S Traywick,3
Monroe,Leg. Dist. 24 - 14,U.S. House,25,,Under Votes,1
Monroe,Leg. Dist. 24 - 15,Ballots Cast,,,,60
Monroe,Leg. Dist. 24 - 15,Comptroller,,DEM,Drew Warshaw,19
Monroe,Leg. Dist. 24 - 15,Comptroller,,DEM,Raj Goyle,12
Monroe,Leg. Dist. 24 - 15,Comptroller,,DEM,Thomas P DiNapoli,28
Monroe,Leg. Dist. 24 - 15,Comptroller,,DEM,Write-in,1
Monroe,Leg. Dist. 24 - 15,U.S. House,25,DEM,Joseph D Morelle,14
Monroe,Leg. Dist. 24 - 15,U.S. House,25,DEM,Robin Wilt,42
Monroe,Leg. Dist. 24 - 15,U.S. House,25,DEM,Sherita S Traywick,4
Monroe,Leg. Dist. 24 - 16,Ballots Cast,,,,18
Monroe,Leg. Dist. 24 - 16,Comptroller,,DEM,Drew Warshaw,5
Monroe,Leg. Dist. 24 - 16,Comptroller,,DEM,Raj Goyle,6
Monroe,Leg. Dist. 24 - 16,Comptroller,,DEM,Thomas P DiNapoli,7
Monroe,Leg. Dist. 24 - 16,U.S. House,25,DEM,Joseph D Morelle,3
Monroe,Leg. Dist. 24 - 16,U.S. House,25,DEM,Robin Wilt,15
Monroe,Leg. Dist. 24 - 17,Ballots Cast,,,,59
Monroe,Leg. Dist. 24 - 17,Comptroller,,DEM,Drew Warshaw,17
Monroe,Leg. Dist. 24 - 17,Comptroller,,DEM,Raj Goyle,13
Monroe,Leg. Dist. 24 - 17,Comptroller,,DEM,Thomas P DiNapoli,21
Monroe,Leg. Dist. 24 - 17,Comptroller,,DEM,Write-in,1
Monroe,Leg. Dist. 24 - 17,Comptroller,,,Over Votes,1
Monroe,Leg. Dist. 24 - 17,Comptroller,,,Under Votes,6
Monroe,Leg. Dist. 24 - 17,U.S. House,25,DEM,Joseph D Morelle,21
Monroe,Leg. Dist. 24 - 17,U.S. House,25,DEM,Robin Wilt,34
Monroe,Leg. Dist. 24 - 17,U.S. House,25,DEM,Sherita S Traywick,3
Monroe,Leg. Dist. 24 - 17,U.S. House,25,DEM,Write-in,1
Monroe,Leg. Dist. 24 - 18,Ballots Cast,,,,40
Monroe,Leg. Dist. 24 - 18,Comptroller,,DEM,Drew Warshaw,12
Monroe,Leg. Dist. 24 - 18,Comptroller,,DEM,Raj Goyle,6
Monroe,Leg. Dist. 24 - 18,Comptroller,,DEM,Thomas P DiNapoli,21
Monroe,Leg. Dist. 24 - 18,Comptroller,,,Under Votes,1
Monroe,Leg. Dist. 24 - 18,U.S. House,25,DEM,Joseph D Morelle,14
Monroe,Leg. Dist. 24 - 18,U.S. House,25,DEM,Robin Wilt,25
Monroe,Leg. Dist. 24 - 18,U.S. House,25,DEM,Sherita S Traywick,1
Monroe,Leg. Dist. 24 - 19,Ballots Cast,,,,50
Monroe,Leg. Dist. 24 - 19,Comptroller,,DEM,Drew Warshaw,13
Monroe,Leg. Dist. 24 - 19,Comptroller,,DEM,Raj Goyle,9
Monroe,Leg. Dist. 24 - 19,Comptroller,,DEM,Thomas P DiNapoli,23
Monroe,Leg. Dist. 24 - 19,Comptroller,,,Under Votes,5
Monroe,Leg. Dist. 24 - 19,U.S. House,25,DEM,Joseph D Morelle,19
Monroe,Leg. Dist. 24 - 19,U.S. House,25,DEM,Robin Wilt,27
Monroe,Leg. Dist. 24 - 19,U.S. House,25,DEM,Sherita S Traywick,4
Monroe,Leg. Dist. 25 - 1,Ballots Cast,,,,92
Monroe,Leg. Dist. 25 - 1,Comptroller,,DEM,Drew Warshaw,12
Monroe,Leg. Dist. 25 - 1,Comptroller,,DEM,Raj Goyle,11
Monroe,Leg. Dist. 25 - 1,Comptroller,,DEM,Thomas P DiNapoli,62
Monroe,Leg. Dist. 25 - 1,Comptroller,,,Under Votes,7
Monroe,Leg. Dist. 25 - 1,Judicial Delegate - 7th JD 137th AD,,DEM,"Abigail Gonzalez, Jr",44
Monroe,Leg. Dist. 25 - 1,Judicial Delegate - 7th JD 137th AD,,DEM,Allison G Chefalo,41
Monroe,Leg. Dist. 25 - 1,Judicial Delegate - 7th JD 137th AD,,DEM,Beatriz B Lebron,46
Monroe,Leg. Dist. 25 - 1,Judicial Delegate - 7th JD 137th AD,,DEM,Campbell P Roth,40
Monroe,Leg. Dist. 25 - 1,Judicial Delegate - 7th JD 137th AD,,DEM,Demond L Meeks,69
Monroe,Leg. Dist. 25 - 1,Judicial Delegate - 7th JD 137th AD,,DEM,Jeremy A Cooney,62
Monroe,Leg. Dist. 25 - 1,Judicial Delegate - 7th JD 137th AD,,DEM,Katelyn Plonczynski,35
Monroe,Leg. Dist. 25 - 1,Judicial Delegate - 7th JD 137th AD,,DEM,Ricky G Frazier,41
Monroe,Leg. Dist. 25 - 1,Judicial Delegate - 7th JD 137th AD,,DEM,Rose E Bonnick,54
Monroe,Leg. Dist. 25 - 1,Judicial Delegate - 7th JD 137th AD,,DEM,Write-in,2
Monroe,Leg. Dist. 25 - 1,Judicial Delegate - 7th JD 137th AD,,,Under Votes,302
Monroe,Leg. Dist. 25 - 1,State Assembly,137,DEM,Demond L Meeks,67
Monroe,Leg. Dist. 25 - 1,State Assembly,137,DEM,Mercedes Vazquez-Simmons,23
Monroe,Leg. Dist. 25 - 1,State Assembly,137,,Under Votes,2
Monroe,Leg. Dist. 25 - 1,State Committee,137-Female,DEM,Mercedes Vazquez-Simmons,52
Monroe,Leg. Dist. 25 - 1,State Committee,137-Female,DEM,Rose E Bonnick,31
Monroe,Leg. Dist. 25 - 1,State Committee,137-Female,,Under Votes,9
Monroe,Leg. Dist. 25 - 1,State Committee,137-Male,DEM,"Clifford A Florence, Jr",15
Monroe,Leg. Dist. 25 - 1,State Committee,137-Male,DEM,Demond L Meeks,70
Monroe,Leg. Dist. 25 - 1,State Committee,137-Male,,Over Votes,1
Monroe,Leg. Dist. 25 - 1,State Committee,137-Male,,Under Votes,6
Monroe,Leg. Dist. 25 - 1,U.S. House,25,DEM,Joseph D Morelle,48
Monroe,Leg. Dist. 25 - 1,U.S. House,25,DEM,Robin Wilt,30
Monroe,Leg. Dist. 25 - 1,U.S. House,25,DEM,Sherita S Traywick,10
Monroe,Leg. Dist. 25 - 1,U.S. House,25,,Under Votes,4
Monroe,Leg. Dist. 25 - 2,Ballots Cast,,,,64
Monroe,Leg. Dist. 25 - 2,Comptroller,,DEM,Drew Warshaw,7
Monroe,Leg. Dist. 25 - 2,Comptroller,,DEM,Raj Goyle,2
Monroe,Leg. Dist. 25 - 2,Comptroller,,DEM,Thomas P DiNapoli,45
Monroe,Leg. Dist. 25 - 2,Comptroller,,DEM,Write-in,1
Monroe,Leg. Dist. 25 - 2,Comptroller,,,Over Votes,1
Monroe,Leg. Dist. 25 - 2,Comptroller,,,Under Votes,8
Monroe,Leg. Dist. 25 - 2,Judicial Delegate - 7th JD 137th AD,,DEM,"Abigail Gonzalez, Jr",31
Monroe,Leg. Dist. 25 - 2,Judicial Delegate - 7th JD 137th AD,,DEM,Allison G Chefalo,32
Monroe,Leg. Dist. 25 - 2,Judicial Delegate - 7th JD 137th AD,,DEM,Beatriz B Lebron,37
Monroe,Leg. Dist. 25 - 2,Judicial Delegate - 7th JD 137th AD,,DEM,Campbell P Roth,29
Monroe,Leg. Dist. 25 - 2,Judicial Delegate - 7th JD 137th AD,,DEM,Demond L Meeks,48
Monroe,Leg. Dist. 25 - 2,Judicial Delegate - 7th JD 137th AD,,DEM,Jeremy A Cooney,43
Monroe,Leg. Dist. 25 - 2,Judicial Delegate - 7th JD 137th AD,,DEM,Katelyn Plonczynski,22
Monroe,Leg. Dist. 25 - 2,Judicial Delegate - 7th JD 137th AD,,DEM,Ricky G Frazier,36
Monroe,Leg. Dist. 25 - 2,Judicial Delegate - 7th JD 137th AD,,DEM,Rose E Bonnick,37
Monroe,Leg. Dist. 25 - 2,Judicial Delegate - 7th JD 137th AD,,,Over Votes,8
Monroe,Leg. Dist. 25 - 2,Judicial Delegate - 7th JD 137th AD,,,Under Votes,189
Monroe,Leg. Dist. 25 - 2,State Assembly,137,DEM,Demond L Meeks,47
Monroe,Leg. Dist. 25 - 2,State Assembly,137,DEM,Mercedes Vazquez-Simmons,12
Monroe,Leg. Dist. 25 - 2,State Assembly,137,,Under Votes,5
Monroe,Leg. Dist. 25 - 2,State Committee,137-Female,DEM,Mercedes Vazquez-Simmons,35
Monroe,Leg. Dist. 25 - 2,State Committee,137-Female,DEM,Rose E Bonnick,15
Monroe,Leg. Dist. 25 - 2,State Committee,137-Female,,Over Votes,1
Monroe,Leg. Dist. 25 - 2,State Committee,137-Female,,Under Votes,13
Monroe,Leg. Dist. 25 - 2,State Committee,137-Male,DEM,"Clifford A Florence, Jr",12
Monroe,Leg. Dist. 25 - 2,State Committee,137-Male,DEM,Demond L Meeks,43
Monroe,Leg. Dist. 25 - 2,State Committee,137-Male,,Under Votes,9
Monroe,Leg. Dist. 25 - 2,U.S. House,25,DEM,Joseph D Morelle,43
Monroe,Leg. Dist. 25 - 2,U.S. House,25,DEM,Robin Wilt,8
Monroe,Leg. Dist. 25 - 2,U.S. House,25,DEM,Sherita S Traywick,8
Monroe,Leg. Dist. 25 - 2,U.S. House,25,,Over Votes,1
Monroe,Leg. Dist. 25 - 2,U.S. House,25,,Under Votes,4
Monroe,Leg. Dist. 25 - 3,Ballots Cast,,,,133
Monroe,Leg. Dist. 25 - 3,Comptroller,,DEM,Drew Warshaw,16
Monroe,Leg. Dist. 25 - 3,Comptroller,,DEM,Raj Goyle,10
Monroe,Leg. Dist. 25 - 3,Comptroller,,DEM,Thomas P DiNapoli,84
Monroe,Leg. Dist. 25 - 3,Comptroller,,,Under Votes,23
Monroe,Leg. Dist. 25 - 3,Judicial Delegate - 7th JD 137th AD,,DEM,"Abigail Gonzalez, Jr",59
Monroe,Leg. Dist. 25 - 3,Judicial Delegate - 7th JD 137th AD,,DEM,Allison G Chefalo,50
Monroe,Leg. Dist. 25 - 3,Judicial Delegate - 7th JD 137th AD,,DEM,Beatriz B Lebron,63
Monroe,Leg. Dist. 25 - 3,Judicial Delegate - 7th JD 137th AD,,DEM,Campbell P Roth,49
Monroe,Leg. Dist. 25 - 3,Judicial Delegate - 7th JD 137th AD,,DEM,Demond L Meeks,105
Monroe,Leg. Dist. 25 - 3,Judicial Delegate - 7th JD 137th AD,,DEM,Jeremy A Cooney,86
Monroe,Leg. Dist. 25 - 3,Judicial Delegate - 7th JD 137th AD,,DEM,Katelyn Plonczynski,38
Monroe,Leg. Dist. 25 - 3,Judicial Delegate - 7th JD 137th AD,,DEM,Ricky G Frazier,65
Monroe,Leg. Dist. 25 - 3,Judicial Delegate - 7th JD 137th AD,,DEM,Rose E Bonnick,67
Monroe,Leg. Dist. 25 - 3,Judicial Delegate - 7th JD 137th AD,,DEM,Write-in,1
Monroe,Leg. Dist. 25 - 3,Judicial Delegate - 7th JD 137th AD,,,Under Votes,481
Monroe,Leg. Dist. 25 - 3,State Assembly,137,DEM,Demond L Meeks,105
Monroe,Leg. Dist. 25 - 3,State Assembly,137,DEM,Mercedes Vazquez-Simmons,17
Monroe,Leg. Dist. 25 - 3,State Assembly,137,,Under Votes,11
Monroe,Leg. Dist. 25 - 3,State Committee,137-Female,DEM,Mercedes Vazquez-Simmons,66
Monroe,Leg. Dist. 25 - 3,State Committee,137-Female,DEM,Rose E Bonnick,40
Monroe,Leg. Dist. 25 - 3,State Committee,137-Female,,Under Votes,27
Monroe,Leg. Dist. 25 - 3,State Committee,137-Male,DEM,"Clifford A Florence, Jr",22
Monroe,Leg. Dist. 25 - 3,State Committee,137-Male,DEM,Demond L Meeks,100
Monroe,Leg. Dist. 25 - 3,State Committee,137-Male,,Under Votes,11
Monroe,Leg. Dist. 25 - 3,U.S. House,25,DEM,Joseph D Morelle,89
Monroe,Leg. Dist. 25 - 3,U.S. House,25,DEM,Robin Wilt,26
Monroe,Leg. Dist. 25 - 3,U.S. House,25,DEM,Sherita S Traywick,10
Monroe,Leg. Dist. 25 - 3,U.S. House,25,,Under Votes,8
Monroe,Leg. Dist. 25 - 4,Ballots Cast,,,,55
Monroe,Leg. Dist. 25 - 4,Comptroller,,DEM,Drew Warshaw,9
Monroe,Leg. Dist. 25 - 4,Comptroller,,DEM,Raj Goyle,4
Monroe,Leg. Dist. 25 - 4,Comptroller,,DEM,Thomas P DiNapoli,36
Monroe,Leg. Dist. 25 - 4,Comptroller,,DEM,Write-in,1
Monroe,Leg. Dist. 25 - 4,Comptroller,,,Over Votes,2
Monroe,Leg. Dist. 25 - 4,Comptroller,,,Under Votes,3
Monroe,Leg. Dist. 25 - 4,U.S. House,25,DEM,Joseph D Morelle,30
Monroe,Leg. Dist. 25 - 4,U.S. House,25,DEM,Robin Wilt,19
Monroe,Leg. Dist. 25 - 4,U.S. House,25,DEM,Sherita S Traywick,3
Monroe,Leg. Dist. 25 - 4,U.S. House,25,DEM,Write-in,1
Monroe,Leg. Dist. 25 - 4,U.S. House,25,,Over Votes,1
Monroe,Leg. Dist. 25 - 4,U.S. House,25,,Under Votes,1
Monroe,Leg. Dist. 25 - 5,Ballots Cast,,,,151
Monroe,Leg. Dist. 25 - 5,Comptroller,,DEM,Drew Warshaw,21
Monroe,Leg. Dist. 25 - 5,Comptroller,,DEM,Raj Goyle,12
Monroe,Leg. Dist. 25 - 5,Comptroller,,DEM,Thomas P DiNapoli,100
Monroe,Leg. Dist. 25 - 5,Comptroller,,,Over Votes,1
Monroe,Leg. Dist. 25 - 5,Comptroller,,,Under Votes,17
Monroe,Leg. Dist. 25 - 5,Judicial Delegate - 7th JD 137th AD,,DEM,"Abigail Gonzalez, Jr",84
Monroe,Leg. Dist. 25 - 5,Judicial Delegate - 7th JD 137th AD,,DEM,Allison G Chefalo,65
Monroe,Leg. Dist. 25 - 5,Judicial Delegate - 7th JD 137th AD,,DEM,Beatriz B Lebron,88
Monroe,Leg. Dist. 25 - 5,Judicial Delegate - 7th JD 137th AD,,DEM,Campbell P Roth,77
Monroe,Leg. Dist. 25 - 5,Judicial Delegate - 7th JD 137th AD,,DEM,Demond L Meeks,128
Monroe,Leg. Dist. 25 - 5,Judicial Delegate - 7th JD 137th AD,,DEM,Jeremy A Cooney,111
Monroe,Leg. Dist. 25 - 5,Judicial Delegate - 7th JD 137th AD,,DEM,Katelyn Plonczynski,53
Monroe,Leg. Dist. 25 - 5,Judicial Delegate - 7th JD 137th AD,,DEM,Ricky G Frazier,84
Monroe,Leg. Dist. 25 - 5,Judicial Delegate - 7th JD 137th AD,,DEM,Rose E Bonnick,89
Monroe,Leg. Dist. 25 - 5,Judicial Delegate - 7th JD 137th AD,,DEM,Write-in,1
Monroe,Leg. Dist. 25 - 5,Judicial Delegate - 7th JD 137th AD,,,Under Votes,428
Monroe,Leg. Dist. 25 - 5,State Assembly,137,DEM,Demond L Meeks,109
Monroe,Leg. Dist. 25 - 5,State Assembly,137,DEM,Mercedes Vazquez-Simmons,31
Monroe,Leg. Dist. 25 - 5,State Assembly,137,,Over Votes,1
Monroe,Leg. Dist. 25 - 5,State Assembly,137,,Under Votes,10
Monroe,Leg. Dist. 25 - 5,State Committee,137-Female,DEM,Mercedes Vazquez-Simmons,84
Monroe,Leg. Dist. 25 - 5,State Committee,137-Female,DEM,Rose E Bonnick,42
Monroe,Leg. Dist. 25 - 5,State Committee,137-Female,,Over Votes,1
Monroe,Leg. Dist. 25 - 5,State Committee,137-Female,,Under Votes,24
Monroe,Leg. Dist. 25 - 5,State Committee,137-Male,DEM,"Clifford A Florence, Jr",22
Monroe,Leg. Dist. 25 - 5,State Committee,137-Male,DEM,Demond L Meeks,112
Monroe,Leg. Dist. 25 - 5,State Committee,137-Male,,Over Votes,1
Monroe,Leg. Dist. 25 - 5,State Committee,137-Male,,Under Votes,16
Monroe,Leg. Dist. 25 - 5,U.S. House,25,DEM,Joseph D Morelle,99
Monroe,Leg. Dist. 25 - 5,U.S. House,25,DEM,Robin Wilt,31
Monroe,Leg. Dist. 25 - 5,U.S. House,25,DEM,Sherita S Traywick,11
Monroe,Leg. Dist. 25 - 5,U.S. House,25,,Over Votes,1
Monroe,Leg. Dist. 25 - 5,U.S. House,25,,Under Votes,9
Monroe,Leg. Dist. 25 - 6,Ballots Cast,,,,28
Monroe,Leg. Dist. 25 - 6,Comptroller,,DEM,Drew Warshaw,6
Monroe,Leg. Dist. 25 - 6,Comptroller,,DEM,Raj Goyle,1
Monroe,Leg. Dist. 25 - 6,Comptroller,,DEM,Thomas P DiNapoli,15
Monroe,Leg. Dist. 25 - 6,Comptroller,,DEM,Write-in,1
Monroe,Leg. Dist. 25 - 6,Comptroller,,,Under Votes,5
Monroe,Leg. Dist. 25 - 6,U.S. House,25,DEM,Joseph D Morelle,16
Monroe,Leg. Dist. 25 - 6,U.S. House,25,DEM,Robin Wilt,8
Monroe,Leg. Dist. 25 - 6,U.S. House,25,DEM,Sherita S Traywick,4
Monroe,Leg. Dist. 25 - 7,Ballots Cast,,,,66
Monroe,Leg. Dist. 25 - 7,Comptroller,,DEM,Drew Warshaw,7
Monroe,Leg. Dist. 25 - 7,Comptroller,,DEM,Raj Goyle,4
Monroe,Leg. Dist. 25 - 7,Comptroller,,DEM,Thomas P DiNapoli,48
Monroe,Leg. Dist. 25 - 7,Comptroller,,,Under Votes,7
Monroe,Leg. Dist. 25 - 7,Judicial Delegate - 7th JD 137th AD,,DEM,"Abigail Gonzalez, Jr",29
Monroe,Leg. Dist. 25 - 7,Judicial Delegate - 7th JD 137th AD,,DEM,Allison G Chefalo,23
Monroe,Leg. Dist. 25 - 7,Judicial Delegate - 7th JD 137th AD,,DEM,Beatriz B Lebron,33
Monroe,Leg. Dist. 25 - 7,Judicial Delegate - 7th JD 137th AD,,DEM,Campbell P Roth,26
Monroe,Leg. Dist. 25 - 7,Judicial Delegate - 7th JD 137th AD,,DEM,Demond L Meeks,50
Monroe,Leg. Dist. 25 - 7,Judicial Delegate - 7th JD 137th AD,,DEM,Jeremy A Cooney,47
Monroe,Leg. Dist. 25 - 7,Judicial Delegate - 7th JD 137th AD,,DEM,Katelyn Plonczynski,19
Monroe,Leg. Dist. 25 - 7,Judicial Delegate - 7th JD 137th AD,,DEM,Ricky G Frazier,30
Monroe,Leg. Dist. 25 - 7,Judicial Delegate - 7th JD 137th AD,,DEM,Rose E Bonnick,33
Monroe,Leg. Dist. 25 - 7,Judicial Delegate - 7th JD 137th AD,,DEM,Write-in,1
Monroe,Leg. Dist. 25 - 7,Judicial Delegate - 7th JD 137th AD,,,Under Votes,237
Monroe,Leg. Dist. 25 - 7,State Assembly,137,DEM,Demond L Meeks,56
Monroe,Leg. Dist. 25 - 7,State Assembly,137,DEM,Mercedes Vazquez-Simmons,9
Monroe,Leg. Dist. 25 - 7,State Assembly,137,,Under Votes,1
Monroe,Leg. Dist. 25 - 7,State Committee,137-Female,DEM,Mercedes Vazquez-Simmons,36
Monroe,Leg. Dist. 25 - 7,State Committee,137-Female,DEM,Rose E Bonnick,18
Monroe,Leg. Dist. 25 - 7,State Committee,137-Female,,Under Votes,12
Monroe,Leg. Dist. 25 - 7,State Committee,137-Male,DEM,"Clifford A Florence, Jr",11
Monroe,Leg. Dist. 25 - 7,State Committee,137-Male,DEM,Demond L Meeks,51
Monroe,Leg. Dist. 25 - 7,State Committee,137-Male,DEM,Write-in,1
Monroe,Leg. Dist. 25 - 7,State Committee,137-Male,,Under Votes,3
Monroe,Leg. Dist. 25 - 7,U.S. House,25,DEM,Joseph D Morelle,42
Monroe,Leg. Dist. 25 - 7,U.S. House,25,DEM,Robin Wilt,5
Monroe,Leg. Dist. 25 - 7,U.S. House,25,DEM,Sherita S Traywick,14
Monroe,Leg. Dist. 25 - 7,U.S. House,25,,Under Votes,5
Monroe,Leg. Dist. 25 - 8,Ballots Cast,,,,116
Monroe,Leg. Dist. 25 - 8,Comptroller,,DEM,Drew Warshaw,14
Monroe,Leg. Dist. 25 - 8,Comptroller,,DEM,Raj Goyle,9
Monroe,Leg. Dist. 25 - 8,Comptroller,,DEM,Thomas P DiNapoli,71
Monroe,Leg. Dist. 25 - 8,Comptroller,,DEM,Write-in,1
Monroe,Leg. Dist. 25 - 8,Comptroller,,,Under Votes,21
Monroe,Leg. Dist. 25 - 8,Judicial Delegate - 7th JD 137th AD,,DEM,"Abigail Gonzalez, Jr",54
Monroe,Leg. Dist. 25 - 8,Judicial Delegate - 7th JD 137th AD,,DEM,Allison G Chefalo,49
Monroe,Leg. Dist. 25 - 8,Judicial Delegate - 7th JD 137th AD,,DEM,Beatriz B Lebron,60
Monroe,Leg. Dist. 25 - 8,Judicial Delegate - 7th JD 137th AD,,DEM,Campbell P Roth,54
Monroe,Leg. Dist. 25 - 8,Judicial Delegate - 7th JD 137th AD,,DEM,Demond L Meeks,101
Monroe,Leg. Dist. 25 - 8,Judicial Delegate - 7th JD 137th AD,,DEM,Jeremy A Cooney,80
Monroe,Leg. Dist. 25 - 8,Judicial Delegate - 7th JD 137th AD,,DEM,Katelyn Plonczynski,40
Monroe,Leg. Dist. 25 - 8,Judicial Delegate - 7th JD 137th AD,,DEM,Ricky G Frazier,63
Monroe,Leg. Dist. 25 - 8,Judicial Delegate - 7th JD 137th AD,,DEM,Rose E Bonnick,74
Monroe,Leg. Dist. 25 - 8,Judicial Delegate - 7th JD 137th AD,,DEM,Write-in,8
Monroe,Leg. Dist. 25 - 8,Judicial Delegate - 7th JD 137th AD,,,Under Votes,345
Monroe,Leg. Dist. 25 - 8,State Assembly,137,DEM,Demond L Meeks,98
Monroe,Leg. Dist. 25 - 8,State Assembly,137,DEM,Mercedes Vazquez-Simmons,10
Monroe,Leg. Dist. 25 - 8,State Assembly,137,DEM,Write-in,1
Monroe,Leg. Dist. 25 - 8,State Assembly,137,,Over Votes,1
Monroe,Leg. Dist. 25 - 8,State Assembly,137,,Under Votes,6
Monroe,Leg. Dist. 25 - 8,State Committee,137-Female,DEM,Mercedes Vazquez-Simmons,52
Monroe,Leg. Dist. 25 - 8,State Committee,137-Female,DEM,Rose E Bonnick,42
Monroe,Leg. Dist. 25 - 8,State Committee,137-Female,DEM,Write-in,1
Monroe,Leg. Dist. 25 - 8,State Committee,137-Female,,Over Votes,1
Monroe,Leg. Dist. 25 - 8,State Committee,137-Female,,Under Votes,20
Monroe,Leg. Dist. 25 - 8,State Committee,137-Male,DEM,"Clifford A Florence, Jr",14
Monroe,Leg. Dist. 25 - 8,State Committee,137-Male,DEM,Demond L Meeks,91
Monroe,Leg. Dist. 25 - 8,State Committee,137-Male,DEM,Write-in,1
Monroe,Leg. Dist. 25 - 8,State Committee,137-Male,,Under Votes,10
Monroe,Leg. Dist. 25 - 8,U.S. House,25,DEM,Joseph D Morelle,60
Monroe,Leg. Dist. 25 - 8,U.S. House,25,DEM,Robin Wilt,31
Monroe,Leg. Dist. 25 - 8,U.S. House,25,DEM,Sherita S Traywick,16
Monroe,Leg. Dist. 25 - 8,U.S. House,25,DEM,Write-in,1
Monroe,Leg. Dist. 25 - 8,U.S. House,25,,Under Votes,8
Monroe,Leg. Dist. 25 - 9,Ballots Cast,,,,4
Monroe,Leg. Dist. 25 - 9,Comptroller,,DEM,Drew Warshaw,3
Monroe,Leg. Dist. 25 - 9,Comptroller,,DEM,Thomas P DiNapoli,1
Monroe,Leg. Dist. 25 - 9,Judicial Delegate - 7th JD 137th AD,,DEM,"Abigail Gonzalez, Jr",3
Monroe,Leg. Dist. 25 - 9,Judicial Delegate - 7th JD 137th AD,,DEM,Allison G Chefalo,2
Monroe,Leg. Dist. 25 - 9,Judicial Delegate - 7th JD 137th AD,,DEM,Beatriz B Lebron,3
Monroe,Leg. Dist. 25 - 9,Judicial Delegate - 7th JD 137th AD,,DEM,Campbell P Roth,2
Monroe,Leg. Dist. 25 - 9,Judicial Delegate - 7th JD 137th AD,,DEM,Demond L Meeks,3
Monroe,Leg. Dist. 25 - 9,Judicial Delegate - 7th JD 137th AD,,DEM,Jeremy A Cooney,1
Monroe,Leg. Dist. 25 - 9,Judicial Delegate - 7th JD 137th AD,,DEM,Katelyn Plonczynski,1
Monroe,Leg. Dist. 25 - 9,Judicial Delegate - 7th JD 137th AD,,DEM,Ricky G Frazier,1
Monroe,Leg. Dist. 25 - 9,Judicial Delegate - 7th JD 137th AD,,DEM,Rose E Bonnick,2
Monroe,Leg. Dist. 25 - 9,Judicial Delegate - 7th JD 137th AD,,,Under Votes,14
Monroe,Leg. Dist. 25 - 9,State Assembly,137,DEM,Mercedes Vazquez-Simmons,4
Monroe,Leg. Dist. 25 - 9,State Committee,137-Female,DEM,Mercedes Vazquez-Simmons,4
Monroe,Leg. Dist. 25 - 9,State Committee,137-Male,DEM,"Clifford A Florence, Jr",1
Monroe,Leg. Dist. 25 - 9,State Committee,137-Male,DEM,Demond L Meeks,3
Monroe,Leg. Dist. 25 - 9,U.S. House,25,DEM,Robin Wilt,3
Monroe,Leg. Dist. 25 - 9,U.S. House,25,DEM,Sherita S Traywick,1
Monroe,Leg. Dist. 25 - 10,Ballots Cast,,,,76
Monroe,Leg. Dist. 25 - 10,Comptroller,,DEM,Drew Warshaw,11
Monroe,Leg. Dist. 25 - 10,Comptroller,,DEM,Raj Goyle,13
Monroe,Leg. Dist. 25 - 10,Comptroller,,DEM,Thomas P DiNapoli,42
Monroe,Leg. Dist. 25 - 10,Comptroller,,,Under Votes,10
Monroe,Leg. Dist. 25 - 10,Judicial Delegate - 7th JD 137th AD,,DEM,"Abigail Gonzalez, Jr",39
Monroe,Leg. Dist. 25 - 10,Judicial Delegate - 7th JD 137th AD,,DEM,Allison G Chefalo,38
Monroe,Leg. Dist. 25 - 10,Judicial Delegate - 7th JD 137th AD,,DEM,Beatriz B Lebron,45
Monroe,Leg. Dist. 25 - 10,Judicial Delegate - 7th JD 137th AD,,DEM,Campbell P Roth,40
Monroe,Leg. Dist. 25 - 10,Judicial Delegate - 7th JD 137th AD,,DEM,Demond L Meeks,56
Monroe,Leg. Dist. 25 - 10,Judicial Delegate - 7th JD 137th AD,,DEM,Jeremy A Cooney,47
Monroe,Leg. Dist. 25 - 10,Judicial Delegate - 7th JD 137th AD,,DEM,Katelyn Plonczynski,31
Monroe,Leg. Dist. 25 - 10,Judicial Delegate - 7th JD 137th AD,,DEM,Ricky G Frazier,41
Monroe,Leg. Dist. 25 - 10,Judicial Delegate - 7th JD 137th AD,,DEM,Rose E Bonnick,47
Monroe,Leg. Dist. 25 - 10,Judicial Delegate - 7th JD 137th AD,,,Under Votes,224
Monroe,Leg. Dist. 25 - 10,State Assembly,137,DEM,Demond L Meeks,55
Monroe,Leg. Dist. 25 - 10,State Assembly,137,DEM,Mercedes Vazquez-Simmons,16
Monroe,Leg. Dist. 25 - 10,State Assembly,137,,Under Votes,5
Monroe,Leg. Dist. 25 - 10,State Committee,137-Female,DEM,Mercedes Vazquez-Simmons,41
Monroe,Leg. Dist. 25 - 10,State Committee,137-Female,DEM,Rose E Bonnick,24
Monroe,Leg. Dist. 25 - 10,State Committee,137-Female,,Under Votes,11
Monroe,Leg. Dist. 25 - 10,State Committee,137-Male,DEM,"Clifford A Florence, Jr",16
Monroe,Leg. Dist. 25 - 10,State Committee,137-Male,DEM,Demond L Meeks,53
Monroe,Leg. Dist. 25 - 10,State Committee,137-Male,,Under Votes,7
Monroe,Leg. Dist. 25 - 10,U.S. House,25,DEM,Joseph D Morelle,42
Monroe,Leg. Dist. 25 - 10,U.S. House,25,DEM,Robin Wilt,26
Monroe,Leg. Dist. 25 - 10,U.S. House,25,DEM,Sherita S Traywick,5
Monroe,Leg. Dist. 25 - 10,U.S. House,25,,Under Votes,3
Monroe,Leg. Dist. 25 - 11,Ballots Cast,,,,120
Monroe,Leg. Dist. 25 - 11,Comptroller,,DEM,Drew Warshaw,19
Monroe,Leg. Dist. 25 - 11,Comptroller,,DEM,Raj Goyle,13
Monroe,Leg. Dist. 25 - 11,Comptroller,,DEM,Thomas P DiNapoli,75
Monroe,Leg. Dist. 25 - 11,Comptroller,,,Over Votes,1
Monroe,Leg. Dist. 25 - 11,Comptroller,,,Under Votes,12
Monroe,Leg. Dist. 25 - 11,Judicial Delegate - 7th JD 137th AD,,DEM,"Abigail Gonzalez, Jr",59
Monroe,Leg. Dist. 25 - 11,Judicial Delegate - 7th JD 137th AD,,DEM,Allison G Chefalo,49
Monroe,Leg. Dist. 25 - 11,Judicial Delegate - 7th JD 137th AD,,DEM,Beatriz B Lebron,64
Monroe,Leg. Dist. 25 - 11,Judicial Delegate - 7th JD 137th AD,,DEM,Campbell P Roth,56
Monroe,Leg. Dist. 25 - 11,Judicial Delegate - 7th JD 137th AD,,DEM,Demond L Meeks,100
Monroe,Leg. Dist. 25 - 11,Judicial Delegate - 7th JD 137th AD,,DEM,Jeremy A Cooney,87
Monroe,Leg. Dist. 25 - 11,Judicial Delegate - 7th JD 137th AD,,DEM,Katelyn Plonczynski,29
Monroe,Leg. Dist. 25 - 11,Judicial Delegate - 7th JD 137th AD,,DEM,Ricky G Frazier,61
Monroe,Leg. Dist. 25 - 11,Judicial Delegate - 7th JD 137th AD,,DEM,Rose E Bonnick,78
Monroe,Leg. Dist. 25 - 11,Judicial Delegate - 7th JD 137th AD,,DEM,Write-in,11
Monroe,Leg. Dist. 25 - 11,Judicial Delegate - 7th JD 137th AD,,,Over Votes,8
Monroe,Leg. Dist. 25 - 11,Judicial Delegate - 7th JD 137th AD,,,Under Votes,358
Monroe,Leg. Dist. 25 - 11,State Assembly,137,DEM,Demond L Meeks,105
Monroe,Leg. Dist. 25 - 11,State Assembly,137,DEM,Mercedes Vazquez-Simmons,12
Monroe,Leg. Dist. 25 - 11,State Assembly,137,,Over Votes,1
Monroe,Leg. Dist. 25 - 11,State Assembly,137,,Under Votes,2
Monroe,Leg. Dist. 25 - 11,State Committee,137-Female,DEM,Mercedes Vazquez-Simmons,66
Monroe,Leg. Dist. 25 - 11,State Committee,137-Female,DEM,Rose E Bonnick,41
Monroe,Leg. Dist. 25 - 11,State Committee,137-Female,DEM,Write-in,1
Monroe,Leg. Dist. 25 - 11,State Committee,137-Female,,Over Votes,1
Monroe,Leg. Dist. 25 - 11,State Committee,137-Female,,Under Votes,11
Monroe,Leg. Dist. 25 - 11,State Committee,137-Male,DEM,"Clifford A Florence, Jr",15
Monroe,Leg. Dist. 25 - 11,State Committee,137-Male,DEM,Demond L Meeks,95
Monroe,Leg. Dist. 25 - 11,State Committee,137-Male,,Over Votes,1
Monroe,Leg. Dist. 25 - 11,State Committee,137-Male,,Under Votes,9
Monroe,Leg. Dist. 25 - 11,U.S. House,25,DEM,Joseph D Morelle,75
Monroe,Leg. Dist. 25 - 11,U.S. House,25,DEM,Robin Wilt,20
Monroe,Leg. Dist. 25 - 11,U.S. House,25,DEM,Sherita S Traywick,17
Monroe,Leg. Dist. 25 - 11,U.S. House,25,,Over Votes,1
Monroe,Leg. Dist. 25 - 11,U.S. House,25,,Under Votes,7
Monroe,Leg. Dist. 25 - 12,Ballots Cast,,,,28
Monroe,Leg. Dist. 25 - 12,Comptroller,,DEM,Raj Goyle,2
Monroe,Leg. Dist. 25 - 12,Comptroller,,DEM,Thomas P DiNapoli,20
Monroe,Leg. Dist. 25 - 12,Comptroller,,,Under Votes,6
Monroe,Leg. Dist. 25 - 12,Judicial Delegate - 7th JD 137th AD,,DEM,"Abigail Gonzalez, Jr",14
Monroe,Leg. Dist. 25 - 12,Judicial Delegate - 7th JD 137th AD,,DEM,Allison G Chefalo,15
Monroe,Leg. Dist. 25 - 12,Judicial Delegate - 7th JD 137th AD,,DEM,Beatriz B Lebron,18
Monroe,Leg. Dist. 25 - 12,Judicial Delegate - 7th JD 137th AD,,DEM,Campbell P Roth,15
Monroe,Leg. Dist. 25 - 12,Judicial Delegate - 7th JD 137th AD,,DEM,Demond L Meeks,25
Monroe,Leg. Dist. 25 - 12,Judicial Delegate - 7th JD 137th AD,,DEM,Jeremy A Cooney,23
Monroe,Leg. Dist. 25 - 12,Judicial Delegate - 7th JD 137th AD,,DEM,Katelyn Plonczynski,11
Monroe,Leg. Dist. 25 - 12,Judicial Delegate - 7th JD 137th AD,,DEM,Ricky G Frazier,16
Monroe,Leg. Dist. 25 - 12,Judicial Delegate - 7th JD 137th AD,,DEM,Rose E Bonnick,21
Monroe,Leg. Dist. 25 - 12,Judicial Delegate - 7th JD 137th AD,,,Under Votes,66
Monroe,Leg. Dist. 25 - 12,State Assembly,137,DEM,Demond L Meeks,24
Monroe,Leg. Dist. 25 - 12,State Assembly,137,DEM,Mercedes Vazquez-Simmons,3
Monroe,Leg. Dist. 25 - 12,State Assembly,137,,Under Votes,1
Monroe,Leg. Dist. 25 - 12,State Committee,137-Female,DEM,Mercedes Vazquez-Simmons,10
Monroe,Leg. Dist. 25 - 12,State Committee,137-Female,DEM,Rose E Bonnick,13
Monroe,Leg. Dist. 25 - 12,State Committee,137-Female,,Under Votes,5
Monroe,Leg. Dist. 25 - 12,State Committee,137-Male,DEM,"Clifford A Florence, Jr",3
Monroe,Leg. Dist. 25 - 12,State Committee,137-Male,DEM,Demond L Meeks,21
Monroe,Leg. Dist. 25 - 12,State Committee,137-Male,,Under Votes,4
Monroe,Leg. Dist. 25 - 12,U.S. House,25,DEM,Joseph D Morelle,20
Monroe,Leg. Dist. 25 - 12,U.S. House,25,DEM,Robin Wilt,2
Monroe,Leg. Dist. 25 - 12,U.S. House,25,DEM,Sherita S Traywick,3
Monroe,Leg. Dist. 25 - 12,U.S. House,25,,Under Votes,3
Monroe,Leg. Dist. 25 - 13,Ballots Cast,,,,123
Monroe,Leg. Dist. 25 - 13,Comptroller,,DEM,Drew Warshaw,15
Monroe,Leg. Dist. 25 - 13,Comptroller,,DEM,Raj Goyle,10
Monroe,Leg. Dist. 25 - 13,Comptroller,,DEM,Thomas P DiNapoli,80
Monroe,Leg. Dist. 25 - 13,Comptroller,,DEM,Write-in,1
Monroe,Leg. Dist. 25 - 13,Comptroller,,,Under Votes,17
Monroe,Leg. Dist. 25 - 13,Judicial Delegate - 7th JD 137th AD,,DEM,"Abigail Gonzalez, Jr",50
Monroe,Leg. Dist. 25 - 13,Judicial Delegate - 7th JD 137th AD,,DEM,Allison G Chefalo,44
Monroe,Leg. Dist. 25 - 13,Judicial Delegate - 7th JD 137th AD,,DEM,Beatriz B Lebron,57
Monroe,Leg. Dist. 25 - 13,Judicial Delegate - 7th JD 137th AD,,DEM,Campbell P Roth,41
Monroe,Leg. Dist. 25 - 13,Judicial Delegate - 7th JD 137th AD,,DEM,Demond L Meeks,96
Monroe,Leg. Dist. 25 - 13,Judicial Delegate - 7th JD 137th AD,,DEM,Jeremy A Cooney,86
Monroe,Leg. Dist. 25 - 13,Judicial Delegate - 7th JD 137th AD,,DEM,Katelyn Plonczynski,29
Monroe,Leg. Dist. 25 - 13,Judicial Delegate - 7th JD 137th AD,,DEM,Ricky G Frazier,62
Monroe,Leg. Dist. 25 - 13,Judicial Delegate - 7th JD 137th AD,,DEM,Rose E Bonnick,63
Monroe,Leg. Dist. 25 - 13,Judicial Delegate - 7th JD 137th AD,,,Under Votes,456
Monroe,Leg. Dist. 25 - 13,State Assembly,137,DEM,Demond L Meeks,94
Monroe,Leg. Dist. 25 - 13,State Assembly,137,DEM,Mercedes Vazquez-Simmons,24
Monroe,Leg. Dist. 25 - 13,State Assembly,137,,Over Votes,1
Monroe,Leg. Dist. 25 - 13,State Assembly,137,,Under Votes,4
Monroe,Leg. Dist. 25 - 13,State Committee,137-Female,DEM,Mercedes Vazquez-Simmons,67
Monroe,Leg. Dist. 25 - 13,State Committee,137-Female,DEM,Rose E Bonnick,37
Monroe,Leg. Dist. 25 - 13,State Committee,137-Female,,Under Votes,19
Monroe,Leg. Dist. 25 - 13,State Committee,137-Male,DEM,"Clifford A Florence, Jr",18
Monroe,Leg. Dist. 25 - 13,State Committee,137-Male,DEM,Demond L Meeks,91
Monroe,Leg. Dist. 25 - 13,State Committee,137-Male,,Over Votes,1
Monroe,Leg. Dist. 25 - 13,State Committee,137-Male,,Under Votes,13
Monroe,Leg. Dist. 25 - 13,U.S. House,25,DEM,Joseph D Morelle,77
Monroe,Leg. Dist. 25 - 13,U.S. House,25,DEM,Robin Wilt,19
Monroe,Leg. Dist. 25 - 13,U.S. House,25,DEM,Sherita S Traywick,19
Monroe,Leg. Dist. 25 - 13,U.S. House,25,,Over Votes,1
Monroe,Leg. Dist. 25 - 13,U.S. House,25,,Under Votes,7
Monroe,Leg. Dist. 25 - 14,Ballots Cast,,,,3
Monroe,Leg. Dist. 25 - 14,Comptroller,,DEM,Thomas P DiNapoli,3
Monroe,Leg. Dist. 25 - 14,Judicial Delegate - 7th JD 137th AD,,DEM,Beatriz B Lebron,3
Monroe,Leg. Dist. 25 - 14,Judicial Delegate - 7th JD 137th AD,,DEM,Campbell P Roth,1
Monroe,Leg. Dist. 25 - 14,Judicial Delegate - 7th JD 137th AD,,DEM,Demond L Meeks,3
Monroe,Leg. Dist. 25 - 14,Judicial Delegate - 7th JD 137th AD,,DEM,Jeremy A Cooney,3
Monroe,Leg. Dist. 25 - 14,Judicial Delegate - 7th JD 137th AD,,DEM,Katelyn Plonczynski,2
Monroe,Leg. Dist. 25 - 14,Judicial Delegate - 7th JD 137th AD,,DEM,Ricky G Frazier,2
Monroe,Leg. Dist. 25 - 14,Judicial Delegate - 7th JD 137th AD,,DEM,Rose E Bonnick,2
Monroe,Leg. Dist. 25 - 14,Judicial Delegate - 7th JD 137th AD,,,Under Votes,8
Monroe,Leg. Dist. 25 - 14,State Assembly,137,DEM,Demond L Meeks,3
Monroe,Leg. Dist. 25 - 14,State Committee,137-Female,DEM,Mercedes Vazquez-Simmons,1
Monroe,Leg. Dist. 25 - 14,State Committee,137-Female,DEM,Rose E Bonnick,2
Monroe,Leg. Dist. 25 - 14,State Committee,137-Male,DEM,Demond L Meeks,3
Monroe,Leg. Dist. 25 - 14,U.S. House,25,DEM,Joseph D Morelle,2
Monroe,Leg. Dist. 25 - 14,U.S. House,25,DEM,Robin Wilt,1
Monroe,Leg. Dist. 25 - 15,Ballots Cast,,,,55
Monroe,Leg. Dist. 25 - 15,Comptroller,,DEM,Drew Warshaw,2
Monroe,Leg. Dist. 25 - 15,Comptroller,,DEM,Raj Goyle,6
Monroe,Leg. Dist. 25 - 15,Comptroller,,DEM,Thomas P DiNapoli,42
Monroe,Leg. Dist. 25 - 15,Comptroller,,,Under Votes,4
Monroe,Leg. Dist. 25 - 15,Judicial Delegate - 7th JD 137th AD,,DEM,"Abigail Gonzalez, Jr",30
Monroe,Leg. Dist. 25 - 15,Judicial Delegate - 7th JD 137th AD,,DEM,Allison G Chefalo,19
Monroe,Leg. Dist. 25 - 15,Judicial Delegate - 7th JD 137th AD,,DEM,Beatriz B Lebron,32
Monroe,Leg. Dist. 25 - 15,Judicial Delegate - 7th JD 137th AD,,DEM,Campbell P Roth,28
Monroe,Leg. Dist. 25 - 15,Judicial Delegate - 7th JD 137th AD,,DEM,Demond L Meeks,47
Monroe,Leg. Dist. 25 - 15,Judicial Delegate - 7th JD 137th AD,,DEM,Jeremy A Cooney,41
Monroe,Leg. Dist. 25 - 15,Judicial Delegate - 7th JD 137th AD,,DEM,Katelyn Plonczynski,15
Monroe,Leg. Dist. 25 - 15,Judicial Delegate - 7th JD 137th AD,,DEM,Ricky G Frazier,35
Monroe,Leg. Dist. 25 - 15,Judicial Delegate - 7th JD 137th AD,,DEM,Rose E Bonnick,33
Monroe,Leg. Dist. 25 - 15,Judicial Delegate - 7th JD 137th AD,,,Under Votes,152
Monroe,Leg. Dist. 25 - 15,State Assembly,137,DEM,Demond L Meeks,48
Monroe,Leg. Dist. 25 - 15,State Assembly,137,DEM,Mercedes Vazquez-Simmons,6
Monroe,Leg. Dist. 25 - 15,State Committee,137-Female,DEM,Mercedes Vazquez-Simmons,29
Monroe,Leg. Dist. 25 - 15,State Committee,137-Female,DEM,Rose E Bonnick,18
Monroe,Leg. Dist. 25 - 15,State Committee,137-Female,,Under Votes,7
Monroe,Leg. Dist. 25 - 15,State Committee,137-Male,DEM,"Clifford A Florence, Jr",4
Monroe,Leg. Dist. 25 - 15,State Committee,137-Male,DEM,Demond L Meeks,47
Monroe,Leg. Dist. 25 - 15,State Committee,137-Male,,Under Votes,3
Monroe,Leg. Dist. 25 - 15,U.S. House,25,DEM,Joseph D Morelle,35
Monroe,Leg. Dist. 25 - 15,U.S. House,25,DEM,Robin Wilt,11
Monroe,Leg. Dist. 25 - 15,U.S. House,25,DEM,Sherita S Traywick,7
Monroe,Leg. Dist. 25 - 15,U.S. House,25,,Under Votes,2
Monroe,Leg. Dist. 25 - 16,Ballots Cast,,,,43
Monroe,Leg. Dist. 25 - 16,Comptroller,,DEM,Drew Warshaw,7
Monroe,Leg. Dist. 25 - 16,Comptroller,,DEM,Raj Goyle,7
Monroe,Leg. Dist. 25 - 16,Comptroller,,DEM,Thomas P DiNapoli,28
Monroe,Leg. Dist. 25 - 16,Comptroller,,,Under Votes,1
Monroe,Leg. Dist. 25 - 16,Judicial Delegate - 7th JD 137th AD,,DEM,"Abigail Gonzalez, Jr",25
Monroe,Leg. Dist. 25 - 16,Judicial Delegate - 7th JD 137th AD,,DEM,Allison G Chefalo,23
Monroe,Leg. Dist. 25 - 16,Judicial Delegate - 7th JD 137th AD,,DEM,Beatriz B Lebron,23
Monroe,Leg. Dist. 25 - 16,Judicial Delegate - 7th JD 137th AD,,DEM,Campbell P Roth,19
Monroe,Leg. Dist. 25 - 16,Judicial Delegate - 7th JD 137th AD,,DEM,Demond L Meeks,34
Monroe,Leg. Dist. 25 - 16,Judicial Delegate - 7th JD 137th AD,,DEM,Jeremy A Cooney,36
Monroe,Leg. Dist. 25 - 16,Judicial Delegate - 7th JD 137th AD,,DEM,Katelyn Plonczynski,21
Monroe,Leg. Dist. 25 - 16,Judicial Delegate - 7th JD 137th AD,,DEM,Ricky G Frazier,16
Monroe,Leg. Dist. 25 - 16,Judicial Delegate - 7th JD 137th AD,,DEM,Rose E Bonnick,26
Monroe,Leg. Dist. 25 - 16,Judicial Delegate - 7th JD 137th AD,,DEM,Write-in,3
Monroe,Leg. Dist. 25 - 16,Judicial Delegate - 7th JD 137th AD,,,Under Votes,118
Monroe,Leg. Dist. 25 - 16,State Assembly,137,DEM,Demond L Meeks,28
Monroe,Leg. Dist. 25 - 16,State Assembly,137,DEM,Mercedes Vazquez-Simmons,14
Monroe,Leg. Dist. 25 - 16,State Assembly,137,,Under Votes,1
Monroe,Leg. Dist. 25 - 16,State Committee,137-Female,DEM,Mercedes Vazquez-Simmons,27
Monroe,Leg. Dist. 25 - 16,State Committee,137-Female,DEM,Rose E Bonnick,11
Monroe,Leg. Dist. 25 - 16,State Committee,137-Female,,Under Votes,5
Monroe,Leg. Dist. 25 - 16,State Committee,137-Male,DEM,"Clifford A Florence, Jr",6
Monroe,Leg. Dist. 25 - 16,State Committee,137-Male,DEM,Demond L Meeks,35
Monroe,Leg. Dist. 25 - 16,State Committee,137-Male,,Under Votes,2
Monroe,Leg. Dist. 25 - 16,U.S. House,25,DEM,Joseph D Morelle,25
Monroe,Leg. Dist. 25 - 16,U.S. House,25,DEM,Robin Wilt,17
Monroe,Leg. Dist. 25 - 16,U.S. House,25,,Under Votes,1
Monroe,Leg. Dist. 25 - 17,Ballots Cast,,,,109
Monroe,Leg. Dist. 25 - 17,Comptroller,,DEM,Drew Warshaw,17
Monroe,Leg. Dist. 25 - 17,Comptroller,,DEM,Raj Goyle,16
Monroe,Leg. Dist. 25 - 17,Comptroller,,DEM,Thomas P DiNapoli,68
Monroe,Leg. Dist. 25 - 17,Comptroller,,DEM,Write-in,1
Monroe,Leg. Dist. 25 - 17,Comptroller,,,Under Votes,7
Monroe,Leg. Dist. 25 - 17,Judicial Delegate - 7th JD 137th AD,,DEM,"Abigail Gonzalez, Jr",61
Monroe,Leg. Dist. 25 - 17,Judicial Delegate - 7th JD 137th AD,,DEM,Allison G Chefalo,51
Monroe,Leg. Dist. 25 - 17,Judicial Delegate - 7th JD 137th AD,,DEM,Beatriz B Lebron,69
Monroe,Leg. Dist. 25 - 17,Judicial Delegate - 7th JD 137th AD,,DEM,Campbell P Roth,61
Monroe,Leg. Dist. 25 - 17,Judicial Delegate - 7th JD 137th AD,,DEM,Demond L Meeks,71
Monroe,Leg. Dist. 25 - 17,Judicial Delegate - 7th JD 137th AD,,DEM,Jeremy A Cooney,77
Monroe,Leg. Dist. 25 - 17,Judicial Delegate - 7th JD 137th AD,,DEM,Katelyn Plonczynski,52
Monroe,Leg. Dist. 25 - 17,Judicial Delegate - 7th JD 137th AD,,DEM,Ricky G Frazier,57
Monroe,Leg. Dist. 25 - 17,Judicial Delegate - 7th JD 137th AD,,DEM,Rose E Bonnick,67
Monroe,Leg. Dist. 25 - 17,Judicial Delegate - 7th JD 137th AD,,DEM,Write-in,2
Monroe,Leg. Dist. 25 - 17,Judicial Delegate - 7th JD 137th AD,,,Under Votes,304
Monroe,Leg. Dist. 25 - 17,State Assembly,137,DEM,Demond L Meeks,67
Monroe,Leg. Dist. 25 - 17,State Assembly,137,DEM,Mercedes Vazquez-Simmons,34
Monroe,Leg. Dist. 25 - 17,State Assembly,137,,Under Votes,8
Monroe,Leg. Dist. 25 - 17,State Committee,137-Female,DEM,Mercedes Vazquez-Simmons,61
Monroe,Leg. Dist. 25 - 17,State Committee,137-Female,DEM,Rose E Bonnick,42
Monroe,Leg. Dist. 25 - 17,State Committee,137-Female,,Under Votes,6
Monroe,Leg. Dist. 25 - 17,State Committee,137-Male,DEM,"Clifford A Florence, Jr",24
Monroe,Leg. Dist. 25 - 17,State Committee,137-Male,DEM,Demond L Meeks,75
Monroe,Leg. Dist. 25 - 17,State Committee,137-Male,,Under Votes,10
Monroe,Leg. Dist. 25 - 17,U.S. House,25,DEM,Joseph D Morelle,45
Monroe,Leg. Dist. 25 - 17,U.S. House,25,DEM,Robin Wilt,54
Monroe,Leg. Dist. 25 - 17,U.S. House,25,DEM,Sherita S Traywick,9
Monroe,Leg. Dist. 25 - 17,U.S. House,25,,Under Votes,1
Monroe,Leg. Dist. 25 - 18,Ballots Cast,,,,2
Monroe,Leg. Dist. 25 - 18,Comptroller,,DEM,Thomas P DiNapoli,2
Monroe,Leg. Dist. 25 - 18,Judicial Delegate - 7th JD 137th AD,,DEM,"Abigail Gonzalez, Jr",1
Monroe,Leg. Dist. 25 - 18,Judicial Delegate - 7th JD 137th AD,,DEM,Demond L Meeks,1
Monroe,Leg. Dist. 25 - 18,Judicial Delegate - 7th JD 137th AD,,DEM,Jeremy A Cooney,1
Monroe,Leg. Dist. 25 - 18,Judicial Delegate - 7th JD 137th AD,,DEM,Rose E Bonnick,1
Monroe,Leg. Dist. 25 - 18,Judicial Delegate - 7th JD 137th AD,,,Under Votes,12
Monroe,Leg. Dist. 25 - 18,State Assembly,137,DEM,Demond L Meeks,1
Monroe,Leg. Dist. 25 - 18,State Assembly,137,DEM,Mercedes Vazquez-Simmons,1
Monroe,Leg. Dist. 25 - 18,State Committee,137-Female,DEM,Mercedes Vazquez-Simmons,1
Monroe,Leg. Dist. 25 - 18,State Committee,137-Female,,Under Votes,1
Monroe,Leg. Dist. 25 - 18,State Committee,137-Male,DEM,Demond L Meeks,2
Monroe,Leg. Dist. 25 - 18,U.S. House,25,DEM,Joseph D Morelle,2
Monroe,Leg. Dist. 26 - 1,Ballots Cast,,,,75
Monroe,Leg. Dist. 26 - 1,Comptroller,,DEM,Drew Warshaw,11
Monroe,Leg. Dist. 26 - 1,Comptroller,,DEM,Raj Goyle,7
Monroe,Leg. Dist. 26 - 1,Comptroller,,DEM,Thomas P DiNapoli,52
Monroe,Leg. Dist. 26 - 1,Comptroller,,,Under Votes,4
Monroe,Leg. Dist. 26 - 1,U.S. House,25,DEM,Joseph D Morelle,42
Monroe,Leg. Dist. 26 - 1,U.S. House,25,DEM,Robin Wilt,30
Monroe,Leg. Dist. 26 - 1,U.S. House,25,DEM,Sherita S Traywick,3
Monroe,Leg. Dist. 26 - 2,Ballots Cast,,,,96
Monroe,Leg. Dist. 26 - 2,Comptroller,,DEM,Drew Warshaw,15
Monroe,Leg. Dist. 26 - 2,Comptroller,,DEM,Raj Goyle,10
Monroe,Leg. Dist. 26 - 2,Comptroller,,DEM,Thomas P DiNapoli,65
Monroe,Leg. Dist. 26 - 2,Comptroller,,,Over Votes,1
Monroe,Leg. Dist. 26 - 2,Comptroller,,,Under Votes,5
Monroe,Leg. Dist. 26 - 2,U.S. House,25,DEM,Joseph D Morelle,55
Monroe,Leg. Dist. 26 - 2,U.S. House,25,DEM,Robin Wilt,31
Monroe,Leg. Dist. 26 - 2,U.S. House,25,DEM,Sherita S Traywick,8
Monroe,Leg. Dist. 26 - 2,U.S. House,25,,Over Votes,1
Monroe,Leg. Dist. 26 - 2,U.S. House,25,,Under Votes,1
Monroe,Leg. Dist. 26 - 3,Ballots Cast,,,,101
Monroe,Leg. Dist. 26 - 3,Comptroller,,DEM,Drew Warshaw,15
Monroe,Leg. Dist. 26 - 3,Comptroller,,DEM,Raj Goyle,13
Monroe,Leg. Dist. 26 - 3,Comptroller,,DEM,Thomas P DiNapoli,63
Monroe,Leg. Dist. 26 - 3,Comptroller,,DEM,Write-in,1
Monroe,Leg. Dist. 26 - 3,Comptroller,,,Under Votes,9
Monroe,Leg. Dist. 26 - 3,U.S. House,25,DEM,Joseph D Morelle,51
Monroe,Leg. Dist. 26 - 3,U.S. House,25,DEM,Robin Wilt,32
Monroe,Leg. Dist. 26 - 3,U.S. House,25,DEM,Sherita S Traywick,15
Monroe,Leg. Dist. 26 - 3,U.S. House,25,,Under Votes,3
Monroe,Leg. Dist. 26 - 4,Ballots Cast,,,,69
Monroe,Leg. Dist. 26 - 4,Comptroller,,DEM,Drew Warshaw,12
Monroe,Leg. Dist. 26 - 4,Comptroller,,DEM,Raj Goyle,11
Monroe,Leg. Dist. 26 - 4,Comptroller,,DEM,Thomas P DiNapoli,44
Monroe,Leg. Dist. 26 - 4,Comptroller,,,Under Votes,2
Monroe,Leg. Dist. 26 - 4,U.S. House,25,DEM,Joseph D Morelle,39
Monroe,Leg. Dist. 26 - 4,U.S. House,25,DEM,Robin Wilt,23
Monroe,Leg. Dist. 26 - 4,U.S. House,25,DEM,Sherita S Traywick,6
Monroe,Leg. Dist. 26 - 4,U.S. House,25,,Under Votes,1
Monroe,Leg. Dist. 26 - 6,Ballots Cast,,,,42
Monroe,Leg. Dist. 26 - 6,Comptroller,,DEM,Drew Warshaw,3
Monroe,Leg. Dist. 26 - 6,Comptroller,,DEM,Raj Goyle,9
Monroe,Leg. Dist. 26 - 6,Comptroller,,DEM,Thomas P DiNapoli,28
Monroe,Leg. Dist. 26 - 6,Comptroller,,DEM,Write-in,1
Monroe,Leg. Dist. 26 - 6,Comptroller,,,Under Votes,1
Monroe,Leg. Dist. 26 - 6,U.S. House,25,DEM,Joseph D Morelle,24
Monroe,Leg. Dist. 26 - 6,U.S. House,25,DEM,Robin Wilt,14
Monroe,Leg. Dist. 26 - 6,U.S. House,25,DEM,Sherita S Traywick,3
Monroe,Leg. Dist. 26 - 6,U.S. House,25,DEM,Write-in,1
Monroe,Leg. Dist. 26 - 7,Ballots Cast,,,,64
Monroe,Leg. Dist. 26 - 7,Comptroller,,DEM,Drew Warshaw,15
Monroe,Leg. Dist. 26 - 7,Comptroller,,DEM,Raj Goyle,7
Monroe,Leg. Dist. 26 - 7,Comptroller,,DEM,Thomas P DiNapoli,40
Monroe,Leg. Dist. 26 - 7,Comptroller,,,Under Votes,1
Monroe,Leg. Dist. 26 - 7,U.S. House,25,DEM,Joseph D Morelle,34
Monroe,Leg. Dist. 26 - 7,U.S. House,25,DEM,Robin Wilt,27
Monroe,Leg. Dist. 26 - 7,U.S. House,25,DEM,Sherita S Traywick,3
Monroe,Leg. Dist. 26 - 8,Ballots Cast,,,,32
Monroe,Leg. Dist. 26 - 8,Comptroller,,DEM,Drew Warshaw,7
Monroe,Leg. Dist. 26 - 8,Comptroller,,DEM,Raj Goyle,4
Monroe,Leg. Dist. 26 - 8,Comptroller,,DEM,Thomas P DiNapoli,19
Monroe,Leg. Dist. 26 - 8,Comptroller,,,Under Votes,2
Monroe,Leg. Dist. 26 - 8,U.S. House,25,DEM,Joseph D Morelle,18
Monroe,Leg. Dist. 26 - 8,U.S. House,25,DEM,Robin Wilt,10
Monroe,Leg. Dist. 26 - 8,U.S. House,25,DEM,Sherita S Traywick,4
Monroe,Leg. Dist. 26 - 9,Ballots Cast,,,,38
Monroe,Leg. Dist. 26 - 9,Comptroller,,DEM,Drew Warshaw,6
Monroe,Leg. Dist. 26 - 9,Comptroller,,DEM,Raj Goyle,5
Monroe,Leg. Dist. 26 - 9,Comptroller,,DEM,Thomas P DiNapoli,27
Monroe,Leg. Dist. 26 - 9,U.S. House,25,DEM,Joseph D Morelle,18
Monroe,Leg. Dist. 26 - 9,U.S. House,25,DEM,Robin Wilt,12
Monroe,Leg. Dist. 26 - 9,U.S. House,25,DEM,Sherita S Traywick,7
Monroe,Leg. Dist. 26 - 9,U.S. House,25,,Under Votes,1
Monroe,Leg. Dist. 26 - 10,Ballots Cast,,,,89
Monroe,Leg. Dist. 26 - 10,Comptroller,,DEM,Drew Warshaw,23
Monroe,Leg. Dist. 26 - 10,Comptroller,,DEM,Raj Goyle,10
Monroe,Leg. Dist. 26 - 10,Comptroller,,DEM,Thomas P DiNapoli,53
Monroe,Leg. Dist. 26 - 10,Comptroller,,,Over Votes,2
Monroe,Leg. Dist. 26 - 10,Comptroller,,,Under Votes,1
Monroe,Leg. Dist. 26 - 10,U.S. House,25,DEM,Joseph D Morelle,43
Monroe,Leg. Dist. 26 - 10,U.S. House,25,DEM,Robin Wilt,38
Monroe,Leg. Dist. 26 - 10,U.S. House,25,DEM,Sherita S Traywick,6
Monroe,Leg. Dist. 26 - 10,U.S. House,25,,Over Votes,1
Monroe,Leg. Dist. 26 - 10,U.S. House,25,,Under Votes,1
Monroe,Leg. Dist. 26 - 11,Ballots Cast,,,,90
Monroe,Leg. Dist. 26 - 11,Comptroller,,DEM,Drew Warshaw,15
Monroe,Leg. Dist. 26 - 11,Comptroller,,DEM,Raj Goyle,10
Monroe,Leg. Dist. 26 - 11,Comptroller,,DEM,Thomas P DiNapoli,59
Monroe,Leg. Dist. 26 - 11,Comptroller,,,Under Votes,6
Monroe,Leg. Dist. 26 - 11,U.S. House,25,DEM,Joseph D Morelle,51
Monroe,Leg. Dist. 26 - 11,U.S. House,25,DEM,Robin Wilt,33
Monroe,Leg. Dist. 26 - 11,U.S. House,25,DEM,Sherita S Traywick,4
Monroe,Leg. Dist. 26 - 11,U.S. House,25,,Under Votes,2
Monroe,Leg. Dist. 26 - 12,Ballots Cast,,,,33
Monroe,Leg. Dist. 26 - 12,Comptroller,,DEM,Drew Warshaw,5
Monroe,Leg. Dist. 26 - 12,Comptroller,,DEM,Raj Goyle,7
Monroe,Leg. Dist. 26 - 12,Comptroller,,DEM,Thomas P DiNapoli,21
Monroe,Leg. Dist. 26 - 12,U.S. House,25,DEM,Joseph D Morelle,16
Monroe,Leg. Dist. 26 - 12,U.S. House,25,DEM,Robin Wilt,9
Monroe,Leg. Dist. 26 - 12,U.S. House,25,DEM,Sherita S Traywick,7
Monroe,Leg. Dist. 26 - 12,U.S. House,25,,Under Votes,1
Monroe,Leg. Dist. 27 - 1,Ballots Cast,,,,184
Monroe,Leg. Dist. 27 - 1,Comptroller,,DEM,Drew Warshaw,29
Monroe,Leg. Dist. 27 - 1,Comptroller,,DEM,Raj Goyle,17
Monroe,Leg. Dist. 27 - 1,Comptroller,,DEM,Thomas P DiNapoli,117
Monroe,Leg. Dist. 27 - 1,Comptroller,,,Under Votes,21
Monroe,Leg. Dist. 27 - 1,Judicial Delegate - 7th JD 137th AD,,DEM,"Abigail Gonzalez, Jr",99
Monroe,Leg. Dist. 27 - 1,Judicial Delegate - 7th JD 137th AD,,DEM,Allison G Chefalo,85
Monroe,Leg. Dist. 27 - 1,Judicial Delegate - 7th JD 137th AD,,DEM,Beatriz B Lebron,106
Monroe,Leg. Dist. 27 - 1,Judicial Delegate - 7th JD 137th AD,,DEM,Campbell P Roth,93
Monroe,Leg. Dist. 27 - 1,Judicial Delegate - 7th JD 137th AD,,DEM,Demond L Meeks,162
Monroe,Leg. Dist. 27 - 1,Judicial Delegate - 7th JD 137th AD,,DEM,Jeremy A Cooney,128
Monroe,Leg. Dist. 27 - 1,Judicial Delegate - 7th JD 137th AD,,DEM,Katelyn Plonczynski,60
Monroe,Leg. Dist. 27 - 1,Judicial Delegate - 7th JD 137th AD,,DEM,Ricky G Frazier,96
Monroe,Leg. Dist. 27 - 1,Judicial Delegate - 7th JD 137th AD,,DEM,Rose E Bonnick,125
Monroe,Leg. Dist. 27 - 1,Judicial Delegate - 7th JD 137th AD,,,Under Votes,518
Monroe,Leg. Dist. 27 - 1,State Assembly,137,DEM,Demond L Meeks,162
Monroe,Leg. Dist. 27 - 1,State Assembly,137,DEM,Mercedes Vazquez-Simmons,15
Monroe,Leg. Dist. 27 - 1,State Assembly,137,,Under Votes,7
Monroe,Leg. Dist. 27 - 1,State Committee,137-Female,DEM,Mercedes Vazquez-Simmons,91
Monroe,Leg. Dist. 27 - 1,State Committee,137-Female,DEM,Rose E Bonnick,74
Monroe,Leg. Dist. 27 - 1,State Committee,137-Female,DEM,Write-in,2
Monroe,Leg. Dist. 27 - 1,State Committee,137-Female,,Under Votes,17
Monroe,Leg. Dist. 27 - 1,State Committee,137-Male,DEM,"Clifford A Florence, Jr",19
Monroe,Leg. Dist. 27 - 1,State Committee,137-Male,DEM,Demond L Meeks,151
Monroe,Leg. Dist. 27 - 1,State Committee,137-Male,,Over Votes,1
Monroe,Leg. Dist. 27 - 1,State Committee,137-Male,,Under Votes,13
Monroe,Leg. Dist. 27 - 1,U.S. House,25,DEM,Joseph D Morelle,112
Monroe,Leg. Dist. 27 - 1,U.S. House,25,DEM,Robin Wilt,50
Monroe,Leg. Dist. 27 - 1,U.S. House,25,DEM,Sherita S Traywick,17
Monroe,Leg. Dist. 27 - 1,U.S. House,25,,Under Votes,5
Monroe,Leg. Dist. 27 - 2,Ballots Cast,,,,124
Monroe,Leg. Dist. 27 - 2,Comptroller,,DEM,Drew Warshaw,9
Monroe,Leg. Dist. 27 - 2,Comptroller,,DEM,Raj Goyle,10
Monroe,Leg. Dist. 27 - 2,Comptroller,,DEM,Thomas P DiNapoli,86
Monroe,Leg. Dist. 27 - 2,Comptroller,,,Under Votes,19
Monroe,Leg. Dist. 27 - 2,Judicial Delegate - 7th JD 137th AD,,DEM,"Abigail Gonzalez, Jr",61
Monroe,Leg. Dist. 27 - 2,Judicial Delegate - 7th JD 137th AD,,DEM,Allison G Chefalo,56
Monroe,Leg. Dist. 27 - 2,Judicial Delegate - 7th JD 137th AD,,DEM,Beatriz B Lebron,65
Monroe,Leg. Dist. 27 - 2,Judicial Delegate - 7th JD 137th AD,,DEM,Campbell P Roth,50
Monroe,Leg. Dist. 27 - 2,Judicial Delegate - 7th JD 137th AD,,DEM,Demond L Meeks,110
Monroe,Leg. Dist. 27 - 2,Judicial Delegate - 7th JD 137th AD,,DEM,Jeremy A Cooney,88
Monroe,Leg. Dist. 27 - 2,Judicial Delegate - 7th JD 137th AD,,DEM,Katelyn Plonczynski,33
Monroe,Leg. Dist. 27 - 2,Judicial Delegate - 7th JD 137th AD,,DEM,Ricky G Frazier,60
Monroe,Leg. Dist. 27 - 2,Judicial Delegate - 7th JD 137th AD,,DEM,Rose E Bonnick,88
Monroe,Leg. Dist. 27 - 2,Judicial Delegate - 7th JD 137th AD,,DEM,Write-in,4
Monroe,Leg. Dist. 27 - 2,Judicial Delegate - 7th JD 137th AD,,,Under Votes,377
Monroe,Leg. Dist. 27 - 2,State Assembly,137,DEM,Demond L Meeks,105
Monroe,Leg. Dist. 27 - 2,State Assembly,137,DEM,Mercedes Vazquez-Simmons,16
Monroe,Leg. Dist. 27 - 2,State Assembly,137,,Under Votes,3
Monroe,Leg. Dist. 27 - 2,State Committee,137-Female,DEM,Mercedes Vazquez-Simmons,49
Monroe,Leg. Dist. 27 - 2,State Committee,137-Female,DEM,Rose E Bonnick,62
Monroe,Leg. Dist. 27 - 2,State Committee,137-Female,,Under Votes,13
Monroe,Leg. Dist. 27 - 2,State Committee,137-Male,DEM,"Clifford A Florence, Jr",15
Monroe,Leg. Dist. 27 - 2,State Committee,137-Male,DEM,Demond L Meeks,106
Monroe,Leg. Dist. 27 - 2,State Committee,137-Male,,Under Votes,3
Monroe,Leg. Dist. 27 - 2,U.S. House,25,DEM,Joseph D Morelle,82
Monroe,Leg. Dist. 27 - 2,U.S. House,25,DEM,Robin Wilt,18
Monroe,Leg. Dist. 27 - 2,U.S. House,25,DEM,Sherita S Traywick,12
Monroe,Leg. Dist. 27 - 2,U.S. House,25,,Under Votes,12
Monroe,Leg. Dist. 27 - 3,Ballots Cast,,,,170
Monroe,Leg. Dist. 27 - 3,Comptroller,,DEM,Drew Warshaw,28
Monroe,Leg. Dist. 27 - 3,Comptroller,,DEM,Raj Goyle,16
Monroe,Leg. Dist. 27 - 3,Comptroller,,DEM,Thomas P DiNapoli,110
Monroe,Leg. Dist. 27 - 3,Comptroller,,,Over Votes,3
Monroe,Leg. Dist. 27 - 3,Comptroller,,,Under Votes,13
Monroe,Leg. Dist. 27 - 3,Judicial Delegate - 7th JD 137th AD,,DEM,"Abigail Gonzalez, Jr",92
Monroe,Leg. Dist. 27 - 3,Judicial Delegate - 7th JD 137th AD,,DEM,Allison G Chefalo,81
Monroe,Leg. Dist. 27 - 3,Judicial Delegate - 7th JD 137th AD,,DEM,Beatriz B Lebron,98
Monroe,Leg. Dist. 27 - 3,Judicial Delegate - 7th JD 137th AD,,DEM,Campbell P Roth,90
Monroe,Leg. Dist. 27 - 3,Judicial Delegate - 7th JD 137th AD,,DEM,Demond L Meeks,148
Monroe,Leg. Dist. 27 - 3,Judicial Delegate - 7th JD 137th AD,,DEM,Jeremy A Cooney,129
Monroe,Leg. Dist. 27 - 3,Judicial Delegate - 7th JD 137th AD,,DEM,Katelyn Plonczynski,65
Monroe,Leg. Dist. 27 - 3,Judicial Delegate - 7th JD 137th AD,,DEM,Ricky G Frazier,92
Monroe,Leg. Dist. 27 - 3,Judicial Delegate - 7th JD 137th AD,,DEM,Rose E Bonnick,115
Monroe,Leg. Dist. 27 - 3,Judicial Delegate - 7th JD 137th AD,,DEM,Write-in,1
Monroe,Leg. Dist. 27 - 3,Judicial Delegate - 7th JD 137th AD,,,Under Votes,449
Monroe,Leg. Dist. 27 - 3,State Assembly,137,DEM,Demond L Meeks,144
Monroe,Leg. Dist. 27 - 3,State Assembly,137,DEM,Mercedes Vazquez-Simmons,20
Monroe,Leg. Dist. 27 - 3,State Assembly,137,,Over Votes,2
Monroe,Leg. Dist. 27 - 3,State Assembly,137,,Under Votes,4
Monroe,Leg. Dist. 27 - 3,State Committee,137-Female,DEM,Mercedes Vazquez-Simmons,83
Monroe,Leg. Dist. 27 - 3,State Committee,137-Female,DEM,Rose E Bonnick,72
Monroe,Leg. Dist. 27 - 3,State Committee,137-Female,,Over Votes,2
Monroe,Leg. Dist. 27 - 3,State Committee,137-Female,,Under Votes,13
Monroe,Leg. Dist. 27 - 3,State Committee,137-Male,DEM,"Clifford A Florence, Jr",15
Monroe,Leg. Dist. 27 - 3,State Committee,137-Male,DEM,Demond L Meeks,145
Monroe,Leg. Dist. 27 - 3,State Committee,137-Male,,Under Votes,10
Monroe,Leg. Dist. 27 - 3,U.S. House,25,DEM,Joseph D Morelle,94
Monroe,Leg. Dist. 27 - 3,U.S. House,25,DEM,Robin Wilt,54
Monroe,Leg. Dist. 27 - 3,U.S. House,25,DEM,Sherita S Traywick,13
Monroe,Leg. Dist. 27 - 3,U.S. House,25,,Over Votes,2
Monroe,Leg. Dist. 27 - 3,U.S. House,25,,Under Votes,7
Monroe,Leg. Dist. 27 - 4,Ballots Cast,,,,200
Monroe,Leg. Dist. 27 - 4,Comptroller,,DEM,Drew Warshaw,27
Monroe,Leg. Dist. 27 - 4,Comptroller,,DEM,Raj Goyle,15
Monroe,Leg. Dist. 27 - 4,Comptroller,,DEM,Thomas P DiNapoli,134
Monroe,Leg. Dist. 27 - 4,Comptroller,,DEM,Write-in,1
Monroe,Leg. Dist. 27 - 4,Comptroller,,,Over Votes,1
Monroe,Leg. Dist. 27 - 4,Comptroller,,,Under Votes,22
Monroe,Leg. Dist. 27 - 4,Judicial Delegate - 7th JD 137th AD,,DEM,"Abigail Gonzalez, Jr",101
Monroe,Leg. Dist. 27 - 4,Judicial Delegate - 7th JD 137th AD,,DEM,Allison G Chefalo,83
Monroe,Leg. Dist. 27 - 4,Judicial Delegate - 7th JD 137th AD,,DEM,Beatriz B Lebron,117
Monroe,Leg. Dist. 27 - 4,Judicial Delegate - 7th JD 137th AD,,DEM,Campbell P Roth,91
Monroe,Leg. Dist. 27 - 4,Judicial Delegate - 7th JD 137th AD,,DEM,Demond L Meeks,175
Monroe,Leg. Dist. 27 - 4,Judicial Delegate - 7th JD 137th AD,,DEM,Jeremy A Cooney,147
Monroe,Leg. Dist. 27 - 4,Judicial Delegate - 7th JD 137th AD,,DEM,Katelyn Plonczynski,69
Monroe,Leg. Dist. 27 - 4,Judicial Delegate - 7th JD 137th AD,,DEM,Ricky G Frazier,130
Monroe,Leg. Dist. 27 - 4,Judicial Delegate - 7th JD 137th AD,,DEM,Rose E Bonnick,151
Monroe,Leg. Dist. 27 - 4,Judicial Delegate - 7th JD 137th AD,,,Under Votes,536
Monroe,Leg. Dist. 27 - 4,State Assembly,137,DEM,Demond L Meeks,175
Monroe,Leg. Dist. 27 - 4,State Assembly,137,DEM,Mercedes Vazquez-Simmons,22
Monroe,Leg. Dist. 27 - 4,State Assembly,137,,Over Votes,1
Monroe,Leg. Dist. 27 - 4,State Assembly,137,,Under Votes,2
Monroe,Leg. Dist. 27 - 4,State Committee,137-Female,DEM,Mercedes Vazquez-Simmons,91
Monroe,Leg. Dist. 27 - 4,State Committee,137-Female,DEM,Rose E Bonnick,91
Monroe,Leg. Dist. 27 - 4,State Committee,137-Female,,Under Votes,18
Monroe,Leg. Dist. 27 - 4,State Committee,137-Male,DEM,"Clifford A Florence, Jr",16
Monroe,Leg. Dist. 27 - 4,State Committee,137-Male,DEM,Demond L Meeks,172
Monroe,Leg. Dist. 27 - 4,State Committee,137-Male,,Over Votes,1
Monroe,Leg. Dist. 27 - 4,State Committee,137-Male,,Under Votes,11
Monroe,Leg. Dist. 27 - 4,U.S. House,25,DEM,Joseph D Morelle,127
Monroe,Leg. Dist. 27 - 4,U.S. House,25,DEM,Robin Wilt,46
Monroe,Leg. Dist. 27 - 4,U.S. House,25,DEM,Sherita S Traywick,20
Monroe,Leg. Dist. 27 - 4,U.S. House,25,,Under Votes,7
Monroe,Leg. Dist. 27 - 5,Ballots Cast,,,,363
Monroe,Leg. Dist. 27 - 5,Comptroller,,DEM,Drew Warshaw,34
Monroe,Leg. Dist. 27 - 5,Comptroller,,DEM,Raj Goyle,45
Monroe,Leg. Dist. 27 - 5,Comptroller,,DEM,Thomas P DiNapoli,231
Monroe,Leg. Dist. 27 - 5,Comptroller,,DEM,Write-in,1
Monroe,Leg. Dist. 27 - 5,Comptroller,,,Under Votes,52
Monroe,Leg. Dist. 27 - 5,Judicial Delegate - 7th JD 137th AD,,DEM,"Abigail Gonzalez, Jr",156
Monroe,Leg. Dist. 27 - 5,Judicial Delegate - 7th JD 137th AD,,DEM,Allison G Chefalo,134
Monroe,Leg. Dist. 27 - 5,Judicial Delegate - 7th JD 137th AD,,DEM,Beatriz B Lebron,195
Monroe,Leg. Dist. 27 - 5,Judicial Delegate - 7th JD 137th AD,,DEM,Campbell P Roth,140
Monroe,Leg. Dist. 27 - 5,Judicial Delegate - 7th JD 137th AD,,DEM,Demond L Meeks,308
Monroe,Leg. Dist. 27 - 5,Judicial Delegate - 7th JD 137th AD,,DEM,Jeremy A Cooney,261
Monroe,Leg. Dist. 27 - 5,Judicial Delegate - 7th JD 137th AD,,DEM,Katelyn Plonczynski,121
Monroe,Leg. Dist. 27 - 5,Judicial Delegate - 7th JD 137th AD,,DEM,Ricky G Frazier,182
Monroe,Leg. Dist. 27 - 5,Judicial Delegate - 7th JD 137th AD,,DEM,Rose E Bonnick,246
Monroe,Leg. Dist. 27 - 5,Judicial Delegate - 7th JD 137th AD,,DEM,Write-in,13
Monroe,Leg. Dist. 27 - 5,Judicial Delegate - 7th JD 137th AD,,,Under Votes,1148
Monroe,Leg. Dist. 27 - 5,State Assembly,137,DEM,Demond L Meeks,321
Monroe,Leg. Dist. 27 - 5,State Assembly,137,DEM,Mercedes Vazquez-Simmons,26
Monroe,Leg. Dist. 27 - 5,State Assembly,137,,Under Votes,16
Monroe,Leg. Dist. 27 - 5,State Committee,137-Female,DEM,Mercedes Vazquez-Simmons,126
Monroe,Leg. Dist. 27 - 5,State Committee,137-Female,DEM,Rose E Bonnick,184
Monroe,Leg. Dist. 27 - 5,State Committee,137-Female,DEM,Write-in,1
Monroe,Leg. Dist. 27 - 5,State Committee,137-Female,,Under Votes,52
Monroe,Leg. Dist. 27 - 5,State Committee,137-Male,DEM,"Clifford A Florence, Jr",30
Monroe,Leg. Dist. 27 - 5,State Committee,137-Male,DEM,Demond L Meeks,300
Monroe,Leg. Dist. 27 - 5,State Committee,137-Male,,Over Votes,1
Monroe,Leg. Dist. 27 - 5,State Committee,137-Male,,Under Votes,32
Monroe,Leg. Dist. 27 - 5,U.S. House,25,DEM,Joseph D Morelle,207
Monroe,Leg. Dist. 27 - 5,U.S. House,25,DEM,Robin Wilt,104
Monroe,Leg. Dist. 27 - 5,U.S. House,25,DEM,Sherita S Traywick,35
Monroe,Leg. Dist. 27 - 5,U.S. House,25,DEM,Write-in,2
Monroe,Leg. Dist. 27 - 5,U.S. House,25,,Under Votes,15
Monroe,Leg. Dist. 27 - 6,Ballots Cast,,,,79
Monroe,Leg. Dist. 27 - 6,Comptroller,,DEM,Drew Warshaw,7
Monroe,Leg. Dist. 27 - 6,Comptroller,,DEM,Raj Goyle,1
Monroe,Leg. Dist. 27 - 6,Comptroller,,DEM,Thomas P DiNapoli,60
Monroe,Leg. Dist. 27 - 6,Comptroller,,DEM,Write-in,1
Monroe,Leg. Dist. 27 - 6,Comptroller,,,Under Votes,10
Monroe,Leg. Dist. 27 - 6,Judicial Delegate - 7th JD 137th AD,,DEM,"Abigail Gonzalez, Jr",40
Monroe,Leg. Dist. 27 - 6,Judicial Delegate - 7th JD 137th AD,,DEM,Allison G Chefalo,34
Monroe,Leg. Dist. 27 - 6,Judicial Delegate - 7th JD 137th AD,,DEM,Beatriz B Lebron,38
Monroe,Leg. Dist. 27 - 6,Judicial Delegate - 7th JD 137th AD,,DEM,Campbell P Roth,38
Monroe,Leg. Dist. 27 - 6,Judicial Delegate - 7th JD 137th AD,,DEM,Demond L Meeks,68
Monroe,Leg. Dist. 27 - 6,Judicial Delegate - 7th JD 137th AD,,DEM,Jeremy A Cooney,61
Monroe,Leg. Dist. 27 - 6,Judicial Delegate - 7th JD 137th AD,,DEM,Katelyn Plonczynski,27
Monroe,Leg. Dist. 27 - 6,Judicial Delegate - 7th JD 137th AD,,DEM,Ricky G Frazier,56
Monroe,Leg. Dist. 27 - 6,Judicial Delegate - 7th JD 137th AD,,DEM,Rose E Bonnick,50
Monroe,Leg. Dist. 27 - 6,Judicial Delegate - 7th JD 137th AD,,DEM,Write-in,8
Monroe,Leg. Dist. 27 - 6,Judicial Delegate - 7th JD 137th AD,,,Over Votes,8
Monroe,Leg. Dist. 27 - 6,Judicial Delegate - 7th JD 137th AD,,,Under Votes,204
Monroe,Leg. Dist. 27 - 6,State Assembly,137,DEM,Demond L Meeks,69
Monroe,Leg. Dist. 27 - 6,State Assembly,137,DEM,Mercedes Vazquez-Simmons,7
Monroe,Leg. Dist. 27 - 6,State Assembly,137,DEM,Write-in,1
Monroe,Leg. Dist. 27 - 6,State Assembly,137,,Over Votes,1
Monroe,Leg. Dist. 27 - 6,State Assembly,137,,Under Votes,1
Monroe,Leg. Dist. 27 - 6,State Committee,137-Female,DEM,Mercedes Vazquez-Simmons,35
Monroe,Leg. Dist. 27 - 6,State Committee,137-Female,DEM,Rose E Bonnick,31
Monroe,Leg. Dist. 27 - 6,State Committee,137-Female,DEM,Write-in,1
Monroe,Leg. Dist. 27 - 6,State Committee,137-Female,,Over Votes,1
Monroe,Leg. Dist. 27 - 6,State Committee,137-Female,,Under Votes,11
Monroe,Leg. Dist. 27 - 6,State Committee,137-Male,DEM,"Clifford A Florence, Jr",16
Monroe,Leg. Dist. 27 - 6,State Committee,137-Male,DEM,Demond L Meeks,58
Monroe,Leg. Dist. 27 - 6,State Committee,137-Male,,Under Votes,5
Monroe,Leg. Dist. 27 - 6,U.S. House,25,DEM,Joseph D Morelle,54
Monroe,Leg. Dist. 27 - 6,U.S. House,25,DEM,Robin Wilt,13
Monroe,Leg. Dist. 27 - 6,U.S. House,25,DEM,Sherita S Traywick,4
Monroe,Leg. Dist. 27 - 6,U.S. House,25,DEM,Write-in,1
Monroe,Leg. Dist. 27 - 6,U.S. House,25,,Under Votes,7
Monroe,Leg. Dist. 27 - 7,Ballots Cast,,,,70
Monroe,Leg. Dist. 27 - 7,Comptroller,,DEM,Drew Warshaw,9
Monroe,Leg. Dist. 27 - 7,Comptroller,,DEM,Raj Goyle,5
Monroe,Leg. Dist. 27 - 7,Comptroller,,DEM,Thomas P DiNapoli,52
Monroe,Leg. Dist. 27 - 7,Comptroller,,,Under Votes,4
Monroe,Leg. Dist. 27 - 7,Judicial Delegate - 7th JD 137th AD,,DEM,"Abigail Gonzalez, Jr",37
Monroe,Leg. Dist. 27 - 7,Judicial Delegate - 7th JD 137th AD,,DEM,Allison G Chefalo,36
Monroe,Leg. Dist. 27 - 7,Judicial Delegate - 7th JD 137th AD,,DEM,Beatriz B Lebron,38
Monroe,Leg. Dist. 27 - 7,Judicial Delegate - 7th JD 137th AD,,DEM,Campbell P Roth,37
Monroe,Leg. Dist. 27 - 7,Judicial Delegate - 7th JD 137th AD,,DEM,Demond L Meeks,62
Monroe,Leg. Dist. 27 - 7,Judicial Delegate - 7th JD 137th AD,,DEM,Jeremy A Cooney,53
Monroe,Leg. Dist. 27 - 7,Judicial Delegate - 7th JD 137th AD,,DEM,Katelyn Plonczynski,22
Monroe,Leg. Dist. 27 - 7,Judicial Delegate - 7th JD 137th AD,,DEM,Ricky G Frazier,40
Monroe,Leg. Dist. 27 - 7,Judicial Delegate - 7th JD 137th AD,,DEM,Rose E Bonnick,46
Monroe,Leg. Dist. 27 - 7,Judicial Delegate - 7th JD 137th AD,,DEM,Write-in,1
Monroe,Leg. Dist. 27 - 7,Judicial Delegate - 7th JD 137th AD,,,Under Votes,188
Monroe,Leg. Dist. 27 - 7,State Assembly,137,DEM,Demond L Meeks,60
Monroe,Leg. Dist. 27 - 7,State Assembly,137,DEM,Mercedes Vazquez-Simmons,8
Monroe,Leg. Dist. 27 - 7,State Assembly,137,,Under Votes,2
Monroe,Leg. Dist. 27 - 7,State Committee,137-Female,DEM,Mercedes Vazquez-Simmons,31
Monroe,Leg. Dist. 27 - 7,State Committee,137-Female,DEM,Rose E Bonnick,26
Monroe,Leg. Dist. 27 - 7,State Committee,137-Female,,Over Votes,1
Monroe,Leg. Dist. 27 - 7,State Committee,137-Female,,Under Votes,12
Monroe,Leg. Dist. 27 - 7,State Committee,137-Male,DEM,"Clifford A Florence, Jr",11
Monroe,Leg. Dist. 27 - 7,State Committee,137-Male,DEM,Demond L Meeks,54
Monroe,Leg. Dist. 27 - 7,State Committee,137-Male,,Over Votes,1
Monroe,Leg. Dist. 27 - 7,State Committee,137-Male,,Under Votes,4
Monroe,Leg. Dist. 27 - 7,U.S. House,25,DEM,Joseph D Morelle,49
Monroe,Leg. Dist. 27 - 7,U.S. House,25,DEM,Robin Wilt,14
Monroe,Leg. Dist. 27 - 7,U.S. House,25,DEM,Sherita S Traywick,4
Monroe,Leg. Dist. 27 - 7,U.S. House,25,,Over Votes,1
Monroe,Leg. Dist. 27 - 7,U.S. House,25,,Under Votes,2
Monroe,Leg. Dist. 27 - 8,Ballots Cast,,,,68
Monroe,Leg. Dist. 27 - 8,Comptroller,,DEM,Drew Warshaw,6
Monroe,Leg. Dist. 27 - 8,Comptroller,,DEM,Raj Goyle,3
Monroe,Leg. Dist. 27 - 8,Comptroller,,DEM,Thomas P DiNapoli,51
Monroe,Leg. Dist. 27 - 8,Comptroller,,,Over Votes,1
Monroe,Leg. Dist. 27 - 8,Comptroller,,,Under Votes,7
Monroe,Leg. Dist. 27 - 8,Judicial Delegate - 7th JD 137th AD,,DEM,"Abigail Gonzalez, Jr",34
Monroe,Leg. Dist. 27 - 8,Judicial Delegate - 7th JD 137th AD,,DEM,Allison G Chefalo,25
Monroe,Leg. Dist. 27 - 8,Judicial Delegate - 7th JD 137th AD,,DEM,Beatriz B Lebron,28
Monroe,Leg. Dist. 27 - 8,Judicial Delegate - 7th JD 137th AD,,DEM,Campbell P Roth,23
Monroe,Leg. Dist. 27 - 8,Judicial Delegate - 7th JD 137th AD,,DEM,Demond L Meeks,52
Monroe,Leg. Dist. 27 - 8,Judicial Delegate - 7th JD 137th AD,,DEM,Jeremy A Cooney,45
Monroe,Leg. Dist. 27 - 8,Judicial Delegate - 7th JD 137th AD,,DEM,Katelyn Plonczynski,14
Monroe,Leg. Dist. 27 - 8,Judicial Delegate - 7th JD 137th AD,,DEM,Ricky G Frazier,28
Monroe,Leg. Dist. 27 - 8,Judicial Delegate - 7th JD 137th AD,,DEM,Rose E Bonnick,34
Monroe,Leg. Dist. 27 - 8,Judicial Delegate - 7th JD 137th AD,,,Under Votes,261
Monroe,Leg. Dist. 27 - 8,State Assembly,137,DEM,Demond L Meeks,53
Monroe,Leg. Dist. 27 - 8,State Assembly,137,DEM,Mercedes Vazquez-Simmons,11
Monroe,Leg. Dist. 27 - 8,State Assembly,137,,Over Votes,1
Monroe,Leg. Dist. 27 - 8,State Assembly,137,,Under Votes,3
Monroe,Leg. Dist. 27 - 8,State Committee,137-Female,DEM,Mercedes Vazquez-Simmons,39
Monroe,Leg. Dist. 27 - 8,State Committee,137-Female,DEM,Rose E Bonnick,16
Monroe,Leg. Dist. 27 - 8,State Committee,137-Female,,Over Votes,1
Monroe,Leg. Dist. 27 - 8,State Committee,137-Female,,Under Votes,12
Monroe,Leg. Dist. 27 - 8,State Committee,137-Male,DEM,"Clifford A Florence, Jr",7
Monroe,Leg. Dist. 27 - 8,State Committee,137-Male,DEM,Demond L Meeks,56
Monroe,Leg. Dist. 27 - 8,State Committee,137-Male,,Under Votes,5
Monroe,Leg. Dist. 27 - 8,U.S. House,25,DEM,Joseph D Morelle,53
Monroe,Leg. Dist. 27 - 8,U.S. House,25,DEM,Robin Wilt,5
Monroe,Leg. Dist. 27 - 8,U.S. House,25,DEM,Sherita S Traywick,7
Monroe,Leg. Dist. 27 - 8,U.S. House,25,,Under Votes,3
Monroe,Leg. Dist. 27 - 9,Ballots Cast,,,,226
Monroe,Leg. Dist. 27 - 9,Comptroller,,DEM,Drew Warshaw,21
Monroe,Leg. Dist. 27 - 9,Comptroller,,DEM,Raj Goyle,16
Monroe,Leg. Dist. 27 - 9,Comptroller,,DEM,Thomas P DiNapoli,169
Monroe,Leg. Dist. 27 - 9,Comptroller,,DEM,Write-in,1
Monroe,Leg. Dist. 27 - 9,Comptroller,,,Under Votes,19
Monroe,Leg. Dist. 27 - 9,Judicial Delegate - 7th JD 137th AD,,DEM,"Abigail Gonzalez, Jr",126
Monroe,Leg. Dist. 27 - 9,Judicial Delegate - 7th JD 137th AD,,DEM,Allison G Chefalo,107
Monroe,Leg. Dist. 27 - 9,Judicial Delegate - 7th JD 137th AD,,DEM,Beatriz B Lebron,135
Monroe,Leg. Dist. 27 - 9,Judicial Delegate - 7th JD 137th AD,,DEM,Campbell P Roth,111
Monroe,Leg. Dist. 27 - 9,Judicial Delegate - 7th JD 137th AD,,DEM,Demond L Meeks,192
Monroe,Leg. Dist. 27 - 9,Judicial Delegate - 7th JD 137th AD,,DEM,Jeremy A Cooney,171
Monroe,Leg. Dist. 27 - 9,Judicial Delegate - 7th JD 137th AD,,DEM,Katelyn Plonczynski,89
Monroe,Leg. Dist. 27 - 9,Judicial Delegate - 7th JD 137th AD,,DEM,Ricky G Frazier,131
Monroe,Leg. Dist. 27 - 9,Judicial Delegate - 7th JD 137th AD,,DEM,Rose E Bonnick,148
Monroe,Leg. Dist. 27 - 9,Judicial Delegate - 7th JD 137th AD,,DEM,Write-in,6
Monroe,Leg. Dist. 27 - 9,Judicial Delegate - 7th JD 137th AD,,,Under Votes,592
Monroe,Leg. Dist. 27 - 9,State Assembly,137,DEM,Demond L Meeks,199
Monroe,Leg. Dist. 27 - 9,State Assembly,137,DEM,Mercedes Vazquez-Simmons,23
Monroe,Leg. Dist. 27 - 9,State Assembly,137,,Under Votes,4
Monroe,Leg. Dist. 27 - 9,State Committee,137-Female,DEM,Mercedes Vazquez-Simmons,120
Monroe,Leg. Dist. 27 - 9,State Committee,137-Female,DEM,Rose E Bonnick,89
Monroe,Leg. Dist. 27 - 9,State Committee,137-Female,,Under Votes,17
Monroe,Leg. Dist. 27 - 9,State Committee,137-Male,DEM,"Clifford A Florence, Jr",24
Monroe,Leg. Dist. 27 - 9,State Committee,137-Male,DEM,Demond L Meeks,189
Monroe,Leg. Dist. 27 - 9,State Committee,137-Male,,Under Votes,13
Monroe,Leg. Dist. 27 - 9,U.S. House,25,DEM,Joseph D Morelle,153
Monroe,Leg. Dist. 27 - 9,U.S. House,25,DEM,Robin Wilt,50
Monroe,Leg. Dist. 27 - 9,U.S. House,25,DEM,Sherita S Traywick,18
Monroe,Leg. Dist. 27 - 9,U.S. House,25,,Under Votes,5
Monroe,Leg. Dist. 27 - 11,Ballots Cast,,,,219
Monroe,Leg. Dist. 27 - 11,Comptroller,,DEM,Drew Warshaw,36
Monroe,Leg. Dist. 27 - 11,Comptroller,,DEM,Raj Goyle,19
Monroe,Leg. Dist. 27 - 11,Comptroller,,DEM,Thomas P DiNapoli,146
Monroe,Leg. Dist. 27 - 11,Comptroller,,DEM,Write-in,1
Monroe,Leg. Dist. 27 - 11,Comptroller,,,Under Votes,17
Monroe,Leg. Dist. 27 - 11,Judicial Delegate - 7th JD 137th AD,,DEM,"Abigail Gonzalez, Jr",114
Monroe,Leg. Dist. 27 - 11,Judicial Delegate - 7th JD 137th AD,,DEM,Allison G Chefalo,95
Monroe,Leg. Dist. 27 - 11,Judicial Delegate - 7th JD 137th AD,,DEM,Beatriz B Lebron,122
Monroe,Leg. Dist. 27 - 11,Judicial Delegate - 7th JD 137th AD,,DEM,Campbell P Roth,100
Monroe,Leg. Dist. 27 - 11,Judicial Delegate - 7th JD 137th AD,,DEM,Demond L Meeks,185
Monroe,Leg. Dist. 27 - 11,Judicial Delegate - 7th JD 137th AD,,DEM,Jeremy A Cooney,164
Monroe,Leg. Dist. 27 - 11,Judicial Delegate - 7th JD 137th AD,,DEM,Katelyn Plonczynski,62
Monroe,Leg. Dist. 27 - 11,Judicial Delegate - 7th JD 137th AD,,DEM,Ricky G Frazier,114
Monroe,Leg. Dist. 27 - 11,Judicial Delegate - 7th JD 137th AD,,DEM,Rose E Bonnick,152
Monroe,Leg. Dist. 27 - 11,Judicial Delegate - 7th JD 137th AD,,DEM,Write-in,1
Monroe,Leg. Dist. 27 - 11,Judicial Delegate - 7th JD 137th AD,,,Under Votes,643
Monroe,Leg. Dist. 27 - 11,State Assembly,137,DEM,Demond L Meeks,185
Monroe,Leg. Dist. 27 - 11,State Assembly,137,DEM,Mercedes Vazquez-Simmons,28
Monroe,Leg. Dist. 27 - 11,State Assembly,137,,Under Votes,6
Monroe,Leg. Dist. 27 - 11,State Committee,137-Female,DEM,Mercedes Vazquez-Simmons,97
Monroe,Leg. Dist. 27 - 11,State Committee,137-Female,DEM,Rose E Bonnick,96
Monroe,Leg. Dist. 27 - 11,State Committee,137-Female,,Under Votes,26
Monroe,Leg. Dist. 27 - 11,State Committee,137-Male,DEM,"Clifford A Florence, Jr",28
Monroe,Leg. Dist. 27 - 11,State Committee,137-Male,DEM,Demond L Meeks,180
Monroe,Leg. Dist. 27 - 11,State Committee,137-Male,,Under Votes,11
Monroe,Leg. Dist. 27 - 11,U.S. House,25,DEM,Joseph D Morelle,125
Monroe,Leg. Dist. 27 - 11,U.S. House,25,DEM,Robin Wilt,64
Monroe,Leg. Dist. 27 - 11,U.S. House,25,DEM,Sherita S Traywick,18
Monroe,Leg. Dist. 27 - 11,U.S. House,25,,Under Votes,12
Monroe,Leg. Dist. 28 - 1,Ballots Cast,,,,16
Monroe,Leg. Dist. 28 - 1,Comptroller,,DEM,Drew Warshaw,2
Monroe,Leg. Dist. 28 - 1,Comptroller,,DEM,Raj Goyle,2
Monroe,Leg. Dist. 28 - 1,Comptroller,,DEM,Thomas P DiNapoli,11
Monroe,Leg. Dist. 28 - 1,Comptroller,,,Under Votes,1
Monroe,Leg. Dist. 28 - 1,Judicial Delegate - 7th JD 137th AD,,DEM,"Abigail Gonzalez, Jr",7
Monroe,Leg. Dist. 28 - 1,Judicial Delegate - 7th JD 137th AD,,DEM,Allison G Chefalo,8
Monroe,Leg. Dist. 28 - 1,Judicial Delegate - 7th JD 137th AD,,DEM,Beatriz B Lebron,10
Monroe,Leg. Dist. 28 - 1,Judicial Delegate - 7th JD 137th AD,,DEM,Campbell P Roth,8
Monroe,Leg. Dist. 28 - 1,Judicial Delegate - 7th JD 137th AD,,DEM,Demond L Meeks,11
Monroe,Leg. Dist. 28 - 1,Judicial Delegate - 7th JD 137th AD,,DEM,Jeremy A Cooney,10
Monroe,Leg. Dist. 28 - 1,Judicial Delegate - 7th JD 137th AD,,DEM,Katelyn Plonczynski,6
Monroe,Leg. Dist. 28 - 1,Judicial Delegate - 7th JD 137th AD,,DEM,Ricky G Frazier,7
Monroe,Leg. Dist. 28 - 1,Judicial Delegate - 7th JD 137th AD,,DEM,Rose E Bonnick,10
Monroe,Leg. Dist. 28 - 1,Judicial Delegate - 7th JD 137th AD,,DEM,Write-in,1
Monroe,Leg. Dist. 28 - 1,Judicial Delegate - 7th JD 137th AD,,,Under Votes,50
Monroe,Leg. Dist. 28 - 1,State Assembly,137,DEM,Demond L Meeks,11
Monroe,Leg. Dist. 28 - 1,State Assembly,137,DEM,Mercedes Vazquez-Simmons,4
Monroe,Leg. Dist. 28 - 1,State Assembly,137,,Under Votes,1
Monroe,Leg. Dist. 28 - 1,State Committee,137-Female,DEM,Mercedes Vazquez-Simmons,10
Monroe,Leg. Dist. 28 - 1,State Committee,137-Female,DEM,Rose E Bonnick,4
Monroe,Leg. Dist. 28 - 1,State Committee,137-Female,,Under Votes,2
Monroe,Leg. Dist. 28 - 1,State Committee,137-Male,DEM,"Clifford A Florence, Jr",3
Monroe,Leg. Dist. 28 - 1,State Committee,137-Male,DEM,Demond L Meeks,12
Monroe,Leg. Dist. 28 - 1,State Committee,137-Male,,Under Votes,1
Monroe,Leg. Dist. 28 - 1,U.S. House,25,DEM,Joseph D Morelle,9
Monroe,Leg. Dist. 28 - 1,U.S. House,25,DEM,Robin Wilt,4
Monroe,Leg. Dist. 28 - 1,U.S. House,25,DEM,Sherita S Traywick,1
Monroe,Leg. Dist. 28 - 1,U.S. House,25,,Under Votes,2
Monroe,Leg. Dist. 28 - 2,Ballots Cast,,,,37
Monroe,Leg. Dist. 28 - 2,Comptroller,,DEM,Drew Warshaw,1
Monroe,Leg. Dist. 28 - 2,Comptroller,,DEM,Raj Goyle,3
Monroe,Leg. Dist. 28 - 2,Comptroller,,DEM,Thomas P DiNapoli,29
Monroe,Leg. Dist. 28 - 2,Comptroller,,,Under Votes,4
Monroe,Leg. Dist. 28 - 2,Judicial Delegate - 7th JD 137th AD,,DEM,"Abigail Gonzalez, Jr",23
Monroe,Leg. Dist. 28 - 2,Judicial Delegate - 7th JD 137th AD,,DEM,Allison G Chefalo,19
Monroe,Leg. Dist. 28 - 2,Judicial Delegate - 7th JD 137th AD,,DEM,Beatriz B Lebron,29
Monroe,Leg. Dist. 28 - 2,Judicial Delegate - 7th JD 137th AD,,DEM,Campbell P Roth,22
Monroe,Leg. Dist. 28 - 2,Judicial Delegate - 7th JD 137th AD,,DEM,Demond L Meeks,30
Monroe,Leg. Dist. 28 - 2,Judicial Delegate - 7th JD 137th AD,,DEM,Jeremy A Cooney,27
Monroe,Leg. Dist. 28 - 2,Judicial Delegate - 7th JD 137th AD,,DEM,Katelyn Plonczynski,15
Monroe,Leg. Dist. 28 - 2,Judicial Delegate - 7th JD 137th AD,,DEM,Ricky G Frazier,24
Monroe,Leg. Dist. 28 - 2,Judicial Delegate - 7th JD 137th AD,,DEM,Rose E Bonnick,27
Monroe,Leg. Dist. 28 - 2,Judicial Delegate - 7th JD 137th AD,,DEM,Write-in,1
Monroe,Leg. Dist. 28 - 2,Judicial Delegate - 7th JD 137th AD,,,Under Votes,79
Monroe,Leg. Dist. 28 - 2,State Assembly,137,DEM,Demond L Meeks,29
Monroe,Leg. Dist. 28 - 2,State Assembly,137,DEM,Mercedes Vazquez-Simmons,8
Monroe,Leg. Dist. 28 - 2,State Committee,137-Female,DEM,Mercedes Vazquez-Simmons,24
Monroe,Leg. Dist. 28 - 2,State Committee,137-Female,DEM,Rose E Bonnick,10
Monroe,Leg. Dist. 28 - 2,State Committee,137-Female,,Under Votes,3
Monroe,Leg. Dist. 28 - 2,State Committee,137-Male,DEM,"Clifford A Florence, Jr",5
Monroe,Leg. Dist. 28 - 2,State Committee,137-Male,DEM,Demond L Meeks,30
Monroe,Leg. Dist. 28 - 2,State Committee,137-Male,,Under Votes,2
Monroe,Leg. Dist. 28 - 2,U.S. House,25,DEM,Joseph D Morelle,28
Monroe,Leg. Dist. 28 - 2,U.S. House,25,DEM,Robin Wilt,5
Monroe,Leg. Dist. 28 - 2,U.S. House,25,DEM,Sherita S Traywick,2
Monroe,Leg. Dist. 28 - 2,U.S. House,25,,Under Votes,2
Monroe,Leg. Dist. 28 - 3,Ballots Cast,,,,111
Monroe,Leg. Dist. 28 - 3,Comptroller,,DEM,Drew Warshaw,15
Monroe,Leg. Dist. 28 - 3,Comptroller,,DEM,Raj Goyle,9
Monroe,Leg. Dist. 28 - 3,Comptroller,,DEM,Thomas P DiNapoli,73
Monroe,Leg. Dist. 28 - 3,Comptroller,,,Under Votes,14
Monroe,Leg. Dist. 28 - 3,Judicial Delegate - 7th JD 137th AD,,DEM,"Abigail Gonzalez, Jr",57
Monroe,Leg. Dist. 28 - 3,Judicial Delegate - 7th JD 137th AD,,DEM,Allison G Chefalo,39
Monroe,Leg. Dist. 28 - 3,Judicial Delegate - 7th JD 137th AD,,DEM,Beatriz B Lebron,57
Monroe,Leg. Dist. 28 - 3,Judicial Delegate - 7th JD 137th AD,,DEM,Campbell P Roth,44
Monroe,Leg. Dist. 28 - 3,Judicial Delegate - 7th JD 137th AD,,DEM,Demond L Meeks,94
Monroe,Leg. Dist. 28 - 3,Judicial Delegate - 7th JD 137th AD,,DEM,Jeremy A Cooney,88
Monroe,Leg. Dist. 28 - 3,Judicial Delegate - 7th JD 137th AD,,DEM,Katelyn Plonczynski,24
Monroe,Leg. Dist. 28 - 3,Judicial Delegate - 7th JD 137th AD,,DEM,Ricky G Frazier,57
Monroe,Leg. Dist. 28 - 3,Judicial Delegate - 7th JD 137th AD,,DEM,Rose E Bonnick,60
Monroe,Leg. Dist. 28 - 3,Judicial Delegate - 7th JD 137th AD,,,Under Votes,368
Monroe,Leg. Dist. 28 - 3,State Assembly,137,DEM,Demond L Meeks,87
Monroe,Leg. Dist. 28 - 3,State Assembly,137,DEM,Mercedes Vazquez-Simmons,21
Monroe,Leg. Dist. 28 - 3,State Assembly,137,,Under Votes,3
Monroe,Leg. Dist. 28 - 3,State Committee,137-Female,DEM,Mercedes Vazquez-Simmons,64
Monroe,Leg. Dist. 28 - 3,State Committee,137-Female,DEM,Rose E Bonnick,31
Monroe,Leg. Dist. 28 - 3,State Committee,137-Female,,Under Votes,16
Monroe,Leg. Dist. 28 - 3,State Committee,137-Male,DEM,"Clifford A Florence, Jr",15
Monroe,Leg. Dist. 28 - 3,State Committee,137-Male,DEM,Demond L Meeks,91
Monroe,Leg. Dist. 28 - 3,State Committee,137-Male,,Under Votes,5
Monroe,Leg. Dist. 28 - 3,U.S. House,25,DEM,Joseph D Morelle,76
Monroe,Leg. Dist. 28 - 3,U.S. House,25,DEM,Robin Wilt,14
Monroe,Leg. Dist. 28 - 3,U.S. House,25,DEM,Sherita S Traywick,14
Monroe,Leg. Dist. 28 - 3,U.S. House,25,,Under Votes,7
Monroe,Leg. Dist. 28 - 4,Ballots Cast,,,,66
Monroe,Leg. Dist. 28 - 4,Comptroller,,DEM,Drew Warshaw,9
Monroe,Leg. Dist. 28 - 4,Comptroller,,DEM,Raj Goyle,5
Monroe,Leg. Dist. 28 - 4,Comptroller,,DEM,Thomas P DiNapoli,44
Monroe,Leg. Dist. 28 - 4,Comptroller,,,Over Votes,1
Monroe,Leg. Dist. 28 - 4,Comptroller,,,Under Votes,7
Monroe,Leg. Dist. 28 - 4,Judicial Delegate - 7th JD 137th AD,,DEM,"Abigail Gonzalez, Jr",39
Monroe,Leg. Dist. 28 - 4,Judicial Delegate - 7th JD 137th AD,,DEM,Allison G Chefalo,32
Monroe,Leg. Dist. 28 - 4,Judicial Delegate - 7th JD 137th AD,,DEM,Beatriz B Lebron,40
Monroe,Leg. Dist. 28 - 4,Judicial Delegate - 7th JD 137th AD,,DEM,Campbell P Roth,34
Monroe,Leg. Dist. 28 - 4,Judicial Delegate - 7th JD 137th AD,,DEM,Demond L Meeks,51
Monroe,Leg. Dist. 28 - 4,Judicial Delegate - 7th JD 137th AD,,DEM,Jeremy A Cooney,50
Monroe,Leg. Dist. 28 - 4,Judicial Delegate - 7th JD 137th AD,,DEM,Katelyn Plonczynski,24
Monroe,Leg. Dist. 28 - 4,Judicial Delegate - 7th JD 137th AD,,DEM,Ricky G Frazier,35
Monroe,Leg. Dist. 28 - 4,Judicial Delegate - 7th JD 137th AD,,DEM,Rose E Bonnick,39
Monroe,Leg. Dist. 28 - 4,Judicial Delegate - 7th JD 137th AD,,DEM,Write-in,1
Monroe,Leg. Dist. 28 - 4,Judicial Delegate - 7th JD 137th AD,,,Over Votes,8
Monroe,Leg. Dist. 28 - 4,Judicial Delegate - 7th JD 137th AD,,,Under Votes,175
Monroe,Leg. Dist. 28 - 4,State Assembly,137,DEM,Demond L Meeks,53
Monroe,Leg. Dist. 28 - 4,State Assembly,137,DEM,Mercedes Vazquez-Simmons,11
Monroe,Leg. Dist. 28 - 4,State Assembly,137,,Over Votes,1
Monroe,Leg. Dist. 28 - 4,State Assembly,137,,Under Votes,1
Monroe,Leg. Dist. 28 - 4,State Committee,137-Female,DEM,Mercedes Vazquez-Simmons,33
Monroe,Leg. Dist. 28 - 4,State Committee,137-Female,DEM,Rose E Bonnick,24
Monroe,Leg. Dist. 28 - 4,State Committee,137-Female,,Over Votes,1
Monroe,Leg. Dist. 28 - 4,State Committee,137-Female,,Under Votes,8
Monroe,Leg. Dist. 28 - 4,State Committee,137-Male,DEM,"Clifford A Florence, Jr",10
Monroe,Leg. Dist. 28 - 4,State Committee,137-Male,DEM,Demond L Meeks,48
Monroe,Leg. Dist. 28 - 4,State Committee,137-Male,,Over Votes,1
Monroe,Leg. Dist. 28 - 4,State Committee,137-Male,,Under Votes,7
Monroe,Leg. Dist. 28 - 4,U.S. House,25,DEM,Joseph D Morelle,40
Monroe,Leg. Dist. 28 - 4,U.S. House,25,DEM,Robin Wilt,12
Monroe,Leg. Dist. 28 - 4,U.S. House,25,DEM,Sherita S Traywick,6
Monroe,Leg. Dist. 28 - 4,U.S. House,25,,Over Votes,1
Monroe,Leg. Dist. 28 - 4,U.S. House,25,,Under Votes,7
Monroe,Leg. Dist. 28 - 5,Ballots Cast,,,,58
Monroe,Leg. Dist. 28 - 5,Comptroller,,DEM,Drew Warshaw,5
Monroe,Leg. Dist. 28 - 5,Comptroller,,DEM,Raj Goyle,2
Monroe,Leg. Dist. 28 - 5,Comptroller,,DEM,Thomas P DiNapoli,47
Monroe,Leg. Dist. 28 - 5,Comptroller,,,Under Votes,4
Monroe,Leg. Dist. 28 - 5,Judicial Delegate - 7th JD 137th AD,,DEM,"Abigail Gonzalez, Jr",31
Monroe,Leg. Dist. 28 - 5,Judicial Delegate - 7th JD 137th AD,,DEM,Allison G Chefalo,25
Monroe,Leg. Dist. 28 - 5,Judicial Delegate - 7th JD 137th AD,,DEM,Beatriz B Lebron,34
Monroe,Leg. Dist. 28 - 5,Judicial Delegate - 7th JD 137th AD,,DEM,Campbell P Roth,20
Monroe,Leg. Dist. 28 - 5,Judicial Delegate - 7th JD 137th AD,,DEM,Demond L Meeks,46
Monroe,Leg. Dist. 28 - 5,Judicial Delegate - 7th JD 137th AD,,DEM,Jeremy A Cooney,44
Monroe,Leg. Dist. 28 - 5,Judicial Delegate - 7th JD 137th AD,,DEM,Katelyn Plonczynski,22
Monroe,Leg. Dist. 28 - 5,Judicial Delegate - 7th JD 137th AD,,DEM,Ricky G Frazier,34
Monroe,Leg. Dist. 28 - 5,Judicial Delegate - 7th JD 137th AD,,DEM,Rose E Bonnick,29
Monroe,Leg. Dist. 28 - 5,Judicial Delegate - 7th JD 137th AD,,,Under Votes,179
Monroe,Leg. Dist. 28 - 5,State Assembly,137,DEM,Demond L Meeks,39
Monroe,Leg. Dist. 28 - 5,State Assembly,137,DEM,Mercedes Vazquez-Simmons,19
Monroe,Leg. Dist. 28 - 5,State Committee,137-Female,DEM,Mercedes Vazquez-Simmons,38
Monroe,Leg. Dist. 28 - 5,State Committee,137-Female,DEM,Rose E Bonnick,16
Monroe,Leg. Dist. 28 - 5,State Committee,137-Female,,Under Votes,4
Monroe,Leg. Dist. 28 - 5,State Committee,137-Male,DEM,"Clifford A Florence, Jr",9
Monroe,Leg. Dist. 28 - 5,State Committee,137-Male,DEM,Demond L Meeks,43
Monroe,Leg. Dist. 28 - 5,State Committee,137-Male,DEM,Write-in,1
Monroe,Leg. Dist. 28 - 5,State Committee,137-Male,,Under Votes,5
Monroe,Leg. Dist. 28 - 5,U.S. House,25,DEM,Joseph D Morelle,47
Monroe,Leg. Dist. 28 - 5,U.S. House,25,DEM,Robin Wilt,3
Monroe,Leg. Dist. 28 - 5,U.S. House,25,DEM,Sherita S Traywick,8
Monroe,Leg. Dist. 28 - 6,Ballots Cast,,,,40
Monroe,Leg. Dist. 28 - 6,Comptroller,,DEM,Drew Warshaw,4
Monroe,Leg. Dist. 28 - 6,Comptroller,,DEM,Raj Goyle,6
Monroe,Leg. Dist. 28 - 6,Comptroller,,DEM,Thomas P DiNapoli,22
Monroe,Leg. Dist. 28 - 6,Comptroller,,,Under Votes,8
Monroe,Leg. Dist. 28 - 6,Judicial Delegate - 7th JD 137th AD,,DEM,"Abigail Gonzalez, Jr",18
Monroe,Leg. Dist. 28 - 6,Judicial Delegate - 7th JD 137th AD,,DEM,Allison G Chefalo,17
Monroe,Leg. Dist. 28 - 6,Judicial Delegate - 7th JD 137th AD,,DEM,Beatriz B Lebron,19
Monroe,Leg. Dist. 28 - 6,Judicial Delegate - 7th JD 137th AD,,DEM,Campbell P Roth,16
Monroe,Leg. Dist. 28 - 6,Judicial Delegate - 7th JD 137th AD,,DEM,Demond L Meeks,27
Monroe,Leg. Dist. 28 - 6,Judicial Delegate - 7th JD 137th AD,,DEM,Jeremy A Cooney,32
Monroe,Leg. Dist. 28 - 6,Judicial Delegate - 7th JD 137th AD,,DEM,Katelyn Plonczynski,12
Monroe,Leg. Dist. 28 - 6,Judicial Delegate - 7th JD 137th AD,,DEM,Ricky G Frazier,21
Monroe,Leg. Dist. 28 - 6,Judicial Delegate - 7th JD 137th AD,,DEM,Rose E Bonnick,19
Monroe,Leg. Dist. 28 - 6,Judicial Delegate - 7th JD 137th AD,,,Under Votes,139
Monroe,Leg. Dist. 28 - 6,State Assembly,137,DEM,Demond L Meeks,27
Monroe,Leg. Dist. 28 - 6,State Assembly,137,DEM,Mercedes Vazquez-Simmons,9
Monroe,Leg. Dist. 28 - 6,State Assembly,137,,Under Votes,4
Monroe,Leg. Dist. 28 - 6,State Committee,137-Female,DEM,Mercedes Vazquez-Simmons,19
Monroe,Leg. Dist. 28 - 6,State Committee,137-Female,DEM,Rose E Bonnick,9
Monroe,Leg. Dist. 28 - 6,State Committee,137-Female,,Under Votes,12
Monroe,Leg. Dist. 28 - 6,State Committee,137-Male,DEM,"Clifford A Florence, Jr",10
Monroe,Leg. Dist. 28 - 6,State Committee,137-Male,DEM,Demond L Meeks,25
Monroe,Leg. Dist. 28 - 6,State Committee,137-Male,,Under Votes,5
Monroe,Leg. Dist. 28 - 6,U.S. House,25,DEM,Joseph D Morelle,26
Monroe,Leg. Dist. 28 - 6,U.S. House,25,DEM,Robin Wilt,2
Monroe,Leg. Dist. 28 - 6,U.S. House,25,DEM,Sherita S Traywick,7
Monroe,Leg. Dist. 28 - 6,U.S. House,25,,Under Votes,5
Monroe,Leg. Dist. 28 - 7,Ballots Cast,,,,11
Monroe,Leg. Dist. 28 - 7,Comptroller,,DEM,Drew Warshaw,1
Monroe,Leg. Dist. 28 - 7,Comptroller,,DEM,Raj Goyle,2
Monroe,Leg. Dist. 28 - 7,Comptroller,,DEM,Thomas P DiNapoli,8
Monroe,Leg. Dist. 28 - 7,Judicial Delegate - 7th JD 137th AD,,DEM,"Abigail Gonzalez, Jr",7
Monroe,Leg. Dist. 28 - 7,Judicial Delegate - 7th JD 137th AD,,DEM,Allison G Chefalo,6
Monroe,Leg. Dist. 28 - 7,Judicial Delegate - 7th JD 137th AD,,DEM,Beatriz B Lebron,6
Monroe,Leg. Dist. 28 - 7,Judicial Delegate - 7th JD 137th AD,,DEM,Campbell P Roth,5
Monroe,Leg. Dist. 28 - 7,Judicial Delegate - 7th JD 137th AD,,DEM,Demond L Meeks,9
Monroe,Leg. Dist. 28 - 7,Judicial Delegate - 7th JD 137th AD,,DEM,Jeremy A Cooney,10
Monroe,Leg. Dist. 28 - 7,Judicial Delegate - 7th JD 137th AD,,DEM,Katelyn Plonczynski,3
Monroe,Leg. Dist. 28 - 7,Judicial Delegate - 7th JD 137th AD,,DEM,Ricky G Frazier,6
Monroe,Leg. Dist. 28 - 7,Judicial Delegate - 7th JD 137th AD,,DEM,Rose E Bonnick,9
Monroe,Leg. Dist. 28 - 7,Judicial Delegate - 7th JD 137th AD,,,Under Votes,27
Monroe,Leg. Dist. 28 - 7,State Assembly,137,DEM,Demond L Meeks,7
Monroe,Leg. Dist. 28 - 7,State Assembly,137,DEM,Mercedes Vazquez-Simmons,3
Monroe,Leg. Dist. 28 - 7,State Assembly,137,,Under Votes,1
Monroe,Leg. Dist. 28 - 7,State Committee,137-Female,DEM,Mercedes Vazquez-Simmons,5
Monroe,Leg. Dist. 28 - 7,State Committee,137-Female,DEM,Rose E Bonnick,5
Monroe,Leg. Dist. 28 - 7,State Committee,137-Female,,Under Votes,1
Monroe,Leg. Dist. 28 - 7,State Committee,137-Male,DEM,"Clifford A Florence, Jr",2
Monroe,Leg. Dist. 28 - 7,State Committee,137-Male,DEM,Demond L Meeks,8
Monroe,Leg. Dist. 28 - 7,State Committee,137-Male,,Under Votes,1
Monroe,Leg. Dist. 28 - 7,U.S. House,25,DEM,Joseph D Morelle,6
Monroe,Leg. Dist. 28 - 7,U.S. House,25,DEM,Robin Wilt,3
Monroe,Leg. Dist. 28 - 7,U.S. House,25,DEM,Sherita S Traywick,2
Monroe,Leg. Dist. 28 - 8,Ballots Cast,,,,28
Monroe,Leg. Dist. 28 - 8,Comptroller,,DEM,Drew Warshaw,5
Monroe,Leg. Dist. 28 - 8,Comptroller,,DEM,Thomas P DiNapoli,20
Monroe,Leg. Dist. 28 - 8,Comptroller,,,Under Votes,3
Monroe,Leg. Dist. 28 - 8,Judicial Delegate - 7th JD 137th AD,,DEM,"Abigail Gonzalez, Jr",13
Monroe,Leg. Dist. 28 - 8,Judicial Delegate - 7th JD 137th AD,,DEM,Allison G Chefalo,9
Monroe,Leg. Dist. 28 - 8,Judicial Delegate - 7th JD 137th AD,,DEM,Beatriz B Lebron,11
Monroe,Leg. Dist. 28 - 8,Judicial Delegate - 7th JD 137th AD,,DEM,Campbell P Roth,11
Monroe,Leg. Dist. 28 - 8,Judicial Delegate - 7th JD 137th AD,,DEM,Demond L Meeks,21
Monroe,Leg. Dist. 28 - 8,Judicial Delegate - 7th JD 137th AD,,DEM,Jeremy A Cooney,18
Monroe,Leg. Dist. 28 - 8,Judicial Delegate - 7th JD 137th AD,,DEM,Katelyn Plonczynski,8
Monroe,Leg. Dist. 28 - 8,Judicial Delegate - 7th JD 137th AD,,DEM,Ricky G Frazier,14
Monroe,Leg. Dist. 28 - 8,Judicial Delegate - 7th JD 137th AD,,DEM,Rose E Bonnick,13
Monroe,Leg. Dist. 28 - 8,Judicial Delegate - 7th JD 137th AD,,,Under Votes,106
Monroe,Leg. Dist. 28 - 8,State Assembly,137,DEM,Demond L Meeks,17
Monroe,Leg. Dist. 28 - 8,State Assembly,137,DEM,Mercedes Vazquez-Simmons,10
Monroe,Leg. Dist. 28 - 8,State Assembly,137,,Under Votes,1
Monroe,Leg. Dist. 28 - 8,State Committee,137-Female,DEM,Mercedes Vazquez-Simmons,15
Monroe,Leg. Dist. 28 - 8,State Committee,137-Female,DEM,Rose E Bonnick,9
Monroe,Leg. Dist. 28 - 8,State Committee,137-Female,,Under Votes,4
Monroe,Leg. Dist. 28 - 8,State Committee,137-Male,DEM,"Clifford A Florence, Jr",5
Monroe,Leg. Dist. 28 - 8,State Committee,137-Male,DEM,Demond L Meeks,21
Monroe,Leg. Dist. 28 - 8,State Committee,137-Male,,Under Votes,2
Monroe,Leg. Dist. 28 - 8,U.S. House,25,DEM,Joseph D Morelle,18
Monroe,Leg. Dist. 28 - 8,U.S. House,25,DEM,Robin Wilt,6
Monroe,Leg. Dist. 28 - 8,U.S. House,25,DEM,Sherita S Traywick,3
Monroe,Leg. Dist. 28 - 8,U.S. House,25,,Under Votes,1
Monroe,Leg. Dist. 28 - 9,Ballots Cast,,,,42
Monroe,Leg. Dist. 28 - 9,Comptroller,,DEM,Drew Warshaw,6
Monroe,Leg. Dist. 28 - 9,Comptroller,,DEM,Raj Goyle,1
Monroe,Leg. Dist. 28 - 9,Comptroller,,DEM,Thomas P DiNapoli,29
Monroe,Leg. Dist. 28 - 9,Comptroller,,DEM,Write-in,1
Monroe,Leg. Dist. 28 - 9,Comptroller,,,Under Votes,5
Monroe,Leg. Dist. 28 - 9,Judicial Delegate - 7th JD 137th AD,,DEM,"Abigail Gonzalez, Jr",22
Monroe,Leg. Dist. 28 - 9,Judicial Delegate - 7th JD 137th AD,,DEM,Allison G Chefalo,17
Monroe,Leg. Dist. 28 - 9,Judicial Delegate - 7th JD 137th AD,,DEM,Beatriz B Lebron,19
Monroe,Leg. Dist. 28 - 9,Judicial Delegate - 7th JD 137th AD,,DEM,Campbell P Roth,14
Monroe,Leg. Dist. 28 - 9,Judicial Delegate - 7th JD 137th AD,,DEM,Demond L Meeks,35
Monroe,Leg. Dist. 28 - 9,Judicial Delegate - 7th JD 137th AD,,DEM,Jeremy A Cooney,24
Monroe,Leg. Dist. 28 - 9,Judicial Delegate - 7th JD 137th AD,,DEM,Katelyn Plonczynski,7
Monroe,Leg. Dist. 28 - 9,Judicial Delegate - 7th JD 137th AD,,DEM,Ricky G Frazier,22
Monroe,Leg. Dist. 28 - 9,Judicial Delegate - 7th JD 137th AD,,DEM,Rose E Bonnick,20
Monroe,Leg. Dist. 28 - 9,Judicial Delegate - 7th JD 137th AD,,,Under Votes,156
Monroe,Leg. Dist. 28 - 9,State Assembly,137,DEM,Demond L Meeks,31
Monroe,Leg. Dist. 28 - 9,State Assembly,137,DEM,Mercedes Vazquez-Simmons,8
Monroe,Leg. Dist. 28 - 9,State Assembly,137,,Under Votes,3
Monroe,Leg. Dist. 28 - 9,State Committee,137-Female,DEM,Mercedes Vazquez-Simmons,23
Monroe,Leg. Dist. 28 - 9,State Committee,137-Female,DEM,Rose E Bonnick,10
Monroe,Leg. Dist. 28 - 9,State Committee,137-Female,,Under Votes,9
Monroe,Leg. Dist. 28 - 9,State Committee,137-Male,DEM,"Clifford A Florence, Jr",7
Monroe,Leg. Dist. 28 - 9,State Committee,137-Male,DEM,Demond L Meeks,32
Monroe,Leg. Dist. 28 - 9,State Committee,137-Male,,Under Votes,3
Monroe,Leg. Dist. 28 - 9,U.S. House,25,DEM,Joseph D Morelle,30
Monroe,Leg. Dist. 28 - 9,U.S. House,25,DEM,Robin Wilt,6
Monroe,Leg. Dist. 28 - 9,U.S. House,25,DEM,Sherita S Traywick,2
Monroe,Leg. Dist. 28 - 9,U.S. House,25,,Under Votes,4
Monroe,Leg. Dist. 28 - 10,Ballots Cast,,,,22
Monroe,Leg. Dist. 28 - 10,Comptroller,,DEM,Drew Warshaw,4
Monroe,Leg. Dist. 28 - 10,Comptroller,,DEM,Raj Goyle,3
Monroe,Leg. Dist. 28 - 10,Comptroller,,DEM,Thomas P DiNapoli,11
Monroe,Leg. Dist. 28 - 10,Comptroller,,,Under Votes,4
Monroe,Leg. Dist. 28 - 10,Judicial Delegate - 7th JD 137th AD,,DEM,"Abigail Gonzalez, Jr",9
Monroe,Leg. Dist. 28 - 10,Judicial Delegate - 7th JD 137th AD,,DEM,Allison G Chefalo,5
Monroe,Leg. Dist. 28 - 10,Judicial Delegate - 7th JD 137th AD,,DEM,Beatriz B Lebron,8
Monroe,Leg. Dist. 28 - 10,Judicial Delegate - 7th JD 137th AD,,DEM,Campbell P Roth,4
Monroe,Leg. Dist. 28 - 10,Judicial Delegate - 7th JD 137th AD,,DEM,Demond L Meeks,16
Monroe,Leg. Dist. 28 - 10,Judicial Delegate - 7th JD 137th AD,,DEM,Jeremy A Cooney,12
Monroe,Leg. Dist. 28 - 10,Judicial Delegate - 7th JD 137th AD,,DEM,Katelyn Plonczynski,3
Monroe,Leg. Dist. 28 - 10,Judicial Delegate - 7th JD 137th AD,,DEM,Ricky G Frazier,6
Monroe,Leg. Dist. 28 - 10,Judicial Delegate - 7th JD 137th AD,,DEM,Rose E Bonnick,6
Monroe,Leg. Dist. 28 - 10,Judicial Delegate - 7th JD 137th AD,,,Under Votes,107
Monroe,Leg. Dist. 28 - 10,State Assembly,137,DEM,Demond L Meeks,15
Monroe,Leg. Dist. 28 - 10,State Assembly,137,DEM,Mercedes Vazquez-Simmons,5
Monroe,Leg. Dist. 28 - 10,State Assembly,137,,Under Votes,2
Monroe,Leg. Dist. 28 - 10,State Committee,137-Female,DEM,Mercedes Vazquez-Simmons,13
Monroe,Leg. Dist. 28 - 10,State Committee,137-Female,DEM,Rose E Bonnick,4
Monroe,Leg. Dist. 28 - 10,State Committee,137-Female,,Under Votes,5
Monroe,Leg. Dist. 28 - 10,State Committee,137-Male,DEM,"Clifford A Florence, Jr",2
Monroe,Leg. Dist. 28 - 10,State Committee,137-Male,DEM,Demond L Meeks,14
Monroe,Leg. Dist. 28 - 10,State Committee,137-Male,,Over Votes,1
Monroe,Leg. Dist. 28 - 10,State Committee,137-Male,,Under Votes,5
Monroe,Leg. Dist. 28 - 10,U.S. House,25,DEM,Joseph D Morelle,14
Monroe,Leg. Dist. 28 - 10,U.S. House,25,DEM,Robin Wilt,4
Monroe,Leg. Dist. 28 - 10,U.S. House,25,DEM,Sherita S Traywick,3
Monroe,Leg. Dist. 28 - 10,U.S. House,25,,Under Votes,1
Monroe,Leg. Dist. 28 - 11,Ballots Cast,,,,38
Monroe,Leg. Dist. 28 - 11,Comptroller,,DEM,Drew Warshaw,6
Monroe,Leg. Dist. 28 - 11,Comptroller,,DEM,Raj Goyle,3
Monroe,Leg. Dist. 28 - 11,Comptroller,,DEM,Thomas P DiNapoli,24
Monroe,Leg. Dist. 28 - 11,Comptroller,,,Under Votes,4
Monroe,Leg. Dist. 28 - 11,Judicial Delegate - 7th JD 137th AD,,DEM,"Abigail Gonzalez, Jr",17
Monroe,Leg. Dist. 28 - 11,Judicial Delegate - 7th JD 137th AD,,DEM,Allison G Chefalo,17
Monroe,Leg. Dist. 28 - 11,Judicial Delegate - 7th JD 137th AD,,DEM,Beatriz B Lebron,18
Monroe,Leg. Dist. 28 - 11,Judicial Delegate - 7th JD 137th AD,,DEM,Campbell P Roth,15
Monroe,Leg. Dist. 28 - 11,Judicial Delegate - 7th JD 137th AD,,DEM,Demond L Meeks,28
Monroe,Leg. Dist. 28 - 11,Judicial Delegate - 7th JD 137th AD,,DEM,Jeremy A Cooney,23
Monroe,Leg. Dist. 28 - 11,Judicial Delegate - 7th JD 137th AD,,DEM,Katelyn Plonczynski,12
Monroe,Leg. Dist. 28 - 11,Judicial Delegate - 7th JD 137th AD,,DEM,Ricky G Frazier,19
Monroe,Leg. Dist. 28 - 11,Judicial Delegate - 7th JD 137th AD,,DEM,Rose E Bonnick,20
Monroe,Leg. Dist. 28 - 11,Judicial Delegate - 7th JD 137th AD,,,Under Votes,127
Monroe,Leg. Dist. 28 - 11,State Assembly,137,DEM,Demond L Meeks,23
Monroe,Leg. Dist. 28 - 11,State Assembly,137,DEM,Mercedes Vazquez-Simmons,13
Monroe,Leg. Dist. 28 - 11,State Assembly,137,,Under Votes,1
Monroe,Leg. Dist. 28 - 11,State Committee,137-Female,DEM,Mercedes Vazquez-Simmons,21
Monroe,Leg. Dist. 28 - 11,State Committee,137-Female,DEM,Rose E Bonnick,13
Monroe,Leg. Dist. 28 - 11,State Committee,137-Female,,Under Votes,3
Monroe,Leg. Dist. 28 - 11,State Committee,137-Male,DEM,"Clifford A Florence, Jr",7
Monroe,Leg. Dist. 28 - 11,State Committee,137-Male,DEM,Demond L Meeks,26
Monroe,Leg. Dist. 28 - 11,State Committee,137-Male,,Over Votes,1
Monroe,Leg. Dist. 28 - 11,State Committee,137-Male,,Under Votes,3
Monroe,Leg. Dist. 28 - 11,U.S. House,25,DEM,Joseph D Morelle,24
Monroe,Leg. Dist. 28 - 11,U.S. House,25,DEM,Robin Wilt,7
Monroe,Leg. Dist. 28 - 11,U.S. House,25,DEM,Sherita S Traywick,5
Monroe,Leg. Dist. 28 - 11,U.S. House,25,,Under Votes,2
Monroe,Leg. Dist. 28 - 12,Ballots Cast,,,,21
Monroe,Leg. Dist. 28 - 12,Comptroller,,DEM,Drew Warshaw,4
Monroe,Leg. Dist. 28 - 12,Comptroller,,DEM,Raj Goyle,2
Monroe,Leg. Dist. 28 - 12,Comptroller,,DEM,Thomas P DiNapoli,12
Monroe,Leg. Dist. 28 - 12,Comptroller,,,Under Votes,3
Monroe,Leg. Dist. 28 - 12,Judicial Delegate - 7th JD 137th AD,,DEM,"Abigail Gonzalez, Jr",9
Monroe,Leg. Dist. 28 - 12,Judicial Delegate - 7th JD 137th AD,,DEM,Allison G Chefalo,8
Monroe,Leg. Dist. 28 - 12,Judicial Delegate - 7th JD 137th AD,,DEM,Beatriz B Lebron,13
Monroe,Leg. Dist. 28 - 12,Judicial Delegate - 7th JD 137th AD,,DEM,Campbell P Roth,10
Monroe,Leg. Dist. 28 - 12,Judicial Delegate - 7th JD 137th AD,,DEM,Demond L Meeks,16
Monroe,Leg. Dist. 28 - 12,Judicial Delegate - 7th JD 137th AD,,DEM,Jeremy A Cooney,14
Monroe,Leg. Dist. 28 - 12,Judicial Delegate - 7th JD 137th AD,,DEM,Katelyn Plonczynski,7
Monroe,Leg. Dist. 28 - 12,Judicial Delegate - 7th JD 137th AD,,DEM,Ricky G Frazier,14
Monroe,Leg. Dist. 28 - 12,Judicial Delegate - 7th JD 137th AD,,DEM,Rose E Bonnick,11
Monroe,Leg. Dist. 28 - 12,Judicial Delegate - 7th JD 137th AD,,,Under Votes,66
Monroe,Leg. Dist. 28 - 12,State Assembly,137,DEM,Demond L Meeks,15
Monroe,Leg. Dist. 28 - 12,State Assembly,137,DEM,Mercedes Vazquez-Simmons,4
Monroe,Leg. Dist. 28 - 12,State Assembly,137,,Under Votes,2
Monroe,Leg. Dist. 28 - 12,State Committee,137-Female,DEM,Mercedes Vazquez-Simmons,9
Monroe,Leg. Dist. 28 - 12,State Committee,137-Female,DEM,Rose E Bonnick,11
Monroe,Leg. Dist. 28 - 12,State Committee,137-Female,,Under Votes,1
Monroe,Leg. Dist. 28 - 12,State Committee,137-Male,DEM,"Clifford A Florence, Jr",3
Monroe,Leg. Dist. 28 - 12,State Committee,137-Male,DEM,Demond L Meeks,16
Monroe,Leg. Dist. 28 - 12,State Committee,137-Male,,Under Votes,2
Monroe,Leg. Dist. 28 - 12,U.S. House,25,DEM,Joseph D Morelle,13
Monroe,Leg. Dist. 28 - 12,U.S. House,25,DEM,Robin Wilt,5
Monroe,Leg. Dist. 28 - 12,U.S. House,25,DEM,Sherita S Traywick,1
Monroe,Leg. Dist. 28 - 12,U.S. House,25,,Under Votes,2
Monroe,Leg. Dist. 28 - 13,Ballots Cast,,,,139
Monroe,Leg. Dist. 28 - 13,Comptroller,,DEM,Drew Warshaw,16
Monroe,Leg. Dist. 28 - 13,Comptroller,,DEM,Raj Goyle,9
Monroe,Leg. Dist. 28 - 13,Comptroller,,DEM,Thomas P DiNapoli,98
Monroe,Leg. Dist. 28 - 13,Comptroller,,DEM,Write-in,1
Monroe,Leg. Dist. 28 - 13,Comptroller,,,Under Votes,15
Monroe,Leg. Dist. 28 - 13,Judicial Delegate - 7th JD 137th AD,,DEM,"Abigail Gonzalez, Jr",57
Monroe,Leg. Dist. 28 - 13,Judicial Delegate - 7th JD 137th AD,,DEM,Allison G Chefalo,42
Monroe,Leg. Dist. 28 - 13,Judicial Delegate - 7th JD 137th AD,,DEM,Beatriz B Lebron,64
Monroe,Leg. Dist. 28 - 13,Judicial Delegate - 7th JD 137th AD,,DEM,Campbell P Roth,49
Monroe,Leg. Dist. 28 - 13,Judicial Delegate - 7th JD 137th AD,,DEM,Demond L Meeks,105
Monroe,Leg. Dist. 28 - 13,Judicial Delegate - 7th JD 137th AD,,DEM,Jeremy A Cooney,96
Monroe,Leg. Dist. 28 - 13,Judicial Delegate - 7th JD 137th AD,,DEM,Katelyn Plonczynski,26
Monroe,Leg. Dist. 28 - 13,Judicial Delegate - 7th JD 137th AD,,DEM,Ricky G Frazier,67
Monroe,Leg. Dist. 28 - 13,Judicial Delegate - 7th JD 137th AD,,DEM,Rose E Bonnick,71
Monroe,Leg. Dist. 28 - 13,Judicial Delegate - 7th JD 137th AD,,DEM,Write-in,14
Monroe,Leg. Dist. 28 - 13,Judicial Delegate - 7th JD 137th AD,,,Under Votes,521
Monroe,Leg. Dist. 28 - 13,State Assembly,137,DEM,Demond L Meeks,119
Monroe,Leg. Dist. 28 - 13,State Assembly,137,DEM,Mercedes Vazquez-Simmons,14
Monroe,Leg. Dist. 28 - 13,State Assembly,137,DEM,Write-in,1
Monroe,Leg. Dist. 28 - 13,State Assembly,137,,Under Votes,5
Monroe,Leg. Dist. 28 - 13,State Committee,137-Female,DEM,Mercedes Vazquez-Simmons,77
Monroe,Leg. Dist. 28 - 13,State Committee,137-Female,DEM,Rose E Bonnick,43
Monroe,Leg. Dist. 28 - 13,State Committee,137-Female,DEM,Write-in,1
Monroe,Leg. Dist. 28 - 13,State Committee,137-Female,,Under Votes,18
Monroe,Leg. Dist. 28 - 13,State Committee,137-Male,DEM,"Clifford A Florence, Jr",19
Monroe,Leg. Dist. 28 - 13,State Committee,137-Male,DEM,Demond L Meeks,108
Monroe,Leg. Dist. 28 - 13,State Committee,137-Male,DEM,Write-in,1
Monroe,Leg. Dist. 28 - 13,State Committee,137-Male,,Under Votes,11
Monroe,Leg. Dist. 28 - 13,U.S. House,25,DEM,Joseph D Morelle,95
Monroe,Leg. Dist. 28 - 13,U.S. House,25,DEM,Robin Wilt,20
Monroe,Leg. Dist. 28 - 13,U.S. House,25,DEM,Sherita S Traywick,17
Monroe,Leg. Dist. 28 - 13,U.S. House,25,,Over Votes,1
Monroe,Leg. Dist. 28 - 13,U.S. House,25,,Under Votes,6
Monroe,Leg. Dist. 28 - 14,Ballots Cast,,,,42
Monroe,Leg. Dist. 28 - 14,Comptroller,,DEM,Drew Warshaw,5
Monroe,Leg. Dist. 28 - 14,Comptroller,,DEM,Raj Goyle,3
Monroe,Leg. Dist. 28 - 14,Comptroller,,DEM,Thomas P DiNapoli,32
Monroe,Leg. Dist. 28 - 14,Comptroller,,,Under Votes,2
Monroe,Leg. Dist. 28 - 14,Judicial Delegate - 7th JD 137th AD,,DEM,"Abigail Gonzalez, Jr",22
Monroe,Leg. Dist. 28 - 14,Judicial Delegate - 7th JD 137th AD,,DEM,Allison G Chefalo,20
Monroe,Leg. Dist. 28 - 14,Judicial Delegate - 7th JD 137th AD,,DEM,Beatriz B Lebron,25
Monroe,Leg. Dist. 28 - 14,Judicial Delegate - 7th JD 137th AD,,DEM,Campbell P Roth,23
Monroe,Leg. Dist. 28 - 14,Judicial Delegate - 7th JD 137th AD,,DEM,Demond L Meeks,36
Monroe,Leg. Dist. 28 - 14,Judicial Delegate - 7th JD 137th AD,,DEM,Jeremy A Cooney,27
Monroe,Leg. Dist. 28 - 14,Judicial Delegate - 7th JD 137th AD,,DEM,Katelyn Plonczynski,15
Monroe,Leg. Dist. 28 - 14,Judicial Delegate - 7th JD 137th AD,,DEM,Ricky G Frazier,23
Monroe,Leg. Dist. 28 - 14,Judicial Delegate - 7th JD 137th AD,,DEM,Rose E Bonnick,25
Monroe,Leg. Dist. 28 - 14,Judicial Delegate - 7th JD 137th AD,,,Under Votes,120
Monroe,Leg. Dist. 28 - 14,State Assembly,137,DEM,Demond L Meeks,38
Monroe,Leg. Dist. 28 - 14,State Assembly,137,DEM,Mercedes Vazquez-Simmons,4
Monroe,Leg. Dist. 28 - 14,State Committee,137-Female,DEM,Mercedes Vazquez-Simmons,28
Monroe,Leg. Dist. 28 - 14,State Committee,137-Female,DEM,Rose E Bonnick,13
Monroe,Leg. Dist. 28 - 14,State Committee,137-Female,,Under Votes,1
Monroe,Leg. Dist. 28 - 14,State Committee,137-Male,DEM,"Clifford A Florence, Jr",4
Monroe,Leg. Dist. 28 - 14,State Committee,137-Male,DEM,Demond L Meeks,33
Monroe,Leg. Dist. 28 - 14,State Committee,137-Male,,Over Votes,1
Monroe,Leg. Dist. 28 - 14,State Committee,137-Male,,Under Votes,4
Monroe,Leg. Dist. 28 - 14,U.S. House,25,DEM,Joseph D Morelle,28
Monroe,Leg. Dist. 28 - 14,U.S. House,25,DEM,Robin Wilt,8
Monroe,Leg. Dist. 28 - 14,U.S. House,25,DEM,Sherita S Traywick,3
Monroe,Leg. Dist. 28 - 14,U.S. House,25,,Under Votes,3
Monroe,Leg. Dist. 28 - 15,Ballots Cast,,,,25
Monroe,Leg. Dist. 28 - 15,Comptroller,,DEM,Drew Warshaw,3
Monroe,Leg. Dist. 28 - 15,Comptroller,,DEM,Raj Goyle,1
Monroe,Leg. Dist. 28 - 15,Comptroller,,DEM,Thomas P DiNapoli,17
Monroe,Leg. Dist. 28 - 15,Comptroller,,DEM,Write-in,1
Monroe,Leg. Dist. 28 - 15,Comptroller,,,Under Votes,3
Monroe,Leg. Dist. 28 - 15,Judicial Delegate - 7th JD 137th AD,,DEM,"Abigail Gonzalez, Jr",10
Monroe,Leg. Dist. 28 - 15,Judicial Delegate - 7th JD 137th AD,,DEM,Allison G Chefalo,11
Monroe,Leg. Dist. 28 - 15,Judicial Delegate - 7th JD 137th AD,,DEM,Beatriz B Lebron,12
Monroe,Leg. Dist. 28 - 15,Judicial Delegate - 7th JD 137th AD,,DEM,Campbell P Roth,7
Monroe,Leg. Dist. 28 - 15,Judicial Delegate - 7th JD 137th AD,,DEM,Demond L Meeks,21
Monroe,Leg. Dist. 28 - 15,Judicial Delegate - 7th JD 137th AD,,DEM,Jeremy A Cooney,19
Monroe,Leg. Dist. 28 - 15,Judicial Delegate - 7th JD 137th AD,,DEM,Katelyn Plonczynski,7
Monroe,Leg. Dist. 28 - 15,Judicial Delegate - 7th JD 137th AD,,DEM,Ricky G Frazier,9
Monroe,Leg. Dist. 28 - 15,Judicial Delegate - 7th JD 137th AD,,DEM,Rose E Bonnick,13
Monroe,Leg. Dist. 28 - 15,Judicial Delegate - 7th JD 137th AD,,,Under Votes,91
Monroe,Leg. Dist. 28 - 15,State Assembly,137,DEM,Demond L Meeks,19
Monroe,Leg. Dist. 28 - 15,State Assembly,137,DEM,Mercedes Vazquez-Simmons,6
Monroe,Leg. Dist. 28 - 15,State Committee,137-Female,DEM,Mercedes Vazquez-Simmons,13
Monroe,Leg. Dist. 28 - 15,State Committee,137-Female,DEM,Rose E Bonnick,9
Monroe,Leg. Dist. 28 - 15,State Committee,137-Female,,Under Votes,3
Monroe,Leg. Dist. 28 - 15,State Committee,137-Male,DEM,"Clifford A Florence, Jr",2
Monroe,Leg. Dist. 28 - 15,State Committee,137-Male,DEM,Demond L Meeks,20
Monroe,Leg. Dist. 28 - 15,State Committee,137-Male,,Under Votes,3
Monroe,Leg. Dist. 28 - 15,U.S. House,25,DEM,Joseph D Morelle,11
Monroe,Leg. Dist. 28 - 15,U.S. House,25,DEM,Robin Wilt,5
Monroe,Leg. Dist. 28 - 15,U.S. House,25,DEM,Sherita S Traywick,6
Monroe,Leg. Dist. 28 - 15,U.S. House,25,,Under Votes,3
Monroe,Leg. Dist. 29 - 1,Ballots Cast,,,,109
Monroe,Leg. Dist. 29 - 1,Comptroller,,DEM,Drew Warshaw,17
Monroe,Leg. Dist. 29 - 1,Comptroller,,DEM,Raj Goyle,7
Monroe,Leg. Dist. 29 - 1,Comptroller,,DEM,Thomas P DiNapoli,66
Monroe,Leg. Dist. 29 - 1,Comptroller,,DEM,Write-in,1
Monroe,Leg. Dist. 29 - 1,Comptroller,,,Under Votes,18
Monroe,Leg. Dist. 29 - 1,U.S. House,25,DEM,Joseph D Morelle,80
Monroe,Leg. Dist. 29 - 1,U.S. House,25,DEM,Robin Wilt,7
Monroe,Leg. Dist. 29 - 1,U.S. House,25,DEM,Sherita S Traywick,14
Monroe,Leg. Dist. 29 - 1,U.S. House,25,DEM,Write-in,1
Monroe,Leg. Dist. 29 - 1,U.S. House,25,,Under Votes,7
Monroe,Leg. Dist. 29 - 2,Ballots Cast,,,,35
Monroe,Leg. Dist. 29 - 2,Comptroller,,DEM,Drew Warshaw,4
Monroe,Leg. Dist. 29 - 2,Comptroller,,DEM,Raj Goyle,3
Monroe,Leg. Dist. 29 - 2,Comptroller,,DEM,Thomas P DiNapoli,22
Monroe,Leg. Dist. 29 - 2,Comptroller,,,Under Votes,6
Monroe,Leg. Dist. 29 - 2,U.S. House,25,DEM,Joseph D Morelle,23
Monroe,Leg. Dist. 29 - 2,U.S. House,25,DEM,Robin Wilt,8
Monroe,Leg. Dist. 29 - 2,U.S. House,25,DEM,Sherita S Traywick,4
Monroe,Leg. Dist. 29 - 3,Ballots Cast,,,,34
Monroe,Leg. Dist. 29 - 3,Comptroller,,DEM,Drew Warshaw,8
Monroe,Leg. Dist. 29 - 3,Comptroller,,DEM,Raj Goyle,3
Monroe,Leg. Dist. 29 - 3,Comptroller,,DEM,Thomas P DiNapoli,23
Monroe,Leg. Dist. 29 - 3,U.S. House,25,DEM,Joseph D Morelle,21
Monroe,Leg. Dist. 29 - 3,U.S. House,25,DEM,Robin Wilt,13
Monroe,Leg. Dist. 29 - 4,Ballots Cast,,,,42
Monroe,Leg. Dist. 29 - 4,Comptroller,,DEM,Drew Warshaw,6
Monroe,Leg. Dist. 29 - 4,Comptroller,,DEM,Raj Goyle,5
Monroe,Leg. Dist. 29 - 4,Comptroller,,DEM,Thomas P DiNapoli,27
Monroe,Leg. Dist. 29 - 4,Comptroller,,,Under Votes,4
Monroe,Leg. Dist. 29 - 4,U.S. House,25,DEM,Joseph D Morelle,22
Monroe,Leg. Dist. 29 - 4,U.S. House,25,DEM,Robin Wilt,14
Monroe,Leg. Dist. 29 - 4,U.S. House,25,DEM,Sherita S Traywick,6
Monroe,Leg. Dist. 29 - 5,Ballots Cast,,,,42
Monroe,Leg. Dist. 29 - 5,Comptroller,,DEM,Drew Warshaw,8
Monroe,Leg. Dist. 29 - 5,Comptroller,,DEM,Raj Goyle,3
Monroe,Leg. Dist. 29 - 5,Comptroller,,DEM,Thomas P DiNapoli,26
Monroe,Leg. Dist. 29 - 5,Comptroller,,,Under Votes,5
Monroe,Leg. Dist. 29 - 5,U.S. House,25,DEM,Joseph D Morelle,18
Monroe,Leg. Dist. 29 - 5,U.S. House,25,DEM,Robin Wilt,13
Monroe,Leg. Dist. 29 - 5,U.S. House,25,DEM,Sherita S Traywick,9
Monroe,Leg. Dist. 29 - 5,U.S. House,25,,Under Votes,2
Monroe,Leg. Dist. 29 - 6,Ballots Cast,,,,40
Monroe,Leg. Dist. 29 - 6,Comptroller,,DEM,Drew Warshaw,5
Monroe,Leg. Dist. 29 - 6,Comptroller,,DEM,Raj Goyle,1
Monroe,Leg. Dist. 29 - 6,Comptroller,,DEM,Thomas P DiNapoli,28
Monroe,Leg. Dist. 29 - 6,Comptroller,,,Under Votes,6
Monroe,Leg. Dist. 29 - 6,Judicial Delegate - 7th JD 137th AD,,DEM,"Abigail Gonzalez, Jr",18
Monroe,Leg. Dist. 29 - 6,Judicial Delegate - 7th JD 137th AD,,DEM,Allison G Chefalo,12
Monroe,Leg. Dist. 29 - 6,Judicial Delegate - 7th JD 137th AD,,DEM,Beatriz B Lebron,21
Monroe,Leg. Dist. 29 - 6,Judicial Delegate - 7th JD 137th AD,,DEM,Campbell P Roth,13
Monroe,Leg. Dist. 29 - 6,Judicial Delegate - 7th JD 137th AD,,DEM,Demond L Meeks,29
Monroe,Leg. Dist. 29 - 6,Judicial Delegate - 7th JD 137th AD,,DEM,Jeremy A Cooney,25
Monroe,Leg. Dist. 29 - 6,Judicial Delegate - 7th JD 137th AD,,DEM,Katelyn Plonczynski,7
Monroe,Leg. Dist. 29 - 6,Judicial Delegate - 7th JD 137th AD,,DEM,Ricky G Frazier,15
Monroe,Leg. Dist. 29 - 6,Judicial Delegate - 7th JD 137th AD,,DEM,Rose E Bonnick,17
Monroe,Leg. Dist. 29 - 6,Judicial Delegate - 7th JD 137th AD,,DEM,Write-in,1
Monroe,Leg. Dist. 29 - 6,Judicial Delegate - 7th JD 137th AD,,,Under Votes,162
Monroe,Leg. Dist. 29 - 6,State Assembly,137,DEM,Demond L Meeks,26
Monroe,Leg. Dist. 29 - 6,State Assembly,137,DEM,Mercedes Vazquez-Simmons,13
Monroe,Leg. Dist. 29 - 6,State Assembly,137,,Under Votes,1
Monroe,Leg. Dist. 29 - 6,State Committee,137-Female,DEM,Mercedes Vazquez-Simmons,31
Monroe,Leg. Dist. 29 - 6,State Committee,137-Female,DEM,Rose E Bonnick,6
Monroe,Leg. Dist. 29 - 6,State Committee,137-Female,,Under Votes,3
Monroe,Leg. Dist. 29 - 6,State Committee,137-Male,DEM,"Clifford A Florence, Jr",5
Monroe,Leg. Dist. 29 - 6,State Committee,137-Male,DEM,Demond L Meeks,29
Monroe,Leg. Dist. 29 - 6,State Committee,137-Male,,Under Votes,6
Monroe,Leg. Dist. 29 - 6,U.S. House,25,DEM,Joseph D Morelle,27
Monroe,Leg. Dist. 29 - 6,U.S. House,25,DEM,Robin Wilt,6
Monroe,Leg. Dist. 29 - 6,U.S. House,25,DEM,Sherita S Traywick,4
Monroe,Leg. Dist. 29 - 6,U.S. House,25,,Under Votes,3
Monroe,Leg. Dist. 29 - 7,Ballots Cast,,,,28
Monroe,Leg. Dist. 29 - 7,Comptroller,,DEM,Drew Warshaw,4
Monroe,Leg. Dist. 29 - 7,Comptroller,,DEM,Raj Goyle,1
Monroe,Leg. Dist. 29 - 7,Comptroller,,DEM,Thomas P DiNapoli,19
Monroe,Leg. Dist. 29 - 7,Comptroller,,,Under Votes,4
Monroe,Leg. Dist. 29 - 7,Judicial Delegate - 7th JD 137th AD,,DEM,"Abigail Gonzalez, Jr",9
Monroe,Leg. Dist. 29 - 7,Judicial Delegate - 7th JD 137th AD,,DEM,Allison G Chefalo,7
Monroe,Leg. Dist. 29 - 7,Judicial Delegate - 7th JD 137th AD,,DEM,Beatriz B Lebron,13
Monroe,Leg. Dist. 29 - 7,Judicial Delegate - 7th JD 137th AD,,DEM,Campbell P Roth,7
Monroe,Leg. Dist. 29 - 7,Judicial Delegate - 7th JD 137th AD,,DEM,Demond L Meeks,23
Monroe,Leg. Dist. 29 - 7,Judicial Delegate - 7th JD 137th AD,,DEM,Jeremy A Cooney,16
Monroe,Leg. Dist. 29 - 7,Judicial Delegate - 7th JD 137th AD,,DEM,Katelyn Plonczynski,5
Monroe,Leg. Dist. 29 - 7,Judicial Delegate - 7th JD 137th AD,,DEM,Ricky G Frazier,13
Monroe,Leg. Dist. 29 - 7,Judicial Delegate - 7th JD 137th AD,,DEM,Rose E Bonnick,11
Monroe,Leg. Dist. 29 - 7,Judicial Delegate - 7th JD 137th AD,,,Under Votes,120
Monroe,Leg. Dist. 29 - 7,State Assembly,137,DEM,Demond L Meeks,25
Monroe,Leg. Dist. 29 - 7,State Assembly,137,DEM,Mercedes Vazquez-Simmons,3
Monroe,Leg. Dist. 29 - 7,State Committee,137-Female,DEM,Mercedes Vazquez-Simmons,17
Monroe,Leg. Dist. 29 - 7,State Committee,137-Female,DEM,Rose E Bonnick,7
Monroe,Leg. Dist. 29 - 7,State Committee,137-Female,,Under Votes,4
Monroe,Leg. Dist. 29 - 7,State Committee,137-Male,DEM,"Clifford A Florence, Jr",6
Monroe,Leg. Dist. 29 - 7,State Committee,137-Male,DEM,Demond L Meeks,21
Monroe,Leg. Dist. 29 - 7,State Committee,137-Male,,Under Votes,1
Monroe,Leg. Dist. 29 - 7,U.S. House,25,DEM,Joseph D Morelle,19
Monroe,Leg. Dist. 29 - 7,U.S. House,25,DEM,Robin Wilt,5
Monroe,Leg. Dist. 29 - 7,U.S. House,25,DEM,Sherita S Traywick,2
Monroe,Leg. Dist. 29 - 7,U.S. House,25,,Under Votes,2
Monroe,Leg. Dist. 29 - 8,Ballots Cast,,,,40
Monroe,Leg. Dist. 29 - 8,Comptroller,,DEM,Drew Warshaw,4
Monroe,Leg. Dist. 29 - 8,Comptroller,,DEM,Raj Goyle,3
Monroe,Leg. Dist. 29 - 8,Comptroller,,DEM,Thomas P DiNapoli,25
Monroe,Leg. Dist. 29 - 8,Comptroller,,,Under Votes,8
Monroe,Leg. Dist. 29 - 8,Judicial Delegate - 7th JD 137th AD,,DEM,"Abigail Gonzalez, Jr",21
Monroe,Leg. Dist. 29 - 8,Judicial Delegate - 7th JD 137th AD,,DEM,Allison G Chefalo,10
Monroe,Leg. Dist. 29 - 8,Judicial Delegate - 7th JD 137th AD,,DEM,Beatriz B Lebron,21
Monroe,Leg. Dist. 29 - 8,Judicial Delegate - 7th JD 137th AD,,DEM,Campbell P Roth,11
Monroe,Leg. Dist. 29 - 8,Judicial Delegate - 7th JD 137th AD,,DEM,Demond L Meeks,27
Monroe,Leg. Dist. 29 - 8,Judicial Delegate - 7th JD 137th AD,,DEM,Jeremy A Cooney,21
Monroe,Leg. Dist. 29 - 8,Judicial Delegate - 7th JD 137th AD,,DEM,Katelyn Plonczynski,7
Monroe,Leg. Dist. 29 - 8,Judicial Delegate - 7th JD 137th AD,,DEM,Ricky G Frazier,19
Monroe,Leg. Dist. 29 - 8,Judicial Delegate - 7th JD 137th AD,,DEM,Rose E Bonnick,18
Monroe,Leg. Dist. 29 - 8,Judicial Delegate - 7th JD 137th AD,,DEM,Write-in,1
Monroe,Leg. Dist. 29 - 8,Judicial Delegate - 7th JD 137th AD,,,Under Votes,164
Monroe,Leg. Dist. 29 - 8,State Assembly,137,DEM,Demond L Meeks,26
Monroe,Leg. Dist. 29 - 8,State Assembly,137,DEM,Mercedes Vazquez-Simmons,12
Monroe,Leg. Dist. 29 - 8,State Assembly,137,,Under Votes,2
Monroe,Leg. Dist. 29 - 8,State Committee,137-Female,DEM,Mercedes Vazquez-Simmons,23
Monroe,Leg. Dist. 29 - 8,State Committee,137-Female,DEM,Rose E Bonnick,7
Monroe,Leg. Dist. 29 - 8,State Committee,137-Female,,Under Votes,10
Monroe,Leg. Dist. 29 - 8,State Committee,137-Male,DEM,"Clifford A Florence, Jr",9
Monroe,Leg. Dist. 29 - 8,State Committee,137-Male,DEM,Demond L Meeks,28
Monroe,Leg. Dist. 29 - 8,State Committee,137-Male,,Under Votes,3
Monroe,Leg. Dist. 29 - 8,U.S. House,25,DEM,Joseph D Morelle,20
Monroe,Leg. Dist. 29 - 8,U.S. House,25,DEM,Robin Wilt,7
Monroe,Leg. Dist. 29 - 8,U.S. House,25,DEM,Sherita S Traywick,10
Monroe,Leg. Dist. 29 - 8,U.S. House,25,,Under Votes,3
Monroe,Leg. Dist. 29 - 9,Ballots Cast,,,,40
Monroe,Leg. Dist. 29 - 9,Comptroller,,DEM,Drew Warshaw,7
Monroe,Leg. Dist. 29 - 9,Comptroller,,DEM,Raj Goyle,6
Monroe,Leg. Dist. 29 - 9,Comptroller,,DEM,Thomas P DiNapoli,25
Monroe,Leg. Dist. 29 - 9,Comptroller,,,Under Votes,2
Monroe,Leg. Dist. 29 - 9,U.S. House,25,DEM,Joseph D Morelle,25
Monroe,Leg. Dist. 29 - 9,U.S. House,25,DEM,Robin Wilt,12
Monroe,Leg. Dist. 29 - 9,U.S. House,25,DEM,Sherita S Traywick,2
Monroe,Leg. Dist. 29 - 9,U.S. House,25,DEM,Write-in,1
Monroe,Leg. Dist. 29 - 10,Ballots Cast,,,,29
Monroe,Leg. Dist. 29 - 10,Comptroller,,DEM,Drew Warshaw,1
Monroe,Leg. Dist. 29 - 10,Comptroller,,DEM,Raj Goyle,5
Monroe,Leg. Dist. 29 - 10,Comptroller,,DEM,Thomas P DiNapoli,18
Monroe,Leg. Dist. 29 - 10,Comptroller,,,Under Votes,4
Monroe,Leg. Dist. 29 - 10,U.S. House,25,DEM,Joseph D Morelle,18
Monroe,Leg. Dist. 29 - 10,U.S. House,25,DEM,Robin Wilt,6
Monroe,Leg. Dist. 29 - 10,U.S. House,25,DEM,Sherita S Traywick,1
Monroe,Leg. Dist. 29 - 10,U.S. House,25,DEM,Write-in,1
Monroe,Leg. Dist. 29 - 10,U.S. House,25,,Under Votes,3
Monroe,Leg. Dist. 29 - 11,Ballots Cast,,,,75
Monroe,Leg. Dist. 29 - 11,Comptroller,,DEM,Drew Warshaw,7
Monroe,Leg. Dist. 29 - 11,Comptroller,,DEM,Raj Goyle,4
Monroe,Leg. Dist. 29 - 11,Comptroller,,DEM,Thomas P DiNapoli,54
Monroe,Leg. Dist. 29 - 11,Comptroller,,,Under Votes,10
Monroe,Leg. Dist. 29 - 11,Judicial Delegate - 7th JD 137th AD,,DEM,"Abigail Gonzalez, Jr",33
Monroe,Leg. Dist. 29 - 11,Judicial Delegate - 7th JD 137th AD,,DEM,Allison G Chefalo,31
Monroe,Leg. Dist. 29 - 11,Judicial Delegate - 7th JD 137th AD,,DEM,Beatriz B Lebron,34
Monroe,Leg. Dist. 29 - 11,Judicial Delegate - 7th JD 137th AD,,DEM,Campbell P Roth,33
Monroe,Leg. Dist. 29 - 11,Judicial Delegate - 7th JD 137th AD,,DEM,Demond L Meeks,61
Monroe,Leg. Dist. 29 - 11,Judicial Delegate - 7th JD 137th AD,,DEM,Jeremy A Cooney,54
Monroe,Leg. Dist. 29 - 11,Judicial Delegate - 7th JD 137th AD,,DEM,Katelyn Plonczynski,15
Monroe,Leg. Dist. 29 - 11,Judicial Delegate - 7th JD 137th AD,,DEM,Ricky G Frazier,41
Monroe,Leg. Dist. 29 - 11,Judicial Delegate - 7th JD 137th AD,,DEM,Rose E Bonnick,35
Monroe,Leg. Dist. 29 - 11,Judicial Delegate - 7th JD 137th AD,,,Over Votes,8
Monroe,Leg. Dist. 29 - 11,Judicial Delegate - 7th JD 137th AD,,,Under Votes,255
Monroe,Leg. Dist. 29 - 11,State Assembly,137,DEM,Demond L Meeks,64
Monroe,Leg. Dist. 29 - 11,State Assembly,137,DEM,Mercedes Vazquez-Simmons,7
Monroe,Leg. Dist. 29 - 11,State Assembly,137,,Under Votes,4
Monroe,Leg. Dist. 29 - 11,State Committee,137-Female,DEM,Mercedes Vazquez-Simmons,34
Monroe,Leg. Dist. 29 - 11,State Committee,137-Female,DEM,Rose E Bonnick,28
Monroe,Leg. Dist. 29 - 11,State Committee,137-Female,,Under Votes,13
Monroe,Leg. Dist. 29 - 11,State Committee,137-Male,DEM,"Clifford A Florence, Jr",9
Monroe,Leg. Dist. 29 - 11,State Committee,137-Male,DEM,Demond L Meeks,60
Monroe,Leg. Dist. 29 - 11,State Committee,137-Male,,Under Votes,6
Monroe,Leg. Dist. 29 - 11,U.S. House,25,DEM,Joseph D Morelle,54
Monroe,Leg. Dist. 29 - 11,U.S. House,25,DEM,Robin Wilt,9
Monroe,Leg. Dist. 29 - 11,U.S. House,25,DEM,Sherita S Traywick,6
Monroe,Leg. Dist. 29 - 11,U.S. House,25,DEM,Write-in,1
Monroe,Leg. Dist. 29 - 11,U.S. House,25,,Under Votes,5
Monroe,Leg. Dist. 29 - 12,Ballots Cast,,,,47
Monroe,Leg. Dist. 29 - 12,Comptroller,,DEM,Drew Warshaw,8
Monroe,Leg. Dist. 29 - 12,Comptroller,,DEM,Raj Goyle,1
Monroe,Leg. Dist. 29 - 12,Comptroller,,DEM,Thomas P DiNapoli,24
Monroe,Leg. Dist. 29 - 12,Comptroller,,,Over Votes,2
Monroe,Leg. Dist. 29 - 12,Comptroller,,,Under Votes,12
Monroe,Leg. Dist. 29 - 12,U.S. House,25,DEM,Joseph D Morelle,38
Monroe,Leg. Dist. 29 - 12,U.S. House,25,DEM,Robin Wilt,3
Monroe,Leg. Dist. 29 - 12,U.S. House,25,DEM,Sherita S Traywick,2
Monroe,Leg. Dist. 29 - 12,U.S. House,25,,Over Votes,1
Monroe,Leg. Dist. 29 - 12,U.S. House,25,,Under Votes,3
Monroe,Leg. Dist. 29 - 13,Ballots Cast,,,,40
Monroe,Leg. Dist. 29 - 13,Comptroller,,DEM,Drew Warshaw,9
Monroe,Leg. Dist. 29 - 13,Comptroller,,DEM,Raj Goyle,2
Monroe,Leg. Dist. 29 - 13,Comptroller,,DEM,Thomas P DiNapoli,26
Monroe,Leg. Dist. 29 - 13,Comptroller,,DEM,Write-in,1
Monroe,Leg. Dist. 29 - 13,Comptroller,,,Under Votes,2
Monroe,Leg. Dist. 29 - 13,U.S. House,25,DEM,Joseph D Morelle,27
Monroe,Leg. Dist. 29 - 13,U.S. House,25,DEM,Robin Wilt,8
Monroe,Leg. Dist. 29 - 13,U.S. House,25,DEM,Sherita S Traywick,4
Monroe,Leg. Dist. 29 - 13,U.S. House,25,DEM,Write-in,1
Monroe,Leg. Dist. 29 - 14,Ballots Cast,,,,65
Monroe,Leg. Dist. 29 - 14,Comptroller,,DEM,Drew Warshaw,10
Monroe,Leg. Dist. 29 - 14,Comptroller,,DEM,Raj Goyle,6
Monroe,Leg. Dist. 29 - 14,Comptroller,,DEM,Thomas P DiNapoli,47
Monroe,Leg. Dist. 29 - 14,Comptroller,,,Under Votes,2
Monroe,Leg. Dist. 29 - 14,U.S. House,25,DEM,Joseph D Morelle,40
Monroe,Leg. Dist. 29 - 14,U.S. House,25,DEM,Robin Wilt,20
Monroe,Leg. Dist. 29 - 14,U.S. House,25,DEM,Sherita S Traywick,4
Monroe,Leg. Dist. 29 - 14,U.S. House,25,,Under Votes,1
Monroe,Leg. Dist. 29 - 15,Ballots Cast,,,,56
Monroe,Leg. Dist. 29 - 15,Comptroller,,DEM,Drew Warshaw,5
Monroe,Leg. Dist. 29 - 15,Comptroller,,DEM,Raj Goyle,1
Monroe,Leg. Dist. 29 - 15,Comptroller,,DEM,Thomas P DiNapoli,42
Monroe,Leg. Dist. 29 - 15,Comptroller,,,Under Votes,8
Monroe,Leg. Dist. 29 - 15,Judicial Delegate - 7th JD 137th AD,,DEM,"Abigail Gonzalez, Jr",32
Monroe,Leg. Dist. 29 - 15,Judicial Delegate - 7th JD 137th AD,,DEM,Allison G Chefalo,22
Monroe,Leg. Dist. 29 - 15,Judicial Delegate - 7th JD 137th AD,,DEM,Beatriz B Lebron,31
Monroe,Leg. Dist. 29 - 15,Judicial Delegate - 7th JD 137th AD,,DEM,Campbell P Roth,26
Monroe,Leg. Dist. 29 - 15,Judicial Delegate - 7th JD 137th AD,,DEM,Demond L Meeks,40
Monroe,Leg. Dist. 29 - 15,Judicial Delegate - 7th JD 137th AD,,DEM,Jeremy A Cooney,39
Monroe,Leg. Dist. 29 - 15,Judicial Delegate - 7th JD 137th AD,,DEM,Katelyn Plonczynski,17
Monroe,Leg. Dist. 29 - 15,Judicial Delegate - 7th JD 137th AD,,DEM,Ricky G Frazier,31
Monroe,Leg. Dist. 29 - 15,Judicial Delegate - 7th JD 137th AD,,DEM,Rose E Bonnick,29
Monroe,Leg. Dist. 29 - 15,Judicial Delegate - 7th JD 137th AD,,,Under Votes,181
Monroe,Leg. Dist. 29 - 15,State Assembly,137,DEM,Demond L Meeks,44
Monroe,Leg. Dist. 29 - 15,State Assembly,137,DEM,Mercedes Vazquez-Simmons,11
Monroe,Leg. Dist. 29 - 15,State Assembly,137,,Under Votes,1
Monroe,Leg. Dist. 29 - 15,State Committee,137-Female,DEM,Mercedes Vazquez-Simmons,31
Monroe,Leg. Dist. 29 - 15,State Committee,137-Female,DEM,Rose E Bonnick,16
Monroe,Leg. Dist. 29 - 15,State Committee,137-Female,,Under Votes,9
Monroe,Leg. Dist. 29 - 15,State Committee,137-Male,DEM,"Clifford A Florence, Jr",7
Monroe,Leg. Dist. 29 - 15,State Committee,137-Male,DEM,Demond L Meeks,42
Monroe,Leg. Dist. 29 - 15,State Committee,137-Male,,Under Votes,7
Monroe,Leg. Dist. 29 - 15,U.S. House,25,DEM,Joseph D Morelle,42
Monroe,Leg. Dist. 29 - 15,U.S. House,25,DEM,Robin Wilt,4
Monroe,Leg. Dist. 29 - 15,U.S. House,25,DEM,Sherita S Traywick,5
Monroe,Leg. Dist. 29 - 15,U.S. House,25,,Over Votes,1
Monroe,Leg. Dist. 29 - 15,U.S. House,25,,Under Votes,4
Monroe,Leg. Dist. 29 - 16,Ballots Cast,,,,41
Monroe,Leg. Dist. 29 - 16,Comptroller,,DEM,Drew Warshaw,2
Monroe,Leg. Dist. 29 - 16,Comptroller,,DEM,Raj Goyle,6
Monroe,Leg. Dist. 29 - 16,Comptroller,,DEM,Thomas P DiNapoli,26
Monroe,Leg. Dist. 29 - 16,Comptroller,,,Under Votes,7
Monroe,Leg. Dist. 29 - 16,U.S. House,25,DEM,Joseph D Morelle,25
Monroe,Leg. Dist. 29 - 16,U.S. House,25,DEM,Robin Wilt,12
Monroe,Leg. Dist. 29 - 16,U.S. House,25,DEM,Sherita S Traywick,4
Monroe,Leg. Dist. 29 - 17,Ballots Cast,,,,33
Monroe,Leg. Dist. 29 - 17,Comptroller,,DEM,Drew Warshaw,2
Monroe,Leg. Dist. 29 - 17,Comptroller,,DEM,Thomas P DiNapoli,26
Monroe,Leg. Dist. 29 - 17,Comptroller,,,Under Votes,5
Monroe,Leg. Dist. 29 - 17,U.S. House,25,DEM,Joseph D Morelle,25
Monroe,Leg. Dist. 29 - 17,U.S. House,25,DEM,Robin Wilt,4
Monroe,Leg. Dist. 29 - 17,U.S. House,25,DEM,Sherita S Traywick,4
Monroe,Leg. Dist. 29 - 18,Ballots Cast,,,,3
Monroe,Leg. Dist. 29 - 18,Comptroller,,DEM,Raj Goyle,1
Monroe,Leg. Dist. 29 - 18,Comptroller,,DEM,Thomas P DiNapoli,1
Monroe,Leg. Dist. 29 - 18,Comptroller,,,Under Votes,1
Monroe,Leg. Dist. 29 - 18,Judicial Delegate - 7th JD 137th AD,,DEM,Demond L Meeks,3
Monroe,Leg. Dist. 29 - 18,Judicial Delegate - 7th JD 137th AD,,DEM,Jeremy A Cooney,2
Monroe,Leg. Dist. 29 - 18,Judicial Delegate - 7th JD 137th AD,,DEM,Rose E Bonnick,1
Monroe,Leg. Dist. 29 - 18,Judicial Delegate - 7th JD 137th AD,,,Under Votes,18
Monroe,Leg. Dist. 29 - 18,State Assembly,137,DEM,Demond L Meeks,3
Monroe,Leg. Dist. 29 - 18,State Committee,137-Female,DEM,Mercedes Vazquez-Simmons,2
Monroe,Leg. Dist. 29 - 18,State Committee,137-Female,DEM,Rose E Bonnick,1
Monroe,Leg. Dist. 29 - 18,State Committee,137-Male,DEM,Demond L Meeks,3
Monroe,Leg. Dist. 29 - 18,U.S. House,25,DEM,Robin Wilt,1
Monroe,Leg. Dist. 29 - 18,U.S. House,25,DEM,Sherita S Traywick,2
Monroe,Leg. Dist. 29 - 19,Ballots Cast,,,,8
Monroe,Leg. Dist. 29 - 19,Comptroller,,DEM,Drew Warshaw,2
Monroe,Leg. Dist. 29 - 19,Comptroller,,DEM,Thomas P DiNapoli,6
Monroe,Leg. Dist. 29 - 19,U.S. House,25,DEM,Joseph D Morelle,5
Monroe,Leg. Dist. 29 - 19,U.S. House,25,DEM,Robin Wilt,2
Monroe,Leg. Dist. 29 - 19,U.S. House,25,,Under Votes,1
Monroe,Leg. Dist. 29 - 20,Ballots Cast,,,,88
Monroe,Leg. Dist. 29 - 20,Comptroller,,DEM,Drew Warshaw,9
Monroe,Leg. Dist. 29 - 20,Comptroller,,DEM,Raj Goyle,10
Monroe,Leg. Dist. 29 - 20,Comptroller,,DEM,Thomas P DiNapoli,56
Monroe,Leg. Dist. 29 - 20,Comptroller,,DEM,Write-in,1
Monroe,Leg. Dist. 29 - 20,Comptroller,,,Under Votes,12
Monroe,Leg. Dist. 29 - 20,U.S. House,25,DEM,Joseph D Morelle,68
Monroe,Leg. Dist. 29 - 20,U.S. House,25,DEM,Robin Wilt,10
Monroe,Leg. Dist. 29 - 20,U.S. House,25,DEM,Sherita S Traywick,7
Monroe,Leg. Dist. 29 - 20,U.S. House,25,,Over Votes,1
Monroe,Leg. Dist. 29 - 20,U.S. House,25,,Under Votes,2
Monroe,Leg. Dist. 29 - 21,Ballots Cast,,,,1
Monroe,Leg. Dist. 29 - 21,Comptroller,,DEM,Thomas P DiNapoli,1
Monroe,Leg. Dist. 29 - 21,Judicial Delegate - 7th JD 137th AD,,DEM,"Abigail Gonzalez, Jr",1
Monroe,Leg. Dist. 29 - 21,Judicial Delegate - 7th JD 137th AD,,DEM,Allison G Chefalo,1
Monroe,Leg. Dist. 29 - 21,Judicial Delegate - 7th JD 137th AD,,DEM,Campbell P Roth,1
Monroe,Leg. Dist. 29 - 21,Judicial Delegate - 7th JD 137th AD,,DEM,Demond L Meeks,1
Monroe,Leg. Dist. 29 - 21,Judicial Delegate - 7th JD 137th AD,,DEM,Jeremy A Cooney,1
Monroe,Leg. Dist. 29 - 21,Judicial Delegate - 7th JD 137th AD,,DEM,Katelyn Plonczynski,1
Monroe,Leg. Dist. 29 - 21,Judicial Delegate - 7th JD 137th AD,,DEM,Ricky G Frazier,1
Monroe,Leg. Dist. 29 - 21,Judicial Delegate - 7th JD 137th AD,,DEM,Rose E Bonnick,1
Monroe,Leg. Dist. 29 - 21,State Assembly,137,DEM,Demond L Meeks,1
Monroe,Leg. Dist. 29 - 21,State Committee,137-Female,DEM,Mercedes Vazquez-Simmons,1
Monroe,Leg. Dist. 29 - 21,State Committee,137-Male,DEM,Demond L Meeks,1
Monroe,Leg. Dist. 29 - 21,U.S. House,25,DEM,Joseph D Morelle,1
Monroe,Brighton - 1,Ballots Cast,,,,113
Monroe,Brighton - 1,Comptroller,,DEM,Drew Warshaw,17
Monroe,Brighton - 1,Comptroller,,DEM,Raj Goyle,19
Monroe,Brighton - 1,Comptroller,,DEM,Thomas P DiNapoli,70
Monroe,Brighton - 1,Comptroller,,DEM,Write-in,1
Monroe,Brighton - 1,Comptroller,,,Under Votes,4
Monroe,Brighton - 1,U.S. House,25,DEM,Joseph D Morelle,57
Monroe,Brighton - 1,U.S. House,25,DEM,Robin Wilt,50
Monroe,Brighton - 1,U.S. House,25,DEM,Sherita S Traywick,6
Monroe,Brighton - 2,Ballots Cast,,,,45
Monroe,Brighton - 2,Comptroller,,DEM,Drew Warshaw,5
Monroe,Brighton - 2,Comptroller,,DEM,Raj Goyle,6
Monroe,Brighton - 2,Comptroller,,DEM,Thomas P DiNapoli,32
Monroe,Brighton - 2,Comptroller,,,Under Votes,2
Monroe,Brighton - 2,U.S. House,25,DEM,Joseph D Morelle,27
Monroe,Brighton - 2,U.S. House,25,DEM,Robin Wilt,14
Monroe,Brighton - 2,U.S. House,25,DEM,Sherita S Traywick,4
Monroe,Brighton - 3,Ballots Cast,,,,32
Monroe,Brighton - 3,Comptroller,,DEM,Drew Warshaw,8
Monroe,Brighton - 3,Comptroller,,DEM,Raj Goyle,5
Monroe,Brighton - 3,Comptroller,,DEM,Thomas P DiNapoli,17
Monroe,Brighton - 3,Comptroller,,,Over Votes,1
Monroe,Brighton - 3,Comptroller,,,Under Votes,1
Monroe,Brighton - 3,U.S. House,25,DEM,Joseph D Morelle,15
Monroe,Brighton - 3,U.S. House,25,DEM,Robin Wilt,15
Monroe,Brighton - 3,U.S. House,25,DEM,Sherita S Traywick,1
Monroe,Brighton - 3,U.S. House,25,,Over Votes,1
Monroe,Brighton - 4,Ballots Cast,,,,95
Monroe,Brighton - 4,Comptroller,,DEM,Drew Warshaw,16
Monroe,Brighton - 4,Comptroller,,DEM,Raj Goyle,13
Monroe,Brighton - 4,Comptroller,,DEM,Thomas P DiNapoli,64
Monroe,Brighton - 4,Comptroller,,,Under Votes,1
Monroe,Brighton - 4,U.S. House,25,DEM,Joseph D Morelle,51
Monroe,Brighton - 4,U.S. House,25,DEM,Robin Wilt,41
Monroe,Brighton - 4,U.S. House,25,DEM,Sherita S Traywick,3
Monroe,Brighton - 5,Ballots Cast,,,,213
Monroe,Brighton - 5,Comptroller,,DEM,Drew Warshaw,35
Monroe,Brighton - 5,Comptroller,,DEM,Raj Goyle,25
Monroe,Brighton - 5,Comptroller,,DEM,Thomas P DiNapoli,141
Monroe,Brighton - 5,Comptroller,,,Under Votes,12
Monroe,Brighton - 5,U.S. House,25,DEM,Joseph D Morelle,132
Monroe,Brighton - 5,U.S. House,25,DEM,Robin Wilt,73
Monroe,Brighton - 5,U.S. House,25,DEM,Sherita S Traywick,8
Monroe,Brighton - 6,Ballots Cast,,,,86
Monroe,Brighton - 6,Comptroller,,DEM,Drew Warshaw,17
Monroe,Brighton - 6,Comptroller,,DEM,Raj Goyle,10
Monroe,Brighton - 6,Comptroller,,DEM,Thomas P DiNapoli,53
Monroe,Brighton - 6,Comptroller,,,Under Votes,6
Monroe,Brighton - 6,U.S. House,25,DEM,Joseph D Morelle,51
Monroe,Brighton - 6,U.S. House,25,DEM,Robin Wilt,31
Monroe,Brighton - 6,U.S. House,25,DEM,Sherita S Traywick,4
Monroe,Brighton - 7,Ballots Cast,,,,145
Monroe,Brighton - 7,Comptroller,,DEM,Drew Warshaw,21
Monroe,Brighton - 7,Comptroller,,DEM,Raj Goyle,18
Monroe,Brighton - 7,Comptroller,,DEM,Thomas P DiNapoli,99
Monroe,Brighton - 7,Comptroller,,,Under Votes,7
Monroe,Brighton - 7,U.S. House,25,DEM,Joseph D Morelle,86
Monroe,Brighton - 7,U.S. House,25,DEM,Robin Wilt,55
Monroe,Brighton - 7,U.S. House,25,DEM,Sherita S Traywick,3
Monroe,Brighton - 7,U.S. House,25,,Under Votes,1
Monroe,Brighton - 8,Ballots Cast,,,,54
Monroe,Brighton - 8,Comptroller,,DEM,Drew Warshaw,10
Monroe,Brighton - 8,Comptroller,,DEM,Raj Goyle,6
Monroe,Brighton - 8,Comptroller,,DEM,Thomas P DiNapoli,36
Monroe,Brighton - 8,Comptroller,,,Under Votes,1
Monroe,Brighton - 8,U.S. House,25,DEM,Joseph D Morelle,45
Monroe,Brighton - 8,U.S. House,25,DEM,Robin Wilt,7
Monroe,Brighton - 8,U.S. House,25,DEM,Sherita S Traywick,1
Monroe,Brighton - 8,U.S. House,25,,Under Votes,1
Monroe,Brighton - 9,Ballots Cast,,,,77
Monroe,Brighton - 9,Comptroller,,DEM,Drew Warshaw,26
Monroe,Brighton - 9,Comptroller,,DEM,Raj Goyle,12
Monroe,Brighton - 9,Comptroller,,DEM,Thomas P DiNapoli,37
Monroe,Brighton - 9,Comptroller,,,Under Votes,2
Monroe,Brighton - 9,U.S. House,25,DEM,Joseph D Morelle,23
Monroe,Brighton - 9,U.S. House,25,DEM,Robin Wilt,51
Monroe,Brighton - 9,U.S. House,25,DEM,Sherita S Traywick,3
Monroe,Brighton - 10,Ballots Cast,,,,105
Monroe,Brighton - 10,Comptroller,,DEM,Drew Warshaw,17
Monroe,Brighton - 10,Comptroller,,DEM,Raj Goyle,16
Monroe,Brighton - 10,Comptroller,,DEM,Thomas P DiNapoli,68
Monroe,Brighton - 10,Comptroller,,,Under Votes,2
Monroe,Brighton - 10,U.S. House,25,DEM,Joseph D Morelle,76
Monroe,Brighton - 10,U.S. House,25,DEM,Robin Wilt,29
Monroe,Brighton - 11,Ballots Cast,,,,74
Monroe,Brighton - 11,Comptroller,,DEM,Drew Warshaw,17
Monroe,Brighton - 11,Comptroller,,DEM,Raj Goyle,10
Monroe,Brighton - 11,Comptroller,,DEM,Thomas P DiNapoli,42
Monroe,Brighton - 11,Comptroller,,DEM,Write-in,1
Monroe,Brighton - 11,Comptroller,,,Under Votes,2
Monroe,Brighton - 11,U.S. House,25,DEM,Joseph D Morelle,40
Monroe,Brighton - 11,U.S. House,25,DEM,Robin Wilt,31
Monroe,Brighton - 11,U.S. House,25,DEM,Sherita S Traywick,3
Monroe,Brighton - 12,Ballots Cast,,,,111
Monroe,Brighton - 12,Comptroller,,DEM,Drew Warshaw,12
Monroe,Brighton - 12,Comptroller,,DEM,Raj Goyle,15
Monroe,Brighton - 12,Comptroller,,DEM,Thomas P DiNapoli,82
Monroe,Brighton - 12,Comptroller,,,Under Votes,2
Monroe,Brighton - 12,U.S. House,25,DEM,Joseph D Morelle,73
Monroe,Brighton - 12,U.S. House,25,DEM,Robin Wilt,35
Monroe,Brighton - 12,U.S. House,25,DEM,Sherita S Traywick,2
Monroe,Brighton - 12,U.S. House,25,,Under Votes,1
Monroe,Brighton - 13,Ballots Cast,,,,134
Monroe,Brighton - 13,Comptroller,,DEM,Drew Warshaw,18
Monroe,Brighton - 13,Comptroller,,DEM,Raj Goyle,20
Monroe,Brighton - 13,Comptroller,,DEM,Thomas P DiNapoli,89
Monroe,Brighton - 13,Comptroller,,,Under Votes,7
Monroe,Brighton - 13,U.S. House,25,DEM,Joseph D Morelle,78
Monroe,Brighton - 13,U.S. House,25,DEM,Robin Wilt,47
Monroe,Brighton - 13,U.S. House,25,DEM,Sherita S Traywick,4
Monroe,Brighton - 13,U.S. House,25,DEM,Write-in,5
Monroe,Brighton - 14,Ballots Cast,,,,73
Monroe,Brighton - 14,Comptroller,,DEM,Drew Warshaw,25
Monroe,Brighton - 14,Comptroller,,DEM,Raj Goyle,17
Monroe,Brighton - 14,Comptroller,,DEM,Thomas P DiNapoli,25
Monroe,Brighton - 14,Comptroller,,,Under Votes,5
Monroe,Brighton - 14,U.S. House,25,DEM,Joseph D Morelle,26
Monroe,Brighton - 14,U.S. House,25,DEM,Robin Wilt,41
Monroe,Brighton - 14,U.S. House,25,DEM,Sherita S Traywick,6
Monroe,Brighton - 15,Ballots Cast,,,,61
Monroe,Brighton - 15,Comptroller,,DEM,Drew Warshaw,9
Monroe,Brighton - 15,Comptroller,,DEM,Raj Goyle,7
Monroe,Brighton - 15,Comptroller,,DEM,Thomas P DiNapoli,43
Monroe,Brighton - 15,Comptroller,,,Under Votes,2
Monroe,Brighton - 15,U.S. House,25,DEM,Joseph D Morelle,28
Monroe,Brighton - 15,U.S. House,25,DEM,Robin Wilt,27
Monroe,Brighton - 15,U.S. House,25,DEM,Sherita S Traywick,6
Monroe,Brighton - 16,Ballots Cast,,,,80
Monroe,Brighton - 16,Comptroller,,DEM,Drew Warshaw,12
Monroe,Brighton - 16,Comptroller,,DEM,Raj Goyle,4
Monroe,Brighton - 16,Comptroller,,DEM,Thomas P DiNapoli,56
Monroe,Brighton - 16,Comptroller,,DEM,Write-in,1
Monroe,Brighton - 16,Comptroller,,,Under Votes,4
Monroe,Brighton - 16,U.S. House,25,DEM,Joseph D Morelle,63
Monroe,Brighton - 16,U.S. House,25,DEM,Robin Wilt,14
Monroe,Brighton - 16,U.S. House,25,DEM,Sherita S Traywick,3
Monroe,Brighton - 17,Ballots Cast,,,,144
Monroe,Brighton - 17,Comptroller,,DEM,Drew Warshaw,12
Monroe,Brighton - 17,Comptroller,,DEM,Raj Goyle,8
Monroe,Brighton - 17,Comptroller,,DEM,Thomas P DiNapoli,114
Monroe,Brighton - 17,Comptroller,,DEM,Write-in,1
Monroe,Brighton - 17,Comptroller,,,Over Votes,2
Monroe,Brighton - 17,Comptroller,,,Under Votes,7
Monroe,Brighton - 17,U.S. House,25,DEM,Joseph D Morelle,120
Monroe,Brighton - 17,U.S. House,25,DEM,Robin Wilt,17
Monroe,Brighton - 17,U.S. House,25,DEM,Sherita S Traywick,2
Monroe,Brighton - 17,U.S. House,25,,Over Votes,2
Monroe,Brighton - 17,U.S. House,25,,Under Votes,3
Monroe,Brighton - 18,Ballots Cast,,,,71
Monroe,Brighton - 18,Comptroller,,DEM,Drew Warshaw,10
Monroe,Brighton - 18,Comptroller,,DEM,Raj Goyle,11
Monroe,Brighton - 18,Comptroller,,DEM,Thomas P DiNapoli,49
Monroe,Brighton - 18,Comptroller,,DEM,Write-in,1
Monroe,Brighton - 18,U.S. House,25,DEM,Joseph D Morelle,41
Monroe,Brighton - 18,U.S. House,25,DEM,Robin Wilt,27
Monroe,Brighton - 18,U.S. House,25,DEM,Sherita S Traywick,2
Monroe,Brighton - 18,U.S. House,25,,Under Votes,1
Monroe,Brighton - 19,Ballots Cast,,,,120
Monroe,Brighton - 19,Comptroller,,DEM,Drew Warshaw,13
Monroe,Brighton - 19,Comptroller,,DEM,Raj Goyle,9
Monroe,Brighton - 19,Comptroller,,DEM,Thomas P DiNapoli,91
Monroe,Brighton - 19,Comptroller,,,Over Votes,1
Monroe,Brighton - 19,Comptroller,,,Under Votes,6
Monroe,Brighton - 19,U.S. House,25,DEM,Joseph D Morelle,77
Monroe,Brighton - 19,U.S. House,25,DEM,Robin Wilt,37
Monroe,Brighton - 19,U.S. House,25,DEM,Sherita S Traywick,6
Monroe,Brighton - 20,Ballots Cast,,,,70
Monroe,Brighton - 20,Comptroller,,DEM,Drew Warshaw,11
Monroe,Brighton - 20,Comptroller,,DEM,Raj Goyle,14
Monroe,Brighton - 20,Comptroller,,DEM,Thomas P DiNapoli,38
Monroe,Brighton - 20,Comptroller,,,Under Votes,7
Monroe,Brighton - 20,U.S. House,25,DEM,Joseph D Morelle,25
Monroe,Brighton - 20,U.S. House,25,DEM,Robin Wilt,44
Monroe,Brighton - 20,U.S. House,25,,Under Votes,1
Monroe,Brighton - 21,Ballots Cast,,,,63
Monroe,Brighton - 21,Comptroller,,DEM,Drew Warshaw,15
Monroe,Brighton - 21,Comptroller,,DEM,Raj Goyle,8
Monroe,Brighton - 21,Comptroller,,DEM,Thomas P DiNapoli,37
Monroe,Brighton - 21,Comptroller,,,Under Votes,3
Monroe,Brighton - 21,U.S. House,25,DEM,Joseph D Morelle,31
Monroe,Brighton - 21,U.S. House,25,DEM,Robin Wilt,29
Monroe,Brighton - 21,U.S. House,25,DEM,Sherita S Traywick,3
Monroe,Brighton - 22,Ballots Cast,,,,90
Monroe,Brighton - 22,Comptroller,,DEM,Drew Warshaw,9
Monroe,Brighton - 22,Comptroller,,DEM,Raj Goyle,9
Monroe,Brighton - 22,Comptroller,,DEM,Thomas P DiNapoli,65
Monroe,Brighton - 22,Comptroller,,,Over Votes,1
Monroe,Brighton - 22,Comptroller,,,Under Votes,5
Monroe,Brighton - 22,U.S. House,25,DEM,Joseph D Morelle,68
Monroe,Brighton - 22,U.S. House,25,DEM,Robin Wilt,22
Monroe,Brighton - 23,Ballots Cast,,,,80
Monroe,Brighton - 23,Comptroller,,DEM,Drew Warshaw,6
Monroe,Brighton - 23,Comptroller,,DEM,Raj Goyle,9
Monroe,Brighton - 23,Comptroller,,DEM,Thomas P DiNapoli,60
Monroe,Brighton - 23,Comptroller,,,Under Votes,5
Monroe,Brighton - 23,U.S. House,25,DEM,Joseph D Morelle,60
Monroe,Brighton - 23,U.S. House,25,DEM,Robin Wilt,17
Monroe,Brighton - 23,U.S. House,25,DEM,Sherita S Traywick,2
Monroe,Brighton - 23,U.S. House,25,DEM,Write-in,1
Monroe,Brighton - 24,Ballots Cast,,,,88
Monroe,Brighton - 24,Comptroller,,DEM,Drew Warshaw,16
Monroe,Brighton - 24,Comptroller,,DEM,Raj Goyle,10
Monroe,Brighton - 24,Comptroller,,DEM,Thomas P DiNapoli,55
Monroe,Brighton - 24,Comptroller,,,Over Votes,1
Monroe,Brighton - 24,Comptroller,,,Under Votes,6
Monroe,Brighton - 24,U.S. House,25,DEM,Joseph D Morelle,55
Monroe,Brighton - 24,U.S. House,25,DEM,Robin Wilt,28
Monroe,Brighton - 24,U.S. House,25,DEM,Sherita S Traywick,4
Monroe,Brighton - 24,U.S. House,25,,Under Votes,1
Monroe,Brighton - 25,Ballots Cast,,,,187
Monroe,Brighton - 25,Comptroller,,DEM,Drew Warshaw,30
Monroe,Brighton - 25,Comptroller,,DEM,Raj Goyle,21
Monroe,Brighton - 25,Comptroller,,DEM,Thomas P DiNapoli,126
Monroe,Brighton - 25,Comptroller,,DEM,Write-in,2
Monroe,Brighton - 25,Comptroller,,,Under Votes,8
Monroe,Brighton - 25,U.S. House,25,DEM,Joseph D Morelle,115
Monroe,Brighton - 25,U.S. House,25,DEM,Robin Wilt,68
Monroe,Brighton - 25,U.S. House,25,DEM,Sherita S Traywick,1
Monroe,Brighton - 25,U.S. House,25,DEM,Write-in,2
Monroe,Brighton - 25,U.S. House,25,,Under Votes,1
Monroe,Brighton - 26,Ballots Cast,,,,64
Monroe,Brighton - 26,Comptroller,,DEM,Drew Warshaw,12
Monroe,Brighton - 26,Comptroller,,DEM,Raj Goyle,14
Monroe,Brighton - 26,Comptroller,,DEM,Thomas P DiNapoli,35
Monroe,Brighton - 26,Comptroller,,DEM,Write-in,1
Monroe,Brighton - 26,Comptroller,,,Under Votes,2
Monroe,Brighton - 26,U.S. House,25,DEM,Joseph D Morelle,29
Monroe,Brighton - 26,U.S. House,25,DEM,Robin Wilt,26
Monroe,Brighton - 26,U.S. House,25,DEM,Sherita S Traywick,9
Monroe,Brighton - 27,Ballots Cast,,,,58
Monroe,Brighton - 27,Comptroller,,DEM,Drew Warshaw,8
Monroe,Brighton - 27,Comptroller,,DEM,Raj Goyle,4
Monroe,Brighton - 27,Comptroller,,DEM,Thomas P DiNapoli,42
Monroe,Brighton - 27,Comptroller,,,Under Votes,4
Monroe,Brighton - 27,U.S. House,25,DEM,Joseph D Morelle,38
Monroe,Brighton - 27,U.S. House,25,DEM,Robin Wilt,17
Monroe,Brighton - 27,U.S. House,25,DEM,Sherita S Traywick,3
Monroe,Brighton - 28,Ballots Cast,,,,115
Monroe,Brighton - 28,Comptroller,,DEM,Drew Warshaw,15
Monroe,Brighton - 28,Comptroller,,DEM,Raj Goyle,19
Monroe,Brighton - 28,Comptroller,,DEM,Thomas P DiNapoli,68
Monroe,Brighton - 28,Comptroller,,,Under Votes,12
Monroe,Brighton - 28,U.S. House,25,DEM,Joseph D Morelle,67
Monroe,Brighton - 28,U.S. House,25,DEM,Robin Wilt,45
Monroe,Brighton - 28,U.S. House,25,DEM,Sherita S Traywick,2
Monroe,Brighton - 28,U.S. House,25,,Over Votes,1
Monroe,Brighton - 29,Ballots Cast,,,,32
Monroe,Brighton - 29,Comptroller,,DEM,Drew Warshaw,1
Monroe,Brighton - 29,Comptroller,,DEM,Raj Goyle,7
Monroe,Brighton - 29,Comptroller,,DEM,Thomas P DiNapoli,23
Monroe,Brighton - 29,U.S. House,25,DEM,Joseph D Morelle,18
Monroe,Brighton - 29,U.S. House,25,DEM,Robin Wilt,13
Monroe,Brighton - 29,U.S. House,25,DEM,Sherita S Traywick,1
Monroe,Brighton - 30,Ballots Cast,,,,224
Monroe,Brighton - 30,Comptroller,,DEM,Drew Warshaw,33
Monroe,Brighton - 30,Comptroller,,DEM,Raj Goyle,19
Monroe,Brighton - 30,Comptroller,,DEM,Thomas P DiNapoli,155
Monroe,Brighton - 30,Comptroller,,,Over Votes,1
Monroe,Brighton - 30,Comptroller,,,Under Votes,16
Monroe,Brighton - 30,U.S. House,25,DEM,Joseph D Morelle,157
Monroe,Brighton - 30,U.S. House,25,DEM,Robin Wilt,51
Monroe,Brighton - 30,U.S. House,25,DEM,Sherita S Traywick,7
Monroe,Brighton - 30,U.S. House,25,,Over Votes,2
Monroe,Brighton - 30,U.S. House,25,,Under Votes,7
Monroe,Brighton - 31,Ballots Cast,,,,189
Monroe,Brighton - 31,Comptroller,,DEM,Drew Warshaw,20
Monroe,Brighton - 31,Comptroller,,DEM,Raj Goyle,21
Monroe,Brighton - 31,Comptroller,,DEM,Thomas P DiNapoli,142
Monroe,Brighton - 31,Comptroller,,,Under Votes,6
Monroe,Brighton - 31,U.S. House,25,DEM,Joseph D Morelle,136
Monroe,Brighton - 31,U.S. House,25,DEM,Robin Wilt,51
Monroe,Brighton - 31,U.S. House,25,DEM,Sherita S Traywick,2
Monroe,Brighton - 32,Ballots Cast,,,,107
Monroe,Brighton - 32,Comptroller,,DEM,Drew Warshaw,20
Monroe,Brighton - 32,Comptroller,,DEM,Raj Goyle,12
Monroe,Brighton - 32,Comptroller,,DEM,Thomas P DiNapoli,69
Monroe,Brighton - 32,Comptroller,,DEM,Write-in,1
Monroe,Brighton - 32,Comptroller,,,Under Votes,5
Monroe,Brighton - 32,U.S. House,25,DEM,Joseph D Morelle,57
Monroe,Brighton - 32,U.S. House,25,DEM,Robin Wilt,48
Monroe,Brighton - 32,U.S. House,25,DEM,Sherita S Traywick,2
Monroe,Brighton - 33,Ballots Cast,,,,104
Monroe,Brighton - 33,Comptroller,,DEM,Drew Warshaw,9
Monroe,Brighton - 33,Comptroller,,DEM,Raj Goyle,11
Monroe,Brighton - 33,Comptroller,,DEM,Thomas P DiNapoli,77
Monroe,Brighton - 33,Comptroller,,,Under Votes,6
Monroe,Brighton - 33,U.S. House,25,DEM,Joseph D Morelle,65
Monroe,Brighton - 33,U.S. House,25,DEM,Robin Wilt,33
Monroe,Brighton - 33,U.S. House,25,DEM,Sherita S Traywick,5
Monroe,Brighton - 33,U.S. House,25,,Under Votes,1
Monroe,Brighton - 34,Ballots Cast,,,,57
Monroe,Brighton - 34,Comptroller,,DEM,Drew Warshaw,12
Monroe,Brighton - 34,Comptroller,,DEM,Raj Goyle,6
Monroe,Brighton - 34,Comptroller,,DEM,Thomas P DiNapoli,37
Monroe,Brighton - 34,Comptroller,,,Over Votes,1
Monroe,Brighton - 34,Comptroller,,,Under Votes,1
Monroe,Brighton - 34,U.S. House,25,DEM,Joseph D Morelle,32
Monroe,Brighton - 34,U.S. House,25,DEM,Robin Wilt,23
Monroe,Brighton - 34,U.S. House,25,DEM,Sherita S Traywick,2
Monroe,Brighton - 35,Ballots Cast,,,,62
Monroe,Brighton - 35,Comptroller,,DEM,Drew Warshaw,20
Monroe,Brighton - 35,Comptroller,,DEM,Thomas P DiNapoli,39
Monroe,Brighton - 35,Comptroller,,,Under Votes,3
Monroe,Brighton - 35,U.S. House,25,DEM,Joseph D Morelle,42
Monroe,Brighton - 35,U.S. House,25,DEM,Robin Wilt,17
Monroe,Brighton - 35,U.S. House,25,DEM,Sherita S Traywick,2
Monroe,Brighton - 35,U.S. House,25,,Under Votes,1
Monroe,Brighton - 36,Ballots Cast,,,,39
Monroe,Brighton - 36,Comptroller,,DEM,Drew Warshaw,14
Monroe,Brighton - 36,Comptroller,,DEM,Raj Goyle,6
Monroe,Brighton - 36,Comptroller,,DEM,Thomas P DiNapoli,17
Monroe,Brighton - 36,Comptroller,,,Under Votes,2
Monroe,Brighton - 36,U.S. House,25,DEM,Joseph D Morelle,11
Monroe,Brighton - 36,U.S. House,25,DEM,Robin Wilt,26
Monroe,Brighton - 36,U.S. House,25,DEM,Sherita S Traywick,2
Monroe,Brighton - 37,Ballots Cast,,,,116
Monroe,Brighton - 37,Comptroller,,DEM,Drew Warshaw,20
Monroe,Brighton - 37,Comptroller,,DEM,Raj Goyle,8
Monroe,Brighton - 37,Comptroller,,DEM,Thomas P DiNapoli,84
Monroe,Brighton - 37,Comptroller,,,Under Votes,4
Monroe,Brighton - 37,U.S. House,25,DEM,Joseph D Morelle,73
Monroe,Brighton - 37,U.S. House,25,DEM,Robin Wilt,38
Monroe,Brighton - 37,U.S. House,25,DEM,Sherita S Traywick,4
Monroe,Brighton - 37,U.S. House,25,,Under Votes,1
Monroe,Brighton - 38,Ballots Cast,,,,77
Monroe,Brighton - 38,Comptroller,,DEM,Drew Warshaw,4
Monroe,Brighton - 38,Comptroller,,DEM,Raj Goyle,7
Monroe,Brighton - 38,Comptroller,,DEM,Thomas P DiNapoli,61
Monroe,Brighton - 38,Comptroller,,,Under Votes,5
Monroe,Brighton - 38,U.S. House,25,DEM,Joseph D Morelle,61
Monroe,Brighton - 38,U.S. House,25,DEM,Robin Wilt,16
Monroe,Chili - 1,Ballots Cast,,,,128
Monroe,Chili - 1,Comptroller,,DEM,Drew Warshaw,16
Monroe,Chili - 1,Comptroller,,DEM,Raj Goyle,16
Monroe,Chili - 1,Comptroller,,DEM,Thomas P DiNapoli,89
Monroe,Chili - 1,Comptroller,,,Under Votes,7
Monroe,Chili - 1,State Senate,54,DEM,Michael Mills,83
Monroe,Chili - 1,State Senate,54,DEM,Scott Comegys,35
Monroe,Chili - 1,State Senate,54,,Under Votes,10
Monroe,Chili - 1,U.S. House,25,DEM,Joseph D Morelle,79
Monroe,Chili - 1,U.S. House,25,DEM,Robin Wilt,40
Monroe,Chili - 1,U.S. House,25,DEM,Sherita S Traywick,6
Monroe,Chili - 1,U.S. House,25,,Under Votes,3
Monroe,Chili - 2,Ballots Cast,,,,33
Monroe,Chili - 2,Comptroller,,DEM,Drew Warshaw,4
Monroe,Chili - 2,Comptroller,,DEM,Raj Goyle,1
Monroe,Chili - 2,Comptroller,,DEM,Thomas P DiNapoli,26
Monroe,Chili - 2,Comptroller,,,Under Votes,2
Monroe,Chili - 2,State Senate,54,DEM,Michael Mills,20
Monroe,Chili - 2,State Senate,54,DEM,Scott Comegys,11
Monroe,Chili - 2,State Senate,54,,Under Votes,2
Monroe,Chili - 2,U.S. House,25,DEM,Joseph D Morelle,22
Monroe,Chili - 2,U.S. House,25,DEM,Robin Wilt,8
Monroe,Chili - 2,U.S. House,25,DEM,Sherita S Traywick,3
Monroe,Chili - 3,Ballots Cast,,,,51
Monroe,Chili - 3,Comptroller,,DEM,Drew Warshaw,4
Monroe,Chili - 3,Comptroller,,DEM,Raj Goyle,5
Monroe,Chili - 3,Comptroller,,DEM,Thomas P DiNapoli,38
Monroe,Chili - 3,Comptroller,,,Under Votes,4
Monroe,Chili - 3,State Senate,54,DEM,Michael Mills,28
Monroe,Chili - 3,State Senate,54,DEM,Scott Comegys,21
Monroe,Chili - 3,State Senate,54,,Under Votes,2
Monroe,Chili - 3,U.S. House,25,DEM,Joseph D Morelle,36
Monroe,Chili - 3,U.S. House,25,DEM,Robin Wilt,11
Monroe,Chili - 3,U.S. House,25,DEM,Sherita S Traywick,2
Monroe,Chili - 3,U.S. House,25,,Under Votes,2
Monroe,Chili - 4,Ballots Cast,,,,48
Monroe,Chili - 4,Comptroller,,DEM,Drew Warshaw,9
Monroe,Chili - 4,Comptroller,,DEM,Raj Goyle,8
Monroe,Chili - 4,Comptroller,,DEM,Thomas P DiNapoli,27
Monroe,Chili - 4,Comptroller,,,Under Votes,4
Monroe,Chili - 4,State Senate,54,DEM,Michael Mills,18
Monroe,Chili - 4,State Senate,54,DEM,Scott Comegys,27
Monroe,Chili - 4,State Senate,54,,Under Votes,3
Monroe,Chili - 4,U.S. House,25,DEM,Joseph D Morelle,26
Monroe,Chili - 4,U.S. House,25,DEM,Robin Wilt,20
Monroe,Chili - 4,U.S. House,25,DEM,Sherita S Traywick,2
Monroe,Chili - 5,Ballots Cast,,,,92
Monroe,Chili - 5,Comptroller,,DEM,Drew Warshaw,22
Monroe,Chili - 5,Comptroller,,DEM,Raj Goyle,8
Monroe,Chili - 5,Comptroller,,DEM,Thomas P DiNapoli,57
Monroe,Chili - 5,Comptroller,,,Over Votes,1
Monroe,Chili - 5,Comptroller,,,Under Votes,2
Monroe,Chili - 5,State Senate,54,DEM,Michael Mills,40
Monroe,Chili - 5,State Senate,54,DEM,Scott Comegys,46
Monroe,Chili - 5,State Senate,54,,Over Votes,1
Monroe,Chili - 5,State Senate,54,,Under Votes,3
Monroe,Chili - 5,U.S. House,25,DEM,Joseph D Morelle,53
Monroe,Chili - 5,U.S. House,25,DEM,Robin Wilt,32
Monroe,Chili - 5,U.S. House,25,DEM,Sherita S Traywick,6
Monroe,Chili - 5,U.S. House,25,,Over Votes,1
Monroe,Chili - 6,Ballots Cast,,,,38
Monroe,Chili - 6,Comptroller,,DEM,Drew Warshaw,9
Monroe,Chili - 6,Comptroller,,DEM,Raj Goyle,3
Monroe,Chili - 6,Comptroller,,DEM,Thomas P DiNapoli,25
Monroe,Chili - 6,Comptroller,,,Under Votes,1
Monroe,Chili - 6,State Senate,54,DEM,Michael Mills,20
Monroe,Chili - 6,State Senate,54,DEM,Scott Comegys,17
Monroe,Chili - 6,State Senate,54,,Under Votes,1
Monroe,Chili - 6,U.S. House,25,DEM,Joseph D Morelle,23
Monroe,Chili - 6,U.S. House,25,DEM,Robin Wilt,10
Monroe,Chili - 6,U.S. House,25,DEM,Sherita S Traywick,5
Monroe,Chili - 7,Ballots Cast,,,,27
Monroe,Chili - 7,Comptroller,,DEM,Drew Warshaw,4
Monroe,Chili - 7,Comptroller,,DEM,Raj Goyle,2
Monroe,Chili - 7,Comptroller,,DEM,Thomas P DiNapoli,16
Monroe,Chili - 7,Comptroller,,,Over Votes,3
Monroe,Chili - 7,Comptroller,,,Under Votes,2
Monroe,Chili - 7,State Senate,54,DEM,Michael Mills,13
Monroe,Chili - 7,State Senate,54,DEM,Scott Comegys,11
Monroe,Chili - 7,State Senate,54,,Under Votes,3
Monroe,Chili - 7,U.S. House,25,DEM,Joseph D Morelle,20
Monroe,Chili - 7,U.S. House,25,DEM,Robin Wilt,3
Monroe,Chili - 7,U.S. House,25,DEM,Sherita S Traywick,3
Monroe,Chili - 7,U.S. House,25,,Under Votes,1
Monroe,Chili - 8,Ballots Cast,,,,48
Monroe,Chili - 8,Comptroller,,DEM,Drew Warshaw,3
Monroe,Chili - 8,Comptroller,,DEM,Raj Goyle,14
Monroe,Chili - 8,Comptroller,,DEM,Thomas P DiNapoli,31
Monroe,Chili - 8,State Senate,54,DEM,Michael Mills,22
Monroe,Chili - 8,State Senate,54,DEM,Scott Comegys,24
Monroe,Chili - 8,State Senate,54,,Under Votes,2
Monroe,Chili - 8,U.S. House,25,DEM,Joseph D Morelle,27
Monroe,Chili - 8,U.S. House,25,DEM,Robin Wilt,16
Monroe,Chili - 8,U.S. House,25,DEM,Sherita S Traywick,2
Monroe,Chili - 8,U.S. House,25,,Under Votes,3
Monroe,Chili - 9,Ballots Cast,,,,73
Monroe,Chili - 9,Comptroller,,DEM,Drew Warshaw,12
Monroe,Chili - 9,Comptroller,,DEM,Raj Goyle,7
Monroe,Chili - 9,Comptroller,,DEM,Thomas P DiNapoli,52
Monroe,Chili - 9,Comptroller,,,Under Votes,2
Monroe,Chili - 9,State Senate,54,DEM,Michael Mills,52
Monroe,Chili - 9,State Senate,54,DEM,Scott Comegys,16
Monroe,Chili - 9,State Senate,54,DEM,Write-in,1
Monroe,Chili - 9,State Senate,54,,Under Votes,4
Monroe,Chili - 9,U.S. House,25,DEM,Joseph D Morelle,56
Monroe,Chili - 9,U.S. House,25,DEM,Robin Wilt,12
Monroe,Chili - 9,U.S. House,25,DEM,Sherita S Traywick,5
Monroe,Chili - 10,Ballots Cast,,,,34
Monroe,Chili - 10,Comptroller,,DEM,Drew Warshaw,8
Monroe,Chili - 10,Comptroller,,DEM,Raj Goyle,1
Monroe,Chili - 10,Comptroller,,DEM,Thomas P DiNapoli,24
Monroe,Chili - 10,Comptroller,,,Under Votes,1
Monroe,Chili - 10,State Senate,54,DEM,Michael Mills,16
Monroe,Chili - 10,State Senate,54,DEM,Scott Comegys,16
Monroe,Chili - 10,State Senate,54,,Under Votes,2
Monroe,Chili - 10,U.S. House,25,DEM,Joseph D Morelle,23
Monroe,Chili - 10,U.S. House,25,DEM,Robin Wilt,7
Monroe,Chili - 10,U.S. House,25,DEM,Sherita S Traywick,4
Monroe,Chili - 11,Ballots Cast,,,,47
Monroe,Chili - 11,Comptroller,,DEM,Drew Warshaw,7
Monroe,Chili - 11,Comptroller,,DEM,Raj Goyle,6
Monroe,Chili - 11,Comptroller,,DEM,Thomas P DiNapoli,33
Monroe,Chili - 11,Comptroller,,,Under Votes,1
Monroe,Chili - 11,State Senate,54,DEM,Michael Mills,25
Monroe,Chili - 11,State Senate,54,DEM,Scott Comegys,21
Monroe,Chili - 11,State Senate,54,,Under Votes,1
Monroe,Chili - 11,U.S. House,25,DEM,Joseph D Morelle,25
Monroe,Chili - 11,U.S. House,25,DEM,Robin Wilt,17
Monroe,Chili - 11,U.S. House,25,DEM,Sherita S Traywick,5
Monroe,Chili - 12,Ballots Cast,,,,25
Monroe,Chili - 12,Comptroller,,DEM,Drew Warshaw,3
Monroe,Chili - 12,Comptroller,,DEM,Raj Goyle,5
Monroe,Chili - 12,Comptroller,,DEM,Thomas P DiNapoli,16
Monroe,Chili - 12,Comptroller,,,Over Votes,1
Monroe,Chili - 12,State Senate,54,DEM,Michael Mills,16
Monroe,Chili - 12,State Senate,54,DEM,Scott Comegys,8
Monroe,Chili - 12,State Senate,54,DEM,Write-in,1
Monroe,Chili - 12,U.S. House,25,DEM,Joseph D Morelle,15
Monroe,Chili - 12,U.S. House,25,DEM,Robin Wilt,8
Monroe,Chili - 12,U.S. House,25,DEM,Sherita S Traywick,2
Monroe,Chili - 13,Ballots Cast,,,,51
Monroe,Chili - 13,Comptroller,,DEM,Drew Warshaw,10
Monroe,Chili - 13,Comptroller,,DEM,Raj Goyle,6
Monroe,Chili - 13,Comptroller,,DEM,Thomas P DiNapoli,34
Monroe,Chili - 13,Comptroller,,,Under Votes,1
Monroe,Chili - 13,State Senate,54,DEM,Michael Mills,21
Monroe,Chili - 13,State Senate,54,DEM,Scott Comegys,27
Monroe,Chili - 13,State Senate,54,,Under Votes,3
Monroe,Chili - 13,U.S. House,25,DEM,Joseph D Morelle,27
Monroe,Chili - 13,U.S. House,25,DEM,Robin Wilt,21
Monroe,Chili - 13,U.S. House,25,DEM,Sherita S Traywick,3
Monroe,Chili - 14,Ballots Cast,,,,24
Monroe,Chili - 14,Comptroller,,DEM,Drew Warshaw,1
Monroe,Chili - 14,Comptroller,,DEM,Raj Goyle,4
Monroe,Chili - 14,Comptroller,,DEM,Thomas P DiNapoli,19
Monroe,Chili - 14,State Senate,54,DEM,Michael Mills,9
Monroe,Chili - 14,State Senate,54,DEM,Scott Comegys,15
Monroe,Chili - 14,U.S. House,25,DEM,Joseph D Morelle,20
Monroe,Chili - 14,U.S. House,25,DEM,Robin Wilt,4
Monroe,Chili - 15,Ballots Cast,,,,59
Monroe,Chili - 15,Comptroller,,DEM,Drew Warshaw,11
Monroe,Chili - 15,Comptroller,,DEM,Raj Goyle,6
Monroe,Chili - 15,Comptroller,,DEM,Thomas P DiNapoli,42
Monroe,Chili - 15,State Senate,54,DEM,Michael Mills,28
Monroe,Chili - 15,State Senate,54,DEM,Scott Comegys,31
Monroe,Chili - 15,U.S. House,25,DEM,Joseph D Morelle,35
Monroe,Chili - 15,U.S. House,25,DEM,Robin Wilt,19
Monroe,Chili - 15,U.S. House,25,DEM,Sherita S Traywick,4
Monroe,Chili - 15,U.S. House,25,,Under Votes,1
Monroe,Chili - 16,Ballots Cast,,,,52
Monroe,Chili - 16,Comptroller,,DEM,Drew Warshaw,11
Monroe,Chili - 16,Comptroller,,DEM,Raj Goyle,3
Monroe,Chili - 16,Comptroller,,DEM,Thomas P DiNapoli,37
Monroe,Chili - 16,Comptroller,,,Over Votes,1
Monroe,Chili - 16,State Senate,54,DEM,Michael Mills,34
Monroe,Chili - 16,State Senate,54,DEM,Scott Comegys,16
Monroe,Chili - 16,State Senate,54,,Under Votes,2
Monroe,Chili - 16,U.S. House,25,DEM,Joseph D Morelle,34
Monroe,Chili - 16,U.S. House,25,DEM,Robin Wilt,15
Monroe,Chili - 16,U.S. House,25,DEM,Sherita S Traywick,2
Monroe,Chili - 16,U.S. House,25,,Under Votes,1
Monroe,Chili - 17,Ballots Cast,,,,102
Monroe,Chili - 17,Comptroller,,DEM,Drew Warshaw,11
Monroe,Chili - 17,Comptroller,,DEM,Raj Goyle,11
Monroe,Chili - 17,Comptroller,,DEM,Thomas P DiNapoli,77
Monroe,Chili - 17,Comptroller,,,Under Votes,3
Monroe,Chili - 17,State Senate,54,DEM,Michael Mills,63
Monroe,Chili - 17,State Senate,54,DEM,Scott Comegys,35
Monroe,Chili - 17,State Senate,54,,Under Votes,4
Monroe,Chili - 17,U.S. House,25,DEM,Joseph D Morelle,82
Monroe,Chili - 17,U.S. House,25,DEM,Robin Wilt,16
Monroe,Chili - 17,U.S. House,25,DEM,Sherita S Traywick,3
Monroe,Chili - 17,U.S. House,25,,Under Votes,1
Monroe,Chili - 18,Ballots Cast,,,,20
Monroe,Chili - 18,Comptroller,,DEM,Drew Warshaw,10
Monroe,Chili - 18,Comptroller,,DEM,Thomas P DiNapoli,8
Monroe,Chili - 18,Comptroller,,,Under Votes,1
Monroe,Chili - 18,State Senate,54,DEM,Michael Mills,11
Monroe,Chili - 18,State Senate,54,DEM,Scott Comegys,6
Monroe,Chili - 18,State Senate,54,,Under Votes,2
Monroe,Chili - 18,U.S. House,25,DEM,Joseph D Morelle,9
Monroe,Chili - 18,U.S. House,25,DEM,Robin Wilt,9
Monroe,Chili - 18,U.S. House,25,DEM,Sherita S Traywick,2
Monroe,Chili - 19,Ballots Cast,,,,22
Monroe,Chili - 19,Comptroller,,DEM,Drew Warshaw,5
Monroe,Chili - 19,Comptroller,,DEM,Raj Goyle,2
Monroe,Chili - 19,Comptroller,,DEM,Thomas P DiNapoli,13
Monroe,Chili - 19,Comptroller,,,Over Votes,1
Monroe,Chili - 19,Comptroller,,,Under Votes,1
Monroe,Chili - 19,State Senate,54,DEM,Michael Mills,9
Monroe,Chili - 19,State Senate,54,DEM,Scott Comegys,9
Monroe,Chili - 19,State Senate,54,,Over Votes,1
Monroe,Chili - 19,State Senate,54,,Under Votes,3
Monroe,Chili - 19,U.S. House,25,DEM,Joseph D Morelle,12
Monroe,Chili - 19,U.S. House,25,DEM,Robin Wilt,8
Monroe,Chili - 19,U.S. House,25,DEM,Sherita S Traywick,1
Monroe,Chili - 19,U.S. House,25,,Over Votes,1
Monroe,Chili - 20,Ballots Cast,,,,70
Monroe,Chili - 20,Comptroller,,DEM,Drew Warshaw,14
Monroe,Chili - 20,Comptroller,,DEM,Raj Goyle,8
Monroe,Chili - 20,Comptroller,,DEM,Thomas P DiNapoli,45
Monroe,Chili - 20,Comptroller,,DEM,Write-in,1
Monroe,Chili - 20,Comptroller,,,Over Votes,1
Monroe,Chili - 20,Comptroller,,,Under Votes,1
Monroe,Chili - 20,State Senate,54,DEM,Michael Mills,40
Monroe,Chili - 20,State Senate,54,DEM,Scott Comegys,28
Monroe,Chili - 20,State Senate,54,,Over Votes,1
Monroe,Chili - 20,State Senate,54,,Under Votes,1
Monroe,Chili - 20,U.S. House,25,DEM,Joseph D Morelle,37
Monroe,Chili - 20,U.S. House,25,DEM,Robin Wilt,28
Monroe,Chili - 20,U.S. House,25,DEM,Sherita S Traywick,4
Monroe,Chili - 20,U.S. House,25,,Over Votes,1
Monroe,Chili - 21,Ballots Cast,,,,37
Monroe,Chili - 21,Comptroller,,DEM,Drew Warshaw,12
Monroe,Chili - 21,Comptroller,,DEM,Raj Goyle,4
Monroe,Chili - 21,Comptroller,,DEM,Thomas P DiNapoli,18
Monroe,Chili - 21,Comptroller,,,Under Votes,3
Monroe,Chili - 21,State Senate,54,DEM,Michael Mills,17
Monroe,Chili - 21,State Senate,54,DEM,Scott Comegys,18
Monroe,Chili - 21,State Senate,54,,Under Votes,2
Monroe,Chili - 21,U.S. House,25,DEM,Joseph D Morelle,19
Monroe,Chili - 21,U.S. House,25,DEM,Robin Wilt,15
Monroe,Chili - 21,U.S. House,25,DEM,Sherita S Traywick,3
Monroe,Chili - 22,Ballots Cast,,,,65
Monroe,Chili - 22,Comptroller,,DEM,Drew Warshaw,11
Monroe,Chili - 22,Comptroller,,DEM,Raj Goyle,10
Monroe,Chili - 22,Comptroller,,DEM,Thomas P DiNapoli,40
Monroe,Chili - 22,Comptroller,,DEM,Write-in,1
Monroe,Chili - 22,Comptroller,,,Under Votes,3
Monroe,Chili - 22,State Senate,54,DEM,Michael Mills,34
Monroe,Chili - 22,State Senate,54,DEM,Scott Comegys,27
Monroe,Chili - 22,State Senate,54,DEM,Write-in,1
Monroe,Chili - 22,State Senate,54,,Under Votes,3
Monroe,Chili - 22,U.S. House,25,DEM,Joseph D Morelle,37
Monroe,Chili - 22,U.S. House,25,DEM,Robin Wilt,22
Monroe,Chili - 22,U.S. House,25,DEM,Sherita S Traywick,5
Monroe,Chili - 22,U.S. House,25,DEM,Write-in,1
Monroe,Chili - 23,Ballots Cast,,,,33
Monroe,Chili - 23,Comptroller,,DEM,Drew Warshaw,7
Monroe,Chili - 23,Comptroller,,DEM,Raj Goyle,2
Monroe,Chili - 23,Comptroller,,DEM,Thomas P DiNapoli,23
Monroe,Chili - 23,Comptroller,,,Under Votes,1
Monroe,Chili - 23,State Senate,54,DEM,Michael Mills,19
Monroe,Chili - 23,State Senate,54,DEM,Scott Comegys,13
Monroe,Chili - 23,State Senate,54,,Under Votes,1
Monroe,Chili - 23,U.S. House,25,DEM,Joseph D Morelle,28
Monroe,Chili - 23,U.S. House,25,DEM,Robin Wilt,5
Monroe,Chili - 24,Ballots Cast,,,,69
Monroe,Chili - 24,Comptroller,,DEM,Drew Warshaw,14
Monroe,Chili - 24,Comptroller,,DEM,Raj Goyle,13
Monroe,Chili - 24,Comptroller,,DEM,Thomas P DiNapoli,39
Monroe,Chili - 24,Comptroller,,,Over Votes,1
Monroe,Chili - 24,Comptroller,,,Under Votes,2
Monroe,Chili - 24,State Senate,54,DEM,Michael Mills,30
Monroe,Chili - 24,State Senate,54,DEM,Scott Comegys,36
Monroe,Chili - 24,State Senate,54,DEM,Write-in,1
Monroe,Chili - 24,State Senate,54,,Under Votes,2
Monroe,Chili - 24,U.S. House,25,DEM,Joseph D Morelle,34
Monroe,Chili - 24,U.S. House,25,DEM,Robin Wilt,29
Monroe,Chili - 24,U.S. House,25,DEM,Sherita S Traywick,4
Monroe,Chili - 24,U.S. House,25,DEM,Write-in,2
Monroe,Clarkson - 1,Ballots Cast,,,,32
Monroe,Clarkson - 1,Comptroller,,DEM,Drew Warshaw,6
Monroe,Clarkson - 1,Comptroller,,DEM,Raj Goyle,1
Monroe,Clarkson - 1,Comptroller,,DEM,Thomas P DiNapoli,25
Monroe,Clarkson - 1,U.S. House,25,DEM,Joseph D Morelle,23
Monroe,Clarkson - 1,U.S. House,25,DEM,Robin Wilt,7
Monroe,Clarkson - 1,U.S. House,25,DEM,Sherita S Traywick,2
Monroe,Clarkson - 2,Ballots Cast,,,,5
Monroe,Clarkson - 2,Comptroller,,DEM,Thomas P DiNapoli,5
Monroe,Clarkson - 2,U.S. House,25,DEM,Joseph D Morelle,4
Monroe,Clarkson - 2,U.S. House,25,DEM,Sherita S Traywick,1
Monroe,Clarkson - 3,Ballots Cast,,,,25
Monroe,Clarkson - 3,Comptroller,,DEM,Drew Warshaw,1
Monroe,Clarkson - 3,Comptroller,,DEM,Thomas P DiNapoli,24
Monroe,Clarkson - 3,U.S. House,25,DEM,Joseph D Morelle,25
Monroe,Clarkson - 4,Ballots Cast,,,,21
Monroe,Clarkson - 4,Comptroller,,DEM,Drew Warshaw,1
Monroe,Clarkson - 4,Comptroller,,DEM,Raj Goyle,3
Monroe,Clarkson - 4,Comptroller,,DEM,Thomas P DiNapoli,16
Monroe,Clarkson - 4,Comptroller,,,Under Votes,1
Monroe,Clarkson - 4,U.S. House,25,DEM,Joseph D Morelle,16
Monroe,Clarkson - 4,U.S. House,25,DEM,Robin Wilt,4
Monroe,Clarkson - 4,U.S. House,25,DEM,Sherita S Traywick,1
Monroe,Clarkson - 5,Ballots Cast,,,,53
Monroe,Clarkson - 5,Comptroller,,DEM,Drew Warshaw,14
Monroe,Clarkson - 5,Comptroller,,DEM,Raj Goyle,5
Monroe,Clarkson - 5,Comptroller,,DEM,Thomas P DiNapoli,32
Monroe,Clarkson - 5,Comptroller,,,Under Votes,2
Monroe,Clarkson - 5,U.S. House,25,DEM,Joseph D Morelle,29
Monroe,Clarkson - 5,U.S. House,25,DEM,Robin Wilt,19
Monroe,Clarkson - 5,U.S. House,25,DEM,Sherita S Traywick,4
Monroe,Clarkson - 5,U.S. House,25,,Under Votes,1
Monroe,Clarkson - 6,Ballots Cast,,,,20
Monroe,Clarkson - 6,Comptroller,,DEM,Drew Warshaw,1
Monroe,Clarkson - 6,Comptroller,,DEM,Raj Goyle,5
Monroe,Clarkson - 6,Comptroller,,DEM,Thomas P DiNapoli,14
Monroe,Clarkson - 6,U.S. House,25,DEM,Joseph D Morelle,10
Monroe,Clarkson - 6,U.S. House,25,DEM,Robin Wilt,4
Monroe,Clarkson - 6,U.S. House,25,DEM,Sherita S Traywick,6
Monroe,East Rochester - 1,Ballots Cast,,,,31
Monroe,East Rochester - 1,Comptroller,,DEM,Drew Warshaw,6
Monroe,East Rochester - 1,Comptroller,,DEM,Raj Goyle,8
Monroe,East Rochester - 1,Comptroller,,DEM,Thomas P DiNapoli,16
Monroe,East Rochester - 1,Comptroller,,,Under Votes,1
Monroe,East Rochester - 1,U.S. House,25,DEM,Joseph D Morelle,15
Monroe,East Rochester - 1,U.S. House,25,DEM,Robin Wilt,12
Monroe,East Rochester - 1,U.S. House,25,DEM,Sherita S Traywick,4
Monroe,East Rochester - 2,Ballots Cast,,,,68
Monroe,East Rochester - 2,Comptroller,,DEM,Drew Warshaw,9
Monroe,East Rochester - 2,Comptroller,,DEM,Raj Goyle,6
Monroe,East Rochester - 2,Comptroller,,DEM,Thomas P DiNapoli,50
Monroe,East Rochester - 2,Comptroller,,,Over Votes,1
Monroe,East Rochester - 2,Comptroller,,,Under Votes,2
Monroe,East Rochester - 2,U.S. House,25,DEM,Joseph D Morelle,42
Monroe,East Rochester - 2,U.S. House,25,DEM,Robin Wilt,24
Monroe,East Rochester - 2,U.S. House,25,DEM,Sherita S Traywick,1
Monroe,East Rochester - 2,U.S. House,25,,Under Votes,1
Monroe,East Rochester - 3,Ballots Cast,,,,50
Monroe,East Rochester - 3,Comptroller,,DEM,Drew Warshaw,1
Monroe,East Rochester - 3,Comptroller,,DEM,Raj Goyle,6
Monroe,East Rochester - 3,Comptroller,,DEM,Thomas P DiNapoli,40
Monroe,East Rochester - 3,Comptroller,,,Under Votes,1
Monroe,East Rochester - 3,U.S. House,25,DEM,Joseph D Morelle,37
Monroe,East Rochester - 3,U.S. House,25,DEM,Robin Wilt,13
Monroe,East Rochester - 4,Ballots Cast,,,,69
Monroe,East Rochester - 4,Comptroller,,DEM,Drew Warshaw,14
Monroe,East Rochester - 4,Comptroller,,DEM,Raj Goyle,8
Monroe,East Rochester - 4,Comptroller,,DEM,Thomas P DiNapoli,44
Monroe,East Rochester - 4,Comptroller,,,Under Votes,3
Monroe,East Rochester - 4,U.S. House,25,DEM,Joseph D Morelle,34
Monroe,East Rochester - 4,U.S. House,25,DEM,Robin Wilt,34
Monroe,East Rochester - 4,U.S. House,25,,Under Votes,1
Monroe,East Rochester - 5,Ballots Cast,,,,35
Monroe,East Rochester - 5,Comptroller,,DEM,Drew Warshaw,10
Monroe,East Rochester - 5,Comptroller,,DEM,Raj Goyle,7
Monroe,East Rochester - 5,Comptroller,,DEM,Thomas P DiNapoli,17
Monroe,East Rochester - 5,Comptroller,,,Under Votes,1
Monroe,East Rochester - 5,U.S. House,25,DEM,Joseph D Morelle,12
Monroe,East Rochester - 5,U.S. House,25,DEM,Robin Wilt,20
Monroe,East Rochester - 5,U.S. House,25,DEM,Sherita S Traywick,3
Monroe,Gates - 1,Ballots Cast,,,,79
Monroe,Gates - 1,Comptroller,,DEM,Drew Warshaw,19
Monroe,Gates - 1,Comptroller,,DEM,Raj Goyle,12
Monroe,Gates - 1,Comptroller,,DEM,Thomas P DiNapoli,42
Monroe,Gates - 1,Comptroller,,,Under Votes,4
Monroe,Gates - 1,Gates Supervisor,,WOR,Nick Coffee,2
Monroe,Gates - 1,Judicial Delegate - 7th JD 137th AD,,DEM,"Abigail Gonzalez, Jr",45
Monroe,Gates - 1,Judicial Delegate - 7th JD 137th AD,,DEM,Allison G Chefalo,46
Monroe,Gates - 1,Judicial Delegate - 7th JD 137th AD,,DEM,Beatriz B Lebron,45
Monroe,Gates - 1,Judicial Delegate - 7th JD 137th AD,,DEM,Campbell P Roth,34
Monroe,Gates - 1,Judicial Delegate - 7th JD 137th AD,,DEM,Demond L Meeks,58
Monroe,Gates - 1,Judicial Delegate - 7th JD 137th AD,,DEM,Jeremy A Cooney,56
Monroe,Gates - 1,Judicial Delegate - 7th JD 137th AD,,DEM,Katelyn Plonczynski,37
Monroe,Gates - 1,Judicial Delegate - 7th JD 137th AD,,DEM,Ricky G Frazier,35
Monroe,Gates - 1,Judicial Delegate - 7th JD 137th AD,,DEM,Rose E Bonnick,50
Monroe,Gates - 1,Judicial Delegate - 7th JD 137th AD,,,Under Votes,210
Monroe,Gates - 1,State Assembly,137,DEM,Demond L Meeks,49
Monroe,Gates - 1,State Assembly,137,DEM,Mercedes Vazquez-Simmons,25
Monroe,Gates - 1,State Assembly,137,,Under Votes,3
Monroe,Gates - 1,State Committee,137-Female,DEM,Mercedes Vazquez-Simmons,48
Monroe,Gates - 1,State Committee,137-Female,DEM,Rose E Bonnick,23
Monroe,Gates - 1,State Committee,137-Female,,Under Votes,6
Monroe,Gates - 1,State Committee,137-Male,DEM,"Clifford A Florence, Jr",9
Monroe,Gates - 1,State Committee,137-Male,DEM,Demond L Meeks,62
Monroe,Gates - 1,State Committee,137-Male,,Under Votes,6
Monroe,Gates - 1,U.S. House,25,DEM,Joseph D Morelle,40
Monroe,Gates - 1,U.S. House,25,DEM,Robin Wilt,30
Monroe,Gates - 1,U.S. House,25,DEM,Sherita S Traywick,6
Monroe,Gates - 1,U.S. House,25,,Under Votes,1
Monroe,Gates - 2,Ballots Cast,,,,67
Monroe,Gates - 2,Comptroller,,DEM,Drew Warshaw,11
Monroe,Gates - 2,Comptroller,,DEM,Raj Goyle,3
Monroe,Gates - 2,Comptroller,,DEM,Thomas P DiNapoli,49
Monroe,Gates - 2,Comptroller,,,Under Votes,4
Monroe,Gates - 2,Judicial Delegate - 7th JD 137th AD,,DEM,"Abigail Gonzalez, Jr",43
Monroe,Gates - 2,Judicial Delegate - 7th JD 137th AD,,DEM,Allison G Chefalo,36
Monroe,Gates - 2,Judicial Delegate - 7th JD 137th AD,,DEM,Beatriz B Lebron,38
Monroe,Gates - 2,Judicial Delegate - 7th JD 137th AD,,DEM,Campbell P Roth,34
Monroe,Gates - 2,Judicial Delegate - 7th JD 137th AD,,DEM,Demond L Meeks,54
Monroe,Gates - 2,Judicial Delegate - 7th JD 137th AD,,DEM,Jeremy A Cooney,52
Monroe,Gates - 2,Judicial Delegate - 7th JD 137th AD,,DEM,Katelyn Plonczynski,20
Monroe,Gates - 2,Judicial Delegate - 7th JD 137th AD,,DEM,Ricky G Frazier,43
Monroe,Gates - 2,Judicial Delegate - 7th JD 137th AD,,DEM,Rose E Bonnick,51
Monroe,Gates - 2,Judicial Delegate - 7th JD 137th AD,,,Under Votes,165
Monroe,Gates - 2,State Assembly,137,DEM,Demond L Meeks,47
Monroe,Gates - 2,State Assembly,137,DEM,Mercedes Vazquez-Simmons,18
Monroe,Gates - 2,State Assembly,137,,Under Votes,2
Monroe,Gates - 2,State Committee,137-Female,DEM,Mercedes Vazquez-Simmons,36
Monroe,Gates - 2,State Committee,137-Female,DEM,Rose E Bonnick,29
Monroe,Gates - 2,State Committee,137-Female,,Under Votes,2
Monroe,Gates - 2,State Committee,137-Male,DEM,"Clifford A Florence, Jr",15
Monroe,Gates - 2,State Committee,137-Male,DEM,Demond L Meeks,46
Monroe,Gates - 2,State Committee,137-Male,,Under Votes,6
Monroe,Gates - 2,U.S. House,25,DEM,Joseph D Morelle,41
Monroe,Gates - 2,U.S. House,25,DEM,Robin Wilt,18
Monroe,Gates - 2,U.S. House,25,DEM,Sherita S Traywick,8
Monroe,Gates - 3,Ballots Cast,,,,33
Monroe,Gates - 3,Comptroller,,DEM,Drew Warshaw,4
Monroe,Gates - 3,Comptroller,,DEM,Raj Goyle,5
Monroe,Gates - 3,Comptroller,,DEM,Thomas P DiNapoli,22
Monroe,Gates - 3,Comptroller,,,Under Votes,1
Monroe,Gates - 3,Gates Supervisor,,WOR,Nick Coffee,1
Monroe,Gates - 3,Judicial Delegate - 7th JD 137th AD,,DEM,"Abigail Gonzalez, Jr",16
Monroe,Gates - 3,Judicial Delegate - 7th JD 137th AD,,DEM,Allison G Chefalo,16
Monroe,Gates - 3,Judicial Delegate - 7th JD 137th AD,,DEM,Beatriz B Lebron,14
Monroe,Gates - 3,Judicial Delegate - 7th JD 137th AD,,DEM,Campbell P Roth,11
Monroe,Gates - 3,Judicial Delegate - 7th JD 137th AD,,DEM,Demond L Meeks,29
Monroe,Gates - 3,Judicial Delegate - 7th JD 137th AD,,DEM,Jeremy A Cooney,25
Monroe,Gates - 3,Judicial Delegate - 7th JD 137th AD,,DEM,Katelyn Plonczynski,9
Monroe,Gates - 3,Judicial Delegate - 7th JD 137th AD,,DEM,Ricky G Frazier,17
Monroe,Gates - 3,Judicial Delegate - 7th JD 137th AD,,DEM,Rose E Bonnick,23
Monroe,Gates - 3,Judicial Delegate - 7th JD 137th AD,,,Under Votes,96
Monroe,Gates - 3,State Assembly,137,DEM,Demond L Meeks,27
Monroe,Gates - 3,State Assembly,137,DEM,Mercedes Vazquez-Simmons,4
Monroe,Gates - 3,State Assembly,137,,Over Votes,1
Monroe,Gates - 3,State Committee,137-Female,DEM,Mercedes Vazquez-Simmons,19
Monroe,Gates - 3,State Committee,137-Female,DEM,Rose E Bonnick,10
Monroe,Gates - 3,State Committee,137-Female,,Under Votes,3
Monroe,Gates - 3,State Committee,137-Male,DEM,"Clifford A Florence, Jr",4
Monroe,Gates - 3,State Committee,137-Male,DEM,Demond L Meeks,27
Monroe,Gates - 3,State Committee,137-Male,,Under Votes,1
Monroe,Gates - 3,U.S. House,25,DEM,Joseph D Morelle,20
Monroe,Gates - 3,U.S. House,25,DEM,Robin Wilt,6
Monroe,Gates - 3,U.S. House,25,DEM,Sherita S Traywick,4
Monroe,Gates - 3,U.S. House,25,,Under Votes,2
Monroe,Gates - 4,Ballots Cast,,,,66
Monroe,Gates - 4,Comptroller,,DEM,Drew Warshaw,8
Monroe,Gates - 4,Comptroller,,DEM,Raj Goyle,7
Monroe,Gates - 4,Comptroller,,DEM,Thomas P DiNapoli,45
Monroe,Gates - 4,Comptroller,,,Under Votes,6
Monroe,Gates - 4,Judicial Delegate - 7th JD 137th AD,,DEM,"Abigail Gonzalez, Jr",35
Monroe,Gates - 4,Judicial Delegate - 7th JD 137th AD,,DEM,Allison G Chefalo,33
Monroe,Gates - 4,Judicial Delegate - 7th JD 137th AD,,DEM,Beatriz B Lebron,35
Monroe,Gates - 4,Judicial Delegate - 7th JD 137th AD,,DEM,Campbell P Roth,30
Monroe,Gates - 4,Judicial Delegate - 7th JD 137th AD,,DEM,Demond L Meeks,53
Monroe,Gates - 4,Judicial Delegate - 7th JD 137th AD,,DEM,Jeremy A Cooney,45
Monroe,Gates - 4,Judicial Delegate - 7th JD 137th AD,,DEM,Katelyn Plonczynski,27
Monroe,Gates - 4,Judicial Delegate - 7th JD 137th AD,,DEM,Ricky G Frazier,41
Monroe,Gates - 4,Judicial Delegate - 7th JD 137th AD,,DEM,Rose E Bonnick,39
Monroe,Gates - 4,Judicial Delegate - 7th JD 137th AD,,,Under Votes,190
Monroe,Gates - 4,State Assembly,137,DEM,Demond L Meeks,55
Monroe,Gates - 4,State Assembly,137,DEM,Mercedes Vazquez-Simmons,10
Monroe,Gates - 4,State Assembly,137,,Under Votes,1
Monroe,Gates - 4,State Committee,137-Female,DEM,Mercedes Vazquez-Simmons,32
Monroe,Gates - 4,State Committee,137-Female,DEM,Rose E Bonnick,24
Monroe,Gates - 4,State Committee,137-Female,,Under Votes,10
Monroe,Gates - 4,State Committee,137-Male,DEM,"Clifford A Florence, Jr",8
Monroe,Gates - 4,State Committee,137-Male,DEM,Demond L Meeks,55
Monroe,Gates - 4,State Committee,137-Male,,Under Votes,3
Monroe,Gates - 4,U.S. House,25,DEM,Joseph D Morelle,39
Monroe,Gates - 4,U.S. House,25,DEM,Robin Wilt,21
Monroe,Gates - 4,U.S. House,25,DEM,Sherita S Traywick,2
Monroe,Gates - 4,U.S. House,25,,Under Votes,4
Monroe,Gates - 5,Ballots Cast,,,,85
Monroe,Gates - 5,Comptroller,,DEM,Drew Warshaw,15
Monroe,Gates - 5,Comptroller,,DEM,Raj Goyle,7
Monroe,Gates - 5,Comptroller,,DEM,Thomas P DiNapoli,56
Monroe,Gates - 5,Comptroller,,,Under Votes,7
Monroe,Gates - 5,Judicial Delegate - 7th JD 137th AD,,DEM,"Abigail Gonzalez, Jr",60
Monroe,Gates - 5,Judicial Delegate - 7th JD 137th AD,,DEM,Allison G Chefalo,51
Monroe,Gates - 5,Judicial Delegate - 7th JD 137th AD,,DEM,Beatriz B Lebron,52
Monroe,Gates - 5,Judicial Delegate - 7th JD 137th AD,,DEM,Campbell P Roth,43
Monroe,Gates - 5,Judicial Delegate - 7th JD 137th AD,,DEM,Demond L Meeks,71
Monroe,Gates - 5,Judicial Delegate - 7th JD 137th AD,,DEM,Jeremy A Cooney,69
Monroe,Gates - 5,Judicial Delegate - 7th JD 137th AD,,DEM,Katelyn Plonczynski,39
Monroe,Gates - 5,Judicial Delegate - 7th JD 137th AD,,DEM,Ricky G Frazier,50
Monroe,Gates - 5,Judicial Delegate - 7th JD 137th AD,,DEM,Rose E Bonnick,59
Monroe,Gates - 5,Judicial Delegate - 7th JD 137th AD,,,Under Votes,186
Monroe,Gates - 5,State Assembly,137,DEM,Demond L Meeks,72
Monroe,Gates - 5,State Assembly,137,DEM,Mercedes Vazquez-Simmons,12
Monroe,Gates - 5,State Assembly,137,,Under Votes,1
Monroe,Gates - 5,State Committee,137-Female,DEM,Mercedes Vazquez-Simmons,56
Monroe,Gates - 5,State Committee,137-Female,DEM,Rose E Bonnick,23
Monroe,Gates - 5,State Committee,137-Female,,Under Votes,6
Monroe,Gates - 5,State Committee,137-Male,DEM,"Clifford A Florence, Jr",8
Monroe,Gates - 5,State Committee,137-Male,DEM,Demond L Meeks,75
Monroe,Gates - 5,State Committee,137-Male,,Under Votes,2
Monroe,Gates - 5,U.S. House,25,DEM,Joseph D Morelle,51
Monroe,Gates - 5,U.S. House,25,DEM,Robin Wilt,25
Monroe,Gates - 5,U.S. House,25,DEM,Sherita S Traywick,7
Monroe,Gates - 5,U.S. House,25,,Under Votes,2
Monroe,Gates - 6,Ballots Cast,,,,49
Monroe,Gates - 6,Comptroller,,DEM,Drew Warshaw,3
Monroe,Gates - 6,Comptroller,,DEM,Raj Goyle,5
Monroe,Gates - 6,Comptroller,,DEM,Thomas P DiNapoli,37
Monroe,Gates - 6,Comptroller,,,Under Votes,3
Monroe,Gates - 6,Judicial Delegate - 7th JD 137th AD,,DEM,"Abigail Gonzalez, Jr",26
Monroe,Gates - 6,Judicial Delegate - 7th JD 137th AD,,DEM,Allison G Chefalo,27
Monroe,Gates - 6,Judicial Delegate - 7th JD 137th AD,,DEM,Beatriz B Lebron,20
Monroe,Gates - 6,Judicial Delegate - 7th JD 137th AD,,DEM,Campbell P Roth,19
Monroe,Gates - 6,Judicial Delegate - 7th JD 137th AD,,DEM,Demond L Meeks,39
Monroe,Gates - 6,Judicial Delegate - 7th JD 137th AD,,DEM,Jeremy A Cooney,32
Monroe,Gates - 6,Judicial Delegate - 7th JD 137th AD,,DEM,Katelyn Plonczynski,20
Monroe,Gates - 6,Judicial Delegate - 7th JD 137th AD,,DEM,Ricky G Frazier,20
Monroe,Gates - 6,Judicial Delegate - 7th JD 137th AD,,DEM,Rose E Bonnick,31
Monroe,Gates - 6,Judicial Delegate - 7th JD 137th AD,,,Under Votes,150
Monroe,Gates - 6,State Assembly,137,DEM,Demond L Meeks,36
Monroe,Gates - 6,State Assembly,137,DEM,Mercedes Vazquez-Simmons,12
Monroe,Gates - 6,State Committee,137-Female,DEM,Mercedes Vazquez-Simmons,29
Monroe,Gates - 6,State Committee,137-Female,DEM,Rose E Bonnick,14
Monroe,Gates - 6,State Committee,137-Female,,Under Votes,5
Monroe,Gates - 6,State Committee,137-Male,DEM,"Clifford A Florence, Jr",4
Monroe,Gates - 6,State Committee,137-Male,DEM,Demond L Meeks,43
Monroe,Gates - 6,State Committee,137-Male,,Under Votes,1
Monroe,Gates - 6,U.S. House,25,DEM,Joseph D Morelle,33
Monroe,Gates - 6,U.S. House,25,DEM,Robin Wilt,11
Monroe,Gates - 6,U.S. House,25,DEM,Sherita S Traywick,4
Monroe,Gates - 6,U.S. House,25,,Under Votes,1
Monroe,Gates - 7,Ballots Cast,,,,63
Monroe,Gates - 7,Comptroller,,DEM,Drew Warshaw,4
Monroe,Gates - 7,Comptroller,,DEM,Raj Goyle,1
Monroe,Gates - 7,Comptroller,,DEM,Thomas P DiNapoli,51
Monroe,Gates - 7,Comptroller,,,Under Votes,7
Monroe,Gates - 7,Judicial Delegate - 7th JD 137th AD,,DEM,"Abigail Gonzalez, Jr",31
Monroe,Gates - 7,Judicial Delegate - 7th JD 137th AD,,DEM,Allison G Chefalo,31
Monroe,Gates - 7,Judicial Delegate - 7th JD 137th AD,,DEM,Beatriz B Lebron,32
Monroe,Gates - 7,Judicial Delegate - 7th JD 137th AD,,DEM,Campbell P Roth,23
Monroe,Gates - 7,Judicial Delegate - 7th JD 137th AD,,DEM,Demond L Meeks,48
Monroe,Gates - 7,Judicial Delegate - 7th JD 137th AD,,DEM,Jeremy A Cooney,45
Monroe,Gates - 7,Judicial Delegate - 7th JD 137th AD,,DEM,Katelyn Plonczynski,27
Monroe,Gates - 7,Judicial Delegate - 7th JD 137th AD,,DEM,Ricky G Frazier,31
Monroe,Gates - 7,Judicial Delegate - 7th JD 137th AD,,DEM,Rose E Bonnick,34
Monroe,Gates - 7,Judicial Delegate - 7th JD 137th AD,,,Under Votes,202
Monroe,Gates - 7,State Assembly,137,DEM,Demond L Meeks,38
Monroe,Gates - 7,State Assembly,137,DEM,Mercedes Vazquez-Simmons,23
Monroe,Gates - 7,State Assembly,137,,Under Votes,2
Monroe,Gates - 7,State Committee,137-Female,DEM,Mercedes Vazquez-Simmons,47
Monroe,Gates - 7,State Committee,137-Female,DEM,Rose E Bonnick,11
Monroe,Gates - 7,State Committee,137-Female,,Under Votes,5
Monroe,Gates - 7,State Committee,137-Male,DEM,"Clifford A Florence, Jr",6
Monroe,Gates - 7,State Committee,137-Male,DEM,Demond L Meeks,47
Monroe,Gates - 7,State Committee,137-Male,,Under Votes,10
Monroe,Gates - 7,U.S. House,25,DEM,Joseph D Morelle,49
Monroe,Gates - 7,U.S. House,25,DEM,Robin Wilt,8
Monroe,Gates - 7,U.S. House,25,DEM,Sherita S Traywick,3
Monroe,Gates - 7,U.S. House,25,,Under Votes,3
Monroe,Gates - 8,Ballots Cast,,,,19
Monroe,Gates - 8,Comptroller,,DEM,Drew Warshaw,3
Monroe,Gates - 8,Comptroller,,DEM,Raj Goyle,1
Monroe,Gates - 8,Comptroller,,DEM,Thomas P DiNapoli,13
Monroe,Gates - 8,Comptroller,,,Under Votes,1
Monroe,Gates - 8,Gates Supervisor,,WOR,Nick Coffee,1
Monroe,Gates - 8,Judicial Delegate - 7th JD 137th AD,,DEM,"Abigail Gonzalez, Jr",10
Monroe,Gates - 8,Judicial Delegate - 7th JD 137th AD,,DEM,Allison G Chefalo,10
Monroe,Gates - 8,Judicial Delegate - 7th JD 137th AD,,DEM,Beatriz B Lebron,9
Monroe,Gates - 8,Judicial Delegate - 7th JD 137th AD,,DEM,Campbell P Roth,7
Monroe,Gates - 8,Judicial Delegate - 7th JD 137th AD,,DEM,Demond L Meeks,18
Monroe,Gates - 8,Judicial Delegate - 7th JD 137th AD,,DEM,Jeremy A Cooney,14
Monroe,Gates - 8,Judicial Delegate - 7th JD 137th AD,,DEM,Katelyn Plonczynski,6
Monroe,Gates - 8,Judicial Delegate - 7th JD 137th AD,,DEM,Ricky G Frazier,9
Monroe,Gates - 8,Judicial Delegate - 7th JD 137th AD,,DEM,Rose E Bonnick,10
Monroe,Gates - 8,Judicial Delegate - 7th JD 137th AD,,,Under Votes,51
Monroe,Gates - 8,State Assembly,137,DEM,Demond L Meeks,15
Monroe,Gates - 8,State Assembly,137,DEM,Mercedes Vazquez-Simmons,3
Monroe,Gates - 8,State Committee,137-Female,DEM,Mercedes Vazquez-Simmons,10
Monroe,Gates - 8,State Committee,137-Female,DEM,Rose E Bonnick,6
Monroe,Gates - 8,State Committee,137-Female,,Under Votes,2
Monroe,Gates - 8,State Committee,137-Male,DEM,"Clifford A Florence, Jr",2
Monroe,Gates - 8,State Committee,137-Male,DEM,Demond L Meeks,16
Monroe,Gates - 8,U.S. House,25,DEM,Joseph D Morelle,9
Monroe,Gates - 8,U.S. House,25,DEM,Robin Wilt,9
Monroe,Gates - 9,Ballots Cast,,,,44
Monroe,Gates - 9,Comptroller,,DEM,Drew Warshaw,3
Monroe,Gates - 9,Comptroller,,DEM,Raj Goyle,4
Monroe,Gates - 9,Comptroller,,DEM,Thomas P DiNapoli,35
Monroe,Gates - 9,Comptroller,,,Under Votes,2
Monroe,Gates - 9,Judicial Delegate - 7th JD 137th AD,,DEM,"Abigail Gonzalez, Jr",23
Monroe,Gates - 9,Judicial Delegate - 7th JD 137th AD,,DEM,Allison G Chefalo,17
Monroe,Gates - 9,Judicial Delegate - 7th JD 137th AD,,DEM,Beatriz B Lebron,24
Monroe,Gates - 9,Judicial Delegate - 7th JD 137th AD,,DEM,Campbell P Roth,16
Monroe,Gates - 9,Judicial Delegate - 7th JD 137th AD,,DEM,Demond L Meeks,35
Monroe,Gates - 9,Judicial Delegate - 7th JD 137th AD,,DEM,Jeremy A Cooney,35
Monroe,Gates - 9,Judicial Delegate - 7th JD 137th AD,,DEM,Katelyn Plonczynski,14
Monroe,Gates - 9,Judicial Delegate - 7th JD 137th AD,,DEM,Ricky G Frazier,20
Monroe,Gates - 9,Judicial Delegate - 7th JD 137th AD,,DEM,Rose E Bonnick,26
Monroe,Gates - 9,Judicial Delegate - 7th JD 137th AD,,,Under Votes,142
Monroe,Gates - 9,State Assembly,137,DEM,Demond L Meeks,37
Monroe,Gates - 9,State Assembly,137,DEM,Mercedes Vazquez-Simmons,6
Monroe,Gates - 9,State Assembly,137,,Under Votes,1
Monroe,Gates - 9,State Committee,137-Female,DEM,Mercedes Vazquez-Simmons,24
Monroe,Gates - 9,State Committee,137-Female,DEM,Rose E Bonnick,16
Monroe,Gates - 9,State Committee,137-Female,,Under Votes,4
Monroe,Gates - 9,State Committee,137-Male,DEM,"Clifford A Florence, Jr",4
Monroe,Gates - 9,State Committee,137-Male,DEM,Demond L Meeks,35
Monroe,Gates - 9,State Committee,137-Male,,Under Votes,5
Monroe,Gates - 9,U.S. House,25,DEM,Joseph D Morelle,34
Monroe,Gates - 9,U.S. House,25,DEM,Robin Wilt,9
Monroe,Gates - 9,U.S. House,25,DEM,Sherita S Traywick,1
Monroe,Gates - 10,Ballots Cast,,,,81
Monroe,Gates - 10,Comptroller,,DEM,Drew Warshaw,9
Monroe,Gates - 10,Comptroller,,DEM,Raj Goyle,6
Monroe,Gates - 10,Comptroller,,DEM,Thomas P DiNapoli,57
Monroe,Gates - 10,Comptroller,,,Under Votes,8
Monroe,Gates - 10,Gates Supervisor,,WOR,Nick Coffee,1
Monroe,Gates - 10,Judicial Delegate - 7th JD 137th AD,,DEM,"Abigail Gonzalez, Jr",34
Monroe,Gates - 10,Judicial Delegate - 7th JD 137th AD,,DEM,Allison G Chefalo,32
Monroe,Gates - 10,Judicial Delegate - 7th JD 137th AD,,DEM,Beatriz B Lebron,42
Monroe,Gates - 10,Judicial Delegate - 7th JD 137th AD,,DEM,Campbell P Roth,34
Monroe,Gates - 10,Judicial Delegate - 7th JD 137th AD,,DEM,Demond L Meeks,58
Monroe,Gates - 10,Judicial Delegate - 7th JD 137th AD,,DEM,Jeremy A Cooney,69
Monroe,Gates - 10,Judicial Delegate - 7th JD 137th AD,,DEM,Katelyn Plonczynski,26
Monroe,Gates - 10,Judicial Delegate - 7th JD 137th AD,,DEM,Ricky G Frazier,36
Monroe,Gates - 10,Judicial Delegate - 7th JD 137th AD,,DEM,Rose E Bonnick,44
Monroe,Gates - 10,Judicial Delegate - 7th JD 137th AD,,,Under Votes,265
Monroe,Gates - 10,State Assembly,137,DEM,Demond L Meeks,67
Monroe,Gates - 10,State Assembly,137,DEM,Mercedes Vazquez-Simmons,9
Monroe,Gates - 10,State Assembly,137,,Under Votes,4
Monroe,Gates - 10,State Committee,137-Female,DEM,Mercedes Vazquez-Simmons,45
Monroe,Gates - 10,State Committee,137-Female,DEM,Rose E Bonnick,25
Monroe,Gates - 10,State Committee,137-Female,,Under Votes,10
Monroe,Gates - 10,State Committee,137-Male,DEM,"Clifford A Florence, Jr",7
Monroe,Gates - 10,State Committee,137-Male,DEM,Demond L Meeks,64
Monroe,Gates - 10,State Committee,137-Male,,Under Votes,9
Monroe,Gates - 10,U.S. House,25,DEM,Joseph D Morelle,55
Monroe,Gates - 10,U.S. House,25,DEM,Robin Wilt,15
Monroe,Gates - 10,U.S. House,25,DEM,Sherita S Traywick,6
Monroe,Gates - 10,U.S. House,25,,Under Votes,4
Monroe,Gates - 11,Ballots Cast,,,,69
Monroe,Gates - 11,Comptroller,,DEM,Drew Warshaw,11
Monroe,Gates - 11,Comptroller,,DEM,Raj Goyle,10
Monroe,Gates - 11,Comptroller,,DEM,Thomas P DiNapoli,41
Monroe,Gates - 11,Comptroller,,,Under Votes,4
Monroe,Gates - 11,Gates Supervisor,,WOR,Nick Coffee,1
Monroe,Gates - 11,Judicial Delegate - 7th JD 137th AD,,DEM,"Abigail Gonzalez, Jr",34
Monroe,Gates - 11,Judicial Delegate - 7th JD 137th AD,,DEM,Allison G Chefalo,31
Monroe,Gates - 11,Judicial Delegate - 7th JD 137th AD,,DEM,Beatriz B Lebron,33
Monroe,Gates - 11,Judicial Delegate - 7th JD 137th AD,,DEM,Campbell P Roth,27
Monroe,Gates - 11,Judicial Delegate - 7th JD 137th AD,,DEM,Demond L Meeks,52
Monroe,Gates - 11,Judicial Delegate - 7th JD 137th AD,,DEM,Jeremy A Cooney,44
Monroe,Gates - 11,Judicial Delegate - 7th JD 137th AD,,DEM,Katelyn Plonczynski,24
Monroe,Gates - 11,Judicial Delegate - 7th JD 137th AD,,DEM,Ricky G Frazier,26
Monroe,Gates - 11,Judicial Delegate - 7th JD 137th AD,,DEM,Rose E Bonnick,39
Monroe,Gates - 11,Judicial Delegate - 7th JD 137th AD,,,Under Votes,218
Monroe,Gates - 11,State Assembly,137,DEM,Demond L Meeks,49
Monroe,Gates - 11,State Assembly,137,DEM,Mercedes Vazquez-Simmons,17
Monroe,Gates - 11,State Committee,137-Female,DEM,Mercedes Vazquez-Simmons,36
Monroe,Gates - 11,State Committee,137-Female,DEM,Rose E Bonnick,23
Monroe,Gates - 11,State Committee,137-Female,,Under Votes,7
Monroe,Gates - 11,State Committee,137-Male,DEM,"Clifford A Florence, Jr",10
Monroe,Gates - 11,State Committee,137-Male,DEM,Demond L Meeks,52
Monroe,Gates - 11,State Committee,137-Male,,Under Votes,4
Monroe,Gates - 11,U.S. House,25,DEM,Joseph D Morelle,41
Monroe,Gates - 11,U.S. House,25,DEM,Robin Wilt,18
Monroe,Gates - 11,U.S. House,25,DEM,Sherita S Traywick,9
Monroe,Gates - 12,Ballots Cast,,,,23
Monroe,Gates - 12,Comptroller,,DEM,Drew Warshaw,3
Monroe,Gates - 12,Comptroller,,DEM,Thomas P DiNapoli,18
Monroe,Gates - 12,Comptroller,,,Under Votes,1
Monroe,Gates - 12,Gates Supervisor,,WOR,Nick Coffee,1
Monroe,Gates - 12,Judicial Delegate - 7th JD 137th AD,,DEM,"Abigail Gonzalez, Jr",11
Monroe,Gates - 12,Judicial Delegate - 7th JD 137th AD,,DEM,Allison G Chefalo,12
Monroe,Gates - 12,Judicial Delegate - 7th JD 137th AD,,DEM,Beatriz B Lebron,8
Monroe,Gates - 12,Judicial Delegate - 7th JD 137th AD,,DEM,Campbell P Roth,9
Monroe,Gates - 12,Judicial Delegate - 7th JD 137th AD,,DEM,Demond L Meeks,17
Monroe,Gates - 12,Judicial Delegate - 7th JD 137th AD,,DEM,Jeremy A Cooney,15
Monroe,Gates - 12,Judicial Delegate - 7th JD 137th AD,,DEM,Katelyn Plonczynski,8
Monroe,Gates - 12,Judicial Delegate - 7th JD 137th AD,,DEM,Ricky G Frazier,12
Monroe,Gates - 12,Judicial Delegate - 7th JD 137th AD,,DEM,Rose E Bonnick,12
Monroe,Gates - 12,Judicial Delegate - 7th JD 137th AD,,,Under Votes,72
Monroe,Gates - 12,State Assembly,137,DEM,Demond L Meeks,17
Monroe,Gates - 12,State Assembly,137,DEM,Mercedes Vazquez-Simmons,5
Monroe,Gates - 12,State Committee,137-Female,DEM,Mercedes Vazquez-Simmons,15
Monroe,Gates - 12,State Committee,137-Female,DEM,Rose E Bonnick,6
Monroe,Gates - 12,State Committee,137-Female,,Under Votes,1
Monroe,Gates - 12,State Committee,137-Male,DEM,"Clifford A Florence, Jr",5
Monroe,Gates - 12,State Committee,137-Male,DEM,Demond L Meeks,16
Monroe,Gates - 12,State Committee,137-Male,,Under Votes,1
Monroe,Gates - 12,U.S. House,25,DEM,Joseph D Morelle,14
Monroe,Gates - 12,U.S. House,25,DEM,Robin Wilt,6
Monroe,Gates - 12,U.S. House,25,DEM,Sherita S Traywick,2
Monroe,Gates - 13,Ballots Cast,,,,31
Monroe,Gates - 13,Comptroller,,DEM,Drew Warshaw,2
Monroe,Gates - 13,Comptroller,,DEM,Raj Goyle,3
Monroe,Gates - 13,Comptroller,,DEM,Thomas P DiNapoli,24
Monroe,Gates - 13,Comptroller,,,Over Votes,1
Monroe,Gates - 13,Comptroller,,,Under Votes,1
Monroe,Gates - 13,Judicial Delegate - 7th JD 137th AD,,DEM,"Abigail Gonzalez, Jr",18
Monroe,Gates - 13,Judicial Delegate - 7th JD 137th AD,,DEM,Allison G Chefalo,16
Monroe,Gates - 13,Judicial Delegate - 7th JD 137th AD,,DEM,Beatriz B Lebron,18
Monroe,Gates - 13,Judicial Delegate - 7th JD 137th AD,,DEM,Campbell P Roth,13
Monroe,Gates - 13,Judicial Delegate - 7th JD 137th AD,,DEM,Demond L Meeks,27
Monroe,Gates - 13,Judicial Delegate - 7th JD 137th AD,,DEM,Jeremy A Cooney,26
Monroe,Gates - 13,Judicial Delegate - 7th JD 137th AD,,DEM,Katelyn Plonczynski,12
Monroe,Gates - 13,Judicial Delegate - 7th JD 137th AD,,DEM,Ricky G Frazier,13
Monroe,Gates - 13,Judicial Delegate - 7th JD 137th AD,,DEM,Rose E Bonnick,25
Monroe,Gates - 13,Judicial Delegate - 7th JD 137th AD,,,Under Votes,80
Monroe,Gates - 13,State Assembly,137,DEM,Demond L Meeks,25
Monroe,Gates - 13,State Assembly,137,DEM,Mercedes Vazquez-Simmons,5
Monroe,Gates - 13,State Assembly,137,,Under Votes,1
Monroe,Gates - 13,State Committee,137-Female,DEM,Mercedes Vazquez-Simmons,16
Monroe,Gates - 13,State Committee,137-Female,DEM,Rose E Bonnick,14
Monroe,Gates - 13,State Committee,137-Female,,Under Votes,1
Monroe,Gates - 13,State Committee,137-Male,DEM,"Clifford A Florence, Jr",7
Monroe,Gates - 13,State Committee,137-Male,DEM,Demond L Meeks,23
Monroe,Gates - 13,State Committee,137-Male,,Under Votes,1
Monroe,Gates - 13,U.S. House,25,DEM,Joseph D Morelle,23
Monroe,Gates - 13,U.S. House,25,DEM,Robin Wilt,8
Monroe,Gates - 14,Ballots Cast,,,,76
Monroe,Gates - 14,Comptroller,,DEM,Drew Warshaw,7
Monroe,Gates - 14,Comptroller,,DEM,Raj Goyle,6
Monroe,Gates - 14,Comptroller,,DEM,Thomas P DiNapoli,52
Monroe,Gates - 14,Comptroller,,,Under Votes,9
Monroe,Gates - 14,Gates Supervisor,,WOR,Silvano D Orsi,2
Monroe,Gates - 14,Judicial Delegate - 7th JD 137th AD,,DEM,"Abigail Gonzalez, Jr",40
Monroe,Gates - 14,Judicial Delegate - 7th JD 137th AD,,DEM,Allison G Chefalo,36
Monroe,Gates - 14,Judicial Delegate - 7th JD 137th AD,,DEM,Beatriz B Lebron,39
Monroe,Gates - 14,Judicial Delegate - 7th JD 137th AD,,DEM,Campbell P Roth,23
Monroe,Gates - 14,Judicial Delegate - 7th JD 137th AD,,DEM,Demond L Meeks,63
Monroe,Gates - 14,Judicial Delegate - 7th JD 137th AD,,DEM,Jeremy A Cooney,56
Monroe,Gates - 14,Judicial Delegate - 7th JD 137th AD,,DEM,Katelyn Plonczynski,35
Monroe,Gates - 14,Judicial Delegate - 7th JD 137th AD,,DEM,Ricky G Frazier,41
Monroe,Gates - 14,Judicial Delegate - 7th JD 137th AD,,DEM,Rose E Bonnick,46
Monroe,Gates - 14,Judicial Delegate - 7th JD 137th AD,,DEM,Write-in,1
Monroe,Gates - 14,Judicial Delegate - 7th JD 137th AD,,,Under Votes,212
Monroe,Gates - 14,State Assembly,137,DEM,Demond L Meeks,61
Monroe,Gates - 14,State Assembly,137,DEM,Mercedes Vazquez-Simmons,12
Monroe,Gates - 14,State Assembly,137,,Under Votes,1
Monroe,Gates - 14,State Committee,137-Female,DEM,Mercedes Vazquez-Simmons,43
Monroe,Gates - 14,State Committee,137-Female,DEM,Rose E Bonnick,23
Monroe,Gates - 14,State Committee,137-Female,,Under Votes,8
Monroe,Gates - 14,State Committee,137-Male,DEM,"Clifford A Florence, Jr",9
Monroe,Gates - 14,State Committee,137-Male,DEM,Demond L Meeks,59
Monroe,Gates - 14,State Committee,137-Male,,Under Votes,6
Monroe,Gates - 14,U.S. House,25,DEM,Joseph D Morelle,48
Monroe,Gates - 14,U.S. House,25,DEM,Robin Wilt,18
Monroe,Gates - 14,U.S. House,25,DEM,Sherita S Traywick,7
Monroe,Gates - 14,U.S. House,25,,Under Votes,1
Monroe,Gates - 15,Ballots Cast,,,,61
Monroe,Gates - 15,Comptroller,,DEM,Drew Warshaw,6
Monroe,Gates - 15,Comptroller,,DEM,Raj Goyle,6
Monroe,Gates - 15,Comptroller,,DEM,Thomas P DiNapoli,43
Monroe,Gates - 15,Comptroller,,,Under Votes,6
Monroe,Gates - 15,Judicial Delegate - 7th JD 137th AD,,DEM,"Abigail Gonzalez, Jr",40
Monroe,Gates - 15,Judicial Delegate - 7th JD 137th AD,,DEM,Allison G Chefalo,32
Monroe,Gates - 15,Judicial Delegate - 7th JD 137th AD,,DEM,Beatriz B Lebron,38
Monroe,Gates - 15,Judicial Delegate - 7th JD 137th AD,,DEM,Campbell P Roth,30
Monroe,Gates - 15,Judicial Delegate - 7th JD 137th AD,,DEM,Demond L Meeks,49
Monroe,Gates - 15,Judicial Delegate - 7th JD 137th AD,,DEM,Jeremy A Cooney,47
Monroe,Gates - 15,Judicial Delegate - 7th JD 137th AD,,DEM,Katelyn Plonczynski,25
Monroe,Gates - 15,Judicial Delegate - 7th JD 137th AD,,DEM,Ricky G Frazier,28
Monroe,Gates - 15,Judicial Delegate - 7th JD 137th AD,,DEM,Rose E Bonnick,48
Monroe,Gates - 15,Judicial Delegate - 7th JD 137th AD,,,Under Votes,151
Monroe,Gates - 15,State Assembly,137,DEM,Demond L Meeks,45
Monroe,Gates - 15,State Assembly,137,DEM,Mercedes Vazquez-Simmons,16
Monroe,Gates - 15,State Committee,137-Female,DEM,Mercedes Vazquez-Simmons,40
Monroe,Gates - 15,State Committee,137-Female,DEM,Rose E Bonnick,16
Monroe,Gates - 15,State Committee,137-Female,,Under Votes,5
Monroe,Gates - 15,State Committee,137-Male,DEM,"Clifford A Florence, Jr",5
Monroe,Gates - 15,State Committee,137-Male,DEM,Demond L Meeks,52
Monroe,Gates - 15,State Committee,137-Male,,Under Votes,4
Monroe,Gates - 15,U.S. House,25,DEM,Joseph D Morelle,44
Monroe,Gates - 15,U.S. House,25,DEM,Robin Wilt,13
Monroe,Gates - 15,U.S. House,25,DEM,Sherita S Traywick,3
Monroe,Gates - 15,U.S. House,25,,Under Votes,1
Monroe,Gates - 16,Ballots Cast,,,,40
Monroe,Gates - 16,Comptroller,,DEM,Drew Warshaw,1
Monroe,Gates - 16,Comptroller,,DEM,Raj Goyle,2
Monroe,Gates - 16,Comptroller,,DEM,Thomas P DiNapoli,35
Monroe,Gates - 16,Comptroller,,,Under Votes,2
Monroe,Gates - 16,Judicial Delegate - 7th JD 137th AD,,DEM,"Abigail Gonzalez, Jr",21
Monroe,Gates - 16,Judicial Delegate - 7th JD 137th AD,,DEM,Allison G Chefalo,17
Monroe,Gates - 16,Judicial Delegate - 7th JD 137th AD,,DEM,Beatriz B Lebron,19
Monroe,Gates - 16,Judicial Delegate - 7th JD 137th AD,,DEM,Campbell P Roth,18
Monroe,Gates - 16,Judicial Delegate - 7th JD 137th AD,,DEM,Demond L Meeks,34
Monroe,Gates - 16,Judicial Delegate - 7th JD 137th AD,,DEM,Jeremy A Cooney,36
Monroe,Gates - 16,Judicial Delegate - 7th JD 137th AD,,DEM,Katelyn Plonczynski,9
Monroe,Gates - 16,Judicial Delegate - 7th JD 137th AD,,DEM,Ricky G Frazier,21
Monroe,Gates - 16,Judicial Delegate - 7th JD 137th AD,,DEM,Rose E Bonnick,27
Monroe,Gates - 16,Judicial Delegate - 7th JD 137th AD,,,Under Votes,118
Monroe,Gates - 16,State Assembly,137,DEM,Demond L Meeks,36
Monroe,Gates - 16,State Assembly,137,DEM,Mercedes Vazquez-Simmons,3
Monroe,Gates - 16,State Assembly,137,,Under Votes,1
Monroe,Gates - 16,State Committee,137-Female,DEM,Mercedes Vazquez-Simmons,16
Monroe,Gates - 16,State Committee,137-Female,DEM,Rose E Bonnick,18
Monroe,Gates - 16,State Committee,137-Female,,Under Votes,6
Monroe,Gates - 16,State Committee,137-Male,DEM,"Clifford A Florence, Jr",4
Monroe,Gates - 16,State Committee,137-Male,DEM,Demond L Meeks,32
Monroe,Gates - 16,State Committee,137-Male,,Over Votes,1
Monroe,Gates - 16,State Committee,137-Male,,Under Votes,3
Monroe,Gates - 16,U.S. House,25,DEM,Joseph D Morelle,32
Monroe,Gates - 16,U.S. House,25,DEM,Robin Wilt,6
Monroe,Gates - 16,U.S. House,25,DEM,Sherita S Traywick,2
Monroe,Gates - 17,Ballots Cast,,,,29
Monroe,Gates - 17,Comptroller,,DEM,Drew Warshaw,4
Monroe,Gates - 17,Comptroller,,DEM,Raj Goyle,3
Monroe,Gates - 17,Comptroller,,DEM,Thomas P DiNapoli,18
Monroe,Gates - 17,Comptroller,,,Under Votes,4
Monroe,Gates - 17,Judicial Delegate - 7th JD 137th AD,,DEM,"Abigail Gonzalez, Jr",13
Monroe,Gates - 17,Judicial Delegate - 7th JD 137th AD,,DEM,Allison G Chefalo,13
Monroe,Gates - 17,Judicial Delegate - 7th JD 137th AD,,DEM,Beatriz B Lebron,15
Monroe,Gates - 17,Judicial Delegate - 7th JD 137th AD,,DEM,Campbell P Roth,12
Monroe,Gates - 17,Judicial Delegate - 7th JD 137th AD,,DEM,Demond L Meeks,23
Monroe,Gates - 17,Judicial Delegate - 7th JD 137th AD,,DEM,Jeremy A Cooney,22
Monroe,Gates - 17,Judicial Delegate - 7th JD 137th AD,,DEM,Katelyn Plonczynski,12
Monroe,Gates - 17,Judicial Delegate - 7th JD 137th AD,,DEM,Ricky G Frazier,14
Monroe,Gates - 17,Judicial Delegate - 7th JD 137th AD,,DEM,Rose E Bonnick,17
Monroe,Gates - 17,Judicial Delegate - 7th JD 137th AD,,,Under Votes,91
Monroe,Gates - 17,State Assembly,137,DEM,Demond L Meeks,21
Monroe,Gates - 17,State Assembly,137,DEM,Mercedes Vazquez-Simmons,7
Monroe,Gates - 17,State Assembly,137,,Under Votes,1
Monroe,Gates - 17,State Committee,137-Female,DEM,Mercedes Vazquez-Simmons,19
Monroe,Gates - 17,State Committee,137-Female,DEM,Rose E Bonnick,6
Monroe,Gates - 17,State Committee,137-Female,,Under Votes,4
Monroe,Gates - 17,State Committee,137-Male,DEM,"Clifford A Florence, Jr",3
Monroe,Gates - 17,State Committee,137-Male,DEM,Demond L Meeks,24
Monroe,Gates - 17,State Committee,137-Male,,Under Votes,2
Monroe,Gates - 17,U.S. House,25,DEM,Joseph D Morelle,16
Monroe,Gates - 17,U.S. House,25,DEM,Robin Wilt,8
Monroe,Gates - 17,U.S. House,25,DEM,Sherita S Traywick,3
Monroe,Gates - 17,U.S. House,25,,Under Votes,2
Monroe,Gates - 18,Ballots Cast,,,,27
Monroe,Gates - 18,Comptroller,,DEM,Drew Warshaw,2
Monroe,Gates - 18,Comptroller,,DEM,Raj Goyle,3
Monroe,Gates - 18,Comptroller,,DEM,Thomas P DiNapoli,20
Monroe,Gates - 18,Comptroller,,,Under Votes,1
Monroe,Gates - 18,Gates Supervisor,,WOR,Nick Coffee,1
Monroe,Gates - 18,Judicial Delegate - 7th JD 137th AD,,DEM,"Abigail Gonzalez, Jr",14
Monroe,Gates - 18,Judicial Delegate - 7th JD 137th AD,,DEM,Allison G Chefalo,14
Monroe,Gates - 18,Judicial Delegate - 7th JD 137th AD,,DEM,Beatriz B Lebron,17
Monroe,Gates - 18,Judicial Delegate - 7th JD 137th AD,,DEM,Campbell P Roth,13
Monroe,Gates - 18,Judicial Delegate - 7th JD 137th AD,,DEM,Demond L Meeks,19
Monroe,Gates - 18,Judicial Delegate - 7th JD 137th AD,,DEM,Jeremy A Cooney,18
Monroe,Gates - 18,Judicial Delegate - 7th JD 137th AD,,DEM,Katelyn Plonczynski,10
Monroe,Gates - 18,Judicial Delegate - 7th JD 137th AD,,DEM,Ricky G Frazier,18
Monroe,Gates - 18,Judicial Delegate - 7th JD 137th AD,,DEM,Rose E Bonnick,21
Monroe,Gates - 18,Judicial Delegate - 7th JD 137th AD,,,Under Votes,64
Monroe,Gates - 18,State Assembly,137,DEM,Demond L Meeks,18
Monroe,Gates - 18,State Assembly,137,DEM,Mercedes Vazquez-Simmons,8
Monroe,Gates - 18,State Committee,137-Female,DEM,Mercedes Vazquez-Simmons,18
Monroe,Gates - 18,State Committee,137-Female,DEM,Rose E Bonnick,7
Monroe,Gates - 18,State Committee,137-Female,,Under Votes,1
Monroe,Gates - 18,State Committee,137-Male,DEM,"Clifford A Florence, Jr",6
Monroe,Gates - 18,State Committee,137-Male,DEM,Demond L Meeks,19
Monroe,Gates - 18,State Committee,137-Male,,Under Votes,1
Monroe,Gates - 18,U.S. House,25,DEM,Joseph D Morelle,19
Monroe,Gates - 18,U.S. House,25,DEM,Robin Wilt,4
Monroe,Gates - 18,U.S. House,25,DEM,Sherita S Traywick,3
Monroe,Gates - 19,Ballots Cast,,,,66
Monroe,Gates - 19,Comptroller,,DEM,Drew Warshaw,6
Monroe,Gates - 19,Comptroller,,DEM,Raj Goyle,8
Monroe,Gates - 19,Comptroller,,DEM,Thomas P DiNapoli,45
Monroe,Gates - 19,Comptroller,,,Under Votes,4
Monroe,Gates - 19,Gates Supervisor,,WOR,Nick Coffee,2
Monroe,Gates - 19,Judicial Delegate - 7th JD 137th AD,,DEM,"Abigail Gonzalez, Jr",37
Monroe,Gates - 19,Judicial Delegate - 7th JD 137th AD,,DEM,Allison G Chefalo,35
Monroe,Gates - 19,Judicial Delegate - 7th JD 137th AD,,DEM,Beatriz B Lebron,34
Monroe,Gates - 19,Judicial Delegate - 7th JD 137th AD,,DEM,Campbell P Roth,28
Monroe,Gates - 19,Judicial Delegate - 7th JD 137th AD,,DEM,Demond L Meeks,52
Monroe,Gates - 19,Judicial Delegate - 7th JD 137th AD,,DEM,Jeremy A Cooney,51
Monroe,Gates - 19,Judicial Delegate - 7th JD 137th AD,,DEM,Katelyn Plonczynski,26
Monroe,Gates - 19,Judicial Delegate - 7th JD 137th AD,,DEM,Ricky G Frazier,29
Monroe,Gates - 19,Judicial Delegate - 7th JD 137th AD,,DEM,Rose E Bonnick,40
Monroe,Gates - 19,Judicial Delegate - 7th JD 137th AD,,DEM,Write-in,1
Monroe,Gates - 19,Judicial Delegate - 7th JD 137th AD,,,Under Votes,171
Monroe,Gates - 19,State Assembly,137,DEM,Demond L Meeks,48
Monroe,Gates - 19,State Assembly,137,DEM,Mercedes Vazquez-Simmons,13
Monroe,Gates - 19,State Assembly,137,,Under Votes,2
Monroe,Gates - 19,State Committee,137-Female,DEM,Mercedes Vazquez-Simmons,39
Monroe,Gates - 19,State Committee,137-Female,DEM,Rose E Bonnick,17
Monroe,Gates - 19,State Committee,137-Female,,Under Votes,7
Monroe,Gates - 19,State Committee,137-Male,DEM,"Clifford A Florence, Jr",8
Monroe,Gates - 19,State Committee,137-Male,DEM,Demond L Meeks,52
Monroe,Gates - 19,State Committee,137-Male,,Under Votes,3
Monroe,Gates - 19,U.S. House,25,DEM,Joseph D Morelle,38
Monroe,Gates - 19,U.S. House,25,DEM,Robin Wilt,18
Monroe,Gates - 19,U.S. House,25,DEM,Sherita S Traywick,7
Monroe,Gates - 19,U.S. House,25,,Under Votes,1
Monroe,Gates - 20,Ballots Cast,,,,53
Monroe,Gates - 20,Comptroller,,DEM,Drew Warshaw,7
Monroe,Gates - 20,Comptroller,,DEM,Raj Goyle,7
Monroe,Gates - 20,Comptroller,,DEM,Thomas P DiNapoli,33
Monroe,Gates - 20,Comptroller,,,Over Votes,1
Monroe,Gates - 20,Comptroller,,,Under Votes,5
Monroe,Gates - 20,Judicial Delegate - 7th JD 137th AD,,DEM,"Abigail Gonzalez, Jr",29
Monroe,Gates - 20,Judicial Delegate - 7th JD 137th AD,,DEM,Allison G Chefalo,24
Monroe,Gates - 20,Judicial Delegate - 7th JD 137th AD,,DEM,Beatriz B Lebron,26
Monroe,Gates - 20,Judicial Delegate - 7th JD 137th AD,,DEM,Campbell P Roth,21
Monroe,Gates - 20,Judicial Delegate - 7th JD 137th AD,,DEM,Demond L Meeks,46
Monroe,Gates - 20,Judicial Delegate - 7th JD 137th AD,,DEM,Jeremy A Cooney,43
Monroe,Gates - 20,Judicial Delegate - 7th JD 137th AD,,DEM,Katelyn Plonczynski,24
Monroe,Gates - 20,Judicial Delegate - 7th JD 137th AD,,DEM,Ricky G Frazier,26
Monroe,Gates - 20,Judicial Delegate - 7th JD 137th AD,,DEM,Rose E Bonnick,33
Monroe,Gates - 20,Judicial Delegate - 7th JD 137th AD,,,Under Votes,152
Monroe,Gates - 20,State Assembly,137,DEM,Demond L Meeks,35
Monroe,Gates - 20,State Assembly,137,DEM,Mercedes Vazquez-Simmons,18
Monroe,Gates - 20,State Committee,137-Female,DEM,Mercedes Vazquez-Simmons,41
Monroe,Gates - 20,State Committee,137-Female,DEM,Rose E Bonnick,11
Monroe,Gates - 20,State Committee,137-Female,,Under Votes,1
Monroe,Gates - 20,State Committee,137-Male,DEM,"Clifford A Florence, Jr",6
Monroe,Gates - 20,State Committee,137-Male,DEM,Demond L Meeks,46
Monroe,Gates - 20,State Committee,137-Male,,Under Votes,1
Monroe,Gates - 20,U.S. House,25,DEM,Joseph D Morelle,37
Monroe,Gates - 20,U.S. House,25,DEM,Robin Wilt,14
Monroe,Gates - 20,U.S. House,25,DEM,Sherita S Traywick,2
Monroe,Gates - 21,Ballots Cast,,,,24
Monroe,Gates - 21,Comptroller,,DEM,Drew Warshaw,3
Monroe,Gates - 21,Comptroller,,DEM,Raj Goyle,1
Monroe,Gates - 21,Comptroller,,DEM,Thomas P DiNapoli,18
Monroe,Gates - 21,Comptroller,,,Under Votes,2
Monroe,Gates - 21,Judicial Delegate - 7th JD 137th AD,,DEM,"Abigail Gonzalez, Jr",12
Monroe,Gates - 21,Judicial Delegate - 7th JD 137th AD,,DEM,Allison G Chefalo,11
Monroe,Gates - 21,Judicial Delegate - 7th JD 137th AD,,DEM,Beatriz B Lebron,11
Monroe,Gates - 21,Judicial Delegate - 7th JD 137th AD,,DEM,Campbell P Roth,11
Monroe,Gates - 21,Judicial Delegate - 7th JD 137th AD,,DEM,Demond L Meeks,16
Monroe,Gates - 21,Judicial Delegate - 7th JD 137th AD,,DEM,Jeremy A Cooney,16
Monroe,Gates - 21,Judicial Delegate - 7th JD 137th AD,,DEM,Katelyn Plonczynski,6
Monroe,Gates - 21,Judicial Delegate - 7th JD 137th AD,,DEM,Ricky G Frazier,15
Monroe,Gates - 21,Judicial Delegate - 7th JD 137th AD,,DEM,Rose E Bonnick,16
Monroe,Gates - 21,Judicial Delegate - 7th JD 137th AD,,,Under Votes,78
Monroe,Gates - 21,State Assembly,137,DEM,Demond L Meeks,18
Monroe,Gates - 21,State Assembly,137,DEM,Mercedes Vazquez-Simmons,3
Monroe,Gates - 21,State Assembly,137,,Under Votes,3
Monroe,Gates - 21,State Committee,137-Female,DEM,Mercedes Vazquez-Simmons,13
Monroe,Gates - 21,State Committee,137-Female,DEM,Rose E Bonnick,7
Monroe,Gates - 21,State Committee,137-Female,DEM,Write-in,1
Monroe,Gates - 21,State Committee,137-Female,,Under Votes,3
Monroe,Gates - 21,State Committee,137-Male,DEM,"Clifford A Florence, Jr",4
Monroe,Gates - 21,State Committee,137-Male,DEM,Demond L Meeks,19
Monroe,Gates - 21,State Committee,137-Male,,Under Votes,1
Monroe,Gates - 21,U.S. House,25,DEM,Joseph D Morelle,18
Monroe,Gates - 21,U.S. House,25,DEM,Robin Wilt,5
Monroe,Gates - 21,U.S. House,25,DEM,Sherita S Traywick,1
Monroe,Gates - 22,Ballots Cast,,,,24
Monroe,Gates - 22,Comptroller,,DEM,Drew Warshaw,2
Monroe,Gates - 22,Comptroller,,DEM,Raj Goyle,3
Monroe,Gates - 22,Comptroller,,DEM,Thomas P DiNapoli,16
Monroe,Gates - 22,Comptroller,,,Under Votes,2
Monroe,Gates - 22,Gates Supervisor,,WOR,Nick Coffee,1
Monroe,Gates - 22,Judicial Delegate - 7th JD 137th AD,,DEM,"Abigail Gonzalez, Jr",12
Monroe,Gates - 22,Judicial Delegate - 7th JD 137th AD,,DEM,Allison G Chefalo,10
Monroe,Gates - 22,Judicial Delegate - 7th JD 137th AD,,DEM,Beatriz B Lebron,13
Monroe,Gates - 22,Judicial Delegate - 7th JD 137th AD,,DEM,Campbell P Roth,10
Monroe,Gates - 22,Judicial Delegate - 7th JD 137th AD,,DEM,Demond L Meeks,21
Monroe,Gates - 22,Judicial Delegate - 7th JD 137th AD,,DEM,Jeremy A Cooney,19
Monroe,Gates - 22,Judicial Delegate - 7th JD 137th AD,,DEM,Katelyn Plonczynski,6
Monroe,Gates - 22,Judicial Delegate - 7th JD 137th AD,,DEM,Ricky G Frazier,12
Monroe,Gates - 22,Judicial Delegate - 7th JD 137th AD,,DEM,Rose E Bonnick,14
Monroe,Gates - 22,Judicial Delegate - 7th JD 137th AD,,,Under Votes,67
Monroe,Gates - 22,State Assembly,137,DEM,Demond L Meeks,20
Monroe,Gates - 22,State Assembly,137,DEM,Mercedes Vazquez-Simmons,2
Monroe,Gates - 22,State Assembly,137,,Under Votes,1
Monroe,Gates - 22,State Committee,137-Female,DEM,Mercedes Vazquez-Simmons,13
Monroe,Gates - 22,State Committee,137-Female,DEM,Rose E Bonnick,8
Monroe,Gates - 22,State Committee,137-Female,,Under Votes,2
Monroe,Gates - 22,State Committee,137-Male,DEM,"Clifford A Florence, Jr",1
Monroe,Gates - 22,State Committee,137-Male,DEM,Demond L Meeks,20
Monroe,Gates - 22,State Committee,137-Male,,Under Votes,2
Monroe,Gates - 22,U.S. House,25,DEM,Joseph D Morelle,15
Monroe,Gates - 22,U.S. House,25,DEM,Robin Wilt,4
Monroe,Gates - 22,U.S. House,25,DEM,Sherita S Traywick,4
Monroe,Gates - 23,Ballots Cast,,,,31
Monroe,Gates - 23,Comptroller,,DEM,Drew Warshaw,2
Monroe,Gates - 23,Comptroller,,DEM,Raj Goyle,1
Monroe,Gates - 23,Comptroller,,DEM,Thomas P DiNapoli,25
Monroe,Gates - 23,Comptroller,,,Under Votes,2
Monroe,Gates - 23,Gates Supervisor,,WOR,Nick Coffee,1
Monroe,Gates - 23,Judicial Delegate - 7th JD 137th AD,,DEM,"Abigail Gonzalez, Jr",18
Monroe,Gates - 23,Judicial Delegate - 7th JD 137th AD,,DEM,Allison G Chefalo,15
Monroe,Gates - 23,Judicial Delegate - 7th JD 137th AD,,DEM,Beatriz B Lebron,15
Monroe,Gates - 23,Judicial Delegate - 7th JD 137th AD,,DEM,Campbell P Roth,18
Monroe,Gates - 23,Judicial Delegate - 7th JD 137th AD,,DEM,Demond L Meeks,21
Monroe,Gates - 23,Judicial Delegate - 7th JD 137th AD,,DEM,Jeremy A Cooney,15
Monroe,Gates - 23,Judicial Delegate - 7th JD 137th AD,,DEM,Katelyn Plonczynski,15
Monroe,Gates - 23,Judicial Delegate - 7th JD 137th AD,,DEM,Ricky G Frazier,18
Monroe,Gates - 23,Judicial Delegate - 7th JD 137th AD,,DEM,Rose E Bonnick,20
Monroe,Gates - 23,Judicial Delegate - 7th JD 137th AD,,,Under Votes,85
Monroe,Gates - 23,State Assembly,137,DEM,Demond L Meeks,17
Monroe,Gates - 23,State Assembly,137,DEM,Mercedes Vazquez-Simmons,13
Monroe,Gates - 23,State Committee,137-Female,DEM,Mercedes Vazquez-Simmons,17
Monroe,Gates - 23,State Committee,137-Female,DEM,Rose E Bonnick,10
Monroe,Gates - 23,State Committee,137-Female,,Under Votes,3
Monroe,Gates - 23,State Committee,137-Male,DEM,"Clifford A Florence, Jr",9
Monroe,Gates - 23,State Committee,137-Male,DEM,Demond L Meeks,20
Monroe,Gates - 23,State Committee,137-Male,,Under Votes,1
Monroe,Gates - 23,U.S. House,25,DEM,Joseph D Morelle,18
Monroe,Gates - 23,U.S. House,25,DEM,Robin Wilt,5
Monroe,Gates - 23,U.S. House,25,DEM,Sherita S Traywick,5
Monroe,Gates - 23,U.S. House,25,,Under Votes,2
Monroe,Gates - 24,Ballots Cast,,,,75
Monroe,Gates - 24,Comptroller,,DEM,Drew Warshaw,5
Monroe,Gates - 24,Comptroller,,DEM,Raj Goyle,5
Monroe,Gates - 24,Comptroller,,DEM,Thomas P DiNapoli,58
Monroe,Gates - 24,Comptroller,,DEM,Write-in,1
Monroe,Gates - 24,Comptroller,,,Over Votes,2
Monroe,Gates - 24,Comptroller,,,Under Votes,3
Monroe,Gates - 24,Gates Supervisor,,WOR,Nick Coffee,1
Monroe,Gates - 24,Judicial Delegate - 7th JD 137th AD,,DEM,"Abigail Gonzalez, Jr",40
Monroe,Gates - 24,Judicial Delegate - 7th JD 137th AD,,DEM,Allison G Chefalo,35
Monroe,Gates - 24,Judicial Delegate - 7th JD 137th AD,,DEM,Beatriz B Lebron,35
Monroe,Gates - 24,Judicial Delegate - 7th JD 137th AD,,DEM,Campbell P Roth,28
Monroe,Gates - 24,Judicial Delegate - 7th JD 137th AD,,DEM,Demond L Meeks,47
Monroe,Gates - 24,Judicial Delegate - 7th JD 137th AD,,DEM,Jeremy A Cooney,51
Monroe,Gates - 24,Judicial Delegate - 7th JD 137th AD,,DEM,Katelyn Plonczynski,28
Monroe,Gates - 24,Judicial Delegate - 7th JD 137th AD,,DEM,Ricky G Frazier,37
Monroe,Gates - 24,Judicial Delegate - 7th JD 137th AD,,DEM,Rose E Bonnick,45
Monroe,Gates - 24,Judicial Delegate - 7th JD 137th AD,,,Under Votes,246
Monroe,Gates - 24,State Assembly,137,DEM,Demond L Meeks,53
Monroe,Gates - 24,State Assembly,137,DEM,Mercedes Vazquez-Simmons,17
Monroe,Gates - 24,State Assembly,137,,Over Votes,1
Monroe,Gates - 24,State Assembly,137,,Under Votes,3
Monroe,Gates - 24,State Committee,137-Female,DEM,Mercedes Vazquez-Simmons,35
Monroe,Gates - 24,State Committee,137-Female,DEM,Rose E Bonnick,29
Monroe,Gates - 24,State Committee,137-Female,,Over Votes,1
Monroe,Gates - 24,State Committee,137-Female,,Under Votes,9
Monroe,Gates - 24,State Committee,137-Male,DEM,"Clifford A Florence, Jr",16
Monroe,Gates - 24,State Committee,137-Male,DEM,Demond L Meeks,53
Monroe,Gates - 24,State Committee,137-Male,,Under Votes,5
Monroe,Gates - 24,U.S. House,25,DEM,Joseph D Morelle,49
Monroe,Gates - 24,U.S. House,25,DEM,Robin Wilt,16
Monroe,Gates - 24,U.S. House,25,DEM,Sherita S Traywick,5
Monroe,Gates - 24,U.S. House,25,,Over Votes,1
Monroe,Gates - 24,U.S. House,25,,Under Votes,3
Monroe,Greece - 1,Ballots Cast,,,,27
Monroe,Greece - 1,Comptroller,,DEM,Drew Warshaw,5
Monroe,Greece - 1,Comptroller,,DEM,Raj Goyle,3
Monroe,Greece - 1,Comptroller,,DEM,Thomas P DiNapoli,17
Monroe,Greece - 1,Comptroller,,,Over Votes,1
Monroe,Greece - 1,Comptroller,,,Under Votes,1
Monroe,Greece - 1,U.S. House,25,DEM,Joseph D Morelle,23
Monroe,Greece - 1,U.S. House,25,DEM,Robin Wilt,2
Monroe,Greece - 1,U.S. House,25,,Over Votes,1
Monroe,Greece - 1,U.S. House,25,,Under Votes,1
Monroe,Greece - 2,Ballots Cast,,,,26
Monroe,Greece - 2,Comptroller,,DEM,Raj Goyle,1
Monroe,Greece - 2,Comptroller,,DEM,Thomas P DiNapoli,24
Monroe,Greece - 2,Comptroller,,,Under Votes,1
Monroe,Greece - 2,U.S. House,25,DEM,Joseph D Morelle,23
Monroe,Greece - 2,U.S. House,25,DEM,Robin Wilt,3
Monroe,Greece - 3,Ballots Cast,,,,28
Monroe,Greece - 3,Comptroller,,DEM,Drew Warshaw,2
Monroe,Greece - 3,Comptroller,,DEM,Raj Goyle,2
Monroe,Greece - 3,Comptroller,,DEM,Thomas P DiNapoli,24
Monroe,Greece - 3,U.S. House,25,DEM,Joseph D Morelle,19
Monroe,Greece - 3,U.S. House,25,DEM,Robin Wilt,6
Monroe,Greece - 3,U.S. House,25,DEM,Sherita S Traywick,3
Monroe,Greece - 4,Ballots Cast,,,,27
Monroe,Greece - 4,Comptroller,,DEM,Drew Warshaw,5
Monroe,Greece - 4,Comptroller,,DEM,Raj Goyle,3
Monroe,Greece - 4,Comptroller,,DEM,Thomas P DiNapoli,18
Monroe,Greece - 4,Comptroller,,,Under Votes,1
Monroe,Greece - 4,U.S. House,25,DEM,Joseph D Morelle,17
Monroe,Greece - 4,U.S. House,25,DEM,Robin Wilt,6
Monroe,Greece - 4,U.S. House,25,DEM,Sherita S Traywick,3
Monroe,Greece - 4,U.S. House,25,,Under Votes,1
Monroe,Greece - 5,Ballots Cast,,,,85
Monroe,Greece - 5,Comptroller,,DEM,Drew Warshaw,9
Monroe,Greece - 5,Comptroller,,DEM,Raj Goyle,15
Monroe,Greece - 5,Comptroller,,DEM,Thomas P DiNapoli,57
Monroe,Greece - 5,Comptroller,,,Under Votes,4
Monroe,Greece - 5,U.S. House,25,DEM,Joseph D Morelle,51
Monroe,Greece - 5,U.S. House,25,DEM,Robin Wilt,25
Monroe,Greece - 5,U.S. House,25,DEM,Sherita S Traywick,9
Monroe,Greece - 6,Ballots Cast,,,,57
Monroe,Greece - 6,Comptroller,,DEM,Drew Warshaw,6
Monroe,Greece - 6,Comptroller,,DEM,Raj Goyle,6
Monroe,Greece - 6,Comptroller,,DEM,Thomas P DiNapoli,44
Monroe,Greece - 6,Comptroller,,,Over Votes,1
Monroe,Greece - 6,U.S. House,25,DEM,Joseph D Morelle,34
Monroe,Greece - 6,U.S. House,25,DEM,Robin Wilt,20
Monroe,Greece - 6,U.S. House,25,DEM,Sherita S Traywick,1
Monroe,Greece - 6,U.S. House,25,,Over Votes,1
Monroe,Greece - 6,U.S. House,25,,Under Votes,1
Monroe,Greece - 7,Ballots Cast,,,,31
Monroe,Greece - 7,Comptroller,,DEM,Drew Warshaw,5
Monroe,Greece - 7,Comptroller,,DEM,Raj Goyle,4
Monroe,Greece - 7,Comptroller,,DEM,Thomas P DiNapoli,21
Monroe,Greece - 7,Comptroller,,,Under Votes,1
Monroe,Greece - 7,U.S. House,25,DEM,Joseph D Morelle,20
Monroe,Greece - 7,U.S. House,25,DEM,Robin Wilt,9
Monroe,Greece - 7,U.S. House,25,DEM,Sherita S Traywick,2
Monroe,Greece - 8,Ballots Cast,,,,29
Monroe,Greece - 8,Comptroller,,DEM,Raj Goyle,6
Monroe,Greece - 8,Comptroller,,DEM,Thomas P DiNapoli,19
Monroe,Greece - 8,Comptroller,,,Under Votes,4
Monroe,Greece - 8,U.S. House,25,DEM,Joseph D Morelle,17
Monroe,Greece - 8,U.S. House,25,DEM,Robin Wilt,7
Monroe,Greece - 8,U.S. House,25,DEM,Sherita S Traywick,5
Monroe,Greece - 9,Ballots Cast,,,,36
Monroe,Greece - 9,Comptroller,,DEM,Drew Warshaw,11
Monroe,Greece - 9,Comptroller,,DEM,Raj Goyle,6
Monroe,Greece - 9,Comptroller,,DEM,Thomas P DiNapoli,16
Monroe,Greece - 9,Comptroller,,,Under Votes,3
Monroe,Greece - 9,U.S. House,25,DEM,Joseph D Morelle,15
Monroe,Greece - 9,U.S. House,25,DEM,Robin Wilt,16
Monroe,Greece - 9,U.S. House,25,DEM,Sherita S Traywick,5
Monroe,Greece - 10,Ballots Cast,,,,24
Monroe,Greece - 10,Comptroller,,DEM,Drew Warshaw,5
Monroe,Greece - 10,Comptroller,,DEM,Raj Goyle,6
Monroe,Greece - 10,Comptroller,,DEM,Thomas P DiNapoli,12
Monroe,Greece - 10,Comptroller,,,Under Votes,1
Monroe,Greece - 10,U.S. House,25,DEM,Joseph D Morelle,11
Monroe,Greece - 10,U.S. House,25,DEM,Robin Wilt,12
Monroe,Greece - 10,U.S. House,25,DEM,Sherita S Traywick,1
Monroe,Greece - 11,Ballots Cast,,,,13
Monroe,Greece - 11,Comptroller,,DEM,Drew Warshaw,3
Monroe,Greece - 11,Comptroller,,DEM,Thomas P DiNapoli,9
Monroe,Greece - 11,Comptroller,,,Under Votes,1
Monroe,Greece - 11,U.S. House,25,DEM,Joseph D Morelle,11
Monroe,Greece - 11,U.S. House,25,DEM,Robin Wilt,2
Monroe,Greece - 12,Ballots Cast,,,,14
Monroe,Greece - 12,Comptroller,,DEM,Drew Warshaw,2
Monroe,Greece - 12,Comptroller,,DEM,Thomas P DiNapoli,10
Monroe,Greece - 12,Comptroller,,DEM,Write-in,1
Monroe,Greece - 12,U.S. House,25,DEM,Joseph D Morelle,10
Monroe,Greece - 12,U.S. House,25,DEM,Robin Wilt,2
Monroe,Greece - 12,U.S. House,25,DEM,Sherita S Traywick,1
Monroe,Greece - 12,U.S. House,25,,Under Votes,1
Monroe,Greece - 13,Ballots Cast,,,,30
Monroe,Greece - 13,Comptroller,,DEM,Drew Warshaw,5
Monroe,Greece - 13,Comptroller,,DEM,Thomas P DiNapoli,23
Monroe,Greece - 13,Comptroller,,,Under Votes,2
Monroe,Greece - 13,U.S. House,25,DEM,Joseph D Morelle,20
Monroe,Greece - 13,U.S. House,25,DEM,Robin Wilt,8
Monroe,Greece - 13,U.S. House,25,DEM,Sherita S Traywick,2
Monroe,Greece - 14,Ballots Cast,,,,28
Monroe,Greece - 14,Comptroller,,DEM,Drew Warshaw,4
Monroe,Greece - 14,Comptroller,,DEM,Raj Goyle,6
Monroe,Greece - 14,Comptroller,,DEM,Thomas P DiNapoli,16
Monroe,Greece - 14,Comptroller,,,Under Votes,2
Monroe,Greece - 14,U.S. House,25,DEM,Joseph D Morelle,18
Monroe,Greece - 14,U.S. House,25,DEM,Robin Wilt,7
Monroe,Greece - 14,U.S. House,25,DEM,Sherita S Traywick,3
Monroe,Greece - 15,Ballots Cast,,,,19
Monroe,Greece - 15,Comptroller,,DEM,Drew Warshaw,2
Monroe,Greece - 15,Comptroller,,DEM,Raj Goyle,3
Monroe,Greece - 15,Comptroller,,DEM,Thomas P DiNapoli,12
Monroe,Greece - 15,Comptroller,,,Under Votes,2
Monroe,Greece - 15,U.S. House,25,DEM,Joseph D Morelle,11
Monroe,Greece - 15,U.S. House,25,DEM,Robin Wilt,6
Monroe,Greece - 15,U.S. House,25,DEM,Sherita S Traywick,2
Monroe,Greece - 16,Ballots Cast,,,,10
Monroe,Greece - 16,Comptroller,,DEM,Drew Warshaw,2
Monroe,Greece - 16,Comptroller,,DEM,Thomas P DiNapoli,8
Monroe,Greece - 16,U.S. House,25,DEM,Joseph D Morelle,8
Monroe,Greece - 16,U.S. House,25,DEM,Robin Wilt,1
Monroe,Greece - 16,U.S. House,25,DEM,Sherita S Traywick,1
Monroe,Greece - 17,Ballots Cast,,,,25
Monroe,Greece - 17,Comptroller,,DEM,Drew Warshaw,2
Monroe,Greece - 17,Comptroller,,DEM,Raj Goyle,1
Monroe,Greece - 17,Comptroller,,DEM,Thomas P DiNapoli,22
Monroe,Greece - 17,U.S. House,25,DEM,Joseph D Morelle,20
Monroe,Greece - 17,U.S. House,25,DEM,Robin Wilt,3
Monroe,Greece - 17,U.S. House,25,DEM,Sherita S Traywick,2
Monroe,Greece - 18,Ballots Cast,,,,27
Monroe,Greece - 18,Comptroller,,DEM,Drew Warshaw,3
Monroe,Greece - 18,Comptroller,,DEM,Raj Goyle,3
Monroe,Greece - 18,Comptroller,,DEM,Thomas P DiNapoli,17
Monroe,Greece - 18,Comptroller,,,Under Votes,4
Monroe,Greece - 18,U.S. House,25,DEM,Joseph D Morelle,19
Monroe,Greece - 18,U.S. House,25,DEM,Robin Wilt,6
Monroe,Greece - 18,U.S. House,25,DEM,Sherita S Traywick,2
Monroe,Greece - 19,Ballots Cast,,,,34
Monroe,Greece - 19,Comptroller,,DEM,Drew Warshaw,5
Monroe,Greece - 19,Comptroller,,DEM,Raj Goyle,4
Monroe,Greece - 19,Comptroller,,DEM,Thomas P DiNapoli,24
Monroe,Greece - 19,Comptroller,,,Under Votes,1
Monroe,Greece - 19,U.S. House,25,DEM,Joseph D Morelle,20
Monroe,Greece - 19,U.S. House,25,DEM,Robin Wilt,8
Monroe,Greece - 19,U.S. House,25,DEM,Sherita S Traywick,5
Monroe,Greece - 19,U.S. House,25,,Under Votes,1
Monroe,Greece - 20,Ballots Cast,,,,19
Monroe,Greece - 20,Comptroller,,DEM,Drew Warshaw,1
Monroe,Greece - 20,Comptroller,,DEM,Raj Goyle,3
Monroe,Greece - 20,Comptroller,,DEM,Thomas P DiNapoli,15
Monroe,Greece - 20,U.S. House,25,DEM,Joseph D Morelle,11
Monroe,Greece - 20,U.S. House,25,DEM,Robin Wilt,5
Monroe,Greece - 20,U.S. House,25,DEM,Sherita S Traywick,3
Monroe,Greece - 21,Ballots Cast,,,,42
Monroe,Greece - 21,Comptroller,,DEM,Drew Warshaw,4
Monroe,Greece - 21,Comptroller,,DEM,Raj Goyle,8
Monroe,Greece - 21,Comptroller,,DEM,Thomas P DiNapoli,28
Monroe,Greece - 21,Comptroller,,,Under Votes,1
Monroe,Greece - 21,U.S. House,25,DEM,Joseph D Morelle,28
Monroe,Greece - 21,U.S. House,25,DEM,Robin Wilt,10
Monroe,Greece - 21,U.S. House,25,DEM,Sherita S Traywick,2
Monroe,Greece - 21,U.S. House,25,,Under Votes,2
Monroe,Greece - 22,Ballots Cast,,,,32
Monroe,Greece - 22,Comptroller,,DEM,Drew Warshaw,4
Monroe,Greece - 22,Comptroller,,DEM,Raj Goyle,5
Monroe,Greece - 22,Comptroller,,DEM,Thomas P DiNapoli,22
Monroe,Greece - 22,Comptroller,,,Under Votes,1
Monroe,Greece - 22,U.S. House,25,DEM,Joseph D Morelle,23
Monroe,Greece - 22,U.S. House,25,DEM,Robin Wilt,9
Monroe,Greece - 23,Ballots Cast,,,,69
Monroe,Greece - 23,Comptroller,,DEM,Drew Warshaw,6
Monroe,Greece - 23,Comptroller,,DEM,Raj Goyle,1
Monroe,Greece - 23,Comptroller,,DEM,Thomas P DiNapoli,61
Monroe,Greece - 23,Comptroller,,,Under Votes,1
Monroe,Greece - 23,U.S. House,25,DEM,Joseph D Morelle,50
Monroe,Greece - 23,U.S. House,25,DEM,Robin Wilt,12
Monroe,Greece - 23,U.S. House,25,DEM,Sherita S Traywick,6
Monroe,Greece - 23,U.S. House,25,,Under Votes,1
Monroe,Greece - 24,Ballots Cast,,,,20
Monroe,Greece - 24,Comptroller,,DEM,Drew Warshaw,1
Monroe,Greece - 24,Comptroller,,DEM,Raj Goyle,1
Monroe,Greece - 24,Comptroller,,DEM,Thomas P DiNapoli,18
Monroe,Greece - 24,U.S. House,25,DEM,Joseph D Morelle,18
Monroe,Greece - 24,U.S. House,25,DEM,Robin Wilt,1
Monroe,Greece - 24,U.S. House,25,DEM,Sherita S Traywick,1
Monroe,Greece - 25,Ballots Cast,,,,24
Monroe,Greece - 25,Comptroller,,DEM,Drew Warshaw,4
Monroe,Greece - 25,Comptroller,,DEM,Raj Goyle,3
Monroe,Greece - 25,Comptroller,,DEM,Thomas P DiNapoli,15
Monroe,Greece - 25,Comptroller,,,Under Votes,2
Monroe,Greece - 25,U.S. House,25,DEM,Joseph D Morelle,14
Monroe,Greece - 25,U.S. House,25,DEM,Robin Wilt,9
Monroe,Greece - 25,U.S. House,25,DEM,Sherita S Traywick,1
Monroe,Greece - 26,Ballots Cast,,,,14
Monroe,Greece - 26,Comptroller,,DEM,Thomas P DiNapoli,13
Monroe,Greece - 26,Comptroller,,DEM,Write-in,1
Monroe,Greece - 26,U.S. House,25,DEM,Joseph D Morelle,13
Monroe,Greece - 26,U.S. House,25,DEM,Sherita S Traywick,1
Monroe,Greece - 27,Ballots Cast,,,,46
Monroe,Greece - 27,Comptroller,,DEM,Drew Warshaw,6
Monroe,Greece - 27,Comptroller,,DEM,Raj Goyle,5
Monroe,Greece - 27,Comptroller,,DEM,Thomas P DiNapoli,32
Monroe,Greece - 27,Comptroller,,,Under Votes,3
Monroe,Greece - 27,U.S. House,25,DEM,Joseph D Morelle,33
Monroe,Greece - 27,U.S. House,25,DEM,Robin Wilt,10
Monroe,Greece - 27,U.S. House,25,DEM,Sherita S Traywick,2
Monroe,Greece - 27,U.S. House,25,,Over Votes,1
Monroe,Greece - 28,Ballots Cast,,,,18
Monroe,Greece - 28,Comptroller,,DEM,Drew Warshaw,4
Monroe,Greece - 28,Comptroller,,DEM,Thomas P DiNapoli,14
Monroe,Greece - 28,U.S. House,25,DEM,Joseph D Morelle,13
Monroe,Greece - 28,U.S. House,25,DEM,Robin Wilt,4
Monroe,Greece - 28,U.S. House,25,DEM,Sherita S Traywick,1
Monroe,Greece - 29,Ballots Cast,,,,27
Monroe,Greece - 29,Comptroller,,DEM,Drew Warshaw,2
Monroe,Greece - 29,Comptroller,,DEM,Raj Goyle,3
Monroe,Greece - 29,Comptroller,,DEM,Thomas P DiNapoli,22
Monroe,Greece - 29,U.S. House,25,DEM,Joseph D Morelle,21
Monroe,Greece - 29,U.S. House,25,DEM,Robin Wilt,6
Monroe,Greece - 30,Ballots Cast,,,,68
Monroe,Greece - 30,Comptroller,,DEM,Drew Warshaw,11
Monroe,Greece - 30,Comptroller,,DEM,Raj Goyle,4
Monroe,Greece - 30,Comptroller,,DEM,Thomas P DiNapoli,51
Monroe,Greece - 30,Comptroller,,,Under Votes,2
Monroe,Greece - 30,U.S. House,25,DEM,Joseph D Morelle,42
Monroe,Greece - 30,U.S. House,25,DEM,Robin Wilt,19
Monroe,Greece - 30,U.S. House,25,DEM,Sherita S Traywick,7
Monroe,Greece - 31,Ballots Cast,,,,43
Monroe,Greece - 31,Comptroller,,DEM,Drew Warshaw,8
Monroe,Greece - 31,Comptroller,,DEM,Raj Goyle,9
Monroe,Greece - 31,Comptroller,,DEM,Thomas P DiNapoli,23
Monroe,Greece - 31,Comptroller,,,Under Votes,3
Monroe,Greece - 31,U.S. House,25,DEM,Joseph D Morelle,25
Monroe,Greece - 31,U.S. House,25,DEM,Robin Wilt,12
Monroe,Greece - 31,U.S. House,25,DEM,Sherita S Traywick,5
Monroe,Greece - 31,U.S. House,25,,Under Votes,1
Monroe,Greece - 32,Ballots Cast,,,,20
Monroe,Greece - 32,Comptroller,,DEM,Drew Warshaw,5
Monroe,Greece - 32,Comptroller,,DEM,Raj Goyle,3
Monroe,Greece - 32,Comptroller,,DEM,Thomas P DiNapoli,12
Monroe,Greece - 32,U.S. House,25,DEM,Joseph D Morelle,10
Monroe,Greece - 32,U.S. House,25,DEM,Robin Wilt,10
Monroe,Greece - 33,Ballots Cast,,,,45
Monroe,Greece - 33,Comptroller,,DEM,Drew Warshaw,5
Monroe,Greece - 33,Comptroller,,DEM,Raj Goyle,4
Monroe,Greece - 33,Comptroller,,DEM,Thomas P DiNapoli,34
Monroe,Greece - 33,Comptroller,,DEM,Write-in,1
Monroe,Greece - 33,Comptroller,,,Under Votes,1
Monroe,Greece - 33,U.S. House,25,DEM,Joseph D Morelle,32
Monroe,Greece - 33,U.S. House,25,DEM,Robin Wilt,9
Monroe,Greece - 33,U.S. House,25,DEM,Sherita S Traywick,3
Monroe,Greece - 33,U.S. House,25,DEM,Write-in,1
Monroe,Greece - 34,Ballots Cast,,,,33
Monroe,Greece - 34,Comptroller,,DEM,Drew Warshaw,4
Monroe,Greece - 34,Comptroller,,DEM,Raj Goyle,2
Monroe,Greece - 34,Comptroller,,DEM,Thomas P DiNapoli,27
Monroe,Greece - 34,U.S. House,25,DEM,Joseph D Morelle,28
Monroe,Greece - 34,U.S. House,25,DEM,Robin Wilt,5
Monroe,Greece - 35,Ballots Cast,,,,36
Monroe,Greece - 35,Comptroller,,DEM,Drew Warshaw,5
Monroe,Greece - 35,Comptroller,,DEM,Raj Goyle,2
Monroe,Greece - 35,Comptroller,,DEM,Thomas P DiNapoli,27
Monroe,Greece - 35,Comptroller,,,Under Votes,2
Monroe,Greece - 35,U.S. House,25,DEM,Joseph D Morelle,23
Monroe,Greece - 35,U.S. House,25,DEM,Robin Wilt,9
Monroe,Greece - 35,U.S. House,25,DEM,Sherita S Traywick,4
Monroe,Greece - 36,Ballots Cast,,,,51
Monroe,Greece - 36,Comptroller,,DEM,Drew Warshaw,3
Monroe,Greece - 36,Comptroller,,DEM,Raj Goyle,2
Monroe,Greece - 36,Comptroller,,DEM,Thomas P DiNapoli,40
Monroe,Greece - 36,Comptroller,,,Under Votes,6
Monroe,Greece - 36,U.S. House,25,DEM,Joseph D Morelle,42
Monroe,Greece - 36,U.S. House,25,DEM,Robin Wilt,4
Monroe,Greece - 36,U.S. House,25,DEM,Sherita S Traywick,5
Monroe,Greece - 37,Ballots Cast,,,,42
Monroe,Greece - 37,Comptroller,,DEM,Drew Warshaw,2
Monroe,Greece - 37,Comptroller,,DEM,Raj Goyle,2
Monroe,Greece - 37,Comptroller,,DEM,Thomas P DiNapoli,35
Monroe,Greece - 37,Comptroller,,,Under Votes,3
Monroe,Greece - 37,U.S. House,25,DEM,Joseph D Morelle,29
Monroe,Greece - 37,U.S. House,25,DEM,Robin Wilt,12
Monroe,Greece - 37,U.S. House,25,DEM,Sherita S Traywick,1
Monroe,Greece - 38,Ballots Cast,,,,11
Monroe,Greece - 38,Comptroller,,DEM,Drew Warshaw,3
Monroe,Greece - 38,Comptroller,,DEM,Raj Goyle,1
Monroe,Greece - 38,Comptroller,,DEM,Thomas P DiNapoli,7
Monroe,Greece - 38,U.S. House,25,DEM,Joseph D Morelle,9
Monroe,Greece - 38,U.S. House,25,DEM,Robin Wilt,2
Monroe,Greece - 39,Ballots Cast,,,,15
Monroe,Greece - 39,Comptroller,,DEM,Drew Warshaw,4
Monroe,Greece - 39,Comptroller,,DEM,Raj Goyle,1
Monroe,Greece - 39,Comptroller,,DEM,Thomas P DiNapoli,9
Monroe,Greece - 39,Comptroller,,,Over Votes,1
Monroe,Greece - 39,U.S. House,25,DEM,Joseph D Morelle,8
Monroe,Greece - 39,U.S. House,25,DEM,Robin Wilt,5
Monroe,Greece - 39,U.S. House,25,DEM,Sherita S Traywick,1
Monroe,Greece - 39,U.S. House,25,,Over Votes,1
Monroe,Greece - 40,Ballots Cast,,,,23
Monroe,Greece - 40,Comptroller,,DEM,Drew Warshaw,3
Monroe,Greece - 40,Comptroller,,DEM,Raj Goyle,2
Monroe,Greece - 40,Comptroller,,DEM,Thomas P DiNapoli,17
Monroe,Greece - 40,Comptroller,,,Under Votes,1
Monroe,Greece - 40,U.S. House,25,DEM,Joseph D Morelle,16
Monroe,Greece - 40,U.S. House,25,DEM,Robin Wilt,5
Monroe,Greece - 40,U.S. House,25,DEM,Sherita S Traywick,1
Monroe,Greece - 40,U.S. House,25,,Under Votes,1
Monroe,Greece - 41,Ballots Cast,,,,37
Monroe,Greece - 41,Comptroller,,DEM,Drew Warshaw,3
Monroe,Greece - 41,Comptroller,,DEM,Raj Goyle,5
Monroe,Greece - 41,Comptroller,,DEM,Thomas P DiNapoli,26
Monroe,Greece - 41,Comptroller,,,Under Votes,3
Monroe,Greece - 41,U.S. House,25,DEM,Joseph D Morelle,28
Monroe,Greece - 41,U.S. House,25,DEM,Robin Wilt,7
Monroe,Greece - 41,U.S. House,25,DEM,Sherita S Traywick,2
Monroe,Greece - 42,Ballots Cast,,,,21
Monroe,Greece - 42,Comptroller,,DEM,Raj Goyle,1
Monroe,Greece - 42,Comptroller,,DEM,Thomas P DiNapoli,17
Monroe,Greece - 42,Comptroller,,,Under Votes,2
Monroe,Greece - 42,U.S. House,25,DEM,Joseph D Morelle,16
Monroe,Greece - 42,U.S. House,25,DEM,Robin Wilt,2
Monroe,Greece - 42,U.S. House,25,DEM,Sherita S Traywick,2
Monroe,Greece - 42,U.S. House,25,,Under Votes,1
Monroe,Greece - 43,Ballots Cast,,,,33
Monroe,Greece - 43,Comptroller,,DEM,Drew Warshaw,2
Monroe,Greece - 43,Comptroller,,DEM,Raj Goyle,2
Monroe,Greece - 43,Comptroller,,DEM,Thomas P DiNapoli,27
Monroe,Greece - 43,Comptroller,,DEM,Write-in,1
Monroe,Greece - 43,Comptroller,,,Under Votes,1
Monroe,Greece - 43,U.S. House,25,DEM,Joseph D Morelle,22
Monroe,Greece - 43,U.S. House,25,DEM,Robin Wilt,6
Monroe,Greece - 43,U.S. House,25,DEM,Sherita S Traywick,5
Monroe,Greece - 44,Ballots Cast,,,,46
Monroe,Greece - 44,Comptroller,,DEM,Drew Warshaw,5
Monroe,Greece - 44,Comptroller,,DEM,Raj Goyle,2
Monroe,Greece - 44,Comptroller,,DEM,Thomas P DiNapoli,37
Monroe,Greece - 44,Comptroller,,DEM,Write-in,1
Monroe,Greece - 44,Comptroller,,,Under Votes,1
Monroe,Greece - 44,U.S. House,25,DEM,Joseph D Morelle,41
Monroe,Greece - 44,U.S. House,25,DEM,Robin Wilt,3
Monroe,Greece - 44,U.S. House,25,DEM,Sherita S Traywick,1
Monroe,Greece - 44,U.S. House,25,,Under Votes,1
Monroe,Greece - 45,Ballots Cast,,,,19
Monroe,Greece - 45,Comptroller,,DEM,Drew Warshaw,2
Monroe,Greece - 45,Comptroller,,DEM,Thomas P DiNapoli,15
Monroe,Greece - 45,Comptroller,,,Under Votes,2
Monroe,Greece - 45,U.S. House,25,DEM,Joseph D Morelle,14
Monroe,Greece - 45,U.S. House,25,DEM,Robin Wilt,4
Monroe,Greece - 45,U.S. House,25,DEM,Sherita S Traywick,1
Monroe,Greece - 46,Ballots Cast,,,,21
Monroe,Greece - 46,Comptroller,,DEM,Drew Warshaw,6
Monroe,Greece - 46,Comptroller,,DEM,Raj Goyle,3
Monroe,Greece - 46,Comptroller,,DEM,Thomas P DiNapoli,9
Monroe,Greece - 46,Comptroller,,,Under Votes,3
Monroe,Greece - 46,U.S. House,25,DEM,Joseph D Morelle,12
Monroe,Greece - 46,U.S. House,25,DEM,Robin Wilt,7
Monroe,Greece - 46,U.S. House,25,DEM,Sherita S Traywick,2
Monroe,Greece - 47,Ballots Cast,,,,34
Monroe,Greece - 47,Comptroller,,DEM,Drew Warshaw,2
Monroe,Greece - 47,Comptroller,,DEM,Raj Goyle,5
Monroe,Greece - 47,Comptroller,,DEM,Thomas P DiNapoli,25
Monroe,Greece - 47,Comptroller,,,Under Votes,2
Monroe,Greece - 47,U.S. House,25,DEM,Joseph D Morelle,19
Monroe,Greece - 47,U.S. House,25,DEM,Robin Wilt,6
Monroe,Greece - 47,U.S. House,25,DEM,Sherita S Traywick,6
Monroe,Greece - 47,U.S. House,25,DEM,Write-in,1
Monroe,Greece - 47,U.S. House,25,,Under Votes,2
Monroe,Greece - 48,Ballots Cast,,,,6
Monroe,Greece - 48,Comptroller,,DEM,Thomas P DiNapoli,6
Monroe,Greece - 48,U.S. House,25,DEM,Joseph D Morelle,5
Monroe,Greece - 48,U.S. House,25,DEM,Robin Wilt,1
Monroe,Greece - 49,Ballots Cast,,,,25
Monroe,Greece - 49,Comptroller,,DEM,Drew Warshaw,4
Monroe,Greece - 49,Comptroller,,DEM,Raj Goyle,1
Monroe,Greece - 49,Comptroller,,DEM,Thomas P DiNapoli,17
Monroe,Greece - 49,Comptroller,,,Under Votes,3
Monroe,Greece - 49,U.S. House,25,DEM,Joseph D Morelle,14
Monroe,Greece - 49,U.S. House,25,DEM,Robin Wilt,6
Monroe,Greece - 49,U.S. House,25,DEM,Sherita S Traywick,5
Monroe,Greece - 50,Ballots Cast,,,,18
Monroe,Greece - 50,Comptroller,,DEM,Drew Warshaw,1
Monroe,Greece - 50,Comptroller,,DEM,Raj Goyle,5
Monroe,Greece - 50,Comptroller,,DEM,Thomas P DiNapoli,11
Monroe,Greece - 50,Comptroller,,,Over Votes,1
Monroe,Greece - 50,U.S. House,25,DEM,Joseph D Morelle,9
Monroe,Greece - 50,U.S. House,25,DEM,Robin Wilt,8
Monroe,Greece - 50,U.S. House,25,DEM,Sherita S Traywick,1
Monroe,Greece - 51,Ballots Cast,,,,51
Monroe,Greece - 51,Comptroller,,DEM,Drew Warshaw,6
Monroe,Greece - 51,Comptroller,,DEM,Raj Goyle,9
Monroe,Greece - 51,Comptroller,,DEM,Thomas P DiNapoli,33
Monroe,Greece - 51,Comptroller,,,Under Votes,3
Monroe,Greece - 51,U.S. House,25,DEM,Joseph D Morelle,31
Monroe,Greece - 51,U.S. House,25,DEM,Robin Wilt,17
Monroe,Greece - 51,U.S. House,25,DEM,Sherita S Traywick,3
Monroe,Greece - 52,Ballots Cast,,,,34
Monroe,Greece - 52,Comptroller,,DEM,Drew Warshaw,5
Monroe,Greece - 52,Comptroller,,DEM,Raj Goyle,5
Monroe,Greece - 52,Comptroller,,DEM,Thomas P DiNapoli,22
Monroe,Greece - 52,Comptroller,,,Under Votes,2
Monroe,Greece - 52,U.S. House,25,DEM,Joseph D Morelle,23
Monroe,Greece - 52,U.S. House,25,DEM,Robin Wilt,11
Monroe,Greece - 53,Ballots Cast,,,,17
Monroe,Greece - 53,Comptroller,,DEM,Drew Warshaw,1
Monroe,Greece - 53,Comptroller,,DEM,Raj Goyle,3
Monroe,Greece - 53,Comptroller,,DEM,Thomas P DiNapoli,9
Monroe,Greece - 53,Comptroller,,,Over Votes,2
Monroe,Greece - 53,Comptroller,,,Under Votes,2
Monroe,Greece - 53,U.S. House,25,DEM,Joseph D Morelle,9
Monroe,Greece - 53,U.S. House,25,DEM,Robin Wilt,3
Monroe,Greece - 53,U.S. House,25,DEM,Sherita S Traywick,3
Monroe,Greece - 53,U.S. House,25,,Over Votes,2
Monroe,Greece - 54,Ballots Cast,,,,15
Monroe,Greece - 54,Comptroller,,DEM,Thomas P DiNapoli,13
Monroe,Greece - 54,Comptroller,,,Under Votes,2
Monroe,Greece - 54,U.S. House,25,DEM,Joseph D Morelle,14
Monroe,Greece - 54,U.S. House,25,,Under Votes,1
Monroe,Greece - 55,Ballots Cast,,,,21
Monroe,Greece - 55,Comptroller,,DEM,Drew Warshaw,2
Monroe,Greece - 55,Comptroller,,DEM,Raj Goyle,4
Monroe,Greece - 55,Comptroller,,DEM,Thomas P DiNapoli,12
Monroe,Greece - 55,Comptroller,,,Under Votes,3
Monroe,Greece - 55,U.S. House,25,DEM,Joseph D Morelle,16
Monroe,Greece - 55,U.S. House,25,DEM,Robin Wilt,2
Monroe,Greece - 55,U.S. House,25,DEM,Sherita S Traywick,3
Monroe,Greece - 56,Ballots Cast,,,,37
Monroe,Greece - 56,Comptroller,,DEM,Drew Warshaw,2
Monroe,Greece - 56,Comptroller,,DEM,Thomas P DiNapoli,34
Monroe,Greece - 56,Comptroller,,,Under Votes,1
Monroe,Greece - 56,U.S. House,25,DEM,Joseph D Morelle,32
Monroe,Greece - 56,U.S. House,25,DEM,Robin Wilt,3
Monroe,Greece - 56,U.S. House,25,DEM,Sherita S Traywick,1
Monroe,Greece - 56,U.S. House,25,,Under Votes,1
Monroe,Greece - 57,Ballots Cast,,,,23
Monroe,Greece - 57,Comptroller,,DEM,Drew Warshaw,3
Monroe,Greece - 57,Comptroller,,DEM,Raj Goyle,4
Monroe,Greece - 57,Comptroller,,DEM,Thomas P DiNapoli,16
Monroe,Greece - 57,U.S. House,25,DEM,Joseph D Morelle,13
Monroe,Greece - 57,U.S. House,25,DEM,Robin Wilt,3
Monroe,Greece - 57,U.S. House,25,DEM,Sherita S Traywick,6
Monroe,Greece - 57,U.S. House,25,,Under Votes,1
Monroe,Greece - 58,Ballots Cast,,,,36
Monroe,Greece - 58,Comptroller,,DEM,Drew Warshaw,3
Monroe,Greece - 58,Comptroller,,DEM,Raj Goyle,3
Monroe,Greece - 58,Comptroller,,DEM,Thomas P DiNapoli,26
Monroe,Greece - 58,Comptroller,,,Under Votes,3
Monroe,Greece - 58,U.S. House,25,DEM,Joseph D Morelle,25
Monroe,Greece - 58,U.S. House,25,DEM,Robin Wilt,6
Monroe,Greece - 58,U.S. House,25,DEM,Sherita S Traywick,4
Monroe,Greece - 58,U.S. House,25,,Under Votes,1
Monroe,Greece - 59,Ballots Cast,,,,20
Monroe,Greece - 59,Comptroller,,DEM,Drew Warshaw,5
Monroe,Greece - 59,Comptroller,,DEM,Raj Goyle,4
Monroe,Greece - 59,Comptroller,,DEM,Thomas P DiNapoli,10
Monroe,Greece - 59,Comptroller,,,Under Votes,1
Monroe,Greece - 59,U.S. House,25,DEM,Joseph D Morelle,11
Monroe,Greece - 59,U.S. House,25,DEM,Robin Wilt,7
Monroe,Greece - 59,U.S. House,25,DEM,Sherita S Traywick,1
Monroe,Greece - 59,U.S. House,25,,Under Votes,1
Monroe,Greece - 60,Ballots Cast,,,,28
Monroe,Greece - 60,Comptroller,,DEM,Drew Warshaw,4
Monroe,Greece - 60,Comptroller,,DEM,Raj Goyle,5
Monroe,Greece - 60,Comptroller,,DEM,Thomas P DiNapoli,17
Monroe,Greece - 60,Comptroller,,,Under Votes,2
Monroe,Greece - 60,U.S. House,25,DEM,Joseph D Morelle,18
Monroe,Greece - 60,U.S. House,25,DEM,Robin Wilt,7
Monroe,Greece - 60,U.S. House,25,DEM,Sherita S Traywick,3
Monroe,Greece - 61,Ballots Cast,,,,51
Monroe,Greece - 61,Comptroller,,DEM,Drew Warshaw,7
Monroe,Greece - 61,Comptroller,,DEM,Raj Goyle,1
Monroe,Greece - 61,Comptroller,,DEM,Thomas P DiNapoli,39
Monroe,Greece - 61,Comptroller,,,Over Votes,1
Monroe,Greece - 61,Comptroller,,,Under Votes,3
Monroe,Greece - 61,U.S. House,25,DEM,Joseph D Morelle,35
Monroe,Greece - 61,U.S. House,25,DEM,Robin Wilt,12
Monroe,Greece - 61,U.S. House,25,DEM,Sherita S Traywick,3
Monroe,Greece - 61,U.S. House,25,,Over Votes,1
Monroe,Greece - 62,Ballots Cast,,,,43
Monroe,Greece - 62,Comptroller,,DEM,Drew Warshaw,7
Monroe,Greece - 62,Comptroller,,DEM,Raj Goyle,3
Monroe,Greece - 62,Comptroller,,DEM,Thomas P DiNapoli,29
Monroe,Greece - 62,Comptroller,,,Under Votes,3
Monroe,Greece - 62,U.S. House,25,DEM,Joseph D Morelle,24
Monroe,Greece - 62,U.S. House,25,DEM,Robin Wilt,11
Monroe,Greece - 62,U.S. House,25,DEM,Sherita S Traywick,7
Monroe,Greece - 62,U.S. House,25,,Under Votes,1
Monroe,Greece - 63,Ballots Cast,,,,17
Monroe,Greece - 63,Comptroller,,DEM,Raj Goyle,2
Monroe,Greece - 63,Comptroller,,DEM,Thomas P DiNapoli,13
Monroe,Greece - 63,Comptroller,,,Under Votes,1
Monroe,Greece - 63,U.S. House,25,DEM,Joseph D Morelle,12
Monroe,Greece - 63,U.S. House,25,DEM,Robin Wilt,3
Monroe,Greece - 63,U.S. House,25,DEM,Sherita S Traywick,2
Monroe,Greece - 64,Ballots Cast,,,,25
Monroe,Greece - 64,Comptroller,,DEM,Drew Warshaw,5
Monroe,Greece - 64,Comptroller,,DEM,Raj Goyle,5
Monroe,Greece - 64,Comptroller,,DEM,Thomas P DiNapoli,15
Monroe,Greece - 64,U.S. House,25,DEM,Joseph D Morelle,13
Monroe,Greece - 64,U.S. House,25,DEM,Robin Wilt,10
Monroe,Greece - 64,U.S. House,25,DEM,Sherita S Traywick,2
Monroe,Greece - 65,Ballots Cast,,,,66
Monroe,Greece - 65,Comptroller,,DEM,Drew Warshaw,3
Monroe,Greece - 65,Comptroller,,DEM,Raj Goyle,6
Monroe,Greece - 65,Comptroller,,DEM,Thomas P DiNapoli,50
Monroe,Greece - 65,Comptroller,,,Over Votes,1
Monroe,Greece - 65,Comptroller,,,Under Votes,6
Monroe,Greece - 65,U.S. House,25,DEM,Joseph D Morelle,48
Monroe,Greece - 65,U.S. House,25,DEM,Robin Wilt,10
Monroe,Greece - 65,U.S. House,25,DEM,Sherita S Traywick,5
Monroe,Greece - 65,U.S. House,25,,Over Votes,1
Monroe,Greece - 65,U.S. House,25,,Under Votes,2
Monroe,Greece - 66,Ballots Cast,,,,13
Monroe,Greece - 66,Comptroller,,DEM,Drew Warshaw,2
Monroe,Greece - 66,Comptroller,,DEM,Raj Goyle,2
Monroe,Greece - 66,Comptroller,,DEM,Thomas P DiNapoli,7
Monroe,Greece - 66,Comptroller,,,Under Votes,2
Monroe,Greece - 66,U.S. House,25,DEM,Joseph D Morelle,6
Monroe,Greece - 66,U.S. House,25,DEM,Robin Wilt,4
Monroe,Greece - 66,U.S. House,25,DEM,Sherita S Traywick,3
Monroe,Greece - 67,Ballots Cast,,,,20
Monroe,Greece - 67,Comptroller,,DEM,Drew Warshaw,2
Monroe,Greece - 67,Comptroller,,DEM,Raj Goyle,4
Monroe,Greece - 67,Comptroller,,DEM,Thomas P DiNapoli,14
Monroe,Greece - 67,U.S. House,25,DEM,Joseph D Morelle,15
Monroe,Greece - 67,U.S. House,25,DEM,Robin Wilt,4
Monroe,Greece - 67,U.S. House,25,DEM,Sherita S Traywick,1
Monroe,Greece - 68,Ballots Cast,,,,27
Monroe,Greece - 68,Comptroller,,DEM,Drew Warshaw,6
Monroe,Greece - 68,Comptroller,,DEM,Raj Goyle,4
Monroe,Greece - 68,Comptroller,,DEM,Thomas P DiNapoli,17
Monroe,Greece - 68,U.S. House,25,DEM,Joseph D Morelle,20
Monroe,Greece - 68,U.S. House,25,DEM,Robin Wilt,6
Monroe,Greece - 68,U.S. House,25,DEM,Sherita S Traywick,1
Monroe,Greece - 69,Ballots Cast,,,,14
Monroe,Greece - 69,Comptroller,,DEM,Drew Warshaw,3
Monroe,Greece - 69,Comptroller,,DEM,Raj Goyle,1
Monroe,Greece - 69,Comptroller,,DEM,Thomas P DiNapoli,10
Monroe,Greece - 69,U.S. House,25,DEM,Joseph D Morelle,8
Monroe,Greece - 69,U.S. House,25,DEM,Robin Wilt,5
Monroe,Greece - 69,U.S. House,25,DEM,Write-in,1
Monroe,Greece - 70,Ballots Cast,,,,61
Monroe,Greece - 70,Comptroller,,DEM,Drew Warshaw,7
Monroe,Greece - 70,Comptroller,,DEM,Raj Goyle,6
Monroe,Greece - 70,Comptroller,,DEM,Thomas P DiNapoli,46
Monroe,Greece - 70,Comptroller,,,Over Votes,1
Monroe,Greece - 70,Comptroller,,,Under Votes,1
Monroe,Greece - 70,U.S. House,25,DEM,Joseph D Morelle,41
Monroe,Greece - 70,U.S. House,25,DEM,Robin Wilt,13
Monroe,Greece - 70,U.S. House,25,DEM,Sherita S Traywick,6
Monroe,Greece - 70,U.S. House,25,,Under Votes,1
Monroe,Greece - 71,Ballots Cast,,,,34
Monroe,Greece - 71,Comptroller,,DEM,Drew Warshaw,4
Monroe,Greece - 71,Comptroller,,DEM,Raj Goyle,3
Monroe,Greece - 71,Comptroller,,DEM,Thomas P DiNapoli,24
Monroe,Greece - 71,Comptroller,,,Under Votes,3
Monroe,Greece - 71,U.S. House,25,DEM,Joseph D Morelle,23
Monroe,Greece - 71,U.S. House,25,DEM,Robin Wilt,7
Monroe,Greece - 71,U.S. House,25,DEM,Sherita S Traywick,3
Monroe,Greece - 71,U.S. House,25,,Under Votes,1
Monroe,Greece - 72,Ballots Cast,,,,42
Monroe,Greece - 72,Comptroller,,DEM,Drew Warshaw,3
Monroe,Greece - 72,Comptroller,,DEM,Raj Goyle,5
Monroe,Greece - 72,Comptroller,,DEM,Thomas P DiNapoli,32
Monroe,Greece - 72,Comptroller,,,Over Votes,1
Monroe,Greece - 72,Comptroller,,,Under Votes,1
Monroe,Greece - 72,U.S. House,25,DEM,Joseph D Morelle,24
Monroe,Greece - 72,U.S. House,25,DEM,Robin Wilt,14
Monroe,Greece - 72,U.S. House,25,DEM,Sherita S Traywick,2
Monroe,Greece - 72,U.S. House,25,,Over Votes,1
Monroe,Greece - 72,U.S. House,25,,Under Votes,1
Monroe,Greece - 73,Ballots Cast,,,,6
Monroe,Greece - 73,Comptroller,,DEM,Drew Warshaw,1
Monroe,Greece - 73,Comptroller,,DEM,Thomas P DiNapoli,3
Monroe,Greece - 73,Comptroller,,,Under Votes,2
Monroe,Greece - 73,U.S. House,25,DEM,Joseph D Morelle,4
Monroe,Greece - 73,U.S. House,25,DEM,Robin Wilt,1
Monroe,Greece - 73,U.S. House,25,,Under Votes,1
Monroe,Greece - 74,Ballots Cast,,,,32
Monroe,Greece - 74,Comptroller,,DEM,Drew Warshaw,3
Monroe,Greece - 74,Comptroller,,DEM,Raj Goyle,4
Monroe,Greece - 74,Comptroller,,DEM,Thomas P DiNapoli,23
Monroe,Greece - 74,Comptroller,,,Under Votes,2
Monroe,Greece - 74,U.S. House,25,DEM,Joseph D Morelle,20
Monroe,Greece - 74,U.S. House,25,DEM,Robin Wilt,10
Monroe,Greece - 74,U.S. House,25,DEM,Sherita S Traywick,2
Monroe,Greece - 75,Ballots Cast,,,,18
Monroe,Greece - 75,Comptroller,,DEM,Drew Warshaw,4
Monroe,Greece - 75,Comptroller,,DEM,Raj Goyle,1
Monroe,Greece - 75,Comptroller,,DEM,Thomas P DiNapoli,12
Monroe,Greece - 75,Comptroller,,DEM,Write-in,1
Monroe,Greece - 75,U.S. House,25,DEM,Joseph D Morelle,12
Monroe,Greece - 75,U.S. House,25,DEM,Robin Wilt,4
Monroe,Greece - 75,U.S. House,25,DEM,Sherita S Traywick,2
Monroe,Greece - 76,Ballots Cast,,,,16
Monroe,Greece - 76,Comptroller,,DEM,Drew Warshaw,1
Monroe,Greece - 76,Comptroller,,DEM,Raj Goyle,2
Monroe,Greece - 76,Comptroller,,DEM,Thomas P DiNapoli,13
Monroe,Greece - 76,U.S. House,25,DEM,Joseph D Morelle,14
Monroe,Greece - 76,U.S. House,25,DEM,Robin Wilt,2
Monroe,Greece - 77,Ballots Cast,,,,34
Monroe,Greece - 77,Comptroller,,DEM,Drew Warshaw,2
Monroe,Greece - 77,Comptroller,,DEM,Raj Goyle,4
Monroe,Greece - 77,Comptroller,,DEM,Thomas P DiNapoli,21
Monroe,Greece - 77,Comptroller,,,Under Votes,7
Monroe,Greece - 77,U.S. House,25,DEM,Joseph D Morelle,25
Monroe,Greece - 77,U.S. House,25,DEM,Robin Wilt,8
Monroe,Greece - 77,U.S. House,25,DEM,Sherita S Traywick,1
Monroe,Greece - 78,Ballots Cast,,,,19
Monroe,Greece - 78,Comptroller,,DEM,Drew Warshaw,6
Monroe,Greece - 78,Comptroller,,DEM,Raj Goyle,3
Monroe,Greece - 78,Comptroller,,DEM,Thomas P DiNapoli,9
Monroe,Greece - 78,Comptroller,,,Under Votes,1
Monroe,Greece - 78,U.S. House,25,DEM,Joseph D Morelle,9
Monroe,Greece - 78,U.S. House,25,DEM,Robin Wilt,8
Monroe,Greece - 78,U.S. House,25,DEM,Sherita S Traywick,1
Monroe,Greece - 78,U.S. House,25,,Under Votes,1
Monroe,Greece - 79,Ballots Cast,,,,54
Monroe,Greece - 79,Comptroller,,DEM,Drew Warshaw,6
Monroe,Greece - 79,Comptroller,,DEM,Raj Goyle,2
Monroe,Greece - 79,Comptroller,,DEM,Thomas P DiNapoli,45
Monroe,Greece - 79,Comptroller,,,Under Votes,1
Monroe,Greece - 79,U.S. House,25,DEM,Joseph D Morelle,38
Monroe,Greece - 79,U.S. House,25,DEM,Robin Wilt,8
Monroe,Greece - 79,U.S. House,25,DEM,Sherita S Traywick,8
Monroe,Greece - 80,Ballots Cast,,,,61
Monroe,Greece - 80,Comptroller,,DEM,Drew Warshaw,10
Monroe,Greece - 80,Comptroller,,DEM,Raj Goyle,7
Monroe,Greece - 80,Comptroller,,DEM,Thomas P DiNapoli,42
Monroe,Greece - 80,Comptroller,,,Under Votes,2
Monroe,Greece - 80,U.S. House,25,DEM,Joseph D Morelle,42
Monroe,Greece - 80,U.S. House,25,DEM,Robin Wilt,14
Monroe,Greece - 80,U.S. House,25,DEM,Sherita S Traywick,4
Monroe,Greece - 80,U.S. House,25,,Under Votes,1
Monroe,Greece - 81,Ballots Cast,,,,31
Monroe,Greece - 81,Comptroller,,DEM,Drew Warshaw,7
Monroe,Greece - 81,Comptroller,,DEM,Raj Goyle,2
Monroe,Greece - 81,Comptroller,,DEM,Thomas P DiNapoli,18
Monroe,Greece - 81,Comptroller,,,Under Votes,4
Monroe,Greece - 81,U.S. House,25,DEM,Joseph D Morelle,22
Monroe,Greece - 81,U.S. House,25,DEM,Robin Wilt,7
Monroe,Greece - 81,U.S. House,25,DEM,Sherita S Traywick,1
Monroe,Greece - 81,U.S. House,25,DEM,Write-in,1
Monroe,Greece - 82,Ballots Cast,,,,53
Monroe,Greece - 82,Comptroller,,DEM,Drew Warshaw,10
Monroe,Greece - 82,Comptroller,,DEM,Raj Goyle,14
Monroe,Greece - 82,Comptroller,,DEM,Thomas P DiNapoli,25
Monroe,Greece - 82,Comptroller,,,Over Votes,1
Monroe,Greece - 82,Comptroller,,,Under Votes,3
Monroe,Greece - 82,U.S. House,25,DEM,Joseph D Morelle,27
Monroe,Greece - 82,U.S. House,25,DEM,Robin Wilt,16
Monroe,Greece - 82,U.S. House,25,DEM,Sherita S Traywick,7
Monroe,Greece - 82,U.S. House,25,,Over Votes,1
Monroe,Greece - 82,U.S. House,25,,Under Votes,2
Monroe,Greece - 83,Ballots Cast,,,,26
Monroe,Greece - 83,Comptroller,,DEM,Drew Warshaw,6
Monroe,Greece - 83,Comptroller,,DEM,Raj Goyle,3
Monroe,Greece - 83,Comptroller,,DEM,Thomas P DiNapoli,17
Monroe,Greece - 83,U.S. House,25,DEM,Joseph D Morelle,18
Monroe,Greece - 83,U.S. House,25,DEM,Robin Wilt,5
Monroe,Greece - 83,U.S. House,25,DEM,Sherita S Traywick,3
Monroe,Greece - 84,Ballots Cast,,,,34
Monroe,Greece - 84,Comptroller,,DEM,Drew Warshaw,3
Monroe,Greece - 84,Comptroller,,DEM,Raj Goyle,2
Monroe,Greece - 84,Comptroller,,DEM,Thomas P DiNapoli,28
Monroe,Greece - 84,Comptroller,,,Under Votes,1
Monroe,Greece - 84,U.S. House,25,DEM,Joseph D Morelle,28
Monroe,Greece - 84,U.S. House,25,DEM,Robin Wilt,5
Monroe,Greece - 84,U.S. House,25,DEM,Sherita S Traywick,1
Monroe,Greece - 85,Ballots Cast,,,,35
Monroe,Greece - 85,Comptroller,,DEM,Drew Warshaw,6
Monroe,Greece - 85,Comptroller,,DEM,Raj Goyle,3
Monroe,Greece - 85,Comptroller,,DEM,Thomas P DiNapoli,25
Monroe,Greece - 85,Comptroller,,,Under Votes,1
Monroe,Greece - 85,U.S. House,25,DEM,Joseph D Morelle,24
Monroe,Greece - 85,U.S. House,25,DEM,Robin Wilt,9
Monroe,Greece - 85,U.S. House,25,DEM,Sherita S Traywick,2
Monroe,Greece - 86,Ballots Cast,,,,61
Monroe,Greece - 86,Comptroller,,DEM,Drew Warshaw,3
Monroe,Greece - 86,Comptroller,,DEM,Raj Goyle,2
Monroe,Greece - 86,Comptroller,,DEM,Thomas P DiNapoli,55
Monroe,Greece - 86,Comptroller,,,Under Votes,1
Monroe,Greece - 86,U.S. House,25,DEM,Joseph D Morelle,51
Monroe,Greece - 86,U.S. House,25,DEM,Robin Wilt,6
Monroe,Greece - 86,U.S. House,25,DEM,Sherita S Traywick,3
Monroe,Greece - 86,U.S. House,25,,Under Votes,1
Monroe,Greece - 87,Ballots Cast,,,,10
Monroe,Greece - 87,Comptroller,,DEM,Drew Warshaw,3
Monroe,Greece - 87,Comptroller,,DEM,Raj Goyle,1
Monroe,Greece - 87,Comptroller,,DEM,Thomas P DiNapoli,6
Monroe,Greece - 87,U.S. House,25,DEM,Joseph D Morelle,9
Monroe,Greece - 87,U.S. House,25,DEM,Sherita S Traywick,1
Monroe,Greece - 88,Ballots Cast,,,,36
Monroe,Greece - 88,Comptroller,,DEM,Drew Warshaw,1
Monroe,Greece - 88,Comptroller,,DEM,Raj Goyle,2
Monroe,Greece - 88,Comptroller,,DEM,Thomas P DiNapoli,30
Monroe,Greece - 88,Comptroller,,,Over Votes,1
Monroe,Greece - 88,Comptroller,,,Under Votes,2
Monroe,Greece - 88,U.S. House,25,DEM,Joseph D Morelle,30
Monroe,Greece - 88,U.S. House,25,DEM,Robin Wilt,2
Monroe,Greece - 88,U.S. House,25,DEM,Sherita S Traywick,2
Monroe,Greece - 88,U.S. House,25,,Under Votes,2
Monroe,Greece - 89,Ballots Cast,,,,16
Monroe,Greece - 89,Comptroller,,DEM,Drew Warshaw,1
Monroe,Greece - 89,Comptroller,,DEM,Raj Goyle,2
Monroe,Greece - 89,Comptroller,,DEM,Thomas P DiNapoli,13
Monroe,Greece - 89,U.S. House,25,DEM,Joseph D Morelle,16
Monroe,Greece - 90,Ballots Cast,,,,32
Monroe,Greece - 90,Comptroller,,DEM,Raj Goyle,1
Monroe,Greece - 90,Comptroller,,DEM,Thomas P DiNapoli,31
Monroe,Greece - 90,U.S. House,25,DEM,Joseph D Morelle,25
Monroe,Greece - 90,U.S. House,25,DEM,Robin Wilt,2
Monroe,Greece - 90,U.S. House,25,DEM,Sherita S Traywick,5
Monroe,Greece - 91,Ballots Cast,,,,50
Monroe,Greece - 91,Comptroller,,DEM,Drew Warshaw,8
Monroe,Greece - 91,Comptroller,,DEM,Raj Goyle,1
Monroe,Greece - 91,Comptroller,,DEM,Thomas P DiNapoli,40
Monroe,Greece - 91,Comptroller,,,Under Votes,1
Monroe,Greece - 91,U.S. House,25,DEM,Joseph D Morelle,37
Monroe,Greece - 91,U.S. House,25,DEM,Robin Wilt,10
Monroe,Greece - 91,U.S. House,25,DEM,Sherita S Traywick,2
Monroe,Greece - 91,U.S. House,25,,Under Votes,1
Monroe,Greece - 92,Ballots Cast,,,,42
Monroe,Greece - 92,Comptroller,,DEM,Drew Warshaw,8
Monroe,Greece - 92,Comptroller,,DEM,Thomas P DiNapoli,33
Monroe,Greece - 92,Comptroller,,,Under Votes,1
Monroe,Greece - 92,U.S. House,25,DEM,Joseph D Morelle,31
Monroe,Greece - 92,U.S. House,25,DEM,Robin Wilt,9
Monroe,Greece - 92,U.S. House,25,DEM,Sherita S Traywick,2
Monroe,Greece - 93,Ballots Cast,,,,34
Monroe,Greece - 93,Comptroller,,DEM,Drew Warshaw,2
Monroe,Greece - 93,Comptroller,,DEM,Raj Goyle,6
Monroe,Greece - 93,Comptroller,,DEM,Thomas P DiNapoli,24
Monroe,Greece - 93,Comptroller,,,Under Votes,2
Monroe,Greece - 93,U.S. House,25,DEM,Joseph D Morelle,25
Monroe,Greece - 93,U.S. House,25,DEM,Robin Wilt,8
Monroe,Greece - 93,U.S. House,25,DEM,Sherita S Traywick,1
Monroe,Greece - 94,Ballots Cast,,,,7
Monroe,Greece - 94,Comptroller,,DEM,Thomas P DiNapoli,7
Monroe,Greece - 94,U.S. House,25,DEM,Joseph D Morelle,4
Monroe,Greece - 94,U.S. House,25,DEM,Robin Wilt,3
Monroe,Greece - 95,Ballots Cast,,,,17
Monroe,Greece - 95,Comptroller,,DEM,Drew Warshaw,5
Monroe,Greece - 95,Comptroller,,DEM,Raj Goyle,3
Monroe,Greece - 95,Comptroller,,DEM,Thomas P DiNapoli,6
Monroe,Greece - 95,Comptroller,,,Over Votes,1
Monroe,Greece - 95,Comptroller,,,Under Votes,2
Monroe,Greece - 95,U.S. House,25,DEM,Joseph D Morelle,6
Monroe,Greece - 95,U.S. House,25,DEM,Robin Wilt,8
Monroe,Greece - 95,U.S. House,25,DEM,Sherita S Traywick,1
Monroe,Greece - 95,U.S. House,25,,Over Votes,1
Monroe,Greece - 95,U.S. House,25,,Under Votes,1
Monroe,Greece - 96,Ballots Cast,,,,4
Monroe,Greece - 96,Comptroller,,DEM,Thomas P DiNapoli,3
Monroe,Greece - 96,Comptroller,,,Under Votes,1
Monroe,Greece - 96,U.S. House,25,DEM,Joseph D Morelle,4
Monroe,Greece - 97,Ballots Cast,,,,63
Monroe,Greece - 97,Comptroller,,DEM,Drew Warshaw,6
Monroe,Greece - 97,Comptroller,,DEM,Raj Goyle,7
Monroe,Greece - 97,Comptroller,,DEM,Thomas P DiNapoli,45
Monroe,Greece - 97,Comptroller,,,Over Votes,2
Monroe,Greece - 97,Comptroller,,,Under Votes,3
Monroe,Greece - 97,U.S. House,25,DEM,Joseph D Morelle,50
Monroe,Greece - 97,U.S. House,25,DEM,Robin Wilt,9
Monroe,Greece - 97,U.S. House,25,DEM,Sherita S Traywick,2
Monroe,Greece - 97,U.S. House,25,,Over Votes,2
Monroe,Greece - 98,Ballots Cast,,,,43
Monroe,Greece - 98,Comptroller,,DEM,Drew Warshaw,5
Monroe,Greece - 98,Comptroller,,DEM,Raj Goyle,4
Monroe,Greece - 98,Comptroller,,DEM,Thomas P DiNapoli,32
Monroe,Greece - 98,Comptroller,,,Under Votes,2
Monroe,Greece - 98,U.S. House,25,DEM,Joseph D Morelle,29
Monroe,Greece - 98,U.S. House,25,DEM,Robin Wilt,8
Monroe,Greece - 98,U.S. House,25,DEM,Sherita S Traywick,5
Monroe,Greece - 98,U.S. House,25,,Under Votes,1
Monroe,Greece - 99,Ballots Cast,,,,9
Monroe,Greece - 99,Comptroller,,DEM,Drew Warshaw,1
Monroe,Greece - 99,Comptroller,,DEM,Thomas P DiNapoli,8
Monroe,Greece - 99,U.S. House,25,DEM,Joseph D Morelle,7
Monroe,Greece - 99,U.S. House,25,DEM,Robin Wilt,1
Monroe,Greece - 99,U.S. House,25,,Under Votes,1
Monroe,Greece - 100,Ballots Cast,,,,40
Monroe,Greece - 100,Comptroller,,DEM,Drew Warshaw,4
Monroe,Greece - 100,Comptroller,,DEM,Raj Goyle,4
Monroe,Greece - 100,Comptroller,,DEM,Thomas P DiNapoli,30
Monroe,Greece - 100,Comptroller,,,Under Votes,2
Monroe,Greece - 100,U.S. House,25,DEM,Joseph D Morelle,29
Monroe,Greece - 100,U.S. House,25,DEM,Robin Wilt,7
Monroe,Greece - 100,U.S. House,25,DEM,Sherita S Traywick,3
Monroe,Greece - 100,U.S. House,25,,Under Votes,1
Monroe,Hamlin - 1,Ballots Cast,,,,18
Monroe,Hamlin - 1,Comptroller,,DEM,Drew Warshaw,2
Monroe,Hamlin - 1,Comptroller,,DEM,Raj Goyle,1
Monroe,Hamlin - 1,Comptroller,,DEM,Thomas P DiNapoli,13
Monroe,Hamlin - 1,Comptroller,,,Over Votes,2
Monroe,Hamlin - 1,U.S. House,25,DEM,Joseph D Morelle,13
Monroe,Hamlin - 1,U.S. House,25,DEM,Robin Wilt,3
Monroe,Hamlin - 1,U.S. House,25,,Over Votes,2
Monroe,Hamlin - 2,Ballots Cast,,,,17
Monroe,Hamlin - 2,Comptroller,,DEM,Drew Warshaw,1
Monroe,Hamlin - 2,Comptroller,,DEM,Raj Goyle,1
Monroe,Hamlin - 2,Comptroller,,DEM,Thomas P DiNapoli,14
Monroe,Hamlin - 2,Comptroller,,,Under Votes,1
Monroe,Hamlin - 2,U.S. House,25,DEM,Joseph D Morelle,13
Monroe,Hamlin - 2,U.S. House,25,DEM,Robin Wilt,3
Monroe,Hamlin - 2,U.S. House,25,DEM,Sherita S Traywick,1
Monroe,Hamlin - 3,Ballots Cast,,,,14
Monroe,Hamlin - 3,Comptroller,,DEM,Thomas P DiNapoli,12
Monroe,Hamlin - 3,Comptroller,,,Under Votes,2
Monroe,Hamlin - 3,U.S. House,25,DEM,Joseph D Morelle,11
Monroe,Hamlin - 3,U.S. House,25,DEM,Robin Wilt,2
Monroe,Hamlin - 3,U.S. House,25,DEM,Sherita S Traywick,1
Monroe,Hamlin - 4,Ballots Cast,,,,10
Monroe,Hamlin - 4,Comptroller,,DEM,Thomas P DiNapoli,9
Monroe,Hamlin - 4,Comptroller,,,Over Votes,1
Monroe,Hamlin - 4,U.S. House,25,DEM,Joseph D Morelle,7
Monroe,Hamlin - 4,U.S. House,25,DEM,Robin Wilt,2
Monroe,Hamlin - 4,U.S. House,25,,Over Votes,1
Monroe,Hamlin - 5,Ballots Cast,,,,13
Monroe,Hamlin - 5,Comptroller,,DEM,Thomas P DiNapoli,12
Monroe,Hamlin - 5,Comptroller,,,Under Votes,1
Monroe,Hamlin - 5,U.S. House,25,DEM,Joseph D Morelle,6
Monroe,Hamlin - 5,U.S. House,25,DEM,Robin Wilt,6
Monroe,Hamlin - 5,U.S. House,25,DEM,Sherita S Traywick,1
Monroe,Hamlin - 6,Ballots Cast,,,,18
Monroe,Hamlin - 6,Comptroller,,DEM,Drew Warshaw,2
Monroe,Hamlin - 6,Comptroller,,DEM,Raj Goyle,1
Monroe,Hamlin - 6,Comptroller,,DEM,Thomas P DiNapoli,15
Monroe,Hamlin - 6,U.S. House,25,DEM,Joseph D Morelle,12
Monroe,Hamlin - 6,U.S. House,25,DEM,Robin Wilt,6
Monroe,Hamlin - 7,Ballots Cast,,,,27
Monroe,Hamlin - 7,Comptroller,,DEM,Drew Warshaw,3
Monroe,Hamlin - 7,Comptroller,,DEM,Raj Goyle,4
Monroe,Hamlin - 7,Comptroller,,DEM,Thomas P DiNapoli,19
Monroe,Hamlin - 7,Comptroller,,,Under Votes,1
Monroe,Hamlin - 7,U.S. House,25,DEM,Joseph D Morelle,16
Monroe,Hamlin - 7,U.S. House,25,DEM,Robin Wilt,8
Monroe,Hamlin - 7,U.S. House,25,DEM,Sherita S Traywick,2
Monroe,Hamlin - 7,U.S. House,25,,Under Votes,1
Monroe,Hamlin - 8,Ballots Cast,,,,11
Monroe,Hamlin - 8,Comptroller,,DEM,Drew Warshaw,2
Monroe,Hamlin - 8,Comptroller,,DEM,Raj Goyle,1
Monroe,Hamlin - 8,Comptroller,,DEM,Thomas P DiNapoli,6
Monroe,Hamlin - 8,Comptroller,,,Under Votes,2
Monroe,Hamlin - 8,U.S. House,25,DEM,Joseph D Morelle,5
Monroe,Hamlin - 8,U.S. House,25,DEM,Robin Wilt,4
Monroe,Hamlin - 8,U.S. House,25,DEM,Sherita S Traywick,2
Monroe,Hamlin - 9,Ballots Cast,,,,7
Monroe,Hamlin - 9,Comptroller,,DEM,Raj Goyle,1
Monroe,Hamlin - 9,Comptroller,,DEM,Thomas P DiNapoli,6
Monroe,Hamlin - 9,U.S. House,25,DEM,Joseph D Morelle,4
Monroe,Hamlin - 9,U.S. House,25,DEM,Robin Wilt,1
Monroe,Hamlin - 9,U.S. House,25,DEM,Sherita S Traywick,2
Monroe,Hamlin - 10,Ballots Cast,,,,27
Monroe,Hamlin - 10,Comptroller,,DEM,Drew Warshaw,5
Monroe,Hamlin - 10,Comptroller,,DEM,Raj Goyle,1
Monroe,Hamlin - 10,Comptroller,,DEM,Thomas P DiNapoli,20
Monroe,Hamlin - 10,Comptroller,,,Under Votes,1
Monroe,Hamlin - 10,U.S. House,25,DEM,Joseph D Morelle,18
Monroe,Hamlin - 10,U.S. House,25,DEM,Robin Wilt,5
Monroe,Hamlin - 10,U.S. House,25,DEM,Sherita S Traywick,3
Monroe,Hamlin - 10,U.S. House,25,,Under Votes,1
Monroe,Henrietta - 1,Ballots Cast,,,,41
Monroe,Henrietta - 1,Comptroller,,DEM,Drew Warshaw,5
Monroe,Henrietta - 1,Comptroller,,DEM,Raj Goyle,7
Monroe,Henrietta - 1,Comptroller,,DEM,Thomas P DiNapoli,29
Monroe,Henrietta - 1,U.S. House,25,DEM,Joseph D Morelle,22
Monroe,Henrietta - 1,U.S. House,25,DEM,Robin Wilt,16
Monroe,Henrietta - 1,U.S. House,25,DEM,Sherita S Traywick,2
Monroe,Henrietta - 1,U.S. House,25,,Under Votes,1
Monroe,Henrietta - 2,Ballots Cast,,,,35
Monroe,Henrietta - 2,Comptroller,,DEM,Drew Warshaw,3
Monroe,Henrietta - 2,Comptroller,,DEM,Raj Goyle,6
Monroe,Henrietta - 2,Comptroller,,DEM,Thomas P DiNapoli,26
Monroe,Henrietta - 2,U.S. House,25,DEM,Joseph D Morelle,24
Monroe,Henrietta - 2,U.S. House,25,DEM,Robin Wilt,8
Monroe,Henrietta - 2,U.S. House,25,DEM,Sherita S Traywick,3
Monroe,Henrietta - 3,Ballots Cast,,,,37
Monroe,Henrietta - 3,Comptroller,,DEM,Drew Warshaw,4
Monroe,Henrietta - 3,Comptroller,,DEM,Raj Goyle,12
Monroe,Henrietta - 3,Comptroller,,DEM,Thomas P DiNapoli,21
Monroe,Henrietta - 3,U.S. House,25,DEM,Joseph D Morelle,17
Monroe,Henrietta - 3,U.S. House,25,DEM,Robin Wilt,14
Monroe,Henrietta - 3,U.S. House,25,DEM,Sherita S Traywick,6
Monroe,Henrietta - 4,Ballots Cast,,,,116
Monroe,Henrietta - 4,Comptroller,,DEM,Drew Warshaw,15
Monroe,Henrietta - 4,Comptroller,,DEM,Raj Goyle,16
Monroe,Henrietta - 4,Comptroller,,DEM,Thomas P DiNapoli,79
Monroe,Henrietta - 4,Comptroller,,,Over Votes,1
Monroe,Henrietta - 4,Comptroller,,,Under Votes,5
Monroe,Henrietta - 4,U.S. House,25,DEM,Joseph D Morelle,80
Monroe,Henrietta - 4,U.S. House,25,DEM,Robin Wilt,30
Monroe,Henrietta - 4,U.S. House,25,DEM,Sherita S Traywick,4
Monroe,Henrietta - 4,U.S. House,25,,Under Votes,2
Monroe,Henrietta - 5,Ballots Cast,,,,58
Monroe,Henrietta - 5,Comptroller,,DEM,Drew Warshaw,4
Monroe,Henrietta - 5,Comptroller,,DEM,Raj Goyle,4
Monroe,Henrietta - 5,Comptroller,,DEM,Thomas P DiNapoli,48
Monroe,Henrietta - 5,Comptroller,,,Under Votes,2
Monroe,Henrietta - 5,U.S. House,25,DEM,Joseph D Morelle,46
Monroe,Henrietta - 5,U.S. House,25,DEM,Robin Wilt,8
Monroe,Henrietta - 5,U.S. House,25,DEM,Sherita S Traywick,3
Monroe,Henrietta - 5,U.S. House,25,,Under Votes,1
Monroe,Henrietta - 6,Ballots Cast,,,,73
Monroe,Henrietta - 6,Comptroller,,DEM,Drew Warshaw,11
Monroe,Henrietta - 6,Comptroller,,DEM,Raj Goyle,11
Monroe,Henrietta - 6,Comptroller,,DEM,Thomas P DiNapoli,48
Monroe,Henrietta - 6,Comptroller,,DEM,Write-in,1
Monroe,Henrietta - 6,Comptroller,,,Under Votes,2
Monroe,Henrietta - 6,U.S. House,25,DEM,Joseph D Morelle,42
Monroe,Henrietta - 6,U.S. House,25,DEM,Robin Wilt,26
Monroe,Henrietta - 6,U.S. House,25,DEM,Sherita S Traywick,4
Monroe,Henrietta - 6,U.S. House,25,,Under Votes,1
Monroe,Henrietta - 7,Ballots Cast,,,,117
Monroe,Henrietta - 7,Comptroller,,DEM,Drew Warshaw,18
Monroe,Henrietta - 7,Comptroller,,DEM,Raj Goyle,10
Monroe,Henrietta - 7,Comptroller,,DEM,Thomas P DiNapoli,81
Monroe,Henrietta - 7,Comptroller,,,Under Votes,7
Monroe,Henrietta - 7,U.S. House,25,DEM,Joseph D Morelle,79
Monroe,Henrietta - 7,U.S. House,25,DEM,Robin Wilt,34
Monroe,Henrietta - 7,U.S. House,25,DEM,Sherita S Traywick,4
Monroe,Henrietta - 8,Ballots Cast,,,,81
Monroe,Henrietta - 8,Comptroller,,DEM,Drew Warshaw,14
Monroe,Henrietta - 8,Comptroller,,DEM,Raj Goyle,7
Monroe,Henrietta - 8,Comptroller,,DEM,Thomas P DiNapoli,58
Monroe,Henrietta - 8,Comptroller,,,Under Votes,1
Monroe,Henrietta - 8,U.S. House,25,DEM,Joseph D Morelle,41
Monroe,Henrietta - 8,U.S. House,25,DEM,Robin Wilt,34
Monroe,Henrietta - 8,U.S. House,25,DEM,Sherita S Traywick,5
Monroe,Henrietta - 8,U.S. House,25,,Under Votes,1
Monroe,Henrietta - 9,Ballots Cast,,,,70
Monroe,Henrietta - 9,Comptroller,,DEM,Drew Warshaw,12
Monroe,Henrietta - 9,Comptroller,,DEM,Raj Goyle,7
Monroe,Henrietta - 9,Comptroller,,DEM,Thomas P DiNapoli,48
Monroe,Henrietta - 9,Comptroller,,DEM,Write-in,1
Monroe,Henrietta - 9,Comptroller,,,Under Votes,2
Monroe,Henrietta - 9,U.S. House,25,DEM,Joseph D Morelle,45
Monroe,Henrietta - 9,U.S. House,25,DEM,Robin Wilt,20
Monroe,Henrietta - 9,U.S. House,25,DEM,Sherita S Traywick,4
Monroe,Henrietta - 9,U.S. House,25,DEM,Write-in,1
Monroe,Henrietta - 10,Ballots Cast,,,,130
Monroe,Henrietta - 10,Comptroller,,DEM,Drew Warshaw,14
Monroe,Henrietta - 10,Comptroller,,DEM,Raj Goyle,19
Monroe,Henrietta - 10,Comptroller,,DEM,Thomas P DiNapoli,91
Monroe,Henrietta - 10,Comptroller,,,Under Votes,6
Monroe,Henrietta - 10,U.S. House,25,DEM,Joseph D Morelle,71
Monroe,Henrietta - 10,U.S. House,25,DEM,Robin Wilt,44
Monroe,Henrietta - 10,U.S. House,25,DEM,Sherita S Traywick,14
Monroe,Henrietta - 10,U.S. House,25,,Under Votes,1
Monroe,Henrietta - 11,Ballots Cast,,,,43
Monroe,Henrietta - 11,Comptroller,,DEM,Drew Warshaw,9
Monroe,Henrietta - 11,Comptroller,,DEM,Raj Goyle,1
Monroe,Henrietta - 11,Comptroller,,DEM,Thomas P DiNapoli,31
Monroe,Henrietta - 11,Comptroller,,,Under Votes,2
Monroe,Henrietta - 11,U.S. House,25,DEM,Joseph D Morelle,28
Monroe,Henrietta - 11,U.S. House,25,DEM,Robin Wilt,12
Monroe,Henrietta - 11,U.S. House,25,DEM,Sherita S Traywick,3
Monroe,Henrietta - 12,Ballots Cast,,,,106
Monroe,Henrietta - 12,Comptroller,,DEM,Drew Warshaw,17
Monroe,Henrietta - 12,Comptroller,,DEM,Raj Goyle,15
Monroe,Henrietta - 12,Comptroller,,DEM,Thomas P DiNapoli,66
Monroe,Henrietta - 12,Comptroller,,,Under Votes,7
Monroe,Henrietta - 12,U.S. House,25,DEM,Joseph D Morelle,65
Monroe,Henrietta - 12,U.S. House,25,DEM,Robin Wilt,33
Monroe,Henrietta - 12,U.S. House,25,DEM,Sherita S Traywick,7
Monroe,Henrietta - 12,U.S. House,25,,Under Votes,1
Monroe,Henrietta - 13,Ballots Cast,,,,31
Monroe,Henrietta - 13,Comptroller,,DEM,Drew Warshaw,1
Monroe,Henrietta - 13,Comptroller,,DEM,Raj Goyle,3
Monroe,Henrietta - 13,Comptroller,,DEM,Thomas P DiNapoli,25
Monroe,Henrietta - 13,Comptroller,,,Under Votes,2
Monroe,Henrietta - 13,U.S. House,25,DEM,Joseph D Morelle,23
Monroe,Henrietta - 13,U.S. House,25,DEM,Robin Wilt,6
Monroe,Henrietta - 13,U.S. House,25,DEM,Sherita S Traywick,1
Monroe,Henrietta - 13,U.S. House,25,,Under Votes,1
Monroe,Henrietta - 14,Ballots Cast,,,,78
Monroe,Henrietta - 14,Comptroller,,DEM,Drew Warshaw,9
Monroe,Henrietta - 14,Comptroller,,DEM,Raj Goyle,11
Monroe,Henrietta - 14,Comptroller,,DEM,Thomas P DiNapoli,55
Monroe,Henrietta - 14,Comptroller,,DEM,Write-in,1
Monroe,Henrietta - 14,Comptroller,,,Over Votes,2
Monroe,Henrietta - 14,U.S. House,25,DEM,Joseph D Morelle,53
Monroe,Henrietta - 14,U.S. House,25,DEM,Robin Wilt,21
Monroe,Henrietta - 14,U.S. House,25,DEM,Sherita S Traywick,3
Monroe,Henrietta - 14,U.S. House,25,,Over Votes,1
Monroe,Henrietta - 15,Ballots Cast,,,,91
Monroe,Henrietta - 15,Comptroller,,DEM,Drew Warshaw,14
Monroe,Henrietta - 15,Comptroller,,DEM,Raj Goyle,22
Monroe,Henrietta - 15,Comptroller,,DEM,Thomas P DiNapoli,49
Monroe,Henrietta - 15,Comptroller,,DEM,Write-in,1
Monroe,Henrietta - 15,Comptroller,,,Over Votes,1
Monroe,Henrietta - 15,Comptroller,,,Under Votes,3
Monroe,Henrietta - 15,U.S. House,25,DEM,Joseph D Morelle,50
Monroe,Henrietta - 15,U.S. House,25,DEM,Robin Wilt,32
Monroe,Henrietta - 15,U.S. House,25,DEM,Sherita S Traywick,8
Monroe,Henrietta - 15,U.S. House,25,,Over Votes,1
Monroe,Henrietta - 16,Ballots Cast,,,,51
Monroe,Henrietta - 16,Comptroller,,DEM,Drew Warshaw,4
Monroe,Henrietta - 16,Comptroller,,DEM,Raj Goyle,5
Monroe,Henrietta - 16,Comptroller,,DEM,Thomas P DiNapoli,39
Monroe,Henrietta - 16,Comptroller,,,Under Votes,3
Monroe,Henrietta - 16,U.S. House,25,DEM,Joseph D Morelle,33
Monroe,Henrietta - 16,U.S. House,25,DEM,Robin Wilt,16
Monroe,Henrietta - 16,U.S. House,25,DEM,Sherita S Traywick,2
Monroe,Henrietta - 17,Ballots Cast,,,,150
Monroe,Henrietta - 17,Comptroller,,DEM,Drew Warshaw,14
Monroe,Henrietta - 17,Comptroller,,DEM,Raj Goyle,10
Monroe,Henrietta - 17,Comptroller,,DEM,Thomas P DiNapoli,121
Monroe,Henrietta - 17,Comptroller,,,Under Votes,5
Monroe,Henrietta - 17,U.S. House,25,DEM,Joseph D Morelle,127
Monroe,Henrietta - 17,U.S. House,25,DEM,Robin Wilt,19
Monroe,Henrietta - 17,U.S. House,25,DEM,Sherita S Traywick,4
Monroe,Henrietta - 18,Ballots Cast,,,,58
Monroe,Henrietta - 18,Comptroller,,DEM,Drew Warshaw,9
Monroe,Henrietta - 18,Comptroller,,DEM,Raj Goyle,9
Monroe,Henrietta - 18,Comptroller,,DEM,Thomas P DiNapoli,37
Monroe,Henrietta - 18,Comptroller,,,Under Votes,3
Monroe,Henrietta - 18,U.S. House,25,DEM,Joseph D Morelle,36
Monroe,Henrietta - 18,U.S. House,25,DEM,Robin Wilt,20
Monroe,Henrietta - 18,U.S. House,25,DEM,Sherita S Traywick,2
Monroe,Henrietta - 19,Ballots Cast,,,,42
Monroe,Henrietta - 19,Comptroller,,DEM,Drew Warshaw,4
Monroe,Henrietta - 19,Comptroller,,DEM,Raj Goyle,6
Monroe,Henrietta - 19,Comptroller,,DEM,Thomas P DiNapoli,29
Monroe,Henrietta - 19,Comptroller,,,Under Votes,3
Monroe,Henrietta - 19,U.S. House,25,DEM,Joseph D Morelle,24
Monroe,Henrietta - 19,U.S. House,25,DEM,Robin Wilt,13
Monroe,Henrietta - 19,U.S. House,25,DEM,Sherita S Traywick,5
Monroe,Henrietta - 20,Ballots Cast,,,,31
Monroe,Henrietta - 20,Comptroller,,DEM,Drew Warshaw,6
Monroe,Henrietta - 20,Comptroller,,DEM,Raj Goyle,2
Monroe,Henrietta - 20,Comptroller,,DEM,Thomas P DiNapoli,22
Monroe,Henrietta - 20,Comptroller,,,Over Votes,1
Monroe,Henrietta - 20,U.S. House,25,DEM,Joseph D Morelle,18
Monroe,Henrietta - 20,U.S. House,25,DEM,Robin Wilt,10
Monroe,Henrietta - 20,U.S. House,25,DEM,Sherita S Traywick,2
Monroe,Henrietta - 20,U.S. House,25,,Over Votes,1
Monroe,Henrietta - 21,Ballots Cast,,,,104
Monroe,Henrietta - 21,Comptroller,,DEM,Drew Warshaw,33
Monroe,Henrietta - 21,Comptroller,,DEM,Raj Goyle,14
Monroe,Henrietta - 21,Comptroller,,DEM,Thomas P DiNapoli,57
Monroe,Henrietta - 21,U.S. House,25,DEM,Joseph D Morelle,45
Monroe,Henrietta - 21,U.S. House,25,DEM,Robin Wilt,54
Monroe,Henrietta - 21,U.S. House,25,DEM,Sherita S Traywick,4
Monroe,Henrietta - 21,U.S. House,25,,Under Votes,1
Monroe,Henrietta - 22,Ballots Cast,,,,85
Monroe,Henrietta - 22,Comptroller,,DEM,Drew Warshaw,13
Monroe,Henrietta - 22,Comptroller,,DEM,Raj Goyle,12
Monroe,Henrietta - 22,Comptroller,,DEM,Thomas P DiNapoli,59
Monroe,Henrietta - 22,Comptroller,,,Under Votes,1
Monroe,Henrietta - 22,U.S. House,25,DEM,Joseph D Morelle,59
Monroe,Henrietta - 22,U.S. House,25,DEM,Robin Wilt,23
Monroe,Henrietta - 22,U.S. House,25,DEM,Sherita S Traywick,2
Monroe,Henrietta - 22,U.S. House,25,,Under Votes,1
Monroe,Henrietta - 23,Ballots Cast,,,,71
Monroe,Henrietta - 23,Comptroller,,DEM,Drew Warshaw,4
Monroe,Henrietta - 23,Comptroller,,DEM,Raj Goyle,8
Monroe,Henrietta - 23,Comptroller,,DEM,Thomas P DiNapoli,54
Monroe,Henrietta - 23,Comptroller,,,Under Votes,5
Monroe,Henrietta - 23,U.S. House,25,DEM,Joseph D Morelle,53
Monroe,Henrietta - 23,U.S. House,25,DEM,Robin Wilt,16
Monroe,Henrietta - 23,U.S. House,25,DEM,Sherita S Traywick,1
Monroe,Henrietta - 23,U.S. House,25,,Under Votes,1
Monroe,Henrietta - 24,Ballots Cast,,,,70
Monroe,Henrietta - 24,Comptroller,,DEM,Drew Warshaw,15
Monroe,Henrietta - 24,Comptroller,,DEM,Raj Goyle,3
Monroe,Henrietta - 24,Comptroller,,DEM,Thomas P DiNapoli,46
Monroe,Henrietta - 24,Comptroller,,,Over Votes,1
Monroe,Henrietta - 24,Comptroller,,,Under Votes,3
Monroe,Henrietta - 24,U.S. House,25,DEM,Joseph D Morelle,40
Monroe,Henrietta - 24,U.S. House,25,DEM,Robin Wilt,26
Monroe,Henrietta - 24,U.S. House,25,DEM,Sherita S Traywick,3
Monroe,Henrietta - 24,U.S. House,25,,Under Votes,1
Monroe,Henrietta - 25,Ballots Cast,,,,91
Monroe,Henrietta - 25,Comptroller,,DEM,Drew Warshaw,22
Monroe,Henrietta - 25,Comptroller,,DEM,Raj Goyle,10
Monroe,Henrietta - 25,Comptroller,,DEM,Thomas P DiNapoli,55
Monroe,Henrietta - 25,Comptroller,,,Under Votes,4
Monroe,Henrietta - 25,U.S. House,25,DEM,Joseph D Morelle,60
Monroe,Henrietta - 25,U.S. House,25,DEM,Robin Wilt,25
Monroe,Henrietta - 25,U.S. House,25,DEM,Sherita S Traywick,4
Monroe,Henrietta - 25,U.S. House,25,,Under Votes,2
Monroe,Henrietta - 26,Ballots Cast,,,,105
Monroe,Henrietta - 26,Comptroller,,DEM,Drew Warshaw,9
Monroe,Henrietta - 26,Comptroller,,DEM,Raj Goyle,14
Monroe,Henrietta - 26,Comptroller,,DEM,Thomas P DiNapoli,77
Monroe,Henrietta - 26,Comptroller,,,Over Votes,1
Monroe,Henrietta - 26,Comptroller,,,Under Votes,4
Monroe,Henrietta - 26,U.S. House,25,DEM,Joseph D Morelle,78
Monroe,Henrietta - 26,U.S. House,25,DEM,Robin Wilt,22
Monroe,Henrietta - 26,U.S. House,25,DEM,Sherita S Traywick,3
Monroe,Henrietta - 26,U.S. House,25,,Over Votes,1
Monroe,Henrietta - 26,U.S. House,25,,Under Votes,1
Monroe,Henrietta - 27,Ballots Cast,,,,83
Monroe,Henrietta - 27,Comptroller,,DEM,Drew Warshaw,9
Monroe,Henrietta - 27,Comptroller,,DEM,Raj Goyle,9
Monroe,Henrietta - 27,Comptroller,,DEM,Thomas P DiNapoli,63
Monroe,Henrietta - 27,Comptroller,,,Under Votes,2
Monroe,Henrietta - 27,U.S. House,25,DEM,Joseph D Morelle,66
Monroe,Henrietta - 27,U.S. House,25,DEM,Robin Wilt,15
Monroe,Henrietta - 27,U.S. House,25,DEM,Sherita S Traywick,2
Monroe,Henrietta - 28,Ballots Cast,,,,61
Monroe,Henrietta - 28,Comptroller,,DEM,Drew Warshaw,12
Monroe,Henrietta - 28,Comptroller,,DEM,Raj Goyle,7
Monroe,Henrietta - 28,Comptroller,,DEM,Thomas P DiNapoli,41
Monroe,Henrietta - 28,Comptroller,,,Under Votes,1
Monroe,Henrietta - 28,U.S. House,25,DEM,Joseph D Morelle,34
Monroe,Henrietta - 28,U.S. House,25,DEM,Robin Wilt,24
Monroe,Henrietta - 28,U.S. House,25,DEM,Sherita S Traywick,3
Monroe,Irondequoit - 1,Ballots Cast,,,,113
Monroe,Irondequoit - 1,Comptroller,,DEM,Drew Warshaw,22
Monroe,Irondequoit - 1,Comptroller,,DEM,Raj Goyle,13
Monroe,Irondequoit - 1,Comptroller,,DEM,Thomas P DiNapoli,69
Monroe,Irondequoit - 1,Comptroller,,,Over Votes,1
Monroe,Irondequoit - 1,Comptroller,,,Under Votes,8
Monroe,Irondequoit - 1,U.S. House,25,DEM,Joseph D Morelle,60
Monroe,Irondequoit - 1,U.S. House,25,DEM,Robin Wilt,49
Monroe,Irondequoit - 1,U.S. House,25,DEM,Sherita S Traywick,2
Monroe,Irondequoit - 1,U.S. House,25,,Over Votes,1
Monroe,Irondequoit - 1,U.S. House,25,,Under Votes,1
Monroe,Irondequoit - 2,Ballots Cast,,,,82
Monroe,Irondequoit - 2,Comptroller,,DEM,Drew Warshaw,12
Monroe,Irondequoit - 2,Comptroller,,DEM,Raj Goyle,8
Monroe,Irondequoit - 2,Comptroller,,DEM,Thomas P DiNapoli,56
Monroe,Irondequoit - 2,Comptroller,,DEM,Write-in,1
Monroe,Irondequoit - 2,Comptroller,,,Under Votes,5
Monroe,Irondequoit - 2,U.S. House,25,DEM,Joseph D Morelle,44
Monroe,Irondequoit - 2,U.S. House,25,DEM,Robin Wilt,29
Monroe,Irondequoit - 2,U.S. House,25,DEM,Sherita S Traywick,9
Monroe,Irondequoit - 3,Ballots Cast,,,,62
Monroe,Irondequoit - 3,Comptroller,,DEM,Drew Warshaw,17
Monroe,Irondequoit - 3,Comptroller,,DEM,Raj Goyle,5
Monroe,Irondequoit - 3,Comptroller,,DEM,Thomas P DiNapoli,40
Monroe,Irondequoit - 3,U.S. House,25,DEM,Joseph D Morelle,28
Monroe,Irondequoit - 3,U.S. House,25,DEM,Robin Wilt,29
Monroe,Irondequoit - 3,U.S. House,25,DEM,Sherita S Traywick,5
Monroe,Irondequoit - 4,Ballots Cast,,,,73
Monroe,Irondequoit - 4,Comptroller,,DEM,Drew Warshaw,15
Monroe,Irondequoit - 4,Comptroller,,DEM,Raj Goyle,5
Monroe,Irondequoit - 4,Comptroller,,DEM,Thomas P DiNapoli,47
Monroe,Irondequoit - 4,Comptroller,,,Under Votes,5
Monroe,Irondequoit - 4,U.S. House,25,DEM,Joseph D Morelle,43
Monroe,Irondequoit - 4,U.S. House,25,DEM,Robin Wilt,26
Monroe,Irondequoit - 4,U.S. House,25,DEM,Sherita S Traywick,4
Monroe,Irondequoit - 5,Ballots Cast,,,,111
Monroe,Irondequoit - 5,Comptroller,,DEM,Drew Warshaw,20
Monroe,Irondequoit - 5,Comptroller,,DEM,Raj Goyle,23
Monroe,Irondequoit - 5,Comptroller,,DEM,Thomas P DiNapoli,63
Monroe,Irondequoit - 5,Comptroller,,,Under Votes,5
Monroe,Irondequoit - 5,U.S. House,25,DEM,Joseph D Morelle,61
Monroe,Irondequoit - 5,U.S. House,25,DEM,Robin Wilt,44
Monroe,Irondequoit - 5,U.S. House,25,DEM,Sherita S Traywick,5
Monroe,Irondequoit - 5,U.S. House,25,,Under Votes,1
Monroe,Irondequoit - 6,Ballots Cast,,,,83
Monroe,Irondequoit - 6,Comptroller,,DEM,Drew Warshaw,9
Monroe,Irondequoit - 6,Comptroller,,DEM,Raj Goyle,8
Monroe,Irondequoit - 6,Comptroller,,DEM,Thomas P DiNapoli,65
Monroe,Irondequoit - 6,Comptroller,,,Under Votes,1
Monroe,Irondequoit - 6,U.S. House,25,DEM,Joseph D Morelle,45
Monroe,Irondequoit - 6,U.S. House,25,DEM,Robin Wilt,37
Monroe,Irondequoit - 6,U.S. House,25,DEM,Sherita S Traywick,1
Monroe,Irondequoit - 7,Ballots Cast,,,,63
Monroe,Irondequoit - 7,Comptroller,,DEM,Drew Warshaw,7
Monroe,Irondequoit - 7,Comptroller,,DEM,Raj Goyle,6
Monroe,Irondequoit - 7,Comptroller,,DEM,Thomas P DiNapoli,46
Monroe,Irondequoit - 7,Comptroller,,,Under Votes,4
Monroe,Irondequoit - 7,U.S. House,25,DEM,Joseph D Morelle,41
Monroe,Irondequoit - 7,U.S. House,25,DEM,Robin Wilt,20
Monroe,Irondequoit - 7,U.S. House,25,DEM,Sherita S Traywick,2
Monroe,Irondequoit - 8,Ballots Cast,,,,27
Monroe,Irondequoit - 8,Comptroller,,DEM,Drew Warshaw,7
Monroe,Irondequoit - 8,Comptroller,,DEM,Raj Goyle,4
Monroe,Irondequoit - 8,Comptroller,,DEM,Thomas P DiNapoli,16
Monroe,Irondequoit - 8,U.S. House,25,DEM,Joseph D Morelle,13
Monroe,Irondequoit - 8,U.S. House,25,DEM,Robin Wilt,11
Monroe,Irondequoit - 8,U.S. House,25,DEM,Sherita S Traywick,3
Monroe,Irondequoit - 9,Ballots Cast,,,,28
Monroe,Irondequoit - 9,Comptroller,,DEM,Drew Warshaw,4
Monroe,Irondequoit - 9,Comptroller,,DEM,Raj Goyle,3
Monroe,Irondequoit - 9,Comptroller,,DEM,Thomas P DiNapoli,19
Monroe,Irondequoit - 9,Comptroller,,,Under Votes,2
Monroe,Irondequoit - 9,U.S. House,25,DEM,Joseph D Morelle,20
Monroe,Irondequoit - 9,U.S. House,25,DEM,Robin Wilt,5
Monroe,Irondequoit - 9,U.S. House,25,DEM,Sherita S Traywick,3
Monroe,Irondequoit - 10,Ballots Cast,,,,89
Monroe,Irondequoit - 10,Comptroller,,DEM,Drew Warshaw,17
Monroe,Irondequoit - 10,Comptroller,,DEM,Raj Goyle,11
Monroe,Irondequoit - 10,Comptroller,,DEM,Thomas P DiNapoli,58
Monroe,Irondequoit - 10,Comptroller,,,Over Votes,1
Monroe,Irondequoit - 10,Comptroller,,,Under Votes,2
Monroe,Irondequoit - 10,U.S. House,25,DEM,Joseph D Morelle,49
Monroe,Irondequoit - 10,U.S. House,25,DEM,Robin Wilt,35
Monroe,Irondequoit - 10,U.S. House,25,DEM,Sherita S Traywick,4
Monroe,Irondequoit - 10,U.S. House,25,,Over Votes,1
Monroe,Irondequoit - 11,Ballots Cast,,,,98
Monroe,Irondequoit - 11,Comptroller,,DEM,Drew Warshaw,16
Monroe,Irondequoit - 11,Comptroller,,DEM,Raj Goyle,8
Monroe,Irondequoit - 11,Comptroller,,DEM,Thomas P DiNapoli,69
Monroe,Irondequoit - 11,Comptroller,,,Under Votes,5
Monroe,Irondequoit - 11,U.S. House,25,DEM,Joseph D Morelle,63
Monroe,Irondequoit - 11,U.S. House,25,DEM,Robin Wilt,33
Monroe,Irondequoit - 11,U.S. House,25,DEM,Sherita S Traywick,2
Monroe,Irondequoit - 12,Ballots Cast,,,,14
Monroe,Irondequoit - 12,Comptroller,,DEM,Raj Goyle,2
Monroe,Irondequoit - 12,Comptroller,,DEM,Thomas P DiNapoli,11
Monroe,Irondequoit - 12,Comptroller,,,Under Votes,1
Monroe,Irondequoit - 12,U.S. House,25,DEM,Joseph D Morelle,7
Monroe,Irondequoit - 12,U.S. House,25,DEM,Robin Wilt,6
Monroe,Irondequoit - 12,U.S. House,25,DEM,Sherita S Traywick,1
Monroe,Irondequoit - 13,Ballots Cast,,,,91
Monroe,Irondequoit - 13,Comptroller,,DEM,Drew Warshaw,14
Monroe,Irondequoit - 13,Comptroller,,DEM,Raj Goyle,7
Monroe,Irondequoit - 13,Comptroller,,DEM,Thomas P DiNapoli,67
Monroe,Irondequoit - 13,Comptroller,,DEM,Write-in,1
Monroe,Irondequoit - 13,Comptroller,,,Under Votes,2
Monroe,Irondequoit - 13,U.S. House,25,DEM,Joseph D Morelle,58
Monroe,Irondequoit - 13,U.S. House,25,DEM,Robin Wilt,30
Monroe,Irondequoit - 13,U.S. House,25,DEM,Sherita S Traywick,3
Monroe,Irondequoit - 14,Ballots Cast,,,,56
Monroe,Irondequoit - 14,Comptroller,,DEM,Drew Warshaw,14
Monroe,Irondequoit - 14,Comptroller,,DEM,Raj Goyle,11
Monroe,Irondequoit - 14,Comptroller,,DEM,Thomas P DiNapoli,26
Monroe,Irondequoit - 14,Comptroller,,,Over Votes,1
Monroe,Irondequoit - 14,Comptroller,,,Under Votes,4
Monroe,Irondequoit - 14,U.S. House,25,DEM,Joseph D Morelle,24
Monroe,Irondequoit - 14,U.S. House,25,DEM,Robin Wilt,28
Monroe,Irondequoit - 14,U.S. House,25,DEM,Sherita S Traywick,3
Monroe,Irondequoit - 14,U.S. House,25,,Under Votes,1
Monroe,Irondequoit - 15,Ballots Cast,,,,58
Monroe,Irondequoit - 15,Comptroller,,DEM,Drew Warshaw,2
Monroe,Irondequoit - 15,Comptroller,,DEM,Raj Goyle,5
Monroe,Irondequoit - 15,Comptroller,,DEM,Thomas P DiNapoli,46
Monroe,Irondequoit - 15,Comptroller,,,Under Votes,4
Monroe,Irondequoit - 15,U.S. House,25,DEM,Joseph D Morelle,45
Monroe,Irondequoit - 15,U.S. House,25,DEM,Robin Wilt,13
Monroe,Irondequoit - 16,Ballots Cast,,,,95
Monroe,Irondequoit - 16,Comptroller,,DEM,Drew Warshaw,11
Monroe,Irondequoit - 16,Comptroller,,DEM,Raj Goyle,12
Monroe,Irondequoit - 16,Comptroller,,DEM,Thomas P DiNapoli,69
Monroe,Irondequoit - 16,Comptroller,,DEM,Write-in,2
Monroe,Irondequoit - 16,Comptroller,,,Under Votes,1
Monroe,Irondequoit - 16,U.S. House,25,DEM,Joseph D Morelle,50
Monroe,Irondequoit - 16,U.S. House,25,DEM,Robin Wilt,40
Monroe,Irondequoit - 16,U.S. House,25,DEM,Sherita S Traywick,4
Monroe,Irondequoit - 16,U.S. House,25,DEM,Write-in,1
Monroe,Irondequoit - 17,Ballots Cast,,,,103
Monroe,Irondequoit - 17,Comptroller,,DEM,Drew Warshaw,25
Monroe,Irondequoit - 17,Comptroller,,DEM,Raj Goyle,22
Monroe,Irondequoit - 17,Comptroller,,DEM,Thomas P DiNapoli,51
Monroe,Irondequoit - 17,Comptroller,,,Under Votes,5
Monroe,Irondequoit - 17,U.S. House,25,DEM,Joseph D Morelle,32
Monroe,Irondequoit - 17,U.S. House,25,DEM,Robin Wilt,67
Monroe,Irondequoit - 17,U.S. House,25,DEM,Sherita S Traywick,4
Monroe,Irondequoit - 18,Ballots Cast,,,,63
Monroe,Irondequoit - 18,Comptroller,,DEM,Drew Warshaw,5
Monroe,Irondequoit - 18,Comptroller,,DEM,Raj Goyle,3
Monroe,Irondequoit - 18,Comptroller,,DEM,Thomas P DiNapoli,50
Monroe,Irondequoit - 18,Comptroller,,,Under Votes,4
Monroe,Irondequoit - 18,U.S. House,25,DEM,Joseph D Morelle,38
Monroe,Irondequoit - 18,U.S. House,25,DEM,Robin Wilt,24
Monroe,Irondequoit - 18,U.S. House,25,DEM,Sherita S Traywick,1
Monroe,Irondequoit - 19,Ballots Cast,,,,72
Monroe,Irondequoit - 19,Comptroller,,DEM,Drew Warshaw,12
Monroe,Irondequoit - 19,Comptroller,,DEM,Raj Goyle,11
Monroe,Irondequoit - 19,Comptroller,,DEM,Thomas P DiNapoli,47
Monroe,Irondequoit - 19,Comptroller,,,Under Votes,2
Monroe,Irondequoit - 19,U.S. House,25,DEM,Joseph D Morelle,54
Monroe,Irondequoit - 19,U.S. House,25,DEM,Robin Wilt,14
Monroe,Irondequoit - 19,U.S. House,25,DEM,Sherita S Traywick,4
Monroe,Irondequoit - 20,Ballots Cast,,,,82
Monroe,Irondequoit - 20,Comptroller,,DEM,Drew Warshaw,17
Monroe,Irondequoit - 20,Comptroller,,DEM,Raj Goyle,7
Monroe,Irondequoit - 20,Comptroller,,DEM,Thomas P DiNapoli,56
Monroe,Irondequoit - 20,Comptroller,,,Under Votes,2
Monroe,Irondequoit - 20,U.S. House,25,DEM,Joseph D Morelle,41
Monroe,Irondequoit - 20,U.S. House,25,DEM,Robin Wilt,39
Monroe,Irondequoit - 20,U.S. House,25,DEM,Sherita S Traywick,2
Monroe,Irondequoit - 21,Ballots Cast,,,,152
Monroe,Irondequoit - 21,Comptroller,,DEM,Drew Warshaw,24
Monroe,Irondequoit - 21,Comptroller,,DEM,Raj Goyle,25
Monroe,Irondequoit - 21,Comptroller,,DEM,Thomas P DiNapoli,99
Monroe,Irondequoit - 21,Comptroller,,DEM,Write-in,1
Monroe,Irondequoit - 21,Comptroller,,,Under Votes,3
Monroe,Irondequoit - 21,U.S. House,25,DEM,Joseph D Morelle,62
Monroe,Irondequoit - 21,U.S. House,25,DEM,Robin Wilt,83
Monroe,Irondequoit - 21,U.S. House,25,DEM,Sherita S Traywick,5
Monroe,Irondequoit - 21,U.S. House,25,DEM,Write-in,1
Monroe,Irondequoit - 21,U.S. House,25,,Under Votes,1
Monroe,Irondequoit - 22,Ballots Cast,,,,34
Monroe,Irondequoit - 22,Comptroller,,DEM,Drew Warshaw,4
Monroe,Irondequoit - 22,Comptroller,,DEM,Raj Goyle,3
Monroe,Irondequoit - 22,Comptroller,,DEM,Thomas P DiNapoli,25
Monroe,Irondequoit - 22,Comptroller,,,Under Votes,2
Monroe,Irondequoit - 22,U.S. House,25,DEM,Joseph D Morelle,17
Monroe,Irondequoit - 22,U.S. House,25,DEM,Robin Wilt,15
Monroe,Irondequoit - 22,U.S. House,25,DEM,Sherita S Traywick,2
Monroe,Irondequoit - 23,Ballots Cast,,,,117
Monroe,Irondequoit - 23,Comptroller,,DEM,Drew Warshaw,21
Monroe,Irondequoit - 23,Comptroller,,DEM,Raj Goyle,11
Monroe,Irondequoit - 23,Comptroller,,DEM,Thomas P DiNapoli,75
Monroe,Irondequoit - 23,Comptroller,,,Over Votes,1
Monroe,Irondequoit - 23,Comptroller,,,Under Votes,9
Monroe,Irondequoit - 23,U.S. House,25,DEM,Joseph D Morelle,65
Monroe,Irondequoit - 23,U.S. House,25,DEM,Robin Wilt,50
Monroe,Irondequoit - 23,U.S. House,25,DEM,Sherita S Traywick,2
Monroe,Irondequoit - 24,Ballots Cast,,,,54
Monroe,Irondequoit - 24,Comptroller,,DEM,Drew Warshaw,13
Monroe,Irondequoit - 24,Comptroller,,DEM,Raj Goyle,9
Monroe,Irondequoit - 24,Comptroller,,DEM,Thomas P DiNapoli,30
Monroe,Irondequoit - 24,Comptroller,,,Under Votes,2
Monroe,Irondequoit - 24,U.S. House,25,DEM,Joseph D Morelle,17
Monroe,Irondequoit - 24,U.S. House,25,DEM,Robin Wilt,36
Monroe,Irondequoit - 24,U.S. House,25,DEM,Sherita S Traywick,1
Monroe,Irondequoit - 25,Ballots Cast,,,,100
Monroe,Irondequoit - 25,Comptroller,,DEM,Drew Warshaw,17
Monroe,Irondequoit - 25,Comptroller,,DEM,Raj Goyle,15
Monroe,Irondequoit - 25,Comptroller,,DEM,Thomas P DiNapoli,65
Monroe,Irondequoit - 25,Comptroller,,,Under Votes,3
Monroe,Irondequoit - 25,U.S. House,25,DEM,Joseph D Morelle,63
Monroe,Irondequoit - 25,U.S. House,25,DEM,Robin Wilt,32
Monroe,Irondequoit - 25,U.S. House,25,DEM,Sherita S Traywick,5
Monroe,Irondequoit - 26,Ballots Cast,,,,66
Monroe,Irondequoit - 26,Comptroller,,DEM,Drew Warshaw,8
Monroe,Irondequoit - 26,Comptroller,,DEM,Raj Goyle,6
Monroe,Irondequoit - 26,Comptroller,,DEM,Thomas P DiNapoli,44
Monroe,Irondequoit - 26,Comptroller,,DEM,Write-in,2
Monroe,Irondequoit - 26,Comptroller,,,Over Votes,2
Monroe,Irondequoit - 26,Comptroller,,,Under Votes,4
Monroe,Irondequoit - 26,U.S. House,25,DEM,Joseph D Morelle,37
Monroe,Irondequoit - 26,U.S. House,25,DEM,Robin Wilt,21
Monroe,Irondequoit - 26,U.S. House,25,DEM,Sherita S Traywick,4
Monroe,Irondequoit - 26,U.S. House,25,DEM,Write-in,2
Monroe,Irondequoit - 26,U.S. House,25,,Under Votes,2
Monroe,Irondequoit - 27,Ballots Cast,,,,64
Monroe,Irondequoit - 27,Comptroller,,DEM,Drew Warshaw,8
Monroe,Irondequoit - 27,Comptroller,,DEM,Raj Goyle,5
Monroe,Irondequoit - 27,Comptroller,,DEM,Thomas P DiNapoli,47
Monroe,Irondequoit - 27,Comptroller,,,Under Votes,4
Monroe,Irondequoit - 27,U.S. House,25,DEM,Joseph D Morelle,40
Monroe,Irondequoit - 27,U.S. House,25,DEM,Robin Wilt,22
Monroe,Irondequoit - 27,U.S. House,25,DEM,Sherita S Traywick,2
Monroe,Irondequoit - 28,Ballots Cast,,,,87
Monroe,Irondequoit - 28,Comptroller,,DEM,Drew Warshaw,13
Monroe,Irondequoit - 28,Comptroller,,DEM,Raj Goyle,15
Monroe,Irondequoit - 28,Comptroller,,DEM,Thomas P DiNapoli,55
Monroe,Irondequoit - 28,Comptroller,,,Over Votes,1
Monroe,Irondequoit - 28,Comptroller,,,Under Votes,3
Monroe,Irondequoit - 28,U.S. House,25,DEM,Joseph D Morelle,59
Monroe,Irondequoit - 28,U.S. House,25,DEM,Robin Wilt,20
Monroe,Irondequoit - 28,U.S. House,25,DEM,Sherita S Traywick,5
Monroe,Irondequoit - 28,U.S. House,25,,Over Votes,1
Monroe,Irondequoit - 28,U.S. House,25,,Under Votes,2
Monroe,Irondequoit - 29,Ballots Cast,,,,135
Monroe,Irondequoit - 29,Comptroller,,DEM,Drew Warshaw,16
Monroe,Irondequoit - 29,Comptroller,,DEM,Raj Goyle,15
Monroe,Irondequoit - 29,Comptroller,,DEM,Thomas P DiNapoli,98
Monroe,Irondequoit - 29,Comptroller,,,Over Votes,2
Monroe,Irondequoit - 29,Comptroller,,,Under Votes,4
Monroe,Irondequoit - 29,Member of County Committee - Iron 29,,DEM,Dana C Hipolito,87
Monroe,Irondequoit - 29,Member of County Committee - Iron 29,,DEM,Heather J Misula,92
Monroe,Irondequoit - 29,Member of County Committee - Iron 29,,DEM,Jennifer M Goheen,95
Monroe,Irondequoit - 29,Member of County Committee - Iron 29,,DEM,Jimmy D Tappon,67
Monroe,Irondequoit - 29,Member of County Committee - Iron 29,,DEM,Thomas M Hasman,75
Monroe,Irondequoit - 29,Member of County Committee - Iron 29,,DEM,Write-in,1
Monroe,Irondequoit - 29,Member of County Committee - Iron 29,,,Under Votes,123
Monroe,Irondequoit - 29,U.S. House,25,DEM,Joseph D Morelle,70
Monroe,Irondequoit - 29,U.S. House,25,DEM,Robin Wilt,57
Monroe,Irondequoit - 29,U.S. House,25,DEM,Sherita S Traywick,4
Monroe,Irondequoit - 29,U.S. House,25,,Over Votes,2
Monroe,Irondequoit - 29,U.S. House,25,,Under Votes,2
Monroe,Irondequoit - 30,Ballots Cast,,,,53
Monroe,Irondequoit - 30,Comptroller,,DEM,Drew Warshaw,10
Monroe,Irondequoit - 30,Comptroller,,DEM,Raj Goyle,3
Monroe,Irondequoit - 30,Comptroller,,DEM,Thomas P DiNapoli,38
Monroe,Irondequoit - 30,Comptroller,,DEM,Write-in,1
Monroe,Irondequoit - 30,Comptroller,,,Under Votes,1
Monroe,Irondequoit - 30,U.S. House,25,DEM,Joseph D Morelle,26
Monroe,Irondequoit - 30,U.S. House,25,DEM,Robin Wilt,24
Monroe,Irondequoit - 30,U.S. House,25,DEM,Sherita S Traywick,2
Monroe,Irondequoit - 30,U.S. House,25,DEM,Write-in,1
Monroe,Irondequoit - 31,Ballots Cast,,,,51
Monroe,Irondequoit - 31,Comptroller,,DEM,Drew Warshaw,8
Monroe,Irondequoit - 31,Comptroller,,DEM,Raj Goyle,4
Monroe,Irondequoit - 31,Comptroller,,DEM,Thomas P DiNapoli,31
Monroe,Irondequoit - 31,Comptroller,,,Under Votes,8
Monroe,Irondequoit - 31,U.S. House,25,DEM,Joseph D Morelle,32
Monroe,Irondequoit - 31,U.S. House,25,DEM,Robin Wilt,13
Monroe,Irondequoit - 31,U.S. House,25,DEM,Sherita S Traywick,3
Monroe,Irondequoit - 31,U.S. House,25,,Under Votes,3
Monroe,Irondequoit - 32,Ballots Cast,,,,124
Monroe,Irondequoit - 32,Comptroller,,DEM,Drew Warshaw,11
Monroe,Irondequoit - 32,Comptroller,,DEM,Raj Goyle,9
Monroe,Irondequoit - 32,Comptroller,,DEM,Thomas P DiNapoli,98
Monroe,Irondequoit - 32,Comptroller,,,Under Votes,6
Monroe,Irondequoit - 32,U.S. House,25,DEM,Joseph D Morelle,98
Monroe,Irondequoit - 32,U.S. House,25,DEM,Robin Wilt,21
Monroe,Irondequoit - 32,U.S. House,25,DEM,Sherita S Traywick,3
Monroe,Irondequoit - 32,U.S. House,25,,Under Votes,2
Monroe,Irondequoit - 33,Ballots Cast,,,,62
Monroe,Irondequoit - 33,Comptroller,,DEM,Drew Warshaw,6
Monroe,Irondequoit - 33,Comptroller,,DEM,Raj Goyle,10
Monroe,Irondequoit - 33,Comptroller,,DEM,Thomas P DiNapoli,41
Monroe,Irondequoit - 33,Comptroller,,,Under Votes,5
Monroe,Irondequoit - 33,U.S. House,25,DEM,Joseph D Morelle,37
Monroe,Irondequoit - 33,U.S. House,25,DEM,Robin Wilt,18
Monroe,Irondequoit - 33,U.S. House,25,DEM,Sherita S Traywick,6
Monroe,Irondequoit - 33,U.S. House,25,,Under Votes,1
Monroe,Irondequoit - 34,Ballots Cast,,,,73
Monroe,Irondequoit - 34,Comptroller,,DEM,Drew Warshaw,11
Monroe,Irondequoit - 34,Comptroller,,DEM,Raj Goyle,9
Monroe,Irondequoit - 34,Comptroller,,DEM,Thomas P DiNapoli,50
Monroe,Irondequoit - 34,Comptroller,,,Over Votes,1
Monroe,Irondequoit - 34,Comptroller,,,Under Votes,2
Monroe,Irondequoit - 34,U.S. House,25,DEM,Joseph D Morelle,48
Monroe,Irondequoit - 34,U.S. House,25,DEM,Robin Wilt,21
Monroe,Irondequoit - 34,U.S. House,25,DEM,Sherita S Traywick,2
Monroe,Irondequoit - 34,U.S. House,25,,Over Votes,1
Monroe,Irondequoit - 34,U.S. House,25,,Under Votes,1
Monroe,Irondequoit - 35,Ballots Cast,,,,79
Monroe,Irondequoit - 35,Comptroller,,DEM,Drew Warshaw,14
Monroe,Irondequoit - 35,Comptroller,,DEM,Raj Goyle,13
Monroe,Irondequoit - 35,Comptroller,,DEM,Thomas P DiNapoli,48
Monroe,Irondequoit - 35,Comptroller,,DEM,Write-in,1
Monroe,Irondequoit - 35,Comptroller,,,Under Votes,3
Monroe,Irondequoit - 35,U.S. House,25,DEM,Joseph D Morelle,41
Monroe,Irondequoit - 35,U.S. House,25,DEM,Robin Wilt,32
Monroe,Irondequoit - 35,U.S. House,25,DEM,Sherita S Traywick,5
Monroe,Irondequoit - 35,U.S. House,25,DEM,Write-in,1
Monroe,Irondequoit - 36,Ballots Cast,,,,67
Monroe,Irondequoit - 36,Comptroller,,DEM,Drew Warshaw,12
Monroe,Irondequoit - 36,Comptroller,,DEM,Raj Goyle,6
Monroe,Irondequoit - 36,Comptroller,,DEM,Thomas P DiNapoli,46
Monroe,Irondequoit - 36,Comptroller,,,Under Votes,3
Monroe,Irondequoit - 36,U.S. House,25,DEM,Joseph D Morelle,32
Monroe,Irondequoit - 36,U.S. House,25,DEM,Robin Wilt,31
Monroe,Irondequoit - 36,U.S. House,25,DEM,Sherita S Traywick,4
Monroe,Irondequoit - 37,Ballots Cast,,,,85
Monroe,Irondequoit - 37,Comptroller,,DEM,Drew Warshaw,17
Monroe,Irondequoit - 37,Comptroller,,DEM,Raj Goyle,8
Monroe,Irondequoit - 37,Comptroller,,DEM,Thomas P DiNapoli,54
Monroe,Irondequoit - 37,Comptroller,,,Over Votes,1
Monroe,Irondequoit - 37,Comptroller,,,Under Votes,5
Monroe,Irondequoit - 37,U.S. House,25,DEM,Joseph D Morelle,58
Monroe,Irondequoit - 37,U.S. House,25,DEM,Robin Wilt,22
Monroe,Irondequoit - 37,U.S. House,25,DEM,Sherita S Traywick,4
Monroe,Irondequoit - 37,U.S. House,25,,Over Votes,1
Monroe,Irondequoit - 38,Ballots Cast,,,,116
Monroe,Irondequoit - 38,Comptroller,,DEM,Drew Warshaw,13
Monroe,Irondequoit - 38,Comptroller,,DEM,Raj Goyle,17
Monroe,Irondequoit - 38,Comptroller,,DEM,Thomas P DiNapoli,80
Monroe,Irondequoit - 38,Comptroller,,DEM,Write-in,1
Monroe,Irondequoit - 38,Comptroller,,,Over Votes,1
Monroe,Irondequoit - 38,Comptroller,,,Under Votes,4
Monroe,Irondequoit - 38,U.S. House,25,DEM,Joseph D Morelle,54
Monroe,Irondequoit - 38,U.S. House,25,DEM,Robin Wilt,49
Monroe,Irondequoit - 38,U.S. House,25,DEM,Sherita S Traywick,11
Monroe,Irondequoit - 38,U.S. House,25,,Over Votes,1
Monroe,Irondequoit - 38,U.S. House,25,,Under Votes,1
Monroe,Irondequoit - 39,Ballots Cast,,,,67
Monroe,Irondequoit - 39,Comptroller,,DEM,Drew Warshaw,13
Monroe,Irondequoit - 39,Comptroller,,DEM,Raj Goyle,8
Monroe,Irondequoit - 39,Comptroller,,DEM,Thomas P DiNapoli,41
Monroe,Irondequoit - 39,Comptroller,,,Over Votes,2
Monroe,Irondequoit - 39,Comptroller,,,Under Votes,3
Monroe,Irondequoit - 39,U.S. House,25,DEM,Joseph D Morelle,43
Monroe,Irondequoit - 39,U.S. House,25,DEM,Robin Wilt,14
Monroe,Irondequoit - 39,U.S. House,25,DEM,Sherita S Traywick,5
Monroe,Irondequoit - 39,U.S. House,25,,Over Votes,2
Monroe,Irondequoit - 39,U.S. House,25,,Under Votes,3
Monroe,Irondequoit - 40,Ballots Cast,,,,44
Monroe,Irondequoit - 40,Comptroller,,DEM,Drew Warshaw,10
Monroe,Irondequoit - 40,Comptroller,,DEM,Thomas P DiNapoli,32
Monroe,Irondequoit - 40,Comptroller,,,Under Votes,2
Monroe,Irondequoit - 40,U.S. House,25,DEM,Joseph D Morelle,25
Monroe,Irondequoit - 40,U.S. House,25,DEM,Robin Wilt,18
Monroe,Irondequoit - 40,U.S. House,25,DEM,Sherita S Traywick,1
Monroe,Irondequoit - 41,Ballots Cast,,,,45
Monroe,Irondequoit - 41,Comptroller,,DEM,Drew Warshaw,6
Monroe,Irondequoit - 41,Comptroller,,DEM,Raj Goyle,3
Monroe,Irondequoit - 41,Comptroller,,DEM,Thomas P DiNapoli,29
Monroe,Irondequoit - 41,Comptroller,,,Under Votes,7
Monroe,Irondequoit - 41,U.S. House,25,DEM,Joseph D Morelle,38
Monroe,Irondequoit - 41,U.S. House,25,DEM,Robin Wilt,2
Monroe,Irondequoit - 41,U.S. House,25,DEM,Sherita S Traywick,5
Monroe,Irondequoit - 42,Ballots Cast,,,,37
Monroe,Irondequoit - 42,Comptroller,,DEM,Drew Warshaw,8
Monroe,Irondequoit - 42,Comptroller,,DEM,Raj Goyle,9
Monroe,Irondequoit - 42,Comptroller,,DEM,Thomas P DiNapoli,20
Monroe,Irondequoit - 42,U.S. House,25,DEM,Joseph D Morelle,12
Monroe,Irondequoit - 42,U.S. House,25,DEM,Robin Wilt,24
Monroe,Irondequoit - 42,U.S. House,25,DEM,Sherita S Traywick,1
Monroe,Irondequoit - 43,Ballots Cast,,,,30
Monroe,Irondequoit - 43,Comptroller,,DEM,Drew Warshaw,4
Monroe,Irondequoit - 43,Comptroller,,DEM,Raj Goyle,1
Monroe,Irondequoit - 43,Comptroller,,DEM,Thomas P DiNapoli,23
Monroe,Irondequoit - 43,Comptroller,,,Over Votes,1
Monroe,Irondequoit - 43,Comptroller,,,Under Votes,1
Monroe,Irondequoit - 43,U.S. House,25,DEM,Joseph D Morelle,22
Monroe,Irondequoit - 43,U.S. House,25,DEM,Robin Wilt,8
Monroe,Irondequoit - 44,Ballots Cast,,,,102
Monroe,Irondequoit - 44,Comptroller,,DEM,Drew Warshaw,18
Monroe,Irondequoit - 44,Comptroller,,DEM,Raj Goyle,8
Monroe,Irondequoit - 44,Comptroller,,DEM,Thomas P DiNapoli,67
Monroe,Irondequoit - 44,Comptroller,,,Under Votes,9
Monroe,Irondequoit - 44,U.S. House,25,DEM,Joseph D Morelle,67
Monroe,Irondequoit - 44,U.S. House,25,DEM,Robin Wilt,31
Monroe,Irondequoit - 44,U.S. House,25,DEM,Sherita S Traywick,2
Monroe,Irondequoit - 44,U.S. House,25,,Over Votes,1
Monroe,Irondequoit - 44,U.S. House,25,,Under Votes,1
Monroe,Irondequoit - 45,Ballots Cast,,,,75
Monroe,Irondequoit - 45,Comptroller,,DEM,Drew Warshaw,12
Monroe,Irondequoit - 45,Comptroller,,DEM,Raj Goyle,5
Monroe,Irondequoit - 45,Comptroller,,DEM,Thomas P DiNapoli,51
Monroe,Irondequoit - 45,Comptroller,,DEM,Write-in,2
Monroe,Irondequoit - 45,Comptroller,,,Over Votes,1
Monroe,Irondequoit - 45,Comptroller,,,Under Votes,4
Monroe,Irondequoit - 45,U.S. House,25,DEM,Joseph D Morelle,51
Monroe,Irondequoit - 45,U.S. House,25,DEM,Robin Wilt,19
Monroe,Irondequoit - 45,U.S. House,25,DEM,Sherita S Traywick,3
Monroe,Irondequoit - 45,U.S. House,25,DEM,Write-in,1
Monroe,Irondequoit - 45,U.S. House,25,,Over Votes,1
Monroe,Mendon - 1,Ballots Cast,,,,57
Monroe,Mendon - 1,Comptroller,,DEM,Drew Warshaw,6
Monroe,Mendon - 1,Comptroller,,DEM,Raj Goyle,5
Monroe,Mendon - 1,Comptroller,,DEM,Thomas P DiNapoli,46
Monroe,Mendon - 1,State Senate,54,DEM,Michael Mills,39
Monroe,Mendon - 1,State Senate,54,DEM,Scott Comegys,17
Monroe,Mendon - 1,State Senate,54,,Under Votes,1
Monroe,Mendon - 1,U.S. House,25,DEM,Joseph D Morelle,40
Monroe,Mendon - 1,U.S. House,25,DEM,Robin Wilt,14
Monroe,Mendon - 1,U.S. House,25,DEM,Sherita S Traywick,3
Monroe,Mendon - 2,Ballots Cast,,,,79
Monroe,Mendon - 2,Comptroller,,DEM,Drew Warshaw,15
Monroe,Mendon - 2,Comptroller,,DEM,Raj Goyle,6
Monroe,Mendon - 2,Comptroller,,DEM,Thomas P DiNapoli,52
Monroe,Mendon - 2,Comptroller,,,Over Votes,1
Monroe,Mendon - 2,Comptroller,,,Under Votes,5
Monroe,Mendon - 2,State Senate,54,DEM,Michael Mills,47
Monroe,Mendon - 2,State Senate,54,DEM,Scott Comegys,28
Monroe,Mendon - 2,State Senate,54,,Over Votes,1
Monroe,Mendon - 2,State Senate,54,,Under Votes,3
Monroe,Mendon - 2,U.S. House,25,DEM,Joseph D Morelle,56
Monroe,Mendon - 2,U.S. House,25,DEM,Robin Wilt,16
Monroe,Mendon - 2,U.S. House,25,DEM,Sherita S Traywick,4
Monroe,Mendon - 2,U.S. House,25,,Over Votes,1
Monroe,Mendon - 2,U.S. House,25,,Under Votes,2
Monroe,Mendon - 3,Ballots Cast,,,,63
Monroe,Mendon - 3,Comptroller,,DEM,Drew Warshaw,4
Monroe,Mendon - 3,Comptroller,,DEM,Raj Goyle,8
Monroe,Mendon - 3,Comptroller,,DEM,Thomas P DiNapoli,48
Monroe,Mendon - 3,Comptroller,,,Under Votes,2
Monroe,Mendon - 3,State Senate,54,DEM,Michael Mills,35
Monroe,Mendon - 3,State Senate,54,DEM,Scott Comegys,26
Monroe,Mendon - 3,State Senate,54,,Under Votes,1
Monroe,Mendon - 3,U.S. House,25,DEM,Joseph D Morelle,46
Monroe,Mendon - 3,U.S. House,25,DEM,Robin Wilt,16
Monroe,Mendon - 3,U.S. House,25,DEM,Sherita S Traywick,1
Monroe,Mendon - 4,Ballots Cast,,,,78
Monroe,Mendon - 4,Comptroller,,DEM,Drew Warshaw,15
Monroe,Mendon - 4,Comptroller,,DEM,Raj Goyle,11
Monroe,Mendon - 4,Comptroller,,DEM,Thomas P DiNapoli,50
Monroe,Mendon - 4,Comptroller,,DEM,Write-in,1
Monroe,Mendon - 4,State Senate,54,DEM,Michael Mills,54
Monroe,Mendon - 4,State Senate,54,DEM,Scott Comegys,22
Monroe,Mendon - 4,State Senate,54,,Under Votes,1
Monroe,Mendon - 4,U.S. House,25,DEM,Joseph D Morelle,51
Monroe,Mendon - 4,U.S. House,25,DEM,Robin Wilt,18
Monroe,Mendon - 4,U.S. House,25,DEM,Sherita S Traywick,9
Monroe,Mendon - 5,Ballots Cast,,,,64
Monroe,Mendon - 5,Comptroller,,DEM,Drew Warshaw,6
Monroe,Mendon - 5,Comptroller,,DEM,Raj Goyle,9
Monroe,Mendon - 5,Comptroller,,DEM,Thomas P DiNapoli,46
Monroe,Mendon - 5,Comptroller,,,Under Votes,3
Monroe,Mendon - 5,State Senate,54,DEM,Michael Mills,38
Monroe,Mendon - 5,State Senate,54,DEM,Scott Comegys,22
Monroe,Mendon - 5,State Senate,54,,Under Votes,4
Monroe,Mendon - 5,U.S. House,25,DEM,Joseph D Morelle,48
Monroe,Mendon - 5,U.S. House,25,DEM,Robin Wilt,11
Monroe,Mendon - 5,U.S. House,25,DEM,Sherita S Traywick,5
Monroe,Mendon - 6,Ballots Cast,,,,48
Monroe,Mendon - 6,Comptroller,,DEM,Drew Warshaw,5
Monroe,Mendon - 6,Comptroller,,DEM,Raj Goyle,6
Monroe,Mendon - 6,Comptroller,,DEM,Thomas P DiNapoli,35
Monroe,Mendon - 6,Comptroller,,,Under Votes,2
Monroe,Mendon - 6,State Senate,54,DEM,Michael Mills,29
Monroe,Mendon - 6,State Senate,54,DEM,Scott Comegys,18
Monroe,Mendon - 6,State Senate,54,,Under Votes,1
Monroe,Mendon - 6,U.S. House,25,DEM,Joseph D Morelle,32
Monroe,Mendon - 6,U.S. House,25,DEM,Robin Wilt,9
Monroe,Mendon - 6,U.S. House,25,DEM,Sherita S Traywick,6
Monroe,Mendon - 6,U.S. House,25,,Under Votes,1
Monroe,Mendon - 7,Ballots Cast,,,,49
Monroe,Mendon - 7,Comptroller,,DEM,Drew Warshaw,1
Monroe,Mendon - 7,Comptroller,,DEM,Raj Goyle,10
Monroe,Mendon - 7,Comptroller,,DEM,Thomas P DiNapoli,34
Monroe,Mendon - 7,Comptroller,,,Over Votes,1
Monroe,Mendon - 7,Comptroller,,,Under Votes,3
Monroe,Mendon - 7,State Senate,54,DEM,Michael Mills,23
Monroe,Mendon - 7,State Senate,54,DEM,Scott Comegys,23
Monroe,Mendon - 7,State Senate,54,,Over Votes,1
Monroe,Mendon - 7,State Senate,54,,Under Votes,2
Monroe,Mendon - 7,U.S. House,25,DEM,Joseph D Morelle,35
Monroe,Mendon - 7,U.S. House,25,DEM,Robin Wilt,11
Monroe,Mendon - 7,U.S. House,25,DEM,Sherita S Traywick,1
Monroe,Mendon - 7,U.S. House,25,,Over Votes,1
Monroe,Mendon - 7,U.S. House,25,,Under Votes,1
Monroe,Mendon - 8,Ballots Cast,,,,23
Monroe,Mendon - 8,Comptroller,,DEM,Drew Warshaw,1
Monroe,Mendon - 8,Comptroller,,DEM,Raj Goyle,7
Monroe,Mendon - 8,Comptroller,,DEM,Thomas P DiNapoli,14
Monroe,Mendon - 8,Comptroller,,,Under Votes,1
Monroe,Mendon - 8,State Senate,54,DEM,Michael Mills,15
Monroe,Mendon - 8,State Senate,54,DEM,Scott Comegys,7
Monroe,Mendon - 8,State Senate,54,,Under Votes,1
Monroe,Mendon - 8,U.S. House,25,DEM,Joseph D Morelle,16
Monroe,Mendon - 8,U.S. House,25,DEM,Robin Wilt,5
Monroe,Mendon - 8,U.S. House,25,DEM,Sherita S Traywick,2
Monroe,Mendon - 9,Ballots Cast,,,,44
Monroe,Mendon - 9,Comptroller,,DEM,Drew Warshaw,9
Monroe,Mendon - 9,Comptroller,,DEM,Raj Goyle,5
Monroe,Mendon - 9,Comptroller,,DEM,Thomas P DiNapoli,29
Monroe,Mendon - 9,Comptroller,,,Under Votes,1
Monroe,Mendon - 9,State Senate,54,DEM,Michael Mills,25
Monroe,Mendon - 9,State Senate,54,DEM,Scott Comegys,17
Monroe,Mendon - 9,State Senate,54,,Under Votes,2
Monroe,Mendon - 9,U.S. House,25,DEM,Joseph D Morelle,29
Monroe,Mendon - 9,U.S. House,25,DEM,Robin Wilt,9
Monroe,Mendon - 9,U.S. House,25,DEM,Sherita S Traywick,6
Monroe,Ogden - 1,Ballots Cast,,,,36
Monroe,Ogden - 1,Comptroller,,DEM,Drew Warshaw,7
Monroe,Ogden - 1,Comptroller,,DEM,Raj Goyle,8
Monroe,Ogden - 1,Comptroller,,DEM,Thomas P DiNapoli,20
Monroe,Ogden - 1,Comptroller,,,Under Votes,1
Monroe,Ogden - 1,U.S. House,25,DEM,Joseph D Morelle,23
Monroe,Ogden - 1,U.S. House,25,DEM,Robin Wilt,13
Monroe,Ogden - 2,Ballots Cast,,,,27
Monroe,Ogden - 2,Comptroller,,DEM,Drew Warshaw,2
Monroe,Ogden - 2,Comptroller,,DEM,Raj Goyle,2
Monroe,Ogden - 2,Comptroller,,DEM,Thomas P DiNapoli,22
Monroe,Ogden - 2,Comptroller,,,Under Votes,1
Monroe,Ogden - 2,U.S. House,25,DEM,Joseph D Morelle,19
Monroe,Ogden - 2,U.S. House,25,DEM,Robin Wilt,7
Monroe,Ogden - 2,U.S. House,25,DEM,Sherita S Traywick,1
Monroe,Ogden - 3,Ballots Cast,,,,42
Monroe,Ogden - 3,Comptroller,,DEM,Drew Warshaw,7
Monroe,Ogden - 3,Comptroller,,DEM,Raj Goyle,4
Monroe,Ogden - 3,Comptroller,,DEM,Thomas P DiNapoli,30
Monroe,Ogden - 3,Comptroller,,DEM,Write-in,1
Monroe,Ogden - 3,U.S. House,25,DEM,Joseph D Morelle,23
Monroe,Ogden - 3,U.S. House,25,DEM,Robin Wilt,18
Monroe,Ogden - 3,U.S. House,25,DEM,Write-in,1
Monroe,Ogden - 4,Ballots Cast,,,,19
Monroe,Ogden - 4,Comptroller,,DEM,Drew Warshaw,1
Monroe,Ogden - 4,Comptroller,,DEM,Raj Goyle,4
Monroe,Ogden - 4,Comptroller,,DEM,Thomas P DiNapoli,14
Monroe,Ogden - 4,U.S. House,25,DEM,Joseph D Morelle,10
Monroe,Ogden - 4,U.S. House,25,DEM,Robin Wilt,6
Monroe,Ogden - 4,U.S. House,25,DEM,Sherita S Traywick,3
Monroe,Ogden - 5,Ballots Cast,,,,16
Monroe,Ogden - 5,Comptroller,,DEM,Drew Warshaw,1
Monroe,Ogden - 5,Comptroller,,DEM,Raj Goyle,1
Monroe,Ogden - 5,Comptroller,,DEM,Thomas P DiNapoli,13
Monroe,Ogden - 5,Comptroller,,,Under Votes,1
Monroe,Ogden - 5,U.S. House,25,DEM,Joseph D Morelle,12
Monroe,Ogden - 5,U.S. House,25,DEM,Robin Wilt,4
Monroe,Ogden - 6,Ballots Cast,,,,39
Monroe,Ogden - 6,Comptroller,,DEM,Drew Warshaw,9
Monroe,Ogden - 6,Comptroller,,DEM,Raj Goyle,2
Monroe,Ogden - 6,Comptroller,,DEM,Thomas P DiNapoli,28
Monroe,Ogden - 6,U.S. House,25,DEM,Joseph D Morelle,22
Monroe,Ogden - 6,U.S. House,25,DEM,Robin Wilt,15
Monroe,Ogden - 6,U.S. House,25,DEM,Sherita S Traywick,2
Monroe,Ogden - 7,Ballots Cast,,,,22
Monroe,Ogden - 7,Comptroller,,DEM,Drew Warshaw,3
Monroe,Ogden - 7,Comptroller,,DEM,Raj Goyle,4
Monroe,Ogden - 7,Comptroller,,DEM,Thomas P DiNapoli,14
Monroe,Ogden - 7,Comptroller,,,Under Votes,1
Monroe,Ogden - 7,U.S. House,25,DEM,Joseph D Morelle,12
Monroe,Ogden - 7,U.S. House,25,DEM,Robin Wilt,10
Monroe,Ogden - 8,Ballots Cast,,,,15
Monroe,Ogden - 8,Comptroller,,DEM,Drew Warshaw,1
Monroe,Ogden - 8,Comptroller,,DEM,Thomas P DiNapoli,13
Monroe,Ogden - 8,Comptroller,,,Under Votes,1
Monroe,Ogden - 8,U.S. House,25,DEM,Joseph D Morelle,12
Monroe,Ogden - 8,U.S. House,25,DEM,Robin Wilt,2
Monroe,Ogden - 8,U.S. House,25,,Under Votes,1
Monroe,Ogden - 9,Ballots Cast,,,,41
Monroe,Ogden - 9,Comptroller,,DEM,Drew Warshaw,1
Monroe,Ogden - 9,Comptroller,,DEM,Raj Goyle,6
Monroe,Ogden - 9,Comptroller,,DEM,Thomas P DiNapoli,32
Monroe,Ogden - 9,Comptroller,,,Under Votes,2
Monroe,Ogden - 9,U.S. House,25,DEM,Joseph D Morelle,32
Monroe,Ogden - 9,U.S. House,25,DEM,Robin Wilt,8
Monroe,Ogden - 9,U.S. House,25,DEM,Sherita S Traywick,1
Monroe,Ogden - 10,Ballots Cast,,,,16
Monroe,Ogden - 10,Comptroller,,DEM,Drew Warshaw,4
Monroe,Ogden - 10,Comptroller,,DEM,Raj Goyle,2
Monroe,Ogden - 10,Comptroller,,DEM,Thomas P DiNapoli,10
Monroe,Ogden - 10,U.S. House,25,DEM,Joseph D Morelle,12
Monroe,Ogden - 10,U.S. House,25,DEM,Robin Wilt,4
Monroe,Ogden - 11,Ballots Cast,,,,16
Monroe,Ogden - 11,Comptroller,,DEM,Drew Warshaw,2
Monroe,Ogden - 11,Comptroller,,DEM,Thomas P DiNapoli,13
Monroe,Ogden - 11,Comptroller,,,Under Votes,1
Monroe,Ogden - 11,U.S. House,25,DEM,Joseph D Morelle,12
Monroe,Ogden - 11,U.S. House,25,DEM,Robin Wilt,4
Monroe,Ogden - 12,Ballots Cast,,,,17
Monroe,Ogden - 12,Comptroller,,DEM,Drew Warshaw,3
Monroe,Ogden - 12,Comptroller,,DEM,Raj Goyle,1
Monroe,Ogden - 12,Comptroller,,DEM,Thomas P DiNapoli,13
Monroe,Ogden - 12,U.S. House,25,DEM,Joseph D Morelle,12
Monroe,Ogden - 12,U.S. House,25,DEM,Robin Wilt,4
Monroe,Ogden - 12,U.S. House,25,DEM,Sherita S Traywick,1
Monroe,Ogden - 13,Ballots Cast,,,,38
Monroe,Ogden - 13,Comptroller,,DEM,Drew Warshaw,5
Monroe,Ogden - 13,Comptroller,,DEM,Raj Goyle,6
Monroe,Ogden - 13,Comptroller,,DEM,Thomas P DiNapoli,26
Monroe,Ogden - 13,Comptroller,,,Under Votes,1
Monroe,Ogden - 13,U.S. House,25,DEM,Joseph D Morelle,20
Monroe,Ogden - 13,U.S. House,25,DEM,Robin Wilt,18
Monroe,Ogden - 14,Ballots Cast,,,,42
Monroe,Ogden - 14,Comptroller,,DEM,Drew Warshaw,5
Monroe,Ogden - 14,Comptroller,,DEM,Raj Goyle,5
Monroe,Ogden - 14,Comptroller,,DEM,Thomas P DiNapoli,28
Monroe,Ogden - 14,Comptroller,,,Under Votes,4
Monroe,Ogden - 14,U.S. House,25,DEM,Joseph D Morelle,29
Monroe,Ogden - 14,U.S. House,25,DEM,Robin Wilt,10
Monroe,Ogden - 14,U.S. House,25,DEM,Sherita S Traywick,3
Monroe,Ogden - 15,Ballots Cast,,,,34
Monroe,Ogden - 15,Comptroller,,DEM,Drew Warshaw,6
Monroe,Ogden - 15,Comptroller,,DEM,Raj Goyle,1
Monroe,Ogden - 15,Comptroller,,DEM,Thomas P DiNapoli,24
Monroe,Ogden - 15,Comptroller,,,Under Votes,3
Monroe,Ogden - 15,U.S. House,25,DEM,Joseph D Morelle,23
Monroe,Ogden - 15,U.S. House,25,DEM,Robin Wilt,11
Monroe,Ogden - 16,Ballots Cast,,,,34
Monroe,Ogden - 16,Comptroller,,DEM,Drew Warshaw,7
Monroe,Ogden - 16,Comptroller,,DEM,Raj Goyle,5
Monroe,Ogden - 16,Comptroller,,DEM,Thomas P DiNapoli,21
Monroe,Ogden - 16,Comptroller,,,Under Votes,1
Monroe,Ogden - 16,U.S. House,25,DEM,Joseph D Morelle,18
Monroe,Ogden - 16,U.S. House,25,DEM,Robin Wilt,8
Monroe,Ogden - 16,U.S. House,25,DEM,Sherita S Traywick,7
Monroe,Ogden - 16,U.S. House,25,,Under Votes,1
Monroe,Ogden - 17,Ballots Cast,,,,25
Monroe,Ogden - 17,Comptroller,,DEM,Drew Warshaw,2
Monroe,Ogden - 17,Comptroller,,DEM,Raj Goyle,3
Monroe,Ogden - 17,Comptroller,,DEM,Thomas P DiNapoli,19
Monroe,Ogden - 17,Comptroller,,,Under Votes,1
Monroe,Ogden - 17,U.S. House,25,DEM,Joseph D Morelle,16
Monroe,Ogden - 17,U.S. House,25,DEM,Robin Wilt,8
Monroe,Ogden - 17,U.S. House,25,DEM,Sherita S Traywick,1
Monroe,Ogden - 18,Ballots Cast,,,,36
Monroe,Ogden - 18,Comptroller,,DEM,Drew Warshaw,7
Monroe,Ogden - 18,Comptroller,,DEM,Raj Goyle,5
Monroe,Ogden - 18,Comptroller,,DEM,Thomas P DiNapoli,23
Monroe,Ogden - 18,Comptroller,,,Under Votes,1
Monroe,Ogden - 18,U.S. House,25,DEM,Joseph D Morelle,21
Monroe,Ogden - 18,U.S. House,25,DEM,Robin Wilt,9
Monroe,Ogden - 18,U.S. House,25,DEM,Sherita S Traywick,5
Monroe,Ogden - 18,U.S. House,25,,Under Votes,1
Monroe,Parma - 1,Ballots Cast,,,,35
Monroe,Parma - 1,Comptroller,,DEM,Drew Warshaw,8
Monroe,Parma - 1,Comptroller,,DEM,Raj Goyle,3
Monroe,Parma - 1,Comptroller,,DEM,Thomas P DiNapoli,24
Monroe,Parma - 1,U.S. House,25,DEM,Joseph D Morelle,24
Monroe,Parma - 1,U.S. House,25,DEM,Robin Wilt,11
Monroe,Parma - 2,Ballots Cast,,,,31
Monroe,Parma - 2,Comptroller,,DEM,Drew Warshaw,1
Monroe,Parma - 2,Comptroller,,DEM,Raj Goyle,5
Monroe,Parma - 2,Comptroller,,DEM,Thomas P DiNapoli,24
Monroe,Parma - 2,Comptroller,,,Under Votes,1
Monroe,Parma - 2,U.S. House,25,DEM,Joseph D Morelle,20
Monroe,Parma - 2,U.S. House,25,DEM,Robin Wilt,10
Monroe,Parma - 2,U.S. House,25,DEM,Sherita S Traywick,1
Monroe,Parma - 3,Ballots Cast,,,,16
Monroe,Parma - 3,Comptroller,,DEM,Drew Warshaw,3
Monroe,Parma - 3,Comptroller,,DEM,Raj Goyle,2
Monroe,Parma - 3,Comptroller,,DEM,Thomas P DiNapoli,10
Monroe,Parma - 3,Comptroller,,DEM,Write-in,1
Monroe,Parma - 3,U.S. House,25,DEM,Joseph D Morelle,6
Monroe,Parma - 3,U.S. House,25,DEM,Robin Wilt,9
Monroe,Parma - 3,U.S. House,25,DEM,Write-in,1
Monroe,Parma - 4,Ballots Cast,,,,37
Monroe,Parma - 4,Comptroller,,DEM,Drew Warshaw,3
Monroe,Parma - 4,Comptroller,,DEM,Raj Goyle,1
Monroe,Parma - 4,Comptroller,,DEM,Thomas P DiNapoli,30
Monroe,Parma - 4,Comptroller,,,Under Votes,3
Monroe,Parma - 4,U.S. House,25,DEM,Joseph D Morelle,24
Monroe,Parma - 4,U.S. House,25,DEM,Robin Wilt,9
Monroe,Parma - 4,U.S. House,25,DEM,Sherita S Traywick,3
Monroe,Parma - 4,U.S. House,25,,Under Votes,1
Monroe,Parma - 5,Ballots Cast,,,,15
Monroe,Parma - 5,Comptroller,,DEM,Drew Warshaw,1
Monroe,Parma - 5,Comptroller,,DEM,Thomas P DiNapoli,11
Monroe,Parma - 5,Comptroller,,,Under Votes,3
Monroe,Parma - 5,U.S. House,25,DEM,Joseph D Morelle,10
Monroe,Parma - 5,U.S. House,25,DEM,Robin Wilt,3
Monroe,Parma - 5,U.S. House,25,DEM,Sherita S Traywick,1
Monroe,Parma - 5,U.S. House,25,DEM,Write-in,1
Monroe,Parma - 6,Ballots Cast,,,,19
Monroe,Parma - 6,Comptroller,,DEM,Drew Warshaw,3
Monroe,Parma - 6,Comptroller,,DEM,Raj Goyle,4
Monroe,Parma - 6,Comptroller,,DEM,Thomas P DiNapoli,10
Monroe,Parma - 6,U.S. House,25,DEM,Joseph D Morelle,10
Monroe,Parma - 6,U.S. House,25,DEM,Robin Wilt,9
Monroe,Parma - 7,Ballots Cast,,,,24
Monroe,Parma - 7,Comptroller,,DEM,Drew Warshaw,7
Monroe,Parma - 7,Comptroller,,DEM,Raj Goyle,2
Monroe,Parma - 7,Comptroller,,DEM,Thomas P DiNapoli,15
Monroe,Parma - 7,U.S. House,25,DEM,Joseph D Morelle,12
Monroe,Parma - 7,U.S. House,25,DEM,Robin Wilt,11
Monroe,Parma - 7,U.S. House,25,DEM,Sherita S Traywick,1
Monroe,Parma - 8,Ballots Cast,,,,40
Monroe,Parma - 8,Comptroller,,DEM,Drew Warshaw,5
Monroe,Parma - 8,Comptroller,,DEM,Thomas P DiNapoli,31
Monroe,Parma - 8,Comptroller,,DEM,Write-in,1
Monroe,Parma - 8,Comptroller,,,Under Votes,3
Monroe,Parma - 8,U.S. House,25,DEM,Joseph D Morelle,34
Monroe,Parma - 8,U.S. House,25,DEM,Robin Wilt,3
Monroe,Parma - 8,U.S. House,25,DEM,Sherita S Traywick,1
Monroe,Parma - 8,U.S. House,25,DEM,Write-in,1
Monroe,Parma - 8,U.S. House,25,,Over Votes,1
Monroe,Parma - 9,Ballots Cast,,,,29
Monroe,Parma - 9,Comptroller,,DEM,Drew Warshaw,4
Monroe,Parma - 9,Comptroller,,DEM,Raj Goyle,4
Monroe,Parma - 9,Comptroller,,DEM,Thomas P DiNapoli,21
Monroe,Parma - 9,U.S. House,25,DEM,Joseph D Morelle,21
Monroe,Parma - 9,U.S. House,25,DEM,Robin Wilt,7
Monroe,Parma - 9,U.S. House,25,,Under Votes,1
Monroe,Parma - 10,Ballots Cast,,,,18
Monroe,Parma - 10,Comptroller,,DEM,Drew Warshaw,1
Monroe,Parma - 10,Comptroller,,DEM,Raj Goyle,6
Monroe,Parma - 10,Comptroller,,DEM,Thomas P DiNapoli,10
Monroe,Parma - 10,Comptroller,,,Under Votes,1
Monroe,Parma - 10,U.S. House,25,DEM,Joseph D Morelle,9
Monroe,Parma - 10,U.S. House,25,DEM,Robin Wilt,8
Monroe,Parma - 10,U.S. House,25,DEM,Sherita S Traywick,1
Monroe,Parma - 11,Ballots Cast,,,,32
Monroe,Parma - 11,Comptroller,,DEM,Drew Warshaw,4
Monroe,Parma - 11,Comptroller,,DEM,Raj Goyle,4
Monroe,Parma - 11,Comptroller,,DEM,Thomas P DiNapoli,22
Monroe,Parma - 11,Comptroller,,,Over Votes,1
Monroe,Parma - 11,U.S. House,25,DEM,Joseph D Morelle,20
Monroe,Parma - 11,U.S. House,25,DEM,Robin Wilt,7
Monroe,Parma - 11,U.S. House,25,DEM,Sherita S Traywick,4
Monroe,Parma - 11,U.S. House,25,,Over Votes,1
Monroe,Parma - 12,Ballots Cast,,,,37
Monroe,Parma - 12,Comptroller,,DEM,Drew Warshaw,4
Monroe,Parma - 12,Comptroller,,DEM,Raj Goyle,5
Monroe,Parma - 12,Comptroller,,DEM,Thomas P DiNapoli,27
Monroe,Parma - 12,U.S. House,25,DEM,Joseph D Morelle,21
Monroe,Parma - 12,U.S. House,25,DEM,Robin Wilt,13
Monroe,Parma - 12,U.S. House,25,DEM,Sherita S Traywick,2
Monroe,Parma - 12,U.S. House,25,,Under Votes,1
Monroe,Parma - 13,Ballots Cast,,,,38
Monroe,Parma - 13,Comptroller,,DEM,Drew Warshaw,6
Monroe,Parma - 13,Comptroller,,DEM,Raj Goyle,5
Monroe,Parma - 13,Comptroller,,DEM,Thomas P DiNapoli,26
Monroe,Parma - 13,Comptroller,,,Under Votes,1
Monroe,Parma - 13,U.S. House,25,DEM,Joseph D Morelle,23
Monroe,Parma - 13,U.S. House,25,DEM,Robin Wilt,14
Monroe,Parma - 13,U.S. House,25,DEM,Sherita S Traywick,1
Monroe,Penfield - 1,Ballots Cast,,,,123
Monroe,Penfield - 1,Comptroller,,DEM,Drew Warshaw,17
Monroe,Penfield - 1,Comptroller,,DEM,Raj Goyle,14
Monroe,Penfield - 1,Comptroller,,DEM,Thomas P DiNapoli,82
Monroe,Penfield - 1,Comptroller,,DEM,Write-in,1
Monroe,Penfield - 1,Comptroller,,,Under Votes,9
Monroe,Penfield - 1,U.S. House,25,DEM,Joseph D Morelle,73
Monroe,Penfield - 1,U.S. House,25,DEM,Robin Wilt,41
Monroe,Penfield - 1,U.S. House,25,DEM,Sherita S Traywick,7
Monroe,Penfield - 1,U.S. House,25,DEM,Write-in,1
Monroe,Penfield - 1,U.S. House,25,,Under Votes,1
Monroe,Penfield - 2,Ballots Cast,,,,48
Monroe,Penfield - 2,Comptroller,,DEM,Drew Warshaw,7
Monroe,Penfield - 2,Comptroller,,DEM,Raj Goyle,5
Monroe,Penfield - 2,Comptroller,,DEM,Thomas P DiNapoli,36
Monroe,Penfield - 2,U.S. House,25,DEM,Joseph D Morelle,28
Monroe,Penfield - 2,U.S. House,25,DEM,Robin Wilt,16
Monroe,Penfield - 2,U.S. House,25,DEM,Sherita S Traywick,2
Monroe,Penfield - 2,U.S. House,25,,Under Votes,2
Monroe,Penfield - 3,Ballots Cast,,,,45
Monroe,Penfield - 3,Comptroller,,DEM,Drew Warshaw,7
Monroe,Penfield - 3,Comptroller,,DEM,Raj Goyle,4
Monroe,Penfield - 3,Comptroller,,DEM,Thomas P DiNapoli,33
Monroe,Penfield - 3,Comptroller,,,Under Votes,1
Monroe,Penfield - 3,U.S. House,25,DEM,Joseph D Morelle,37
Monroe,Penfield - 3,U.S. House,25,DEM,Robin Wilt,7
Monroe,Penfield - 3,U.S. House,25,DEM,Sherita S Traywick,1
Monroe,Penfield - 4,Ballots Cast,,,,63
Monroe,Penfield - 4,Comptroller,,DEM,Drew Warshaw,8
Monroe,Penfield - 4,Comptroller,,DEM,Raj Goyle,3
Monroe,Penfield - 4,Comptroller,,DEM,Thomas P DiNapoli,51
Monroe,Penfield - 4,Comptroller,,,Under Votes,1
Monroe,Penfield - 4,U.S. House,25,DEM,Joseph D Morelle,51
Monroe,Penfield - 4,U.S. House,25,DEM,Robin Wilt,11
Monroe,Penfield - 4,U.S. House,25,DEM,Sherita S Traywick,1
Monroe,Penfield - 5,Ballots Cast,,,,56
Monroe,Penfield - 5,Comptroller,,DEM,Drew Warshaw,11
Monroe,Penfield - 5,Comptroller,,DEM,Raj Goyle,6
Monroe,Penfield - 5,Comptroller,,DEM,Thomas P DiNapoli,37
Monroe,Penfield - 5,Comptroller,,,Under Votes,2
Monroe,Penfield - 5,U.S. House,25,DEM,Joseph D Morelle,36
Monroe,Penfield - 5,U.S. House,25,DEM,Robin Wilt,20
Monroe,Penfield - 6,Ballots Cast,,,,21
Monroe,Penfield - 6,Comptroller,,DEM,Drew Warshaw,3
Monroe,Penfield - 6,Comptroller,,DEM,Raj Goyle,1
Monroe,Penfield - 6,Comptroller,,DEM,Thomas P DiNapoli,16
Monroe,Penfield - 6,Comptroller,,,Under Votes,1
Monroe,Penfield - 6,U.S. House,25,DEM,Joseph D Morelle,16
Monroe,Penfield - 6,U.S. House,25,DEM,Robin Wilt,4
Monroe,Penfield - 6,U.S. House,25,DEM,Sherita S Traywick,1
Monroe,Penfield - 7,Ballots Cast,,,,53
Monroe,Penfield - 7,Comptroller,,DEM,Drew Warshaw,9
Monroe,Penfield - 7,Comptroller,,DEM,Raj Goyle,4
Monroe,Penfield - 7,Comptroller,,DEM,Thomas P DiNapoli,38
Monroe,Penfield - 7,Comptroller,,,Under Votes,2
Monroe,Penfield - 7,U.S. House,25,DEM,Joseph D Morelle,29
Monroe,Penfield - 7,U.S. House,25,DEM,Robin Wilt,20
Monroe,Penfield - 7,U.S. House,25,DEM,Sherita S Traywick,4
Monroe,Penfield - 8,Ballots Cast,,,,48
Monroe,Penfield - 8,Comptroller,,DEM,Drew Warshaw,6
Monroe,Penfield - 8,Comptroller,,DEM,Raj Goyle,6
Monroe,Penfield - 8,Comptroller,,DEM,Thomas P DiNapoli,35
Monroe,Penfield - 8,Comptroller,,,Under Votes,1
Monroe,Penfield - 8,U.S. House,25,DEM,Joseph D Morelle,33
Monroe,Penfield - 8,U.S. House,25,DEM,Robin Wilt,15
Monroe,Penfield - 9,Ballots Cast,,,,88
Monroe,Penfield - 9,Comptroller,,DEM,Drew Warshaw,11
Monroe,Penfield - 9,Comptroller,,DEM,Raj Goyle,8
Monroe,Penfield - 9,Comptroller,,DEM,Thomas P DiNapoli,63
Monroe,Penfield - 9,Comptroller,,DEM,Write-in,1
Monroe,Penfield - 9,Comptroller,,,Over Votes,1
Monroe,Penfield - 9,Comptroller,,,Under Votes,4
Monroe,Penfield - 9,U.S. House,25,DEM,Joseph D Morelle,66
Monroe,Penfield - 9,U.S. House,25,DEM,Robin Wilt,18
Monroe,Penfield - 9,U.S. House,25,DEM,Sherita S Traywick,3
Monroe,Penfield - 9,U.S. House,25,,Over Votes,1
Monroe,Penfield - 10,Ballots Cast,,,,23
Monroe,Penfield - 10,Comptroller,,DEM,Drew Warshaw,5
Monroe,Penfield - 10,Comptroller,,DEM,Raj Goyle,4
Monroe,Penfield - 10,Comptroller,,DEM,Thomas P DiNapoli,14
Monroe,Penfield - 10,U.S. House,25,DEM,Joseph D Morelle,10
Monroe,Penfield - 10,U.S. House,25,DEM,Robin Wilt,11
Monroe,Penfield - 10,U.S. House,25,DEM,Sherita S Traywick,1
Monroe,Penfield - 10,U.S. House,25,,Under Votes,1
Monroe,Penfield - 11,Ballots Cast,,,,50
Monroe,Penfield - 11,Comptroller,,DEM,Drew Warshaw,6
Monroe,Penfield - 11,Comptroller,,DEM,Raj Goyle,3
Monroe,Penfield - 11,Comptroller,,DEM,Thomas P DiNapoli,40
Monroe,Penfield - 11,Comptroller,,,Under Votes,1
Monroe,Penfield - 11,U.S. House,25,DEM,Joseph D Morelle,36
Monroe,Penfield - 11,U.S. House,25,DEM,Robin Wilt,13
Monroe,Penfield - 11,U.S. House,25,DEM,Sherita S Traywick,1
Monroe,Penfield - 12,Ballots Cast,,,,55
Monroe,Penfield - 12,Comptroller,,DEM,Drew Warshaw,4
Monroe,Penfield - 12,Comptroller,,DEM,Raj Goyle,1
Monroe,Penfield - 12,Comptroller,,DEM,Thomas P DiNapoli,44
Monroe,Penfield - 12,Comptroller,,,Under Votes,6
Monroe,Penfield - 12,U.S. House,25,DEM,Joseph D Morelle,34
Monroe,Penfield - 12,U.S. House,25,DEM,Robin Wilt,17
Monroe,Penfield - 12,U.S. House,25,DEM,Sherita S Traywick,2
Monroe,Penfield - 12,U.S. House,25,,Under Votes,2
Monroe,Penfield - 13,Ballots Cast,,,,75
Monroe,Penfield - 13,Comptroller,,DEM,Drew Warshaw,11
Monroe,Penfield - 13,Comptroller,,DEM,Raj Goyle,10
Monroe,Penfield - 13,Comptroller,,DEM,Thomas P DiNapoli,48
Monroe,Penfield - 13,Comptroller,,DEM,Write-in,1
Monroe,Penfield - 13,Comptroller,,,Under Votes,5
Monroe,Penfield - 13,U.S. House,25,DEM,Joseph D Morelle,42
Monroe,Penfield - 13,U.S. House,25,DEM,Robin Wilt,27
Monroe,Penfield - 13,U.S. House,25,DEM,Sherita S Traywick,5
Monroe,Penfield - 13,U.S. House,25,DEM,Write-in,1
Monroe,Penfield - 14,Ballots Cast,,,,36
Monroe,Penfield - 14,Comptroller,,DEM,Drew Warshaw,3
Monroe,Penfield - 14,Comptroller,,DEM,Raj Goyle,6
Monroe,Penfield - 14,Comptroller,,DEM,Thomas P DiNapoli,24
Monroe,Penfield - 14,Comptroller,,,Over Votes,1
Monroe,Penfield - 14,Comptroller,,,Under Votes,2
Monroe,Penfield - 14,U.S. House,25,DEM,Joseph D Morelle,24
Monroe,Penfield - 14,U.S. House,25,DEM,Robin Wilt,7
Monroe,Penfield - 14,U.S. House,25,DEM,Sherita S Traywick,3
Monroe,Penfield - 14,U.S. House,25,,Over Votes,1
Monroe,Penfield - 14,U.S. House,25,,Under Votes,1
Monroe,Penfield - 15,Ballots Cast,,,,72
Monroe,Penfield - 15,Comptroller,,DEM,Drew Warshaw,8
Monroe,Penfield - 15,Comptroller,,DEM,Raj Goyle,10
Monroe,Penfield - 15,Comptroller,,DEM,Thomas P DiNapoli,52
Monroe,Penfield - 15,Comptroller,,,Under Votes,2
Monroe,Penfield - 15,U.S. House,25,DEM,Joseph D Morelle,55
Monroe,Penfield - 15,U.S. House,25,DEM,Robin Wilt,15
Monroe,Penfield - 15,U.S. House,25,DEM,Sherita S Traywick,2
Monroe,Penfield - 16,Ballots Cast,,,,14
Monroe,Penfield - 16,Comptroller,,DEM,Drew Warshaw,2
Monroe,Penfield - 16,Comptroller,,DEM,Raj Goyle,1
Monroe,Penfield - 16,Comptroller,,DEM,Thomas P DiNapoli,10
Monroe,Penfield - 16,Comptroller,,,Under Votes,1
Monroe,Penfield - 16,U.S. House,25,DEM,Joseph D Morelle,12
Monroe,Penfield - 16,U.S. House,25,DEM,Robin Wilt,2
Monroe,Penfield - 17,Ballots Cast,,,,87
Monroe,Penfield - 17,Comptroller,,DEM,Drew Warshaw,12
Monroe,Penfield - 17,Comptroller,,DEM,Raj Goyle,7
Monroe,Penfield - 17,Comptroller,,DEM,Thomas P DiNapoli,62
Monroe,Penfield - 17,Comptroller,,,Under Votes,6
Monroe,Penfield - 17,U.S. House,25,DEM,Joseph D Morelle,51
Monroe,Penfield - 17,U.S. House,25,DEM,Robin Wilt,32
Monroe,Penfield - 17,U.S. House,25,DEM,Sherita S Traywick,3
Monroe,Penfield - 17,U.S. House,25,,Under Votes,1
Monroe,Penfield - 18,Ballots Cast,,,,26
Monroe,Penfield - 18,Comptroller,,DEM,Drew Warshaw,5
Monroe,Penfield - 18,Comptroller,,DEM,Raj Goyle,3
Monroe,Penfield - 18,Comptroller,,DEM,Thomas P DiNapoli,16
Monroe,Penfield - 18,Comptroller,,,Over Votes,1
Monroe,Penfield - 18,Comptroller,,,Under Votes,1
Monroe,Penfield - 18,U.S. House,25,DEM,Joseph D Morelle,11
Monroe,Penfield - 18,U.S. House,25,DEM,Robin Wilt,12
Monroe,Penfield - 18,U.S. House,25,DEM,Sherita S Traywick,2
Monroe,Penfield - 18,U.S. House,25,,Under Votes,1
Monroe,Penfield - 19,Ballots Cast,,,,64
Monroe,Penfield - 19,Comptroller,,DEM,Drew Warshaw,7
Monroe,Penfield - 19,Comptroller,,DEM,Raj Goyle,10
Monroe,Penfield - 19,Comptroller,,DEM,Thomas P DiNapoli,47
Monroe,Penfield - 19,U.S. House,25,DEM,Joseph D Morelle,40
Monroe,Penfield - 19,U.S. House,25,DEM,Robin Wilt,21
Monroe,Penfield - 19,U.S. House,25,DEM,Sherita S Traywick,3
Monroe,Penfield - 20,Ballots Cast,,,,58
Monroe,Penfield - 20,Comptroller,,DEM,Drew Warshaw,11
Monroe,Penfield - 20,Comptroller,,DEM,Raj Goyle,3
Monroe,Penfield - 20,Comptroller,,DEM,Thomas P DiNapoli,43
Monroe,Penfield - 20,Comptroller,,,Under Votes,1
Monroe,Penfield - 20,U.S. House,25,DEM,Joseph D Morelle,41
Monroe,Penfield - 20,U.S. House,25,DEM,Robin Wilt,14
Monroe,Penfield - 20,U.S. House,25,DEM,Sherita S Traywick,1
Monroe,Penfield - 20,U.S. House,25,,Under Votes,2
Monroe,Penfield - 21,Ballots Cast,,,,69
Monroe,Penfield - 21,Comptroller,,DEM,Drew Warshaw,13
Monroe,Penfield - 21,Comptroller,,DEM,Raj Goyle,5
Monroe,Penfield - 21,Comptroller,,DEM,Thomas P DiNapoli,50
Monroe,Penfield - 21,Comptroller,,,Under Votes,1
Monroe,Penfield - 21,U.S. House,25,DEM,Joseph D Morelle,43
Monroe,Penfield - 21,U.S. House,25,DEM,Robin Wilt,22
Monroe,Penfield - 21,U.S. House,25,DEM,Sherita S Traywick,4
Monroe,Penfield - 22,Ballots Cast,,,,85
Monroe,Penfield - 22,Comptroller,,DEM,Drew Warshaw,12
Monroe,Penfield - 22,Comptroller,,DEM,Raj Goyle,12
Monroe,Penfield - 22,Comptroller,,DEM,Thomas P DiNapoli,60
Monroe,Penfield - 22,Comptroller,,,Under Votes,1
Monroe,Penfield - 22,U.S. House,25,DEM,Joseph D Morelle,41
Monroe,Penfield - 22,U.S. House,25,DEM,Robin Wilt,37
Monroe,Penfield - 22,U.S. House,25,DEM,Sherita S Traywick,6
Monroe,Penfield - 22,U.S. House,25,,Under Votes,1
Monroe,Penfield - 23,Ballots Cast,,,,79
Monroe,Penfield - 23,Comptroller,,DEM,Drew Warshaw,8
Monroe,Penfield - 23,Comptroller,,DEM,Raj Goyle,5
Monroe,Penfield - 23,Comptroller,,DEM,Thomas P DiNapoli,64
Monroe,Penfield - 23,Comptroller,,,Under Votes,1
Monroe,Penfield - 23,U.S. House,25,DEM,Joseph D Morelle,55
Monroe,Penfield - 23,U.S. House,25,DEM,Robin Wilt,22
Monroe,Penfield - 23,U.S. House,25,DEM,Sherita S Traywick,1
Monroe,Penfield - 23,U.S. House,25,,Under Votes,1
Monroe,Penfield - 24,Ballots Cast,,,,57
Monroe,Penfield - 24,Comptroller,,DEM,Drew Warshaw,10
Monroe,Penfield - 24,Comptroller,,DEM,Raj Goyle,1
Monroe,Penfield - 24,Comptroller,,DEM,Thomas P DiNapoli,44
Monroe,Penfield - 24,Comptroller,,,Under Votes,2
Monroe,Penfield - 24,U.S. House,25,DEM,Joseph D Morelle,41
Monroe,Penfield - 24,U.S. House,25,DEM,Robin Wilt,15
Monroe,Penfield - 24,U.S. House,25,DEM,Sherita S Traywick,1
Monroe,Penfield - 25,Ballots Cast,,,,27
Monroe,Penfield - 25,Comptroller,,DEM,Drew Warshaw,2
Monroe,Penfield - 25,Comptroller,,DEM,Raj Goyle,3
Monroe,Penfield - 25,Comptroller,,DEM,Thomas P DiNapoli,16
Monroe,Penfield - 25,Comptroller,,,Under Votes,3
Monroe,Penfield - 25,U.S. House,25,DEM,Joseph D Morelle,9
Monroe,Penfield - 25,U.S. House,25,DEM,Robin Wilt,17
Monroe,Penfield - 25,U.S. House,25,,Under Votes,1
Monroe,Penfield - 26,Ballots Cast,,,,27
Monroe,Penfield - 26,Comptroller,,DEM,Drew Warshaw,1
Monroe,Penfield - 26,Comptroller,,DEM,Raj Goyle,1
Monroe,Penfield - 26,Comptroller,,DEM,Thomas P DiNapoli,22
Monroe,Penfield - 26,Comptroller,,,Under Votes,3
Monroe,Penfield - 26,U.S. House,25,DEM,Joseph D Morelle,19
Monroe,Penfield - 26,U.S. House,25,DEM,Robin Wilt,7
Monroe,Penfield - 26,U.S. House,25,DEM,Sherita S Traywick,1
Monroe,Penfield - 27,Ballots Cast,,,,54
Monroe,Penfield - 27,Comptroller,,DEM,Drew Warshaw,5
Monroe,Penfield - 27,Comptroller,,DEM,Raj Goyle,6
Monroe,Penfield - 27,Comptroller,,DEM,Thomas P DiNapoli,42
Monroe,Penfield - 27,Comptroller,,,Under Votes,1
Monroe,Penfield - 27,U.S. House,25,DEM,Joseph D Morelle,46
Monroe,Penfield - 27,U.S. House,25,DEM,Robin Wilt,6
Monroe,Penfield - 27,U.S. House,25,DEM,Sherita S Traywick,2
Monroe,Penfield - 28,Ballots Cast,,,,99
Monroe,Penfield - 28,Comptroller,,DEM,Drew Warshaw,4
Monroe,Penfield - 28,Comptroller,,DEM,Raj Goyle,11
Monroe,Penfield - 28,Comptroller,,DEM,Thomas P DiNapoli,77
Monroe,Penfield - 28,Comptroller,,,Over Votes,1
Monroe,Penfield - 28,Comptroller,,,Under Votes,6
Monroe,Penfield - 28,U.S. House,25,DEM,Joseph D Morelle,76
Monroe,Penfield - 28,U.S. House,25,DEM,Robin Wilt,16
Monroe,Penfield - 28,U.S. House,25,DEM,Sherita S Traywick,5
Monroe,Penfield - 28,U.S. House,25,,Over Votes,1
Monroe,Penfield - 28,U.S. House,25,,Under Votes,1
Monroe,Penfield - 29,Ballots Cast,,,,55
Monroe,Penfield - 29,Comptroller,,DEM,Drew Warshaw,11
Monroe,Penfield - 29,Comptroller,,DEM,Raj Goyle,9
Monroe,Penfield - 29,Comptroller,,DEM,Thomas P DiNapoli,34
Monroe,Penfield - 29,Comptroller,,,Over Votes,1
Monroe,Penfield - 29,U.S. House,25,DEM,Joseph D Morelle,30
Monroe,Penfield - 29,U.S. House,25,DEM,Robin Wilt,20
Monroe,Penfield - 29,U.S. House,25,DEM,Sherita S Traywick,4
Monroe,Penfield - 29,U.S. House,25,,Under Votes,1
Monroe,Penfield - 30,Ballots Cast,,,,83
Monroe,Penfield - 30,Comptroller,,DEM,Drew Warshaw,21
Monroe,Penfield - 30,Comptroller,,DEM,Raj Goyle,4
Monroe,Penfield - 30,Comptroller,,DEM,Thomas P DiNapoli,55
Monroe,Penfield - 30,Comptroller,,,Over Votes,1
Monroe,Penfield - 30,Comptroller,,,Under Votes,2
Monroe,Penfield - 30,U.S. House,25,DEM,Joseph D Morelle,49
Monroe,Penfield - 30,U.S. House,25,DEM,Robin Wilt,28
Monroe,Penfield - 30,U.S. House,25,DEM,Sherita S Traywick,6
Monroe,Penfield - 31,Ballots Cast,,,,28
Monroe,Penfield - 31,Comptroller,,DEM,Drew Warshaw,4
Monroe,Penfield - 31,Comptroller,,DEM,Raj Goyle,1
Monroe,Penfield - 31,Comptroller,,DEM,Thomas P DiNapoli,22
Monroe,Penfield - 31,Comptroller,,,Under Votes,1
Monroe,Penfield - 31,U.S. House,25,DEM,Joseph D Morelle,20
Monroe,Penfield - 31,U.S. House,25,DEM,Robin Wilt,8
Monroe,Penfield - 32,Ballots Cast,,,,5
Monroe,Penfield - 32,Comptroller,,DEM,Drew Warshaw,2
Monroe,Penfield - 32,Comptroller,,DEM,Raj Goyle,1
Monroe,Penfield - 32,Comptroller,,DEM,Thomas P DiNapoli,2
Monroe,Penfield - 32,U.S. House,25,DEM,Joseph D Morelle,2
Monroe,Penfield - 32,U.S. House,25,DEM,Robin Wilt,2
Monroe,Penfield - 32,U.S. House,25,DEM,Sherita S Traywick,1
Monroe,Penfield - 33,Ballots Cast,,,,7
Monroe,Penfield - 33,Comptroller,,DEM,Drew Warshaw,1
Monroe,Penfield - 33,Comptroller,,DEM,Raj Goyle,2
Monroe,Penfield - 33,Comptroller,,DEM,Thomas P DiNapoli,4
Monroe,Penfield - 33,U.S. House,25,DEM,Joseph D Morelle,3
Monroe,Penfield - 33,U.S. House,25,DEM,Robin Wilt,3
Monroe,Penfield - 33,U.S. House,25,DEM,Sherita S Traywick,1
Monroe,Penfield - 34,Ballots Cast,,,,40
Monroe,Penfield - 34,Comptroller,,DEM,Drew Warshaw,7
Monroe,Penfield - 34,Comptroller,,DEM,Raj Goyle,5
Monroe,Penfield - 34,Comptroller,,DEM,Thomas P DiNapoli,25
Monroe,Penfield - 34,Comptroller,,,Over Votes,3
Monroe,Penfield - 34,U.S. House,25,DEM,Joseph D Morelle,23
Monroe,Penfield - 34,U.S. House,25,DEM,Robin Wilt,11
Monroe,Penfield - 34,U.S. House,25,DEM,Sherita S Traywick,2
Monroe,Penfield - 34,U.S. House,25,,Over Votes,4
Monroe,Penfield - 35,Ballots Cast,,,,55
Monroe,Penfield - 35,Comptroller,,DEM,Drew Warshaw,10
Monroe,Penfield - 35,Comptroller,,DEM,Raj Goyle,6
Monroe,Penfield - 35,Comptroller,,DEM,Thomas P DiNapoli,38
Monroe,Penfield - 35,Comptroller,,,Under Votes,1
Monroe,Penfield - 35,U.S. House,25,DEM,Joseph D Morelle,39
Monroe,Penfield - 35,U.S. House,25,DEM,Robin Wilt,13
Monroe,Penfield - 35,U.S. House,25,DEM,Sherita S Traywick,3
Monroe,Penfield - 36,Ballots Cast,,,,52
Monroe,Penfield - 36,Comptroller,,DEM,Drew Warshaw,4
Monroe,Penfield - 36,Comptroller,,DEM,Raj Goyle,3
Monroe,Penfield - 36,Comptroller,,DEM,Thomas P DiNapoli,43
Monroe,Penfield - 36,Comptroller,,,Under Votes,2
Monroe,Penfield - 36,U.S. House,25,DEM,Joseph D Morelle,37
Monroe,Penfield - 36,U.S. House,25,DEM,Robin Wilt,14
Monroe,Penfield - 36,U.S. House,25,,Under Votes,1
Monroe,Penfield - 37,Ballots Cast,,,,67
Monroe,Penfield - 37,Comptroller,,DEM,Drew Warshaw,4
Monroe,Penfield - 37,Comptroller,,DEM,Raj Goyle,6
Monroe,Penfield - 37,Comptroller,,DEM,Thomas P DiNapoli,52
Monroe,Penfield - 37,Comptroller,,,Under Votes,5
Monroe,Penfield - 37,U.S. House,25,DEM,Joseph D Morelle,55
Monroe,Penfield - 37,U.S. House,25,DEM,Robin Wilt,11
Monroe,Penfield - 37,U.S. House,25,DEM,Sherita S Traywick,1
Monroe,Perinton - 1,Ballots Cast,,,,60
Monroe,Perinton - 1,Comptroller,,DEM,Drew Warshaw,9
Monroe,Perinton - 1,Comptroller,,DEM,Raj Goyle,3
Monroe,Perinton - 1,Comptroller,,DEM,Thomas P DiNapoli,46
Monroe,Perinton - 1,Comptroller,,,Under Votes,2
Monroe,Perinton - 1,U.S. House,25,DEM,Joseph D Morelle,50
Monroe,Perinton - 1,U.S. House,25,DEM,Robin Wilt,8
Monroe,Perinton - 1,U.S. House,25,DEM,Sherita S Traywick,1
Monroe,Perinton - 1,U.S. House,25,,Under Votes,1
Monroe,Perinton - 2,Ballots Cast,,,,57
Monroe,Perinton - 2,Comptroller,,DEM,Drew Warshaw,5
Monroe,Perinton - 2,Comptroller,,DEM,Raj Goyle,3
Monroe,Perinton - 2,Comptroller,,DEM,Thomas P DiNapoli,48
Monroe,Perinton - 2,Comptroller,,,Under Votes,1
Monroe,Perinton - 2,U.S. House,25,DEM,Joseph D Morelle,44
Monroe,Perinton - 2,U.S. House,25,DEM,Robin Wilt,13
Monroe,Perinton - 3,Ballots Cast,,,,87
Monroe,Perinton - 3,Comptroller,,DEM,Drew Warshaw,3
Monroe,Perinton - 3,Comptroller,,DEM,Raj Goyle,11
Monroe,Perinton - 3,Comptroller,,DEM,Thomas P DiNapoli,72
Monroe,Perinton - 3,Comptroller,,,Under Votes,1
Monroe,Perinton - 3,U.S. House,25,DEM,Joseph D Morelle,63
Monroe,Perinton - 3,U.S. House,25,DEM,Robin Wilt,22
Monroe,Perinton - 3,U.S. House,25,DEM,Sherita S Traywick,1
Monroe,Perinton - 3,U.S. House,25,,Under Votes,1
Monroe,Perinton - 4,Ballots Cast,,,,216
Monroe,Perinton - 4,Comptroller,,DEM,Drew Warshaw,21
Monroe,Perinton - 4,Comptroller,,DEM,Raj Goyle,21
Monroe,Perinton - 4,Comptroller,,DEM,Thomas P DiNapoli,153
Monroe,Perinton - 4,Comptroller,,,Under Votes,20
Monroe,Perinton - 4,Fairport Village Mayor,,DEM,Heidi Woika,117
Monroe,Perinton - 4,Fairport Village Mayor,,DEM,Tracy Briggs,95
Monroe,Perinton - 4,Fairport Village Mayor,,,Under Votes,3
Monroe,Perinton - 4,Fairport Village Trustee,,DEM,Adam Bonosky,132
Monroe,Perinton - 4,Fairport Village Trustee,,DEM,Joseph V Thon,88
Monroe,Perinton - 4,Fairport Village Trustee,,DEM,Sarah Nazarian,152
Monroe,Perinton - 4,Fairport Village Trustee,,DEM,Write-in,1
Monroe,Perinton - 4,Fairport Village Trustee,,,Under Votes,57
Monroe,Perinton - 4,U.S. House,25,DEM,Joseph D Morelle,127
Monroe,Perinton - 4,U.S. House,25,DEM,Robin Wilt,69
Monroe,Perinton - 4,U.S. House,25,DEM,Sherita S Traywick,9
Monroe,Perinton - 4,U.S. House,25,,Under Votes,11
Monroe,Perinton - 5,Ballots Cast,,,,127
Monroe,Perinton - 5,Comptroller,,DEM,Drew Warshaw,19
Monroe,Perinton - 5,Comptroller,,DEM,Raj Goyle,8
Monroe,Perinton - 5,Comptroller,,DEM,Thomas P DiNapoli,88
Monroe,Perinton - 5,Comptroller,,,Under Votes,12
Monroe,Perinton - 5,Fairport Village Mayor,,DEM,Heidi Woika,74
Monroe,Perinton - 5,Fairport Village Mayor,,DEM,Tracy Briggs,52
Monroe,Perinton - 5,Fairport Village Mayor,,,Under Votes,1
Monroe,Perinton - 5,Fairport Village Trustee,,DEM,Adam Bonosky,85
Monroe,Perinton - 5,Fairport Village Trustee,,DEM,Joseph V Thon,50
Monroe,Perinton - 5,Fairport Village Trustee,,DEM,Sarah Nazarian,86
Monroe,Perinton - 5,Fairport Village Trustee,,DEM,Write-in,3
Monroe,Perinton - 5,Fairport Village Trustee,,,Under Votes,30
Monroe,Perinton - 5,U.S. House,25,DEM,Joseph D Morelle,95
Monroe,Perinton - 5,U.S. House,25,DEM,Robin Wilt,23
Monroe,Perinton - 5,U.S. House,25,DEM,Sherita S Traywick,5
Monroe,Perinton - 5,U.S. House,25,,Under Votes,4
Monroe,Perinton - 6,Ballots Cast,,,,32
Monroe,Perinton - 6,Comptroller,,DEM,Drew Warshaw,5
Monroe,Perinton - 6,Comptroller,,DEM,Raj Goyle,5
Monroe,Perinton - 6,Comptroller,,DEM,Thomas P DiNapoli,20
Monroe,Perinton - 6,Comptroller,,,Under Votes,1
Monroe,Perinton - 6,U.S. House,25,DEM,Joseph D Morelle,22
Monroe,Perinton - 6,U.S. House,25,DEM,Robin Wilt,9
Monroe,Perinton - 6,U.S. House,25,DEM,Sherita S Traywick,1
Monroe,Perinton - 7,Ballots Cast,,,,230
Monroe,Perinton - 7,Comptroller,,DEM,Drew Warshaw,21
Monroe,Perinton - 7,Comptroller,,DEM,Raj Goyle,19
Monroe,Perinton - 7,Comptroller,,DEM,Thomas P DiNapoli,163
Monroe,Perinton - 7,Comptroller,,,Under Votes,26
Monroe,Perinton - 7,Fairport Village Mayor,,DEM,Heidi Woika,115
Monroe,Perinton - 7,Fairport Village Mayor,,DEM,Tracy Briggs,114
Monroe,Perinton - 7,Fairport Village Trustee,,DEM,Adam Bonosky,139
Monroe,Perinton - 7,Fairport Village Trustee,,DEM,Joseph V Thon,104
Monroe,Perinton - 7,Fairport Village Trustee,,DEM,Sarah Nazarian,155
Monroe,Perinton - 7,Fairport Village Trustee,,DEM,Write-in,2
Monroe,Perinton - 7,Fairport Village Trustee,,,Under Votes,58
Monroe,Perinton - 7,U.S. House,25,DEM,Joseph D Morelle,166
Monroe,Perinton - 7,U.S. House,25,DEM,Robin Wilt,47
Monroe,Perinton - 7,U.S. House,25,DEM,Sherita S Traywick,9
Monroe,Perinton - 7,U.S. House,25,,Under Votes,8
Monroe,Perinton - 8,Ballots Cast,,,,85
Monroe,Perinton - 8,Comptroller,,DEM,Drew Warshaw,10
Monroe,Perinton - 8,Comptroller,,DEM,Raj Goyle,4
Monroe,Perinton - 8,Comptroller,,DEM,Thomas P DiNapoli,68
Monroe,Perinton - 8,Comptroller,,,Under Votes,3
Monroe,Perinton - 8,U.S. House,25,DEM,Joseph D Morelle,61
Monroe,Perinton - 8,U.S. House,25,DEM,Robin Wilt,19
Monroe,Perinton - 8,U.S. House,25,DEM,Sherita S Traywick,5
Monroe,Perinton - 9,Ballots Cast,,,,52
Monroe,Perinton - 9,Comptroller,,DEM,Drew Warshaw,7
Monroe,Perinton - 9,Comptroller,,DEM,Raj Goyle,5
Monroe,Perinton - 9,Comptroller,,DEM,Thomas P DiNapoli,35
Monroe,Perinton - 9,Comptroller,,,Over Votes,1
Monroe,Perinton - 9,Comptroller,,,Under Votes,4
Monroe,Perinton - 9,U.S. House,25,DEM,Joseph D Morelle,31
Monroe,Perinton - 9,U.S. House,25,DEM,Robin Wilt,15
Monroe,Perinton - 9,U.S. House,25,DEM,Sherita S Traywick,5
Monroe,Perinton - 9,U.S. House,25,,Over Votes,1
Monroe,Perinton - 10,Ballots Cast,,,,99
Monroe,Perinton - 10,Comptroller,,DEM,Drew Warshaw,15
Monroe,Perinton - 10,Comptroller,,DEM,Raj Goyle,6
Monroe,Perinton - 10,Comptroller,,DEM,Thomas P DiNapoli,77
Monroe,Perinton - 10,Comptroller,,,Under Votes,1
Monroe,Perinton - 10,U.S. House,25,DEM,Joseph D Morelle,65
Monroe,Perinton - 10,U.S. House,25,DEM,Robin Wilt,29
Monroe,Perinton - 10,U.S. House,25,DEM,Sherita S Traywick,5
Monroe,Perinton - 11,Ballots Cast,,,,33
Monroe,Perinton - 11,Comptroller,,DEM,Drew Warshaw,7
Monroe,Perinton - 11,Comptroller,,DEM,Raj Goyle,3
Monroe,Perinton - 11,Comptroller,,DEM,Thomas P DiNapoli,23
Monroe,Perinton - 11,U.S. House,25,DEM,Joseph D Morelle,21
Monroe,Perinton - 11,U.S. House,25,DEM,Robin Wilt,10
Monroe,Perinton - 11,U.S. House,25,DEM,Sherita S Traywick,1
Monroe,Perinton - 11,U.S. House,25,,Under Votes,1
Monroe,Perinton - 12,Ballots Cast,,,,108
Monroe,Perinton - 12,Comptroller,,DEM,Drew Warshaw,16
Monroe,Perinton - 12,Comptroller,,DEM,Raj Goyle,7
Monroe,Perinton - 12,Comptroller,,DEM,Thomas P DiNapoli,84
Monroe,Perinton - 12,U.S. House,25,DEM,Joseph D Morelle,71
Monroe,Perinton - 12,U.S. House,25,DEM,Robin Wilt,26
Monroe,Perinton - 12,U.S. House,25,DEM,Sherita S Traywick,11
Monroe,Perinton - 13,Ballots Cast,,,,69
Monroe,Perinton - 13,Comptroller,,DEM,Drew Warshaw,5
Monroe,Perinton - 13,Comptroller,,DEM,Raj Goyle,7
Monroe,Perinton - 13,Comptroller,,DEM,Thomas P DiNapoli,52
Monroe,Perinton - 13,Comptroller,,,Over Votes,1
Monroe,Perinton - 13,Comptroller,,,Under Votes,4
Monroe,Perinton - 13,U.S. House,25,DEM,Joseph D Morelle,57
Monroe,Perinton - 13,U.S. House,25,DEM,Robin Wilt,8
Monroe,Perinton - 13,U.S. House,25,DEM,Sherita S Traywick,4
Monroe,Perinton - 14,Ballots Cast,,,,112
Monroe,Perinton - 14,Comptroller,,DEM,Drew Warshaw,16
Monroe,Perinton - 14,Comptroller,,DEM,Raj Goyle,8
Monroe,Perinton - 14,Comptroller,,DEM,Thomas P DiNapoli,85
Monroe,Perinton - 14,Comptroller,,,Under Votes,2
Monroe,Perinton - 14,U.S. House,25,DEM,Joseph D Morelle,75
Monroe,Perinton - 14,U.S. House,25,DEM,Robin Wilt,27
Monroe,Perinton - 14,U.S. House,25,DEM,Sherita S Traywick,8
Monroe,Perinton - 14,U.S. House,25,,Under Votes,2
Monroe,Perinton - 15,Ballots Cast,,,,40
Monroe,Perinton - 15,Comptroller,,DEM,Drew Warshaw,8
Monroe,Perinton - 15,Comptroller,,DEM,Raj Goyle,4
Monroe,Perinton - 15,Comptroller,,DEM,Thomas P DiNapoli,27
Monroe,Perinton - 15,Comptroller,,,Under Votes,1
Monroe,Perinton - 15,U.S. House,25,DEM,Joseph D Morelle,27
Monroe,Perinton - 15,U.S. House,25,DEM,Robin Wilt,12
Monroe,Perinton - 15,U.S. House,25,DEM,Sherita S Traywick,1
Monroe,Perinton - 16,Ballots Cast,,,,43
Monroe,Perinton - 16,Comptroller,,DEM,Drew Warshaw,6
Monroe,Perinton - 16,Comptroller,,DEM,Raj Goyle,4
Monroe,Perinton - 16,Comptroller,,DEM,Thomas P DiNapoli,32
Monroe,Perinton - 16,Comptroller,,,Under Votes,1
Monroe,Perinton - 16,U.S. House,25,DEM,Joseph D Morelle,26
Monroe,Perinton - 16,U.S. House,25,DEM,Robin Wilt,15
Monroe,Perinton - 16,U.S. House,25,DEM,Sherita S Traywick,2
Monroe,Perinton - 17,Ballots Cast,,,,141
Monroe,Perinton - 17,Comptroller,,DEM,Drew Warshaw,17
Monroe,Perinton - 17,Comptroller,,DEM,Raj Goyle,13
Monroe,Perinton - 17,Comptroller,,DEM,Thomas P DiNapoli,108
Monroe,Perinton - 17,Comptroller,,,Under Votes,3
Monroe,Perinton - 17,U.S. House,25,DEM,Joseph D Morelle,102
Monroe,Perinton - 17,U.S. House,25,DEM,Robin Wilt,31
Monroe,Perinton - 17,U.S. House,25,DEM,Sherita S Traywick,6
Monroe,Perinton - 17,U.S. House,25,,Under Votes,2
Monroe,Perinton - 18,Ballots Cast,,,,65
Monroe,Perinton - 18,Comptroller,,DEM,Drew Warshaw,8
Monroe,Perinton - 18,Comptroller,,DEM,Thomas P DiNapoli,55
Monroe,Perinton - 18,Comptroller,,,Under Votes,2
Monroe,Perinton - 18,U.S. House,25,DEM,Joseph D Morelle,55
Monroe,Perinton - 18,U.S. House,25,DEM,Robin Wilt,8
Monroe,Perinton - 18,U.S. House,25,DEM,Sherita S Traywick,1
Monroe,Perinton - 18,U.S. House,25,DEM,Write-in,1
Monroe,Perinton - 19,Ballots Cast,,,,62
Monroe,Perinton - 19,Comptroller,,DEM,Drew Warshaw,5
Monroe,Perinton - 19,Comptroller,,DEM,Raj Goyle,5
Monroe,Perinton - 19,Comptroller,,DEM,Thomas P DiNapoli,51
Monroe,Perinton - 19,Comptroller,,,Under Votes,1
Monroe,Perinton - 19,U.S. House,25,DEM,Joseph D Morelle,41
Monroe,Perinton - 19,U.S. House,25,DEM,Robin Wilt,19
Monroe,Perinton - 19,U.S. House,25,DEM,Sherita S Traywick,2
Monroe,Perinton - 20,Ballots Cast,,,,44
Monroe,Perinton - 20,Comptroller,,DEM,Drew Warshaw,4
Monroe,Perinton - 20,Comptroller,,DEM,Raj Goyle,3
Monroe,Perinton - 20,Comptroller,,DEM,Thomas P DiNapoli,34
Monroe,Perinton - 20,Comptroller,,DEM,Write-in,1
Monroe,Perinton - 20,Comptroller,,,Under Votes,1
Monroe,Perinton - 20,U.S. House,25,DEM,Joseph D Morelle,34
Monroe,Perinton - 20,U.S. House,25,DEM,Robin Wilt,7
Monroe,Perinton - 20,U.S. House,25,DEM,Sherita S Traywick,3
Monroe,Perinton - 21,Ballots Cast,,,,113
Monroe,Perinton - 21,Comptroller,,DEM,Drew Warshaw,16
Monroe,Perinton - 21,Comptroller,,DEM,Raj Goyle,5
Monroe,Perinton - 21,Comptroller,,DEM,Thomas P DiNapoli,84
Monroe,Perinton - 21,Comptroller,,DEM,Write-in,1
Monroe,Perinton - 21,Comptroller,,,Over Votes,1
Monroe,Perinton - 21,Comptroller,,,Under Votes,6
Monroe,Perinton - 21,U.S. House,25,DEM,Joseph D Morelle,79
Monroe,Perinton - 21,U.S. House,25,DEM,Robin Wilt,30
Monroe,Perinton - 21,U.S. House,25,DEM,Sherita S Traywick,2
Monroe,Perinton - 21,U.S. House,25,,Over Votes,1
Monroe,Perinton - 21,U.S. House,25,,Under Votes,1
Monroe,Perinton - 22,Ballots Cast,,,,93
Monroe,Perinton - 22,Comptroller,,DEM,Drew Warshaw,8
Monroe,Perinton - 22,Comptroller,,DEM,Raj Goyle,7
Monroe,Perinton - 22,Comptroller,,DEM,Thomas P DiNapoli,76
Monroe,Perinton - 22,Comptroller,,,Under Votes,2
Monroe,Perinton - 22,U.S. House,25,DEM,Joseph D Morelle,75
Monroe,Perinton - 22,U.S. House,25,DEM,Robin Wilt,13
Monroe,Perinton - 22,U.S. House,25,DEM,Sherita S Traywick,5
Monroe,Perinton - 23,Ballots Cast,,,,71
Monroe,Perinton - 23,Comptroller,,DEM,Drew Warshaw,6
Monroe,Perinton - 23,Comptroller,,DEM,Raj Goyle,7
Monroe,Perinton - 23,Comptroller,,DEM,Thomas P DiNapoli,57
Monroe,Perinton - 23,Comptroller,,,Under Votes,1
Monroe,Perinton - 23,U.S. House,25,DEM,Joseph D Morelle,51
Monroe,Perinton - 23,U.S. House,25,DEM,Robin Wilt,14
Monroe,Perinton - 23,U.S. House,25,DEM,Sherita S Traywick,6
Monroe,Perinton - 24,Ballots Cast,,,,62
Monroe,Perinton - 24,Comptroller,,DEM,Drew Warshaw,5
Monroe,Perinton - 24,Comptroller,,DEM,Raj Goyle,4
Monroe,Perinton - 24,Comptroller,,DEM,Thomas P DiNapoli,47
Monroe,Perinton - 24,Comptroller,,,Under Votes,6
Monroe,Perinton - 24,U.S. House,25,DEM,Joseph D Morelle,50
Monroe,Perinton - 24,U.S. House,25,DEM,Robin Wilt,10
Monroe,Perinton - 24,U.S. House,25,DEM,Sherita S Traywick,2
Monroe,Perinton - 25,Ballots Cast,,,,4
Monroe,Perinton - 25,Comptroller,,DEM,Drew Warshaw,1
Monroe,Perinton - 25,Comptroller,,DEM,Raj Goyle,1
Monroe,Perinton - 25,Comptroller,,DEM,Thomas P DiNapoli,2
Monroe,Perinton - 25,U.S. House,25,DEM,Robin Wilt,2
Monroe,Perinton - 25,U.S. House,25,DEM,Sherita S Traywick,2
Monroe,Perinton - 26,Ballots Cast,,,,31
Monroe,Perinton - 26,Comptroller,,DEM,Drew Warshaw,4
Monroe,Perinton - 26,Comptroller,,DEM,Raj Goyle,2
Monroe,Perinton - 26,Comptroller,,DEM,Thomas P DiNapoli,24
Monroe,Perinton - 26,Comptroller,,,Under Votes,1
Monroe,Perinton - 26,U.S. House,25,DEM,Joseph D Morelle,23
Monroe,Perinton - 26,U.S. House,25,DEM,Robin Wilt,7
Monroe,Perinton - 26,U.S. House,25,DEM,Sherita S Traywick,1
Monroe,Perinton - 27,Ballots Cast,,,,67
Monroe,Perinton - 27,Comptroller,,DEM,Drew Warshaw,9
Monroe,Perinton - 27,Comptroller,,DEM,Raj Goyle,6
Monroe,Perinton - 27,Comptroller,,DEM,Thomas P DiNapoli,49
Monroe,Perinton - 27,Comptroller,,,Over Votes,1
Monroe,Perinton - 27,Comptroller,,,Under Votes,2
Monroe,Perinton - 27,U.S. House,25,DEM,Joseph D Morelle,48
Monroe,Perinton - 27,U.S. House,25,DEM,Robin Wilt,13
Monroe,Perinton - 27,U.S. House,25,DEM,Sherita S Traywick,6
Monroe,Perinton - 28,Ballots Cast,,,,49
Monroe,Perinton - 28,Comptroller,,DEM,Drew Warshaw,3
Monroe,Perinton - 28,Comptroller,,DEM,Raj Goyle,3
Monroe,Perinton - 28,Comptroller,,DEM,Thomas P DiNapoli,42
Monroe,Perinton - 28,Comptroller,,,Under Votes,1
Monroe,Perinton - 28,U.S. House,25,DEM,Joseph D Morelle,40
Monroe,Perinton - 28,U.S. House,25,DEM,Robin Wilt,9
Monroe,Perinton - 29,Ballots Cast,,,,56
Monroe,Perinton - 29,Comptroller,,DEM,Drew Warshaw,7
Monroe,Perinton - 29,Comptroller,,DEM,Raj Goyle,4
Monroe,Perinton - 29,Comptroller,,DEM,Thomas P DiNapoli,43
Monroe,Perinton - 29,Comptroller,,,Over Votes,1
Monroe,Perinton - 29,Comptroller,,,Under Votes,1
Monroe,Perinton - 29,U.S. House,25,DEM,Joseph D Morelle,32
Monroe,Perinton - 29,U.S. House,25,DEM,Robin Wilt,21
Monroe,Perinton - 29,U.S. House,25,,Over Votes,1
Monroe,Perinton - 29,U.S. House,25,,Under Votes,2
Monroe,Perinton - 30,Ballots Cast,,,,77
Monroe,Perinton - 30,Comptroller,,DEM,Drew Warshaw,15
Monroe,Perinton - 30,Comptroller,,DEM,Raj Goyle,11
Monroe,Perinton - 30,Comptroller,,DEM,Thomas P DiNapoli,51
Monroe,Perinton - 30,U.S. House,25,DEM,Joseph D Morelle,46
Monroe,Perinton - 30,U.S. House,25,DEM,Robin Wilt,27
Monroe,Perinton - 30,U.S. House,25,DEM,Sherita S Traywick,3
Monroe,Perinton - 30,U.S. House,25,DEM,Write-in,1
Monroe,Perinton - 31,Ballots Cast,,,,102
Monroe,Perinton - 31,Comptroller,,DEM,Drew Warshaw,7
Monroe,Perinton - 31,Comptroller,,DEM,Raj Goyle,15
Monroe,Perinton - 31,Comptroller,,DEM,Thomas P DiNapoli,78
Monroe,Perinton - 31,Comptroller,,,Under Votes,2
Monroe,Perinton - 31,U.S. House,25,DEM,Joseph D Morelle,69
Monroe,Perinton - 31,U.S. House,25,DEM,Robin Wilt,24
Monroe,Perinton - 31,U.S. House,25,DEM,Sherita S Traywick,7
Monroe,Perinton - 31,U.S. House,25,,Under Votes,2
Monroe,Perinton - 32,Ballots Cast,,,,63
Monroe,Perinton - 32,Comptroller,,DEM,Drew Warshaw,13
Monroe,Perinton - 32,Comptroller,,DEM,Raj Goyle,5
Monroe,Perinton - 32,Comptroller,,DEM,Thomas P DiNapoli,42
Monroe,Perinton - 32,Comptroller,,,Under Votes,3
Monroe,Perinton - 32,U.S. House,25,DEM,Joseph D Morelle,40
Monroe,Perinton - 32,U.S. House,25,DEM,Robin Wilt,14
Monroe,Perinton - 32,U.S. House,25,DEM,Sherita S Traywick,8
Monroe,Perinton - 32,U.S. House,25,,Under Votes,1
Monroe,Perinton - 33,Ballots Cast,,,,59
Monroe,Perinton - 33,Comptroller,,DEM,Drew Warshaw,15
Monroe,Perinton - 33,Comptroller,,DEM,Raj Goyle,6
Monroe,Perinton - 33,Comptroller,,DEM,Thomas P DiNapoli,36
Monroe,Perinton - 33,Comptroller,,,Under Votes,2
Monroe,Perinton - 33,U.S. House,25,DEM,Joseph D Morelle,27
Monroe,Perinton - 33,U.S. House,25,DEM,Robin Wilt,28
Monroe,Perinton - 33,U.S. House,25,DEM,Sherita S Traywick,4
Monroe,Perinton - 34,Ballots Cast,,,,110
Monroe,Perinton - 34,Comptroller,,DEM,Drew Warshaw,21
Monroe,Perinton - 34,Comptroller,,DEM,Raj Goyle,10
Monroe,Perinton - 34,Comptroller,,DEM,Thomas P DiNapoli,74
Monroe,Perinton - 34,Comptroller,,,Under Votes,5
Monroe,Perinton - 34,U.S. House,25,DEM,Joseph D Morelle,87
Monroe,Perinton - 34,U.S. House,25,DEM,Robin Wilt,19
Monroe,Perinton - 34,U.S. House,25,DEM,Sherita S Traywick,4
Monroe,Perinton - 35,Ballots Cast,,,,63
Monroe,Perinton - 35,Comptroller,,DEM,Drew Warshaw,6
Monroe,Perinton - 35,Comptroller,,DEM,Raj Goyle,4
Monroe,Perinton - 35,Comptroller,,DEM,Thomas P DiNapoli,52
Monroe,Perinton - 35,Comptroller,,,Under Votes,1
Monroe,Perinton - 35,U.S. House,25,DEM,Joseph D Morelle,57
Monroe,Perinton - 35,U.S. House,25,DEM,Robin Wilt,5
Monroe,Perinton - 35,U.S. House,25,DEM,Sherita S Traywick,1
Monroe,Perinton - 36,Ballots Cast,,,,8
Monroe,Perinton - 36,Comptroller,,DEM,Drew Warshaw,1
Monroe,Perinton - 36,Comptroller,,DEM,Thomas P DiNapoli,5
Monroe,Perinton - 36,Comptroller,,,Over Votes,2
Monroe,Perinton - 36,U.S. House,25,DEM,Joseph D Morelle,4
Monroe,Perinton - 36,U.S. House,25,DEM,Robin Wilt,1
Monroe,Perinton - 36,U.S. House,25,DEM,Sherita S Traywick,1
Monroe,Perinton - 36,U.S. House,25,,Over Votes,2
Monroe,Perinton - 37,Ballots Cast,,,,25
Monroe,Perinton - 37,Comptroller,,DEM,Drew Warshaw,4
Monroe,Perinton - 37,Comptroller,,DEM,Raj Goyle,1
Monroe,Perinton - 37,Comptroller,,DEM,Thomas P DiNapoli,20
Monroe,Perinton - 37,U.S. House,25,DEM,Joseph D Morelle,20
Monroe,Perinton - 37,U.S. House,25,DEM,Robin Wilt,3
Monroe,Perinton - 37,U.S. House,25,DEM,Sherita S Traywick,2
Monroe,Perinton - 38,Ballots Cast,,,,114
Monroe,Perinton - 38,Comptroller,,DEM,Drew Warshaw,10
Monroe,Perinton - 38,Comptroller,,DEM,Raj Goyle,6
Monroe,Perinton - 38,Comptroller,,DEM,Thomas P DiNapoli,92
Monroe,Perinton - 38,Comptroller,,,Over Votes,1
Monroe,Perinton - 38,Comptroller,,,Under Votes,5
Monroe,Perinton - 38,Fairport Village Mayor,,DEM,Heidi Woika,62
Monroe,Perinton - 38,Fairport Village Mayor,,DEM,Tracy Briggs,50
Monroe,Perinton - 38,Fairport Village Mayor,,,Under Votes,2
Monroe,Perinton - 38,Fairport Village Trustee,,DEM,Adam Bonosky,77
Monroe,Perinton - 38,Fairport Village Trustee,,DEM,Joseph V Thon,42
Monroe,Perinton - 38,Fairport Village Trustee,,DEM,Sarah Nazarian,78
Monroe,Perinton - 38,Fairport Village Trustee,,DEM,Write-in,3
Monroe,Perinton - 38,Fairport Village Trustee,,,Under Votes,28
Monroe,Perinton - 38,U.S. House,25,DEM,Joseph D Morelle,86
Monroe,Perinton - 38,U.S. House,25,DEM,Robin Wilt,18
Monroe,Perinton - 38,U.S. House,25,DEM,Sherita S Traywick,4
Monroe,Perinton - 38,U.S. House,25,,Under Votes,6
Monroe,Perinton - 39,Ballots Cast,,,,39
Monroe,Perinton - 39,Comptroller,,DEM,Drew Warshaw,3
Monroe,Perinton - 39,Comptroller,,DEM,Raj Goyle,3
Monroe,Perinton - 39,Comptroller,,DEM,Thomas P DiNapoli,33
Monroe,Perinton - 39,U.S. House,25,DEM,Joseph D Morelle,23
Monroe,Perinton - 39,U.S. House,25,DEM,Robin Wilt,13
Monroe,Perinton - 39,U.S. House,25,DEM,Sherita S Traywick,3
Monroe,Pittsford - 1,Ballots Cast,,,,99
Monroe,Pittsford - 1,Comptroller,,DEM,Drew Warshaw,21
Monroe,Pittsford - 1,Comptroller,,DEM,Raj Goyle,14
Monroe,Pittsford - 1,Comptroller,,DEM,Thomas P DiNapoli,59
Monroe,Pittsford - 1,Comptroller,,,Over Votes,1
Monroe,Pittsford - 1,Comptroller,,,Under Votes,4
Monroe,Pittsford - 1,U.S. House,25,DEM,Joseph D Morelle,54
Monroe,Pittsford - 1,U.S. House,25,DEM,Robin Wilt,39
Monroe,Pittsford - 1,U.S. House,25,DEM,Sherita S Traywick,4
Monroe,Pittsford - 1,U.S. House,25,,Over Votes,1
Monroe,Pittsford - 1,U.S. House,25,,Under Votes,1
Monroe,Pittsford - 2,Ballots Cast,,,,67
Monroe,Pittsford - 2,Comptroller,,DEM,Drew Warshaw,11
Monroe,Pittsford - 2,Comptroller,,DEM,Raj Goyle,16
Monroe,Pittsford - 2,Comptroller,,DEM,Thomas P DiNapoli,39
Monroe,Pittsford - 2,Comptroller,,,Under Votes,1
Monroe,Pittsford - 2,U.S. House,25,DEM,Joseph D Morelle,52
Monroe,Pittsford - 2,U.S. House,25,DEM,Robin Wilt,12
Monroe,Pittsford - 2,U.S. House,25,DEM,Sherita S Traywick,2
Monroe,Pittsford - 2,U.S. House,25,,Under Votes,1
Monroe,Pittsford - 3,Ballots Cast,,,,121
Monroe,Pittsford - 3,Comptroller,,DEM,Drew Warshaw,9
Monroe,Pittsford - 3,Comptroller,,DEM,Raj Goyle,9
Monroe,Pittsford - 3,Comptroller,,DEM,Thomas P DiNapoli,98
Monroe,Pittsford - 3,Comptroller,,,Under Votes,5
Monroe,Pittsford - 3,U.S. House,25,DEM,Joseph D Morelle,101
Monroe,Pittsford - 3,U.S. House,25,DEM,Robin Wilt,14
Monroe,Pittsford - 3,U.S. House,25,DEM,Sherita S Traywick,6
Monroe,Pittsford - 4,Ballots Cast,,,,45
Monroe,Pittsford - 4,Comptroller,,DEM,Drew Warshaw,4
Monroe,Pittsford - 4,Comptroller,,DEM,Raj Goyle,8
Monroe,Pittsford - 4,Comptroller,,DEM,Thomas P DiNapoli,30
Monroe,Pittsford - 4,Comptroller,,DEM,Write-in,1
Monroe,Pittsford - 4,Comptroller,,,Under Votes,2
Monroe,Pittsford - 4,U.S. House,25,DEM,Joseph D Morelle,38
Monroe,Pittsford - 4,U.S. House,25,DEM,Robin Wilt,5
Monroe,Pittsford - 4,U.S. House,25,DEM,Sherita S Traywick,2
Monroe,Pittsford - 5,Ballots Cast,,,,111
Monroe,Pittsford - 5,Comptroller,,DEM,Drew Warshaw,15
Monroe,Pittsford - 5,Comptroller,,DEM,Raj Goyle,5
Monroe,Pittsford - 5,Comptroller,,DEM,Thomas P DiNapoli,81
Monroe,Pittsford - 5,Comptroller,,,Over Votes,1
Monroe,Pittsford - 5,Comptroller,,,Under Votes,7
Monroe,Pittsford - 5,U.S. House,25,DEM,Joseph D Morelle,76
Monroe,Pittsford - 5,U.S. House,25,DEM,Robin Wilt,32
Monroe,Pittsford - 5,U.S. House,25,DEM,Sherita S Traywick,2
Monroe,Pittsford - 5,U.S. House,25,,Under Votes,1
Monroe,Pittsford - 6,Ballots Cast,,,,101
Monroe,Pittsford - 6,Comptroller,,DEM,Drew Warshaw,13
Monroe,Pittsford - 6,Comptroller,,DEM,Raj Goyle,9
Monroe,Pittsford - 6,Comptroller,,DEM,Thomas P DiNapoli,76
Monroe,Pittsford - 6,Comptroller,,,Over Votes,1
Monroe,Pittsford - 6,Comptroller,,,Under Votes,2
Monroe,Pittsford - 6,U.S. House,25,DEM,Joseph D Morelle,76
Monroe,Pittsford - 6,U.S. House,25,DEM,Robin Wilt,20
Monroe,Pittsford - 6,U.S. House,25,DEM,Sherita S Traywick,3
Monroe,Pittsford - 6,U.S. House,25,,Over Votes,1
Monroe,Pittsford - 6,U.S. House,25,,Under Votes,1
Monroe,Pittsford - 7,Ballots Cast,,,,68
Monroe,Pittsford - 7,Comptroller,,DEM,Drew Warshaw,9
Monroe,Pittsford - 7,Comptroller,,DEM,Raj Goyle,5
Monroe,Pittsford - 7,Comptroller,,DEM,Thomas P DiNapoli,51
Monroe,Pittsford - 7,Comptroller,,,Under Votes,3
Monroe,Pittsford - 7,U.S. House,25,DEM,Joseph D Morelle,49
Monroe,Pittsford - 7,U.S. House,25,DEM,Robin Wilt,16
Monroe,Pittsford - 7,U.S. House,25,DEM,Sherita S Traywick,3
Monroe,Pittsford - 8,Ballots Cast,,,,53
Monroe,Pittsford - 8,Comptroller,,DEM,Drew Warshaw,8
Monroe,Pittsford - 8,Comptroller,,DEM,Raj Goyle,9
Monroe,Pittsford - 8,Comptroller,,DEM,Thomas P DiNapoli,35
Monroe,Pittsford - 8,Comptroller,,,Under Votes,1
Monroe,Pittsford - 8,U.S. House,25,DEM,Joseph D Morelle,39
Monroe,Pittsford - 8,U.S. House,25,DEM,Robin Wilt,10
Monroe,Pittsford - 8,U.S. House,25,DEM,Sherita S Traywick,4
Monroe,Pittsford - 9,Ballots Cast,,,,69
Monroe,Pittsford - 9,Comptroller,,DEM,Drew Warshaw,10
Monroe,Pittsford - 9,Comptroller,,DEM,Raj Goyle,5
Monroe,Pittsford - 9,Comptroller,,DEM,Thomas P DiNapoli,48
Monroe,Pittsford - 9,Comptroller,,,Over Votes,1
Monroe,Pittsford - 9,Comptroller,,,Under Votes,4
Monroe,Pittsford - 9,U.S. House,25,DEM,Joseph D Morelle,50
Monroe,Pittsford - 9,U.S. House,25,DEM,Robin Wilt,17
Monroe,Pittsford - 9,U.S. House,25,DEM,Sherita S Traywick,1
Monroe,Pittsford - 9,U.S. House,25,,Over Votes,1
Monroe,Pittsford - 10,Ballots Cast,,,,32
Monroe,Pittsford - 10,Comptroller,,DEM,Drew Warshaw,1
Monroe,Pittsford - 10,Comptroller,,DEM,Raj Goyle,7
Monroe,Pittsford - 10,Comptroller,,DEM,Thomas P DiNapoli,24
Monroe,Pittsford - 10,U.S. House,25,DEM,Joseph D Morelle,26
Monroe,Pittsford - 10,U.S. House,25,DEM,Robin Wilt,6
Monroe,Pittsford - 11,Ballots Cast,,,,40
Monroe,Pittsford - 11,Comptroller,,DEM,Drew Warshaw,6
Monroe,Pittsford - 11,Comptroller,,DEM,Raj Goyle,5
Monroe,Pittsford - 11,Comptroller,,DEM,Thomas P DiNapoli,29
Monroe,Pittsford - 11,U.S. House,25,DEM,Joseph D Morelle,30
Monroe,Pittsford - 11,U.S. House,25,DEM,Robin Wilt,10
Monroe,Pittsford - 12,Ballots Cast,,,,26
Monroe,Pittsford - 12,Comptroller,,DEM,Drew Warshaw,3
Monroe,Pittsford - 12,Comptroller,,DEM,Raj Goyle,3
Monroe,Pittsford - 12,Comptroller,,DEM,Thomas P DiNapoli,19
Monroe,Pittsford - 12,Comptroller,,,Under Votes,1
Monroe,Pittsford - 12,U.S. House,25,DEM,Joseph D Morelle,17
Monroe,Pittsford - 12,U.S. House,25,DEM,Robin Wilt,8
Monroe,Pittsford - 12,U.S. House,25,DEM,Sherita S Traywick,1
Monroe,Pittsford - 13,Ballots Cast,,,,80
Monroe,Pittsford - 13,Comptroller,,DEM,Drew Warshaw,15
Monroe,Pittsford - 13,Comptroller,,DEM,Raj Goyle,7
Monroe,Pittsford - 13,Comptroller,,DEM,Thomas P DiNapoli,54
Monroe,Pittsford - 13,Comptroller,,,Over Votes,1
Monroe,Pittsford - 13,U.S. House,25,DEM,Joseph D Morelle,50
Monroe,Pittsford - 13,U.S. House,25,DEM,Robin Wilt,25
Monroe,Pittsford - 13,U.S. House,25,DEM,Sherita S Traywick,4
Monroe,Pittsford - 13,U.S. House,25,,Over Votes,1
Monroe,Pittsford - 14,Ballots Cast,,,,50
Monroe,Pittsford - 14,Comptroller,,DEM,Drew Warshaw,8
Monroe,Pittsford - 14,Comptroller,,DEM,Raj Goyle,5
Monroe,Pittsford - 14,Comptroller,,DEM,Thomas P DiNapoli,36
Monroe,Pittsford - 14,Comptroller,,,Under Votes,1
Monroe,Pittsford - 14,U.S. House,25,DEM,Joseph D Morelle,38
Monroe,Pittsford - 14,U.S. House,25,DEM,Robin Wilt,10
Monroe,Pittsford - 14,U.S. House,25,DEM,Sherita S Traywick,2
Monroe,Pittsford - 15,Ballots Cast,,,,40
Monroe,Pittsford - 15,Comptroller,,DEM,Drew Warshaw,2
Monroe,Pittsford - 15,Comptroller,,DEM,Raj Goyle,12
Monroe,Pittsford - 15,Comptroller,,DEM,Thomas P DiNapoli,23
Monroe,Pittsford - 15,Comptroller,,DEM,Write-in,1
Monroe,Pittsford - 15,Comptroller,,,Under Votes,2
Monroe,Pittsford - 15,U.S. House,25,DEM,Joseph D Morelle,24
Monroe,Pittsford - 15,U.S. House,25,DEM,Robin Wilt,10
Monroe,Pittsford - 15,U.S. House,25,DEM,Sherita S Traywick,6
Monroe,Pittsford - 16,Ballots Cast,,,,100
Monroe,Pittsford - 16,Comptroller,,DEM,Drew Warshaw,14
Monroe,Pittsford - 16,Comptroller,,DEM,Raj Goyle,8
Monroe,Pittsford - 16,Comptroller,,DEM,Thomas P DiNapoli,69
Monroe,Pittsford - 16,Comptroller,,,Under Votes,6
Monroe,Pittsford - 16,U.S. House,25,DEM,Joseph D Morelle,58
Monroe,Pittsford - 16,U.S. House,25,DEM,Robin Wilt,38
Monroe,Pittsford - 16,U.S. House,25,DEM,Sherita S Traywick,4
Monroe,Pittsford - 17,Ballots Cast,,,,42
Monroe,Pittsford - 17,Comptroller,,DEM,Drew Warshaw,2
Monroe,Pittsford - 17,Comptroller,,DEM,Raj Goyle,8
Monroe,Pittsford - 17,Comptroller,,DEM,Thomas P DiNapoli,27
Monroe,Pittsford - 17,Comptroller,,,Over Votes,1
Monroe,Pittsford - 17,Comptroller,,,Under Votes,3
Monroe,Pittsford - 17,U.S. House,25,DEM,Joseph D Morelle,24
Monroe,Pittsford - 17,U.S. House,25,DEM,Robin Wilt,15
Monroe,Pittsford - 17,U.S. House,25,DEM,Sherita S Traywick,2
Monroe,Pittsford - 17,U.S. House,25,,Over Votes,1
Monroe,Pittsford - 18,Ballots Cast,,,,63
Monroe,Pittsford - 18,Comptroller,,DEM,Drew Warshaw,9
Monroe,Pittsford - 18,Comptroller,,DEM,Raj Goyle,15
Monroe,Pittsford - 18,Comptroller,,DEM,Thomas P DiNapoli,33
Monroe,Pittsford - 18,Comptroller,,,Under Votes,6
Monroe,Pittsford - 18,U.S. House,25,DEM,Joseph D Morelle,42
Monroe,Pittsford - 18,U.S. House,25,DEM,Robin Wilt,19
Monroe,Pittsford - 18,U.S. House,25,DEM,Sherita S Traywick,1
Monroe,Pittsford - 18,U.S. House,25,,Under Votes,1
Monroe,Pittsford - 19,Ballots Cast,,,,55
Monroe,Pittsford - 19,Comptroller,,DEM,Drew Warshaw,6
Monroe,Pittsford - 19,Comptroller,,DEM,Raj Goyle,8
Monroe,Pittsford - 19,Comptroller,,DEM,Thomas P DiNapoli,38
Monroe,Pittsford - 19,Comptroller,,DEM,Write-in,1
Monroe,Pittsford - 19,Comptroller,,,Under Votes,2
Monroe,Pittsford - 19,U.S. House,25,DEM,Joseph D Morelle,42
Monroe,Pittsford - 19,U.S. House,25,DEM,Robin Wilt,9
Monroe,Pittsford - 19,U.S. House,25,DEM,Sherita S Traywick,3
Monroe,Pittsford - 19,U.S. House,25,,Under Votes,1
Monroe,Pittsford - 20,Ballots Cast,,,,57
Monroe,Pittsford - 20,Comptroller,,DEM,Raj Goyle,6
Monroe,Pittsford - 20,Comptroller,,DEM,Thomas P DiNapoli,48
Monroe,Pittsford - 20,Comptroller,,,Under Votes,3
Monroe,Pittsford - 20,U.S. House,25,DEM,Joseph D Morelle,49
Monroe,Pittsford - 20,U.S. House,25,DEM,Robin Wilt,7
Monroe,Pittsford - 20,U.S. House,25,DEM,Sherita S Traywick,1
Monroe,Pittsford - 21,Ballots Cast,,,,10
Monroe,Pittsford - 21,Comptroller,,DEM,Drew Warshaw,1
Monroe,Pittsford - 21,Comptroller,,DEM,Raj Goyle,2
Monroe,Pittsford - 21,Comptroller,,DEM,Thomas P DiNapoli,7
Monroe,Pittsford - 21,U.S. House,25,DEM,Joseph D Morelle,8
Monroe,Pittsford - 21,U.S. House,25,DEM,Robin Wilt,1
Monroe,Pittsford - 21,U.S. House,25,DEM,Sherita S Traywick,1
Monroe,Pittsford - 22,Ballots Cast,,,,68
Monroe,Pittsford - 22,Comptroller,,DEM,Drew Warshaw,8
Monroe,Pittsford - 22,Comptroller,,DEM,Raj Goyle,8
Monroe,Pittsford - 22,Comptroller,,DEM,Thomas P DiNapoli,49
Monroe,Pittsford - 22,Comptroller,,,Under Votes,3
Monroe,Pittsford - 22,U.S. House,25,DEM,Joseph D Morelle,48
Monroe,Pittsford - 22,U.S. House,25,DEM,Robin Wilt,16
Monroe,Pittsford - 22,U.S. House,25,DEM,Sherita S Traywick,3
Monroe,Pittsford - 22,U.S. House,25,,Under Votes,1
Monroe,Pittsford - 23,Ballots Cast,,,,48
Monroe,Pittsford - 23,Comptroller,,DEM,Drew Warshaw,4
Monroe,Pittsford - 23,Comptroller,,DEM,Raj Goyle,2
Monroe,Pittsford - 23,Comptroller,,DEM,Thomas P DiNapoli,40
Monroe,Pittsford - 23,Comptroller,,,Over Votes,1
Monroe,Pittsford - 23,Comptroller,,,Under Votes,1
Monroe,Pittsford - 23,U.S. House,25,DEM,Joseph D Morelle,39
Monroe,Pittsford - 23,U.S. House,25,DEM,Robin Wilt,6
Monroe,Pittsford - 23,U.S. House,25,DEM,Sherita S Traywick,2
Monroe,Pittsford - 23,U.S. House,25,,Over Votes,1
Monroe,Pittsford - 24,Ballots Cast,,,,70
Monroe,Pittsford - 24,Comptroller,,DEM,Drew Warshaw,4
Monroe,Pittsford - 24,Comptroller,,DEM,Raj Goyle,6
Monroe,Pittsford - 24,Comptroller,,DEM,Thomas P DiNapoli,53
Monroe,Pittsford - 24,Comptroller,,,Under Votes,6
Monroe,Pittsford - 24,U.S. House,25,DEM,Joseph D Morelle,62
Monroe,Pittsford - 24,U.S. House,25,DEM,Robin Wilt,6
Monroe,Pittsford - 24,U.S. House,25,DEM,Sherita S Traywick,1
Monroe,Pittsford - 24,U.S. House,25,,Under Votes,1
Monroe,PIttsford - 25,Ballots Cast,,,,90
Monroe,PIttsford - 25,Comptroller,,DEM,Drew Warshaw,13
Monroe,PIttsford - 25,Comptroller,,DEM,Raj Goyle,8
Monroe,PIttsford - 25,Comptroller,,DEM,Thomas P DiNapoli,56
Monroe,PIttsford - 25,Comptroller,,DEM,Write-in,1
Monroe,PIttsford - 25,Comptroller,,,Over Votes,2
Monroe,PIttsford - 25,Comptroller,,,Under Votes,10
Monroe,PIttsford - 25,U.S. House,25,DEM,Joseph D Morelle,78
Monroe,PIttsford - 25,U.S. House,25,DEM,Robin Wilt,9
Monroe,PIttsford - 25,U.S. House,25,DEM,Sherita S Traywick,1
Monroe,PIttsford - 25,U.S. House,25,,Over Votes,2
Monroe,Pittsford - 26,Ballots Cast,,,,43
Monroe,Pittsford - 26,Comptroller,,DEM,Drew Warshaw,8
Monroe,Pittsford - 26,Comptroller,,DEM,Raj Goyle,5
Monroe,Pittsford - 26,Comptroller,,DEM,Thomas P DiNapoli,29
Monroe,Pittsford - 26,U.S. House,25,DEM,Joseph D Morelle,30
Monroe,Pittsford - 26,U.S. House,25,DEM,Robin Wilt,10
Monroe,Pittsford - 26,U.S. House,25,DEM,Sherita S Traywick,3
Monroe,Pittsford - 27,Ballots Cast,,,,55
Monroe,Pittsford - 27,Comptroller,,DEM,Drew Warshaw,3
Monroe,Pittsford - 27,Comptroller,,DEM,Raj Goyle,8
Monroe,Pittsford - 27,Comptroller,,DEM,Thomas P DiNapoli,42
Monroe,Pittsford - 27,Comptroller,,,Under Votes,1
Monroe,Pittsford - 27,U.S. House,25,DEM,Joseph D Morelle,44
Monroe,Pittsford - 27,U.S. House,25,DEM,Robin Wilt,10
Monroe,Pittsford - 27,U.S. House,25,DEM,Sherita S Traywick,1
Monroe,Pittsford - 28,Ballots Cast,,,,84
Monroe,Pittsford - 28,Comptroller,,DEM,Drew Warshaw,18
Monroe,Pittsford - 28,Comptroller,,DEM,Raj Goyle,8
Monroe,Pittsford - 28,Comptroller,,DEM,Thomas P DiNapoli,55
Monroe,Pittsford - 28,Comptroller,,,Under Votes,3
Monroe,Pittsford - 28,U.S. House,25,DEM,Joseph D Morelle,56
Monroe,Pittsford - 28,U.S. House,25,DEM,Robin Wilt,27
Monroe,Pittsford - 28,U.S. House,25,DEM,Sherita S Traywick,1
Monroe,Riga - 1,Ballots Cast,,,,37
Monroe,Riga - 1,Comptroller,,DEM,Drew Warshaw,9
Monroe,Riga - 1,Comptroller,,DEM,Raj Goyle,5
Monroe,Riga - 1,Comptroller,,DEM,Thomas P DiNapoli,22
Monroe,Riga - 1,Comptroller,,,Under Votes,1
Monroe,Riga - 1,State Senate,54,DEM,Michael Mills,16
Monroe,Riga - 1,State Senate,54,DEM,Scott Comegys,19
Monroe,Riga - 1,State Senate,54,,Under Votes,2
Monroe,Riga - 1,U.S. House,25,DEM,Joseph D Morelle,23
Monroe,Riga - 1,U.S. House,25,DEM,Robin Wilt,13
Monroe,Riga - 1,U.S. House,25,DEM,Sherita S Traywick,1
Monroe,Riga - 2,Ballots Cast,,,,33
Monroe,Riga - 2,Comptroller,,DEM,Drew Warshaw,4
Monroe,Riga - 2,Comptroller,,DEM,Raj Goyle,7
Monroe,Riga - 2,Comptroller,,DEM,Thomas P DiNapoli,22
Monroe,Riga - 2,State Senate,54,DEM,Michael Mills,18
Monroe,Riga - 2,State Senate,54,DEM,Scott Comegys,13
Monroe,Riga - 2,State Senate,54,DEM,Write-in,1
Monroe,Riga - 2,State Senate,54,,Under Votes,1
Monroe,Riga - 2,U.S. House,25,DEM,Joseph D Morelle,23
Monroe,Riga - 2,U.S. House,25,DEM,Robin Wilt,8
Monroe,Riga - 2,U.S. House,25,DEM,Sherita S Traywick,1
Monroe,Riga - 2,U.S. House,25,,Under Votes,1
Monroe,Riga - 3,Ballots Cast,,,,43
Monroe,Riga - 3,Comptroller,,DEM,Drew Warshaw,8
Monroe,Riga - 3,Comptroller,,DEM,Raj Goyle,1
Monroe,Riga - 3,Comptroller,,DEM,Thomas P DiNapoli,33
Monroe,Riga - 3,Comptroller,,,Under Votes,1
Monroe,Riga - 3,State Senate,54,DEM,Michael Mills,24
Monroe,Riga - 3,State Senate,54,DEM,Scott Comegys,17
Monroe,Riga - 3,State Senate,54,,Under Votes,2
Monroe,Riga - 3,U.S. House,25,DEM,Joseph D Morelle,33
Monroe,Riga - 3,U.S. House,25,DEM,Robin Wilt,9
Monroe,Riga - 3,U.S. House,25,DEM,Sherita S Traywick,1
Monroe,Riga - 4,Ballots Cast,,,,34
Monroe,Riga - 4,Comptroller,,DEM,Drew Warshaw,2
Monroe,Riga - 4,Comptroller,,DEM,Raj Goyle,6
Monroe,Riga - 4,Comptroller,,DEM,Thomas P DiNapoli,25
Monroe,Riga - 4,Comptroller,,,Under Votes,1
Monroe,Riga - 4,State Senate,54,DEM,Michael Mills,15
Monroe,Riga - 4,State Senate,54,DEM,Scott Comegys,16
Monroe,Riga - 4,State Senate,54,,Under Votes,3
Monroe,Riga - 4,U.S. House,25,DEM,Joseph D Morelle,23
Monroe,Riga - 4,U.S. House,25,DEM,Robin Wilt,8
Monroe,Riga - 4,U.S. House,25,DEM,Sherita S Traywick,3
Monroe,Riga - 5,Ballots Cast,,,,19
Monroe,Riga - 5,Comptroller,,DEM,Drew Warshaw,6
Monroe,Riga - 5,Comptroller,,DEM,Raj Goyle,3
Monroe,Riga - 5,Comptroller,,DEM,Thomas P DiNapoli,10
Monroe,Riga - 5,State Senate,54,DEM,Michael Mills,9
Monroe,Riga - 5,State Senate,54,DEM,Scott Comegys,10
Monroe,Riga - 5,U.S. House,25,DEM,Joseph D Morelle,12
Monroe,Riga - 5,U.S. House,25,DEM,Robin Wilt,5
Monroe,Riga - 5,U.S. House,25,DEM,Sherita S Traywick,2
Monroe,Riga - 6,Ballots Cast,,,,16
Monroe,Riga - 6,Comptroller,,DEM,Drew Warshaw,1
Monroe,Riga - 6,Comptroller,,DEM,Raj Goyle,1
Monroe,Riga - 6,Comptroller,,DEM,Thomas P DiNapoli,13
Monroe,Riga - 6,Comptroller,,,Under Votes,1
Monroe,Riga - 6,State Senate,54,DEM,Michael Mills,9
Monroe,Riga - 6,State Senate,54,DEM,Scott Comegys,7
Monroe,Riga - 6,U.S. House,25,DEM,Joseph D Morelle,13
Monroe,Riga - 6,U.S. House,25,DEM,Robin Wilt,3
Monroe,Rush - 1,Ballots Cast,,,,72
Monroe,Rush - 1,Comptroller,,DEM,Drew Warshaw,11
Monroe,Rush - 1,Comptroller,,DEM,Raj Goyle,7
Monroe,Rush - 1,Comptroller,,DEM,Thomas P DiNapoli,51
Monroe,Rush - 1,Comptroller,,,Under Votes,3
Monroe,Rush - 1,Rush Supervisor,,DEM,Lee Hankins,45
Monroe,Rush - 1,Rush Supervisor,,DEM,Mary Ellen Heyman,27
Monroe,Rush - 1,State Senate,54,DEM,Michael Mills,26
Monroe,Rush - 1,State Senate,54,DEM,Scott Comegys,40
Monroe,Rush - 1,State Senate,54,,Under Votes,6
Monroe,Rush - 1,U.S. House,25,DEM,Joseph D Morelle,46
Monroe,Rush - 1,U.S. House,25,DEM,Robin Wilt,20
Monroe,Rush - 1,U.S. House,25,DEM,Sherita S Traywick,5
Monroe,Rush - 1,U.S. House,25,,Under Votes,1
Monroe,Rush - 2,Ballots Cast,,,,38
Monroe,Rush - 2,Comptroller,,DEM,Drew Warshaw,6
Monroe,Rush - 2,Comptroller,,DEM,Raj Goyle,4
Monroe,Rush - 2,Comptroller,,DEM,Thomas P DiNapoli,28
Monroe,Rush - 2,Rush Supervisor,,DEM,Lee Hankins,23
Monroe,Rush - 2,Rush Supervisor,,DEM,Mary Ellen Heyman,15
Monroe,Rush - 2,State Senate,54,DEM,Michael Mills,22
Monroe,Rush - 2,State Senate,54,DEM,Scott Comegys,14
Monroe,Rush - 2,State Senate,54,,Under Votes,2
Monroe,Rush - 2,U.S. House,25,DEM,Joseph D Morelle,27
Monroe,Rush - 2,U.S. House,25,DEM,Robin Wilt,7
Monroe,Rush - 2,U.S. House,25,DEM,Sherita S Traywick,3
Monroe,Rush - 2,U.S. House,25,,Under Votes,1
Monroe,Rush - 3,Ballots Cast,,,,94
Monroe,Rush - 3,Comptroller,,DEM,Drew Warshaw,14
Monroe,Rush - 3,Comptroller,,DEM,Raj Goyle,6
Monroe,Rush - 3,Comptroller,,DEM,Thomas P DiNapoli,70
Monroe,Rush - 3,Comptroller,,,Under Votes,4
Monroe,Rush - 3,Rush Supervisor,,DEM,Lee Hankins,55
Monroe,Rush - 3,Rush Supervisor,,DEM,Mary Ellen Heyman,37
Monroe,Rush - 3,Rush Supervisor,,DEM,Write-in,1
Monroe,Rush - 3,Rush Supervisor,,,Under Votes,1
Monroe,Rush - 3,State Senate,54,DEM,Michael Mills,31
Monroe,Rush - 3,State Senate,54,DEM,Scott Comegys,56
Monroe,Rush - 3,State Senate,54,DEM,Write-in,1
Monroe,Rush - 3,State Senate,54,,Under Votes,6
Monroe,Rush - 3,U.S. House,25,DEM,Joseph D Morelle,67
Monroe,Rush - 3,U.S. House,25,DEM,Robin Wilt,22
Monroe,Rush - 3,U.S. House,25,DEM,Sherita S Traywick,3
Monroe,Rush - 3,U.S. House,25,,Under Votes,2
Monroe,Rush - 4,Ballots Cast,,,,94
Monroe,Rush - 4,Comptroller,,DEM,Drew Warshaw,10
Monroe,Rush - 4,Comptroller,,DEM,Raj Goyle,9
Monroe,Rush - 4,Comptroller,,DEM,Thomas P DiNapoli,71
Monroe,Rush - 4,Comptroller,,,Under Votes,4
Monroe,Rush - 4,Rush Supervisor,,DEM,Lee Hankins,54
Monroe,Rush - 4,Rush Supervisor,,DEM,Mary Ellen Heyman,39
Monroe,Rush - 4,Rush Supervisor,,DEM,Write-in,1
Monroe,Rush - 4,State Senate,54,DEM,Michael Mills,46
Monroe,Rush - 4,State Senate,54,DEM,Scott Comegys,40
Monroe,Rush - 4,State Senate,54,,Under Votes,8
Monroe,Rush - 4,U.S. House,25,DEM,Joseph D Morelle,68
Monroe,Rush - 4,U.S. House,25,DEM,Robin Wilt,19
Monroe,Rush - 4,U.S. House,25,DEM,Sherita S Traywick,6
Monroe,Rush - 4,U.S. House,25,,Under Votes,1
Monroe,Sweden - 1,Ballots Cast,,,,48
Monroe,Sweden - 1,Comptroller,,DEM,Drew Warshaw,5
Monroe,Sweden - 1,Comptroller,,DEM,Raj Goyle,2
Monroe,Sweden - 1,Comptroller,,DEM,Thomas P DiNapoli,36
Monroe,Sweden - 1,Comptroller,,,Under Votes,5
Monroe,Sweden - 1,U.S. House,25,DEM,Joseph D Morelle,34
Monroe,Sweden - 1,U.S. House,25,DEM,Robin Wilt,13
Monroe,Sweden - 1,U.S. House,25,DEM,Sherita S Traywick,1
Monroe,Sweden - 2,Ballots Cast,,,,22
Monroe,Sweden - 2,Comptroller,,DEM,Drew Warshaw,1
Monroe,Sweden - 2,Comptroller,,DEM,Raj Goyle,2
Monroe,Sweden - 2,Comptroller,,DEM,Thomas P DiNapoli,19
Monroe,Sweden - 2,U.S. House,25,DEM,Joseph D Morelle,15
Monroe,Sweden - 2,U.S. House,25,DEM,Robin Wilt,4
Monroe,Sweden - 2,U.S. House,25,DEM,Sherita S Traywick,3
Monroe,Sweden - 3,Ballots Cast,,,,34
Monroe,Sweden - 3,Comptroller,,DEM,Drew Warshaw,4
Monroe,Sweden - 3,Comptroller,,DEM,Thomas P DiNapoli,28
Monroe,Sweden - 3,Comptroller,,,Over Votes,1
Monroe,Sweden - 3,Comptroller,,,Under Votes,1
Monroe,Sweden - 3,U.S. House,25,DEM,Joseph D Morelle,25
Monroe,Sweden - 3,U.S. House,25,DEM,Robin Wilt,6
Monroe,Sweden - 3,U.S. House,25,DEM,Write-in,1
Monroe,Sweden - 3,U.S. House,25,,Over Votes,1
Monroe,Sweden - 3,U.S. House,25,,Under Votes,1
Monroe,Sweden - 4,Ballots Cast,,,,39
Monroe,Sweden - 4,Comptroller,,DEM,Drew Warshaw,3
Monroe,Sweden - 4,Comptroller,,DEM,Thomas P DiNapoli,34
Monroe,Sweden - 4,Comptroller,,,Under Votes,2
Monroe,Sweden - 4,U.S. House,25,DEM,Joseph D Morelle,35
Monroe,Sweden - 4,U.S. House,25,DEM,Robin Wilt,1
Monroe,Sweden - 4,U.S. House,25,DEM,Sherita S Traywick,3
Monroe,Sweden - 5,Ballots Cast,,,,20
Monroe,Sweden - 5,Comptroller,,DEM,Drew Warshaw,3
Monroe,Sweden - 5,Comptroller,,DEM,Raj Goyle,4
Monroe,Sweden - 5,Comptroller,,DEM,Thomas P DiNapoli,12
Monroe,Sweden - 5,Comptroller,,,Over Votes,1
Monroe,Sweden - 5,U.S. House,25,DEM,Joseph D Morelle,10
Monroe,Sweden - 5,U.S. House,25,DEM,Robin Wilt,7
Monroe,Sweden - 5,U.S. House,25,DEM,Sherita S Traywick,3
Monroe,Sweden - 6,Ballots Cast,,,,38
Monroe,Sweden - 6,Comptroller,,DEM,Drew Warshaw,3
Monroe,Sweden - 6,Comptroller,,DEM,Raj Goyle,4
Monroe,Sweden - 6,Comptroller,,DEM,Thomas P DiNapoli,30
Monroe,Sweden - 6,Comptroller,,,Under Votes,1
Monroe,Sweden - 6,U.S. House,25,DEM,Joseph D Morelle,26
Monroe,Sweden - 6,U.S. House,25,DEM,Robin Wilt,10
Monroe,Sweden - 6,U.S. House,25,DEM,Sherita S Traywick,2
Monroe,Sweden - 7,Ballots Cast,,,,38
Monroe,Sweden - 7,Comptroller,,DEM,Drew Warshaw,3
Monroe,Sweden - 7,Comptroller,,DEM,Raj Goyle,3
Monroe,Sweden - 7,Comptroller,,DEM,Thomas P DiNapoli,31
Monroe,Sweden - 7,Comptroller,,,Under Votes,1
Monroe,Sweden - 7,U.S. House,25,DEM,Joseph D Morelle,29
Monroe,Sweden - 7,U.S. House,25,DEM,Robin Wilt,7
Monroe,Sweden - 7,U.S. House,25,DEM,Sherita S Traywick,1
Monroe,Sweden - 7,U.S. House,25,,Under Votes,1
Monroe,Sweden - 8,Ballots Cast,,,,24
Monroe,Sweden - 8,Comptroller,,DEM,Drew Warshaw,1
Monroe,Sweden - 8,Comptroller,,DEM,Raj Goyle,2
Monroe,Sweden - 8,Comptroller,,DEM,Thomas P DiNapoli,17
Monroe,Sweden - 8,Comptroller,,,Under Votes,4
Monroe,Sweden - 8,U.S. House,25,DEM,Joseph D Morelle,15
Monroe,Sweden - 8,U.S. House,25,DEM,Robin Wilt,9
Monroe,Sweden - 9,Ballots Cast,,,,22
Monroe,Sweden - 9,Comptroller,,DEM,Drew Warshaw,4
Monroe,Sweden - 9,Comptroller,,DEM,Raj Goyle,4
Monroe,Sweden - 9,Comptroller,,DEM,Thomas P DiNapoli,13
Monroe,Sweden - 9,Comptroller,,,Under Votes,1
Monroe,Sweden - 9,U.S. House,25,DEM,Joseph D Morelle,15
Monroe,Sweden - 9,U.S. House,25,DEM,Robin Wilt,7
Monroe,Sweden - 10,Ballots Cast,,,,44
Monroe,Sweden - 10,Comptroller,,DEM,Drew Warshaw,6
Monroe,Sweden - 10,Comptroller,,DEM,Raj Goyle,4
Monroe,Sweden - 10,Comptroller,,DEM,Thomas P DiNapoli,30
Monroe,Sweden - 10,Comptroller,,,Under Votes,4
Monroe,Sweden - 10,U.S. House,25,DEM,Joseph D Morelle,31
Monroe,Sweden - 10,U.S. House,25,DEM,Robin Wilt,10
Monroe,Sweden - 10,U.S. House,25,DEM,Sherita S Traywick,2
Monroe,Sweden - 10,U.S. House,25,,Under Votes,1
Monroe,Sweden - 11,Ballots Cast,,,,15
Monroe,Sweden - 11,Comptroller,,DEM,Drew Warshaw,1
Monroe,Sweden - 11,Comptroller,,DEM,Raj Goyle,3
Monroe,Sweden - 11,Comptroller,,DEM,Thomas P DiNapoli,10
Monroe,Sweden - 11,Comptroller,,,Under Votes,1
Monroe,Sweden - 11,U.S. House,25,DEM,Joseph D Morelle,9
Monroe,Sweden - 11,U.S. House,25,DEM,Robin Wilt,5
Monroe,Sweden - 11,U.S. House,25,DEM,Sherita S Traywick,1
Monroe,Sweden - 12,Ballots Cast,,,,30
Monroe,Sweden - 12,Comptroller,,DEM,Drew Warshaw,1
Monroe,Sweden - 12,Comptroller,,DEM,Raj Goyle,2
Monroe,Sweden - 12,Comptroller,,DEM,Thomas P DiNapoli,27
Monroe,Sweden - 12,U.S. House,25,DEM,Joseph D Morelle,24
Monroe,Sweden - 12,U.S. House,25,DEM,Robin Wilt,4
Monroe,Sweden - 12,U.S. House,25,DEM,Sherita S Traywick,1
Monroe,Sweden - 12,U.S. House,25,,Under Votes,1
Monroe,Webster - 1,Ballots Cast,,,,105
Monroe,Webster - 1,Comptroller,,DEM,Drew Warshaw,7
Monroe,Webster - 1,Comptroller,,DEM,Raj Goyle,5
Monroe,Webster - 1,Comptroller,,DEM,Thomas P DiNapoli,35
Monroe,Webster - 1,State Assembly,130,DEM,Carl Fitzsimmons,23
Monroe,Webster - 1,State Assembly,130,DEM,Joseph Lamanna,23
Monroe,Webster - 1,State Assembly,130,REP,George Dobbins,8
Monroe,Webster - 1,State Assembly,130,REP,Mark C Johns,40
Monroe,Webster - 1,State Assembly,130,REP,Summer L Johnson,10
Monroe,Webster - 1,State Assembly,130,,Under Votes,1
Monroe,Webster - 1,U.S. House,25,DEM,Joseph D Morelle,31
Monroe,Webster - 1,U.S. House,25,DEM,Robin Wilt,12
Monroe,Webster - 1,U.S. House,25,DEM,Sherita S Traywick,3
Monroe,Webster - 1,U.S. House,25,,Under Votes,1
Monroe,Webster - 2,Ballots Cast,,,,110
Monroe,Webster - 2,Comptroller,,DEM,Drew Warshaw,12
Monroe,Webster - 2,Comptroller,,DEM,Raj Goyle,6
Monroe,Webster - 2,Comptroller,,DEM,Thomas P DiNapoli,47
Monroe,Webster - 2,Comptroller,,,Under Votes,3
Monroe,Webster - 2,State Assembly,130,DEM,Carl Fitzsimmons,29
Monroe,Webster - 2,State Assembly,130,DEM,Joseph Lamanna,31
Monroe,Webster - 2,State Assembly,130,REP,George Dobbins,10
Monroe,Webster - 2,State Assembly,130,REP,Mark C Johns,22
Monroe,Webster - 2,State Assembly,130,REP,Summer L Johnson,9
Monroe,Webster - 2,State Assembly,130,REP,Write-in,1
Monroe,Webster - 2,State Assembly,130,,Over Votes,1
Monroe,Webster - 2,State Assembly,130,,Under Votes,7
Monroe,Webster - 2,U.S. House,25,DEM,Joseph D Morelle,45
Monroe,Webster - 2,U.S. House,25,DEM,Robin Wilt,21
Monroe,Webster - 2,U.S. House,25,DEM,Sherita S Traywick,2
Monroe,Webster - 3,Ballots Cast,,,,146
Monroe,Webster - 3,Comptroller,,DEM,Drew Warshaw,9
Monroe,Webster - 3,Comptroller,,DEM,Raj Goyle,5
Monroe,Webster - 3,Comptroller,,DEM,Thomas P DiNapoli,76
Monroe,Webster - 3,Comptroller,,,Under Votes,4
Monroe,Webster - 3,State Assembly,130,DEM,Carl Fitzsimmons,37
Monroe,Webster - 3,State Assembly,130,DEM,Joseph Lamanna,55
Monroe,Webster - 3,State Assembly,130,REP,George Dobbins,8
Monroe,Webster - 3,State Assembly,130,REP,Mark C Johns,33
Monroe,Webster - 3,State Assembly,130,REP,Summer L Johnson,10
Monroe,Webster - 3,State Assembly,130,,Under Votes,2
Monroe,Webster - 3,State Assembly,130,,Under Votes,1
Monroe,Webster - 3,U.S. House,25,DEM,Joseph D Morelle,72
Monroe,Webster - 3,U.S. House,25,DEM,Robin Wilt,15
Monroe,Webster - 3,U.S. House,25,DEM,Sherita S Traywick,5
Monroe,Webster - 3,U.S. House,25,,Under Votes,2
Monroe,Webster - 4,Ballots Cast,,,,159
Monroe,Webster - 4,Comptroller,,DEM,Drew Warshaw,21
Monroe,Webster - 4,Comptroller,,DEM,Raj Goyle,5
Monroe,Webster - 4,Comptroller,,DEM,Thomas P DiNapoli,58
Monroe,Webster - 4,Comptroller,,,Under Votes,3
Monroe,Webster - 4,State Assembly,130,DEM,Carl Fitzsimmons,51
Monroe,Webster - 4,State Assembly,130,DEM,Joseph Lamanna,30
Monroe,Webster - 4,State Assembly,130,REP,George Dobbins,18
Monroe,Webster - 4,State Assembly,130,REP,Mark C Johns,40
Monroe,Webster - 4,State Assembly,130,REP,Summer L Johnson,11
Monroe,Webster - 4,State Assembly,130,,Under Votes,6
Monroe,Webster - 4,State Assembly,130,,Under Votes,2
Monroe,Webster - 4,U.S. House,25,DEM,Joseph D Morelle,55
Monroe,Webster - 4,U.S. House,25,DEM,Robin Wilt,28
Monroe,Webster - 4,U.S. House,25,DEM,Sherita S Traywick,5
Monroe,Webster - 5,Ballots Cast,,,,133
Monroe,Webster - 5,Comptroller,,DEM,Drew Warshaw,13
Monroe,Webster - 5,Comptroller,,DEM,Raj Goyle,6
Monroe,Webster - 5,Comptroller,,DEM,Thomas P DiNapoli,60
Monroe,Webster - 5,Comptroller,,,Over Votes,1
Monroe,Webster - 5,Comptroller,,,Under Votes,3
Monroe,Webster - 5,State Assembly,130,DEM,Carl Fitzsimmons,40
Monroe,Webster - 5,State Assembly,130,DEM,Joseph Lamanna,38
Monroe,Webster - 5,State Assembly,130,REP,George Dobbins,6
Monroe,Webster - 5,State Assembly,130,REP,Mark C Johns,22
Monroe,Webster - 5,State Assembly,130,REP,Summer L Johnson,21
Monroe,Webster - 5,State Assembly,130,REP,Write-in,1
Monroe,Webster - 5,State Assembly,130,,Over Votes,1
Monroe,Webster - 5,State Assembly,130,,Under Votes,4
Monroe,Webster - 5,U.S. House,25,DEM,Joseph D Morelle,59
Monroe,Webster - 5,U.S. House,25,DEM,Robin Wilt,20
Monroe,Webster - 5,U.S. House,25,DEM,Sherita S Traywick,2
Monroe,Webster - 5,U.S. House,25,,Over Votes,1
Monroe,Webster - 5,U.S. House,25,,Under Votes,1
Monroe,Webster - 6,Ballots Cast,,,,51
Monroe,Webster - 6,Comptroller,,DEM,Drew Warshaw,4
Monroe,Webster - 6,Comptroller,,DEM,Raj Goyle,6
Monroe,Webster - 6,Comptroller,,DEM,Thomas P DiNapoli,28
Monroe,Webster - 6,State Assembly,130,DEM,Carl Fitzsimmons,16
Monroe,Webster - 6,State Assembly,130,DEM,Joseph Lamanna,21
Monroe,Webster - 6,State Assembly,130,REP,George Dobbins,3
Monroe,Webster - 6,State Assembly,130,REP,Mark C Johns,4
Monroe,Webster - 6,State Assembly,130,REP,Summer L Johnson,6
Monroe,Webster - 6,State Assembly,130,,Under Votes,1
Monroe,Webster - 6,U.S. House,25,DEM,Joseph D Morelle,28
Monroe,Webster - 6,U.S. House,25,DEM,Robin Wilt,9
Monroe,Webster - 6,U.S. House,25,DEM,Sherita S Traywick,1
Monroe,Webster - 7,Ballots Cast,,,,78
Monroe,Webster - 7,Comptroller,,DEM,Drew Warshaw,12
Monroe,Webster - 7,Comptroller,,DEM,Raj Goyle,6
Monroe,Webster - 7,Comptroller,,DEM,Thomas P DiNapoli,37
Monroe,Webster - 7,Comptroller,,,Under Votes,1
Monroe,Webster - 7,State Assembly,130,DEM,Carl Fitzsimmons,35
Monroe,Webster - 7,State Assembly,130,DEM,Joseph Lamanna,19
Monroe,Webster - 7,State Assembly,130,REP,George Dobbins,4
Monroe,Webster - 7,State Assembly,130,REP,Mark C Johns,11
Monroe,Webster - 7,State Assembly,130,REP,Summer L Johnson,7
Monroe,Webster - 7,State Assembly,130,,Under Votes,2
Monroe,Webster - 7,U.S. House,25,DEM,Joseph D Morelle,33
Monroe,Webster - 7,U.S. House,25,DEM,Robin Wilt,18
Monroe,Webster - 7,U.S. House,25,DEM,Sherita S Traywick,5
Monroe,Webster - 8,Ballots Cast,,,,224
Monroe,Webster - 8,Comptroller,,DEM,Drew Warshaw,16
Monroe,Webster - 8,Comptroller,,DEM,Raj Goyle,8
Monroe,Webster - 8,Comptroller,,DEM,Thomas P DiNapoli,90
Monroe,Webster - 8,Comptroller,,DEM,Write-in,1
Monroe,Webster - 8,Comptroller,,,Under Votes,5
Monroe,Webster - 8,State Assembly,130,DEM,Carl Fitzsimmons,64
Monroe,Webster - 8,State Assembly,130,DEM,Joseph Lamanna,50
Monroe,Webster - 8,State Assembly,130,DEM,Write-in,1
Monroe,Webster - 8,State Assembly,130,REP,George Dobbins,40
Monroe,Webster - 8,State Assembly,130,REP,Mark C Johns,34
Monroe,Webster - 8,State Assembly,130,REP,Summer L Johnson,30
Monroe,Webster - 8,State Assembly,130,,Under Votes,5
Monroe,Webster - 8,U.S. House,25,DEM,Joseph D Morelle,79
Monroe,Webster - 8,U.S. House,25,DEM,Robin Wilt,37
Monroe,Webster - 8,U.S. House,25,DEM,Sherita S Traywick,2
Monroe,Webster - 8,U.S. House,25,,Under Votes,2
Monroe,Webster - 9,Ballots Cast,,,,183
Monroe,Webster - 9,Comptroller,,DEM,Drew Warshaw,12
Monroe,Webster - 9,Comptroller,,DEM,Raj Goyle,13
Monroe,Webster - 9,Comptroller,,DEM,Thomas P DiNapoli,72
Monroe,Webster - 9,Comptroller,,,Under Votes,1
Monroe,Webster - 9,State Assembly,130,DEM,Carl Fitzsimmons,50
Monroe,Webster - 9,State Assembly,130,DEM,Joseph Lamanna,43
Monroe,Webster - 9,State Assembly,130,DEM,Write-in,1
Monroe,Webster - 9,State Assembly,130,REP,George Dobbins,27
Monroe,Webster - 9,State Assembly,130,REP,Mark C Johns,34
Monroe,Webster - 9,State Assembly,130,REP,Summer L Johnson,23
Monroe,Webster - 9,State Assembly,130,,Under Votes,4
Monroe,Webster - 9,State Assembly,130,,Under Votes,1
Monroe,Webster - 9,U.S. House,25,DEM,Joseph D Morelle,64
Monroe,Webster - 9,U.S. House,25,DEM,Robin Wilt,26
Monroe,Webster - 9,U.S. House,25,DEM,Sherita S Traywick,6
Monroe,Webster - 9,U.S. House,25,DEM,Write-in,1
Monroe,Webster - 9,U.S. House,25,,Under Votes,1
Monroe,Webster - 10,Ballots Cast,,,,130
Monroe,Webster - 10,Comptroller,,DEM,Drew Warshaw,5
Monroe,Webster - 10,Comptroller,,DEM,Raj Goyle,6
Monroe,Webster - 10,Comptroller,,DEM,Thomas P DiNapoli,45
Monroe,Webster - 10,Comptroller,,,Under Votes,4
Monroe,Webster - 10,State Assembly,130,DEM,Carl Fitzsimmons,30
Monroe,Webster - 10,State Assembly,130,DEM,Joseph Lamanna,24
Monroe,Webster - 10,State Assembly,130,DEM,Write-in,2
Monroe,Webster - 10,State Assembly,130,REP,George Dobbins,9
Monroe,Webster - 10,State Assembly,130,REP,Mark C Johns,42
Monroe,Webster - 10,State Assembly,130,REP,Summer L Johnson,18
Monroe,Webster - 10,State Assembly,130,REP,Write-in,1
Monroe,Webster - 10,State Assembly,130,,Under Votes,4
Monroe,Webster - 10,U.S. House,25,DEM,Joseph D Morelle,36
Monroe,Webster - 10,U.S. House,25,DEM,Robin Wilt,17
Monroe,Webster - 10,U.S. House,25,DEM,Sherita S Traywick,3
Monroe,Webster - 10,U.S. House,25,,Under Votes,4
Monroe,Webster - 11,Ballots Cast,,,,77
Monroe,Webster - 11,Comptroller,,DEM,Drew Warshaw,3
Monroe,Webster - 11,Comptroller,,DEM,Raj Goyle,4
Monroe,Webster - 11,Comptroller,,DEM,Thomas P DiNapoli,29
Monroe,Webster - 11,State Assembly,130,DEM,Carl Fitzsimmons,17
Monroe,Webster - 11,State Assembly,130,DEM,Joseph Lamanna,16
Monroe,Webster - 11,State Assembly,130,REP,George Dobbins,9
Monroe,Webster - 11,State Assembly,130,REP,Mark C Johns,23
Monroe,Webster - 11,State Assembly,130,REP,Summer L Johnson,9
Monroe,Webster - 11,State Assembly,130,,Under Votes,3
Monroe,Webster - 11,U.S. House,25,DEM,Joseph D Morelle,24
Monroe,Webster - 11,U.S. House,25,DEM,Robin Wilt,6
Monroe,Webster - 11,U.S. House,25,DEM,Sherita S Traywick,6
Monroe,Webster - 12,Ballots Cast,,,,98
Monroe,Webster - 12,Comptroller,,DEM,Drew Warshaw,4
Monroe,Webster - 12,Comptroller,,DEM,Raj Goyle,4
Monroe,Webster - 12,Comptroller,,DEM,Thomas P DiNapoli,39
Monroe,Webster - 12,Comptroller,,,Under Votes,1
Monroe,Webster - 12,State Assembly,130,DEM,Carl Fitzsimmons,35
Monroe,Webster - 12,State Assembly,130,DEM,Joseph Lamanna,10
Monroe,Webster - 12,State Assembly,130,REP,George Dobbins,16
Monroe,Webster - 12,State Assembly,130,REP,Mark C Johns,19
Monroe,Webster - 12,State Assembly,130,REP,Summer L Johnson,14
Monroe,Webster - 12,State Assembly,130,,Under Votes,3
Monroe,Webster - 12,State Assembly,130,,Under Votes,1
Monroe,Webster - 12,U.S. House,25,DEM,Joseph D Morelle,34
Monroe,Webster - 12,U.S. House,25,DEM,Robin Wilt,14
Monroe,Webster - 13,Ballots Cast,,,,61
Monroe,Webster - 13,Comptroller,,DEM,Drew Warshaw,5
Monroe,Webster - 13,Comptroller,,DEM,Raj Goyle,2
Monroe,Webster - 13,Comptroller,,DEM,Thomas P DiNapoli,30
Monroe,Webster - 13,Comptroller,,,Under Votes,1
Monroe,Webster - 13,State Assembly,130,DEM,Carl Fitzsimmons,19
Monroe,Webster - 13,State Assembly,130,DEM,Joseph Lamanna,18
Monroe,Webster - 13,State Assembly,130,REP,George Dobbins,4
Monroe,Webster - 13,State Assembly,130,REP,Mark C Johns,10
Monroe,Webster - 13,State Assembly,130,REP,Summer L Johnson,9
Monroe,Webster - 13,State Assembly,130,,Under Votes,1
Monroe,Webster - 13,U.S. House,25,DEM,Joseph D Morelle,26
Monroe,Webster - 13,U.S. House,25,DEM,Robin Wilt,10
Monroe,Webster - 13,U.S. House,25,DEM,Sherita S Traywick,2
Monroe,Webster - 14,Ballots Cast,,,,87
Monroe,Webster - 14,Comptroller,,DEM,Drew Warshaw,6
Monroe,Webster - 14,Comptroller,,DEM,Raj Goyle,2
Monroe,Webster - 14,Comptroller,,DEM,Thomas P DiNapoli,55
Monroe,Webster - 14,Comptroller,,,Under Votes,1
Monroe,Webster - 14,State Assembly,130,DEM,Carl Fitzsimmons,29
Monroe,Webster - 14,State Assembly,130,DEM,Joseph Lamanna,29
Monroe,Webster - 14,State Assembly,130,REP,George Dobbins,5
Monroe,Webster - 14,State Assembly,130,REP,Mark C Johns,11
Monroe,Webster - 14,State Assembly,130,REP,Summer L Johnson,7
Monroe,Webster - 14,State Assembly,130,,Under Votes,6
Monroe,Webster - 14,U.S. House,25,DEM,Joseph D Morelle,53
Monroe,Webster - 14,U.S. House,25,DEM,Robin Wilt,9
Monroe,Webster - 14,U.S. House,25,DEM,Sherita S Traywick,2
Monroe,Webster - 15,Ballots Cast,,,,66
Monroe,Webster - 15,Comptroller,,DEM,Drew Warshaw,3
Monroe,Webster - 15,Comptroller,,DEM,Raj Goyle,8
Monroe,Webster - 15,Comptroller,,DEM,Thomas P DiNapoli,30
Monroe,Webster - 15,Comptroller,,,Under Votes,1
Monroe,Webster - 15,State Assembly,130,DEM,Carl Fitzsimmons,32
Monroe,Webster - 15,State Assembly,130,DEM,Joseph Lamanna,10
Monroe,Webster - 15,State Assembly,130,REP,George Dobbins,7
Monroe,Webster - 15,State Assembly,130,REP,Mark C Johns,9
Monroe,Webster - 15,State Assembly,130,REP,Summer L Johnson,8
Monroe,Webster - 15,U.S. House,25,DEM,Joseph D Morelle,18
Monroe,Webster - 15,U.S. House,25,DEM,Robin Wilt,18
Monroe,Webster - 15,U.S. House,25,DEM,Sherita S Traywick,5
Monroe,Webster - 15,U.S. House,25,,Under Votes,1
Monroe,Webster - 16,Ballots Cast,,,,91
Monroe,Webster - 16,Comptroller,,DEM,Drew Warshaw,12
Monroe,Webster - 16,Comptroller,,DEM,Raj Goyle,3
Monroe,Webster - 16,Comptroller,,DEM,Thomas P DiNapoli,38
Monroe,Webster - 16,Comptroller,,,Under Votes,1
Monroe,Webster - 16,State Assembly,130,DEM,Carl Fitzsimmons,37
Monroe,Webster - 16,State Assembly,130,DEM,Joseph Lamanna,16
Monroe,Webster - 16,State Assembly,130,REP,George Dobbins,15
Monroe,Webster - 16,State Assembly,130,REP,Mark C Johns,15
Monroe,Webster - 16,State Assembly,130,REP,Summer L Johnson,7
Monroe,Webster - 16,State Assembly,130,,Under Votes,1
Monroe,Webster - 16,U.S. House,25,DEM,Joseph D Morelle,37
Monroe,Webster - 16,U.S. House,25,DEM,Robin Wilt,13
Monroe,Webster - 16,U.S. House,25,DEM,Sherita S Traywick,4
Monroe,Webster - 17,Ballots Cast,,,,63
Monroe,Webster - 17,Comptroller,,DEM,Drew Warshaw,5
Monroe,Webster - 17,Comptroller,,DEM,Raj Goyle,2
Monroe,Webster - 17,Comptroller,,DEM,Thomas P DiNapoli,34
Monroe,Webster - 17,State Assembly,130,DEM,Carl Fitzsimmons,25
Monroe,Webster - 17,State Assembly,130,DEM,Joseph Lamanna,15
Monroe,Webster - 17,State Assembly,130,REP,George Dobbins,4
Monroe,Webster - 17,State Assembly,130,REP,Mark C Johns,13
Monroe,Webster - 17,State Assembly,130,REP,Summer L Johnson,5
Monroe,Webster - 17,State Assembly,130,,Under Votes,1
Monroe,Webster - 17,U.S. House,25,DEM,Joseph D Morelle,24
Monroe,Webster - 17,U.S. House,25,DEM,Robin Wilt,6
Monroe,Webster - 17,U.S. House,25,DEM,Sherita S Traywick,11
Monroe,Webster - 18,Ballots Cast,,,,41
Monroe,Webster - 18,Comptroller,,DEM,Drew Warshaw,3
Monroe,Webster - 18,Comptroller,,DEM,Raj Goyle,1
Monroe,Webster - 18,Comptroller,,DEM,Thomas P DiNapoli,19
Monroe,Webster - 18,State Assembly,130,DEM,Carl Fitzsimmons,14
Monroe,Webster - 18,State Assembly,130,DEM,Joseph Lamanna,9
Monroe,Webster - 18,State Assembly,130,REP,George Dobbins,4
Monroe,Webster - 18,State Assembly,130,REP,Mark C Johns,6
Monroe,Webster - 18,State Assembly,130,REP,Summer L Johnson,8
Monroe,Webster - 18,U.S. House,25,DEM,Joseph D Morelle,14
Monroe,Webster - 18,U.S. House,25,DEM,Robin Wilt,8
Monroe,Webster - 18,U.S. House,25,DEM,Sherita S Traywick,1
Monroe,Webster - 19,Ballots Cast,,,,121
Monroe,Webster - 19,Comptroller,,DEM,Drew Warshaw,4
Monroe,Webster - 19,Comptroller,,DEM,Raj Goyle,7
Monroe,Webster - 19,Comptroller,,DEM,Thomas P DiNapoli,51
Monroe,Webster - 19,State Assembly,130,DEM,Carl Fitzsimmons,36
Monroe,Webster - 19,State Assembly,130,DEM,Joseph Lamanna,24
Monroe,Webster - 19,State Assembly,130,REP,George Dobbins,16
Monroe,Webster - 19,State Assembly,130,REP,Mark C Johns,25
Monroe,Webster - 19,State Assembly,130,REP,Summer L Johnson,16
Monroe,Webster - 19,State Assembly,130,REP,Write-in,1
Monroe,Webster - 19,State Assembly,130,,Under Votes,2
Monroe,Webster - 19,State Assembly,130,,Under Votes,1
Monroe,Webster - 19,U.S. House,25,DEM,Joseph D Morelle,48
Monroe,Webster - 19,U.S. House,25,DEM,Robin Wilt,12
Monroe,Webster - 19,U.S. House,25,DEM,Sherita S Traywick,2
Monroe,Webster - 20,Ballots Cast,,,,218
Monroe,Webster - 20,Comptroller,,DEM,Drew Warshaw,13
Monroe,Webster - 20,Comptroller,,DEM,Raj Goyle,10
Monroe,Webster - 20,Comptroller,,DEM,Thomas P DiNapoli,67
Monroe,Webster - 20,Comptroller,,,Under Votes,3
Monroe,Webster - 20,State Assembly,130,DEM,Carl Fitzsimmons,57
Monroe,Webster - 20,State Assembly,130,DEM,Joseph Lamanna,31
Monroe,Webster - 20,State Assembly,130,REP,George Dobbins,38
Monroe,Webster - 20,State Assembly,130,REP,Mark C Johns,53
Monroe,Webster - 20,State Assembly,130,REP,Summer L Johnson,34
Monroe,Webster - 20,State Assembly,130,,Under Votes,5
Monroe,Webster - 20,U.S. House,25,DEM,Joseph D Morelle,62
Monroe,Webster - 20,U.S. House,25,DEM,Robin Wilt,24
Monroe,Webster - 20,U.S. House,25,DEM,Sherita S Traywick,6
Monroe,Webster - 20,U.S. House,25,,Under Votes,1
Monroe,Webster - 21,Ballots Cast,,,,97
Monroe,Webster - 21,Comptroller,,DEM,Drew Warshaw,7
Monroe,Webster - 21,Comptroller,,DEM,Raj Goyle,5
Monroe,Webster - 21,Comptroller,,DEM,Thomas P DiNapoli,43
Monroe,Webster - 21,Comptroller,,,Over Votes,1
Monroe,Webster - 21,Comptroller,,,Under Votes,2
Monroe,Webster - 21,State Assembly,130,DEM,Carl Fitzsimmons,32
Monroe,Webster - 21,State Assembly,130,DEM,Joseph Lamanna,24
Monroe,Webster - 21,State Assembly,130,REP,George Dobbins,6
Monroe,Webster - 21,State Assembly,130,REP,Mark C Johns,23
Monroe,Webster - 21,State Assembly,130,REP,Summer L Johnson,10
Monroe,Webster - 21,State Assembly,130,,Under Votes,2
Monroe,Webster - 21,U.S. House,25,DEM,Joseph D Morelle,41
Monroe,Webster - 21,U.S. House,25,DEM,Robin Wilt,12
Monroe,Webster - 21,U.S. House,25,DEM,Sherita S Traywick,5
Monroe,Webster - 22,Ballots Cast,,,,78
Monroe,Webster - 22,Comptroller,,DEM,Drew Warshaw,5
Monroe,Webster - 22,Comptroller,,DEM,Raj Goyle,3
Monroe,Webster - 22,Comptroller,,DEM,Thomas P DiNapoli,36
Monroe,Webster - 22,Comptroller,,,Under Votes,2
Monroe,Webster - 22,State Assembly,130,DEM,Carl Fitzsimmons,35
Monroe,Webster - 22,State Assembly,130,DEM,Joseph Lamanna,10
Monroe,Webster - 22,State Assembly,130,REP,George Dobbins,10
Monroe,Webster - 22,State Assembly,130,REP,Mark C Johns,13
Monroe,Webster - 22,State Assembly,130,REP,Summer L Johnson,8
Monroe,Webster - 22,State Assembly,130,REP,Write-in,1
Monroe,Webster - 22,State Assembly,130,,Under Votes,1
Monroe,Webster - 22,U.S. House,25,DEM,Joseph D Morelle,31
Monroe,Webster - 22,U.S. House,25,DEM,Robin Wilt,11
Monroe,Webster - 22,U.S. House,25,DEM,Sherita S Traywick,3
Monroe,Webster - 22,U.S. House,25,,Under Votes,1
Monroe,Webster - 23,Ballots Cast,,,,138
Monroe,Webster - 23,Comptroller,,DEM,Drew Warshaw,12
Monroe,Webster - 23,Comptroller,,DEM,Raj Goyle,10
Monroe,Webster - 23,Comptroller,,DEM,Thomas P DiNapoli,61
Monroe,Webster - 23,Comptroller,,,Under Votes,3
Monroe,Webster - 23,State Assembly,130,DEM,Carl Fitzsimmons,39
Monroe,Webster - 23,State Assembly,130,DEM,Joseph Lamanna,42
Monroe,Webster - 23,State Assembly,130,REP,George Dobbins,3
Monroe,Webster - 23,State Assembly,130,REP,Mark C Johns,37
Monroe,Webster - 23,State Assembly,130,REP,Summer L Johnson,11
Monroe,Webster - 23,State Assembly,130,REP,Write-in,1
Monroe,Webster - 23,State Assembly,130,,Under Votes,5
Monroe,Webster - 23,U.S. House,25,DEM,Joseph D Morelle,60
Monroe,Webster - 23,U.S. House,25,DEM,Robin Wilt,20
Monroe,Webster - 23,U.S. House,25,DEM,Sherita S Traywick,4
Monroe,Webster - 23,U.S. House,25,,Over Votes,1
Monroe,Webster - 23,U.S. House,25,,Under Votes,1
Monroe,Webster - 24,Ballots Cast,,,,187
Monroe,Webster - 24,Comptroller,,DEM,Drew Warshaw,9
Monroe,Webster - 24,Comptroller,,DEM,Raj Goyle,5
Monroe,Webster - 24,Comptroller,,DEM,Thomas P DiNapoli,70
Monroe,Webster - 24,Comptroller,,,Under Votes,2
Monroe,Webster - 24,State Assembly,130,DEM,Carl Fitzsimmons,42
Monroe,Webster - 24,State Assembly,130,DEM,Joseph Lamanna,40
Monroe,Webster - 24,State Assembly,130,REP,George Dobbins,23
Monroe,Webster - 24,State Assembly,130,REP,Mark C Johns,43
Monroe,Webster - 24,State Assembly,130,REP,Summer L Johnson,33
Monroe,Webster - 24,State Assembly,130,,Under Votes,4
Monroe,Webster - 24,State Assembly,130,,Under Votes,2
Monroe,Webster - 24,U.S. House,25,DEM,Joseph D Morelle,66
Monroe,Webster - 24,U.S. House,25,DEM,Robin Wilt,15
Monroe,Webster - 24,U.S. House,25,DEM,Sherita S Traywick,3
Monroe,Webster - 24,U.S. House,25,,Under Votes,2
Monroe,Webster - 25,Ballots Cast,,,,106
Monroe,Webster - 25,Comptroller,,DEM,Drew Warshaw,13
Monroe,Webster - 25,Comptroller,,DEM,Raj Goyle,5
Monroe,Webster - 25,Comptroller,,DEM,Thomas P DiNapoli,52
Monroe,Webster - 25,Comptroller,,,Under Votes,1
Monroe,Webster - 25,State Assembly,130,DEM,Carl Fitzsimmons,35
Monroe,Webster - 25,State Assembly,130,DEM,Joseph Lamanna,33
Monroe,Webster - 25,State Assembly,130,DEM,Write-in,1
Monroe,Webster - 25,State Assembly,130,REP,George Dobbins,6
Monroe,Webster - 25,State Assembly,130,REP,Mark C Johns,19
Monroe,Webster - 25,State Assembly,130,REP,Summer L Johnson,10
Monroe,Webster - 25,State Assembly,130,,Under Votes,2
Monroe,Webster - 25,U.S. House,25,DEM,Joseph D Morelle,51
Monroe,Webster - 25,U.S. House,25,DEM,Robin Wilt,14
Monroe,Webster - 25,U.S. House,25,DEM,Sherita S Traywick,5
Monroe,Webster - 25,U.S. House,25,,Under Votes,1
Monroe,Webster - 26,Ballots Cast,,,,75
Monroe,Webster - 26,Comptroller,,DEM,Drew Warshaw,3
Monroe,Webster - 26,Comptroller,,DEM,Raj Goyle,5
Monroe,Webster - 26,Comptroller,,DEM,Thomas P DiNapoli,29
Monroe,Webster - 26,State Assembly,130,DEM,Carl Fitzsimmons,22
Monroe,Webster - 26,State Assembly,130,DEM,Joseph Lamanna,15
Monroe,Webster - 26,State Assembly,130,REP,George Dobbins,10
Monroe,Webster - 26,State Assembly,130,REP,Mark C Johns,17
Monroe,Webster - 26,State Assembly,130,REP,Summer L Johnson,11
Monroe,Webster - 26,U.S. House,25,DEM,Joseph D Morelle,24
Monroe,Webster - 26,U.S. House,25,DEM,Robin Wilt,12
Monroe,Webster - 26,U.S. House,25,DEM,Sherita S Traywick,1
Monroe,Webster - 27,Ballots Cast,,,,166
Monroe,Webster - 27,Comptroller,,DEM,Drew Warshaw,10
Monroe,Webster - 27,Comptroller,,DEM,Raj Goyle,8
Monroe,Webster - 27,Comptroller,,DEM,Thomas P DiNapoli,84
Monroe,Webster - 27,Comptroller,,,Under Votes,8
Monroe,Webster - 27,State Assembly,130,DEM,Carl Fitzsimmons,52
Monroe,Webster - 27,State Assembly,130,DEM,Joseph Lamanna,50
Monroe,Webster - 27,State Assembly,130,DEM,Write-in,1
Monroe,Webster - 27,State Assembly,130,REP,George Dobbins,11
Monroe,Webster - 27,State Assembly,130,REP,Mark C Johns,25
Monroe,Webster - 27,State Assembly,130,REP,Summer L Johnson,18
Monroe,Webster - 27,State Assembly,130,,Over Votes,1
Monroe,Webster - 27,State Assembly,130,,Under Votes,7
Monroe,Webster - 27,State Assembly,130,,Under Votes,1
Monroe,Webster - 27,U.S. House,25,DEM,Joseph D Morelle,85
Monroe,Webster - 27,U.S. House,25,DEM,Robin Wilt,18
Monroe,Webster - 27,U.S. House,25,DEM,Sherita S Traywick,7
Monroe,Webster - 28,Ballots Cast,,,,57
Monroe,Webster - 28,Comptroller,,DEM,Drew Warshaw,6
Monroe,Webster - 28,Comptroller,,DEM,Raj Goyle,5
Monroe,Webster - 28,Comptroller,,DEM,Thomas P DiNapoli,21
Monroe,Webster - 28,Comptroller,,,Under Votes,2
Monroe,Webster - 28,State Assembly,130,DEM,Carl Fitzsimmons,22
Monroe,Webster - 28,State Assembly,130,DEM,Joseph Lamanna,10
Monroe,Webster - 28,State Assembly,130,REP,George Dobbins,6
Monroe,Webster - 28,State Assembly,130,REP,Mark C Johns,10
Monroe,Webster - 28,State Assembly,130,REP,Summer L Johnson,6
Monroe,Webster - 28,State Assembly,130,REP,Write-in,1
Monroe,Webster - 28,State Assembly,130,,Under Votes,2
Monroe,Webster - 28,U.S. House,25,DEM,Joseph D Morelle,18
Monroe,Webster - 28,U.S. House,25,DEM,Robin Wilt,13
Monroe,Webster - 28,U.S. House,25,DEM,Sherita S Traywick,2
Monroe,Webster - 28,U.S. House,25,DEM,Write-in,1
Monroe,Webster - 29,Ballots Cast,,,,105
Monroe,Webster - 29,Comptroller,,DEM,Drew Warshaw,6
Monroe,Webster - 29,Comptroller,,DEM,Raj Goyle,3
Monroe,Webster - 29,Comptroller,,DEM,Thomas P DiNapoli,46
Monroe,Webster - 29,Comptroller,,,Over Votes,1
Monroe,Webster - 29,Comptroller,,,Under Votes,1
Monroe,Webster - 29,State Assembly,130,DEM,Carl Fitzsimmons,31
Monroe,Webster - 29,State Assembly,130,DEM,Joseph Lamanna,23
Monroe,Webster - 29,State Assembly,130,REP,George Dobbins,4
Monroe,Webster - 29,State Assembly,130,REP,Mark C Johns,24
Monroe,Webster - 29,State Assembly,130,REP,Summer L Johnson,20
Monroe,Webster - 29,State Assembly,130,,Over Votes,1
Monroe,Webster - 29,State Assembly,130,,Under Votes,2
Monroe,Webster - 29,U.S. House,25,DEM,Joseph D Morelle,42
Monroe,Webster - 29,U.S. House,25,DEM,Robin Wilt,11
Monroe,Webster - 29,U.S. House,25,DEM,Sherita S Traywick,3
Monroe,Webster - 29,U.S. House,25,,Over Votes,1
Monroe,Webster - 30,Ballots Cast,,,,84
Monroe,Webster - 30,Comptroller,,DEM,Drew Warshaw,5
Monroe,Webster - 30,Comptroller,,DEM,Raj Goyle,9
Monroe,Webster - 30,Comptroller,,DEM,Thomas P DiNapoli,42
Monroe,Webster - 30,Comptroller,,,Under Votes,1
Monroe,Webster - 30,State Assembly,130,DEM,Carl Fitzsimmons,29
Monroe,Webster - 30,State Assembly,130,DEM,Joseph Lamanna,26
Monroe,Webster - 30,State Assembly,130,REP,George Dobbins,12
Monroe,Webster - 30,State Assembly,130,REP,Mark C Johns,6
Monroe,Webster - 30,State Assembly,130,REP,Summer L Johnson,9
Monroe,Webster - 30,State Assembly,130,,Under Votes,2
Monroe,Webster - 30,U.S. House,25,DEM,Joseph D Morelle,41
Monroe,Webster - 30,U.S. House,25,DEM,Robin Wilt,13
Monroe,Webster - 30,U.S. House,25,DEM,Sherita S Traywick,3
Monroe,Webster - 31,Ballots Cast,,,,89
Monroe,Webster - 31,Comptroller,,DEM,Drew Warshaw,1
Monroe,Webster - 31,Comptroller,,DEM,Raj Goyle,2
Monroe,Webster - 31,Comptroller,,DEM,Thomas P DiNapoli,39
Monroe,Webster - 31,Comptroller,,,Under Votes,4
Monroe,Webster - 31,State Assembly,130,DEM,Carl Fitzsimmons,15
Monroe,Webster - 31,State Assembly,130,DEM,Joseph Lamanna,24
Monroe,Webster - 31,State Assembly,130,REP,George Dobbins,10
Monroe,Webster - 31,State Assembly,130,REP,Mark C Johns,14
Monroe,Webster - 31,State Assembly,130,REP,Summer L Johnson,17
Monroe,Webster - 31,State Assembly,130,REP,Write-in,2
Monroe,Webster - 31,State Assembly,130,,Under Votes,7
Monroe,Webster - 31,U.S. House,25,DEM,Joseph D Morelle,39
Monroe,Webster - 31,U.S. House,25,DEM,Robin Wilt,6
Monroe,Webster - 31,U.S. House,25,,Under Votes,1
Monroe,Webster - 32,Ballots Cast,,,,115
Monroe,Webster - 32,Comptroller,,DEM,Drew Warshaw,4
Monroe,Webster - 32,Comptroller,,DEM,Raj Goyle,5
Monroe,Webster - 32,Comptroller,,DEM,Thomas P DiNapoli,54
Monroe,Webster - 32,Comptroller,,,Under Votes,3
Monroe,Webster - 32,State Assembly,130,DEM,Carl Fitzsimmons,28
Monroe,Webster - 32,State Assembly,130,DEM,Joseph Lamanna,34
Monroe,Webster - 32,State Assembly,130,REP,George Dobbins,10
Monroe,Webster - 32,State Assembly,130,REP,Mark C Johns,30
Monroe,Webster - 32,State Assembly,130,REP,Summer L Johnson,9
Monroe,Webster - 32,State Assembly,130,,Under Votes,4
Monroe,Webster - 32,U.S. House,25,DEM,Joseph D Morelle,50
Monroe,Webster - 32,U.S. House,25,DEM,Robin Wilt,13
Monroe,Webster - 32,U.S. House,25,DEM,Sherita S Traywick,2
Monroe,Webster - 32,U.S. House,25,,Under Votes,1
Monroe,Webster - 33,Ballots Cast,,,,64
Monroe,Webster - 33,Comptroller,,DEM,Drew Warshaw,3
Monroe,Webster - 33,Comptroller,,DEM,Raj Goyle,2
Monroe,Webster - 33,Comptroller,,DEM,Thomas P DiNapoli,23
Monroe,Webster - 33,Comptroller,,,Under Votes,1
Monroe,Webster - 33,State Assembly,130,DEM,Carl Fitzsimmons,17
Monroe,Webster - 33,State Assembly,130,DEM,Joseph Lamanna,12
Monroe,Webster - 33,State Assembly,130,REP,George Dobbins,3
Monroe,Webster - 33,State Assembly,130,REP,Mark C Johns,16
Monroe,Webster - 33,State Assembly,130,REP,Summer L Johnson,16
Monroe,Webster - 33,U.S. House,25,DEM,Joseph D Morelle,22
Monroe,Webster - 33,U.S. House,25,DEM,Robin Wilt,5
Monroe,Webster - 33,U.S. House,25,DEM,Sherita S Traywick,2
Monroe,Webster - 34,Ballots Cast,,,,49
Monroe,Webster - 34,Comptroller,,DEM,Drew Warshaw,2
Monroe,Webster - 34,Comptroller,,DEM,Thomas P DiNapoli,29
Monroe,Webster - 34,Comptroller,,,Under Votes,1
Monroe,Webster - 34,State Assembly,130,DEM,Carl Fitzsimmons,18
Monroe,Webster - 34,State Assembly,130,DEM,Joseph Lamanna,14
Monroe,Webster - 34,State Assembly,130,REP,George Dobbins,2
Monroe,Webster - 34,State Assembly,130,REP,Mark C Johns,13
Monroe,Webster - 34,State Assembly,130,REP,Summer L Johnson,1
Monroe,Webster - 34,State Assembly,130,REP,Write-in,1
Monroe,Webster - 34,U.S. House,25,DEM,Joseph D Morelle,27
Monroe,Webster - 34,U.S. House,25,DEM,Robin Wilt,4
Monroe,Webster - 34,U.S. House,25,DEM,Sherita S Traywick,1
Monroe,Webster - 35,Ballots Cast,,,,64
Monroe,Webster - 35,Comptroller,,DEM,Drew Warshaw,8
Monroe,Webster - 35,Comptroller,,DEM,Raj Goyle,5
Monroe,Webster - 35,Comptroller,,DEM,Thomas P DiNapoli,26
Monroe,Webster - 35,Comptroller,,,Over Votes,1
Monroe,Webster - 35,Comptroller,,,Under Votes,1
Monroe,Webster - 35,State Assembly,130,DEM,Carl Fitzsimmons,27
Monroe,Webster - 35,State Assembly,130,DEM,Joseph Lamanna,11
Monroe,Webster - 35,State Assembly,130,REP,George Dobbins,6
Monroe,Webster - 35,State Assembly,130,REP,Mark C Johns,10
Monroe,Webster - 35,State Assembly,130,REP,Summer L Johnson,7
Monroe,Webster - 35,State Assembly,130,,Over Votes,1
Monroe,Webster - 35,State Assembly,130,,Under Votes,2
Monroe,Webster - 35,U.S. House,25,DEM,Joseph D Morelle,26
Monroe,Webster - 35,U.S. House,25,DEM,Robin Wilt,12
Monroe,Webster - 35,U.S. House,25,DEM,Sherita S Traywick,1
Monroe,Webster - 35,U.S. House,25,,Over Votes,1
Monroe,Webster - 35,U.S. House,25,,Under Votes,1
Monroe,Webster - 36,Ballots Cast,,,,101
Monroe,Webster - 36,Comptroller,,DEM,Drew Warshaw,9
Monroe,Webster - 36,Comptroller,,DEM,Raj Goyle,8
Monroe,Webster - 36,Comptroller,,DEM,Thomas P DiNapoli,44
Monroe,Webster - 36,Comptroller,,,Under Votes,2
Monroe,Webster - 36,State Assembly,130,DEM,Carl Fitzsimmons,35
Monroe,Webster - 36,State Assembly,130,DEM,Joseph Lamanna,26
Monroe,Webster - 36,State Assembly,130,REP,George Dobbins,8
Monroe,Webster - 36,State Assembly,130,REP,Mark C Johns,19
Monroe,Webster - 36,State Assembly,130,REP,Summer L Johnson,10
Monroe,Webster - 36,State Assembly,130,,Over Votes,1
Monroe,Webster - 36,State Assembly,130,,Under Votes,2
Monroe,Webster - 36,U.S. House,25,DEM,Joseph D Morelle,41
Monroe,Webster - 36,U.S. House,25,DEM,Robin Wilt,20
Monroe,Webster - 36,U.S. House,25,DEM,Sherita S Traywick,2
Monroe,Webster - 37,Ballots Cast,,,,120
Monroe,Webster - 37,Comptroller,,DEM,Drew Warshaw,8
Monroe,Webster - 37,Comptroller,,DEM,Raj Goyle,7
Monroe,Webster - 37,Comptroller,,DEM,Thomas P DiNapoli,58
Monroe,Webster - 37,Comptroller,,,Under Votes,3
Monroe,Webster - 37,State Assembly,130,DEM,Carl Fitzsimmons,52
Monroe,Webster - 37,State Assembly,130,DEM,Joseph Lamanna,22
Monroe,Webster - 37,State Assembly,130,REP,George Dobbins,13
Monroe,Webster - 37,State Assembly,130,REP,Mark C Johns,18
Monroe,Webster - 37,State Assembly,130,REP,Summer L Johnson,12
Monroe,Webster - 37,State Assembly,130,,Under Votes,2
Monroe,Webster - 37,U.S. House,25,DEM,Joseph D Morelle,55
Monroe,Webster - 37,U.S. House,25,DEM,Robin Wilt,20
Monroe,Webster - 37,U.S. House,25,DEM,Sherita S Traywick,1
Monroe,Webster - 37,U.S. House,25,,Under Votes,1
Monroe,Wheatland - 1,Ballots Cast,,,,39
Monroe,Wheatland - 1,Comptroller,,DEM,Drew Warshaw,5
Monroe,Wheatland - 1,Comptroller,,DEM,Raj Goyle,10
Monroe,Wheatland - 1,Comptroller,,DEM,Thomas P DiNapoli,20
Monroe,Wheatland - 1,Comptroller,,,Under Votes,4
Monroe,Wheatland - 1,State Senate,54,DEM,Michael Mills,18
Monroe,Wheatland - 1,State Senate,54,DEM,Scott Comegys,19
Monroe,Wheatland - 1,State Senate,54,,Under Votes,2
Monroe,Wheatland - 1,U.S. House,25,DEM,Joseph D Morelle,18
Monroe,Wheatland - 1,U.S. House,25,DEM,Robin Wilt,14
Monroe,Wheatland - 1,U.S. House,25,DEM,Sherita S Traywick,6
Monroe,Wheatland - 1,U.S. House,25,,Under Votes,1
Monroe,Wheatland - 2,Ballots Cast,,,,25
Monroe,Wheatland - 2,Comptroller,,DEM,Drew Warshaw,1
Monroe,Wheatland - 2,Comptroller,,DEM,Raj Goyle,3
Monroe,Wheatland - 2,Comptroller,,DEM,Thomas P DiNapoli,21
Monroe,Wheatland - 2,State Senate,54,DEM,Michael Mills,14
Monroe,Wheatland - 2,State Senate,54,DEM,Scott Comegys,10
Monroe,Wheatland - 2,State Senate,54,,Under Votes,1
Monroe,Wheatland - 2,U.S. House,25,DEM,Joseph D Morelle,20
Monroe,Wheatland - 2,U.S. House,25,DEM,Robin Wilt,2
Monroe,Wheatland - 2,U.S. House,25,DEM,Sherita S Traywick,3
Monroe,Wheatland - 3,Ballots Cast,,,,52
Monroe,Wheatland - 3,Comptroller,,DEM,Drew Warshaw,6
Monroe,Wheatland - 3,Comptroller,,DEM,Raj Goyle,5
Monroe,Wheatland - 3,Comptroller,,DEM,Thomas P DiNapoli,41
Monroe,Wheatland - 3,State Senate,54,DEM,Michael Mills,30
Monroe,Wheatland - 3,State Senate,54,DEM,Scott Comegys,22
Monroe,Wheatland - 3,U.S. House,25,DEM,Joseph D Morelle,36
Monroe,Wheatland - 3,U.S. House,25,DEM,Robin Wilt,15
Monroe,Wheatland - 3,U.S. House,25,DEM,Sherita S Traywick,1
Monroe,Wheatland - 4,Ballots Cast,,,,35
Monroe,Wheatland - 4,Comptroller,,DEM,Drew Warshaw,7
Monroe,Wheatland - 4,Comptroller,,DEM,Raj Goyle,4
Monroe,Wheatland - 4,Comptroller,,DEM,Thomas P DiNapoli,23
Monroe,Wheatland - 4,Comptroller,,,Under Votes,1
Monroe,Wheatland - 4,State Senate,54,DEM,Michael Mills,14
Monroe,Wheatland - 4,State Senate,54,DEM,Scott Comegys,20
Monroe,Wheatland - 4,State Senate,54,,Under Votes,1
Monroe,Wheatland - 4,U.S. House,25,DEM,Joseph D Morelle,20
Monroe,Wheatland - 4,U.S. House,25,DEM,Robin Wilt,11
Monroe,Wheatland - 4,U.S. House,25,DEM,Sherita S Traywick,4
Monroe,Wheatland - 5,Ballots Cast,,,,28
Monroe,Wheatland - 5,Comptroller,,DEM,Drew Warshaw,8
Monroe,Wheatland - 5,Comptroller,,DEM,Raj Goyle,3
Monroe,Wheatland - 5,Comptroller,,DEM,Thomas P DiNapoli,16
Monroe,Wheatland - 5,Comptroller,,,Under Votes,1
Monroe,Wheatland - 5,State Senate,54,DEM,Michael Mills,18
Monroe,Wheatland - 5,State Senate,54,DEM,Scott Comegys,9
Monroe,Wheatland - 5,State Senate,54,,Under Votes,1
Monroe,Wheatland - 5,U.S. House,25,DEM,Joseph D Morelle,18
Monroe,Wheatland - 5,U.S. House,25,DEM,Robin Wilt,7
Monroe,Wheatland - 5,U.S. House,25,DEM,Sherita S Traywick,3
