county,precinct,office,district,party,candidate,votes
Saratoga,Ballston 1,Ballots Cast,,,,92
Saratoga,Ballston 1,Ballston Supervisor,,REP,Eric Connolly,25
Saratoga,Ballston 1,Ballston Supervisor,,REP,John Antoski,18
Saratoga,Ballston 1,Comptroller,,DEM,Drew Warshaw,10
Saratoga,Ballston 1,Comptroller,,DEM,Raj Goyle,6
Saratoga,Ballston 1,Comptroller,,DEM,Thomas P. DiNapoli,29
Saratoga,Ballston 1,Comptroller,,,Under Votes,4
Saratoga,Ballston 1,State Senate,44,DEM,Patrick F. Nelson,12
Saratoga,Ballston 1,State Senate,44,DEM,Sarah F. Rogerson,37
Saratoga,Ballston 2,Ballots Cast,,,,131
Saratoga,Ballston 2,Ballston Supervisor,,REP,Eric Connolly,30
Saratoga,Ballston 2,Ballston Supervisor,,REP,John Antoski,44
Saratoga,Ballston 2,Ballston Supervisor,,REP,Write-in,2
Saratoga,Ballston 2,Comptroller,,DEM,Drew Warshaw,9
Saratoga,Ballston 2,Comptroller,,DEM,Raj Goyle,3
Saratoga,Ballston 2,Comptroller,,DEM,Thomas P. DiNapoli,42
Saratoga,Ballston 2,Comptroller,,,Under Votes,1
Saratoga,Ballston 2,State Senate,44,DEM,Patrick F. Nelson,15
Saratoga,Ballston 2,State Senate,44,DEM,Sarah F. Rogerson,40
Saratoga,Ballston 3,Ballots Cast,,,,229
Saratoga,Ballston 3,Ballston Supervisor,,REP,Eric Connolly,67
Saratoga,Ballston 3,Ballston Supervisor,,REP,John Antoski,67
Saratoga,Ballston 3,Comptroller,,DEM,Drew Warshaw,9
Saratoga,Ballston 3,Comptroller,,DEM,Raj Goyle,6
Saratoga,Ballston 3,Comptroller,,DEM,Thomas P. DiNapoli,76
Saratoga,Ballston 3,Comptroller,,,Under Votes,4
Saratoga,Ballston 3,State Senate,44,DEM,Patrick F. Nelson,23
Saratoga,Ballston 3,State Senate,44,DEM,Sarah F. Rogerson,71
Saratoga,Ballston 3,State Senate,44,,Under Votes,1
Saratoga,Ballston 4,Ballots Cast,,,,144
Saratoga,Ballston 4,Ballston Supervisor,,REP,Eric Connolly,34
Saratoga,Ballston 4,Ballston Supervisor,,REP,John Antoski,52
Saratoga,Ballston 4,Comptroller,,DEM,Drew Warshaw,7
Saratoga,Ballston 4,Comptroller,,DEM,Raj Goyle,5
Saratoga,Ballston 4,Comptroller,,DEM,Thomas P. DiNapoli,39
Saratoga,Ballston 4,Comptroller,,,Under Votes,7
Saratoga,Ballston 4,State Senate,44,DEM,Patrick F. Nelson,9
Saratoga,Ballston 4,State Senate,44,DEM,Sarah F. Rogerson,47
Saratoga,Ballston 4,State Senate,44,,Under Votes,2
Saratoga,Ballston 5,Ballots Cast,,,,111
Saratoga,Ballston 5,Ballston Supervisor,,REP,Eric Connolly,30
Saratoga,Ballston 5,Ballston Supervisor,,REP,John Antoski,41
Saratoga,Ballston 5,Ballston Supervisor,,,Under Votes,1
Saratoga,Ballston 5,Comptroller,,DEM,Drew Warshaw,4
Saratoga,Ballston 5,Comptroller,,DEM,Raj Goyle,14
Saratoga,Ballston 5,Comptroller,,DEM,Thomas P. DiNapoli,21
Saratoga,Ballston 5,State Senate,44,DEM,Patrick F. Nelson,6
Saratoga,Ballston 5,State Senate,44,DEM,Sarah F. Rogerson,33
Saratoga,Ballston 6,Ballots Cast,,,,199
Saratoga,Ballston 6,Ballston Supervisor,,REP,Eric Connolly,45
Saratoga,Ballston 6,Ballston Supervisor,,REP,John Antoski,59
Saratoga,Ballston 6,Ballston Supervisor,,,Over Votes,1
Saratoga,Ballston 6,Comptroller,,DEM,Drew Warshaw,12
Saratoga,Ballston 6,Comptroller,,DEM,Raj Goyle,7
Saratoga,Ballston 6,Comptroller,,DEM,Thomas P. DiNapoli,69
Saratoga,Ballston 6,Comptroller,,,Under Votes,6
Saratoga,Ballston 6,State Senate,44,DEM,Patrick F. Nelson,14
Saratoga,Ballston 6,State Senate,44,DEM,Sarah F. Rogerson,74
Saratoga,Ballston 6,State Senate,44,,Under Votes,6
Saratoga,Ballston 7,Ballots Cast,,,,99
Saratoga,Ballston 7,Ballston Supervisor,,REP,Eric Connolly,17
Saratoga,Ballston 7,Ballston Supervisor,,REP,John Antoski,31
Saratoga,Ballston 7,Comptroller,,DEM,Drew Warshaw,5
Saratoga,Ballston 7,Comptroller,,DEM,Raj Goyle,6
Saratoga,Ballston 7,Comptroller,,DEM,Thomas P. DiNapoli,39
Saratoga,Ballston 7,Comptroller,,,Under Votes,1
Saratoga,Ballston 7,State Senate,44,DEM,Patrick F. Nelson,18
Saratoga,Ballston 7,State Senate,44,DEM,Sarah F. Rogerson,33
Saratoga,Ballston 8,Ballots Cast,,,,149
Saratoga,Ballston 8,Ballston Supervisor,,REP,Eric Connolly,33
Saratoga,Ballston 8,Ballston Supervisor,,REP,John Antoski,86
Saratoga,Ballston 8,Ballston Supervisor,,REP,Write-in,1
Saratoga,Ballston 8,Comptroller,,DEM,Drew Warshaw,6
Saratoga,Ballston 8,Comptroller,,DEM,Raj Goyle,3
Saratoga,Ballston 8,Comptroller,,DEM,Thomas P. DiNapoli,20
Saratoga,Ballston 8,State Senate,44,DEM,Patrick F. Nelson,10
Saratoga,Ballston 8,State Senate,44,DEM,Sarah F. Rogerson,18
Saratoga,Ballston 8,State Senate,44,,Under Votes,1
Saratoga,Ballston 9,Ballots Cast,,,,101
Saratoga,Ballston 9,Ballston Supervisor,,REP,Eric Connolly,17
Saratoga,Ballston 9,Ballston Supervisor,,REP,John Antoski,52
Saratoga,Ballston 9,Ballston Supervisor,,,Over Votes,1
Saratoga,Ballston 9,Comptroller,,DEM,Drew Warshaw,8
Saratoga,Ballston 9,Comptroller,,DEM,Raj Goyle,2
Saratoga,Ballston 9,Comptroller,,DEM,Thomas P. DiNapoli,20
Saratoga,Ballston 9,Comptroller,,,Over Votes,1
Saratoga,Ballston 9,State Senate,44,DEM,Patrick F. Nelson,8
Saratoga,Ballston 9,State Senate,44,DEM,Sarah F. Rogerson,23
Saratoga,Charlton 1,Ballots Cast,,,,47
Saratoga,Charlton 1,Comptroller,,DEM,Drew Warshaw,8
Saratoga,Charlton 1,Comptroller,,DEM,Raj Goyle,13
Saratoga,Charlton 1,Comptroller,,DEM,Thomas P. DiNapoli,23
Saratoga,Charlton 1,Comptroller,,,Under Votes,3
Saratoga,Charlton 1,State Senate,44,DEM,Patrick F. Nelson,10
Saratoga,Charlton 1,State Senate,44,DEM,Sarah F. Rogerson,36
Saratoga,Charlton 1,State Senate,44,,Under Votes,1
Saratoga,Charlton 2,Ballots Cast,,,,20
Saratoga,Charlton 2,Comptroller,,DEM,Drew Warshaw,6
Saratoga,Charlton 2,Comptroller,,DEM,Raj Goyle,1
Saratoga,Charlton 2,Comptroller,,DEM,Thomas P. DiNapoli,11
Saratoga,Charlton 2,Comptroller,,,Under Votes,2
Saratoga,Charlton 2,State Senate,44,DEM,Patrick F. Nelson,4
Saratoga,Charlton 2,State Senate,44,DEM,Sarah F. Rogerson,16
Saratoga,Charlton 3,Ballots Cast,,,,33
Saratoga,Charlton 3,Comptroller,,DEM,Drew Warshaw,2
Saratoga,Charlton 3,Comptroller,,DEM,Raj Goyle,2
Saratoga,Charlton 3,Comptroller,,DEM,Thomas P. DiNapoli,26
Saratoga,Charlton 3,Comptroller,,DEM,Write-in,2
Saratoga,Charlton 3,Comptroller,,,Under Votes,1
Saratoga,Charlton 3,State Senate,44,DEM,Patrick F. Nelson,10
Saratoga,Charlton 3,State Senate,44,DEM,Sarah F. Rogerson,23
Saratoga,Charlton 4,Ballots Cast,,,,61
Saratoga,Charlton 4,Comptroller,,DEM,Drew Warshaw,4
Saratoga,Charlton 4,Comptroller,,DEM,Raj Goyle,5
Saratoga,Charlton 4,Comptroller,,DEM,Thomas P. DiNapoli,49
Saratoga,Charlton 4,Comptroller,,,Under Votes,3
Saratoga,Charlton 4,State Senate,44,DEM,Patrick F. Nelson,17
Saratoga,Charlton 4,State Senate,44,DEM,Sarah F. Rogerson,43
Saratoga,Charlton 4,State Senate,44,,Under Votes,1
Saratoga,Clifton Park 1,Ballots Cast,,,,52
Saratoga,Clifton Park 1,Comptroller,,DEM,Raj Goyle,8
Saratoga,Clifton Park 1,Comptroller,,DEM,Thomas P. DiNapoli,41
Saratoga,Clifton Park 1,Comptroller,,,Under Votes,3
Saratoga,Clifton Park 1,State Senate,44,DEM,Patrick F. Nelson,18
Saratoga,Clifton Park 1,State Senate,44,DEM,Sarah F. Rogerson,33
Saratoga,Clifton Park 1,State Senate,44,,Under Votes,1
Saratoga,Clifton Park 2,Ballots Cast,,,,29
Saratoga,Clifton Park 2,Comptroller,,DEM,Drew Warshaw,5
Saratoga,Clifton Park 2,Comptroller,,DEM,Raj Goyle,3
Saratoga,Clifton Park 2,Comptroller,,DEM,Thomas P. DiNapoli,20
Saratoga,Clifton Park 2,Comptroller,,,Under Votes,1
Saratoga,Clifton Park 2,State Senate,44,DEM,Patrick F. Nelson,12
Saratoga,Clifton Park 2,State Senate,44,DEM,Sarah F. Rogerson,16
Saratoga,Clifton Park 2,State Senate,44,,Under Votes,1
Saratoga,Clifton Park 3,Ballots Cast,,,,27
Saratoga,Clifton Park 3,Comptroller,,DEM,Drew Warshaw,5
Saratoga,Clifton Park 3,Comptroller,,DEM,Raj Goyle,2
Saratoga,Clifton Park 3,Comptroller,,DEM,Thomas P. DiNapoli,17
Saratoga,Clifton Park 3,Comptroller,,,Over Votes,1
Saratoga,Clifton Park 3,Comptroller,,,Under Votes,2
Saratoga,Clifton Park 3,State Senate,44,DEM,Patrick F. Nelson,7
Saratoga,Clifton Park 3,State Senate,44,DEM,Sarah F. Rogerson,18
Saratoga,Clifton Park 3,State Senate,44,,Over Votes,1
Saratoga,Clifton Park 3,State Senate,44,,Under Votes,1
Saratoga,Clifton Park 4,Ballots Cast,,,,66
Saratoga,Clifton Park 4,Comptroller,,DEM,Drew Warshaw,10
Saratoga,Clifton Park 4,Comptroller,,DEM,Raj Goyle,12
Saratoga,Clifton Park 4,Comptroller,,DEM,Thomas P. DiNapoli,44
Saratoga,Clifton Park 4,State Senate,44,DEM,Patrick F. Nelson,18
Saratoga,Clifton Park 4,State Senate,44,DEM,Sarah F. Rogerson,46
Saratoga,Clifton Park 4,State Senate,44,,Under Votes,2
Saratoga,Clifton Park 5,Ballots Cast,,,,11
Saratoga,Clifton Park 5,Comptroller,,DEM,Drew Warshaw,4
Saratoga,Clifton Park 5,Comptroller,,DEM,Raj Goyle,2
Saratoga,Clifton Park 5,Comptroller,,DEM,Thomas P. DiNapoli,5
Saratoga,Clifton Park 5,State Senate,44,DEM,Patrick F. Nelson,2
Saratoga,Clifton Park 5,State Senate,44,DEM,Sarah F. Rogerson,9
Saratoga,Clifton Park 6,Ballots Cast,,,,35
Saratoga,Clifton Park 6,Comptroller,,DEM,Drew Warshaw,4
Saratoga,Clifton Park 6,Comptroller,,DEM,Raj Goyle,5
Saratoga,Clifton Park 6,Comptroller,,DEM,Thomas P. DiNapoli,26
Saratoga,Clifton Park 6,State Senate,44,DEM,Patrick F. Nelson,9
Saratoga,Clifton Park 6,State Senate,44,DEM,Sarah F. Rogerson,26
Saratoga,Clifton Park 7,Ballots Cast,,,,25
Saratoga,Clifton Park 7,Comptroller,,DEM,Drew Warshaw,5
Saratoga,Clifton Park 7,Comptroller,,DEM,Raj Goyle,4
Saratoga,Clifton Park 7,Comptroller,,DEM,Thomas P. DiNapoli,13
Saratoga,Clifton Park 7,Comptroller,,,Under Votes,3
Saratoga,Clifton Park 7,State Senate,44,DEM,Patrick F. Nelson,12
Saratoga,Clifton Park 7,State Senate,44,DEM,Sarah F. Rogerson,13
Saratoga,Clifton Park 8,Ballots Cast,,,,77
Saratoga,Clifton Park 8,Comptroller,,DEM,Drew Warshaw,12
Saratoga,Clifton Park 8,Comptroller,,DEM,Raj Goyle,5
Saratoga,Clifton Park 8,Comptroller,,DEM,Thomas P. DiNapoli,57
Saratoga,Clifton Park 8,Comptroller,,DEM,Write-in,1
Saratoga,Clifton Park 8,Comptroller,,,Under Votes,2
Saratoga,Clifton Park 8,State Senate,44,DEM,Patrick F. Nelson,10
Saratoga,Clifton Park 8,State Senate,44,DEM,Sarah F. Rogerson,62
Saratoga,Clifton Park 8,State Senate,44,DEM,Write-in,3
Saratoga,Clifton Park 8,State Senate,44,,Under Votes,2
Saratoga,Clifton Park 9,Ballots Cast,,,,32
Saratoga,Clifton Park 9,Comptroller,,DEM,Drew Warshaw,3
Saratoga,Clifton Park 9,Comptroller,,DEM,Raj Goyle,1
Saratoga,Clifton Park 9,Comptroller,,DEM,Thomas P. DiNapoli,27
Saratoga,Clifton Park 9,Comptroller,,,Under Votes,1
Saratoga,Clifton Park 9,State Senate,44,DEM,Patrick F. Nelson,6
Saratoga,Clifton Park 9,State Senate,44,DEM,Sarah F. Rogerson,25
Saratoga,Clifton Park 9,State Senate,44,,Under Votes,1
Saratoga,Clifton Park 10,Ballots Cast,,,,64
Saratoga,Clifton Park 10,Comptroller,,DEM,Drew Warshaw,10
Saratoga,Clifton Park 10,Comptroller,,DEM,Raj Goyle,4
Saratoga,Clifton Park 10,Comptroller,,DEM,Thomas P. DiNapoli,46
Saratoga,Clifton Park 10,Comptroller,,DEM,Write-in,1
Saratoga,Clifton Park 10,Comptroller,,,Over Votes,1
Saratoga,Clifton Park 10,Comptroller,,,Under Votes,2
Saratoga,Clifton Park 10,State Senate,44,DEM,Patrick F. Nelson,30
Saratoga,Clifton Park 10,State Senate,44,DEM,Sarah F. Rogerson,30
Saratoga,Clifton Park 10,State Senate,44,,Over Votes,1
Saratoga,Clifton Park 10,State Senate,44,,Under Votes,3
Saratoga,Clifton Park 11,Ballots Cast,,,,40
Saratoga,Clifton Park 11,Comptroller,,DEM,Drew Warshaw,8
Saratoga,Clifton Park 11,Comptroller,,DEM,Raj Goyle,3
Saratoga,Clifton Park 11,Comptroller,,DEM,Thomas P. DiNapoli,29
Saratoga,Clifton Park 11,State Senate,44,DEM,Patrick F. Nelson,16
Saratoga,Clifton Park 11,State Senate,44,DEM,Sarah F. Rogerson,24
Saratoga,Clifton Park 12,Ballots Cast,,,,60
Saratoga,Clifton Park 12,Comptroller,,DEM,Drew Warshaw,11
Saratoga,Clifton Park 12,Comptroller,,DEM,Raj Goyle,9
Saratoga,Clifton Park 12,Comptroller,,DEM,Thomas P. DiNapoli,36
Saratoga,Clifton Park 12,Comptroller,,,Over Votes,1
Saratoga,Clifton Park 12,Comptroller,,,Under Votes,3
Saratoga,Clifton Park 12,State Senate,44,DEM,Patrick F. Nelson,13
Saratoga,Clifton Park 12,State Senate,44,DEM,Sarah F. Rogerson,44
Saratoga,Clifton Park 12,State Senate,44,,Over Votes,1
Saratoga,Clifton Park 12,State Senate,44,,Under Votes,2
Saratoga,Clifton Park 13,Ballots Cast,,,,48
Saratoga,Clifton Park 13,Comptroller,,DEM,Drew Warshaw,8
Saratoga,Clifton Park 13,Comptroller,,DEM,Raj Goyle,7
Saratoga,Clifton Park 13,Comptroller,,DEM,Thomas P. DiNapoli,32
Saratoga,Clifton Park 13,Comptroller,,,Under Votes,1
Saratoga,Clifton Park 13,State Senate,44,DEM,Patrick F. Nelson,28
Saratoga,Clifton Park 13,State Senate,44,DEM,Sarah F. Rogerson,19
Saratoga,Clifton Park 13,State Senate,44,,Under Votes,1
Saratoga,Clifton Park 14,Ballots Cast,,,,73
Saratoga,Clifton Park 14,Comptroller,,DEM,Drew Warshaw,13
Saratoga,Clifton Park 14,Comptroller,,DEM,Raj Goyle,9
Saratoga,Clifton Park 14,Comptroller,,DEM,Thomas P. DiNapoli,50
Saratoga,Clifton Park 14,Comptroller,,,Under Votes,1
Saratoga,Clifton Park 14,State Senate,44,DEM,Patrick F. Nelson,23
Saratoga,Clifton Park 14,State Senate,44,DEM,Sarah F. Rogerson,50
Saratoga,Clifton Park 15,Ballots Cast,,,,44
Saratoga,Clifton Park 15,Comptroller,,DEM,Drew Warshaw,7
Saratoga,Clifton Park 15,Comptroller,,DEM,Raj Goyle,4
Saratoga,Clifton Park 15,Comptroller,,DEM,Thomas P. DiNapoli,31
Saratoga,Clifton Park 15,Comptroller,,,Under Votes,2
Saratoga,Clifton Park 15,State Senate,44,DEM,Patrick F. Nelson,10
Saratoga,Clifton Park 15,State Senate,44,DEM,Sarah F. Rogerson,31
Saratoga,Clifton Park 15,State Senate,44,DEM,Write-in,1
Saratoga,Clifton Park 15,State Senate,44,,Under Votes,2
Saratoga,Clifton Park 16,Ballots Cast,,,,51
Saratoga,Clifton Park 16,Comptroller,,DEM,Drew Warshaw,10
Saratoga,Clifton Park 16,Comptroller,,DEM,Raj Goyle,9
Saratoga,Clifton Park 16,Comptroller,,DEM,Thomas P. DiNapoli,29
Saratoga,Clifton Park 16,Comptroller,,,Under Votes,3
Saratoga,Clifton Park 16,State Senate,44,DEM,Patrick F. Nelson,19
Saratoga,Clifton Park 16,State Senate,44,DEM,Sarah F. Rogerson,30
Saratoga,Clifton Park 16,State Senate,44,,Under Votes,2
Saratoga,Clifton Park 17,Ballots Cast,,,,36
Saratoga,Clifton Park 17,Comptroller,,DEM,Drew Warshaw,6
Saratoga,Clifton Park 17,Comptroller,,DEM,Raj Goyle,3
Saratoga,Clifton Park 17,Comptroller,,DEM,Thomas P. DiNapoli,27
Saratoga,Clifton Park 17,State Senate,44,DEM,Patrick F. Nelson,15
Saratoga,Clifton Park 17,State Senate,44,DEM,Sarah F. Rogerson,21
Saratoga,Clifton Park 18,Ballots Cast,,,,77
Saratoga,Clifton Park 18,Comptroller,,DEM,Drew Warshaw,19
Saratoga,Clifton Park 18,Comptroller,,DEM,Raj Goyle,11
Saratoga,Clifton Park 18,Comptroller,,DEM,Thomas P. DiNapoli,44
Saratoga,Clifton Park 18,Comptroller,,,Under Votes,3
Saratoga,Clifton Park 18,State Senate,44,DEM,Patrick F. Nelson,35
Saratoga,Clifton Park 18,State Senate,44,DEM,Sarah F. Rogerson,42
Saratoga,Clifton Park 19,Ballots Cast,,,,53
Saratoga,Clifton Park 19,Comptroller,,DEM,Drew Warshaw,6
Saratoga,Clifton Park 19,Comptroller,,DEM,Raj Goyle,4
Saratoga,Clifton Park 19,Comptroller,,DEM,Thomas P. DiNapoli,42
Saratoga,Clifton Park 19,Comptroller,,,Under Votes,1
Saratoga,Clifton Park 19,State Senate,44,DEM,Patrick F. Nelson,24
Saratoga,Clifton Park 19,State Senate,44,DEM,Sarah F. Rogerson,28
Saratoga,Clifton Park 19,State Senate,44,,Under Votes,1
Saratoga,Clifton Park 20,Ballots Cast,,,,59
Saratoga,Clifton Park 20,Comptroller,,DEM,Drew Warshaw,9
Saratoga,Clifton Park 20,Comptroller,,DEM,Raj Goyle,10
Saratoga,Clifton Park 20,Comptroller,,DEM,Thomas P. DiNapoli,39
Saratoga,Clifton Park 20,Comptroller,,,Under Votes,1
Saratoga,Clifton Park 20,State Senate,44,DEM,Patrick F. Nelson,9
Saratoga,Clifton Park 20,State Senate,44,DEM,Sarah F. Rogerson,46
Saratoga,Clifton Park 20,State Senate,44,,Under Votes,4
Saratoga,Clifton Park 21,Ballots Cast,,,,55
Saratoga,Clifton Park 21,Comptroller,,DEM,Drew Warshaw,4
Saratoga,Clifton Park 21,Comptroller,,DEM,Raj Goyle,5
Saratoga,Clifton Park 21,Comptroller,,DEM,Thomas P. DiNapoli,44
Saratoga,Clifton Park 21,Comptroller,,,Under Votes,2
Saratoga,Clifton Park 21,State Senate,44,DEM,Patrick F. Nelson,20
Saratoga,Clifton Park 21,State Senate,44,DEM,Sarah F. Rogerson,34
Saratoga,Clifton Park 21,State Senate,44,,Under Votes,1
Saratoga,Clifton Park 22,Ballots Cast,,,,33
Saratoga,Clifton Park 22,Comptroller,,DEM,Drew Warshaw,5
Saratoga,Clifton Park 22,Comptroller,,DEM,Raj Goyle,3
Saratoga,Clifton Park 22,Comptroller,,DEM,Thomas P. DiNapoli,24
Saratoga,Clifton Park 22,Comptroller,,,Under Votes,1
Saratoga,Clifton Park 22,State Senate,44,DEM,Patrick F. Nelson,10
Saratoga,Clifton Park 22,State Senate,44,DEM,Sarah F. Rogerson,23
Saratoga,Clifton Park 23,Ballots Cast,,,,40
Saratoga,Clifton Park 23,Comptroller,,DEM,Drew Warshaw,3
Saratoga,Clifton Park 23,Comptroller,,DEM,Raj Goyle,3
Saratoga,Clifton Park 23,Comptroller,,DEM,Thomas P. DiNapoli,33
Saratoga,Clifton Park 23,Comptroller,,DEM,Write-in,1
Saratoga,Clifton Park 23,State Senate,44,DEM,Patrick F. Nelson,20
Saratoga,Clifton Park 23,State Senate,44,DEM,Sarah F. Rogerson,19
Saratoga,Clifton Park 23,State Senate,44,,Under Votes,1
Saratoga,Clifton Park 24,Ballots Cast,,,,49
Saratoga,Clifton Park 24,Comptroller,,DEM,Drew Warshaw,8
Saratoga,Clifton Park 24,Comptroller,,DEM,Raj Goyle,6
Saratoga,Clifton Park 24,Comptroller,,DEM,Thomas P. DiNapoli,34
Saratoga,Clifton Park 24,Comptroller,,DEM,Write-in,1
Saratoga,Clifton Park 24,State Senate,44,DEM,Patrick F. Nelson,22
Saratoga,Clifton Park 24,State Senate,44,DEM,Sarah F. Rogerson,27
Saratoga,Clifton Park 25,Ballots Cast,,,,48
Saratoga,Clifton Park 25,Comptroller,,DEM,Drew Warshaw,6
Saratoga,Clifton Park 25,Comptroller,,DEM,Raj Goyle,4
Saratoga,Clifton Park 25,Comptroller,,DEM,Thomas P. DiNapoli,37
Saratoga,Clifton Park 25,Comptroller,,,Under Votes,1
Saratoga,Clifton Park 25,State Senate,44,DEM,Patrick F. Nelson,20
Saratoga,Clifton Park 25,State Senate,44,DEM,Sarah F. Rogerson,27
Saratoga,Clifton Park 25,State Senate,44,,Under Votes,1
Saratoga,Clifton Park 26,Ballots Cast,,,,31
Saratoga,Clifton Park 26,Comptroller,,DEM,Drew Warshaw,3
Saratoga,Clifton Park 26,Comptroller,,DEM,Raj Goyle,5
Saratoga,Clifton Park 26,Comptroller,,DEM,Thomas P. DiNapoli,22
Saratoga,Clifton Park 26,Comptroller,,,Under Votes,1
Saratoga,Clifton Park 26,State Senate,44,DEM,Patrick F. Nelson,10
Saratoga,Clifton Park 26,State Senate,44,DEM,Sarah F. Rogerson,20
Saratoga,Clifton Park 26,State Senate,44,,Under Votes,1
Saratoga,Clifton Park 27,Ballots Cast,,,,40
Saratoga,Clifton Park 27,Comptroller,,DEM,Drew Warshaw,3
Saratoga,Clifton Park 27,Comptroller,,DEM,Raj Goyle,5
Saratoga,Clifton Park 27,Comptroller,,DEM,Thomas P. DiNapoli,30
Saratoga,Clifton Park 27,Comptroller,,,Under Votes,2
Saratoga,Clifton Park 27,State Senate,44,DEM,Patrick F. Nelson,8
Saratoga,Clifton Park 27,State Senate,44,DEM,Sarah F. Rogerson,30
Saratoga,Clifton Park 27,State Senate,44,,Under Votes,2
Saratoga,Clifton Park 28,Ballots Cast,,,,32
Saratoga,Clifton Park 28,Comptroller,,DEM,Drew Warshaw,4
Saratoga,Clifton Park 28,Comptroller,,DEM,Raj Goyle,2
Saratoga,Clifton Park 28,Comptroller,,DEM,Thomas P. DiNapoli,25
Saratoga,Clifton Park 28,Comptroller,,,Under Votes,1
Saratoga,Clifton Park 28,State Senate,44,DEM,Patrick F. Nelson,8
Saratoga,Clifton Park 28,State Senate,44,DEM,Sarah F. Rogerson,24
Saratoga,Clifton Park 29,Ballots Cast,,,,35
Saratoga,Clifton Park 29,Comptroller,,DEM,Drew Warshaw,2
Saratoga,Clifton Park 29,Comptroller,,DEM,Raj Goyle,4
Saratoga,Clifton Park 29,Comptroller,,DEM,Thomas P. DiNapoli,28
Saratoga,Clifton Park 29,Comptroller,,,Under Votes,1
Saratoga,Clifton Park 29,State Senate,44,DEM,Patrick F. Nelson,6
Saratoga,Clifton Park 29,State Senate,44,DEM,Sarah F. Rogerson,28
Saratoga,Clifton Park 29,State Senate,44,,Under Votes,1
Saratoga,Clifton Park 30,Ballots Cast,,,,24
Saratoga,Clifton Park 30,Comptroller,,DEM,Drew Warshaw,2
Saratoga,Clifton Park 30,Comptroller,,DEM,Raj Goyle,3
Saratoga,Clifton Park 30,Comptroller,,DEM,Thomas P. DiNapoli,18
Saratoga,Clifton Park 30,Comptroller,,,Under Votes,1
Saratoga,Clifton Park 30,State Senate,44,DEM,Patrick F. Nelson,12
Saratoga,Clifton Park 30,State Senate,44,DEM,Sarah F. Rogerson,11
Saratoga,Clifton Park 30,State Senate,44,,Under Votes,1
Saratoga,Clifton Park 31,Ballots Cast,,,,73
Saratoga,Clifton Park 31,Comptroller,,DEM,Drew Warshaw,13
Saratoga,Clifton Park 31,Comptroller,,DEM,Raj Goyle,9
Saratoga,Clifton Park 31,Comptroller,,DEM,Thomas P. DiNapoli,47
Saratoga,Clifton Park 31,Comptroller,,DEM,Write-in,1
Saratoga,Clifton Park 31,Comptroller,,,Over Votes,1
Saratoga,Clifton Park 31,Comptroller,,,Under Votes,2
Saratoga,Clifton Park 31,State Senate,44,DEM,Patrick F. Nelson,26
Saratoga,Clifton Park 31,State Senate,44,DEM,Sarah F. Rogerson,45
Saratoga,Clifton Park 31,State Senate,44,,Under Votes,2
Saratoga,Clifton Park 32,Ballots Cast,,,,51
Saratoga,Clifton Park 32,Comptroller,,DEM,Drew Warshaw,10
Saratoga,Clifton Park 32,Comptroller,,DEM,Raj Goyle,5
Saratoga,Clifton Park 32,Comptroller,,DEM,Thomas P. DiNapoli,32
Saratoga,Clifton Park 32,Comptroller,,DEM,Write-in,1
Saratoga,Clifton Park 32,Comptroller,,,Under Votes,3
Saratoga,Clifton Park 32,State Senate,44,DEM,Patrick F. Nelson,11
Saratoga,Clifton Park 32,State Senate,44,DEM,Sarah F. Rogerson,38
Saratoga,Clifton Park 32,State Senate,44,,Under Votes,2
Saratoga,Clifton Park 33,Ballots Cast,,,,38
Saratoga,Clifton Park 33,Comptroller,,DEM,Drew Warshaw,5
Saratoga,Clifton Park 33,Comptroller,,DEM,Raj Goyle,7
Saratoga,Clifton Park 33,Comptroller,,DEM,Thomas P. DiNapoli,26
Saratoga,Clifton Park 33,State Senate,44,DEM,Patrick F. Nelson,15
Saratoga,Clifton Park 33,State Senate,44,DEM,Sarah F. Rogerson,22
Saratoga,Clifton Park 33,State Senate,44,,Under Votes,1
Saratoga,Clifton Park 34,Ballots Cast,,,,39
Saratoga,Clifton Park 34,Comptroller,,DEM,Drew Warshaw,4
Saratoga,Clifton Park 34,Comptroller,,DEM,Raj Goyle,8
Saratoga,Clifton Park 34,Comptroller,,DEM,Thomas P. DiNapoli,27
Saratoga,Clifton Park 34,State Senate,44,DEM,Patrick F. Nelson,15
Saratoga,Clifton Park 34,State Senate,44,DEM,Sarah F. Rogerson,24
Saratoga,Corinth 1,Ballots Cast,,,,97
Saratoga,Corinth 1,Comptroller,,DEM,Drew Warshaw,5
Saratoga,Corinth 1,Comptroller,,DEM,Raj Goyle,6
Saratoga,Corinth 1,Comptroller,,DEM,Thomas P. DiNapoli,22
Saratoga,Corinth 1,State Senate,44,DEM,Patrick F. Nelson,11
Saratoga,Corinth 1,State Senate,44,DEM,Sarah F. Rogerson,19
Saratoga,Corinth 1,State Senate,44,,Under Votes,3
Saratoga,Corinth 1,U.S. House,21,DEM,Blake Gendebien,16
Saratoga,Corinth 1,U.S. House,21,DEM,Stuart J. Amoriell,16
Saratoga,Corinth 1,U.S. House,21,REP,Anthony Constantino,39
Saratoga,Corinth 1,U.S. House,21,REP,Robert J. Smullen,24
Saratoga,Corinth 1,U.S. House,21,REP,Write-in,1
Saratoga,Corinth 1,U.S. House,21,,Under Votes,1
Saratoga,Corinth 2,Ballots Cast,,,,100
Saratoga,Corinth 2,Comptroller,,DEM,Drew Warshaw,2
Saratoga,Corinth 2,Comptroller,,DEM,Raj Goyle,2
Saratoga,Corinth 2,Comptroller,,DEM,Thomas P. DiNapoli,9
Saratoga,Corinth 2,State Senate,44,DEM,Patrick F. Nelson,5
Saratoga,Corinth 2,State Senate,44,DEM,Sarah F. Rogerson,7
Saratoga,Corinth 2,State Senate,44,,Under Votes,1
Saratoga,Corinth 2,U.S. House,21,DEM,Blake Gendebien,8
Saratoga,Corinth 2,U.S. House,21,DEM,Stuart J. Amoriell,4
Saratoga,Corinth 2,U.S. House,21,REP,Anthony Constantino,61
Saratoga,Corinth 2,U.S. House,21,REP,Robert J. Smullen,25
Saratoga,Corinth 2,U.S. House,21,REP,Write-in,1
Saratoga,Corinth 2,U.S. House,21,,Under Votes,1
Saratoga,Corinth 3,Ballots Cast,,,,125
Saratoga,Corinth 3,Comptroller,,DEM,Drew Warshaw,3
Saratoga,Corinth 3,Comptroller,,DEM,Raj Goyle,3
Saratoga,Corinth 3,Comptroller,,DEM,Thomas P. DiNapoli,19
Saratoga,Corinth 3,State Senate,44,DEM,Patrick F. Nelson,6
Saratoga,Corinth 3,State Senate,44,DEM,Sarah F. Rogerson,18
Saratoga,Corinth 3,State Senate,44,,Under Votes,1
Saratoga,Corinth 3,U.S. House,21,DEM,Blake Gendebien,14
Saratoga,Corinth 3,U.S. House,21,DEM,Stuart J. Amoriell,11
Saratoga,Corinth 3,U.S. House,21,REP,Anthony Constantino,75
Saratoga,Corinth 3,U.S. House,21,REP,Robert J. Smullen,25
Saratoga,Corinth 4,Ballots Cast,,,,71
Saratoga,Corinth 4,Comptroller,,DEM,Drew Warshaw,2
Saratoga,Corinth 4,Comptroller,,DEM,Thomas P. DiNapoli,7
Saratoga,Corinth 4,Comptroller,,,Under Votes,1
Saratoga,Corinth 4,State Senate,44,DEM,Patrick F. Nelson,1
Saratoga,Corinth 4,State Senate,44,DEM,Sarah F. Rogerson,7
Saratoga,Corinth 4,State Senate,44,,Under Votes,2
Saratoga,Corinth 4,U.S. House,21,DEM,Blake Gendebien,6
Saratoga,Corinth 4,U.S. House,21,DEM,Stuart J. Amoriell,2
Saratoga,Corinth 4,U.S. House,21,REP,Anthony Constantino,45
Saratoga,Corinth 4,U.S. House,21,REP,Robert J. Smullen,16
Saratoga,Corinth 4,U.S. House,21,,Under Votes,2
Saratoga,Corinth 5,Ballots Cast,,,,127
Saratoga,Corinth 5,Comptroller,,DEM,Drew Warshaw,2
Saratoga,Corinth 5,Comptroller,,DEM,Raj Goyle,7
Saratoga,Corinth 5,Comptroller,,DEM,Thomas P. DiNapoli,17
Saratoga,Corinth 5,Comptroller,,,Under Votes,4
Saratoga,Corinth 5,State Senate,44,DEM,Patrick F. Nelson,8
Saratoga,Corinth 5,State Senate,44,DEM,Sarah F. Rogerson,21
Saratoga,Corinth 5,State Senate,44,,Under Votes,1
Saratoga,Corinth 5,U.S. House,21,DEM,Blake Gendebien,16
Saratoga,Corinth 5,U.S. House,21,DEM,Stuart J. Amoriell,13
Saratoga,Corinth 5,U.S. House,21,REP,Anthony Constantino,64
Saratoga,Corinth 5,U.S. House,21,REP,Robert J. Smullen,31
Saratoga,Corinth 5,U.S. House,21,REP,Write-in,2
Saratoga,Corinth 5,U.S. House,21,,Under Votes,1
Saratoga,Day 1,Ballots Cast,,,,127
Saratoga,Day 1,Comptroller,,DEM,Drew Warshaw,2
Saratoga,Day 1,Comptroller,,DEM,Raj Goyle,2
Saratoga,Day 1,Comptroller,,DEM,Thomas P. DiNapoli,18
Saratoga,Day 1,Comptroller,,,Over Votes,1
Saratoga,Day 1,Comptroller,,,Under Votes,2
Saratoga,Day 1,State Senate,44,DEM,Patrick F. Nelson,5
Saratoga,Day 1,State Senate,44,DEM,Sarah F. Rogerson,19
Saratoga,Day 1,State Senate,44,,Under Votes,1
Saratoga,Day 1,U.S. House,21,DEM,Blake Gendebien,15
Saratoga,Day 1,U.S. House,21,DEM,Stuart J. Amoriell,9
Saratoga,Day 1,U.S. House,21,REP,Anthony Constantino,67
Saratoga,Day 1,U.S. House,21,REP,Robert J. Smullen,33
Saratoga,Day 1,U.S. House,21,REP,Write-in,2
Saratoga,Day 1,U.S. House,21,,Under Votes,1
Saratoga,Edinburg 1,Ballots Cast,,,,273
Saratoga,Edinburg 1,Comptroller,,DEM,Drew Warshaw,11
Saratoga,Edinburg 1,Comptroller,,DEM,Raj Goyle,3
Saratoga,Edinburg 1,Comptroller,,DEM,Thomas P. DiNapoli,35
Saratoga,Edinburg 1,Comptroller,,,Under Votes,3
Saratoga,Edinburg 1,State Senate,44,DEM,Patrick F. Nelson,18
Saratoga,Edinburg 1,State Senate,44,DEM,Sarah F. Rogerson,31
Saratoga,Edinburg 1,State Senate,44,,Under Votes,3
Saratoga,Edinburg 1,U.S. House,21,DEM,Blake Gendebien,34
Saratoga,Edinburg 1,U.S. House,21,DEM,Stuart J. Amoriell,18
Saratoga,Edinburg 1,U.S. House,21,REP,Anthony Constantino,143
Saratoga,Edinburg 1,U.S. House,21,REP,Robert J. Smullen,77
Saratoga,Edinburg 1,U.S. House,21,REP,Write-in,1
Saratoga,Galway 1,Ballots Cast,,,,36
Saratoga,Galway 1,Comptroller,,DEM,Drew Warshaw,8
Saratoga,Galway 1,Comptroller,,DEM,Raj Goyle,1
Saratoga,Galway 1,Comptroller,,DEM,Thomas P. DiNapoli,26
Saratoga,Galway 1,Comptroller,,,Under Votes,1
Saratoga,Galway 1,State Senate,44,DEM,Patrick F. Nelson,10
Saratoga,Galway 1,State Senate,44,DEM,Sarah F. Rogerson,24
Saratoga,Galway 1,State Senate,44,,Under Votes,2
Saratoga,Galway 2,Ballots Cast,,,,31
Saratoga,Galway 2,Comptroller,,DEM,Drew Warshaw,8
Saratoga,Galway 2,Comptroller,,DEM,Raj Goyle,3
Saratoga,Galway 2,Comptroller,,DEM,Thomas P. DiNapoli,20
Saratoga,Galway 2,State Senate,44,DEM,Patrick F. Nelson,13
Saratoga,Galway 2,State Senate,44,DEM,Sarah F. Rogerson,16
Saratoga,Galway 2,State Senate,44,,Under Votes,2
Saratoga,Galway 3,Ballots Cast,,,,19
Saratoga,Galway 3,Comptroller,,DEM,Drew Warshaw,1
Saratoga,Galway 3,Comptroller,,DEM,Raj Goyle,1
Saratoga,Galway 3,Comptroller,,DEM,Thomas P. DiNapoli,16
Saratoga,Galway 3,Comptroller,,,Under Votes,1
Saratoga,Galway 3,State Senate,44,DEM,Patrick F. Nelson,3
Saratoga,Galway 3,State Senate,44,DEM,Sarah F. Rogerson,15
Saratoga,Galway 3,State Senate,44,,Under Votes,1
Saratoga,Greenfield 1,Ballots Cast,,,,152
Saratoga,Greenfield 1,Comptroller,,DEM,Drew Warshaw,10
Saratoga,Greenfield 1,Comptroller,,DEM,Raj Goyle,7
Saratoga,Greenfield 1,Comptroller,,DEM,Thomas P. DiNapoli,50
Saratoga,Greenfield 1,Comptroller,,,Over Votes,1
Saratoga,Greenfield 1,Comptroller,,,Under Votes,3
Saratoga,Greenfield 1,State Senate,44,DEM,Patrick F. Nelson,22
Saratoga,Greenfield 1,State Senate,44,DEM,Sarah F. Rogerson,46
Saratoga,Greenfield 1,State Senate,44,,Under Votes,3
Saratoga,Greenfield 1,U.S. House,21,DEM,Blake Gendebien,53
Saratoga,Greenfield 1,U.S. House,21,DEM,Stuart J. Amoriell,16
Saratoga,Greenfield 1,U.S. House,21,REP,Anthony Constantino,49
Saratoga,Greenfield 1,U.S. House,21,REP,Robert J. Smullen,31
Saratoga,Greenfield 1,U.S. House,21,REP,Write-in,1
Saratoga,Greenfield 1,U.S. House,21,,Over Votes,1
Saratoga,Greenfield 1,U.S. House,21,,Under Votes,1
Saratoga,Greenfield 2,Ballots Cast,,,,113
Saratoga,Greenfield 2,Comptroller,,DEM,Drew Warshaw,4
Saratoga,Greenfield 2,Comptroller,,DEM,Raj Goyle,7
Saratoga,Greenfield 2,Comptroller,,DEM,Thomas P. DiNapoli,19
Saratoga,Greenfield 2,Comptroller,,,Under Votes,4
Saratoga,Greenfield 2,State Senate,44,DEM,Patrick F. Nelson,13
Saratoga,Greenfield 2,State Senate,44,DEM,Sarah F. Rogerson,17
Saratoga,Greenfield 2,State Senate,44,,Under Votes,4
Saratoga,Greenfield 2,U.S. House,21,DEM,Blake Gendebien,25
Saratoga,Greenfield 2,U.S. House,21,DEM,Stuart J. Amoriell,7
Saratoga,Greenfield 2,U.S. House,21,REP,Anthony Constantino,47
Saratoga,Greenfield 2,U.S. House,21,REP,Robert J. Smullen,32
Saratoga,Greenfield 2,U.S. House,21,,Under Votes,2
Saratoga,Greenfield 3,Ballots Cast,,,,99
Saratoga,Greenfield 3,Comptroller,,DEM,Drew Warshaw,5
Saratoga,Greenfield 3,Comptroller,,DEM,Raj Goyle,6
Saratoga,Greenfield 3,Comptroller,,DEM,Thomas P. DiNapoli,29
Saratoga,Greenfield 3,Comptroller,,,Under Votes,2
Saratoga,Greenfield 3,State Senate,44,DEM,Patrick F. Nelson,18
Saratoga,Greenfield 3,State Senate,44,DEM,Sarah F. Rogerson,23
Saratoga,Greenfield 3,State Senate,44,,Under Votes,1
Saratoga,Greenfield 3,U.S. House,21,DEM,Blake Gendebien,32
Saratoga,Greenfield 3,U.S. House,21,DEM,Stuart J. Amoriell,7
Saratoga,Greenfield 3,U.S. House,21,REP,Anthony Constantino,42
Saratoga,Greenfield 3,U.S. House,21,REP,Robert J. Smullen,15
Saratoga,Greenfield 3,U.S. House,21,,Under Votes,3
Saratoga,Greenfield 4,Ballots Cast,,,,87
Saratoga,Greenfield 4,Comptroller,,DEM,Drew Warshaw,10
Saratoga,Greenfield 4,Comptroller,,DEM,Raj Goyle,6
Saratoga,Greenfield 4,Comptroller,,DEM,Thomas P. DiNapoli,29
Saratoga,Greenfield 4,Comptroller,,,Under Votes,3
Saratoga,Greenfield 4,State Senate,44,DEM,Patrick F. Nelson,14
Saratoga,Greenfield 4,State Senate,44,DEM,Sarah F. Rogerson,31
Saratoga,Greenfield 4,State Senate,44,,Under Votes,3
Saratoga,Greenfield 4,U.S. House,21,DEM,Blake Gendebien,33
Saratoga,Greenfield 4,U.S. House,21,DEM,Stuart J. Amoriell,12
Saratoga,Greenfield 4,U.S. House,21,REP,Anthony Constantino,22
Saratoga,Greenfield 4,U.S. House,21,REP,Robert J. Smullen,17
Saratoga,Greenfield 4,U.S. House,21,,Under Votes,3
Saratoga,Greenfield 5,Ballots Cast,,,,148
Saratoga,Greenfield 5,Comptroller,,DEM,Drew Warshaw,10
Saratoga,Greenfield 5,Comptroller,,DEM,Raj Goyle,10
Saratoga,Greenfield 5,Comptroller,,DEM,Thomas P. DiNapoli,38
Saratoga,Greenfield 5,Comptroller,,,Under Votes,3
Saratoga,Greenfield 5,State Senate,44,DEM,Patrick F. Nelson,26
Saratoga,Greenfield 5,State Senate,44,DEM,Sarah F. Rogerson,33
Saratoga,Greenfield 5,State Senate,44,,Under Votes,2
Saratoga,Greenfield 5,U.S. House,21,DEM,Blake Gendebien,33
Saratoga,Greenfield 5,U.S. House,21,DEM,Stuart J. Amoriell,25
Saratoga,Greenfield 5,U.S. House,21,REP,Anthony Constantino,62
Saratoga,Greenfield 5,U.S. House,21,REP,Robert J. Smullen,23
Saratoga,Greenfield 5,U.S. House,21,REP,Write-in,1
Saratoga,Greenfield 5,U.S. House,21,,Under Votes,3
Saratoga,Greenfield 5,U.S. House,21,,Under Votes,1
Saratoga,Greenfield 6,Ballots Cast,,,,97
Saratoga,Greenfield 6,Comptroller,,DEM,Drew Warshaw,6
Saratoga,Greenfield 6,Comptroller,,DEM,Raj Goyle,8
Saratoga,Greenfield 6,Comptroller,,DEM,Thomas P. DiNapoli,28
Saratoga,Greenfield 6,Comptroller,,DEM,Write-in,1
Saratoga,Greenfield 6,Comptroller,,,Under Votes,1
Saratoga,Greenfield 6,State Senate,44,DEM,Patrick F. Nelson,11
Saratoga,Greenfield 6,State Senate,44,DEM,Sarah F. Rogerson,31
Saratoga,Greenfield 6,State Senate,44,,Under Votes,2
Saratoga,Greenfield 6,U.S. House,21,DEM,Blake Gendebien,28
Saratoga,Greenfield 6,U.S. House,21,DEM,Stuart J. Amoriell,16
Saratoga,Greenfield 6,U.S. House,21,REP,Anthony Constantino,40
Saratoga,Greenfield 6,U.S. House,21,REP,Robert J. Smullen,13
Saratoga,Greenfield 7,Ballots Cast,,,,99
Saratoga,Greenfield 7,Comptroller,,DEM,Drew Warshaw,1
Saratoga,Greenfield 7,Comptroller,,DEM,Raj Goyle,6
Saratoga,Greenfield 7,Comptroller,,DEM,Thomas P. DiNapoli,24
Saratoga,Greenfield 7,Comptroller,,,Over Votes,1
Saratoga,Greenfield 7,Comptroller,,,Under Votes,2
Saratoga,Greenfield 7,State Senate,44,DEM,Patrick F. Nelson,15
Saratoga,Greenfield 7,State Senate,44,DEM,Sarah F. Rogerson,18
Saratoga,Greenfield 7,State Senate,44,,Under Votes,1
Saratoga,Greenfield 7,U.S. House,21,DEM,Blake Gendebien,18
Saratoga,Greenfield 7,U.S. House,21,DEM,Stuart J. Amoriell,16
Saratoga,Greenfield 7,U.S. House,21,REP,Anthony Constantino,48
Saratoga,Greenfield 7,U.S. House,21,REP,Robert J. Smullen,17
Saratoga,Greenfield 8,Ballots Cast,,,,65
Saratoga,Greenfield 8,Comptroller,,DEM,Drew Warshaw,7
Saratoga,Greenfield 8,Comptroller,,DEM,Raj Goyle,6
Saratoga,Greenfield 8,Comptroller,,DEM,Thomas P. DiNapoli,19
Saratoga,Greenfield 8,State Senate,44,DEM,Patrick F. Nelson,7
Saratoga,Greenfield 8,State Senate,44,DEM,Sarah F. Rogerson,23
Saratoga,Greenfield 8,State Senate,44,,Under Votes,2
Saratoga,Greenfield 8,U.S. House,21,DEM,Blake Gendebien,20
Saratoga,Greenfield 8,U.S. House,21,DEM,Stuart J. Amoriell,10
Saratoga,Greenfield 8,U.S. House,21,REP,Anthony Constantino,19
Saratoga,Greenfield 8,U.S. House,21,REP,Robert J. Smullen,14
Saratoga,Greenfield 8,U.S. House,21,,Under Votes,2
Saratoga,Hadley 1,Ballots Cast,,,,113
Saratoga,Hadley 1,Comptroller,,DEM,Drew Warshaw,1
Saratoga,Hadley 1,Comptroller,,DEM,Raj Goyle,2
Saratoga,Hadley 1,Comptroller,,DEM,Thomas P. DiNapoli,8
Saratoga,Hadley 1,Comptroller,,,Under Votes,4
Saratoga,Hadley 1,State Senate,44,DEM,Patrick F. Nelson,5
Saratoga,Hadley 1,State Senate,44,DEM,Sarah F. Rogerson,8
Saratoga,Hadley 1,State Senate,44,,Under Votes,2
Saratoga,Hadley 1,U.S. House,21,DEM,Blake Gendebien,7
Saratoga,Hadley 1,U.S. House,21,DEM,Stuart J. Amoriell,7
Saratoga,Hadley 1,U.S. House,21,REP,Anthony Constantino,71
Saratoga,Hadley 1,U.S. House,21,REP,Robert J. Smullen,25
Saratoga,Hadley 1,U.S. House,21,REP,Write-in,2
Saratoga,Hadley 1,U.S. House,21,,Under Votes,1
Saratoga,Hadley 2,Ballots Cast,,,,106
Saratoga,Hadley 2,Comptroller,,DEM,Drew Warshaw,2
Saratoga,Hadley 2,Comptroller,,DEM,Raj Goyle,6
Saratoga,Hadley 2,Comptroller,,DEM,Thomas P. DiNapoli,8
Saratoga,Hadley 2,State Senate,44,DEM,Patrick F. Nelson,4
Saratoga,Hadley 2,State Senate,44,DEM,Sarah F. Rogerson,10
Saratoga,Hadley 2,State Senate,44,,Under Votes,2
Saratoga,Hadley 2,U.S. House,21,DEM,Blake Gendebien,10
Saratoga,Hadley 2,U.S. House,21,DEM,Stuart J. Amoriell,6
Saratoga,Hadley 2,U.S. House,21,REP,Anthony Constantino,53
Saratoga,Hadley 2,U.S. House,21,REP,Robert J. Smullen,35
Saratoga,Hadley 2,U.S. House,21,REP,Write-in,2
Saratoga,Halfmoon 1,Ballots Cast,,,,33
Saratoga,Halfmoon 1,Comptroller,,DEM,Drew Warshaw,2
Saratoga,Halfmoon 1,Comptroller,,DEM,Raj Goyle,3
Saratoga,Halfmoon 1,Comptroller,,DEM,Thomas P. DiNapoli,28
Saratoga,Halfmoon 1,State Senate,44,DEM,Patrick F. Nelson,14
Saratoga,Halfmoon 1,State Senate,44,DEM,Sarah F. Rogerson,18
Saratoga,Halfmoon 1,State Senate,44,,Under Votes,1
Saratoga,Halfmoon 2,Ballots Cast,,,,35
Saratoga,Halfmoon 2,Comptroller,,DEM,Drew Warshaw,7
Saratoga,Halfmoon 2,Comptroller,,DEM,Raj Goyle,3
Saratoga,Halfmoon 2,Comptroller,,DEM,Thomas P. DiNapoli,24
Saratoga,Halfmoon 2,Comptroller,,DEM,Write-in,1
Saratoga,Halfmoon 2,State Senate,44,DEM,Patrick F. Nelson,6
Saratoga,Halfmoon 2,State Senate,44,DEM,Sarah F. Rogerson,28
Saratoga,Halfmoon 2,State Senate,44,DEM,Write-in,1
Saratoga,Halfmoon 3,Ballots Cast,,,,36
Saratoga,Halfmoon 3,Comptroller,,DEM,Drew Warshaw,3
Saratoga,Halfmoon 3,Comptroller,,DEM,Raj Goyle,1
Saratoga,Halfmoon 3,Comptroller,,DEM,Thomas P. DiNapoli,28
Saratoga,Halfmoon 3,Comptroller,,DEM,Write-in,1
Saratoga,Halfmoon 3,Comptroller,,,Over Votes,1
Saratoga,Halfmoon 3,Comptroller,,,Under Votes,2
Saratoga,Halfmoon 3,State Senate,44,DEM,Patrick F. Nelson,13
Saratoga,Halfmoon 3,State Senate,44,DEM,Sarah F. Rogerson,21
Saratoga,Halfmoon 3,State Senate,44,,Over Votes,1
Saratoga,Halfmoon 3,State Senate,44,,Under Votes,1
Saratoga,Halfmoon 4,Ballots Cast,,,,77
Saratoga,Halfmoon 4,Comptroller,,DEM,Drew Warshaw,9
Saratoga,Halfmoon 4,Comptroller,,DEM,Raj Goyle,8
Saratoga,Halfmoon 4,Comptroller,,DEM,Thomas P. DiNapoli,59
Saratoga,Halfmoon 4,Comptroller,,,Under Votes,1
Saratoga,Halfmoon 4,State Senate,44,DEM,Patrick F. Nelson,27
Saratoga,Halfmoon 4,State Senate,44,DEM,Sarah F. Rogerson,48
Saratoga,Halfmoon 4,State Senate,44,DEM,Write-in,1
Saratoga,Halfmoon 4,State Senate,44,,Under Votes,1
Saratoga,Halfmoon 5,Ballots Cast,,,,29
Saratoga,Halfmoon 5,Comptroller,,DEM,Drew Warshaw,4
Saratoga,Halfmoon 5,Comptroller,,DEM,Raj Goyle,1
Saratoga,Halfmoon 5,Comptroller,,DEM,Thomas P. DiNapoli,22
Saratoga,Halfmoon 5,Comptroller,,,Under Votes,2
Saratoga,Halfmoon 5,State Senate,44,DEM,Patrick F. Nelson,13
Saratoga,Halfmoon 5,State Senate,44,DEM,Sarah F. Rogerson,14
Saratoga,Halfmoon 5,State Senate,44,,Under Votes,2
Saratoga,Halfmoon 6,Ballots Cast,,,,41
Saratoga,Halfmoon 6,Comptroller,,DEM,Drew Warshaw,5
Saratoga,Halfmoon 6,Comptroller,,DEM,Raj Goyle,3
Saratoga,Halfmoon 6,Comptroller,,DEM,Thomas P. DiNapoli,32
Saratoga,Halfmoon 6,Comptroller,,,Under Votes,1
Saratoga,Halfmoon 6,State Senate,44,DEM,Patrick F. Nelson,9
Saratoga,Halfmoon 6,State Senate,44,DEM,Sarah F. Rogerson,31
Saratoga,Halfmoon 6,State Senate,44,,Under Votes,1
Saratoga,Halfmoon 7,Ballots Cast,,,,39
Saratoga,Halfmoon 7,Comptroller,,DEM,Drew Warshaw,3
Saratoga,Halfmoon 7,Comptroller,,DEM,Raj Goyle,3
Saratoga,Halfmoon 7,Comptroller,,DEM,Thomas P. DiNapoli,32
Saratoga,Halfmoon 7,Comptroller,,,Under Votes,1
Saratoga,Halfmoon 7,State Senate,44,DEM,Patrick F. Nelson,11
Saratoga,Halfmoon 7,State Senate,44,DEM,Sarah F. Rogerson,26
Saratoga,Halfmoon 7,State Senate,44,,Under Votes,2
Saratoga,Halfmoon 8,Ballots Cast,,,,33
Saratoga,Halfmoon 8,Comptroller,,DEM,Drew Warshaw,5
Saratoga,Halfmoon 8,Comptroller,,DEM,Raj Goyle,5
Saratoga,Halfmoon 8,Comptroller,,DEM,Thomas P. DiNapoli,22
Saratoga,Halfmoon 8,Comptroller,,,Under Votes,1
Saratoga,Halfmoon 8,State Senate,44,DEM,Patrick F. Nelson,10
Saratoga,Halfmoon 8,State Senate,44,DEM,Sarah F. Rogerson,23
Saratoga,Halfmoon 9,Ballots Cast,,,,57
Saratoga,Halfmoon 9,Comptroller,,DEM,Drew Warshaw,5
Saratoga,Halfmoon 9,Comptroller,,DEM,Raj Goyle,7
Saratoga,Halfmoon 9,Comptroller,,DEM,Thomas P. DiNapoli,43
Saratoga,Halfmoon 9,Comptroller,,,Over Votes,1
Saratoga,Halfmoon 9,Comptroller,,,Under Votes,1
Saratoga,Halfmoon 9,State Senate,44,DEM,Patrick F. Nelson,20
Saratoga,Halfmoon 9,State Senate,44,DEM,Sarah F. Rogerson,35
Saratoga,Halfmoon 9,State Senate,44,,Under Votes,2
Saratoga,Halfmoon 10,Ballots Cast,,,,29
Saratoga,Halfmoon 10,Comptroller,,DEM,Drew Warshaw,11
Saratoga,Halfmoon 10,Comptroller,,DEM,Raj Goyle,3
Saratoga,Halfmoon 10,Comptroller,,DEM,Thomas P. DiNapoli,15
Saratoga,Halfmoon 10,State Senate,44,DEM,Patrick F. Nelson,8
Saratoga,Halfmoon 10,State Senate,44,DEM,Sarah F. Rogerson,21
Saratoga,Halfmoon 11,Ballots Cast,,,,51
Saratoga,Halfmoon 11,Comptroller,,DEM,Drew Warshaw,10
Saratoga,Halfmoon 11,Comptroller,,DEM,Raj Goyle,6
Saratoga,Halfmoon 11,Comptroller,,DEM,Thomas P. DiNapoli,35
Saratoga,Halfmoon 11,State Senate,44,DEM,Patrick F. Nelson,16
Saratoga,Halfmoon 11,State Senate,44,DEM,Sarah F. Rogerson,33
Saratoga,Halfmoon 11,State Senate,44,DEM,Write-in,1
Saratoga,Halfmoon 11,State Senate,44,,Under Votes,1
Saratoga,Halfmoon 12,Ballots Cast,,,,21
Saratoga,Halfmoon 12,Comptroller,,DEM,Drew Warshaw,2
Saratoga,Halfmoon 12,Comptroller,,DEM,Raj Goyle,2
Saratoga,Halfmoon 12,Comptroller,,DEM,Thomas P. DiNapoli,17
Saratoga,Halfmoon 12,State Senate,44,DEM,Patrick F. Nelson,10
Saratoga,Halfmoon 12,State Senate,44,DEM,Sarah F. Rogerson,10
Saratoga,Halfmoon 12,State Senate,44,,Under Votes,1
Saratoga,Halfmoon 13,Ballots Cast,,,,25
Saratoga,Halfmoon 13,Comptroller,,DEM,Drew Warshaw,4
Saratoga,Halfmoon 13,Comptroller,,DEM,Raj Goyle,1
Saratoga,Halfmoon 13,Comptroller,,DEM,Thomas P. DiNapoli,20
Saratoga,Halfmoon 13,State Senate,44,DEM,Patrick F. Nelson,13
Saratoga,Halfmoon 13,State Senate,44,DEM,Sarah F. Rogerson,12
Saratoga,Halfmoon 14,Ballots Cast,,,,47
Saratoga,Halfmoon 14,Comptroller,,DEM,Drew Warshaw,8
Saratoga,Halfmoon 14,Comptroller,,DEM,Raj Goyle,2
Saratoga,Halfmoon 14,Comptroller,,DEM,Thomas P. DiNapoli,34
Saratoga,Halfmoon 14,Comptroller,,,Under Votes,3
Saratoga,Halfmoon 14,State Senate,44,DEM,Patrick F. Nelson,5
Saratoga,Halfmoon 14,State Senate,44,DEM,Sarah F. Rogerson,38
Saratoga,Halfmoon 14,State Senate,44,DEM,Write-in,1
Saratoga,Halfmoon 14,State Senate,44,,Under Votes,3
Saratoga,Halfmoon 15,Ballots Cast,,,,14
Saratoga,Halfmoon 15,Comptroller,,DEM,Drew Warshaw,2
Saratoga,Halfmoon 15,Comptroller,,DEM,Raj Goyle,3
Saratoga,Halfmoon 15,Comptroller,,DEM,Thomas P. DiNapoli,8
Saratoga,Halfmoon 15,Comptroller,,,Under Votes,1
Saratoga,Halfmoon 15,State Senate,44,DEM,Patrick F. Nelson,4
Saratoga,Halfmoon 15,State Senate,44,DEM,Sarah F. Rogerson,8
Saratoga,Halfmoon 15,State Senate,44,,Under Votes,2
Saratoga,Halfmoon 16,Ballots Cast,,,,12
Saratoga,Halfmoon 16,Comptroller,,DEM,Drew Warshaw,1
Saratoga,Halfmoon 16,Comptroller,,DEM,Raj Goyle,2
Saratoga,Halfmoon 16,Comptroller,,DEM,Thomas P. DiNapoli,8
Saratoga,Halfmoon 16,Comptroller,,,Over Votes,1
Saratoga,Halfmoon 16,State Senate,44,DEM,Patrick F. Nelson,3
Saratoga,Halfmoon 16,State Senate,44,DEM,Sarah F. Rogerson,7
Saratoga,Halfmoon 16,State Senate,44,,Under Votes,2
Saratoga,Halfmoon 17,Ballots Cast,,,,18
Saratoga,Halfmoon 17,Comptroller,,DEM,Drew Warshaw,6
Saratoga,Halfmoon 17,Comptroller,,DEM,Thomas P. DiNapoli,11
Saratoga,Halfmoon 17,Comptroller,,,Under Votes,1
Saratoga,Halfmoon 17,State Senate,44,DEM,Patrick F. Nelson,3
Saratoga,Halfmoon 17,State Senate,44,DEM,Sarah F. Rogerson,15
Saratoga,Halfmoon 18,Ballots Cast,,,,59
Saratoga,Halfmoon 18,Comptroller,,DEM,Drew Warshaw,11
Saratoga,Halfmoon 18,Comptroller,,DEM,Raj Goyle,4
Saratoga,Halfmoon 18,Comptroller,,DEM,Thomas P. DiNapoli,41
Saratoga,Halfmoon 18,Comptroller,,,Under Votes,3
Saratoga,Halfmoon 18,State Senate,44,DEM,Patrick F. Nelson,19
Saratoga,Halfmoon 18,State Senate,44,DEM,Sarah F. Rogerson,40
Saratoga,Halfmoon 19,Ballots Cast,,,,60
Saratoga,Halfmoon 19,Comptroller,,DEM,Drew Warshaw,10
Saratoga,Halfmoon 19,Comptroller,,DEM,Raj Goyle,4
Saratoga,Halfmoon 19,Comptroller,,DEM,Thomas P. DiNapoli,42
Saratoga,Halfmoon 19,Comptroller,,,Under Votes,4
Saratoga,Halfmoon 19,State Senate,44,DEM,Patrick F. Nelson,19
Saratoga,Halfmoon 19,State Senate,44,DEM,Sarah F. Rogerson,40
Saratoga,Halfmoon 19,State Senate,44,,Under Votes,1
Saratoga,Malta 1,Ballots Cast,,,,61
Saratoga,Malta 1,Comptroller,,DEM,Drew Warshaw,5
Saratoga,Malta 1,Comptroller,,DEM,Raj Goyle,7
Saratoga,Malta 1,Comptroller,,DEM,Thomas P. DiNapoli,45
Saratoga,Malta 1,Comptroller,,,Under Votes,4
Saratoga,Malta 1,State Senate,44,DEM,Patrick F. Nelson,15
Saratoga,Malta 1,State Senate,44,DEM,Sarah F. Rogerson,43
Saratoga,Malta 1,State Senate,44,,Under Votes,3
Saratoga,Malta 2,Ballots Cast,,,,85
Saratoga,Malta 2,Comptroller,,DEM,Drew Warshaw,17
Saratoga,Malta 2,Comptroller,,DEM,Raj Goyle,10
Saratoga,Malta 2,Comptroller,,DEM,Thomas P. DiNapoli,53
Saratoga,Malta 2,Comptroller,,,Over Votes,2
Saratoga,Malta 2,Comptroller,,,Under Votes,3
Saratoga,Malta 2,State Senate,44,DEM,Patrick F. Nelson,17
Saratoga,Malta 2,State Senate,44,DEM,Sarah F. Rogerson,62
Saratoga,Malta 2,State Senate,44,,Over Votes,2
Saratoga,Malta 2,State Senate,44,,Under Votes,4
Saratoga,Malta 3,Ballots Cast,,,,120
Saratoga,Malta 3,Comptroller,,DEM,Drew Warshaw,13
Saratoga,Malta 3,Comptroller,,DEM,Raj Goyle,13
Saratoga,Malta 3,Comptroller,,DEM,Thomas P. DiNapoli,90
Saratoga,Malta 3,Comptroller,,,Under Votes,4
Saratoga,Malta 3,State Senate,44,DEM,Patrick F. Nelson,60
Saratoga,Malta 3,State Senate,44,DEM,Sarah F. Rogerson,60
Saratoga,Malta 4,Ballots Cast,,,,34
Saratoga,Malta 4,Comptroller,,DEM,Drew Warshaw,3
Saratoga,Malta 4,Comptroller,,DEM,Raj Goyle,5
Saratoga,Malta 4,Comptroller,,DEM,Thomas P. DiNapoli,25
Saratoga,Malta 4,Comptroller,,,Under Votes,1
Saratoga,Malta 4,State Senate,44,DEM,Patrick F. Nelson,8
Saratoga,Malta 4,State Senate,44,DEM,Sarah F. Rogerson,25
Saratoga,Malta 4,State Senate,44,,Under Votes,1
Saratoga,Malta 5,Ballots Cast,,,,35
Saratoga,Malta 5,Comptroller,,DEM,Drew Warshaw,6
Saratoga,Malta 5,Comptroller,,DEM,Raj Goyle,5
Saratoga,Malta 5,Comptroller,,DEM,Thomas P. DiNapoli,21
Saratoga,Malta 5,Comptroller,,,Under Votes,3
Saratoga,Malta 5,State Senate,44,DEM,Patrick F. Nelson,14
Saratoga,Malta 5,State Senate,44,DEM,Sarah F. Rogerson,21
Saratoga,Malta 6,Ballots Cast,,,,86
Saratoga,Malta 6,Comptroller,,DEM,Drew Warshaw,7
Saratoga,Malta 6,Comptroller,,DEM,Raj Goyle,12
Saratoga,Malta 6,Comptroller,,DEM,Thomas P. DiNapoli,65
Saratoga,Malta 6,Comptroller,,,Over Votes,1
Saratoga,Malta 6,Comptroller,,,Under Votes,1
Saratoga,Malta 6,State Senate,44,DEM,Patrick F. Nelson,21
Saratoga,Malta 6,State Senate,44,DEM,Sarah F. Rogerson,65
Saratoga,Malta 7,Ballots Cast,,,,50
Saratoga,Malta 7,Comptroller,,DEM,Drew Warshaw,4
Saratoga,Malta 7,Comptroller,,DEM,Raj Goyle,5
Saratoga,Malta 7,Comptroller,,DEM,Thomas P. DiNapoli,38
Saratoga,Malta 7,Comptroller,,DEM,Write-in,1
Saratoga,Malta 7,Comptroller,,,Over Votes,1
Saratoga,Malta 7,Comptroller,,,Under Votes,1
Saratoga,Malta 7,State Senate,44,DEM,Patrick F. Nelson,9
Saratoga,Malta 7,State Senate,44,DEM,Sarah F. Rogerson,40
Saratoga,Malta 7,State Senate,44,,Under Votes,1
Saratoga,Malta 8,Ballots Cast,,,,50
Saratoga,Malta 8,Comptroller,,DEM,Drew Warshaw,6
Saratoga,Malta 8,Comptroller,,DEM,Raj Goyle,6
Saratoga,Malta 8,Comptroller,,DEM,Thomas P. DiNapoli,34
Saratoga,Malta 8,Comptroller,,,Under Votes,4
Saratoga,Malta 8,State Senate,44,DEM,Patrick F. Nelson,24
Saratoga,Malta 8,State Senate,44,DEM,Sarah F. Rogerson,25
Saratoga,Malta 8,State Senate,44,,Under Votes,1
Saratoga,Malta 9,Ballots Cast,,,,23
Saratoga,Malta 9,Comptroller,,DEM,Drew Warshaw,3
Saratoga,Malta 9,Comptroller,,DEM,Raj Goyle,3
Saratoga,Malta 9,Comptroller,,DEM,Thomas P. DiNapoli,16
Saratoga,Malta 9,Comptroller,,,Under Votes,1
Saratoga,Malta 9,State Senate,44,DEM,Patrick F. Nelson,9
Saratoga,Malta 9,State Senate,44,DEM,Sarah F. Rogerson,14
Saratoga,Malta 10,Ballots Cast,,,,45
Saratoga,Malta 10,Comptroller,,DEM,Drew Warshaw,3
Saratoga,Malta 10,Comptroller,,DEM,Raj Goyle,4
Saratoga,Malta 10,Comptroller,,DEM,Thomas P. DiNapoli,32
Saratoga,Malta 10,Comptroller,,DEM,Write-in,1
Saratoga,Malta 10,Comptroller,,,Over Votes,1
Saratoga,Malta 10,Comptroller,,,Under Votes,4
Saratoga,Malta 10,State Senate,44,DEM,Patrick F. Nelson,18
Saratoga,Malta 10,State Senate,44,DEM,Sarah F. Rogerson,25
Saratoga,Malta 10,State Senate,44,DEM,Write-in,1
Saratoga,Malta 10,State Senate,44,,Under Votes,1
Saratoga,Malta 11,Ballots Cast,,,,42
Saratoga,Malta 11,Comptroller,,DEM,Drew Warshaw,2
Saratoga,Malta 11,Comptroller,,DEM,Raj Goyle,6
Saratoga,Malta 11,Comptroller,,DEM,Thomas P. DiNapoli,33
Saratoga,Malta 11,Comptroller,,,Under Votes,1
Saratoga,Malta 11,State Senate,44,DEM,Patrick F. Nelson,11
Saratoga,Malta 11,State Senate,44,DEM,Sarah F. Rogerson,31
Saratoga,Malta 12,Ballots Cast,,,,65
Saratoga,Malta 12,Comptroller,,DEM,Drew Warshaw,7
Saratoga,Malta 12,Comptroller,,DEM,Raj Goyle,7
Saratoga,Malta 12,Comptroller,,DEM,Thomas P. DiNapoli,49
Saratoga,Malta 12,Comptroller,,,Under Votes,2
Saratoga,Malta 12,State Senate,44,DEM,Patrick F. Nelson,8
Saratoga,Malta 12,State Senate,44,DEM,Sarah F. Rogerson,56
Saratoga,Malta 12,State Senate,44,,Under Votes,1
Saratoga,Mechanicville 1,Ballots Cast,,,,11
Saratoga,Mechanicville 1,Comptroller,,DEM,Raj Goyle,2
Saratoga,Mechanicville 1,Comptroller,,DEM,Thomas P. DiNapoli,9
Saratoga,Mechanicville 1,State Senate,44,DEM,Patrick F. Nelson,7
Saratoga,Mechanicville 1,State Senate,44,DEM,Sarah F. Rogerson,3
Saratoga,Mechanicville 1,State Senate,44,,Under Votes,1
Saratoga,Mechanicville 2,Ballots Cast,,,,14
Saratoga,Mechanicville 2,Comptroller,,DEM,Drew Warshaw,4
Saratoga,Mechanicville 2,Comptroller,,DEM,Raj Goyle,3
Saratoga,Mechanicville 2,Comptroller,,DEM,Thomas P. DiNapoli,6
Saratoga,Mechanicville 2,Comptroller,,DEM,Write-in,1
Saratoga,Mechanicville 2,State Senate,44,DEM,Patrick F. Nelson,7
Saratoga,Mechanicville 2,State Senate,44,DEM,Sarah F. Rogerson,5
Saratoga,Mechanicville 2,State Senate,44,DEM,Write-in,1
Saratoga,Mechanicville 2,State Senate,44,,Under Votes,1
Saratoga,Mechanicville 3,Ballots Cast,,,,16
Saratoga,Mechanicville 3,Comptroller,,DEM,Raj Goyle,1
Saratoga,Mechanicville 3,Comptroller,,DEM,Thomas P. DiNapoli,13
Saratoga,Mechanicville 3,Comptroller,,,Under Votes,2
Saratoga,Mechanicville 3,State Senate,44,DEM,Patrick F. Nelson,11
Saratoga,Mechanicville 3,State Senate,44,DEM,Sarah F. Rogerson,5
Saratoga,Mechanicville 4,Ballots Cast,,,,16
Saratoga,Mechanicville 4,Comptroller,,DEM,Drew Warshaw,4
Saratoga,Mechanicville 4,Comptroller,,DEM,Raj Goyle,1
Saratoga,Mechanicville 4,Comptroller,,DEM,Thomas P. DiNapoli,10
Saratoga,Mechanicville 4,Comptroller,,,Under Votes,1
Saratoga,Mechanicville 4,State Senate,44,DEM,Patrick F. Nelson,12
Saratoga,Mechanicville 4,State Senate,44,DEM,Sarah F. Rogerson,4
Saratoga,Mechanicville 5,Ballots Cast,,,,12
Saratoga,Mechanicville 5,Comptroller,,DEM,Drew Warshaw,3
Saratoga,Mechanicville 5,Comptroller,,DEM,Thomas P. DiNapoli,9
Saratoga,Mechanicville 5,State Senate,44,DEM,Patrick F. Nelson,7
Saratoga,Mechanicville 5,State Senate,44,DEM,Sarah F. Rogerson,5
Saratoga,Mechanicville 6,Ballots Cast,,,,15
Saratoga,Mechanicville 6,Comptroller,,DEM,Drew Warshaw,1
Saratoga,Mechanicville 6,Comptroller,,DEM,Raj Goyle,1
Saratoga,Mechanicville 6,Comptroller,,DEM,Thomas P. DiNapoli,12
Saratoga,Mechanicville 6,Comptroller,,,Under Votes,1
Saratoga,Mechanicville 6,State Senate,44,DEM,Patrick F. Nelson,9
Saratoga,Mechanicville 6,State Senate,44,DEM,Sarah F. Rogerson,6
Saratoga,Milton 1,Ballots Cast,,,,106
Saratoga,Milton 1,Comptroller,,DEM,Drew Warshaw,22
Saratoga,Milton 1,Comptroller,,DEM,Raj Goyle,15
Saratoga,Milton 1,Comptroller,,DEM,Thomas P. DiNapoli,64
Saratoga,Milton 1,Comptroller,,,Under Votes,5
Saratoga,Milton 1,State Senate,44,DEM,Patrick F. Nelson,47
Saratoga,Milton 1,State Senate,44,DEM,Sarah F. Rogerson,58
Saratoga,Milton 1,State Senate,44,,Under Votes,1
Saratoga,Milton 2,Ballots Cast,,,,47
Saratoga,Milton 2,Comptroller,,DEM,Drew Warshaw,9
Saratoga,Milton 2,Comptroller,,DEM,Raj Goyle,3
Saratoga,Milton 2,Comptroller,,DEM,Thomas P. DiNapoli,31
Saratoga,Milton 2,Comptroller,,,Under Votes,4
Saratoga,Milton 2,State Senate,44,DEM,Patrick F. Nelson,27
Saratoga,Milton 2,State Senate,44,DEM,Sarah F. Rogerson,18
Saratoga,Milton 2,State Senate,44,DEM,Write-in,1
Saratoga,Milton 2,State Senate,44,,Under Votes,1
Saratoga,Milton 3,Ballots Cast,,,,17
Saratoga,Milton 3,Comptroller,,DEM,Drew Warshaw,4
Saratoga,Milton 3,Comptroller,,DEM,Raj Goyle,2
Saratoga,Milton 3,Comptroller,,DEM,Thomas P. DiNapoli,11
Saratoga,Milton 3,State Senate,44,DEM,Patrick F. Nelson,10
Saratoga,Milton 3,State Senate,44,DEM,Sarah F. Rogerson,7
Saratoga,Milton 4,Ballots Cast,,,,60
Saratoga,Milton 4,Comptroller,,DEM,Drew Warshaw,11
Saratoga,Milton 4,Comptroller,,DEM,Raj Goyle,7
Saratoga,Milton 4,Comptroller,,DEM,Thomas P. DiNapoli,35
Saratoga,Milton 4,Comptroller,,,Over Votes,1
Saratoga,Milton 4,Comptroller,,,Under Votes,6
Saratoga,Milton 4,State Senate,44,DEM,Patrick F. Nelson,24
Saratoga,Milton 4,State Senate,44,DEM,Sarah F. Rogerson,35
Saratoga,Milton 4,State Senate,44,,Under Votes,1
Saratoga,Milton 5,Ballots Cast,,,,24
Saratoga,Milton 5,Comptroller,,DEM,Drew Warshaw,2
Saratoga,Milton 5,Comptroller,,DEM,Raj Goyle,3
Saratoga,Milton 5,Comptroller,,DEM,Thomas P. DiNapoli,18
Saratoga,Milton 5,Comptroller,,DEM,Write-in,1
Saratoga,Milton 5,State Senate,44,DEM,Patrick F. Nelson,17
Saratoga,Milton 5,State Senate,44,DEM,Sarah F. Rogerson,7
Saratoga,Milton 6,Ballots Cast,,,,21
Saratoga,Milton 6,Comptroller,,DEM,Drew Warshaw,2
Saratoga,Milton 6,Comptroller,,DEM,Raj Goyle,5
Saratoga,Milton 6,Comptroller,,DEM,Thomas P. DiNapoli,14
Saratoga,Milton 6,State Senate,44,DEM,Patrick F. Nelson,5
Saratoga,Milton 6,State Senate,44,DEM,Sarah F. Rogerson,16
Saratoga,Milton 7,Ballots Cast,,,,30
Saratoga,Milton 7,Comptroller,,DEM,Drew Warshaw,8
Saratoga,Milton 7,Comptroller,,DEM,Raj Goyle,2
Saratoga,Milton 7,Comptroller,,DEM,Thomas P. DiNapoli,20
Saratoga,Milton 7,State Senate,44,DEM,Patrick F. Nelson,5
Saratoga,Milton 7,State Senate,44,DEM,Sarah F. Rogerson,23
Saratoga,Milton 7,State Senate,44,,Under Votes,2
Saratoga,Milton 8,Ballots Cast,,,,28
Saratoga,Milton 8,Comptroller,,DEM,Drew Warshaw,4
Saratoga,Milton 8,Comptroller,,DEM,Thomas P. DiNapoli,23
Saratoga,Milton 8,Comptroller,,,Over Votes,1
Saratoga,Milton 8,State Senate,44,DEM,Patrick F. Nelson,8
Saratoga,Milton 8,State Senate,44,DEM,Sarah F. Rogerson,19
Saratoga,Milton 8,State Senate,44,,Under Votes,1
Saratoga,Milton 9,Ballots Cast,,,,66
Saratoga,Milton 9,Comptroller,,DEM,Drew Warshaw,14
Saratoga,Milton 9,Comptroller,,DEM,Raj Goyle,17
Saratoga,Milton 9,Comptroller,,DEM,Thomas P. DiNapoli,32
Saratoga,Milton 9,Comptroller,,,Under Votes,3
Saratoga,Milton 9,State Senate,44,DEM,Patrick F. Nelson,38
Saratoga,Milton 9,State Senate,44,DEM,Sarah F. Rogerson,28
Saratoga,Milton 10,Ballots Cast,,,,63
Saratoga,Milton 10,Comptroller,,DEM,Drew Warshaw,15
Saratoga,Milton 10,Comptroller,,DEM,Raj Goyle,3
Saratoga,Milton 10,Comptroller,,DEM,Thomas P. DiNapoli,41
Saratoga,Milton 10,Comptroller,,,Under Votes,4
Saratoga,Milton 10,State Senate,44,DEM,Patrick F. Nelson,35
Saratoga,Milton 10,State Senate,44,DEM,Sarah F. Rogerson,28
Saratoga,Milton 11,Ballots Cast,,,,22
Saratoga,Milton 11,Comptroller,,DEM,Drew Warshaw,3
Saratoga,Milton 11,Comptroller,,DEM,Raj Goyle,2
Saratoga,Milton 11,Comptroller,,DEM,Thomas P. DiNapoli,16
Saratoga,Milton 11,Comptroller,,,Under Votes,1
Saratoga,Milton 11,State Senate,44,DEM,Patrick F. Nelson,15
Saratoga,Milton 11,State Senate,44,DEM,Sarah F. Rogerson,7
Saratoga,Milton 12,Ballots Cast,,,,19
Saratoga,Milton 12,Comptroller,,DEM,Drew Warshaw,3
Saratoga,Milton 12,Comptroller,,DEM,Raj Goyle,2
Saratoga,Milton 12,Comptroller,,DEM,Thomas P. DiNapoli,12
Saratoga,Milton 12,Comptroller,,,Under Votes,2
Saratoga,Milton 12,State Senate,44,DEM,Patrick F. Nelson,4
Saratoga,Milton 12,State Senate,44,DEM,Sarah F. Rogerson,15
Saratoga,Milton 13,Ballots Cast,,,,53
Saratoga,Milton 13,Comptroller,,DEM,Drew Warshaw,7
Saratoga,Milton 13,Comptroller,,DEM,Raj Goyle,5
Saratoga,Milton 13,Comptroller,,DEM,Thomas P. DiNapoli,38
Saratoga,Milton 13,Comptroller,,,Under Votes,3
Saratoga,Milton 13,State Senate,44,DEM,Patrick F. Nelson,15
Saratoga,Milton 13,State Senate,44,DEM,Sarah F. Rogerson,36
Saratoga,Milton 13,State Senate,44,,Under Votes,2
Saratoga,Milton 14,Ballots Cast,,,,55
Saratoga,Milton 14,Comptroller,,DEM,Drew Warshaw,6
Saratoga,Milton 14,Comptroller,,DEM,Raj Goyle,6
Saratoga,Milton 14,Comptroller,,DEM,Thomas P. DiNapoli,37
Saratoga,Milton 14,Comptroller,,,Under Votes,6
Saratoga,Milton 14,State Senate,44,DEM,Patrick F. Nelson,30
Saratoga,Milton 14,State Senate,44,DEM,Sarah F. Rogerson,24
Saratoga,Milton 14,State Senate,44,,Under Votes,1
Saratoga,Moreau 1,Ballots Cast,,,,92
Saratoga,Moreau 1,Comptroller,,DEM,Drew Warshaw,7
Saratoga,Moreau 1,Comptroller,,DEM,Raj Goyle,3
Saratoga,Moreau 1,Comptroller,,DEM,Thomas P. DiNapoli,33
Saratoga,Moreau 1,Comptroller,,,Under Votes,1
Saratoga,Moreau 1,State Senate,44,DEM,Patrick F. Nelson,19
Saratoga,Moreau 1,State Senate,44,DEM,Sarah F. Rogerson,23
Saratoga,Moreau 1,State Senate,44,,Under Votes,2
Saratoga,Moreau 1,U.S. House,21,DEM,Blake Gendebien,17
Saratoga,Moreau 1,U.S. House,21,DEM,Stuart J. Amoriell,25
Saratoga,Moreau 1,U.S. House,21,REP,Anthony Constantino,32
Saratoga,Moreau 1,U.S. House,21,REP,Robert J. Smullen,15
Saratoga,Moreau 1,U.S. House,21,REP,Write-in,1
Saratoga,Moreau 1,U.S. House,21,,Under Votes,2
Saratoga,Moreau 2,Ballots Cast,,,,89
Saratoga,Moreau 2,Comptroller,,DEM,Drew Warshaw,3
Saratoga,Moreau 2,Comptroller,,DEM,Raj Goyle,3
Saratoga,Moreau 2,Comptroller,,DEM,Thomas P. DiNapoli,31
Saratoga,Moreau 2,Comptroller,,,Under Votes,2
Saratoga,Moreau 2,State Senate,44,DEM,Patrick F. Nelson,10
Saratoga,Moreau 2,State Senate,44,DEM,Sarah F. Rogerson,24
Saratoga,Moreau 2,State Senate,44,,Under Votes,5
Saratoga,Moreau 2,U.S. House,21,DEM,Blake Gendebien,14
Saratoga,Moreau 2,U.S. House,21,DEM,Stuart J. Amoriell,22
Saratoga,Moreau 2,U.S. House,21,REP,Anthony Constantino,31
Saratoga,Moreau 2,U.S. House,21,REP,Robert J. Smullen,17
Saratoga,Moreau 2,U.S. House,21,,Under Votes,3
Saratoga,Moreau 2,U.S. House,21,,Under Votes,2
Saratoga,Moreau 3,Ballots Cast,,,,112
Saratoga,Moreau 3,Comptroller,,DEM,Drew Warshaw,9
Saratoga,Moreau 3,Comptroller,,DEM,Raj Goyle,7
Saratoga,Moreau 3,Comptroller,,DEM,Thomas P. DiNapoli,41
Saratoga,Moreau 3,Comptroller,,DEM,Write-in,1
Saratoga,Moreau 3,Comptroller,,,Over Votes,1
Saratoga,Moreau 3,Comptroller,,,Under Votes,2
Saratoga,Moreau 3,State Senate,44,DEM,Patrick F. Nelson,25
Saratoga,Moreau 3,State Senate,44,DEM,Sarah F. Rogerson,33
Saratoga,Moreau 3,State Senate,44,,Over Votes,1
Saratoga,Moreau 3,State Senate,44,,Under Votes,2
Saratoga,Moreau 3,U.S. House,21,DEM,Blake Gendebien,39
Saratoga,Moreau 3,U.S. House,21,DEM,Stuart J. Amoriell,20
Saratoga,Moreau 3,U.S. House,21,REP,Anthony Constantino,25
Saratoga,Moreau 3,U.S. House,21,REP,Robert J. Smullen,25
Saratoga,Moreau 3,U.S. House,21,REP,Write-in,1
Saratoga,Moreau 3,U.S. House,21,,Over Votes,1
Saratoga,Moreau 3,U.S. House,21,,Under Votes,1
Saratoga,Moreau 4,Ballots Cast,,,,161
Saratoga,Moreau 4,Comptroller,,DEM,Drew Warshaw,6
Saratoga,Moreau 4,Comptroller,,DEM,Raj Goyle,10
Saratoga,Moreau 4,Comptroller,,DEM,Thomas P. DiNapoli,36
Saratoga,Moreau 4,Comptroller,,DEM,Write-in,1
Saratoga,Moreau 4,Comptroller,,,Under Votes,2
Saratoga,Moreau 4,State Senate,44,DEM,Patrick F. Nelson,25
Saratoga,Moreau 4,State Senate,44,DEM,Sarah F. Rogerson,26
Saratoga,Moreau 4,State Senate,44,DEM,Write-in,1
Saratoga,Moreau 4,State Senate,44,,Under Votes,3
Saratoga,Moreau 4,U.S. House,21,DEM,Blake Gendebien,39
Saratoga,Moreau 4,U.S. House,21,DEM,Stuart J. Amoriell,15
Saratoga,Moreau 4,U.S. House,21,DEM,Write-in,1
Saratoga,Moreau 4,U.S. House,21,REP,Anthony Constantino,77
Saratoga,Moreau 4,U.S. House,21,REP,Robert J. Smullen,29
Saratoga,Moreau 5,Ballots Cast,,,,167
Saratoga,Moreau 5,Comptroller,,DEM,Drew Warshaw,11
Saratoga,Moreau 5,Comptroller,,DEM,Raj Goyle,12
Saratoga,Moreau 5,Comptroller,,DEM,Thomas P. DiNapoli,46
Saratoga,Moreau 5,Comptroller,,,Under Votes,3
Saratoga,Moreau 5,State Senate,44,DEM,Patrick F. Nelson,24
Saratoga,Moreau 5,State Senate,44,DEM,Sarah F. Rogerson,42
Saratoga,Moreau 5,State Senate,44,,Under Votes,6
Saratoga,Moreau 5,U.S. House,21,DEM,Blake Gendebien,44
Saratoga,Moreau 5,U.S. House,21,DEM,Stuart J. Amoriell,26
Saratoga,Moreau 5,U.S. House,21,REP,Anthony Constantino,72
Saratoga,Moreau 5,U.S. House,21,REP,Robert J. Smullen,23
Saratoga,Moreau 5,U.S. House,21,,Under Votes,2
Saratoga,Moreau 6,Ballots Cast,,,,218
Saratoga,Moreau 6,Comptroller,,DEM,Drew Warshaw,12
Saratoga,Moreau 6,Comptroller,,DEM,Raj Goyle,6
Saratoga,Moreau 6,Comptroller,,DEM,Thomas P. DiNapoli,66
Saratoga,Moreau 6,Comptroller,,,Over Votes,1
Saratoga,Moreau 6,Comptroller,,,Under Votes,3
Saratoga,Moreau 6,State Senate,44,DEM,Patrick F. Nelson,48
Saratoga,Moreau 6,State Senate,44,DEM,Sarah F. Rogerson,37
Saratoga,Moreau 6,State Senate,44,,Under Votes,3
Saratoga,Moreau 6,U.S. House,21,DEM,Blake Gendebien,46
Saratoga,Moreau 6,U.S. House,21,DEM,Stuart J. Amoriell,38
Saratoga,Moreau 6,U.S. House,21,REP,Anthony Constantino,76
Saratoga,Moreau 6,U.S. House,21,REP,Robert J. Smullen,54
Saratoga,Moreau 6,U.S. House,21,,Under Votes,4
Saratoga,Moreau 7,Ballots Cast,,,,80
Saratoga,Moreau 7,Comptroller,,DEM,Drew Warshaw,2
Saratoga,Moreau 7,Comptroller,,DEM,Raj Goyle,5
Saratoga,Moreau 7,Comptroller,,DEM,Thomas P. DiNapoli,19
Saratoga,Moreau 7,Comptroller,,,Over Votes,1
Saratoga,Moreau 7,Comptroller,,,Under Votes,4
Saratoga,Moreau 7,State Senate,44,DEM,Patrick F. Nelson,16
Saratoga,Moreau 7,State Senate,44,DEM,Sarah F. Rogerson,10
Saratoga,Moreau 7,State Senate,44,DEM,Write-in,1
Saratoga,Moreau 7,State Senate,44,,Under Votes,4
Saratoga,Moreau 7,U.S. House,21,DEM,Blake Gendebien,9
Saratoga,Moreau 7,U.S. House,21,DEM,Stuart J. Amoriell,18
Saratoga,Moreau 7,U.S. House,21,REP,Anthony Constantino,34
Saratoga,Moreau 7,U.S. House,21,REP,Robert J. Smullen,15
Saratoga,Moreau 7,U.S. House,21,,Under Votes,4
Saratoga,Moreau 8,Ballots Cast,,,,7
Saratoga,Moreau 8,Comptroller,,DEM,Thomas P. DiNapoli,4
Saratoga,Moreau 8,State Senate,44,DEM,Patrick F. Nelson,2
Saratoga,Moreau 8,State Senate,44,DEM,Sarah F. Rogerson,2
Saratoga,Moreau 8,U.S. House,21,DEM,Blake Gendebien,1
Saratoga,Moreau 8,U.S. House,21,DEM,Stuart J. Amoriell,3
Saratoga,Moreau 8,U.S. House,21,REP,Anthony Constantino,2
Saratoga,Moreau 8,U.S. House,21,REP,Robert J. Smullen,1
Saratoga,Moreau 9,Ballots Cast,,,,112
Saratoga,Moreau 9,Comptroller,,DEM,Drew Warshaw,6
Saratoga,Moreau 9,Comptroller,,DEM,Raj Goyle,7
Saratoga,Moreau 9,Comptroller,,DEM,Thomas P. DiNapoli,29
Saratoga,Moreau 9,Comptroller,,DEM,Write-in,1
Saratoga,Moreau 9,Comptroller,,,Under Votes,1
Saratoga,Moreau 9,State Senate,44,DEM,Patrick F. Nelson,14
Saratoga,Moreau 9,State Senate,44,DEM,Sarah F. Rogerson,27
Saratoga,Moreau 9,State Senate,44,DEM,Write-in,1
Saratoga,Moreau 9,State Senate,44,,Under Votes,2
Saratoga,Moreau 9,U.S. House,21,DEM,Blake Gendebien,26
Saratoga,Moreau 9,U.S. House,21,DEM,Stuart J. Amoriell,15
Saratoga,Moreau 9,U.S. House,21,DEM,Write-in,2
Saratoga,Moreau 9,U.S. House,21,REP,Anthony Constantino,46
Saratoga,Moreau 9,U.S. House,21,REP,Robert J. Smullen,22
Saratoga,Moreau 9,U.S. House,21,,Under Votes,1
Saratoga,Moreau 10,Ballots Cast,,,,210
Saratoga,Moreau 10,Comptroller,,DEM,Drew Warshaw,6
Saratoga,Moreau 10,Comptroller,,DEM,Raj Goyle,9
Saratoga,Moreau 10,Comptroller,,DEM,Thomas P. DiNapoli,53
Saratoga,Moreau 10,Comptroller,,,Under Votes,2
Saratoga,Moreau 10,State Senate,44,DEM,Patrick F. Nelson,20
Saratoga,Moreau 10,State Senate,44,DEM,Sarah F. Rogerson,47
Saratoga,Moreau 10,State Senate,44,,Under Votes,3
Saratoga,Moreau 10,U.S. House,21,DEM,Blake Gendebien,35
Saratoga,Moreau 10,U.S. House,21,DEM,Stuart J. Amoriell,32
Saratoga,Moreau 10,U.S. House,21,REP,Anthony Constantino,90
Saratoga,Moreau 10,U.S. House,21,REP,Robert J. Smullen,47
Saratoga,Moreau 10,U.S. House,21,REP,Write-in,3
Saratoga,Moreau 10,U.S. House,21,,Under Votes,3
Saratoga,Moreau 11,Ballots Cast,,,,138
Saratoga,Moreau 11,Comptroller,,DEM,Drew Warshaw,11
Saratoga,Moreau 11,Comptroller,,DEM,Raj Goyle,5
Saratoga,Moreau 11,Comptroller,,DEM,Thomas P. DiNapoli,36
Saratoga,Moreau 11,Comptroller,,,Under Votes,1
Saratoga,Moreau 11,State Senate,44,DEM,Patrick F. Nelson,31
Saratoga,Moreau 11,State Senate,44,DEM,Sarah F. Rogerson,20
Saratoga,Moreau 11,State Senate,44,,Under Votes,2
Saratoga,Moreau 11,U.S. House,21,DEM,Blake Gendebien,24
Saratoga,Moreau 11,U.S. House,21,DEM,Stuart J. Amoriell,28
Saratoga,Moreau 11,U.S. House,21,REP,Anthony Constantino,57
Saratoga,Moreau 11,U.S. House,21,REP,Robert J. Smullen,28
Saratoga,Moreau 11,U.S. House,21,,Under Votes,1
Saratoga,Northumberland 1,Ballots Cast,,,,297
Saratoga,Northumberland 1,Comptroller,,DEM,Drew Warshaw,17
Saratoga,Northumberland 1,Comptroller,,DEM,Raj Goyle,8
Saratoga,Northumberland 1,Comptroller,,DEM,Thomas P. DiNapoli,51
Saratoga,Northumberland 1,Comptroller,,,Under Votes,4
Saratoga,Northumberland 1,Northumberland Highway Superintendent,,REP,Michael D. Baker,148
Saratoga,Northumberland 1,Northumberland Highway Superintendent,,REP,William Winslow,62
Saratoga,Northumberland 1,Northumberland Highway Superintendent,,,Under Votes,7
Saratoga,Northumberland 1,State Senate,44,DEM,Patrick F. Nelson,29
Saratoga,Northumberland 1,State Senate,44,DEM,Sarah F. Rogerson,46
Saratoga,Northumberland 1,State Senate,44,,Over Votes,1
Saratoga,Northumberland 1,State Senate,44,,Under Votes,4
Saratoga,Northumberland 1,U.S. House,21,DEM,Blake Gendebien,41
Saratoga,Northumberland 1,U.S. House,21,DEM,Stuart J. Amoriell,34
Saratoga,Northumberland 1,U.S. House,21,DEM,Write-in,2
Saratoga,Northumberland 1,U.S. House,21,REP,Anthony Constantino,119
Saratoga,Northumberland 1,U.S. House,21,REP,Robert J. Smullen,89
Saratoga,Northumberland 1,U.S. House,21,,Under Votes,3
Saratoga,Northumberland 1,U.S. House,21,,Under Votes,9
Saratoga,Northumberland 2,Ballots Cast,,,,143
Saratoga,Northumberland 2,Comptroller,,DEM,Drew Warshaw,14
Saratoga,Northumberland 2,Comptroller,,DEM,Raj Goyle,3
Saratoga,Northumberland 2,Comptroller,,DEM,Thomas P. DiNapoli,46
Saratoga,Northumberland 2,Northumberland Highway Superintendent,,REP,Michael D. Baker,20
Saratoga,Northumberland 2,Northumberland Highway Superintendent,,REP,William Winslow,55
Saratoga,Northumberland 2,Northumberland Highway Superintendent,,,Under Votes,5
Saratoga,Northumberland 2,State Senate,44,DEM,Patrick F. Nelson,19
Saratoga,Northumberland 2,State Senate,44,DEM,Sarah F. Rogerson,44
Saratoga,Northumberland 2,U.S. House,21,DEM,Blake Gendebien,46
Saratoga,Northumberland 2,U.S. House,21,DEM,Stuart J. Amoriell,16
Saratoga,Northumberland 2,U.S. House,21,DEM,Write-in,1
Saratoga,Northumberland 2,U.S. House,21,REP,Anthony Constantino,46
Saratoga,Northumberland 2,U.S. House,21,REP,Robert J. Smullen,32
Saratoga,Northumberland 2,U.S. House,21,,Under Votes,2
Saratoga,Northumberland 3,Ballots Cast,,,,155
Saratoga,Northumberland 3,Comptroller,,DEM,Drew Warshaw,1
Saratoga,Northumberland 3,Comptroller,,DEM,Raj Goyle,5
Saratoga,Northumberland 3,Comptroller,,DEM,Thomas P. DiNapoli,17
Saratoga,Northumberland 3,Comptroller,,DEM,Write-in,1
Saratoga,Northumberland 3,Comptroller,,,Under Votes,1
Saratoga,Northumberland 3,Northumberland Highway Superintendent,,REP,Michael D. Baker,71
Saratoga,Northumberland 3,Northumberland Highway Superintendent,,REP,William Winslow,55
Saratoga,Northumberland 3,Northumberland Highway Superintendent,,,Under Votes,4
Saratoga,Northumberland 3,State Senate,44,DEM,Patrick F. Nelson,3
Saratoga,Northumberland 3,State Senate,44,DEM,Sarah F. Rogerson,20
Saratoga,Northumberland 3,State Senate,44,,Under Votes,2
Saratoga,Northumberland 3,U.S. House,21,DEM,Blake Gendebien,13
Saratoga,Northumberland 3,U.S. House,21,DEM,Stuart J. Amoriell,12
Saratoga,Northumberland 3,U.S. House,21,REP,Anthony Constantino,79
Saratoga,Northumberland 3,U.S. House,21,REP,Robert J. Smullen,43
Saratoga,Northumberland 3,U.S. House,21,,Under Votes,8
Saratoga,Northumberland 4,Ballots Cast,,,,79
Saratoga,Northumberland 4,Comptroller,,DEM,Raj Goyle,4
Saratoga,Northumberland 4,Comptroller,,DEM,Thomas P. DiNapoli,12
Saratoga,Northumberland 4,Comptroller,,,Over Votes,1
Saratoga,Northumberland 4,Northumberland Highway Superintendent,,REP,Michael D. Baker,23
Saratoga,Northumberland 4,Northumberland Highway Superintendent,,REP,William Winslow,34
Saratoga,Northumberland 4,Northumberland Highway Superintendent,,,Under Votes,5
Saratoga,Northumberland 4,State Senate,44,DEM,Patrick F. Nelson,6
Saratoga,Northumberland 4,State Senate,44,DEM,Sarah F. Rogerson,9
Saratoga,Northumberland 4,State Senate,44,,Over Votes,1
Saratoga,Northumberland 4,State Senate,44,,Under Votes,1
Saratoga,Northumberland 4,U.S. House,21,DEM,Blake Gendebien,6
Saratoga,Northumberland 4,U.S. House,21,DEM,Stuart J. Amoriell,8
Saratoga,Northumberland 4,U.S. House,21,DEM,Write-in,1
Saratoga,Northumberland 4,U.S. House,21,REP,Anthony Constantino,31
Saratoga,Northumberland 4,U.S. House,21,REP,Robert J. Smullen,31
Saratoga,Northumberland 4,U.S. House,21,,Over Votes,1
Saratoga,Northumberland 4,U.S. House,21,,Under Votes,1
Saratoga,Providence 1,Ballots Cast,,,,67
Saratoga,Providence 1,Comptroller,,DEM,Raj Goyle,1
Saratoga,Providence 1,Comptroller,,DEM,Thomas P. DiNapoli,2
Saratoga,Providence 1,Comptroller,,,Over Votes,2
Saratoga,Providence 1,Comptroller,,,Under Votes,1
Saratoga,Providence 1,State Senate,44,DEM,Patrick F. Nelson,2
Saratoga,Providence 1,State Senate,44,DEM,Sarah F. Rogerson,1
Saratoga,Providence 1,State Senate,44,,Over Votes,1
Saratoga,Providence 1,State Senate,44,,Under Votes,2
Saratoga,Providence 1,U.S. House,21,DEM,Blake Gendebien,2
Saratoga,Providence 1,U.S. House,21,DEM,Stuart J. Amoriell,1
Saratoga,Providence 1,U.S. House,21,DEM,Write-in,1
Saratoga,Providence 1,U.S. House,21,REP,Anthony Constantino,44
Saratoga,Providence 1,U.S. House,21,REP,Robert J. Smullen,17
Saratoga,Providence 1,U.S. House,21,,Over Votes,1
Saratoga,Providence 1,U.S. House,21,,Under Votes,1
Saratoga,Providence 2,Ballots Cast,,,,162
Saratoga,Providence 2,Comptroller,,DEM,Drew Warshaw,6
Saratoga,Providence 2,Comptroller,,DEM,Raj Goyle,5
Saratoga,Providence 2,Comptroller,,DEM,Thomas P. DiNapoli,18
Saratoga,Providence 2,State Senate,44,DEM,Patrick F. Nelson,11
Saratoga,Providence 2,State Senate,44,DEM,Sarah F. Rogerson,17
Saratoga,Providence 2,State Senate,44,,Under Votes,1
Saratoga,Providence 2,U.S. House,21,DEM,Blake Gendebien,14
Saratoga,Providence 2,U.S. House,21,DEM,Stuart J. Amoriell,14
Saratoga,Providence 2,U.S. House,21,REP,Anthony Constantino,106
Saratoga,Providence 2,U.S. House,21,REP,Robert J. Smullen,26
Saratoga,Providence 2,U.S. House,21,REP,Write-in,1
Saratoga,Providence 2,U.S. House,21,,Under Votes,1
Saratoga,Saratoga 1,Ballots Cast,,,,109
Saratoga,Saratoga 1,Comptroller,,DEM,Drew Warshaw,6
Saratoga,Saratoga 1,Comptroller,,DEM,Raj Goyle,4
Saratoga,Saratoga 1,Comptroller,,DEM,Thomas P. DiNapoli,36
Saratoga,Saratoga 1,Comptroller,,,Under Votes,2
Saratoga,Saratoga 1,State Senate,44,DEM,Patrick F. Nelson,20
Saratoga,Saratoga 1,State Senate,44,DEM,Sarah F. Rogerson,24
Saratoga,Saratoga 1,State Senate,44,,Under Votes,4
Saratoga,Saratoga 1,U.S. House,21,DEM,Blake Gendebien,34
Saratoga,Saratoga 1,U.S. House,21,DEM,Stuart J. Amoriell,9
Saratoga,Saratoga 1,U.S. House,21,DEM,Write-in,1
Saratoga,Saratoga 1,U.S. House,21,REP,Anthony Constantino,43
Saratoga,Saratoga 1,U.S. House,21,REP,Robert J. Smullen,16
Saratoga,Saratoga 1,U.S. House,21,REP,Write-in,1
Saratoga,Saratoga 1,U.S. House,21,,Over Votes,1
Saratoga,Saratoga 1,U.S. House,21,,Under Votes,4
Saratoga,Saratoga 2,Ballots Cast,,,,140
Saratoga,Saratoga 2,Comptroller,,DEM,Drew Warshaw,5
Saratoga,Saratoga 2,Comptroller,,DEM,Raj Goyle,7
Saratoga,Saratoga 2,Comptroller,,DEM,Thomas P. DiNapoli,43
Saratoga,Saratoga 2,Comptroller,,,Under Votes,1
Saratoga,Saratoga 2,State Senate,44,DEM,Patrick F. Nelson,20
Saratoga,Saratoga 2,State Senate,44,DEM,Sarah F. Rogerson,33
Saratoga,Saratoga 2,State Senate,44,,Under Votes,3
Saratoga,Saratoga 2,U.S. House,21,DEM,Blake Gendebien,38
Saratoga,Saratoga 2,U.S. House,21,DEM,Stuart J. Amoriell,16
Saratoga,Saratoga 2,U.S. House,21,REP,Anthony Constantino,52
Saratoga,Saratoga 2,U.S. House,21,REP,Robert J. Smullen,29
Saratoga,Saratoga 2,U.S. House,21,REP,Write-in,2
Saratoga,Saratoga 2,U.S. House,21,,Over Votes,1
Saratoga,Saratoga 2,U.S. House,21,,Under Votes,2
Saratoga,Saratoga 3,Ballots Cast,,,,109
Saratoga,Saratoga 3,Comptroller,,DEM,Drew Warshaw,8
Saratoga,Saratoga 3,Comptroller,,DEM,Raj Goyle,1
Saratoga,Saratoga 3,Comptroller,,DEM,Thomas P. DiNapoli,27
Saratoga,Saratoga 3,Comptroller,,,Over Votes,2
Saratoga,Saratoga 3,State Senate,44,DEM,Patrick F. Nelson,10
Saratoga,Saratoga 3,State Senate,44,DEM,Sarah F. Rogerson,24
Saratoga,Saratoga 3,State Senate,44,,Over Votes,2
Saratoga,Saratoga 3,State Senate,44,,Under Votes,2
Saratoga,Saratoga 3,U.S. House,21,DEM,Blake Gendebien,25
Saratoga,Saratoga 3,U.S. House,21,DEM,Stuart J. Amoriell,10
Saratoga,Saratoga 3,U.S. House,21,REP,Anthony Constantino,44
Saratoga,Saratoga 3,U.S. House,21,REP,Robert J. Smullen,25
Saratoga,Saratoga 3,U.S. House,21,REP,Write-in,2
Saratoga,Saratoga 3,U.S. House,21,,Over Votes,2
Saratoga,Saratoga 3,U.S. House,21,,Under Votes,1
Saratoga,Saratoga 4,Ballots Cast,,,,106
Saratoga,Saratoga 4,Comptroller,,DEM,Drew Warshaw,9
Saratoga,Saratoga 4,Comptroller,,DEM,Raj Goyle,3
Saratoga,Saratoga 4,Comptroller,,DEM,Thomas P. DiNapoli,31
Saratoga,Saratoga 4,Comptroller,,,Under Votes,1
Saratoga,Saratoga 4,State Senate,44,DEM,Patrick F. Nelson,15
Saratoga,Saratoga 4,State Senate,44,DEM,Sarah F. Rogerson,27
Saratoga,Saratoga 4,State Senate,44,,Under Votes,2
Saratoga,Saratoga 4,U.S. House,21,DEM,Blake Gendebien,24
Saratoga,Saratoga 4,U.S. House,21,DEM,Stuart J. Amoriell,19
Saratoga,Saratoga 4,U.S. House,21,REP,Anthony Constantino,38
Saratoga,Saratoga 4,U.S. House,21,REP,Robert J. Smullen,24
Saratoga,Saratoga 4,U.S. House,21,,Under Votes,1
Saratoga,Saratoga 5,Ballots Cast,,,,104
Saratoga,Saratoga 5,Comptroller,,DEM,Drew Warshaw,5
Saratoga,Saratoga 5,Comptroller,,DEM,Raj Goyle,6
Saratoga,Saratoga 5,Comptroller,,DEM,Thomas P. DiNapoli,27
Saratoga,Saratoga 5,State Senate,44,DEM,Patrick F. Nelson,18
Saratoga,Saratoga 5,State Senate,44,DEM,Sarah F. Rogerson,19
Saratoga,Saratoga 5,State Senate,44,,Under Votes,1
Saratoga,Saratoga 5,U.S. House,21,DEM,Blake Gendebien,26
Saratoga,Saratoga 5,U.S. House,21,DEM,Stuart J. Amoriell,12
Saratoga,Saratoga 5,U.S. House,21,REP,Anthony Constantino,39
Saratoga,Saratoga 5,U.S. House,21,REP,Robert J. Smullen,27
Saratoga,Saratoga Springs 1,Ballots Cast,,,,72
Saratoga,Saratoga Springs 1,Comptroller,,DEM,Drew Warshaw,9
Saratoga,Saratoga Springs 1,Comptroller,,DEM,Raj Goyle,13
Saratoga,Saratoga Springs 1,Comptroller,,DEM,Thomas P. DiNapoli,46
Saratoga,Saratoga Springs 1,Comptroller,,,Over Votes,1
Saratoga,Saratoga Springs 1,Comptroller,,,Under Votes,3
Saratoga,Saratoga Springs 1,State Senate,44,DEM,Patrick F. Nelson,21
Saratoga,Saratoga Springs 1,State Senate,44,DEM,Sarah F. Rogerson,48
Saratoga,Saratoga Springs 1,State Senate,44,,Over Votes,1
Saratoga,Saratoga Springs 1,State Senate,44,,Under Votes,2
Saratoga,Saratoga Springs 2,Ballots Cast,,,,93
Saratoga,Saratoga Springs 2,Comptroller,,DEM,Drew Warshaw,15
Saratoga,Saratoga Springs 2,Comptroller,,DEM,Raj Goyle,9
Saratoga,Saratoga Springs 2,Comptroller,,DEM,Thomas P. DiNapoli,65
Saratoga,Saratoga Springs 2,Comptroller,,DEM,Write-in,1
Saratoga,Saratoga Springs 2,Comptroller,,,Over Votes,1
Saratoga,Saratoga Springs 2,Comptroller,,,Under Votes,2
Saratoga,Saratoga Springs 2,State Senate,44,DEM,Patrick F. Nelson,22
Saratoga,Saratoga Springs 2,State Senate,44,DEM,Sarah F. Rogerson,66
Saratoga,Saratoga Springs 2,State Senate,44,DEM,Write-in,1
Saratoga,Saratoga Springs 2,State Senate,44,,Over Votes,1
Saratoga,Saratoga Springs 2,State Senate,44,,Under Votes,3
Saratoga,Saratoga Springs 3,Ballots Cast,,,,56
Saratoga,Saratoga Springs 3,Comptroller,,DEM,Drew Warshaw,8
Saratoga,Saratoga Springs 3,Comptroller,,DEM,Raj Goyle,5
Saratoga,Saratoga Springs 3,Comptroller,,DEM,Thomas P. DiNapoli,43
Saratoga,Saratoga Springs 3,State Senate,44,DEM,Patrick F. Nelson,14
Saratoga,Saratoga Springs 3,State Senate,44,DEM,Sarah F. Rogerson,41
Saratoga,Saratoga Springs 3,State Senate,44,,Under Votes,1
Saratoga,Saratoga Springs 4,Ballots Cast,,,,102
Saratoga,Saratoga Springs 4,Comptroller,,DEM,Drew Warshaw,12
Saratoga,Saratoga Springs 4,Comptroller,,DEM,Raj Goyle,4
Saratoga,Saratoga Springs 4,Comptroller,,DEM,Thomas P. DiNapoli,85
Saratoga,Saratoga Springs 4,Comptroller,,,Under Votes,1
Saratoga,Saratoga Springs 4,State Senate,44,DEM,Patrick F. Nelson,50
Saratoga,Saratoga Springs 4,State Senate,44,DEM,Sarah F. Rogerson,51
Saratoga,Saratoga Springs 4,State Senate,44,,Under Votes,1
Saratoga,Saratoga Springs 5,Ballots Cast,,,,106
Saratoga,Saratoga Springs 5,Comptroller,,DEM,Drew Warshaw,11
Saratoga,Saratoga Springs 5,Comptroller,,DEM,Raj Goyle,23
Saratoga,Saratoga Springs 5,Comptroller,,DEM,Thomas P. DiNapoli,64
Saratoga,Saratoga Springs 5,Comptroller,,,Under Votes,8
Saratoga,Saratoga Springs 5,State Senate,44,DEM,Patrick F. Nelson,30
Saratoga,Saratoga Springs 5,State Senate,44,DEM,Sarah F. Rogerson,73
Saratoga,Saratoga Springs 5,State Senate,44,,Under Votes,3
Saratoga,Saratoga Springs 6,Ballots Cast,,,,80
Saratoga,Saratoga Springs 6,Comptroller,,DEM,Drew Warshaw,19
Saratoga,Saratoga Springs 6,Comptroller,,DEM,Raj Goyle,15
Saratoga,Saratoga Springs 6,Comptroller,,DEM,Thomas P. DiNapoli,40
Saratoga,Saratoga Springs 6,Comptroller,,,Under Votes,6
Saratoga,Saratoga Springs 6,State Senate,44,DEM,Patrick F. Nelson,33
Saratoga,Saratoga Springs 6,State Senate,44,DEM,Sarah F. Rogerson,45
Saratoga,Saratoga Springs 6,State Senate,44,,Under Votes,2
Saratoga,Saratoga Springs 7,Ballots Cast,,,,23
Saratoga,Saratoga Springs 7,Comptroller,,DEM,Drew Warshaw,4
Saratoga,Saratoga Springs 7,Comptroller,,DEM,Raj Goyle,4
Saratoga,Saratoga Springs 7,Comptroller,,DEM,Thomas P. DiNapoli,13
Saratoga,Saratoga Springs 7,Comptroller,,,Under Votes,2
Saratoga,Saratoga Springs 7,State Senate,44,DEM,Patrick F. Nelson,9
Saratoga,Saratoga Springs 7,State Senate,44,DEM,Sarah F. Rogerson,14
Saratoga,Saratoga Springs 8,Ballots Cast,,,,73
Saratoga,Saratoga Springs 8,Comptroller,,DEM,Drew Warshaw,9
Saratoga,Saratoga Springs 8,Comptroller,,DEM,Raj Goyle,8
Saratoga,Saratoga Springs 8,Comptroller,,DEM,Thomas P. DiNapoli,48
Saratoga,Saratoga Springs 8,Comptroller,,,Over Votes,1
Saratoga,Saratoga Springs 8,Comptroller,,,Under Votes,7
Saratoga,Saratoga Springs 8,State Senate,44,DEM,Patrick F. Nelson,27
Saratoga,Saratoga Springs 8,State Senate,44,DEM,Sarah F. Rogerson,45
Saratoga,Saratoga Springs 8,State Senate,44,,Over Votes,1
Saratoga,Saratoga Springs 9,Ballots Cast,,,,54
Saratoga,Saratoga Springs 9,Comptroller,,DEM,Drew Warshaw,5
Saratoga,Saratoga Springs 9,Comptroller,,DEM,Raj Goyle,6
Saratoga,Saratoga Springs 9,Comptroller,,DEM,Thomas P. DiNapoli,40
Saratoga,Saratoga Springs 9,Comptroller,,,Under Votes,3
Saratoga,Saratoga Springs 9,State Senate,44,DEM,Patrick F. Nelson,17
Saratoga,Saratoga Springs 9,State Senate,44,DEM,Sarah F. Rogerson,36
Saratoga,Saratoga Springs 9,State Senate,44,,Under Votes,1
Saratoga,Saratoga Springs 10,Ballots Cast,,,,42
Saratoga,Saratoga Springs 10,Comptroller,,DEM,Drew Warshaw,5
Saratoga,Saratoga Springs 10,Comptroller,,DEM,Raj Goyle,4
Saratoga,Saratoga Springs 10,Comptroller,,DEM,Thomas P. DiNapoli,30
Saratoga,Saratoga Springs 10,Comptroller,,,Under Votes,3
Saratoga,Saratoga Springs 10,State Senate,44,DEM,Patrick F. Nelson,19
Saratoga,Saratoga Springs 10,State Senate,44,DEM,Sarah F. Rogerson,22
Saratoga,Saratoga Springs 10,State Senate,44,,Under Votes,1
Saratoga,Saratoga Springs 11,Ballots Cast,,,,164
Saratoga,Saratoga Springs 11,Comptroller,,DEM,Drew Warshaw,21
Saratoga,Saratoga Springs 11,Comptroller,,DEM,Raj Goyle,16
Saratoga,Saratoga Springs 11,Comptroller,,DEM,Thomas P. DiNapoli,116
Saratoga,Saratoga Springs 11,Comptroller,,,Under Votes,11
Saratoga,Saratoga Springs 11,State Senate,44,DEM,Patrick F. Nelson,76
Saratoga,Saratoga Springs 11,State Senate,44,DEM,Sarah F. Rogerson,86
Saratoga,Saratoga Springs 11,State Senate,44,,Under Votes,2
Saratoga,Saratoga Springs 12,Ballots Cast,,,,63
Saratoga,Saratoga Springs 12,Comptroller,,DEM,Drew Warshaw,8
Saratoga,Saratoga Springs 12,Comptroller,,DEM,Raj Goyle,4
Saratoga,Saratoga Springs 12,Comptroller,,DEM,Thomas P. DiNapoli,47
Saratoga,Saratoga Springs 12,Comptroller,,,Under Votes,4
Saratoga,Saratoga Springs 12,State Senate,44,DEM,Patrick F. Nelson,15
Saratoga,Saratoga Springs 12,State Senate,44,DEM,Sarah F. Rogerson,48
Saratoga,Saratoga Springs 13,Ballots Cast,,,,28
Saratoga,Saratoga Springs 13,Comptroller,,DEM,Drew Warshaw,6
Saratoga,Saratoga Springs 13,Comptroller,,DEM,Raj Goyle,7
Saratoga,Saratoga Springs 13,Comptroller,,DEM,Thomas P. DiNapoli,14
Saratoga,Saratoga Springs 13,Comptroller,,,Under Votes,1
Saratoga,Saratoga Springs 13,State Senate,44,DEM,Patrick F. Nelson,9
Saratoga,Saratoga Springs 13,State Senate,44,DEM,Sarah F. Rogerson,19
Saratoga,Saratoga Springs 14,Ballots Cast,,,,117
Saratoga,Saratoga Springs 14,Comptroller,,DEM,Drew Warshaw,14
Saratoga,Saratoga Springs 14,Comptroller,,DEM,Raj Goyle,11
Saratoga,Saratoga Springs 14,Comptroller,,DEM,Thomas P. DiNapoli,77
Saratoga,Saratoga Springs 14,Comptroller,,,Under Votes,15
Saratoga,Saratoga Springs 14,State Senate,44,DEM,Patrick F. Nelson,29
Saratoga,Saratoga Springs 14,State Senate,44,DEM,Sarah F. Rogerson,86
Saratoga,Saratoga Springs 14,State Senate,44,,Under Votes,2
Saratoga,Saratoga Springs 15,Ballots Cast,,,,50
Saratoga,Saratoga Springs 15,Comptroller,,DEM,Drew Warshaw,3
Saratoga,Saratoga Springs 15,Comptroller,,DEM,Raj Goyle,7
Saratoga,Saratoga Springs 15,Comptroller,,DEM,Thomas P. DiNapoli,37
Saratoga,Saratoga Springs 15,Comptroller,,,Under Votes,3
Saratoga,Saratoga Springs 15,State Senate,44,DEM,Patrick F. Nelson,6
Saratoga,Saratoga Springs 15,State Senate,44,DEM,Sarah F. Rogerson,43
Saratoga,Saratoga Springs 15,State Senate,44,,Under Votes,1
Saratoga,Saratoga Springs 16,Ballots Cast,,,,42
Saratoga,Saratoga Springs 16,Comptroller,,DEM,Drew Warshaw,5
Saratoga,Saratoga Springs 16,Comptroller,,DEM,Raj Goyle,4
Saratoga,Saratoga Springs 16,Comptroller,,DEM,Thomas P. DiNapoli,29
Saratoga,Saratoga Springs 16,Comptroller,,,Under Votes,4
Saratoga,Saratoga Springs 16,State Senate,44,DEM,Patrick F. Nelson,16
Saratoga,Saratoga Springs 16,State Senate,44,DEM,Sarah F. Rogerson,26
Saratoga,Saratoga Springs 17,Ballots Cast,,,,46
Saratoga,Saratoga Springs 17,Comptroller,,DEM,Drew Warshaw,3
Saratoga,Saratoga Springs 17,Comptroller,,DEM,Raj Goyle,4
Saratoga,Saratoga Springs 17,Comptroller,,DEM,Thomas P. DiNapoli,38
Saratoga,Saratoga Springs 17,Comptroller,,,Over Votes,1
Saratoga,Saratoga Springs 17,State Senate,44,DEM,Patrick F. Nelson,16
Saratoga,Saratoga Springs 17,State Senate,44,DEM,Sarah F. Rogerson,29
Saratoga,Saratoga Springs 17,State Senate,44,,Over Votes,1
Saratoga,Saratoga Springs 18,Ballots Cast,,,,35
Saratoga,Saratoga Springs 18,Comptroller,,DEM,Drew Warshaw,7
Saratoga,Saratoga Springs 18,Comptroller,,DEM,Raj Goyle,2
Saratoga,Saratoga Springs 18,Comptroller,,DEM,Thomas P. DiNapoli,26
Saratoga,Saratoga Springs 18,State Senate,44,DEM,Patrick F. Nelson,14
Saratoga,Saratoga Springs 18,State Senate,44,DEM,Sarah F. Rogerson,21
Saratoga,Saratoga Springs 19,Ballots Cast,,,,50
Saratoga,Saratoga Springs 19,Comptroller,,DEM,Drew Warshaw,4
Saratoga,Saratoga Springs 19,Comptroller,,DEM,Raj Goyle,4
Saratoga,Saratoga Springs 19,Comptroller,,DEM,Thomas P. DiNapoli,40
Saratoga,Saratoga Springs 19,Comptroller,,,Under Votes,2
Saratoga,Saratoga Springs 19,State Senate,44,DEM,Patrick F. Nelson,15
Saratoga,Saratoga Springs 19,State Senate,44,DEM,Sarah F. Rogerson,33
Saratoga,Saratoga Springs 19,State Senate,44,,Under Votes,2
Saratoga,Saratoga Springs 20,Ballots Cast,,,,57
Saratoga,Saratoga Springs 20,Comptroller,,DEM,Drew Warshaw,14
Saratoga,Saratoga Springs 20,Comptroller,,DEM,Raj Goyle,9
Saratoga,Saratoga Springs 20,Comptroller,,DEM,Thomas P. DiNapoli,32
Saratoga,Saratoga Springs 20,Comptroller,,,Under Votes,2
Saratoga,Saratoga Springs 20,State Senate,44,DEM,Patrick F. Nelson,30
Saratoga,Saratoga Springs 20,State Senate,44,DEM,Sarah F. Rogerson,27
Saratoga,Saratoga Springs 21,Ballots Cast,,,,71
Saratoga,Saratoga Springs 21,Comptroller,,DEM,Drew Warshaw,8
Saratoga,Saratoga Springs 21,Comptroller,,DEM,Raj Goyle,3
Saratoga,Saratoga Springs 21,Comptroller,,DEM,Thomas P. DiNapoli,59
Saratoga,Saratoga Springs 21,Comptroller,,,Under Votes,1
Saratoga,Saratoga Springs 21,State Senate,44,DEM,Patrick F. Nelson,31
Saratoga,Saratoga Springs 21,State Senate,44,DEM,Sarah F. Rogerson,40
Saratoga,Saratoga Springs 22,Ballots Cast,,,,89
Saratoga,Saratoga Springs 22,Comptroller,,DEM,Drew Warshaw,20
Saratoga,Saratoga Springs 22,Comptroller,,DEM,Raj Goyle,8
Saratoga,Saratoga Springs 22,Comptroller,,DEM,Thomas P. DiNapoli,55
Saratoga,Saratoga Springs 22,Comptroller,,,Over Votes,1
Saratoga,Saratoga Springs 22,Comptroller,,,Under Votes,5
Saratoga,Saratoga Springs 22,State Senate,44,DEM,Patrick F. Nelson,22
Saratoga,Saratoga Springs 22,State Senate,44,DEM,Sarah F. Rogerson,66
Saratoga,Saratoga Springs 22,State Senate,44,DEM,Write-in,1
Saratoga,Saratoga Springs 23,Ballots Cast,,,,79
Saratoga,Saratoga Springs 23,Comptroller,,DEM,Drew Warshaw,5
Saratoga,Saratoga Springs 23,Comptroller,,DEM,Raj Goyle,2
Saratoga,Saratoga Springs 23,Comptroller,,DEM,Thomas P. DiNapoli,69
Saratoga,Saratoga Springs 23,Comptroller,,,Over Votes,1
Saratoga,Saratoga Springs 23,Comptroller,,,Under Votes,2
Saratoga,Saratoga Springs 23,State Senate,44,DEM,Patrick F. Nelson,35
Saratoga,Saratoga Springs 23,State Senate,44,DEM,Sarah F. Rogerson,40
Saratoga,Saratoga Springs 23,State Senate,44,,Under Votes,4
Saratoga,Saratoga Springs 24,Ballots Cast,,,,3
Saratoga,Saratoga Springs 24,Comptroller,,DEM,Drew Warshaw,2
Saratoga,Saratoga Springs 24,Comptroller,,DEM,Thomas P. DiNapoli,1
Saratoga,Saratoga Springs 24,State Senate,44,DEM,Patrick F. Nelson,2
Saratoga,Saratoga Springs 24,State Senate,44,DEM,Sarah F. Rogerson,1
Saratoga,Saratoga Springs 25,Ballots Cast,,,,32
Saratoga,Saratoga Springs 25,Comptroller,,DEM,Drew Warshaw,9
Saratoga,Saratoga Springs 25,Comptroller,,DEM,Raj Goyle,2
Saratoga,Saratoga Springs 25,Comptroller,,DEM,Thomas P. DiNapoli,19
Saratoga,Saratoga Springs 25,Comptroller,,,Under Votes,2
Saratoga,Saratoga Springs 25,State Senate,44,DEM,Patrick F. Nelson,15
Saratoga,Saratoga Springs 25,State Senate,44,DEM,Sarah F. Rogerson,17
Saratoga,Stillwater 1,Ballots Cast,,,,29
Saratoga,Stillwater 1,Comptroller,,DEM,Drew Warshaw,3
Saratoga,Stillwater 1,Comptroller,,DEM,Raj Goyle,2
Saratoga,Stillwater 1,Comptroller,,DEM,Thomas P. DiNapoli,22
Saratoga,Stillwater 1,Comptroller,,,Under Votes,2
Saratoga,Stillwater 1,State Senate,44,DEM,Patrick F. Nelson,12
Saratoga,Stillwater 1,State Senate,44,DEM,Sarah F. Rogerson,16
Saratoga,Stillwater 1,State Senate,44,,Under Votes,1
Saratoga,Stillwater 2,Ballots Cast,,,,50
Saratoga,Stillwater 2,Comptroller,,DEM,Drew Warshaw,4
Saratoga,Stillwater 2,Comptroller,,DEM,Raj Goyle,7
Saratoga,Stillwater 2,Comptroller,,DEM,Thomas P. DiNapoli,36
Saratoga,Stillwater 2,Comptroller,,,Under Votes,3
Saratoga,Stillwater 2,State Senate,44,DEM,Patrick F. Nelson,30
Saratoga,Stillwater 2,State Senate,44,DEM,Sarah F. Rogerson,17
Saratoga,Stillwater 2,State Senate,44,,Under Votes,3
Saratoga,Stillwater 3,Ballots Cast,,,,29
Saratoga,Stillwater 3,Comptroller,,DEM,Drew Warshaw,3
Saratoga,Stillwater 3,Comptroller,,DEM,Raj Goyle,1
Saratoga,Stillwater 3,Comptroller,,DEM,Thomas P. DiNapoli,19
Saratoga,Stillwater 3,Comptroller,,,Over Votes,1
Saratoga,Stillwater 3,Comptroller,,,Under Votes,5
Saratoga,Stillwater 3,State Senate,44,DEM,Patrick F. Nelson,21
Saratoga,Stillwater 3,State Senate,44,DEM,Sarah F. Rogerson,6
Saratoga,Stillwater 3,State Senate,44,,Over Votes,1
Saratoga,Stillwater 3,State Senate,44,,Under Votes,1
Saratoga,Stillwater 4,Ballots Cast,,,,27
Saratoga,Stillwater 4,Comptroller,,DEM,Drew Warshaw,3
Saratoga,Stillwater 4,Comptroller,,DEM,Raj Goyle,5
Saratoga,Stillwater 4,Comptroller,,DEM,Thomas P. DiNapoli,18
Saratoga,Stillwater 4,Comptroller,,,Under Votes,1
Saratoga,Stillwater 4,State Senate,44,DEM,Patrick F. Nelson,21
Saratoga,Stillwater 4,State Senate,44,DEM,Sarah F. Rogerson,6
Saratoga,Stillwater 5,Ballots Cast,,,,64
Saratoga,Stillwater 5,Comptroller,,DEM,Drew Warshaw,6
Saratoga,Stillwater 5,Comptroller,,DEM,Raj Goyle,10
Saratoga,Stillwater 5,Comptroller,,DEM,Thomas P. DiNapoli,45
Saratoga,Stillwater 5,Comptroller,,,Over Votes,1
Saratoga,Stillwater 5,Comptroller,,,Under Votes,2
Saratoga,Stillwater 5,State Senate,44,DEM,Patrick F. Nelson,33
Saratoga,Stillwater 5,State Senate,44,DEM,Sarah F. Rogerson,29
Saratoga,Stillwater 5,State Senate,44,,Over Votes,1
Saratoga,Stillwater 5,State Senate,44,,Under Votes,1
Saratoga,Stillwater 6,Ballots Cast,,,,9
Saratoga,Stillwater 6,Comptroller,,DEM,Raj Goyle,1
Saratoga,Stillwater 6,Comptroller,,DEM,Thomas P. DiNapoli,6
Saratoga,Stillwater 6,Comptroller,,,Over Votes,1
Saratoga,Stillwater 6,Comptroller,,,Under Votes,1
Saratoga,Stillwater 6,State Senate,44,DEM,Patrick F. Nelson,4
Saratoga,Stillwater 6,State Senate,44,DEM,Sarah F. Rogerson,4
Saratoga,Stillwater 6,State Senate,44,,Over Votes,1
Saratoga,Stillwater 7,Ballots Cast,,,,13
Saratoga,Stillwater 7,Comptroller,,DEM,Raj Goyle,3
Saratoga,Stillwater 7,Comptroller,,DEM,Thomas P. DiNapoli,9
Saratoga,Stillwater 7,Comptroller,,,Under Votes,1
Saratoga,Stillwater 7,State Senate,44,DEM,Patrick F. Nelson,6
Saratoga,Stillwater 7,State Senate,44,DEM,Sarah F. Rogerson,7
Saratoga,Stillwater 8,Ballots Cast,,,,29
Saratoga,Stillwater 8,Comptroller,,DEM,Drew Warshaw,4
Saratoga,Stillwater 8,Comptroller,,DEM,Raj Goyle,3
Saratoga,Stillwater 8,Comptroller,,DEM,Thomas P. DiNapoli,21
Saratoga,Stillwater 8,Comptroller,,,Over Votes,1
Saratoga,Stillwater 8,State Senate,44,DEM,Patrick F. Nelson,15
Saratoga,Stillwater 8,State Senate,44,DEM,Sarah F. Rogerson,14
Saratoga,Waterford 1,Ballots Cast,,,,21
Saratoga,Waterford 1,Comptroller,,DEM,Raj Goyle,3
Saratoga,Waterford 1,Comptroller,,DEM,Thomas P. DiNapoli,18
Saratoga,Waterford 1,State Senate,44,DEM,Patrick F. Nelson,9
Saratoga,Waterford 1,State Senate,44,DEM,Sarah F. Rogerson,12
Saratoga,Waterford 2,Ballots Cast,,,,11
Saratoga,Waterford 2,Comptroller,,DEM,Raj Goyle,1
Saratoga,Waterford 2,Comptroller,,DEM,Thomas P. DiNapoli,10
Saratoga,Waterford 2,State Senate,44,DEM,Patrick F. Nelson,5
Saratoga,Waterford 2,State Senate,44,DEM,Sarah F. Rogerson,5
Saratoga,Waterford 2,State Senate,44,,Under Votes,1
Saratoga,Waterford 3,Ballots Cast,,,,25
Saratoga,Waterford 3,Comptroller,,DEM,Drew Warshaw,6
Saratoga,Waterford 3,Comptroller,,DEM,Raj Goyle,1
Saratoga,Waterford 3,Comptroller,,DEM,Thomas P. DiNapoli,17
Saratoga,Waterford 3,Comptroller,,,Under Votes,1
Saratoga,Waterford 3,State Senate,44,DEM,Patrick F. Nelson,6
Saratoga,Waterford 3,State Senate,44,DEM,Sarah F. Rogerson,18
Saratoga,Waterford 3,State Senate,44,,Under Votes,1
Saratoga,Waterford 4,Ballots Cast,,,,19
Saratoga,Waterford 4,Comptroller,,DEM,Drew Warshaw,2
Saratoga,Waterford 4,Comptroller,,DEM,Raj Goyle,1
Saratoga,Waterford 4,Comptroller,,DEM,Thomas P. DiNapoli,16
Saratoga,Waterford 4,State Senate,44,DEM,Patrick F. Nelson,8
Saratoga,Waterford 4,State Senate,44,DEM,Sarah F. Rogerson,11
Saratoga,Waterford 5,Ballots Cast,,,,19
Saratoga,Waterford 5,Comptroller,,DEM,Drew Warshaw,5
Saratoga,Waterford 5,Comptroller,,DEM,Raj Goyle,4
Saratoga,Waterford 5,Comptroller,,DEM,Thomas P. DiNapoli,10
Saratoga,Waterford 5,State Senate,44,DEM,Patrick F. Nelson,3
Saratoga,Waterford 5,State Senate,44,DEM,Sarah F. Rogerson,12
Saratoga,Waterford 5,State Senate,44,,Under Votes,4
Saratoga,Waterford 6,Ballots Cast,,,,28
Saratoga,Waterford 6,Comptroller,,DEM,Drew Warshaw,3
Saratoga,Waterford 6,Comptroller,,DEM,Raj Goyle,1
Saratoga,Waterford 6,Comptroller,,DEM,Thomas P. DiNapoli,24
Saratoga,Waterford 6,State Senate,44,DEM,Patrick F. Nelson,10
Saratoga,Waterford 6,State Senate,44,DEM,Sarah F. Rogerson,18
Saratoga,Waterford 7,Ballots Cast,,,,18
Saratoga,Waterford 7,Comptroller,,DEM,Raj Goyle,1
Saratoga,Waterford 7,Comptroller,,DEM,Thomas P. DiNapoli,15
Saratoga,Waterford 7,Comptroller,,,Over Votes,1
Saratoga,Waterford 7,Comptroller,,,Under Votes,1
Saratoga,Waterford 7,State Senate,44,DEM,Patrick F. Nelson,4
Saratoga,Waterford 7,State Senate,44,DEM,Sarah F. Rogerson,12
Saratoga,Waterford 7,State Senate,44,,Under Votes,2
Saratoga,Waterford 8,Ballots Cast,,,,35
Saratoga,Waterford 8,Comptroller,,DEM,Drew Warshaw,7
Saratoga,Waterford 8,Comptroller,,DEM,Raj Goyle,3
Saratoga,Waterford 8,Comptroller,,DEM,Thomas P. DiNapoli,25
Saratoga,Waterford 8,State Senate,44,DEM,Patrick F. Nelson,13
Saratoga,Waterford 8,State Senate,44,DEM,Sarah F. Rogerson,22
Saratoga,Wilton 1,Ballots Cast,,,,145
Saratoga,Wilton 1,Comptroller,,DEM,Drew Warshaw,6
Saratoga,Wilton 1,Comptroller,,DEM,Raj Goyle,7
Saratoga,Wilton 1,Comptroller,,DEM,Thomas P. DiNapoli,50
Saratoga,Wilton 1,Comptroller,,,Over Votes,1
Saratoga,Wilton 1,State Senate,44,DEM,Patrick F. Nelson,33
Saratoga,Wilton 1,State Senate,44,DEM,Sarah F. Rogerson,27
Saratoga,Wilton 1,State Senate,44,,Over Votes,1
Saratoga,Wilton 1,State Senate,44,,Under Votes,3
Saratoga,Wilton 1,U.S. House,21,DEM,Blake Gendebien,44
Saratoga,Wilton 1,U.S. House,21,DEM,Stuart J. Amoriell,17
Saratoga,Wilton 1,U.S. House,21,DEM,Write-in,1
Saratoga,Wilton 1,U.S. House,21,REP,Anthony Constantino,53
Saratoga,Wilton 1,U.S. House,21,REP,Robert J. Smullen,28
Saratoga,Wilton 1,U.S. House,21,,Over Votes,1
Saratoga,Wilton 1,U.S. House,21,,Under Votes,1
Saratoga,Wilton 2,Ballots Cast,,,,37
Saratoga,Wilton 2,Comptroller,,DEM,Drew Warshaw,7
Saratoga,Wilton 2,Comptroller,,DEM,Raj Goyle,6
Saratoga,Wilton 2,Comptroller,,DEM,Thomas P. DiNapoli,22
Saratoga,Wilton 2,Comptroller,,,Under Votes,2
Saratoga,Wilton 2,State Senate,44,DEM,Patrick F. Nelson,15
Saratoga,Wilton 2,State Senate,44,DEM,Sarah F. Rogerson,21
Saratoga,Wilton 2,State Senate,44,,Under Votes,1
Saratoga,Wilton 3,Ballots Cast,,,,68
Saratoga,Wilton 3,Comptroller,,DEM,Drew Warshaw,8
Saratoga,Wilton 3,Comptroller,,DEM,Raj Goyle,5
Saratoga,Wilton 3,Comptroller,,DEM,Thomas P. DiNapoli,52
Saratoga,Wilton 3,Comptroller,,,Over Votes,1
Saratoga,Wilton 3,Comptroller,,,Under Votes,2
Saratoga,Wilton 3,State Senate,44,DEM,Patrick F. Nelson,34
Saratoga,Wilton 3,State Senate,44,DEM,Sarah F. Rogerson,31
Saratoga,Wilton 3,State Senate,44,,Under Votes,3
Saratoga,Wilton 4,Ballots Cast,,,,84
Saratoga,Wilton 4,Comptroller,,DEM,Drew Warshaw,16
Saratoga,Wilton 4,Comptroller,,DEM,Raj Goyle,10
Saratoga,Wilton 4,Comptroller,,DEM,Thomas P. DiNapoli,56
Saratoga,Wilton 4,Comptroller,,,Under Votes,2
Saratoga,Wilton 4,State Senate,44,DEM,Patrick F. Nelson,24
Saratoga,Wilton 4,State Senate,44,DEM,Sarah F. Rogerson,59
Saratoga,Wilton 4,State Senate,44,,Under Votes,1
Saratoga,Wilton 5,Ballots Cast,,,,34
Saratoga,Wilton 5,Comptroller,,DEM,Drew Warshaw,4
Saratoga,Wilton 5,Comptroller,,DEM,Raj Goyle,3
Saratoga,Wilton 5,Comptroller,,DEM,Thomas P. DiNapoli,25
Saratoga,Wilton 5,Comptroller,,,Under Votes,2
Saratoga,Wilton 5,State Senate,44,DEM,Patrick F. Nelson,12
Saratoga,Wilton 5,State Senate,44,DEM,Sarah F. Rogerson,22
Saratoga,Wilton 6,Ballots Cast,,,,83
Saratoga,Wilton 6,Comptroller,,DEM,Drew Warshaw,4
Saratoga,Wilton 6,Comptroller,,DEM,Raj Goyle,6
Saratoga,Wilton 6,Comptroller,,DEM,Thomas P. DiNapoli,18
Saratoga,Wilton 6,Comptroller,,,Under Votes,2
Saratoga,Wilton 6,State Senate,44,DEM,Patrick F. Nelson,6
Saratoga,Wilton 6,State Senate,44,DEM,Sarah F. Rogerson,21
Saratoga,Wilton 6,State Senate,44,,Under Votes,3
Saratoga,Wilton 6,U.S. House,21,DEM,Blake Gendebien,21
Saratoga,Wilton 6,U.S. House,21,DEM,Stuart J. Amoriell,6
Saratoga,Wilton 6,U.S. House,21,REP,Anthony Constantino,36
Saratoga,Wilton 6,U.S. House,21,REP,Robert J. Smullen,17
Saratoga,Wilton 6,U.S. House,21,,Under Votes,3
Saratoga,Wilton 7,Ballots Cast,,,,69
Saratoga,Wilton 7,Comptroller,,DEM,Drew Warshaw,4
Saratoga,Wilton 7,Comptroller,,DEM,Raj Goyle,7
Saratoga,Wilton 7,Comptroller,,DEM,Thomas P. DiNapoli,32
Saratoga,Wilton 7,Comptroller,,,Under Votes,2
Saratoga,Wilton 7,State Senate,44,DEM,Patrick F. Nelson,14
Saratoga,Wilton 7,State Senate,44,DEM,Sarah F. Rogerson,29
Saratoga,Wilton 7,State Senate,44,,Under Votes,2
Saratoga,Wilton 7,U.S. House,21,DEM,Blake Gendebien,24
Saratoga,Wilton 7,U.S. House,21,DEM,Stuart J. Amoriell,21
Saratoga,Wilton 7,U.S. House,21,REP,Anthony Constantino,14
Saratoga,Wilton 7,U.S. House,21,REP,Robert J. Smullen,10
Saratoga,Wilton 8,Ballots Cast,,,,41
Saratoga,Wilton 8,Comptroller,,DEM,Drew Warshaw,5
Saratoga,Wilton 8,Comptroller,,DEM,Raj Goyle,3
Saratoga,Wilton 8,Comptroller,,DEM,Thomas P. DiNapoli,27
Saratoga,Wilton 8,Comptroller,,,Over Votes,3
Saratoga,Wilton 8,Comptroller,,,Under Votes,3
Saratoga,Wilton 8,State Senate,44,DEM,Patrick F. Nelson,19
Saratoga,Wilton 8,State Senate,44,DEM,Sarah F. Rogerson,20
Saratoga,Wilton 8,State Senate,44,,Over Votes,1
Saratoga,Wilton 8,State Senate,44,,Under Votes,1
Saratoga,Wilton 9,Ballots Cast,,,,170
Saratoga,Wilton 9,Comptroller,,DEM,Drew Warshaw,13
Saratoga,Wilton 9,Comptroller,,DEM,Raj Goyle,11
Saratoga,Wilton 9,Comptroller,,DEM,Thomas P. DiNapoli,58
Saratoga,Wilton 9,Comptroller,,,Over Votes,1
Saratoga,Wilton 9,Comptroller,,,Under Votes,2
Saratoga,Wilton 9,State Senate,44,DEM,Patrick F. Nelson,33
Saratoga,Wilton 9,State Senate,44,DEM,Sarah F. Rogerson,48
Saratoga,Wilton 9,State Senate,44,,Under Votes,4
Saratoga,Wilton 9,U.S. House,21,DEM,Blake Gendebien,49
Saratoga,Wilton 9,U.S. House,21,DEM,Stuart J. Amoriell,32
Saratoga,Wilton 9,U.S. House,21,REP,Anthony Constantino,56
Saratoga,Wilton 9,U.S. House,21,REP,Robert J. Smullen,28
Saratoga,Wilton 9,U.S. House,21,,Over Votes,1
Saratoga,Wilton 9,U.S. House,21,,Under Votes,4
Saratoga,Wilton 10,Ballots Cast,,,,54
Saratoga,Wilton 10,Comptroller,,DEM,Drew Warshaw,7
Saratoga,Wilton 10,Comptroller,,DEM,Raj Goyle,3
Saratoga,Wilton 10,Comptroller,,DEM,Thomas P. DiNapoli,41
Saratoga,Wilton 10,Comptroller,,,Over Votes,1
Saratoga,Wilton 10,Comptroller,,,Under Votes,2
Saratoga,Wilton 10,State Senate,44,DEM,Patrick F. Nelson,21
Saratoga,Wilton 10,State Senate,44,DEM,Sarah F. Rogerson,33
Saratoga,Wilton 11,Ballots Cast,,,,57
Saratoga,Wilton 11,Comptroller,,DEM,Drew Warshaw,3
Saratoga,Wilton 11,Comptroller,,DEM,Raj Goyle,6
Saratoga,Wilton 11,Comptroller,,DEM,Thomas P. DiNapoli,46
Saratoga,Wilton 11,Comptroller,,,Under Votes,2
Saratoga,Wilton 11,State Senate,44,DEM,Patrick F. Nelson,21
Saratoga,Wilton 11,State Senate,44,DEM,Sarah F. Rogerson,36
Saratoga,Wilton 12,Ballots Cast,,,,82
Saratoga,Wilton 12,Comptroller,,DEM,Drew Warshaw,5
Saratoga,Wilton 12,Comptroller,,DEM,Raj Goyle,5
Saratoga,Wilton 12,Comptroller,,DEM,Thomas P. DiNapoli,39
Saratoga,Wilton 12,Comptroller,,,Under Votes,1
Saratoga,Wilton 12,State Senate,44,DEM,Patrick F. Nelson,18
Saratoga,Wilton 12,State Senate,44,DEM,Sarah F. Rogerson,28
Saratoga,Wilton 12,State Senate,44,,Under Votes,4
Saratoga,Wilton 12,U.S. House,21,DEM,Blake Gendebien,28
Saratoga,Wilton 12,U.S. House,21,DEM,Stuart J. Amoriell,21
Saratoga,Wilton 12,U.S. House,21,REP,Anthony Constantino,16
Saratoga,Wilton 12,U.S. House,21,REP,Robert J. Smullen,16
Saratoga,Wilton 12,U.S. House,21,,Under Votes,1
Saratoga,Wilton 13,Ballots Cast,,,,66
Saratoga,Wilton 13,Comptroller,,DEM,Drew Warshaw,8
Saratoga,Wilton 13,Comptroller,,DEM,Raj Goyle,8
Saratoga,Wilton 13,Comptroller,,DEM,Thomas P. DiNapoli,46
Saratoga,Wilton 13,Comptroller,,,Under Votes,4
Saratoga,Wilton 13,State Senate,44,DEM,Patrick F. Nelson,15
Saratoga,Wilton 13,State Senate,44,DEM,Sarah F. Rogerson,47
Saratoga,Wilton 13,State Senate,44,,Under Votes,4
Saratoga,Wilton 14,Ballots Cast,,,,43
Saratoga,Wilton 14,Comptroller,,DEM,Drew Warshaw,9
Saratoga,Wilton 14,Comptroller,,DEM,Raj Goyle,6
Saratoga,Wilton 14,Comptroller,,DEM,Thomas P. DiNapoli,25
Saratoga,Wilton 14,Comptroller,,,Under Votes,3
Saratoga,Wilton 14,State Senate,44,DEM,Patrick F. Nelson,23
Saratoga,Wilton 14,State Senate,44,DEM,Sarah F. Rogerson,20
Saratoga,Wilton 15,Ballots Cast,,,,49
Saratoga,Wilton 15,Comptroller,,DEM,Drew Warshaw,4
Saratoga,Wilton 15,Comptroller,,DEM,Raj Goyle,8
Saratoga,Wilton 15,Comptroller,,DEM,Thomas P. DiNapoli,18
Saratoga,Wilton 15,Comptroller,,,Under Votes,1
Saratoga,Wilton 15,State Senate,44,DEM,Patrick F. Nelson,6
Saratoga,Wilton 15,State Senate,44,DEM,Sarah F. Rogerson,23
Saratoga,Wilton 15,State Senate,44,,Under Votes,2
Saratoga,Wilton 15,U.S. House,21,DEM,Blake Gendebien,10
Saratoga,Wilton 15,U.S. House,21,DEM,Stuart J. Amoriell,16
Saratoga,Wilton 15,U.S. House,21,REP,Anthony Constantino,12
Saratoga,Wilton 15,U.S. House,21,REP,Robert J. Smullen,6
Saratoga,Wilton 15,U.S. House,21,,Under Votes,5
Saratoga,Wilton 16,Ballots Cast,,,,2
Saratoga,Wilton 16,Comptroller,,DEM,Thomas P. DiNapoli,1
Saratoga,Wilton 16,Comptroller,,,Under Votes,1
Saratoga,Wilton 16,State Senate,44,DEM,Sarah F. Rogerson,2
Saratoga,Wilton 17,Ballots Cast,,,,5
Saratoga,Wilton 17,Comptroller,,DEM,Raj Goyle,1
Saratoga,Wilton 17,Comptroller,,DEM,Thomas P. DiNapoli,4
Saratoga,Wilton 17,State Senate,44,DEM,Sarah F. Rogerson,5
Saratoga,Wilton 18,Ballots Cast,,,,10
Saratoga,Wilton 18,Comptroller,,DEM,Thomas P. DiNapoli,9
Saratoga,Wilton 18,Comptroller,,,Under Votes,1
Saratoga,Wilton 18,State Senate,44,DEM,Patrick F. Nelson,2
Saratoga,Wilton 18,State Senate,44,DEM,Sarah F. Rogerson,8
Saratoga,Wilton 19,Ballots Cast,,,,47
Saratoga,Wilton 19,Comptroller,,DEM,Drew Warshaw,3
Saratoga,Wilton 19,Comptroller,,DEM,Raj Goyle,2
Saratoga,Wilton 19,Comptroller,,DEM,Thomas P. DiNapoli,20
Saratoga,Wilton 19,Comptroller,,,Under Votes,1
Saratoga,Wilton 19,State Senate,44,DEM,Patrick F. Nelson,6
Saratoga,Wilton 19,State Senate,44,DEM,Sarah F. Rogerson,20
Saratoga,Wilton 19,U.S. House,21,DEM,Blake Gendebien,20
Saratoga,Wilton 19,U.S. House,21,DEM,Stuart J. Amoriell,6
Saratoga,Wilton 19,U.S. House,21,REP,Anthony Constantino,13
Saratoga,Wilton 19,U.S. House,21,REP,Robert J. Smullen,6
Saratoga,Wilton 19,U.S. House,21,REP,Write-in,2
Saratoga,Wilton 20,Ballots Cast,,,,14
Saratoga,Wilton 20,Comptroller,,DEM,Drew Warshaw,1
Saratoga,Wilton 20,Comptroller,,DEM,Thomas P. DiNapoli,7
Saratoga,Wilton 20,State Senate,44,DEM,Patrick F. Nelson,3
Saratoga,Wilton 20,State Senate,44,DEM,Sarah F. Rogerson,5
Saratoga,Wilton 20,U.S. House,21,DEM,Blake Gendebien,7
Saratoga,Wilton 20,U.S. House,21,DEM,Stuart J. Amoriell,1
Saratoga,Wilton 20,U.S. House,21,REP,Anthony Constantino,4
Saratoga,Wilton 20,U.S. House,21,REP,Robert J. Smullen,2
Saratoga,Wilton 21,Ballots Cast,,,,4
Saratoga,Wilton 21,Comptroller,,DEM,Drew Warshaw,1
Saratoga,Wilton 21,Comptroller,,DEM,Raj Goyle,1
Saratoga,Wilton 21,Comptroller,,DEM,Thomas P. DiNapoli,1
Saratoga,Wilton 21,State Senate,44,DEM,Patrick F. Nelson,1
Saratoga,Wilton 21,State Senate,44,DEM,Sarah F. Rogerson,2
Saratoga,Wilton 21,U.S. House,21,DEM,Blake Gendebien,2
Saratoga,Wilton 21,U.S. House,21,DEM,Stuart J. Amoriell,1
Saratoga,Wilton 21,U.S. House,21,REP,Write-in,1
Saratoga,Wilton 22,Ballots Cast,,,,5
Saratoga,Wilton 22,Comptroller,,DEM,Drew Warshaw,2
Saratoga,Wilton 22,Comptroller,,DEM,Raj Goyle,2
Saratoga,Wilton 22,Comptroller,,DEM,Thomas P. DiNapoli,1
Saratoga,Wilton 22,State Senate,44,DEM,Patrick F. Nelson,2
Saratoga,Wilton 22,State Senate,44,DEM,Sarah F. Rogerson,2
Saratoga,Wilton 22,State Senate,44,,Under Votes,1
Saratoga,Wilton 22,U.S. House,21,DEM,Stuart J. Amoriell,5
Saratoga,Wilton 23,Ballots Cast,,,,13
Saratoga,Wilton 23,Comptroller,,DEM,Raj Goyle,2
Saratoga,Wilton 23,Comptroller,,DEM,Thomas P. DiNapoli,2
Saratoga,Wilton 23,State Senate,44,DEM,Sarah F. Rogerson,4
Saratoga,Wilton 23,U.S. House,21,DEM,Blake Gendebien,1
Saratoga,Wilton 23,U.S. House,21,DEM,Stuart J. Amoriell,3
Saratoga,Wilton 23,U.S. House,21,REP,Anthony Constantino,8
Saratoga,Wilton 23,U.S. House,21,REP,Robert J. Smullen,1
